ISO-10303-21;
HEADER;
FILE_DESCRIPTION (( 'STEP AP214' ),
    '1' );
FILE_NAME ('A1394B-3SYG-S530-E2~fXTU.STEP',
    '2026-07-25T17:16:33',
    ( '' ),
    ( '' ),
    'SwSTEP 2.0',
    'SolidWorks 2025',
    '' );
FILE_SCHEMA (( 'AUTOMOTIVE_DESIGN' ));
ENDSEC;

DATA;
#1 = EDGE_CURVE ( 'NONE', #504, #2154, #1566, .T. ) ;
#2 = ORIENTED_EDGE ( 'NONE', *, *, #1463, .F. ) ;
#3 = PLANE ( 'NONE',  #2380 ) ;
#4 = ORIENTED_EDGE ( 'NONE', *, *, #1720, .T. ) ;
#5 = EDGE_LOOP ( 'NONE', ( #206, #2373, #515, #1834, #2600, #2417, #702, #420 ) ) ;
#6 = CARTESIAN_POINT ( 'NONE',  ( 0.000000000000000000, -4.699999999999000089, 7.580000000000000071 ) ) ;
#7 = DIRECTION ( 'NONE',  ( 0.000000000000000000, 0.000000000000000000, 1.000000000000000000 ) ) ;
#8 = CARTESIAN_POINT ( 'NONE',  ( -0.9200000000000000400, 6.899999999998999378, 0.2999999999989999555 ) ) ;
#9 = DIRECTION ( 'NONE',  ( 0.000000000000000000, -1.000000000000000000, 0.000000000000000000 ) ) ;
#10 = FACE_OUTER_BOUND ( 'NONE', #1955, .T. ) ;
#11 = ORIENTED_EDGE ( 'NONE', *, *, #875, .T. ) ;
#12 = CARTESIAN_POINT ( 'NONE',  ( 1.775737858763000013E-16, -13.80121933088100228, 1.050000000000000044 ) ) ;
#13 = EDGE_CURVE ( 'NONE', #1143, #282, #2063, .T. ) ;
#14 = CARTESIAN_POINT ( 'NONE',  ( -1.020000000000000018, 0.2499999999990000499, -3.500000000000000000 ) ) ;
#15 = ORIENTED_EDGE ( 'NONE', *, *, #552, .T. ) ;
#16 = LINE ( 'NONE', #2707, #1748 ) ;
#17 = ADVANCED_FACE ( 'NONE', ( #233 ), #2696, .T. ) ;
#18 = ORIENTED_EDGE ( 'NONE', *, *, #273, .T. ) ;
#19 = DIRECTION ( 'NONE',  ( -1.000000000000000000, 0.000000000000000000, 0.000000000000000000 ) ) ;
#20 = VECTOR ( 'NONE', #829, 1000.000000000000000 ) ;
#21 = VERTEX_POINT ( 'NONE', #1063 ) ;
#22 = CIRCLE ( 'NONE', #2431, 1.449999999999000755 ) ;
#23 = SPHERICAL_SURFACE ( 'NONE', #1263, 1.449999999998999867 ) ;
#24 = VECTOR ( 'NONE', #257, 1000.000000000000000 ) ;
#25 = ORIENTED_EDGE ( 'NONE', *, *, #2528, .T. ) ;
#26 = DIRECTION ( 'NONE',  ( -1.000000000000000000, 0.000000000000000000, 0.000000000000000000 ) ) ;
#27 = EDGE_CURVE ( 'NONE', #251, #2246, #2505, .T. ) ;
#28 = EDGE_LOOP ( 'NONE', ( #2637, #2023, #2673, #382 ) ) ;
#29 = VECTOR ( 'NONE', #1376, 1000.000000000000000 ) ;
#30 = DIRECTION ( 'NONE',  ( 0.000000000000000000, 1.000000000000000000, 0.000000000000000000 ) ) ;
#31 = VECTOR ( 'NONE', #1643, 1000.000000000000000 ) ;
#32 = EDGE_CURVE ( 'NONE', #2289, #268, #639, .T. ) ;
#33 = VERTEX_POINT ( 'NONE', #8 ) ;
#34 = VECTOR ( 'NONE', #901, 1000.000000000000000 ) ;
#35 = DIRECTION ( 'NONE',  ( 0.000000000000000000, -1.000000000000000000, 0.000000000000000000 ) ) ;
#36 = EDGE_CURVE ( 'NONE', #2037, #868, #1783, .T. ) ;
#37 = LINE ( 'NONE', #915, #215 ) ;
#38 = AXIS2_PLACEMENT_3D ( 'NONE', #1750, #710, #1966 ) ;
#39 = CARTESIAN_POINT ( 'NONE',  ( 1.020000000000000018, -0.6999999999999999556, 13.53000000000000114 ) ) ;
#40 = FACE_OUTER_BOUND ( 'NONE', #2060, .T. ) ;
#41 = ORIENTED_EDGE ( 'NONE', *, *, #1351, .F. ) ;
#42 = ORIENTED_EDGE ( 'NONE', *, *, #36, .T. ) ;
#43 = DIRECTION ( 'NONE',  ( 0.000000000000000000, 0.000000000000000000, -1.000000000000000000 ) ) ;
#44 = CIRCLE ( 'NONE', #267, 1.449999999998999867 ) ;
#45 = DIRECTION ( 'NONE',  ( 0.000000000000000000, 0.000000000000000000, 1.000000000000000000 ) ) ;
#46 = VERTEX_POINT ( 'NONE', #222 ) ;
#47 = LINE ( 'NONE', #447, #1435 ) ;
#48 = FACE_OUTER_BOUND ( 'NONE', #753, .T. ) ;
#49 = DIRECTION ( 'NONE',  ( -1.000000000000000000, 0.000000000000000000, 0.000000000000000000 ) ) ;
#50 = ORIENTED_EDGE ( 'NONE', *, *, #2656, .F. ) ;
#51 = EDGE_CURVE ( 'NONE', #1094, #706, #2078, .T. ) ;
#52 = LINE ( 'NONE', #418, #1594 ) ;
#53 = LINE ( 'NONE', #1749, #172 ) ;
#54 = EDGE_CURVE ( 'NONE', #2170, #744, #1042, .T. ) ;
#55 = CARTESIAN_POINT ( 'NONE',  ( -1.520000000000000018, -0.6999999999999999556, 3.249999999998999911 ) ) ;
#56 = ORIENTED_EDGE ( 'NONE', *, *, #1705, .T. ) ;
#57 = ORIENTED_EDGE ( 'NONE', *, *, #1463, .T. ) ;
#58 = LINE ( 'NONE', #2575, #200 ) ;
#59 = ORIENTED_EDGE ( 'NONE', *, *, #413, .T. ) ;
#60 = DIRECTION ( 'NONE',  ( 0.000000000000000000, -1.000000000000000000, 0.000000000000000000 ) ) ;
#61 = VERTEX_POINT ( 'NONE', #182 ) ;
#62 = CARTESIAN_POINT ( 'NONE',  ( -1.020000000000000018, 2.290000000000000036, -3.500000000000000000 ) ) ;
#63 = ADVANCED_FACE ( 'NONE', ( #1668, #1466 ), #2300, .T. ) ;
#64 = LINE ( 'NONE', #2351, #34 ) ;
#65 = VECTOR ( 'NONE', #456, 1000.000000000000000 ) ;
#66 = CARTESIAN_POINT ( 'NONE',  ( -0.9200000000000000400, 14.49999999999899991, 0.000000000000000000 ) ) ;
#67 = EDGE_CURVE ( 'NONE', #2523, #538, #2095, .T. ) ;
#68 = ORIENTED_EDGE ( 'NONE', *, *, #2001, .F. ) ;
#69 = FACE_OUTER_BOUND ( 'NONE', #992, .T. ) ;
#70 = CIRCLE ( 'NONE', #2079, 1.449999999999999956 ) ;
#71 = VECTOR ( 'NONE', #1855, 1000.000000000000000 ) ;
#72 = LINE ( 'NONE', #959, #2647 ) ;
#73 = ADVANCED_FACE ( 'NONE', ( #1928 ), #1501, .T. ) ;
#74 = ORIENTED_EDGE ( 'NONE', *, *, #896, .T. ) ;
#75 = DIRECTION ( 'NONE',  ( 0.000000000000000000, 0.000000000000000000, 1.000000000000000000 ) ) ;
#76 = ORIENTED_EDGE ( 'NONE', *, *, #1810, .T. ) ;
#77 = CARTESIAN_POINT ( 'NONE',  ( 1.020000000000000018, 3.079999999999999627, 13.02999999999999936 ) ) ;
#78 = VECTOR ( 'NONE', #1510, 1000.000000000000000 ) ;
#79 = DIRECTION ( 'NONE',  ( 0.000000000000000000, 0.000000000000000000, 1.000000000000000000 ) ) ;
#80 = DIRECTION ( 'NONE',  ( 0.000000000000000000, 0.000000000000000000, -1.000000000000000000 ) ) ;
#81 = AXIS2_PLACEMENT_3D ( 'NONE', #1777, #325, #523 ) ;
#82 = ORIENTED_EDGE ( 'NONE', *, *, #2149, .T. ) ;
#83 = DIRECTION ( 'NONE',  ( -1.000000000000000000, 0.000000000000000000, 0.000000000000000000 ) ) ;
#84 = ADVANCED_FACE ( 'NONE', ( #1965 ), #491, .F. ) ;
#85 = ORIENTED_EDGE ( 'NONE', *, *, #2007, .F. ) ;
#86 = AXIS2_PLACEMENT_3D ( 'NONE', #1230, #1803, #2461 ) ;
#87 = CARTESIAN_POINT ( 'NONE',  ( 1.520000000000000018, 0.2499999999990000499, 2.499999999998999911 ) ) ;
#88 = EDGE_CURVE ( 'NONE', #1094, #1050, #2374, .T. ) ;
#89 = DIRECTION ( 'NONE',  ( -1.000000000000000000, 0.000000000000000000, 0.000000000000000000 ) ) ;
#90 = DIRECTION ( 'NONE',  ( -1.495451272392999835E-16, 1.000000000000000000, 0.000000000000000000 ) ) ;
#91 = ORIENTED_EDGE ( 'NONE', *, *, #928, .T. ) ;
#92 = CARTESIAN_POINT ( 'NONE',  ( 0.000000000000000000, -5.749999999998999911, 12.69999999999900098 ) ) ;
#93 = CARTESIAN_POINT ( 'NONE',  ( 1.020000000000000018, 0.2499999999990000499, 2.499999999998999911 ) ) ;
#94 = PLANE ( 'NONE',  #1913 ) ;
#95 = LINE ( 'NONE', #55, #2354 ) ;
#96 = ORIENTED_EDGE ( 'NONE', *, *, #54, .F. ) ;
#97 = DIRECTION ( 'NONE',  ( 0.000000000000000000, -1.000000000000000000, 0.000000000000000000 ) ) ;
#98 = ORIENTED_EDGE ( 'NONE', *, *, #811, .F. ) ;
#99 = DIRECTION ( 'NONE',  ( 1.000000000000000000, 0.000000000000000000, 0.000000000000000000 ) ) ;
#100 = ADVANCED_FACE ( 'NONE', ( #1076 ), #1099, .T. ) ;
#101 = CARTESIAN_POINT ( 'NONE',  ( 1.520000000000000018, -0.2500000000000000000, 2.499999999998999911 ) ) ;
#102 = CYLINDRICAL_SURFACE ( 'NONE', #1775, 1.500000000000000000 ) ;
#103 = LINE ( 'NONE', #296, #1036 ) ;
#104 = CARTESIAN_POINT ( 'NONE',  ( 0.000000000000000000, -4.200000000000000178, 7.599999999998999556 ) ) ;
#105 = ORIENTED_EDGE ( 'NONE', *, *, #2493, .T. ) ;
#106 = CARTESIAN_POINT ( 'NONE',  ( 1.020000000000000018, 3.079999999999999627, 11.27999999999999936 ) ) ;
#107 = EDGE_CURVE ( 'NONE', #254, #414, #656, .T. ) ;
#108 = DIRECTION ( 'NONE',  ( -1.000000000000000000, -1.495451272392999835E-16, 0.000000000000000000 ) ) ;
#109 = VERTEX_POINT ( 'NONE', #2161 ) ;
#110 = PLANE ( 'NONE',  #1602 ) ;
#111 = DIRECTION ( 'NONE',  ( 0.000000000000000000, -1.000000000000000000, 0.000000000000000000 ) ) ;
#112 = EDGE_LOOP ( 'NONE', ( #166, #1766, #1548, #194 ) ) ;
#113 = DIRECTION ( 'NONE',  ( 1.000000000000000000, 0.000000000000000000, 0.000000000000000000 ) ) ;
#114 = AXIS2_PLACEMENT_3D ( 'NONE', #1086, #1676, #7 ) ;
#115 = ORIENTED_EDGE ( 'NONE', *, *, #225, .T. ) ;
#116 = LINE ( 'NONE', #2579, #2704 ) ;
#117 = VECTOR ( 'NONE', #2660, 1000.000000000000000 ) ;
#118 = DIRECTION ( 'NONE',  ( -1.000000000000000000, 0.000000000000000000, 0.000000000000000000 ) ) ;
#119 = ORIENTED_EDGE ( 'NONE', *, *, #107, .T. ) ;
#120 = CIRCLE ( 'NONE', #2607, 0.2499999999999997780 ) ;
#121 = EDGE_CURVE ( 'NONE', #1178, #589, #468, .T. ) ;
#122 = ORIENTED_EDGE ( 'NONE', *, *, #291, .T. ) ;
#123 = CARTESIAN_POINT ( 'NONE',  ( -1.020000000000000018, 4.830000000000000071, 11.27999999999999936 ) ) ;
#124 = EDGE_CURVE ( 'NONE', #1081, #2275, #37, .T. ) ;
#125 = LINE ( 'NONE', #1791, #1569 ) ;
#126 = ORIENTED_EDGE ( 'NONE', *, *, #1489, .T. ) ;
#127 = VECTOR ( 'NONE', #2052, 1000.000000000000000 ) ;
#128 = CARTESIAN_POINT ( 'NONE',  ( 1.520000000000000018, 0.5400000000000000355, 7.950000000000000178 ) ) ;
#129 = VECTOR ( 'NONE', #955, 1000.000000000000000 ) ;
#130 = VERTEX_POINT ( 'NONE', #2364 ) ;
#131 = CARTESIAN_POINT ( 'NONE',  ( -1.619999999999999885, -0.6999999999999999556, 0.000000000000000000 ) ) ;
#132 = DIRECTION ( 'NONE',  ( 0.000000000000000000, 0.000000000000000000, -1.000000000000000000 ) ) ;
#133 = AXIS2_PLACEMENT_3D ( 'NONE', #1060, #388, #2320 ) ;
#134 = ORIENTED_EDGE ( 'NONE', *, *, #2182, .T. ) ;
#135 = AXIS2_PLACEMENT_3D ( 'NONE', #853, #641, #1479 ) ;
#136 = ORIENTED_EDGE ( 'NONE', *, *, #2295, .F. ) ;
#137 = DIRECTION ( 'NONE',  ( 0.000000000000000000, 0.000000000000000000, -1.000000000000000000 ) ) ;
#138 = EDGE_CURVE ( 'NONE', #2434, #1967, #53, .T. ) ;
#139 = CARTESIAN_POINT ( 'NONE',  ( -2.200000000000000178, 6.899999999998999378, 15.29999999999999893 ) ) ;
#140 = ORIENTED_EDGE ( 'NONE', *, *, #1438, .T. ) ;
#141 = ADVANCED_FACE ( 'NONE', ( #1721 ), #287, .T. ) ;
#142 = ORIENTED_EDGE ( 'NONE', *, *, #1772, .T. ) ;
#143 = CARTESIAN_POINT ( 'NONE',  ( 0.000000000000000000, -5.749999999998999911, 12.69999999999900098 ) ) ;
#144 = CARTESIAN_POINT ( 'NONE',  ( 1.020000000000000018, -0.6999999999999999556, 2.750000000000000000 ) ) ;
#145 = ORIENTED_EDGE ( 'NONE', *, *, #741, .T. ) ;
#146 = CARTESIAN_POINT ( 'NONE',  ( 1.020000000000000018, 2.290000000000000036, 6.200000000000000178 ) ) ;
#147 = DIRECTION ( 'NONE',  ( 0.000000000000000000, -1.000000000000000000, 0.000000000000000000 ) ) ;
#148 = EDGE_LOOP ( 'NONE', ( #1160, #1185, #1249, #2488 ) ) ;
#149 = DIRECTION ( 'NONE',  ( 0.000000000000000000, 0.000000000000000000, -1.000000000000000000 ) ) ;
#150 = CARTESIAN_POINT ( 'NONE',  ( 1.836970198721000105E-16, -4.200000000000000178, 14.16000000000000014 ) ) ;
#151 = DIRECTION ( 'NONE',  ( 0.000000000000000000, 1.000000000000000000, 0.000000000000000000 ) ) ;
#152 = EDGE_CURVE ( 'NONE', #230, #1081, #870, .T. ) ;
#153 = ORIENTED_EDGE ( 'NONE', *, *, #1523, .T. ) ;
#154 = EDGE_CURVE ( 'NONE', #2632, #1065, #64, .T. ) ;
#155 = EDGE_LOOP ( 'NONE', ( #390, #2683, #359, #2366 ) ) ;
#156 = CARTESIAN_POINT ( 'NONE',  ( -1.020000000000000018, -0.5000000000000000000, 2.499999999998999911 ) ) ;
#157 = ADVANCED_FACE ( 'NONE', ( #2585 ), #94, .F. ) ;
#158 = CARTESIAN_POINT ( 'NONE',  ( -1.020000000000000018, -0.6999999999999999556, 2.750000000000000000 ) ) ;
#159 = AXIS2_PLACEMENT_3D ( 'NONE', #1281, #35, #245 ) ;
#160 = DIRECTION ( 'NONE',  ( 1.000000000000000000, 0.000000000000000000, 0.000000000000000000 ) ) ;
#161 = ORIENTED_EDGE ( 'NONE', *, *, #1070, .F. ) ;
#162 = AXIS2_PLACEMENT_3D ( 'NONE', #1801, #2191, #738 ) ;
#163 = EDGE_LOOP ( 'NONE', ( #424, #2631, #819, #1033, #1440, #1821, #2316, #1723 ) ) ;
#164 = CARTESIAN_POINT ( 'NONE',  ( 0.000000000000000000, -5.749999999998999911, 2.500000000000000000 ) ) ;
#165 = DIRECTION ( 'NONE',  ( 0.000000000000000000, -2.235468396876999697E-17, -1.000000000000000000 ) ) ;
#166 = ORIENTED_EDGE ( 'NONE', *, *, #1120, .T. ) ;
#167 = EDGE_LOOP ( 'NONE', ( #1591, #275, #2074, #2410, #1908, #521, #1770, #15 ) ) ;
#168 = VECTOR ( 'NONE', #2397, 1000.000000000000000 ) ;
#169 = CARTESIAN_POINT ( 'NONE',  ( -2.200000000000000178, -4.699999999999000089, 0.000000000000000000 ) ) ;
#170 = EDGE_CURVE ( 'NONE', #1967, #844, #480, .T. ) ;
#171 = LINE ( 'NONE', #1001, #2694 ) ;
#172 = VECTOR ( 'NONE', #880, 1000.000000000000000 ) ;
#173 = CYLINDRICAL_SURFACE ( 'NONE', #1660, 2.250000000000000444 ) ;
#174 = CARTESIAN_POINT ( 'NONE',  ( 1.520000000000000018, -0.5000000000000000000, 2.499999999998999911 ) ) ;
#175 = EDGE_LOOP ( 'NONE', ( #2083, #1191, #2070, #1942 ) ) ;
#176 = AXIS2_PLACEMENT_3D ( 'NONE', #2337, #2353, #892 ) ;
#177 = EDGE_CURVE ( 'NONE', #2510, #2224, #1952, .T. ) ;
#178 = ORIENTED_EDGE ( 'NONE', *, *, #1218, .F. ) ;
#179 = DIRECTION ( 'NONE',  ( 0.000000000000000000, 0.000000000000000000, -1.000000000000000000 ) ) ;
#180 = CIRCLE ( 'NONE', #86, 1.749999999998999689 ) ;
#181 = CARTESIAN_POINT ( 'NONE',  ( -1.020000000000000018, 3.079999999999999627, 11.27999999999999936 ) ) ;
#182 = CARTESIAN_POINT ( 'NONE',  ( -1.020000000000000018, 2.790000000000000036, 6.200000000000000178 ) ) ;
#183 = LINE ( 'NONE', #1259, #1427 ) ;
#184 = ORIENTED_EDGE ( 'NONE', *, *, #1006, .T. ) ;
#185 = LINE ( 'NONE', #761, #412 ) ;
#186 = DIRECTION ( 'NONE',  ( 0.000000000000000000, 1.000000000000000000, 0.000000000000000000 ) ) ;
#187 = ADVANCED_FACE ( 'NONE', ( #1543 ), #1332, .T. ) ;
#188 = VERTEX_POINT ( 'NONE', #669 ) ;
#189 = PLANE ( 'NONE',  #2188 ) ;
#190 = EDGE_CURVE ( 'NONE', #2035, #2201, #2277, .T. ) ;
#191 = ORIENTED_EDGE ( 'NONE', *, *, #1692, .F. ) ;
#192 = FACE_OUTER_BOUND ( 'NONE', #985, .T. ) ;
#193 = EDGE_CURVE ( 'NONE', #337, #1007, #1555, .T. ) ;
#194 = ORIENTED_EDGE ( 'NONE', *, *, #2263, .T. ) ;
#195 = VERTEX_POINT ( 'NONE', #1774 ) ;
#196 = LINE ( 'NONE', #1864, #20 ) ;
#197 = LINE ( 'NONE', #2115, #1074 ) ;
#198 = ORIENTED_EDGE ( 'NONE', *, *, #1242, .T. ) ;
#199 = DIRECTION ( 'NONE',  ( 0.000000000000000000, 1.000000000000000000, 0.000000000000000000 ) ) ;
#200 = VECTOR ( 'NONE', #2393, 1000.000000000000000 ) ;
#201 = ORIENTED_EDGE ( 'NONE', *, *, #1529, .F. ) ;
#202 = AXIS2_PLACEMENT_3D ( 'NONE', #174, #211, #575 ) ;
#203 = VECTOR ( 'NONE', #846, 1000.000000000000000 ) ;
#204 = PLANE ( 'NONE',  #1731 ) ;
#205 = DIRECTION ( 'NONE',  ( 0.000000000000000000, 0.000000000000000000, -1.000000000000000000 ) ) ;
#206 = ORIENTED_EDGE ( 'NONE', *, *, #2498, .F. ) ;
#207 = EDGE_CURVE ( 'NONE', #2400, #1525, #782, .T. ) ;
#208 = ORIENTED_EDGE ( 'NONE', *, *, #1969, .T. ) ;
#209 = CARTESIAN_POINT ( 'NONE',  ( -1.020000000000000018, -0.5000000000000000000, 2.499999999998999911 ) ) ;
#210 = VECTOR ( 'NONE', #1538, 1000.000000000000000 ) ;
#211 = DIRECTION ( 'NONE',  ( -1.000000000000000000, 0.000000000000000000, 0.000000000000000000 ) ) ;
#212 = ORIENTED_EDGE ( 'NONE', *, *, #1604, .F. ) ;
#213 = CARTESIAN_POINT ( 'NONE',  ( 0.000000000000000000, -4.200000000000000178, 7.599999999998999556 ) ) ;
#214 = FACE_OUTER_BOUND ( 'NONE', #2606, .T. ) ;
#215 = VECTOR ( 'NONE', #1938, 1000.000000000000000 ) ;
#216 = VECTOR ( 'NONE', #279, 1000.000000000000000 ) ;
#217 = EDGE_LOOP ( 'NONE', ( #1467, #2556, #1462, #1563 ) ) ;
#218 = CARTESIAN_POINT ( 'NONE',  ( -1.520000000000000018, -0.6999999999999999556, 13.53000000000000114 ) ) ;
#219 = CYLINDRICAL_SURFACE ( 'NONE', #1948, 2.250000000000000444 ) ;
#220 = AXIS2_PLACEMENT_3D ( 'NONE', #1550, #1758, #1138 ) ;
#221 = ADVANCED_FACE ( 'NONE', ( #2634, #768 ), #940, .T. ) ;
#222 = CARTESIAN_POINT ( 'NONE',  ( 1.836970198721000105E-16, -4.200000000000000178, 9.080000000000000071 ) ) ;
#223 = LINE ( 'NONE', #2682, #1035 ) ;
#224 = CARTESIAN_POINT ( 'NONE',  ( 0.000000000000000000, -4.200000000000000178, 3.950000000000000178 ) ) ;
#225 = EDGE_CURVE ( 'NONE', #414, #1132, #866, .T. ) ;
#226 = ORIENTED_EDGE ( 'NONE', *, *, #1204, .F. ) ;
#227 = LINE ( 'NONE', #396, #1771 ) ;
#228 = EDGE_LOOP ( 'NONE', ( #201, #2500 ) ) ;
#229 = DIRECTION ( 'NONE',  ( 0.000000000000000000, -2.235468396876999697E-17, -1.000000000000000000 ) ) ;
#230 = VERTEX_POINT ( 'NONE', #553 ) ;
#231 = DIRECTION ( 'NONE',  ( 0.000000000000000000, -1.000000000000000000, 0.000000000000000000 ) ) ;
#232 = DIRECTION ( 'NONE',  ( 0.000000000000000000, 0.000000000000000000, 1.000000000000000000 ) ) ;
#233 = FACE_OUTER_BOUND ( 'NONE', #1996, .T. ) ;
#234 = EDGE_CURVE ( 'NONE', #236, #1989, #2018, .T. ) ;
#235 = FACE_OUTER_BOUND ( 'NONE', #1871, .T. ) ;
#236 = VERTEX_POINT ( 'NONE', #150 ) ;
#237 = DIRECTION ( 'NONE',  ( -0.000000000000000000, 1.000000000000000000, 0.000000000000000000 ) ) ;
#238 = DIRECTION ( 'NONE',  ( 0.000000000000000000, 0.000000000000000000, 1.000000000000000000 ) ) ;
#239 = EDGE_CURVE ( 'NONE', #1402, #1425, #723, .T. ) ;
#240 = VERTEX_POINT ( 'NONE', #311 ) ;
#241 = FACE_OUTER_BOUND ( 'NONE', #1950, .T. ) ;
#242 = EDGE_CURVE ( 'NONE', #1135, #909, #459, .T. ) ;
#243 = ORIENTED_EDGE ( 'NONE', *, *, #2244, .F. ) ;
#244 = LINE ( 'NONE', #1706, #516 ) ;
#245 = DIRECTION ( 'NONE',  ( 0.000000000000000000, 0.000000000000000000, -1.000000000000000000 ) ) ;
#246 = COLOUR_RGB ( '',0.7921568627450980005, 0.8196078431372548767, 0.9333333333333333481 ) ;
#247 = DIRECTION ( 'NONE',  ( -1.000000000000000000, 0.000000000000000000, 0.000000000000000000 ) ) ;
#248 = CIRCLE ( 'NONE', #2691, 2.250000000000000444 ) ;
#249 = FACE_OUTER_BOUND ( 'NONE', #2054, .T. ) ;
#250 = VECTOR ( 'NONE', #1224, 1000.000000000000000 ) ;
#251 = VERTEX_POINT ( 'NONE', #2004 ) ;
#252 = CARTESIAN_POINT ( 'NONE',  ( 0.000000000000000000, -5.749999999998999911, 7.599999999998999556 ) ) ;
#253 = FACE_OUTER_BOUND ( 'NONE', #804, .T. ) ;
#254 = VERTEX_POINT ( 'NONE', #2610 ) ;
#255 = CARTESIAN_POINT ( 'NONE',  ( -1.520000000000000018, 0.2499999999990000499, 2.499999999998999911 ) ) ;
#256 = ADVANCED_FACE ( 'NONE', ( #1141 ), #953, .F. ) ;
#257 = DIRECTION ( 'NONE',  ( 0.000000000000000000, 0.000000000000000000, -1.000000000000000000 ) ) ;
#258 = AXIS2_PLACEMENT_3D ( 'NONE', #316, #99, #948 ) ;
#259 = DIRECTION ( 'NONE',  ( 0.000000000000000000, -1.000000000000000000, 0.000000000000000000 ) ) ;
#260 = ORIENTED_EDGE ( 'NONE', *, *, #904, .T. ) ;
#261 = EDGE_CURVE ( 'NONE', #46, #2582, #2223, .T. ) ;
#262 = DIRECTION ( 'NONE',  ( 0.000000000000000000, 1.000000000000000000, 0.000000000000000000 ) ) ;
#263 = VECTOR ( 'NONE', #2462, 1000.000000000000000 ) ;
#264 = DIRECTION ( 'NONE',  ( 0.000000000000000000, 0.000000000000000000, -1.000000000000000000 ) ) ;
#265 = CARTESIAN_POINT ( 'NONE',  ( 1.020000000000000018, -0.6999999999999999556, 13.53000000000000114 ) ) ;
#266 = CYLINDRICAL_SURFACE ( 'NONE', #38, 1.449999999999000755 ) ;
#267 = AXIS2_PLACEMENT_3D ( 'NONE', #104, #1578, #935 ) ;
#268 = VERTEX_POINT ( 'NONE', #324 ) ;
#269 = ORIENTED_EDGE ( 'NONE', *, *, #466, .T. ) ;
#270 = CARTESIAN_POINT ( 'NONE',  ( -1.619999999999999885, -4.699999999999000089, 0.2999999999989999555 ) ) ;
#271 = ORIENTED_EDGE ( 'NONE', *, *, #1274, .F. ) ;
#272 = DIRECTION ( 'NONE',  ( 0.000000000000000000, 1.000000000000000000, 0.000000000000000000 ) ) ;
#273 = EDGE_CURVE ( 'NONE', #1989, #1065, #2526, .T. ) ;
#274 = LINE ( 'NONE', #476, #417 ) ;
#275 = ORIENTED_EDGE ( 'NONE', *, *, #668, .F. ) ;
#276 = ADVANCED_FACE ( 'NONE', ( #2598 ), #1977, .F. ) ;
#277 = DIRECTION ( 'NONE',  ( 1.000000000000000000, 0.000000000000000000, 0.000000000000000000 ) ) ;
#278 = ADVANCED_FACE ( 'NONE', ( #338 ), #110, .T. ) ;
#279 = DIRECTION ( 'NONE',  ( 0.000000000000000000, -1.000000000000000000, 0.000000000000000000 ) ) ;
#280 = ORIENTED_EDGE ( 'NONE', *, *, #1354, .T. ) ;
#281 = FACE_OUTER_BOUND ( 'NONE', #2279, .T. ) ;
#282 = VERTEX_POINT ( 'NONE', #979 ) ;
#283 = FACE_OUTER_BOUND ( 'NONE', #1302, .T. ) ;
#284 = DIRECTION ( 'NONE',  ( -1.000000000000000000, 0.000000000000000000, 0.000000000000000000 ) ) ;
#285 = ORIENTED_EDGE ( 'NONE', *, *, #1529, .T. ) ;
#286 = DIRECTION ( 'NONE',  ( -1.000000000000000000, 0.000000000000000000, 0.000000000000000000 ) ) ;
#287 = PLANE ( 'NONE',  #2046 ) ;
#288 = DIRECTION ( 'NONE',  ( -1.000000000000000000, 0.000000000000000000, 0.000000000000000000 ) ) ;
#289 = EDGE_LOOP ( 'NONE', ( #2705, #2627, #1504, #2304 ) ) ;
#290 = CARTESIAN_POINT ( 'NONE',  ( 1.020000000000000018, -0.6999999999999999556, 7.950000000000000178 ) ) ;
#291 = EDGE_CURVE ( 'NONE', #399, #2140, #1570, .T. ) ;
#292 = AXIS2_PLACEMENT_3D ( 'NONE', #625, #1683, #2104 ) ;
#293 = AXIS2_PLACEMENT_3D ( 'NONE', #649, #664, #49 ) ;
#294 = ORIENTED_EDGE ( 'NONE', *, *, #939, .F. ) ;
#295 = PLANE ( 'NONE',  #258 ) ;
#296 = CARTESIAN_POINT ( 'NONE',  ( 1.020000000000000018, -0.6999999999999999556, 3.249999999998999911 ) ) ;
#297 = CARTESIAN_POINT ( 'NONE',  ( 1.020000000000000018, -0.5000000000000000000, 2.499999999998999911 ) ) ;
#298 = CARTESIAN_POINT ( 'NONE',  ( -1.020000000000000018, 2.789999999998999947, -3.500000000000000000 ) ) ;
#299 = VERTEX_POINT ( 'NONE', #352 ) ;
#300 = CARTESIAN_POINT ( 'NONE',  ( -1.020000000000000018, -0.6999999999999999556, 2.750000000000000000 ) ) ;
#301 = CARTESIAN_POINT ( 'NONE',  ( -1.520000000000000018, -0.5000000000000000000, 2.499999999998999911 ) ) ;
#302 = PRODUCT_DEFINITION_FORMATION_WITH_SPECIFIED_SOURCE ( 'ไป', '', #2153, .NOT_KNOWN. ) ;
#303 = ORIENTED_EDGE ( 'NONE', *, *, #479, .F. ) ;
#304 = DIRECTION ( 'NONE',  ( -1.000000000000000000, 0.000000000000000000, 0.000000000000000000 ) ) ;
#305 = EDGE_CURVE ( 'NONE', #2434, #596, #1180, .T. ) ;
#306 = ORIENTED_EDGE ( 'NONE', *, *, #170, .F. ) ;
#307 = CARTESIAN_POINT ( 'NONE',  ( 1.520000000000000018, 0.2499999999990000499, 2.499999999998999911 ) ) ;
#308 = CARTESIAN_POINT ( 'NONE',  ( 0.000000000000000000, -13.80121933088100228, 7.599999999998999556 ) ) ;
#309 = ORIENTED_EDGE ( 'NONE', *, *, #824, .T. ) ;
#310 = DIRECTION ( 'NONE',  ( -1.000000000000000000, 0.000000000000000000, 0.000000000000000000 ) ) ;
#311 = CARTESIAN_POINT ( 'NONE',  ( 1.520000000000000018, 3.079999999999999627, 13.53000000000000114 ) ) ;
#312 = CARTESIAN_POINT ( 'NONE',  ( 0.9200000000000000400, 6.899999999998999378, 15.29999999999999893 ) ) ;
#313 = VERTEX_POINT ( 'NONE', #2243 ) ;
#314 = DIRECTION ( 'NONE',  ( 0.000000000000000000, 1.000000000000000000, 0.000000000000000000 ) ) ;
#315 = VERTEX_POINT ( 'NONE', #362 ) ;
#316 = CARTESIAN_POINT ( 'NONE',  ( -1.020000000000000018, -0.5000000000000000000, 2.499999999998999911 ) ) ;
#317 = ADVANCED_FACE ( 'NONE', ( #1192 ), #2032, .F. ) ;
#318 = LINE ( 'NONE', #331, #2386 ) ;
#319 = FACE_OUTER_BOUND ( 'NONE', #1102, .T. ) ;
#320 = ORIENTED_EDGE ( 'NONE', *, *, #2313, .T. ) ;
#321 = ADVANCED_FACE ( 'NONE', ( #1303 ), #2146, .T. ) ;
#322 = LINE ( 'NONE', #2388, #1380 ) ;
#323 = ORIENTED_EDGE ( 'NONE', *, *, #1745, .F. ) ;
#324 = CARTESIAN_POINT ( 'NONE',  ( 1.520000000000000018, -0.6999999999999999556, 7.950000000000000178 ) ) ;
#325 = DIRECTION ( 'NONE',  ( 0.000000000000000000, -1.000000000000000000, 0.000000000000000000 ) ) ;
#326 = ORIENTED_EDGE ( 'NONE', *, *, #1633, .T. ) ;
#327 = CARTESIAN_POINT ( 'NONE',  ( 1.020000000000000018, -0.6999999999999999556, 3.249999999998999911 ) ) ;
#328 = VECTOR ( 'NONE', #400, 1000.000000000000000 ) ;
#329 = ORIENTED_EDGE ( 'NONE', *, *, #190, .F. ) ;
#330 = SURFACE_STYLE_USAGE ( .BOTH. , #1625 ) ;
#331 = CARTESIAN_POINT ( 'NONE',  ( -1.020000000000000018, 3.079999999999999627, 13.53000000000000114 ) ) ;
#332 = VECTOR ( 'NONE', #1640, 1000.000000000000000 ) ;
#333 = CARTESIAN_POINT ( 'NONE',  ( 0.000000000000000000, -5.749999999998999911, 2.500000000000000000 ) ) ;
#334 = EDGE_CURVE ( 'NONE', #1253, #1610, #2476, .T. ) ;
#335 = VERTEX_POINT ( 'NONE', #2256 ) ;
#336 = EDGE_CURVE ( 'NONE', #2236, #1700, #2524, .T. ) ;
#337 = VERTEX_POINT ( 'NONE', #1831 ) ;
#338 = FACE_OUTER_BOUND ( 'NONE', #1533, .T. ) ;
#339 = VECTOR ( 'NONE', #567, 1000.000000000000000 ) ;
#340 = AXIS2_PLACEMENT_3D ( 'NONE', #1971, #1341, #1146 ) ;
#341 = CARTESIAN_POINT ( 'NONE',  ( -1.020000000000000018, -0.6999999999999999556, 13.02999999999999936 ) ) ;
#342 = ORIENTED_EDGE ( 'NONE', *, *, #2375, .T. ) ;
#343 = AXIS2_PLACEMENT_3D ( 'NONE', #1601, #2441, #1518 ) ;
#344 = VERTEX_POINT ( 'NONE', #255 ) ;
#345 = CARTESIAN_POINT ( 'NONE',  ( 0.9200000000000000400, -0.6999999999999999556, 0.000000000000000000 ) ) ;
#346 = DIRECTION ( 'NONE',  ( 1.000000000000000000, 0.000000000000000000, 0.000000000000000000 ) ) ;
#347 = AXIS2_PLACEMENT_3D ( 'NONE', #2473, #402, #2709 ) ;
#348 = ORIENTED_EDGE ( 'NONE', *, *, #1741, .T. ) ;
#349 = ADVANCED_FACE ( 'NONE', ( #192 ), #1023, .F. ) ;
#350 = ORIENTED_EDGE ( 'NONE', *, *, #842, .F. ) ;
#351 = CARTESIAN_POINT ( 'NONE',  ( -1.020000000000000018, 4.830000000000000071, 11.27999999999999936 ) ) ;
#352 = CARTESIAN_POINT ( 'NONE',  ( -1.020000000000000018, 0.2499999999990000499, -3.500000000000000000 ) ) ;
#353 = ADVANCED_FACE ( 'NONE', ( #1069 ), #2677, .T. ) ;
#354 = DIRECTION ( 'NONE',  ( 0.000000000000000000, 0.000000000000000000, -1.000000000000000000 ) ) ;
#355 = ORIENTED_EDGE ( 'NONE', *, *, #1926, .F. ) ;
#356 = ADVANCED_FACE ( 'NONE', ( #2118 ), #1701, .T. ) ;
#357 = ORIENTED_EDGE ( 'NONE', *, *, #2464, .F. ) ;
#358 = DIRECTION ( 'NONE',  ( 1.000000000000000000, 0.000000000000000000, 0.000000000000000000 ) ) ;
#359 = ORIENTED_EDGE ( 'NONE', *, *, #2061, .T. ) ;
#360 = ORIENTED_EDGE ( 'NONE', *, *, #1270, .F. ) ;
#361 = CARTESIAN_POINT ( 'NONE',  ( 1.020000000000000018, 0.2499999999990000499, -3.500000000000000000 ) ) ;
#362 = CARTESIAN_POINT ( 'NONE',  ( 1.775737858763000013E-16, -5.749999999998999911, 6.149999999999000266 ) ) ;
#363 = ADVANCED_BREP_SHAPE_REPRESENTATION ( 'A1394B-3SYG-S530-E2~fXTU', ( #652, #2661 ), #786 ) ;
#364 = LINE ( 'NONE', #1622, #263 ) ;
#365 = EDGE_CURVE ( 'NONE', #1425, #1916, #47, .T. ) ;
#366 = ORIENTED_EDGE ( 'NONE', *, *, #1861, .F. ) ;
#367 = EDGE_CURVE ( 'NONE', #1143, #1986, #1434, .T. ) ;
#368 = ORIENTED_EDGE ( 'NONE', *, *, #1790, .F. ) ;
#369 = LINE ( 'NONE', #542, #1508 ) ;
#370 = PLANE ( 'NONE',  #1113 ) ;
#371 = LINE ( 'NONE', #1887, #473 ) ;
#372 = AXIS2_PLACEMENT_3D ( 'NONE', #252, #1680, #2280 ) ;
#373 = CARTESIAN_POINT ( 'NONE',  ( -1.020000000000000018, 5.330000000000000071, 11.27999999999999936 ) ) ;
#374 = ORIENTED_EDGE ( 'NONE', *, *, #54, .T. ) ;
#375 = DIRECTION ( 'NONE',  ( 0.000000000000000000, 0.000000000000000000, -1.000000000000000000 ) ) ;
#376 = AXIS2_PLACEMENT_3D ( 'NONE', #14, #445, #2129 ) ;
#377 = VECTOR ( 'NONE', #1404, 1000.000000000000000 ) ;
#378 = ORIENTED_EDGE ( 'NONE', *, *, #1184, .F. ) ;
#379 = CARTESIAN_POINT ( 'NONE',  ( 1.020000000000000018, 0.5400000000000000355, 6.200000000000000178 ) ) ;
#380 = DIRECTION ( 'NONE',  ( 1.000000000000000000, 0.000000000000000000, 0.000000000000000000 ) ) ;
#381 = EDGE_CURVE ( 'NONE', #2289, #2206, #1715, .T. ) ;
#382 = ORIENTED_EDGE ( 'NONE', *, *, #1527, .F. ) ;
#383 = DIRECTION ( 'NONE',  ( 0.000000000000000000, 1.000000000000000000, 0.000000000000000000 ) ) ;
#384 = VECTOR ( 'NONE', #743, 1000.000000000000000 ) ;
#385 = EDGE_CURVE ( 'NONE', #1993, #2645, #1210, .T. ) ;
#386 = CARTESIAN_POINT ( 'NONE',  ( -1.520000000000000018, -0.5000000000000000000, 2.750000000000000000 ) ) ;
#387 = EDGE_LOOP ( 'NONE', ( #732, #834, #395, #1373, #1895, #1232, #1044, #1806 ) ) ;
#388 = DIRECTION ( 'NONE',  ( 1.000000000000000000, 0.000000000000000000, 0.000000000000000000 ) ) ;
#389 = CARTESIAN_POINT ( 'NONE',  ( 1.020000000000000018, -0.5000000000000000000, 2.499999999998999911 ) ) ;
#390 = ORIENTED_EDGE ( 'NONE', *, *, #1805, .F. ) ;
#391 = DIRECTION ( 'NONE',  ( 0.000000000000000000, 1.000000000000000000, 0.000000000000000000 ) ) ;
#392 = AXIS2_PLACEMENT_3D ( 'NONE', #2226, #118, #1539 ) ;
#393 = EDGE_LOOP ( 'NONE', ( #198, #1145, #1878, #280 ) ) ;
#394 = CARTESIAN_POINT ( 'NONE',  ( 1.520000000000000018, -0.5000000000000000000, 2.750000000000000000 ) ) ;
#395 = ORIENTED_EDGE ( 'NONE', *, *, #745, .F. ) ;
#396 = CARTESIAN_POINT ( 'NONE',  ( -1.020000000000000018, -0.5000000000000000000, 2.750000000000000000 ) ) ;
#397 = DIRECTION ( 'NONE',  ( 0.000000000000000000, 1.000000000000000000, 0.000000000000000000 ) ) ;
#398 = DIRECTION ( 'NONE',  ( 0.000000000000000000, 1.000000000000000000, 0.000000000000000000 ) ) ;
#399 = VERTEX_POINT ( 'NONE', #646 ) ;
#400 = DIRECTION ( 'NONE',  ( -1.000000000000000000, 0.000000000000000000, 0.000000000000000000 ) ) ;
#401 = CARTESIAN_POINT ( 'NONE',  ( 0.000000000000000000, -4.699999999999000089, 12.66000000000000014 ) ) ;
#402 = DIRECTION ( 'NONE',  ( -0.000000000000000000, 1.000000000000000000, 0.000000000000000000 ) ) ;
#403 = ORIENTED_EDGE ( 'NONE', *, *, #2213, .T. ) ;
#404 = EDGE_CURVE ( 'NONE', #1800, #1253, #2549, .T. ) ;
#405 = CARTESIAN_POINT ( 'NONE',  ( 1.020000000000000018, -0.6999999999999999556, 7.950000000000000178 ) ) ;
#406 = DIRECTION ( 'NONE',  ( 0.000000000000000000, 0.000000000000000000, 1.000000000000000000 ) ) ;
#407 = DIRECTION ( 'NONE',  ( 1.000000000000000000, 0.000000000000000000, 0.000000000000000000 ) ) ;
#408 = VERTEX_POINT ( 'NONE', #1009 ) ;
#409 = LINE ( 'NONE', #12, #2689 ) ;
#410 = DIRECTION ( 'NONE',  ( 0.000000000000000000, 1.000000000000000000, 0.000000000000000000 ) ) ;
#411 = ORIENTED_EDGE ( 'NONE', *, *, #2022, .F. ) ;
#412 = VECTOR ( 'NONE', #2225, 1000.000000000000000 ) ;
#413 = EDGE_CURVE ( 'NONE', #344, #921, #1846, .T. ) ;
#414 = VERTEX_POINT ( 'NONE', #1632 ) ;
#415 = VECTOR ( 'NONE', #19, 1000.000000000000000 ) ;
#416 = EDGE_CURVE ( 'NONE', #282, #1389, #1857, .T. ) ;
#417 = VECTOR ( 'NONE', #1703, 1000.000000000000000 ) ;
#418 = CARTESIAN_POINT ( 'NONE',  ( -1.020000000000000018, 0.2499999999990000499, 2.499999999998999911 ) ) ;
#419 = CARTESIAN_POINT ( 'NONE',  ( 0.000000000000000000, -4.200000000000000178, 7.580000000000000071 ) ) ;
#420 = ORIENTED_EDGE ( 'NONE', *, *, #489, .T. ) ;
#421 = AXIS2_PLACEMENT_3D ( 'NONE', #1082, #578, #460 ) ;
#422 = VECTOR ( 'NONE', #179, 1000.000000000000000 ) ;
#423 = ORIENTED_EDGE ( 'NONE', *, *, #2580, .F. ) ;
#424 = ORIENTED_EDGE ( 'NONE', *, *, #207, .T. ) ;
#425 = EDGE_CURVE ( 'NONE', #1050, #1754, #2692, .T. ) ;
#426 = DIRECTION ( 'NONE',  ( 0.000000000000000000, 0.000000000000000000, -1.000000000000000000 ) ) ;
#427 = ORIENTED_EDGE ( 'NONE', *, *, #492, .T. ) ;
#428 = LINE ( 'NONE', #1439, #332 ) ;
#429 = DIRECTION ( 'NONE',  ( 0.000000000000000000, -1.000000000000000000, 0.000000000000000000 ) ) ;
#430 = CARTESIAN_POINT ( 'NONE',  ( 0.000000000000000000, -13.80121933088100228, 3.950000000000000178 ) ) ;
#431 = ORIENTED_EDGE ( 'NONE', *, *, #638, .F. ) ;
#432 = DIRECTION ( 'NONE',  ( -1.000000000000000000, 0.000000000000000000, 0.000000000000000000 ) ) ;
#433 = ADVANCED_FACE ( 'NONE', ( #241 ), #823, .F. ) ;
#434 = ORIENTED_EDGE ( 'NONE', *, *, #657, .F. ) ;
#435 = DIRECTION ( 'NONE',  ( 1.000000000000000000, 0.000000000000000000, 0.000000000000000000 ) ) ;
#436 = CARTESIAN_POINT ( 'NONE',  ( 1.520000000000000018, -0.2500000000000000000, -3.500000000000000000 ) ) ;
#437 = ORIENTED_EDGE ( 'NONE', *, *, #1444, .T. ) ;
#438 = DIRECTION ( 'NONE',  ( 0.000000000000000000, 0.000000000000000000, 1.000000000000000000 ) ) ;
#439 = DIRECTION ( 'NONE',  ( 0.000000000000000000, 1.000000000000000000, 0.000000000000000000 ) ) ;
#440 = CARTESIAN_POINT ( 'NONE',  ( 1.775737858763000013E-16, -4.200000000000000178, 1.050000000000000044 ) ) ;
#441 = EDGE_CURVE ( 'NONE', #1598, #188, #703, .T. ) ;
#442 = ORIENTED_EDGE ( 'NONE', *, *, #1419, .T. ) ;
#443 = DIRECTION ( 'NONE',  ( 0.000000000000000000, -1.000000000000000000, 0.000000000000000000 ) ) ;
#444 = EDGE_CURVE ( 'NONE', #596, #109, #690, .T. ) ;
#445 = DIRECTION ( 'NONE',  ( 0.000000000000000000, 0.000000000000000000, -1.000000000000000000 ) ) ;
#446 = VERTEX_POINT ( 'NONE', #517 ) ;
#447 = CARTESIAN_POINT ( 'NONE',  ( -1.020000000000000018, 4.830000000000000071, -3.499999999998999911 ) ) ;
#448 = VERTEX_POINT ( 'NONE', #1327 ) ;
#449 = DIRECTION ( 'NONE',  ( 0.000000000000000000, -1.000000000000000000, 0.000000000000000000 ) ) ;
#450 = VECTOR ( 'NONE', #1713, 1000.000000000000000 ) ;
#451 = CARTESIAN_POINT ( 'NONE',  ( -1.520000000000000018, -0.6999999999999999556, 13.53000000000000114 ) ) ;
#452 = AXIS2_PLACEMENT_3D ( 'NONE', #1374, #1140, #2217 ) ;
#453 = PLANE ( 'NONE',  #2050 ) ;
#454 = VECTOR ( 'NONE', #1148, 1000.000000000000000 ) ;
#455 = VERTEX_POINT ( 'NONE', #898 ) ;
#456 = DIRECTION ( 'NONE',  ( 1.000000000000000000, 0.000000000000000000, 0.000000000000000000 ) ) ;
#457 = ADVANCED_FACE ( 'NONE', ( #283 ), #1526, .T. ) ;
#458 = VERTEX_POINT ( 'NONE', #1565 ) ;
#459 = CIRCLE ( 'NONE', #1994, 1.450000000000000400 ) ;
#460 = DIRECTION ( 'NONE',  ( 0.000000000000000000, -1.000000000000000000, 0.000000000000000000 ) ) ;
#461 = EDGE_CURVE ( 'NONE', #524, #1253, #1136, .T. ) ;
#462 = DIRECTION ( 'NONE',  ( 0.000000000000000000, 0.000000000000000000, 1.000000000000000000 ) ) ;
#463 = EDGE_LOOP ( 'NONE', ( #357, #1665, #42, #751 ) ) ;
#464 = VECTOR ( 'NONE', #1694, 1000.000000000000000 ) ;
#465 = LINE ( 'NONE', #62, #1530 ) ;
#466 = EDGE_CURVE ( 'NONE', #2438, #1379, #475, .T. ) ;
#467 = AXIS2_PLACEMENT_3D ( 'NONE', #2163, #288, #80 ) ;
#468 = LINE ( 'NONE', #300, #1344 ) ;
#469 = PLANE ( 'NONE',  #2708 ) ;
#470 = VECTOR ( 'NONE', #229, 1000.000000000000000 ) ;
#471 = ORIENTED_EDGE ( 'NONE', *, *, #121, .F. ) ;
#472 = CARTESIAN_POINT ( 'NONE',  ( -1.020000000000000018, 5.330000000000000071, -3.499999999998999911 ) ) ;
#473 = VECTOR ( 'NONE', #1839, 1000.000000000000000 ) ;
#474 = ORIENTED_EDGE ( 'NONE', *, *, #1540, .F. ) ;
#475 = LINE ( 'NONE', #2207, #995 ) ;
#476 = CARTESIAN_POINT ( 'NONE',  ( -1.020000000000000018, 0.5400000000000000355, 8.449999999999999289 ) ) ;
#477 = EDGE_CURVE ( 'NONE', #918, #344, #1095, .T. ) ;
#478 = ORIENTED_EDGE ( 'NONE', *, *, #543, .F. ) ;
#479 = EDGE_CURVE ( 'NONE', #2590, #927, #116, .T. ) ;
#480 = LINE ( 'NONE', #683, #739 ) ;
#481 = DIRECTION ( 'NONE',  ( 0.000000000000000000, 1.000000000000000000, -2.235468396876999697E-17 ) ) ;
#482 = EDGE_LOOP ( 'NONE', ( #226, #551, #1576, #1586 ) ) ;
#483 = LINE ( 'NONE', #270, #1109 ) ;
#484 = ORIENTED_EDGE ( 'NONE', *, *, #2292, .T. ) ;
#485 = DIRECTION ( 'NONE',  ( 0.000000000000000000, 1.000000000000000000, 0.000000000000000000 ) ) ;
#486 = LINE ( 'NONE', #1163, #1921 ) ;
#487 = ORIENTED_EDGE ( 'NONE', *, *, #2626, .F. ) ;
#488 = DIRECTION ( 'NONE',  ( 0.000000000000000000, 0.000000000000000000, -1.000000000000000000 ) ) ;
#489 = EDGE_CURVE ( 'NONE', #2530, #1916, #2369, .T. ) ;
#490 = LINE ( 'NONE', #2173, #1687 ) ;
#491 = PLANE ( 'NONE',  #1524 ) ;
#492 = EDGE_CURVE ( 'NONE', #777, #240, #934, .T. ) ;
#493 = CIRCLE ( 'NONE', #1552, 1.749999999999000577 ) ;
#494 = CYLINDRICAL_SURFACE ( 'NONE', #176, 1.500000000000000000 ) ;
#495 = ORIENTED_EDGE ( 'NONE', *, *, #425, .F. ) ;
#496 = DIRECTION ( 'NONE',  ( 0.000000000000000000, -2.235468396876999697E-17, -1.000000000000000000 ) ) ;
#497 = CIRCLE ( 'NONE', #2558, 1.449999999999000755 ) ;
#498 = DIRECTION ( 'NONE',  ( 0.000000000000000000, 0.000000000000000000, -1.000000000000000000 ) ) ;
#499 = AXIS2_PLACEMENT_3D ( 'NONE', #389, #1473, #1226 ) ;
#500 = DIRECTION ( 'NONE',  ( 0.000000000000000000, -1.000000000000000000, 0.000000000000000000 ) ) ;
#501 = ORIENTED_EDGE ( 'NONE', *, *, #1337, .T. ) ;
#502 = PLANE ( 'NONE',  #340 ) ;
#503 = CARTESIAN_POINT ( 'NONE',  ( 1.619999999999999885, -0.6999999999999999556, 0.000000000000000000 ) ) ;
#504 = VERTEX_POINT ( 'NONE', #2167 ) ;
#505 = AXIS2_PLACEMENT_3D ( 'NONE', #2563, #2158, #716 ) ;
#506 = DIRECTION ( 'NONE',  ( 0.000000000000000000, 0.000000000000000000, -1.000000000000000000 ) ) ;
#507 = AXIS2_PLACEMENT_3D ( 'NONE', #1729, #1755, #1122 ) ;
#508 = ADVANCED_FACE ( 'NONE', ( #1982 ), #2198, .T. ) ;
#509 = DIRECTION ( 'NONE',  ( 0.000000000000000000, 0.000000000000000000, -1.000000000000000000 ) ) ;
#510 = CARTESIAN_POINT ( 'NONE',  ( -1.020000000000000018, 2.789999999998999947, -3.500000000000000000 ) ) ;
#511 = ADVANCED_FACE ( 'NONE', ( #1743 ), #295, .T. ) ;
#512 = VERTEX_POINT ( 'NONE', #1936 ) ;
#513 = DIRECTION ( 'NONE',  ( 1.000000000000000000, 0.000000000000000000, 0.000000000000000000 ) ) ;
#514 = ADVANCED_FACE ( 'NONE', ( #2382 ), #1316, .T. ) ;
#515 = ORIENTED_EDGE ( 'NONE', *, *, #1317, .F. ) ;
#516 = VECTOR ( 'NONE', #1268, 1000.000000000000000 ) ;
#517 = CARTESIAN_POINT ( 'NONE',  ( 1.020000000000000018, -0.6999999999999999556, 3.249999999998999911 ) ) ;
#518 = DIRECTION ( 'NONE',  ( 0.000000000000000000, -1.000000000000000000, 0.000000000000000000 ) ) ;
#519 = CYLINDRICAL_SURFACE ( 'NONE', #392, 0.2499999999999997780 ) ;
#520 = ORIENTED_EDGE ( 'NONE', *, *, #177, .F. ) ;
#521 = ORIENTED_EDGE ( 'NONE', *, *, #1688, .F. ) ;
#522 = CARTESIAN_POINT ( 'NONE',  ( 1.836970198721000105E-16, -4.200000000000000178, 14.16000000000000014 ) ) ;
#523 = DIRECTION ( 'NONE',  ( 0.000000000000000000, 0.000000000000000000, -1.000000000000000000 ) ) ;
#524 = VERTEX_POINT ( 'NONE', #87 ) ;
#525 = DIRECTION ( 'NONE',  ( 0.000000000000000000, 2.168404344971000191E-15, -1.000000000000000000 ) ) ;
#526 = ADVANCED_FACE ( 'NONE', ( #922 ), #502, .F. ) ;
#527 = CYLINDRICAL_SURFACE ( 'NONE', #1155, 0.7500000000000000000 ) ;
#528 = ORIENTED_EDGE ( 'NONE', *, *, #763, .F. ) ;
#529 = LINE ( 'NONE', #1384, #31 ) ;
#530 = CARTESIAN_POINT ( 'NONE',  ( -0.9200000000000000400, 6.899999999998999378, 15.29999999999999893 ) ) ;
#531 = ADVANCED_FACE ( 'NONE', ( #2184 ), #1781, .F. ) ;
#532 = DIRECTION ( 'NONE',  ( 0.000000000000000000, -2.235468396876999697E-17, -1.000000000000000000 ) ) ;
#533 = ORIENTED_EDGE ( 'NONE', *, *, #617, .F. ) ;
#534 = CARTESIAN_POINT ( 'NONE',  ( 0.000000000000000000, -5.749999999998999911, 14.14999999999900027 ) ) ;
#535 = CARTESIAN_POINT ( 'NONE',  ( 1.020000000000000018, 4.830000000000000071, 11.27999999999999936 ) ) ;
#536 = DIRECTION ( 'NONE',  ( 0.000000000000000000, -1.000000000000000000, 0.000000000000000000 ) ) ;
#537 = CARTESIAN_POINT ( 'NONE',  ( -1.520000000000000018, 5.330000000000000071, -3.499999999998999911 ) ) ;
#538 = VERTEX_POINT ( 'NONE', #2411 ) ;
#539 = STYLED_ITEM ( 'NONE', ( #1997 ), #652 ) ;
#540 = AXIS2_PLACEMENT_3D ( 'NONE', #1646, #398, #45 ) ;
#541 = ORIENTED_EDGE ( 'NONE', *, *, #461, .F. ) ;
#542 = CARTESIAN_POINT ( 'NONE',  ( -1.020000000000000018, 0.5400000000000000355, 7.950000000000000178 ) ) ;
#543 = EDGE_CURVE ( 'NONE', #1863, #650, #529, .T. ) ;
#544 = AXIS2_PLACEMENT_3D ( 'NONE', #2241, #722, #1346 ) ;
#545 = CARTESIAN_POINT ( 'NONE',  ( 1.020000000000000018, -0.5000000000000000000, 3.250000000000000000 ) ) ;
#546 = ORIENTED_EDGE ( 'NONE', *, *, #1448, .T. ) ;
#547 = ADVANCED_FACE ( 'NONE', ( #1614 ), #1809, .T. ) ;
#548 = CIRCLE ( 'NONE', #1381, 1.449999999999000755 ) ;
#549 = LINE ( 'NONE', #2230, #2480 ) ;
#550 = DIRECTION ( 'NONE',  ( 0.000000000000000000, 0.000000000000000000, -1.000000000000000000 ) ) ;
#551 = ORIENTED_EDGE ( 'NONE', *, *, #983, .T. ) ;
#552 = EDGE_CURVE ( 'NONE', #2029, #21, #1211, .T. ) ;
#553 = CARTESIAN_POINT ( 'NONE',  ( 1.836970198721000105E-16, -4.200000000000000178, 4.000000000000000000 ) ) ;
#554 = VECTOR ( 'NONE', #30, 1000.000000000000000 ) ;
#555 = CARTESIAN_POINT ( 'NONE',  ( -1.520000000000000018, -0.5000000000000000000, 2.499999999998999911 ) ) ;
#556 = ORIENTED_EDGE ( 'NONE', *, *, #1794, .T. ) ;
#557 = CIRCLE ( 'NONE', #2141, 1.499999999999000355 ) ;
#558 = ORIENTED_EDGE ( 'NONE', *, *, #2493, .F. ) ;
#559 = DIRECTION ( 'NONE',  ( 0.000000000000000000, -1.000000000000000000, 0.000000000000000000 ) ) ;
#560 = FACE_BOUND ( 'NONE', #727, .T. ) ;
#561 = FACE_BOUND ( 'NONE', #2551, .T. ) ;
#562 = CIRCLE ( 'NONE', #2102, 1.450000000000000400 ) ;
#563 = CARTESIAN_POINT ( 'NONE',  ( 1.020000000000000018, -0.6999999999999999556, 8.449999999999999289 ) ) ;
#564 = VERTEX_POINT ( 'NONE', #1015 ) ;
#565 = EDGE_CURVE ( 'NONE', #1356, #1415, #1426, .T. ) ;
#566 = ORIENTED_EDGE ( 'NONE', *, *, #2498, .T. ) ;
#567 = DIRECTION ( 'NONE',  ( 0.000000000000000000, 0.000000000000000000, 1.000000000000000000 ) ) ;
#568 = EDGE_CURVE ( 'NONE', #2458, #1751, #2440, .T. ) ;
#569 = LINE ( 'NONE', #2613, #384 ) ;
#570 = ORIENTED_EDGE ( 'NONE', *, *, #1684, .T. ) ;
#571 = DIRECTION ( 'NONE',  ( 0.000000000000000000, 0.000000000000000000, 1.000000000000000000 ) ) ;
#572 = ORIENTED_EDGE ( 'NONE', *, *, #2267, .F. ) ;
#573 = DIRECTION ( 'NONE',  ( 0.000000000000000000, 1.000000000000000000, 0.000000000000000000 ) ) ;
#574 = CYLINDRICAL_SURFACE ( 'NONE', #606, 1.749999999999000577 ) ;
#575 = DIRECTION ( 'NONE',  ( 0.000000000000000000, 0.000000000000000000, -1.000000000000000000 ) ) ;
#576 = ORIENTED_EDGE ( 'NONE', *, *, #1151, .F. ) ;
#577 = ORIENTED_EDGE ( 'NONE', *, *, #1198, .F. ) ;
#578 = DIRECTION ( 'NONE',  ( 0.000000000000000000, 0.000000000000000000, -1.000000000000000000 ) ) ;
#579 = EDGE_CURVE ( 'NONE', #905, #1799, #2250, .T. ) ;
#580 = PLANE ( 'NONE',  #1832 ) ;
#581 = EDGE_LOOP ( 'NONE', ( #1845, #41, #2326, #82 ) ) ;
#582 = EDGE_CURVE ( 'NONE', #335, #2296, #801, .T. ) ;
#583 = ORIENTED_EDGE ( 'NONE', *, *, #692, .T. ) ;
#584 = CARTESIAN_POINT ( 'NONE',  ( 1.020000000000000018, 2.290000000000000036, -3.500000000000000000 ) ) ;
#585 = DIRECTION ( 'NONE',  ( -1.000000000000000000, 0.000000000000000000, 0.000000000000000000 ) ) ;
#586 = FACE_OUTER_BOUND ( 'NONE', #2253, .T. ) ;
#587 = AXIS2_PLACEMENT_3D ( 'NONE', #1740, #1506, #1325 ) ;
#588 = DIRECTION ( 'NONE',  ( 0.000000000000000000, 0.000000000000000000, 1.000000000000000000 ) ) ;
#589 = VERTEX_POINT ( 'NONE', #1217 ) ;
#590 = DIRECTION ( 'NONE',  ( 1.000000000000000000, 0.000000000000000000, 0.000000000000000000 ) ) ;
#591 = AXIS2_PLACEMENT_3D ( 'NONE', #2497, #1535, #688 ) ;
#592 = ORIENTED_EDGE ( 'NONE', *, *, #2058, .F. ) ;
#593 = DIRECTION ( 'NONE',  ( 0.000000000000000000, -1.000000000000000000, 0.000000000000000000 ) ) ;
#594 = VERTEX_POINT ( 'NONE', #2426 ) ;
#595 = CARTESIAN_POINT ( 'NONE',  ( -1.520000000000000018, -0.2500000000000000000, -3.500000000000000000 ) ) ;
#596 = VERTEX_POINT ( 'NONE', #2055 ) ;
#597 = FILL_AREA_STYLE_COLOUR ( '', #246 ) ;
#598 = DIRECTION ( 'NONE',  ( 0.000000000000000000, -1.000000000000000000, 0.000000000000000000 ) ) ;
#599 = VECTOR ( 'NONE', #2376, 1000.000000000000000 ) ;
#600 = EDGE_CURVE ( 'NONE', #33, #1167, #1599, .T. ) ;
#601 = FACE_OUTER_BOUND ( 'NONE', #1785, .T. ) ;
#602 = ORIENTED_EDGE ( 'NONE', *, *, #891, .T. ) ;
#603 = VECTOR ( 'NONE', #708, 1000.000000000000000 ) ;
#604 = LINE ( 'NONE', #806, #71 ) ;
#605 = ORIENTED_EDGE ( 'NONE', *, *, #2626, .T. ) ;
#606 = AXIS2_PLACEMENT_3D ( 'NONE', #2098, #1002, #2671 ) ;
#607 = DIRECTION ( 'NONE',  ( 1.000000000000000000, 0.000000000000000000, 0.000000000000000000 ) ) ;
#608 = DIRECTION ( 'NONE',  ( 0.000000000000000000, 0.000000000000000000, 1.000000000000000000 ) ) ;
#609 = ORIENTED_EDGE ( 'NONE', *, *, #234, .F. ) ;
#610 = FACE_OUTER_BOUND ( 'NONE', #228, .T. ) ;
#611 = ORIENTED_EDGE ( 'NONE', *, *, #745, .T. ) ;
#612 = DIRECTION ( 'NONE',  ( 0.000000000000000000, 1.000000000000000000, 0.000000000000000000 ) ) ;
#613 = EDGE_CURVE ( 'NONE', #2057, #1662, #369, .T. ) ;
#614 = DIRECTION ( 'NONE',  ( 0.000000000000000000, -1.000000000000000000, 0.000000000000000000 ) ) ;
#615 = ORIENTED_EDGE ( 'NONE', *, *, #891, .F. ) ;
#616 = LINE ( 'NONE', #1431, #833 ) ;
#617 = EDGE_CURVE ( 'NONE', #2645, #2140, #2237, .T. ) ;
#618 = CARTESIAN_POINT ( 'NONE',  ( 0.000000000000000000, -13.80121933088100228, 14.14999999999900027 ) ) ;
#619 = ORIENTED_EDGE ( 'NONE', *, *, #152, .T. ) ;
#620 = DIRECTION ( 'NONE',  ( -1.000000000000000000, 0.000000000000000000, 0.000000000000000000 ) ) ;
#621 = PRODUCT_CONTEXT ( 'NONE', #2006, 'mechanical' ) ;
#622 = DIRECTION ( 'NONE',  ( -1.000000000000000000, 0.000000000000000000, 0.000000000000000000 ) ) ;
#623 = ORIENTED_EDGE ( 'NONE', *, *, #2597, .F. ) ;
#624 = CARTESIAN_POINT ( 'NONE',  ( 1.520000000000000018, -0.6999999999999999556, 13.53000000000000114 ) ) ;
#625 = CARTESIAN_POINT ( 'NONE',  ( 0.000000000000000000, -13.80121933088100228, 7.599999999998999556 ) ) ;
#626 = EDGE_CURVE ( 'NONE', #1986, #1389, #185, .T. ) ;
#627 = ORIENTED_EDGE ( 'NONE', *, *, #2405, .F. ) ;
#628 = AXIS2_PLACEMENT_3D ( 'NONE', #1161, #814, #2483 ) ;
#629 = DIRECTION ( 'NONE',  ( 0.000000000000000000, -1.000000000000000000, 0.000000000000000000 ) ) ;
#630 = EDGE_CURVE ( 'NONE', #1751, #1610, #1824, .T. ) ;
#631 = ORIENTED_EDGE ( 'NONE', *, *, #121, .T. ) ;
#632 = VECTOR ( 'NONE', #113, 1000.000000000000000 ) ;
#633 = CARTESIAN_POINT ( 'NONE',  ( 0.000000000000000000, -4.200000000000000178, 14.14999999999900027 ) ) ;
#634 = AXIS2_PLACEMENT_3D ( 'NONE', #2294, #2089, #590 ) ;
#635 = CARTESIAN_POINT ( 'NONE',  ( -1.020000000000000018, 0.5400000000000000355, 7.950000000000000178 ) ) ;
#636 = LINE ( 'NONE', #667, #1031 ) ;
#637 = CARTESIAN_POINT ( 'NONE',  ( -1.020000000000000018, -0.2500000000000000000, 2.499999999998999911 ) ) ;
#638 = EDGE_CURVE ( 'NONE', #313, #564, #2655, .T. ) ;
#639 = LINE ( 'NONE', #405, #127 ) ;
#640 = CARTESIAN_POINT ( 'NONE',  ( 1.020000000000000018, 0.2499999999990000499, 2.499999999998999911 ) ) ;
#641 = DIRECTION ( 'NONE',  ( 0.000000000000000000, 0.000000000000000000, -1.000000000000000000 ) ) ;
#642 = ORIENTED_EDGE ( 'NONE', *, *, #444, .T. ) ;
#643 = DIRECTION ( 'NONE',  ( 0.000000000000000000, 1.000000000000000000, 0.000000000000000000 ) ) ;
#644 = VECTOR ( 'NONE', #1802, 1000.000000000000000 ) ;
#645 = ORIENTED_EDGE ( 'NONE', *, *, #1553, .F. ) ;
#646 = CARTESIAN_POINT ( 'NONE',  ( -1.619999999999999885, -4.699999999999000089, 0.2999999999989999555 ) ) ;
#647 = DIRECTION ( 'NONE',  ( 0.000000000000000000, -2.235468396876999697E-17, -1.000000000000000000 ) ) ;
#648 = CIRCLE ( 'NONE', #467, 1.749999999999000577 ) ;
#649 = CARTESIAN_POINT ( 'NONE',  ( 1.020000000000000018, -0.6999999999999999556, 2.750000000000000000 ) ) ;
#650 = VERTEX_POINT ( 'NONE', #1174 ) ;
#651 = ADVANCED_FACE ( 'NONE', ( #1851 ), #2670, .F. ) ;
#652 = MANIFOLD_SOLID_BREP ( 'NONE', #1481 ) ;
#653 = FACE_OUTER_BOUND ( 'NONE', #1884, .T. ) ;
#654 = DIRECTION ( 'NONE',  ( 0.000000000000000000, 0.000000000000000000, 1.000000000000000000 ) ) ;
#655 = VECTOR ( 'NONE', #2539, 1000.000000000000000 ) ;
#656 = LINE ( 'NONE', #1762, #2571 ) ;
#657 = EDGE_CURVE ( 'NONE', #1096, #1173, #884, .T. ) ;
#658 = CARTESIAN_POINT ( 'NONE',  ( 0.000000000000000000, -4.699999999999000089, 1.000000000000000000 ) ) ;
#659 = ORIENTED_EDGE ( 'NONE', *, *, #2295, .T. ) ;
#660 = EDGE_LOOP ( 'NONE', ( #1963, #1324, #243, #1360 ) ) ;
#661 = CARTESIAN_POINT ( 'NONE',  ( 1.020000000000000018, -0.6999999999999999556, 13.02999999999999936 ) ) ;
#662 = ORIENTED_EDGE ( 'NONE', *, *, #838, .T. ) ;
#663 = DIRECTION ( 'NONE',  ( 0.000000000000000000, 0.000000000000000000, 1.000000000000000000 ) ) ;
#664 = DIRECTION ( 'NONE',  ( 0.000000000000000000, 2.168404344971000191E-15, -1.000000000000000000 ) ) ;
#665 = ORIENTED_EDGE ( 'NONE', *, *, #193, .F. ) ;
#666 = CARTESIAN_POINT ( 'NONE',  ( -1.020000000000000018, 0.5400000000000000355, 6.200000000000000178 ) ) ;
#667 = CARTESIAN_POINT ( 'NONE',  ( -1.619999999999999885, -0.6999999999999999556, 0.000000000000000000 ) ) ;
#668 = EDGE_CURVE ( 'NONE', #299, #1981, #1587, .T. ) ;
#669 = CARTESIAN_POINT ( 'NONE',  ( -1.520000000000000018, 2.290000000000000036, -3.500000000000000000 ) ) ;
#670 = PLANE ( 'NONE',  #1959 ) ;
#671 = EDGE_CURVE ( 'NONE', #1135, #2357, #409, .T. ) ;
#672 = ORIENTED_EDGE ( 'NONE', *, *, #2555, .T. ) ;
#673 = PLANE ( 'NONE',  #1375 ) ;
#674 = CARTESIAN_POINT ( 'NONE',  ( 0.000000000000000000, -4.200000000000000178, 12.69999999999900098 ) ) ;
#675 = ORIENTED_EDGE ( 'NONE', *, *, #1633, .F. ) ;
#676 = CARTESIAN_POINT ( 'NONE',  ( -1.020000000000000018, 2.789999999998999947, -3.500000000000000000 ) ) ;
#677 = CARTESIAN_POINT ( 'NONE',  ( 1.020000000000000018, 3.079999999999999627, 11.27999999999999936 ) ) ;
#678 = ORIENTED_EDGE ( 'NONE', *, *, #1258, .T. ) ;
#679 = LINE ( 'NONE', #77, #1442 ) ;
#680 = VECTOR ( 'NONE', #2114, 1000.000000000000000 ) ;
#681 = CARTESIAN_POINT ( 'NONE',  ( 1.020000000000000018, 5.330000000000000071, -3.499999999998999911 ) ) ;
#682 = VECTOR ( 'NONE', #1617, 1000.000000000000000 ) ;
#683 = CARTESIAN_POINT ( 'NONE',  ( -1.520000000000000018, -0.6999999999999999556, 7.950000000000000178 ) ) ;
#684 = DIRECTION ( 'NONE',  ( 0.000000000000000000, -1.000000000000000000, 0.000000000000000000 ) ) ;
#685 = ORIENTED_EDGE ( 'NONE', *, *, #1024, .F. ) ;
#686 = VERTEX_POINT ( 'NONE', #1234 ) ;
#687 = DIRECTION ( 'NONE',  ( 0.000000000000000000, -1.734723475976000090E-15, 1.000000000000000000 ) ) ;
#688 = DIRECTION ( 'NONE',  ( 0.000000000000000000, 0.000000000000000000, -1.000000000000000000 ) ) ;
#689 = ORIENTED_EDGE ( 'NONE', *, *, #2213, .F. ) ;
#690 = LINE ( 'NONE', #1106, #1166 ) ;
#691 = DIRECTION ( 'NONE',  ( -1.000000000000000000, 0.000000000000000000, 0.000000000000000000 ) ) ;
#692 = EDGE_CURVE ( 'NONE', #315, #2590, #2644, .T. ) ;
#693 = AXIS2_PLACEMENT_3D ( 'NONE', #2617, #749, #1577 ) ;
#694 = ORIENTED_EDGE ( 'NONE', *, *, #1894, .T. ) ;
#695 = VECTOR ( 'NONE', #837, 1000.000000000000000 ) ;
#696 = AXIS2_PLACEMENT_3D ( 'NONE', #2666, #2421, #2008 ) ;
#697 = DIRECTION ( 'NONE',  ( -1.495451272392999835E-16, 1.000000000000000000, 0.000000000000000000 ) ) ;
#698 = DIRECTION ( 'NONE',  ( 0.000000000000000000, 1.000000000000000000, 0.000000000000000000 ) ) ;
#699 = VECTOR ( 'NONE', #1888, 1000.000000000000000 ) ;
#700 = ORIENTED_EDGE ( 'NONE', *, *, #1885, .T. ) ;
#701 = PLANE ( 'NONE',  #587 ) ;
#702 = ORIENTED_EDGE ( 'NONE', *, *, #2132, .T. ) ;
#703 = LINE ( 'NONE', #733, #210 ) ;
#704 = EDGE_CURVE ( 'NONE', #854, #2170, #1262, .T. ) ;
#705 = FACE_BOUND ( 'NONE', #217, .T. ) ;
#706 = VERTEX_POINT ( 'NONE', #2522 ) ;
#707 = ADVANCED_FACE ( 'NONE', ( #1058 ), #1890, .T. ) ;
#708 = DIRECTION ( 'NONE',  ( 1.000000000000000000, 0.000000000000000000, 0.000000000000000000 ) ) ;
#709 = CARTESIAN_POINT ( 'NONE',  ( -1.619999999999999885, 14.49999999999899991, 0.000000000000000000 ) ) ;
#710 = DIRECTION ( 'NONE',  ( 0.000000000000000000, 1.000000000000000000, 0.000000000000000000 ) ) ;
#711 = ORIENTED_EDGE ( 'NONE', *, *, #1877, .F. ) ;
#712 = CARTESIAN_POINT ( 'NONE',  ( -1.020000000000000018, -0.5000000000000000000, 2.499999999998999911 ) ) ;
#713 = DIRECTION ( 'NONE',  ( -1.000000000000000000, 0.000000000000000000, 0.000000000000000000 ) ) ;
#714 = DIRECTION ( 'NONE',  ( 0.000000000000000000, -1.000000000000000000, 0.000000000000000000 ) ) ;
#715 = EDGE_LOOP ( 'NONE', ( #1619, #576 ) ) ;
#716 = DIRECTION ( 'NONE',  ( 0.000000000000000000, 0.000000000000000000, 1.000000000000000000 ) ) ;
#717 = FACE_OUTER_BOUND ( 'NONE', #1215, .T. ) ;
#718 = EDGE_CURVE ( 'NONE', #2474, #1603, #869, .T. ) ;
#719 = FACE_OUTER_BOUND ( 'NONE', #1568, .T. ) ;
#720 = ORIENTED_EDGE ( 'NONE', *, *, #1098, .F. ) ;
#721 = PRODUCT_DEFINITION ( 'ๆ', '', #302, #2508 ) ;
#722 = DIRECTION ( 'NONE',  ( 0.000000000000000000, -1.000000000000000000, 0.000000000000000000 ) ) ;
#723 = LINE ( 'NONE', #123, #29 ) ;
#724 = EDGE_CURVE ( 'NONE', #2029, #2348, #227, .T. ) ;
#725 = VECTOR ( 'NONE', #1707, 1000.000000000000000 ) ;
#726 = DIRECTION ( 'NONE',  ( 0.000000000000000000, 0.000000000000000000, -1.000000000000000000 ) ) ;
#727 = EDGE_LOOP ( 'NONE', ( #1126, #25, #787, #2308 ) ) ;
#728 = CARTESIAN_POINT ( 'NONE',  ( 0.000000000000000000, -4.699999999999000089, 2.500000000000000000 ) ) ;
#729 = CIRCLE ( 'NONE', #202, 0.7500000000000000000 ) ;
#730 = CIRCLE ( 'NONE', #1472, 1.749999999998999689 ) ;
#731 = DIRECTION ( 'NONE',  ( 0.000000000000000000, -1.000000000000000000, 0.000000000000000000 ) ) ;
#732 = ORIENTED_EDGE ( 'NONE', *, *, #1258, .F. ) ;
#733 = CARTESIAN_POINT ( 'NONE',  ( -1.520000000000000018, 2.789999999998999947, -3.500000000000000000 ) ) ;
#734 = CARTESIAN_POINT ( 'NONE',  ( 1.775737858763000013E-16, -4.200000000000000178, 6.149999999999000266 ) ) ;
#735 = LINE ( 'NONE', #1385, #1611 ) ;
#736 = AXIS2_PLACEMENT_3D ( 'NONE', #2651, #2435, #1582 ) ;
#737 = ORIENTED_EDGE ( 'NONE', *, *, #939, .T. ) ;
#739 = VECTOR ( 'NONE', #1517, 1000.000000000000000 ) ;
#738 = DIRECTION ( 'NONE',  ( 0.000000000000000000, 0.000000000000000000, -1.000000000000000000 ) ) ;
#740 = CARTESIAN_POINT ( 'NONE',  ( 1.020000000000000018, 4.830000000000000071, 11.27999999999999936 ) ) ;
#741 = EDGE_CURVE ( 'NONE', #399, #825, #1699, .T. ) ;
#742 = VECTOR ( 'NONE', #1194, 1000.000000000000000 ) ;
#743 = DIRECTION ( 'NONE',  ( 1.000000000000000000, 0.000000000000000000, 0.000000000000000000 ) ) ;
#744 = VERTEX_POINT ( 'NONE', #1276 ) ;
#745 = EDGE_CURVE ( 'NONE', #1165, #2037, #1670, .T. ) ;
#746 = LINE ( 'NONE', #1134, #1819 ) ;
#747 = ORIENTED_EDGE ( 'NONE', *, *, #718, .F. ) ;
#748 = AXIS2_PLACEMENT_3D ( 'NONE', #2210, #132, #1798 ) ;
#749 = DIRECTION ( 'NONE',  ( -1.000000000000000000, 0.000000000000000000, 0.000000000000000000 ) ) ;
#750 = LINE ( 'NONE', #2592, #2145 ) ;
#751 = ORIENTED_EDGE ( 'NONE', *, *, #1111, .T. ) ;
#752 = CARTESIAN_POINT ( 'NONE',  ( 2.199999999999000089, 6.899999999998999378, 15.29999999999999893 ) ) ;
#753 = EDGE_LOOP ( 'NONE', ( #178, #2327, #2690, #74 ) ) ;
#754 = DIRECTION ( 'NONE',  ( 0.000000000000000000, 1.000000000000000000, 0.000000000000000000 ) ) ;
#755 = CARTESIAN_POINT ( 'NONE',  ( 0.000000000000000000, -4.200000000000000178, 6.080000000000000071 ) ) ;
#756 = EDGE_CURVE ( 'NONE', #844, #1642, #2100, .T. ) ;
#757 = ORIENTED_EDGE ( 'NONE', *, *, #704, .F. ) ;
#758 = ADVANCED_FACE ( 'NONE', ( #1457 ), #3, .F. ) ;
#759 = DIRECTION ( 'NONE',  ( 0.000000000000000000, 0.000000000000000000, -1.000000000000000000 ) ) ;
#760 = ORIENTED_EDGE ( 'NONE', *, *, #1922, .T. ) ;
#761 = CARTESIAN_POINT ( 'NONE',  ( 1.520000000000000018, -0.6999999999999999556, 2.750000000000000000 ) ) ;
#762 = LINE ( 'NONE', #1399, #2215 ) ;
#763 = EDGE_CURVE ( 'NONE', #2282, #2474, #2067, .T. ) ;
#764 = DIRECTION ( 'NONE',  ( 1.000000000000000000, 0.000000000000000000, 0.000000000000000000 ) ) ;
#765 = VERTEX_POINT ( 'NONE', #2084 ) ;
#766 = DIRECTION ( 'NONE',  ( 0.000000000000000000, 0.000000000000000000, -1.000000000000000000 ) ) ;
#767 = EDGE_LOOP ( 'NONE', ( #1223, #2422, #1850, #794 ) ) ;
#768 = FACE_OUTER_BOUND ( 'NONE', #1343, .T. ) ;
#769 = CARTESIAN_POINT ( 'NONE',  ( -1.020000000000000018, -0.6999999999999999556, 8.449999999999999289 ) ) ;
#770 = ORIENTED_EDGE ( 'NONE', *, *, #13, .F. ) ;
#771 = AXIS2_PLACEMENT_3D ( 'NONE', #209, #432, #2546 ) ;
#772 = VECTOR ( 'NONE', #2086, 1000.000000000000000 ) ;
#773 = ORIENTED_EDGE ( 'NONE', *, *, #1204, .T. ) ;
#774 = CARTESIAN_POINT ( 'NONE',  ( 1.020000000000000018, -0.2500000000000000000, 2.499999999998999911 ) ) ;
#775 = AXIS2_PLACEMENT_3D ( 'NONE', #131, #518, #1797 ) ;
#776 = PLANE ( 'NONE',  #343 ) ;
#777 = VERTEX_POINT ( 'NONE', #624 ) ;
#778 = EDGE_CURVE ( 'NONE', #1081, #230, #1902, .T. ) ;
#779 = CARTESIAN_POINT ( 'NONE',  ( 1.020000000000000018, -0.6999999999999999556, 3.249999999998999911 ) ) ;
#780 = ORIENTED_EDGE ( 'NONE', *, *, #425, .T. ) ;
#781 = FACE_OUTER_BOUND ( 'NONE', #2044, .T. ) ;
#782 = LINE ( 'NONE', #1788, #2611 ) ;
#783 = AXIS2_PLACEMENT_3D ( 'NONE', #379, #2276, #1417 ) ;
#784 = DIRECTION ( 'NONE',  ( 0.000000000000000000, 0.000000000000000000, -1.000000000000000000 ) ) ;
#785 = ORIENTED_EDGE ( 'NONE', *, *, #983, .F. ) ;
#786 =( GEOMETRIC_REPRESENTATION_CONTEXT ( 3 ) GLOBAL_UNCERTAINTY_ASSIGNED_CONTEXT ( ( #1027 ) ) GLOBAL_UNIT_ASSIGNED_CONTEXT ( ( #1010, #1635, #836 ) ) REPRESENTATION_CONTEXT ( 'NONE', 'WORKASPACE' ) );
#787 = ORIENTED_EDGE ( 'NONE', *, *, #2360, .T. ) ;
#788 = FILL_AREA_STYLE ('',( #597 ) ) ;
#789 = CARTESIAN_POINT ( 'NONE',  ( -1.619999999999999885, -0.6999999999999999556, 15.29999999999999893 ) ) ;
#790 = FACE_OUTER_BOUND ( 'NONE', #2653, .T. ) ;
#791 = ADVANCED_FACE ( 'NONE', ( #2700 ), #673, .F. ) ;
#792 = ORIENTED_EDGE ( 'NONE', *, *, #2576, .T. ) ;
#793 = EDGE_CURVE ( 'NONE', #2510, #777, #196, .T. ) ;
#794 = ORIENTED_EDGE ( 'NONE', *, *, #1495, .T. ) ;
#795 = CARTESIAN_POINT ( 'NONE',  ( 1.020000000000000018, 0.5400000000000000355, 6.200000000000000178 ) ) ;
#796 = LINE ( 'NONE', #969, #876 ) ;
#797 = ORIENTED_EDGE ( 'NONE', *, *, #2101, .F. ) ;
#798 = CARTESIAN_POINT ( 'NONE',  ( 1.020000000000000018, 2.789999999998999947, -3.500000000000000000 ) ) ;
#799 = PLANE ( 'NONE',  #1203 ) ;
#800 = ORIENTED_EDGE ( 'NONE', *, *, #416, .F. ) ;
#801 = LINE ( 'NONE', #2012, #1638 ) ;
#802 = CARTESIAN_POINT ( 'NONE',  ( 1.020000000000000018, 3.079999999999999627, 11.27999999999999936 ) ) ;
#803 = CARTESIAN_POINT ( 'NONE',  ( -1.020000000000000018, 0.5400000000000000355, 6.200000000000000178 ) ) ;
#804 = EDGE_LOOP ( 'NONE', ( #2087, #1764, #1579, #1596 ) ) ;
#805 = LINE ( 'NONE', #1827, #250 ) ;
#806 = CARTESIAN_POINT ( 'NONE',  ( 0.000000000000000000, -4.200000000000000178, 6.080000000000000071 ) ) ;
#807 = EDGE_LOOP ( 'NONE', ( #1326, #2574, #115, #4 ) ) ;
#808 = CARTESIAN_POINT ( 'NONE',  ( 1.020000000000000018, -0.6999999999999999556, 2.750000000000000000 ) ) ;
#809 = ADVANCED_FACE ( 'NONE', ( #1117 ), #701, .F. ) ;
#810 = ORIENTED_EDGE ( 'NONE', *, *, #756, .T. ) ;
#811 = EDGE_CURVE ( 'NONE', #251, #1453, #58, .T. ) ;
#812 = DIRECTION ( 'NONE',  ( 0.000000000000000000, -1.000000000000000000, 0.000000000000000000 ) ) ;
#813 = ORIENTED_EDGE ( 'NONE', *, *, #1237, .F. ) ;
#814 = DIRECTION ( 'NONE',  ( 1.000000000000000000, 0.000000000000000000, 0.000000000000000000 ) ) ;
#815 = VECTOR ( 'NONE', #1398, 1000.000000000000000 ) ;
#816 = LINE ( 'NONE', #2685, #1822 ) ;
#817 = AXIS2_PLACEMENT_3D ( 'NONE', #2515, #2322, #2334 ) ;
#818 = LINE ( 'NONE', #2043, #900 ) ;
#819 = ORIENTED_EDGE ( 'NONE', *, *, #1489, .F. ) ;
#820 = FACE_OUTER_BOUND ( 'NONE', #2090, .T. ) ;
#821 = AXIS2_PLACEMENT_3D ( 'NONE', #2589, #713, #498 ) ;
#822 = EDGE_LOOP ( 'NONE', ( #2503, #2227, #153, #1623 ) ) ;
#823 = CYLINDRICAL_SURFACE ( 'NONE', #1693, 1.749999999998999689 ) ;
#824 = EDGE_CURVE ( 'NONE', #1986, #337, #1336, .T. ) ;
#825 = VERTEX_POINT ( 'NONE', #2340 ) ;
#826 = LINE ( 'NONE', #640, #2432 ) ;
#827 = EDGE_CURVE ( 'NONE', #564, #335, #2180, .T. ) ;
#828 = EDGE_LOOP ( 'NONE', ( #813, #2205, #2117, #1433 ) ) ;
#829 = DIRECTION ( 'NONE',  ( 1.000000000000000000, 0.000000000000000000, 0.000000000000000000 ) ) ;
#830 = DIRECTION ( 'NONE',  ( 1.000000000000000000, 0.000000000000000000, 0.000000000000000000 ) ) ;
#831 = CARTESIAN_POINT ( 'NONE',  ( 0.000000000000000000, -4.200000000000000178, 1.000000000000000000 ) ) ;
#832 = EDGE_LOOP ( 'NONE', ( #970, #1631, #611, #694 ) ) ;
#833 = VECTOR ( 'NONE', #2106, 1000.000000000000000 ) ;
#834 = ORIENTED_EDGE ( 'NONE', *, *, #36, .F. ) ;
#835 = PLANE ( 'NONE',  #817 ) ;
#836 =( NAMED_UNIT ( * ) SI_UNIT ( $, .STERADIAN. ) SOLID_ANGLE_UNIT ( ) );
#837 = DIRECTION ( 'NONE',  ( 0.000000000000000000, 1.000000000000000000, 0.000000000000000000 ) ) ;
#838 = EDGE_CURVE ( 'NONE', #2159, #918, #982, .T. ) ;
#839 = CARTESIAN_POINT ( 'NONE',  ( -1.020000000000000018, 4.830000000000000071, -3.499999999998999911 ) ) ;
#840 = ORIENTED_EDGE ( 'NONE', *, *, #2443, .T. ) ;
#841 = CARTESIAN_POINT ( 'NONE',  ( 1.020000000000000018, 2.789999999998999947, -3.500000000000000000 ) ) ;
#842 = EDGE_CURVE ( 'NONE', #2479, #1173, #1561, .T. ) ;
#843 = CARTESIAN_POINT ( 'NONE',  ( 0.9200000000000000400, 6.899999999998999378, 0.2999999999989999555 ) ) ;
#844 = VERTEX_POINT ( 'NONE', #1300 ) ;
#845 = EDGE_CURVE ( 'NONE', #1815, #854, #1956, .T. ) ;
#846 = DIRECTION ( 'NONE',  ( 0.000000000000000000, 0.000000000000000000, 1.000000000000000000 ) ) ;
#847 = EDGE_LOOP ( 'NONE', ( #1037, #2406, #2649, #1240 ) ) ;
#848 = DIRECTION ( 'NONE',  ( 0.000000000000000000, 0.000000000000000000, -1.000000000000000000 ) ) ;
#849 = PLANE ( 'NONE',  #159 ) ;
#850 = APPLICATION_PROTOCOL_DEFINITION ( 'draft international standard', 'automotive_design', 1998, #2152 ) ;
#851 = ORIENTED_EDGE ( 'NONE', *, *, #2612, .T. ) ;
#852 = DIRECTION ( 'NONE',  ( 0.000000000000000000, 0.000000000000000000, 1.000000000000000000 ) ) ;
#853 = CARTESIAN_POINT ( 'NONE',  ( 1.020000000000000018, -0.6999999999999999556, 7.950000000000000178 ) ) ;
#854 = VERTEX_POINT ( 'NONE', #1521 ) ;
#855 = FACE_OUTER_BOUND ( 'NONE', #1229, .T. ) ;
#856 = ORIENTED_EDGE ( 'NONE', *, *, #1606, .T. ) ;
#857 = CARTESIAN_POINT ( 'NONE',  ( 0.000000000000000000, -5.749999999998999911, 7.599999999998999556 ) ) ;
#858 = VECTOR ( 'NONE', #496, 1000.000000000000000 ) ;
#859 = ORIENTED_EDGE ( 'NONE', *, *, #1438, .F. ) ;
#860 = EDGE_CURVE ( 'NONE', #195, #777, #919, .T. ) ;
#861 = CIRCLE ( 'NONE', #1377, 0.2499999999999997780 ) ;
#862 = VECTOR ( 'NONE', #963, 1000.000000000000000 ) ;
#863 = DIRECTION ( 'NONE',  ( 1.000000000000000000, 0.000000000000000000, 0.000000000000000000 ) ) ;
#864 = CARTESIAN_POINT ( 'NONE',  ( 1.020000000000000018, -0.6999999999999999556, 8.449999999999999289 ) ) ;
#865 = DIRECTION ( 'NONE',  ( 0.000000000000000000, 1.000000000000000000, 0.000000000000000000 ) ) ;
#866 = CIRCLE ( 'NONE', #736, 2.250000000000000444 ) ;
#867 = DIRECTION ( 'NONE',  ( 0.000000000000000000, 0.000000000000000000, -1.000000000000000000 ) ) ;
#868 = VERTEX_POINT ( 'NONE', #2588 ) ;
#869 = LINE ( 'NONE', #1028, #450 ) ;
#870 = CIRCLE ( 'NONE', #1213, 1.500000000000000000 ) ;
#871 = FACE_OUTER_BOUND ( 'NONE', #2020, .T. ) ;
#872 = ORIENTED_EDGE ( 'NONE', *, *, #2001, .T. ) ;
#873 = CARTESIAN_POINT ( 'NONE',  ( -1.520000000000000018, 0.2499999999990000499, 2.499999999998999911 ) ) ;
#874 = VECTOR ( 'NONE', #1420, 1000.000000000000000 ) ;
#875 = EDGE_CURVE ( 'NONE', #408, #2530, #2378, .T. ) ;
#876 = VECTOR ( 'NONE', #1992, 1000.000000000000000 ) ;
#877 = ORIENTED_EDGE ( 'NONE', *, *, #138, .T. ) ;
#878 = EDGE_CURVE ( 'NONE', #854, #399, #483, .T. ) ;
#879 = LINE ( 'NONE', #2350, #725 ) ;
#880 = DIRECTION ( 'NONE',  ( -1.000000000000000000, 0.000000000000000000, 0.000000000000000000 ) ) ;
#881 = CARTESIAN_POINT ( 'NONE',  ( -1.020000000000000018, -0.6999999999999999556, 7.950000000000000178 ) ) ;
#882 = ORIENTED_EDGE ( 'NONE', *, *, #1239, .T. ) ;
#883 = EDGE_LOOP ( 'NONE', ( #427, #2392, #520, #2187 ) ) ;
#884 = LINE ( 'NONE', #841, #1681 ) ;
#885 = ORIENTED_EDGE ( 'NONE', *, *, #1503, .T. ) ;
#886 = DIRECTION ( 'NONE',  ( 1.000000000000000000, 0.000000000000000000, 0.000000000000000000 ) ) ;
#887 = EDGE_LOOP ( 'NONE', ( #1408, #1005, #1410, #1364 ) ) ;
#888 = CARTESIAN_POINT ( 'NONE',  ( 1.020000000000000018, 2.790000000000000036, 6.200000000000000178 ) ) ;
#889 = CARTESIAN_POINT ( 'NONE',  ( -0.9200000000000000400, -0.6999999999999999556, 0.2999999999989999555 ) ) ;
#890 = CARTESIAN_POINT ( 'NONE',  ( 1.020000000000000018, -0.6999999999999999556, 13.02999999999999936 ) ) ;
#891 = EDGE_CURVE ( 'NONE', #1863, #1356, #1534, .T. ) ;
#892 = DIRECTION ( 'NONE',  ( 0.000000000000000000, 0.000000000000000000, -1.000000000000000000 ) ) ;
#893 = PLANE ( 'NONE',  #1487 ) ;
#894 = ORIENTED_EDGE ( 'NONE', *, *, #630, .F. ) ;
#895 = CARTESIAN_POINT ( 'NONE',  ( 1.619999999999999885, -0.6999999999999999556, 15.29999999999999893 ) ) ;
#896 = EDGE_CURVE ( 'NONE', #2275, #1397, #1987, .T. ) ;
#897 = EDGE_LOOP ( 'NONE', ( #2135, #737, #1216, #2639 ) ) ;
#898 = CARTESIAN_POINT ( 'NONE',  ( -1.520000000000000018, 2.790000000000000036, 6.200000000000000178 ) ) ;
#899 = ORIENTED_EDGE ( 'NONE', *, *, #1720, .F. ) ;
#900 = VECTOR ( 'NONE', #1236, 1000.000000000000000 ) ;
#901 = DIRECTION ( 'NONE',  ( 0.000000000000000000, -1.000000000000000000, 0.000000000000000000 ) ) ;
#902 = CIRCLE ( 'NONE', #1293, 1.449999999999000755 ) ;
#903 = DIRECTION ( 'NONE',  ( 0.000000000000000000, 0.000000000000000000, -1.000000000000000000 ) ) ;
#904 = EDGE_CURVE ( 'NONE', #2289, #1094, #1093, .T. ) ;
#905 = VERTEX_POINT ( 'NONE', #2367 ) ;
#906 = DIRECTION ( 'NONE',  ( 0.000000000000000000, 0.000000000000000000, -1.000000000000000000 ) ) ;
#907 = ADVANCED_FACE ( 'NONE', ( #281 ), #1104, .F. ) ;
#908 = CARTESIAN_POINT ( 'NONE',  ( -1.619999999999999885, -0.6999999999999999556, 0.2999999999989999555 ) ) ;
#909 = VERTEX_POINT ( 'NONE', #1943 ) ;
#910 = CARTESIAN_POINT ( 'NONE',  ( 1.520000000000000018, -0.6999999999999999556, 13.53000000000000114 ) ) ;
#911 = AXIS2_PLACEMENT_3D ( 'NONE', #795, #886, #1288 ) ;
#912 = ORIENTED_EDGE ( 'NONE', *, *, #1147, .T. ) ;
#913 = AXIS2_PLACEMENT_3D ( 'NONE', #1025, #2713, #1653 ) ;
#914 = VECTOR ( 'NONE', #726, 1000.000000000000000 ) ;
#915 = CARTESIAN_POINT ( 'NONE',  ( 0.000000000000000000, -4.200000000000000178, 1.000000000000000000 ) ) ;
#916 = CARTESIAN_POINT ( 'NONE',  ( 1.020000000000000018, -0.2500000000000000000, 2.499999999998999911 ) ) ;
#917 = VECTOR ( 'NONE', #2387, 1000.000000000000000 ) ;
#918 = VERTEX_POINT ( 'NONE', #1933 ) ;
#919 = LINE ( 'NONE', #2143, #1071 ) ;
#920 = ADVANCED_FACE ( 'NONE', ( #69 ), #849, .T. ) ;
#921 = VERTEX_POINT ( 'NONE', #2552 ) ;
#922 = FACE_OUTER_BOUND ( 'NONE', #2659, .T. ) ;
#923 = EDGE_CURVE ( 'NONE', #2474, #1402, #493, .T. ) ;
#924 = CARTESIAN_POINT ( 'NONE',  ( -1.020000000000000018, -0.6999999999999999556, 2.750000000000000000 ) ) ;
#925 = DIRECTION ( 'NONE',  ( 0.000000000000000000, 0.000000000000000000, -1.000000000000000000 ) ) ;
#926 = DIRECTION ( 'NONE',  ( -1.000000000000000000, 0.000000000000000000, 0.000000000000000000 ) ) ;
#927 = VERTEX_POINT ( 'NONE', #1295 ) ;
#928 = EDGE_CURVE ( 'NONE', #1967, #1662, #879, .T. ) ;
#929 = DIRECTION ( 'NONE',  ( -1.000000000000000000, 0.000000000000000000, 0.000000000000000000 ) ) ;
#930 = LINE ( 'NONE', #2599, #914 ) ;
#931 = ORIENTED_EDGE ( 'NONE', *, *, #824, .F. ) ;
#932 = DIRECTION ( 'NONE',  ( 0.000000000000000000, 0.000000000000000000, 1.000000000000000000 ) ) ;
#933 = ORIENTED_EDGE ( 'NONE', *, *, #1542, .T. ) ;
#934 = LINE ( 'NONE', #910, #1695 ) ;
#935 = DIRECTION ( 'NONE',  ( 0.000000000000000000, 0.000000000000000000, -1.000000000000000000 ) ) ;
#936 = ADVANCED_FACE ( 'NONE', ( #1516 ), #835, .T. ) ;
#937 = ORIENTED_EDGE ( 'NONE', *, *, #2609, .F. ) ;
#938 = LINE ( 'NONE', #2418, #1991 ) ;
#939 = EDGE_CURVE ( 'NONE', #251, #1430, #2136, .T. ) ;
#940 = PLANE ( 'NONE',  #1649 ) ;
#941 = VECTOR ( 'NONE', #264, 1000.000000000000000 ) ;
#942 = CARTESIAN_POINT ( 'NONE',  ( 1.020000000000000018, 2.790000000000000036, 6.200000000000000178 ) ) ;
#943 = ORIENTED_EDGE ( 'NONE', *, *, #2678, .F. ) ;
#944 = VECTOR ( 'NONE', #1580, 1000.000000000000000 ) ;
#945 = CARTESIAN_POINT ( 'NONE',  ( 1.520000000000000018, 3.079999999999999627, 11.27999999999999936 ) ) ;
#946 = ORIENTED_EDGE ( 'NONE', *, *, #1906, .F. ) ;
#947 = UNCERTAINTY_MEASURE_WITH_UNIT (LENGTH_MEASURE( 1.000000000000000082E-05 ), #962, 'distance_accuracy_value', 'NONE');
#948 = DIRECTION ( 'NONE',  ( 0.000000000000000000, 1.000000000000000000, 0.000000000000000000 ) ) ;
#949 = CARTESIAN_POINT ( 'NONE',  ( 0.000000000000000000, -4.200000000000000178, 7.580000000000000071 ) ) ;
#950 = EDGE_LOOP ( 'NONE', ( #546, #2429, #541, #1509, #665, #931, #2521, #570 ) ) ;
#951 = EDGE_CURVE ( 'NONE', #315, #2590, #2475, .T. ) ;
#952 = FACE_OUTER_BOUND ( 'NONE', #1121, .T. ) ;
#953 = PLANE ( 'NONE',  #2176 ) ;
#954 = VECTOR ( 'NONE', #111, 1000.000000000000000 ) ;
#955 = DIRECTION ( 'NONE',  ( 0.000000000000000000, 0.000000000000000000, 1.000000000000000000 ) ) ;
#956 = EDGE_LOOP ( 'NONE', ( #2166, #2616, #659, #2669 ) ) ;
#957 = EDGE_CURVE ( 'NONE', #686, #2437, #1477, .T. ) ;
#958 = AXIS2_PLACEMENT_3D ( 'NONE', #857, #2525, #1663 ) ;
#959 = CARTESIAN_POINT ( 'NONE',  ( 1.775737858763000013E-16, -13.80121933088100228, 11.24999999999899991 ) ) ;
#960 = ORIENTED_EDGE ( 'NONE', *, *, #1969, .F. ) ;
#961 = VECTOR ( 'NONE', #989, 1000.000000000000000 ) ;
#962 =( LENGTH_UNIT ( ) NAMED_UNIT ( * ) SI_UNIT ( .MILLI., .METRE. ) );
#963 = DIRECTION ( 'NONE',  ( 1.000000000000000000, 0.000000000000000000, 0.000000000000000000 ) ) ;
#964 = LINE ( 'NONE', #2630, #1572 ) ;
#965 = ORIENTED_EDGE ( 'NONE', *, *, #565, .T. ) ;
#966 = ORIENTED_EDGE ( 'NONE', *, *, #404, .F. ) ;
#967 = PLANE ( 'NONE',  #1682 ) ;
#968 = CARTESIAN_POINT ( 'NONE',  ( 1.520000000000000018, -0.6999999999999999556, 3.249999999998999911 ) ) ;
#969 = CARTESIAN_POINT ( 'NONE',  ( -1.020000000000000018, 2.290000000000000036, 6.200000000000000178 ) ) ;
#970 = ORIENTED_EDGE ( 'NONE', *, *, #1724, .F. ) ;
#971 = ADVANCED_FACE ( 'NONE', ( #2109 ), #1927, .T. ) ;
#972 = ORIENTED_EDGE ( 'NONE', *, *, #1270, .T. ) ;
#973 = SURFACE_STYLE_FILL_AREA ( #788 ) ;
#974 = DIRECTION ( 'NONE',  ( 0.000000000000000000, 0.000000000000000000, 1.000000000000000000 ) ) ;
#975 = ORIENTED_EDGE ( 'NONE', *, *, #1043, .T. ) ;
#976 = CARTESIAN_POINT ( 'NONE',  ( 1.836970198721000105E-16, -4.699999999999000089, 9.080000000000000071 ) ) ;
#977 = EDGE_LOOP ( 'NONE', ( #1387, #142, #403, #303 ) ) ;
#978 = FACE_BOUND ( 'NONE', #1313, .T. ) ;
#979 = CARTESIAN_POINT ( 'NONE',  ( 1.020000000000000018, -0.5000000000000000000, 2.750000000000000000 ) ) ;
#980 = CARTESIAN_POINT ( 'NONE',  ( 1.020000000000000018, -0.2500000000000000000, 2.499999999998999911 ) ) ;
#981 = ORIENTED_EDGE ( 'NONE', *, *, #1929, .T. ) ;
#982 = CIRCLE ( 'NONE', #1247, 0.7500000000000000000 ) ;
#983 = EDGE_CURVE ( 'NONE', #825, #1453, #636, .T. ) ;
#984 = VECTOR ( 'NONE', #149, 1000.000000000000000 ) ;
#985 = EDGE_LOOP ( 'NONE', ( #1675, #800, #76, #851 ) ) ;
#986 = CARTESIAN_POINT ( 'NONE',  ( -1.619999999999999885, 6.899999999998999378, 0.2999999999989999555 ) ) ;
#987 = ADVANCED_FACE ( 'NONE', ( #1040 ), #2711, .F. ) ;
#988 = CIRCLE ( 'NONE', #591, 0.7500000000000000000 ) ;
#989 = DIRECTION ( 'NONE',  ( 0.000000000000000000, 1.000000000000000000, 2.168404344971000191E-15 ) ) ;
#990 = CARTESIAN_POINT ( 'NONE',  ( 1.020000000000000018, 2.789999999998999947, -3.500000000000000000 ) ) ;
#991 = ORIENTED_EDGE ( 'NONE', *, *, #2701, .T. ) ;
#992 = EDGE_LOOP ( 'NONE', ( #1584, #1881, #1823, #1271 ) ) ;
#993 = LINE ( 'NONE', #535, #984 ) ;
#994 = CARTESIAN_POINT ( 'NONE',  ( 0.000000000000000000, -4.200000000000000178, 7.580000000000000071 ) ) ;
#995 = VECTOR ( 'NONE', #1368, 1000.000000000000000 ) ;
#996 = CYLINDRICAL_SURFACE ( 'NONE', #696, 1.749999999999000577 ) ;
#997 = ORIENTED_EDGE ( 'NONE', *, *, #582, .F. ) ;
#998 = ORIENTED_EDGE ( 'NONE', *, *, #1386, .F. ) ;
#999 = CARTESIAN_POINT ( 'NONE',  ( 1.020000000000000018, -0.2500000000000000000, -3.500000000000000000 ) ) ;
#1000 = ADVANCED_FACE ( 'NONE', ( #653 ), #204, .F. ) ;
#1001 = CARTESIAN_POINT ( 'NONE',  ( -1.020000000000000018, -0.6999999999999999556, 13.02999999999999936 ) ) ;
#1002 = DIRECTION ( 'NONE',  ( 1.000000000000000000, 0.000000000000000000, 0.000000000000000000 ) ) ;
#1003 = AXIS2_PLACEMENT_3D ( 'NONE', #798, #1454, #1012 ) ;
#1004 = PLANE ( 'NONE',  #1199 ) ;
#1005 = ORIENTED_EDGE ( 'NONE', *, *, #1147, .F. ) ;
#1006 = EDGE_CURVE ( 'NONE', #2355, #2357, #70, .T. ) ;
#1007 = VERTEX_POINT ( 'NONE', #1910 ) ;
#1008 = ADVANCED_FACE ( 'NONE', ( #1666 ), #2120, .T. ) ;
#1009 = CARTESIAN_POINT ( 'NONE',  ( -1.020000000000000018, 5.330000000000000071, -3.499999999998999911 ) ) ;
#1010 =( LENGTH_UNIT ( ) NAMED_UNIT ( * ) SI_UNIT ( .MILLI., .METRE. ) );
#1011 = ORIENTED_EDGE ( 'NONE', *, *, #242, .T. ) ;
#1012 = DIRECTION ( 'NONE',  ( 1.000000000000000000, 0.000000000000000000, 0.000000000000000000 ) ) ;
#1013 = DIRECTION ( 'NONE',  ( 1.000000000000000000, 0.000000000000000000, 0.000000000000000000 ) ) ;
#1014 = EDGE_LOOP ( 'NONE', ( #471, #1880, #2456, #1937 ) ) ;
#1015 = CARTESIAN_POINT ( 'NONE',  ( 0.9200000000000000400, -0.6999999999999999556, 15.29999999999999893 ) ) ;
#1016 = DIRECTION ( 'NONE',  ( -1.000000000000000000, 0.000000000000000000, 0.000000000000000000 ) ) ;
#1017 = EDGE_LOOP ( 'NONE', ( #700, #360, #1264, #1931 ) ) ;
#1018 = LINE ( 'NONE', #2283, #328 ) ;
#1019 = CARTESIAN_POINT ( 'NONE',  ( 0.9200000000000000400, 14.49999999999899991, 0.000000000000000000 ) ) ;
#1020 = EDGE_CURVE ( 'NONE', #918, #299, #52, .T. ) ;
#1021 = CARTESIAN_POINT ( 'NONE',  ( -1.520000000000000018, 2.290000000000000036, 6.200000000000000178 ) ) ;
#1022 = VERTEX_POINT ( 'NONE', #889 ) ;
#1023 = CYLINDRICAL_SURFACE ( 'NONE', #1911, 0.2499999999999997780 ) ;
#1024 = EDGE_CURVE ( 'NONE', #2603, #744, #2076, .T. ) ;
#1025 = CARTESIAN_POINT ( 'NONE',  ( 0.000000000000000000, -4.200000000000000178, 12.69999999999900098 ) ) ;
#1026 = ORIENTED_EDGE ( 'NONE', *, *, #32, .F. ) ;
#1027 = UNCERTAINTY_MEASURE_WITH_UNIT (LENGTH_MEASURE( 1.000000000000000082E-05 ), #1010, 'distance_accuracy_value', 'NONE');
#1028 = CARTESIAN_POINT ( 'NONE',  ( -1.020000000000000018, 3.079999999999999627, 13.02999999999999936 ) ) ;
#1029 = MECHANICAL_DESIGN_GEOMETRIC_PRESENTATION_REPRESENTATION (  '', ( #539 ), #1153 ) ;
#1030 = CARTESIAN_POINT ( 'NONE',  ( 1.520000000000000018, 0.5400000000000000355, 6.200000000000000178 ) ) ;
#1031 = VECTOR ( 'NONE', #438, 1000.000000000000000 ) ;
#1032 = LINE ( 'NONE', #1414, #2301 ) ;
#1033 = ORIENTED_EDGE ( 'NONE', *, *, #1242, .F. ) ;
#1034 = PLANE ( 'NONE',  #133 ) ;
#1035 = VECTOR ( 'NONE', #812, 1000.000000000000000 ) ;
#1036 = VECTOR ( 'NONE', #2013, 1000.000000000000000 ) ;
#1037 = ORIENTED_EDGE ( 'NONE', *, *, #413, .F. ) ;
#1038 = ADVANCED_FACE ( 'NONE', ( #1255 ), #219, .T. ) ;
#1039 = DIRECTION ( 'NONE',  ( 0.000000000000000000, -1.000000000000000000, 0.000000000000000000 ) ) ;
#1040 = FACE_OUTER_BOUND ( 'NONE', #2381, .T. ) ;
#1041 = VECTOR ( 'NONE', #593, 1000.000000000000000 ) ;
#1042 = LINE ( 'NONE', #1875, #695 ) ;
#1043 = EDGE_CURVE ( 'NONE', #1022, #1446, #1329, .T. ) ;
#1044 = ORIENTED_EDGE ( 'NONE', *, *, #1322, .T. ) ;
#1045 = AXIS2_PLACEMENT_3D ( 'NONE', #1898, #622, #2260 ) ;
#1046 = CARTESIAN_POINT ( 'NONE',  ( -1.020000000000000018, 4.830000000000000071, 11.27999999999999936 ) ) ;
#1047 = EDGE_CURVE ( 'NONE', #2348, #2438, #861, .T. ) ;
#1048 = CIRCLE ( 'NONE', #2573, 0.7500000000000000000 ) ;
#1049 = DIRECTION ( 'NONE',  ( -1.000000000000000000, 0.000000000000000000, 0.000000000000000000 ) ) ;
#1050 = VERTEX_POINT ( 'NONE', #2239 ) ;
#1051 = PLANE ( 'NONE',  #2005 ) ;
#1052 = ORIENTED_EDGE ( 'NONE', *, *, #2584, .T. ) ;
#1053 = CARTESIAN_POINT ( 'NONE',  ( -1.020000000000000018, 3.079999999999999627, 11.27999999999999936 ) ) ;
#1054 = EDGE_LOOP ( 'NONE', ( #2466, #623, #642, #856 ) ) ;
#1055 = DIRECTION ( 'NONE',  ( 0.000000000000000000, 0.000000000000000000, 1.000000000000000000 ) ) ;
#1056 = DIRECTION ( 'NONE',  ( -1.000000000000000000, 0.000000000000000000, 0.000000000000000000 ) ) ;
#1057 = ORIENTED_EDGE ( 'NONE', *, *, #2092, .F. ) ;
#1058 = FACE_OUTER_BOUND ( 'NONE', #2264, .T. ) ;
#1059 = ORIENTED_EDGE ( 'NONE', *, *, #2609, .T. ) ;
#1060 = CARTESIAN_POINT ( 'NONE',  ( 1.619999999999999885, 14.49999999999899991, 0.000000000000000000 ) ) ;
#1061 = ORIENTED_EDGE ( 'NONE', *, *, #2313, .F. ) ;
#1062 = DIRECTION ( 'NONE',  ( 0.000000000000000000, 0.000000000000000000, -1.000000000000000000 ) ) ;
#1063 = CARTESIAN_POINT ( 'NONE',  ( -1.020000000000000018, -0.2500000000000000000, 2.499999999998999911 ) ) ;
#1064 = DIRECTION ( 'NONE',  ( 0.000000000000000000, 1.000000000000000000, 2.168404344971000191E-15 ) ) ;
#1065 = VERTEX_POINT ( 'NONE', #2484 ) ;
#1066 = EDGE_CURVE ( 'NONE', #2206, #1808, #2069, .T. ) ;
#1067 = CARTESIAN_POINT ( 'NONE',  ( 1.020000000000000018, -0.2500000000000000000, -3.500000000000000000 ) ) ;
#1068 = ORIENTED_EDGE ( 'NONE', *, *, #842, .T. ) ;
#1069 = FACE_OUTER_BOUND ( 'NONE', #1725, .T. ) ;
#1070 = EDGE_CURVE ( 'NONE', #1178, #2029, #1032, .T. ) ;
#1071 = VECTOR ( 'NONE', #932, 1000.000000000000000 ) ;
#1072 = ORIENTED_EDGE ( 'NONE', *, *, #827, .F. ) ;
#1073 = VECTOR ( 'NONE', #500, 1000.000000000000000 ) ;
#1074 = VECTOR ( 'NONE', #238, 1000.000000000000000 ) ;
#1075 = CARTESIAN_POINT ( 'NONE',  ( 0.000000000000000000, -5.749999999998999911, 2.500000000000000000 ) ) ;
#1076 = FACE_OUTER_BOUND ( 'NONE', #28, .T. ) ;
#1077 = DIRECTION ( 'NONE',  ( 0.000000000000000000, -1.000000000000000000, 0.000000000000000000 ) ) ;
#1078 = ORIENTED_EDGE ( 'NONE', *, *, #1776, .T. ) ;
#1079 = DIRECTION ( 'NONE',  ( 0.000000000000000000, 1.000000000000000000, 0.000000000000000000 ) ) ;
#1080 = VECTOR ( 'NONE', #2684, 1000.000000000000000 ) ;
#1081 = VERTEX_POINT ( 'NONE', #831 ) ;
#1082 = CARTESIAN_POINT ( 'NONE',  ( 1.020000000000000018, -0.6999999999999999556, 13.53000000000000114 ) ) ;
#1083 = VECTOR ( 'NONE', #1833, 1000.000000000000000 ) ;
#1084 = EDGE_LOOP ( 'NONE', ( #2446, #136, #50, #2624, #1545, #2507, #1280, #1537 ) ) ;
#1085 = AXIS2_PLACEMENT_3D ( 'NONE', #308, #2186, #2399 ) ;
#1086 = CARTESIAN_POINT ( 'NONE',  ( 0.000000000000000000, -5.749999999998999911, 7.599999999998999556 ) ) ;
#1087 = ADVANCED_FACE ( 'NONE', ( #2686 ), #1188, .T. ) ;
#1088 = CARTESIAN_POINT ( 'NONE',  ( -1.020000000000000018, 2.790000000000000036, 6.200000000000000178 ) ) ;
#1089 = CARTESIAN_POINT ( 'NONE',  ( 1.520000000000000018, 2.790000000000000036, 6.200000000000000178 ) ) ;
#1090 = CARTESIAN_POINT ( 'NONE',  ( 1.020000000000000018, 0.5400000000000000355, 6.200000000000000178 ) ) ;
#1091 = ORIENTED_EDGE ( 'NONE', *, *, #1337, .F. ) ;
#1092 = ORIENTED_EDGE ( 'NONE', *, *, #1111, .F. ) ;
#1093 = LINE ( 'NONE', #290, #1421 ) ;
#1094 = VERTEX_POINT ( 'NONE', #563 ) ;
#1095 = LINE ( 'NONE', #1958, #168 ) ;
#1096 = VERTEX_POINT ( 'NONE', #990 ) ;
#1097 = CARTESIAN_POINT ( 'NONE',  ( 2.199999999999000089, 6.899999999998999378, 15.29999999999999893 ) ) ;
#1098 = EDGE_CURVE ( 'NONE', #46, #1505, #2658, .T. ) ;
#1099 = CYLINDRICAL_SURFACE ( 'NONE', #1391, 1.449999999999000755 ) ;
#1100 = EDGE_CURVE ( 'NONE', #2130, #2645, #2469, .T. ) ;
#1101 = CARTESIAN_POINT ( 'NONE',  ( -1.020000000000000018, 2.290000000000000036, 6.200000000000000178 ) ) ;
#1102 = EDGE_LOOP ( 'NONE', ( #1759, #882, #1352, #1496, #145, #773, #1078, #2533 ) ) ;
#1103 = ORIENTED_EDGE ( 'NONE', *, *, #704, .T. ) ;
#1104 = CYLINDRICAL_SURFACE ( 'NONE', #1197, 1.499999999999000355 ) ;
#1105 = ORIENTED_EDGE ( 'NONE', *, *, #668, .T. ) ;
#1106 = CARTESIAN_POINT ( 'NONE',  ( -1.020000000000000018, -0.6999999999999999556, 8.449999999999999289 ) ) ;
#1107 = DIRECTION ( 'NONE',  ( 0.000000000000000000, 0.000000000000000000, -1.000000000000000000 ) ) ;
#1108 = ORIENTED_EDGE ( 'NONE', *, *, #2375, .F. ) ;
#1109 = VECTOR ( 'NONE', #2356, 1000.000000000000000 ) ;
#1110 = VECTOR ( 'NONE', #1016, 1000.000000000000000 ) ;
#1111 = EDGE_CURVE ( 'NONE', #868, #2400, #818, .T. ) ;
#1112 = DIRECTION ( 'NONE',  ( -1.000000000000000000, 0.000000000000000000, 0.000000000000000000 ) ) ;
#1113 = AXIS2_PLACEMENT_3D ( 'NONE', #1838, #1202, #2039 ) ;
#1114 = FACE_OUTER_BOUND ( 'NONE', #822, .T. ) ;
#1115 = EDGE_CURVE ( 'NONE', #2009, #1613, #497, .T. ) ;
#1116 = ORIENTED_EDGE ( 'NONE', *, *, #2656, .T. ) ;
#1117 = FACE_OUTER_BOUND ( 'NONE', #163, .T. ) ;
#1118 = CARTESIAN_POINT ( 'NONE',  ( 1.020000000000000018, 4.830000000000000071, -3.499999999998999911 ) ) ;
#1119 = DIRECTION ( 'NONE',  ( 0.000000000000000000, 0.000000000000000000, -1.000000000000000000 ) ) ;
#1120 = EDGE_CURVE ( 'NONE', #1007, #524, #729, .T. ) ;
#1121 = EDGE_LOOP ( 'NONE', ( #1867, #2148, #1330, #1728 ) ) ;
#1122 = DIRECTION ( 'NONE',  ( 0.000000000000000000, -1.000000000000000000, 0.000000000000000000 ) ) ;
#1123 = CARTESIAN_POINT ( 'NONE',  ( -1.520000000000000018, 0.5400000000000000355, 8.449999999999999289 ) ) ;
#1124 = VECTOR ( 'NONE', #1767, 1000.000000000000000 ) ;
#1125 = CARTESIAN_POINT ( 'NONE',  ( -1.520000000000000018, 3.079999999999999627, 13.53000000000000114 ) ) ;
#1126 = ORIENTED_EDGE ( 'NONE', *, *, #1741, .F. ) ;
#1127 = CARTESIAN_POINT ( 'NONE',  ( 1.520000000000000018, -0.6999999999999999556, 7.950000000000000178 ) ) ;
#1128 = VECTOR ( 'NONE', #2436, 1000.000000000000000 ) ;
#1129 = CARTESIAN_POINT ( 'NONE',  ( 0.000000000000000000, -4.200000000000000178, 2.500000000000000000 ) ) ;
#1130 = DIRECTION ( 'NONE',  ( 1.000000000000000000, 0.000000000000000000, 0.000000000000000000 ) ) ;
#1131 = AXIS2_PLACEMENT_3D ( 'NONE', #1090, #1372, #550 ) ;
#1132 = VERTEX_POINT ( 'NONE', #373 ) ;
#1133 = DIRECTION ( 'NONE',  ( 0.000000000000000000, 0.000000000000000000, -1.000000000000000000 ) ) ;
#1134 = CARTESIAN_POINT ( 'NONE',  ( 1.020000000000000018, 0.2499999999990000499, -3.500000000000000000 ) ) ;
#1135 = VERTEX_POINT ( 'NONE', #2056 ) ;
#1136 = LINE ( 'NONE', #307, #1124 ) ;
#1137 = ADVANCED_FACE ( 'NONE', ( #601 ), #1004, .T. ) ;
#1138 = DIRECTION ( 'NONE',  ( -1.121588454294999970E-16, 1.000000000000000000, 0.000000000000000000 ) ) ;
#1139 = EDGE_LOOP ( 'NONE', ( #2142, #2318, #2527, #85 ) ) ;
#1140 = DIRECTION ( 'NONE',  ( 0.000000000000000000, -1.000000000000000000, 0.000000000000000000 ) ) ;
#1141 = FACE_OUTER_BOUND ( 'NONE', #2048, .T. ) ;
#1142 = CARTESIAN_POINT ( 'NONE',  ( 1.619999999999999885, -0.6999999999999999556, 0.000000000000000000 ) ) ;
#1143 = VERTEX_POINT ( 'NONE', #1429 ) ;
#1144 = CARTESIAN_POINT ( 'NONE',  ( 1.619999999999999885, -0.6999999999999999556, 0.2999999999989999555 ) ) ;
#1145 = ORIENTED_EDGE ( 'NONE', *, *, #2259, .F. ) ;
#1146 = DIRECTION ( 'NONE',  ( 0.000000000000000000, -1.000000000000000000, 0.000000000000000000 ) ) ;
#1147 = EDGE_CURVE ( 'NONE', #21, #2438, #2270, .T. ) ;
#1148 = DIRECTION ( 'NONE',  ( 0.000000000000000000, -1.734723475976000090E-15, 1.000000000000000000 ) ) ;
#1149 = PLANE ( 'NONE',  #748 ) ;
#1150 = EDGE_LOOP ( 'NONE', ( #859, #191, #98, #2687, #2179, #1848, #1519, #1287, #997, #1072, #2212, #605 ) ) ;
#1151 = EDGE_CURVE ( 'NONE', #909, #1135, #2518, .T. ) ;
#1152 = DIRECTION ( 'NONE',  ( -1.000000000000000000, 0.000000000000000000, 0.000000000000000000 ) ) ;
#1153 =( GEOMETRIC_REPRESENTATION_CONTEXT ( 3 ) GLOBAL_UNCERTAINTY_ASSIGNED_CONTEXT ( ( #947 ) ) GLOBAL_UNIT_ASSIGNED_CONTEXT ( ( #962, #1411, #2290 ) ) REPRESENTATION_CONTEXT ( 'NONE', 'WORKASPACE' ) );
#1154 = DIRECTION ( 'NONE',  ( 0.000000000000000000, -1.000000000000000000, 0.000000000000000000 ) ) ;
#1155 = AXIS2_PLACEMENT_3D ( 'NONE', #1366, #2625, #759 ) ;
#1156 = CARTESIAN_POINT ( 'NONE',  ( -1.520000000000000018, 0.5400000000000000355, 6.200000000000000178 ) ) ;
#1157 = ORIENTED_EDGE ( 'NONE', *, *, #1195, .F. ) ;
#1158 = AXIS2_PLACEMENT_3D ( 'NONE', #213, #2706, #375 ) ;
#1159 = VECTOR ( 'NONE', #1615, 1000.000000000000000 ) ;
#1160 = ORIENTED_EDGE ( 'NONE', *, *, #193, .T. ) ;
#1161 = CARTESIAN_POINT ( 'NONE',  ( -1.520000000000000018, 3.079999999999999627, 11.27999999999999936 ) ) ;
#1162 = FACE_OUTER_BOUND ( 'NONE', #977, .T. ) ;
#1163 = CARTESIAN_POINT ( 'NONE',  ( 2.199999999999000089, 6.899999999998999378, 0.000000000000000000 ) ) ;
#1164 = DIRECTION ( 'NONE',  ( 0.000000000000000000, 0.000000000000000000, 1.000000000000000000 ) ) ;
#1165 = VERTEX_POINT ( 'NONE', #2156 ) ;
#1166 = VECTOR ( 'NONE', #485, 1000.000000000000000 ) ;
#1167 = VERTEX_POINT ( 'NONE', #843 ) ;
#1168 = DIRECTION ( 'NONE',  ( 0.000000000000000000, 0.000000000000000000, 1.000000000000000000 ) ) ;
#1169 = ADVANCED_FACE ( 'NONE', ( #871 ), #1673, .T. ) ;
#1170 = DIRECTION ( 'NONE',  ( 0.000000000000000000, 0.000000000000000000, -1.000000000000000000 ) ) ;
#1171 = ORIENTED_EDGE ( 'NONE', *, *, #565, .F. ) ;
#1172 = AXIS2_PLACEMENT_3D ( 'NONE', #181, #830, #1235 ) ;
#1173 = VERTEX_POINT ( 'NONE', #1903 ) ;
#1174 = CARTESIAN_POINT ( 'NONE',  ( 1.520000000000000018, 2.290000000000000036, 6.200000000000000178 ) ) ;
#1175 = CYLINDRICAL_SURFACE ( 'NONE', #2401, 1.499999999999000355 ) ;
#1176 = ORIENTED_EDGE ( 'NONE', *, *, #154, .T. ) ;
#1177 = CARTESIAN_POINT ( 'NONE',  ( -1.520000000000000018, -0.6999999999999999556, 13.02999999999999936 ) ) ;
#1178 = VERTEX_POINT ( 'NONE', #2329 ) ;
#1179 = DIRECTION ( 'NONE',  ( -0.000000000000000000, 1.000000000000000000, 0.000000000000000000 ) ) ;
#1180 = LINE ( 'NONE', #1818, #339 ) ;
#1181 = ADVANCED_FACE ( 'NONE', ( #855 ), #1891, .T. ) ;
#1182 = CARTESIAN_POINT ( 'NONE',  ( -2.200000000000000178, -4.699999999999000089, 0.000000000000000000 ) ) ;
#1183 = EDGE_LOOP ( 'NONE', ( #2710, #2396, #1717, #306 ) ) ;
#1184 = EDGE_CURVE ( 'NONE', #2154, #504, #22, .T. ) ;
#1185 = ORIENTED_EDGE ( 'NONE', *, *, #2263, .F. ) ;
#1186 = DIRECTION ( 'NONE',  ( -1.000000000000000000, 0.000000000000000000, 0.000000000000000000 ) ) ;
#1187 = DIRECTION ( 'NONE',  ( 0.000000000000000000, 0.000000000000000000, -1.000000000000000000 ) ) ;
#1188 = PLANE ( 'NONE',  #2477 ) ;
#1189 = ORIENTED_EDGE ( 'NONE', *, *, #461, .T. ) ;
#1190 = DIRECTION ( 'NONE',  ( -1.000000000000000000, 0.000000000000000000, 0.000000000000000000 ) ) ;
#1191 = ORIENTED_EDGE ( 'NONE', *, *, #638, .T. ) ;
#1192 = FACE_OUTER_BOUND ( 'NONE', #883, .T. ) ;
#1193 = PLANE ( 'NONE',  #1172 ) ;
#1194 = DIRECTION ( 'NONE',  ( -1.000000000000000000, 0.000000000000000000, 0.000000000000000000 ) ) ;
#1195 = EDGE_CURVE ( 'NONE', #1800, #1751, #746, .T. ) ;
#1196 = VERTEX_POINT ( 'NONE', #1536 ) ;
#1197 = AXIS2_PLACEMENT_3D ( 'NONE', #1968, #2601, #1765 ) ;
#1198 = EDGE_CURVE ( 'NONE', #2523, #594, #2395, .T. ) ;
#1199 = AXIS2_PLACEMENT_3D ( 'NONE', #1840, #2672, #1049 ) ;
#1200 = ORIENTED_EDGE ( 'NONE', *, *, #2182, .F. ) ;
#1201 = DIRECTION ( 'NONE',  ( 0.000000000000000000, 0.000000000000000000, 1.000000000000000000 ) ) ;
#1202 = DIRECTION ( 'NONE',  ( 0.000000000000000000, -1.000000000000000000, 0.000000000000000000 ) ) ;
#1203 = AXIS2_PLACEMENT_3D ( 'NONE', #2506, #1055, #2698 ) ;
#1204 = EDGE_CURVE ( 'NONE', #825, #1022, #1980, .T. ) ;
#1205 = DIRECTION ( 'NONE',  ( 0.000000000000000000, -1.734723475976000090E-15, 1.000000000000000000 ) ) ;
#1206 = DIRECTION ( 'NONE',  ( 1.000000000000000000, 0.000000000000000000, 0.000000000000000000 ) ) ;
#1207 = ORIENTED_EDGE ( 'NONE', *, *, #2244, .T. ) ;
#1208 = CARTESIAN_POINT ( 'NONE',  ( 0.000000000000000000, -5.749999999998999911, 12.69999999999900098 ) ) ;
#1209 = ORIENTED_EDGE ( 'NONE', *, *, #334, .T. ) ;
#1210 = LINE ( 'NONE', #1905, #422 ) ;
#1211 = CIRCLE ( 'NONE', #1564, 0.2499999999999997780 ) ;
#1212 = CYLINDRICAL_SURFACE ( 'NONE', #1085, 1.449999999999000755 ) ;
#1213 = AXIS2_PLACEMENT_3D ( 'NONE', #1129, #1736, #2324 ) ;
#1214 = DIRECTION ( 'NONE',  ( 0.000000000000000000, -1.734723475976000090E-15, 1.000000000000000000 ) ) ;
#1215 = EDGE_LOOP ( 'NONE', ( #1227, #1171, #2222, #2027 ) ) ;
#1216 = ORIENTED_EDGE ( 'NONE', *, *, #1320, .T. ) ;
#1217 = CARTESIAN_POINT ( 'NONE',  ( -1.520000000000000018, -0.6999999999999999556, 2.750000000000000000 ) ) ;
#1218 = EDGE_CURVE ( 'NONE', #230, #1397, #1355, .T. ) ;
#1219 = CARTESIAN_POINT ( 'NONE',  ( 1.775737858763000013E-16, -13.80121933088100228, 6.149999999999000266 ) ) ;
#1220 = FACE_OUTER_BOUND ( 'NONE', #393, .T. ) ;
#1221 = VECTOR ( 'NONE', #199, 1000.000000000000000 ) ;
#1222 = CARTESIAN_POINT ( 'NONE',  ( -1.020000000000000018, -0.2500000000000000000, 2.499999999998999911 ) ) ;
#1223 = ORIENTED_EDGE ( 'NONE', *, *, #1024, .T. ) ;
#1224 = DIRECTION ( 'NONE',  ( 1.000000000000000000, 0.000000000000000000, 0.000000000000000000 ) ) ;
#1225 = EDGE_CURVE ( 'NONE', #299, #921, #1338, .T. ) ;
#1226 = DIRECTION ( 'NONE',  ( 0.000000000000000000, 0.000000000000000000, 1.000000000000000000 ) ) ;
#1227 = ORIENTED_EDGE ( 'NONE', *, *, #1604, .T. ) ;
#1228 = CARTESIAN_POINT ( 'NONE',  ( 1.020000000000000018, -0.6999999999999999556, 7.950000000000000178 ) ) ;
#1229 = EDGE_LOOP ( 'NONE', ( #2306, #1904, #1105, #1853 ) ) ;
#1230 = CARTESIAN_POINT ( 'NONE',  ( 1.020000000000000018, 0.5400000000000000355, 6.200000000000000178 ) ) ;
#1231 = LINE ( 'NONE', #2021, #2053 ) ;
#1232 = ORIENTED_EDGE ( 'NONE', *, *, #1308, .T. ) ;
#1233 = CARTESIAN_POINT ( 'NONE',  ( -1.020000000000000018, -0.5000000000000000000, 3.250000000000000000 ) ) ;
#1234 = CARTESIAN_POINT ( 'NONE',  ( -1.020000000000000018, -0.6999999999999999556, 3.249999999998999911 ) ) ;
#1235 = DIRECTION ( 'NONE',  ( 0.000000000000000000, 1.000000000000000000, 0.000000000000000000 ) ) ;
#1236 = DIRECTION ( 'NONE',  ( 1.000000000000000000, 0.000000000000000000, 0.000000000000000000 ) ) ;
#1237 = EDGE_CURVE ( 'NONE', #1613, #504, #72, .T. ) ;
#1238 = EDGE_LOOP ( 'NONE', ( #2002, #271 ) ) ;
#1239 = EDGE_CURVE ( 'NONE', #313, #1815, #2409, .T. ) ;
#1240 = ORIENTED_EDGE ( 'NONE', *, *, #1225, .T. ) ;
#1241 = CARTESIAN_POINT ( 'NONE',  ( 0.000000000000000000, 1.100000000000000089, 15.29999999999999893 ) ) ;
#1242 = EDGE_CURVE ( 'NONE', #240, #458, #1470, .T. ) ;
#1243 = EDGE_LOOP ( 'NONE', ( #1651, #355, #1052, #1471 ) ) ;
#1244 = CARTESIAN_POINT ( 'NONE',  ( 0.000000000000000000, -5.749999999998999911, 12.69999999999900098 ) ) ;
#1245 = EDGE_LOOP ( 'NONE', ( #1628, #747, #528, #348 ) ) ;
#1246 = DIRECTION ( 'NONE',  ( 0.000000000000000000, 1.000000000000000000, 0.000000000000000000 ) ) ;
#1247 = AXIS2_PLACEMENT_3D ( 'NONE', #712, #304, #906 ) ;
#1248 = CARTESIAN_POINT ( 'NONE',  ( -2.200000000000000178, 6.899999999998999378, 0.000000000000000000 ) ) ;
#1249 = ORIENTED_EDGE ( 'NONE', *, *, #1507, .F. ) ;
#1250 = LINE ( 'NONE', #2674, #1835 ) ;
#1251 = VECTOR ( 'NONE', #865, 1000.000000000000000 ) ;
#1252 = CARTESIAN_POINT ( 'NONE',  ( -1.020000000000000018, -0.2500000000000000000, -3.500000000000000000 ) ) ;
#1253 = VERTEX_POINT ( 'NONE', #2615 ) ;
#1254 = ADVANCED_FACE ( 'NONE', ( #2424 ), #527, .T. ) ;
#1255 = FACE_OUTER_BOUND ( 'NONE', #807, .T. ) ;
#1256 = LINE ( 'NONE', #1858, #1608 ) ;
#1257 = DIRECTION ( 'NONE',  ( 0.000000000000000000, 0.000000000000000000, -1.000000000000000000 ) ) ;
#1258 = EDGE_CURVE ( 'NONE', #868, #1799, #993, .T. ) ;
#1259 = CARTESIAN_POINT ( 'NONE',  ( -2.200000000000000178, 6.899999999998999378, 15.29999999999999893 ) ) ;
#1260 = ORIENTED_EDGE ( 'NONE', *, *, #1066, .F. ) ;
#1261 = AXIS2_PLACEMENT_3D ( 'NONE', #2491, #2110, #380 ) ;
#1262 = LINE ( 'NONE', #2124, #1859 ) ;
#1263 = AXIS2_PLACEMENT_3D ( 'NONE', #2025, #1077, #2643 ) ;
#1264 = ORIENTED_EDGE ( 'NONE', *, *, #923, .F. ) ;
#1265 = CARTESIAN_POINT ( 'NONE',  ( -1.520000000000000018, 4.830000000000000071, -3.499999999998999911 ) ) ;
#1266 = CARTESIAN_POINT ( 'NONE',  ( 1.775737858763000013E-16, -5.749999999998999911, 11.24999999999899991 ) ) ;
#1267 = ORIENTED_EDGE ( 'NONE', *, *, #416, .T. ) ;
#1268 = DIRECTION ( 'NONE',  ( -1.000000000000000000, 0.000000000000000000, 0.000000000000000000 ) ) ;
#1269 = DIRECTION ( 'NONE',  ( 0.000000000000000000, -1.000000000000000000, 0.000000000000000000 ) ) ;
#1270 = EDGE_CURVE ( 'NONE', #1402, #1196, #1347, .T. ) ;
#1271 = ORIENTED_EDGE ( 'NONE', *, *, #630, .T. ) ;
#1272 = CARTESIAN_POINT ( 'NONE',  ( -0.9200000000000000400, 14.49999999999899991, 15.29999999999999893 ) ) ;
#1273 = DIRECTION ( 'NONE',  ( 0.000000000000000000, -1.000000000000000000, 0.000000000000000000 ) ) ;
#1274 = EDGE_CURVE ( 'NONE', #2357, #2355, #1424, .T. ) ;
#1275 = ORIENTED_EDGE ( 'NONE', *, *, #365, .F. ) ;
#1276 = CARTESIAN_POINT ( 'NONE',  ( 1.619999999999999885, 6.899999999998999378, 0.000000000000000000 ) ) ;
#1277 = ORIENTED_EDGE ( 'NONE', *, *, #626, .F. ) ;
#1278 = CARTESIAN_POINT ( 'NONE',  ( 1.520000000000000018, -0.6999999999999999556, 8.449999999999999289 ) ) ;
#1279 = PLANE ( 'NONE',  #1003 ) ;
#1280 = ORIENTED_EDGE ( 'NONE', *, *, #763, .T. ) ;
#1281 = CARTESIAN_POINT ( 'NONE',  ( 1.020000000000000018, -0.2500000000000000000, 2.499999999998999911 ) ) ;
#1282 = CARTESIAN_POINT ( 'NONE',  ( 0.000000000000000000, 1.100000000000000089, 0.000000000000000000 ) ) ;
#1283 = FACE_OUTER_BOUND ( 'NONE', #463, .T. ) ;
#1284 = EDGE_LOOP ( 'NONE', ( #474, #937, #1514, #2144, #810, #1812, #981, #2011 ) ) ;
#1285 = CARTESIAN_POINT ( 'NONE',  ( -2.200000000000000178, 6.899999999998999378, 15.29999999999999893 ) ) ;
#1286 = ADVANCED_FACE ( 'NONE', ( #952 ), #1787, .F. ) ;
#1287 = ORIENTED_EDGE ( 'NONE', *, *, #2040, .T. ) ;
#1288 = DIRECTION ( 'NONE',  ( 0.000000000000000000, 0.000000000000000000, -1.000000000000000000 ) ) ;
#1289 = ADVANCED_FACE ( 'NONE', ( #2003, #1390, #978, #1816 ), #967, .F. ) ;
#1290 = VECTOR ( 'NONE', #358, 1000.000000000000000 ) ;
#1291 = ORIENTED_EDGE ( 'NONE', *, *, #2408, .T. ) ;
#1292 = VECTOR ( 'NONE', #1152, 1000.000000000000000 ) ;
#1293 = AXIS2_PLACEMENT_3D ( 'NONE', #1208, #2047, #1461 ) ;
#1294 = DIRECTION ( 'NONE',  ( 0.000000000000000000, 0.000000000000000000, -1.000000000000000000 ) ) ;
#1295 = CARTESIAN_POINT ( 'NONE',  ( 0.000000000000000000, -4.200000000000000178, 9.049999999999000622 ) ) ;
#1296 = DIRECTION ( 'NONE',  ( 0.000000000000000000, 1.000000000000000000, 0.000000000000000000 ) ) ;
#1297 = VECTOR ( 'NONE', #1296, 1000.000000000000000 ) ;
#1298 = DIRECTION ( 'NONE',  ( 1.000000000000000000, 0.000000000000000000, 0.000000000000000000 ) ) ;
#1299 = ORIENTED_EDGE ( 'NONE', *, *, #154, .F. ) ;
#1300 = CARTESIAN_POINT ( 'NONE',  ( -1.520000000000000018, -0.6999999999999999556, 8.449999999999999289 ) ) ;
#1301 = VECTOR ( 'NONE', #2319, 1000.000000000000000 ) ;
#1302 = EDGE_LOOP ( 'NONE', ( #2249, #1011, #1551, #184 ) ) ;
#1303 = FACE_OUTER_BOUND ( 'NONE', #1139, .T. ) ;
#1304 = ADVANCED_FACE ( 'NONE', ( #781 ), #2447, .F. ) ;
#1305 = CIRCLE ( 'NONE', #1483, 1.749999999998999689 ) ;
#1306 = LINE ( 'NONE', #2566, #2133 ) ;
#1307 = VERTEX_POINT ( 'NONE', #2108 ) ;
#1308 = EDGE_CURVE ( 'NONE', #2224, #2619, #248, .T. ) ;
#1309 = CIRCLE ( 'NONE', #1350, 1.749999999998999689 ) ;
#1310 = VECTOR ( 'NONE', #1056, 1000.000000000000000 ) ;
#1311 = DIRECTION ( 'NONE',  ( 0.000000000000000000, -1.000000000000000000, 0.000000000000000000 ) ) ;
#1312 = CARTESIAN_POINT ( 'NONE',  ( -1.520000000000000018, -0.2500000000000000000, 2.499999999998999911 ) ) ;
#1313 = EDGE_LOOP ( 'NONE', ( #2099, #1498 ) ) ;
#1314 = DIRECTION ( 'NONE',  ( 0.000000000000000000, 0.000000000000000000, 1.000000000000000000 ) ) ;
#1315 = ORIENTED_EDGE ( 'NONE', *, *, #878, .F. ) ;
#1316 = SPHERICAL_SURFACE ( 'NONE', #505, 1.449999999998999867 ) ;
#1317 = EDGE_CURVE ( 'NONE', #1307, #1603, #2228, .T. ) ;
#1318 = PLANE ( 'NONE',  #293 ) ;
#1319 = ORIENTED_EDGE ( 'NONE', *, *, #741, .F. ) ;
#1320 = EDGE_CURVE ( 'NONE', #1430, #2130, #1975, .T. ) ;
#1321 = DIRECTION ( 'NONE',  ( 0.000000000000000000, 0.000000000000000000, 1.000000000000000000 ) ) ;
#1322 = EDGE_CURVE ( 'NONE', #2619, #905, #2595, .T. ) ;
#1323 = FACE_OUTER_BOUND ( 'NONE', #1474, .T. ) ;
#1324 = ORIENTED_EDGE ( 'NONE', *, *, #2149, .F. ) ;
#1325 = DIRECTION ( 'NONE',  ( 0.000000000000000000, 0.000000000000000000, 1.000000000000000000 ) ) ;
#1326 = ORIENTED_EDGE ( 'NONE', *, *, #1756, .F. ) ;
#1327 = CARTESIAN_POINT ( 'NONE',  ( 1.520000000000000018, 3.079999999999999627, 13.02999999999999936 ) ) ;
#1328 = CARTESIAN_POINT ( 'NONE',  ( 1.020000000000000018, 0.5400000000000000355, 7.950000000000000178 ) ) ;
#1329 = LINE ( 'NONE', #1973, #682 ) ;
#1330 = ORIENTED_EDGE ( 'NONE', *, *, #2022, .T. ) ;
#1331 = LINE ( 'NONE', #2583, #603 ) ;
#1332 = PLANE ( 'NONE',  #1436 ) ;
#1333 = VECTOR ( 'NONE', #1013, 1000.000000000000000 ) ;
#1334 = LINE ( 'NONE', #1502, #216 ) ;
#1335 = ORIENTED_EDGE ( 'NONE', *, *, #2638, .F. ) ;
#1336 = LINE ( 'NONE', #2557, #2428 ) ;
#1337 = EDGE_CURVE ( 'NONE', #927, #1689, #1641, .T. ) ;
#1338 = LINE ( 'NONE', #2181, #1988 ) ;
#1339 = ORIENTED_EDGE ( 'NONE', *, *, #1637, .F. ) ;
#1340 = VECTOR ( 'NONE', #509, 1000.000000000000000 ) ;
#1341 = DIRECTION ( 'NONE',  ( 0.000000000000000000, 0.000000000000000000, -1.000000000000000000 ) ) ;
#1342 = PLANE ( 'NONE',  #1789 ) ;
#1343 = EDGE_LOOP ( 'NONE', ( #1590, #619 ) ) ;
#1344 = VECTOR ( 'NONE', #1112, 1000.000000000000000 ) ;
#1345 = CARTESIAN_POINT ( 'NONE',  ( -1.520000000000000018, 3.079999999999999627, 11.27999999999999936 ) ) ;
#1346 = DIRECTION ( 'NONE',  ( 0.000000000000000000, 0.000000000000000000, -1.000000000000000000 ) ) ;
#1347 = LINE ( 'NONE', #351, #1292 ) ;
#1348 = DIRECTION ( 'NONE',  ( 0.000000000000000000, -1.000000000000000000, 0.000000000000000000 ) ) ;
#1349 = DIRECTION ( 'NONE',  ( 0.000000000000000000, 0.000000000000000000, -1.000000000000000000 ) ) ;
#1350 = AXIS2_PLACEMENT_3D ( 'NONE', #1961, #2134, #2413 ) ;
#1351 = EDGE_CURVE ( 'NONE', #2236, #1598, #1018, .T. ) ;
#1352 = ORIENTED_EDGE ( 'NONE', *, *, #845, .T. ) ;
#1353 = FACE_OUTER_BOUND ( 'NONE', #148, .T. ) ;
#1354 = EDGE_CURVE ( 'NONE', #2224, #240, #805, .T. ) ;
#1355 = LINE ( 'NONE', #2379, #1073 ) ;
#1356 = VERTEX_POINT ( 'NONE', #2486 ) ;
#1357 = DIRECTION ( 'NONE',  ( 0.000000000000000000, 1.000000000000000000, 0.000000000000000000 ) ) ;
#1358 = DIRECTION ( 'NONE',  ( -1.000000000000000000, 0.000000000000000000, 0.000000000000000000 ) ) ;
#1359 = CARTESIAN_POINT ( 'NONE',  ( 1.619999999999999885, -4.699999999999000089, 0.000000000000000000 ) ) ;
#1360 = ORIENTED_EDGE ( 'NONE', *, *, #2638, .T. ) ;
#1361 = ORIENTED_EDGE ( 'NONE', *, *, #2195, .F. ) ;
#1362 = DIRECTION ( 'NONE',  ( 0.000000000000000000, -1.000000000000000000, 0.000000000000000000 ) ) ;
#1363 = LINE ( 'NONE', #139, #1083 ) ;
#1364 = ORIENTED_EDGE ( 'NONE', *, *, #724, .T. ) ;
#1365 = DIRECTION ( 'NONE',  ( -1.000000000000000000, 0.000000000000000000, 0.000000000000000000 ) ) ;
#1366 = CARTESIAN_POINT ( 'NONE',  ( 1.020000000000000018, -0.5000000000000000000, 2.499999999998999911 ) ) ;
#1367 = ORIENTED_EDGE ( 'NONE', *, *, #1100, .F. ) ;
#1368 = DIRECTION ( 'NONE',  ( 0.000000000000000000, 0.000000000000000000, -1.000000000000000000 ) ) ;
#1369 = CARTESIAN_POINT ( 'NONE',  ( -2.200000000000000178, 6.899999999998999378, 15.29999999999999893 ) ) ;
#1370 = ORIENTED_EDGE ( 'NONE', *, *, #242, .F. ) ;
#1371 = ADVANCED_FACE ( 'NONE', ( #2668 ), #799, .F. ) ;
#1372 = DIRECTION ( 'NONE',  ( 1.000000000000000000, 0.000000000000000000, 0.000000000000000000 ) ) ;
#1373 = ORIENTED_EDGE ( 'NONE', *, *, #1926, .T. ) ;
#1374 = CARTESIAN_POINT ( 'NONE',  ( 0.000000000000000000, -4.200000000000000178, 7.580000000000000071 ) ) ;
#1375 = AXIS2_PLACEMENT_3D ( 'NONE', #1285, #443, #43 ) ;
#1376 = DIRECTION ( 'NONE',  ( 0.000000000000000000, 0.000000000000000000, -1.000000000000000000 ) ) ;
#1377 = AXIS2_PLACEMENT_3D ( 'NONE', #2026, #1852, #1661 ) ;
#1378 = CARTESIAN_POINT ( 'NONE',  ( 0.9200000000000000400, 14.49999999999899991, 15.29999999999999893 ) ) ;
#1379 = VERTEX_POINT ( 'NONE', #595 ) ;
#1380 = VECTOR ( 'NONE', #506, 1000.000000000000000 ) ;
#1381 = AXIS2_PLACEMENT_3D ( 'NONE', #92, #262, #2608 ) ;
#1382 = LINE ( 'NONE', #430, #699 ) ;
#1383 = EDGE_LOOP ( 'NONE', ( #2194, #592, #208, #1437 ) ) ;
#1384 = CARTESIAN_POINT ( 'NONE',  ( 1.020000000000000018, 2.290000000000000036, 6.200000000000000178 ) ) ;
#1385 = CARTESIAN_POINT ( 'NONE',  ( 1.020000000000000018, 5.330000000000000071, -3.499999999998999911 ) ) ;
#1386 = EDGE_CURVE ( 'NONE', #1993, #2523, #2065, .T. ) ;
#1387 = ORIENTED_EDGE ( 'NONE', *, *, #2126, .T. ) ;
#1388 = EDGE_CURVE ( 'NONE', #2246, #1993, #183, .T. ) ;
#1389 = VERTEX_POINT ( 'NONE', #394 ) ;
#1391 = AXIS2_PLACEMENT_3D ( 'NONE', #1531, #1491, #1321 ) ;
#1390 = FACE_BOUND ( 'NONE', #2594, .T. ) ;
#1392 = DIRECTION ( 'NONE',  ( 0.000000000000000000, 0.000000000000000000, -1.000000000000000000 ) ) ;
#1393 = AXIS2_PLACEMENT_3D ( 'NONE', #2122, #1273, #1187 ) ;
#1394 = CARTESIAN_POINT ( 'NONE',  ( 1.520000000000000018, 2.290000000000000036, 6.200000000000000178 ) ) ;
#1395 = ORIENTED_EDGE ( 'NONE', *, *, #2580, .T. ) ;
#1396 = VECTOR ( 'NONE', #406, 1000.000000000000000 ) ;
#1397 = VERTEX_POINT ( 'NONE', #1849 ) ;
#1398 = DIRECTION ( 'NONE',  ( 1.000000000000000000, 0.000000000000000000, 0.000000000000000000 ) ) ;
#1399 = CARTESIAN_POINT ( 'NONE',  ( 1.520000000000000018, -0.6999999999999999556, 13.02999999999999936 ) ) ;
#1400 = PLANE ( 'NONE',  #2620 ) ;
#1401 = DIRECTION ( 'NONE',  ( 0.000000000000000000, 1.000000000000000000, 0.000000000000000000 ) ) ;
#1402 = VERTEX_POINT ( 'NONE', #2494 ) ;
#1403 = EDGE_CURVE ( 'NONE', #1167, #313, #223, .T. ) ;
#1404 = DIRECTION ( 'NONE',  ( 0.000000000000000000, 1.000000000000000000, 2.168404344971000191E-15 ) ) ;
#1405 = EDGE_LOOP ( 'NONE', ( #645, #1669 ) ) ;
#1406 = CARTESIAN_POINT ( 'NONE',  ( 0.000000000000000000, -4.699999999999000089, 12.66000000000000014 ) ) ;
#1407 = CARTESIAN_POINT ( 'NONE',  ( 2.200000000000000178, -4.699999999999000089, 15.29999999999999893 ) ) ;
#1408 = ORIENTED_EDGE ( 'NONE', *, *, #1047, .T. ) ;
#1409 = EDGE_CURVE ( 'NONE', #2246, #2130, #428, .T. ) ;
#1410 = ORIENTED_EDGE ( 'NONE', *, *, #552, .F. ) ;
#1411 =( NAMED_UNIT ( * ) PLANE_ANGLE_UNIT ( ) SI_UNIT ( $, .RADIAN. ) );
#1412 = FACE_OUTER_BOUND ( 'NONE', #897, .T. ) ;
#1413 = DIRECTION ( 'NONE',  ( 1.000000000000000000, 0.000000000000000000, 0.000000000000000000 ) ) ;
#1414 = CARTESIAN_POINT ( 'NONE',  ( -1.020000000000000018, -0.6999999999999999556, 2.750000000000000000 ) ) ;
#1415 = VERTEX_POINT ( 'NONE', #1886 ) ;
#1416 = ORIENTED_EDGE ( 'NONE', *, *, #2675, .F. ) ;
#1417 = DIRECTION ( 'NONE',  ( 0.000000000000000000, 0.000000000000000000, 1.000000000000000000 ) ) ;
#1418 = LINE ( 'NONE', #1142, #1128 ) ;
#1419 = EDGE_CURVE ( 'NONE', #1488, #524, #826, .T. ) ;
#1420 = DIRECTION ( 'NONE',  ( 0.000000000000000000, 1.000000000000000000, 2.168404344971000191E-15 ) ) ;
#1421 = VECTOR ( 'NONE', #1314, 1000.000000000000000 ) ;
#1422 = CARTESIAN_POINT ( 'NONE',  ( -2.200000000000000178, 6.899999999998999378, 0.000000000000000000 ) ) ;
#1423 = ADVANCED_FACE ( 'NONE', ( #610 ), #2465, .T. ) ;
#1424 = CIRCLE ( 'NONE', #162, 1.449999999999999956 ) ;
#1425 = VERTEX_POINT ( 'NONE', #839 ) ;
#1426 = LINE ( 'NONE', #584, #2269 ) ;
#1427 = VECTOR ( 'NONE', #2262, 1000.000000000000000 ) ;
#1428 = CARTESIAN_POINT ( 'NONE',  ( 0.000000000000000000, -4.200000000000000178, 12.66000000000000014 ) ) ;
#1429 = CARTESIAN_POINT ( 'NONE',  ( 1.020000000000000018, -0.6999999999999999556, 2.750000000000000000 ) ) ;
#1430 = VERTEX_POINT ( 'NONE', #1455 ) ;
#1431 = CARTESIAN_POINT ( 'NONE',  ( 1.020000000000000018, -0.6999999999999999556, 13.02999999999999936 ) ) ;
#1432 = CARTESIAN_POINT ( 'NONE',  ( -1.520000000000000018, 2.789999999998999947, -3.500000000000000000 ) ) ;
#1433 = ORIENTED_EDGE ( 'NONE', *, *, #1184, .T. ) ;
#1434 = LINE ( 'NONE', #808, #78 ) ;
#1435 = VECTOR ( 'NONE', #1920, 1000.000000000000000 ) ;
#1436 = AXIS2_PLACEMENT_3D ( 'NONE', #1088, #2175, #2541 ) ;
#1437 = ORIENTED_EDGE ( 'NONE', *, *, #1351, .T. ) ;
#1438 = EDGE_CURVE ( 'NONE', #1446, #1714, #2314, .T. ) ;
#1439 = CARTESIAN_POINT ( 'NONE',  ( -2.200000000000000178, 6.899999999998999378, 15.29999999999999893 ) ) ;
#1440 = ORIENTED_EDGE ( 'NONE', *, *, #492, .F. ) ;
#1441 = DIRECTION ( 'NONE',  ( 0.000000000000000000, 0.000000000000000000, 1.000000000000000000 ) ) ;
#1442 = VECTOR ( 'NONE', #1747, 1000.000000000000000 ) ;
#1443 = CARTESIAN_POINT ( 'NONE',  ( -1.520000000000000018, 3.079999999999999627, 11.27999999999999936 ) ) ;
#1444 = EDGE_CURVE ( 'NONE', #1799, #1525, #1634, .T. ) ;
#1445 = AXIS2_PLACEMENT_3D ( 'NONE', #2468, #429, #1825 ) ;
#1446 = VERTEX_POINT ( 'NONE', #1451 ) ;
#1447 = FACE_OUTER_BOUND ( 'NONE', #2470, .T. ) ;
#1448 = EDGE_CURVE ( 'NONE', #1836, #1610, #938, .T. ) ;
#1449 = FACE_OUTER_BOUND ( 'NONE', #2157, .T. ) ;
#1450 = ORIENTED_EDGE ( 'NONE', *, *, #1772, .F. ) ;
#1451 = CARTESIAN_POINT ( 'NONE',  ( -0.9200000000000000400, -0.6999999999999999556, 15.29999999999999893 ) ) ;
#1452 = APPLICATION_PROTOCOL_DEFINITION ( 'draft international standard', 'automotive_design', 1998, #2006 ) ;
#1453 = VERTEX_POINT ( 'NONE', #2202 ) ;
#1454 = DIRECTION ( 'NONE',  ( 0.000000000000000000, 0.000000000000000000, 1.000000000000000000 ) ) ;
#1455 = CARTESIAN_POINT ( 'NONE',  ( -1.619999999999999885, 6.899999999998999378, 0.000000000000000000 ) ) ;
#1456 = ORIENTED_EDGE ( 'NONE', *, *, #51, .T. ) ;
#1457 = FACE_OUTER_BOUND ( 'NONE', #2676, .T. ) ;
#1458 = CARTESIAN_POINT ( 'NONE',  ( -1.520000000000000018, 5.330000000000000071, 11.27999999999999936 ) ) ;
#1459 = ORIENTED_EDGE ( 'NONE', *, *, #2663, .T. ) ;
#1460 = CARTESIAN_POINT ( 'NONE',  ( -1.520000000000000018, 2.790000000000000036, 6.200000000000000178 ) ) ;
#1461 = DIRECTION ( 'NONE',  ( 0.000000000000000000, 0.000000000000000000, 1.000000000000000000 ) ) ;
#1462 = ORIENTED_EDGE ( 'NONE', *, *, #32, .T. ) ;
#1463 = EDGE_CURVE ( 'NONE', #1430, #2140, #490, .T. ) ;
#1464 = CARTESIAN_POINT ( 'NONE',  ( -2.200000000000000178, 6.899999999998999378, 0.000000000000000000 ) ) ;
#1465 = CARTESIAN_POINT ( 'NONE',  ( 0.000000000000000000, 0.000000000000000000, 0.000000000000000000 ) ) ;
#1466 = FACE_OUTER_BOUND ( 'NONE', #1560, .T. ) ;
#1467 = ORIENTED_EDGE ( 'NONE', *, *, #88, .F. ) ;
#1468 = CARTESIAN_POINT ( 'NONE',  ( 0.000000000000000000, -4.200000000000000178, 2.500000000000000000 ) ) ;
#1469 = VECTOR ( 'NONE', #1079, 1000.000000000000000 ) ;
#1470 = CIRCLE ( 'NONE', #2168, 2.250000000000000444 ) ;
#1471 = ORIENTED_EDGE ( 'NONE', *, *, #860, .T. ) ;
#1472 = AXIS2_PLACEMENT_3D ( 'NONE', #1030, #585, #2703 ) ;
#1473 = DIRECTION ( 'NONE',  ( -1.000000000000000000, 0.000000000000000000, 0.000000000000000000 ) ) ;
#1474 = EDGE_LOOP ( 'NONE', ( #2680, #975, #140, #943 ) ) ;
#1475 = DIRECTION ( 'NONE',  ( 1.000000000000000000, 0.000000000000000000, 0.000000000000000000 ) ) ;
#1476 = LINE ( 'NONE', #1690, #655 ) ;
#1477 = LINE ( 'NONE', #1882, #1984 ) ;
#1478 = DIRECTION ( 'NONE',  ( 0.000000000000000000, -1.000000000000000000, 0.000000000000000000 ) ) ;
#1479 = DIRECTION ( 'NONE',  ( 0.000000000000000000, -1.000000000000000000, 0.000000000000000000 ) ) ;
#1480 = EDGE_LOOP ( 'NONE', ( #1091, #689 ) ) ;
#1481 = CLOSED_SHELL ( 'NONE', ( #809, #1671, #987, #256, #2281, #317, #141, #2298, #278, #2072, #356, #2075, #2394, #353, #526, #2371, #2010, #1137, #531, #1600, #1304, #1000, #1254, #1807, #1621, #349, #920, #651, #2116, #2513, #1371, #2097, #1038, #17, #508, #758, #2460, #1087, #433, #1575, #2693, #73, #187, #2501, #2445, #2430, #511, #2218, #2284, #936, #707, #2560, #1181, #1985, #2247, #157, #1939, #971, #1954, #547, #2478, #1169, #457, #221, #1659, #63, #2199, #2347, #907, #276, #1008, #1289, #2162, #1727, #1944, #1709, #2457, #2208, #1976, #84, #791, #1841, #2323, #1286, #2414, #321, #2160, #100, #1423, #2390, #514 ) ) ;
#1482 = DIRECTION ( 'NONE',  ( 0.000000000000000000, -1.000000000000000000, 0.000000000000000000 ) ) ;
#1483 = AXIS2_PLACEMENT_3D ( 'NONE', #1156, #1609, #1170 ) ;
#1484 = ORIENTED_EDGE ( 'NONE', *, *, #2267, .T. ) ;
#1485 = DIRECTION ( 'NONE',  ( 1.000000000000000000, 0.000000000000000000, 0.000000000000000000 ) ) ;
#1486 = DIRECTION ( 'NONE',  ( -1.000000000000000000, 0.000000000000000000, 0.000000000000000000 ) ) ;
#1487 = AXIS2_PLACEMENT_3D ( 'NONE', #1559, #284, #2370 ) ;
#1488 = VERTEX_POINT ( 'NONE', #93 ) ;
#1489 = EDGE_CURVE ( 'NONE', #458, #512, #322, .T. ) ;
#1490 = CARTESIAN_POINT ( 'NONE',  ( 0.000000000000000000, -4.200000000000000178, 2.500000000000000000 ) ) ;
#1491 = DIRECTION ( 'NONE',  ( 0.000000000000000000, 1.000000000000000000, 0.000000000000000000 ) ) ;
#1492 = DIRECTION ( 'NONE',  ( 0.000000000000000000, -2.168404344971000191E-15, 1.000000000000000000 ) ) ;
#1493 = EDGE_LOOP ( 'NONE', ( #558, #2107, #484, #872 ) ) ;
#1494 = DIRECTION ( 'NONE',  ( 0.000000000000000000, -1.000000000000000000, 0.000000000000000000 ) ) ;
#1495 = EDGE_CURVE ( 'NONE', #538, #2603, #2189, .T. ) ;
#1496 = ORIENTED_EDGE ( 'NONE', *, *, #878, .T. ) ;
#1497 = DIRECTION ( 'NONE',  ( 0.000000000000000000, -1.000000000000000000, 0.000000000000000000 ) ) ;
#1498 = ORIENTED_EDGE ( 'NONE', *, *, #1523, .F. ) ;
#1499 = DIRECTION ( 'NONE',  ( -1.000000000000000000, 0.000000000000000000, 0.000000000000000000 ) ) ;
#1500 = DIRECTION ( 'NONE',  ( 0.000000000000000000, 0.000000000000000000, 1.000000000000000000 ) ) ;
#1501 = CYLINDRICAL_SURFACE ( 'NONE', #1830, 2.249999999999999556 ) ;
#1502 = CARTESIAN_POINT ( 'NONE',  ( -1.520000000000000018, 0.2499999999990000499, -3.500000000000000000 ) ) ;
#1503 = EDGE_CURVE ( 'NONE', #512, #1525, #549, .T. ) ;
#1504 = ORIENTED_EDGE ( 'NONE', *, *, #1388, .F. ) ;
#1505 = VERTEX_POINT ( 'NONE', #976 ) ;
#1506 = DIRECTION ( 'NONE',  ( -1.000000000000000000, 0.000000000000000000, 0.000000000000000000 ) ) ;
#1507 = EDGE_CURVE ( 'NONE', #446, #2451, #1814, .T. ) ;
#1508 = VECTOR ( 'NONE', #2038, 1000.000000000000000 ) ;
#1509 = ORIENTED_EDGE ( 'NONE', *, *, #1120, .F. ) ;
#1510 = DIRECTION ( 'NONE',  ( 1.000000000000000000, 0.000000000000000000, 0.000000000000000000 ) ) ;
#1511 = DIRECTION ( 'NONE',  ( -1.000000000000000000, 0.000000000000000000, 0.000000000000000000 ) ) ;
#1512 = VECTOR ( 'NONE', #2646, 1000.000000000000000 ) ;
#1513 = DIRECTION ( 'NONE',  ( -1.000000000000000000, 0.000000000000000000, 0.000000000000000000 ) ) ;
#1514 = ORIENTED_EDGE ( 'NONE', *, *, #928, .F. ) ;
#1515 = VECTOR ( 'NONE', #607, 1000.000000000000000 ) ;
#1516 = FACE_OUTER_BOUND ( 'NONE', #1493, .T. ) ;
#1517 = DIRECTION ( 'NONE',  ( 0.000000000000000000, 0.000000000000000000, 1.000000000000000000 ) ) ;
#1518 = DIRECTION ( 'NONE',  ( -1.000000000000000000, 0.000000000000000000, 0.000000000000000000 ) ) ;
#1519 = ORIENTED_EDGE ( 'NONE', *, *, #67, .T. ) ;
#1520 = ORIENTED_EDGE ( 'NONE', *, *, #385, .T. ) ;
#1521 = CARTESIAN_POINT ( 'NONE',  ( 1.619999999999999885, -4.699999999999000089, 0.2999999999989999555 ) ) ;
#1522 = VECTOR ( 'NONE', #60, 1000.000000000000000 ) ;
#1523 = EDGE_CURVE ( 'NONE', #1397, #2275, #2561, .T. ) ;
#1524 = AXIS2_PLACEMENT_3D ( 'NONE', #1282, #79, #2335 ) ;
#1525 = VERTEX_POINT ( 'NONE', #2190 ) ;
#1526 = CYLINDRICAL_SURFACE ( 'NONE', #2439, 1.450000000000000400 ) ;
#1527 = EDGE_CURVE ( 'NONE', #2009, #2154, #1870, .T. ) ;
#1528 = EDGE_LOOP ( 'NONE', ( #1636, #2512, #487, #2699 ) ) ;
#1529 = EDGE_CURVE ( 'NONE', #1613, #2009, #902, .T. ) ;
#1530 = VECTOR ( 'NONE', #1734, 1000.000000000000000 ) ;
#1531 = CARTESIAN_POINT ( 'NONE',  ( 0.000000000000000000, -13.80121933088100228, 12.69999999999900098 ) ) ;
#1532 = PLANE ( 'NONE',  #1654 ) ;
#1533 = EDGE_LOOP ( 'NONE', ( #1685, #1092, #678, #437 ) ) ;
#1534 = LINE ( 'NONE', #1752, #858 ) ;
#1535 = DIRECTION ( 'NONE',  ( -1.000000000000000000, 0.000000000000000000, 0.000000000000000000 ) ) ;
#1536 = CARTESIAN_POINT ( 'NONE',  ( -1.520000000000000018, 4.830000000000000071, 11.27999999999999936 ) ) ;
#1537 = ORIENTED_EDGE ( 'NONE', *, *, #923, .T. ) ;
#1538 = DIRECTION ( 'NONE',  ( 0.000000000000000000, -1.000000000000000000, 0.000000000000000000 ) ) ;
#1539 = DIRECTION ( 'NONE',  ( 0.000000000000000000, 0.000000000000000000, 1.000000000000000000 ) ) ;
#1540 = EDGE_CURVE ( 'NONE', #1889, #188, #1664, .T. ) ;
#1541 = ORIENTED_EDGE ( 'NONE', *, *, #613, .F. ) ;
#1542 = EDGE_CURVE ( 'NONE', #2582, #2231, #604, .T. ) ;
#1543 = FACE_OUTER_BOUND ( 'NONE', #1383, .T. ) ;
#1544 = LINE ( 'NONE', #312, #599 ) ;
#1545 = ORIENTED_EDGE ( 'NONE', *, *, #107, .F. ) ;
#1546 = CARTESIAN_POINT ( 'NONE',  ( 1.520000000000000018, 2.790000000000000036, 6.200000000000000178 ) ) ;
#1547 = CARTESIAN_POINT ( 'NONE',  ( 2.200000000000000178, -4.699999999999000089, 15.29999999999999893 ) ) ;
#1548 = ORIENTED_EDGE ( 'NONE', *, *, #1794, .F. ) ;
#1549 = DIRECTION ( 'NONE',  ( 0.000000000000000000, 1.000000000000000000, 0.000000000000000000 ) ) ;
#1550 = CARTESIAN_POINT ( 'NONE',  ( -2.200000000000000178, 6.899999999998999378, 15.29999999999999893 ) ) ;
#1551 = ORIENTED_EDGE ( 'NONE', *, *, #2007, .T. ) ;
#1552 = AXIS2_PLACEMENT_3D ( 'NONE', #2310, #2093, #2297 ) ;
#1553 = EDGE_CURVE ( 'NONE', #1065, #1989, #2697, .T. ) ;
#1554 = VECTOR ( 'NONE', #1119, 1000.000000000000000 ) ;
#1555 = LINE ( 'NONE', #968, #644 ) ;
#1556 = EDGE_CURVE ( 'NONE', #1981, #1379, #1650, .T. ) ;
#1557 = VECTOR ( 'NONE', #186, 1000.000000000000000 ) ;
#1558 = DIRECTION ( 'NONE',  ( 1.000000000000000000, 0.000000000000000000, 0.000000000000000000 ) ) ;
#1559 = CARTESIAN_POINT ( 'NONE',  ( 1.520000000000000018, 0.5400000000000000355, 6.200000000000000178 ) ) ;
#1560 = EDGE_LOOP ( 'NONE', ( #2463, #2271 ) ) ;
#1561 = LINE ( 'NONE', #1546, #2125 ) ;
#1562 = AXIS2_PLACEMENT_3D ( 'NONE', #994, #536, #1392 ) ;
#1563 = ORIENTED_EDGE ( 'NONE', *, *, #1745, .T. ) ;
#1564 = AXIS2_PLACEMENT_3D ( 'NONE', #156, #1186, #2467 ) ;
#1565 = CARTESIAN_POINT ( 'NONE',  ( 1.520000000000000018, 5.330000000000000071, 11.27999999999999936 ) ) ;
#1566 = CIRCLE ( 'NONE', #913, 1.449999999999000755 ) ;
#1567 = FACE_BOUND ( 'NONE', #1618, .T. ) ;
#1568 = EDGE_LOOP ( 'NONE', ( #720, #368, #933, #342 ) ) ;
#1569 = VECTOR ( 'NONE', #151, 1000.000000000000000 ) ;
#1570 = LINE ( 'NONE', #2232, #1340 ) ;
#1571 = CARTESIAN_POINT ( 'NONE',  ( 0.000000000000000000, -5.749999999998999911, 9.049999999999000622 ) ) ;
#1572 = VECTOR ( 'NONE', #764, 1000.000000000000000 ) ;
#1573 = ORIENTED_EDGE ( 'NONE', *, *, #2547, .F. ) ;
#1574 = DIRECTION ( 'NONE',  ( 0.000000000000000000, 0.000000000000000000, -1.000000000000000000 ) ) ;
#1575 = ADVANCED_FACE ( 'NONE', ( #1449 ), #2028, .F. ) ;
#1576 = ORIENTED_EDGE ( 'NONE', *, *, #1692, .T. ) ;
#1577 = DIRECTION ( 'NONE',  ( 0.000000000000000000, 0.000000000000000000, 1.000000000000000000 ) ) ;
#1578 = DIRECTION ( 'NONE',  ( 0.000000000000000000, -1.000000000000000000, 0.000000000000000000 ) ) ;
#1579 = ORIENTED_EDGE ( 'NONE', *, *, #67, .F. ) ;
#1580 = DIRECTION ( 'NONE',  ( 0.000000000000000000, 0.000000000000000000, -1.000000000000000000 ) ) ;
#1581 = ORIENTED_EDGE ( 'NONE', *, *, #1810, .F. ) ;
#1582 = DIRECTION ( 'NONE',  ( 0.000000000000000000, 0.000000000000000000, -1.000000000000000000 ) ) ;
#1583 = LINE ( 'NONE', #980, #2273 ) ;
#1584 = ORIENTED_EDGE ( 'NONE', *, *, #1448, .F. ) ;
#1585 = EDGE_CURVE ( 'NONE', #1307, #2035, #2285, .T. ) ;
#1586 = ORIENTED_EDGE ( 'NONE', *, *, #1043, .F. ) ;
#1587 = LINE ( 'NONE', #1901, #1592 ) ;
#1588 = FACE_BOUND ( 'NONE', #1014, .T. ) ;
#1589 = LINE ( 'NONE', #2200, #2490 ) ;
#1590 = ORIENTED_EDGE ( 'NONE', *, *, #778, .T. ) ;
#1591 = ORIENTED_EDGE ( 'NONE', *, *, #2675, .T. ) ;
#1592 = VECTOR ( 'NONE', #1482, 1000.000000000000000 ) ;
#1593 = DIRECTION ( 'NONE',  ( 0.000000000000000000, 0.000000000000000000, -1.000000000000000000 ) ) ;
#1594 = VECTOR ( 'NONE', #1872, 1000.000000000000000 ) ;
#1595 = DIRECTION ( 'NONE',  ( 1.000000000000000000, 0.000000000000000000, 0.000000000000000000 ) ) ;
#1596 = ORIENTED_EDGE ( 'NONE', *, *, #1198, .T. ) ;
#1597 = VECTOR ( 'NONE', #1844, 1000.000000000000000 ) ;
#1598 = VERTEX_POINT ( 'NONE', #1432 ) ;
#1599 = LINE ( 'NONE', #986, #815 ) ;
#1600 = ADVANCED_FACE ( 'NONE', ( #2274 ), #2511, .T. ) ;
#1601 = CARTESIAN_POINT ( 'NONE',  ( 1.020000000000000018, 2.790000000000000036, 6.200000000000000178 ) ) ;
#1602 = AXIS2_PLACEMENT_3D ( 'NONE', #740, #2389, #137 ) ;
#1603 = VERTEX_POINT ( 'NONE', #2307 ) ;
#1604 = EDGE_CURVE ( 'NONE', #1173, #1415, #1306, .T. ) ;
#1605 = ORIENTED_EDGE ( 'NONE', *, *, #1066, .T. ) ;
#1606 = EDGE_CURVE ( 'NONE', #109, #1642, #274, .T. ) ;
#1607 = DIRECTION ( 'NONE',  ( 0.000000000000000000, 0.000000000000000000, -1.000000000000000000 ) ) ;
#1608 = VECTOR ( 'NONE', #1214, 1000.000000000000000 ) ;
#1609 = DIRECTION ( 'NONE',  ( -1.000000000000000000, 0.000000000000000000, 0.000000000000000000 ) ) ;
#1610 = VERTEX_POINT ( 'NONE', #436 ) ;
#1611 = VECTOR ( 'NONE', #1962, 1000.000000000000000 ) ;
#1612 = DIRECTION ( 'NONE',  ( 0.000000000000000000, 0.000000000000000000, -1.000000000000000000 ) ) ;
#1613 = VERTEX_POINT ( 'NONE', #1266 ) ;
#1614 = FACE_OUTER_BOUND ( 'NONE', #2614, .T. ) ;
#1615 = DIRECTION ( 'NONE',  ( -1.000000000000000000, 0.000000000000000000, 0.000000000000000000 ) ) ;
#1616 = CARTESIAN_POINT ( 'NONE',  ( 1.619999999999999885, 6.899999999998999378, 15.29999999999999893 ) ) ;
#1617 = DIRECTION ( 'NONE',  ( 0.000000000000000000, 0.000000000000000000, 1.000000000000000000 ) ) ;
#1618 = EDGE_LOOP ( 'NONE', ( #2548, #572, #1712, #309 ) ) ;
#1619 = ORIENTED_EDGE ( 'NONE', *, *, #2174, .F. ) ;
#1620 = DIRECTION ( 'NONE',  ( 0.000000000000000000, 0.000000000000000000, 1.000000000000000000 ) ) ;
#1621 = ADVANCED_FACE ( 'NONE', ( #1923 ), #1318, .T. ) ;
#1622 = CARTESIAN_POINT ( 'NONE',  ( -1.020000000000000018, 5.330000000000000071, 11.27999999999999936 ) ) ;
#1623 = ORIENTED_EDGE ( 'NONE', *, *, #124, .F. ) ;
#1624 = EDGE_LOOP ( 'NONE', ( #1277, #1677, #2254, #1267 ) ) ;
#1625 = SURFACE_SIDE_STYLE ('',( #973 ) ) ;
#1626 = DIRECTION ( 'NONE',  ( 0.000000000000000000, 0.000000000000000000, -1.000000000000000000 ) ) ;
#1627 = LINE ( 'NONE', #1899, #961 ) ;
#1628 = ORIENTED_EDGE ( 'NONE', *, *, #1317, .T. ) ;
#1629 = SPHERICAL_SURFACE ( 'NONE', #958, 1.449999999998999867 ) ;
#1630 = DIRECTION ( 'NONE',  ( 0.000000000000000000, 1.000000000000000000, 0.000000000000000000 ) ) ;
#1631 = ORIENTED_EDGE ( 'NONE', *, *, #2584, .F. ) ;
#1632 = CARTESIAN_POINT ( 'NONE',  ( -1.020000000000000018, 3.079999999999999627, 13.53000000000000114 ) ) ;
#1633 = EDGE_CURVE ( 'NONE', #706, #2536, #1951, .T. ) ;
#1634 = LINE ( 'NONE', #2489, #1515 ) ;
#1635 =( NAMED_UNIT ( * ) PLANE_ANGLE_UNIT ( ) SI_UNIT ( $, .RADIAN. ) );
#1636 = ORIENTED_EDGE ( 'NONE', *, *, #600, .F. ) ;
#1637 = EDGE_CURVE ( 'NONE', #1488, #1800, #1949, .T. ) ;
#1638 = VECTOR ( 'NONE', #383, 1000.000000000000000 ) ;
#1639 = PLANE ( 'NONE',  #2535 ) ;
#1640 = DIRECTION ( 'NONE',  ( 0.000000000000000000, 0.000000000000000000, -1.000000000000000000 ) ) ;
#1641 = CIRCLE ( 'NONE', #1158, 1.449999999998999867 ) ;
#1642 = VERTEX_POINT ( 'NONE', #1123 ) ;
#1643 = DIRECTION ( 'NONE',  ( 1.000000000000000000, 0.000000000000000000, 0.000000000000000000 ) ) ;
#1644 = CARTESIAN_POINT ( 'NONE',  ( 0.000000000000000000, -4.200000000000000178, 7.580000000000000071 ) ) ;
#1645 = VECTOR ( 'NONE', #1190, 1000.000000000000000 ) ;
#1646 = CARTESIAN_POINT ( 'NONE',  ( 0.000000000000000000, -5.749999999998999911, 2.500000000000000000 ) ) ;
#1647 = ORIENTED_EDGE ( 'NONE', *, *, #1322, .F. ) ;
#1648 = FACE_OUTER_BOUND ( 'NONE', #2330, .T. ) ;
#1649 = AXIS2_PLACEMENT_3D ( 'NONE', #2192, #1154, #1593 ) ;
#1650 = LINE ( 'NONE', #1252, #1645 ) ;
#1651 = ORIENTED_EDGE ( 'NONE', *, *, #793, .F. ) ;
#1652 = DIRECTION ( 'NONE',  ( 0.000000000000000000, -1.000000000000000000, 0.000000000000000000 ) ) ;
#1653 = DIRECTION ( 'NONE',  ( 0.000000000000000000, 0.000000000000000000, -1.000000000000000000 ) ) ;
#1654 = AXIS2_PLACEMENT_3D ( 'NONE', #2554, #1558, #2365 ) ;
#1655 = ORIENTED_EDGE ( 'NONE', *, *, #466, .F. ) ;
#1656 = DIRECTION ( 'NONE',  ( 1.000000000000000000, 0.000000000000000000, 0.000000000000000000 ) ) ;
#1657 = AXIS2_PLACEMENT_3D ( 'NONE', #1345, #286, #488 ) ;
#1658 = DIRECTION ( 'NONE',  ( 0.000000000000000000, 0.000000000000000000, -1.000000000000000000 ) ) ;
#1659 = ADVANCED_FACE ( 'NONE', ( #48 ), #102, .F. ) ;
#1660 = AXIS2_PLACEMENT_3D ( 'NONE', #802, #1413, #867 ) ;
#1661 = DIRECTION ( 'NONE',  ( 0.000000000000000000, 0.000000000000000000, -1.000000000000000000 ) ) ;
#1662 = VERTEX_POINT ( 'NONE', #1730 ) ;
#1663 = DIRECTION ( 'NONE',  ( 0.000000000000000000, 0.000000000000000000, 1.000000000000000000 ) ) ;
#1664 = LINE ( 'NONE', #1021, #1597 ) ;
#1665 = ORIENTED_EDGE ( 'NONE', *, *, #1894, .F. ) ;
#1666 = FACE_OUTER_BOUND ( 'NONE', #1150, .T. ) ;
#1667 = CARTESIAN_POINT ( 'NONE',  ( -1.020000000000000018, -0.6999999999999999556, 8.449999999999999289 ) ) ;
#1668 = FACE_BOUND ( 'NONE', #1480, .T. ) ;
#1669 = ORIENTED_EDGE ( 'NONE', *, *, #273, .F. ) ;
#1670 = LINE ( 'NONE', #661, #1817 ) ;
#1671 = ADVANCED_FACE ( 'NONE', ( #2346 ), #2550, .T. ) ;
#1672 = CARTESIAN_POINT ( 'NONE',  ( 1.520000000000000018, 0.5400000000000000355, 8.449999999999999289 ) ) ;
#1673 = CYLINDRICAL_SURFACE ( 'NONE', #292, 1.449999999999000755 ) ;
#1674 = EDGE_LOOP ( 'NONE', ( #320, #1946, #161, #631 ) ) ;
#1675 = ORIENTED_EDGE ( 'NONE', *, *, #1684, .F. ) ;
#1676 = DIRECTION ( 'NONE',  ( 0.000000000000000000, 1.000000000000000000, 0.000000000000000000 ) ) ;
#1677 = ORIENTED_EDGE ( 'NONE', *, *, #367, .F. ) ;
#1678 = FACE_OUTER_BOUND ( 'NONE', #1674, .T. ) ;
#1679 = ORIENTED_EDGE ( 'NONE', *, *, #2132, .F. ) ;
#1680 = DIRECTION ( 'NONE',  ( -1.000000000000000000, 0.000000000000000000, 0.000000000000000000 ) ) ;
#1681 = VECTOR ( 'NONE', #1656, 1000.000000000000000 ) ;
#1682 = AXIS2_PLACEMENT_3D ( 'NONE', #2633, #1179, #2650 ) ;
#1683 = DIRECTION ( 'NONE',  ( 0.000000000000000000, 1.000000000000000000, 0.000000000000000000 ) ) ;
#1684 = EDGE_CURVE ( 'NONE', #1389, #1836, #120, .T. ) ;
#1685 = ORIENTED_EDGE ( 'NONE', *, *, #207, .F. ) ;
#1686 = CARTESIAN_POINT ( 'NONE',  ( -1.020000000000000018, 0.5400000000000000355, 6.200000000000000178 ) ) ;
#1687 = VECTOR ( 'NONE', #1964, 1000.000000000000000 ) ;
#1688 = EDGE_CURVE ( 'NONE', #1178, #686, #2361, .T. ) ;
#1689 = VERTEX_POINT ( 'NONE', #734 ) ;
#1690 = CARTESIAN_POINT ( 'NONE',  ( -1.020000000000000018, 2.790000000000000036, 6.200000000000000178 ) ) ;
#1691 = DIRECTION ( 'NONE',  ( 0.000000000000000000, 0.000000000000000000, 1.000000000000000000 ) ) ;
#1692 = EDGE_CURVE ( 'NONE', #1453, #1446, #2209, .T. ) ;
#1693 = AXIS2_PLACEMENT_3D ( 'NONE', #1686, #2537, #663 ) ;
#1694 = DIRECTION ( 'NONE',  ( 0.000000000000000000, 1.000000000000000000, 0.000000000000000000 ) ) ;
#1695 = VECTOR ( 'NONE', #1549, 1000.000000000000000 ) ;
#1696 = CARTESIAN_POINT ( 'NONE',  ( -1.020000000000000018, -0.6999999999999999556, 3.249999999998999911 ) ) ;
#1697 = ORIENTED_EDGE ( 'NONE', *, *, #1874, .F. ) ;
#1698 = AXIS2_PLACEMENT_3D ( 'NONE', #419, #1478, #1257 ) ;
#1699 = LINE ( 'NONE', #1917, #1469 ) ;
#1700 = VERTEX_POINT ( 'NONE', #1782 ) ;
#1701 = PLANE ( 'NONE',  #783 ) ;
#1702 = AXIS2_PLACEMENT_3D ( 'NONE', #2068, #1865, #2291 ) ;
#1703 = DIRECTION ( 'NONE',  ( -1.000000000000000000, 0.000000000000000000, 0.000000000000000000 ) ) ;
#1704 = ORIENTED_EDGE ( 'NONE', *, *, #1553, .T. ) ;
#1705 = EDGE_CURVE ( 'NONE', #414, #2201, #318, .T. ) ;
#1706 = CARTESIAN_POINT ( 'NONE',  ( -2.200000000000000178, 6.899999999998999378, 15.29999999999999893 ) ) ;
#1707 = DIRECTION ( 'NONE',  ( 0.000000000000000000, 1.000000000000000000, 0.000000000000000000 ) ) ;
#1708 = DIRECTION ( 'NONE',  ( 0.000000000000000000, 0.000000000000000000, -1.000000000000000000 ) ) ;
#1709 = ADVANCED_FACE ( 'NONE', ( #1588, #2024, #560, #2014 ), #2412, .F. ) ;
#1710 = DIRECTION ( 'NONE',  ( 0.000000000000000000, 1.000000000000000000, 2.168404344971000191E-15 ) ) ;
#1711 = ORIENTED_EDGE ( 'NONE', *, *, #582, .T. ) ;
#1712 = ORIENTED_EDGE ( 'NONE', *, *, #367, .T. ) ;
#1713 = DIRECTION ( 'NONE',  ( -1.000000000000000000, 0.000000000000000000, 0.000000000000000000 ) ) ;
#1714 = VERTEX_POINT ( 'NONE', #530 ) ;
#1715 = LINE ( 'NONE', #1228, #2091 ) ;
#1716 = CARTESIAN_POINT ( 'NONE',  ( 0.000000000000000000, -4.200000000000000178, 2.500000000000000000 ) ) ;
#1717 = ORIENTED_EDGE ( 'NONE', *, *, #2597, .T. ) ;
#1718 = CARTESIAN_POINT ( 'NONE',  ( 1.020000000000000018, 3.079999999999999627, 13.02999999999999936 ) ) ;
#1719 = CARTESIAN_POINT ( 'NONE',  ( 1.020000000000000018, 0.2499999999990000499, 2.499999999998999911 ) ) ;
#1720 = EDGE_CURVE ( 'NONE', #1132, #2119, #2629, .T. ) ;
#1721 = FACE_OUTER_BOUND ( 'NONE', #832, .T. ) ;
#1722 = FACE_OUTER_BOUND ( 'NONE', #660, .T. ) ;
#1723 = ORIENTED_EDGE ( 'NONE', *, *, #2464, .T. ) ;
#1724 = EDGE_CURVE ( 'NONE', #195, #448, #762, .T. ) ;
#1725 = EDGE_LOOP ( 'NONE', ( #1957, #711, #675, #134 ) ) ;
#1726 = CARTESIAN_POINT ( 'NONE',  ( 1.619999999999999885, -4.699999999999000089, 0.2999999999989999555 ) ) ;
#1727 = ADVANCED_FACE ( 'NONE', ( #1412 ), #370, .F. ) ;
#1728 = ORIENTED_EDGE ( 'NONE', *, *, #1542, .F. ) ;
#1729 = CARTESIAN_POINT ( 'NONE',  ( -1.020000000000000018, 5.330000000000000071, -3.499999999998999911 ) ) ;
#1730 = CARTESIAN_POINT ( 'NONE',  ( -1.520000000000000018, 0.5400000000000000355, 7.950000000000000178 ) ) ;
#1731 = AXIS2_PLACEMENT_3D ( 'NONE', #1719, #449, #426 ) ;
#1732 = ORIENTED_EDGE ( 'NONE', *, *, #1761, .T. ) ;
#1733 = AXIS2_PLACEMENT_3D ( 'NONE', #1244, #9, #852 ) ;
#1734 = DIRECTION ( 'NONE',  ( -1.000000000000000000, 0.000000000000000000, 0.000000000000000000 ) ) ;
#1735 = AXIS2_PLACEMENT_3D ( 'NONE', #297, #89, #925 ) ;
#1736 = DIRECTION ( 'NONE',  ( 0.000000000000000000, -1.000000000000000000, 0.000000000000000000 ) ) ;
#1737 = VECTOR ( 'NONE', #1497, 1000.000000000000000 ) ;
#1738 = FACE_OUTER_BOUND ( 'NONE', #1796, .T. ) ;
#1739 = ORIENTED_EDGE ( 'NONE', *, *, #88, .T. ) ;
#1740 = CARTESIAN_POINT ( 'NONE',  ( 1.520000000000000018, 3.079999999999999627, 11.27999999999999936 ) ) ;
#1741 = EDGE_CURVE ( 'NONE', #2282, #1307, #171, .T. ) ;
#1742 = ORIENTED_EDGE ( 'NONE', *, *, #2542, .F. ) ;
#1743 = FACE_OUTER_BOUND ( 'NONE', #167, .T. ) ;
#1744 = AXIS2_PLACEMENT_3D ( 'NONE', #1667, #608, #2051 ) ;
#1745 = EDGE_CURVE ( 'NONE', #268, #1050, #197, .T. ) ;
#1746 = ORIENTED_EDGE ( 'NONE', *, *, #1761, .F. ) ;
#1747 = DIRECTION ( 'NONE',  ( 1.000000000000000000, 0.000000000000000000, 0.000000000000000000 ) ) ;
#1748 = VECTOR ( 'NONE', #647, 1000.000000000000000 ) ;
#1749 = CARTESIAN_POINT ( 'NONE',  ( -1.020000000000000018, -0.6999999999999999556, 7.950000000000000178 ) ) ;
#1750 = CARTESIAN_POINT ( 'NONE',  ( 0.000000000000000000, -13.80121933088100228, 12.69999999999900098 ) ) ;
#1751 = VERTEX_POINT ( 'NONE', #1067 ) ;
#1752 = CARTESIAN_POINT ( 'NONE',  ( 1.020000000000000018, 2.290000000000000036, 6.200000000000000178 ) ) ;
#1753 = CARTESIAN_POINT ( 'NONE',  ( 1.020000000000000018, 0.2499999999990000499, -3.500000000000000000 ) ) ;
#1754 = VERTEX_POINT ( 'NONE', #1672 ) ;
#1755 = DIRECTION ( 'NONE',  ( 0.000000000000000000, 0.000000000000000000, -1.000000000000000000 ) ) ;
#1756 = EDGE_CURVE ( 'NONE', #2201, #2119, #2648, .T. ) ;
#1757 = CARTESIAN_POINT ( 'NONE',  ( 1.619999999999999885, -0.6999999999999999556, 0.2999999999989999555 ) ) ;
#1758 = DIRECTION ( 'NONE',  ( 1.000000000000000000, 1.121588454294999970E-16, 0.000000000000000000 ) ) ;
#1759 = ORIENTED_EDGE ( 'NONE', *, *, #1403, .T. ) ;
#1760 = CARTESIAN_POINT ( 'NONE',  ( -2.200000000000000178, 6.899999999998999378, 0.000000000000000000 ) ) ;
#1761 = EDGE_CURVE ( 'NONE', #1808, #650, #730, .T. ) ;
#1762 = CARTESIAN_POINT ( 'NONE',  ( -1.020000000000000018, -0.6999999999999999556, 13.53000000000000114 ) ) ;
#1763 = DIRECTION ( 'NONE',  ( 0.000000000000000000, 1.000000000000000000, 0.000000000000000000 ) ) ;
#1764 = ORIENTED_EDGE ( 'NONE', *, *, #1495, .F. ) ;
#1765 = DIRECTION ( 'NONE',  ( 0.000000000000000000, 0.000000000000000000, -1.000000000000000000 ) ) ;
#1766 = ORIENTED_EDGE ( 'NONE', *, *, #1419, .F. ) ;
#1767 = DIRECTION ( 'NONE',  ( 0.000000000000000000, 0.000000000000000000, -1.000000000000000000 ) ) ;
#1768 = DIRECTION ( 'NONE',  ( 0.000000000000000000, -1.000000000000000000, 0.000000000000000000 ) ) ;
#1769 = PLANE ( 'NONE',  #220 ) ;
#1770 = ORIENTED_EDGE ( 'NONE', *, *, #1070, .T. ) ;
#1771 = VECTOR ( 'NONE', #26, 1000.000000000000000 ) ;
#1772 = EDGE_CURVE ( 'NONE', #315, #1689, #2266, .T. ) ;
#1773 = VECTOR ( 'NONE', #614, 1000.000000000000000 ) ;
#1774 = CARTESIAN_POINT ( 'NONE',  ( 1.520000000000000018, -0.6999999999999999556, 13.02999999999999936 ) ) ;
#1775 = AXIS2_PLACEMENT_3D ( 'NONE', #1716, #1768, #2604 ) ;
#1776 = EDGE_CURVE ( 'NONE', #1022, #33, #816, .T. ) ;
#1777 = CARTESIAN_POINT ( 'NONE',  ( 0.000000000000000000, -4.200000000000000178, 12.66000000000000014 ) ) ;
#1778 = ORIENTED_EDGE ( 'NONE', *, *, #444, .F. ) ;
#1779 = DIRECTION ( 'NONE',  ( -1.000000000000000000, 0.000000000000000000, 0.000000000000000000 ) ) ;
#1780 = EDGE_LOOP ( 'NONE', ( #946, #374, #685, #1829 ) ) ;
#1781 = PLANE ( 'NONE',  #693 ) ;
#1782 = CARTESIAN_POINT ( 'NONE',  ( -1.020000000000000018, 2.290000000000000036, -3.500000000000000000 ) ) ;
#1783 = CIRCLE ( 'NONE', #1045, 1.749999999999000577 ) ;
#1784 = DIRECTION ( 'NONE',  ( 0.000000000000000000, -1.000000000000000000, 0.000000000000000000 ) ) ;
#1785 = EDGE_LOOP ( 'NONE', ( #1573, #478, #602, #965 ) ) ;
#1786 = DIRECTION ( 'NONE',  ( 0.000000000000000000, 0.000000000000000000, -1.000000000000000000 ) ) ;
#1787 = CYLINDRICAL_SURFACE ( 'NONE', #452, 1.499999999999000355 ) ;
#1788 = CARTESIAN_POINT ( 'NONE',  ( 1.520000000000000018, 4.830000000000000071, 11.27999999999999936 ) ) ;
#1789 = AXIS2_PLACEMENT_3D ( 'NONE', #503, #1972, #1983 ) ;
#1790 = EDGE_CURVE ( 'NONE', #2582, #46, #2261, .T. ) ;
#1791 = CARTESIAN_POINT ( 'NONE',  ( -1.020000000000000018, -0.6999999999999999556, 7.950000000000000178 ) ) ;
#1792 = CIRCLE ( 'NONE', #1393, 1.499999999999000355 ) ;
#1793 = ORIENTED_EDGE ( 'NONE', *, *, #1444, .F. ) ;
#1794 = EDGE_CURVE ( 'NONE', #2451, #1488, #988, .T. ) ;
#1795 = DIRECTION ( 'NONE',  ( 0.000000000000000000, 0.000000000000000000, -1.000000000000000000 ) ) ;
#1796 = EDGE_LOOP ( 'NONE', ( #1655, #1826, #1061, #1459, #105, #2667, #59, #1291 ) ) ;
#1797 = DIRECTION ( 'NONE',  ( 0.000000000000000000, 0.000000000000000000, -1.000000000000000000 ) ) ;
#1798 = DIRECTION ( 'NONE',  ( 0.000000000000000000, -1.000000000000000000, 0.000000000000000000 ) ) ;
#1799 = VERTEX_POINT ( 'NONE', #1118 ) ;
#1800 = VERTEX_POINT ( 'NONE', #1753 ) ;
#1801 = CARTESIAN_POINT ( 'NONE',  ( 0.000000000000000000, -4.200000000000000178, 2.500000000000000000 ) ) ;
#1802 = DIRECTION ( 'NONE',  ( 0.000000000000000000, 1.000000000000000000, 2.168404344971000191E-15 ) ) ;
#1803 = DIRECTION ( 'NONE',  ( -1.000000000000000000, 0.000000000000000000, 0.000000000000000000 ) ) ;
#1804 = CARTESIAN_POINT ( 'NONE',  ( 1.520000000000000018, 0.5400000000000000355, 6.200000000000000178 ) ) ;
#1805 = EDGE_CURVE ( 'NONE', #1642, #455, #2520, .T. ) ;
#1806 = ORIENTED_EDGE ( 'NONE', *, *, #579, .T. ) ;
#1807 = ADVANCED_FACE ( 'NONE', ( #1353 ), #2407, .F. ) ;
#1808 = VERTEX_POINT ( 'NONE', #128 ) ;
#1809 = SPHERICAL_SURFACE ( 'NONE', #2042, 1.449999999998999867 ) ;
#1810 = EDGE_CURVE ( 'NONE', #282, #2458, #2220, .T. ) ;
#1811 = DIRECTION ( 'NONE',  ( 0.000000000000000000, 0.000000000000000000, -1.000000000000000000 ) ) ;
#1812 = ORIENTED_EDGE ( 'NONE', *, *, #1805, .T. ) ;
#1813 = DIRECTION ( 'NONE',  ( 0.000000000000000000, 1.000000000000000000, 0.000000000000000000 ) ) ;
#1814 = LINE ( 'NONE', #779, #377 ) ;
#1815 = VERTEX_POINT ( 'NONE', #1757 ) ;
#1816 = FACE_OUTER_BOUND ( 'NONE', #2164, .T. ) ;
#1817 = VECTOR ( 'NONE', #612, 1000.000000000000000 ) ;
#1818 = CARTESIAN_POINT ( 'NONE',  ( -1.020000000000000018, -0.6999999999999999556, 7.950000000000000178 ) ) ;
#1819 = VECTOR ( 'NONE', #731, 1000.000000000000000 ) ;
#1820 = CARTESIAN_POINT ( 'NONE',  ( 1.020000000000000018, 5.330000000000000071, 11.27999999999999936 ) ) ;
#1821 = ORIENTED_EDGE ( 'NONE', *, *, #860, .F. ) ;
#1822 = VECTOR ( 'NONE', #397, 1000.000000000000000 ) ;
#1823 = ORIENTED_EDGE ( 'NONE', *, *, #568, .T. ) ;
#1824 = LINE ( 'NONE', #999, #2336 ) ;
#1825 = DIRECTION ( 'NONE',  ( 0.000000000000000000, 0.000000000000000000, -1.000000000000000000 ) ) ;
#1826 = ORIENTED_EDGE ( 'NONE', *, *, #1047, .F. ) ;
#1827 = CARTESIAN_POINT ( 'NONE',  ( 1.020000000000000018, 3.079999999999999627, 13.53000000000000114 ) ) ;
#1828 = EDGE_CURVE ( 'NONE', #446, #337, #103, .T. ) ;
#1829 = ORIENTED_EDGE ( 'NONE', *, *, #2178, .F. ) ;
#1830 = AXIS2_PLACEMENT_3D ( 'NONE', #2150, #247, #2553 ) ;
#1831 = CARTESIAN_POINT ( 'NONE',  ( 1.520000000000000018, -0.6999999999999999556, 3.250000000000000000 ) ) ;
#1832 = AXIS2_PLACEMENT_3D ( 'NONE', #2623, #2234, #2258 ) ;
#1833 = DIRECTION ( 'NONE',  ( -1.000000000000000000, 0.000000000000000000, 0.000000000000000000 ) ) ;
#1834 = ORIENTED_EDGE ( 'NONE', *, *, #1585, .T. ) ;
#1835 = VECTOR ( 'NONE', #2071, 1000.000000000000000 ) ;
#1836 = VERTEX_POINT ( 'NONE', #101 ) ;
#1837 = DIRECTION ( 'NONE',  ( 1.000000000000000000, 0.000000000000000000, 0.000000000000000000 ) ) ;
#1838 = CARTESIAN_POINT ( 'NONE',  ( -2.200000000000000178, 6.899999999998999378, 15.29999999999999893 ) ) ;
#1839 = DIRECTION ( 'NONE',  ( 0.000000000000000000, -1.000000000000000000, 0.000000000000000000 ) ) ;
#1840 = CARTESIAN_POINT ( 'NONE',  ( 1.020000000000000018, 2.290000000000000036, 6.200000000000000178 ) ) ;
#1841 = ADVANCED_FACE ( 'NONE', ( #253 ), #2559, .F. ) ;
#1842 = ORIENTED_EDGE ( 'NONE', *, *, #951, .F. ) ;
#1843 = CARTESIAN_POINT ( 'NONE',  ( 1.020000000000000018, 5.330000000000000071, 11.27999999999999936 ) ) ;
#1844 = DIRECTION ( 'NONE',  ( 0.000000000000000000, -2.235468396876999697E-17, -1.000000000000000000 ) ) ;
#1845 = ORIENTED_EDGE ( 'NONE', *, *, #441, .F. ) ;
#1846 = LINE ( 'NONE', #873, #1301 ) ;
#1847 = CARTESIAN_POINT ( 'NONE',  ( 1.020000000000000018, 2.789999999998999947, -3.500000000000000000 ) ) ;
#1848 = ORIENTED_EDGE ( 'NONE', *, *, #1386, .T. ) ;
#1849 = CARTESIAN_POINT ( 'NONE',  ( 1.836970198721000105E-16, -4.699999999999000089, 4.000000000000000000 ) ) ;
#1850 = ORIENTED_EDGE ( 'NONE', *, *, #2040, .F. ) ;
#1851 = FACE_OUTER_BOUND ( 'NONE', #5, .T. ) ;
#1852 = DIRECTION ( 'NONE',  ( -1.000000000000000000, 0.000000000000000000, 0.000000000000000000 ) ) ;
#1853 = ORIENTED_EDGE ( 'NONE', *, *, #1556, .T. ) ;
#1854 = DIRECTION ( 'NONE',  ( 0.000000000000000000, 0.000000000000000000, 1.000000000000000000 ) ) ;
#1855 = DIRECTION ( 'NONE',  ( 0.000000000000000000, -1.000000000000000000, 0.000000000000000000 ) ) ;
#1856 = ORIENTED_EDGE ( 'NONE', *, *, #381, .F. ) ;
#1857 = LINE ( 'NONE', #2062, #2309 ) ;
#1858 = CARTESIAN_POINT ( 'NONE',  ( -1.520000000000000018, -0.6999999999999999556, 2.750000000000000000 ) ) ;
#1859 = VECTOR ( 'NONE', #2496, 1000.000000000000000 ) ;
#1860 = CARTESIAN_POINT ( 'NONE',  ( 1.020000000000000018, -0.6999999999999999556, 2.750000000000000000 ) ) ;
#1861 = EDGE_CURVE ( 'NONE', #1613, #2009, #548, .T. ) ;
#1862 = AXIS2_PLACEMENT_3D ( 'NONE', #677, #1511, #462 ) ;
#1863 = VERTEX_POINT ( 'NONE', #146 ) ;
#1864 = CARTESIAN_POINT ( 'NONE',  ( 1.020000000000000018, -0.6999999999999999556, 13.53000000000000114 ) ) ;
#1865 = DIRECTION ( 'NONE',  ( 0.000000000000000000, 1.000000000000000000, 0.000000000000000000 ) ) ;
#1866 = CARTESIAN_POINT ( 'NONE',  ( -2.200000000000000178, -4.699999999999000089, 15.29999999999999893 ) ) ;
#1867 = ORIENTED_EDGE ( 'NONE', *, *, #261, .F. ) ;
#1868 = FACE_OUTER_BOUND ( 'NONE', #767, .T. ) ;
#1869 = VECTOR ( 'NONE', #1348, 1000.000000000000000 ) ;
#1870 = LINE ( 'NONE', #618, #2081 ) ;
#1871 = EDGE_LOOP ( 'NONE', ( #1068, #434, #2654, #2216 ) ) ;
#1872 = DIRECTION ( 'NONE',  ( 0.000000000000000000, 0.000000000000000000, -1.000000000000000000 ) ) ;
#1873 = FACE_OUTER_BOUND ( 'NONE', #1054, .T. ) ;
#1874 = EDGE_CURVE ( 'NONE', #2057, #130, #1309, .T. ) ;
#1875 = CARTESIAN_POINT ( 'NONE',  ( 1.619999999999999885, 14.49999999999899991, 0.000000000000000000 ) ) ;
#1876 = CIRCLE ( 'NONE', #81, 1.499999999999000355 ) ;
#1877 = EDGE_CURVE ( 'NONE', #2536, #2479, #1925, .T. ) ;
#1878 = ORIENTED_EDGE ( 'NONE', *, *, #1308, .F. ) ;
#1879 = AXIS2_PLACEMENT_3D ( 'NONE', #6, #1039, #848 ) ;
#1880 = ORIENTED_EDGE ( 'NONE', *, *, #1688, .T. ) ;
#1881 = ORIENTED_EDGE ( 'NONE', *, *, #2612, .F. ) ;
#1882 = CARTESIAN_POINT ( 'NONE',  ( -1.020000000000000018, -0.6999999999999999556, 3.249999999998999911 ) ) ;
#1883 = LINE ( 'NONE', #1847, #2000 ) ;
#1884 = EDGE_LOOP ( 'NONE', ( #1189, #966, #1339, #442 ) ) ;
#1885 = EDGE_CURVE ( 'NONE', #1603, #1196, #2317, .T. ) ;
#1886 = CARTESIAN_POINT ( 'NONE',  ( 1.520000000000000018, 2.290000000000000036, -3.500000000000000000 ) ) ;
#1887 = CARTESIAN_POINT ( 'NONE',  ( -1.020000000000000018, 5.330000000000000071, -3.499999999998999911 ) ) ;
#1888 = DIRECTION ( 'NONE',  ( 0.000000000000000000, 1.000000000000000000, 0.000000000000000000 ) ) ;
#1889 = VERTEX_POINT ( 'NONE', #2596 ) ;
#1890 = CYLINDRICAL_SURFACE ( 'NONE', #771, 0.7500000000000002220 ) ;
#1891 = PLANE ( 'NONE',  #376 ) ;
#1892 = ORIENTED_EDGE ( 'NONE', *, *, #336, .F. ) ;
#1893 = DIRECTION ( 'NONE',  ( 0.000000000000000000, -1.000000000000000000, 0.000000000000000000 ) ) ;
#1894 = EDGE_CURVE ( 'NONE', #2037, #448, #679, .T. ) ;
#1895 = ORIENTED_EDGE ( 'NONE', *, *, #177, .T. ) ;
#1896 = DIRECTION ( 'NONE',  ( 0.000000000000000000, 0.000000000000000000, 1.000000000000000000 ) ) ;
#1897 = CARTESIAN_POINT ( 'NONE',  ( -0.9200000000000000400, 6.899999999998999378, 15.29999999999999893 ) ) ;
#1898 = CARTESIAN_POINT ( 'NONE',  ( 1.020000000000000018, 3.079999999999999627, 11.27999999999999936 ) ) ;
#1899 = CARTESIAN_POINT ( 'NONE',  ( -1.520000000000000018, -0.6999999999999999556, 2.750000000000000000 ) ) ;
#1900 = ORIENTED_EDGE ( 'NONE', *, *, #692, .F. ) ;
#1901 = CARTESIAN_POINT ( 'NONE',  ( -1.020000000000000018, 0.2499999999990000499, -3.500000000000000000 ) ) ;
#1902 = CIRCLE ( 'NONE', #2077, 1.500000000000000000 ) ;
#1903 = CARTESIAN_POINT ( 'NONE',  ( 1.520000000000000018, 2.789999999998999947, -3.500000000000000000 ) ) ;
#1904 = ORIENTED_EDGE ( 'NONE', *, *, #1225, .F. ) ;
#1905 = CARTESIAN_POINT ( 'NONE',  ( -2.200000000000000178, -4.699999999999000089, 15.29999999999999893 ) ) ;
#1906 = EDGE_CURVE ( 'NONE', #2170, #594, #1331, .T. ) ;
#1907 = AXIS2_PLACEMENT_3D ( 'NONE', #1443, #2103, #1626 ) ;
#1908 = ORIENTED_EDGE ( 'NONE', *, *, #2292, .F. ) ;
#1909 = EDGE_CURVE ( 'NONE', #268, #1808, #2172, .T. ) ;
#1910 = CARTESIAN_POINT ( 'NONE',  ( 1.520000000000000018, -0.5000000000000000000, 3.250000000000000000 ) ) ;
#1911 = AXIS2_PLACEMENT_3D ( 'NONE', #2331, #2049, #2664 ) ;
#1912 = DIRECTION ( 'NONE',  ( 0.000000000000000000, 1.000000000000000000, 0.000000000000000000 ) ) ;
#1913 = AXIS2_PLACEMENT_3D ( 'NONE', #709, #929, #2121 ) ;
#1914 = FACE_OUTER_BOUND ( 'NONE', #581, .T. ) ;
#1915 = CIRCLE ( 'NONE', #2487, 2.249999999999999556 ) ;
#1916 = VERTEX_POINT ( 'NONE', #1265 ) ;
#1917 = CARTESIAN_POINT ( 'NONE',  ( -1.619999999999999885, -4.699999999999000089, 0.2999999999989999555 ) ) ;
#1918 = VECTOR ( 'NONE', #165, 1000.000000000000000 ) ;
#1919 = ORIENTED_EDGE ( 'NONE', *, *, #1909, .F. ) ;
#1920 = DIRECTION ( 'NONE',  ( -1.000000000000000000, 0.000000000000000000, 0.000000000000000000 ) ) ;
#1921 = VECTOR ( 'NONE', #90, 1000.000000000000000 ) ;
#1922 = EDGE_CURVE ( 'NONE', #2536, #1096, #1250, .T. ) ;
#1923 = FACE_OUTER_BOUND ( 'NONE', #1624, .T. ) ;
#1924 = ORIENTED_EDGE ( 'NONE', *, *, #2542, .T. ) ;
#1925 = LINE ( 'NONE', #888, #917 ) ;
#1926 = EDGE_CURVE ( 'NONE', #1165, #2510, #616, .T. ) ;
#1927 = SPHERICAL_SURFACE ( 'NONE', #2214, 1.449999999998999867 ) ;
#1928 = FACE_OUTER_BOUND ( 'NONE', #155, .T. ) ;
#1929 = EDGE_CURVE ( 'NONE', #455, #1598, #2088, .T. ) ;
#1930 = CARTESIAN_POINT ( 'NONE',  ( -1.520000000000000018, -0.6999999999999999556, 3.249999999998999911 ) ) ;
#1931 = ORIENTED_EDGE ( 'NONE', *, *, #718, .T. ) ;
#1932 = ORIENTED_EDGE ( 'NONE', *, *, #479, .T. ) ;
#1933 = CARTESIAN_POINT ( 'NONE',  ( -1.020000000000000018, 0.2499999999990000499, 2.499999999998999911 ) ) ;
#1934 = LINE ( 'NONE', #1995, #2449 ) ;
#1935 = EDGE_LOOP ( 'NONE', ( #57, #533, #1367, #2183 ) ) ;
#1936 = CARTESIAN_POINT ( 'NONE',  ( 1.520000000000000018, 5.330000000000000071, -3.499999999998999911 ) ) ;
#1937 = ORIENTED_EDGE ( 'NONE', *, *, #2663, .F. ) ;
#1938 = DIRECTION ( 'NONE',  ( 0.000000000000000000, -1.000000000000000000, 0.000000000000000000 ) ) ;
#1939 = ADVANCED_FACE ( 'NONE', ( #214 ), #1034, .F. ) ;
#1940 = DIRECTION ( 'NONE',  ( 0.000000000000000000, -2.235468396876999697E-17, -1.000000000000000000 ) ) ;
#1941 = ORIENTED_EDGE ( 'NONE', *, *, #2195, .T. ) ;
#1942 = ORIENTED_EDGE ( 'NONE', *, *, #2555, .F. ) ;
#1943 = CARTESIAN_POINT ( 'NONE',  ( 0.000000000000000000, -5.749999999998999911, 3.950000000000000178 ) ) ;
#1944 = ADVANCED_FACE ( 'NONE', ( #1868 ), #1051, .F. ) ;
#1945 = PRESENTATION_LAYER_ASSIGNMENT (  '', '', ( #539 ) ) ;
#1946 = ORIENTED_EDGE ( 'NONE', *, *, #724, .F. ) ;
#1947 = CARTESIAN_POINT ( 'NONE',  ( 0.000000000000000000, -13.80121933088100228, 2.500000000000000000 ) ) ;
#1948 = AXIS2_PLACEMENT_3D ( 'NONE', #1053, #2416, #1164 ) ;
#1949 = LINE ( 'NONE', #2581, #24 ) ;
#1950 = EDGE_LOOP ( 'NONE', ( #1059, #1335, #1697, #1979 ) ) ;
#1951 = CIRCLE ( 'NONE', #2036, 2.249999999999999556 ) ;
#1952 = LINE ( 'NONE', #265, #2272 ) ;
#1953 = CARTESIAN_POINT ( 'NONE',  ( 1.020000000000000018, -0.5000000000000000000, 3.250000000000000000 ) ) ;
#1954 = ADVANCED_FACE ( 'NONE', ( #820 ), #1629, .T. ) ;
#1955 = EDGE_LOOP ( 'NONE', ( #1919, #1026, #2485, #1605 ) ) ;
#1956 = LINE ( 'NONE', #1726, #2299 ) ;
#1957 = ORIENTED_EDGE ( 'NONE', *, *, #2593, .T. ) ;
#1958 = CARTESIAN_POINT ( 'NONE',  ( -1.020000000000000018, 0.2499999999990000499, 2.499999999998999911 ) ) ;
#1959 = AXIS2_PLACEMENT_3D ( 'NONE', #1101, #481, #1940 ) ;
#1960 = DIRECTION ( 'NONE',  ( 0.000000000000000000, 0.000000000000000000, -1.000000000000000000 ) ) ;
#1961 = CARTESIAN_POINT ( 'NONE',  ( -1.020000000000000018, 0.5400000000000000355, 6.200000000000000178 ) ) ;
#1962 = DIRECTION ( 'NONE',  ( 1.000000000000000000, 0.000000000000000000, 0.000000000000000000 ) ) ;
#1963 = ORIENTED_EDGE ( 'NONE', *, *, #1540, .T. ) ;
#1964 = DIRECTION ( 'NONE',  ( 0.000000000000000000, -1.000000000000000000, 0.000000000000000000 ) ) ;
#1965 = FACE_OUTER_BOUND ( 'NONE', #1780, .T. ) ;
#1966 = DIRECTION ( 'NONE',  ( 0.000000000000000000, 0.000000000000000000, 1.000000000000000000 ) ) ;
#1967 = VERTEX_POINT ( 'NONE', #2059 ) ;
#1968 = CARTESIAN_POINT ( 'NONE',  ( 0.000000000000000000, -4.200000000000000178, 12.66000000000000014 ) ) ;
#1969 = EDGE_CURVE ( 'NONE', #61, #2236, #16, .T. ) ;
#1970 = EDGE_LOOP ( 'NONE', ( #329, #2105, #119, #56 ) ) ;
#1971 = CARTESIAN_POINT ( 'NONE',  ( 1.020000000000000018, -0.6999999999999999556, 8.449999999999999289 ) ) ;
#1972 = DIRECTION ( 'NONE',  ( 0.000000000000000000, -1.000000000000000000, 0.000000000000000000 ) ) ;
#1973 = CARTESIAN_POINT ( 'NONE',  ( -0.9200000000000000400, -0.6999999999999999556, 0.000000000000000000 ) ) ;
#1974 = ORIENTED_EDGE ( 'NONE', *, *, #239, .F. ) ;
#1975 = LINE ( 'NONE', #1760, #1512 ) ;
#1976 = ADVANCED_FACE ( 'NONE', ( #1447 ), #189, .F. ) ;
#1977 = PLANE ( 'NONE',  #2702 ) ;
#1978 = LINE ( 'NONE', #1378, #954 ) ;
#1979 = ORIENTED_EDGE ( 'NONE', *, *, #613, .T. ) ;
#1980 = LINE ( 'NONE', #908, #2257 ) ;
#1981 = VERTEX_POINT ( 'NONE', #2688 ) ;
#1982 = FACE_OUTER_BOUND ( 'NONE', #956, .T. ) ;
#1983 = DIRECTION ( 'NONE',  ( 0.000000000000000000, 0.000000000000000000, -1.000000000000000000 ) ) ;
#1984 = VECTOR ( 'NONE', #620, 1000.000000000000000 ) ;
#1985 = ADVANCED_FACE ( 'NONE', ( #1648 ), #2502, .F. ) ;
#1986 = VERTEX_POINT ( 'NONE', #2085 ) ;
#1987 = CIRCLE ( 'NONE', #2516, 1.500000000000000000 ) ;
#1988 = VECTOR ( 'NONE', #2196, 1000.000000000000000 ) ;
#1989 = VERTEX_POINT ( 'NONE', #2128 ) ;
#1990 = DIRECTION ( 'NONE',  ( 0.000000000000000000, -1.000000000000000000, 0.000000000000000000 ) ) ;
#1991 = VECTOR ( 'NONE', #1786, 1000.000000000000000 ) ;
#1992 = DIRECTION ( 'NONE',  ( -1.000000000000000000, 0.000000000000000000, 0.000000000000000000 ) ) ;
#1993 = VERTEX_POINT ( 'NONE', #1866 ) ;
#1994 = AXIS2_PLACEMENT_3D ( 'NONE', #164, #754, #1168 ) ;
#1995 = CARTESIAN_POINT ( 'NONE',  ( -1.020000000000000018, -0.5000000000000000000, 3.250000000000000000 ) ) ;
#1996 = EDGE_LOOP ( 'NONE', ( #1679, #899, #1116, #11 ) ) ;
#1997 = PRESENTATION_STYLE_ASSIGNMENT (( #330 ) ) ;
#1998 = FACE_OUTER_BOUND ( 'NONE', #887, .T. ) ;
#1999 = ORIENTED_EDGE ( 'NONE', *, *, #2642, .F. ) ;
#2000 = VECTOR ( 'NONE', #1652, 1000.000000000000000 ) ;
#2001 = EDGE_CURVE ( 'NONE', #2159, #765, #1934, .T. ) ;
#2002 = ORIENTED_EDGE ( 'NONE', *, *, #1006, .F. ) ;
#2003 = FACE_BOUND ( 'NONE', #1405, .T. ) ;
#2004 = CARTESIAN_POINT ( 'NONE',  ( -1.619999999999999885, 6.899999999998999378, 15.29999999999999893 ) ) ;
#2005 = AXIS2_PLACEMENT_3D ( 'NONE', #2045, #1893, #2471 ) ;
#2006 = APPLICATION_CONTEXT ( 'automotive_design' ) ;
#2007 = EDGE_CURVE ( 'NONE', #909, #2355, #1382, .T. ) ;
#2008 = DIRECTION ( 'NONE',  ( 0.000000000000000000, 0.000000000000000000, 1.000000000000000000 ) ) ;
#2009 = VERTEX_POINT ( 'NONE', #534 ) ;
#2010 = ADVANCED_FACE ( 'NONE', ( #2433 ), #2544, .F. ) ;
#2011 = ORIENTED_EDGE ( 'NONE', *, *, #441, .T. ) ;
#2012 = CARTESIAN_POINT ( 'NONE',  ( 1.619999999999999885, 14.49999999999899991, 15.29999999999999893 ) ) ;
#2013 = DIRECTION ( 'NONE',  ( 1.000000000000000000, 0.000000000000000000, 0.000000000000000000 ) ) ;
#2014 = FACE_OUTER_BOUND ( 'NONE', #482, .T. ) ;
#2015 = LINE ( 'NONE', #144, #2278 ) ;
#2016 = ORIENTED_EDGE ( 'NONE', *, *, #404, .T. ) ;
#2017 = EDGE_LOOP ( 'NONE', ( #1370, #2419 ) ) ;
#2018 = LINE ( 'NONE', #522, #1869 ) ;
#2019 = LINE ( 'NONE', #1394, #1918 ) ;
#2020 = EDGE_LOOP ( 'NONE', ( #1450, #2293, #1932, #501 ) ) ;
#2021 = CARTESIAN_POINT ( 'NONE',  ( -1.520000000000000018, 5.330000000000000071, 11.27999999999999936 ) ) ;
#2022 = EDGE_CURVE ( 'NONE', #1505, #2231, #2358, .T. ) ;
#2023 = ORIENTED_EDGE ( 'NONE', *, *, #1237, .T. ) ;
#2024 = FACE_BOUND ( 'NONE', #1183, .T. ) ;
#2025 = CARTESIAN_POINT ( 'NONE',  ( 0.000000000000000000, -5.749999999998999911, 7.599999999998999556 ) ) ;
#2026 = CARTESIAN_POINT ( 'NONE',  ( -1.520000000000000018, -0.5000000000000000000, 2.499999999998999911 ) ) ;
#2027 = ORIENTED_EDGE ( 'NONE', *, *, #657, .T. ) ;
#2028 = PLANE ( 'NONE',  #634 ) ;
#2029 = VERTEX_POINT ( 'NONE', #2514 ) ;
#2030 = DIRECTION ( 'NONE',  ( 0.000000000000000000, 0.000000000000000000, 1.000000000000000000 ) ) ;
#2031 = VECTOR ( 'NONE', #1246, 1000.000000000000000 ) ;
#2032 = PLANE ( 'NONE',  #421 ) ;
#2033 = AXIS2_PLACEMENT_3D ( 'NONE', #681, #1500, #863 ) ;
#2034 = LINE ( 'NONE', #341, #129 ) ;
#2035 = VERTEX_POINT ( 'NONE', #218 ) ;
#2036 = AXIS2_PLACEMENT_3D ( 'NONE', #2332, #1513, #1107 ) ;
#2037 = VERTEX_POINT ( 'NONE', #1718 ) ;
#2038 = DIRECTION ( 'NONE',  ( -1.000000000000000000, 0.000000000000000000, 0.000000000000000000 ) ) ;
#2039 = DIRECTION ( 'NONE',  ( 0.000000000000000000, 0.000000000000000000, -1.000000000000000000 ) ) ;
#2040 = EDGE_CURVE ( 'NONE', #538, #2296, #244, .T. ) ;
#2041 = CARTESIAN_POINT ( 'NONE',  ( -1.020000000000000018, -0.6999999999999999556, 13.02999999999999936 ) ) ;
#2042 = AXIS2_PLACEMENT_3D ( 'NONE', #143, #559, #1201 ) ;
#2043 = CARTESIAN_POINT ( 'NONE',  ( 1.020000000000000018, 4.830000000000000071, 11.27999999999999936 ) ) ;
#2044 = EDGE_LOOP ( 'NONE', ( #1209, #894, #1157, #2016 ) ) ;
#2045 = CARTESIAN_POINT ( 'NONE',  ( -2.200000000000000178, 6.899999999998999378, 15.29999999999999893 ) ) ;
#2046 = AXIS2_PLACEMENT_3D ( 'NONE', #890, #1708, #1311 ) ;
#2047 = DIRECTION ( 'NONE',  ( -1.000000000000000000, 0.000000000000000000, 0.000000000000000000 ) ) ;
#2048 = EDGE_LOOP ( 'NONE', ( #126, #1361, #1647, #2662 ) ) ;
#2049 = DIRECTION ( 'NONE',  ( 1.000000000000000000, 0.000000000000000000, 0.000000000000000000 ) ) ;
#2050 = AXIS2_PLACEMENT_3D ( 'NONE', #66, #1298, #1763 ) ;
#2051 = DIRECTION ( 'NONE',  ( 1.000000000000000000, 0.000000000000000000, 0.000000000000000000 ) ) ;
#2052 = DIRECTION ( 'NONE',  ( 1.000000000000000000, 0.000000000000000000, 0.000000000000000000 ) ) ;
#2053 = VECTOR ( 'NONE', #1612, 1000.000000000000000 ) ;
#2054 = EDGE_LOOP ( 'NONE', ( #1900, #2545 ) ) ;
#2055 = CARTESIAN_POINT ( 'NONE',  ( -1.020000000000000018, -0.6999999999999999556, 8.449999999999999289 ) ) ;
#2056 = CARTESIAN_POINT ( 'NONE',  ( 1.775737858763000013E-16, -5.749999999998999911, 1.050000000000000044 ) ) ;
#2057 = VERTEX_POINT ( 'NONE', #635 ) ;
#2058 = EDGE_CURVE ( 'NONE', #61, #455, #1476, .T. ) ;
#2059 = CARTESIAN_POINT ( 'NONE',  ( -1.520000000000000018, -0.6999999999999999556, 7.950000000000000178 ) ) ;
#2060 = EDGE_LOOP ( 'NONE', ( #2538, #212, #350, #2113, #495, #323, #2567, #1732 ) ) ;
#2061 = EDGE_CURVE ( 'NONE', #109, #61, #2233, .T. ) ;
#2062 = CARTESIAN_POINT ( 'NONE',  ( 1.020000000000000018, -0.5000000000000000000, 2.750000000000000000 ) ) ;
#2063 = LINE ( 'NONE', #1860, #874 ) ;
#2064 = CARTESIAN_POINT ( 'NONE',  ( -1.619999999999999885, -4.699999999999000089, 0.000000000000000000 ) ) ;
#2065 = LINE ( 'NONE', #2080, #1333 ) ;
#2066 = ORIENTED_EDGE ( 'NONE', *, *, #1906, .T. ) ;
#2067 = LINE ( 'NONE', #2509, #2031 ) ;
#2068 = CARTESIAN_POINT ( 'NONE',  ( 0.000000000000000000, -5.749999999998999911, 7.599999999998999556 ) ) ;
#2069 = LINE ( 'NONE', #2499, #2383 ) ;
#2070 = ORIENTED_EDGE ( 'NONE', *, *, #827, .T. ) ;
#2071 = DIRECTION ( 'NONE',  ( 0.000000000000000000, -2.235468396876999697E-17, -1.000000000000000000 ) ) ;
#2072 = ADVANCED_FACE ( 'NONE', ( #40 ), #893, .F. ) ;
#2073 = CARTESIAN_POINT ( 'NONE',  ( -1.520000000000000018, -0.6999999999999999556, 13.02999999999999936 ) ) ;
#2074 = ORIENTED_EDGE ( 'NONE', *, *, #1020, .F. ) ;
#2075 = ADVANCED_FACE ( 'NONE', ( #717 ), #1279, .F. ) ;
#2076 = LINE ( 'NONE', #1464, #415 ) ;
#2077 = AXIS2_PLACEMENT_3D ( 'NONE', #1468, #1494, #2305 ) ;
#2078 = LINE ( 'NONE', #864, #464 ) ;
#2079 = AXIS2_PLACEMENT_3D ( 'NONE', #1490, #1269, #1062 ) ;
#2080 = CARTESIAN_POINT ( 'NONE',  ( -2.200000000000000178, -4.699999999999000089, 15.29999999999999893 ) ) ;
#2081 = VECTOR ( 'NONE', #1630, 1000.000000000000000 ) ;
#2082 = PRODUCT_DEFINITION_SHAPE ( 'NONE', 'NONE',  #721 ) ;
#2083 = ORIENTED_EDGE ( 'NONE', *, *, #1239, .F. ) ;
#2084 = CARTESIAN_POINT ( 'NONE',  ( -1.520000000000000018, -0.5000000000000000000, 3.250000000000000000 ) ) ;
#2085 = CARTESIAN_POINT ( 'NONE',  ( 1.520000000000000018, -0.6999999999999999556, 2.750000000000000000 ) ) ;
#2086 = DIRECTION ( 'NONE',  ( 1.121588454294999970E-16, -1.000000000000000000, 0.000000000000000000 ) ) ;
#2087 = ORIENTED_EDGE ( 'NONE', *, *, #2178, .T. ) ;
#2088 = LINE ( 'NONE', #1460, #470 ) ;
#2089 = DIRECTION ( 'NONE',  ( 0.000000000000000000, 0.000000000000000000, 1.000000000000000000 ) ) ;
#2090 = EDGE_LOOP ( 'NONE', ( #1842, #583 ) ) ;
#2091 = VECTOR ( 'NONE', #391, 1000.000000000000000 ) ;
#2092 = EDGE_CURVE ( 'NONE', #744, #2296, #2681, .T. ) ;
#2093 = DIRECTION ( 'NONE',  ( -1.000000000000000000, 0.000000000000000000, 0.000000000000000000 ) ) ;
#2094 = VECTOR ( 'NONE', #2517, 1000.000000000000000 ) ;
#2095 = LINE ( 'NONE', #2570, #2352 ) ;
#2096 = VECTOR ( 'NONE', #205, 1000.000000000000000 ) ;
#2097 = ADVANCED_FACE ( 'NONE', ( #2248 ), #1639, .T. ) ;
#2098 = CARTESIAN_POINT ( 'NONE',  ( 1.020000000000000018, 3.079999999999999627, 11.27999999999999936 ) ) ;
#2099 = ORIENTED_EDGE ( 'NONE', *, *, #896, .F. ) ;
#2100 = LINE ( 'NONE', #2534, #680 ) ;
#2101 = EDGE_CURVE ( 'NONE', #2206, #1863, #180, .T. ) ;
#2102 = AXIS2_PLACEMENT_3D ( 'NONE', #333, #926, #974 ) ;
#2103 = DIRECTION ( 'NONE',  ( -1.000000000000000000, 0.000000000000000000, 0.000000000000000000 ) ) ;
#2104 = DIRECTION ( 'NONE',  ( 0.000000000000000000, 0.000000000000000000, 1.000000000000000000 ) ) ;
#2105 = ORIENTED_EDGE ( 'NONE', *, *, #2360, .F. ) ;
#2106 = DIRECTION ( 'NONE',  ( 0.000000000000000000, 0.000000000000000000, 1.000000000000000000 ) ) ;
#2107 = ORIENTED_EDGE ( 'NONE', *, *, #957, .F. ) ;
#2108 = CARTESIAN_POINT ( 'NONE',  ( -1.520000000000000018, -0.6999999999999999556, 13.02999999999999936 ) ) ;
#2109 = FACE_OUTER_BOUND ( 'NONE', #2017, .T. ) ;
#2110 = DIRECTION ( 'NONE',  ( -0.000000000000000000, 1.000000000000000000, 0.000000000000000000 ) ) ;
#2111 = PLANE ( 'NONE',  #135 ) ;
#2112 = PRODUCT_RELATED_PRODUCT_CATEGORY ( 'part', '', ( #2153 ) ) ;
#2113 = ORIENTED_EDGE ( 'NONE', *, *, #2593, .F. ) ;
#2114 = DIRECTION ( 'NONE',  ( 0.000000000000000000, 1.000000000000000000, 0.000000000000000000 ) ) ;
#2115 = CARTESIAN_POINT ( 'NONE',  ( 1.520000000000000018, -0.6999999999999999556, 7.950000000000000178 ) ) ;
#2116 = ADVANCED_FACE ( 'NONE', ( #2635 ), #1193, .T. ) ;
#2117 = ORIENTED_EDGE ( 'NONE', *, *, #1527, .T. ) ;
#2118 = FACE_OUTER_BOUND ( 'NONE', #2425, .T. ) ;
#2119 = VERTEX_POINT ( 'NONE', #1458 ) ;
#2120 = PLANE ( 'NONE',  #2341 ) ;
#2121 = DIRECTION ( 'NONE',  ( 0.000000000000000000, 0.000000000000000000, 1.000000000000000000 ) ) ;
#2122 = CARTESIAN_POINT ( 'NONE',  ( 0.000000000000000000, -4.699999999999000089, 7.580000000000000071 ) ) ;
#2123 = ORIENTED_EDGE ( 'NONE', *, *, #579, .F. ) ;
#2124 = CARTESIAN_POINT ( 'NONE',  ( 1.619999999999999885, -4.699999999999000089, 0.2999999999989999555 ) ) ;
#2125 = VECTOR ( 'NONE', #2155, 1000.000000000000000 ) ;
#2126 = EDGE_CURVE ( 'NONE', #2590, #315, #2712, .T. ) ;
#2127 = VECTOR ( 'NONE', #1813, 1000.000000000000000 ) ;
#2128 = CARTESIAN_POINT ( 'NONE',  ( 1.836970198721000105E-16, -4.699999999999000089, 14.16000000000000014 ) ) ;
#2129 = DIRECTION ( 'NONE',  ( 0.000000000000000000, -1.000000000000000000, 0.000000000000000000 ) ) ;
#2130 = VERTEX_POINT ( 'NONE', #1422 ) ;
#2131 = CARTESIAN_POINT ( 'NONE',  ( 0.000000000000000000, -13.80121933088100228, 2.500000000000000000 ) ) ;
#2132 = EDGE_CURVE ( 'NONE', #2119, #2530, #1231, .T. ) ;
#2133 = VECTOR ( 'NONE', #259, 1000.000000000000000 ) ;
#2134 = DIRECTION ( 'NONE',  ( -1.000000000000000000, 0.000000000000000000, 0.000000000000000000 ) ) ;
#2135 = ORIENTED_EDGE ( 'NONE', *, *, #27, .F. ) ;
#2136 = LINE ( 'NONE', #2540, #941 ) ;
#2137 = CARTESIAN_POINT ( 'NONE',  ( 1.020000000000000018, -0.6999999999999999556, 8.449999999999999289 ) ) ;
#2138 = VECTOR ( 'NONE', #277, 1000.000000000000000 ) ;
#2139 = CARTESIAN_POINT ( 'NONE',  ( -1.020000000000000018, 3.079999999999999627, 13.02999999999999936 ) ) ;
#2140 = VERTEX_POINT ( 'NONE', #2064 ) ;
#2141 = AXIS2_PLACEMENT_3D ( 'NONE', #2151, #684, #903 ) ;
#2142 = ORIENTED_EDGE ( 'NONE', *, *, #1151, .T. ) ;
#2143 = CARTESIAN_POINT ( 'NONE',  ( 1.520000000000000018, -0.6999999999999999556, 13.02999999999999936 ) ) ;
#2144 = ORIENTED_EDGE ( 'NONE', *, *, #170, .T. ) ;
#2145 = VECTOR ( 'NONE', #2415, 1000.000000000000000 ) ;
#2146 = CYLINDRICAL_SURFACE ( 'NONE', #2568, 1.450000000000000400 ) ;
#2147 = VECTOR ( 'NONE', #1064, 1000.000000000000000 ) ;
#2148 = ORIENTED_EDGE ( 'NONE', *, *, #1098, .T. ) ;
#2149 = EDGE_CURVE ( 'NONE', #1700, #188, #465, .T. ) ;
#2150 = CARTESIAN_POINT ( 'NONE',  ( -1.020000000000000018, 0.5400000000000000355, 6.200000000000000178 ) ) ;
#2151 = CARTESIAN_POINT ( 'NONE',  ( 0.000000000000000000, -4.200000000000000178, 12.66000000000000014 ) ) ;
#2152 = APPLICATION_CONTEXT ( 'automotive_design' ) ;
#2153 = PRODUCT ( 'A1394B-3SYG-S530-E2~fXTU', 'A1394B-3SYG-S530-E2~fXTU', '', ( #621 ) ) ;
#2154 = VERTEX_POINT ( 'NONE', #633 ) ;
#2155 = DIRECTION ( 'NONE',  ( 0.000000000000000000, -2.235468396876999697E-17, -1.000000000000000000 ) ) ;
#2156 = CARTESIAN_POINT ( 'NONE',  ( 1.020000000000000018, -0.6999999999999999556, 13.02999999999999936 ) ) ;
#2157 = EDGE_LOOP ( 'NONE', ( #91, #1541, #1742, #877 ) ) ;
#2158 = DIRECTION ( 'NONE',  ( 0.000000000000000000, -1.000000000000000000, 0.000000000000000000 ) ) ;
#2159 = VERTEX_POINT ( 'NONE', #1233 ) ;
#2160 = ADVANCED_FACE ( 'NONE', ( #1162 ), #1212, .T. ) ;
#2161 = CARTESIAN_POINT ( 'NONE',  ( -1.020000000000000018, 0.5400000000000000355, 8.449999999999999289 ) ) ;
#2162 = ADVANCED_FACE ( 'NONE', ( #2372 ), #1769, .F. ) ;
#2163 = CARTESIAN_POINT ( 'NONE',  ( 1.520000000000000018, 3.079999999999999627, 11.27999999999999936 ) ) ;
#2164 = EDGE_LOOP ( 'NONE', ( #1315, #1103, #2066, #577, #998, #1520, #2312, #2385 ) ) ;
#2165 = DIRECTION ( 'NONE',  ( 0.000000000000000000, -1.000000000000000000, 0.000000000000000000 ) ) ;
#2166 = ORIENTED_EDGE ( 'NONE', *, *, #489, .F. ) ;
#2167 = CARTESIAN_POINT ( 'NONE',  ( 1.775737858763000013E-16, -4.200000000000000178, 11.24999999999899991 ) ) ;
#2168 = AXIS2_PLACEMENT_3D ( 'NONE', #945, #1779, #1795 ) ;
#2169 = FACE_OUTER_BOUND ( 'NONE', #175, .T. ) ;
#2170 = VERTEX_POINT ( 'NONE', #1359 ) ;
#2171 = AXIS2_PLACEMENT_3D ( 'NONE', #1644, #598, #1658 ) ;
#2172 = LINE ( 'NONE', #1127, #1221 ) ;
#2173 = CARTESIAN_POINT ( 'NONE',  ( -1.619999999999999885, 1.100000000000000089, 0.000000000000000000 ) ) ;
#2174 = EDGE_CURVE ( 'NONE', #1135, #909, #562, .T. ) ;
#2175 = DIRECTION ( 'NONE',  ( 0.000000000000000000, 1.000000000000000000, -2.235468396876999697E-17 ) ) ;
#2176 = AXIS2_PLACEMENT_3D ( 'NONE', #2420, #1362, #1607 ) ;
#2177 = FACE_OUTER_BOUND ( 'NONE', #1284, .T. ) ;
#2178 = EDGE_CURVE ( 'NONE', #594, #2603, #486, .T. ) ;
#2179 = ORIENTED_EDGE ( 'NONE', *, *, #1388, .T. ) ;
#2180 = LINE ( 'NONE', #895, #65 ) ;
#2181 = CARTESIAN_POINT ( 'NONE',  ( -1.020000000000000018, 0.2499999999990000499, -3.500000000000000000 ) ) ;
#2182 = EDGE_CURVE ( 'NONE', #706, #1754, #750, .T. ) ;
#2183 = ORIENTED_EDGE ( 'NONE', *, *, #1320, .F. ) ;
#2184 = FACE_OUTER_BOUND ( 'NONE', #950, .T. ) ;
#2185 = AXIS2_PLACEMENT_3D ( 'NONE', #510, #1349, #2193 ) ;
#2186 = DIRECTION ( 'NONE',  ( 0.000000000000000000, 1.000000000000000000, 0.000000000000000000 ) ) ;
#2187 = ORIENTED_EDGE ( 'NONE', *, *, #793, .T. ) ;
#2188 = AXIS2_PLACEMENT_3D ( 'NONE', #1019, #1486, #1854 ) ;
#2189 = LINE ( 'NONE', #752, #944 ) ;
#2190 = CARTESIAN_POINT ( 'NONE',  ( 1.520000000000000018, 4.830000000000000071, -3.499999999998999911 ) ) ;
#2191 = DIRECTION ( 'NONE',  ( 0.000000000000000000, -1.000000000000000000, 0.000000000000000000 ) ) ;
#2192 = CARTESIAN_POINT ( 'NONE',  ( 0.000000000000000000, -4.200000000000000178, 2.500000000000000000 ) ) ;
#2193 = DIRECTION ( 'NONE',  ( 0.000000000000000000, -1.000000000000000000, 0.000000000000000000 ) ) ;
#2194 = ORIENTED_EDGE ( 'NONE', *, *, #1929, .F. ) ;
#2195 = EDGE_CURVE ( 'NONE', #905, #512, #735, .T. ) ;
#2196 = DIRECTION ( 'NONE',  ( -1.000000000000000000, 0.000000000000000000, 0.000000000000000000 ) ) ;
#2197 = EDGE_LOOP ( 'NONE', ( #1746, #1260, #2453, #2338 ) ) ;
#2198 = PLANE ( 'NONE',  #507 ) ;
#2199 = ADVANCED_FACE ( 'NONE', ( #719 ), #1175, .F. ) ;
#2200 = CARTESIAN_POINT ( 'NONE',  ( -1.020000000000000018, 2.290000000000000036, 6.200000000000000178 ) ) ;
#2201 = VERTEX_POINT ( 'NONE', #1125 ) ;
#2202 = CARTESIAN_POINT ( 'NONE',  ( -1.619999999999999885, -0.6999999999999999556, 15.29999999999999893 ) ) ;
#2203 = DIRECTION ( 'NONE',  ( 0.000000000000000000, 0.000000000000000000, 1.000000000000000000 ) ) ;
#2204 = CARTESIAN_POINT ( 'NONE',  ( 0.000000000000000000, -4.200000000000000178, 11.16000000000000014 ) ) ;
#2205 = ORIENTED_EDGE ( 'NONE', *, *, #1861, .T. ) ;
#2206 = VERTEX_POINT ( 'NONE', #1328 ) ;
#2207 = CARTESIAN_POINT ( 'NONE',  ( -1.520000000000000018, -0.2500000000000000000, 2.499999999998999911 ) ) ;
#2208 = ADVANCED_FACE ( 'NONE', ( #1567, #705, #2384, #2169 ), #1342, .F. ) ;
#2209 = LINE ( 'NONE', #789, #862 ) ;
#2210 = CARTESIAN_POINT ( 'NONE',  ( 0.000000000000000000, 1.100000000000000089, 0.2999999999989999555 ) ) ;
#2211 = VECTOR ( 'NONE', #1441, 1000.000000000000000 ) ;
#2212 = ORIENTED_EDGE ( 'NONE', *, *, #2576, .F. ) ;
#2213 = EDGE_CURVE ( 'NONE', #1689, #927, #44, .T. ) ;
#2214 = AXIS2_PLACEMENT_3D ( 'NONE', #1075, #231, #1691 ) ;
#2215 = VECTOR ( 'NONE', #573, 1000.000000000000000 ) ;
#2216 = ORIENTED_EDGE ( 'NONE', *, *, #1877, .T. ) ;
#2217 = DIRECTION ( 'NONE',  ( 0.000000000000000000, 0.000000000000000000, -1.000000000000000000 ) ) ;
#2218 = ADVANCED_FACE ( 'NONE', ( #1998 ), #519, .F. ) ;
#2219 = DIRECTION ( 'NONE',  ( 0.000000000000000000, 0.000000000000000000, -1.000000000000000000 ) ) ;
#2220 = CIRCLE ( 'NONE', #1735, 0.2499999999999997780 ) ;
#2221 = LINE ( 'NONE', #769, #742 ) ;
#2222 = ORIENTED_EDGE ( 'NONE', *, *, #2701, .F. ) ;
#2223 = CIRCLE ( 'NONE', #1562, 1.499999999999000355 ) ;
#2224 = VERTEX_POINT ( 'NONE', #2605 ) ;
#2225 = DIRECTION ( 'NONE',  ( 0.000000000000000000, 1.000000000000000000, 2.168404344971000191E-15 ) ) ;
#2226 = CARTESIAN_POINT ( 'NONE',  ( -1.020000000000000018, -0.5000000000000000000, 2.499999999998999911 ) ) ;
#2227 = ORIENTED_EDGE ( 'NONE', *, *, #1218, .T. ) ;
#2228 = LINE ( 'NONE', #1177, #2127 ) ;
#2229 = VECTOR ( 'NONE', #232, 1000.000000000000000 ) ;
#2230 = CARTESIAN_POINT ( 'NONE',  ( 1.520000000000000018, 5.330000000000000071, -3.499999999998999911 ) ) ;
#2231 = VERTEX_POINT ( 'NONE', #2618 ) ;
#2232 = CARTESIAN_POINT ( 'NONE',  ( -1.619999999999999885, -4.699999999999000089, 0.2999999999989999555 ) ) ;
#2233 = CIRCLE ( 'NONE', #2578, 2.249999999999999556 ) ;
#2234 = DIRECTION ( 'NONE',  ( -0.000000000000000000, 1.000000000000000000, 0.000000000000000000 ) ) ;
#2235 = ORIENTED_EDGE ( 'NONE', *, *, #1, .F. ) ;
#2236 = VERTEX_POINT ( 'NONE', #298 ) ;
#2237 = LINE ( 'NONE', #169, #1290 ) ;
#2238 = DIRECTION ( 'NONE',  ( 0.000000000000000000, -1.000000000000000000, 0.000000000000000000 ) ) ;
#2239 = CARTESIAN_POINT ( 'NONE',  ( 1.520000000000000018, -0.6999999999999999556, 8.449999999999999289 ) ) ;
#2240 = ORIENTED_EDGE ( 'NONE', *, *, #1637, .T. ) ;
#2241 = CARTESIAN_POINT ( 'NONE',  ( 0.000000000000000000, -4.699999999999000089, 2.500000000000000000 ) ) ;
#2242 = ORIENTED_EDGE ( 'NONE', *, *, #1195, .T. ) ;
#2243 = CARTESIAN_POINT ( 'NONE',  ( 0.9200000000000000400, -0.6999999999999999556, 0.2999999999989999555 ) ) ;
#2244 = EDGE_CURVE ( 'NONE', #130, #1700, #1589, .T. ) ;
#2245 = DIRECTION ( 'NONE',  ( -1.000000000000000000, 0.000000000000000000, 0.000000000000000000 ) ) ;
#2246 = VERTEX_POINT ( 'NONE', #1369 ) ;
#2247 = ADVANCED_FACE ( 'NONE', ( #319 ), #1149, .T. ) ;
#2248 = FACE_OUTER_BOUND ( 'NONE', #1970, .T. ) ;
#2249 = ORIENTED_EDGE ( 'NONE', *, *, #671, .F. ) ;
#2250 = LINE ( 'NONE', #2265, #2255 ) ;
#2251 = DIRECTION ( 'NONE',  ( 0.000000000000000000, -1.000000000000000000, -2.168404344971000191E-15 ) ) ;
#2252 = DIRECTION ( 'NONE',  ( 0.000000000000000000, 1.000000000000000000, 2.168404344971000191E-15 ) ) ;
#2253 = EDGE_LOOP ( 'NONE', ( #1395, #840 ) ) ;
#2254 = ORIENTED_EDGE ( 'NONE', *, *, #13, .T. ) ;
#2255 = VECTOR ( 'NONE', #2628, 1000.000000000000000 ) ;
#2256 = CARTESIAN_POINT ( 'NONE',  ( 1.619999999999999885, -0.6999999999999999556, 15.29999999999999893 ) ) ;
#2257 = VECTOR ( 'NONE', #513, 1000.000000000000000 ) ;
#2258 = DIRECTION ( 'NONE',  ( 1.000000000000000000, 0.000000000000000000, 0.000000000000000000 ) ) ;
#2259 = EDGE_CURVE ( 'NONE', #2619, #458, #964, .T. ) ;
#2260 = DIRECTION ( 'NONE',  ( 0.000000000000000000, 0.000000000000000000, -1.000000000000000000 ) ) ;
#2261 = CIRCLE ( 'NONE', #2171, 1.499999999999000355 ) ;
#2262 = DIRECTION ( 'NONE',  ( 1.121588454294999970E-16, -1.000000000000000000, 0.000000000000000000 ) ) ;
#2263 = EDGE_CURVE ( 'NONE', #2451, #1007, #2427, .T. ) ;
#2264 = EDGE_LOOP ( 'NONE', ( #1999, #68, #662, #2377 ) ) ;
#2265 = CARTESIAN_POINT ( 'NONE',  ( 1.020000000000000018, 5.330000000000000071, -3.499999999998999911 ) ) ;
#2266 = LINE ( 'NONE', #1219, #1557 ) ;
#2267 = EDGE_CURVE ( 'NONE', #1143, #446, #2015, .T. ) ;
#2268 = DIRECTION ( 'NONE',  ( 0.000000000000000000, 0.000000000000000000, -1.000000000000000000 ) ) ;
#2269 = VECTOR ( 'NONE', #2640, 1000.000000000000000 ) ;
#2270 = LINE ( 'NONE', #1222, #1110 ) ;
#2271 = ORIENTED_EDGE ( 'NONE', *, *, #261, .T. ) ;
#2272 = VECTOR ( 'NONE', #1912, 1000.000000000000000 ) ;
#2273 = VECTOR ( 'NONE', #1595, 1000.000000000000000 ) ;
#2274 = FACE_OUTER_BOUND ( 'NONE', #2321, .T. ) ;
#2275 = VERTEX_POINT ( 'NONE', #658 ) ;
#2276 = DIRECTION ( 'NONE',  ( -1.000000000000000000, 0.000000000000000000, 0.000000000000000000 ) ) ;
#2277 = LINE ( 'NONE', #451, #1297 ) ;
#2278 = VECTOR ( 'NONE', #1205, 1000.000000000000000 ) ;
#2279 = EDGE_LOOP ( 'NONE', ( #609, #423, #1176, #1704 ) ) ;
#2280 = DIRECTION ( 'NONE',  ( 0.000000000000000000, 0.000000000000000000, 1.000000000000000000 ) ) ;
#2281 = ADVANCED_FACE ( 'NONE', ( #1220 ), #173, .T. ) ;
#2282 = VERTEX_POINT ( 'NONE', #2041 ) ;
#2283 = CARTESIAN_POINT ( 'NONE',  ( -1.020000000000000018, 2.789999999998999947, -3.500000000000000000 ) ) ;
#2284 = ADVANCED_FACE ( 'NONE', ( #1678 ), #1400, .F. ) ;
#2285 = LINE ( 'NONE', #2073, #203 ) ;
#2286 = ORIENTED_EDGE ( 'NONE', *, *, #1403, .F. ) ;
#2287 = LINE ( 'NONE', #1897, #2229 ) ;
#2288 = CARTESIAN_POINT ( 'NONE',  ( -2.200000000000000178, 6.899999999998999378, 15.29999999999999893 ) ) ;
#2289 = VERTEX_POINT ( 'NONE', #2657 ) ;
#2290 =( NAMED_UNIT ( * ) SI_UNIT ( $, .STERADIAN. ) SOLID_ANGLE_UNIT ( ) );
#2291 = DIRECTION ( 'NONE',  ( 0.000000000000000000, 0.000000000000000000, 1.000000000000000000 ) ) ;
#2292 = EDGE_CURVE ( 'NONE', #686, #2159, #2325, .T. ) ;
#2293 = ORIENTED_EDGE ( 'NONE', *, *, #951, .T. ) ;
#2294 = CARTESIAN_POINT ( 'NONE',  ( -1.020000000000000018, -0.6999999999999999556, 7.950000000000000178 ) ) ;
#2295 = EDGE_CURVE ( 'NONE', #408, #1425, #371, .T. ) ;
#2296 = VERTEX_POINT ( 'NONE', #1616 ) ;
#2297 = DIRECTION ( 'NONE',  ( 0.000000000000000000, 0.000000000000000000, -1.000000000000000000 ) ) ;
#2298 = ADVANCED_FACE ( 'NONE', ( #1283 ), #574, .F. ) ;
#2299 = VECTOR ( 'NONE', #2165, 1000.000000000000000 ) ;
#2300 = PLANE ( 'NONE',  #1698 ) ;
#2301 = VECTOR ( 'NONE', #2252, 1000.000000000000000 ) ;
#2302 = CARTESIAN_POINT ( 'NONE',  ( 1.619999999999999885, 6.899999999998999378, 15.29999999999999893 ) ) ;
#2303 = AXIS2_PLACEMENT_3D ( 'NONE', #401, #629, #2472 ) ;
#2304 = ORIENTED_EDGE ( 'NONE', *, *, #1409, .T. ) ;
#2305 = DIRECTION ( 'NONE',  ( 0.000000000000000000, 0.000000000000000000, -1.000000000000000000 ) ) ;
#2306 = ORIENTED_EDGE ( 'NONE', *, *, #2408, .F. ) ;
#2307 = CARTESIAN_POINT ( 'NONE',  ( -1.520000000000000018, 3.079999999999999627, 13.02999999999999936 ) ) ;
#2308 = ORIENTED_EDGE ( 'NONE', *, *, #1585, .F. ) ;
#2309 = VECTOR ( 'NONE', #435, 1000.000000000000000 ) ;
#2310 = CARTESIAN_POINT ( 'NONE',  ( -1.020000000000000018, 3.079999999999999627, 11.27999999999999936 ) ) ;
#2311 = DIRECTION ( 'NONE',  ( 1.000000000000000000, 0.000000000000000000, 0.000000000000000000 ) ) ;
#2312 = ORIENTED_EDGE ( 'NONE', *, *, #617, .T. ) ;
#2313 = EDGE_CURVE ( 'NONE', #589, #2348, #1627, .T. ) ;
#2314 = LINE ( 'NONE', #1272, #1251 ) ;
#2315 = CYLINDRICAL_SURFACE ( 'NONE', #1445, 1.499999999999000355 ) ;
#2316 = ORIENTED_EDGE ( 'NONE', *, *, #1724, .T. ) ;
#2317 = CIRCLE ( 'NONE', #1657, 1.749999999999000577 ) ;
#2318 = ORIENTED_EDGE ( 'NONE', *, *, #671, .T. ) ;
#2319 = DIRECTION ( 'NONE',  ( 0.000000000000000000, 0.000000000000000000, -1.000000000000000000 ) ) ;
#2320 = DIRECTION ( 'NONE',  ( 0.000000000000000000, 1.000000000000000000, 0.000000000000000000 ) ) ;
#2321 = EDGE_LOOP ( 'NONE', ( #2577, #1581, #770, #1484, #2368, #556, #2240, #2242 ) ) ;
#2322 = DIRECTION ( 'NONE',  ( 0.000000000000000000, -2.168404344971000191E-15, 1.000000000000000000 ) ) ;
#2323 = ADVANCED_FACE ( 'NONE', ( #790 ), #2315, .F. ) ;
#2324 = DIRECTION ( 'NONE',  ( 0.000000000000000000, 0.000000000000000000, -1.000000000000000000 ) ) ;
#2325 = LINE ( 'NONE', #1696, #2147 ) ;
#2326 = ORIENTED_EDGE ( 'NONE', *, *, #336, .T. ) ;
#2327 = ORIENTED_EDGE ( 'NONE', *, *, #778, .F. ) ;
#2328 = DIRECTION ( 'NONE',  ( 1.000000000000000000, 0.000000000000000000, 0.000000000000000000 ) ) ;
#2329 = CARTESIAN_POINT ( 'NONE',  ( -1.020000000000000018, -0.6999999999999999556, 2.750000000000000000 ) ) ;
#2330 = EDGE_LOOP ( 'NONE', ( #269, #2495, #1416, #912 ) ) ;
#2331 = CARTESIAN_POINT ( 'NONE',  ( 1.020000000000000018, -0.5000000000000000000, 2.499999999998999911 ) ) ;
#2332 = CARTESIAN_POINT ( 'NONE',  ( 1.020000000000000018, 0.5400000000000000355, 6.200000000000000178 ) ) ;
#2333 = ORIENTED_EDGE ( 'NONE', *, *, #1874, .T. ) ;
#2334 = DIRECTION ( 'NONE',  ( 0.000000000000000000, -1.000000000000000000, -2.168404344971000191E-15 ) ) ;
#2335 = DIRECTION ( 'NONE',  ( 1.000000000000000000, 0.000000000000000000, 0.000000000000000000 ) ) ;
#2336 = VECTOR ( 'NONE', #1837, 1000.000000000000000 ) ;
#2337 = CARTESIAN_POINT ( 'NONE',  ( 0.000000000000000000, -4.200000000000000178, 2.500000000000000000 ) ) ;
#2338 = ORIENTED_EDGE ( 'NONE', *, *, #543, .T. ) ;
#2339 = ORIENTED_EDGE ( 'NONE', *, *, #51, .F. ) ;
#2340 = CARTESIAN_POINT ( 'NONE',  ( -1.619999999999999885, -0.6999999999999999556, 0.2999999999989999555 ) ) ;
#2341 = AXIS2_PLACEMENT_3D ( 'NONE', #1241, #1896, #2504 ) ;
#2342 = AXIS2_PLACEMENT_3D ( 'NONE', #361, #2030, #1475 ) ;
#2343 = EDGE_LOOP ( 'NONE', ( #1207, #1892, #960, #2482, #1778, #2444, #1924, #2333 ) ) ;
#2344 = CARTESIAN_POINT ( 'NONE',  ( 1.020000000000000018, 0.2499999999990000499, -3.500000000000000000 ) ) ;
#2345 = AXIS2_PLACEMENT_3D ( 'NONE', #327, #525, #1365 ) ;
#2346 = FACE_OUTER_BOUND ( 'NONE', #387, .T. ) ;
#2347 = ADVANCED_FACE ( 'NONE', ( #561, #586 ), #2454, .T. ) ;
#2348 = VERTEX_POINT ( 'NONE', #386 ) ;
#2349 = AXIS2_PLACEMENT_3D ( 'NONE', #1406, #1990, #2219 ) ;
#2350 = CARTESIAN_POINT ( 'NONE',  ( -1.520000000000000018, -0.6999999999999999556, 7.950000000000000178 ) ) ;
#2351 = CARTESIAN_POINT ( 'NONE',  ( 0.000000000000000000, -4.200000000000000178, 11.16000000000000014 ) ) ;
#2352 = VECTOR ( 'NONE', #697, 1000.000000000000000 ) ;
#2353 = DIRECTION ( 'NONE',  ( 0.000000000000000000, -1.000000000000000000, 0.000000000000000000 ) ) ;
#2354 = VECTOR ( 'NONE', #1710, 1000.000000000000000 ) ;
#2355 = VERTEX_POINT ( 'NONE', #224 ) ;
#2356 = DIRECTION ( 'NONE',  ( -1.000000000000000000, 0.000000000000000000, 0.000000000000000000 ) ) ;
#2357 = VERTEX_POINT ( 'NONE', #440 ) ;
#2358 = CIRCLE ( 'NONE', #1879, 1.499999999999000355 ) ;
#2359 = CARTESIAN_POINT ( 'NONE',  ( -1.520000000000000018, 5.330000000000000071, -3.499999999998999911 ) ) ;
#2360 = EDGE_CURVE ( 'NONE', #254, #2035, #2519, .T. ) ;
#2361 = LINE ( 'NONE', #924, #454 ) ;
#2362 = ORIENTED_EDGE ( 'NONE', *, *, #2443, .F. ) ;
#2363 = DIRECTION ( 'NONE',  ( -1.495451272392999835E-16, 1.000000000000000000, 0.000000000000000000 ) ) ;
#2364 = CARTESIAN_POINT ( 'NONE',  ( -1.020000000000000018, 2.290000000000000036, 6.200000000000000178 ) ) ;
#2365 = DIRECTION ( 'NONE',  ( 0.000000000000000000, 1.000000000000000000, 0.000000000000000000 ) ) ;
#2366 = ORIENTED_EDGE ( 'NONE', *, *, #2058, .T. ) ;
#2367 = CARTESIAN_POINT ( 'NONE',  ( 1.020000000000000018, 5.330000000000000071, -3.499999999998999911 ) ) ;
#2368 = ORIENTED_EDGE ( 'NONE', *, *, #1507, .T. ) ;
#2369 = LINE ( 'NONE', #2359, #1522 ) ;
#2370 = DIRECTION ( 'NONE',  ( 0.000000000000000000, 0.000000000000000000, 1.000000000000000000 ) ) ;
#2371 = ADVANCED_FACE ( 'NONE', ( #10 ), #2111, .T. ) ;
#2372 = FACE_OUTER_BOUND ( 'NONE', #289, .T. ) ;
#2373 = ORIENTED_EDGE ( 'NONE', *, *, #1885, .F. ) ;
#2374 = LINE ( 'NONE', #2137, #2138 ) ;
#2375 = EDGE_CURVE ( 'NONE', #2231, #1505, #1792, .T. ) ;
#2376 = DIRECTION ( 'NONE',  ( 0.000000000000000000, 0.000000000000000000, -1.000000000000000000 ) ) ;
#2377 = ORIENTED_EDGE ( 'NONE', *, *, #477, .T. ) ;
#2378 = LINE ( 'NONE', #472, #2602 ) ;
#2379 = CARTESIAN_POINT ( 'NONE',  ( 1.836970198721000105E-16, -4.200000000000000178, 4.000000000000000000 ) ) ;
#2380 = AXIS2_PLACEMENT_3D ( 'NONE', #1046, #237, #2328 ) ;
#2381 = EDGE_LOOP ( 'NONE', ( #885, #1793, #2123, #1941 ) ) ;
#2382 = FACE_OUTER_BOUND ( 'NONE', #715, .T. ) ;
#2383 = VECTOR ( 'NONE', #1206, 1000.000000000000000 ) ;
#2384 = FACE_BOUND ( 'NONE', #1243, .T. ) ;
#2385 = ORIENTED_EDGE ( 'NONE', *, *, #291, .F. ) ;
#2386 = VECTOR ( 'NONE', #2398, 1000.000000000000000 ) ;
#2387 = DIRECTION ( 'NONE',  ( 1.000000000000000000, 0.000000000000000000, 0.000000000000000000 ) ) ;
#2388 = CARTESIAN_POINT ( 'NONE',  ( 1.520000000000000018, 5.330000000000000071, 11.27999999999999936 ) ) ;
#2389 = DIRECTION ( 'NONE',  ( 0.000000000000000000, -1.000000000000000000, 0.000000000000000000 ) ) ;
#2390 = ADVANCED_FACE ( 'NONE', ( #249 ), #23, .T. ) ;
#2391 = PLANE ( 'NONE',  #2185 ) ;
#2392 = ORIENTED_EDGE ( 'NONE', *, *, #1354, .F. ) ;
#2393 = DIRECTION ( 'NONE',  ( 0.000000000000000000, -1.000000000000000000, 0.000000000000000000 ) ) ;
#2394 = ADVANCED_FACE ( 'NONE', ( #235 ), #776, .F. ) ;
#2395 = LINE ( 'NONE', #1547, #1554 ) ;
#2396 = ORIENTED_EDGE ( 'NONE', *, *, #305, .T. ) ;
#2397 = DIRECTION ( 'NONE',  ( -1.000000000000000000, 0.000000000000000000, 0.000000000000000000 ) ) ;
#2398 = DIRECTION ( 'NONE',  ( -1.000000000000000000, 0.000000000000000000, 0.000000000000000000 ) ) ;
#2399 = DIRECTION ( 'NONE',  ( 0.000000000000000000, 0.000000000000000000, 1.000000000000000000 ) ) ;
#2400 = VERTEX_POINT ( 'NONE', #2572 ) ;
#2401 = AXIS2_PLACEMENT_3D ( 'NONE', #949, #1784, #1811 ) ;
#2402 = ORIENTED_EDGE ( 'NONE', *, *, #234, .T. ) ;
#2403 = DIRECTION ( 'NONE',  ( 0.000000000000000000, 0.000000000000000000, -1.000000000000000000 ) ) ;
#2404 = CARTESIAN_POINT ( 'NONE',  ( 2.199999999999000089, 6.899999999998999378, 0.000000000000000000 ) ) ;
#2405 = EDGE_CURVE ( 'NONE', #2532, #1167, #1544, .T. ) ;
#2406 = ORIENTED_EDGE ( 'NONE', *, *, #477, .F. ) ;
#2407 = PLANE ( 'NONE',  #2345 ) ;
#2408 = EDGE_CURVE ( 'NONE', #921, #1379, #1334, .T. ) ;
#2409 = LINE ( 'NONE', #1144, #632 ) ;
#2410 = ORIENTED_EDGE ( 'NONE', *, *, #838, .F. ) ;
#2411 = CARTESIAN_POINT ( 'NONE',  ( 2.199999999999000089, 6.899999999998999378, 15.29999999999999893 ) ) ;
#2412 = PLANE ( 'NONE',  #775 ) ;
#2413 = DIRECTION ( 'NONE',  ( 0.000000000000000000, 0.000000000000000000, -1.000000000000000000 ) ) ;
#2414 = ADVANCED_FACE ( 'NONE', ( #1114 ), #494, .F. ) ;
#2415 = DIRECTION ( 'NONE',  ( 1.000000000000000000, 0.000000000000000000, 0.000000000000000000 ) ) ;
#2416 = DIRECTION ( 'NONE',  ( -1.000000000000000000, 0.000000000000000000, 0.000000000000000000 ) ) ;
#2417 = ORIENTED_EDGE ( 'NONE', *, *, #1756, .T. ) ;
#2418 = CARTESIAN_POINT ( 'NONE',  ( 1.520000000000000018, -0.2500000000000000000, 2.499999999998999911 ) ) ;
#2419 = ORIENTED_EDGE ( 'NONE', *, *, #2174, .T. ) ;
#2420 = CARTESIAN_POINT ( 'NONE',  ( 1.020000000000000018, 5.330000000000000071, 11.27999999999999936 ) ) ;
#2421 = DIRECTION ( 'NONE',  ( -1.000000000000000000, 0.000000000000000000, 0.000000000000000000 ) ) ;
#2422 = ORIENTED_EDGE ( 'NONE', *, *, #2092, .T. ) ;
#2423 = DIRECTION ( 'NONE',  ( -1.000000000000000000, 0.000000000000000000, 0.000000000000000000 ) ) ;
#2424 = FACE_OUTER_BOUND ( 'NONE', #112, .T. ) ;
#2425 = EDGE_LOOP ( 'NONE', ( #615, #797, #1856, #260, #1456, #326, #760, #991 ) ) ;
#2426 = CARTESIAN_POINT ( 'NONE',  ( 2.200000000000000178, -4.699999999999000089, 0.000000000000000000 ) ) ;
#2427 = LINE ( 'NONE', #545, #2665 ) ;
#2428 = VECTOR ( 'NONE', #687, 1000.000000000000000 ) ;
#2429 = ORIENTED_EDGE ( 'NONE', *, *, #334, .F. ) ;
#2430 = ADVANCED_FACE ( 'NONE', ( #1738 ), #469, .F. ) ;
#2431 = AXIS2_PLACEMENT_3D ( 'NONE', #674, #714, #1574 ) ;
#2432 = VECTOR ( 'NONE', #407, 1000.000000000000000 ) ;
#2433 = FACE_OUTER_BOUND ( 'NONE', #2197, .T. ) ;
#2434 = VERTEX_POINT ( 'NONE', #881 ) ;
#2435 = DIRECTION ( 'NONE',  ( -1.000000000000000000, 0.000000000000000000, 0.000000000000000000 ) ) ;
#2436 = DIRECTION ( 'NONE',  ( 0.000000000000000000, 0.000000000000000000, 1.000000000000000000 ) ) ;
#2437 = VERTEX_POINT ( 'NONE', #1930 ) ;
#2438 = VERTEX_POINT ( 'NONE', #1312 ) ;
#2439 = AXIS2_PLACEMENT_3D ( 'NONE', #1947, #1357, #75 ) ;
#2440 = LINE ( 'NONE', #774, #1080 ) ;
#2441 = DIRECTION ( 'NONE',  ( 0.000000000000000000, -1.000000000000000000, 2.235468396876999697E-17 ) ) ;
#2442 = CARTESIAN_POINT ( 'NONE',  ( 0.000000000000000000, -5.749999999998999911, 12.69999999999900098 ) ) ;
#2443 = EDGE_CURVE ( 'NONE', #236, #2632, #557, .T. ) ;
#2444 = ORIENTED_EDGE ( 'NONE', *, *, #305, .F. ) ;
#2445 = ADVANCED_FACE ( 'NONE', ( #1722 ), #670, .F. ) ;
#2446 = ORIENTED_EDGE ( 'NONE', *, *, #239, .T. ) ;
#2447 = PLANE ( 'NONE',  #2342 ) ;
#2448 = CARTESIAN_POINT ( 'NONE',  ( 0.000000000000000000, 1.100000000000000089, 0.000000000000000000 ) ) ;
#2449 = VECTOR ( 'NONE', #2423, 1000.000000000000000 ) ;
#2450 = CARTESIAN_POINT ( 'NONE',  ( 0.9200000000000000400, 6.899999999998999378, 15.29999999999999893 ) ) ;
#2451 = VERTEX_POINT ( 'NONE', #1953 ) ;
#2452 = CARTESIAN_POINT ( 'NONE',  ( -1.020000000000000018, -0.6999999999999999556, 13.53000000000000114 ) ) ;
#2453 = ORIENTED_EDGE ( 'NONE', *, *, #2101, .T. ) ;
#2454 = PLANE ( 'NONE',  #2492 ) ;
#2455 = CARTESIAN_POINT ( 'NONE',  ( 1.836970198721000105E-16, -4.200000000000000178, 9.080000000000000071 ) ) ;
#2456 = ORIENTED_EDGE ( 'NONE', *, *, #957, .T. ) ;
#2457 = ADVANCED_FACE ( 'NONE', ( #1323 ), #453, .F. ) ;
#2458 = VERTEX_POINT ( 'NONE', #916 ) ;
#2459 = CARTESIAN_POINT ( 'NONE',  ( 1.520000000000000018, 0.2499999999990000499, -3.500000000000000000 ) ) ;
#2460 = ADVANCED_FACE ( 'NONE', ( #2177 ), #1532, .F. ) ;
#2461 = DIRECTION ( 'NONE',  ( 0.000000000000000000, 0.000000000000000000, -1.000000000000000000 ) ) ;
#2462 = DIRECTION ( 'NONE',  ( 0.000000000000000000, 0.000000000000000000, -1.000000000000000000 ) ) ;
#2463 = ORIENTED_EDGE ( 'NONE', *, *, #1790, .T. ) ;
#2464 = EDGE_CURVE ( 'NONE', #448, #2400, #648, .T. ) ;
#2465 = SPHERICAL_SURFACE ( 'NONE', #1733, 1.449999999998999867 ) ;
#2466 = ORIENTED_EDGE ( 'NONE', *, *, #756, .F. ) ;
#2467 = DIRECTION ( 'NONE',  ( 0.000000000000000000, 0.000000000000000000, -1.000000000000000000 ) ) ;
#2468 = CARTESIAN_POINT ( 'NONE',  ( 0.000000000000000000, -4.200000000000000178, 12.66000000000000014 ) ) ;
#2469 = LINE ( 'NONE', #1248, #772 ) ;
#2470 = EDGE_LOOP ( 'NONE', ( #2286, #627, #792, #431 ) ) ;
#2471 = DIRECTION ( 'NONE',  ( 0.000000000000000000, 0.000000000000000000, -1.000000000000000000 ) ) ;
#2472 = DIRECTION ( 'NONE',  ( 0.000000000000000000, 0.000000000000000000, -1.000000000000000000 ) ) ;
#2473 = CARTESIAN_POINT ( 'NONE',  ( -1.020000000000000018, -0.2500000000000000000, 2.499999999998999911 ) ) ;
#2474 = VERTEX_POINT ( 'NONE', #2139 ) ;
#2475 = CIRCLE ( 'NONE', #114, 1.449999999999000755 ) ;
#2476 = LINE ( 'NONE', #2459, #1041 ) ;
#2477 = AXIS2_PLACEMENT_3D ( 'NONE', #803, #160, #410 ) ;
#2478 = ADVANCED_FACE ( 'NONE', ( #2586 ), #266, .T. ) ;
#2479 = VERTEX_POINT ( 'NONE', #1089 ) ;
#2480 = VECTOR ( 'NONE', #147, 1000.000000000000000 ) ;
#2481 = DIRECTION ( 'NONE',  ( 1.000000000000000000, 0.000000000000000000, 0.000000000000000000 ) ) ;
#2482 = ORIENTED_EDGE ( 'NONE', *, *, #2061, .F. ) ;
#2483 = DIRECTION ( 'NONE',  ( 0.000000000000000000, 1.000000000000000000, 0.000000000000000000 ) ) ;
#2484 = CARTESIAN_POINT ( 'NONE',  ( 0.000000000000000000, -4.699999999999000089, 11.16000000000000014 ) ) ;
#2485 = ORIENTED_EDGE ( 'NONE', *, *, #381, .T. ) ;
#2486 = CARTESIAN_POINT ( 'NONE',  ( 1.020000000000000018, 2.290000000000000036, -3.500000000000000000 ) ) ;
#2487 = AXIS2_PLACEMENT_3D ( 'NONE', #1804, #2652, #784 ) ;
#2488 = ORIENTED_EDGE ( 'NONE', *, *, #1828, .T. ) ;
#2489 = CARTESIAN_POINT ( 'NONE',  ( 1.020000000000000018, 4.830000000000000071, -3.499999999998999911 ) ) ;
#2490 = VECTOR ( 'NONE', #532, 1000.000000000000000 ) ;
#2491 = CARTESIAN_POINT ( 'NONE',  ( -1.020000000000000018, 5.330000000000000071, 11.27999999999999936 ) ) ;
#2492 = AXIS2_PLACEMENT_3D ( 'NONE', #1428, #2238, #2268 ) ;
#2493 = EDGE_CURVE ( 'NONE', #2437, #765, #95, .T. ) ;
#2494 = CARTESIAN_POINT ( 'NONE',  ( -1.020000000000000018, 4.830000000000000071, 11.27999999999999936 ) ) ;
#2495 = ORIENTED_EDGE ( 'NONE', *, *, #1556, .F. ) ;
#2496 = DIRECTION ( 'NONE',  ( 0.000000000000000000, 0.000000000000000000, -1.000000000000000000 ) ) ;
#2497 = CARTESIAN_POINT ( 'NONE',  ( 1.020000000000000018, -0.5000000000000000000, 2.499999999998999911 ) ) ;
#2498 = EDGE_CURVE ( 'NONE', #1196, #1916, #930, .T. ) ;
#2499 = CARTESIAN_POINT ( 'NONE',  ( 1.020000000000000018, 0.5400000000000000355, 7.950000000000000178 ) ) ;
#2500 = ORIENTED_EDGE ( 'NONE', *, *, #1115, .F. ) ;
#2501 = ADVANCED_FACE ( 'NONE', ( #1914 ), #2391, .T. ) ;
#2502 = PLANE ( 'NONE',  #347 ) ;
#2503 = ORIENTED_EDGE ( 'NONE', *, *, #152, .F. ) ;
#2504 = DIRECTION ( 'NONE',  ( 1.000000000000000000, 0.000000000000000000, 0.000000000000000000 ) ) ;
#2505 = LINE ( 'NONE', #2288, #2094 ) ;
#2506 = CARTESIAN_POINT ( 'NONE',  ( -1.020000000000000018, -0.6999999999999999556, 13.02999999999999936 ) ) ;
#2507 = ORIENTED_EDGE ( 'NONE', *, *, #2528, .F. ) ;
#2508 = PRODUCT_DEFINITION_CONTEXT ( 'detailed design', #2152, 'design' ) ;
#2509 = CARTESIAN_POINT ( 'NONE',  ( -1.020000000000000018, -0.6999999999999999556, 13.02999999999999936 ) ) ;
#2510 = VERTEX_POINT ( 'NONE', #39 ) ;
#2511 = PLANE ( 'NONE',  #499 ) ;
#2512 = ORIENTED_EDGE ( 'NONE', *, *, #2678, .T. ) ;
#2513 = ADVANCED_FACE ( 'NONE', ( #2543 ), #996, .F. ) ;
#2514 = CARTESIAN_POINT ( 'NONE',  ( -1.020000000000000018, -0.5000000000000000000, 2.750000000000000000 ) ) ;
#2515 = CARTESIAN_POINT ( 'NONE',  ( -1.020000000000000018, -0.6999999999999999556, 3.249999999998999911 ) ) ;
#2516 = AXIS2_PLACEMENT_3D ( 'NONE', #728, #97, #1133 ) ;
#2517 = DIRECTION ( 'NONE',  ( -1.000000000000000000, 0.000000000000000000, 0.000000000000000000 ) ) ;
#2518 = CIRCLE ( 'NONE', #540, 1.450000000000000400 ) ;
#2519 = LINE ( 'NONE', #2531, #1310 ) ;
#2520 = CIRCLE ( 'NONE', #821, 2.249999999999999556 ) ;
#2521 = ORIENTED_EDGE ( 'NONE', *, *, #626, .T. ) ;
#2522 = CARTESIAN_POINT ( 'NONE',  ( 1.020000000000000018, 0.5400000000000000355, 8.449999999999999289 ) ) ;
#2523 = VERTEX_POINT ( 'NONE', #1407 ) ;
#2524 = LINE ( 'NONE', #676, #1737 ) ;
#2525 = DIRECTION ( 'NONE',  ( 0.000000000000000000, -1.000000000000000000, 0.000000000000000000 ) ) ;
#2526 = CIRCLE ( 'NONE', #2349, 1.499999999999000355 ) ;
#2527 = ORIENTED_EDGE ( 'NONE', *, *, #1274, .T. ) ;
#2528 = EDGE_CURVE ( 'NONE', #2282, #254, #2034, .T. ) ;
#2529 = LINE ( 'NONE', #637, #2096 ) ;
#2530 = VERTEX_POINT ( 'NONE', #537 ) ;
#2531 = CARTESIAN_POINT ( 'NONE',  ( -1.020000000000000018, -0.6999999999999999556, 13.53000000000000114 ) ) ;
#2532 = VERTEX_POINT ( 'NONE', #2450 ) ;
#2533 = ORIENTED_EDGE ( 'NONE', *, *, #600, .T. ) ;
#2534 = CARTESIAN_POINT ( 'NONE',  ( -1.520000000000000018, -0.6999999999999999556, 8.449999999999999289 ) ) ;
#2535 = AXIS2_PLACEMENT_3D ( 'NONE', #2452, #571, #2481 ) ;
#2536 = VERTEX_POINT ( 'NONE', #942 ) ;
#2537 = DIRECTION ( 'NONE',  ( -1.000000000000000000, 0.000000000000000000, 0.000000000000000000 ) ) ;
#2538 = ORIENTED_EDGE ( 'NONE', *, *, #2547, .T. ) ;
#2539 = DIRECTION ( 'NONE',  ( -1.000000000000000000, 0.000000000000000000, 0.000000000000000000 ) ) ;
#2540 = CARTESIAN_POINT ( 'NONE',  ( -1.619999999999999885, 6.899999999998999378, 15.29999999999999893 ) ) ;
#2541 = DIRECTION ( 'NONE',  ( 0.000000000000000000, -2.235468396876999697E-17, -1.000000000000000000 ) ) ;
#2542 = EDGE_CURVE ( 'NONE', #2434, #2057, #125, .T. ) ;
#2543 = FACE_OUTER_BOUND ( 'NONE', #1017, .T. ) ;
#2544 = CYLINDRICAL_SURFACE ( 'NONE', #1131, 1.749999999998999689 ) ;
#2545 = ORIENTED_EDGE ( 'NONE', *, *, #2126, .F. ) ;
#2546 = DIRECTION ( 'NONE',  ( 0.000000000000000000, 0.000000000000000000, 1.000000000000000000 ) ) ;
#2547 = EDGE_CURVE ( 'NONE', #650, #1415, #2019, .T. ) ;
#2548 = ORIENTED_EDGE ( 'NONE', *, *, #1828, .F. ) ;
#2549 = LINE ( 'NONE', #2344, #2569 ) ;
#2550 = PLANE ( 'NONE',  #1862 ) ;
#2551 = EDGE_LOOP ( 'NONE', ( #378, #2235 ) ) ;
#2552 = CARTESIAN_POINT ( 'NONE',  ( -1.520000000000000018, 0.2499999999990000499, -3.500000000000000000 ) ) ;
#2553 = DIRECTION ( 'NONE',  ( 0.000000000000000000, 0.000000000000000000, 1.000000000000000000 ) ) ;
#2554 = CARTESIAN_POINT ( 'NONE',  ( -1.520000000000000018, 0.5400000000000000355, 6.200000000000000178 ) ) ;
#2555 = EDGE_CURVE ( 'NONE', #1815, #335, #1418, .T. ) ;
#2556 = ORIENTED_EDGE ( 'NONE', *, *, #904, .F. ) ;
#2557 = CARTESIAN_POINT ( 'NONE',  ( 1.520000000000000018, -0.6999999999999999556, 2.750000000000000000 ) ) ;
#2558 = AXIS2_PLACEMENT_3D ( 'NONE', #2442, #1401, #588 ) ;
#2559 = PLANE ( 'NONE',  #2564 ) ;
#2560 = ADVANCED_FACE ( 'NONE', ( #2636 ), #580, .T. ) ;
#2561 = CIRCLE ( 'NONE', #544, 1.500000000000000000 ) ;
#2562 = ORIENTED_EDGE ( 'NONE', *, *, #845, .F. ) ;
#2563 = CARTESIAN_POINT ( 'NONE',  ( 0.000000000000000000, -5.749999999998999911, 2.500000000000000000 ) ) ;
#2564 = AXIS2_PLACEMENT_3D ( 'NONE', #1097, #108, #2363 ) ;
#2565 = CARTESIAN_POINT ( 'NONE',  ( 1.520000000000000018, -0.5000000000000000000, 2.499999999998999911 ) ) ;
#2566 = CARTESIAN_POINT ( 'NONE',  ( 1.520000000000000018, 2.789999999998999947, -3.500000000000000000 ) ) ;
#2567 = ORIENTED_EDGE ( 'NONE', *, *, #1909, .T. ) ;
#2568 = AXIS2_PLACEMENT_3D ( 'NONE', #2131, #272, #1620 ) ;
#2569 = VECTOR ( 'NONE', #1485, 1000.000000000000000 ) ;
#2570 = CARTESIAN_POINT ( 'NONE',  ( 2.199999999999000089, 6.899999999998999378, 15.29999999999999893 ) ) ;
#2571 = VECTOR ( 'NONE', #439, 1000.000000000000000 ) ;
#2572 = CARTESIAN_POINT ( 'NONE',  ( 1.520000000000000018, 4.830000000000000071, 11.27999999999999936 ) ) ;
#2573 = AXIS2_PLACEMENT_3D ( 'NONE', #555, #2245, #354 ) ;
#2574 = ORIENTED_EDGE ( 'NONE', *, *, #1705, .F. ) ;
#2575 = CARTESIAN_POINT ( 'NONE',  ( -1.619999999999999885, 14.49999999999899991, 15.29999999999999893 ) ) ;
#2576 = EDGE_CURVE ( 'NONE', #2532, #564, #1978, .T. ) ;
#2577 = ORIENTED_EDGE ( 'NONE', *, *, #568, .F. ) ;
#2578 = AXIS2_PLACEMENT_3D ( 'NONE', #666, #1499, #1294 ) ;
#2579 = CARTESIAN_POINT ( 'NONE',  ( 0.000000000000000000, -13.80121933088100228, 9.049999999999000622 ) ) ;
#2580 = EDGE_CURVE ( 'NONE', #2632, #236, #1876, .T. ) ;
#2581 = CARTESIAN_POINT ( 'NONE',  ( 1.020000000000000018, 0.2499999999990000499, 2.499999999998999911 ) ) ;
#2582 = VERTEX_POINT ( 'NONE', #755 ) ;
#2583 = CARTESIAN_POINT ( 'NONE',  ( -2.200000000000000178, -4.699999999999000089, 0.000000000000000000 ) ) ;
#2584 = EDGE_CURVE ( 'NONE', #1165, #195, #569, .T. ) ;
#2585 = FACE_OUTER_BOUND ( 'NONE', #2621, .T. ) ;
#2586 = FACE_OUTER_BOUND ( 'NONE', #828, .T. ) ;
#2587 = ORIENTED_EDGE ( 'NONE', *, *, #811, .T. ) ;
#2588 = CARTESIAN_POINT ( 'NONE',  ( 1.020000000000000018, 4.830000000000000071, 11.27999999999999936 ) ) ;
#2589 = CARTESIAN_POINT ( 'NONE',  ( -1.520000000000000018, 0.5400000000000000355, 6.200000000000000178 ) ) ;
#2590 = VERTEX_POINT ( 'NONE', #1571 ) ;
#2591 = DIRECTION ( 'NONE',  ( 0.000000000000000000, 1.000000000000000000, 0.000000000000000000 ) ) ;
#2592 = CARTESIAN_POINT ( 'NONE',  ( 1.020000000000000018, 0.5400000000000000355, 8.449999999999999289 ) ) ;
#2593 = EDGE_CURVE ( 'NONE', #1754, #2479, #1915, .T. ) ;
#2594 = EDGE_LOOP ( 'NONE', ( #1108, #411 ) ) ;
#2595 = LINE ( 'NONE', #1843, #117 ) ;
#2596 = CARTESIAN_POINT ( 'NONE',  ( -1.520000000000000018, 2.290000000000000036, 6.200000000000000178 ) ) ;
#2597 = EDGE_CURVE ( 'NONE', #596, #844, #2221, .T. ) ;
#2598 = FACE_OUTER_BOUND ( 'NONE', #1935, .T. ) ;
#2599 = CARTESIAN_POINT ( 'NONE',  ( -1.520000000000000018, 4.830000000000000071, 11.27999999999999936 ) ) ;
#2600 = ORIENTED_EDGE ( 'NONE', *, *, #190, .T. ) ;
#2601 = DIRECTION ( 'NONE',  ( 0.000000000000000000, -1.000000000000000000, 0.000000000000000000 ) ) ;
#2602 = VECTOR ( 'NONE', #83, 1000.000000000000000 ) ;
#2603 = VERTEX_POINT ( 'NONE', #2404 ) ;
#2604 = DIRECTION ( 'NONE',  ( 0.000000000000000000, 0.000000000000000000, -1.000000000000000000 ) ) ;
#2605 = CARTESIAN_POINT ( 'NONE',  ( 1.020000000000000018, 3.079999999999999627, 13.53000000000000114 ) ) ;
#2606 = EDGE_LOOP ( 'NONE', ( #96, #757, #2562, #672, #1711, #1057 ) ) ;
#2607 = AXIS2_PLACEMENT_3D ( 'NONE', #2565, #691, #1960 ) ;
#2608 = DIRECTION ( 'NONE',  ( 0.000000000000000000, 0.000000000000000000, 1.000000000000000000 ) ) ;
#2609 = EDGE_CURVE ( 'NONE', #1662, #1889, #1305, .T. ) ;
#2610 = CARTESIAN_POINT ( 'NONE',  ( -1.020000000000000018, -0.6999999999999999556, 13.53000000000000114 ) ) ;
#2611 = VECTOR ( 'NONE', #2403, 1000.000000000000000 ) ;
#2612 = EDGE_CURVE ( 'NONE', #2458, #1836, #1583, .T. ) ;
#2613 = CARTESIAN_POINT ( 'NONE',  ( 1.020000000000000018, -0.6999999999999999556, 13.02999999999999936 ) ) ;
#2614 = EDGE_LOOP ( 'NONE', ( #366, #285 ) ) ;
#2615 = CARTESIAN_POINT ( 'NONE',  ( 1.520000000000000018, 0.2499999999990000499, -3.500000000000000000 ) ) ;
#2616 = ORIENTED_EDGE ( 'NONE', *, *, #875, .F. ) ;
#2617 = CARTESIAN_POINT ( 'NONE',  ( 1.520000000000000018, -0.5000000000000000000, 2.499999999998999911 ) ) ;
#2618 = CARTESIAN_POINT ( 'NONE',  ( 0.000000000000000000, -4.699999999999000089, 6.080000000000000071 ) ) ;
#2619 = VERTEX_POINT ( 'NONE', #1820 ) ;
#2620 = AXIS2_PLACEMENT_3D ( 'NONE', #158, #1492, #2251 ) ;
#2621 = EDGE_LOOP ( 'NONE', ( #2, #294, #2587, #785, #1319, #122 ) ) ;
#2622 = DIRECTION ( 'NONE',  ( 1.000000000000000000, 0.000000000000000000, 0.000000000000000000 ) ) ;
#2623 = CARTESIAN_POINT ( 'NONE',  ( -1.020000000000000018, 0.2499999999990000499, 2.499999999998999911 ) ) ;
#2624 = ORIENTED_EDGE ( 'NONE', *, *, #225, .F. ) ;
#2625 = DIRECTION ( 'NONE',  ( 1.000000000000000000, 0.000000000000000000, 0.000000000000000000 ) ) ;
#2626 = EDGE_CURVE ( 'NONE', #2532, #1714, #1363, .T. ) ;
#2627 = ORIENTED_EDGE ( 'NONE', *, *, #385, .F. ) ;
#2628 = DIRECTION ( 'NONE',  ( 0.000000000000000000, -1.000000000000000000, 0.000000000000000000 ) ) ;
#2629 = LINE ( 'NONE', #2641, #1159 ) ;
#2630 = CARTESIAN_POINT ( 'NONE',  ( 1.020000000000000018, 5.330000000000000071, 11.27999999999999936 ) ) ;
#2631 = ORIENTED_EDGE ( 'NONE', *, *, #1503, .F. ) ;
#2632 = VERTEX_POINT ( 'NONE', #2204 ) ;
#2633 = CARTESIAN_POINT ( 'NONE',  ( -2.200000000000000178, -4.699999999999000089, 15.29999999999999893 ) ) ;
#2634 = FACE_BOUND ( 'NONE', #1238, .T. ) ;
#2635 = FACE_OUTER_BOUND ( 'NONE', #1084, .T. ) ;
#2636 = FACE_OUTER_BOUND ( 'NONE', #847, .T. ) ;
#2637 = ORIENTED_EDGE ( 'NONE', *, *, #1115, .T. ) ;
#2638 = EDGE_CURVE ( 'NONE', #130, #1889, #796, .T. ) ;
#2639 = ORIENTED_EDGE ( 'NONE', *, *, #1409, .F. ) ;
#2640 = DIRECTION ( 'NONE',  ( 1.000000000000000000, 0.000000000000000000, 0.000000000000000000 ) ) ;
#2641 = CARTESIAN_POINT ( 'NONE',  ( -1.020000000000000018, 5.330000000000000071, 11.27999999999999936 ) ) ;
#2642 = EDGE_CURVE ( 'NONE', #765, #344, #1048, .T. ) ;
#2643 = DIRECTION ( 'NONE',  ( 0.000000000000000000, 0.000000000000000000, 1.000000000000000000 ) ) ;
#2644 = CIRCLE ( 'NONE', #372, 1.449999999999000755 ) ;
#2645 = VERTEX_POINT ( 'NONE', #1182 ) ;
#2646 = DIRECTION ( 'NONE',  ( -1.000000000000000000, 0.000000000000000000, 0.000000000000000000 ) ) ;
#2647 = VECTOR ( 'NONE', #314, 1000.000000000000000 ) ;
#2648 = CIRCLE ( 'NONE', #1907, 2.250000000000000444 ) ;
#2649 = ORIENTED_EDGE ( 'NONE', *, *, #1020, .T. ) ;
#2650 = DIRECTION ( 'NONE',  ( 1.000000000000000000, 0.000000000000000000, 0.000000000000000000 ) ) ;
#2651 = CARTESIAN_POINT ( 'NONE',  ( -1.020000000000000018, 3.079999999999999627, 11.27999999999999936 ) ) ;
#2652 = DIRECTION ( 'NONE',  ( -1.000000000000000000, 0.000000000000000000, 0.000000000000000000 ) ) ;
#2653 = EDGE_LOOP ( 'NONE', ( #2362, #2402, #18, #1299 ) ) ;
#2654 = ORIENTED_EDGE ( 'NONE', *, *, #1922, .F. ) ;
#2655 = LINE ( 'NONE', #345, #2211 ) ;
#2656 = EDGE_CURVE ( 'NONE', #1132, #408, #364, .T. ) ;
#2657 = CARTESIAN_POINT ( 'NONE',  ( 1.020000000000000018, -0.6999999999999999556, 7.950000000000000178 ) ) ;
#2658 = LINE ( 'NONE', #2455, #1773 ) ;
#2659 = EDGE_LOOP ( 'NONE', ( #780, #1200, #2339, #1739 ) ) ;
#2660 = DIRECTION ( 'NONE',  ( 0.000000000000000000, 0.000000000000000000, -1.000000000000000000 ) ) ;
#2661 = AXIS2_PLACEMENT_3D ( 'NONE', #1465, #654, #2311 ) ;
#2662 = ORIENTED_EDGE ( 'NONE', *, *, #2259, .T. ) ;
#2663 = EDGE_CURVE ( 'NONE', #589, #2437, #1256, .T. ) ;
#2664 = DIRECTION ( 'NONE',  ( 0.000000000000000000, 0.000000000000000000, -1.000000000000000000 ) ) ;
#2665 = VECTOR ( 'NONE', #346, 1000.000000000000000 ) ;
#2666 = CARTESIAN_POINT ( 'NONE',  ( -1.020000000000000018, 3.079999999999999627, 11.27999999999999936 ) ) ;
#2667 = ORIENTED_EDGE ( 'NONE', *, *, #2642, .T. ) ;
#2668 = FACE_OUTER_BOUND ( 'NONE', #1245, .T. ) ;
#2669 = ORIENTED_EDGE ( 'NONE', *, *, #365, .T. ) ;
#2670 = PLANE ( 'NONE',  #628 ) ;
#2671 = DIRECTION ( 'NONE',  ( 0.000000000000000000, 0.000000000000000000, -1.000000000000000000 ) ) ;
#2672 = DIRECTION ( 'NONE',  ( 0.000000000000000000, -1.000000000000000000, 2.235468396876999697E-17 ) ) ;
#2673 = ORIENTED_EDGE ( 'NONE', *, *, #1, .T. ) ;
#2674 = CARTESIAN_POINT ( 'NONE',  ( 1.020000000000000018, 2.790000000000000036, 6.200000000000000178 ) ) ;
#2675 = EDGE_CURVE ( 'NONE', #21, #1981, #2529, .T. ) ;
#2676 = EDGE_LOOP ( 'NONE', ( #566, #1275, #1974, #972 ) ) ;
#2677 = CYLINDRICAL_SURFACE ( 'NONE', #911, 2.249999999999999556 ) ;
#2678 = EDGE_CURVE ( 'NONE', #33, #1714, #2287, .T. ) ;
#2679 = SHAPE_DEFINITION_REPRESENTATION ( #2082, #363 ) ;
#2680 = ORIENTED_EDGE ( 'NONE', *, *, #1776, .F. ) ;
#2681 = LINE ( 'NONE', #2302, #1396 ) ;
#2682 = CARTESIAN_POINT ( 'NONE',  ( 0.9200000000000000400, 14.49999999999899991, 0.2999999999989999555 ) ) ;
#2683 = ORIENTED_EDGE ( 'NONE', *, *, #1606, .F. ) ;
#2684 = DIRECTION ( 'NONE',  ( 0.000000000000000000, 0.000000000000000000, -1.000000000000000000 ) ) ;
#2685 = CARTESIAN_POINT ( 'NONE',  ( -0.9200000000000000400, 14.49999999999899991, 0.2999999999989999555 ) ) ;
#2686 = FACE_OUTER_BOUND ( 'NONE', #2343, .T. ) ;
#2687 = ORIENTED_EDGE ( 'NONE', *, *, #27, .T. ) ;
#2688 = CARTESIAN_POINT ( 'NONE',  ( -1.020000000000000018, -0.2500000000000000000, -3.500000000000000000 ) ) ;
#2689 = VECTOR ( 'NONE', #643, 1000.000000000000000 ) ;
#2690 = ORIENTED_EDGE ( 'NONE', *, *, #124, .T. ) ;
#2691 = AXIS2_PLACEMENT_3D ( 'NONE', #106, #310, #766 ) ;
#2692 = LINE ( 'NONE', #1278, #554 ) ;
#2693 = ADVANCED_FACE ( 'NONE', ( #1873 ), #2695, .T. ) ;
#2694 = VECTOR ( 'NONE', #1358, 1000.000000000000000 ) ;
#2695 = PLANE ( 'NONE',  #1744 ) ;
#2696 = PLANE ( 'NONE',  #1261 ) ;
#2697 = CIRCLE ( 'NONE', #2303, 1.499999999999000355 ) ;
#2698 = DIRECTION ( 'NONE',  ( 1.000000000000000000, 0.000000000000000000, 0.000000000000000000 ) ) ;
#2699 = ORIENTED_EDGE ( 'NONE', *, *, #2405, .T. ) ;
#2700 = FACE_OUTER_BOUND ( 'NONE', #1528, .T. ) ;
#2701 = EDGE_CURVE ( 'NONE', #1096, #1356, #1883, .T. ) ;
#2702 = AXIS2_PLACEMENT_3D ( 'NONE', #2448, #2203, #2622 ) ;
#2703 = DIRECTION ( 'NONE',  ( 0.000000000000000000, 0.000000000000000000, -1.000000000000000000 ) ) ;
#2704 = VECTOR ( 'NONE', #2591, 1000.000000000000000 ) ;
#2705 = ORIENTED_EDGE ( 'NONE', *, *, #1100, .T. ) ;
#2706 = DIRECTION ( 'NONE',  ( 0.000000000000000000, -1.000000000000000000, 0.000000000000000000 ) ) ;
#2707 = CARTESIAN_POINT ( 'NONE',  ( -1.020000000000000018, 2.790000000000000036, 6.200000000000000178 ) ) ;
#2708 = AXIS2_PLACEMENT_3D ( 'NONE', #301, #1130, #698 ) ;
#2709 = DIRECTION ( 'NONE',  ( 1.000000000000000000, 0.000000000000000000, 0.000000000000000000 ) ) ;
#2710 = ORIENTED_EDGE ( 'NONE', *, *, #138, .F. ) ;
#2711 = PLANE ( 'NONE',  #2033 ) ;
#2712 = CIRCLE ( 'NONE', #1702, 1.449999999999000755 ) ;
#2713 = DIRECTION ( 'NONE',  ( 0.000000000000000000, -1.000000000000000000, 0.000000000000000000 ) ) ;
ENDSEC;
END-ISO-10303-21;
