ISO-10303-21;
HEADER;
FILE_DESCRIPTION (( 'STEP AP214' ),
    '1' );
FILE_NAME ('FILTER-SMD_4P.STEP',
    '2025-11-22T07:29:12',
    ( '943733927@qq.com' ),
    ( '' ),
    'SwSTEP 2.0',
    'SolidWorks 2021',
    '' );
FILE_SCHEMA (( 'AUTOMOTIVE_DESIGN' ));
ENDSEC;

DATA;
#1 = FILL_AREA_STYLE_COLOUR ( '', #2170 ) ;
#2 = DIRECTION ( 'NONE',  ( 0.000000000000000000, 0.000000000000000000, -1.000000000000000000 ) ) ;
#3 = LINE ( 'NONE', #5552, #4854 ) ;
#4 = DIRECTION ( 'NONE',  ( -1.000000000000000000, 0.000000000000000000, 0.000000000000000000 ) ) ;
#5 = DIRECTION ( 'NONE',  ( 0.000000000000000000, -1.000000000000000000, 0.000000000000000000 ) ) ;
#6 = ORIENTED_EDGE ( 'NONE', *, *, #3014, .T. ) ;
#7 = ORIENTED_EDGE ( 'NONE', *, *, #2925, .T. ) ;
#8 = EDGE_LOOP ( 'NONE', ( #175, #2820, #5381, #1890 ) ) ;
#9 = VERTEX_POINT ( 'NONE', #4096 ) ;
#10 = DIRECTION ( 'NONE',  ( -0.000000000000000000, 1.000000000000000000, 0.000000000000000000 ) ) ;
#11 = CARTESIAN_POINT ( 'NONE',  ( -0.2699999892709999960, 0.3999999841049999838, 0.3499999980130000243 ) ) ;
#13 = EDGE_LOOP ( 'NONE', ( #5155, #1923, #4490, #4177 ) ) ;
#12 = DIRECTION ( 'NONE',  ( 0.000000000000000000, 1.000000000000000000, 0.000000000000000000 ) ) ;
#14 = ADVANCED_FACE ( 'NONE', ( #210 ), #4006, .T. ) ;
#15 = EDGE_CURVE ( 'NONE', #2308, #3778, #5864, .T. ) ;
#16 = CARTESIAN_POINT ( 'NONE',  ( -0.05999999761580999957, 0.000000000000000000, 0.2000000039739999735 ) ) ;
#17 = DIRECTION ( 'NONE',  ( 0.000000000000000000, 0.000000000000000000, -1.000000000000000000 ) ) ;
#18 = FACE_OUTER_BOUND ( 'NONE', #1841, .T. ) ;
#19 = DIRECTION ( 'NONE',  ( 0.000000000000000000, 1.000000000000000000, 0.000000000000000000 ) ) ;
#20 = CIRCLE ( 'NONE', #5952, 0.02499999900659001170 ) ;
#21 = ORIENTED_EDGE ( 'NONE', *, *, #215, .F. ) ;
#22 = EDGE_CURVE ( 'NONE', #4476, #2000, #3087, .T. ) ;
#23 = ORIENTED_EDGE ( 'NONE', *, *, #5971, .T. ) ;
#24 = FACE_OUTER_BOUND ( 'NONE', #4218, .T. ) ;
#25 = CARTESIAN_POINT ( 'NONE',  ( -0.1199999952320000007, 0.4499999821190000526, 0.3499999980130000243 ) ) ;
#26 = VECTOR ( 'NONE', #5873, 1000.000000000000000 ) ;
#27 = DIRECTION ( 'NONE',  ( 0.000000000000000000, 0.000000000000000000, 1.000000000000000000 ) ) ;
#28 = CARTESIAN_POINT ( 'NONE',  ( 0.1199999952320000007, -0.2999999880790000240, 0.5999999880789999018 ) ) ;
#29 = ORIENTED_EDGE ( 'NONE', *, *, #1546, .T. ) ;
#30 = DIRECTION ( 'NONE',  ( 0.000000000000000000, 0.000000000000000000, 1.000000000000000000 ) ) ;
#31 = ORIENTED_EDGE ( 'NONE', *, *, #4317, .F. ) ;
#32 = SURFACE_STYLE_FILL_AREA ( #2376 ) ;
#33 = CARTESIAN_POINT ( 'NONE',  ( 0.2699999892709999960, 0.2999999880790000240, 0.5499999900659999774 ) ) ;
#34 = FACE_OUTER_BOUND ( 'NONE', #5033, .T. ) ;
#35 = MECHANICAL_DESIGN_GEOMETRIC_PRESENTATION_REPRESENTATION (  '', ( #142 ), #3427 ) ;
#36 = DIRECTION ( 'NONE',  ( 0.000000000000000000, -1.000000000000000000, 0.000000000000000000 ) ) ;
#37 = ORIENTED_EDGE ( 'NONE', *, *, #2136, .F. ) ;
#38 = ORIENTED_EDGE ( 'NONE', *, *, #3603, .T. ) ;
#39 = UNCERTAINTY_MEASURE_WITH_UNIT (LENGTH_MEASURE( 1.000000000000000082E-05 ), #4597, 'distance_accuracy_value', 'NONE');
#40 = AXIS2_PLACEMENT_3D ( 'NONE', #5548, #5924, #2137 ) ;
#41 = EDGE_LOOP ( 'NONE', ( #5124, #1315, #5940, #570 ) ) ;
#42 = DIRECTION ( 'NONE',  ( 0.000000000000000000, -1.000000000000000000, 0.000000000000000000 ) ) ;
#43 = CARTESIAN_POINT ( 'NONE',  ( 0.000000000000000000, 0.2999999880790000240, 0.3499999980130000243 ) ) ;
#44 = EDGE_LOOP ( 'NONE', ( #2345, #2686, #97, #527 ) ) ;
#45 = AXIS2_PLACEMENT_3D ( 'NONE', #4139, #6005, #5913 ) ;
#46 = AXIS2_PLACEMENT_3D ( 'NONE', #2317, #3692, #4208 ) ;
#47 = CARTESIAN_POINT ( 'NONE',  ( -0.2699999892709999960, 0.4999999801319999770, 0.1000000079469999942 ) ) ;
#48 = CARTESIAN_POINT ( 'NONE',  ( 0.1199999952320000007, -0.4749999811250000259, 0.3499999980130000243 ) ) ;
#49 = PLANE ( 'NONE',  #5382 ) ;
#50 = CARTESIAN_POINT ( 'NONE',  ( -3.061616876211000089E-18, 0.000000000000000000, 0.2250000029800000023 ) ) ;
#51 = EDGE_CURVE ( 'NONE', #3917, #5265, #2765, .T. ) ;
#52 = CIRCLE ( 'NONE', #1839, 0.02499999900659001170 ) ;
#53 = ORIENTED_EDGE ( 'NONE', *, *, #764, .F. ) ;
#54 = EDGE_LOOP ( 'NONE', ( #5442, #2002, #4176, #3023 ) ) ;
#55 = DIRECTION ( 'NONE',  ( 0.000000000000000000, 0.000000000000000000, -1.000000000000000000 ) ) ;
#56 = CARTESIAN_POINT ( 'NONE',  ( -3.061616876211000089E-18, 0.000000000000000000, 0.2250000029800000023 ) ) ;
#57 = CIRCLE ( 'NONE', #3952, 0.1249999950329999943 ) ;
#58 = VECTOR ( 'NONE', #2610, 1000.000000000000000 ) ;
#59 = CARTESIAN_POINT ( 'NONE',  ( 0.1799999928469999955, 0.000000000000000000, 0.1750000049669999946 ) ) ;
#60 = DIRECTION ( 'NONE',  ( 0.000000000000000000, -1.000000000000000000, 0.000000000000000000 ) ) ;
#61 = VERTEX_POINT ( 'NONE', #2469 ) ;
#62 = EDGE_CURVE ( 'NONE', #3802, #74, #4361, .T. ) ;
#63 = ADVANCED_FACE ( 'NONE', ( #1139 ), #3139, .T. ) ;
#64 = ORIENTED_EDGE ( 'NONE', *, *, #5098, .T. ) ;
#65 = AXIS2_PLACEMENT_3D ( 'NONE', #5318, #1078, #944 ) ;
#66 = DIRECTION ( 'NONE',  ( 0.000000000000000000, -1.000000000000000000, 0.000000000000000000 ) ) ;
#67 = DIRECTION ( 'NONE',  ( 0.000000000000000000, 0.000000000000000000, 1.000000000000000000 ) ) ;
#68 = DIRECTION ( 'NONE',  ( 0.000000000000000000, 0.000000000000000000, 1.000000000000000000 ) ) ;
#69 = AXIS2_PLACEMENT_3D ( 'NONE', #1086, #118, #5779 ) ;
#70 = EDGE_CURVE ( 'NONE', #2000, #5895, #3110, .T. ) ;
#71 = CARTESIAN_POINT ( 'NONE',  ( 0.1199999952320000007, -0.4749999811250000259, 0.4499999940400000176 ) ) ;
#72 = ORIENTED_EDGE ( 'NONE', *, *, #3062, .F. ) ;
#73 = AXIS2_PLACEMENT_3D ( 'NONE', #261, #4198, #6012 ) ;
#74 = VERTEX_POINT ( 'NONE', #4981 ) ;
#75 = CARTESIAN_POINT ( 'NONE',  ( -0.2699999892709999960, -0.3999999841049999838, 0.3499999980130000243 ) ) ;
#76 = DIRECTION ( 'NONE',  ( 0.000000000000000000, 1.000000000000000000, 0.000000000000000000 ) ) ;
#77 = PRESENTATION_LAYER_ASSIGNMENT (  '', '', ( #4736 ) ) ;
#78 = EDGE_CURVE ( 'NONE', #774, #1013, #3250, .T. ) ;
#80 = VERTEX_POINT ( 'NONE', #4040 ) ;
#79 = SURFACE_STYLE_FILL_AREA ( #3417 ) ;
#81 = AXIS2_PLACEMENT_3D ( 'NONE', #689, #121, #4389 ) ;
#82 = CARTESIAN_POINT ( 'NONE',  ( -0.5999999761580000479, 0.4999999801319999770, 1.192092846658000078E-08 ) ) ;
#83 = CARTESIAN_POINT ( 'NONE',  ( 0.2699999892709999960, 0.2399999904629999958, 1.192092846658000078E-08 ) ) ;
#84 = DIRECTION ( 'NONE',  ( 0.000000000000000000, -1.084202172486000036E-15, 1.000000000000000000 ) ) ;
#85 = DIRECTION ( 'NONE',  ( 0.000000000000000000, 0.000000000000000000, 1.000000000000000000 ) ) ;
#86 = STYLED_ITEM ( 'NONE', ( #2502 ), #5956 ) ;
#87 = ORIENTED_EDGE ( 'NONE', *, *, #5774, .T. ) ;
#88 = MECHANICAL_DESIGN_GEOMETRIC_PRESENTATION_REPRESENTATION (  '', ( #383 ), #2607 ) ;
#89 = CARTESIAN_POINT ( 'NONE',  ( 0.1199999952320000007, -0.2999999880790000240, 0.4499999940400000176 ) ) ;
#90 =( LENGTH_UNIT ( ) NAMED_UNIT ( * ) SI_UNIT ( .MILLI., .METRE. ) );
#91 = AXIS2_PLACEMENT_3D ( 'NONE', #4183, #2835, #1356 ) ;
#92 = DIRECTION ( 'NONE',  ( 1.000000000000000000, 0.000000000000000000, 0.000000000000000000 ) ) ;
#93 = ORIENTED_EDGE ( 'NONE', *, *, #5198, .T. ) ;
#94 = FACE_OUTER_BOUND ( 'NONE', #3095, .T. ) ;
#95 = ORIENTED_EDGE ( 'NONE', *, *, #2659, .F. ) ;
#96 = ORIENTED_EDGE ( 'NONE', *, *, #3231, .T. ) ;
#97 = ORIENTED_EDGE ( 'NONE', *, *, #3388, .T. ) ;
#98 = ORIENTED_EDGE ( 'NONE', *, *, #5506, .F. ) ;
#99 = ADVANCED_FACE ( 'NONE', ( #1723 ), #2676, .T. ) ;
#100 = EDGE_CURVE ( 'NONE', #4080, #2826, #3575, .T. ) ;
#101 = CIRCLE ( 'NONE', #882, 0.02499999900659001170 ) ;
#102 =( NAMED_UNIT ( * ) PLANE_ANGLE_UNIT ( ) SI_UNIT ( $, .RADIAN. ) );
#103 = CARTESIAN_POINT ( 'NONE',  ( 0.5999999761580000479, -0.1399999944370000082, 1.192092857760000037E-08 ) ) ;
#104 = CARTESIAN_POINT ( 'NONE',  ( 0.5999999761580000479, 0.4999999801319999770, 1.192092846658000078E-08 ) ) ;
#105 = CARTESIAN_POINT ( 'NONE',  ( 0.1549999938409999944, 0.4499999821190000526, 0.4499999940400000176 ) ) ;
#106 = FACE_OUTER_BOUND ( 'NONE', #1978, .T. ) ;
#107 = EDGE_LOOP ( 'NONE', ( #2981, #4830, #3653, #1369 ) ) ;
#108 = EDGE_LOOP ( 'NONE', ( #629, #6065, #839, #3707, #958 ) ) ;
#109 = EDGE_CURVE ( 'NONE', #6103, #1070, #3426, .T. ) ;
#110 = ORIENTED_EDGE ( 'NONE', *, *, #4919, .T. ) ;
#111 = PLANE ( 'NONE',  #363 ) ;
#112 = DIRECTION ( 'NONE',  ( 0.000000000000000000, 0.000000000000000000, -1.000000000000000000 ) ) ;
#114 = ORIENTED_EDGE ( 'NONE', *, *, #4519, .T. ) ;
#113 = FILL_AREA_STYLE_COLOUR ( '', #1423 ) ;
#115 = ADVANCED_FACE ( 'NONE', ( #557 ), #4049, .T. ) ;
#116 = CARTESIAN_POINT ( 'NONE',  ( 0.1199999952320000007, -0.4499999821190000526, 0.3499999980130000243 ) ) ;
#117 = ORIENTED_EDGE ( 'NONE', *, *, #3760, .T. ) ;
#118 = DIRECTION ( 'NONE',  ( -1.000000000000000000, 0.000000000000000000, 0.000000000000000000 ) ) ;
#119 = CARTESIAN_POINT ( 'NONE',  ( 0.000000000000000000, -0.2999999880790000240, 0.5999999880789999018 ) ) ;
#120 = EDGE_LOOP ( 'NONE', ( #4826, #117, #4156, #1950, #3998 ) ) ;
#121 = DIRECTION ( 'NONE',  ( 0.000000000000000000, -1.000000000000000000, 0.000000000000000000 ) ) ;
#122 = DIRECTION ( 'NONE',  ( -2.521400401128999817E-16, -1.000000000000000000, 0.000000000000000000 ) ) ;
#123 = DIRECTION ( 'NONE',  ( 3.252606517456999931E-16, 0.000000000000000000, 1.000000000000000000 ) ) ;
#124 = ORIENTED_EDGE ( 'NONE', *, *, #3297, .F. ) ;
#125 = DIRECTION ( 'NONE',  ( 0.000000000000000000, 0.000000000000000000, -1.000000000000000000 ) ) ;
#126 = AXIS2_PLACEMENT_3D ( 'NONE', #198, #5821, #3467 ) ;
#127 = ORIENTED_EDGE ( 'NONE', *, *, #650, .T. ) ;
#128 = ORIENTED_EDGE ( 'NONE', *, *, #2756, .F. ) ;
#129 = ORIENTED_EDGE ( 'NONE', *, *, #2524, .F. ) ;
#130 = STYLED_ITEM ( 'NONE', ( #1820 ), #2101 ) ;
#131 = SURFACE_SIDE_STYLE ('',( #1601 ) ) ;
#132 = CARTESIAN_POINT ( 'NONE',  ( 0.1199999952320000007, -0.4499999821190000526, 0.3499999980130000243 ) ) ;
#133 = DIRECTION ( 'NONE',  ( 0.000000000000000000, -1.000000000000000000, 0.000000000000000000 ) ) ;
#134 = CARTESIAN_POINT ( 'NONE',  ( -0.1799999928469999955, 0.2999999880790000240, 0.6249999870859999085 ) ) ;
#135 = DIRECTION ( 'NONE',  ( -1.000000000000000000, 0.000000000000000000, 0.000000000000000000 ) ) ;
#136 = ORIENTED_EDGE ( 'NONE', *, *, #1801, .T. ) ;
#137 = ADVANCED_FACE ( 'NONE', ( #1995, #4669 ), #1785, .F. ) ;
#138 = ORIENTED_EDGE ( 'NONE', *, *, #1974, .T. ) ;
#139 =( GEOMETRIC_REPRESENTATION_CONTEXT ( 3 ) GLOBAL_UNCERTAINTY_ASSIGNED_CONTEXT ( ( #977 ) ) GLOBAL_UNIT_ASSIGNED_CONTEXT ( ( #4386, #1552, #1517 ) ) REPRESENTATION_CONTEXT ( 'NONE', 'WORKASPACE' ) );
#140 = EDGE_LOOP ( 'NONE', ( #4388, #2913, #1608, #4976, #598, #6016, #4784, #6101 ) ) ;
#141 = CYLINDRICAL_SURFACE ( 'NONE', #2467, 0.02499999900659001170 ) ;
#142 = STYLED_ITEM ( 'NONE', ( #5226 ), #2586 ) ;
#143 = DIRECTION ( 'NONE',  ( 0.000000000000000000, 1.000000000000000000, 0.000000000000000000 ) ) ;
#145 = EDGE_LOOP ( 'NONE', ( #3859, #2876, #3853, #4827, #5838 ) ) ;
#144 = CARTESIAN_POINT ( 'NONE',  ( 0.2699999892709999960, -0.2399999904629999958, 0.1000000079469999942 ) ) ;
#146 = EDGE_CURVE ( 'NONE', #563, #4749, #5608, .T. ) ;
#147 = EDGE_CURVE ( 'NONE', #2009, #3601, #268, .T. ) ;
#148 = AXIS2_PLACEMENT_3D ( 'NONE', #5182, #4729, #476 ) ;
#149 = DIRECTION ( 'NONE',  ( 3.252606517456999931E-16, 0.000000000000000000, 1.000000000000000000 ) ) ;
#150 = VECTOR ( 'NONE', #5537, 1000.000000000000000 ) ;
#151 = DIRECTION ( 'NONE',  ( 0.000000000000000000, 1.000000000000000000, 0.000000000000000000 ) ) ;
#152 = DIRECTION ( 'NONE',  ( 0.000000000000000000, -1.000000000000000000, 0.000000000000000000 ) ) ;
#153 = DIRECTION ( 'NONE',  ( 0.000000000000000000, 0.000000000000000000, -1.000000000000000000 ) ) ;
#154 = EDGE_CURVE ( 'NONE', #1213, #731, #2314, .T. ) ;
#155 = ORIENTED_EDGE ( 'NONE', *, *, #483, .T. ) ;
#156 = TOROIDAL_SURFACE ( 'NONE', #4526, 0.1499999940400000287, 0.02499999900658999782 ) ;
#157 = DIRECTION ( 'NONE',  ( 0.000000000000000000, 0.000000000000000000, -1.000000000000000000 ) ) ;
#158 = SURFACE_STYLE_FILL_AREA ( #1061 ) ;
#159 = PRESENTATION_STYLE_ASSIGNMENT (( #2030 ) ) ;
#160 = ORIENTED_EDGE ( 'NONE', *, *, #3973, .F. ) ;
#161 = CARTESIAN_POINT ( 'NONE',  ( 0.2699999892709999960, 0.4999999801319999770, 1.192092846658000078E-08 ) ) ;
#162 = CIRCLE ( 'NONE', #5984, 0.09999999602635999130 ) ;
#163 = ORIENTED_EDGE ( 'NONE', *, *, #4023, .T. ) ;
#164 = ORIENTED_EDGE ( 'NONE', *, *, #4471, .T. ) ;
#165 = AXIS2_PLACEMENT_3D ( 'NONE', #2178, #4927, #5867 ) ;
#166 = VECTOR ( 'NONE', #1607, 1000.000000000000000 ) ;
#167 = DIRECTION ( 'NONE',  ( 0.000000000000000000, 0.000000000000000000, 1.000000000000000000 ) ) ;
#168 = DIRECTION ( 'NONE',  ( 0.000000000000000000, 0.000000000000000000, 1.000000000000000000 ) ) ;
#169 = FACE_OUTER_BOUND ( 'NONE', #140, .T. ) ;
#170 = DIRECTION ( 'NONE',  ( 0.000000000000000000, 0.000000000000000000, 1.000000000000000000 ) ) ;
#171 = MECHANICAL_DESIGN_GEOMETRIC_PRESENTATION_REPRESENTATION (  '', ( #1350 ), #2161 ) ;
#172 = COLOUR_RGB ( '',0.5019607843137254832, 0.5019607843137254832, 0.5019607843137254832 ) ;
#173 = VECTOR ( 'NONE', #2212, 1000.000000000000000 ) ;
#174 = VECTOR ( 'NONE', #5489, 1000.000000000000000 ) ;
#175 = ORIENTED_EDGE ( 'NONE', *, *, #643, .F. ) ;
#176 = CARTESIAN_POINT ( 'NONE',  ( 0.6019999760789999099, 0.3999999841049999838, 0.3499999980130000243 ) ) ;
#177 = ADVANCED_FACE ( 'NONE', ( #1845 ), #4926, .T. ) ;
#178 = CARTESIAN_POINT ( 'NONE',  ( 0.05999999761580999957, -0.4499999821190000526, 0.3499999980130000243 ) ) ;
#180 = ORIENTED_EDGE ( 'NONE', *, *, #634, .T. ) ;
#179 = LINE ( 'NONE', #5862, #4599 ) ;
#181 = AXIS2_PLACEMENT_3D ( 'NONE', #4821, #438, #4301 ) ;
#182 = ORIENTED_EDGE ( 'NONE', *, *, #3330, .F. ) ;
#183 = EDGE_CURVE ( 'NONE', #4476, #2351, #2712, .T. ) ;
#184 = CIRCLE ( 'NONE', #3472, 0.02499999900659001170 ) ;
#185 = ADVANCED_FACE ( 'NONE', ( #817 ), #3628, .F. ) ;
#186 = SURFACE_SIDE_STYLE ('',( #4780 ) ) ;
#187 = DIRECTION ( 'NONE',  ( 0.000000000000000000, -1.000000000000000000, 0.000000000000000000 ) ) ;
#188 = LINE ( 'NONE', #3056, #3241 ) ;
#189 = PRESENTATION_STYLE_ASSIGNMENT (( #5748 ) ) ;
#190 =( NAMED_UNIT ( * ) PLANE_ANGLE_UNIT ( ) SI_UNIT ( $, .RADIAN. ) );
#191 = CIRCLE ( 'NONE', #870, 0.02499999900659001170 ) ;
#192 = EDGE_CURVE ( 'NONE', #5735, #627, #2222, .T. ) ;
#193 = DIRECTION ( 'NONE',  ( -0.7071067811865474617, 0.7071067811865474617, 0.000000000000000000 ) ) ;
#194 = AXIS2_PLACEMENT_3D ( 'NONE', #1954, #1486, #4251 ) ;
#195 =( LENGTH_UNIT ( ) NAMED_UNIT ( * ) SI_UNIT ( .MILLI., .METRE. ) );
#196 = CARTESIAN_POINT ( 'NONE',  ( 0.1799999928469999955, 0.2999999880790000240, 0.6249999870859999085 ) ) ;
#197 = ORIENTED_EDGE ( 'NONE', *, *, #5368, .F. ) ;
#198 = CARTESIAN_POINT ( 'NONE',  ( -0.1799999928469999955, -0.4499999821190000526, 0.4499999940400000176 ) ) ;
#199 = ORIENTED_EDGE ( 'NONE', *, *, #220, .T. ) ;
#200 = STYLED_ITEM ( 'NONE', ( #3669 ), #6036 ) ;
#201 = ADVANCED_FACE ( 'NONE', ( #1317 ), #1382, .F. ) ;
#202 = SURFACE_STYLE_FILL_AREA ( #3974 ) ;
#203 = DIRECTION ( 'NONE',  ( 0.000000000000000000, -1.000000000000000000, 0.000000000000000000 ) ) ;
#204 = SURFACE_STYLE_USAGE ( .BOTH. , #1130 ) ;
#205 = CARTESIAN_POINT ( 'NONE',  ( -0.1199999952320000007, 0.4749999811250000259, 0.4499999940400000176 ) ) ;
#206 = EDGE_LOOP ( 'NONE', ( #4084, #110, #3877, #2110, #3129 ) ) ;
#207 = CARTESIAN_POINT ( 'NONE',  ( -0.5999999761580000479, 0.1399999944370000082, 0.2000000039739999735 ) ) ;
#208 = LINE ( 'NONE', #2455, #1535 ) ;
#209 = EDGE_LOOP ( 'NONE', ( #1800, #6042, #221, #164 ) ) ;
#210 = FACE_OUTER_BOUND ( 'NONE', #4964, .T. ) ;
#211 = CARTESIAN_POINT ( 'NONE',  ( -0.05999999761580999957, 0.000000000000000000, 0.2250000029800000023 ) ) ;
#212 = VERTEX_POINT ( 'NONE', #75 ) ;
#213 = DIRECTION ( 'NONE',  ( 0.000000000000000000, 1.084202172486000036E-15, -1.000000000000000000 ) ) ;
#214 = LINE ( 'NONE', #3057, #5175 ) ;
#215 = EDGE_CURVE ( 'NONE', #6093, #443, #462, .T. ) ;
#216 = FACE_OUTER_BOUND ( 'NONE', #5746, .T. ) ;
#217 = DIRECTION ( 'NONE',  ( 0.000000000000000000, 0.000000000000000000, 1.000000000000000000 ) ) ;
#218 = DIRECTION ( 'NONE',  ( 0.000000000000000000, 1.000000000000000000, 0.000000000000000000 ) ) ;
#219 = SURFACE_STYLE_USAGE ( .BOTH. , #5756 ) ;
#220 = EDGE_CURVE ( 'NONE', #669, #5565, #1044, .T. ) ;
#221 = ORIENTED_EDGE ( 'NONE', *, *, #5071, .T. ) ;
#222 = ADVANCED_FACE ( 'NONE', ( #4378 ), #111, .F. ) ;
#223 = ORIENTED_EDGE ( 'NONE', *, *, #887, .F. ) ;
#224 = DIRECTION ( 'NONE',  ( -0.000000000000000000, 1.000000000000000000, 0.000000000000000000 ) ) ;
#225 = LINE ( 'NONE', #2005, #3349 ) ;
#226 = CARTESIAN_POINT ( 'NONE',  ( 0.000000000000000000, 0.2999999880790000240, 0.5999999880789999018 ) ) ;
#227 = CARTESIAN_POINT ( 'NONE',  ( 0.1799999928469999955, -0.2999999880790000240, 0.2250000029800000023 ) ) ;
#228 = ORIENTED_EDGE ( 'NONE', *, *, #3429, .T. ) ;
#229 = VECTOR ( 'NONE', #5171, 1000.000000000000000 ) ;
#230 = EDGE_LOOP ( 'NONE', ( #2582, #1866, #4694, #5363 ) ) ;
#231 = DIRECTION ( 'NONE',  ( 0.000000000000000000, 1.000000000000000000, 0.000000000000000000 ) ) ;
#232 = DIRECTION ( 'NONE',  ( 0.000000000000000000, -1.084202172486000036E-15, 1.000000000000000000 ) ) ;
#233 = CIRCLE ( 'NONE', #2827, 0.02499999900659001170 ) ;
#234 = DIRECTION ( 'NONE',  ( 0.000000000000000000, 1.000000000000000000, 0.000000000000000000 ) ) ;
#235 = ORIENTED_EDGE ( 'NONE', *, *, #2475, .F. ) ;
#236 = VECTOR ( 'NONE', #4448, 1000.000000000000000 ) ;
#237 = DIRECTION ( 'NONE',  ( 0.000000000000000000, 0.000000000000000000, 1.000000000000000000 ) ) ;
#238 = PRESENTATION_STYLE_ASSIGNMENT (( #3542 ) ) ;
#239 = CARTESIAN_POINT ( 'NONE',  ( -0.1799999928469999955, -0.2999999880790000240, 0.2250000029800000023 ) ) ;
#240 = DIRECTION ( 'NONE',  ( 0.000000000000000000, -1.000000000000000000, 0.000000000000000000 ) ) ;
#241 = CARTESIAN_POINT ( 'NONE',  ( 0.3699999852979999893, -0.1399999944370000082, 1.192092846658000078E-08 ) ) ;
#242 = CARTESIAN_POINT ( 'NONE',  ( 0.5999999761580000479, 0.1399999944370000082, 0.1000000079469999942 ) ) ;
#243 = STYLED_ITEM ( 'NONE', ( #2551 ), #2688 ) ;
#244 = AXIS2_PLACEMENT_3D ( 'NONE', #5569, #5602, #4273 ) ;
#245 = CARTESIAN_POINT ( 'NONE',  ( -0.05999999761580999957, -0.2999999880790000240, 0.1750000049669999946 ) ) ;
#246 = EDGE_CURVE ( 'NONE', #5165, #2944, #1410, .T. ) ;
#247 = CARTESIAN_POINT ( 'NONE',  ( -0.3699999852979999893, 0.1399999944370000082, 1.192092913271000060E-08 ) ) ;
#248 = CARTESIAN_POINT ( 'NONE',  ( 0.1799999928469999955, 0.2999999880790000240, 0.2250000029800000023 ) ) ;
#249 = ORIENTED_EDGE ( 'NONE', *, *, #2641, .T. ) ;
#250 = VECTOR ( 'NONE', #1395, 1000.000000000000000 ) ;
#251 = ORIENTED_EDGE ( 'NONE', *, *, #536, .F. ) ;
#252 = DIRECTION ( 'NONE',  ( 0.000000000000000000, 1.000000000000000000, 0.000000000000000000 ) ) ;
#253 = CARTESIAN_POINT ( 'NONE',  ( 0.1799999928469999955, -0.2999999880790000240, 0.1750000049669999946 ) ) ;
#254 = EDGE_CURVE ( 'NONE', #5279, #3749, #3319, .T. ) ;
#255 = AXIS2_PLACEMENT_3D ( 'NONE', #4072, #680, #2558 ) ;
#256 = EDGE_CURVE ( 'NONE', #1247, #3921, #270, .T. ) ;
#257 = DIRECTION ( 'NONE',  ( 0.000000000000000000, 0.000000000000000000, 1.000000000000000000 ) ) ;
#258 = DIRECTION ( 'NONE',  ( 1.000000000000000000, 0.000000000000000000, 0.000000000000000000 ) ) ;
#259 = LINE ( 'NONE', #3016, #3149 ) ;
#260 = AXIS2_PLACEMENT_3D ( 'NONE', #701, #611, #3046 ) ;
#261 = CARTESIAN_POINT ( 'NONE',  ( -0.05999999761580999957, -0.4499999821190000526, 0.4499999940400000176 ) ) ;
#262 = EDGE_CURVE ( 'NONE', #1479, #900, #6091, .T. ) ;
#263 = DIRECTION ( 'NONE',  ( -1.000000000000000000, 0.000000000000000000, 0.000000000000000000 ) ) ;
#264 = VECTOR ( 'NONE', #4166, 1000.000000000000114 ) ;
#266 = ORIENTED_EDGE ( 'NONE', *, *, #791, .T. ) ;
#265 = DIRECTION ( 'NONE',  ( 0.000000000000000000, 0.000000000000000000, -1.000000000000000000 ) ) ;
#267 = ORIENTED_EDGE ( 'NONE', *, *, #4479, .F. ) ;
#268 = CIRCLE ( 'NONE', #1071, 0.1249999950329999943 ) ;
#269 = VERTEX_POINT ( 'NONE', #3352 ) ;
#270 = LINE ( 'NONE', #4735, #3255 ) ;
#271 = ADVANCED_FACE ( 'NONE', ( #2451 ), #982, .T. ) ;
#272 = DIRECTION ( 'NONE',  ( 1.000000000000000000, 0.000000000000000000, 0.000000000000000000 ) ) ;
#273 = AXIS2_PLACEMENT_3D ( 'NONE', #2863, #485, #1910 ) ;
#274 = FACE_OUTER_BOUND ( 'NONE', #1163, .T. ) ;
#275 = DIRECTION ( 'NONE',  ( -1.204669080539000137E-15, 1.000000000000000000, 0.000000000000000000 ) ) ;
#276 = CIRCLE ( 'NONE', #574, 0.02499999900659001170 ) ;
#277 = VERTEX_POINT ( 'NONE', #2521 ) ;
#278 = COLOUR_RGB ( '',1.000000000000000000, 1.000000000000000000, 1.000000000000000000 ) ;
#279 =( NAMED_UNIT ( * ) SI_UNIT ( $, .STERADIAN. ) SOLID_ANGLE_UNIT ( ) );
#280 = DIRECTION ( 'NONE',  ( 0.000000000000000000, 1.084202172486000036E-15, -1.000000000000000000 ) ) ;
#281 = ORIENTED_EDGE ( 'NONE', *, *, #2930, .T. ) ;
#282 = DIRECTION ( 'NONE',  ( 0.000000000000000000, 0.000000000000000000, -1.000000000000000000 ) ) ;
#283 = TOROIDAL_SURFACE ( 'NONE', #1280, 0.1499999940400000287, 0.02499999900658999782 ) ;
#284 = VERTEX_POINT ( 'NONE', #3922 ) ;
#285 = APPLICATION_CONTEXT ( 'automotive_design' ) ;
#286 = AXIS2_PLACEMENT_3D ( 'NONE', #3357, #521, #419 ) ;
#287 = DIRECTION ( 'NONE',  ( 0.000000000000000000, 1.000000000000000000, 0.000000000000000000 ) ) ;
#288 = DIRECTION ( 'NONE',  ( 0.000000000000000000, 0.000000000000000000, -1.000000000000000000 ) ) ;
#289 = CARTESIAN_POINT ( 'NONE',  ( 0.1199999952320000007, -0.2999999880790000240, 0.2250000029800000023 ) ) ;
#290 = CARTESIAN_POINT ( 'NONE',  ( -3.061616876211000089E-18, 0.2999999880790000240, 0.5749999890720000062 ) ) ;
#291 = CARTESIAN_POINT ( 'NONE',  ( 0.000000000000000000, 0.000000000000000000, 1.192092846658000078E-08 ) ) ;
#292 = ORIENTED_EDGE ( 'NONE', *, *, #3317, .T. ) ;
#293 = AXIS2_PLACEMENT_3D ( 'NONE', #3141, #4043, #3693 ) ;
#294 = EDGE_CURVE ( 'NONE', #1070, #2923, #3386, .T. ) ;
#295 = AXIS2_PLACEMENT_3D ( 'NONE', #3492, #649, #2087 ) ;
#296 = EDGE_CURVE ( 'NONE', #868, #5720, #959, .T. ) ;
#297 = DIRECTION ( 'NONE',  ( 0.000000000000000000, 0.000000000000000000, -1.000000000000000000 ) ) ;
#298 = DIRECTION ( 'NONE',  ( 0.000000000000000000, 0.000000000000000000, 1.000000000000000000 ) ) ;
#299 = CIRCLE ( 'NONE', #1780, 0.02499999900659001170 ) ;
#300 = DIRECTION ( 'NONE',  ( 0.000000000000000000, 0.000000000000000000, -1.000000000000000000 ) ) ;
#301 = UNCERTAINTY_MEASURE_WITH_UNIT (LENGTH_MEASURE( 1.000000000000000082E-05 ), #1371, 'distance_accuracy_value', 'NONE');
#302 = CIRCLE ( 'NONE', #1196, 0.02499999900658995966 ) ;
#303 = ADVANCED_FACE ( 'NONE', ( #5740 ), #2897, .T. ) ;
#304 = EDGE_LOOP ( 'NONE', ( #4440, #4061, #4311, #5337 ) ) ;
#305 = CARTESIAN_POINT ( 'NONE',  ( 0.6019999760789999099, -0.2999999880790000240, 0.5499999900659999774 ) ) ;
#306 = DIRECTION ( 'NONE',  ( 0.000000000000000000, -1.000000000000000000, 0.000000000000000000 ) ) ;
#307 = CARTESIAN_POINT ( 'NONE',  ( 0.000000000000000000, -0.2999999880790000240, 0.2000000039739999735 ) ) ;
#308 = ADVANCED_FACE ( 'NONE', ( #5255 ), #1946, .T. ) ;
#309 = PLANE ( 'NONE',  #486 ) ;
#310 =( LENGTH_UNIT ( ) NAMED_UNIT ( * ) SI_UNIT ( .MILLI., .METRE. ) );
#311 = DIRECTION ( 'NONE',  ( 0.000000000000000000, 0.000000000000000000, 1.000000000000000000 ) ) ;
#312 = ORIENTED_EDGE ( 'NONE', *, *, #4552, .F. ) ;
#313 = DIRECTION ( 'NONE',  ( 0.000000000000000000, 0.000000000000000000, 1.000000000000000000 ) ) ;
#314 = DIRECTION ( 'NONE',  ( 0.000000000000000000, 1.084202172486000036E-15, -1.000000000000000000 ) ) ;
#315 = DIRECTION ( 'NONE',  ( -1.000000000000000000, 0.000000000000000000, 0.000000000000000000 ) ) ;
#316 = CARTESIAN_POINT ( 'NONE',  ( 0.1799999928469999955, 0.2999999880790000240, 0.5999999880789999018 ) ) ;
#317 = ORIENTED_EDGE ( 'NONE', *, *, #4042, .F. ) ;
#318 = CARTESIAN_POINT ( 'NONE',  ( 0.000000000000000000, 0.000000000000000000, 0.5999999880789999018 ) ) ;
#319 = ORIENTED_EDGE ( 'NONE', *, *, #2810, .T. ) ;
#320 = CARTESIAN_POINT ( 'NONE',  ( -0.1799999928469999955, 0.000000000000000000, 0.2250000029800000023 ) ) ;
#321 = ADVANCED_FACE ( 'NONE', ( #2492 ), #3446, .T. ) ;
#322 = CARTESIAN_POINT ( 'NONE',  ( -0.05999999761580999957, 0.000000000000000000, 0.1750000049669999946 ) ) ;
#323 = ORIENTED_EDGE ( 'NONE', *, *, #4185, .F. ) ;
#324 = FILL_AREA_STYLE ('',( #6019 ) ) ;
#325 = VECTOR ( 'NONE', #3465, 1000.000000000000000 ) ;
#326 = DIRECTION ( 'NONE',  ( 0.000000000000000000, 0.000000000000000000, 1.000000000000000000 ) ) ;
#327 = LINE ( 'NONE', #707, #3481 ) ;
#328 = ORIENTED_EDGE ( 'NONE', *, *, #1214, .T. ) ;
#329 = EDGE_CURVE ( 'NONE', #5279, #3369, #3461, .T. ) ;
#330 = DIRECTION ( 'NONE',  ( -1.000000000000000000, 0.000000000000000000, 0.000000000000000000 ) ) ;
#331 = EDGE_CURVE ( 'NONE', #2503, #5688, #3814, .T. ) ;
#332 = CARTESIAN_POINT ( 'NONE',  ( -0.3417475510149999840, -0.2437334591960000074, 0.7999999801320000214 ) ) ;
#333 = DIRECTION ( 'NONE',  ( 0.000000000000000000, -1.000000000000000000, 0.000000000000000000 ) ) ;
#334 = DIRECTION ( 'NONE',  ( 0.000000000000000000, 0.000000000000000000, -1.000000000000000000 ) ) ;
#335 = AXIS2_PLACEMENT_3D ( 'NONE', #1449, #5708, #451 ) ;
#336 = CARTESIAN_POINT ( 'NONE',  ( -0.3699999852979999893, 0.1399999944370000082, 1.192092846658000078E-08 ) ) ;
#337 = CARTESIAN_POINT ( 'NONE',  ( 0.000000000000000000, -0.4749999811250000259, 0.3499999980130000243 ) ) ;
#338 = AXIS2_PLACEMENT_3D ( 'NONE', #3408, #575, #540 ) ;
#339 = DIRECTION ( 'NONE',  ( 0.000000000000000000, 0.000000000000000000, -1.000000000000000000 ) ) ;
#340 = DIRECTION ( 'NONE',  ( 0.000000000000000000, 0.000000000000000000, 1.000000000000000000 ) ) ;
#341 = CARTESIAN_POINT ( 'NONE',  ( 0.1799999928469999955, -0.2999999880790000240, 0.5749999890720000062 ) ) ;
#342 = ADVANCED_FACE ( 'NONE', ( #5859 ), #3482, .T. ) ;
#343 = CARTESIAN_POINT ( 'NONE',  ( 0.5999999761580000479, 0.1399999944370000082, 0.2000000039739999735 ) ) ;
#344 = VERTEX_POINT ( 'NONE', #2613 ) ;
#345 = DIRECTION ( 'NONE',  ( -0.7071067811865474617, 0.7071067811865474617, 0.000000000000000000 ) ) ;
#346 = ORIENTED_EDGE ( 'NONE', *, *, #1188, .T. ) ;
#347 = CIRCLE ( 'NONE', #3050, 0.1749999930459999742 ) ;
#348 = DIRECTION ( 'NONE',  ( 0.000000000000000000, 1.000000000000000000, 0.000000000000000000 ) ) ;
#349 = DIRECTION ( 'NONE',  ( 0.000000000000000000, 1.000000000000000000, 0.000000000000000000 ) ) ;
#350 = ORIENTED_EDGE ( 'NONE', *, *, #447, .T. ) ;
#351 = AXIS2_PLACEMENT_3D ( 'NONE', #1580, #5375, #1136 ) ;
#352 = CIRCLE ( 'NONE', #1154, 0.02499999900659001170 ) ;
#353 =( NAMED_UNIT ( * ) SI_UNIT ( $, .STERADIAN. ) SOLID_ANGLE_UNIT ( ) );
#354 = VECTOR ( 'NONE', #3831, 1000.000000000000000 ) ;
#355 = FACE_OUTER_BOUND ( 'NONE', #4441, .T. ) ;
#356 = CARTESIAN_POINT ( 'NONE',  ( 0.1799999928469999955, 0.4499999821190000526, 0.4499999940400000176 ) ) ;
#357 = DIRECTION ( 'NONE',  ( 0.000000000000000000, 0.000000000000000000, 1.000000000000000000 ) ) ;
#358 = DIRECTION ( 'NONE',  ( -1.000000000000000000, 0.000000000000000000, 0.000000000000000000 ) ) ;
#359 =( GEOMETRIC_REPRESENTATION_CONTEXT ( 3 ) GLOBAL_UNCERTAINTY_ASSIGNED_CONTEXT ( ( #2922 ) ) GLOBAL_UNIT_ASSIGNED_CONTEXT ( ( #3562, #5369, #1198 ) ) REPRESENTATION_CONTEXT ( 'NONE', 'WORKASPACE' ) );
#360 = AXIS2_PLACEMENT_3D ( 'NONE', #1147, #2505, #1493 ) ;
#361 = EDGE_CURVE ( 'NONE', #1092, #4844, #4836, .T. ) ;
#362 = EDGE_CURVE ( 'NONE', #2882, #61, #3750, .T. ) ;
#363 = AXIS2_PLACEMENT_3D ( 'NONE', #4831, #10, #2388 ) ;
#364 = DIRECTION ( 'NONE',  ( 0.000000000000000000, 1.000000000000000000, 0.000000000000000000 ) ) ;
#365 = AXIS2_PLACEMENT_3D ( 'NONE', #5712, #5260, #4802 ) ;
#366 = CARTESIAN_POINT ( 'NONE',  ( 0.000000000000000000, 0.000000000000000000, 0.1000000079469999942 ) ) ;
#367 = PRESENTATION_LAYER_ASSIGNMENT (  '', '', ( #3171 ) ) ;
#368 = ADVANCED_FACE ( 'NONE', ( #2549 ), #5921, .T. ) ;
#369 = DIRECTION ( 'NONE',  ( -1.000000000000000000, 0.000000000000000000, 0.000000000000000000 ) ) ;
#370 = AXIS2_PLACEMENT_3D ( 'NONE', #2368, #4322, #5593 ) ;
#371 = DIRECTION ( 'NONE',  ( 0.000000000000000000, 1.000000000000000000, 0.000000000000000000 ) ) ;
#372 = FACE_OUTER_BOUND ( 'NONE', #107, .T. ) ;
#373 = ORIENTED_EDGE ( 'NONE', *, *, #5210, .T. ) ;
#374 = DIRECTION ( 'NONE',  ( 0.000000000000000000, 0.000000000000000000, -1.000000000000000000 ) ) ;
#375 = AXIS2_PLACEMENT_3D ( 'NONE', #3463, #1182, #5816 ) ;
#376 = ADVANCED_FACE ( 'NONE', ( #1201 ), #4725, .T. ) ;
#377 = CARTESIAN_POINT ( 'NONE',  ( 0.1199999952320000007, -0.4749999811250000259, 0.4499999940400000176 ) ) ;
#378 = SURFACE_STYLE_FILL_AREA ( #5516 ) ;
#379 = AXIS2_PLACEMENT_3D ( 'NONE', #1389, #4673, #3725 ) ;
#380 = CARTESIAN_POINT ( 'NONE',  ( -0.1199999952320000007, 0.000000000000000000, 0.2000000039739999735 ) ) ;
#381 = ORIENTED_EDGE ( 'NONE', *, *, #3602, .T. ) ;
#382 = ORIENTED_EDGE ( 'NONE', *, *, #1207, .T. ) ;
#383 = STYLED_ITEM ( 'NONE', ( #1224 ), #1706 ) ;
#384 = SURFACE_STYLE_USAGE ( .BOTH. , #4120 ) ;
#385 = CIRCLE ( 'NONE', #2789, 0.02499999900658995966 ) ;
#386 = LINE ( 'NONE', #5551, #3836 ) ;
#387 = CARTESIAN_POINT ( 'NONE',  ( 0.05999999761580999957, -0.4749999811250000259, 0.3499999980130000243 ) ) ;
#388 = DIRECTION ( 'NONE',  ( 0.000000000000000000, 1.000000000000000000, 0.000000000000000000 ) ) ;
#389 = MECHANICAL_DESIGN_GEOMETRIC_PRESENTATION_REPRESENTATION (  '', ( #4267 ), #1383 ) ;
#390 = CARTESIAN_POINT ( 'NONE',  ( 0.000000000000000000, 0.000000000000000000, 0.1000000079469999942 ) ) ;
#391 = FILL_AREA_STYLE ('',( #1390 ) ) ;
#392 = DIRECTION ( 'NONE',  ( 0.000000000000000000, 1.000000000000000000, 0.000000000000000000 ) ) ;
#393 = ADVANCED_FACE ( 'NONE', ( #4973 ), #2642, .T. ) ;
#394 = ORIENTED_EDGE ( 'NONE', *, *, #2670, .F. ) ;
#395 = CARTESIAN_POINT ( 'NONE',  ( 0.000000000000000000, -0.4499999821190000526, 0.3499999980130000243 ) ) ;
#396 =( LENGTH_UNIT ( ) NAMED_UNIT ( * ) SI_UNIT ( .MILLI., .METRE. ) );
#397 = FILL_AREA_STYLE_COLOUR ( '', #1297 ) ;
#398 = ORIENTED_EDGE ( 'NONE', *, *, #2892, .T. ) ;
#399 = CYLINDRICAL_SURFACE ( 'NONE', #3155, 0.09999999602635999130 ) ;
#400 = ADVANCED_FACE ( 'NONE', ( #4066 ), #141, .T. ) ;
#401 = ADVANCED_FACE ( 'NONE', ( #5890 ), #3508, .F. ) ;
#402 = VERTEX_POINT ( 'NONE', #5373 ) ;
#403 = SURFACE_STYLE_USAGE ( .BOTH. , #4663 ) ;
#404 = FACE_OUTER_BOUND ( 'NONE', #6041, .T. ) ;
#405 = EDGE_CURVE ( 'NONE', #1013, #774, #5996, .T. ) ;
#406 = CARTESIAN_POINT ( 'NONE',  ( -0.2699999892709999960, 0.4999999801319999770, 1.192092846658000078E-08 ) ) ;
#407 = ORIENTED_EDGE ( 'NONE', *, *, #6109, .T. ) ;
#408 = UNCERTAINTY_MEASURE_WITH_UNIT (LENGTH_MEASURE( 1.000000000000000082E-05 ), #3354, 'distance_accuracy_value', 'NONE');
#409 = EDGE_LOOP ( 'NONE', ( #1063, #1515, #4638, #1703, #986, #1082, #3299, #5277 ) ) ;
#410 = ORIENTED_EDGE ( 'NONE', *, *, #147, .F. ) ;
#411 = ORIENTED_EDGE ( 'NONE', *, *, #192, .F. ) ;
#412 = DIRECTION ( 'NONE',  ( 0.000000000000000000, 0.000000000000000000, -1.000000000000000000 ) ) ;
#413 = CARTESIAN_POINT ( 'NONE',  ( 0.05999999761580999957, 0.2999999880790000240, 0.4499999940400000176 ) ) ;
#414 = EDGE_LOOP ( 'NONE', ( #5769, #2938, #3245, #2003 ) ) ;
#415 = AXIS2_PLACEMENT_3D ( 'NONE', #3825, #1455, #1919 ) ;
#416 = DIRECTION ( 'NONE',  ( 0.000000000000000000, -3.614007241618000193E-16, -1.000000000000000000 ) ) ;
#417 = DIRECTION ( 'NONE',  ( 0.000000000000000000, 0.000000000000000000, 1.000000000000000000 ) ) ;
#418 = CIRCLE ( 'NONE', #1318, 0.02499999900659001170 ) ;
#419 = DIRECTION ( 'NONE',  ( 0.000000000000000000, 0.000000000000000000, -1.000000000000000000 ) ) ;
#420 = SURFACE_SIDE_STYLE ('',( #4743 ) ) ;
#421 = LINE ( 'NONE', #4315, #5168 ) ;
#422 = DIRECTION ( 'NONE',  ( 0.000000000000000000, 0.000000000000000000, 1.000000000000000000 ) ) ;
#423 = VECTOR ( 'NONE', #3295, 1000.000000000000000 ) ;
#424 = ADVANCED_FACE ( 'NONE', ( #2107 ), #1655, .T. ) ;
#425 = ORIENTED_EDGE ( 'NONE', *, *, #5744, .T. ) ;
#426 = STYLED_ITEM ( 'NONE', ( #2167 ), #2777 ) ;
#427 = CARTESIAN_POINT ( 'NONE',  ( 0.000000000000000000, 0.2999999880790000240, 0.6249999870859999085 ) ) ;
#428 = DIRECTION ( 'NONE',  ( 0.000000000000000000, -3.614007241618000193E-16, -1.000000000000000000 ) ) ;
#429 = CARTESIAN_POINT ( 'NONE',  ( 0.5999999761580000479, -0.4999999801319999770, 0.5999999880789999018 ) ) ;
#430 = DIRECTION ( 'NONE',  ( 0.000000000000000000, 0.000000000000000000, 1.000000000000000000 ) ) ;
#431 = VERTEX_POINT ( 'NONE', #2194 ) ;
#432 = CARTESIAN_POINT ( 'NONE',  ( -0.2699999892709999960, 0.1399999944370000082, 1.192092846658000078E-08 ) ) ;
#433 = EDGE_LOOP ( 'NONE', ( #3898, #138, #2450, #1450 ) ) ;
#434 = ORIENTED_EDGE ( 'NONE', *, *, #802, .T. ) ;
#435 = AXIS2_PLACEMENT_3D ( 'NONE', #4762, #1940, #3781 ) ;
#436 = ADVANCED_FACE ( 'NONE', ( #2247 ), #1718, .T. ) ;
#437 = EDGE_CURVE ( 'NONE', #4569, #1808, #3197, .T. ) ;
#438 = DIRECTION ( 'NONE',  ( 0.000000000000000000, 1.000000000000000000, 0.000000000000000000 ) ) ;
#439 = AXIS2_PLACEMENT_3D ( 'NONE', #2517, #4861, #2954 ) ;
#440 = DIRECTION ( 'NONE',  ( -0.7071067811865475727, 0.7071067811865475727, 0.000000000000000000 ) ) ;
#441 = DIRECTION ( 'NONE',  ( 0.000000000000000000, 0.000000000000000000, -1.000000000000000000 ) ) ;
#442 = CARTESIAN_POINT ( 'NONE',  ( 0.1199999952320000007, -0.2999999880790000240, 0.1750000049669999946 ) ) ;
#443 = VERTEX_POINT ( 'NONE', #3622 ) ;
#444 = EDGE_LOOP ( 'NONE', ( #5719, #1565, #2163, #5663 ) ) ;
#445 = VERTEX_POINT ( 'NONE', #320 ) ;
#446 = CIRCLE ( 'NONE', #1638, 0.02499999900659001170 ) ;
#447 = EDGE_CURVE ( 'NONE', #5623, #947, #3558, .T. ) ;
#448 = EDGE_LOOP ( 'NONE', ( #497, #4684, #4367, #1998 ) ) ;
#449 =( NAMED_UNIT ( * ) PLANE_ANGLE_UNIT ( ) SI_UNIT ( $, .RADIAN. ) );
#450 = PRESENTATION_LAYER_ASSIGNMENT (  '', '', ( #651 ) ) ;
#452 = VERTEX_POINT ( 'NONE', #377 ) ;
#451 = DIRECTION ( 'NONE',  ( 0.000000000000000000, 0.000000000000000000, 1.000000000000000000 ) ) ;
#453 = TOROIDAL_SURFACE ( 'NONE', #3452, 0.1499999940400000287, 0.02499999900658999782 ) ;
#454 = VECTOR ( 'NONE', #298, 1000.000000000000000 ) ;
#455 = EDGE_CURVE ( 'NONE', #5207, #1924, #2707, .T. ) ;
#456 = CARTESIAN_POINT ( 'NONE',  ( -0.3699999852979999893, 0.1399999944370000082, 0.1000000079469999942 ) ) ;
#457 = DIRECTION ( 'NONE',  ( -1.000000000000000000, 0.000000000000000000, 0.000000000000000000 ) ) ;
#458 = FACE_OUTER_BOUND ( 'NONE', #1673, .T. ) ;
#459 = DIRECTION ( 'NONE',  ( 0.000000000000000000, 0.000000000000000000, 1.000000000000000000 ) ) ;
#460 = VECTOR ( 'NONE', #2701, 1000.000000000000000 ) ;
#461 = ORIENTED_EDGE ( 'NONE', *, *, #4774, .F. ) ;
#462 = CIRCLE ( 'NONE', #1458, 0.02499999900658995966 ) ;
#463 = CIRCLE ( 'NONE', #569, 0.1249999950329999943 ) ;
#464 = EDGE_LOOP ( 'NONE', ( #5176, #2273, #2336, #4693 ) ) ;
#465 = CARTESIAN_POINT ( 'NONE',  ( -0.3699999852979999893, -0.1399999944370000082, 0.1000000079469999942 ) ) ;
#466 = FACE_OUTER_BOUND ( 'NONE', #5313, .T. ) ;
#467 = CARTESIAN_POINT ( 'NONE',  ( -0.09499999622504000374, 0.4499999821190000526, 0.3499999980130000243 ) ) ;
#468 = EDGE_LOOP ( 'NONE', ( #1774, #3032, #1982, #4998 ) ) ;
#469 = FACE_OUTER_BOUND ( 'NONE', #576, .T. ) ;
#470 = MECHANICAL_DESIGN_GEOMETRIC_PRESENTATION_REPRESENTATION (  '', ( #5809 ), #1660 ) ;
#471 = EDGE_LOOP ( 'NONE', ( #5468, #3978, #4470, #4734 ) ) ;
#472 = CARTESIAN_POINT ( 'NONE',  ( 0.1199999952320000007, 0.2999999880790000240, 0.4499999940400000176 ) ) ;
#473 = DIRECTION ( 'NONE',  ( -1.000000000000000000, 0.000000000000000000, 0.000000000000000000 ) ) ;
#474 = FACE_OUTER_BOUND ( 'NONE', #409, .T. ) ;
#475 = CARTESIAN_POINT ( 'NONE',  ( 0.05999999761580999957, 0.4499999821190000526, 0.4499999940400000176 ) ) ;
#476 = DIRECTION ( 'NONE',  ( 0.000000000000000000, -1.000000000000000000, 0.000000000000000000 ) ) ;
#477 = VERTEX_POINT ( 'NONE', #5088 ) ;
#478 = ORIENTED_EDGE ( 'NONE', *, *, #5288, .F. ) ;
#479 = EDGE_CURVE ( 'NONE', #452, #5799, #4354, .T. ) ;
#480 = EDGE_LOOP ( 'NONE', ( #3753, #2800, #3494, #4194, #2629, #3326 ) ) ;
#481 = UNCERTAINTY_MEASURE_WITH_UNIT (LENGTH_MEASURE( 1.000000000000000082E-05 ), #1727, 'distance_accuracy_value', 'NONE');
#482 = PRESENTATION_LAYER_ASSIGNMENT (  '', '', ( #2776 ) ) ;
#483 = EDGE_CURVE ( 'NONE', #1905, #3442, #2277, .T. ) ;
#484 = ORIENTED_EDGE ( 'NONE', *, *, #5929, .F. ) ;
#485 = DIRECTION ( 'NONE',  ( 0.000000000000000000, 0.000000000000000000, 1.000000000000000000 ) ) ;
#486 = AXIS2_PLACEMENT_3D ( 'NONE', #2205, #1275, #4105 ) ;
#488 = VERTEX_POINT ( 'NONE', #3659 ) ;
#487 = CYLINDRICAL_SURFACE ( 'NONE', #5660, 0.02499999900658999782 ) ;
#489 = VECTOR ( 'NONE', #272, 1000.000000000000000 ) ;
#490 = MANIFOLD_SOLID_BREP ( '输入16', #1160 ) ;
#491 = CARTESIAN_POINT ( 'NONE',  ( -0.5999999761580000479, 0.4999999801319999770, 0.5999999880789999018 ) ) ;
#492 = ORIENTED_EDGE ( 'NONE', *, *, #969, .F. ) ;
#493 =( NAMED_UNIT ( * ) SI_UNIT ( $, .STERADIAN. ) SOLID_ANGLE_UNIT ( ) );
#494 = DIRECTION ( 'NONE',  ( 0.000000000000000000, -1.000000000000000000, 0.000000000000000000 ) ) ;
#495 = DIRECTION ( 'NONE',  ( 0.000000000000000000, 0.000000000000000000, 1.000000000000000000 ) ) ;
#496 = EDGE_CURVE ( 'NONE', #543, #4419, #3168, .T. ) ;
#497 = ORIENTED_EDGE ( 'NONE', *, *, #329, .T. ) ;
#498 = ORIENTED_EDGE ( 'NONE', *, *, #6067, .F. ) ;
#499 = CARTESIAN_POINT ( 'NONE',  ( -0.1199999952320000007, -0.4749999811250000259, 0.4499999940400000176 ) ) ;
#500 = CARTESIAN_POINT ( 'NONE',  ( -0.1449999942380000295, 0.4499999821190000526, 0.3499999980130000243 ) ) ;
#501 = CARTESIAN_POINT ( 'NONE',  ( 0.6019999760789999099, -0.3999999841049999838, 0.4499999940400000176 ) ) ;
#502 = DIRECTION ( 'NONE',  ( 0.000000000000000000, 0.000000000000000000, 1.000000000000000000 ) ) ;
#503 = EDGE_LOOP ( 'NONE', ( #5252, #5148, #4193, #1065 ) ) ;
#504 = DIRECTION ( 'NONE',  ( -1.000000000000000000, 0.000000000000000000, 0.000000000000000000 ) ) ;
#505 = ORIENTED_EDGE ( 'NONE', *, *, #5229, .F. ) ;
#506 = ORIENTED_EDGE ( 'NONE', *, *, #5655, .F. ) ;
#507 = CARTESIAN_POINT ( 'NONE',  ( 0.05999999761580999957, -0.2999999880790000240, 0.2000000039739999735 ) ) ;
#508 =( LENGTH_UNIT ( ) NAMED_UNIT ( * ) SI_UNIT ( .MILLI., .METRE. ) );
#509 = DIRECTION ( 'NONE',  ( 0.000000000000000000, -1.000000000000000000, 0.000000000000000000 ) ) ;
#510 = ORIENTED_EDGE ( 'NONE', *, *, #5963, .T. ) ;
#511 = MANIFOLD_SOLID_BREP ( '输入13', #4136 ) ;
#512 = VERTEX_POINT ( 'NONE', #4689 ) ;
#513 = VERTEX_POINT ( 'NONE', #5274 ) ;
#514 = CARTESIAN_POINT ( 'NONE',  ( 0.2549999898670000098, -0.2549999898670000098, 0.1000000079469999942 ) ) ;
#515 = EDGE_CURVE ( 'NONE', #6120, #1714, #2850, .T. ) ;
#516 =( LENGTH_UNIT ( ) NAMED_UNIT ( * ) SI_UNIT ( .MILLI., .METRE. ) );
#518 = ORIENTED_EDGE ( 'NONE', *, *, #2784, .T. ) ;
#517 = CARTESIAN_POINT ( 'NONE',  ( -0.1199999952320000007, 0.4499999821190000526, 0.4499999940400000176 ) ) ;
#519 = EDGE_CURVE ( 'NONE', #2394, #1367, #2887, .T. ) ;
#520 = ADVANCED_FACE ( 'NONE', ( #2442 ), #1935, .T. ) ;
#521 = DIRECTION ( 'NONE',  ( -1.000000000000000000, 0.000000000000000000, 0.000000000000000000 ) ) ;
#522 = VERTEX_POINT ( 'NONE', #4269 ) ;
#523 = CARTESIAN_POINT ( 'NONE',  ( 0.1799999928469999955, 0.2999999880790000240, 0.5749999890720000062 ) ) ;
#524 = FACE_OUTER_BOUND ( 'NONE', #209, .T. ) ;
#525 = CYLINDRICAL_SURFACE ( 'NONE', #1989, 0.02499999900658995966 ) ;
#526 = CIRCLE ( 'NONE', #3701, 0.1249999950329999943 ) ;
#527 = ORIENTED_EDGE ( 'NONE', *, *, #3414, .T. ) ;
#528 = ORIENTED_EDGE ( 'NONE', *, *, #3259, .F. ) ;
#529 = CARTESIAN_POINT ( 'NONE',  ( 0.05999999761580999957, 0.2999999880790000240, 0.2000000039739999735 ) ) ;
#530 = DIRECTION ( 'NONE',  ( 0.000000000000000000, -3.614007241618000193E-16, -1.000000000000000000 ) ) ;
#531 = COLOUR_RGB ( '',0.5019607843137254832, 0.5019607843137254832, 0.5019607843137254832 ) ;
#532 = DIRECTION ( 'NONE',  ( 0.000000000000000000, -1.000000000000000000, 0.000000000000000000 ) ) ;
#533 = EDGE_LOOP ( 'NONE', ( #5634, #5300, #5205, #1554 ) ) ;
#534 = AXIS2_PLACEMENT_3D ( 'NONE', #3579, #4045, #3204 ) ;
#535 = ORIENTED_EDGE ( 'NONE', *, *, #2464, .F. ) ;
#536 = EDGE_CURVE ( 'NONE', #5799, #452, #6096, .T. ) ;
#537 =( NAMED_UNIT ( * ) SI_UNIT ( $, .STERADIAN. ) SOLID_ANGLE_UNIT ( ) );
#538 = CARTESIAN_POINT ( 'NONE',  ( 0.000000000000000000, -0.1399999944370000082, 0.1000000079469999942 ) ) ;
#539 = CARTESIAN_POINT ( 'NONE',  ( -0.5999999761580000479, -0.1399999944370000082, 1.192092846658000078E-08 ) ) ;
#540 = DIRECTION ( 'NONE',  ( 0.000000000000000000, 0.000000000000000000, 1.000000000000000000 ) ) ;
#541 = ORIENTED_EDGE ( 'NONE', *, *, #3586, .F. ) ;
#542 =( GEOMETRIC_REPRESENTATION_CONTEXT ( 3 ) GLOBAL_UNCERTAINTY_ASSIGNED_CONTEXT ( ( #3410 ) ) GLOBAL_UNIT_ASSIGNED_CONTEXT ( ( #4948, #3624, #3199 ) ) REPRESENTATION_CONTEXT ( 'NONE', 'WORKASPACE' ) );
#543 = VERTEX_POINT ( 'NONE', #3880 ) ;
#544 = CARTESIAN_POINT ( 'NONE',  ( 0.6019999760789999099, -0.2999999880790000240, 0.2500000019869999535 ) ) ;
#545 = FILL_AREA_STYLE_COLOUR ( '', #548 ) ;
#546 = VERTEX_POINT ( 'NONE', #4233 ) ;
#547 = AXIS2_PLACEMENT_3D ( 'NONE', #3588, #1305, #3210 ) ;
#548 = COLOUR_RGB ( '',0.5019607843137254832, 0.5019607843137254832, 0.5019607843137254832 ) ;
#549 = DIRECTION ( 'NONE',  ( -1.000000000000000000, 0.000000000000000000, 0.000000000000000000 ) ) ;
#550 = CARTESIAN_POINT ( 'NONE',  ( -0.1799999928469999955, 0.4499999821190000526, 0.3499999980130000243 ) ) ;
#551 = DIRECTION ( 'NONE',  ( 0.000000000000000000, 0.000000000000000000, 1.000000000000000000 ) ) ;
#552 = VECTOR ( 'NONE', #3000, 1000.000000000000000 ) ;
#553 = ADVANCED_FACE ( 'NONE', ( #1532 ), #775, .T. ) ;
#554 = VECTOR ( 'NONE', #263, 1000.000000000000000 ) ;
#555 = EDGE_CURVE ( 'NONE', #5720, #2456, #4245, .T. ) ;
#556 = ORIENTED_EDGE ( 'NONE', *, *, #4329, .T. ) ;
#557 = FACE_OUTER_BOUND ( 'NONE', #1688, .T. ) ;
#558 = PLANE ( 'NONE',  #5034 ) ;
#559 = MANIFOLD_SOLID_BREP ( '输入12', #3646 ) ;
#560 = VECTOR ( 'NONE', #2377, 1000.000000000000000 ) ;
#561 = LINE ( 'NONE', #336, #2568 ) ;
#562 = CARTESIAN_POINT ( 'NONE',  ( 0.05999999761580999957, -0.4249999831119999905, 0.4499999940400000176 ) ) ;
#563 = VERTEX_POINT ( 'NONE', #3013 ) ;
#564 = DIRECTION ( 'NONE',  ( -1.000000000000000000, 0.000000000000000000, 0.000000000000000000 ) ) ;
#565 = EDGE_LOOP ( 'NONE', ( #2035, #2431, #965, #350 ) ) ;
#566 = VECTOR ( 'NONE', #5266, 1000.000000000000000 ) ;
#567 = ADVANCED_FACE ( 'NONE', ( #661 ), #5177, .T. ) ;
#568 = TOROIDAL_SURFACE ( 'NONE', #955, 0.1499999940400000287, 0.02499999900658999782 ) ;
#569 = AXIS2_PLACEMENT_3D ( 'NONE', #4934, #2604, #217 ) ;
#570 = ORIENTED_EDGE ( 'NONE', *, *, #2001, .T. ) ;
#571 = CARTESIAN_POINT ( 'NONE',  ( 0.1199999952320000007, -0.4499999821190000526, 0.4499999940400000176 ) ) ;
#572 = STYLED_ITEM ( 'NONE', ( #1229 ), #401 ) ;
#573 = DIRECTION ( 'NONE',  ( 1.000000000000000000, 8.213652821859998425E-17, 0.000000000000000000 ) ) ;
#574 = AXIS2_PLACEMENT_3D ( 'NONE', #3029, #2970, #151 ) ;
#575 = DIRECTION ( 'NONE',  ( -1.000000000000000000, 0.000000000000000000, 0.000000000000000000 ) ) ;
#576 = EDGE_LOOP ( 'NONE', ( #3885, #3795, #434, #2312, #1368 ) ) ;
#577 = ORIENTED_EDGE ( 'NONE', *, *, #969, .T. ) ;
#578 = VERTEX_POINT ( 'NONE', #253 ) ;
#579 = EDGE_CURVE ( 'NONE', #3908, #2955, #602, .T. ) ;
#580 = DIRECTION ( 'NONE',  ( 0.000000000000000000, 0.000000000000000000, 1.000000000000000000 ) ) ;
#581 = FACE_OUTER_BOUND ( 'NONE', #230, .T. ) ;
#582 = CIRCLE ( 'NONE', #3566, 0.09999999602635999130 ) ;
#584 = ORIENTED_EDGE ( 'NONE', *, *, #1276, .F. ) ;
#583 = CARTESIAN_POINT ( 'NONE',  ( -0.5999999761580000479, -0.4999999801319999770, 1.192092846658000078E-08 ) ) ;
#585 = MECHANICAL_DESIGN_GEOMETRIC_PRESENTATION_REPRESENTATION (  '', ( #4746 ), #2081 ) ;
#586 = CARTESIAN_POINT ( 'NONE',  ( -0.5999999761580000479, 0.1399999944370000082, 0.1000000079469999942 ) ) ;
#587 = CARTESIAN_POINT ( 'NONE',  ( 0.03499999860922000522, 0.4499999821190000526, 0.3499999980130000243 ) ) ;
#588 = DIRECTION ( 'NONE',  ( 0.000000000000000000, 0.000000000000000000, 1.000000000000000000 ) ) ;
#589 = CARTESIAN_POINT ( 'NONE',  ( -0.05999999761580999957, 0.2999999880790000240, 0.3499999980130000243 ) ) ;
#590 = AXIS2_PLACEMENT_3D ( 'NONE', #4415, #4804, #3515 ) ;
#591 = ORIENTED_EDGE ( 'NONE', *, *, #2731, .F. ) ;
#592 = CIRCLE ( 'NONE', #6116, 0.02499999900659001170 ) ;
#593 = CARTESIAN_POINT ( 'NONE',  ( 0.1799999928469999955, -0.2999999880790000240, 0.3499999980130000243 ) ) ;
#594 = EDGE_CURVE ( 'NONE', #5065, #2674, #2577, .T. ) ;
#595 = MANIFOLD_SOLID_BREP ( '输入24', #2248 ) ;
#596 = SURFACE_STYLE_FILL_AREA ( #5391 ) ;
#597 = FILL_AREA_STYLE ('',( #654 ) ) ;
#598 = ORIENTED_EDGE ( 'NONE', *, *, #3317, .F. ) ;
#599 = CARTESIAN_POINT ( 'NONE',  ( -0.2699999892709999960, 0.4999999801319999770, 1.192092846658000078E-08 ) ) ;
#600 = EDGE_LOOP ( 'NONE', ( #2023, #96, #2387, #1189 ) ) ;
#601 = AXIS2_PLACEMENT_3D ( 'NONE', #2815, #1256, #3161 ) ;
#602 = LINE ( 'NONE', #4939, #4634 ) ;
#603 = EDGE_CURVE ( 'NONE', #2907, #2647, #779, .T. ) ;
#604 = CARTESIAN_POINT ( 'NONE',  ( -0.05999999761580999957, 0.2999999880790000240, 0.4499999940400000176 ) ) ;
#605 = DIRECTION ( 'NONE',  ( 0.000000000000000000, 1.000000000000000000, 0.000000000000000000 ) ) ;
#606 = CARTESIAN_POINT ( 'NONE',  ( 0.000000000000000000, 0.4749999811250000259, 0.4499999940400000176 ) ) ;
#607 = DIRECTION ( 'NONE',  ( 0.000000000000000000, 1.000000000000000000, 0.000000000000000000 ) ) ;
#608 = ORIENTED_EDGE ( 'NONE', *, *, #2553, .F. ) ;
#609 = ORIENTED_EDGE ( 'NONE', *, *, #1512, .T. ) ;
#610 = DIRECTION ( 'NONE',  ( 1.000000000000000000, -8.213652821859998425E-17, 0.000000000000000000 ) ) ;
#611 = DIRECTION ( 'NONE',  ( 0.000000000000000000, 1.000000000000000000, 0.000000000000000000 ) ) ;
#612 = CARTESIAN_POINT ( 'NONE',  ( 0.5999999761580000479, -0.4999999801319999770, 1.192092846658000078E-08 ) ) ;
#613 = ORIENTED_EDGE ( 'NONE', *, *, #5438, .T. ) ;
#614 = MANIFOLD_SOLID_BREP ( '输入20', #4538 ) ;
#615 = CARTESIAN_POINT ( 'NONE',  ( 0.000000000000000000, 0.4499999821190000526, 0.3499999980130000243 ) ) ;
#616 = DIRECTION ( 'NONE',  ( 0.000000000000000000, 0.000000000000000000, 1.000000000000000000 ) ) ;
#617 = DIRECTION ( 'NONE',  ( 0.000000000000000000, 0.000000000000000000, 1.000000000000000000 ) ) ;
#618 = LINE ( 'NONE', #4358, #694 ) ;
#619 = EDGE_LOOP ( 'NONE', ( #1531, #2186, #4944, #1376 ) ) ;
#620 = ORIENTED_EDGE ( 'NONE', *, *, #4552, .T. ) ;
#621 = CARTESIAN_POINT ( 'NONE',  ( -0.1199999952320000007, -0.4499999821190000526, 0.4499999940400000176 ) ) ;
#622 = MANIFOLD_SOLID_BREP ( '输入17', #953 ) ;
#623 = DIRECTION ( 'NONE',  ( 0.000000000000000000, 0.000000000000000000, -1.000000000000000000 ) ) ;
#624 = ORIENTED_EDGE ( 'NONE', *, *, #5462, .F. ) ;
#625 = DIRECTION ( 'NONE',  ( -3.252606517456999931E-16, 0.000000000000000000, -1.000000000000000000 ) ) ;
#626 = MECHANICAL_DESIGN_GEOMETRIC_PRESENTATION_REPRESENTATION (  '', ( #3920 ), #2628 ) ;
#627 = VERTEX_POINT ( 'NONE', #5914 ) ;
#628 = EDGE_CURVE ( 'NONE', #4244, #1498, #2294, .T. ) ;
#629 = ORIENTED_EDGE ( 'NONE', *, *, #3505, .T. ) ;
#630 = AXIS2_PLACEMENT_3D ( 'NONE', #4366, #92, #1398 ) ;
#631 = LINE ( 'NONE', #2073, #3740 ) ;
#632 = VERTEX_POINT ( 'NONE', #4593 ) ;
#633 = EDGE_CURVE ( 'NONE', #3972, #2793, #5560, .T. ) ;
#634 = EDGE_CURVE ( 'NONE', #2303, #546, #1306, .T. ) ;
#635 = DIRECTION ( 'NONE',  ( 0.000000000000000000, -3.614007241618000193E-16, -1.000000000000000000 ) ) ;
#636 = CIRCLE ( 'NONE', #3718, 0.02499999900659001170 ) ;
#637 = CARTESIAN_POINT ( 'NONE',  ( -0.2699999892709999960, -0.4999999801319999770, 1.192092846658000078E-08 ) ) ;
#639 = ORIENTED_EDGE ( 'NONE', *, *, #4809, .T. ) ;
#638 = LINE ( 'NONE', #3535, #5180 ) ;
#640 = VERTEX_POINT ( 'NONE', #2239 ) ;
#641 = EDGE_LOOP ( 'NONE', ( #5935, #2846, #2301, #1289, #1444 ) ) ;
#642 = CIRCLE ( 'NONE', #6061, 0.02499999900659001170 ) ;
#643 = EDGE_CURVE ( 'NONE', #774, #5273, #6006, .T. ) ;
#644 = FILL_AREA_STYLE ('',( #5353 ) ) ;
#645 = DIRECTION ( 'NONE',  ( 1.000000000000000000, 0.000000000000000000, 0.000000000000000000 ) ) ;
#646 = CIRCLE ( 'NONE', #5093, 0.02499999900659001170 ) ;
#647 = CARTESIAN_POINT ( 'NONE',  ( -0.1799999928469999955, 0.000000000000000000, 0.2000000039739999735 ) ) ;
#648 = LINE ( 'NONE', #1143, #236 ) ;
#649 = DIRECTION ( 'NONE',  ( -1.000000000000000000, 0.000000000000000000, 0.000000000000000000 ) ) ;
#650 = EDGE_CURVE ( 'NONE', #2875, #4247, #4996, .T. ) ;
#651 = STYLED_ITEM ( 'NONE', ( #2594 ), #3526 ) ;
#652 = DIRECTION ( 'NONE',  ( -1.000000000000000000, 0.000000000000000000, 0.000000000000000000 ) ) ;
#653 = DIRECTION ( 'NONE',  ( 0.000000000000000000, -1.000000000000000000, 0.000000000000000000 ) ) ;
#654 = FILL_AREA_STYLE_COLOUR ( '', #4982 ) ;
#655 = ORIENTED_EDGE ( 'NONE', *, *, #5513, .F. ) ;
#656 = CARTESIAN_POINT ( 'NONE',  ( 0.000000000000000000, 0.4499999821190000526, 0.4499999940400000176 ) ) ;
#657 = CIRCLE ( 'NONE', #2454, 0.02499999900659001170 ) ;
#658 = EDGE_LOOP ( 'NONE', ( #5278, #3873, #5743, #1941 ) ) ;
#659 = AXIS2_PLACEMENT_3D ( 'NONE', #5903, #306, #1667 ) ;
#660 = VECTOR ( 'NONE', #1742, 1000.000000000000000 ) ;
#661 = FACE_OUTER_BOUND ( 'NONE', #998, .T. ) ;
#662 = FACE_OUTER_BOUND ( 'NONE', #5409, .T. ) ;
#663 = DIRECTION ( 'NONE',  ( -1.000000000000000000, 0.000000000000000000, 0.000000000000000000 ) ) ;
#664 = LINE ( 'NONE', #227, #1345 ) ;
#665 = VERTEX_POINT ( 'NONE', #5453 ) ;
#666 = ORIENTED_EDGE ( 'NONE', *, *, #2404, .F. ) ;
#667 = MECHANICAL_DESIGN_GEOMETRIC_PRESENTATION_REPRESENTATION (  '', ( #4449 ), #5216 ) ;
#668 = AXIS2_PLACEMENT_3D ( 'NONE', #2042, #635, #670 ) ;
#669 = VERTEX_POINT ( 'NONE', #5538 ) ;
#670 = DIRECTION ( 'NONE',  ( 0.000000000000000000, 1.000000000000000000, 0.000000000000000000 ) ) ;
#671 = AXIS2_PLACEMENT_3D ( 'NONE', #5386, #3390, #2426 ) ;
#672 = LINE ( 'NONE', #4435, #554 ) ;
#673 = EDGE_CURVE ( 'NONE', #2991, #2009, #184, .T. ) ;
#674 = EDGE_CURVE ( 'NONE', #2884, #1725, #582, .T. ) ;
#675 = CYLINDRICAL_SURFACE ( 'NONE', #2737, 0.02499999900659001170 ) ;
#676 = UNCERTAINTY_MEASURE_WITH_UNIT (LENGTH_MEASURE( 1.000000000000000082E-05 ), #1572, 'distance_accuracy_value', 'NONE');
#677 = EDGE_LOOP ( 'NONE', ( #5627, #3810, #2430, #3818, #2138 ) ) ;
#678 = DIRECTION ( 'NONE',  ( 0.000000000000000000, 0.000000000000000000, -1.000000000000000000 ) ) ;
#679 = AXIS2_PLACEMENT_3D ( 'NONE', #25, #428, #2434 ) ;
#680 = DIRECTION ( 'NONE',  ( 0.000000000000000000, 0.000000000000000000, -1.000000000000000000 ) ) ;
#681 = DIRECTION ( 'NONE',  ( 0.000000000000000000, 0.000000000000000000, 1.000000000000000000 ) ) ;
#682 = ORIENTED_EDGE ( 'NONE', *, *, #2710, .T. ) ;
#683 = EDGE_CURVE ( 'NONE', #5527, #578, #2584, .T. ) ;
#684 = LINE ( 'NONE', #1211, #4930 ) ;
#685 = ADVANCED_FACE ( 'NONE', ( #5111 ), #283, .T. ) ;
#686 = DIRECTION ( 'NONE',  ( 0.000000000000000000, 0.000000000000000000, 1.000000000000000000 ) ) ;
#687 = CARTESIAN_POINT ( 'NONE',  ( 0.5999999761580000479, 0.4999999801319999770, 0.1000000079469999942 ) ) ;
#688 = CIRCLE ( 'NONE', #4153, 0.02499999900659001170 ) ;
#689 = CARTESIAN_POINT ( 'NONE',  ( 0.05999999761580999957, -0.2999999880790000240, 0.2000000039739999735 ) ) ;
#690 = VECTOR ( 'NONE', #770, 1000.000000000000000 ) ;
#691 = DIRECTION ( 'NONE',  ( 0.000000000000000000, 0.000000000000000000, -1.000000000000000000 ) ) ;
#692 = ADVANCED_FACE ( 'NONE', ( #864 ), #4087, .T. ) ;
#693 = DIRECTION ( 'NONE',  ( 0.7071067811865475727, 0.7071067811865475727, -2.299940125023528105E-16 ) ) ;
#694 = VECTOR ( 'NONE', #1613, 1000.000000000000000 ) ;
#695 = LINE ( 'NONE', #1129, #58 ) ;
#696 = SURFACE_STYLE_FILL_AREA ( #1603 ) ;
#697 = AXIS2_PLACEMENT_3D ( 'NONE', #4739, #1789, #388 ) ;
#698 = AXIS2_PLACEMENT_3D ( 'NONE', #5204, #5651, #1494 ) ;
#699 = ORIENTED_EDGE ( 'NONE', *, *, #1402, .F. ) ;
#700 = DIRECTION ( 'NONE',  ( 0.000000000000000000, 0.000000000000000000, -1.000000000000000000 ) ) ;
#701 = CARTESIAN_POINT ( 'NONE',  ( -0.05999999761580999957, -0.2999999880790000240, 0.2000000039739999735 ) ) ;
#703 = VERTEX_POINT ( 'NONE', #1360 ) ;
#702 = CARTESIAN_POINT ( 'NONE',  ( 0.1799999928469999955, 0.2999999880790000240, 0.5749999890720000062 ) ) ;
#704 = VERTEX_POINT ( 'NONE', #56 ) ;
#705 = ADVANCED_FACE ( 'NONE', ( #4781 ), #3662, .T. ) ;
#706 = CARTESIAN_POINT ( 'NONE',  ( -0.5999999761580000479, 0.4999999801319999770, 1.192092846658000078E-08 ) ) ;
#707 = CARTESIAN_POINT ( 'NONE',  ( -0.05999999761580999957, -0.4749999811250000259, 0.4499999940400000176 ) ) ;
#708 = CARTESIAN_POINT ( 'NONE',  ( -0.5999999761580000479, 0.4999999801319999770, 0.7999999801320000214 ) ) ;
#709 = FILL_AREA_STYLE_COLOUR ( '', #3220 ) ;
#710 = LINE ( 'NONE', #242, #2698 ) ;
#711 = EDGE_CURVE ( 'NONE', #5317, #1479, #4250, .T. ) ;
#712 = ADVANCED_FACE ( 'NONE', ( #4362 ), #1425, .F. ) ;
#713 = CARTESIAN_POINT ( 'NONE',  ( -0.05999999761580999957, 0.2999999880790000240, 0.6249999870859999085 ) ) ;
#714 = CARTESIAN_POINT ( 'NONE',  ( -0.2699999892709999960, -0.4999999801319999770, 0.1000000079469999942 ) ) ;
#715 = CYLINDRICAL_SURFACE ( 'NONE', #4104, 0.02499999900659001170 ) ;
#716 = EDGE_LOOP ( 'NONE', ( #3049, #5730, #5184, #2916 ) ) ;
#717 = ORIENTED_EDGE ( 'NONE', *, *, #5750, .T. ) ;
#718 = ADVANCED_FACE ( 'NONE', ( #3397 ), #6123, .T. ) ;
#719 = DIRECTION ( 'NONE',  ( 0.000000000000000000, -3.614007241618000193E-16, -1.000000000000000000 ) ) ;
#720 = DIRECTION ( 'NONE',  ( 0.000000000000000000, -1.000000000000000000, 0.000000000000000000 ) ) ;
#721 = AXIS2_PLACEMENT_3D ( 'NONE', #4878, #1098, #4849 ) ;
#722 = LINE ( 'NONE', #4088, #1647 ) ;
#723 = DIRECTION ( 'NONE',  ( -1.000000000000000000, 0.000000000000000000, 0.000000000000000000 ) ) ;
#724 = VERTEX_POINT ( 'NONE', #5721 ) ;
#725 = CARTESIAN_POINT ( 'NONE',  ( 0.05999999761580999957, 0.4499999821190000526, 0.3499999980130000243 ) ) ;
#726 = VECTOR ( 'NONE', #2065, 1000.000000000000000 ) ;
#727 = EDGE_CURVE ( 'NONE', #5887, #767, #3076, .T. ) ;
#728 = DIRECTION ( 'NONE',  ( 0.000000000000000000, 0.000000000000000000, 1.000000000000000000 ) ) ;
#729 = DIRECTION ( 'NONE',  ( 0.000000000000000000, -1.000000000000000000, 0.000000000000000000 ) ) ;
#731 = VERTEX_POINT ( 'NONE', #5267 ) ;
#730 = CARTESIAN_POINT ( 'NONE',  ( 0.05999999761580999957, 0.4499999821190000526, 0.4499999940400000176 ) ) ;
#732 = EDGE_LOOP ( 'NONE', ( #323, #199, #2066, #1112, #5358 ) ) ;
#733 = ORIENTED_EDGE ( 'NONE', *, *, #3837, .T. ) ;
#734 = ORIENTED_EDGE ( 'NONE', *, *, #4842, .T. ) ;
#735 = CIRCLE ( 'NONE', #5656, 0.1249999950329999943 ) ;
#736 = EDGE_LOOP ( 'NONE', ( #5752, #2112, #6, #970, #373 ) ) ;
#737 = CARTESIAN_POINT ( 'NONE',  ( -0.1199999952320000007, 0.4499999821190000526, 0.4499999940400000176 ) ) ;
#738 = DIRECTION ( 'NONE',  ( -1.000000000000000000, 0.000000000000000000, 0.000000000000000000 ) ) ;
#739 = LINE ( 'NONE', #5014, #1459 ) ;
#740 = LINE ( 'NONE', #5553, #2219 ) ;
#741 = DIRECTION ( 'NONE',  ( 0.000000000000000000, 0.000000000000000000, 1.000000000000000000 ) ) ;
#742 = ORIENTED_EDGE ( 'NONE', *, *, #3307, .T. ) ;
#743 = CIRCLE ( 'NONE', #2833, 0.1249999950329999943 ) ;
#744 = DIRECTION ( 'NONE',  ( 0.000000000000000000, -1.000000000000000000, 0.000000000000000000 ) ) ;
#745 =( NAMED_UNIT ( * ) SI_UNIT ( $, .STERADIAN. ) SOLID_ANGLE_UNIT ( ) );
#746 = LINE ( 'NONE', #6000, #2126 ) ;
#747 = LINE ( 'NONE', #3209, #5757 ) ;
#748 = EDGE_CURVE ( 'NONE', #4228, #5265, #1361, .T. ) ;
#749 = ADVANCED_FACE ( 'NONE', ( #5239 ), #558, .F. ) ;
#750 = TOROIDAL_SURFACE ( 'NONE', #1829, 0.1499999940400000287, 0.02499999900658999782 ) ;
#751 = DIRECTION ( 'NONE',  ( -1.000000000000000000, 0.000000000000000000, 0.000000000000000000 ) ) ;
#752 = CARTESIAN_POINT ( 'NONE',  ( 0.1799999928469999955, -0.2999999880790000240, 0.2000000039739999735 ) ) ;
#753 = VECTOR ( 'NONE', #6108, 1000.000000000000000 ) ;
#754 = DIRECTION ( 'NONE',  ( -1.000000000000000000, 0.000000000000000000, 0.000000000000000000 ) ) ;
#755 =( NAMED_UNIT ( * ) SI_UNIT ( $, .STERADIAN. ) SOLID_ANGLE_UNIT ( ) );
#756 = ORIENTED_EDGE ( 'NONE', *, *, #2512, .F. ) ;
#757 = CARTESIAN_POINT ( 'NONE',  ( -0.1199999952320000007, -0.4249999831119999905, 0.4499999940400000176 ) ) ;
#758 = AXIS2_PLACEMENT_3D ( 'NONE', #3343, #441, #3407 ) ;
#759 = TOROIDAL_SURFACE ( 'NONE', #845, 0.1499999940400000287, 0.02499999900658999782 ) ;
#760 = DIRECTION ( 'NONE',  ( 0.000000000000000000, 0.000000000000000000, -1.000000000000000000 ) ) ;
#761 = CARTESIAN_POINT ( 'NONE',  ( 0.5999999761580000479, 0.1399999944370000082, 0.2000000039739999735 ) ) ;
#762 = AXIS2_PLACEMENT_3D ( 'NONE', #5653, #3801, #2373 ) ;
#763 = VECTOR ( 'NONE', #2158, 1000.000000000000000 ) ;
#764 = EDGE_CURVE ( 'NONE', #2214, #1830, #892, .T. ) ;
#765 = SURFACE_STYLE_USAGE ( .BOTH. , #5487 ) ;
#766 = VECTOR ( 'NONE', #3497, 1000.000000000000000 ) ;
#767 = VERTEX_POINT ( 'NONE', #500 ) ;
#768 = DIRECTION ( 'NONE',  ( 0.000000000000000000, -1.000000000000000000, 0.000000000000000000 ) ) ;
#769 = DIRECTION ( 'NONE',  ( 0.000000000000000000, 1.000000000000000000, 0.000000000000000000 ) ) ;
#770 = DIRECTION ( 'NONE',  ( 0.000000000000000000, 0.000000000000000000, 1.000000000000000000 ) ) ;
#771 = ORIENTED_EDGE ( 'NONE', *, *, #1110, .F. ) ;
#772 = DIRECTION ( 'NONE',  ( -4.336808689942000480E-16, 1.000000000000000000, 0.000000000000000000 ) ) ;
#773 = CARTESIAN_POINT ( 'NONE',  ( 0.5999999761580000479, -0.4999999801319999770, 0.1000000079469999942 ) ) ;
#774 = VERTEX_POINT ( 'NONE', #2813 ) ;
#775 = TOROIDAL_SURFACE ( 'NONE', #1968, 0.1499999940400000287, 0.02499999900658999782 ) ;
#776 = DIRECTION ( 'NONE',  ( -1.000000000000000000, 0.000000000000000000, 0.000000000000000000 ) ) ;
#777 = DIRECTION ( 'NONE',  ( -1.204669080539000137E-15, 1.000000000000000000, 0.000000000000000000 ) ) ;
#778 = FACE_OUTER_BOUND ( 'NONE', #5607, .T. ) ;
#779 = CIRCLE ( 'NONE', #1080, 0.02499999900659001170 ) ;
#780 = EDGE_LOOP ( 'NONE', ( #29, #1882, #1238, #3911 ) ) ;
#781 = ADVANCED_FACE ( 'NONE', ( #3830 ), #5681, .T. ) ;
#782 = CIRCLE ( 'NONE', #375, 0.02499999900659001170 ) ;
#783 = DIRECTION ( 'NONE',  ( 0.000000000000000000, 1.000000000000000000, 0.000000000000000000 ) ) ;
#784 = DIRECTION ( 'NONE',  ( -1.000000000000000000, 0.000000000000000000, 0.000000000000000000 ) ) ;
#785 = DIRECTION ( 'NONE',  ( 3.252606517456999931E-16, 0.000000000000000000, 1.000000000000000000 ) ) ;
#786 = FACE_OUTER_BOUND ( 'NONE', #4170, .T. ) ;
#787 = ORIENTED_EDGE ( 'NONE', *, *, #1900, .F. ) ;
#788 =( NAMED_UNIT ( * ) PLANE_ANGLE_UNIT ( ) SI_UNIT ( $, .RADIAN. ) );
#789 = PRESENTATION_LAYER_ASSIGNMENT (  '', '', ( #86 ) ) ;
#790 = ADVANCED_FACE ( 'NONE', ( #4679 ), #3301, .T. ) ;
#791 = EDGE_CURVE ( 'NONE', #3369, #5279, #782, .T. ) ;
#792 = SURFACE_STYLE_FILL_AREA ( #5035 ) ;
#793 = PLANE ( 'NONE',  #2347 ) ;
#794 = CARTESIAN_POINT ( 'NONE',  ( 0.2699999892709999960, -0.4999999801319999770, 0.1000000079469999942 ) ) ;
#795 = ORIENTED_EDGE ( 'NONE', *, *, #4769, .T. ) ;
#796 = EDGE_CURVE ( 'NONE', #6093, #3917, #3496, .T. ) ;
#797 = DIRECTION ( 'NONE',  ( 0.000000000000000000, 0.000000000000000000, -1.000000000000000000 ) ) ;
#798 = DIRECTION ( 'NONE',  ( -1.000000000000000000, 0.000000000000000000, 0.000000000000000000 ) ) ;
#799 = CARTESIAN_POINT ( 'NONE',  ( -0.1799999928469999955, 0.2999999880790000240, 0.2250000029800000023 ) ) ;
#800 = CYLINDRICAL_SURFACE ( 'NONE', #4146, 0.02499999900658999782 ) ;
#801 = DIRECTION ( 'NONE',  ( 0.000000000000000000, 1.000000000000000000, 0.000000000000000000 ) ) ;
#802 = EDGE_CURVE ( 'NONE', #1213, #1403, #5517, .T. ) ;
#803 = DIRECTION ( 'NONE',  ( 0.000000000000000000, -1.000000000000000000, 0.000000000000000000 ) ) ;
#804 = DIRECTION ( 'NONE',  ( 0.000000000000000000, 1.000000000000000000, 0.000000000000000000 ) ) ;
#805 = ORIENTED_EDGE ( 'NONE', *, *, #4768, .T. ) ;
#806 = CARTESIAN_POINT ( 'NONE',  ( -0.05999999761580999957, 0.2999999880790000240, 0.4499999940400000176 ) ) ;
#807 = CARTESIAN_POINT ( 'NONE',  ( 0.05999999761580999957, -0.2999999880790000240, 0.3499999980130000243 ) ) ;
#808 =( NAMED_UNIT ( * ) SI_UNIT ( $, .STERADIAN. ) SOLID_ANGLE_UNIT ( ) );
#809 = CARTESIAN_POINT ( 'NONE',  ( 0.2549999898670000098, 0.2549999898670000098, 1.192092846658000078E-08 ) ) ;
#810 = VERTEX_POINT ( 'NONE', #4451 ) ;
#811 = CARTESIAN_POINT ( 'NONE',  ( 0.000000000000000000, 0.2999999880790000240, 0.2000000039739999735 ) ) ;
#812 = DIRECTION ( 'NONE',  ( 0.000000000000000000, 0.000000000000000000, 1.000000000000000000 ) ) ;
#813 = ORIENTED_EDGE ( 'NONE', *, *, #2511, .T. ) ;
#814 = EDGE_CURVE ( 'NONE', #2518, #940, #3064, .T. ) ;
#815 = AXIS2_PLACEMENT_3D ( 'NONE', #5394, #5301, #3499 ) ;
#816 = EDGE_CURVE ( 'NONE', #578, #4237, #2879, .T. ) ;
#817 = FACE_OUTER_BOUND ( 'NONE', #2975, .T. ) ;
#818 = AXIS2_PLACEMENT_3D ( 'NONE', #5450, #4390, #623 ) ;
#819 = DIRECTION ( 'NONE',  ( -1.000000000000000000, 0.000000000000000000, 3.252606517456999931E-16 ) ) ;
#820 = CARTESIAN_POINT ( 'NONE',  ( 0.2699999892709999960, 0.2399999904629999958, 1.192092846658000078E-08 ) ) ;
#821 = FILL_AREA_STYLE ('',( #2202 ) ) ;
#822 = FILL_AREA_STYLE_COLOUR ( '', #5524 ) ;
#823 = EDGE_CURVE ( 'NONE', #6093, #1011, #3763, .T. ) ;
#824 = AXIS2_PLACEMENT_3D ( 'NONE', #3824, #5641, #5161 ) ;
#825 = CARTESIAN_POINT ( 'NONE',  ( 0.1799999928469999955, -0.4499999821190000526, 0.3499999980130000243 ) ) ;
#826 = AXIS2_PLACEMENT_3D ( 'NONE', #517, #4310, #2523 ) ;
#827 = SURFACE_STYLE_USAGE ( .BOTH. , #4505 ) ;
#828 = CARTESIAN_POINT ( 'NONE',  ( -0.1199999952320000007, -0.4499999821190000526, 0.4499999940400000176 ) ) ;
#829 = EDGE_CURVE ( 'NONE', #5317, #1506, #5428, .T. ) ;
#830 = EDGE_LOOP ( 'NONE', ( #4391, #2466, #127, #5877 ) ) ;
#831 = CIRCLE ( 'NONE', #2545, 0.02499999900659001170 ) ;
#832 = DIRECTION ( 'NONE',  ( 0.000000000000000000, 0.000000000000000000, 1.000000000000000000 ) ) ;
#833 = DIRECTION ( 'NONE',  ( 0.000000000000000000, -1.000000000000000000, 0.000000000000000000 ) ) ;
#834 = CARTESIAN_POINT ( 'NONE',  ( 0.5999999761580000479, -0.1399999944370000082, 1.192092857760000037E-08 ) ) ;
#835 = ORIENTED_EDGE ( 'NONE', *, *, #555, .F. ) ;
#836 = CARTESIAN_POINT ( 'NONE',  ( -0.1199999952320000007, 0.2999999880790000240, 0.4499999940400000176 ) ) ;
#837 = AXIS2_PLACEMENT_3D ( 'NONE', #806, #2723, #3188 ) ;
#838 = EDGE_LOOP ( 'NONE', ( #1380, #3403, #1909, #869 ) ) ;
#839 = ORIENTED_EDGE ( 'NONE', *, *, #3429, .F. ) ;
#840 = AXIS2_PLACEMENT_3D ( 'NONE', #4243, #76, #5611 ) ;
#841 = DIRECTION ( 'NONE',  ( 0.000000000000000000, -1.000000000000000000, 0.000000000000000000 ) ) ;
#842 = LINE ( 'NONE', #5486, #5581 ) ;
#843 = DIRECTION ( 'NONE',  ( -1.000000000000000000, 0.000000000000000000, 0.000000000000000000 ) ) ;
#844 = VERTEX_POINT ( 'NONE', #2504 ) ;
#845 = AXIS2_PLACEMENT_3D ( 'NONE', #5213, #5695, #2443 ) ;
#846 = CIRCLE ( 'NONE', #1556, 0.02499999900659001170 ) ;
#847 = CARTESIAN_POINT ( 'NONE',  ( 0.1199999952320000007, -0.2999999880790000240, 0.3499999980130000243 ) ) ;
#848 = EDGE_CURVE ( 'NONE', #2819, #3328, #3479, .T. ) ;
#849 = AXIS2_PLACEMENT_3D ( 'NONE', #103, #203, #3975 ) ;
#850 = CYLINDRICAL_SURFACE ( 'NONE', #4899, 0.02499999900658998742 ) ;
#851 =( GEOMETRIC_REPRESENTATION_CONTEXT ( 3 ) GLOBAL_UNCERTAINTY_ASSIGNED_CONTEXT ( ( #39 ) ) GLOBAL_UNIT_ASSIGNED_CONTEXT ( ( #4597, #788, #1226 ) ) REPRESENTATION_CONTEXT ( 'NONE', 'WORKASPACE' ) );
#852 = COLOUR_RGB ( '',0.9882352941176471006, 0.7372549019607843590, 0.5176470588235293491 ) ;
#853 = AXIS2_PLACEMENT_3D ( 'NONE', #3078, #4945, #5004 ) ;
#854 = CARTESIAN_POINT ( 'NONE',  ( 0.5999999761580000479, -0.4999999801319999770, 1.192092846658000078E-08 ) ) ;
#855 = AXIS2_PLACEMENT_3D ( 'NONE', #3791, #5231, #5640 ) ;
#856 = CARTESIAN_POINT ( 'NONE',  ( -0.1549999938409999944, 0.4499999821190000526, 0.3499999980130000243 ) ) ;
#857 = FACE_OUTER_BOUND ( 'NONE', #2421, .T. ) ;
#858 = DIRECTION ( 'NONE',  ( -1.000000000000000000, 0.000000000000000000, 0.000000000000000000 ) ) ;
#859 = PRESENTATION_LAYER_ASSIGNMENT (  '', '', ( #5809 ) ) ;
#860 = EDGE_LOOP ( 'NONE', ( #1942, #2440, #1405, #2011, #2291 ) ) ;
#861 = ORIENTED_EDGE ( 'NONE', *, *, #633, .T. ) ;
#862 = EDGE_CURVE ( 'NONE', #2448, #284, #1084, .T. ) ;
#863 = CARTESIAN_POINT ( 'NONE',  ( 0.2699999892709999960, 0.3999999841049999838, 0.3499999980130000243 ) ) ;
#864 = FACE_OUTER_BOUND ( 'NONE', #1527, .T. ) ;
#865 = COLOUR_RGB ( '',1.000000000000000000, 1.000000000000000000, 1.000000000000000000 ) ;
#866 = LINE ( 'NONE', #4753, #5684 ) ;
#867 = DIRECTION ( 'NONE',  ( 0.000000000000000000, 1.000000000000000000, 0.000000000000000000 ) ) ;
#868 = VERTEX_POINT ( 'NONE', #3096 ) ;
#869 = ORIENTED_EDGE ( 'NONE', *, *, #5060, .F. ) ;
#870 = AXIS2_PLACEMENT_3D ( 'NONE', #3936, #157, #3968 ) ;
#871 = SURFACE_STYLE_USAGE ( .BOTH. , #2217 ) ;
#872 =( LENGTH_UNIT ( ) NAMED_UNIT ( * ) SI_UNIT ( .MILLI., .METRE. ) );
#873 = CARTESIAN_POINT ( 'NONE',  ( 0.000000000000000000, 0.000000000000000000, 0.1000000079469999942 ) ) ;
#874 = CIRCLE ( 'NONE', #1292, 0.1749999930459999742 ) ;
#875 = STYLED_ITEM ( 'NONE', ( #5696 ), #1615 ) ;
#876 = EDGE_LOOP ( 'NONE', ( #478, #4450, #4295, #4719 ) ) ;
#877 = EDGE_LOOP ( 'NONE', ( #4668, #4297, #4630, #155 ) ) ;
#878 = DIRECTION ( 'NONE',  ( 0.000000000000000000, 1.000000000000000000, 0.000000000000000000 ) ) ;
#879 = FACE_OUTER_BOUND ( 'NONE', #600, .T. ) ;
#880 = AXIS2_PLACEMENT_3D ( 'NONE', #5347, #1624, #867 ) ;
#881 = ADVANCED_FACE ( 'NONE', ( #216 ), #2027, .T. ) ;
#882 = AXIS2_PLACEMENT_3D ( 'NONE', #5299, #60, #5169 ) ;
#883 = CARTESIAN_POINT ( 'NONE',  ( -0.05999999761580999957, -0.4499999821190000526, 0.3499999980130000243 ) ) ;
#884 = DIRECTION ( 'NONE',  ( 0.000000000000000000, -1.000000000000000000, 0.000000000000000000 ) ) ;
#885 = CARTESIAN_POINT ( 'NONE',  ( -0.3699999852979999893, -0.1399999944370000082, 1.192092846658000078E-08 ) ) ;
#886 = CARTESIAN_POINT ( 'NONE',  ( -0.08499999662240000087, 0.4499999821190000526, 0.4499999940400000176 ) ) ;
#887 = EDGE_CURVE ( 'NONE', #2456, #3200, #191, .T. ) ;
#888 = EDGE_CURVE ( 'NONE', #724, #3645, #3992, .T. ) ;
#889 = ORIENTED_EDGE ( 'NONE', *, *, #2925, .F. ) ;
#890 = EDGE_LOOP ( 'NONE', ( #1914, #5303, #2649, #4339 ) ) ;
#891 = DIRECTION ( 'NONE',  ( 0.000000000000000000, 1.000000000000000000, 0.000000000000000000 ) ) ;
#892 = LINE ( 'NONE', #4751, #2369 ) ;
#893 = DIRECTION ( 'NONE',  ( 0.000000000000000000, 0.000000000000000000, 1.000000000000000000 ) ) ;
#894 = DIRECTION ( 'NONE',  ( 0.000000000000000000, -1.000000000000000000, 0.000000000000000000 ) ) ;
#895 = VERTEX_POINT ( 'NONE', #5845 ) ;
#896 = DIRECTION ( 'NONE',  ( -1.000000000000000000, 0.000000000000000000, 0.000000000000000000 ) ) ;
#897 = ORIENTED_EDGE ( 'NONE', *, *, #5928, .F. ) ;
#898 = ORIENTED_EDGE ( 'NONE', *, *, #437, .F. ) ;
#899 = EDGE_CURVE ( 'NONE', #3434, #3304, #4255, .T. ) ;
#900 = VERTEX_POINT ( 'NONE', #4503 ) ;
#901 = FILL_AREA_STYLE_COLOUR ( '', #2476 ) ;
#902 = CARTESIAN_POINT ( 'NONE',  ( 0.000000000000000000, -0.2999999880790000240, 0.4499999940400000176 ) ) ;
#903 = FACE_OUTER_BOUND ( 'NONE', #838, .T. ) ;
#904 = ORIENTED_EDGE ( 'NONE', *, *, #3109, .T. ) ;
#905 = ORIENTED_EDGE ( 'NONE', *, *, #5350, .T. ) ;
#906 = UNCERTAINTY_MEASURE_WITH_UNIT (LENGTH_MEASURE( 1.000000000000000082E-05 ), #5900, 'distance_accuracy_value', 'NONE');
#907 = EDGE_CURVE ( 'NONE', #1725, #212, #1561, .T. ) ;
#908 = ORIENTED_EDGE ( 'NONE', *, *, #3164, .F. ) ;
#909 = APPLICATION_CONTEXT ( 'automotive_design' ) ;
#910 = FILL_AREA_STYLE ('',( #545 ) ) ;
#911 = ORIENTED_EDGE ( 'NONE', *, *, #3896, .T. ) ;
#912 = CIRCLE ( 'NONE', #4184, 0.02499999900659001170 ) ;
#913 = CARTESIAN_POINT ( 'NONE',  ( 0.5999999761580000479, -0.4999999801319999770, 1.192092846658000078E-08 ) ) ;
#914 = CARTESIAN_POINT ( 'NONE',  ( -0.5999999761580000479, 0.1399999944370000082, 1.192092846658000078E-08 ) ) ;
#915 =( GEOMETRIC_REPRESENTATION_CONTEXT ( 3 ) GLOBAL_UNCERTAINTY_ASSIGNED_CONTEXT ( ( #3851 ) ) GLOBAL_UNIT_ASSIGNED_CONTEXT ( ( #3067, #2569, #5023 ) ) REPRESENTATION_CONTEXT ( 'NONE', 'WORKASPACE' ) );
#916 = CARTESIAN_POINT ( 'NONE',  ( -0.1799999928469999955, -0.4749999811250000259, 0.3499999980130000243 ) ) ;
#917 = LINE ( 'NONE', #954, #5698 ) ;
#918 = CARTESIAN_POINT ( 'NONE',  ( 0.5999999761580000479, 0.1399999944370000082, 0.1000000079469999942 ) ) ;
#919 = CARTESIAN_POINT ( 'NONE',  ( 0.000000000000000000, 0.4499999821190000526, 0.3499999980130000243 ) ) ;
#920 = CIRCLE ( 'NONE', #2320, 0.02499999900658995966 ) ;
#921 = ORIENTED_EDGE ( 'NONE', *, *, #4959, .T. ) ;
#922 = ORIENTED_EDGE ( 'NONE', *, *, #3123, .T. ) ;
#923 = AXIS2_PLACEMENT_3D ( 'NONE', #2743, #5047, #4584 ) ;
#924 = CARTESIAN_POINT ( 'NONE',  ( -0.03499999860922000522, 0.4499999821190000526, 0.3499999980130000243 ) ) ;
#925 = DIRECTION ( 'NONE',  ( -0.7071067811865475727, 0.7071067811865475727, 2.299940125023528105E-16 ) ) ;
#926 = EDGE_CURVE ( 'NONE', #2275, #2159, #1583, .T. ) ;
#927 = EDGE_CURVE ( 'NONE', #3225, #3498, #1996, .T. ) ;
#928 = DIRECTION ( 'NONE',  ( 0.7071067811865474617, 0.7071067811865474617, 0.000000000000000000 ) ) ;
#929 = VERTEX_POINT ( 'NONE', #3033 ) ;
#930 = CARTESIAN_POINT ( 'NONE',  ( 0.2699999892709999960, 0.2399999904629999958, 0.1000000079469999942 ) ) ;
#931 = ORIENTED_EDGE ( 'NONE', *, *, #1519, .F. ) ;
#932 = CIRCLE ( 'NONE', #148, 0.02499999900659001170 ) ;
#933 = EDGE_LOOP ( 'NONE', ( #2041, #3192, #1421, #3042 ) ) ;
#934 =( LENGTH_UNIT ( ) NAMED_UNIT ( * ) SI_UNIT ( .MILLI., .METRE. ) );
#935 = CIRCLE ( 'NONE', #4031, 0.02499999900658995966 ) ;
#936 = EDGE_CURVE ( 'NONE', #4779, #3748, #5038, .T. ) ;
#937 = CARTESIAN_POINT ( 'NONE',  ( 0.1199999952320000007, 0.2999999880790000240, 0.5999999880789999018 ) ) ;
#938 = FACE_OUTER_BOUND ( 'NONE', #5646, .T. ) ;
#939 = FACE_OUTER_BOUND ( 'NONE', #658, .T. ) ;
#940 = VERTEX_POINT ( 'NONE', #2976 ) ;
#941 = ORIENTED_EDGE ( 'NONE', *, *, #3116, .F. ) ;
#942 = ORIENTED_EDGE ( 'NONE', *, *, #2080, .T. ) ;
#943 = ORIENTED_EDGE ( 'NONE', *, *, #2156, .F. ) ;
#944 = DIRECTION ( 'NONE',  ( 0.000000000000000000, -1.000000000000000000, 0.000000000000000000 ) ) ;
#945 = ADVANCED_FACE ( 'NONE', ( #4845 ), #3119, .F. ) ;
#947 = VERTEX_POINT ( 'NONE', #1733 ) ;
#946 = CARTESIAN_POINT ( 'NONE',  ( -0.1799999928469999955, 0.2999999880790000240, 0.3499999980130000243 ) ) ;
#948 = SURFACE_SIDE_STYLE ('',( #4703 ) ) ;
#949 = CIRCLE ( 'NONE', #2564, 0.1249999950329999943 ) ;
#950 = CIRCLE ( 'NONE', #3741, 0.1749999930459999464 ) ;
#951 = CYLINDRICAL_SURFACE ( 'NONE', #2268, 0.02499999900659001170 ) ;
#952 = ORIENTED_EDGE ( 'NONE', *, *, #5339, .F. ) ;
#953 = CLOSED_SHELL ( 'NONE', ( #1251, #1100, #5643, #5384, #4578, #2305, #5587, #1622, #5287, #393, #5570, #368, #4807, #3223, #705, #1469, #685, #3421 ) ) ;
#954 = CARTESIAN_POINT ( 'NONE',  ( -0.2699999892709999960, -0.2999999880790000240, 0.2500000019869999535 ) ) ;
#955 = AXIS2_PLACEMENT_3D ( 'NONE', #4326, #896, #3834 ) ;
#956 = CARTESIAN_POINT ( 'NONE',  ( 0.1199999952320000007, -0.4249999831119999905, 0.4499999940400000176 ) ) ;
#957 = AXIS2_PLACEMENT_3D ( 'NONE', #3617, #754, #4968 ) ;
#958 = ORIENTED_EDGE ( 'NONE', *, *, #802, .F. ) ;
#959 = CIRCLE ( 'NONE', #3960, 0.02499999900658995966 ) ;
#960 = AXIS2_PLACEMENT_3D ( 'NONE', #3006, #3993, #691 ) ;
#961 = ORIENTED_EDGE ( 'NONE', *, *, #5331, .F. ) ;
#962 = DIRECTION ( 'NONE',  ( 1.000000000000000000, 0.000000000000000000, 0.000000000000000000 ) ) ;
#963 = PLANE ( 'NONE',  #1850 ) ;
#964 = CARTESIAN_POINT ( 'NONE',  ( -0.1549999938409999944, 0.4499999821190000526, 0.3499999980130000243 ) ) ;
#965 = ORIENTED_EDGE ( 'NONE', *, *, #1402, .T. ) ;
#966 = DIRECTION ( 'NONE',  ( 0.000000000000000000, 0.000000000000000000, -1.000000000000000000 ) ) ;
#967 = AXIS2_PLACEMENT_3D ( 'NONE', #811, #1338, #297 ) ;
#968 = EDGE_LOOP ( 'NONE', ( #5598, #3536, #1497, #5848 ) ) ;
#969 = EDGE_CURVE ( 'NONE', #4879, #5244, #4459, .T. ) ;
#970 = ORIENTED_EDGE ( 'NONE', *, *, #4883, .T. ) ;
#971 = MECHANICAL_DESIGN_GEOMETRIC_PRESENTATION_REPRESENTATION (  '', ( #5707 ), #4152 ) ;
#972 = PRESENTATION_STYLE_ASSIGNMENT (( #2410 ) ) ;
#973 = DIRECTION ( 'NONE',  ( 0.000000000000000000, 0.000000000000000000, 1.000000000000000000 ) ) ;
#974 =( LENGTH_UNIT ( ) NAMED_UNIT ( * ) SI_UNIT ( .MILLI., .METRE. ) );
#975 = CARTESIAN_POINT ( 'NONE',  ( 0.2049999918539999744, 0.4499999821190000526, 0.3499999980130000243 ) ) ;
#976 = EDGE_LOOP ( 'NONE', ( #4695, #3502, #5604, #5085 ) ) ;
#977 = UNCERTAINTY_MEASURE_WITH_UNIT (LENGTH_MEASURE( 1.000000000000000082E-05 ), #4386, 'distance_accuracy_value', 'NONE');
#978 = AXIS2_PLACEMENT_3D ( 'NONE', #4960, #5422, #5784 ) ;
#979 = EDGE_CURVE ( 'NONE', #810, #929, #1767, .T. ) ;
#980 = EDGE_CURVE ( 'NONE', #3626, #2875, #4618, .T. ) ;
#981 = ORIENTED_EDGE ( 'NONE', *, *, #628, .F. ) ;
#982 = CYLINDRICAL_SURFACE ( 'NONE', #3355, 0.02499999900658995966 ) ;
#983 = VECTOR ( 'NONE', #3986, 1000.000000000000000 ) ;
#984 = PLANE ( 'NONE',  #2046 ) ;
#986 = ORIENTED_EDGE ( 'NONE', *, *, #3307, .F. ) ;
#985 = CARTESIAN_POINT ( 'NONE',  ( -0.05999999761580999957, -0.4249999831119999905, 0.4499999940400000176 ) ) ;
#987 = VECTOR ( 'NONE', #459, 1000.000000000000000 ) ;
#988 = CARTESIAN_POINT ( 'NONE',  ( 0.000000000000000000, -0.4499999821190000526, 0.4499999940400000176 ) ) ;
#989 = VECTOR ( 'NONE', #723, 1000.000000000000000 ) ;
#990 = SURFACE_STYLE_USAGE ( .BOTH. , #3294 ) ;
#991 = DIRECTION ( 'NONE',  ( 0.000000000000000000, -1.000000000000000000, 0.000000000000000000 ) ) ;
#992 = LINE ( 'NONE', #2364, #5920 ) ;
#993 = AXIS2_PLACEMENT_3D ( 'NONE', #2867, #2774, #5159 ) ;
#994 = ADVANCED_FACE ( 'NONE', ( #2148 ), #2719, .T. ) ;
#995 = ORIENTED_EDGE ( 'NONE', *, *, #1219, .T. ) ;
#996 = AXIS2_PLACEMENT_3D ( 'NONE', #1743, #2757, #2241 ) ;
#997 = ORIENTED_EDGE ( 'NONE', *, *, #927, .T. ) ;
#998 = EDGE_LOOP ( 'NONE', ( #5543, #2054 ) ) ;
#999 = CARTESIAN_POINT ( 'NONE',  ( 0.1799999928469999955, -0.2999999880790000240, 0.3499999980130000243 ) ) ;
#1000 = DIRECTION ( 'NONE',  ( 0.000000000000000000, -1.000000000000000000, 0.000000000000000000 ) ) ;
#1001 = DIRECTION ( 'NONE',  ( 0.000000000000000000, 0.000000000000000000, 1.000000000000000000 ) ) ;
#1002 = DIRECTION ( 'NONE',  ( 0.000000000000000000, 1.000000000000000000, 0.000000000000000000 ) ) ;
#1003 = EDGE_LOOP ( 'NONE', ( #4787, #556, #1103, #4226 ) ) ;
#1004 = DIRECTION ( 'NONE',  ( 0.000000000000000000, 1.000000000000000000, 0.000000000000000000 ) ) ;
#1005 = ORIENTED_EDGE ( 'NONE', *, *, #3382, .F. ) ;
#1006 = EDGE_LOOP ( 'NONE', ( #4979, #733, #2309, #4868 ) ) ;
#1007 = PLANE ( 'NONE',  #3642 ) ;
#1008 = LINE ( 'NONE', #104, #3671 ) ;
#1009 = LINE ( 'NONE', #5215, #1155 ) ;
#1010 = CARTESIAN_POINT ( 'NONE',  ( -0.2699999892709999960, -0.3999999841049999838, 0.4499999940400000176 ) ) ;
#1011 = VERTEX_POINT ( 'NONE', #5532 ) ;
#1012 = ORIENTED_EDGE ( 'NONE', *, *, #256, .T. ) ;
#1013 = VERTEX_POINT ( 'NONE', #5501 ) ;
#1014 = DIRECTION ( 'NONE',  ( 0.000000000000000000, 1.084202172486000036E-15, -1.000000000000000000 ) ) ;
#1015 = CARTESIAN_POINT ( 'NONE',  ( -0.1199999952320000007, -0.4249999831119999905, 0.3499999980130000243 ) ) ;
#1016 = ADVANCED_FACE ( 'NONE', ( #4082 ), #3207, .T. ) ;
#1017 = EDGE_CURVE ( 'NONE', #3393, #5434, #5073, .T. ) ;
#1018 =( NAMED_UNIT ( * ) PLANE_ANGLE_UNIT ( ) SI_UNIT ( $, .RADIAN. ) );
#1019 = DIRECTION ( 'NONE',  ( 0.000000000000000000, 0.000000000000000000, 1.000000000000000000 ) ) ;
#1020 = DIRECTION ( 'NONE',  ( 0.000000000000000000, -1.000000000000000000, 0.000000000000000000 ) ) ;
#1021 = EDGE_CURVE ( 'NONE', #4237, #2507, #3268, .T. ) ;
#1022 = DIRECTION ( 'NONE',  ( -1.000000000000000000, 0.000000000000000000, 0.000000000000000000 ) ) ;
#1023 = VECTOR ( 'NONE', #3325, 1000.000000000000000 ) ;
#1024 = ORIENTED_EDGE ( 'NONE', *, *, #3416, .T. ) ;
#1025 = DIRECTION ( 'NONE',  ( 0.000000000000000000, 1.000000000000000000, 0.000000000000000000 ) ) ;
#1026 = VECTOR ( 'NONE', #2506, 1000.000000000000000 ) ;
#1027 = SURFACE_SIDE_STYLE ('',( #596 ) ) ;
#1028 = ADVANCED_FACE ( 'NONE', ( #2658 ), #309, .F. ) ;
#1029 = CARTESIAN_POINT ( 'NONE',  ( 0.05999999761580999957, 0.2999999880790000240, 0.5999999880789999018 ) ) ;
#1030 = ORIENTED_EDGE ( 'NONE', *, *, #4197, .F. ) ;
#1031 = CARTESIAN_POINT ( 'NONE',  ( 0.1199999952320000007, -0.2999999880790000240, 0.1750000049669999946 ) ) ;
#1032 = ORIENTED_EDGE ( 'NONE', *, *, #3723, .T. ) ;
#1033 = AXIS2_PLACEMENT_3D ( 'NONE', #4744, #5674, #991 ) ;
#1034 = SURFACE_STYLE_FILL_AREA ( #1434 ) ;
#1035 = DIRECTION ( 'NONE',  ( 0.000000000000000000, 0.000000000000000000, -1.000000000000000000 ) ) ;
#1036 = DIRECTION ( 'NONE',  ( 0.000000000000000000, -1.000000000000000000, 0.000000000000000000 ) ) ;
#1037 = CARTESIAN_POINT ( 'NONE',  ( -0.1199999952320000007, 0.000000000000000000, 0.2000000039739999735 ) ) ;
#1038 = VECTOR ( 'NONE', #3894, 1000.000000000000000 ) ;
#1039 = PLANE ( 'NONE',  #5186 ) ;
#1040 = ORIENTED_EDGE ( 'NONE', *, *, #5131, .F. ) ;
#1041 = ORIENTED_EDGE ( 'NONE', *, *, #262, .T. ) ;
#1042 = VECTOR ( 'NONE', #5519, 1000.000000000000000 ) ;
#1043 = ORIENTED_EDGE ( 'NONE', *, *, #4936, .F. ) ;
#1044 = LINE ( 'NONE', #514, #2678 ) ;
#1045 = DIRECTION ( 'NONE',  ( 0.000000000000000000, 0.000000000000000000, -1.000000000000000000 ) ) ;
#1047 = VERTEX_POINT ( 'NONE', #5964 ) ;
#1046 = LINE ( 'NONE', #583, #3130 ) ;
#1048 = AXIS2_PLACEMENT_3D ( 'NONE', #3557, #3100, #252 ) ;
#1049 = ADVANCED_FACE ( 'NONE', ( #3697 ), #5555, .F. ) ;
#1050 = CIRCLE ( 'NONE', #1443, 0.02499999900659001170 ) ;
#1051 = DIRECTION ( 'NONE',  ( 0.000000000000000000, 1.000000000000000000, 0.000000000000000000 ) ) ;
#1052 = CARTESIAN_POINT ( 'NONE',  ( -3.061616876211000089E-18, 0.2999999880790000240, 0.5749999890720000062 ) ) ;
#1053 = CARTESIAN_POINT ( 'NONE',  ( 0.1199999952320000007, 0.4749999811250000259, 0.4499999940400000176 ) ) ;
#1054 = CARTESIAN_POINT ( 'NONE',  ( 0.6019999760789999099, -0.2999999880790000240, 0.3499999980130000243 ) ) ;
#1055 = VECTOR ( 'NONE', #3143, 1000.000000000000114 ) ;
#1056 = PRESENTATION_LAYER_ASSIGNMENT (  '', '', ( #3449 ) ) ;
#1057 = ORIENTED_EDGE ( 'NONE', *, *, #2711, .T. ) ;
#1058 = DIRECTION ( 'NONE',  ( 0.000000000000000000, 0.000000000000000000, 1.000000000000000000 ) ) ;
#1059 = VECTOR ( 'NONE', #4062, 1000.000000000000000 ) ;
#1060 = AXIS2_PLACEMENT_3D ( 'NONE', #1937, #3280, #1035 ) ;
#1061 = FILL_AREA_STYLE ('',( #3464 ) ) ;
#1062 = CARTESIAN_POINT ( 'NONE',  ( 0.5999999761580000479, -0.4999999801319999770, 0.7999999801320000214 ) ) ;
#1063 = ORIENTED_EDGE ( 'NONE', *, *, #579, .T. ) ;
#1064 = DIRECTION ( 'NONE',  ( 0.000000000000000000, 0.000000000000000000, 1.000000000000000000 ) ) ;
#1065 = ORIENTED_EDGE ( 'NONE', *, *, #5505, .T. ) ;
#1066 = ORIENTED_EDGE ( 'NONE', *, *, #294, .F. ) ;
#1067 = AXIS2_PLACEMENT_3D ( 'NONE', #1734, #4539, #4053 ) ;
#1068 = EDGE_CURVE ( 'NONE', #2252, #3969, #688, .T. ) ;
#1069 = ORIENTED_EDGE ( 'NONE', *, *, #887, .T. ) ;
#1070 = VERTEX_POINT ( 'NONE', #4646 ) ;
#1071 = AXIS2_PLACEMENT_3D ( 'NONE', #847, #5066, #4580 ) ;
#1072 =( NAMED_UNIT ( * ) PLANE_ANGLE_UNIT ( ) SI_UNIT ( $, .RADIAN. ) );
#1073 =( NAMED_UNIT ( * ) PLANE_ANGLE_UNIT ( ) SI_UNIT ( $, .RADIAN. ) );
#1074 = DIRECTION ( 'NONE',  ( 0.000000000000000000, 1.000000000000000000, 0.000000000000000000 ) ) ;
#1075 = AXIS2_PLACEMENT_3D ( 'NONE', #647, #1117, #4447 ) ;
#1076 = DIRECTION ( 'NONE',  ( 0.000000000000000000, 0.000000000000000000, -1.000000000000000000 ) ) ;
#1077 = ORIENTED_EDGE ( 'NONE', *, *, #2849, .T. ) ;
#1078 = DIRECTION ( 'NONE',  ( 0.000000000000000000, 1.084202172486000036E-15, -1.000000000000000000 ) ) ;
#1079 = CARTESIAN_POINT ( 'NONE',  ( 0.05999999761580999957, -0.2999999880790000240, 0.6249999870859999085 ) ) ;
#1080 = AXIS2_PLACEMENT_3D ( 'NONE', #3473, #4460, #1104 ) ;
#1082 = ORIENTED_EDGE ( 'NONE', *, *, #2511, .F. ) ;
#1081 =( LENGTH_UNIT ( ) NAMED_UNIT ( * ) SI_UNIT ( .MILLI., .METRE. ) );
#1083 = ORIENTED_EDGE ( 'NONE', *, *, #5785, .T. ) ;
#1084 = CIRCLE ( 'NONE', #5912, 0.02499999900659001170 ) ;
#1085 = CARTESIAN_POINT ( 'NONE',  ( 0.000000000000000000, 0.4499999821190000526, 0.3499999980130000243 ) ) ;
#1086 = CARTESIAN_POINT ( 'NONE',  ( -0.1799999928469999955, -0.2999999880790000240, 0.4499999940400000176 ) ) ;
#1087 = CYLINDRICAL_SURFACE ( 'NONE', #2315, 0.02499999900659001170 ) ;
#1088 = COLOUR_RGB ( '',0.7529411764705882248, 0.7529411764705882248, 0.7529411764705882248 ) ;
#1089 =( NAMED_UNIT ( * ) SI_UNIT ( $, .STERADIAN. ) SOLID_ANGLE_UNIT ( ) );
#1090 = ADVANCED_FACE ( 'NONE', ( #3321 ), #4213, .F. ) ;
#1091 = VECTOR ( 'NONE', #1244, 1000.000000000000000 ) ;
#1092 = VERTEX_POINT ( 'NONE', #2871 ) ;
#1093 = DIRECTION ( 'NONE',  ( 0.000000000000000000, 0.000000000000000000, 1.000000000000000000 ) ) ;
#1094 = AXIS2_PLACEMENT_3D ( 'NONE', #5905, #5496, #1669 ) ;
#1095 = CARTESIAN_POINT ( 'NONE',  ( -0.5999999761580000479, 0.4999999801319999770, 0.1000000079469999942 ) ) ;
#1096 = CARTESIAN_POINT ( 'NONE',  ( -0.2699999892709999960, 0.3999999841049999838, 0.4499999940400000176 ) ) ;
#1097 = ORIENTED_EDGE ( 'NONE', *, *, #4959, .F. ) ;
#1098 = DIRECTION ( 'NONE',  ( 0.000000000000000000, 1.000000000000000000, 0.000000000000000000 ) ) ;
#1099 = EDGE_CURVE ( 'NONE', #6121, #3778, #1477, .T. ) ;
#1100 = ADVANCED_FACE ( 'NONE', ( #5134 ), #1282, .T. ) ;
#1101 = ORIENTED_EDGE ( 'NONE', *, *, #5462, .T. ) ;
#1102 = EDGE_LOOP ( 'NONE', ( #4332, #5782, #3584, #4557 ) ) ;
#1103 = ORIENTED_EDGE ( 'NONE', *, *, #3237, .F. ) ;
#1104 = DIRECTION ( 'NONE',  ( 0.000000000000000000, 1.000000000000000000, 0.000000000000000000 ) ) ;
#1105 = FILL_AREA_STYLE ('',( #3944 ) ) ;
#1106 = DIRECTION ( 'NONE',  ( 0.000000000000000000, -1.000000000000000000, 0.000000000000000000 ) ) ;
#1107 = ADVANCED_FACE ( 'NONE', ( #2321 ), #2992, .T. ) ;
#1108 =( NAMED_UNIT ( * ) PLANE_ANGLE_UNIT ( ) SI_UNIT ( $, .RADIAN. ) );
#1109 = CARTESIAN_POINT ( 'NONE',  ( 0.1799999928469999955, 0.2999999880790000240, 0.2000000039739999735 ) ) ;
#1110 = EDGE_CURVE ( 'NONE', #3381, #4290, #6107, .T. ) ;
#1112 = ORIENTED_EDGE ( 'NONE', *, *, #3206, .F. ) ;
#1111 =( NAMED_UNIT ( * ) SI_UNIT ( $, .STERADIAN. ) SOLID_ANGLE_UNIT ( ) );
#1113 = UNCERTAINTY_MEASURE_WITH_UNIT (LENGTH_MEASURE( 1.000000000000000082E-05 ), #1325, 'distance_accuracy_value', 'NONE');
#1114 = ORIENTED_EDGE ( 'NONE', *, *, #3571, .T. ) ;
#1115 = CYLINDRICAL_SURFACE ( 'NONE', #3532, 0.09999999602635999130 ) ;
#1116 = DIRECTION ( 'NONE',  ( 0.000000000000000000, -1.084202172486000036E-15, 1.000000000000000000 ) ) ;
#1117 = DIRECTION ( 'NONE',  ( 0.000000000000000000, -1.000000000000000000, 0.000000000000000000 ) ) ;
#1118 = FILL_AREA_STYLE_COLOUR ( '', #3484 ) ;
#1119 = DIRECTION ( 'NONE',  ( -1.000000000000000000, 0.000000000000000000, 0.000000000000000000 ) ) ;
#1120 = DIRECTION ( 'NONE',  ( 0.000000000000000000, -1.000000000000000000, 0.000000000000000000 ) ) ;
#1121 = ORIENTED_EDGE ( 'NONE', *, *, #4099, .T. ) ;
#1122 = DIRECTION ( 'NONE',  ( 0.000000000000000000, 0.000000000000000000, -1.000000000000000000 ) ) ;
#1123 = AXIS2_PLACEMENT_3D ( 'NONE', #1765, #4507, #4991 ) ;
#1124 = ORIENTED_EDGE ( 'NONE', *, *, #70, .F. ) ;
#1125 = ORIENTED_EDGE ( 'NONE', *, *, #1017, .T. ) ;
#1126 = EDGE_CURVE ( 'NONE', #1632, #5440, #3086, .T. ) ;
#1127 = VECTOR ( 'NONE', #4847, 1000.000000000000000 ) ;
#1128 = ADVANCED_FACE ( 'NONE', ( #4313 ), #951, .T. ) ;
#1129 = CARTESIAN_POINT ( 'NONE',  ( 0.05999999761580999957, 0.2999999880790000240, 0.5749999890720000062 ) ) ;
#1130 = SURFACE_SIDE_STYLE ('',( #696 ) ) ;
#1131 = DIRECTION ( 'NONE',  ( 0.000000000000000000, 1.000000000000000000, 0.000000000000000000 ) ) ;
#1132 = ORIENTED_EDGE ( 'NONE', *, *, #1311, .T. ) ;
#1133 = AXIS2_PLACEMENT_3D ( 'NONE', #2834, #3865, #4708 ) ;
#1134 = EDGE_CURVE ( 'NONE', #4511, #4815, #6014, .T. ) ;
#1135 = CARTESIAN_POINT ( 'NONE',  ( -0.2699999892709999960, 0.2399999904629999958, 0.1000000079469999942 ) ) ;
#1136 = DIRECTION ( 'NONE',  ( 0.000000000000000000, 0.000000000000000000, 1.000000000000000000 ) ) ;
#1137 = ORIENTED_EDGE ( 'NONE', *, *, #3643, .F. ) ;
#1138 = CIRCLE ( 'NONE', #3322, 0.02499999900659001170 ) ;
#1139 = FACE_OUTER_BOUND ( 'NONE', #1550, .T. ) ;
#1140 = DIRECTION ( 'NONE',  ( 0.000000000000000000, 0.000000000000000000, 1.000000000000000000 ) ) ;
#1141 = VECTOR ( 'NONE', #5680, 1000.000000000000000 ) ;
#1142 = DIRECTION ( 'NONE',  ( 0.000000000000000000, 1.000000000000000000, 0.000000000000000000 ) ) ;
#1143 = CARTESIAN_POINT ( 'NONE',  ( -0.5999999761580000479, -0.4999999801319999770, 0.5999999880789999018 ) ) ;
#1144 = DIRECTION ( 'NONE',  ( -1.000000000000000000, 0.000000000000000000, 0.000000000000000000 ) ) ;
#1145 = CIRCLE ( 'NONE', #5192, 0.1749999930459999742 ) ;
#1146 = CARTESIAN_POINT ( 'NONE',  ( 0.6019999760789999099, -0.3999999841049999838, 0.3499999980130000243 ) ) ;
#1147 = CARTESIAN_POINT ( 'NONE',  ( 0.1799999928469999955, 0.4499999821190000526, 0.3499999980130000243 ) ) ;
#1148 = DIRECTION ( 'NONE',  ( 0.000000000000000000, -1.000000000000000000, 0.000000000000000000 ) ) ;
#1149 = ORIENTED_EDGE ( 'NONE', *, *, #4740, .F. ) ;
#1150 = DIRECTION ( 'NONE',  ( 0.000000000000000000, 0.000000000000000000, -1.000000000000000000 ) ) ;
#1151 = TOROIDAL_SURFACE ( 'NONE', #4616, 0.1499999940400000287, 0.02499999900658999782 ) ;
#1152 = ORIENTED_EDGE ( 'NONE', *, *, #2602, .T. ) ;
#1153 = ORIENTED_EDGE ( 'NONE', *, *, #1662, .T. ) ;
#1154 = AXIS2_PLACEMENT_3D ( 'NONE', #2595, #4355, #4870 ) ;
#1155 = VECTOR ( 'NONE', #2445, 1000.000000000000000 ) ;
#1156 =( NAMED_UNIT ( * ) SI_UNIT ( $, .STERADIAN. ) SOLID_ANGLE_UNIT ( ) );
#1157 = CARTESIAN_POINT ( 'NONE',  ( 0.2699999892709999960, 0.4999999801319999770, 0.1000000079469999942 ) ) ;
#1158 = LINE ( 'NONE', #4431, #989 ) ;
#1159 = DIRECTION ( 'NONE',  ( 0.000000000000000000, -1.000000000000000000, 0.000000000000000000 ) ) ;
#1160 = CLOSED_SHELL ( 'NONE', ( #5728, #1090, #3990, #2122, #1922, #2609, #4723 ) ) ;
#1161 = TOROIDAL_SURFACE ( 'NONE', #2567, 0.1499999940400000287, 0.02499999900658999782 ) ;
#1162 = EDGE_CURVE ( 'NONE', #1498, #3445, #3293, .T. ) ;
#1163 = EDGE_LOOP ( 'NONE', ( #2573, #3077, #5123, #2026 ) ) ;
#1164 = VECTOR ( 'NONE', #610, 1000.000000000000000 ) ;
#1165 = CARTESIAN_POINT ( 'NONE',  ( 0.1799999928469999955, -0.4499999821190000526, 0.4499999940400000176 ) ) ;
#1166 = CIRCLE ( 'NONE', #365, 0.1749999930459999464 ) ;
#1167 = CARTESIAN_POINT ( 'NONE',  ( 0.1199999952320000007, 0.2999999880790000240, 0.3499999980130000243 ) ) ;
#1169 = VERTEX_POINT ( 'NONE', #916 ) ;
#1168 = FILL_AREA_STYLE_COLOUR ( '', #5965 ) ;
#1170 = ORIENTED_EDGE ( 'NONE', *, *, #1768, .T. ) ;
#1171 = EDGE_CURVE ( 'NONE', #4596, #2308, #3876, .T. ) ;
#1172 = AXIS2_PLACEMENT_3D ( 'NONE', #3101, #167, #3589 ) ;
#1173 = ADVANCED_FACE ( 'NONE', ( #2393 ), #5160, .T. ) ;
#1174 = PRESENTATION_LAYER_ASSIGNMENT (  '', '', ( #5707 ) ) ;
#1175 =( LENGTH_UNIT ( ) NAMED_UNIT ( * ) SI_UNIT ( .MILLI., .METRE. ) );
#1176 = CARTESIAN_POINT ( 'NONE',  ( -0.1199999952320000007, -0.2999999880790000240, 0.4499999940400000176 ) ) ;
#1177 = FACE_OUTER_BOUND ( 'NONE', #4175, .T. ) ;
#1178 = LINE ( 'NONE', #3930, #2829 ) ;
#1179 = DIRECTION ( 'NONE',  ( -4.336808689942000480E-16, 1.000000000000000000, 0.000000000000000000 ) ) ;
#1180 = VECTOR ( 'NONE', #4481, 1000.000000000000000 ) ;
#1181 = ORIENTED_EDGE ( 'NONE', *, *, #5209, .F. ) ;
#1182 = DIRECTION ( 'NONE',  ( 0.000000000000000000, 0.000000000000000000, 1.000000000000000000 ) ) ;
#1183 = PRESENTATION_LAYER_ASSIGNMENT (  '', '', ( #5714 ) ) ;
#1184 = VECTOR ( 'NONE', #2425, 1000.000000000000000 ) ;
#1185 = LINE ( 'NONE', #3097, #2468 ) ;
#1186 = DIRECTION ( 'NONE',  ( 0.000000000000000000, 0.000000000000000000, -1.000000000000000000 ) ) ;
#1187 =( LENGTH_UNIT ( ) NAMED_UNIT ( * ) SI_UNIT ( .MILLI., .METRE. ) );
#1188 = EDGE_CURVE ( 'NONE', #4495, #2352, #3373, .T. ) ;
#1189 = ORIENTED_EDGE ( 'NONE', *, *, #4489, .F. ) ;
#1190 = ORIENTED_EDGE ( 'NONE', *, *, #5133, .T. ) ;
#1191 = AXIS2_PLACEMENT_3D ( 'NONE', #5387, #3458, #5843 ) ;
#1192 = LINE ( 'NONE', #1254, #2836 ) ;
#1193 = PRESENTATION_STYLE_ASSIGNMENT (( #2070 ) ) ;
#1194 = DIRECTION ( 'NONE',  ( 0.000000000000000000, 0.000000000000000000, 1.000000000000000000 ) ) ;
#1195 = DIRECTION ( 'NONE',  ( 0.000000000000000000, -1.000000000000000000, 0.000000000000000000 ) ) ;
#1196 = AXIS2_PLACEMENT_3D ( 'NONE', #316, #5947, #3703 ) ;
#1197 = VERTEX_POINT ( 'NONE', #5711 ) ;
#1198 =( NAMED_UNIT ( * ) SI_UNIT ( $, .STERADIAN. ) SOLID_ANGLE_UNIT ( ) );
#1199 = CIRCLE ( 'NONE', #1681, 0.02499999900659001170 ) ;
#1200 = VERTEX_POINT ( 'NONE', #456 ) ;
#1201 = FACE_OUTER_BOUND ( 'NONE', #4730, .T. ) ;
#1202 = CARTESIAN_POINT ( 'NONE',  ( 0.05999999761580999957, 0.4499999821190000526, 0.3499999980130000243 ) ) ;
#1204 = ORIENTED_EDGE ( 'NONE', *, *, #4285, .T. ) ;
#1203 = CARTESIAN_POINT ( 'NONE',  ( 0.000000000000000000, -0.2999999880790000240, 0.2000000039739999735 ) ) ;
#1205 = ORIENTED_EDGE ( 'NONE', *, *, #1652, .F. ) ;
#1206 = DIRECTION ( 'NONE',  ( 0.000000000000000000, 1.000000000000000000, 0.000000000000000000 ) ) ;
#1207 = EDGE_CURVE ( 'NONE', #5635, #4923, #2903, .T. ) ;
#1208 = EDGE_CURVE ( 'NONE', #269, #522, #5639, .T. ) ;
#1209 = DIRECTION ( 'NONE',  ( 0.000000000000000000, 0.000000000000000000, 1.000000000000000000 ) ) ;
#1210 = CARTESIAN_POINT ( 'NONE',  ( 0.02499999900658999782, 0.4499999821190000526, 0.3499999980130000243 ) ) ;
#1211 = CARTESIAN_POINT ( 'NONE',  ( -0.1799999928469999955, -0.4749999811250000259, 0.4499999940400000176 ) ) ;
#1212 = CARTESIAN_POINT ( 'NONE',  ( -0.1199999952320000007, 0.4499999821190000526, 0.4499999940400000176 ) ) ;
#1213 = VERTEX_POINT ( 'NONE', #3863 ) ;
#1214 = EDGE_CURVE ( 'NONE', #4432, #5187, #4645, .T. ) ;
#1215 =( NAMED_UNIT ( * ) SI_UNIT ( $, .STERADIAN. ) SOLID_ANGLE_UNIT ( ) );
#1216 =( NAMED_UNIT ( * ) PLANE_ANGLE_UNIT ( ) SI_UNIT ( $, .RADIAN. ) );
#1217 = DIRECTION ( 'NONE',  ( 0.7071067811865474617, -0.7071067811865474617, 0.000000000000000000 ) ) ;
#1218 = EDGE_LOOP ( 'NONE', ( #4206, #1834, #2646, #5823, #3315 ) ) ;
#1219 = EDGE_CURVE ( 'NONE', #3738, #5187, #6114, .T. ) ;
#1220 = CARTESIAN_POINT ( 'NONE',  ( 0.2699999892709999960, 0.4999999801319999770, 1.192092846658000078E-08 ) ) ;
#1221 = DIRECTION ( 'NONE',  ( 0.000000000000000000, 0.000000000000000000, -1.000000000000000000 ) ) ;
#1222 = CIRCLE ( 'NONE', #721, 0.02499999900658995966 ) ;
#1223 = LINE ( 'NONE', #4628, #1846 ) ;
#1224 = PRESENTATION_STYLE_ASSIGNMENT (( #204 ) ) ;
#1225 = ORIENTED_EDGE ( 'NONE', *, *, #4509, .F. ) ;
#1226 =( NAMED_UNIT ( * ) SI_UNIT ( $, .STERADIAN. ) SOLID_ANGLE_UNIT ( ) );
#1227 = EDGE_LOOP ( 'NONE', ( #4345, #3690, #2519, #4748 ) ) ;
#1228 = AXIS2_PLACEMENT_3D ( 'NONE', #5503, #4619, #5534 ) ;
#1229 = PRESENTATION_STYLE_ASSIGNMENT (( #5459 ) ) ;
#1230 = FACE_OUTER_BOUND ( 'NONE', #3776, .T. ) ;
#1231 = CIRCLE ( 'NONE', #2132, 0.02499999900658995966 ) ;
#1232 = LINE ( 'NONE', #5062, #3433 ) ;
#1233 = ORIENTED_EDGE ( 'NONE', *, *, #829, .T. ) ;
#1234 = ORIENTED_EDGE ( 'NONE', *, *, #3688, .T. ) ;
#1235 = UNCERTAINTY_MEASURE_WITH_UNIT (LENGTH_MEASURE( 1.000000000000000082E-05 ), #3258, 'distance_accuracy_value', 'NONE');
#1236 = VERTEX_POINT ( 'NONE', #5866 ) ;
#1237 = AXIS2_PLACEMENT_3D ( 'NONE', #4381, #3953, #4891 ) ;
#1238 = ORIENTED_EDGE ( 'NONE', *, *, #5919, .F. ) ;
#1239 = FACE_OUTER_BOUND ( 'NONE', #2338, .T. ) ;
#1240 = DIRECTION ( 'NONE',  ( 0.000000000000000000, 1.084202172486000036E-15, -1.000000000000000000 ) ) ;
#1241 = ORIENTED_EDGE ( 'NONE', *, *, #5209, .T. ) ;
#1242 = CARTESIAN_POINT ( 'NONE',  ( 0.1199999952320000007, 0.4499999821190000526, 0.3499999980130000243 ) ) ;
#1243 = LINE ( 'NONE', #1668, #4688 ) ;
#1244 = DIRECTION ( 'NONE',  ( 0.000000000000000000, 1.000000000000000000, 0.000000000000000000 ) ) ;
#1245 = AXIS2_PLACEMENT_3D ( 'NONE', #2645, #1721, #4577 ) ;
#1246 = ADVANCED_FACE ( 'NONE', ( #5777 ), #5354, .T. ) ;
#1247 = VERTEX_POINT ( 'NONE', #1637 ) ;
#1248 = AXIS2_PLACEMENT_3D ( 'NONE', #1648, #2633, #5452 ) ;
#1249 =( LENGTH_UNIT ( ) NAMED_UNIT ( * ) SI_UNIT ( .MILLI., .METRE. ) );
#1250 = DIRECTION ( 'NONE',  ( -1.000000000000000000, -1.204669080539000137E-15, 0.000000000000000000 ) ) ;
#1251 = ADVANCED_FACE ( 'NONE', ( #2083 ), #2526, .T. ) ;
#1252 = AXIS2_PLACEMENT_3D ( 'NONE', #1682, #783, #4110 ) ;
#1253 = EDGE_CURVE ( 'NONE', #212, #3063, #2459, .T. ) ;
#1254 = CARTESIAN_POINT ( 'NONE',  ( 0.05999999761580999957, -0.4749999811250000259, 0.4499999940400000176 ) ) ;
#1255 = DIRECTION ( 'NONE',  ( 0.000000000000000000, -1.000000000000000000, 0.000000000000000000 ) ) ;
#1256 = DIRECTION ( 'NONE',  ( 0.000000000000000000, -3.614007241618000193E-16, -1.000000000000000000 ) ) ;
#1257 = CYLINDRICAL_SURFACE ( 'NONE', #4230, 0.02499999900659001170 ) ;
#1258 = VECTOR ( 'NONE', #3577, 1000.000000000000000 ) ;
#1259 = EDGE_CURVE ( 'NONE', #4596, #3183, #1559, .T. ) ;
#1260 = CIRCLE ( 'NONE', #2965, 0.02499999900659001170 ) ;
#1261 = TOROIDAL_SURFACE ( 'NONE', #4433, 0.1499999940400000287, 0.02499999900658999782 ) ;
#1262 = CARTESIAN_POINT ( 'NONE',  ( 0.1799999928469999955, 0.000000000000000000, 0.1750000049669999946 ) ) ;
#1263 = CIRCLE ( 'NONE', #2249, 0.02499999900659001170 ) ;
#1264 = AXIS2_PLACEMENT_3D ( 'NONE', #5055, #1307, #3213 ) ;
#1265 = LINE ( 'NONE', #3596, #1042 ) ;
#1266 = ORIENTED_EDGE ( 'NONE', *, *, #2348, .T. ) ;
#1267 = VERTEX_POINT ( 'NONE', #2932 ) ;
#1268 = PRESENTATION_LAYER_ASSIGNMENT (  '', '', ( #3964 ) ) ;
#1269 = CARTESIAN_POINT ( 'NONE',  ( 0.5999999761580000479, -0.1399999944370000082, 1.192092846658000078E-08 ) ) ;
#1270 = DIRECTION ( 'NONE',  ( 0.000000000000000000, 0.000000000000000000, 1.000000000000000000 ) ) ;
#1271 = DIRECTION ( 'NONE',  ( 0.000000000000000000, 1.000000000000000000, 0.000000000000000000 ) ) ;
#1272 = DIRECTION ( 'NONE',  ( 0.000000000000000000, -1.000000000000000000, 0.000000000000000000 ) ) ;
#1273 = DIRECTION ( 'NONE',  ( 0.000000000000000000, 0.000000000000000000, 1.000000000000000000 ) ) ;
#1274 = DIRECTION ( 'NONE',  ( 0.000000000000000000, -3.614007241618000193E-16, -1.000000000000000000 ) ) ;
#1275 = DIRECTION ( 'NONE',  ( 0.000000000000000000, 0.000000000000000000, -1.000000000000000000 ) ) ;
#1276 = EDGE_CURVE ( 'NONE', #1365, #2803, #3455, .T. ) ;
#1277 = PLANE ( 'NONE',  #1067 ) ;
#1278 = DIRECTION ( 'NONE',  ( 1.000000000000000000, -8.213652821859998425E-17, 0.000000000000000000 ) ) ;
#1279 = DIRECTION ( 'NONE',  ( 0.000000000000000000, 0.000000000000000000, 1.000000000000000000 ) ) ;
#1280 = AXIS2_PLACEMENT_3D ( 'NONE', #2788, #4546, #288 ) ;
#1281 = VERTEX_POINT ( 'NONE', #211 ) ;
#1282 = TOROIDAL_SURFACE ( 'NONE', #5610, 0.1499999940400000287, 0.02499999900658999782 ) ;
#1283 = CARTESIAN_POINT ( 'NONE',  ( -0.4592061098819999465, -0.2437334591960000074, 0.7899999805290000010 ) ) ;
#1284 = SURFACE_STYLE_USAGE ( .BOTH. , #4571 ) ;
#1285 = EDGE_CURVE ( 'NONE', #5635, #2694, #3959, .T. ) ;
#1286 = EDGE_CURVE ( 'NONE', #3601, #4777, #2154, .T. ) ;
#1287 = LINE ( 'NONE', #3590, #264 ) ;
#1288 = SURFACE_STYLE_USAGE ( .BOTH. , #2702 ) ;
#1289 = ORIENTED_EDGE ( 'NONE', *, *, #1134, .T. ) ;
#1290 = DIRECTION ( 'NONE',  ( 0.000000000000000000, -3.614007241618000193E-16, -1.000000000000000000 ) ) ;
#1291 = AXIS2_PLACEMENT_3D ( 'NONE', #4398, #67, #133 ) ;
#1292 = AXIS2_PLACEMENT_3D ( 'NONE', #2463, #3989, #85 ) ;
#1293 = ADVANCED_FACE ( 'NONE', ( #3055 ), #5810, .T. ) ;
#1294 = DIRECTION ( 'NONE',  ( -1.000000000000000000, 0.000000000000000000, 0.000000000000000000 ) ) ;
#1295 = CARTESIAN_POINT ( 'NONE',  ( 0.1199999952320000007, 0.4749999811250000259, 0.3499999980130000243 ) ) ;
#1296 = ORIENTED_EDGE ( 'NONE', *, *, #2671, .T. ) ;
#1297 = COLOUR_RGB ( '',0.5019607843137254832, 0.5019607843137254832, 0.5019607843137254832 ) ;
#1298 = DIRECTION ( 'NONE',  ( -1.000000000000000000, 0.000000000000000000, 0.000000000000000000 ) ) ;
#1299 = EDGE_CURVE ( 'NONE', #5440, #1632, #2964, .T. ) ;
#1300 = CARTESIAN_POINT ( 'NONE',  ( -0.5999999761580000479, 0.4999999801319999770, 0.5999999880789999018 ) ) ;
#1301 = LINE ( 'NONE', #4582, #1555 ) ;
#1302 = CARTESIAN_POINT ( 'NONE',  ( -0.1799999928469999955, 0.4499999821190000526, 0.4499999940400000176 ) ) ;
#1303 = DIRECTION ( 'NONE',  ( 0.000000000000000000, 0.000000000000000000, 1.000000000000000000 ) ) ;
#1304 = DIRECTION ( 'NONE',  ( 0.000000000000000000, 0.000000000000000000, -1.000000000000000000 ) ) ;
#1305 = DIRECTION ( 'NONE',  ( 0.000000000000000000, 0.000000000000000000, 1.000000000000000000 ) ) ;
#1306 = LINE ( 'NONE', #6030, #4457 ) ;
#1307 = DIRECTION ( 'NONE',  ( 0.000000000000000000, -1.000000000000000000, 0.000000000000000000 ) ) ;
#1308 = ORIENTED_EDGE ( 'NONE', *, *, #3206, .T. ) ;
#1309 = CARTESIAN_POINT ( 'NONE',  ( 0.1199999952320000007, 0.4499999821190000526, 0.3499999980130000243 ) ) ;
#1310 = EDGE_LOOP ( 'NONE', ( #1680, #2843, #2759, #889 ) ) ;
#1311 = EDGE_CURVE ( 'NONE', #2343, #5254, #352, .T. ) ;
#1312 = CARTESIAN_POINT ( 'NONE',  ( 0.000000000000000000, 0.000000000000000000, 0.1000000079469999942 ) ) ;
#1313 = DIRECTION ( 'NONE',  ( -0.7071067811865475727, -0.7071067811865475727, 2.299940125023528598E-16 ) ) ;
#1314 = DIRECTION ( 'NONE',  ( 0.000000000000000000, 0.000000000000000000, -1.000000000000000000 ) ) ;
#1315 = ORIENTED_EDGE ( 'NONE', *, *, #4418, .F. ) ;
#1316 = AXIS2_PLACEMENT_3D ( 'NONE', #4018, #693, #2979 ) ;
#1317 = FACE_OUTER_BOUND ( 'NONE', #3501, .T. ) ;
#1318 = AXIS2_PLACEMENT_3D ( 'NONE', #5336, #1595, #218 ) ;
#1319 = DIRECTION ( 'NONE',  ( -1.000000000000000000, 0.000000000000000000, 0.000000000000000000 ) ) ;
#1320 = FILL_AREA_STYLE_COLOUR ( '', #2267 ) ;
#1321 = ORIENTED_EDGE ( 'NONE', *, *, #579, .F. ) ;
#1322 = DIRECTION ( 'NONE',  ( 0.000000000000000000, 0.000000000000000000, 1.000000000000000000 ) ) ;
#1323 =( NAMED_UNIT ( * ) SI_UNIT ( $, .STERADIAN. ) SOLID_ANGLE_UNIT ( ) );
#1324 = VECTOR ( 'NONE', #5069, 1000.000000000000114 ) ;
#1325 =( LENGTH_UNIT ( ) NAMED_UNIT ( * ) SI_UNIT ( .MILLI., .METRE. ) );
#1326 = VECTOR ( 'NONE', #1881, 1000.000000000000000 ) ;
#1327 = PLANE ( 'NONE',  #2419 ) ;
#1328 = VECTOR ( 'NONE', #4790, 1000.000000000000000 ) ;
#1329 = CARTESIAN_POINT ( 'NONE',  ( 0.05999999761580999957, -0.2999999880790000240, 0.2250000029800000023 ) ) ;
#1330 = CARTESIAN_POINT ( 'NONE',  ( 0.2699999892709999960, -0.2999999880790000240, 0.3499999980130000243 ) ) ;
#1331 = CARTESIAN_POINT ( 'NONE',  ( -0.2699999892709999960, -0.4999999801319999770, 1.192092846658000078E-08 ) ) ;
#1332 = ORIENTED_EDGE ( 'NONE', *, *, #816, .F. ) ;
#1333 = DIRECTION ( 'NONE',  ( 0.000000000000000000, -1.000000000000000000, 0.000000000000000000 ) ) ;
#1334 = MECHANICAL_DESIGN_GEOMETRIC_PRESENTATION_REPRESENTATION (  '', ( #3327 ), #1936 ) ;
#1335 = ORIENTED_EDGE ( 'NONE', *, *, #361, .F. ) ;
#1336 = ORIENTED_EDGE ( 'NONE', *, *, #3755, .T. ) ;
#1337 = STYLED_ITEM ( 'NONE', ( #4700 ), #3770 ) ;
#1338 = DIRECTION ( 'NONE',  ( 0.000000000000000000, -1.000000000000000000, 0.000000000000000000 ) ) ;
#1339 = FACE_OUTER_BOUND ( 'NONE', #4791, .T. ) ;
#1340 = ADVANCED_FACE ( 'NONE', ( #1585 ), #2499, .F. ) ;
#1341 = DIRECTION ( 'NONE',  ( 0.000000000000000000, -1.000000000000000000, 0.000000000000000000 ) ) ;
#1342 = VERTEX_POINT ( 'NONE', #2114 ) ;
#1343 = VECTOR ( 'NONE', #4492, 1000.000000000000000 ) ;
#1344 = ORIENTED_EDGE ( 'NONE', *, *, #1766, .T. ) ;
#1345 = VECTOR ( 'NONE', #5829, 1000.000000000000000 ) ;
#1346 = STYLED_ITEM ( 'NONE', ( #5763 ), #4205 ) ;
#1347 = EDGE_CURVE ( 'NONE', #1969, #632, #2999, .T. ) ;
#1348 = ADVANCED_FACE ( 'NONE', ( #3027 ), #1990, .T. ) ;
#1349 = APPLICATION_PROTOCOL_DEFINITION ( 'draft international standard', 'automotive_design', 1998, #909 ) ;
#1350 = STYLED_ITEM ( 'NONE', ( #5523 ), #137 ) ;
#1351 = AXIS2_PLACEMENT_3D ( 'NONE', #1309, #1290, #4574 ) ;
#1352 = PRESENTATION_LAYER_ASSIGNMENT (  '', '', ( #572 ) ) ;
#1353 = DIRECTION ( 'NONE',  ( 0.000000000000000000, 0.000000000000000000, 1.000000000000000000 ) ) ;
#1354 = CIRCLE ( 'NONE', #671, 0.02499999900659001170 ) ;
#1355 = EDGE_CURVE ( 'NONE', #3200, #2541, #2341, .T. ) ;
#1356 = DIRECTION ( 'NONE',  ( 0.000000000000000000, 0.000000000000000000, -1.000000000000000000 ) ) ;
#1357 = VERTEX_POINT ( 'NONE', #586 ) ;
#1358 = ORIENTED_EDGE ( 'NONE', *, *, #5350, .F. ) ;
#1359 = CARTESIAN_POINT ( 'NONE',  ( 0.5999999761580000479, 0.1399999944370000082, 0.2000000039739999735 ) ) ;
#1360 = CARTESIAN_POINT ( 'NONE',  ( 0.2699999892709999960, 0.3999999841049999838, 0.3499999980130000243 ) ) ;
#1361 = CIRCLE ( 'NONE', #370, 0.1249999950329999943 ) ;
#1362 = PRESENTATION_STYLE_ASSIGNMENT (( #5203 ) ) ;
#1363 = EDGE_CURVE ( 'NONE', #2803, #3336, #4384, .T. ) ;
#1364 = DIRECTION ( 'NONE',  ( 0.000000000000000000, 1.000000000000000000, 0.000000000000000000 ) ) ;
#1365 = VERTEX_POINT ( 'NONE', #3928 ) ;
#1366 = LINE ( 'NONE', #4756, #5108 ) ;
#1367 = VERTEX_POINT ( 'NONE', #2559 ) ;
#1368 = ORIENTED_EDGE ( 'NONE', *, *, #979, .F. ) ;
#1369 = ORIENTED_EDGE ( 'NONE', *, *, #3414, .F. ) ;
#1370 = AXIS2_PLACEMENT_3D ( 'NONE', #1462, #3364, #1000 ) ;
#1371 =( LENGTH_UNIT ( ) NAMED_UNIT ( * ) SI_UNIT ( .MILLI., .METRE. ) );
#1372 = DIRECTION ( 'NONE',  ( 0.000000000000000000, 0.000000000000000000, 1.000000000000000000 ) ) ;
#1373 = AXIS2_PLACEMENT_3D ( 'NONE', #1787, #2176, #4073 ) ;
#1374 = CARTESIAN_POINT ( 'NONE',  ( -0.2549999898670000098, 0.2549999898670000098, 1.192092846658000078E-08 ) ) ;
#1375 = CARTESIAN_POINT ( 'NONE',  ( -0.5999999761580000479, 0.1399999944370000082, 0.1000000079469999942 ) ) ;
#1376 = ORIENTED_EDGE ( 'NONE', *, *, #5403, .F. ) ;
#1377 = AXIS2_PLACEMENT_3D ( 'NONE', #4776, #2428, #4316 ) ;
#1378 = ORIENTED_EDGE ( 'NONE', *, *, #1387, .F. ) ;
#1379 = CIRCLE ( 'NONE', #3093, 0.1249999950329999943 ) ;
#1380 = ORIENTED_EDGE ( 'NONE', *, *, #4197, .T. ) ;
#1381 = ORIENTED_EDGE ( 'NONE', *, *, #1448, .T. ) ;
#1382 = PLANE ( 'NONE',  #3163 ) ;
#1383 =( GEOMETRIC_REPRESENTATION_CONTEXT ( 3 ) GLOBAL_UNCERTAINTY_ASSIGNED_CONTEXT ( ( #1408 ) ) GLOBAL_UNIT_ASSIGNED_CONTEXT ( ( #3721, #3262, #2319 ) ) REPRESENTATION_CONTEXT ( 'NONE', 'WORKASPACE' ) );
#1384 = CARTESIAN_POINT ( 'NONE',  ( 0.1799999928469999955, 0.4249999831119999905, 0.4499999940400000176 ) ) ;
#1385 = ORIENTED_EDGE ( 'NONE', *, *, #2204, .T. ) ;
#1386 = DIRECTION ( 'NONE',  ( -0.7071067811865474617, 0.7071067811865474617, 0.000000000000000000 ) ) ;
#1387 = EDGE_CURVE ( 'NONE', #1495, #4786, #4219, .T. ) ;
#1388 = EDGE_CURVE ( 'NONE', #1200, #2214, #1301, .T. ) ;
#1389 = CARTESIAN_POINT ( 'NONE',  ( 0.000000000000000000, 0.2999999880790000240, 0.5999999880789999018 ) ) ;
#1390 = FILL_AREA_STYLE_COLOUR ( '', #4633 ) ;
#1391 = CARTESIAN_POINT ( 'NONE',  ( -0.1799999928469999955, -0.4499999821190000526, 0.3499999980130000243 ) ) ;
#1392 = CARTESIAN_POINT ( 'NONE',  ( 0.3699999852979999893, -0.1399999944370000082, 1.192092846658000078E-08 ) ) ;
#1393 = ADVANCED_FACE ( 'NONE', ( #3605 ), #5679, .T. ) ;
#1394 = ORIENTED_EDGE ( 'NONE', *, *, #1485, .T. ) ;
#1395 = DIRECTION ( 'NONE',  ( 0.000000000000000000, -1.000000000000000000, 0.000000000000000000 ) ) ;
#1396 = CARTESIAN_POINT ( 'NONE',  ( 0.000000000000000000, 0.4499999821190000526, 0.3499999980130000243 ) ) ;
#1397 = DIRECTION ( 'NONE',  ( 0.000000000000000000, 1.000000000000000000, 0.000000000000000000 ) ) ;
#1398 = DIRECTION ( 'NONE',  ( 0.000000000000000000, 1.000000000000000000, 0.000000000000000000 ) ) ;
#1399 = ORIENTED_EDGE ( 'NONE', *, *, #1188, .F. ) ;
#1400 = CARTESIAN_POINT ( 'NONE',  ( 0.05999999761580999957, 0.2999999880790000240, 0.5999999880789999018 ) ) ;
#1401 = ORIENTED_EDGE ( 'NONE', *, *, #2547, .T. ) ;
#1402 = EDGE_CURVE ( 'NONE', #5813, #5623, #4955, .T. ) ;
#1403 = VERTEX_POINT ( 'NONE', #1666 ) ;
#1404 = CARTESIAN_POINT ( 'NONE',  ( -0.5999999761580000479, -0.4999999801319999770, 0.5999999880789999018 ) ) ;
#1405 = ORIENTED_EDGE ( 'NONE', *, *, #1214, .F. ) ;
#1406 = EDGE_LOOP ( 'NONE', ( #5222, #5677, #3694, #771 ) ) ;
#1407 = ORIENTED_EDGE ( 'NONE', *, *, #3091, .F. ) ;
#1408 = UNCERTAINTY_MEASURE_WITH_UNIT (LENGTH_MEASURE( 1.000000000000000082E-05 ), #3721, 'distance_accuracy_value', 'NONE');
#1409 = VERTEX_POINT ( 'NONE', #5958 ) ;
#1410 = LINE ( 'NONE', #1445, #1164 ) ;
#1411 = FACE_OUTER_BOUND ( 'NONE', #4278, .T. ) ;
#1412 = CIRCLE ( 'NONE', #5461, 0.02499999900658995966 ) ;
#1413 = PRODUCT_CONTEXT ( 'NONE', #909, 'mechanical' ) ;
#1414 = PRESENTATION_LAYER_ASSIGNMENT (  '', '', ( #2310 ) ) ;
#1415 = DIRECTION ( 'NONE',  ( 0.000000000000000000, -1.000000000000000000, 0.000000000000000000 ) ) ;
#1416 = CARTESIAN_POINT ( 'NONE',  ( -0.1199999952320000007, -0.2999999880790000240, 0.6249999870859999085 ) ) ;
#1417 = DIRECTION ( 'NONE',  ( -1.000000000000000000, -2.168404344971000240E-16, 0.000000000000000000 ) ) ;
#1418 = LINE ( 'NONE', #2874, #3094 ) ;
#1419 = ADVANCED_FACE ( 'NONE', ( #2619 ), #5901, .T. ) ;
#1420 = AXIS2_PLACEMENT_3D ( 'NONE', #4357, #84, #4957 ) ;
#1421 = ORIENTED_EDGE ( 'NONE', *, *, #220, .F. ) ;
#1422 = ORIENTED_EDGE ( 'NONE', *, *, #4436, .F. ) ;
#1423 = COLOUR_RGB ( '',0.5019607843137254832, 0.5019607843137254832, 0.5019607843137254832 ) ;
#1424 = CARTESIAN_POINT ( 'NONE',  ( -0.1199999952320000007, 0.4249999831119999905, 0.4499999940400000176 ) ) ;
#1425 = PLANE ( 'NONE',  #3759 ) ;
#1426 = CARTESIAN_POINT ( 'NONE',  ( 0.1199999952320000007, 0.4249999831119999905, 0.3499999980130000243 ) ) ;
#1427 = FACE_OUTER_BOUND ( 'NONE', #3478, .T. ) ;
#1428 = ORIENTED_EDGE ( 'NONE', *, *, #1589, .T. ) ;
#1429 = EDGE_CURVE ( 'NONE', #1896, #445, #4122, .T. ) ;
#1430 = EDGE_CURVE ( 'NONE', #4369, #2352, #327, .T. ) ;
#1431 = ORIENTED_EDGE ( 'NONE', *, *, #5172, .T. ) ;
#1432 = AXIS2_PLACEMENT_3D ( 'NONE', #332, #2157, #2210 ) ;
#1433 = ORIENTED_EDGE ( 'NONE', *, *, #5665, .F. ) ;
#1434 = FILL_AREA_STYLE ('',( #1 ) ) ;
#1435 = AXIS2_PLACEMENT_3D ( 'NONE', #4713, #1892, #3239 ) ;
#1436 = DIRECTION ( 'NONE',  ( 0.000000000000000000, -1.000000000000000000, 0.000000000000000000 ) ) ;
#1437 = FILL_AREA_STYLE_COLOUR ( '', #1088 ) ;
#1438 =( NAMED_UNIT ( * ) SI_UNIT ( $, .STERADIAN. ) SOLID_ANGLE_UNIT ( ) );
#1439 = LINE ( 'NONE', #4636, #2648 ) ;
#1440 = ORIENTED_EDGE ( 'NONE', *, *, #5880, .F. ) ;
#1441 = ORIENTED_EDGE ( 'NONE', *, *, #3043, .T. ) ;
#1442 = ORIENTED_EDGE ( 'NONE', *, *, #15, .T. ) ;
#1443 = AXIS2_PLACEMENT_3D ( 'NONE', #2015, #5741, #1509 ) ;
#1444 = ORIENTED_EDGE ( 'NONE', *, *, #2706, .F. ) ;
#1445 = CARTESIAN_POINT ( 'NONE',  ( 0.2699999892709999960, 0.1399999944370000082, 1.192092846658000078E-08 ) ) ;
#1446 = CARTESIAN_POINT ( 'NONE',  ( -0.05999999761580999957, 0.4249999831119999905, 0.3499999980130000243 ) ) ;
#1447 = AXIS2_PLACEMENT_3D ( 'NONE', #4664, #4171, #6037 ) ;
#1448 = EDGE_CURVE ( 'NONE', #4394, #5053, #3175, .T. ) ;
#1450 = ORIENTED_EDGE ( 'NONE', *, *, #6032, .F. ) ;
#1449 = CARTESIAN_POINT ( 'NONE',  ( -0.2699999892709999960, -0.4999999801319999770, 1.192092846658000078E-08 ) ) ;
#1451 = MECHANICAL_DESIGN_GEOMETRIC_PRESENTATION_REPRESENTATION (  '', ( #1346 ), #4828 ) ;
#1452 = DIRECTION ( 'NONE',  ( 0.000000000000000000, 0.000000000000000000, 1.000000000000000000 ) ) ;
#1453 = VECTOR ( 'NONE', #237, 1000.000000000000000 ) ;
#1454 = LINE ( 'NONE', #885, #5955 ) ;
#1455 = DIRECTION ( 'NONE',  ( 0.000000000000000000, -1.000000000000000000, 0.000000000000000000 ) ) ;
#1456 = STYLED_ITEM ( 'NONE', ( #3937 ), #4600 ) ;
#1457 = ORIENTED_EDGE ( 'NONE', *, *, #3500, .T. ) ;
#1458 = AXIS2_PLACEMENT_3D ( 'NONE', #3412, #4766, #2417 ) ;
#1459 = VECTOR ( 'NONE', #5601, 1000.000000000000000 ) ;
#1460 = ORIENTED_EDGE ( 'NONE', *, *, #814, .F. ) ;
#1461 = FACE_OUTER_BOUND ( 'NONE', #3022, .T. ) ;
#1462 = CARTESIAN_POINT ( 'NONE',  ( 0.000000000000000000, -0.4499999821190000526, 0.4499999940400000176 ) ) ;
#1463 = DIRECTION ( 'NONE',  ( 0.000000000000000000, -1.000000000000000000, 0.000000000000000000 ) ) ;
#1464 = CARTESIAN_POINT ( 'NONE',  ( -0.08499999662240000087, 0.4499999821190000526, 0.3499999980130000243 ) ) ;
#1465 = ORIENTED_EDGE ( 'NONE', *, *, #6110, .T. ) ;
#1466 = LINE ( 'NONE', #5242, #3549 ) ;
#1467 = ORIENTED_EDGE ( 'NONE', *, *, #4404, .T. ) ;
#1468 = ORIENTED_EDGE ( 'NONE', *, *, #899, .F. ) ;
#1469 = ADVANCED_FACE ( 'NONE', ( #5988 ), #5233, .T. ) ;
#1470 = AXIS2_PLACEMENT_3D ( 'NONE', #1396, #5649, #2878 ) ;
#1471 = EDGE_CURVE ( 'NONE', #284, #3748, #4943, .T. ) ;
#1472 = CYLINDRICAL_SURFACE ( 'NONE', #3839, 0.02499999900659001170 ) ;
#1473 = CARTESIAN_POINT ( 'NONE',  ( -0.5999999761580000479, -0.4999999801319999770, 0.5999999880789999018 ) ) ;
#1474 = EDGE_LOOP ( 'NONE', ( #3783, #861, #5647, #5703, #1843, #1335 ) ) ;
#1475 = ORIENTED_EDGE ( 'NONE', *, *, #727, .F. ) ;
#1476 = UNCERTAINTY_MEASURE_WITH_UNIT (LENGTH_MEASURE( 1.000000000000000082E-05 ), #1533, 'distance_accuracy_value', 'NONE');
#1477 = CIRCLE ( 'NONE', #3081, 0.1249999950329999943 ) ;
#1478 = ADVANCED_FACE ( 'NONE', ( #1724 ), #5040, .T. ) ;
#1479 = VERTEX_POINT ( 'NONE', #2142 ) ;
#1480 = DIRECTION ( 'NONE',  ( 0.000000000000000000, 0.000000000000000000, -1.000000000000000000 ) ) ;
#1481 = AXIS2_PLACEMENT_3D ( 'NONE', #883, #3820, #1852 ) ;
#1482 = CARTESIAN_POINT ( 'NONE',  ( -0.2699999892709999960, -0.1399999944370000082, 0.1000000079469999942 ) ) ;
#1484 = ORIENTED_EDGE ( 'NONE', *, *, #2049, .F. ) ;
#1483 = FILL_AREA_STYLE_COLOUR ( '', #5869 ) ;
#1485 = EDGE_CURVE ( 'NONE', #578, #5527, #3371, .T. ) ;
#1486 = DIRECTION ( 'NONE',  ( 0.000000000000000000, -1.000000000000000000, 0.000000000000000000 ) ) ;
#1487 = EDGE_LOOP ( 'NONE', ( #5396, #5588, #4825, #6127, #3706 ) ) ;
#1488 = FACE_OUTER_BOUND ( 'NONE', #3362, .T. ) ;
#1489 = LINE ( 'NONE', #3391, #1626 ) ;
#1490 = CARTESIAN_POINT ( 'NONE',  ( 0.1799999928469999955, 0.4499999821190000526, 0.4499999940400000176 ) ) ;
#1491 = EDGE_LOOP ( 'NONE', ( #2804, #5257, #2327, #5879 ) ) ;
#1492 = ORIENTED_EDGE ( 'NONE', *, *, #1162, .F. ) ;
#1493 = DIRECTION ( 'NONE',  ( -1.000000000000000000, 0.000000000000000000, 0.000000000000000000 ) ) ;
#1494 = DIRECTION ( 'NONE',  ( 0.000000000000000000, 1.000000000000000000, 0.000000000000000000 ) ) ;
#1495 = VERTEX_POINT ( 'NONE', #1210 ) ;
#1496 = CARTESIAN_POINT ( 'NONE',  ( 0.2699999892709999960, 0.2399999904629999958, 0.1000000079469999942 ) ) ;
#1497 = ORIENTED_EDGE ( 'NONE', *, *, #5060, .T. ) ;
#1498 = VERTEX_POINT ( 'NONE', #5526 ) ;
#1499 = VERTEX_POINT ( 'NONE', #5068 ) ;
#1500 = CYLINDRICAL_SURFACE ( 'NONE', #2667, 0.02499999900658999782 ) ;
#1501 = CARTESIAN_POINT ( 'NONE',  ( -0.05999999761580999957, 0.2999999880790000240, 0.3499999980130000243 ) ) ;
#1502 = CARTESIAN_POINT ( 'NONE',  ( -0.05999999761580999957, -0.2999999880790000240, 0.4499999940400000176 ) ) ;
#1503 = CARTESIAN_POINT ( 'NONE',  ( -0.05999999761580999957, -0.2999999880790000240, 0.2000000039739999735 ) ) ;
#1504 = ORIENTED_EDGE ( 'NONE', *, *, #1286, .F. ) ;
#1505 = EDGE_CURVE ( 'NONE', #4816, #5343, #3203, .T. ) ;
#1506 = VERTEX_POINT ( 'NONE', #799 ) ;
#1507 = ORIENTED_EDGE ( 'NONE', *, *, #2424, .F. ) ;
#1508 = CARTESIAN_POINT ( 'NONE',  ( -0.1199999952320000007, 0.2999999880790000240, 0.5999999880789999018 ) ) ;
#1509 = DIRECTION ( 'NONE',  ( 0.000000000000000000, 1.000000000000000000, 0.000000000000000000 ) ) ;
#1510 = ORIENTED_EDGE ( 'NONE', *, *, #5571, .F. ) ;
#1511 = ADVANCED_FACE ( 'NONE', ( #6022 ), #1983, .T. ) ;
#1512 = EDGE_CURVE ( 'NONE', #3445, #3926, #2651, .T. ) ;
#1513 = AXIS2_PLACEMENT_3D ( 'NONE', #4108, #2627, #1304 ) ;
#1514 = DIRECTION ( 'NONE',  ( 0.000000000000000000, 1.000000000000000000, 0.000000000000000000 ) ) ;
#1515 = ORIENTED_EDGE ( 'NONE', *, *, #5367, .T. ) ;
#1516 = CARTESIAN_POINT ( 'NONE',  ( -0.1199999952320000007, 0.2999999880790000240, 0.6249999870859999085 ) ) ;
#1517 =( NAMED_UNIT ( * ) SI_UNIT ( $, .STERADIAN. ) SOLID_ANGLE_UNIT ( ) );
#1518 = DIRECTION ( 'NONE',  ( 0.000000000000000000, 0.000000000000000000, -1.000000000000000000 ) ) ;
#1519 = EDGE_CURVE ( 'NONE', #4569, #3345, #3980, .T. ) ;
#1520 = VECTOR ( 'NONE', #2371, 1000.000000000000000 ) ;
#1521 = EDGE_LOOP ( 'NONE', ( #6089, #4677, #98, #3531 ) ) ;
#1522 = CARTESIAN_POINT ( 'NONE',  ( 0.6019999760789999099, 0.2999999880790000240, 0.2500000019869999535 ) ) ;
#1523 = ORIENTED_EDGE ( 'NONE', *, *, #3997, .F. ) ;
#1524 = DIRECTION ( 'NONE',  ( 0.000000000000000000, 0.000000000000000000, 1.000000000000000000 ) ) ;
#1525 = CIRCLE ( 'NONE', #3812, 0.02499999900659001170 ) ;
#1526 = LINE ( 'NONE', #2881, #5425 ) ;
#1527 = EDGE_LOOP ( 'NONE', ( #528, #2998, #2177, #2497 ) ) ;
#1528 = PRESENTATION_STYLE_ASSIGNMENT (( #219 ) ) ;
#1529 = EDGE_LOOP ( 'NONE', ( #3287, #813, #4965, #6085 ) ) ;
#1530 = CIRCLE ( 'NONE', #1420, 0.02499999900659001170 ) ;
#1531 = ORIENTED_EDGE ( 'NONE', *, *, #2592, .F. ) ;
#1532 = FACE_OUTER_BOUND ( 'NONE', #1521, .T. ) ;
#1533 =( LENGTH_UNIT ( ) NAMED_UNIT ( * ) SI_UNIT ( .MILLI., .METRE. ) );
#1534 = CARTESIAN_POINT ( 'NONE',  ( -0.1199999952320000007, 0.2999999880790000240, 0.1750000049669999946 ) ) ;
#1535 = VECTOR ( 'NONE', #5805, 1000.000000000000000 ) ;
#1536 = DIRECTION ( 'NONE',  ( 0.000000000000000000, -1.000000000000000000, 0.000000000000000000 ) ) ;
#1537 = ORIENTED_EDGE ( 'NONE', *, *, #2193, .T. ) ;
#1538 = CIRCLE ( 'NONE', #3623, 0.02499999900659001170 ) ;
#1539 = VERTEX_POINT ( 'NONE', #2515 ) ;
#1540 = DIRECTION ( 'NONE',  ( 0.000000000000000000, 1.000000000000000000, 0.000000000000000000 ) ) ;
#1541 = EDGE_CURVE ( 'NONE', #5565, #2978, #4374, .T. ) ;
#1542 = DIRECTION ( 'NONE',  ( 0.000000000000000000, -3.614007241618000193E-16, -1.000000000000000000 ) ) ;
#1543 = ORIENTED_EDGE ( 'NONE', *, *, #4438, .F. ) ;
#1545 = UNCERTAINTY_MEASURE_WITH_UNIT (LENGTH_MEASURE( 1.000000000000000082E-05 ), #934, 'distance_accuracy_value', 'NONE');
#1544 = AXIS2_PLACEMENT_3D ( 'NONE', #999, #369, #6029 ) ;
#1546 = EDGE_CURVE ( 'NONE', #2308, #4596, #2086, .T. ) ;
#1547 = AXIS2_PLACEMENT_3D ( 'NONE', #2739, #819, #3720 ) ;
#1548 = ADVANCED_FACE ( 'NONE', ( #3882 ), #1902, .T. ) ;
#1549 = CARTESIAN_POINT ( 'NONE',  ( -0.1799999928469999955, 0.000000000000000000, 0.2000000039739999735 ) ) ;
#1550 = EDGE_LOOP ( 'NONE', ( #2891, #3194, #3890, #4848 ) ) ;
#1551 = LINE ( 'NONE', #2050, #552 ) ;
#1552 =( NAMED_UNIT ( * ) PLANE_ANGLE_UNIT ( ) SI_UNIT ( $, .RADIAN. ) );
#1553 = FACE_OUTER_BOUND ( 'NONE', #6092, .T. ) ;
#1554 = ORIENTED_EDGE ( 'NONE', *, *, #1276, .T. ) ;
#1555 = VECTOR ( 'NONE', #1699, 1000.000000000000114 ) ;
#1556 = AXIS2_PLACEMENT_3D ( 'NONE', #475, #3440, #4971 ) ;
#1557 = CIRCLE ( 'NONE', #2848, 0.02499999900659001170 ) ;
#1558 = EDGE_LOOP ( 'NONE', ( #53, #5760, #613, #3337 ) ) ;
#1559 = CIRCLE ( 'NONE', #3844, 0.1749999930459999464 ) ;
#1560 = EDGE_CURVE ( 'NONE', #1905, #3274, #1008, .T. ) ;
#1561 = LINE ( 'NONE', #1146, #4641 ) ;
#1562 = VECTOR ( 'NONE', #345, 1000.000000000000114 ) ;
#1563 = PRESENTATION_STYLE_ASSIGNMENT (( #5335 ) ) ;
#1564 = LINE ( 'NONE', #5424, #4590 ) ;
#1565 = ORIENTED_EDGE ( 'NONE', *, *, #673, .T. ) ;
#1566 = DIRECTION ( 'NONE',  ( 0.000000000000000000, 0.000000000000000000, 1.000000000000000000 ) ) ;
#1567 = CLOSED_SHELL ( 'NONE', ( #5030, #3835, #4886, #1775, #4101, #4015, #5815, #4095, #14, #994, #2741, #5939, #308, #2869, #2902, #99, #1107, #115 ) ) ;
#1568 = COLOUR_RGB ( '',1.000000000000000000, 1.000000000000000000, 1.000000000000000000 ) ;
#1569 = ORIENTED_EDGE ( 'NONE', *, *, #927, .F. ) ;
#1570 = ORIENTED_EDGE ( 'NONE', *, *, #5308, .F. ) ;
#1571 = EDGE_CURVE ( 'NONE', #522, #4038, #3, .T. ) ;
#1572 =( LENGTH_UNIT ( ) NAMED_UNIT ( * ) SI_UNIT ( .MILLI., .METRE. ) );
#1573 = VECTOR ( 'NONE', #1014, 1000.000000000000000 ) ;
#1574 = PLANE ( 'NONE',  #849 ) ;
#1575 = DIRECTION ( 'NONE',  ( 0.000000000000000000, 0.000000000000000000, 1.000000000000000000 ) ) ;
#1576 = PLANE ( 'NONE',  #4722 ) ;
#1577 = ORIENTED_EDGE ( 'NONE', *, *, #2602, .F. ) ;
#1578 = AXIS2_PLACEMENT_3D ( 'NONE', #472, #6097, #3912 ) ;
#1579 = SURFACE_STYLE_FILL_AREA ( #3594 ) ;
#1580 = CARTESIAN_POINT ( 'NONE',  ( -0.1799999928469999955, -0.2999999880790000240, 0.4499999940400000176 ) ) ;
#1581 =( GEOMETRIC_REPRESENTATION_CONTEXT ( 3 ) GLOBAL_UNCERTAINTY_ASSIGNED_CONTEXT ( ( #3486 ) ) GLOBAL_UNIT_ASSIGNED_CONTEXT ( ( #90, #2942, #5621 ) ) REPRESENTATION_CONTEXT ( 'NONE', 'WORKASPACE' ) );
#1582 =( NAMED_UNIT ( * ) PLANE_ANGLE_UNIT ( ) SI_UNIT ( $, .RADIAN. ) );
#1583 = CIRCLE ( 'NONE', #2078, 0.1749999930459999742 ) ;
#1584 = DIRECTION ( 'NONE',  ( 0.000000000000000000, 1.000000000000000000, 0.000000000000000000 ) ) ;
#1585 = FACE_OUTER_BOUND ( 'NONE', #5926, .T. ) ;
#1586 = LINE ( 'NONE', #4897, #2960 ) ;
#1587 = CARTESIAN_POINT ( 'NONE',  ( 3.061616876211000089E-18, 0.4249999831119999905, 0.4499999940400000176 ) ) ;
#1588 = CARTESIAN_POINT ( 'NONE',  ( -0.5999999761580000479, 0.1399999944370000082, 1.192092846658000078E-08 ) ) ;
#1589 = EDGE_CURVE ( 'NONE', #4080, #2884, #4271, .T. ) ;
#1590 = CIRCLE ( 'NONE', #1679, 0.02499999900659001170 ) ;
#1591 = ADVANCED_FACE ( 'NONE', ( #2037 ), #5433, .T. ) ;
#1592 = AXIS2_PLACEMENT_3D ( 'NONE', #2673, #4487, #4548 ) ;
#1593 = CARTESIAN_POINT ( 'NONE',  ( -0.5999999761580000479, -0.4999999801319999770, 0.1000000079469999942 ) ) ;
#1594 = PLANE ( 'NONE',  #5022 ) ;
#1595 = DIRECTION ( 'NONE',  ( 0.000000000000000000, 0.000000000000000000, -1.000000000000000000 ) ) ;
#1596 = ORIENTED_EDGE ( 'NONE', *, *, #4436, .T. ) ;
#1597 = DIRECTION ( 'NONE',  ( 0.000000000000000000, -1.000000000000000000, 0.000000000000000000 ) ) ;
#1598 = STYLED_ITEM ( 'NONE', ( #6034 ), #1749 ) ;
#1599 = ORIENTED_EDGE ( 'NONE', *, *, #1840, .F. ) ;
#1600 = VERTEX_POINT ( 'NONE', #5310 ) ;
#1601 = SURFACE_STYLE_FILL_AREA ( #4396 ) ;
#1602 = CARTESIAN_POINT ( 'NONE',  ( 0.05999999761580999957, 0.4499999821190000526, 0.3499999980130000243 ) ) ;
#1603 = FILL_AREA_STYLE ('',( #3103 ) ) ;
#1604 = FILL_AREA_STYLE_COLOUR ( '', #5314 ) ;
#1605 = ADVANCED_FACE ( 'NONE', ( #474 ), #3375, .F. ) ;
#1606 = EDGE_LOOP ( 'NONE', ( #6054, #2552, #3523, #2099 ) ) ;
#1607 = DIRECTION ( 'NONE',  ( 0.000000000000000000, -1.000000000000000000, 0.000000000000000000 ) ) ;
#1608 = ORIENTED_EDGE ( 'NONE', *, *, #2196, .T. ) ;
#1609 = DIRECTION ( 'NONE',  ( 0.000000000000000000, -1.000000000000000000, 0.000000000000000000 ) ) ;
#1610 = DIRECTION ( 'NONE',  ( 0.000000000000000000, 1.000000000000000000, 0.000000000000000000 ) ) ;
#1611 = CARTESIAN_POINT ( 'NONE',  ( 0.5999999761580000479, -0.4999999801319999770, 0.5999999880789999018 ) ) ;
#1612 = CARTESIAN_POINT ( 'NONE',  ( 0.5999999761580000479, 0.4999999801319999770, 0.5999999880789999018 ) ) ;
#1613 = DIRECTION ( 'NONE',  ( 0.000000000000000000, -1.000000000000000000, 0.000000000000000000 ) ) ;
#1614 = DIRECTION ( 'NONE',  ( 0.000000000000000000, 0.000000000000000000, 1.000000000000000000 ) ) ;
#1615 = ADVANCED_FACE ( 'NONE', ( #2852 ), #4727, .F. ) ;
#1616 = SURFACE_STYLE_FILL_AREA ( #597 ) ;
#1617 = EDGE_LOOP ( 'NONE', ( #4306, #3618, #995, #1121 ) ) ;
#1618 = PLANE ( 'NONE',  #3212 ) ;
#1619 = AXIS2_PLACEMENT_3D ( 'NONE', #2185, #6028, #1793 ) ;
#1620 = PRESENTATION_STYLE_ASSIGNMENT (( #3999 ) ) ;
#1621 = EDGE_CURVE ( 'NONE', #4369, #3917, #5048, .T. ) ;
#1622 = ADVANCED_FACE ( 'NONE', ( #3475 ), #2386, .T. ) ;
#1623 = DIRECTION ( 'NONE',  ( -1.000000000000000000, 0.000000000000000000, 0.000000000000000000 ) ) ;
#1624 = DIRECTION ( 'NONE',  ( -1.000000000000000000, 0.000000000000000000, 3.252606517456999931E-16 ) ) ;
#1625 = LINE ( 'NONE', #134, #1844 ) ;
#1626 = VECTOR ( 'NONE', #551, 1000.000000000000000 ) ;
#1627 = CARTESIAN_POINT ( 'NONE',  ( -0.1799999928469999955, 0.2999999880790000240, 0.5999999880789999018 ) ) ;
#1628 = PRESENTATION_LAYER_ASSIGNMENT (  '', '', ( #142 ) ) ;
#1629 = DIRECTION ( 'NONE',  ( 0.000000000000000000, 0.000000000000000000, 1.000000000000000000 ) ) ;
#1631 = ORIENTED_EDGE ( 'NONE', *, *, #4966, .T. ) ;
#1630 = DIRECTION ( 'NONE',  ( 0.000000000000000000, 1.000000000000000000, 0.000000000000000000 ) ) ;
#1632 = VERTEX_POINT ( 'NONE', #290 ) ;
#1633 = CIRCLE ( 'NONE', #5666, 0.02499999900659001170 ) ;
#1634 = DIRECTION ( 'NONE',  ( 0.000000000000000000, 1.084202172486000036E-15, -1.000000000000000000 ) ) ;
#1635 = ADVANCED_FACE ( 'NONE', ( #4462 ), #5916, .T. ) ;
#1636 = FACE_OUTER_BOUND ( 'NONE', #5969, .T. ) ;
#1637 = CARTESIAN_POINT ( 'NONE',  ( 0.05999999761580999957, 0.2999999880790000240, 0.6249999870859999085 ) ) ;
#1638 = AXIS2_PLACEMENT_3D ( 'NONE', #5429, #719, #3125 ) ;
#1639 = DIRECTION ( 'NONE',  ( -1.000000000000000000, 0.000000000000000000, 0.000000000000000000 ) ) ;
#1640 = SURFACE_STYLE_FILL_AREA ( #1761 ) ;
#1641 = DIRECTION ( 'NONE',  ( 0.000000000000000000, 0.000000000000000000, 1.000000000000000000 ) ) ;
#1642 = DIRECTION ( 'NONE',  ( 0.000000000000000000, 1.000000000000000000, 0.000000000000000000 ) ) ;
#1643 = STYLED_ITEM ( 'NONE', ( #4181 ), #4682 ) ;
#1644 = MECHANICAL_DESIGN_GEOMETRIC_PRESENTATION_REPRESENTATION (  '', ( #3449 ), #4223 ) ;
#1645 = ORIENTED_EDGE ( 'NONE', *, *, #1299, .T. ) ;
#1646 = VECTOR ( 'NONE', #2611, 1000.000000000000000 ) ;
#1647 = VECTOR ( 'NONE', #5946, 1000.000000000000000 ) ;
#1648 = CARTESIAN_POINT ( 'NONE',  ( 0.1799999928469999955, 0.4499999821190000526, 0.3499999980130000243 ) ) ;
#1649 =( NAMED_UNIT ( * ) PLANE_ANGLE_UNIT ( ) SI_UNIT ( $, .RADIAN. ) );
#1650 = SURFACE_STYLE_USAGE ( .BOTH. , #3074 ) ;
#1651 = COLOUR_RGB ( '',0.5019607843137254832, 0.5019607843137254832, 0.5019607843137254832 ) ;
#1652 = EDGE_CURVE ( 'NONE', #1830, #1070, #4969, .T. ) ;
#1653 = ADVANCED_FACE ( 'NONE', ( #3945 ), #2580, .F. ) ;
#1654 = AXIS2_PLACEMENT_3D ( 'NONE', #3691, #3173, #797 ) ;
#1655 = CYLINDRICAL_SURFACE ( 'NONE', #73, 0.02499999900659001170 ) ;
#1656 = VECTOR ( 'NONE', #3823, 1000.000000000000000 ) ;
#1657 = CARTESIAN_POINT ( 'NONE',  ( -0.1799999928469999955, -0.2999999880790000240, 0.3499999980130000243 ) ) ;
#1659 = ORIENTED_EDGE ( 'NONE', *, *, #3918, .F. ) ;
#1658 = CYLINDRICAL_SURFACE ( 'NONE', #4696, 0.02499999900659001170 ) ;
#1660 =( GEOMETRIC_REPRESENTATION_CONTEXT ( 3 ) GLOBAL_UNCERTAINTY_ASSIGNED_CONTEXT ( ( #301 ) ) GLOBAL_UNIT_ASSIGNED_CONTEXT ( ( #1371, #2764, #3687 ) ) REPRESENTATION_CONTEXT ( 'NONE', 'WORKASPACE' ) );
#1661 = ORIENTED_EDGE ( 'NONE', *, *, #1964, .F. ) ;
#1662 = EDGE_CURVE ( 'NONE', #5887, #4432, #1379, .T. ) ;
#1663 = CARTESIAN_POINT ( 'NONE',  ( -3.061616876211000089E-18, -0.4249999831119999905, 0.4499999940400000176 ) ) ;
#1664 = COLOUR_RGB ( '',1.000000000000000000, 1.000000000000000000, 1.000000000000000000 ) ;
#1665 = DIRECTION ( 'NONE',  ( 0.000000000000000000, 0.000000000000000000, -1.000000000000000000 ) ) ;
#1666 = CARTESIAN_POINT ( 'NONE',  ( -0.1799999928469999955, 0.4249999831119999905, 0.4499999940400000176 ) ) ;
#1667 = DIRECTION ( 'NONE',  ( 0.000000000000000000, 0.000000000000000000, 1.000000000000000000 ) ) ;
#1668 = CARTESIAN_POINT ( 'NONE',  ( 0.1799999928469999955, 0.2999999880790000240, 0.6249999870859999085 ) ) ;
#1669 = DIRECTION ( 'NONE',  ( 0.000000000000000000, 0.000000000000000000, -1.000000000000000000 ) ) ;
#1670 = CIRCLE ( 'NONE', #1988, 0.02499999900658995966 ) ;
#1671 = AXIS2_PLACEMENT_3D ( 'NONE', #2566, #5333, #2533 ) ;
#1672 = EDGE_CURVE ( 'NONE', #3906, #1824, #1685, .T. ) ;
#1673 = EDGE_LOOP ( 'NONE', ( #3782, #5170, #2409, #608, #1465 ) ) ;
#1674 = AXIS2_PLACEMENT_3D ( 'NONE', #5687, #3399, #430 ) ;
#1675 = SURFACE_SIDE_STYLE ('',( #3637 ) ) ;
#1676 = VECTOR ( 'NONE', #3089, 1000.000000000000000 ) ;
#1677 = LINE ( 'NONE', #247, #3709 ) ;
#1678 = DIRECTION ( 'NONE',  ( 0.000000000000000000, 0.000000000000000000, -1.000000000000000000 ) ) ;
#1679 = AXIS2_PLACEMENT_3D ( 'NONE', #2972, #5749, #1518 ) ;
#1680 = ORIENTED_EDGE ( 'NONE', *, *, #3382, .T. ) ;
#1681 = AXIS2_PLACEMENT_3D ( 'NONE', #1212, #2203, #3114 ) ;
#1682 = CARTESIAN_POINT ( 'NONE',  ( 0.1199999952320000007, -0.2999999880790000240, 0.5999999880789999018 ) ) ;
#1683 =( NAMED_UNIT ( * ) PLANE_ANGLE_UNIT ( ) SI_UNIT ( $, .RADIAN. ) );
#1684 = DIRECTION ( 'NONE',  ( 0.000000000000000000, -1.000000000000000000, 0.000000000000000000 ) ) ;
#1685 = LINE ( 'NONE', #2072, #5529 ) ;
#1686 = AXIS2_PLACEMENT_3D ( 'NONE', #343, #3191, #5082 ) ;
#1687 = SURFACE_SIDE_STYLE ('',( #2274 ) ) ;
#1688 = EDGE_LOOP ( 'NONE', ( #5443, #407, #506, #2171, #3887 ) ) ;
#1689 = VERTEX_POINT ( 'NONE', #5795 ) ;
#1690 = DIRECTION ( 'NONE',  ( 0.000000000000000000, 1.000000000000000000, 0.000000000000000000 ) ) ;
#1691 = CARTESIAN_POINT ( 'NONE',  ( -0.1199999952320000007, 0.2999999880790000240, 0.4499999940400000176 ) ) ;
#1692 = EDGE_CURVE ( 'NONE', #3379, #724, #1158, .T. ) ;
#1694 = ORIENTED_EDGE ( 'NONE', *, *, #2710, .F. ) ;
#1693 = CARTESIAN_POINT ( 'NONE',  ( 0.05999999761580999957, -0.2999999880790000240, 0.1750000049669999946 ) ) ;
#1695 = ORIENTED_EDGE ( 'NONE', *, *, #711, .F. ) ;
#1696 = EDGE_LOOP ( 'NONE', ( #2074, #5729, #5157, #3751, #3107, #584, #1859, #2439 ) ) ;
#1697 = ORIENTED_EDGE ( 'NONE', *, *, #1471, .T. ) ;
#1698 = CARTESIAN_POINT ( 'NONE',  ( -0.1799999928469999955, 0.4499999821190000526, 0.4499999940400000176 ) ) ;
#1699 = DIRECTION ( 'NONE',  ( 0.7071067811865474617, 0.7071067811865474617, 0.000000000000000000 ) ) ;
#1700 = CARTESIAN_POINT ( 'NONE',  ( 0.2699999892709999960, -0.4999999801319999770, 0.1000000079469999942 ) ) ;
#1701 = DIRECTION ( 'NONE',  ( 0.000000000000000000, -1.000000000000000000, 0.000000000000000000 ) ) ;
#1702 = DIRECTION ( 'NONE',  ( 0.000000000000000000, 1.000000000000000000, 0.000000000000000000 ) ) ;
#1703 = ORIENTED_EDGE ( 'NONE', *, *, #3131, .T. ) ;
#1704 = DIRECTION ( 'NONE',  ( 0.000000000000000000, 0.000000000000000000, -1.000000000000000000 ) ) ;
#1705 = SURFACE_STYLE_FILL_AREA ( #4566 ) ;
#1706 = ADVANCED_FACE ( 'NONE', ( #169, #3976 ), #4910, .F. ) ;
#1707 = SURFACE_STYLE_FILL_AREA ( #5967 ) ;
#1708 = DIRECTION ( 'NONE',  ( 0.000000000000000000, 1.084202172486000036E-15, -1.000000000000000000 ) ) ;
#1709 = FACE_OUTER_BOUND ( 'NONE', #4298, .T. ) ;
#1710 = CARTESIAN_POINT ( 'NONE',  ( 0.05999999761580999957, -0.4499999821190000526, 0.4499999940400000176 ) ) ;
#1711 = VECTOR ( 'NONE', #422, 1000.000000000000000 ) ;
#1712 = DIRECTION ( 'NONE',  ( 0.000000000000000000, 0.000000000000000000, 1.000000000000000000 ) ) ;
#1713 = CARTESIAN_POINT ( 'NONE',  ( -0.3699999852979999893, 0.1399999944370000082, 1.192092846658000078E-08 ) ) ;
#1714 = VERTEX_POINT ( 'NONE', #1713 ) ;
#1715 = DIRECTION ( 'NONE',  ( -1.000000000000000000, 0.000000000000000000, 1.807003620808999850E-16 ) ) ;
#1716 = ORIENTED_EDGE ( 'NONE', *, *, #5098, .F. ) ;
#1717 = AXIS2_PLACEMENT_3D ( 'NONE', #3182, #3727, #2661 ) ;
#1718 = PLANE ( 'NONE',  #2365 ) ;
#1719 = FILL_AREA_STYLE_COLOUR ( '', #4820 ) ;
#1720 = STYLED_ITEM ( 'NONE', ( #4532 ), #2531 ) ;
#1721 = DIRECTION ( 'NONE',  ( 0.000000000000000000, 1.000000000000000000, 0.000000000000000000 ) ) ;
#1722 = EDGE_CURVE ( 'NONE', #900, #4666, #3682, .T. ) ;
#1723 = FACE_OUTER_BOUND ( 'NONE', #1003, .T. ) ;
#1724 = FACE_OUTER_BOUND ( 'NONE', #860, .T. ) ;
#1725 = VERTEX_POINT ( 'NONE', #4629 ) ;
#1726 = DIRECTION ( 'NONE',  ( 0.000000000000000000, 0.000000000000000000, 1.000000000000000000 ) ) ;
#1727 =( LENGTH_UNIT ( ) NAMED_UNIT ( * ) SI_UNIT ( .MILLI., .METRE. ) );
#1728 = DIRECTION ( 'NONE',  ( 0.000000000000000000, 0.000000000000000000, 1.000000000000000000 ) ) ;
#1729 = CIRCLE ( 'NONE', #244, 0.02499999900659001170 ) ;
#1730 = EDGE_CURVE ( 'NONE', #3345, #4569, #4268, .T. ) ;
#1731 = ADVANCED_FACE ( 'NONE', ( #5540 ), #4081, .T. ) ;
#1732 = CIRCLE ( 'NONE', #2231, 0.02499999900659001170 ) ;
#1733 = CARTESIAN_POINT ( 'NONE',  ( -3.061616876211000089E-18, 0.2999999880790000240, 0.2250000029800000023 ) ) ;
#1734 = CARTESIAN_POINT ( 'NONE',  ( 0.5999999761580000479, 0.1399999944370000082, 1.192092879965000017E-08 ) ) ;
#1735 = CARTESIAN_POINT ( 'NONE',  ( 0.000000000000000000, 0.000000000000000000, 0.1000000079469999942 ) ) ;
#1736 = DIRECTION ( 'NONE',  ( -1.000000000000000000, 0.000000000000000000, 0.000000000000000000 ) ) ;
#1737 = AXIS2_PLACEMENT_3D ( 'NONE', #2644, #3079, #4889 ) ;
#1738 = ORIENTED_EDGE ( 'NONE', *, *, #2349, .T. ) ;
#1739 = EDGE_CURVE ( 'NONE', #2017, #4779, #302, .T. ) ;
#1740 = FACE_OUTER_BOUND ( 'NONE', #4236, .T. ) ;
#1741 = VECTOR ( 'NONE', #973, 1000.000000000000000 ) ;
#1742 = DIRECTION ( 'NONE',  ( -3.252606517456999931E-16, 0.000000000000000000, -1.000000000000000000 ) ) ;
#1743 = CARTESIAN_POINT ( 'NONE',  ( 0.1199999952320000007, 0.2999999880790000240, 0.4499999940400000176 ) ) ;
#1744 = ORIENTED_EDGE ( 'NONE', *, *, #4992, .T. ) ;
#1745 = DIRECTION ( 'NONE',  ( 0.000000000000000000, 0.000000000000000000, -1.000000000000000000 ) ) ;
#1746 = VERTEX_POINT ( 'NONE', #2791 ) ;
#1747 =( GEOMETRIC_REPRESENTATION_CONTEXT ( 3 ) GLOBAL_UNCERTAINTY_ASSIGNED_CONTEXT ( ( #2489 ) ) GLOBAL_UNIT_ASSIGNED_CONTEXT ( ( #508, #5659, #1438 ) ) REPRESENTATION_CONTEXT ( 'NONE', 'WORKASPACE' ) );
#1748 = TOROIDAL_SURFACE ( 'NONE', #1060, 0.1499999940400000287, 0.02499999900658999782 ) ;
#1749 = ADVANCED_FACE ( 'NONE', ( #786 ), #5975, .F. ) ;
#1750 = PRESENTATION_STYLE_ASSIGNMENT (( #403 ) ) ;
#1751 = AXIS2_PLACEMENT_3D ( 'NONE', #4528, #5010, #768 ) ;
#1752 = CARTESIAN_POINT ( 'NONE',  ( 0.1199999952320000007, -0.2999999880790000240, 0.4499999940400000176 ) ) ;
#1753 = VECTOR ( 'NONE', #4296, 1000.000000000000000 ) ;
#1754 = COLOUR_RGB ( '',1.000000000000000000, 1.000000000000000000, 1.000000000000000000 ) ;
#1755 = ORIENTED_EDGE ( 'NONE', *, *, #3298, .F. ) ;
#1756 = ORIENTED_EDGE ( 'NONE', *, *, #5131, .T. ) ;
#1757 = DIRECTION ( 'NONE',  ( 0.000000000000000000, 1.000000000000000000, 0.000000000000000000 ) ) ;
#1758 = STYLED_ITEM ( 'NONE', ( #2985 ), #567 ) ;
#1759 = DIRECTION ( 'NONE',  ( 0.000000000000000000, 0.000000000000000000, 1.000000000000000000 ) ) ;
#1760 = CARTESIAN_POINT ( 'NONE',  ( 0.1199999952320000007, 0.4249999831119999905, 0.4499999940400000176 ) ) ;
#1761 = FILL_AREA_STYLE ('',( #822 ) ) ;
#1762 = CARTESIAN_POINT ( 'NONE',  ( -0.05999999761580999957, 0.4499999821190000526, 0.3499999980130000243 ) ) ;
#1763 =( LENGTH_UNIT ( ) NAMED_UNIT ( * ) SI_UNIT ( .MILLI., .METRE. ) );
#1764 = ORIENTED_EDGE ( 'NONE', *, *, #643, .T. ) ;
#1765 = CARTESIAN_POINT ( 'NONE',  ( 0.1199999952320000007, 0.2999999880790000240, 0.2000000039739999735 ) ) ;
#1766 = EDGE_CURVE ( 'NONE', #2441, #2343, #5531, .T. ) ;
#1767 = CIRCLE ( 'NONE', #4555, 0.02499999900659001170 ) ;
#1768 = EDGE_CURVE ( 'NONE', #2275, #5813, #5056, .T. ) ;
#1769 = VECTOR ( 'NONE', #1415, 1000.000000000000000 ) ;
#1770 = DIRECTION ( 'NONE',  ( 1.000000000000000000, 0.000000000000000000, 0.000000000000000000 ) ) ;
#1771 = SURFACE_STYLE_FILL_AREA ( #5973 ) ;
#1772 = DIRECTION ( 'NONE',  ( 0.000000000000000000, 0.000000000000000000, -1.000000000000000000 ) ) ;
#1773 = DIRECTION ( 'NONE',  ( 0.000000000000000000, 1.000000000000000000, 0.000000000000000000 ) ) ;
#1774 = ORIENTED_EDGE ( 'NONE', *, *, #3505, .F. ) ;
#1775 = ADVANCED_FACE ( 'NONE', ( #5595 ), #5140, .T. ) ;
#1776 = VERTEX_POINT ( 'NONE', #4142 ) ;
#1777 = EDGE_LOOP ( 'NONE', ( #3127, #128, #2728, #5948 ) ) ;
#1778 = MECHANICAL_DESIGN_GEOMETRIC_PRESENTATION_REPRESENTATION (  '', ( #200 ), #4947 ) ;
#1779 = CYLINDRICAL_SURFACE ( 'NONE', #4913, 0.02499999900658995966 ) ;
#1780 = AXIS2_PLACEMENT_3D ( 'NONE', #3634, #1274, #801 ) ;
#1781 = ADVANCED_FACE ( 'NONE', ( #372 ), #4475, .T. ) ;
#1782 = ORIENTED_EDGE ( 'NONE', *, *, #4023, .F. ) ;
#1783 = ORIENTED_EDGE ( 'NONE', *, *, #1068, .T. ) ;
#1784 = ORIENTED_EDGE ( 'NONE', *, *, #5888, .T. ) ;
#1785 = PLANE ( 'NONE',  #5589 ) ;
#1786 = DIRECTION ( 'NONE',  ( 0.000000000000000000, -1.000000000000000000, 0.000000000000000000 ) ) ;
#1787 = CARTESIAN_POINT ( 'NONE',  ( 0.1799999928469999955, 0.000000000000000000, 0.2000000039739999735 ) ) ;
#1788 = SURFACE_SIDE_STYLE ('',( #6023 ) ) ;
#1789 = DIRECTION ( 'NONE',  ( 0.000000000000000000, -3.614007241618000193E-16, -1.000000000000000000 ) ) ;
#1790 = SURFACE_STYLE_USAGE ( .BOTH. , #1675 ) ;
#1791 = CARTESIAN_POINT ( 'NONE',  ( 0.2699999892709999960, 0.4999999801319999770, 0.5999999880789999018 ) ) ;
#1792 = FILL_AREA_STYLE_COLOUR ( '', #531 ) ;
#1793 = DIRECTION ( 'NONE',  ( 0.000000000000000000, 1.000000000000000000, 0.000000000000000000 ) ) ;
#1794 = EDGE_CURVE ( 'NONE', #6103, #6120, #3214, .T. ) ;
#1795 = CARTESIAN_POINT ( 'NONE',  ( 0.2699999892709999960, -0.3999999841049999838, 0.4499999940400000176 ) ) ;
#1796 = DIRECTION ( 'NONE',  ( 1.000000000000000000, 0.000000000000000000, 0.000000000000000000 ) ) ;
#1797 = CARTESIAN_POINT ( 'NONE',  ( 0.000000000000000000, -0.2999999880790000240, 0.1750000049669999946 ) ) ;
#1798 = ORIENTED_EDGE ( 'NONE', *, *, #3500, .F. ) ;
#1799 = DIRECTION ( 'NONE',  ( 0.000000000000000000, 1.000000000000000000, 0.000000000000000000 ) ) ;
#1800 = ORIENTED_EDGE ( 'NONE', *, *, #5091, .F. ) ;
#1801 = EDGE_CURVE ( 'NONE', #4844, #5930, #5934, .T. ) ;
#1802 = EDGE_CURVE ( 'NONE', #4666, #929, #2977, .T. ) ;
#1803 = PLANE ( 'NONE',  #3733 ) ;
#1804 = DIRECTION ( 'NONE',  ( 0.000000000000000000, 0.000000000000000000, 1.000000000000000000 ) ) ;
#1805 = EDGE_LOOP ( 'NONE', ( #3487, #3435, #6035, #1024 ) ) ;
#1806 = VECTOR ( 'NONE', #5585, 1000.000000000000000 ) ;
#1807 = ORIENTED_EDGE ( 'NONE', *, *, #3572, .F. ) ;
#1808 = VERTEX_POINT ( 'NONE', #2912 ) ;
#1809 = EDGE_CURVE ( 'NONE', #445, #543, #101, .T. ) ;
#1810 =( LENGTH_UNIT ( ) NAMED_UNIT ( * ) SI_UNIT ( .MILLI., .METRE. ) );
#1811 = AXIS2_PLACEMENT_3D ( 'NONE', #4483, #2149, #5362 ) ;
#1812 = DIRECTION ( 'NONE',  ( 0.000000000000000000, 0.000000000000000000, 1.000000000000000000 ) ) ;
#1813 = ORIENTED_EDGE ( 'NONE', *, *, #2237, .F. ) ;
#1814 = SURFACE_SIDE_STYLE ('',( #2392 ) ) ;
#1815 = CYLINDRICAL_SURFACE ( 'NONE', #993, 0.02499999900658999435 ) ;
#1816 = VECTOR ( 'NONE', #2022, 1000.000000000000000 ) ;
#1817 = EDGE_CURVE ( 'NONE', #4877, #2907, #4383, .T. ) ;
#1818 = DIRECTION ( 'NONE',  ( 0.000000000000000000, 0.000000000000000000, 1.000000000000000000 ) ) ;
#1819 = VECTOR ( 'NONE', #2899, 1000.000000000000000 ) ;
#1820 = PRESENTATION_STYLE_ASSIGNMENT (( #2234 ) ) ;
#1821 = DIRECTION ( 'NONE',  ( 0.000000000000000000, 1.084202172486000036E-15, -1.000000000000000000 ) ) ;
#1822 = ORIENTED_EDGE ( 'NONE', *, *, #3196, .T. ) ;
#1823 = VECTOR ( 'NONE', #313, 1000.000000000000000 ) ;
#1824 = VERTEX_POINT ( 'NONE', #1062 ) ;
#1825 = FACE_OUTER_BOUND ( 'NONE', #3418, .T. ) ;
#1826 = DIRECTION ( 'NONE',  ( 0.000000000000000000, -1.000000000000000000, 0.000000000000000000 ) ) ;
#1827 = EDGE_LOOP ( 'NONE', ( #505, #5637, #3766, #3350 ) ) ;
#1828 = FACE_OUTER_BOUND ( 'NONE', #968, .T. ) ;
#1829 = AXIS2_PLACEMENT_3D ( 'NONE', #2787, #3271, #5592 ) ;
#1830 = VERTEX_POINT ( 'NONE', #2436 ) ;
#1831 = ORIENTED_EDGE ( 'NONE', *, *, #3803, .F. ) ;
#1832 = ORIENTED_EDGE ( 'NONE', *, *, #5609, .F. ) ;
#1833 = FACE_OUTER_BOUND ( 'NONE', #2900, .T. ) ;
#1834 = ORIENTED_EDGE ( 'NONE', *, *, #3297, .T. ) ;
#1835 = AXIS2_PLACEMENT_3D ( 'NONE', #3513, #4385, #5291 ) ;
#1836 = ORIENTED_EDGE ( 'NONE', *, *, #6004, .T. ) ;
#1837 = EDGE_CURVE ( 'NONE', #1267, #4949, #1670, .T. ) ;
#1839 = AXIS2_PLACEMENT_3D ( 'NONE', #2043, #4974, #5836 ) ;
#1838 = UNCERTAINTY_MEASURE_WITH_UNIT (LENGTH_MEASURE( 1.000000000000000082E-05 ), #6078, 'distance_accuracy_value', 'NONE');
#1840 = EDGE_CURVE ( 'NONE', #1506, #4419, #5922, .T. ) ;
#1841 = EDGE_LOOP ( 'NONE', ( #3075, #1570, #4520, #3347, #398, #2982 ) ) ;
#1842 = VECTOR ( 'NONE', #3543, 1000.000000000000000 ) ;
#1843 = ORIENTED_EDGE ( 'NONE', *, *, #2547, .F. ) ;
#1844 = VECTOR ( 'NONE', #1106, 1000.000000000000000 ) ;
#1845 = FACE_OUTER_BOUND ( 'NONE', #3939, .T. ) ;
#1846 = VECTOR ( 'NONE', #1255, 1000.000000000000000 ) ;
#1847 = DIRECTION ( 'NONE',  ( 1.000000000000000000, 0.000000000000000000, 0.000000000000000000 ) ) ;
#1848 = FILL_AREA_STYLE ('',( #1483 ) ) ;
#1849 = FILL_AREA_STYLE ('',( #5613 ) ) ;
#1850 = AXIS2_PLACEMENT_3D ( 'NONE', #2814, #2880, #4683 ) ;
#1851 = AXIS2_PLACEMENT_3D ( 'NONE', #4639, #1298, #4178 ) ;
#1852 = DIRECTION ( 'NONE',  ( 0.000000000000000000, -1.000000000000000000, 0.000000000000000000 ) ) ;
#1853 = CIRCLE ( 'NONE', #5306, 0.02499999900659001170 ) ;
#1854 = FILL_AREA_STYLE ('',( #2872 ) ) ;
#1855 = CARTESIAN_POINT ( 'NONE',  ( 0.05999999761580999957, 0.2999999880790000240, 0.5999999880789999018 ) ) ;
#1856 = CARTESIAN_POINT ( 'NONE',  ( -0.05999999761580999957, 0.2999999880790000240, 0.5999999880789999018 ) ) ;
#1857 = EDGE_CURVE ( 'NONE', #767, #1236, #592, .T. ) ;
#1858 = VECTOR ( 'NONE', #5119, 1000.000000000000000 ) ;
#1859 = ORIENTED_EDGE ( 'NONE', *, *, #4680, .F. ) ;
#1860 = DIRECTION ( 'NONE',  ( 0.000000000000000000, 0.000000000000000000, -1.000000000000000000 ) ) ;
#1861 = FILL_AREA_STYLE ('',( #2402 ) ) ;
#1862 = LINE ( 'NONE', #4782, #3648 ) ;
#1863 = DIRECTION ( 'NONE',  ( 0.000000000000000000, -1.000000000000000000, 0.000000000000000000 ) ) ;
#1864 = ORIENTED_EDGE ( 'NONE', *, *, #2860, .F. ) ;
#1865 = FACE_OUTER_BOUND ( 'NONE', #2637, .T. ) ;
#1866 = ORIENTED_EDGE ( 'NONE', *, *, #4817, .T. ) ;
#1867 = EDGE_LOOP ( 'NONE', ( #5927, #5822, #3471, #4880 ) ) ;
#1868 = AXIS2_PLACEMENT_3D ( 'NONE', #825, #5906, #744 ) ;
#1869 = EDGE_LOOP ( 'NONE', ( #267, #4711, #5365, #4032, #1457, #1069 ) ) ;
#1870 = DIRECTION ( 'NONE',  ( -1.000000000000000000, 0.000000000000000000, 0.000000000000000000 ) ) ;
#1871 = FACE_OUTER_BOUND ( 'NONE', #304, .T. ) ;
#1872 = FILL_AREA_STYLE ('',( #5765 ) ) ;
#1873 = DIRECTION ( 'NONE',  ( 0.000000000000000000, 0.000000000000000000, -1.000000000000000000 ) ) ;
#1874 = ORIENTED_EDGE ( 'NONE', *, *, #4842, .F. ) ;
#1875 = AXIS2_PLACEMENT_3D ( 'NONE', #919, #5106, #392 ) ;
#1876 = ORIENTED_EDGE ( 'NONE', *, *, #5738, .T. ) ;
#1877 = ORIENTED_EDGE ( 'NONE', *, *, #3614, .T. ) ;
#1878 = DIRECTION ( 'NONE',  ( 0.7071067811865474617, 0.7071067811865474617, 0.000000000000000000 ) ) ;
#1879 = EDGE_CURVE ( 'NONE', #3369, #431, #1526, .T. ) ;
#1880 = DIRECTION ( 'NONE',  ( 0.7071067811865474617, -0.7071067811865474617, 0.000000000000000000 ) ) ;
#1882 = ORIENTED_EDGE ( 'NONE', *, *, #1259, .T. ) ;
#1881 = DIRECTION ( 'NONE',  ( -1.000000000000000000, 0.000000000000000000, 0.000000000000000000 ) ) ;
#1883 = AXIS2_PLACEMENT_3D ( 'NONE', #3244, #3681, #1773 ) ;
#1884 = EDGE_CURVE ( 'NONE', #5720, #868, #3565, .T. ) ;
#1885 = EDGE_CURVE ( 'NONE', #627, #2351, #4324, .T. ) ;
#1886 = CARTESIAN_POINT ( 'NONE',  ( -0.1199999952320000007, 0.000000000000000000, 0.1750000049669999946 ) ) ;
#1887 = DIRECTION ( 'NONE',  ( 1.000000000000000000, 0.000000000000000000, 0.000000000000000000 ) ) ;
#1888 = CARTESIAN_POINT ( 'NONE',  ( 0.000000000000000000, -0.2999999880790000240, 0.1750000049669999946 ) ) ;
#1889 = DIRECTION ( 'NONE',  ( 0.000000000000000000, 1.000000000000000000, 0.000000000000000000 ) ) ;
#1890 = ORIENTED_EDGE ( 'NONE', *, *, #2237, .T. ) ;
#1891 = VERTEX_POINT ( 'NONE', #4754 ) ;
#1892 = DIRECTION ( 'NONE',  ( -1.000000000000000000, 0.000000000000000000, 0.000000000000000000 ) ) ;
#1893 = SURFACE_STYLE_FILL_AREA ( #1861 ) ;
#1894 = CARTESIAN_POINT ( 'NONE',  ( 0.5999999761580000479, -0.1399999944370000082, 1.192092846658000078E-08 ) ) ;
#1895 = CARTESIAN_POINT ( 'NONE',  ( -0.1199999952320000007, -0.2999999880790000240, 0.1750000049669999946 ) ) ;
#1896 = VERTEX_POINT ( 'NONE', #5622 ) ;
#1897 = DIRECTION ( 'NONE',  ( 0.000000000000000000, 0.000000000000000000, -1.000000000000000000 ) ) ;
#1898 = VERTEX_POINT ( 'NONE', #5240 ) ;
#1899 = ORIENTED_EDGE ( 'NONE', *, *, #2025, .T. ) ;
#1900 = EDGE_CURVE ( 'NONE', #2252, #5789, #5269, .T. ) ;
#1901 = DIRECTION ( 'NONE',  ( 0.000000000000000000, 1.000000000000000000, 0.000000000000000000 ) ) ;
#1902 = CYLINDRICAL_SURFACE ( 'NONE', #4465, 0.02499999900659001170 ) ;
#1903 = CARTESIAN_POINT ( 'NONE',  ( -0.05999999761580999957, -0.2999999880790000240, 0.3499999980130000243 ) ) ;
#1904 = CARTESIAN_POINT ( 'NONE',  ( 3.061616876211000089E-18, -0.2999999880790000240, 0.4499999940400000176 ) ) ;
#1905 = VERTEX_POINT ( 'NONE', #2405 ) ;
#1906 = ORIENTED_EDGE ( 'NONE', *, *, #4680, .T. ) ;
#1907 = ORIENTED_EDGE ( 'NONE', *, *, #1801, .F. ) ;
#1908 = UNCERTAINTY_MEASURE_WITH_UNIT (LENGTH_MEASURE( 1.000000000000000082E-05 ), #1763, 'distance_accuracy_value', 'NONE');
#1909 = ORIENTED_EDGE ( 'NONE', *, *, #3015, .F. ) ;
#1910 = DIRECTION ( 'NONE',  ( 0.000000000000000000, -1.000000000000000000, 0.000000000000000000 ) ) ;
#1911 = DIRECTION ( 'NONE',  ( 0.000000000000000000, 0.000000000000000000, -1.000000000000000000 ) ) ;
#1912 = VECTOR ( 'NONE', #5271, 1000.000000000000000 ) ;
#1914 = ORIENTED_EDGE ( 'NONE', *, *, #154, .F. ) ;
#1913 = LINE ( 'NONE', #985, #1819 ) ;
#1915 = CIRCLE ( 'NONE', #3924, 0.1749999930459999742 ) ;
#1916 = CARTESIAN_POINT ( 'NONE',  ( 0.000000000000000000, 0.000000000000000000, 0.2000000039739999735 ) ) ;
#1917 = DIRECTION ( 'NONE',  ( -1.000000000000000000, 0.000000000000000000, 1.807003620808999850E-16 ) ) ;
#1918 = CARTESIAN_POINT ( 'NONE',  ( -3.061616876211000089E-18, -0.4249999831119999905, 0.4499999940400000176 ) ) ;
#1919 = DIRECTION ( 'NONE',  ( 0.000000000000000000, 0.000000000000000000, -1.000000000000000000 ) ) ;
#1920 = CIRCLE ( 'NONE', #3124, 0.02499999900658995966 ) ;
#1921 = ADVANCED_FACE ( 'NONE', ( #1427 ), #5724, .T. ) ;
#1922 = ADVANCED_FACE ( 'NONE', ( #4811 ), #3771, .F. ) ;
#1923 = ORIENTED_EDGE ( 'NONE', *, *, #4617, .T. ) ;
#1924 = VERTEX_POINT ( 'NONE', #3905 ) ;
#1925 = LINE ( 'NONE', #3796, #3142 ) ;
#1926 = SURFACE_SIDE_STYLE ('',( #1893 ) ) ;
#1927 = FACE_OUTER_BOUND ( 'NONE', #5281, .T. ) ;
#1928 = DIRECTION ( 'NONE',  ( 0.000000000000000000, 1.000000000000000000, 0.000000000000000000 ) ) ;
#1929 = EDGE_LOOP ( 'NONE', ( #3507, #5372, #1504, #410 ) ) ;
#1930 = DIRECTION ( 'NONE',  ( 0.000000000000000000, -1.000000000000000000, 0.000000000000000000 ) ) ;
#1931 = VERTEX_POINT ( 'NONE', #562 ) ;
#1932 = ORIENTED_EDGE ( 'NONE', *, *, #2775, .T. ) ;
#1933 = CIRCLE ( 'NONE', #5778, 0.02499999900659001170 ) ;
#1934 = ADVANCED_FACE ( 'NONE', ( #3366 ), #4225, .F. ) ;
#1935 = CYLINDRICAL_SURFACE ( 'NONE', #181, 0.02499999900659001170 ) ;
#1936 =( GEOMETRIC_REPRESENTATION_CONTEXT ( 3 ) GLOBAL_UNCERTAINTY_ASSIGNED_CONTEXT ( ( #906 ) ) GLOBAL_UNIT_ASSIGNED_CONTEXT ( ( #5900, #2141, #5444 ) ) REPRESENTATION_CONTEXT ( 'NONE', 'WORKASPACE' ) );
#1937 = CARTESIAN_POINT ( 'NONE',  ( 0.1799999928469999955, -0.2999999880790000240, 0.4499999940400000176 ) ) ;
#1938 = SURFACE_STYLE_USAGE ( .BOTH. , #4760 ) ;
#1939 = CYLINDRICAL_SURFACE ( 'NONE', #5892, 0.1174585588670000180 ) ;
#1940 = DIRECTION ( 'NONE',  ( -1.000000000000000000, 0.000000000000000000, 0.000000000000000000 ) ) ;
#1941 = ORIENTED_EDGE ( 'NONE', *, *, #3025, .T. ) ;
#1942 = ORIENTED_EDGE ( 'NONE', *, *, #1857, .T. ) ;
#1943 = EDGE_CURVE ( 'NONE', #2783, #2031, #4718, .T. ) ;
#1944 = CIRCLE ( 'NONE', #5484, 0.09999999602636004681 ) ;
#1945 = ORIENTED_EDGE ( 'NONE', *, *, #361, .T. ) ;
#1946 = CYLINDRICAL_SURFACE ( 'NONE', #2770, 0.02499999900658999782 ) ;
#1947 = DIRECTION ( 'NONE',  ( 0.000000000000000000, 1.000000000000000000, 0.000000000000000000 ) ) ;
#1948 = AXIS2_PLACEMENT_3D ( 'NONE', #1657, #3981, #3534 ) ;
#1950 = ORIENTED_EDGE ( 'NONE', *, *, #6044, .T. ) ;
#1949 = FACE_OUTER_BOUND ( 'NONE', #1474, .T. ) ;
#1951 = VECTOR ( 'NONE', #4445, 1000.000000000000000 ) ;
#1952 = CIRCLE ( 'NONE', #4535, 0.02499999900659001170 ) ;
#1953 = AXIS2_PLACEMENT_3D ( 'NONE', #937, #66, #1372 ) ;
#1954 = CARTESIAN_POINT ( 'NONE',  ( -0.1199999952320000007, 0.2999999880790000240, 0.2000000039739999735 ) ) ;
#1955 = DIRECTION ( 'NONE',  ( 0.000000000000000000, 0.000000000000000000, 1.000000000000000000 ) ) ;
#1956 = CARTESIAN_POINT ( 'NONE',  ( 0.2699999892709999960, 0.3999999841049999838, 0.4499999940400000176 ) ) ;
#1957 = LINE ( 'NONE', #50, #1023 ) ;
#1958 =( GEOMETRIC_REPRESENTATION_CONTEXT ( 3 ) GLOBAL_UNCERTAINTY_ASSIGNED_CONTEXT ( ( #5736 ) ) GLOBAL_UNIT_ASSIGNED_CONTEXT ( ( #195, #4482, #5846 ) ) REPRESENTATION_CONTEXT ( 'NONE', 'WORKASPACE' ) );
#1959 = ORIENTED_EDGE ( 'NONE', *, *, #1126, .F. ) ;
#1960 = STYLED_ITEM ( 'NONE', ( #6069 ), #201 ) ;
#1961 = AXIS2_PLACEMENT_3D ( 'NONE', #550, #4356, #3899 ) ;
#1962 = EDGE_LOOP ( 'NONE', ( #3631, #2866, #2811, #1233, #3276 ) ) ;
#1963 = DIRECTION ( 'NONE',  ( 3.252606517454344921E-16, 0.000000000000000000, 1.000000000000000000 ) ) ;
#1964 = EDGE_CURVE ( 'NONE', #2884, #5400, #5754, .T. ) ;
#1965 = CARTESIAN_POINT ( 'NONE',  ( -0.1799999928469999955, 0.2999999880790000240, 0.2000000039739999735 ) ) ;
#1966 = ORIENTED_EDGE ( 'NONE', *, *, #1879, .T. ) ;
#1967 = CARTESIAN_POINT ( 'NONE',  ( -0.03499999860922000522, 0.4499999821190000526, 0.4499999940400000176 ) ) ;
#1968 = AXIS2_PLACEMENT_3D ( 'NONE', #5762, #1870, #3309 ) ;
#1969 = VERTEX_POINT ( 'NONE', #4263 ) ;
#1970 = ORIENTED_EDGE ( 'NONE', *, *, #4667, .F. ) ;
#1971 = ORIENTED_EDGE ( 'NONE', *, *, #1429, .T. ) ;
#1972 = STYLED_ITEM ( 'NONE', ( #3797 ), #749 ) ;
#1973 = EDGE_CURVE ( 'NONE', #5426, #3738, #6126, .T. ) ;
#1974 = EDGE_CURVE ( 'NONE', #3434, #3828, #2605, .T. ) ;
#1975 = FACE_OUTER_BOUND ( 'NONE', #5427, .T. ) ;
#1976 = DIRECTION ( 'NONE',  ( 3.252606517456999931E-16, 0.000000000000000000, 1.000000000000000000 ) ) ;
#1977 = LINE ( 'NONE', #3883, #3247 ) ;
#1978 = EDGE_LOOP ( 'NONE', ( #2437, #3661, #3480, #5435, #3833 ) ) ;
#1979 = ORIENTED_EDGE ( 'NONE', *, *, #5571, .T. ) ;
#1980 = UNCERTAINTY_MEASURE_WITH_UNIT (LENGTH_MEASURE( 1.000000000000000082E-05 ), #516, 'distance_accuracy_value', 'NONE');
#1981 = AXIS2_PLACEMENT_3D ( 'NONE', #4875, #4421, #1641 ) ;
#1982 = ORIENTED_EDGE ( 'NONE', *, *, #5775, .T. ) ;
#1983 = TOROIDAL_SURFACE ( 'NONE', #3181, 0.1499999940400000287, 0.02499999900658999782 ) ;
#1984 = DIRECTION ( 'NONE',  ( 0.000000000000000000, -1.000000000000000000, 0.000000000000000000 ) ) ;
#1985 = EDGE_CURVE ( 'NONE', #3028, #3626, #2216, .T. ) ;
#1986 = SURFACE_STYLE_FILL_AREA ( #910 ) ;
#1987 = ORIENTED_EDGE ( 'NONE', *, *, #936, .F. ) ;
#1988 = AXIS2_PLACEMENT_3D ( 'NONE', #28, #1002, #2472 ) ;
#1989 = AXIS2_PLACEMENT_3D ( 'NONE', #1856, #6081, #495 ) ;
#1990 = CYLINDRICAL_SURFACE ( 'NONE', #2761, 0.02499999900659001170 ) ;
#1991 = DIRECTION ( 'NONE',  ( -1.000000000000000000, 0.000000000000000000, 0.000000000000000000 ) ) ;
#1992 = DIRECTION ( 'NONE',  ( -2.168404344971000240E-16, 1.000000000000000000, 0.000000000000000000 ) ) ;
#1993 = VERTEX_POINT ( 'NONE', #714 ) ;
#1994 = VECTOR ( 'NONE', #2943, 1000.000000000000000 ) ;
#1995 = FACE_OUTER_BOUND ( 'NONE', #1696, .T. ) ;
#1996 = LINE ( 'NONE', #3904, #5710 ) ;
#1997 = DIRECTION ( 'NONE',  ( 0.000000000000000000, 0.000000000000000000, 1.000000000000000000 ) ) ;
#1998 = ORIENTED_EDGE ( 'NONE', *, *, #4610, .F. ) ;
#1999 = CARTESIAN_POINT ( 'NONE',  ( -0.5999999761580000479, 0.1399999944370000082, 1.192092879965000017E-08 ) ) ;
#2000 = VERTEX_POINT ( 'NONE', #3520 ) ;
#2001 = EDGE_CURVE ( 'NONE', #3738, #512, #3316, .T. ) ;
#2002 = ORIENTED_EDGE ( 'NONE', *, *, #3005, .T. ) ;
#2003 = ORIENTED_EDGE ( 'NONE', *, *, #4920, .T. ) ;
#2004 = DIRECTION ( 'NONE',  ( 0.000000000000000000, -1.000000000000000000, 0.000000000000000000 ) ) ;
#2005 = CARTESIAN_POINT ( 'NONE',  ( 0.5999999761580000479, -0.4999999801319999770, 0.1000000079469999942 ) ) ;
#2006 = DIRECTION ( 'NONE',  ( 0.000000000000000000, 0.000000000000000000, -1.000000000000000000 ) ) ;
#2007 = CARTESIAN_POINT ( 'NONE',  ( -0.3417475510149999840, -0.2437334591960000074, 0.7899999805290000010 ) ) ;
#2008 = DIRECTION ( 'NONE',  ( 1.000000000000000000, 0.000000000000000000, 0.000000000000000000 ) ) ;
#2009 = VERTEX_POINT ( 'NONE', #3007 ) ;
#2010 = ORIENTED_EDGE ( 'NONE', *, *, #1505, .T. ) ;
#2011 = ORIENTED_EDGE ( 'NONE', *, *, #1662, .F. ) ;
#2012 = EDGE_CURVE ( 'NONE', #5244, #2031, #1525, .T. ) ;
#2013 = EDGE_CURVE ( 'NONE', #5254, #1539, #418, .T. ) ;
#2014 = CARTESIAN_POINT ( 'NONE',  ( -0.1799999928469999955, 0.4499999821190000526, 0.3499999980130000243 ) ) ;
#2015 = CARTESIAN_POINT ( 'NONE',  ( 0.000000000000000000, 0.4499999821190000526, 0.3499999980130000243 ) ) ;
#2017 = VERTEX_POINT ( 'NONE', #196 ) ;
#2016 = DIRECTION ( 'NONE',  ( 0.000000000000000000, 0.000000000000000000, -1.000000000000000000 ) ) ;
#2018 = EDGE_CURVE ( 'NONE', #4606, #5623, #4109, .T. ) ;
#2019 = VECTOR ( 'NONE', #5726, 1000.000000000000000 ) ;
#2020 = CARTESIAN_POINT ( 'NONE',  ( 0.5999999761580000479, -0.4999999801319999770, 0.1000000079469999942 ) ) ;
#2021 = DIRECTION ( 'NONE',  ( 0.000000000000000000, 1.000000000000000000, 0.000000000000000000 ) ) ;
#2022 = DIRECTION ( 'NONE',  ( -1.000000000000000000, -2.521400401128999817E-16, 0.000000000000000000 ) ) ;
#2023 = ORIENTED_EDGE ( 'NONE', *, *, #62, .T. ) ;
#2024 = AXIS2_PLACEMENT_3D ( 'NONE', #1029, #1863, #2331 ) ;
#2025 = EDGE_CURVE ( 'NONE', #3379, #5635, #1564, .T. ) ;
#2026 = ORIENTED_EDGE ( 'NONE', *, *, #2572, .F. ) ;
#2027 = CYLINDRICAL_SURFACE ( 'NONE', #5126, 0.02499999900659001170 ) ;
#2028 = VECTOR ( 'NONE', #4076, 1000.000000000000000 ) ;
#2029 = FACE_OUTER_BOUND ( 'NONE', #448, .T. ) ;
#2030 = SURFACE_STYLE_USAGE ( .BOTH. , #3938 ) ;
#2031 = VERTEX_POINT ( 'NONE', #4506 ) ;
#2032 = DIRECTION ( 'NONE',  ( 0.000000000000000000, -1.000000000000000000, 0.000000000000000000 ) ) ;
#2033 = ORIENTED_EDGE ( 'NONE', *, *, #634, .F. ) ;
#2034 = EDGE_LOOP ( 'NONE', ( #1296, #2941, #1577, #180 ) ) ;
#2035 = ORIENTED_EDGE ( 'NONE', *, *, #5738, .F. ) ;
#2036 = CARTESIAN_POINT ( 'NONE',  ( -0.05999999761580999957, 0.2999999880790000240, 0.1750000049669999946 ) ) ;
#2037 = FACE_OUTER_BOUND ( 'NONE', #5493, .T. ) ;
#2038 = CARTESIAN_POINT ( 'NONE',  ( 0.000000000000000000, 0.1399999944370000082, 0.1000000079469999942 ) ) ;
#2039 = AXIS2_PLACEMENT_3D ( 'NONE', #5631, #5217, #2307 ) ;
#2040 = AXIS2_PLACEMENT_3D ( 'NONE', #4086, #832, #751 ) ;
#2041 = ORIENTED_EDGE ( 'NONE', *, *, #3571, .F. ) ;
#2042 = CARTESIAN_POINT ( 'NONE',  ( 0.1199999952320000007, 0.4499999821190000526, 0.3499999980130000243 ) ) ;
#2043 = CARTESIAN_POINT ( 'NONE',  ( 0.1199999952320000007, 0.4499999821190000526, 0.3499999980130000243 ) ) ;
#2044 = EDGE_CURVE ( 'NONE', #2674, #3802, #2626, .T. ) ;
#2045 = EDGE_CURVE ( 'NONE', #4659, #4247, #233, .T. ) ;
#2046 = AXIS2_PLACEMENT_3D ( 'NONE', #4281, #5706, #2959 ) ;
#2047 = DIRECTION ( 'NONE',  ( -1.000000000000000000, 0.000000000000000000, 0.000000000000000000 ) ) ;
#2048 = CARTESIAN_POINT ( 'NONE',  ( -0.2699999892709999960, -0.3999999841049999838, 0.3499999980130000243 ) ) ;
#2049 = EDGE_CURVE ( 'NONE', #3010, #513, #4454, .T. ) ;
#2050 = CARTESIAN_POINT ( 'NONE',  ( 0.5999999761580000479, -0.1399999944370000082, 0.2000000039739999735 ) ) ;
#2051 = EDGE_CURVE ( 'NONE', #3581, #1499, #1677, .T. ) ;
#2052 = PLANE ( 'NONE',  #3712 ) ;
#2053 = CARTESIAN_POINT ( 'NONE',  ( 0.3699999852979999893, -0.1399999944370000082, 0.1000000079469999942 ) ) ;
#2054 = ORIENTED_EDGE ( 'NONE', *, *, #3330, .T. ) ;
#2055 = AXIS2_PLACEMENT_3D ( 'NONE', #4098, #3667, #5465 ) ;
#2056 = CIRCLE ( 'NONE', #2856, 0.02499999900659001170 ) ;
#2057 = CIRCLE ( 'NONE', #3242, 0.02499999900659001170 ) ;
#2058 = AXIS2_PLACEMENT_3D ( 'NONE', #4070, #4497, #2140 ) ;
#2059 = CARTESIAN_POINT ( 'NONE',  ( -0.1799999928469999955, 0.2999999880790000240, 0.4499999940400000176 ) ) ;
#2060 = CIRCLE ( 'NONE', #2767, 0.02499999900658995966 ) ;
#2061 = AXIS2_PLACEMENT_3D ( 'NONE', #807, #5081, #257 ) ;
#2062 =( LENGTH_UNIT ( ) NAMED_UNIT ( * ) SI_UNIT ( .MILLI., .METRE. ) );
#2063 = EDGE_CURVE ( 'NONE', #703, #4080, #4189, .T. ) ;
#2064 = VERTEX_POINT ( 'NONE', #1096 ) ;
#2065 = DIRECTION ( 'NONE',  ( 0.000000000000000000, -1.000000000000000000, 0.000000000000000000 ) ) ;
#2066 = ORIENTED_EDGE ( 'NONE', *, *, #4147, .T. ) ;
#2067 = ORIENTED_EDGE ( 'NONE', *, *, #3331, .T. ) ;
#2068 =( GEOMETRIC_REPRESENTATION_CONTEXT ( 3 ) GLOBAL_UNCERTAINTY_ASSIGNED_CONTEXT ( ( #3983 ) ) GLOBAL_UNIT_ASSIGNED_CONTEXT ( ( #4033, #1108, #3018 ) ) REPRESENTATION_CONTEXT ( 'NONE', 'WORKASPACE' ) );
#2069 = ORIENTED_EDGE ( 'NONE', *, *, #2013, .T. ) ;
#2070 = SURFACE_STYLE_USAGE ( .BOTH. , #131 ) ;
#2071 = COLOUR_RGB ( '',0.7529411764705882248, 0.7529411764705882248, 0.7529411764705882248 ) ;
#2072 = CARTESIAN_POINT ( 'NONE',  ( -0.5999999761580000479, -0.4999999801319999770, 0.7999999801320000214 ) ) ;
#2073 = CARTESIAN_POINT ( 'NONE',  ( -0.1199999952320000007, -0.2999999880790000240, 0.2250000029800000023 ) ) ;
#2074 = ORIENTED_EDGE ( 'NONE', *, *, #1571, .T. ) ;
#2075 = VECTOR ( 'NONE', #340, 1000.000000000000000 ) ;
#2076 = DIRECTION ( 'NONE',  ( 0.000000000000000000, -1.000000000000000000, 0.000000000000000000 ) ) ;
#2077 = CARTESIAN_POINT ( 'NONE',  ( -0.1199999952320000007, -0.2999999880790000240, 0.5749999890720000062 ) ) ;
#2078 = AXIS2_PLACEMENT_3D ( 'NONE', #5359, #1119, #1614 ) ;
#2079 = ORIENTED_EDGE ( 'NONE', *, *, #5513, .T. ) ;
#2080 = EDGE_CURVE ( 'NONE', #5688, #3581, #4876, .T. ) ;
#2081 =( GEOMETRIC_REPRESENTATION_CONTEXT ( 3 ) GLOBAL_UNCERTAINTY_ASSIGNED_CONTEXT ( ( #1113 ) ) GLOBAL_UNIT_ASSIGNED_CONTEXT ( ( #1325, #5471, #1215 ) ) REPRESENTATION_CONTEXT ( 'NONE', 'WORKASPACE' ) );
#2082 = CARTESIAN_POINT ( 'NONE',  ( -0.5999999761580000479, -0.4999999801319999770, 0.5999999880789999018 ) ) ;
#2083 = FACE_OUTER_BOUND ( 'NONE', #503, .T. ) ;
#2084 = PLANE ( 'NONE',  #2575 ) ;
#2085 = DIRECTION ( 'NONE',  ( 0.000000000000000000, 0.000000000000000000, 1.000000000000000000 ) ) ;
#2086 = CIRCLE ( 'NONE', #1291, 0.02499999900659001170 ) ;
#2087 = DIRECTION ( 'NONE',  ( 0.000000000000000000, 0.000000000000000000, 1.000000000000000000 ) ) ;
#2088 = VECTOR ( 'NONE', #4077, 1000.000000000000000 ) ;
#2089 = ORIENTED_EDGE ( 'NONE', *, *, #146, .T. ) ;
#2090 = EDGE_CURVE ( 'NONE', #5237, #9, #4903, .T. ) ;
#2091 = ADVANCED_FACE ( 'NONE', ( #5819 ), #4423, .F. ) ;
#2092 = VECTOR ( 'NONE', #663, 1000.000000000000000 ) ;
#2093 = DIRECTION ( 'NONE',  ( -1.000000000000000000, 0.000000000000000000, 0.000000000000000000 ) ) ;
#2094 = AXIS2_PLACEMENT_3D ( 'NONE', #4615, #4984, #741 ) ;
#2095 = DIRECTION ( 'NONE',  ( 0.000000000000000000, 0.000000000000000000, 1.000000000000000000 ) ) ;
#2096 = ORIENTED_EDGE ( 'NONE', *, *, #5683, .F. ) ;
#2097 = CARTESIAN_POINT ( 'NONE',  ( -0.2699999892709999960, 0.2999999880790000240, 0.4499999940400000176 ) ) ;
#2098 =( GEOMETRIC_REPRESENTATION_CONTEXT ( 3 ) GLOBAL_UNCERTAINTY_ASSIGNED_CONTEXT ( ( #2858 ) ) GLOBAL_UNIT_ASSIGNED_CONTEXT ( ( #2298, #2213, #808 ) ) REPRESENTATION_CONTEXT ( 'NONE', 'WORKASPACE' ) );
#2099 = ORIENTED_EDGE ( 'NONE', *, *, #4508, .T. ) ;
#2100 = ORIENTED_EDGE ( 'NONE', *, *, #5071, .F. ) ;
#2101 = ADVANCED_FACE ( 'NONE', ( #5942 ), #4132, .T. ) ;
#2102 = DIRECTION ( 'NONE',  ( 0.000000000000000000, 1.084202172486000036E-15, -1.000000000000000000 ) ) ;
#2103 = DIRECTION ( 'NONE',  ( -1.000000000000000000, 0.000000000000000000, 0.000000000000000000 ) ) ;
#2104 = DIRECTION ( 'NONE',  ( 0.000000000000000000, -3.614007241618000193E-16, -1.000000000000000000 ) ) ;
#2105 = EDGE_CURVE ( 'NONE', #1896, #80, #3122, .T. ) ;
#2106 = ORIENTED_EDGE ( 'NONE', *, *, #100, .F. ) ;
#2107 = FACE_OUTER_BOUND ( 'NONE', #4264, .T. ) ;
#2108 = DIRECTION ( 'NONE',  ( 0.000000000000000000, 1.000000000000000000, 0.000000000000000000 ) ) ;
#2109 = LINE ( 'NONE', #612, #4114 ) ;
#2110 = ORIENTED_EDGE ( 'NONE', *, *, #1794, .F. ) ;
#2111 = UNCERTAINTY_MEASURE_WITH_UNIT (LENGTH_MEASURE( 1.000000000000000082E-05 ), #3071, 'distance_accuracy_value', 'NONE');
#2112 = ORIENTED_EDGE ( 'NONE', *, *, #2524, .T. ) ;
#2113 = DIRECTION ( 'NONE',  ( -1.000000000000000000, 0.000000000000000000, 0.000000000000000000 ) ) ;
#2114 = CARTESIAN_POINT ( 'NONE',  ( 0.2699999892709999960, 0.4999999801319999770, 0.5999999880789999018 ) ) ;
#2115 = ORIENTED_EDGE ( 'NONE', *, *, #2018, .F. ) ;
#2116 = DIRECTION ( 'NONE',  ( 0.000000000000000000, 0.000000000000000000, 1.000000000000000000 ) ) ;
#2117 = CARTESIAN_POINT ( 'NONE',  ( -0.05999999761580999957, -0.4749999811250000259, 0.3499999980130000243 ) ) ;
#2118 = DIRECTION ( 'NONE',  ( 0.000000000000000000, 1.084202172486000036E-15, -1.000000000000000000 ) ) ;
#2119 = LINE ( 'NONE', #3066, #766 ) ;
#2120 = CARTESIAN_POINT ( 'NONE',  ( -0.2699999892709999960, 0.2399999904629999958, 0.1000000079469999942 ) ) ;
#2121 = CARTESIAN_POINT ( 'NONE',  ( 0.1799999928469999955, -0.4249999831119999905, 0.4499999940400000176 ) ) ;
#2122 = ADVANCED_FACE ( 'NONE', ( #3120 ), #5104, .F. ) ;
#2123 = COLOUR_RGB ( '',0.5019607843137254832, 0.5019607843137254832, 0.5019607843137254832 ) ;
#2124 = EDGE_CURVE ( 'NONE', #4877, #1808, #1915, .T. ) ;
#2125 = EDGE_LOOP ( 'NONE', ( #1959, #3704, #5857, #3012 ) ) ;
#2126 = VECTOR ( 'NONE', #5051, 1000.000000000000000 ) ;
#2127 = CARTESIAN_POINT ( 'NONE',  ( -0.2699999892709999960, -0.2399999904629999958, 1.192092846658000078E-08 ) ) ;
#2128 = SURFACE_STYLE_FILL_AREA ( #5826 ) ;
#2129 = DIRECTION ( 'NONE',  ( 0.000000000000000000, -1.000000000000000000, 0.000000000000000000 ) ) ;
#2130 = DIRECTION ( 'NONE',  ( 0.000000000000000000, 0.000000000000000000, 1.000000000000000000 ) ) ;
#2131 = ADVANCED_FACE ( 'NONE', ( #857 ), #3639, .T. ) ;
#2132 = AXIS2_PLACEMENT_3D ( 'NONE', #1855, #6117, #2904 ) ;
#2133 = ORIENTED_EDGE ( 'NONE', *, *, #6125, .F. ) ;
#2134 = CARTESIAN_POINT ( 'NONE',  ( 0.05999999761580999957, 0.4499999821190000526, 0.3499999980130000243 ) ) ;
#2135 = DIRECTION ( 'NONE',  ( 0.000000000000000000, -1.000000000000000000, 0.000000000000000000 ) ) ;
#2136 = EDGE_CURVE ( 'NONE', #4887, #665, #4588, .T. ) ;
#2137 = DIRECTION ( 'NONE',  ( 0.000000000000000000, 0.000000000000000000, -1.000000000000000000 ) ) ;
#2138 = ORIENTED_EDGE ( 'NONE', *, *, #294, .T. ) ;
#2139 = TOROIDAL_SURFACE ( 'NONE', #5000, 0.1499999940400000287, 0.02499999900658999782 ) ;
#2140 = DIRECTION ( 'NONE',  ( 0.000000000000000000, 0.000000000000000000, -1.000000000000000000 ) ) ;
#2141 =( NAMED_UNIT ( * ) PLANE_ANGLE_UNIT ( ) SI_UNIT ( $, .RADIAN. ) );
#2142 = CARTESIAN_POINT ( 'NONE',  ( -0.2049999918539999744, 0.4499999821190000526, 0.3499999980130000243 ) ) ;
#2143 = AXIS2_PLACEMENT_3D ( 'NONE', #737, #55, #4924 ) ;
#2144 = DIRECTION ( 'NONE',  ( -1.000000000000000000, 0.000000000000000000, 0.000000000000000000 ) ) ;
#2145 = DIRECTION ( 'NONE',  ( -0.000000000000000000, 1.000000000000000000, 0.000000000000000000 ) ) ;
#2146 = EDGE_LOOP ( 'NONE', ( #4376, #3919, #4632, #3775, #1132, #2069 ) ) ;
#2147 = CIRCLE ( 'NONE', #5577, 0.02499999900658995966 ) ;
#2148 = FACE_OUTER_BOUND ( 'NONE', #3902, .T. ) ;
#2149 = DIRECTION ( 'NONE',  ( -1.000000000000000000, 0.000000000000000000, 3.252606517456999931E-16 ) ) ;
#2150 = CIRCLE ( 'NONE', #855, 0.02499999900659001170 ) ;
#2151 = CARTESIAN_POINT ( 'NONE',  ( 0.2699999892709999960, 0.2399999904629999958, 1.192092846658000078E-08 ) ) ;
#2152 = TOROIDAL_SURFACE ( 'NONE', #4333, 0.1499999940400000287, 0.02499999900658999782 ) ;
#2153 = EDGE_LOOP ( 'NONE', ( #492, #1932, #4478, #394, #4186 ) ) ;
#2154 = CIRCLE ( 'NONE', #5583, 0.02499999900659001170 ) ;
#2155 = VECTOR ( 'NONE', #772, 1000.000000000000000 ) ;
#2156 = EDGE_CURVE ( 'NONE', #277, #4092, #746, .T. ) ;
#2157 = DIRECTION ( 'NONE',  ( 0.000000000000000000, 0.000000000000000000, 1.000000000000000000 ) ) ;
#2158 = DIRECTION ( 'NONE',  ( -1.000000000000000000, 0.000000000000000000, 0.000000000000000000 ) ) ;
#2159 = VERTEX_POINT ( 'NONE', #337 ) ;
#2160 = LINE ( 'NONE', #2638, #1059 ) ;
#2161 =( GEOMETRIC_REPRESENTATION_CONTEXT ( 3 ) GLOBAL_UNCERTAINTY_ASSIGNED_CONTEXT ( ( #1235 ) ) GLOBAL_UNIT_ASSIGNED_CONTEXT ( ( #3258, #2285, #353 ) ) REPRESENTATION_CONTEXT ( 'NONE', 'WORKASPACE' ) );
#2162 = ORIENTED_EDGE ( 'NONE', *, *, #3453, .T. ) ;
#2163 = ORIENTED_EDGE ( 'NONE', *, *, #147, .T. ) ;
#2164 = STYLED_ITEM ( 'NONE', ( #2748 ), #4644 ) ;
#2165 = ADVANCED_FACE ( 'NONE', ( #3673 ), #4540, .T. ) ;
#2166 = MECHANICAL_DESIGN_GEOMETRIC_PRESENTATION_REPRESENTATION (  '', ( #572 ), #2068 ) ;
#2168 = EDGE_LOOP ( 'NONE', ( #3556, #2539, #3813, #114 ) ) ;
#2167 = PRESENTATION_STYLE_ASSIGNMENT (( #765 ) ) ;
#2169 = ORIENTED_EDGE ( 'NONE', *, *, #4617, .F. ) ;
#2170 = COLOUR_RGB ( '',0.9882352941176471006, 0.7372549019607843590, 0.5176470588235293491 ) ;
#2171 = ORIENTED_EDGE ( 'NONE', *, *, #1134, .F. ) ;
#2172 = ORIENTED_EDGE ( 'NONE', *, *, #5851, .T. ) ;
#2173 = DIRECTION ( 'NONE',  ( 0.000000000000000000, 0.000000000000000000, -1.000000000000000000 ) ) ;
#2174 = MECHANICAL_DESIGN_GEOMETRIC_PRESENTATION_REPRESENTATION (  '', ( #1972 ), #1581 ) ;
#2175 = DIRECTION ( 'NONE',  ( 0.000000000000000000, 0.000000000000000000, -1.000000000000000000 ) ) ;
#2176 = DIRECTION ( 'NONE',  ( 0.000000000000000000, -1.000000000000000000, 0.000000000000000000 ) ) ;
#2177 = ORIENTED_EDGE ( 'NONE', *, *, #3788, .T. ) ;
#2178 = CARTESIAN_POINT ( 'NONE',  ( 0.1799999928469999955, 0.2999999880790000240, 0.4499999940400000176 ) ) ;
#2179 = SURFACE_SIDE_STYLE ('',( #3695 ) ) ;
#2180 = CARTESIAN_POINT ( 'NONE',  ( -0.1199999952320000007, 0.2999999880790000240, 0.6249999870859999085 ) ) ;
#2181 = AXIS2_PLACEMENT_3D ( 'NONE', #390, #4706, #2287 ) ;
#2182 = CARTESIAN_POINT ( 'NONE',  ( -0.03499999860922000522, 0.4499999821190000526, 0.3499999980130000243 ) ) ;
#2183 =( LENGTH_UNIT ( ) NAMED_UNIT ( * ) SI_UNIT ( .MILLI., .METRE. ) );
#2184 = CARTESIAN_POINT ( 'NONE',  ( -0.5999999761580000479, -0.4999999801319999770, 0.1000000079469999942 ) ) ;
#2185 = CARTESIAN_POINT ( 'NONE',  ( 0.000000000000000000, 0.4499999821190000526, 0.3499999980130000243 ) ) ;
#2186 = ORIENTED_EDGE ( 'NONE', *, *, #4402, .F. ) ;
#2187 =( GEOMETRIC_REPRESENTATION_CONTEXT ( 3 ) GLOBAL_UNCERTAINTY_ASSIGNED_CONTEXT ( ( #2555 ) ) GLOBAL_UNIT_ASSIGNED_CONTEXT ( ( #2412, #2444, #755 ) ) REPRESENTATION_CONTEXT ( 'NONE', 'WORKASPACE' ) );
#2188 = CYLINDRICAL_SURFACE ( 'NONE', #2040, 0.02499999900658998742 ) ;
#2189 = LINE ( 'NONE', #289, #460 ) ;
#2190 = FILL_AREA_STYLE ('',( #397 ) ) ;
#2191 = EDGE_LOOP ( 'NONE', ( #1543, #5564, #2473, #897 ) ) ;
#2192 = ORIENTED_EDGE ( 'NONE', *, *, #3644, .F. ) ;
#2193 = EDGE_CURVE ( 'NONE', #3645, #4923, #2262, .T. ) ;
#2194 = CARTESIAN_POINT ( 'NONE',  ( -0.1199999952320000007, -0.4749999811250000259, 0.3499999980130000243 ) ) ;
#2195 = CARTESIAN_POINT ( 'NONE',  ( -0.05999999761580999957, 0.4499999821190000526, 0.4499999940400000176 ) ) ;
#2196 = EDGE_CURVE ( 'NONE', #2694, #2503, #4083, .T. ) ;
#2197 = ADVANCED_FACE ( 'NONE', ( #18 ), #5261, .T. ) ;
#2198 = DIRECTION ( 'NONE',  ( 0.000000000000000000, 0.000000000000000000, 1.000000000000000000 ) ) ;
#2199 = DIRECTION ( 'NONE',  ( -1.000000000000000000, 0.000000000000000000, 1.807003620808999850E-16 ) ) ;
#2200 = DIRECTION ( 'NONE',  ( -1.000000000000000000, 0.000000000000000000, 0.000000000000000000 ) ) ;
#2201 = DIRECTION ( 'NONE',  ( 0.000000000000000000, 0.000000000000000000, 1.000000000000000000 ) ) ;
#2202 = FILL_AREA_STYLE_COLOUR ( '', #5284 ) ;
#2203 = DIRECTION ( 'NONE',  ( 0.000000000000000000, 0.000000000000000000, -1.000000000000000000 ) ) ;
#2204 = EDGE_CURVE ( 'NONE', #5544, #2507, #421, .T. ) ;
#2205 = CARTESIAN_POINT ( 'NONE',  ( 0.000000000000000000, 0.000000000000000000, 0.5999999880789999018 ) ) ;
#2206 =( NAMED_UNIT ( * ) SI_UNIT ( $, .STERADIAN. ) SOLID_ANGLE_UNIT ( ) );
#2207 = DIRECTION ( 'NONE',  ( 0.000000000000000000, 0.000000000000000000, 1.000000000000000000 ) ) ;
#2208 = CARTESIAN_POINT ( 'NONE',  ( -0.1799999928469999955, -0.4499999821190000526, 0.4499999940400000176 ) ) ;
#2209 = EDGE_CURVE ( 'NONE', #940, #402, #1454, .T. ) ;
#2210 = DIRECTION ( 'NONE',  ( 1.000000000000000000, 0.000000000000000000, 0.000000000000000000 ) ) ;
#2211 = CIRCLE ( 'NONE', #1123, 0.02499999900659001170 ) ;
#2212 = DIRECTION ( 'NONE',  ( 0.000000000000000000, 0.000000000000000000, 1.000000000000000000 ) ) ;
#2213 =( NAMED_UNIT ( * ) PLANE_ANGLE_UNIT ( ) SI_UNIT ( $, .RADIAN. ) );
#2214 = VERTEX_POINT ( 'NONE', #5617 ) ;
#2215 = CARTESIAN_POINT ( 'NONE',  ( 0.1199999952320000007, 0.000000000000000000, 0.2250000029800000023 ) ) ;
#2216 = CIRCLE ( 'NONE', #818, 0.02499999900659001170 ) ;
#2217 = SURFACE_SIDE_STYLE ('',( #4093 ) ) ;
#2218 = DIRECTION ( 'NONE',  ( 1.000000000000000000, 0.000000000000000000, 0.000000000000000000 ) ) ;
#2219 = VECTOR ( 'NONE', #1322, 1000.000000000000000 ) ;
#2220 = EDGE_LOOP ( 'NONE', ( #2928, #3052, #3742, #1661 ) ) ;
#2221 = VECTOR ( 'NONE', #1386, 1000.000000000000114 ) ;
#2222 = LINE ( 'NONE', #5550, #4144 ) ;
#2223 = EDGE_CURVE ( 'NONE', #2991, #4777, #5376, .T. ) ;
#2224 = DIRECTION ( 'NONE',  ( 0.000000000000000000, 0.000000000000000000, -1.000000000000000000 ) ) ;
#2225 = CARTESIAN_POINT ( 'NONE',  ( 0.000000000000000000, 0.000000000000000000, 0.1750000049669999946 ) ) ;
#2226 = DIRECTION ( 'NONE',  ( 0.000000000000000000, 1.000000000000000000, 0.000000000000000000 ) ) ;
#2227 = DIRECTION ( 'NONE',  ( -1.000000000000000000, 0.000000000000000000, 0.000000000000000000 ) ) ;
#2228 = DIRECTION ( 'NONE',  ( 0.000000000000000000, -1.000000000000000000, 0.000000000000000000 ) ) ;
#2229 = AXIS2_PLACEMENT_3D ( 'NONE', #4545, #5054, #2238 ) ;
#2230 = EDGE_CURVE ( 'NONE', #2819, #5207, #2324, .T. ) ;
#2231 = AXIS2_PLACEMENT_3D ( 'NONE', #529, #1609, #1665 ) ;
#2232 = DIRECTION ( 'NONE',  ( 0.000000000000000000, -3.614007241618000193E-16, -1.000000000000000000 ) ) ;
#2233 = FACE_OUTER_BOUND ( 'NONE', #4977, .T. ) ;
#2234 = SURFACE_STYLE_USAGE ( .BOTH. , #3148 ) ;
#2235 = CYLINDRICAL_SURFACE ( 'NONE', #5644, 0.02499999900659001170 ) ;
#2236 = AXIS2_PLACEMENT_3D ( 'NONE', #1300, #1847, #769 ) ;
#2237 = EDGE_CURVE ( 'NONE', #1169, #5273, #3613, .T. ) ;
#2238 = DIRECTION ( 'NONE',  ( 0.000000000000000000, 3.252606517454344921E-16, -1.000000000000000000 ) ) ;
#2239 = CARTESIAN_POINT ( 'NONE',  ( -0.2049999918539999744, 0.4499999821190000526, 0.4499999940400000176 ) ) ;
#2240 = CIRCLE ( 'NONE', #2664, 0.02499999900659001170 ) ;
#2241 = DIRECTION ( 'NONE',  ( 0.000000000000000000, 0.000000000000000000, -1.000000000000000000 ) ) ;
#2242 = ORIENTED_EDGE ( 'NONE', *, *, #5470, .F. ) ;
#2243 = FACE_OUTER_BOUND ( 'NONE', #5576, .T. ) ;
#2244 = AXIS2_PLACEMENT_3D ( 'NONE', #615, #5933, #1271 ) ;
#2245 = AXIS2_PLACEMENT_3D ( 'NONE', #2691, #3090, #4956 ) ;
#2246 = CIRCLE ( 'NONE', #1264, 0.02499999900659001170 ) ;
#2247 = FACE_OUTER_BOUND ( 'NONE', #2509, .T. ) ;
#2248 = CLOSED_SHELL ( 'NONE', ( #185, #2847, #303, #945, #222, #3889, #1049 ) ) ;
#2249 = AXIS2_PLACEMENT_3D ( 'NONE', #5512, #1333, #5058 ) ;
#2250 = MECHANICAL_DESIGN_GEOMETRIC_PRESENTATION_REPRESENTATION (  '', ( #4832 ), #5109 ) ;
#2251 = FACE_OUTER_BOUND ( 'NONE', #4937, .T. ) ;
#2252 = VERTEX_POINT ( 'NONE', #5713 ) ;
#2253 = VECTOR ( 'NONE', #5771, 1000.000000000000000 ) ;
#2254 =( GEOMETRIC_REPRESENTATION_CONTEXT ( 3 ) GLOBAL_UNCERTAINTY_ASSIGNED_CONTEXT ( ( #3285 ) ) GLOBAL_UNIT_ASSIGNED_CONTEXT ( ( #3234, #3726, #493 ) ) REPRESENTATION_CONTEXT ( 'NONE', 'WORKASPACE' ) );
#2255 = PLANE ( 'NONE',  #4037 ) ;
#2256 = DIRECTION ( 'NONE',  ( 0.000000000000000000, 0.000000000000000000, -1.000000000000000000 ) ) ;
#2257 = SURFACE_STYLE_USAGE ( .BOTH. , #2179 ) ;
#2258 = FACE_OUTER_BOUND ( 'NONE', #5709, .T. ) ;
#2259 = EDGE_CURVE ( 'NONE', #5768, #1247, #1231, .T. ) ;
#2260 = MECHANICAL_DESIGN_GEOMETRIC_PRESENTATION_REPRESENTATION (  '', ( #4736 ), #3263 ) ;
#2261 = PLANE ( 'NONE',  #3070 ) ;
#2262 = LINE ( 'NONE', #2184, #5464 ) ;
#2263 = DIRECTION ( 'NONE',  ( 0.000000000000000000, -1.000000000000000000, 0.000000000000000000 ) ) ;
#2264 = AXIS2_PLACEMENT_3D ( 'NONE', #2059, #2624, #1524 ) ;
#2265 = EDGE_CURVE ( 'NONE', #4286, #563, #4775, .T. ) ;
#2266 = ADVANCED_FACE ( 'NONE', ( #524 ), #49, .F. ) ;
#2267 = COLOUR_RGB ( '',0.5019607843137254832, 0.5019607843137254832, 0.5019607843137254832 ) ;
#2268 = AXIS2_PLACEMENT_3D ( 'NONE', #1916, #6076, #4741 ) ;
#2269 = DIRECTION ( 'NONE',  ( 0.000000000000000000, -1.000000000000000000, 0.000000000000000000 ) ) ;
#2270 =( NAMED_UNIT ( * ) PLANE_ANGLE_UNIT ( ) SI_UNIT ( $, .RADIAN. ) );
#2271 = FACE_OUTER_BOUND ( 'NONE', #2191, .T. ) ;
#2272 = DIRECTION ( 'NONE',  ( 0.000000000000000000, 0.000000000000000000, -1.000000000000000000 ) ) ;
#2273 = ORIENTED_EDGE ( 'NONE', *, *, #3080, .T. ) ;
#2274 = SURFACE_STYLE_FILL_AREA ( #3619 ) ;
#2275 = VERTEX_POINT ( 'NONE', #1888 ) ;
#2276 = AXIS2_PLACEMENT_3D ( 'NONE', #226, #1195, #4060 ) ;
#2277 = LINE ( 'NONE', #5566, #1858 ) ;
#2278 = SURFACE_STYLE_USAGE ( .BOTH. , #3198 ) ;
#2279 = AXIS2_PLACEMENT_3D ( 'NONE', #2744, #358, #5960 ) ;
#2280 = DIRECTION ( 'NONE',  ( 0.000000000000000000, 1.000000000000000000, 0.000000000000000000 ) ) ;
#2281 = EDGE_LOOP ( 'NONE', ( #3947, #93, #4427, #4942 ) ) ;
#2282 = ADVANCED_FACE ( 'NONE', ( #458 ), #5558, .T. ) ;
#2283 = ORIENTED_EDGE ( 'NONE', *, *, #4992, .F. ) ;
#2284 = ORIENTED_EDGE ( 'NONE', *, *, #3331, .F. ) ;
#2285 =( NAMED_UNIT ( * ) PLANE_ANGLE_UNIT ( ) SI_UNIT ( $, .RADIAN. ) );
#2286 = DIRECTION ( 'NONE',  ( 0.000000000000000000, -1.000000000000000000, 0.000000000000000000 ) ) ;
#2287 = DIRECTION ( 'NONE',  ( 0.000000000000000000, -1.000000000000000000, 0.000000000000000000 ) ) ;
#2288 = SURFACE_STYLE_FILL_AREA ( #391 ) ;
#2289 = CARTESIAN_POINT ( 'NONE',  ( -0.2699999892709999960, 0.1399999944370000082, 0.2000000039739999735 ) ) ;
#2290 = CARTESIAN_POINT ( 'NONE',  ( 0.05999999761580999957, 0.2999999880790000240, 0.5749999890720000062 ) ) ;
#2291 = ORIENTED_EDGE ( 'NONE', *, *, #727, .T. ) ;
#2292 = EDGE_LOOP ( 'NONE', ( #1877, #577, #498, #5064, #1468 ) ) ;
#2293 = DIRECTION ( 'NONE',  ( 0.000000000000000000, 1.000000000000000000, 0.000000000000000000 ) ) ;
#2294 = LINE ( 'NONE', #5509, #5330 ) ;
#2295 = EDGE_CURVE ( 'NONE', #5544, #4290, #3424, .T. ) ;
#2296 = EDGE_CURVE ( 'NONE', #3328, #3010, #2934, .T. ) ;
#2297 =( LENGTH_UNIT ( ) NAMED_UNIT ( * ) SI_UNIT ( .MILLI., .METRE. ) );
#2298 =( LENGTH_UNIT ( ) NAMED_UNIT ( * ) SI_UNIT ( .MILLI., .METRE. ) );
#2299 = VERTEX_POINT ( 'NONE', #1956 ) ;
#2300 = LINE ( 'NONE', #809, #1562 ) ;
#2301 = ORIENTED_EDGE ( 'NONE', *, *, #3878, .T. ) ;
#2302 = ORIENTED_EDGE ( 'NONE', *, *, #455, .T. ) ;
#2303 = VERTEX_POINT ( 'NONE', #918 ) ;
#2304 = VECTOR ( 'NONE', #2263, 1000.000000000000000 ) ;
#2305 = ADVANCED_FACE ( 'NONE', ( #4674 ), #2936, .T. ) ;
#2306 = LINE ( 'NONE', #4199, #1741 ) ;
#2307 = DIRECTION ( 'NONE',  ( 0.000000000000000000, 0.000000000000000000, 1.000000000000000000 ) ) ;
#2308 = VERTEX_POINT ( 'NONE', #1918 ) ;
#2309 = ORIENTED_EDGE ( 'NONE', *, *, #2348, .F. ) ;
#2310 = STYLED_ITEM ( 'NONE', ( #159 ), #2091 ) ;
#2311 = ORIENTED_EDGE ( 'NONE', *, *, #4363, .T. ) ;
#2312 = ORIENTED_EDGE ( 'NONE', *, *, #5888, .F. ) ;
#2313 = ORIENTED_EDGE ( 'NONE', *, *, #2892, .F. ) ;
#2314 = LINE ( 'NONE', #4207, #3167 ) ;
#2315 = AXIS2_PLACEMENT_3D ( 'NONE', #3988, #5780, #3092 ) ;
#2316 = ADVANCED_FACE ( 'NONE', ( #4215 ), #2363, .T. ) ;
#2317 = CARTESIAN_POINT ( 'NONE',  ( 0.000000000000000000, 0.000000000000000000, 0.2000000039739999735 ) ) ;
#2318 = CARTESIAN_POINT ( 'NONE',  ( -0.1199999952320000007, 0.4499999821190000526, 0.3499999980130000243 ) ) ;
#2319 =( NAMED_UNIT ( * ) SI_UNIT ( $, .STERADIAN. ) SOLID_ANGLE_UNIT ( ) );
#2320 = AXIS2_PLACEMENT_3D ( 'NONE', #4414, #4872, #686 ) ;
#2321 = FACE_OUTER_BOUND ( 'NONE', #4881, .T. ) ;
#2322 = MECHANICAL_DESIGN_GEOMETRIC_PRESENTATION_REPRESENTATION (  '', ( #243 ), #4204 ) ;
#2323 = FACE_OUTER_BOUND ( 'NONE', #3573, .T. ) ;
#2324 = LINE ( 'NONE', #2397, #423 ) ;
#2325 = DIRECTION ( 'NONE',  ( 0.000000000000000000, 1.084202172486000036E-15, -1.000000000000000000 ) ) ;
#2326 = CIRCLE ( 'NONE', #338, 0.1249999950329999943 ) ;
#2327 = ORIENTED_EDGE ( 'NONE', *, *, #4280, .T. ) ;
#2328 = CYLINDRICAL_SURFACE ( 'NONE', #5003, 0.02499999900659001170 ) ;
#2329 = CARTESIAN_POINT ( 'NONE',  ( -0.1799999928469999955, 0.4499999821190000526, 0.3499999980130000243 ) ) ;
#2330 = DIRECTION ( 'NONE',  ( -1.000000000000000000, 0.000000000000000000, 1.807003620808999850E-16 ) ) ;
#2331 = DIRECTION ( 'NONE',  ( 0.000000000000000000, 0.000000000000000000, 1.000000000000000000 ) ) ;
#2332 = ORIENTED_EDGE ( 'NONE', *, *, #3760, .F. ) ;
#2333 = CARTESIAN_POINT ( 'NONE',  ( 0.000000000000000000, -0.2999999880790000240, 0.3499999980130000243 ) ) ;
#2334 = CIRCLE ( 'NONE', #2652, 0.02499999900659001170 ) ;
#2335 = ORIENTED_EDGE ( 'NONE', *, *, #2259, .T. ) ;
#2336 = ORIENTED_EDGE ( 'NONE', *, *, #1099, .T. ) ;
#2337 = EDGE_CURVE ( 'NONE', #2907, #284, #1489, .T. ) ;
#2338 = EDGE_LOOP ( 'NONE', ( #160, #5026, #2968, #4510 ) ) ;
#2339 = AXIS2_PLACEMENT_3D ( 'NONE', #5044, #798, #6070 ) ;
#2340 = DIRECTION ( 'NONE',  ( 0.000000000000000000, 0.000000000000000000, -1.000000000000000000 ) ) ;
#2341 = CIRCLE ( 'NONE', #2665, 0.02499999900659001170 ) ;
#2342 = CARTESIAN_POINT ( 'NONE',  ( 0.000000000000000000, 0.000000000000000000, 0.2000000039739999735 ) ) ;
#2343 = VERTEX_POINT ( 'NONE', #2461 ) ;
#2344 = CIRCLE ( 'NONE', #758, 0.02499999900659001170 ) ;
#2345 = ORIENTED_EDGE ( 'NONE', *, *, #4882, .F. ) ;
#2347 = AXIS2_PLACEMENT_3D ( 'NONE', #5005, #2798, #2708 ) ;
#2346 = UNCERTAINTY_MEASURE_WITH_UNIT (LENGTH_MEASURE( 1.000000000000000082E-05 ), #3002, 'distance_accuracy_value', 'NONE');
#2348 = EDGE_CURVE ( 'NONE', #5273, #1169, #1530, .T. ) ;
#2349 = EDGE_CURVE ( 'NONE', #5265, #3917, #920, .T. ) ;
#2350 = VECTOR ( 'NONE', #2113, 1000.000000000000000 ) ;
#2351 = VERTEX_POINT ( 'NONE', #241 ) ;
#2352 = VERTEX_POINT ( 'NONE', #2117 ) ;
#2353 = STYLED_ITEM ( 'NONE', ( #3246 ), #5283 ) ;
#2354 = AXIS2_PLACEMENT_3D ( 'NONE', #3651, #3126, #1796 ) ;
#2355 = DIRECTION ( 'NONE',  ( -1.000000000000000000, 0.000000000000000000, 0.000000000000000000 ) ) ;
#2356 = EDGE_LOOP ( 'NONE', ( #961, #1032, #5408, #3466 ) ) ;
#2358 = ORIENTED_EDGE ( 'NONE', *, *, #2940, .F. ) ;
#2357 = FACE_OUTER_BOUND ( 'NONE', #6068, .T. ) ;
#2359 = CARTESIAN_POINT ( 'NONE',  ( 0.000000000000000000, 0.000000000000000000, 0.000000000000000000 ) ) ;
#2360 = PRESENTATION_LAYER_ASSIGNMENT (  '', '', ( #1456 ) ) ;
#2361 = CARTESIAN_POINT ( 'NONE',  ( 0.5999999761580000479, 0.4999999801319999770, 0.1000000079469999942 ) ) ;
#2362 = LINE ( 'NONE', #1791, #2453 ) ;
#2363 = CYLINDRICAL_SURFACE ( 'NONE', #1033, 0.02499999900659001170 ) ;
#2364 = CARTESIAN_POINT ( 'NONE',  ( 0.2699999892709999960, -0.2999999880790000240, 0.5499999900659999774 ) ) ;
#2365 = AXIS2_PLACEMENT_3D ( 'NONE', #1312, #3710, #4553 ) ;
#2366 = ORIENTED_EDGE ( 'NONE', *, *, #1884, .T. ) ;
#2367 = DIRECTION ( 'NONE',  ( 0.000000000000000000, -1.000000000000000000, 0.000000000000000000 ) ) ;
#2368 = CARTESIAN_POINT ( 'NONE',  ( -0.05999999761580999957, -0.2999999880790000240, 0.4499999940400000176 ) ) ;
#2369 = VECTOR ( 'NONE', #3870, 1000.000000000000000 ) ;
#2370 = CYLINDRICAL_SURFACE ( 'NONE', #5898, 0.02499999900659001170 ) ;
#2371 = DIRECTION ( 'NONE',  ( -1.000000000000000000, 0.000000000000000000, 1.807003620808999850E-16 ) ) ;
#2372 = ORIENTED_EDGE ( 'NONE', *, *, #4768, .F. ) ;
#2373 = DIRECTION ( 'NONE',  ( 0.000000000000000000, 1.000000000000000000, 0.000000000000000000 ) ) ;
#2374 = ORIENTED_EDGE ( 'NONE', *, *, #5401, .F. ) ;
#2375 = AXIS2_PLACEMENT_3D ( 'NONE', #854, #776, #2778 ) ;
#2376 = FILL_AREA_STYLE ('',( #3779 ) ) ;
#2377 = DIRECTION ( 'NONE',  ( 1.000000000000000000, 0.000000000000000000, 0.000000000000000000 ) ) ;
#2378 = DIRECTION ( 'NONE',  ( -1.000000000000000000, 0.000000000000000000, 0.000000000000000000 ) ) ;
#2379 = AXIS2_PLACEMENT_3D ( 'NONE', #3630, #738, #5492 ) ;
#2380 = EDGE_CURVE ( 'NONE', #431, #3749, #5078, .T. ) ;
#2381 = CARTESIAN_POINT ( 'NONE',  ( -0.5999999761580000479, 0.1399999944370000082, 0.1000000079469999942 ) ) ;
#2382 = DIRECTION ( 'NONE',  ( 0.000000000000000000, 0.000000000000000000, -1.000000000000000000 ) ) ;
#2383 = ORIENTED_EDGE ( 'NONE', *, *, #2485, .F. ) ;
#2384 = ORIENTED_EDGE ( 'NONE', *, *, #5043, .F. ) ;
#2385 = EDGE_LOOP ( 'NONE', ( #943, #5482, #742, #5128 ) ) ;
#2386 = TOROIDAL_SURFACE ( 'NONE', #3186, 0.1499999940400000287, 0.02499999900658999782 ) ;
#2387 = ORIENTED_EDGE ( 'NONE', *, *, #4747, .F. ) ;
#2388 = DIRECTION ( 'NONE',  ( 1.000000000000000000, 0.000000000000000000, 0.000000000000000000 ) ) ;
#2389 = DIRECTION ( 'NONE',  ( 0.000000000000000000, -1.000000000000000000, 0.000000000000000000 ) ) ;
#2390 = ADVANCED_FACE ( 'NONE', ( #2529 ), #1087, .T. ) ;
#2391 = EDGE_CURVE ( 'NONE', #9, #1342, #5842, .T. ) ;
#2392 = SURFACE_STYLE_FILL_AREA ( #1848 ) ;
#2393 = FACE_OUTER_BOUND ( 'NONE', #830, .T. ) ;
#2394 = VERTEX_POINT ( 'NONE', #4011 ) ;
#2395 = FACE_OUTER_BOUND ( 'NONE', #414, .T. ) ;
#2396 = EDGE_CURVE ( 'NONE', #80, #543, #1178, .T. ) ;
#2397 = CARTESIAN_POINT ( 'NONE',  ( 0.05999999761580999957, -0.2999999880790000240, 0.1750000049669999946 ) ) ;
#2398 = LINE ( 'NONE', #5196, #1711 ) ;
#2399 = ORIENTED_EDGE ( 'NONE', *, *, #1430, .T. ) ;
#2400 = ORIENTED_EDGE ( 'NONE', *, *, #2209, .F. ) ;
#2401 = DIRECTION ( 'NONE',  ( 0.000000000000000000, 0.000000000000000000, -1.000000000000000000 ) ) ;
#2402 = FILL_AREA_STYLE_COLOUR ( '', #4843 ) ;
#2403 = LINE ( 'NONE', #3798, #2864 ) ;
#2404 = EDGE_CURVE ( 'NONE', #3445, #3906, #648, .T. ) ;
#2405 = CARTESIAN_POINT ( 'NONE',  ( 0.5999999761580000479, 0.4999999801319999770, 1.192092846658000078E-08 ) ) ;
#2406 = EDGE_LOOP ( 'NONE', ( #251, #2920, #4112, #3314 ) ) ;
#2407 = CARTESIAN_POINT ( 'NONE',  ( -0.2699999892709999960, -0.4999999801319999770, 0.1000000079469999942 ) ) ;
#2408 = ORIENTED_EDGE ( 'NONE', *, *, #3950, .T. ) ;
#2409 = ORIENTED_EDGE ( 'NONE', *, *, #3789, .F. ) ;
#2410 = SURFACE_STYLE_USAGE ( .BOTH. , #3805 ) ;
#2411 = DIRECTION ( 'NONE',  ( 0.000000000000000000, 0.000000000000000000, -1.000000000000000000 ) ) ;
#2412 =( LENGTH_UNIT ( ) NAMED_UNIT ( * ) SI_UNIT ( .MILLI., .METRE. ) );
#2413 = DIRECTION ( 'NONE',  ( 0.000000000000000000, -1.084202172486000036E-15, 1.000000000000000000 ) ) ;
#2414 = ORIENTED_EDGE ( 'NONE', *, *, #3118, .T. ) ;
#2415 = UNCERTAINTY_MEASURE_WITH_UNIT (LENGTH_MEASURE( 1.000000000000000082E-05 ), #2183, 'distance_accuracy_value', 'NONE');
#2416 = ORIENTED_EDGE ( 'NONE', *, *, #5445, .T. ) ;
#2417 = DIRECTION ( 'NONE',  ( 0.000000000000000000, 0.000000000000000000, 1.000000000000000000 ) ) ;
#2418 = CARTESIAN_POINT ( 'NONE',  ( -0.1199999952320000007, 0.000000000000000000, 0.1750000049669999946 ) ) ;
#2419 = AXIS2_PLACEMENT_3D ( 'NONE', #2151, #5909, #1678 ) ;
#2421 = EDGE_LOOP ( 'NONE', ( #2096, #4203, #1170, #281 ) ) ;
#2420 =( NAMED_UNIT ( * ) SI_UNIT ( $, .STERADIAN. ) SOLID_ANGLE_UNIT ( ) );
#2422 = ADVANCED_FACE ( 'NONE', ( #5292 ), #2052, .F. ) ;
#2423 = VECTOR ( 'NONE', #4182, 1000.000000000000000 ) ;
#2424 = EDGE_CURVE ( 'NONE', #1891, #3225, #4410, .T. ) ;
#2425 = DIRECTION ( 'NONE',  ( -1.000000000000000000, -2.521400401128999817E-16, 0.000000000000000000 ) ) ;
#2426 = DIRECTION ( 'NONE',  ( 0.000000000000000000, -1.000000000000000000, 0.000000000000000000 ) ) ;
#2427 = CARTESIAN_POINT ( 'NONE',  ( 0.6019999760789999099, -0.2999999880790000240, 0.5499999900659999774 ) ) ;
#2428 = DIRECTION ( 'NONE',  ( 0.000000000000000000, 0.000000000000000000, -1.000000000000000000 ) ) ;
#2429 = VECTOR ( 'NONE', #357, 1000.000000000000000 ) ;
#2430 = ORIENTED_EDGE ( 'NONE', *, *, #764, .T. ) ;
#2431 = ORIENTED_EDGE ( 'NONE', *, *, #2930, .F. ) ;
#2432 = CIRCLE ( 'NONE', #3621, 0.02499999900659001170 ) ;
#2433 = SURFACE_STYLE_FILL_AREA ( #644 ) ;
#2434 = DIRECTION ( 'NONE',  ( 0.000000000000000000, 1.000000000000000000, 0.000000000000000000 ) ) ;
#2435 = CARTESIAN_POINT ( 'NONE',  ( -0.1199999952320000007, -0.2999999880790000240, 0.5999999880789999018 ) ) ;
#2436 = CARTESIAN_POINT ( 'NONE',  ( -0.2699999892709999960, 0.4999999801319999770, 0.1000000079469999942 ) ) ;
#2437 = ORIENTED_EDGE ( 'NONE', *, *, #823, .F. ) ;
#2438 = CARTESIAN_POINT ( 'NONE',  ( 0.05999999761580999957, 0.2999999880790000240, 0.3499999980130000243 ) ) ;
#2439 = ORIENTED_EDGE ( 'NONE', *, *, #5518, .T. ) ;
#2440 = ORIENTED_EDGE ( 'NONE', *, *, #3510, .T. ) ;
#2441 = VERTEX_POINT ( 'NONE', #1587 ) ;
#2442 = FACE_OUTER_BOUND ( 'NONE', #5917, .T. ) ;
#2443 = DIRECTION ( 'NONE',  ( 0.000000000000000000, 0.000000000000000000, -1.000000000000000000 ) ) ;
#2444 =( NAMED_UNIT ( * ) PLANE_ANGLE_UNIT ( ) SI_UNIT ( $, .RADIAN. ) );
#2445 = DIRECTION ( 'NONE',  ( -2.168404344971000240E-16, 1.000000000000000000, 0.000000000000000000 ) ) ;
#2446 = FACE_OUTER_BOUND ( 'NONE', #1558, .T. ) ;
#2447 = ORIENTED_EDGE ( 'NONE', *, *, #4699, .F. ) ;
#2448 = VERTEX_POINT ( 'NONE', #3030 ) ;
#2449 = AXIS2_PLACEMENT_3D ( 'NONE', #305, #3629, #4121 ) ;
#2450 = ORIENTED_EDGE ( 'NONE', *, *, #3187, .T. ) ;
#2451 = FACE_OUTER_BOUND ( 'NONE', #433, .T. ) ;
#2452 = LINE ( 'NONE', #2493, #5007 ) ;
#2453 = VECTOR ( 'NONE', #2779, 1000.000000000000000 ) ;
#2454 = AXIS2_PLACEMENT_3D ( 'NONE', #1109, #2135, #4035 ) ;
#2456 = VERTEX_POINT ( 'NONE', #1053 ) ;
#2455 = CARTESIAN_POINT ( 'NONE',  ( 0.1199999952320000007, -0.4249999831119999905, 0.4499999940400000176 ) ) ;
#2457 = PRESENTATION_LAYER_ASSIGNMENT (  '', '', ( #3060 ) ) ;
#2458 = PRESENTATION_LAYER_ASSIGNMENT (  '', '', ( #1346 ) ) ;
#2459 = LINE ( 'NONE', #2048, #983 ) ;
#2460 = CARTESIAN_POINT ( 'NONE',  ( 3.061616876211000089E-18, 0.4249999831119999905, 0.3499999980130000243 ) ) ;
#2461 = CARTESIAN_POINT ( 'NONE',  ( -0.02499999900658999782, 0.4499999821190000526, 0.4499999940400000176 ) ) ;
#2462 = CIRCLE ( 'NONE', #762, 0.02499999900659001170 ) ;
#2463 = CARTESIAN_POINT ( 'NONE',  ( -0.05999999761580999957, -0.2999999880790000240, 0.3499999980130000243 ) ) ;
#2464 = EDGE_CURVE ( 'NONE', #4485, #731, #1920, .T. ) ;
#2465 =( GEOMETRIC_REPRESENTATION_CONTEXT ( 3 ) GLOBAL_UNCERTAINTY_ASSIGNED_CONTEXT ( ( #4764 ) ) GLOBAL_UNIT_ASSIGNED_CONTEXT ( ( #1249, #1216, #279 ) ) REPRESENTATION_CONTEXT ( 'NONE', 'WORKASPACE' ) );
#2466 = ORIENTED_EDGE ( 'NONE', *, *, #4912, .F. ) ;
#2467 = AXIS2_PLACEMENT_3D ( 'NONE', #4491, #231, #760 ) ;
#2468 = VECTOR ( 'NONE', #1917, 1000.000000000000000 ) ;
#2469 = CARTESIAN_POINT ( 'NONE',  ( 0.1449999942380000295, 0.4499999821190000526, 0.3499999980130000243 ) ) ;
#2470 = DIRECTION ( 'NONE',  ( 0.000000000000000000, -1.000000000000000000, 0.000000000000000000 ) ) ;
#2471 = SURFACE_SIDE_STYLE ('',( #158 ) ) ;
#2472 = DIRECTION ( 'NONE',  ( 0.000000000000000000, 0.000000000000000000, 1.000000000000000000 ) ) ;
#2473 = ORIENTED_EDGE ( 'NONE', *, *, #2948, .T. ) ;
#2474 = CARTESIAN_POINT ( 'NONE',  ( 0.1799999928469999955, -0.2999999880790000240, 0.2250000029800000023 ) ) ;
#2475 = EDGE_CURVE ( 'NONE', #4494, #5625, #214, .T. ) ;
#2476 = COLOUR_RGB ( '',0.5019607843137254832, 0.5019607843137254832, 0.5019607843137254832 ) ;
#2477 = EDGE_CURVE ( 'NONE', #4892, #3921, #2732, .T. ) ;
#2478 = ORIENTED_EDGE ( 'NONE', *, *, #2670, .T. ) ;
#2479 = ORIENTED_EDGE ( 'NONE', *, *, #5288, .T. ) ;
#2480 = ORIENTED_EDGE ( 'NONE', *, *, #1837, .F. ) ;
#2481 =( GEOMETRIC_REPRESENTATION_CONTEXT ( 3 ) GLOBAL_UNCERTAINTY_ASSIGNED_CONTEXT ( ( #4408 ) ) GLOBAL_UNIT_ASSIGNED_CONTEXT ( ( #5882, #1649, #5366 ) ) REPRESENTATION_CONTEXT ( 'NONE', 'WORKASPACE' ) );
#2482 = DIRECTION ( 'NONE',  ( 0.000000000000000000, -1.000000000000000000, 0.000000000000000000 ) ) ;
#2483 = SURFACE_STYLE_FILL_AREA ( #5214 ) ;
#2484 = DIRECTION ( 'NONE',  ( 0.000000000000000000, -1.000000000000000000, 0.000000000000000000 ) ) ;
#2485 = EDGE_CURVE ( 'NONE', #1931, #844, #2598, .T. ) ;
#2486 = DIRECTION ( 'NONE',  ( -1.000000000000000000, 0.000000000000000000, 0.000000000000000000 ) ) ;
#2487 = EDGE_LOOP ( 'NONE', ( #4416, #2760, #3165, #5725, #6102, #2089, #1979, #4778 ) ) ;
#2488 = VERTEX_POINT ( 'NONE', #387 ) ;
#2489 = UNCERTAINTY_MEASURE_WITH_UNIT (LENGTH_MEASURE( 1.000000000000000082E-05 ), #508, 'distance_accuracy_value', 'NONE');
#2490 = AXIS2_PLACEMENT_3D ( 'NONE', #3670, #364, #1704 ) ;
#2491 = AXIS2_PLACEMENT_3D ( 'NONE', #1501, #2378, #2952 ) ;
#2492 = FACE_OUTER_BOUND ( 'NONE', #5270, .T. ) ;
#2493 = CARTESIAN_POINT ( 'NONE',  ( 0.2699999892709999960, 0.2399999904629999958, 0.1000000079469999942 ) ) ;
#2494 = AXIS2_PLACEMENT_3D ( 'NONE', #4254, #5234, #6118 ) ;
#2495 = ADVANCED_FACE ( 'NONE', ( #3607 ), #2654, .T. ) ;
#2497 = ORIENTED_EDGE ( 'NONE', *, *, #3196, .F. ) ;
#2496 = SURFACE_STYLE_USAGE ( .BOTH. , #5837 ) ;
#2498 = COLOUR_RGB ( '',0.5019607843137254832, 0.5019607843137254832, 0.5019607843137254832 ) ;
#2499 = PLANE ( 'NONE',  #4534 ) ;
#2500 = LINE ( 'NONE', #4871, #3257 ) ;
#2501 = DIRECTION ( 'NONE',  ( 0.000000000000000000, 1.000000000000000000, 0.000000000000000000 ) ) ;
#2502 = PRESENTATION_STYLE_ASSIGNMENT (( #5328 ) ) ;
#2503 = VERTEX_POINT ( 'NONE', #5099 ) ;
#2504 = CARTESIAN_POINT ( 'NONE',  ( 0.05999999761580999957, -0.4249999831119999905, 0.3499999980130000243 ) ) ;
#2505 = DIRECTION ( 'NONE',  ( 0.000000000000000000, 0.000000000000000000, 1.000000000000000000 ) ) ;
#2506 = DIRECTION ( 'NONE',  ( 0.000000000000000000, 1.000000000000000000, 0.000000000000000000 ) ) ;
#2507 = VERTEX_POINT ( 'NONE', #5528 ) ;
#2508 = DIRECTION ( 'NONE',  ( 0.000000000000000000, 0.000000000000000000, -1.000000000000000000 ) ) ;
#2509 = EDGE_LOOP ( 'NONE', ( #1152, #4970, #4818, #3521, #2283 ) ) ;
#2510 = EDGE_LOOP ( 'NONE', ( #1569, #1507, #4874, #922 ) ) ;
#2511 = EDGE_CURVE ( 'NONE', #632, #4805, #5904, .T. ) ;
#2512 = EDGE_CURVE ( 'NONE', #2017, #3381, #1243, .T. ) ;
#2513 = DIRECTION ( 'NONE',  ( 0.000000000000000000, -1.000000000000000000, 0.000000000000000000 ) ) ;
#2514 = LINE ( 'NONE', #1157, #4437 ) ;
#2515 = CARTESIAN_POINT ( 'NONE',  ( 0.02499999900658999782, 0.4499999821190000526, 0.4499999940400000176 ) ) ;
#2516 = DIRECTION ( 'NONE',  ( 0.000000000000000000, 1.000000000000000000, 0.000000000000000000 ) ) ;
#2517 = CARTESIAN_POINT ( 'NONE',  ( -0.05999999761580999957, 0.2999999880790000240, 0.4499999940400000176 ) ) ;
#2518 = VERTEX_POINT ( 'NONE', #3144 ) ;
#2519 = ORIENTED_EDGE ( 'NONE', *, *, #1208, .T. ) ;
#2520 = VERTEX_POINT ( 'NONE', #5467 ) ;
#2521 = CARTESIAN_POINT ( 'NONE',  ( -0.2699999892709999960, 0.4999999801319999770, 0.5999999880789999018 ) ) ;
#2522 = CARTESIAN_POINT ( 'NONE',  ( -0.5999999761580000479, -0.4999999801319999770, 0.1000000079469999942 ) ) ;
#2523 = DIRECTION ( 'NONE',  ( 0.000000000000000000, 1.000000000000000000, 0.000000000000000000 ) ) ;
#2524 = EDGE_CURVE ( 'NONE', #5895, #5735, #5015, .T. ) ;
#2525 = VECTOR ( 'NONE', #3585, 1000.000000000000000 ) ;
#2526 = CYLINDRICAL_SURFACE ( 'NONE', #4464, 0.02499999900659001170 ) ;
#2527 = ORIENTED_EDGE ( 'NONE', *, *, #2045, .F. ) ;
#2528 = DIRECTION ( 'NONE',  ( 0.000000000000000000, -1.000000000000000000, 0.000000000000000000 ) ) ;
#2529 = FACE_OUTER_BOUND ( 'NONE', #41, .T. ) ;
#2530 = SURFACE_STYLE_FILL_AREA ( #4841 ) ;
#2531 = MANIFOLD_SOLID_BREP ( '输入21', #4721 ) ;
#2532 = ORIENTED_EDGE ( 'NONE', *, *, #2837, .F. ) ;
#2533 = DIRECTION ( 'NONE',  ( 0.000000000000000000, 0.000000000000000000, -1.000000000000000000 ) ) ;
#2534 = AXIS2_PLACEMENT_3D ( 'NONE', #3266, #3761, #3792 ) ;
#2535 = FACE_OUTER_BOUND ( 'NONE', #1529, .T. ) ;
#2536 = DIRECTION ( 'NONE',  ( -1.000000000000000000, 0.000000000000000000, 0.000000000000000000 ) ) ;
#2537 = ORIENTED_EDGE ( 'NONE', *, *, #5221, .T. ) ;
#2538 = CARTESIAN_POINT ( 'NONE',  ( 3.061616876211000089E-18, 0.2999999880790000240, 0.3499999980130000243 ) ) ;
#2539 = ORIENTED_EDGE ( 'NONE', *, *, #2775, .F. ) ;
#2540 = CIRCLE ( 'NONE', #5087, 0.02499999900658995966 ) ;
#2541 = VERTEX_POINT ( 'NONE', #1760 ) ;
#2542 = SURFACE_STYLE_USAGE ( .BOTH. , #4022 ) ;
#2543 = CARTESIAN_POINT ( 'NONE',  ( 0.05999999761580999957, 0.2999999880790000240, 0.5999999880789999018 ) ) ;
#2544 = CARTESIAN_POINT ( 'NONE',  ( -0.2699999892709999960, 0.4999999801319999770, 0.1000000079469999942 ) ) ;
#2545 = AXIS2_PLACEMENT_3D ( 'NONE', #1503, #1536, #4400 ) ;
#2546 = ORIENTED_EDGE ( 'NONE', *, *, #4667, .T. ) ;
#2547 = EDGE_CURVE ( 'NONE', #4844, #2570, #740, .T. ) ;
#2548 = COLOUR_RGB ( '',0.5019607843137254832, 0.5019607843137254832, 0.5019607843137254832 ) ;
#2549 = FACE_OUTER_BOUND ( 'NONE', #468, .T. ) ;
#2550 = DIRECTION ( 'NONE',  ( 0.000000000000000000, 1.000000000000000000, 0.000000000000000000 ) ) ;
#2551 = PRESENTATION_STYLE_ASSIGNMENT (( #2496 ) ) ;
#2552 = ORIENTED_EDGE ( 'NONE', *, *, #192, .T. ) ;
#2553 = EDGE_CURVE ( 'NONE', #2647, #5662, #735, .T. ) ;
#2555 = UNCERTAINTY_MEASURE_WITH_UNIT (LENGTH_MEASURE( 1.000000000000000082E-05 ), #2412, 'distance_accuracy_value', 'NONE');
#2554 = CIRCLE ( 'NONE', #6071, 0.1249999950329999943 ) ;
#2556 = EDGE_CURVE ( 'NONE', #6121, #2275, #3815, .T. ) ;
#2557 = AXIS2_PLACEMENT_3D ( 'NONE', #3405, #2951, #2851 ) ;
#2558 = DIRECTION ( 'NONE',  ( 0.000000000000000000, 1.000000000000000000, 0.000000000000000000 ) ) ;
#2559 = CARTESIAN_POINT ( 'NONE',  ( 0.09499999622504000374, 0.4499999821190000526, 0.4499999940400000176 ) ) ;
#2560 = DIRECTION ( 'NONE',  ( 0.000000000000000000, 0.000000000000000000, 1.000000000000000000 ) ) ;
#2561 = DIRECTION ( 'NONE',  ( 1.000000000000000000, 0.000000000000000000, 0.000000000000000000 ) ) ;
#2562 = CYLINDRICAL_SURFACE ( 'NONE', #5614, 0.09999999602635999130 ) ;
#2563 = ADVANCED_FACE ( 'NONE', ( #4157 ), #850, .T. ) ;
#2564 = AXIS2_PLACEMENT_3D ( 'NONE', #2715, #330, #1759 ) ;
#2565 = VECTOR ( 'NONE', #2102, 1000.000000000000000 ) ;
#2566 = CARTESIAN_POINT ( 'NONE',  ( 0.1799999928469999955, -0.2999999880790000240, 0.2000000039739999735 ) ) ;
#2567 = AXIS2_PLACEMENT_3D ( 'NONE', #2438, #6055, #4192 ) ;
#2568 = VECTOR ( 'NONE', #1303, 1000.000000000000000 ) ;
#2569 =( NAMED_UNIT ( * ) PLANE_ANGLE_UNIT ( ) SI_UNIT ( $, .RADIAN. ) );
#2570 = VERTEX_POINT ( 'NONE', #2773 ) ;
#2571 = LINE ( 'NONE', #1999, #4788 ) ;
#2572 = EDGE_CURVE ( 'NONE', #3921, #5652, #2643, .T. ) ;
#2573 = ORIENTED_EDGE ( 'NONE', *, *, #2477, .F. ) ;
#2574 = AXIS2_PLACEMENT_3D ( 'NONE', #176, #2076, #5835 ) ;
#2575 = AXIS2_PLACEMENT_3D ( 'NONE', #3929, #2528, #4839 ) ;
#2576 = MANIFOLD_SOLID_BREP ( '输入15', #6083 ) ;
#2577 = LINE ( 'NONE', #5430, #4551 ) ;
#2578 =( GEOMETRIC_REPRESENTATION_CONTEXT ( 3 ) GLOBAL_UNCERTAINTY_ASSIGNED_CONTEXT ( ( #5380 ) ) GLOBAL_UNIT_ASSIGNED_CONTEXT ( ( #3840, #5245, #537 ) ) REPRESENTATION_CONTEXT ( 'NONE', 'WORKASPACE' ) );
#2579 = DIRECTION ( 'NONE',  ( 0.000000000000000000, -1.000000000000000000, 0.000000000000000000 ) ) ;
#2580 = PLANE ( 'NONE',  #5718 ) ;
#2581 = CARTESIAN_POINT ( 'NONE',  ( -0.2699999892709999960, 0.2399999904629999958, 1.192092846658000078E-08 ) ) ;
#2582 = ORIENTED_EDGE ( 'NONE', *, *, #5091, .T. ) ;
#2583 = VERTEX_POINT ( 'NONE', #913 ) ;
#2584 = CIRCLE ( 'NONE', #4359, 0.02499999900659001170 ) ;
#2585 = DIRECTION ( 'NONE',  ( 0.000000000000000000, -1.000000000000000000, 0.000000000000000000 ) ) ;
#2586 = MANIFOLD_SOLID_BREP ( '输入19', #1567 ) ;
#2587 = AXIS2_PLACEMENT_3D ( 'NONE', #4050, #4988, #803 ) ;
#2588 = CARTESIAN_POINT ( 'NONE',  ( 0.1199999952320000007, -0.4499999821190000526, 0.4499999940400000176 ) ) ;
#2589 = ORIENTED_EDGE ( 'NONE', *, *, #1722, .F. ) ;
#2590 = AXIS2_PLACEMENT_3D ( 'NONE', #5616, #5582, #1353 ) ;
#2591 = DIRECTION ( 'NONE',  ( -1.000000000000000000, 0.000000000000000000, 0.000000000000000000 ) ) ;
#2592 = EDGE_CURVE ( 'NONE', #1776, #4038, #5158, .T. ) ;
#2593 = ADVANCED_FACE ( 'NONE', ( #879 ), #4209, .F. ) ;
#2594 = PRESENTATION_STYLE_ASSIGNMENT (( #3054 ) ) ;
#2595 = CARTESIAN_POINT ( 'NONE',  ( 0.000000000000000000, 0.4499999821190000526, 0.4499999940400000176 ) ) ;
#2596 = ORIENTED_EDGE ( 'NONE', *, *, #2948, .F. ) ;
#2597 = CARTESIAN_POINT ( 'NONE',  ( 0.05999999761580999957, -0.2999999880790000240, 0.4499999940400000176 ) ) ;
#2598 = LINE ( 'NONE', #3545, #2028 ) ;
#2599 = DIRECTION ( 'NONE',  ( 0.000000000000000000, 0.000000000000000000, 1.000000000000000000 ) ) ;
#2600 = CIRCLE ( 'NONE', #295, 0.1249999950329999943 ) ;
#2601 = ORIENTED_EDGE ( 'NONE', *, *, #3493, .T. ) ;
#2602 = EDGE_CURVE ( 'NONE', #2303, #1776, #2806, .T. ) ;
#2603 = DIRECTION ( 'NONE',  ( 0.000000000000000000, 0.000000000000000000, -1.000000000000000000 ) ) ;
#2604 = DIRECTION ( 'NONE',  ( -1.000000000000000000, 0.000000000000000000, 0.000000000000000000 ) ) ;
#2605 = LINE ( 'NONE', #3583, #26 ) ;
#2606 = FILL_AREA_STYLE_COLOUR ( '', #2123 ) ;
#2607 =( GEOMETRIC_REPRESENTATION_CONTEXT ( 3 ) GLOBAL_UNCERTAINTY_ASSIGNED_CONTEXT ( ( #4829 ) ) GLOBAL_UNIT_ASSIGNED_CONTEXT ( ( #4000, #3560, #5854 ) ) REPRESENTATION_CONTEXT ( 'NONE', 'WORKASPACE' ) );
#2608 = ORIENTED_EDGE ( 'NONE', *, *, #4866, .F. ) ;
#2609 = ADVANCED_FACE ( 'NONE', ( #2357 ), #3758, .F. ) ;
#2610 = DIRECTION ( 'NONE',  ( 0.000000000000000000, -1.000000000000000000, 0.000000000000000000 ) ) ;
#2611 = DIRECTION ( 'NONE',  ( -1.000000000000000000, 0.000000000000000000, 0.000000000000000000 ) ) ;
#2612 = ORIENTED_EDGE ( 'NONE', *, *, #1802, .T. ) ;
#2613 = CARTESIAN_POINT ( 'NONE',  ( 0.2699999892709999960, 0.4999999801319999770, 0.1000000079469999942 ) ) ;
#2614 = CARTESIAN_POINT ( 'NONE',  ( -0.2699999892709999960, 0.2999999880790000240, 0.2500000019869999535 ) ) ;
#2615 = ORIENTED_EDGE ( 'NONE', *, *, #183, .F. ) ;
#2616 = ORIENTED_EDGE ( 'NONE', *, *, #4480, .T. ) ;
#2617 = ORIENTED_EDGE ( 'NONE', *, *, #496, .F. ) ;
#2618 = DIRECTION ( 'NONE',  ( 0.000000000000000000, 0.000000000000000000, -1.000000000000000000 ) ) ;
#2619 = FACE_OUTER_BOUND ( 'NONE', #1491, .T. ) ;
#2620 = CYLINDRICAL_SURFACE ( 'NONE', #659, 0.02499999900658995966 ) ;
#2621 = PLANE ( 'NONE',  #5722 ) ;
#2622 = EDGE_CURVE ( 'NONE', #900, #4419, #2939, .T. ) ;
#2623 = ORIENTED_EDGE ( 'NONE', *, *, #3259, .T. ) ;
#2624 = DIRECTION ( 'NONE',  ( -1.000000000000000000, 0.000000000000000000, 0.000000000000000000 ) ) ;
#2625 = FILL_AREA_STYLE_COLOUR ( '', #852 ) ;
#2626 = LINE ( 'NONE', #5392, #325 ) ;
#2627 = DIRECTION ( 'NONE',  ( -1.000000000000000000, 0.000000000000000000, 0.000000000000000000 ) ) ;
#2628 =( GEOMETRIC_REPRESENTATION_CONTEXT ( 3 ) GLOBAL_UNCERTAINTY_ASSIGNED_CONTEXT ( ( #2802 ) ) GLOBAL_UNIT_ASSIGNED_CONTEXT ( ( #1187, #5075, #3236 ) ) REPRESENTATION_CONTEXT ( 'NONE', 'WORKASPACE' ) );
#2629 = ORIENTED_EDGE ( 'NONE', *, *, #519, .F. ) ;
#2630 = ADVANCED_FACE ( 'NONE', ( #1949 ), #487, .T. ) ;
#2631 = EDGE_LOOP ( 'NONE', ( #5352, #5294, #5700, #898 ) ) ;
#2632 = AXIS2_PLACEMENT_3D ( 'NONE', #3099, #1120, #1186 ) ;
#2633 = DIRECTION ( 'NONE',  ( 0.000000000000000000, 0.000000000000000000, 1.000000000000000000 ) ) ;
#2634 = FILL_AREA_STYLE_COLOUR ( '', #1664 ) ;
#2635 = CARTESIAN_POINT ( 'NONE',  ( 0.1199999952320000007, 0.000000000000000000, 0.2250000029800000023 ) ) ;
#2636 = CARTESIAN_POINT ( 'NONE',  ( -0.5999999761580000479, -0.4999999801319999770, 0.5999999880789999018 ) ) ;
#2637 = EDGE_LOOP ( 'NONE', ( #3610, #6011, #1012, #5931 ) ) ;
#2638 = CARTESIAN_POINT ( 'NONE',  ( 0.5999999761580000479, 0.1399999944370000082, 0.2000000039739999735 ) ) ;
#2639 = ORIENTED_EDGE ( 'NONE', *, *, #22, .F. ) ;
#2640 = MECHANICAL_DESIGN_GEOMETRIC_PRESENTATION_REPRESENTATION (  '', ( #1720 ), #6051 ) ;
#2641 = EDGE_CURVE ( 'NONE', #1236, #2783, #2432, .T. ) ;
#2642 = CYLINDRICAL_SURFACE ( 'NONE', #4352, 0.02499999900659001170 ) ;
#2643 = CIRCLE ( 'NONE', #923, 0.02499999900658995966 ) ;
#2644 = CARTESIAN_POINT ( 'NONE',  ( 0.5999999761580000479, -0.4999999801319999770, 0.1000000079469999942 ) ) ;
#2645 = CARTESIAN_POINT ( 'NONE',  ( 0.1199999952320000007, 0.000000000000000000, 0.2000000039739999735 ) ) ;
#2646 = ORIENTED_EDGE ( 'NONE', *, *, #62, .F. ) ;
#2647 = VERTEX_POINT ( 'NONE', #6072 ) ;
#2648 = VECTOR ( 'NONE', #3344, 1000.000000000000000 ) ;
#2649 = ORIENTED_EDGE ( 'NONE', *, *, #5173, .T. ) ;
#2650 = DIRECTION ( 'NONE',  ( 0.000000000000000000, 0.000000000000000000, 1.000000000000000000 ) ) ;
#2651 = LINE ( 'NONE', #4530, #489 ) ;
#2652 = AXIS2_PLACEMENT_3D ( 'NONE', #5142, #2401, #891 ) ;
#2653 = DIRECTION ( 'NONE',  ( -1.000000000000000000, 0.000000000000000000, 0.000000000000000000 ) ) ;
#2654 = CYLINDRICAL_SURFACE ( 'NONE', #534, 0.02499999900659001170 ) ;
#2655 = DIRECTION ( 'NONE',  ( 0.000000000000000000, 0.000000000000000000, -1.000000000000000000 ) ) ;
#2656 = ORIENTED_EDGE ( 'NONE', *, *, #4953, .F. ) ;
#2657 = CIRCLE ( 'NONE', #4613, 0.02499999900659001170 ) ;
#2658 = FACE_OUTER_BOUND ( 'NONE', #2838, .T. ) ;
#2659 = EDGE_CURVE ( 'NONE', #4228, #4495, #1913, .T. ) ;
#2660 = FILL_AREA_STYLE_COLOUR ( '', #3253 ) ;
#2661 = DIRECTION ( 'NONE',  ( 0.000000000000000000, 0.000000000000000000, -1.000000000000000000 ) ) ;
#2662 = AXIS2_PLACEMENT_3D ( 'NONE', #3672, #457, #5103 ) ;
#2663 = LINE ( 'NONE', #2721, #2525 ) ;
#2664 = AXIS2_PLACEMENT_3D ( 'NONE', #3134, #4603, #4150 ) ;
#2665 = AXIS2_PLACEMENT_3D ( 'NONE', #2967, #4838, #4896 ) ;
#2666 = AXIS2_PLACEMENT_3D ( 'NONE', #2918, #4761, #4272 ) ;
#2667 = AXIS2_PLACEMENT_3D ( 'NONE', #1602, #168, #4430 ) ;
#2668 = CARTESIAN_POINT ( 'NONE',  ( -0.1199999952320000007, -0.2999999880790000240, 0.5999999880789999018 ) ) ;
#2669 = DIRECTION ( 'NONE',  ( 0.000000000000000000, 0.000000000000000000, -1.000000000000000000 ) ) ;
#2670 = EDGE_CURVE ( 'NONE', #2031, #3304, #5772, .T. ) ;
#2671 = EDGE_CURVE ( 'NONE', #546, #5541, #179, .T. ) ;
#2672 = CARTESIAN_POINT ( 'NONE',  ( 0.3699999852979999893, 0.1399999944370000082, 1.192092891066999976E-08 ) ) ;
#2673 = CARTESIAN_POINT ( 'NONE',  ( -0.3417475510149999840, -0.2437334591960000074, 0.7899999805290000010 ) ) ;
#2674 = VERTEX_POINT ( 'NONE', #2997 ) ;
#2675 = DIRECTION ( 'NONE',  ( 0.000000000000000000, 1.000000000000000000, 0.000000000000000000 ) ) ;
#2676 = TOROIDAL_SURFACE ( 'NONE', #3154, 0.1499999940400000287, 0.02499999900658999782 ) ;
#2677 = AXIS2_PLACEMENT_3D ( 'NONE', #5268, #653, #4422 ) ;
#2678 = VECTOR ( 'NONE', #1878, 1000.000000000000114 ) ;
#2679 = DIRECTION ( 'NONE',  ( 0.000000000000000000, -1.000000000000000000, 0.000000000000000000 ) ) ;
#2680 = VECTOR ( 'NONE', #1955, 1000.000000000000000 ) ;
#2681 = EDGE_CURVE ( 'NONE', #5625, #669, #5407, .T. ) ;
#2682 = CARTESIAN_POINT ( 'NONE',  ( -0.05999999761580999957, 0.4749999811250000259, 0.3499999980130000243 ) ) ;
#2683 = DIRECTION ( 'NONE',  ( 0.000000000000000000, -1.000000000000000000, 0.000000000000000000 ) ) ;
#2684 = UNCERTAINTY_MEASURE_WITH_UNIT (LENGTH_MEASURE( 1.000000000000000082E-05 ), #1810, 'distance_accuracy_value', 'NONE');
#2685 = VECTOR ( 'NONE', #5657, 1000.000000000000000 ) ;
#2686 = ORIENTED_EDGE ( 'NONE', *, *, #1299, .F. ) ;
#2687 = COLOUR_RGB ( '',0.9882352941176471006, 0.7372549019607843590, 0.5176470588235293491 ) ;
#2688 = ADVANCED_FACE ( 'NONE', ( #3982 ), #3047, .T. ) ;
#2689 = CARTESIAN_POINT ( 'NONE',  ( 0.6249999751649999435, 0.1149999954300000016, 0.2000000039739999735 ) ) ;
#2690 = DIRECTION ( 'NONE',  ( 0.000000000000000000, 0.000000000000000000, -1.000000000000000000 ) ) ;
#2691 = CARTESIAN_POINT ( 'NONE',  ( 0.1799999928469999955, 0.2999999880790000240, 0.5999999880789999018 ) ) ;
#2692 = CARTESIAN_POINT ( 'NONE',  ( 0.1799999928469999955, 0.2999999880790000240, 0.3499999980130000243 ) ) ;
#2693 = DIRECTION ( 'NONE',  ( -1.000000000000000000, -4.336808689942000480E-16, 0.000000000000000000 ) ) ;
#2694 = VERTEX_POINT ( 'NONE', #3485 ) ;
#2695 = CARTESIAN_POINT ( 'NONE',  ( 0.000000000000000000, 0.2999999880790000240, 0.1750000049669999946 ) ) ;
#2696 = CIRCLE ( 'NONE', #4558, 0.02499999900659001170 ) ;
#2697 = AXIS2_PLACEMENT_3D ( 'NONE', #4026, #3591, #1575 ) ;
#2698 = VECTOR ( 'NONE', #275, 1000.000000000000000 ) ;
#2699 = CARTESIAN_POINT ( 'NONE',  ( -0.2699999892709999960, 0.3999999841049999838, 0.3499999980130000243 ) ) ;
#2700 = DIRECTION ( 'NONE',  ( 5.421011077838986852E-16, 0.000000000000000000, 1.000000000000000000 ) ) ;
#2701 = DIRECTION ( 'NONE',  ( 0.000000000000000000, 1.000000000000000000, 0.000000000000000000 ) ) ;
#2702 = SURFACE_SIDE_STYLE ('',( #4595 ) ) ;
#2703 = ORIENTED_EDGE ( 'NONE', *, *, #4318, .F. ) ;
#2704 = FACE_OUTER_BOUND ( 'NONE', #2946, .T. ) ;
#2705 = EDGE_LOOP ( 'NONE', ( #5150, #4305, #1697, #3256, #3286, #3625 ) ) ;
#2706 = EDGE_CURVE ( 'NONE', #1746, #4815, #636, .T. ) ;
#2707 = LINE ( 'NONE', #4601, #4932 ) ;
#2708 = DIRECTION ( 'NONE',  ( 0.000000000000000000, -1.000000000000000000, 0.000000000000000000 ) ) ;
#2709 = FACE_OUTER_BOUND ( 'NONE', #736, .T. ) ;
#2710 = EDGE_CURVE ( 'NONE', #4228, #4369, #5388, .T. ) ;
#2711 = EDGE_CURVE ( 'NONE', #1689, #2583, #638, .T. ) ;
#2712 = LINE ( 'NONE', #1269, #174 ) ;
#2713 = CARTESIAN_POINT ( 'NONE',  ( -0.1199999952320000007, 0.2999999880790000240, 0.5999999880789999018 ) ) ;
#2714 = DIRECTION ( 'NONE',  ( -1.000000000000000000, 0.000000000000000000, 0.000000000000000000 ) ) ;
#2715 = CARTESIAN_POINT ( 'NONE',  ( 0.05999999761580999957, -0.2999999880790000240, 0.4499999940400000176 ) ) ;
#2716 = DIRECTION ( 'NONE',  ( 0.000000000000000000, 0.000000000000000000, -1.000000000000000000 ) ) ;
#2717 = DIRECTION ( 'NONE',  ( -1.000000000000000000, 0.000000000000000000, 0.000000000000000000 ) ) ;
#2718 = PRODUCT_RELATED_PRODUCT_CATEGORY ( 'part', '', ( #4869 ) ) ;
#2719 = CYLINDRICAL_SURFACE ( 'NONE', #2490, 0.02499999900659001170 ) ;
#2720 = CARTESIAN_POINT ( 'NONE',  ( 0.1799999928469999955, 0.2999999880790000240, 0.3499999980130000243 ) ) ;
#2721 = CARTESIAN_POINT ( 'NONE',  ( 0.5999999761580000479, -0.4999999801319999770, 1.192092846658000078E-08 ) ) ;
#2722 = ORIENTED_EDGE ( 'NONE', *, *, #2018, .T. ) ;
#2723 = DIRECTION ( 'NONE',  ( -1.000000000000000000, 0.000000000000000000, 0.000000000000000000 ) ) ;
#2724 = VECTOR ( 'NONE', #4085, 1000.000000000000000 ) ;
#2725 = CARTESIAN_POINT ( 'NONE',  ( 0.2699999892709999960, -0.2999999880790000240, 0.5499999900659999774 ) ) ;
#2726 = ORIENTED_EDGE ( 'NONE', *, *, #3678, .F. ) ;
#2727 = CARTESIAN_POINT ( 'NONE',  ( -0.1799999928469999955, 0.4249999831119999905, 0.3499999980130000243 ) ) ;
#2728 = ORIENTED_EDGE ( 'NONE', *, *, #2044, .T. ) ;
#2729 = AXIS2_PLACEMENT_3D ( 'NONE', #4990, #1250, #777 ) ;
#2730 = DIRECTION ( 'NONE',  ( 0.000000000000000000, 0.000000000000000000, -1.000000000000000000 ) ) ;
#2731 = EDGE_CURVE ( 'NONE', #5799, #3601, #208, .T. ) ;
#2732 = CIRCLE ( 'NONE', #3927, 0.1749999930459999464 ) ;
#2733 = DIRECTION ( 'NONE',  ( 0.000000000000000000, -1.000000000000000000, 0.000000000000000000 ) ) ;
#2734 = ORIENTED_EDGE ( 'NONE', *, *, #5506, .T. ) ;
#2735 = ORIENTED_EDGE ( 'NONE', *, *, #5928, .T. ) ;
#2736 = UNCERTAINTY_MEASURE_WITH_UNIT (LENGTH_MEASURE( 1.000000000000000082E-05 ), #6060, 'distance_accuracy_value', 'NONE');
#2737 = AXIS2_PLACEMENT_3D ( 'NONE', #2588, #4469, #3925 ) ;
#2738 = DIRECTION ( 'NONE',  ( 0.000000000000000000, 0.000000000000000000, -1.000000000000000000 ) ) ;
#2739 = CARTESIAN_POINT ( 'NONE',  ( 0.2699999892709999960, -0.2999999880790000240, 0.4499999940400000176 ) ) ;
#2740 = CARTESIAN_POINT ( 'NONE',  ( 0.1799999928469999955, -0.2999999880790000240, 0.3499999980130000243 ) ) ;
#2741 = ADVANCED_FACE ( 'NONE', ( #4350 ), #675, .T. ) ;
#2742 = EDGE_CURVE ( 'NONE', #2583, #4476, #2109, .T. ) ;
#2743 = CARTESIAN_POINT ( 'NONE',  ( 0.05999999761580999957, -0.2999999880790000240, 0.5999999880789999018 ) ) ;
#2744 = CARTESIAN_POINT ( 'NONE',  ( 0.1199999952320000007, 0.2999999880790000240, 0.3499999980130000243 ) ) ;
#2745 = CIRCLE ( 'NONE', #2039, 0.1249999950329999943 ) ;
#2746 = AXIS2_PLACEMENT_3D ( 'NONE', #5932, #2047, #3488 ) ;
#2747 = CARTESIAN_POINT ( 'NONE',  ( -0.1199999952320000007, 0.2999999880790000240, 0.4499999940400000176 ) ) ;
#2748 = PRESENTATION_STYLE_ASSIGNMENT (( #827 ) ) ;
#2749 = DIRECTION ( 'NONE',  ( 0.000000000000000000, -1.000000000000000000, 0.000000000000000000 ) ) ;
#2750 = FACE_OUTER_BOUND ( 'NONE', #4328, .T. ) ;
#2751 = AXIS2_PLACEMENT_3D ( 'NONE', #6021, #1812, #4671 ) ;
#2752 = CARTESIAN_POINT ( 'NONE',  ( -0.5999999761580000479, -0.4999999801319999770, 0.1000000079469999942 ) ) ;
#2753 = CARTESIAN_POINT ( 'NONE',  ( 0.08499999662240000087, 0.4499999821190000526, 0.3499999980130000243 ) ) ;
#2754 = AXIS2_PLACEMENT_3D ( 'NONE', #3743, #1436, #4759 ) ;
#2755 = DIRECTION ( 'NONE',  ( 0.000000000000000000, 0.000000000000000000, -1.000000000000000000 ) ) ;
#2756 = EDGE_CURVE ( 'NONE', #2674, #4319, #1046, .T. ) ;
#2757 = DIRECTION ( 'NONE',  ( -1.000000000000000000, 0.000000000000000000, 0.000000000000000000 ) ) ;
#2758 = EDGE_LOOP ( 'NONE', ( #4906, #1442, #734, #3216 ) ) ;
#2759 = ORIENTED_EDGE ( 'NONE', *, *, #3195, .F. ) ;
#2760 = ORIENTED_EDGE ( 'NONE', *, *, #4662, .T. ) ;
#2761 = AXIS2_PLACEMENT_3D ( 'NONE', #3897, #1514, #3419 ) ;
#2762 = AXIS2_PLACEMENT_3D ( 'NONE', #1903, #3915, #68 ) ;
#2763 = TOROIDAL_SURFACE ( 'NONE', #957, 0.1499999940400000287, 0.02499999900658999782 ) ;
#2764 =( NAMED_UNIT ( * ) PLANE_ANGLE_UNIT ( ) SI_UNIT ( $, .RADIAN. ) );
#2765 = CIRCLE ( 'NONE', #5019, 0.02499999900658995966 ) ;
#2766 = LINE ( 'NONE', #3251, #454 ) ;
#2767 = AXIS2_PLACEMENT_3D ( 'NONE', #2817, #3773, #5689 ) ;
#2768 = CARTESIAN_POINT ( 'NONE',  ( 0.3699999852979999893, -0.1399999944370000082, 0.2000000039739999735 ) ) ;
#2769 = VERTEX_POINT ( 'NONE', #4834 ) ;
#2770 = AXIS2_PLACEMENT_3D ( 'NONE', #2958, #3855, #2924 ) ;
#2771 = CARTESIAN_POINT ( 'NONE',  ( 0.05999999761580999957, 0.2999999880790000240, 0.3499999980130000243 ) ) ;
#2772 = AXIS2_PLACEMENT_3D ( 'NONE', #4914, #728, #2585 ) ;
#2773 = CARTESIAN_POINT ( 'NONE',  ( 0.03499999860922000522, 0.4499999821190000526, 0.4499999940400000176 ) ) ;
#2774 = DIRECTION ( 'NONE',  ( 0.000000000000000000, 0.000000000000000000, 1.000000000000000000 ) ) ;
#2775 = EDGE_CURVE ( 'NONE', #4879, #3434, #2540, .T. ) ;
#2776 = STYLED_ITEM ( 'NONE', ( #1193 ), #595 ) ;
#2777 = ADVANCED_FACE ( 'NONE', ( #5286 ), #2962, .F. ) ;
#2778 = DIRECTION ( 'NONE',  ( 0.000000000000000000, 0.000000000000000000, 1.000000000000000000 ) ) ;
#2779 = DIRECTION ( 'NONE',  ( 0.000000000000000000, -1.000000000000000000, 0.000000000000000000 ) ) ;
#2780 = CARTESIAN_POINT ( 'NONE',  ( 0.2699999892709999960, 0.1399999944370000082, 0.1000000079469999942 ) ) ;
#2781 = LINE ( 'NONE', #3793, #1806 ) ;
#2782 = AXIS2_PLACEMENT_3D ( 'NONE', #593, #652, #1093 ) ;
#2783 = VERTEX_POINT ( 'NONE', #3569 ) ;
#2784 = EDGE_CURVE ( 'NONE', #512, #4432, #1265, .T. ) ;
#2785 = ORIENTED_EDGE ( 'NONE', *, *, #3237, .T. ) ;
#2786 = AXIS2_PLACEMENT_3D ( 'NONE', #5745, #1610, #5415 ) ;
#2787 = CARTESIAN_POINT ( 'NONE',  ( -0.1199999952320000007, 0.2999999880790000240, 0.3499999980130000243 ) ) ;
#2788 = CARTESIAN_POINT ( 'NONE',  ( -0.1799999928469999955, 0.2999999880790000240, 0.4499999940400000176 ) ) ;
#2789 = AXIS2_PLACEMENT_3D ( 'NONE', #119, #3392, #4898 ) ;
#2790 = DIRECTION ( 'NONE',  ( 0.000000000000000000, 0.000000000000000000, -1.000000000000000000 ) ) ;
#2791 = CARTESIAN_POINT ( 'NONE',  ( 0.1199999952320000007, 0.2999999880790000240, 0.1750000049669999946 ) ) ;
#2792 = EDGE_LOOP ( 'NONE', ( #5305, #666, #609, #639 ) ) ;
#2793 = VERTEX_POINT ( 'NONE', #5039 ) ;
#2794 = PRESENTATION_LAYER_ASSIGNMENT (  '', '', ( #383 ) ) ;
#2795 = CIRCLE ( 'NONE', #4651, 0.1249999950329999943 ) ;
#2796 = EDGE_CURVE ( 'NONE', #2541, #1367, #642, .T. ) ;
#2797 = FILL_AREA_STYLE_COLOUR ( '', #278 ) ;
#2798 = DIRECTION ( 'NONE',  ( 0.000000000000000000, 0.000000000000000000, -1.000000000000000000 ) ) ;
#2799 = CARTESIAN_POINT ( 'NONE',  ( -0.05999999761580999957, -0.2999999880790000240, 0.2250000029800000023 ) ) ;
#2800 = ORIENTED_EDGE ( 'NONE', *, *, #4479, .T. ) ;
#2801 = EDGE_LOOP ( 'NONE', ( #6039, #3425, #3106, #4027 ) ) ;
#2802 = UNCERTAINTY_MEASURE_WITH_UNIT (LENGTH_MEASURE( 1.000000000000000082E-05 ), #1187, 'distance_accuracy_value', 'NONE');
#2803 = VERTEX_POINT ( 'NONE', #794 ) ;
#2804 = ORIENTED_EDGE ( 'NONE', *, *, #5198, .F. ) ;
#2805 = CARTESIAN_POINT ( 'NONE',  ( -0.2699999892709999960, -0.2999999880790000240, 0.4499999940400000176 ) ) ;
#2806 = LINE ( 'NONE', #5129, #1326 ) ;
#2807 = DIRECTION ( 'NONE',  ( 0.000000000000000000, -1.000000000000000000, 0.000000000000000000 ) ) ;
#2808 = DIRECTION ( 'NONE',  ( 0.000000000000000000, 0.000000000000000000, 1.000000000000000000 ) ) ;
#2809 = CARTESIAN_POINT ( 'NONE',  ( 0.05999999761580999957, 0.2999999880790000240, 0.2000000039739999735 ) ) ;
#2810 = EDGE_CURVE ( 'NONE', #2944, #665, #1232, .T. ) ;
#2811 = ORIENTED_EDGE ( 'NONE', *, *, #4866, .T. ) ;
#2812 = LINE ( 'NONE', #427, #3232 ) ;
#2813 = CARTESIAN_POINT ( 'NONE',  ( -0.1799999928469999955, -0.4249999831119999905, 0.4499999940400000176 ) ) ;
#2814 = CARTESIAN_POINT ( 'NONE',  ( -0.5999999761580000479, -0.4999999801319999770, 0.1000000079469999942 ) ) ;
#2815 = CARTESIAN_POINT ( 'NONE',  ( 0.05999999761580999957, 0.4499999821190000526, 0.3499999980130000243 ) ) ;
#2816 = ORIENTED_EDGE ( 'NONE', *, *, #3967, .F. ) ;
#2817 = CARTESIAN_POINT ( 'NONE',  ( 0.1799999928469999955, 0.2999999880790000240, 0.5999999880789999018 ) ) ;
#2818 = VERTEX_POINT ( 'NONE', #4493 ) ;
#2819 = VERTEX_POINT ( 'NONE', #1693 ) ;
#2820 = ORIENTED_EDGE ( 'NONE', *, *, #405, .F. ) ;
#2821 = TOROIDAL_SURFACE ( 'NONE', #815, 0.1499999940400000287, 0.02499999900658999782 ) ;
#2822 = CARTESIAN_POINT ( 'NONE',  ( -0.1799999928469999955, 0.000000000000000000, 0.1750000049669999946 ) ) ;
#2823 = DIRECTION ( 'NONE',  ( 0.000000000000000000, 0.000000000000000000, -1.000000000000000000 ) ) ;
#2824 = CARTESIAN_POINT ( 'NONE',  ( -0.1199999952320000007, -0.2999999880790000240, 0.3499999980130000243 ) ) ;
#2825 = CARTESIAN_POINT ( 'NONE',  ( -0.5999999761580000479, 0.4999999801319999770, 0.5999999880789999018 ) ) ;
#2826 = VERTEX_POINT ( 'NONE', #2614 ) ;
#2827 = AXIS2_PLACEMENT_3D ( 'NONE', #4054, #1148, #3036 ) ;
#2828 = ORIENTED_EDGE ( 'NONE', *, *, #2230, .T. ) ;
#2829 = VECTOR ( 'NONE', #2501, 1000.000000000000000 ) ;
#2830 = SURFACE_STYLE_USAGE ( .BOTH. , #4309 ) ;
#2831 = ORIENTED_EDGE ( 'NONE', *, *, #5043, .T. ) ;
#2832 = DIRECTION ( 'NONE',  ( 0.000000000000000000, 1.000000000000000000, 0.000000000000000000 ) ) ;
#2833 = AXIS2_PLACEMENT_3D ( 'NONE', #1904, #843, #1804 ) ;
#2834 = CARTESIAN_POINT ( 'NONE',  ( -0.1799999928469999955, -0.2999999880790000240, 0.4499999940400000176 ) ) ;
#2835 = DIRECTION ( 'NONE',  ( 0.000000000000000000, 1.000000000000000000, 0.000000000000000000 ) ) ;
#2836 = VECTOR ( 'NONE', #4057, 1000.000000000000000 ) ;
#2837 = EDGE_CURVE ( 'NONE', #4779, #4290, #4556, .T. ) ;
#2838 = EDGE_LOOP ( 'NONE', ( #2616, #4972, #2921, #1906 ) ) ;
#2839 = LINE ( 'NONE', #863, #1141 ) ;
#2840 = SURFACE_STYLE_USAGE ( .BOTH. , #1926 ) ;
#2841 = LINE ( 'NONE', #501, #3166 ) ;
#2842 = DIRECTION ( 'NONE',  ( 0.000000000000000000, 0.000000000000000000, -1.000000000000000000 ) ) ;
#2843 = ORIENTED_EDGE ( 'NONE', *, *, #5609, .T. ) ;
#2844 = DIRECTION ( 'NONE',  ( 0.000000000000000000, 0.000000000000000000, 1.000000000000000000 ) ) ;
#2845 =( GEOMETRIC_REPRESENTATION_CONTEXT ( 3 ) GLOBAL_UNCERTAINTY_ASSIGNED_CONTEXT ( ( #4343 ) ) GLOBAL_UNIT_ASSIGNED_CONTEXT ( ( #1175, #5575, #3754 ) ) REPRESENTATION_CONTEXT ( 'NONE', 'WORKASPACE' ) );
#2846 = ORIENTED_EDGE ( 'NONE', *, *, #362, .T. ) ;
#2847 = ADVANCED_FACE ( 'NONE', ( #2709 ), #3105, .F. ) ;
#2848 = AXIS2_PLACEMENT_3D ( 'NONE', #178, #232, #729 ) ;
#2849 = EDGE_CURVE ( 'NONE', #1600, #5789, #3137, .T. ) ;
#2850 = LINE ( 'NONE', #3338, #2685 ) ;
#2851 = DIRECTION ( 'NONE',  ( 0.000000000000000000, 0.000000000000000000, -1.000000000000000000 ) ) ;
#2852 = FACE_OUTER_BOUND ( 'NONE', #2510, .T. ) ;
#2853 = PRESENTATION_STYLE_ASSIGNMENT (( #5697 ) ) ;
#2854 = FACE_OUTER_BOUND ( 'NONE', #677, .T. ) ;
#2855 = ORIENTED_EDGE ( 'NONE', *, *, #2265, .T. ) ;
#2856 = AXIS2_PLACEMENT_3D ( 'NONE', #4859, #170, #1159 ) ;
#2857 = EDGE_LOOP ( 'NONE', ( #3597, #249, #905, #1153, #3656 ) ) ;
#2858 = UNCERTAINTY_MEASURE_WITH_UNIT (LENGTH_MEASURE( 1.000000000000000082E-05 ), #2298, 'distance_accuracy_value', 'NONE');
#2859 = PRESENTATION_LAYER_ASSIGNMENT (  '', '', ( #1350 ) ) ;
#2860 = EDGE_CURVE ( 'NONE', #2793, #477, #5089, .T. ) ;
#2861 = ORIENTED_EDGE ( 'NONE', *, *, #2349, .F. ) ;
#2862 = MECHANICAL_DESIGN_GEOMETRIC_PRESENTATION_REPRESENTATION (  '', ( #6080 ), #359 ) ;
#2863 = CARTESIAN_POINT ( 'NONE',  ( -0.1199999952320000007, -0.4499999821190000526, 0.4499999940400000176 ) ) ;
#2864 = VECTOR ( 'NONE', #1001, 1000.000000000000000 ) ;
#2865 =( NAMED_UNIT ( * ) SI_UNIT ( $, .STERADIAN. ) SOLID_ANGLE_UNIT ( ) );
#2866 = ORIENTED_EDGE ( 'NONE', *, *, #1722, .T. ) ;
#2867 = CARTESIAN_POINT ( 'NONE',  ( -0.05999999761580999957, 0.4499999821190000526, 0.3499999980130000243 ) ) ;
#2868 = COLOUR_RGB ( '',0.5019607843137254832, 0.5019607843137254832, 0.5019607843137254832 ) ;
#2869 = ADVANCED_FACE ( 'NONE', ( #2251 ), #5006, .T. ) ;
#2870 = AXIS2_PLACEMENT_3D ( 'NONE', #3249, #5485, #841 ) ;
#2871 = CARTESIAN_POINT ( 'NONE',  ( 0.05999999761580999957, 0.4249999831119999905, 0.3499999980130000243 ) ) ;
#2872 = FILL_AREA_STYLE_COLOUR ( '', #5580 ) ;
#2873 = DIRECTION ( 'NONE',  ( 0.000000000000000000, 1.000000000000000000, 0.000000000000000000 ) ) ;
#2874 = CARTESIAN_POINT ( 'NONE',  ( 0.1799999928469999955, -0.4749999811250000259, 0.4499999940400000176 ) ) ;
#2875 = VERTEX_POINT ( 'NONE', #322 ) ;
#2876 = ORIENTED_EDGE ( 'NONE', *, *, #5944, .T. ) ;
#2877 = DIRECTION ( 'NONE',  ( 0.000000000000000000, -1.000000000000000000, 0.000000000000000000 ) ) ;
#2878 = DIRECTION ( 'NONE',  ( -1.000000000000000000, 0.000000000000000000, 0.000000000000000000 ) ) ;
#2879 = CIRCLE ( 'NONE', #2782, 0.1749999930459999742 ) ;
#2880 = DIRECTION ( 'NONE',  ( -0.000000000000000000, 1.000000000000000000, 0.000000000000000000 ) ) ;
#2881 = CARTESIAN_POINT ( 'NONE',  ( -0.1199999952320000007, -0.4749999811250000259, 0.4499999940400000176 ) ) ;
#2882 = VERTEX_POINT ( 'NONE', #1295 ) ;
#2883 = DIRECTION ( 'NONE',  ( 0.000000000000000000, 0.000000000000000000, -1.000000000000000000 ) ) ;
#2884 = VERTEX_POINT ( 'NONE', #4524 ) ;
#2885 = VECTOR ( 'NONE', #4772, 1000.000000000000000 ) ;
#2886 = ORIENTED_EDGE ( 'NONE', *, *, #5308, .T. ) ;
#2887 = LINE ( 'NONE', #5211, #5421 ) ;
#2888 = FACE_OUTER_BOUND ( 'NONE', #4143, .T. ) ;
#2889 = DIRECTION ( 'NONE',  ( 1.000000000000000000, 0.000000000000000000, 0.000000000000000000 ) ) ;
#2890 = CARTESIAN_POINT ( 'NONE',  ( -0.1199999952320000007, -0.4499999821190000526, 0.3499999980130000243 ) ) ;
#2891 = ORIENTED_EDGE ( 'NONE', *, *, #5221, .F. ) ;
#2892 = EDGE_CURVE ( 'NONE', #5789, #1011, #1633, .T. ) ;
#2893 =( GEOMETRIC_REPRESENTATION_CONTEXT ( 3 ) GLOBAL_UNCERTAINTY_ASSIGNED_CONTEXT ( ( #2346 ) ) GLOBAL_UNIT_ASSIGNED_CONTEXT ( ( #3002, #190, #1089 ) ) REPRESENTATION_CONTEXT ( 'NONE', 'WORKASPACE' ) );
#2894 = ORIENTED_EDGE ( 'NONE', *, *, #1739, .F. ) ;
#2895 = ADVANCED_FACE ( 'NONE', ( #5894 ), #1658, .T. ) ;
#2896 = ORIENTED_EDGE ( 'NONE', *, *, #3131, .F. ) ;
#2897 = PLANE ( 'NONE',  #3860 ) ;
#2898 = LINE ( 'NONE', #4349, #3444 ) ;
#2900 = EDGE_LOOP ( 'NONE', ( #1783, #4931, #2527, #461, #3048 ) ) ;
#2899 = DIRECTION ( 'NONE',  ( 0.000000000000000000, 1.084202172486000036E-15, -1.000000000000000000 ) ) ;
#2901 = AXIS2_PLACEMENT_3D ( 'NONE', #3735, #3652, #1364 ) ;
#2902 = ADVANCED_FACE ( 'NONE', ( #4068 ), #3935, .T. ) ;
#2903 = LINE ( 'NONE', #47, #2885 ) ;
#2904 = DIRECTION ( 'NONE',  ( 0.000000000000000000, 0.000000000000000000, 1.000000000000000000 ) ) ;
#2905 = CARTESIAN_POINT ( 'NONE',  ( -0.1199999952320000007, 0.4249999831119999905, 0.3499999980130000243 ) ) ;
#2906 = EDGE_CURVE ( 'NONE', #1011, #5434, #1729, .T. ) ;
#2907 = VERTEX_POINT ( 'NONE', #975 ) ;
#2908 = EDGE_LOOP ( 'NONE', ( #3402, #911, #1431, #5690, #6064 ) ) ;
#2909 = CARTESIAN_POINT ( 'NONE',  ( 0.1199999952320000007, -0.2999999880790000240, 0.4499999940400000176 ) ) ;
#2910 = CARTESIAN_POINT ( 'NONE',  ( -0.1799999928469999955, -0.2999999880790000240, 0.3499999980130000243 ) ) ;
#2911 = DIRECTION ( 'NONE',  ( 1.000000000000000000, 0.000000000000000000, 0.000000000000000000 ) ) ;
#2912 = CARTESIAN_POINT ( 'NONE',  ( 0.1799999928469999955, 0.2999999880790000240, 0.1750000049669999946 ) ) ;
#2913 = ORIENTED_EDGE ( 'NONE', *, *, #1285, .T. ) ;
#2914 = CARTESIAN_POINT ( 'NONE',  ( -0.1799999928469999955, 0.2999999880790000240, 0.4499999940400000176 ) ) ;
#2915 = ORIENTED_EDGE ( 'NONE', *, *, #5750, .F. ) ;
#2916 = ORIENTED_EDGE ( 'NONE', *, *, #1768, .F. ) ;
#2917 = FILL_AREA_STYLE ('',( #1437 ) ) ;
#2918 = CARTESIAN_POINT ( 'NONE',  ( 0.1199999952320000007, 0.000000000000000000, 0.2000000039739999735 ) ) ;
#2919 = DIRECTION ( 'NONE',  ( 5.421011077838983894E-16, 0.000000000000000000, 1.000000000000000000 ) ) ;
#2920 = ORIENTED_EDGE ( 'NONE', *, *, #2731, .T. ) ;
#2921 = ORIENTED_EDGE ( 'NONE', *, *, #2391, .T. ) ;
#2922 = UNCERTAINTY_MEASURE_WITH_UNIT (LENGTH_MEASURE( 1.000000000000000082E-05 ), #3562, 'distance_accuracy_value', 'NONE');
#2923 = VERTEX_POINT ( 'NONE', #1375 ) ;
#2924 = DIRECTION ( 'NONE',  ( -1.000000000000000000, 0.000000000000000000, 0.000000000000000000 ) ) ;
#2925 = EDGE_CURVE ( 'NONE', #2299, #2064, #4303, .T. ) ;
#2926 = CARTESIAN_POINT ( 'NONE',  ( 0.000000000000000000, 0.000000000000000000, 0.7999999801320000214 ) ) ;
#2927 = CIRCLE ( 'NONE', #5072, 0.02499999900659001170 ) ;
#2928 = ORIENTED_EDGE ( 'NONE', *, *, #674, .T. ) ;
#2929 =( GEOMETRIC_REPRESENTATION_CONTEXT ( 3 ) GLOBAL_UNCERTAINTY_ASSIGNED_CONTEXT ( ( #1908 ) ) GLOBAL_UNIT_ASSIGNED_CONTEXT ( ( #1763, #4107, #4567 ) ) REPRESENTATION_CONTEXT ( 'NONE', 'WORKASPACE' ) );
#2930 = EDGE_CURVE ( 'NONE', #5813, #704, #1933, .T. ) ;
#2931 = ADVANCED_FACE ( 'NONE', ( #903 ), #3530, .T. ) ;
#2932 = CARTESIAN_POINT ( 'NONE',  ( 0.1199999952320000007, -0.2999999880790000240, 0.6249999870859999085 ) ) ;
#2933 = FACE_OUTER_BOUND ( 'NONE', #976, .T. ) ;
#2934 = LINE ( 'NONE', #4803, #4795 ) ;
#2935 = CYLINDRICAL_SURFACE ( 'NONE', #590, 0.02499999900658995966 ) ;
#2936 = TOROIDAL_SURFACE ( 'NONE', #1133, 0.1499999940400000287, 0.02499999900658999782 ) ;
#2937 = ORIENTED_EDGE ( 'NONE', *, *, #262, .F. ) ;
#2938 = ORIENTED_EDGE ( 'NONE', *, *, #483, .F. ) ;
#2939 = CIRCLE ( 'NONE', #3133, 0.1749999930459999742 ) ;
#2940 = EDGE_CURVE ( 'NONE', #5218, #1830, #5661, .T. ) ;
#2941 = ORIENTED_EDGE ( 'NONE', *, *, #4402, .T. ) ;
#2942 =( NAMED_UNIT ( * ) PLANE_ANGLE_UNIT ( ) SI_UNIT ( $, .RADIAN. ) );
#2943 = DIRECTION ( 'NONE',  ( 0.000000000000000000, 0.000000000000000000, 1.000000000000000000 ) ) ;
#2944 = VERTEX_POINT ( 'NONE', #4201 ) ;
#2945 = DIRECTION ( 'NONE',  ( -1.000000000000000000, 0.000000000000000000, 0.000000000000000000 ) ) ;
#2946 = EDGE_LOOP ( 'NONE', ( #3787, #5678, #4686, #3785 ) ) ;
#2947 = CIRCLE ( 'NONE', #1432, 0.1174585588670000180 ) ;
#2948 = EDGE_CURVE ( 'NONE', #3328, #844, #2745, .T. ) ;
#2949 = SURFACE_STYLE_USAGE ( .BOTH. , #5628 ) ;
#2950 = VECTOR ( 'NONE', #5648, 1000.000000000000000 ) ;
#2951 = DIRECTION ( 'NONE',  ( -1.000000000000000000, 0.000000000000000000, 0.000000000000000000 ) ) ;
#2952 = DIRECTION ( 'NONE',  ( 0.000000000000000000, 0.000000000000000000, -1.000000000000000000 ) ) ;
#2953 = SURFACE_SIDE_STYLE ('',( #3808 ) ) ;
#2954 = DIRECTION ( 'NONE',  ( 0.000000000000000000, 0.000000000000000000, -1.000000000000000000 ) ) ;
#2955 = VERTEX_POINT ( 'NONE', #5092 ) ;
#2956 = ORIENTED_EDGE ( 'NONE', *, *, #2742, .F. ) ;
#2957 = CIRCLE ( 'NONE', #2751, 0.02499999900659001170 ) ;
#2958 = CARTESIAN_POINT ( 'NONE',  ( 0.1199999952320000007, 0.4499999821190000526, 0.3499999980130000243 ) ) ;
#2959 = DIRECTION ( 'NONE',  ( -0.7071067811865475727, 0.7071067811865475727, 0.000000000000000000 ) ) ;
#2960 = VECTOR ( 'NONE', #3490, 1000.000000000000000 ) ;
#2961 = TOROIDAL_SURFACE ( 'NONE', #6075, 0.1499999940400000287, 0.02499999900658999782 ) ;
#2963 = ORIENTED_EDGE ( 'NONE', *, *, #2051, .T. ) ;
#2962 = PLANE ( 'NONE',  #40 ) ;
#2964 = CIRCLE ( 'NONE', #3739, 0.02499999900658995966 ) ;
#2965 = AXIS2_PLACEMENT_3D ( 'NONE', #5886, #4488, #5399 ) ;
#2966 = VECTOR ( 'NONE', #371, 1000.000000000000000 ) ;
#2967 = CARTESIAN_POINT ( 'NONE',  ( 0.1199999952320000007, 0.4499999821190000526, 0.4499999940400000176 ) ) ;
#2968 = ORIENTED_EDGE ( 'NONE', *, *, #1162, .T. ) ;
#2969 = VECTOR ( 'NONE', #878, 1000.000000000000000 ) ;
#2970 = DIRECTION ( 'NONE',  ( 0.000000000000000000, 0.000000000000000000, -1.000000000000000000 ) ) ;
#2971 = CARTESIAN_POINT ( 'NONE',  ( -0.1799999928469999955, -0.2999999880790000240, 0.5999999880789999018 ) ) ;
#2972 = CARTESIAN_POINT ( 'NONE',  ( 0.1199999952320000007, 0.000000000000000000, 0.2000000039739999735 ) ) ;
#2973 = ADVANCED_FACE ( 'NONE', ( #939 ), #5153, .F. ) ;
#2974 = EDGE_CURVE ( 'NONE', #2308, #3838, #743, .T. ) ;
#2975 = EDGE_LOOP ( 'NONE', ( #3108, #411, #129, #3017 ) ) ;
#2976 = CARTESIAN_POINT ( 'NONE',  ( -0.3699999852979999893, -0.1399999944370000082, 0.1000000079469999942 ) ) ;
#2977 = LINE ( 'NONE', #964, #1994 ) ;
#2978 = VERTEX_POINT ( 'NONE', #2768 ) ;
#2979 = DIRECTION ( 'NONE',  ( 0.000000000000000000, -3.252606517454344921E-16, -1.000000000000000000 ) ) ;
#2980 =( GEOMETRIC_REPRESENTATION_CONTEXT ( 3 ) GLOBAL_UNCERTAINTY_ASSIGNED_CONTEXT ( ( #1545 ) ) GLOBAL_UNIT_ASSIGNED_CONTEXT ( ( #934, #102, #3404 ) ) REPRESENTATION_CONTEXT ( 'NONE', 'WORKASPACE' ) );
#2981 = ORIENTED_EDGE ( 'NONE', *, *, #1259, .F. ) ;
#2982 = ORIENTED_EDGE ( 'NONE', *, *, #2906, .T. ) ;
#2983 = ORIENTED_EDGE ( 'NONE', *, *, #1589, .F. ) ;
#2984 = VECTOR ( 'NONE', #4627, 1000.000000000000000 ) ;
#2985 = PRESENTATION_STYLE_ASSIGNMENT (( #2542 ) ) ;
#2986 =( NAMED_UNIT ( * ) SI_UNIT ( $, .STERADIAN. ) SOLID_ANGLE_UNIT ( ) );
#2987 =( NAMED_UNIT ( * ) SI_UNIT ( $, .STERADIAN. ) SOLID_ANGLE_UNIT ( ) );
#2988 = CARTESIAN_POINT ( 'NONE',  ( 0.5999999761580000479, -0.4999999801319999770, 0.5999999880789999018 ) ) ;
#2989 = FACE_OUTER_BOUND ( 'NONE', #145, .T. ) ;
#2990 = VERTEX_POINT ( 'NONE', #1404 ) ;
#2991 = VERTEX_POINT ( 'NONE', #442 ) ;
#2992 = TOROIDAL_SURFACE ( 'NONE', #286, 0.1499999940400000287, 0.02499999900658999782 ) ;
#2993 = ADVANCED_FACE ( 'NONE', ( #2854 ), #6100, .F. ) ;
#2994 =( GEOMETRIC_REPRESENTATION_CONTEXT ( 3 ) GLOBAL_UNCERTAINTY_ASSIGNED_CONTEXT ( ( #4893 ) ) GLOBAL_UNIT_ASSIGNED_CONTEXT ( ( #974, #1073, #2987 ) ) REPRESENTATION_CONTEXT ( 'NONE', 'WORKASPACE' ) );
#2995 = DIRECTION ( 'NONE',  ( 0.000000000000000000, -3.614007241618000193E-16, -1.000000000000000000 ) ) ;
#2996 = CARTESIAN_POINT ( 'NONE',  ( 0.1799999928469999955, 0.4499999821190000526, 0.4499999940400000176 ) ) ;
#2998 = ORIENTED_EDGE ( 'NONE', *, *, #2485, .T. ) ;
#2997 = CARTESIAN_POINT ( 'NONE',  ( -0.5999999761580000479, -0.4999999801319999770, 1.192092846658000078E-08 ) ) ;
#2999 = LINE ( 'NONE', #4009, #1842 ) ;
#3000 = DIRECTION ( 'NONE',  ( -1.000000000000000000, 0.000000000000000000, 0.000000000000000000 ) ) ;
#3001 = CARTESIAN_POINT ( 'NONE',  ( 0.6019999760789999099, -0.3999999841049999838, 0.3499999980130000243 ) ) ;
#3002 =( LENGTH_UNIT ( ) NAMED_UNIT ( * ) SI_UNIT ( .MILLI., .METRE. ) );
#3003 = EDGE_LOOP ( 'NONE', ( #5219, #4549, #3085, #2169 ) ) ;
#3004 = CARTESIAN_POINT ( 'NONE',  ( -0.1799999928469999955, 0.2999999880790000240, 0.3499999980130000243 ) ) ;
#3005 = EDGE_CURVE ( 'NONE', #4369, #4228, #932, .T. ) ;
#3006 = CARTESIAN_POINT ( 'NONE',  ( -0.1199999952320000007, -0.2999999880790000240, 0.4499999940400000176 ) ) ;
#3007 = CARTESIAN_POINT ( 'NONE',  ( 0.1199999952320000007, -0.2999999880790000240, 0.2250000029800000023 ) ) ;
#3008 = ORIENTED_EDGE ( 'NONE', *, *, #4851, .T. ) ;
#3009 = CARTESIAN_POINT ( 'NONE',  ( -0.1799999928469999955, 0.2999999880790000240, 0.2000000039739999735 ) ) ;
#3010 = VERTEX_POINT ( 'NONE', #3809 ) ;
#3011 = ORIENTED_EDGE ( 'NONE', *, *, #2556, .T. ) ;
#3012 = ORIENTED_EDGE ( 'NONE', *, *, #3388, .F. ) ;
#3013 = CARTESIAN_POINT ( 'NONE',  ( -0.2699999892709999960, -0.2999999880790000240, 0.5499999900659999774 ) ) ;
#3014 = EDGE_CURVE ( 'NONE', #5735, #2818, #1439, .T. ) ;
#3015 = EDGE_CURVE ( 'NONE', #3749, #431, #1538, .T. ) ;
#3016 = CARTESIAN_POINT ( 'NONE',  ( 0.5999999761580000479, -0.4999999801319999770, 0.1000000079469999942 ) ) ;
#3017 = ORIENTED_EDGE ( 'NONE', *, *, #5851, .F. ) ;
#3018 =( NAMED_UNIT ( * ) SI_UNIT ( $, .STERADIAN. ) SOLID_ANGLE_UNIT ( ) );
#3019 = ADVANCED_FACE ( 'NONE', ( #3846 ), #5699, .T. ) ;
#3020 = CARTESIAN_POINT ( 'NONE',  ( -3.061616876211000089E-18, -0.2999999880790000240, 0.5749999890720000062 ) ) ;
#3022 = EDGE_LOOP ( 'NONE', ( #2915, #3269, #2537, #6129 ) ) ;
#3021 = CARTESIAN_POINT ( 'NONE',  ( 0.1199999952320000007, 0.2999999880790000240, 0.2000000039739999735 ) ) ;
#3023 = ORIENTED_EDGE ( 'NONE', *, *, #51, .F. ) ;
#3024 = AXIS2_PLACEMENT_3D ( 'NONE', #4720, #30, #1930 ) ;
#3025 = EDGE_CURVE ( 'NONE', #1498, #4994, #6038, .T. ) ;
#3026 = CARTESIAN_POINT ( 'NONE',  ( 0.6019999760789999099, 0.2999999880790000240, 0.4499999940400000176 ) ) ;
#3027 = FACE_OUTER_BOUND ( 'NONE', #1827, .T. ) ;
#3028 = VERTEX_POINT ( 'NONE', #2799 ) ;
#3029 = CARTESIAN_POINT ( 'NONE',  ( -0.1799999928469999955, 0.4499999821190000526, 0.4499999940400000176 ) ) ;
#3030 = CARTESIAN_POINT ( 'NONE',  ( 0.1799999928469999955, 0.4749999811250000259, 0.4499999940400000176 ) ) ;
#3031 = PLANE ( 'NONE',  #6020 ) ;
#3032 = ORIENTED_EDGE ( 'NONE', *, *, #154, .T. ) ;
#3033 = CARTESIAN_POINT ( 'NONE',  ( -0.1549999938409999944, 0.4499999821190000526, 0.4499999940400000176 ) ) ;
#3034 = STYLED_ITEM ( 'NONE', ( #189 ), #2422 ) ;
#3035 = CYLINDRICAL_SURFACE ( 'NONE', #360, 0.02499999900659001170 ) ;
#3036 = DIRECTION ( 'NONE',  ( 0.000000000000000000, 0.000000000000000000, -1.000000000000000000 ) ) ;
#3037 = ORIENTED_EDGE ( 'NONE', *, *, #4249, .T. ) ;
#3038 = LINE ( 'NONE', #161, #726 ) ;
#3039 = ORIENTED_EDGE ( 'NONE', *, *, #4453, .T. ) ;
#3040 = CARTESIAN_POINT ( 'NONE',  ( 0.5999999761580000479, 0.4999999801319999770, 0.1000000079469999942 ) ) ;
#3041 = AXIS2_PLACEMENT_3D ( 'NONE', #380, #2280, #4173 ) ;
#3042 = ORIENTED_EDGE ( 'NONE', *, *, #2681, .F. ) ;
#3043 = EDGE_CURVE ( 'NONE', #452, #4777, #4665, .T. ) ;
#3044 = ADVANCED_FACE ( 'NONE', ( #106 ), #5290, .T. ) ;
#3045 = DIRECTION ( 'NONE',  ( -3.252606517456999931E-16, 0.000000000000000000, -1.000000000000000000 ) ) ;
#3046 = DIRECTION ( 'NONE',  ( 0.000000000000000000, 0.000000000000000000, -1.000000000000000000 ) ) ;
#3048 = ORIENTED_EDGE ( 'NONE', *, *, #3116, .T. ) ;
#3047 = CYLINDRICAL_SURFACE ( 'NONE', #3524, 0.09999999602635999130 ) ;
#3049 = ORIENTED_EDGE ( 'NONE', *, *, #2556, .F. ) ;
#3050 = AXIS2_PLACEMENT_3D ( 'NONE', #2771, #5525, #6045 ) ;
#3051 = ADVANCED_FACE ( 'NONE', ( #2989 ), #2139, .T. ) ;
#3052 = ORIENTED_EDGE ( 'NONE', *, *, #907, .T. ) ;
#3053 = VECTOR ( 'NONE', #4004, 1000.000000000000114 ) ;
#3054 = SURFACE_STYLE_USAGE ( .BOTH. , #186 ) ;
#3055 = FACE_OUTER_BOUND ( 'NONE', #2146, .T. ) ;
#3056 = CARTESIAN_POINT ( 'NONE',  ( -0.2699999892709999960, -0.4999999801319999770, 0.1000000079469999942 ) ) ;
#3057 = CARTESIAN_POINT ( 'NONE',  ( 0.2699999892709999960, 0.1399999944370000082, 0.2000000039739999735 ) ) ;
#3058 = DIRECTION ( 'NONE',  ( 0.000000000000000000, 0.000000000000000000, 1.000000000000000000 ) ) ;
#3059 = AXIS2_PLACEMENT_3D ( 'NONE', #1176, #2714, #2690 ) ;
#3060 = STYLED_ITEM ( 'NONE', ( #2853 ), #5059 ) ;
#3061 = VECTOR ( 'NONE', #2911, 1000.000000000000000 ) ;
#3062 = EDGE_CURVE ( 'NONE', #2990, #4092, #4824, .T. ) ;
#3063 = VERTEX_POINT ( 'NONE', #1010 ) ;
#3064 = LINE ( 'NONE', #4933, #5515 ) ;
#3065 =( GEOMETRIC_REPRESENTATION_CONTEXT ( 3 ) GLOBAL_UNCERTAINTY_ASSIGNED_CONTEXT ( ( #3348 ) ) GLOBAL_UNIT_ASSIGNED_CONTEXT ( ( #2297, #3302, #6053 ) ) REPRESENTATION_CONTEXT ( 'NONE', 'WORKASPACE' ) );
#3066 = CARTESIAN_POINT ( 'NONE',  ( -0.5999999761580000479, -0.4999999801319999770, 0.1000000079469999942 ) ) ;
#3067 =( LENGTH_UNIT ( ) NAMED_UNIT ( * ) SI_UNIT ( .MILLI., .METRE. ) );
#3068 = PLANE ( 'NONE',  #4498 ) ;
#3069 = EDGE_LOOP ( 'NONE', ( #5701, #931, #3370, #1836 ) ) ;
#3070 = AXIS2_PLACEMENT_3D ( 'NONE', #4707, #4252, #1887 ) ;
#3071 =( LENGTH_UNIT ( ) NAMED_UNIT ( * ) SI_UNIT ( .MILLI., .METRE. ) );
#3072 = FACE_OUTER_BOUND ( 'NONE', #3942, .T. ) ;
#3073 = DIRECTION ( 'NONE',  ( -0.000000000000000000, 1.000000000000000000, 0.000000000000000000 ) ) ;
#3074 = SURFACE_SIDE_STYLE ('',( #5348 ) ) ;
#3075 = ORIENTED_EDGE ( 'NONE', *, *, #1017, .F. ) ;
#3076 = CIRCLE ( 'NONE', #679, 0.02499999900659001170 ) ;
#3077 = ORIENTED_EDGE ( 'NONE', *, *, #5470, .T. ) ;
#3078 = CARTESIAN_POINT ( 'NONE',  ( -0.05999999761580999957, -0.2999999880790000240, 0.3499999980130000243 ) ) ;
#3079 = DIRECTION ( 'NONE',  ( -0.000000000000000000, 1.000000000000000000, 0.000000000000000000 ) ) ;
#3080 = EDGE_CURVE ( 'NONE', #2275, #6121, #3722, .T. ) ;
#3081 = AXIS2_PLACEMENT_3D ( 'NONE', #5259, #4180, #1019 ) ;
#3083 = ORIENTED_EDGE ( 'NONE', *, *, #3879, .F. ) ;
#3082 = DIRECTION ( 'NONE',  ( 0.000000000000000000, 0.000000000000000000, -1.000000000000000000 ) ) ;
#3084 = ORIENTED_EDGE ( 'NONE', *, *, #4774, .T. ) ;
#3085 = ORIENTED_EDGE ( 'NONE', *, *, #1388, .F. ) ;
#3086 = CIRCLE ( 'NONE', #379, 0.02499999900658995966 ) ;
#3087 = LINE ( 'NONE', #3903, #5410 ) ;
#3088 = FILL_AREA_STYLE_COLOUR ( '', #3729 ) ;
#3089 = DIRECTION ( 'NONE',  ( 0.000000000000000000, 0.000000000000000000, 1.000000000000000000 ) ) ;
#3090 = DIRECTION ( 'NONE',  ( 0.000000000000000000, -1.000000000000000000, 0.000000000000000000 ) ) ;
#3091 = EDGE_CURVE ( 'NONE', #5527, #2507, #2326, .T. ) ;
#3092 = DIRECTION ( 'NONE',  ( 0.000000000000000000, 0.000000000000000000, -1.000000000000000000 ) ) ;
#3093 = AXIS2_PLACEMENT_3D ( 'NONE', #5828, #5398, #2130 ) ;
#3094 = VECTOR ( 'NONE', #2325, 1000.000000000000000 ) ;
#3095 = EDGE_LOOP ( 'NONE', ( #3011, #4289, #1874, #4862 ) ) ;
#3096 = CARTESIAN_POINT ( 'NONE',  ( 0.1199999952320000007, 0.2999999880790000240, 0.5749999890720000062 ) ) ;
#3097 = CARTESIAN_POINT ( 'NONE',  ( 0.6019999760789999099, 0.2999999880790000240, 0.5499999900659999774 ) ) ;
#3098 = ADVANCED_FACE ( 'NONE', ( #2446 ), #1039, .F. ) ;
#3099 = CARTESIAN_POINT ( 'NONE',  ( -0.1199999952320000007, 0.000000000000000000, 0.2000000039739999735 ) ) ;
#3100 = DIRECTION ( 'NONE',  ( 0.000000000000000000, -3.614007241618000193E-16, -1.000000000000000000 ) ) ;
#3101 = CARTESIAN_POINT ( 'NONE',  ( -0.3417475510149999840, -0.2437334591960000074, 0.7899999805290000010 ) ) ;
#3102 = CARTESIAN_POINT ( 'NONE',  ( -0.5999999761580000479, -0.4999999801319999770, 0.1000000079469999942 ) ) ;
#3103 = FILL_AREA_STYLE_COLOUR ( '', #2498 ) ;
#3104 = CARTESIAN_POINT ( 'NONE',  ( -0.5999999761580000479, -0.4999999801319999770, 0.7999999801320000214 ) ) ;
#3106 = ORIENTED_EDGE ( 'NONE', *, *, #3015, .T. ) ;
#3105 = PLANE ( 'NONE',  #4211 ) ;
#3107 = ORIENTED_EDGE ( 'NONE', *, *, #4185, .T. ) ;
#3108 = ORIENTED_EDGE ( 'NONE', *, *, #1885, .F. ) ;
#3109 = EDGE_CURVE ( 'NONE', #3626, #3028, #831, .T. ) ;
#3110 = LINE ( 'NONE', #5463, #2350 ) ;
#3111 = DIRECTION ( 'NONE',  ( -1.000000000000000000, 0.000000000000000000, 1.807003620808999850E-16 ) ) ;
#3112 = CARTESIAN_POINT ( 'NONE',  ( 0.1549999938409999944, 0.4499999821190000526, 0.3499999980130000243 ) ) ;
#3113 = LINE ( 'NONE', #1700, #4241 ) ;
#3114 = DIRECTION ( 'NONE',  ( 0.000000000000000000, 1.000000000000000000, 0.000000000000000000 ) ) ;
#3115 = ORIENTED_EDGE ( 'NONE', *, *, #748, .F. ) ;
#3116 = EDGE_CURVE ( 'NONE', #3764, #2252, #1138, .T. ) ;
#3117 = CIRCLE ( 'NONE', #415, 0.02499999900659001170 ) ;
#3118 = EDGE_CURVE ( 'NONE', #4118, #2299, #5567, .T. ) ;
#3119 = PLANE ( 'NONE',  #2375 ) ;
#3120 = FACE_OUTER_BOUND ( 'NONE', #877, .T. ) ;
#3121 = CARTESIAN_POINT ( 'NONE',  ( -0.1799999928469999955, 0.4499999821190000526, 0.3499999980130000243 ) ) ;
#3122 = CIRCLE ( 'NONE', #1717, 0.02499999900659001170 ) ;
#3123 = EDGE_CURVE ( 'NONE', #4069, #3498, #2947, .T. ) ;
#3124 = AXIS2_PLACEMENT_3D ( 'NONE', #2971, #4840, #2085 ) ;
#3125 = DIRECTION ( 'NONE',  ( 0.000000000000000000, 1.000000000000000000, 0.000000000000000000 ) ) ;
#3126 = DIRECTION ( 'NONE',  ( 0.000000000000000000, 0.000000000000000000, 1.000000000000000000 ) ) ;
#3127 = ORIENTED_EDGE ( 'NONE', *, *, #4609, .F. ) ;
#3128 = CARTESIAN_POINT ( 'NONE',  ( 0.6019999760789999099, 0.2999999880790000240, 0.3499999980130000243 ) ) ;
#3129 = ORIENTED_EDGE ( 'NONE', *, *, #4300, .F. ) ;
#3130 = VECTOR ( 'NONE', #4005, 1000.000000000000000 ) ;
#3131 = EDGE_CURVE ( 'NONE', #3645, #2990, #5476, .T. ) ;
#3132 = DIRECTION ( 'NONE',  ( 0.000000000000000000, 1.000000000000000000, 0.000000000000000000 ) ) ;
#3133 = AXIS2_PLACEMENT_3D ( 'NONE', #946, #4737, #4770 ) ;
#3134 = CARTESIAN_POINT ( 'NONE',  ( 0.000000000000000000, 0.2999999880790000240, 0.2000000039739999735 ) ) ;
#3135 = DIRECTION ( 'NONE',  ( 0.000000000000000000, 0.000000000000000000, -1.000000000000000000 ) ) ;
#3136 = ORIENTED_EDGE ( 'NONE', *, *, #3372, .F. ) ;
#3137 = CIRCLE ( 'NONE', #4801, 0.02499999900659001170 ) ;
#3138 = EDGE_LOOP ( 'NONE', ( #1005, #4856, #1440, #5807, #5670, #4371, #2983, #5619 ) ) ;
#3139 = CYLINDRICAL_SURFACE ( 'NONE', #5016, 0.02499999900659001170 ) ;
#3140 = PLANE ( 'NONE',  #2236 ) ;
#3141 = CARTESIAN_POINT ( 'NONE',  ( 0.1799999928469999955, -0.2999999880790000240, 0.2000000039739999735 ) ) ;
#3142 = VECTOR ( 'NONE', #2877, 1000.000000000000000 ) ;
#3143 = DIRECTION ( 'NONE',  ( -0.7071067811865474617, -0.7071067811865474617, 0.000000000000000000 ) ) ;
#3144 = CARTESIAN_POINT ( 'NONE',  ( -0.2699999892709999960, -0.2399999904629999958, 0.1000000079469999942 ) ) ;
#3145 = FACE_OUTER_BOUND ( 'NONE', #5889, .T. ) ;
#3146 = AXIS2_PLACEMENT_3D ( 'NONE', #413, #1319, #4642 ) ;
#3147 = DIRECTION ( 'NONE',  ( 0.000000000000000000, 1.000000000000000000, 0.000000000000000000 ) ) ;
#3148 = SURFACE_SIDE_STYLE ('',( #1707 ) ) ;
#3149 = VECTOR ( 'NONE', #4941, 1000.000000000000000 ) ;
#3150 = DIRECTION ( 'NONE',  ( 0.7071067811865474617, -0.7071067811865474617, 0.000000000000000000 ) ) ;
#3151 = ADVANCED_FACE ( 'NONE', ( #1709 ), #2188, .T. ) ;
#3152 = CIRCLE ( 'NONE', #351, 0.1749999930459999464 ) ;
#3153 = ADVANCED_FACE ( 'NONE', ( #4021 ), #5972, .F. ) ;
#3154 = AXIS2_PLACEMENT_3D ( 'NONE', #89, #4951, #678 ) ;
#3155 = AXIS2_PLACEMENT_3D ( 'NONE', #3128, #1715, #374 ) ;
#3156 = VECTOR ( 'NONE', #502, 1000.000000000000000 ) ;
#3157 = CIRCLE ( 'NONE', #3955, 0.02499999900659001170 ) ;
#3158 = DIRECTION ( 'NONE',  ( -4.336808689942000480E-16, 1.000000000000000000, 0.000000000000000000 ) ) ;
#3159 = DIRECTION ( 'NONE',  ( 0.000000000000000000, 1.084202172486000036E-15, -1.000000000000000000 ) ) ;
#3160 = LINE ( 'NONE', #5561, #4231 ) ;
#3161 = DIRECTION ( 'NONE',  ( 0.000000000000000000, 1.000000000000000000, 0.000000000000000000 ) ) ;
#3162 = DIRECTION ( 'NONE',  ( 0.000000000000000000, 0.000000000000000000, -1.000000000000000000 ) ) ;
#3163 = AXIS2_PLACEMENT_3D ( 'NONE', #544, #5223, #4347 ) ;
#3164 = EDGE_CURVE ( 'NONE', #443, #1600, #4705, .T. ) ;
#3165 = ORIENTED_EDGE ( 'NONE', *, *, #4344, .T. ) ;
#3166 = VECTOR ( 'NONE', #2330, 1000.000000000000000 ) ;
#3167 = VECTOR ( 'NONE', #3201, 1000.000000000000000 ) ;
#3168 = LINE ( 'NONE', #2822, #3658 ) ;
#3169 = EDGE_CURVE ( 'NONE', #3393, #3764, #446, .T. ) ;
#3170 = ORIENTED_EDGE ( 'NONE', *, *, #1285, .F. ) ;
#3171 = STYLED_ITEM ( 'NONE', ( #3436 ), #511 ) ;
#3172 = ORIENTED_EDGE ( 'NONE', *, *, #3169, .T. ) ;
#3173 = DIRECTION ( 'NONE',  ( 0.7071067811865475727, -0.7071067811865475727, 0.000000000000000000 ) ) ;
#3174 = CARTESIAN_POINT ( 'NONE',  ( -0.3699999852979999893, 0.1399999944370000082, 0.1000000079469999942 ) ) ;
#3175 = LINE ( 'NONE', #3112, #1676 ) ;
#3176 = DIRECTION ( 'NONE',  ( -1.000000000000000000, 0.000000000000000000, 0.000000000000000000 ) ) ;
#3177 = DIRECTION ( 'NONE',  ( -1.000000000000000000, 0.000000000000000000, 0.000000000000000000 ) ) ;
#3178 = LINE ( 'NONE', #2180, #2088 ) ;
#3179 = PRESENTATION_LAYER_ASSIGNMENT (  '', '', ( #4746 ) ) ;
#3180 = CARTESIAN_POINT ( 'NONE',  ( 0.5999999761580000479, -0.1399999944370000082, 1.192092846658000078E-08 ) ) ;
#3181 = AXIS2_PLACEMENT_3D ( 'NONE', #2740, #4612, #2256 ) ;
#3182 = CARTESIAN_POINT ( 'NONE',  ( -0.1799999928469999955, -0.2999999880790000240, 0.2000000039739999735 ) ) ;
#3183 = VERTEX_POINT ( 'NONE', #3676 ) ;
#3184 = DIRECTION ( 'NONE',  ( -1.000000000000000000, 0.000000000000000000, 1.807003620808999850E-16 ) ) ;
#3185 = AXIS2_PLACEMENT_3D ( 'NONE', #589, #1144, #3058 ) ;
#3186 = AXIS2_PLACEMENT_3D ( 'NONE', #3528, #2103, #5455 ) ;
#3187 = EDGE_CURVE ( 'NONE', #3828, #4701, #5572, .T. ) ;
#3188 = DIRECTION ( 'NONE',  ( 0.000000000000000000, 0.000000000000000000, 1.000000000000000000 ) ) ;
#3189 =( NAMED_UNIT ( * ) PLANE_ANGLE_UNIT ( ) SI_UNIT ( $, .RADIAN. ) );
#3190 = DIRECTION ( 'NONE',  ( 0.000000000000000000, 0.000000000000000000, -1.000000000000000000 ) ) ;
#3191 = DIRECTION ( 'NONE',  ( 0.000000000000000000, 0.000000000000000000, 1.000000000000000000 ) ) ;
#3192 = ORIENTED_EDGE ( 'NONE', *, *, #1541, .F. ) ;
#3193 = FACE_OUTER_BOUND ( 'NONE', #4191, .T. ) ;
#3194 = ORIENTED_EDGE ( 'NONE', *, *, #2049, .T. ) ;
#3195 = EDGE_CURVE ( 'NONE', #2064, #3685, #5881, .T. ) ;
#3196 = EDGE_CURVE ( 'NONE', #4892, #2488, #1192, .T. ) ;
#3197 = LINE ( 'NONE', #1262, #4547 ) ;
#3198 = SURFACE_SIDE_STYLE ('',( #378 ) ) ;
#3199 =( NAMED_UNIT ( * ) SI_UNIT ( $, .STERADIAN. ) SOLID_ANGLE_UNIT ( ) );
#3200 = VERTEX_POINT ( 'NONE', #4995 ) ;
#3201 = DIRECTION ( 'NONE',  ( 0.000000000000000000, -1.000000000000000000, 0.000000000000000000 ) ) ;
#3202 = LINE ( 'NONE', #2689, #4217 ) ;
#3203 = LINE ( 'NONE', #820, #690 ) ;
#3204 = DIRECTION ( 'NONE',  ( 0.000000000000000000, -1.000000000000000000, 0.000000000000000000 ) ) ;
#3205 = CARTESIAN_POINT ( 'NONE',  ( -0.05999999761580999957, 0.2999999880790000240, 0.2000000039739999735 ) ) ;
#3206 = EDGE_CURVE ( 'NONE', #3336, #488, #4513, .T. ) ;
#3207 = PLANE ( 'NONE',  #2587 ) ;
#3208 = FILL_AREA_STYLE ('',( #2625 ) ) ;
#3209 = CARTESIAN_POINT ( 'NONE',  ( -3.061616876211000089E-18, -0.2999999880790000240, 0.2250000029800000023 ) ) ;
#3210 = DIRECTION ( 'NONE',  ( 0.000000000000000000, -1.000000000000000000, 0.000000000000000000 ) ) ;
#3211 = CARTESIAN_POINT ( 'NONE',  ( 0.1199999952320000007, -0.2999999880790000240, 0.2000000039739999735 ) ) ;
#3212 = AXIS2_PLACEMENT_3D ( 'NONE', #599, #5364, #4935 ) ;
#3213 = DIRECTION ( 'NONE',  ( 0.000000000000000000, 0.000000000000000000, -1.000000000000000000 ) ) ;
#3214 = LINE ( 'NONE', #5144, #4658 ) ;
#3215 = CARTESIAN_POINT ( 'NONE',  ( -0.05999999761580999957, 0.4499999821190000526, 0.3499999980130000243 ) ) ;
#3216 = ORIENTED_EDGE ( 'NONE', *, *, #4196, .F. ) ;
#3217 = MECHANICAL_DESIGN_GEOMETRIC_PRESENTATION_REPRESENTATION (  '', ( #2310 ), #915 ) ;
#3218 = DIRECTION ( 'NONE',  ( 0.000000000000000000, 1.000000000000000000, 0.000000000000000000 ) ) ;
#3219 = FACE_OUTER_BOUND ( 'NONE', #1487, .T. ) ;
#3220 = COLOUR_RGB ( '',0.5019607843137254832, 0.5019607843137254832, 0.5019607843137254832 ) ;
#3221 = DIRECTION ( 'NONE',  ( 0.000000000000000000, 0.000000000000000000, -1.000000000000000000 ) ) ;
#3222 = ORIENTED_EDGE ( 'NONE', *, *, #936, .T. ) ;
#3223 = ADVANCED_FACE ( 'NONE', ( #5945 ), #3615, .T. ) ;
#3224 = ADVANCED_FACE ( 'NONE', ( #3649 ), #5027, .F. ) ;
#3225 = VERTEX_POINT ( 'NONE', #1283 ) ;
#3226 = PRESENTATION_LAYER_ASSIGNMENT (  '', '', ( #426 ) ) ;
#3227 = FILL_AREA_STYLE ('',( #4698 ) ) ;
#3228 = CYLINDRICAL_SURFACE ( 'NONE', #3335, 0.02499999900658995966 ) ;
#3229 = SURFACE_STYLE_USAGE ( .BOTH. , #1788 ) ;
#3230 = AXIS2_PLACEMENT_3D ( 'NONE', #3713, #3747, #2382 ) ;
#3231 = EDGE_CURVE ( 'NONE', #74, #2518, #4570, .T. ) ;
#3232 = VECTOR ( 'NONE', #2367, 1000.000000000000000 ) ;
#3233 = DIRECTION ( 'NONE',  ( -1.000000000000000000, 0.000000000000000000, 0.000000000000000000 ) ) ;
#3234 =( LENGTH_UNIT ( ) NAMED_UNIT ( * ) SI_UNIT ( .MILLI., .METRE. ) );
#3235 = DIRECTION ( 'NONE',  ( 0.000000000000000000, -1.000000000000000000, 0.000000000000000000 ) ) ;
#3236 =( NAMED_UNIT ( * ) SI_UNIT ( $, .STERADIAN. ) SOLID_ANGLE_UNIT ( ) );
#3237 = EDGE_CURVE ( 'NONE', #4949, #1267, #5295, .T. ) ;
#3238 = CIRCLE ( 'NONE', #1547, 0.09999999602636004681 ) ;
#3239 = DIRECTION ( 'NONE',  ( 0.000000000000000000, 0.000000000000000000, 1.000000000000000000 ) ) ;
#3240 = DIRECTION ( 'NONE',  ( -1.000000000000000000, 0.000000000000000000, 3.252606517456999931E-16 ) ) ;
#3241 = VECTOR ( 'NONE', #2021, 1000.000000000000000 ) ;
#3242 = AXIS2_PLACEMENT_3D ( 'NONE', #2996, #4406, #2550 ) ;
#3243 = FACE_OUTER_BOUND ( 'NONE', #5083, .T. ) ;
#3244 = CARTESIAN_POINT ( 'NONE',  ( -0.1799999928469999955, 0.4499999821190000526, 0.3499999980130000243 ) ) ;
#3245 = ORIENTED_EDGE ( 'NONE', *, *, #1560, .T. ) ;
#3246 = PRESENTATION_STYLE_ASSIGNMENT (( #5457 ) ) ;
#3247 = VECTOR ( 'NONE', #4823, 1000.000000000000000 ) ;
#3248 = AXIS2_PLACEMENT_3D ( 'NONE', #4335, #473, #3881 ) ;
#3249 = CARTESIAN_POINT ( 'NONE',  ( 0.1199999952320000007, -0.4499999821190000526, 0.4499999940400000176 ) ) ;
#3250 = CIRCLE ( 'NONE', #1751, 0.02499999900659001170 ) ;
#3251 = CARTESIAN_POINT ( 'NONE',  ( -0.02499999900658999782, 0.4499999821190000526, 0.3499999980130000243 ) ) ;
#3252 = AXIS2_PLACEMENT_3D ( 'NONE', #3275, #504, #1897 ) ;
#3253 = COLOUR_RGB ( '',0.5019607843137254832, 0.5019607843137254832, 0.5019607843137254832 ) ;
#3254 = CARTESIAN_POINT ( 'NONE',  ( -0.5999999761580000479, 0.4999999801319999770, 0.5999999880789999018 ) ) ;
#3255 = VECTOR ( 'NONE', #1984, 1000.000000000000000 ) ;
#3256 = ORIENTED_EDGE ( 'NONE', *, *, #5737, .T. ) ;
#3257 = VECTOR ( 'NONE', #1142, 1000.000000000000000 ) ;
#3258 =( LENGTH_UNIT ( ) NAMED_UNIT ( * ) SI_UNIT ( .MILLI., .METRE. ) );
#3259 = EDGE_CURVE ( 'NONE', #1931, #4892, #5878, .T. ) ;
#3260 = DIRECTION ( 'NONE',  ( 0.000000000000000000, 0.000000000000000000, 1.000000000000000000 ) ) ;
#3261 = PRESENTATION_LAYER_ASSIGNMENT (  '', '', ( #3756 ) ) ;
#3262 =( NAMED_UNIT ( * ) PLANE_ANGLE_UNIT ( ) SI_UNIT ( $, .RADIAN. ) );
#3263 =( GEOMETRIC_REPRESENTATION_CONTEXT ( 3 ) GLOBAL_UNCERTAINTY_ASSIGNED_CONTEXT ( ( #5806 ) ) GLOBAL_UNIT_ASSIGNED_CONTEXT ( ( #396, #3189, #4188 ) ) REPRESENTATION_CONTEXT ( 'NONE', 'WORKASPACE' ) );
#3264 = ADVANCED_FACE ( 'NONE', ( #1740 ), #5079, .T. ) ;
#3265 = DIRECTION ( 'NONE',  ( 0.000000000000000000, 0.000000000000000000, -1.000000000000000000 ) ) ;
#3266 = CARTESIAN_POINT ( 'NONE',  ( 0.1799999928469999955, 0.2999999880790000240, 0.3499999980130000243 ) ) ;
#3267 = CARTESIAN_POINT ( 'NONE',  ( 0.000000000000000000, 0.000000000000000000, 0.1750000049669999946 ) ) ;
#3268 = CIRCLE ( 'NONE', #1868, 0.02499999900659001170 ) ;
#3269 = ORIENTED_EDGE ( 'NONE', *, *, #2296, .T. ) ;
#3270 = EDGE_CURVE ( 'NONE', #4511, #2394, #3627, .T. ) ;
#3271 = DIRECTION ( 'NONE',  ( -1.000000000000000000, 0.000000000000000000, 0.000000000000000000 ) ) ;
#3272 = DIRECTION ( 'NONE',  ( 0.000000000000000000, -1.000000000000000000, 0.000000000000000000 ) ) ;
#3273 = CARTESIAN_POINT ( 'NONE',  ( 0.000000000000000000, -0.2999999880790000240, 0.4499999940400000176 ) ) ;
#3274 = VERTEX_POINT ( 'NONE', #1220 ) ;
#3275 = CARTESIAN_POINT ( 'NONE',  ( -0.1199999952320000007, -0.2999999880790000240, 0.3499999980130000243 ) ) ;
#3276 = ORIENTED_EDGE ( 'NONE', *, *, #5505, .F. ) ;
#3277 = ORIENTED_EDGE ( 'NONE', *, *, #4883, .F. ) ;
#3278 = AXIS2_PLACEMENT_3D ( 'NONE', #1965, #532, #2842 ) ;
#3279 =( NAMED_UNIT ( * ) SI_UNIT ( $, .STERADIAN. ) SOLID_ANGLE_UNIT ( ) );
#3280 = DIRECTION ( 'NONE',  ( -1.000000000000000000, 0.000000000000000000, 0.000000000000000000 ) ) ;
#3281 = DIRECTION ( 'NONE',  ( 0.000000000000000000, 0.000000000000000000, -1.000000000000000000 ) ) ;
#3282 = CARTESIAN_POINT ( 'NONE',  ( 0.6019999760789999099, 0.3999999841049999838, 0.4499999940400000176 ) ) ;
#3283 = ORIENTED_EDGE ( 'NONE', *, *, #4329, .F. ) ;
#3284 = ORIENTED_EDGE ( 'NONE', *, *, #4699, .T. ) ;
#3285 = UNCERTAINTY_MEASURE_WITH_UNIT (LENGTH_MEASURE( 1.000000000000000082E-05 ), #3234, 'distance_accuracy_value', 'NONE');
#3286 = ORIENTED_EDGE ( 'NONE', *, *, #1448, .F. ) ;
#3287 = ORIENTED_EDGE ( 'NONE', *, *, #1347, .T. ) ;
#3288 = SURFACE_STYLE_FILL_AREA ( #3227 ) ;
#3289 = FACE_OUTER_BOUND ( 'NONE', #533, .T. ) ;
#3290 = ORIENTED_EDGE ( 'NONE', *, *, #78, .F. ) ;
#3291 =( NAMED_UNIT ( * ) PLANE_ANGLE_UNIT ( ) SI_UNIT ( $, .RADIAN. ) );
#3292 = EDGE_CURVE ( 'NONE', #1247, #1197, #5783, .T. ) ;
#3293 = LINE ( 'NONE', #491, #1769 ) ;
#3294 = SURFACE_SIDE_STYLE ('',( #2288 ) ) ;
#3295 = DIRECTION ( 'NONE',  ( 0.000000000000000000, 1.000000000000000000, 0.000000000000000000 ) ) ;
#3296 = FACE_OUTER_BOUND ( 'NONE', #3563, .T. ) ;
#3297 = EDGE_CURVE ( 'NONE', #402, #74, #4750, .T. ) ;
#3298 = EDGE_CURVE ( 'NONE', #443, #5265, #3767, .T. ) ;
#3299 = ORIENTED_EDGE ( 'NONE', *, *, #3879, .T. ) ;
#3300 = CARTESIAN_POINT ( 'NONE',  ( 0.5999999761580000479, 0.1399999944370000082, 1.192092846658000078E-08 ) ) ;
#3301 = CYLINDRICAL_SURFACE ( 'NONE', #1671, 0.02499999900659001170 ) ;
#3302 =( NAMED_UNIT ( * ) PLANE_ANGLE_UNIT ( ) SI_UNIT ( $, .RADIAN. ) );
#3303 = CARTESIAN_POINT ( 'NONE',  ( -0.1199999952320000007, 0.4499999821190000526, 0.3499999980130000243 ) ) ;
#3304 = VERTEX_POINT ( 'NONE', #1424 ) ;
#3305 = DIRECTION ( 'NONE',  ( 0.000000000000000000, -1.000000000000000000, 0.000000000000000000 ) ) ;
#3306 = ORIENTED_EDGE ( 'NONE', *, *, #2265, .F. ) ;
#3307 = EDGE_CURVE ( 'NONE', #4805, #2990, #1925, .T. ) ;
#3308 = PRESENTATION_LAYER_ASSIGNMENT (  '', '', ( #3920 ) ) ;
#3309 = DIRECTION ( 'NONE',  ( 0.000000000000000000, 0.000000000000000000, -1.000000000000000000 ) ) ;
#3310 = CYLINDRICAL_SURFACE ( 'NONE', #1953, 0.02499999900658995966 ) ;
#3311 = FACE_OUTER_BOUND ( 'NONE', #876, .T. ) ;
#3312 = DIRECTION ( 'NONE',  ( 0.000000000000000000, 0.000000000000000000, 1.000000000000000000 ) ) ;
#3313 = ORIENTED_EDGE ( 'NONE', *, *, #3091, .T. ) ;
#3314 = ORIENTED_EDGE ( 'NONE', *, *, #3043, .F. ) ;
#3315 = ORIENTED_EDGE ( 'NONE', *, *, #594, .F. ) ;
#3316 = CIRCLE ( 'NONE', #2632, 0.02499999900659001170 ) ;
#3317 = EDGE_CURVE ( 'NONE', #1969, #5688, #4164, .T. ) ;
#3318 = ORIENTED_EDGE ( 'NONE', *, *, #1964, .T. ) ;
#3319 = LINE ( 'NONE', #5704, #1573 ) ;
#3320 = SHAPE_DEFINITION_REPRESENTATION ( #3948, #4806 ) ;
#3321 = FACE_OUTER_BOUND ( 'NONE', #120, .T. ) ;
#3322 = AXIS2_PLACEMENT_3D ( 'NONE', #3441, #5312, #607 ) ;
#3323 = CARTESIAN_POINT ( 'NONE',  ( 0.5999999761580000479, 0.4999999801319999770, 1.192092846658000078E-08 ) ) ;
#3324 = DIRECTION ( 'NONE',  ( 0.000000000000000000, 0.000000000000000000, 1.000000000000000000 ) ) ;
#3325 = DIRECTION ( 'NONE',  ( 0.000000000000000000, 1.000000000000000000, 0.000000000000000000 ) ) ;
#3326 = ORIENTED_EDGE ( 'NONE', *, *, #3270, .F. ) ;
#3327 = STYLED_ITEM ( 'NONE', ( #238 ), #3460 ) ;
#3328 = VERTEX_POINT ( 'NONE', #1329 ) ;
#3329 = FACE_OUTER_BOUND ( 'NONE', #2857, .T. ) ;
#3330 = EDGE_CURVE ( 'NONE', #3225, #1891, #6066, .T. ) ;
#3331 = EDGE_CURVE ( 'NONE', #546, #5702, #4626, .T. ) ;
#3332 = DIRECTION ( 'NONE',  ( 1.000000000000000000, -8.213652821859998425E-17, 0.000000000000000000 ) ) ;
#3333 = ORIENTED_EDGE ( 'NONE', *, *, #5744, .F. ) ;
#3334 = CARTESIAN_POINT ( 'NONE',  ( -0.2699999892709999960, -0.2999999880790000240, 0.2500000019869999535 ) ) ;
#3335 = AXIS2_PLACEMENT_3D ( 'NONE', #5127, #2286, #1270 ) ;
#3336 = VERTEX_POINT ( 'NONE', #3829 ) ;
#3337 = ORIENTED_EDGE ( 'NONE', *, *, #2940, .T. ) ;
#3338 = CARTESIAN_POINT ( 'NONE',  ( -0.5999999761580000479, 0.1399999944370000082, 1.192092846658000078E-08 ) ) ;
#3339 = ADVANCED_FACE ( 'NONE', ( #3329 ), #750, .T. ) ;
#3340 = EDGE_CURVE ( 'NONE', #2944, #1905, #5200, .T. ) ;
#3341 = CARTESIAN_POINT ( 'NONE',  ( 0.2699999892709999960, 0.2399999904629999958, 0.1000000079469999942 ) ) ;
#3342 = SURFACE_STYLE_FILL_AREA ( #2917 ) ;
#3343 = CARTESIAN_POINT ( 'NONE',  ( -0.05999999761580999957, 0.4499999821190000526, 0.4499999940400000176 ) ) ;
#3344 = DIRECTION ( 'NONE',  ( 0.000000000000000000, -1.000000000000000000, 0.000000000000000000 ) ) ;
#3345 = VERTEX_POINT ( 'NONE', #4291 ) ;
#3346 = ORIENTED_EDGE ( 'NONE', *, *, #2671, .F. ) ;
#3347 = ORIENTED_EDGE ( 'NONE', *, *, #1900, .T. ) ;
#3349 = VECTOR ( 'NONE', #5346, 1000.000000000000000 ) ;
#3348 = UNCERTAINTY_MEASURE_WITH_UNIT (LENGTH_MEASURE( 1.000000000000000082E-05 ), #2297, 'distance_accuracy_value', 'NONE');
#3350 = ORIENTED_EDGE ( 'NONE', *, *, #4912, .T. ) ;
#3351 = TOROIDAL_SURFACE ( 'NONE', #4921, 0.1499999940400000287, 0.02499999900658999782 ) ;
#3352 = CARTESIAN_POINT ( 'NONE',  ( 0.5999999761580000479, 0.4999999801319999770, 0.1000000079469999942 ) ) ;
#3353 = AXIS2_PLACEMENT_3D ( 'NONE', #2435, #1397, #893 ) ;
#3354 =( LENGTH_UNIT ( ) NAMED_UNIT ( * ) SI_UNIT ( .MILLI., .METRE. ) );
#3355 = AXIS2_PLACEMENT_3D ( 'NONE', #1508, #42, #580 ) ;
#3356 = CIRCLE ( 'NONE', #1075, 0.02499999900659001170 ) ;
#3357 = CARTESIAN_POINT ( 'NONE',  ( 0.1199999952320000007, 0.2999999880790000240, 0.4499999940400000176 ) ) ;
#3358 = CARTESIAN_POINT ( 'NONE',  ( 0.1199999952320000007, -0.2999999880790000240, 0.3499999980130000243 ) ) ;
#3359 = CARTESIAN_POINT ( 'NONE',  ( -0.1799999928469999955, -0.2999999880790000240, 0.5999999880789999018 ) ) ;
#3360 = AXIS2_PLACEMENT_3D ( 'NONE', #2910, #4714, #4260 ) ;
#3361 = ORIENTED_EDGE ( 'NONE', *, *, #4860, .F. ) ;
#3362 = EDGE_LOOP ( 'NONE', ( #2608, #2612, #1784, #795, #317, #1695 ) ) ;
#3363 = CARTESIAN_POINT ( 'NONE',  ( -0.05999999761580999957, 0.2999999880790000240, 0.5749999890720000062 ) ) ;
#3364 = DIRECTION ( 'NONE',  ( 0.000000000000000000, 1.084202172486000036E-15, -1.000000000000000000 ) ) ;
#3365 = DIRECTION ( 'NONE',  ( 0.000000000000000000, 1.084202172486000036E-15, -1.000000000000000000 ) ) ;
#3366 = FACE_OUTER_BOUND ( 'NONE', #5473, .T. ) ;
#3367 = ORIENTED_EDGE ( 'NONE', *, *, #4379, .T. ) ;
#3368 = DIRECTION ( 'NONE',  ( 0.000000000000000000, 0.000000000000000000, 1.000000000000000000 ) ) ;
#3369 = VERTEX_POINT ( 'NONE', #499 ) ;
#3370 = ORIENTED_EDGE ( 'NONE', *, *, #437, .T. ) ;
#3371 = CIRCLE ( 'NONE', #293, 0.02499999900659001170 ) ;
#3372 = EDGE_CURVE ( 'NONE', #1197, #2793, #2334, .T. ) ;
#3373 = CIRCLE ( 'NONE', #1481, 0.02499999900659001170 ) ;
#3374 = FACE_OUTER_BOUND ( 'NONE', #1406, .T. ) ;
#3375 = PLANE ( 'NONE',  #3765 ) ;
#3376 = PRESENTATION_LAYER_ASSIGNMENT (  '', '', ( #875 ) ) ;
#3377 = DIRECTION ( 'NONE',  ( 0.000000000000000000, 0.000000000000000000, 1.000000000000000000 ) ) ;
#3378 = CARTESIAN_POINT ( 'NONE',  ( 0.2699999892709999960, 0.2999999880790000240, 0.4499999940400000176 ) ) ;
#3379 = VERTEX_POINT ( 'NONE', #465 ) ;
#3380 = AXIS2_PLACEMENT_3D ( 'NONE', #5642, #1821, #4709 ) ;
#3381 = VERTEX_POINT ( 'NONE', #5238 ) ;
#3382 = EDGE_CURVE ( 'NONE', #2299, #703, #2839, .T. ) ;
#3383 = ADVANCED_FACE ( 'NONE', ( #24 ), #4607, .T. ) ;
#3384 = AXIS2_PLACEMENT_3D ( 'NONE', #5032, #5562, #4167 ) ;
#3385 = EDGE_LOOP ( 'NONE', ( #5751, #4424, #1970, #3039 ) ) ;
#3386 = LINE ( 'NONE', #3786, #2253 ) ;
#3387 = CIRCLE ( 'NONE', #2279, 0.1749999930459999742 ) ;
#3388 = EDGE_CURVE ( 'NONE', #5440, #3183, #2812, .T. ) ;
#3389 = CARTESIAN_POINT ( 'NONE',  ( 0.1799999928469999955, -0.2999999880790000240, 0.5999999880789999018 ) ) ;
#3390 = DIRECTION ( 'NONE',  ( 0.000000000000000000, -1.084202172486000036E-15, 1.000000000000000000 ) ) ;
#3391 = CARTESIAN_POINT ( 'NONE',  ( 0.2049999918539999744, 0.4499999821190000526, 0.3499999980130000243 ) ) ;
#3392 = DIRECTION ( 'NONE',  ( 0.000000000000000000, 1.000000000000000000, 0.000000000000000000 ) ) ;
#3393 = VERTEX_POINT ( 'NONE', #924 ) ;
#3394 = ADVANCED_FACE ( 'NONE', ( #1461 ), #2328, .T. ) ;
#3395 = ORIENTED_EDGE ( 'NONE', *, *, #3837, .F. ) ;
#3396 = EDGE_LOOP ( 'NONE', ( #2532, #2894, #5117, #3469 ) ) ;
#3397 = FACE_OUTER_BOUND ( 'NONE', #4575, .T. ) ;
#3398 = CARTESIAN_POINT ( 'NONE',  ( 0.000000000000000000, -0.4749999811250000259, 0.4499999940400000176 ) ) ;
#3399 = DIRECTION ( 'NONE',  ( 0.000000000000000000, 1.000000000000000000, 0.000000000000000000 ) ) ;
#3400 = VERTEX_POINT ( 'NONE', #1795 ) ;
#3401 = LINE ( 'NONE', #1031, #1912 ) ;
#3402 = ORIENTED_EDGE ( 'NONE', *, *, #3602, .F. ) ;
#3403 = ORIENTED_EDGE ( 'NONE', *, *, #4653, .T. ) ;
#3404 =( NAMED_UNIT ( * ) SI_UNIT ( $, .STERADIAN. ) SOLID_ANGLE_UNIT ( ) );
#3405 = CARTESIAN_POINT ( 'NONE',  ( 0.000000000000000000, 0.2999999880790000240, 0.3499999980130000243 ) ) ;
#3406 = SURFACE_SIDE_STYLE ('',( #2483 ) ) ;
#3407 = DIRECTION ( 'NONE',  ( 0.000000000000000000, 1.000000000000000000, 0.000000000000000000 ) ) ;
#3408 = CARTESIAN_POINT ( 'NONE',  ( 0.1799999928469999955, -0.2999999880790000240, 0.3499999980130000243 ) ) ;
#3409 = ORIENTED_EDGE ( 'NONE', *, *, #2380, .T. ) ;
#3410 = UNCERTAINTY_MEASURE_WITH_UNIT (LENGTH_MEASURE( 1.000000000000000082E-05 ), #4948, 'distance_accuracy_value', 'NONE');
#3411 = ORIENTED_EDGE ( 'NONE', *, *, #1840, .T. ) ;
#3412 = CARTESIAN_POINT ( 'NONE',  ( -0.05999999761580999957, 0.2999999880790000240, 0.5999999880789999018 ) ) ;
#3413 = CYLINDRICAL_SURFACE ( 'NONE', #3538, 0.02499999900659001170 ) ;
#3414 = EDGE_CURVE ( 'NONE', #3183, #3838, #935, .T. ) ;
#3415 = TOROIDAL_SURFACE ( 'NONE', #1513, 0.1499999940400000287, 0.02499999900658999782 ) ;
#3416 = EDGE_CURVE ( 'NONE', #2159, #3778, #5978, .T. ) ;
#3418 = EDGE_LOOP ( 'NONE', ( #1041, #5197, #1599, #3443, #3506 ) ) ;
#3417 = FILL_AREA_STYLE ('',( #1168 ) ) ;
#3419 = DIRECTION ( 'NONE',  ( 0.000000000000000000, 0.000000000000000000, -1.000000000000000000 ) ) ;
#3420 = LINE ( 'NONE', #1052, #4837 ) ;
#3421 = ADVANCED_FACE ( 'NONE', ( #1825 ), #4704, .T. ) ;
#3422 = DIRECTION ( 'NONE',  ( 0.000000000000000000, -1.084202172486000036E-15, 1.000000000000000000 ) ) ;
#3423 = DIRECTION ( 'NONE',  ( -8.213652821859998425E-17, 1.000000000000000000, 0.000000000000000000 ) ) ;
#3424 = CIRCLE ( 'NONE', #824, 0.1249999950329999943 ) ;
#3425 = ORIENTED_EDGE ( 'NONE', *, *, #254, .T. ) ;
#3426 = LINE ( 'NONE', #706, #1453 ) ;
#3427 =( GEOMETRIC_REPRESENTATION_CONTEXT ( 3 ) GLOBAL_UNCERTAINTY_ASSIGNED_CONTEXT ( ( #5185 ) ) GLOBAL_UNIT_ASSIGNED_CONTEXT ( ( #3858, #1018, #2420 ) ) REPRESENTATION_CONTEXT ( 'NONE', 'WORKASPACE' ) );
#3428 = CARTESIAN_POINT ( 'NONE',  ( 0.1799999928469999955, 0.2999999880790000240, 0.4499999940400000176 ) ) ;
#3429 = EDGE_CURVE ( 'NONE', #640, #810, #646, .T. ) ;
#3430 = CARTESIAN_POINT ( 'NONE',  ( 0.6019999760789999099, -0.2999999880790000240, 0.2500000019869999535 ) ) ;
#3431 = EDGE_LOOP ( 'NONE', ( #38, #2855, #1807, #312 ) ) ;
#3432 = ORIENTED_EDGE ( 'NONE', *, *, #6067, .T. ) ;
#3433 = VECTOR ( 'NONE', #5981, 1000.000000000000000 ) ;
#3434 = VERTEX_POINT ( 'NONE', #4473 ) ;
#3435 = ORIENTED_EDGE ( 'NONE', *, *, #1171, .F. ) ;
#3436 = PRESENTATION_STYLE_ASSIGNMENT (( #2949 ) ) ;
#3437 = AXIS2_PLACEMENT_3D ( 'NONE', #5508, #224, #1770 ) ;
#3438 = DIRECTION ( 'NONE',  ( 0.000000000000000000, 0.000000000000000000, -1.000000000000000000 ) ) ;
#3439 = SURFACE_STYLE_USAGE ( .BOTH. , #3406 ) ;
#3440 = DIRECTION ( 'NONE',  ( 0.000000000000000000, 0.000000000000000000, -1.000000000000000000 ) ) ;
#3441 = CARTESIAN_POINT ( 'NONE',  ( -0.05999999761580999957, 0.4499999821190000526, 0.3499999980130000243 ) ) ;
#3442 = VERTEX_POINT ( 'NONE', #4008 ) ;
#3443 = ORIENTED_EDGE ( 'NONE', *, *, #829, .F. ) ;
#3444 = VECTOR ( 'NONE', #3816, 1000.000000000000000 ) ;
#3445 = VERTEX_POINT ( 'NONE', #2082 ) ;
#3446 = CYLINDRICAL_SURFACE ( 'NONE', #65, 0.02499999900659001170 ) ;
#3447 = CARTESIAN_POINT ( 'NONE',  ( -0.05999999761580999957, -0.2999999880790000240, 0.6249999870859999085 ) ) ;
#3448 = TOROIDAL_SURFACE ( 'NONE', #165, 0.1499999940400000287, 0.02499999900658999782 ) ;
#3449 = STYLED_ITEM ( 'NONE', ( #5120 ), #4002 ) ;
#3451 = EDGE_LOOP ( 'NONE', ( #1484, #1422, #2302, #2162 ) ) ;
#3450 = FILL_AREA_STYLE ('',( #113 ) ) ;
#3452 = AXIS2_PLACEMENT_3D ( 'NONE', #2597, #2653, #5416 ) ;
#3453 = EDGE_CURVE ( 'NONE', #1924, #513, #1732, .T. ) ;
#3454 = AXIS2_PLACEMENT_3D ( 'NONE', #5794, #4940, #3474 ) ;
#3455 = LINE ( 'NONE', #4411, #1951 ) ;
#3456 = COLOUR_RGB ( '',0.5019607843137254832, 0.5019607843137254832, 0.5019607843137254832 ) ;
#3457 = CARTESIAN_POINT ( 'NONE',  ( -0.2699999892709999960, 0.2999999880790000240, 0.5499999900659999774 ) ) ;
#3458 = DIRECTION ( 'NONE',  ( -1.000000000000000000, 0.000000000000000000, 0.000000000000000000 ) ) ;
#3459 = ORIENTED_EDGE ( 'NONE', *, *, #555, .T. ) ;
#3460 = ADVANCED_FACE ( 'NONE', ( #4499 ), #1115, .T. ) ;
#3461 = CIRCLE ( 'NONE', #273, 0.02499999900659001170 ) ;
#3462 = MECHANICAL_DESIGN_GEOMETRIC_PRESENTATION_REPRESENTATION (  '', ( #3861 ), #3752 ) ;
#3463 = CARTESIAN_POINT ( 'NONE',  ( -0.1199999952320000007, -0.4499999821190000526, 0.4499999940400000176 ) ) ;
#3464 = FILL_AREA_STYLE_COLOUR ( '', #3657 ) ;
#3465 = DIRECTION ( 'NONE',  ( 1.000000000000000000, 0.000000000000000000, 0.000000000000000000 ) ) ;
#3466 = ORIENTED_EDGE ( 'NONE', *, *, #650, .F. ) ;
#3467 = DIRECTION ( 'NONE',  ( 0.000000000000000000, -1.000000000000000000, 0.000000000000000000 ) ) ;
#3468 = AXIS2_PLACEMENT_3D ( 'NONE', #571, #5694, #2004 ) ;
#3469 = ORIENTED_EDGE ( 'NONE', *, *, #1110, .T. ) ;
#3470 = ORIENTED_EDGE ( 'NONE', *, *, #4404, .F. ) ;
#3471 = ORIENTED_EDGE ( 'NONE', *, *, #5775, .F. ) ;
#3472 = AXIS2_PLACEMENT_3D ( 'NONE', #3211, #5080, #1221 ) ;
#3473 = CARTESIAN_POINT ( 'NONE',  ( 0.1799999928469999955, 0.4499999821190000526, 0.3499999980130000243 ) ) ;
#3474 = DIRECTION ( 'NONE',  ( 0.000000000000000000, 0.000000000000000000, -1.000000000000000000 ) ) ;
#3475 = FACE_OUTER_BOUND ( 'NONE', #3620, .T. ) ;
#3476 = FILL_AREA_STYLE ('',( #1604 ) ) ;
#3477 = ORIENTED_EDGE ( 'NONE', *, *, #4317, .T. ) ;
#3478 = EDGE_LOOP ( 'NONE', ( #4145, #3037, #2408, #3570 ) ) ;
#3479 = CIRCLE ( 'NONE', #81, 0.02499999900659001170 ) ;
#3480 = ORIENTED_EDGE ( 'NONE', *, *, #3164, .T. ) ;
#3481 = VECTOR ( 'NONE', #1240, 1000.000000000000000 ) ;
#3482 = CYLINDRICAL_SURFACE ( 'NONE', #5025, 0.02499999900659001170 ) ;
#3483 = CARTESIAN_POINT ( 'NONE',  ( -0.2699999892709999960, 0.4999999801319999770, 0.1000000079469999942 ) ) ;
#3484 = COLOUR_RGB ( '',0.5019607843137254832, 0.5019607843137254832, 0.5019607843137254832 ) ;
#3485 = CARTESIAN_POINT ( 'NONE',  ( -0.2699999892709999960, -0.2399999904629999958, 0.2000000039739999735 ) ) ;
#3486 = UNCERTAINTY_MEASURE_WITH_UNIT (LENGTH_MEASURE( 1.000000000000000082E-05 ), #90, 'distance_accuracy_value', 'NONE');
#3487 = ORIENTED_EDGE ( 'NONE', *, *, #15, .F. ) ;
#3488 = DIRECTION ( 'NONE',  ( 0.000000000000000000, 0.000000000000000000, -1.000000000000000000 ) ) ;
#3489 = DIRECTION ( 'NONE',  ( 0.000000000000000000, 1.000000000000000000, 0.000000000000000000 ) ) ;
#3490 = DIRECTION ( 'NONE',  ( -1.000000000000000000, 0.000000000000000000, 0.000000000000000000 ) ) ;
#3491 = DIRECTION ( 'NONE',  ( 0.000000000000000000, -1.000000000000000000, 0.000000000000000000 ) ) ;
#3492 = CARTESIAN_POINT ( 'NONE',  ( -0.1799999928469999955, -0.2999999880790000240, 0.3499999980130000243 ) ) ;
#3493 = EDGE_CURVE ( 'NONE', #3304, #4275, #4808, .T. ) ;
#3494 = ORIENTED_EDGE ( 'NONE', *, *, #1355, .T. ) ;
#3495 = ORIENTED_EDGE ( 'NONE', *, *, #4238, .T. ) ;
#3496 = LINE ( 'NONE', #713, #1180 ) ;
#3497 = DIRECTION ( 'NONE',  ( 1.000000000000000000, 0.000000000000000000, 0.000000000000000000 ) ) ;
#3498 = VERTEX_POINT ( 'NONE', #5839 ) ;
#3499 = DIRECTION ( 'NONE',  ( 0.000000000000000000, 0.000000000000000000, -1.000000000000000000 ) ) ;
#3500 = EDGE_CURVE ( 'NONE', #1367, #2456, #5671, .T. ) ;
#3501 = EDGE_LOOP ( 'NONE', ( #1428, #3318, #3869, #2106 ) ) ;
#3502 = ORIENTED_EDGE ( 'NONE', *, *, #2209, .T. ) ;
#3503 = CARTESIAN_POINT ( 'NONE',  ( 0.5999999761580000479, 0.4999999801319999770, 0.5999999880789999018 ) ) ;
#3504 = DIRECTION ( 'NONE',  ( 1.000000000000000000, 0.000000000000000000, 0.000000000000000000 ) ) ;
#3505 = EDGE_CURVE ( 'NONE', #1213, #5190, #4710, .T. ) ;
#3506 = ORIENTED_EDGE ( 'NONE', *, *, #711, .T. ) ;
#3507 = ORIENTED_EDGE ( 'NONE', *, *, #4509, .T. ) ;
#3508 = PLANE ( 'NONE',  #2574 ) ;
#3509 = CARTESIAN_POINT ( 'NONE',  ( 0.2699999892709999960, -0.1399999944370000082, 1.192092846658000078E-08 ) ) ;
#3510 = EDGE_CURVE ( 'NONE', #1236, #5187, #1145, .T. ) ;
#3511 = DIRECTION ( 'NONE',  ( -1.000000000000000000, 0.000000000000000000, 1.807003620808999850E-16 ) ) ;
#3512 = CARTESIAN_POINT ( 'NONE',  ( 0.000000000000000000, -0.2999999880790000240, 0.4499999940400000176 ) ) ;
#3513 = CARTESIAN_POINT ( 'NONE',  ( 0.000000000000000000, -0.4499999821190000526, 0.3499999980130000243 ) ) ;
#3514 = FILL_AREA_STYLE ('',( #709 ) ) ;
#3515 = DIRECTION ( 'NONE',  ( 0.000000000000000000, 0.000000000000000000, 1.000000000000000000 ) ) ;
#3516 = AXIS2_PLACEMENT_3D ( 'NONE', #4294, #4783, #3332 ) ;
#3517 = CARTESIAN_POINT ( 'NONE',  ( 0.1799999928469999955, 0.4499999821190000526, 0.4499999940400000176 ) ) ;
#3518 = VECTOR ( 'NONE', #4288, 1000.000000000000000 ) ;
#3519 = CARTESIAN_POINT ( 'NONE',  ( 0.000000000000000000, 0.4749999811250000259, 0.3499999980130000243 ) ) ;
#3520 = CARTESIAN_POINT ( 'NONE',  ( 0.5999999761580000479, -0.1399999944370000082, 0.1000000079469999942 ) ) ;
#3521 = ORIENTED_EDGE ( 'NONE', *, *, #1208, .F. ) ;
#3522 = CYLINDRICAL_SURFACE ( 'NONE', #126, 0.02499999900659001170 ) ;
#3523 = ORIENTED_EDGE ( 'NONE', *, *, #4740, .T. ) ;
#3524 = AXIS2_PLACEMENT_3D ( 'NONE', #4867, #3511, #3082 ) ;
#3525 = EDGE_CURVE ( 'NONE', #5799, #4949, #2554, .T. ) ;
#3526 = ADVANCED_FACE ( 'NONE', ( #1636 ), #4529, .F. ) ;
#3527 = CARTESIAN_POINT ( 'NONE',  ( -0.1199999952320000007, -0.2999999880790000240, 0.2000000039739999735 ) ) ;
#3528 = CARTESIAN_POINT ( 'NONE',  ( -0.1799999928469999955, -0.2999999880790000240, 0.3499999980130000243 ) ) ;
#3529 = CARTESIAN_POINT ( 'NONE',  ( -0.1799999928469999955, 0.2999999880790000240, 0.6249999870859999085 ) ) ;
#3530 = TOROIDAL_SURFACE ( 'NONE', #435, 0.1499999940400000287, 0.02499999900658999782 ) ;
#3531 = ORIENTED_EDGE ( 'NONE', *, *, #2295, .F. ) ;
#3532 = AXIS2_PLACEMENT_3D ( 'NONE', #3026, #3111, #2175 ) ;
#3533 = DIRECTION ( 'NONE',  ( 0.000000000000000000, -1.000000000000000000, 0.000000000000000000 ) ) ;
#3534 = DIRECTION ( 'NONE',  ( 0.000000000000000000, 0.000000000000000000, 1.000000000000000000 ) ) ;
#3536 = ORIENTED_EDGE ( 'NONE', *, *, #4418, .T. ) ;
#3535 = CARTESIAN_POINT ( 'NONE',  ( 0.2699999892709999960, -0.4999999801319999770, 1.192092846658000078E-08 ) ) ;
#3537 = ORIENTED_EDGE ( 'NONE', *, *, #2090, .F. ) ;
#3538 = AXIS2_PLACEMENT_3D ( 'NONE', #4833, #1947, #1911 ) ;
#3539 = EDGE_CURVE ( 'NONE', #5768, #477, #5979, .T. ) ;
#3540 = DIRECTION ( 'NONE',  ( 0.000000000000000000, 0.000000000000000000, 1.000000000000000000 ) ) ;
#3541 = AXIS2_PLACEMENT_3D ( 'NONE', #761, #812, #2218 ) ;
#3542 = SURFACE_STYLE_USAGE ( .BOTH. , #4954 ) ;
#3543 = DIRECTION ( 'NONE',  ( -1.000000000000000000, 2.521400401128999817E-16, 0.000000000000000000 ) ) ;
#3544 = CARTESIAN_POINT ( 'NONE',  ( 0.5999999761580000479, -0.4999999801319999770, 0.1000000079469999942 ) ) ;
#3545 = CARTESIAN_POINT ( 'NONE',  ( 0.05999999761580999957, -0.4249999831119999905, 0.4499999940400000176 ) ) ;
#3546 =( NAMED_UNIT ( * ) PLANE_ANGLE_UNIT ( ) SI_UNIT ( $, .RADIAN. ) );
#3547 = AXIS2_PLACEMENT_3D ( 'NONE', #2824, #4337, #3377 ) ;
#3548 = DIRECTION ( 'NONE',  ( 0.000000000000000000, -1.000000000000000000, 0.000000000000000000 ) ) ;
#3549 = VECTOR ( 'NONE', #966, 1000.000000000000000 ) ;
#3550 = MECHANICAL_DESIGN_GEOMETRIC_PRESENTATION_REPRESENTATION (  '', ( #3964 ), #2465 ) ;
#3551 = PRESENTATION_STYLE_ASSIGNMENT (( #4106 ) ) ;
#3552 = CARTESIAN_POINT ( 'NONE',  ( -0.1199999952320000007, 0.4499999821190000526, 0.4499999940400000176 ) ) ;
#3553 = CARTESIAN_POINT ( 'NONE',  ( 0.1799999928469999955, -0.4749999811250000259, 0.4499999940400000176 ) ) ;
#3554 = ORIENTED_EDGE ( 'NONE', *, *, #5229, .T. ) ;
#3555 = VECTOR ( 'NONE', #3045, 1000.000000000000000 ) ;
#3556 = ORIENTED_EDGE ( 'NONE', *, *, #1974, .F. ) ;
#3557 = CARTESIAN_POINT ( 'NONE',  ( 0.1199999952320000007, 0.4499999821190000526, 0.3499999980130000243 ) ) ;
#3558 = CIRCLE ( 'NONE', #967, 0.02499999900659001170 ) ;
#3559 = DIRECTION ( 'NONE',  ( 0.000000000000000000, 1.000000000000000000, 0.000000000000000000 ) ) ;
#3560 =( NAMED_UNIT ( * ) PLANE_ANGLE_UNIT ( ) SI_UNIT ( $, .RADIAN. ) );
#3561 = ORIENTED_EDGE ( 'NONE', *, *, #2756, .T. ) ;
#3562 =( LENGTH_UNIT ( ) NAMED_UNIT ( * ) SI_UNIT ( .MILLI., .METRE. ) );
#3563 = EDGE_LOOP ( 'NONE', ( #682, #4351, #2861, #3115 ) ) ;
#3564 = ADVANCED_FACE ( 'NONE', ( #1239 ), #3140, .F. ) ;
#3565 = CIRCLE ( 'NONE', #1674, 0.02499999900658995966 ) ;
#3566 = AXIS2_PLACEMENT_3D ( 'NONE', #1330, #3240, #2700 ) ;
#3567 = DIRECTION ( 'NONE',  ( 0.000000000000000000, 1.084202172486000036E-15, -1.000000000000000000 ) ) ;
#3568 = LINE ( 'NONE', #2522, #166 ) ;
#3570 = ORIENTED_EDGE ( 'NONE', *, *, #256, .F. ) ;
#3569 = CARTESIAN_POINT ( 'NONE',  ( -0.09499999622504000374, 0.4499999821190000526, 0.3499999980130000243 ) ) ;
#3571 = EDGE_CURVE ( 'NONE', #2978, #5625, #3202, .T. ) ;
#3572 = EDGE_CURVE ( 'NONE', #3063, #563, #1944, .T. ) ;
#3573 = EDGE_LOOP ( 'NONE', ( #292, #942, #1181, #3083, #5786 ) ) ;
#3574 = AXIS2_PLACEMENT_3D ( 'NONE', #4560, #2200, #4155 ) ;
#3575 = LINE ( 'NONE', #1522, #566 ) ;
#3576 = MECHANICAL_DESIGN_GEOMETRIC_PRESENTATION_REPRESENTATION (  '', ( #86 ), #2893 ) ;
#3577 = DIRECTION ( 'NONE',  ( 0.000000000000000000, 1.000000000000000000, 0.000000000000000000 ) ) ;
#3578 = CYLINDRICAL_SURFACE ( 'NONE', #3848, 0.02499999900658995966 ) ;
#3579 = CARTESIAN_POINT ( 'NONE',  ( 0.1799999928469999955, -0.4499999821190000526, 0.4499999940400000176 ) ) ;
#3580 = ADVANCED_FACE ( 'NONE', ( #4179 ), #3228, .T. ) ;
#3581 = VERTEX_POINT ( 'NONE', #3174 ) ;
#3582 = SURFACE_SIDE_STYLE ('',( #5074 ) ) ;
#3583 = CARTESIAN_POINT ( 'NONE',  ( -0.1199999952320000007, 0.2999999880790000240, 0.5749999890720000062 ) ) ;
#3584 = ORIENTED_EDGE ( 'NONE', *, *, #2742, .T. ) ;
#3585 = DIRECTION ( 'NONE',  ( 0.000000000000000000, 0.000000000000000000, 1.000000000000000000 ) ) ;
#3586 = EDGE_CURVE ( 'NONE', #1092, #513, #5302, .T. ) ;
#3587 = ORIENTED_EDGE ( 'NONE', *, *, #5546, .F. ) ;
#3588 = CARTESIAN_POINT ( 'NONE',  ( 0.05999999761580999957, -0.4499999821190000526, 0.4499999940400000176 ) ) ;
#3589 = DIRECTION ( 'NONE',  ( 1.000000000000000000, 0.000000000000000000, 0.000000000000000000 ) ) ;
#3590 = CARTESIAN_POINT ( 'NONE',  ( -0.02499999900658999782, -0.4849999807279999908, 0.2000000039739999735 ) ) ;
#3591 = DIRECTION ( 'NONE',  ( -1.000000000000000000, 0.000000000000000000, 0.000000000000000000 ) ) ;
#3592 = EDGE_LOOP ( 'NONE', ( #3599, #3470 ) ) ;
#3593 = FILL_AREA_STYLE_COLOUR ( '', #172 ) ;
#3594 = FILL_AREA_STYLE ('',( #4434 ) ) ;
#3595 = CARTESIAN_POINT ( 'NONE',  ( -0.2699999892709999960, 0.2999999880790000240, 0.3499999980130000243 ) ) ;
#3597 = ORIENTED_EDGE ( 'NONE', *, *, #3510, .F. ) ;
#3596 = CARTESIAN_POINT ( 'NONE',  ( -0.1199999952320000007, 0.000000000000000000, 0.2250000029800000023 ) ) ;
#3598 = EDGE_LOOP ( 'NONE', ( #835, #2366, #1631, #4904, #223 ) ) ;
#3599 = ORIENTED_EDGE ( 'NONE', *, *, #3123, .F. ) ;
#3600 = ORIENTED_EDGE ( 'NONE', *, *, #4453, .F. ) ;
#3601 = VERTEX_POINT ( 'NONE', #3666 ) ;
#3602 = EDGE_CURVE ( 'NONE', #5930, #1924, #347, .T. ) ;
#3603 = EDGE_CURVE ( 'NONE', #3400, #4286, #3238, .T. ) ;
#3604 = DIRECTION ( 'NONE',  ( -1.000000000000000000, 0.000000000000000000, 0.000000000000000000 ) ) ;
#3605 = FACE_OUTER_BOUND ( 'NONE', #5976, .T. ) ;
#3606 = DIRECTION ( 'NONE',  ( 1.000000000000000000, 0.000000000000000000, 0.000000000000000000 ) ) ;
#3607 = FACE_OUTER_BOUND ( 'NONE', #5154, .T. ) ;
#3608 = ORIENTED_EDGE ( 'NONE', *, *, #3933, .F. ) ;
#3609 = CIRCLE ( 'NONE', #3024, 0.02499999900659001170 ) ;
#3610 = ORIENTED_EDGE ( 'NONE', *, *, #4249, .F. ) ;
#3611 = CARTESIAN_POINT ( 'NONE',  ( 0.4849999807279999908, 0.02499999900658999782, 0.2000000039739999735 ) ) ;
#3612 = VECTOR ( 'NONE', #1997, 1000.000000000000000 ) ;
#3613 = CIRCLE ( 'NONE', #5863, 0.02499999900659001170 ) ;
#3614 = EDGE_CURVE ( 'NONE', #3434, #4879, #2147, .T. ) ;
#3615 = CYLINDRICAL_SURFACE ( 'NONE', #45, 0.02499999900659001170 ) ;
#3616 = FILL_AREA_STYLE_COLOUR ( '', #2687 ) ;
#3617 = CARTESIAN_POINT ( 'NONE',  ( 0.05999999761580999957, -0.2999999880790000240, 0.3499999980130000243 ) ) ;
#3618 = ORIENTED_EDGE ( 'NONE', *, *, #2001, .F. ) ;
#3619 = FILL_AREA_STYLE ('',( #3593 ) ) ;
#3620 = EDGE_LOOP ( 'NONE', ( #3395, #4771, #510, #1813 ) ) ;
#3621 = AXIS2_PLACEMENT_3D ( 'NONE', #2318, #416, #12 ) ;
#3622 = CARTESIAN_POINT ( 'NONE',  ( -0.05999999761580999957, 0.2999999880790000240, 0.5749999890720000062 ) ) ;
#3623 = AXIS2_PLACEMENT_3D ( 'NONE', #2890, #2413, #36 ) ;
#3624 =( NAMED_UNIT ( * ) PLANE_ANGLE_UNIT ( ) SI_UNIT ( $, .RADIAN. ) );
#3625 = ORIENTED_EDGE ( 'NONE', *, *, #6110, .F. ) ;
#3626 = VERTEX_POINT ( 'NONE', #4611 ) ;
#3627 = CIRCLE ( 'NONE', #1048, 0.02499999900659001170 ) ;
#3628 = PLANE ( 'NONE',  #1654 ) ;
#3629 = DIRECTION ( 'NONE',  ( -1.807003620808999850E-16, 0.000000000000000000, -1.000000000000000000 ) ) ;
#3630 = CARTESIAN_POINT ( 'NONE',  ( -0.1199999952320000007, 0.2999999880790000240, 0.3499999980130000243 ) ) ;
#3631 = ORIENTED_EDGE ( 'NONE', *, *, #2622, .F. ) ;
#3632 = FACE_OUTER_BOUND ( 'NONE', #44, .T. ) ;
#3633 = CARTESIAN_POINT ( 'NONE',  ( -0.1199999952320000007, 0.4499999821190000526, 0.3499999980130000243 ) ) ;
#3634 = CARTESIAN_POINT ( 'NONE',  ( 0.1799999928469999955, 0.4499999821190000526, 0.3499999980130000243 ) ) ;
#3635 = ADVANCED_FACE ( 'NONE', ( #355 ), #2255, .T. ) ;
#3636 = AXIS2_PLACEMENT_3D ( 'NONE', #1202, #1542, #143 ) ;
#3637 = SURFACE_STYLE_FILL_AREA ( #5997 ) ;
#3638 = FILL_AREA_STYLE ('',( #2660 ) ) ;
#3639 = CYLINDRICAL_SURFACE ( 'NONE', #1228, 0.02499999900659001170 ) ;
#3640 = CIRCLE ( 'NONE', #3547, 0.1249999950329999943 ) ;
#3641 = LINE ( 'NONE', #3611, #3804 ) ;
#3642 = AXIS2_PLACEMENT_3D ( 'NONE', #4726, #440, #5629 ) ;
#3643 = EDGE_CURVE ( 'NONE', #1891, #4069, #386, .T. ) ;
#3644 = EDGE_CURVE ( 'NONE', #5544, #5563, #2957, .T. ) ;
#3645 = VERTEX_POINT ( 'NONE', #5095 ) ;
#3646 = CLOSED_SHELL ( 'NONE', ( #1246, #3339, #2563, #3956, #5002, #1393, #881, #5411, #2390, #520, #2165, #271, #3151, #3019, #2931, #4591, #5329, #1478 ) ) ;
#3647 = TOROIDAL_SURFACE ( 'NONE', #4346, 0.1499999940400000287, 0.02499999900658999782 ) ;
#3648 = VECTOR ( 'NONE', #27, 1000.000000000000000 ) ;
#3649 = FACE_OUTER_BOUND ( 'NONE', #1777, .T. ) ;
#3650 = PRESENTATION_STYLE_ASSIGNMENT (( #1284 ) ) ;
#3651 = CARTESIAN_POINT ( 'NONE',  ( -0.3417475510149999840, -0.2437334591960000074, 0.7999999801320000214 ) ) ;
#3652 = DIRECTION ( 'NONE',  ( 0.000000000000000000, 0.000000000000000000, -1.000000000000000000 ) ) ;
#3653 = ORIENTED_EDGE ( 'NONE', *, *, #2974, .T. ) ;
#3654 = PLANE ( 'NONE',  #4624 ) ;
#3655 = AXIS2_PLACEMENT_3D ( 'NONE', #2014, #2995, #1540 ) ;
#3656 = ORIENTED_EDGE ( 'NONE', *, *, #4099, .F. ) ;
#3657 = COLOUR_RGB ( '',0.5019607843137254832, 0.5019607843137254832, 0.5019607843137254832 ) ;
#3658 = VECTOR ( 'NONE', #1901, 1000.000000000000000 ) ;
#3659 = CARTESIAN_POINT ( 'NONE',  ( 0.5999999761580000479, -0.1399999944370000082, 0.1000000079469999942 ) ) ;
#3660 = DIRECTION ( 'NONE',  ( 0.000000000000000000, 0.000000000000000000, -1.000000000000000000 ) ) ;
#3661 = ORIENTED_EDGE ( 'NONE', *, *, #215, .T. ) ;
#3662 = TOROIDAL_SURFACE ( 'NONE', #3360, 0.1499999940400000287, 0.02499999900658999782 ) ;
#3663 = EDGE_CURVE ( 'NONE', #2520, #4360, #2657, .T. ) ;
#3664 = ORIENTED_EDGE ( 'NONE', *, *, #2105, .F. ) ;
#3665 = AXIS2_PLACEMENT_3D ( 'NONE', #3428, #5297, #1058 ) ;
#3666 = CARTESIAN_POINT ( 'NONE',  ( 0.1199999952320000007, -0.4249999831119999905, 0.3499999980130000243 ) ) ;
#3667 = DIRECTION ( 'NONE',  ( 0.000000000000000000, 1.000000000000000000, 0.000000000000000000 ) ) ;
#3668 = FILL_AREA_STYLE ('',( #4614 ) ) ;
#3669 = PRESENTATION_STYLE_ASSIGNMENT (( #4502 ) ) ;
#3670 = CARTESIAN_POINT ( 'NONE',  ( 0.1199999952320000007, -0.2999999880790000240, 0.2000000039739999735 ) ) ;
#3671 = VECTOR ( 'NONE', #3842, 1000.000000000000000 ) ;
#3672 = CARTESIAN_POINT ( 'NONE',  ( -0.1199999952320000007, -0.2999999880790000240, 0.3499999980130000243 ) ) ;
#3673 = FACE_OUTER_BOUND ( 'NONE', #2801, .T. ) ;
#3674 = CARTESIAN_POINT ( 'NONE',  ( 0.1199999952320000007, 0.000000000000000000, 0.1750000049669999946 ) ) ;
#3675 = CIRCLE ( 'NONE', #3768, 0.02499999900659001170 ) ;
#3676 = CARTESIAN_POINT ( 'NONE',  ( 0.000000000000000000, -0.2999999880790000240, 0.6249999870859999085 ) ) ;
#3677 = CARTESIAN_POINT ( 'NONE',  ( -0.05999999761580999957, 0.000000000000000000, 0.1750000049669999946 ) ) ;
#3678 = EDGE_CURVE ( 'NONE', #704, #5813, #4124, .T. ) ;
#3679 = ADVANCED_FACE ( 'NONE', ( #5957 ), #984, .F. ) ;
#3680 = CARTESIAN_POINT ( 'NONE',  ( -0.1199999952320000007, -0.2999999880790000240, 0.2000000039739999735 ) ) ;
#3681 = DIRECTION ( 'NONE',  ( 0.000000000000000000, -3.614007241618000193E-16, -1.000000000000000000 ) ) ;
#3682 = CIRCLE ( 'NONE', #1883, 0.02499999900659001170 ) ;
#3683 = ORIENTED_EDGE ( 'NONE', *, *, #5063, .T. ) ;
#3684 = CARTESIAN_POINT ( 'NONE',  ( -0.1799999928469999955, -0.2999999880790000240, 0.2000000039739999735 ) ) ;
#3685 = VERTEX_POINT ( 'NONE', #11 ) ;
#3686 = ORIENTED_EDGE ( 'NONE', *, *, #405, .T. ) ;
#3687 =( NAMED_UNIT ( * ) SI_UNIT ( $, .STERADIAN. ) SOLID_ANGLE_UNIT ( ) );
#3688 = EDGE_CURVE ( 'NONE', #4786, #1047, #1050, .T. ) ;
#3689 = FACE_OUTER_BOUND ( 'NONE', #6095, .T. ) ;
#3690 = ORIENTED_EDGE ( 'NONE', *, *, #5899, .F. ) ;
#3691 = CARTESIAN_POINT ( 'NONE',  ( 0.3699999852979999893, -0.1399999944370000082, 1.192092846658000078E-08 ) ) ;
#3692 = DIRECTION ( 'NONE',  ( 0.000000000000000000, -1.000000000000000000, 0.000000000000000000 ) ) ;
#3693 = DIRECTION ( 'NONE',  ( 0.000000000000000000, 0.000000000000000000, -1.000000000000000000 ) ) ;
#3694 = ORIENTED_EDGE ( 'NONE', *, *, #2295, .T. ) ;
#3695 = SURFACE_STYLE_FILL_AREA ( #821 ) ;
#3696 = PRESENTATION_STYLE_ASSIGNMENT (( #5100 ) ) ;
#3697 = FACE_OUTER_BOUND ( 'NONE', #5344, .T. ) ;
#3698 = CARTESIAN_POINT ( 'NONE',  ( -0.05999999761580999957, 0.2999999880790000240, 0.2250000029800000023 ) ) ;
#3699 = CARTESIAN_POINT ( 'NONE',  ( 0.1199999952320000007, 0.2999999880790000240, 0.6249999870859999085 ) ) ;
#3700 = DIRECTION ( 'NONE',  ( 0.7071067811865474617, -0.7071067811865474617, 0.000000000000000000 ) ) ;
#3701 = AXIS2_PLACEMENT_3D ( 'NONE', #2538, #3940, #1064 ) ;
#3702 = DIRECTION ( 'NONE',  ( -1.000000000000000000, 0.000000000000000000, 0.000000000000000000 ) ) ;
#3703 = DIRECTION ( 'NONE',  ( 0.000000000000000000, 0.000000000000000000, 1.000000000000000000 ) ) ;
#3704 = ORIENTED_EDGE ( 'NONE', *, *, #4882, .T. ) ;
#3705 = FACE_OUTER_BOUND ( 'NONE', #2292, .T. ) ;
#3706 = ORIENTED_EDGE ( 'NONE', *, *, #6004, .F. ) ;
#3707 = ORIENTED_EDGE ( 'NONE', *, *, #4769, .F. ) ;
#3708 = ADVANCED_FACE ( 'NONE', ( #1411 ), #156, .T. ) ;
#3709 = VECTOR ( 'NONE', #123, 1000.000000000000000 ) ;
#3710 = DIRECTION ( 'NONE',  ( 0.000000000000000000, 0.000000000000000000, -1.000000000000000000 ) ) ;
#3711 = DIRECTION ( 'NONE',  ( -1.000000000000000000, 0.000000000000000000, 0.000000000000000000 ) ) ;
#3712 = AXIS2_PLACEMENT_3D ( 'NONE', #3001, #2145, #3962 ) ;
#3713 = CARTESIAN_POINT ( 'NONE',  ( 0.1199999952320000007, -0.2999999880790000240, 0.3499999980130000243 ) ) ;
#3714 = ORIENTED_EDGE ( 'NONE', *, *, #3539, .F. ) ;
#3715 = ADVANCED_FACE ( 'NONE', ( #5636 ), #3413, .T. ) ;
#3716 = EDGE_CURVE ( 'NONE', #277, #4805, #2898, .T. ) ;
#3717 = EDGE_LOOP ( 'NONE', ( #1659, #4855, #5717, #5844 ) ) ;
#3718 = AXIS2_PLACEMENT_3D ( 'NONE', #3021, #4918, #2016 ) ;
#3719 = SURFACE_STYLE_USAGE ( .BOTH. , #5574 ) ;
#3720 = DIRECTION ( 'NONE',  ( 5.421011077838983894E-16, 0.000000000000000000, 1.000000000000000000 ) ) ;
#3721 =( LENGTH_UNIT ( ) NAMED_UNIT ( * ) SI_UNIT ( .MILLI., .METRE. ) );
#3722 = CIRCLE ( 'NONE', #4518, 0.02499999900659001170 ) ;
#3723 = EDGE_CURVE ( 'NONE', #1281, #4659, #5285, .T. ) ;
#3724 = VECTOR ( 'NONE', #2269, 1000.000000000000000 ) ;
#3725 = DIRECTION ( 'NONE',  ( 0.000000000000000000, 0.000000000000000000, 1.000000000000000000 ) ) ;
#3726 =( NAMED_UNIT ( * ) PLANE_ANGLE_UNIT ( ) SI_UNIT ( $, .RADIAN. ) );
#3727 = DIRECTION ( 'NONE',  ( 0.000000000000000000, -1.000000000000000000, 0.000000000000000000 ) ) ;
#3728 = CYLINDRICAL_SURFACE ( 'NONE', #91, 0.02499999900659001170 ) ;
#3729 = COLOUR_RGB ( '',0.5019607843137254832, 0.5019607843137254832, 0.5019607843137254832 ) ;
#3730 = ORIENTED_EDGE ( 'NONE', *, *, #3950, .F. ) ;
#3731 = CARTESIAN_POINT ( 'NONE',  ( -0.2549999898670000098, -0.2549999898670000098, 1.192092846658000078E-08 ) ) ;
#3732 = CIRCLE ( 'NONE', #1961, 0.02499999900659001170 ) ;
#3733 = AXIS2_PLACEMENT_3D ( 'NONE', #5950, #1313, #5568 ) ;
#3734 = FACE_OUTER_BOUND ( 'NONE', #890, .T. ) ;
#3735 = CARTESIAN_POINT ( 'NONE',  ( 0.000000000000000000, 0.4499999821190000526, 0.4499999940400000176 ) ) ;
#3736 = ORIENTED_EDGE ( 'NONE', *, *, #1857, .F. ) ;
#3737 = DIRECTION ( 'NONE',  ( -1.000000000000000000, 0.000000000000000000, 0.000000000000000000 ) ) ;
#3738 = VERTEX_POINT ( 'NONE', #2418 ) ;
#3739 = AXIS2_PLACEMENT_3D ( 'NONE', #5289, #1051, #681 ) ;
#3740 = VECTOR ( 'NONE', #1074, 1000.000000000000000 ) ;
#3741 = AXIS2_PLACEMENT_3D ( 'NONE', #4594, #315, #1712 ) ;
#3742 = ORIENTED_EDGE ( 'NONE', *, *, #4344, .F. ) ;
#3743 = CARTESIAN_POINT ( 'NONE',  ( -0.1199999952320000007, 0.2999999880790000240, 0.2000000039739999735 ) ) ;
#3744 = ADVANCED_FACE ( 'NONE', ( #5224 ), #3856, .T. ) ;
#3745 = CYLINDRICAL_SURFACE ( 'NONE', #2245, 0.02499999900658995966 ) ;
#3746 =( GEOMETRIC_REPRESENTATION_CONTEXT ( 3 ) GLOBAL_UNCERTAINTY_ASSIGNED_CONTEXT ( ( #2415 ) ) GLOBAL_UNIT_ASSIGNED_CONTEXT ( ( #2183, #5999, #745 ) ) REPRESENTATION_CONTEXT ( 'NONE', 'WORKASPACE' ) );
#3747 = DIRECTION ( 'NONE',  ( -1.000000000000000000, 0.000000000000000000, 0.000000000000000000 ) ) ;
#3748 = VERTEX_POINT ( 'NONE', #1384 ) ;
#3749 = VERTEX_POINT ( 'NONE', #1015 ) ;
#3750 = CIRCLE ( 'NONE', #668, 0.02499999900659001170 ) ;
#3751 = ORIENTED_EDGE ( 'NONE', *, *, #2681, .T. ) ;
#3752 =( GEOMETRIC_REPRESENTATION_CONTEXT ( 3 ) GLOBAL_UNCERTAINTY_ASSIGNED_CONTEXT ( ( #1838 ) ) GLOBAL_UNIT_ASSIGNED_CONTEXT ( ( #6078, #5135, #4214 ) ) REPRESENTATION_CONTEXT ( 'NONE', 'WORKASPACE' ) );
#3753 = ORIENTED_EDGE ( 'NONE', *, *, #3878, .F. ) ;
#3754 =( NAMED_UNIT ( * ) SI_UNIT ( $, .STERADIAN. ) SOLID_ANGLE_UNIT ( ) );
#3755 = EDGE_CURVE ( 'NONE', #940, #6057, #5156, .T. ) ;
#3756 = STYLED_ITEM ( 'NONE', ( #1750 ), #490 ) ;
#3757 = ADVANCED_FACE ( 'NONE', ( #581, #5668 ), #5189, .F. ) ;
#3758 = PLANE ( 'NONE',  #4798 ) ;
#3759 = AXIS2_PLACEMENT_3D ( 'NONE', #4221, #925, #1963 ) ;
#3760 = EDGE_CURVE ( 'NONE', #5343, #4887, #2452, .T. ) ;
#3761 = DIRECTION ( 'NONE',  ( -1.000000000000000000, 0.000000000000000000, 0.000000000000000000 ) ) ;
#3762 = LINE ( 'NONE', #1392, #987 ) ;
#3763 = CIRCLE ( 'NONE', #1981, 0.1749999930459999464 ) ;
#3764 = VERTEX_POINT ( 'NONE', #1446 ) ;
#3765 = AXIS2_PLACEMENT_3D ( 'NONE', #3807, #2889, #605 ) ;
#3766 = ORIENTED_EDGE ( 'NONE', *, *, #980, .T. ) ;
#3767 = LINE ( 'NONE', #3363, #3724 ) ;
#3768 = AXIS2_PLACEMENT_3D ( 'NONE', #4387, #5418, #1702 ) ;
#3769 = CARTESIAN_POINT ( 'NONE',  ( 0.2699999892709999960, 0.2399999904629999958, 0.2000000039739999735 ) ) ;
#3770 = ADVANCED_FACE ( 'NONE', ( #3289 ), #4796, .F. ) ;
#3771 = PLANE ( 'NONE',  #3516 ) ;
#3772 = ORIENTED_EDGE ( 'NONE', *, *, #4438, .T. ) ;
#3773 = DIRECTION ( 'NONE',  ( 0.000000000000000000, 1.000000000000000000, 0.000000000000000000 ) ) ;
#3774 = EDGE_LOOP ( 'NONE', ( #3608, #3686, #4455, #535 ) ) ;
#3775 = ORIENTED_EDGE ( 'NONE', *, *, #3997, .T. ) ;
#3776 = EDGE_LOOP ( 'NONE', ( #3283, #4174, #4117, #2480 ) ) ;
#3777 = COLOUR_RGB ( '',0.9882352941176471006, 0.7372549019607843590, 0.5176470588235293491 ) ;
#3778 = VERTEX_POINT ( 'NONE', #4467 ) ;
#3779 = FILL_AREA_STYLE_COLOUR ( '', #5029 ) ;
#3780 = FACE_OUTER_BOUND ( 'NONE', #6056, .T. ) ;
#3781 = DIRECTION ( 'NONE',  ( 0.000000000000000000, 0.000000000000000000, -1.000000000000000000 ) ) ;
#3782 = ORIENTED_EDGE ( 'NONE', *, *, #6125, .T. ) ;
#3783 = ORIENTED_EDGE ( 'NONE', *, *, #5172, .F. ) ;
#3784 = UNCERTAINTY_MEASURE_WITH_UNIT (LENGTH_MEASURE( 1.000000000000000082E-05 ), #1081, 'distance_accuracy_value', 'NONE');
#3785 = ORIENTED_EDGE ( 'NONE', *, *, #4850, .T. ) ;
#3786 = CARTESIAN_POINT ( 'NONE',  ( -0.5999999761580000479, 0.4999999801319999770, 0.1000000079469999942 ) ) ;
#3787 = ORIENTED_EDGE ( 'NONE', *, *, #1429, .F. ) ;
#3788 = EDGE_CURVE ( 'NONE', #844, #2488, #1557, .T. ) ;
#3789 = EDGE_CURVE ( 'NONE', #5662, #1808, #657, .T. ) ;
#3790 = DIRECTION ( 'NONE',  ( 0.000000000000000000, 1.000000000000000000, 0.000000000000000000 ) ) ;
#3791 = CARTESIAN_POINT ( 'NONE',  ( -0.05999999761580999957, -0.4499999821190000526, 0.3499999980130000243 ) ) ;
#3792 = DIRECTION ( 'NONE',  ( 0.000000000000000000, 0.000000000000000000, -1.000000000000000000 ) ) ;
#3793 = CARTESIAN_POINT ( 'NONE',  ( -0.1449999942380000295, 0.4499999821190000526, 0.3499999980130000243 ) ) ;
#3794 = EDGE_LOOP ( 'NONE', ( #4405, #5057, #3411, #2617 ) ) ;
#3795 = ORIENTED_EDGE ( 'NONE', *, *, #6073, .T. ) ;
#3796 = CARTESIAN_POINT ( 'NONE',  ( -0.5999999761580000479, -0.4999999801319999770, 0.5999999880789999018 ) ) ;
#3797 = PRESENTATION_STYLE_ASSIGNMENT (( #2840 ) ) ;
#3798 = CARTESIAN_POINT ( 'NONE',  ( 0.1449999942380000295, 0.4499999821190000526, 0.3499999980130000243 ) ) ;
#3799 = DIRECTION ( 'NONE',  ( 0.000000000000000000, 1.000000000000000000, 0.000000000000000000 ) ) ;
#3800 = ORIENTED_EDGE ( 'NONE', *, *, #51, .T. ) ;
#3801 = DIRECTION ( 'NONE',  ( 0.000000000000000000, -3.614007241618000193E-16, -1.000000000000000000 ) ) ;
#3802 = VERTEX_POINT ( 'NONE', #637 ) ;
#3803 = EDGE_CURVE ( 'NONE', #5053, #2448, #2057, .T. ) ;
#3804 = VECTOR ( 'NONE', #3150, 1000.000000000000114 ) ;
#3805 = SURFACE_SIDE_STYLE ('',( #32 ) ) ;
#3806 = CARTESIAN_POINT ( 'NONE',  ( -0.2699999892709999960, -0.4999999801319999770, 0.5999999880789999018 ) ) ;
#3807 = CARTESIAN_POINT ( 'NONE',  ( -0.5999999761580000479, -0.4999999801319999770, 0.1000000079469999942 ) ) ;
#3808 = SURFACE_STYLE_FILL_AREA ( #1872 ) ;
#3809 = CARTESIAN_POINT ( 'NONE',  ( 0.05999999761580999957, 0.000000000000000000, 0.2250000029800000023 ) ) ;
#3810 = ORIENTED_EDGE ( 'NONE', *, *, #1388, .T. ) ;
#3811 = ORIENTED_EDGE ( 'NONE', *, *, #1560, .F. ) ;
#3812 = AXIS2_PLACEMENT_3D ( 'NONE', #3552, #4962, #1642 ) ;
#3813 = ORIENTED_EDGE ( 'NONE', *, *, #6032, .T. ) ;
#3814 = LINE ( 'NONE', #1135, #3555 ) ;
#3815 = CIRCLE ( 'NONE', #4200, 0.02499999900659001170 ) ;
#3816 = DIRECTION ( 'NONE',  ( -1.000000000000000000, 2.521400401128999817E-16, 0.000000000000000000 ) ) ;
#3818 = ORIENTED_EDGE ( 'NONE', *, *, #1652, .T. ) ;
#3817 = CARTESIAN_POINT ( 'NONE',  ( 0.2549999898670000098, 0.2549999898670000098, 0.1000000079469999942 ) ) ;
#3819 = PRESENTATION_LAYER_ASSIGNMENT (  '', '', ( #243 ) ) ;
#3820 = DIRECTION ( 'NONE',  ( 0.000000000000000000, -1.084202172486000036E-15, 1.000000000000000000 ) ) ;
#3821 = ORIENTED_EDGE ( 'NONE', *, *, #888, .F. ) ;
#3822 = AXIS2_PLACEMENT_3D ( 'NONE', #873, #1873, #509 ) ;
#3823 = DIRECTION ( 'NONE',  ( -1.000000000000000000, 0.000000000000000000, 0.000000000000000000 ) ) ;
#3824 = CARTESIAN_POINT ( 'NONE',  ( 0.1799999928469999955, -0.2999999880790000240, 0.4499999940400000176 ) ) ;
#3825 = CARTESIAN_POINT ( 'NONE',  ( 0.05999999761580999957, -0.2999999880790000240, 0.2000000039739999735 ) ) ;
#3826 = EDGE_CURVE ( 'NONE', #402, #5065, #672, .T. ) ;
#3827 = ORIENTED_EDGE ( 'NONE', *, *, #4747, .T. ) ;
#3828 = VERTEX_POINT ( 'NONE', #2077 ) ;
#3829 = CARTESIAN_POINT ( 'NONE',  ( 0.5999999761580000479, -0.4999999801319999770, 0.1000000079469999942 ) ) ;
#3830 = FACE_OUTER_BOUND ( 'NONE', #2758, .T. ) ;
#3831 = DIRECTION ( 'NONE',  ( 0.000000000000000000, 0.000000000000000000, 1.000000000000000000 ) ) ;
#3832 = DIRECTION ( 'NONE',  ( 0.000000000000000000, 1.084202172486000036E-15, -1.000000000000000000 ) ) ;
#3833 = ORIENTED_EDGE ( 'NONE', *, *, #2906, .F. ) ;
#3834 = DIRECTION ( 'NONE',  ( 0.000000000000000000, 0.000000000000000000, -1.000000000000000000 ) ) ;
#3835 = ADVANCED_FACE ( 'NONE', ( #5860 ), #2152, .T. ) ;
#3836 = VECTOR ( 'NONE', #326, 1000.000000000000000 ) ;
#3837 = EDGE_CURVE ( 'NONE', #80, #1169, #4041, .T. ) ;
#3838 = VERTEX_POINT ( 'NONE', #3020 ) ;
#3839 = AXIS2_PLACEMENT_3D ( 'NONE', #507, #5178, #2823 ) ;
#3840 =( LENGTH_UNIT ( ) NAMED_UNIT ( * ) SI_UNIT ( .MILLI., .METRE. ) );
#3841 = FACE_OUTER_BOUND ( 'NONE', #780, .T. ) ;
#3842 = DIRECTION ( 'NONE',  ( -1.000000000000000000, 0.000000000000000000, 0.000000000000000000 ) ) ;
#3843 = DIRECTION ( 'NONE',  ( 0.000000000000000000, 0.000000000000000000, 1.000000000000000000 ) ) ;
#3844 = AXIS2_PLACEMENT_3D ( 'NONE', #3512, #5385, #1140 ) ;
#3845 = ADVANCED_FACE ( 'NONE', ( #4946 ), #5804, .T. ) ;
#3846 = FACE_OUTER_BOUND ( 'NONE', #5911, .T. ) ;
#3847 = ORIENTED_EDGE ( 'NONE', *, *, #1692, .T. ) ;
#3848 = AXIS2_PLACEMENT_3D ( 'NONE', #4100, #5959, #1726 ) ;
#3849 = ORIENTED_EDGE ( 'NONE', *, *, #246, .T. ) ;
#3851 = UNCERTAINTY_MEASURE_WITH_UNIT (LENGTH_MEASURE( 1.000000000000000082E-05 ), #3067, 'distance_accuracy_value', 'NONE');
#3850 = CIRCLE ( 'NONE', #4348, 0.02499999900659001170 ) ;
#3852 = VECTOR ( 'NONE', #1634, 1000.000000000000000 ) ;
#3853 = ORIENTED_EDGE ( 'NONE', *, *, #1311, .F. ) ;
#3854 = PRESENTATION_LAYER_ASSIGNMENT (  '', '', ( #2353 ) ) ;
#3855 = DIRECTION ( 'NONE',  ( 0.000000000000000000, 0.000000000000000000, 1.000000000000000000 ) ) ;
#3856 = CYLINDRICAL_SURFACE ( 'NONE', #840, 0.02499999900659001170 ) ;
#3857 = EDGE_CURVE ( 'NONE', #1969, #277, #4522, .T. ) ;
#3859 = ORIENTED_EDGE ( 'NONE', *, *, #1126, .T. ) ;
#3858 =( LENGTH_UNIT ( ) NAMED_UNIT ( * ) SI_UNIT ( .MILLI., .METRE. ) );
#3860 = AXIS2_PLACEMENT_3D ( 'NONE', #4307, #1480, #4279 ) ;
#3861 = STYLED_ITEM ( 'NONE', ( #5673 ), #4670 ) ;
#3862 =( GEOMETRIC_REPRESENTATION_CONTEXT ( 3 ) GLOBAL_UNCERTAINTY_ASSIGNED_CONTEXT ( ( #676 ) ) GLOBAL_UNIT_ASSIGNED_CONTEXT ( ( #1572, #1683, #1156 ) ) REPRESENTATION_CONTEXT ( 'NONE', 'WORKASPACE' ) );
#3863 = CARTESIAN_POINT ( 'NONE',  ( -0.1799999928469999955, 0.2999999880790000240, 0.5749999890720000062 ) ) ;
#3864 = CARTESIAN_POINT ( 'NONE',  ( 0.1199999952320000007, 0.2999999880790000240, 0.2250000029800000023 ) ) ;
#3865 = DIRECTION ( 'NONE',  ( -1.000000000000000000, 0.000000000000000000, 0.000000000000000000 ) ) ;
#3866 = CYLINDRICAL_SURFACE ( 'NONE', #3380, 0.02499999900659001170 ) ;
#3867 = PRESENTATION_LAYER_ASSIGNMENT (  '', '', ( #1972 ) ) ;
#3868 = ORIENTED_EDGE ( 'NONE', *, *, #3340, .F. ) ;
#3869 = ORIENTED_EDGE ( 'NONE', *, *, #4662, .F. ) ;
#3870 = DIRECTION ( 'NONE',  ( 0.000000000000000000, 1.000000000000000000, 0.000000000000000000 ) ) ;
#3871 = CARTESIAN_POINT ( 'NONE',  ( 0.000000000000000000, 0.000000000000000000, 0.1000000079469999942 ) ) ;
#3872 = DIRECTION ( 'NONE',  ( 0.000000000000000000, -3.614007241618000193E-16, -1.000000000000000000 ) ) ;
#3873 = ORIENTED_EDGE ( 'NONE', *, *, #4471, .F. ) ;
#3874 = CARTESIAN_POINT ( 'NONE',  ( -0.1199999952320000007, -0.2999999880790000240, 0.1750000049669999946 ) ) ;
#3875 = ORIENTED_EDGE ( 'NONE', *, *, #5971, .F. ) ;
#3876 = CIRCLE ( 'NONE', #4160, 0.02499999900659001170 ) ;
#3877 = ORIENTED_EDGE ( 'NONE', *, *, #515, .F. ) ;
#3878 = EDGE_CURVE ( 'NONE', #61, #4511, #52, .T. ) ;
#3879 = EDGE_CURVE ( 'NONE', #632, #1357, #3568, .T. ) ;
#3880 = CARTESIAN_POINT ( 'NONE',  ( -0.1799999928469999955, 0.000000000000000000, 0.1750000049669999946 ) ) ;
#3881 = DIRECTION ( 'NONE',  ( 0.000000000000000000, 0.000000000000000000, -1.000000000000000000 ) ) ;
#3882 = FACE_OUTER_BOUND ( 'NONE', #3069, .T. ) ;
#3883 = CARTESIAN_POINT ( 'NONE',  ( 0.5999999761580000479, 0.4999999801319999770, 0.7999999801320000214 ) ) ;
#3884 = CARTESIAN_POINT ( 'NONE',  ( 0.000000000000000000, -0.2999999880790000240, 0.2000000039739999735 ) ) ;
#3885 = ORIENTED_EDGE ( 'NONE', *, *, #5420, .F. ) ;
#3886 = AXIS2_PLACEMENT_3D ( 'NONE', #4158, #333, #4127 ) ;
#3887 = ORIENTED_EDGE ( 'NONE', *, *, #3270, .T. ) ;
#3888 = AXIS2_PLACEMENT_3D ( 'NONE', #4089, #4657, #5114 ) ;
#3889 = ADVANCED_FACE ( 'NONE', ( #3923 ), #5437, .F. ) ;
#3890 = ORIENTED_EDGE ( 'NONE', *, *, #5833, .T. ) ;
#3891 = DIRECTION ( 'NONE',  ( 0.000000000000000000, 1.000000000000000000, 0.000000000000000000 ) ) ;
#3892 = TOROIDAL_SURFACE ( 'NONE', #1094, 0.1499999940400000287, 0.02499999900658999782 ) ;
#3893 =( NAMED_UNIT ( * ) PLANE_ANGLE_UNIT ( ) SI_UNIT ( $, .RADIAN. ) );
#3895 = ORIENTED_EDGE ( 'NONE', *, *, #5638, .T. ) ;
#3894 = DIRECTION ( 'NONE',  ( -3.252606517456999931E-16, 0.000000000000000000, -1.000000000000000000 ) ) ;
#3896 = EDGE_CURVE ( 'NONE', #5930, #3972, #5792, .T. ) ;
#3897 = CARTESIAN_POINT ( 'NONE',  ( -0.05999999761580999957, -0.2999999880790000240, 0.2000000039739999735 ) ) ;
#3898 = ORIENTED_EDGE ( 'NONE', *, *, #3614, .F. ) ;
#3899 = DIRECTION ( 'NONE',  ( 0.000000000000000000, 1.000000000000000000, 0.000000000000000000 ) ) ;
#3900 = CARTESIAN_POINT ( 'NONE',  ( 0.5999999761580000479, 0.4999999801319999770, 0.5999999880789999018 ) ) ;
#3901 = FACE_OUTER_BOUND ( 'NONE', #13, .T. ) ;
#3902 = EDGE_LOOP ( 'NONE', ( #1225, #1204, #5727, #624 ) ) ;
#3903 = CARTESIAN_POINT ( 'NONE',  ( 0.5999999761580000479, -0.1399999944370000082, 1.192092846658000078E-08 ) ) ;
#3904 = CARTESIAN_POINT ( 'NONE',  ( -0.4592061098819999465, -0.2437334591960000074, 0.7899999805290000010 ) ) ;
#3905 = CARTESIAN_POINT ( 'NONE',  ( 0.05999999761580999957, 0.2999999880790000240, 0.1750000049669999946 ) ) ;
#3906 = VERTEX_POINT ( 'NONE', #3104 ) ;
#3907 = FILL_AREA_STYLE ('',( #2606 ) ) ;
#3908 = VERTEX_POINT ( 'NONE', #207 ) ;
#3909 = ORIENTED_EDGE ( 'NONE', *, *, #594, .T. ) ;
#3910 = ORIENTED_EDGE ( 'NONE', *, *, #146, .F. ) ;
#3911 = ORIENTED_EDGE ( 'NONE', *, *, #2974, .F. ) ;
#3912 = DIRECTION ( 'NONE',  ( 0.000000000000000000, 0.000000000000000000, 1.000000000000000000 ) ) ;
#3913 = CARTESIAN_POINT ( 'NONE',  ( 0.1799999928469999955, -0.2999999880790000240, 0.1750000049669999946 ) ) ;
#3914 = DIRECTION ( 'NONE',  ( 0.000000000000000000, -1.000000000000000000, 0.000000000000000000 ) ) ;
#3915 = DIRECTION ( 'NONE',  ( -1.000000000000000000, 0.000000000000000000, 0.000000000000000000 ) ) ;
#3916 = CARTESIAN_POINT ( 'NONE',  ( 0.000000000000000000, 0.2999999880790000240, 0.4499999940400000176 ) ) ;
#3917 = VERTEX_POINT ( 'NONE', #3447 ) ;
#3918 = EDGE_CURVE ( 'NONE', #1499, #2503, #3951, .T. ) ;
#3919 = ORIENTED_EDGE ( 'NONE', *, *, #5785, .F. ) ;
#3920 = STYLED_ITEM ( 'NONE', ( #1528 ), #5579 ) ;
#3921 = VERTEX_POINT ( 'NONE', #1079 ) ;
#3922 = CARTESIAN_POINT ( 'NONE',  ( 0.2049999918539999744, 0.4499999821190000526, 0.4499999940400000176 ) ) ;
#3923 = FACE_OUTER_BOUND ( 'NONE', #1606, .T. ) ;
#3924 = AXIS2_PLACEMENT_3D ( 'NONE', #2720, #5472, #311 ) ;
#3926 = VERTEX_POINT ( 'NONE', #4865 ) ;
#3925 = DIRECTION ( 'NONE',  ( 0.000000000000000000, -1.000000000000000000, 0.000000000000000000 ) ) ;
#3927 = AXIS2_PLACEMENT_3D ( 'NONE', #4928, #1639, #588 ) ;
#3928 = CARTESIAN_POINT ( 'NONE',  ( 0.2699999892709999960, -0.4999999801319999770, 0.5999999880789999018 ) ) ;
#3929 = CARTESIAN_POINT ( 'NONE',  ( -0.2699999892709999960, -0.1399999944370000082, 1.192092846658000078E-08 ) ) ;
#3930 = CARTESIAN_POINT ( 'NONE',  ( -0.1799999928469999955, -0.2999999880790000240, 0.1750000049669999946 ) ) ;
#3931 = LINE ( 'NONE', #687, #5345 ) ;
#3932 = MECHANICAL_DESIGN_GEOMETRIC_PRESENTATION_REPRESENTATION (  '', ( #426 ), #542 ) ;
#3933 = EDGE_CURVE ( 'NONE', #1013, #4485, #3152, .T. ) ;
#3934 = EDGE_LOOP ( 'NONE', ( #921, #4631, #2313, #4516, #908 ) ) ;
#3935 = TOROIDAL_SURFACE ( 'NONE', #3230, 0.1499999940400000287, 0.02499999900658999782 ) ;
#3936 = CARTESIAN_POINT ( 'NONE',  ( 0.1199999952320000007, 0.4499999821190000526, 0.4499999940400000176 ) ) ;
#3937 = PRESENTATION_STYLE_ASSIGNMENT (( #5361 ) ) ;
#3938 = SURFACE_SIDE_STYLE ('',( #1616 ) ) ;
#3939 = EDGE_LOOP ( 'NONE', ( #2623, #4835, #3730, #2656 ) ) ;
#3940 = DIRECTION ( 'NONE',  ( -1.000000000000000000, 0.000000000000000000, 0.000000000000000000 ) ) ;
#3941 = VECTOR ( 'NONE', #4692, 1000.000000000000000 ) ;
#3942 = EDGE_LOOP ( 'NONE', ( #2335, #4731, #1040, #5139, #3714 ) ) ;
#3943 = AXIS2_PLACEMENT_3D ( 'NONE', #395, #4187, #6052 ) ;
#3944 = FILL_AREA_STYLE_COLOUR ( '', #5316 ) ;
#3945 = FACE_OUTER_BOUND ( 'NONE', #2792, .T. ) ;
#3946 = FACE_OUTER_BOUND ( 'NONE', #2385, .T. ) ;
#3947 = ORIENTED_EDGE ( 'NONE', *, *, #683, .F. ) ;
#3948 = PRODUCT_DEFINITION_SHAPE ( 'NONE', 'NONE',  #4894 ) ;
#3949 = ORIENTED_EDGE ( 'NONE', *, *, #4508, .F. ) ;
#3950 = EDGE_CURVE ( 'NONE', #5652, #3921, #5011, .T. ) ;
#3951 = LINE ( 'NONE', #5320, #3053 ) ;
#3952 = AXIS2_PLACEMENT_3D ( 'NONE', #4125, #2144, #4010 ) ;
#3953 = DIRECTION ( 'NONE',  ( 0.000000000000000000, 0.000000000000000000, 1.000000000000000000 ) ) ;
#3954 = CIRCLE ( 'NONE', #1351, 0.02499999900659001170 ) ;
#3955 = AXIS2_PLACEMENT_3D ( 'NONE', #3680, #1684, #6008 ) ;
#3956 = ADVANCED_FACE ( 'NONE', ( #4635 ), #2961, .T. ) ;
#3957 = ADVANCED_FACE ( 'NONE', ( #3219 ), #5307, .T. ) ;
#3958 = DIRECTION ( 'NONE',  ( 0.000000000000000000, 1.000000000000000000, 0.000000000000000000 ) ) ;
#3959 = LINE ( 'NONE', #5326, #4046 ) ;
#3960 = AXIS2_PLACEMENT_3D ( 'NONE', #5282, #3891, #5188 ) ;
#3961 = CARTESIAN_POINT ( 'NONE',  ( -0.05999999761580999957, 0.2999999880790000240, 0.3499999980130000243 ) ) ;
#3962 = DIRECTION ( 'NONE',  ( 1.000000000000000000, 0.000000000000000000, 0.000000000000000000 ) ) ;
#3963 = SURFACE_SIDE_STYLE ('',( #2530 ) ) ;
#3964 = STYLED_ITEM ( 'NONE', ( #3551 ), #4640 ) ;
#3965 = ORIENTED_EDGE ( 'NONE', *, *, #5814, .T. ) ;
#3966 = MECHANICAL_DESIGN_GEOMETRIC_PRESENTATION_REPRESENTATION (  '', ( #3971 ), #2578 ) ;
#3967 = EDGE_CURVE ( 'NONE', #3685, #2826, #162, .T. ) ;
#3968 = DIRECTION ( 'NONE',  ( 0.000000000000000000, 1.000000000000000000, 0.000000000000000000 ) ) ;
#3969 = VERTEX_POINT ( 'NONE', #2682 ) ;
#3970 = CARTESIAN_POINT ( 'NONE',  ( 0.3699999852979999893, -0.1399999944370000082, 0.1000000079469999942 ) ) ;
#3971 = STYLED_ITEM ( 'NONE', ( #972 ), #559 ) ;
#3972 = VERTEX_POINT ( 'NONE', #5547 ) ;
#3973 = EDGE_CURVE ( 'NONE', #4994, #3906, #842, .T. ) ;
#3974 = FILL_AREA_STYLE ('',( #2634 ) ) ;
#3975 = DIRECTION ( 'NONE',  ( 0.000000000000000000, 0.000000000000000000, -1.000000000000000000 ) ) ;
#3976 = FACE_BOUND ( 'NONE', #2487, .T. ) ;
#3977 = LINE ( 'NONE', #5311, #4715 ) ;
#3978 = ORIENTED_EDGE ( 'NONE', *, *, #5251, .F. ) ;
#3979 = AXIS2_PLACEMENT_3D ( 'NONE', #3180, #4587, #334 ) ;
#3980 = CIRCLE ( 'NONE', #1373, 0.02499999900659001170 ) ;
#3981 = DIRECTION ( 'NONE',  ( -1.000000000000000000, 0.000000000000000000, 0.000000000000000000 ) ) ;
#3982 = FACE_OUTER_BOUND ( 'NONE', #3431, .T. ) ;
#3983 = UNCERTAINTY_MEASURE_WITH_UNIT (LENGTH_MEASURE( 1.000000000000000082E-05 ), #4033, 'distance_accuracy_value', 'NONE');
#3984 =( GEOMETRIC_REPRESENTATION_CONTEXT ( 3 ) GLOBAL_UNCERTAINTY_ASSIGNED_CONTEXT ( ( #6104 ) ) GLOBAL_UNIT_ASSIGNED_CONTEXT ( ( #5130, #6024, #1323 ) ) REPRESENTATION_CONTEXT ( 'NONE', 'WORKASPACE' ) );
#3985 = CARTESIAN_POINT ( 'NONE',  ( -0.1799999928469999955, 0.2999999880790000240, 0.5999999880789999018 ) ) ;
#3986 = DIRECTION ( 'NONE',  ( 0.000000000000000000, 0.000000000000000000, 1.000000000000000000 ) ) ;
#3987 = CARTESIAN_POINT ( 'NONE',  ( -0.5999999761580000479, 0.4999999801319999770, 0.5999999880789999018 ) ) ;
#3988 = CARTESIAN_POINT ( 'NONE',  ( -0.1199999952320000007, -0.2999999880790000240, 0.2000000039739999735 ) ) ;
#3989 = DIRECTION ( 'NONE',  ( -1.000000000000000000, 0.000000000000000000, 0.000000000000000000 ) ) ;
#3990 = ADVANCED_FACE ( 'NONE', ( #3689 ), #793, .T. ) ;
#3991 = ADVANCED_FACE ( 'NONE', ( #1339 ), #1803, .F. ) ;
#3992 = LINE ( 'NONE', #1593, #4846 ) ;
#3993 = DIRECTION ( 'NONE',  ( -1.000000000000000000, 0.000000000000000000, 0.000000000000000000 ) ) ;
#3994 = CARTESIAN_POINT ( 'NONE',  ( 0.000000000000000000, 0.2999999880790000240, 0.3499999980130000243 ) ) ;
#3995 = ORIENTED_EDGE ( 'NONE', *, *, #3005, .F. ) ;
#3996 = FACE_OUTER_BOUND ( 'NONE', #1227, .T. ) ;
#3997 = EDGE_CURVE ( 'NONE', #1047, #2343, #2766, .T. ) ;
#3998 = ORIENTED_EDGE ( 'NONE', *, *, #5181, .T. ) ;
#3999 = SURFACE_STYLE_USAGE ( .BOTH. , #4514 ) ;
#4000 =( LENGTH_UNIT ( ) NAMED_UNIT ( * ) SI_UNIT ( .MILLI., .METRE. ) );
#4001 = CARTESIAN_POINT ( 'NONE',  ( 0.05999999761580999957, 0.000000000000000000, 0.1750000049669999946 ) ) ;
#4002 = ADVANCED_FACE ( 'NONE', ( #4115 ), #5923, .F. ) ;
#4003 = SURFACE_SIDE_STYLE ('',( #1579 ) ) ;
#4004 = DIRECTION ( 'NONE',  ( 0.7071067811865474617, 0.7071067811865474617, 0.000000000000000000 ) ) ;
#4005 = DIRECTION ( 'NONE',  ( 0.000000000000000000, 0.000000000000000000, 1.000000000000000000 ) ) ;
#4006 = CYLINDRICAL_SURFACE ( 'NONE', #2058, 0.02499999900659001170 ) ;
#4007 = VECTOR ( 'NONE', #625, 1000.000000000000000 ) ;
#4008 = CARTESIAN_POINT ( 'NONE',  ( 0.5999999761580000479, 0.4999999801319999770, 0.1000000079469999942 ) ) ;
#4009 = CARTESIAN_POINT ( 'NONE',  ( -0.5999999761580000479, 0.4999999801319999770, 0.1000000079469999942 ) ) ;
#4010 = DIRECTION ( 'NONE',  ( 0.000000000000000000, 0.000000000000000000, 1.000000000000000000 ) ) ;
#4011 = CARTESIAN_POINT ( 'NONE',  ( 0.09499999622504000374, 0.4499999821190000526, 0.3499999980130000243 ) ) ;
#4012 = DIRECTION ( 'NONE',  ( -1.000000000000000000, 0.000000000000000000, 1.807003620808999850E-16 ) ) ;
#4013 = PRESENTATION_LAYER_ASSIGNMENT (  '', '', ( #130 ) ) ;
#4014 = DIRECTION ( 'NONE',  ( 0.000000000000000000, 1.000000000000000000, 0.000000000000000000 ) ) ;
#4015 = ADVANCED_FACE ( 'NONE', ( #1230 ), #1261, .T. ) ;
#4016 = AXIS2_PLACEMENT_3D ( 'NONE', #5417, #3422, #152 ) ;
#4017 = DIRECTION ( 'NONE',  ( -0.7071067811865474617, -0.7071067811865474617, 0.000000000000000000 ) ) ;
#4018 = CARTESIAN_POINT ( 'NONE',  ( 0.2699999892709999960, 0.2399999904629999958, 0.1000000079469999942 ) ) ;
#4019 = ORIENTED_EDGE ( 'NONE', *, *, #1794, .T. ) ;
#4020 = MECHANICAL_DESIGN_GEOMETRIC_PRESENTATION_REPRESENTATION (  '', ( #4417 ), #4312 ) ;
#4021 = FACE_OUTER_BOUND ( 'NONE', #933, .T. ) ;
#4022 = SURFACE_SIDE_STYLE ('',( #2128 ) ) ;
#4023 = EDGE_CURVE ( 'NONE', #947, #5623, #2240, .T. ) ;
#4024 = ADVANCED_FACE ( 'NONE', ( #6013 ), #1779, .T. ) ;
#4025 = LINE ( 'NONE', #4397, #2565 ) ;
#4026 = CARTESIAN_POINT ( 'NONE',  ( -0.05999999761580999957, -0.2999999880790000240, 0.4499999940400000176 ) ) ;
#4027 = ORIENTED_EDGE ( 'NONE', *, *, #1879, .F. ) ;
#4028 = CARTESIAN_POINT ( 'NONE',  ( -0.2699999892709999960, 0.4999999801319999770, 1.192092846658000078E-08 ) ) ;
#4029 = VECTOR ( 'NONE', #3312, 1000.000000000000000 ) ;
#4030 = ORIENTED_EDGE ( 'NONE', *, *, #5994, .F. ) ;
#4031 = AXIS2_PLACEMENT_3D ( 'NONE', #4220, #5559, #6122 ) ;
#4032 = ORIENTED_EDGE ( 'NONE', *, *, #519, .T. ) ;
#4033 =( LENGTH_UNIT ( ) NAMED_UNIT ( * ) SI_UNIT ( .MILLI., .METRE. ) );
#4034 = ADVANCED_FACE ( 'NONE', ( #3841 ), #5676, .T. ) ;
#4035 = DIRECTION ( 'NONE',  ( 0.000000000000000000, 0.000000000000000000, -1.000000000000000000 ) ) ;
#4036 = DIRECTION ( 'NONE',  ( 0.000000000000000000, 1.000000000000000000, 0.000000000000000000 ) ) ;
#4037 = AXIS2_PLACEMENT_3D ( 'NONE', #4154, #5012, #4559 ) ;
#4038 = VERTEX_POINT ( 'NONE', #3341 ) ;
#4039 = PRESENTATION_LAYER_ASSIGNMENT (  '', '', ( #3861 ) ) ;
#4040 = CARTESIAN_POINT ( 'NONE',  ( -0.1799999928469999955, -0.2999999880790000240, 0.1750000049669999946 ) ) ;
#4041 = CIRCLE ( 'NONE', #1948, 0.1749999930459999742 ) ;
#4042 = EDGE_CURVE ( 'NONE', #1479, #640, #2306, .T. ) ;
#4043 = DIRECTION ( 'NONE',  ( 0.000000000000000000, -1.000000000000000000, 0.000000000000000000 ) ) ;
#4044 = FACE_OUTER_BOUND ( 'NONE', #5395, .T. ) ;
#4045 = DIRECTION ( 'NONE',  ( 0.000000000000000000, 1.084202172486000036E-15, -1.000000000000000000 ) ) ;
#4046 = VECTOR ( 'NONE', #149, 1000.000000000000000 ) ;
#4047 = VECTOR ( 'NONE', #4463, 1000.000000000000000 ) ;
#4048 = AXIS2_PLACEMENT_3D ( 'NONE', #3527, #2482, #5309 ) ;
#4049 = TOROIDAL_SURFACE ( 'NONE', #5797, 0.1499999940400000287, 0.02499999900658999782 ) ;
#4050 = CARTESIAN_POINT ( 'NONE',  ( 0.000000000000000000, 0.000000000000000000, 1.192092846658000078E-08 ) ) ;
#4051 = CIRCLE ( 'NONE', #5017, 0.1749999930459999464 ) ;
#4052 = TOROIDAL_SURFACE ( 'NONE', #960, 0.1499999940400000287, 0.02499999900658999782 ) ;
#4053 = DIRECTION ( 'NONE',  ( 1.000000000000000000, 0.000000000000000000, 0.000000000000000000 ) ) ;
#4054 = CARTESIAN_POINT ( 'NONE',  ( -0.05999999761580999957, 0.2999999880790000240, 0.2000000039739999735 ) ) ;
#4055 = CARTESIAN_POINT ( 'NONE',  ( 0.5999999761580000479, 0.4999999801319999770, 0.1000000079469999942 ) ) ;
#4056 = CIRCLE ( 'NONE', #69, 0.1249999950329999943 ) ;
#4057 = DIRECTION ( 'NONE',  ( 0.000000000000000000, 1.084202172486000036E-15, -1.000000000000000000 ) ) ;
#4058 =( GEOMETRIC_REPRESENTATION_CONTEXT ( 3 ) GLOBAL_UNCERTAINTY_ASSIGNED_CONTEXT ( ( #2736 ) ) GLOBAL_UNIT_ASSIGNED_CONTEXT ( ( #6060, #5980, #3279 ) ) REPRESENTATION_CONTEXT ( 'NONE', 'WORKASPACE' ) );
#4059 = LINE ( 'NONE', #834, #5499 ) ;
#4060 = DIRECTION ( 'NONE',  ( 0.000000000000000000, 0.000000000000000000, 1.000000000000000000 ) ) ;
#4061 = ORIENTED_EDGE ( 'NONE', *, *, #1884, .F. ) ;
#4062 = DIRECTION ( 'NONE',  ( -1.000000000000000000, 0.000000000000000000, 0.000000000000000000 ) ) ;
#4063 = ORIENTED_EDGE ( 'NONE', *, *, #5360, .F. ) ;
#4064 = ADVANCED_FACE ( 'NONE', ( #1833 ), #759, .T. ) ;
#4065 = ADVANCED_FACE ( 'NONE', ( #2888 ), #1472, .T. ) ;
#4066 = FACE_OUTER_BOUND ( 'NONE', #2356, .T. ) ;
#4067 =( NAMED_UNIT ( * ) SI_UNIT ( $, .STERADIAN. ) SOLID_ANGLE_UNIT ( ) );
#4068 = FACE_OUTER_BOUND ( 'NONE', #1929, .T. ) ;
#4069 = VERTEX_POINT ( 'NONE', #4270 ) ;
#4070 = CARTESIAN_POINT ( 'NONE',  ( 0.1199999952320000007, -0.2999999880790000240, 0.2000000039739999735 ) ) ;
#4071 = CIRCLE ( 'NONE', #3185, 0.1749999930459999742 ) ;
#4072 = CARTESIAN_POINT ( 'NONE',  ( 0.1199999952320000007, 0.4499999821190000526, 0.4499999940400000176 ) ) ;
#4073 = DIRECTION ( 'NONE',  ( 0.000000000000000000, 0.000000000000000000, -1.000000000000000000 ) ) ;
#4074 = ORIENTED_EDGE ( 'NONE', *, *, #2012, .T. ) ;
#4075 = LINE ( 'NONE', #1374, #1055 ) ;
#4076 = DIRECTION ( 'NONE',  ( 0.000000000000000000, 1.084202172486000036E-15, -1.000000000000000000 ) ) ;
#4077 = DIRECTION ( 'NONE',  ( 0.000000000000000000, -1.000000000000000000, 0.000000000000000000 ) ) ;
#4078 = PRESENTATION_LAYER_ASSIGNMENT (  '', '', ( #4267 ) ) ;
#4079 = ADVANCED_FACE ( 'NONE', ( #3780 ), #5101, .T. ) ;
#4080 = VERTEX_POINT ( 'NONE', #4789 ) ;
#4081 = TOROIDAL_SURFACE ( 'NONE', #3888, 0.1499999940400000287, 0.02499999900658999782 ) ;
#4082 = FACE_OUTER_BOUND ( 'NONE', #206, .T. ) ;
#4083 = LINE ( 'NONE', #2289, #2423 ) ;
#4084 = ORIENTED_EDGE ( 'NONE', *, *, #5438, .F. ) ;
#4085 = DIRECTION ( 'NONE',  ( 0.000000000000000000, 1.000000000000000000, 0.000000000000000000 ) ) ;
#4086 = CARTESIAN_POINT ( 'NONE',  ( -0.1199999952320000007, 0.4499999821190000526, 0.3499999980130000243 ) ) ;
#4087 = CYLINDRICAL_SURFACE ( 'NONE', #6007, 0.02499999900659001170 ) ;
#4088 = CARTESIAN_POINT ( 'NONE',  ( -0.3699999852979999893, -0.1399999944370000082, 1.192092891066999976E-08 ) ) ;
#4089 = CARTESIAN_POINT ( 'NONE',  ( 0.05999999761580999957, 0.2999999880790000240, 0.4499999940400000176 ) ) ;
#4090 = EDGE_LOOP ( 'NONE', ( #3367, #620, #5001, #5227 ) ) ;
#4091 = CARTESIAN_POINT ( 'NONE',  ( -0.05999999761580999957, -0.2999999880790000240, 0.5749999890720000062 ) ) ;
#4092 = VERTEX_POINT ( 'NONE', #3806 ) ;
#4093 = SURFACE_STYLE_FILL_AREA ( #5061 ) ;
#4094 = DIRECTION ( 'NONE',  ( -1.000000000000000000, 0.000000000000000000, 1.807003620808999850E-16 ) ) ;
#4095 = ADVANCED_FACE ( 'NONE', ( #5658 ), #1151, .T. ) ;
#4096 = CARTESIAN_POINT ( 'NONE',  ( 0.5999999761580000479, 0.4999999801319999770, 0.5999999880789999018 ) ) ;
#4097 = CARTESIAN_POINT ( 'NONE',  ( 0.1199999952320000007, 0.000000000000000000, 0.2000000039739999735 ) ) ;
#4098 = CARTESIAN_POINT ( 'NONE',  ( 0.1799999928469999955, -0.2999999880790000240, 0.2000000039739999735 ) ) ;
#4099 = EDGE_CURVE ( 'NONE', #5187, #4432, #5402, .T. ) ;
#4100 = CARTESIAN_POINT ( 'NONE',  ( 0.000000000000000000, 0.2999999880790000240, 0.5999999880789999018 ) ) ;
#4101 = ADVANCED_FACE ( 'NONE', ( #1871 ), #3310, .T. ) ;
#4102 = DIRECTION ( 'NONE',  ( 0.000000000000000000, -1.000000000000000000, 0.000000000000000000 ) ) ;
#4103 = CARTESIAN_POINT ( 'NONE',  ( -0.05999999761580999957, 0.2999999880790000240, 0.6249999870859999085 ) ) ;
#4104 = AXIS2_PLACEMENT_3D ( 'NONE', #3121, #1279, #1736 ) ;
#4105 = DIRECTION ( 'NONE',  ( 0.000000000000000000, -1.000000000000000000, 0.000000000000000000 ) ) ;
#4106 = SURFACE_STYLE_USAGE ( .BOTH. , #3582 ) ;
#4107 =( NAMED_UNIT ( * ) PLANE_ANGLE_UNIT ( ) SI_UNIT ( $, .RADIAN. ) );
#4108 = CARTESIAN_POINT ( 'NONE',  ( 0.1799999928469999955, 0.2999999880790000240, 0.4499999940400000176 ) ) ;
#4109 = CIRCLE ( 'NONE', #5557, 0.1749999930459999742 ) ;
#4110 = DIRECTION ( 'NONE',  ( 0.000000000000000000, 0.000000000000000000, 1.000000000000000000 ) ) ;
#4111 = LINE ( 'NONE', #2672, #660 ) ;
#4112 = ORIENTED_EDGE ( 'NONE', *, *, #1286, .T. ) ;
#4113 = DIRECTION ( 'NONE',  ( 0.000000000000000000, -3.614007241618000193E-16, -1.000000000000000000 ) ) ;
#4114 = VECTOR ( 'NONE', #4407, 1000.000000000000000 ) ;
#4115 = FACE_OUTER_BOUND ( 'NONE', #4330, .T. ) ;
#4116 = DIRECTION ( 'NONE',  ( 0.000000000000000000, 0.000000000000000000, -1.000000000000000000 ) ) ;
#4117 = ORIENTED_EDGE ( 'NONE', *, *, #3525, .T. ) ;
#4118 = VERTEX_POINT ( 'NONE', #33 ) ;
#4119 = PRESENTATION_LAYER_ASSIGNMENT (  '', '', ( #3327 ) ) ;
#4120 = SURFACE_SIDE_STYLE ('',( #3288 ) ) ;
#4121 = DIRECTION ( 'NONE',  ( -1.000000000000000000, 0.000000000000000000, 1.807003620808999850E-16 ) ) ;
#4122 = LINE ( 'NONE', #239, #1258 ) ;
#4123 = ORIENTED_EDGE ( 'NONE', *, *, #4212, .T. ) ;
#4124 = CIRCLE ( 'NONE', #46, 0.02499999900659001170 ) ;
#4125 = CARTESIAN_POINT ( 'NONE',  ( 0.1199999952320000007, 0.2999999880790000240, 0.4499999940400000176 ) ) ;
#4126 = CARTESIAN_POINT ( 'NONE',  ( 0.3699999852979999893, -0.1399999944370000082, 0.1000000079469999942 ) ) ;
#4127 = DIRECTION ( 'NONE',  ( 0.000000000000000000, 0.000000000000000000, -1.000000000000000000 ) ) ;
#4128 = ADVANCED_FACE ( 'NONE', ( #3374 ), #1748, .T. ) ;
#4129 = AXIS2_PLACEMENT_3D ( 'NONE', #4915, #2108, #1629 ) ;
#4130 = ADVANCED_FACE ( 'NONE', ( #5246 ), #1007, .F. ) ;
#4131 = PRESENTATION_STYLE_ASSIGNMENT (( #1790 ) ) ;
#4132 = PLANE ( 'NONE',  #5280 ) ;
#4133 = AXIS2_PLACEMENT_3D ( 'NONE', #1502, #5152, #3281 ) ;
#4134 = FACE_OUTER_BOUND ( 'NONE', #8, .T. ) ;
#4135 = CIRCLE ( 'NONE', #4536, 0.09999999602635999130 ) ;
#4136 = CLOSED_SHELL ( 'NONE', ( #5808, #4079, #1293, #6059, #5021, #1781, #2316, #5374, #2131, #2895, #781, #1635, #718, #1128, #5483, #4034, #3051, #3708 ) ) ;
#4137 = ADVANCED_FACE ( 'NONE', ( #404 ), #5893, .T. ) ;
#4138 = MECHANICAL_DESIGN_GEOMETRIC_PRESENTATION_REPRESENTATION (  '', ( #2353 ), #851 ) ;
#4139 = CARTESIAN_POINT ( 'NONE',  ( -0.1799999928469999955, 0.000000000000000000, 0.2000000039739999735 ) ) ;
#4140 = CARTESIAN_POINT ( 'NONE',  ( -0.1799999928469999955, -0.4249999831119999905, 0.4499999940400000176 ) ) ;
#4141 = CARTESIAN_POINT ( 'NONE',  ( -0.2699999892709999960, -0.2999999880790000240, 0.3499999980130000243 ) ) ;
#4142 = CARTESIAN_POINT ( 'NONE',  ( 0.3699999852979999893, 0.1399999944370000082, 0.1000000079469999942 ) ) ;
#4143 = EDGE_LOOP ( 'NONE', ( #4900, #4542, #2828, #1596 ) ) ;
#4144 = VECTOR ( 'NONE', #412, 1000.000000000000000 ) ;
#4145 = ORIENTED_EDGE ( 'NONE', *, *, #2259, .F. ) ;
#4146 = AXIS2_PLACEMENT_3D ( 'NONE', #1242, #2201, #3176 ) ;
#4147 = EDGE_CURVE ( 'NONE', #5565, #488, #5600, .T. ) ;
#4148 = MECHANICAL_DESIGN_GEOMETRIC_PRESENTATION_REPRESENTATION (  '', ( #3756 ), #4058 ) ;
#4149 = PRESENTATION_STYLE_ASSIGNMENT (( #871 ) ) ;
#4150 = DIRECTION ( 'NONE',  ( 0.000000000000000000, 0.000000000000000000, -1.000000000000000000 ) ) ;
#4151 = CARTESIAN_POINT ( 'NONE',  ( -0.05999999761580999957, 0.4499999821190000526, 0.4499999940400000176 ) ) ;
#4152 =( GEOMETRIC_REPRESENTATION_CONTEXT ( 3 ) GLOBAL_UNCERTAINTY_ASSIGNED_CONTEXT ( ( #2111 ) ) GLOBAL_UNIT_ASSIGNED_CONTEXT ( ( #3071, #2270, #4165 ) ) REPRESENTATION_CONTEXT ( 'NONE', 'WORKASPACE' ) );
#4153 = AXIS2_PLACEMENT_3D ( 'NONE', #1762, #2232, #5102 ) ;
#4154 = CARTESIAN_POINT ( 'NONE',  ( 0.000000000000000000, 0.000000000000000000, 0.5999999880789999018 ) ) ;
#4155 = DIRECTION ( 'NONE',  ( 0.000000000000000000, 0.000000000000000000, -1.000000000000000000 ) ) ;
#4156 = ORIENTED_EDGE ( 'NONE', *, *, #2136, .T. ) ;
#4157 = FACE_OUTER_BOUND ( 'NONE', #4412, .T. ) ;
#4158 = CARTESIAN_POINT ( 'NONE',  ( 0.1799999928469999955, 0.2999999880790000240, 0.2000000039739999735 ) ) ;
#4159 = VECTOR ( 'NONE', #1976, 1000.000000000000000 ) ;
#4160 = AXIS2_PLACEMENT_3D ( 'NONE', #988, #1452, #2807 ) ;
#4161 = CARTESIAN_POINT ( 'NONE',  ( 0.5999999761580000479, -0.1399999944370000082, 0.2000000039739999735 ) ) ;
#4162 = ADVANCED_FACE ( 'NONE', ( #1975 ), #1500, .T. ) ;
#4163 = CIRCLE ( 'NONE', #5831, 0.02499999900659001170 ) ;
#4164 = LINE ( 'NONE', #5620, #2950 ) ;
#4165 =( NAMED_UNIT ( * ) SI_UNIT ( $, .STERADIAN. ) SOLID_ANGLE_UNIT ( ) );
#4166 = DIRECTION ( 'NONE',  ( -0.7071067811865474617, 0.7071067811865474617, 0.000000000000000000 ) ) ;
#4167 = DIRECTION ( 'NONE',  ( 0.000000000000000000, 0.000000000000000000, -1.000000000000000000 ) ) ;
#4168 = ORIENTED_EDGE ( 'NONE', *, *, #4860, .T. ) ;
#4169 = DIRECTION ( 'NONE',  ( 0.000000000000000000, -1.000000000000000000, 0.000000000000000000 ) ) ;
#4170 = EDGE_LOOP ( 'NONE', ( #4757, #5591, #805, #1321, #4283, #4266 ) ) ;
#4171 = DIRECTION ( 'NONE',  ( -1.000000000000000000, 0.000000000000000000, 0.000000000000000000 ) ) ;
#4172 = ADVANCED_FACE ( 'NONE', ( #5853 ), #5202, .T. ) ;
#4173 = DIRECTION ( 'NONE',  ( 0.000000000000000000, 0.000000000000000000, -1.000000000000000000 ) ) ;
#4174 = ORIENTED_EDGE ( 'NONE', *, *, #479, .T. ) ;
#4175 = EDGE_LOOP ( 'NONE', ( #4063, #5820, #2734, #756 ) ) ;
#4176 = ORIENTED_EDGE ( 'NONE', *, *, #748, .T. ) ;
#4177 = ORIENTED_EDGE ( 'NONE', *, *, #5445, .F. ) ;
#4178 = DIRECTION ( 'NONE',  ( 0.000000000000000000, 0.000000000000000000, -1.000000000000000000 ) ) ;
#4179 = FACE_OUTER_BOUND ( 'NONE', #5315, .T. ) ;
#4180 = DIRECTION ( 'NONE',  ( -1.000000000000000000, 0.000000000000000000, 0.000000000000000000 ) ) ;
#4181 = PRESENTATION_STYLE_ASSIGNMENT (( #990 ) ) ;
#4182 = DIRECTION ( 'NONE',  ( 0.000000000000000000, 1.000000000000000000, 0.000000000000000000 ) ) ;
#4183 = CARTESIAN_POINT ( 'NONE',  ( 0.000000000000000000, 0.000000000000000000, 0.2000000039739999735 ) ) ;
#4184 = AXIS2_PLACEMENT_3D ( 'NONE', #656, #2508, #5875 ) ;
#4185 = EDGE_CURVE ( 'NONE', #669, #2803, #2514, .T. ) ;
#4186 = ORIENTED_EDGE ( 'NONE', *, *, #2012, .F. ) ;
#4187 = DIRECTION ( 'NONE',  ( 0.000000000000000000, -1.084202172486000036E-15, 1.000000000000000000 ) ) ;
#4188 =( NAMED_UNIT ( * ) SI_UNIT ( $, .STERADIAN. ) SOLID_ANGLE_UNIT ( ) );
#4189 = CIRCLE ( 'NONE', #1811, 0.09999999602635999130 ) ;
#4190 = DIRECTION ( 'NONE',  ( 0.000000000000000000, 0.000000000000000000, -1.000000000000000000 ) ) ;
#4191 = EDGE_LOOP ( 'NONE', ( #4812, #4257, #2816, #1832 ) ) ;
#4192 = DIRECTION ( 'NONE',  ( 0.000000000000000000, 0.000000000000000000, -1.000000000000000000 ) ) ;
#4193 = ORIENTED_EDGE ( 'NONE', *, *, #496, .T. ) ;
#4194 = ORIENTED_EDGE ( 'NONE', *, *, #2796, .T. ) ;
#4195 = AXIS2_PLACEMENT_3D ( 'NONE', #5136, #3324, #5195 ) ;
#4196 = EDGE_CURVE ( 'NONE', #4596, #2159, #4025, .T. ) ;
#4197 = EDGE_CURVE ( 'NONE', #1409, #5426, #5107, .T. ) ;
#4198 = DIRECTION ( 'NONE',  ( 0.000000000000000000, 1.084202172486000036E-15, -1.000000000000000000 ) ) ;
#4199 = CARTESIAN_POINT ( 'NONE',  ( -0.2049999918539999744, 0.4499999821190000526, 0.3499999980130000243 ) ) ;
#4200 = AXIS2_PLACEMENT_3D ( 'NONE', #307, #4102, #2716 ) ;
#4201 = CARTESIAN_POINT ( 'NONE',  ( 0.5999999761580000479, 0.1399999944370000082, 1.192092846658000078E-08 ) ) ;
#4202 = UNCERTAINTY_MEASURE_WITH_UNIT (LENGTH_MEASURE( 1.000000000000000082E-05 ), #872, 'distance_accuracy_value', 'NONE');
#4203 = ORIENTED_EDGE ( 'NONE', *, *, #3080, .F. ) ;
#4204 =( GEOMETRIC_REPRESENTATION_CONTEXT ( 3 ) GLOBAL_UNCERTAINTY_ASSIGNED_CONTEXT ( ( #3784 ) ) GLOBAL_UNIT_ASSIGNED_CONTEXT ( ( #1081, #1582, #1111 ) ) REPRESENTATION_CONTEXT ( 'NONE', 'WORKASPACE' ) );
#4205 = ADVANCED_FACE ( 'NONE', ( #662 ), #1574, .F. ) ;
#4206 = ORIENTED_EDGE ( 'NONE', *, *, #3826, .F. ) ;
#4207 = CARTESIAN_POINT ( 'NONE',  ( -0.1799999928469999955, 0.2999999880790000240, 0.5749999890720000062 ) ) ;
#4208 = DIRECTION ( 'NONE',  ( 0.000000000000000000, 0.000000000000000000, -1.000000000000000000 ) ) ;
#4209 = PLANE ( 'NONE',  #335 ) ;
#4210 = APPLICATION_PROTOCOL_DEFINITION ( 'draft international standard', 'automotive_design', 1998, #285 ) ;
#4211 = AXIS2_PLACEMENT_3D ( 'NONE', #6015, #3135, #2683 ) ;
#4212 = EDGE_CURVE ( 'NONE', #1247, #5768, #5406, .T. ) ;
#4213 = PLANE ( 'NONE',  #2181 ) ;
#4214 =( NAMED_UNIT ( * ) SI_UNIT ( $, .STERADIAN. ) SOLID_ANGLE_UNIT ( ) );
#4215 = FACE_OUTER_BOUND ( 'NONE', #1805, .T. ) ;
#4216 = FACE_OUTER_BOUND ( 'NONE', #4276, .T. ) ;
#4217 = VECTOR ( 'NONE', #5491, 1000.000000000000114 ) ;
#4218 = EDGE_LOOP ( 'NONE', ( #4758, #4702, #5243, #1407 ) ) ;
#4219 = CIRCLE ( 'NONE', #2244, 0.02499999900659001170 ) ;
#4220 = CARTESIAN_POINT ( 'NONE',  ( 0.000000000000000000, -0.2999999880790000240, 0.5999999880789999018 ) ) ;
#4221 = CARTESIAN_POINT ( 'NONE',  ( -0.2699999892709999960, 0.2399999904629999958, 0.1000000079469999942 ) ) ;
#4222 = VECTOR ( 'NONE', #573, 1000.000000000000000 ) ;
#4223 =( GEOMETRIC_REPRESENTATION_CONTEXT ( 3 ) GLOBAL_UNCERTAINTY_ASSIGNED_CONTEXT ( ( #4202 ) ) GLOBAL_UNIT_ASSIGNED_CONTEXT ( ( #872, #5037, #4067 ) ) REPRESENTATION_CONTEXT ( 'NONE', 'WORKASPACE' ) );
#4224 = LINE ( 'NONE', #429, #3061 ) ;
#4225 = PLANE ( 'NONE',  #630 ) ;
#4226 = ORIENTED_EDGE ( 'NONE', *, *, #3525, .F. ) ;
#4227 = CARTESIAN_POINT ( 'NONE',  ( -0.1199999952320000007, -0.2999999880790000240, 0.4499999940400000176 ) ) ;
#4228 = VERTEX_POINT ( 'NONE', #4909 ) ;
#4229 = ORIENTED_EDGE ( 'NONE', *, *, #3688, .F. ) ;
#4230 = AXIS2_PLACEMENT_3D ( 'NONE', #3684, #5949, #4660 ) ;
#4231 = VECTOR ( 'NONE', #785, 1000.000000000000000 ) ;
#4232 = ORIENTED_EDGE ( 'NONE', *, *, #3372, .T. ) ;
#4233 = CARTESIAN_POINT ( 'NONE',  ( 0.5999999761580000479, 0.1399999944370000082, 0.2000000039739999735 ) ) ;
#4234 = CARTESIAN_POINT ( 'NONE',  ( 0.3699999852979999893, 0.1399999944370000082, 1.192092846658000078E-08 ) ) ;
#4235 = PRESENTATION_LAYER_ASSIGNMENT (  '', '', ( #4832 ) ) ;
#4236 = EDGE_LOOP ( 'NONE', ( #5758, #4401, #2133, #1381, #4537, #5077 ) ) ;
#4237 = VERTEX_POINT ( 'NONE', #4461 ) ;
#4238 = EDGE_CURVE ( 'NONE', #4777, #3601, #5586, .T. ) ;
#4239 = ORIENTED_EDGE ( 'NONE', *, *, #4256, .F. ) ;
#4240 = ADVANCED_FACE ( 'NONE', ( #3072 ), #5987, .T. ) ;
#4241 = VECTOR ( 'NONE', #3606, 1000.000000000000000 ) ;
#4242 = ORIENTED_EDGE ( 'NONE', *, *, #5449, .T. ) ;
#4243 = CARTESIAN_POINT ( 'NONE',  ( 0.1799999928469999955, 0.000000000000000000, 0.2000000039739999735 ) ) ;
#4244 = VERTEX_POINT ( 'NONE', #3503 ) ;
#4245 = CIRCLE ( 'NONE', #1578, 0.1749999930459999464 ) ;
#4247 = VERTEX_POINT ( 'NONE', #2036 ) ;
#4246 =( NAMED_UNIT ( * ) SI_UNIT ( $, .STERADIAN. ) SOLID_ANGLE_UNIT ( ) );
#4248 = DIRECTION ( 'NONE',  ( 1.000000000000000000, 0.000000000000000000, 0.000000000000000000 ) ) ;
#4249 = EDGE_CURVE ( 'NONE', #5768, #5652, #695, .T. ) ;
#4250 = CIRCLE ( 'NONE', #5910, 0.02499999900659001170 ) ;
#4251 = DIRECTION ( 'NONE',  ( 0.000000000000000000, 0.000000000000000000, -1.000000000000000000 ) ) ;
#4252 = DIRECTION ( 'NONE',  ( 0.000000000000000000, 0.000000000000000000, 1.000000000000000000 ) ) ;
#4253 = DIRECTION ( 'NONE',  ( 0.000000000000000000, 1.084202172486000036E-15, -1.000000000000000000 ) ) ;
#4254 = CARTESIAN_POINT ( 'NONE',  ( -0.05999999761580999957, -0.2999999880790000240, 0.4499999940400000176 ) ) ;
#4255 = CIRCLE ( 'NONE', #978, 0.1249999950329999943 ) ;
#4256 = EDGE_CURVE ( 'NONE', #3336, #5237, #225, .T. ) ;
#4257 = ORIENTED_EDGE ( 'NONE', *, *, #100, .T. ) ;
#4258 = ORIENTED_EDGE ( 'NONE', *, *, #4519, .F. ) ;
#4259 = DIRECTION ( 'NONE',  ( 0.000000000000000000, 0.000000000000000000, 1.000000000000000000 ) ) ;
#4260 = DIRECTION ( 'NONE',  ( 0.000000000000000000, 0.000000000000000000, -1.000000000000000000 ) ) ;
#4261 = CIRCLE ( 'NONE', #4372, 0.02499999900659001170 ) ;
#4262 = SURFACE_STYLE_FILL_AREA ( #4323 ) ;
#4263 = CARTESIAN_POINT ( 'NONE',  ( -0.2699999892709999960, 0.4999999801319999770, 0.1000000079469999942 ) ) ;
#4264 = EDGE_LOOP ( 'NONE', ( #95, #3995, #2399, #3284 ) ) ;
#4265 = DIRECTION ( 'NONE',  ( 0.000000000000000000, 0.000000000000000000, 1.000000000000000000 ) ) ;
#4266 = ORIENTED_EDGE ( 'NONE', *, *, #3918, .T. ) ;
#4267 = STYLED_ITEM ( 'NONE', ( #3696 ), #4806 ) ;
#4268 = CIRCLE ( 'NONE', #3384, 0.02499999900659001170 ) ;
#4269 = CARTESIAN_POINT ( 'NONE',  ( 0.2699999892709999960, 0.4999999801319999770, 0.1000000079469999942 ) ) ;
#4270 = CARTESIAN_POINT ( 'NONE',  ( -0.2242889921489999994, -0.2437334591960000074, 0.7999999801320000214 ) ) ;
#4271 = LINE ( 'NONE', #5733, #4370 ) ;
#4272 = DIRECTION ( 'NONE',  ( 0.000000000000000000, 0.000000000000000000, -1.000000000000000000 ) ) ;
#4273 = DIRECTION ( 'NONE',  ( 0.000000000000000000, 1.000000000000000000, 0.000000000000000000 ) ) ;
#4274 = ORIENTED_EDGE ( 'NONE', *, *, #5360, .T. ) ;
#4275 = VERTEX_POINT ( 'NONE', #5884 ) ;
#4276 = EDGE_LOOP ( 'NONE', ( #1097, #4325, #1738, #5755 ) ) ;
#4277 = UNCERTAINTY_MEASURE_WITH_UNIT (LENGTH_MEASURE( 1.000000000000000082E-05 ), #310, 'distance_accuracy_value', 'NONE');
#4278 = EDGE_LOOP ( 'NONE', ( #5759, #2722, #1782, #655, #1234 ) ) ;
#4279 = DIRECTION ( 'NONE',  ( 0.000000000000000000, -1.000000000000000000, 0.000000000000000000 ) ) ;
#4280 = EDGE_CURVE ( 'NONE', #578, #4569, #5431, .T. ) ;
#4281 = CARTESIAN_POINT ( 'NONE',  ( -0.2699999892709999960, -0.2399999904629999958, 1.192092846658000078E-08 ) ) ;
#4283 = ORIENTED_EDGE ( 'NONE', *, *, #5163, .F. ) ;
#4282 = CARTESIAN_POINT ( 'NONE',  ( 0.05999999761580999957, 0.4499999821190000526, 0.3499999980130000243 ) ) ;
#4284 = ADVANCED_FACE ( 'NONE', ( #2271 ), #2763, .T. ) ;
#4285 = EDGE_CURVE ( 'NONE', #2009, #4360, #2189, .T. ) ;
#4286 = VERTEX_POINT ( 'NONE', #2725 ) ;
#4287 = DIRECTION ( 'NONE',  ( 0.000000000000000000, -1.000000000000000000, 0.000000000000000000 ) ) ;
#4288 = DIRECTION ( 'NONE',  ( -1.000000000000000000, 0.000000000000000000, 1.807003620808999850E-16 ) ) ;
#4289 = ORIENTED_EDGE ( 'NONE', *, *, #926, .T. ) ;
#4290 = VERTEX_POINT ( 'NONE', #341 ) ;
#4291 = CARTESIAN_POINT ( 'NONE',  ( 0.1799999928469999955, 0.000000000000000000, 0.2250000029800000023 ) ) ;
#4292 = CARTESIAN_POINT ( 'NONE',  ( 0.5999999761580000479, 0.1399999944370000082, 1.192092879965000017E-08 ) ) ;
#4293 = CARTESIAN_POINT ( 'NONE',  ( -0.1799999928469999955, -0.2999999880790000240, 0.6249999870859999085 ) ) ;
#4294 = CARTESIAN_POINT ( 'NONE',  ( 0.2699999892709999960, 0.1399999944370000082, 1.192092846658000078E-08 ) ) ;
#4295 = ORIENTED_EDGE ( 'NONE', *, *, #5685, .T. ) ;
#4296 = DIRECTION ( 'NONE',  ( 3.252606517456999931E-16, 0.000000000000000000, 1.000000000000000000 ) ) ;
#4297 = ORIENTED_EDGE ( 'NONE', *, *, #2810, .F. ) ;
#4298 = EDGE_LOOP ( 'NONE', ( #1358, #4598, #2478, #2601, #3333, #1475 ) ) ;
#4299 = AXIS2_PLACEMENT_3D ( 'NONE', #2097, #4963, #1150 ) ;
#4300 = EDGE_CURVE ( 'NONE', #5218, #6103, #4572, .T. ) ;
#4301 = DIRECTION ( 'NONE',  ( 0.000000000000000000, 0.000000000000000000, -1.000000000000000000 ) ) ;
#4302 = CARTESIAN_POINT ( 'NONE',  ( 0.1799999928469999955, 0.2999999880790000240, 0.5999999880789999018 ) ) ;
#4303 = LINE ( 'NONE', #3282, #3941 ) ;
#4304 = ORIENTED_EDGE ( 'NONE', *, *, #862, .F. ) ;
#4305 = ORIENTED_EDGE ( 'NONE', *, *, #2337, .T. ) ;
#4306 = ORIENTED_EDGE ( 'NONE', *, *, #2784, .F. ) ;
#4307 = CARTESIAN_POINT ( 'NONE',  ( 0.000000000000000000, 0.000000000000000000, 1.192092846658000078E-08 ) ) ;
#4308 = AXIS2_PLACEMENT_3D ( 'NONE', #3358, #1022, #2808 ) ;
#4309 = SURFACE_SIDE_STYLE ('',( #1986 ) ) ;
#4311 = ORIENTED_EDGE ( 'NONE', *, *, #5401, .T. ) ;
#4310 = DIRECTION ( 'NONE',  ( 0.000000000000000000, 0.000000000000000000, -1.000000000000000000 ) ) ;
#4312 =( GEOMETRIC_REPRESENTATION_CONTEXT ( 3 ) GLOBAL_UNCERTAINTY_ASSIGNED_CONTEXT ( ( #408 ) ) GLOBAL_UNIT_ASSIGNED_CONTEXT ( ( #3354, #3291, #4246 ) ) REPRESENTATION_CONTEXT ( 'NONE', 'WORKASPACE' ) );
#4313 = FACE_OUTER_BOUND ( 'NONE', #5633, .T. ) ;
#4314 = LINE ( 'NONE', #5327, #4819 ) ;
#4315 = CARTESIAN_POINT ( 'NONE',  ( 0.1799999928469999955, -0.4249999831119999905, 0.4499999940400000176 ) ) ;
#4316 = DIRECTION ( 'NONE',  ( 0.000000000000000000, 1.000000000000000000, 0.000000000000000000 ) ) ;
#4317 = EDGE_CURVE ( 'NONE', #2769, #3379, #722, .T. ) ;
#4318 = EDGE_CURVE ( 'NONE', #2694, #2769, #1287, .T. ) ;
#4319 = VERTEX_POINT ( 'NONE', #3102 ) ;
#4320 = AXIS2_PLACEMENT_3D ( 'NONE', #2668, #287, #4592 ) ;
#4321 = EDGE_LOOP ( 'NONE', ( #1332, #1394, #3313, #5141 ) ) ;
#4322 = DIRECTION ( 'NONE',  ( -1.000000000000000000, 0.000000000000000000, 0.000000000000000000 ) ) ;
#4323 = FILL_AREA_STYLE ('',( #5650 ) ) ;
#4324 = LINE ( 'NONE', #6088, #5522 ) ;
#4325 = ORIENTED_EDGE ( 'NONE', *, *, #3298, .T. ) ;
#4326 = CARTESIAN_POINT ( 'NONE',  ( -0.1799999928469999955, 0.2999999880790000240, 0.4499999940400000176 ) ) ;
#4327 = AXIS2_PLACEMENT_3D ( 'NONE', #3985, #3958, #5865 ) ;
#4328 = EDGE_LOOP ( 'NONE', ( #5667, #2589, #2937, #5573, #228, #5664 ) ) ;
#4329 = EDGE_CURVE ( 'NONE', #452, #1267, #950, .T. ) ;
#4330 = EDGE_LOOP ( 'NONE', ( #3346, #2067, #2546, #1114, #235, #4853 ) ) ;
#4331 = ORIENTED_EDGE ( 'NONE', *, *, #1885, .T. ) ;
#4332 = ORIENTED_EDGE ( 'NONE', *, *, #5210, .F. ) ;
#4333 = AXIS2_PLACEMENT_3D ( 'NONE', #1167, #5891, #5351 ) ;
#4334 = DIRECTION ( 'NONE',  ( 0.000000000000000000, 0.000000000000000000, 1.000000000000000000 ) ) ;
#4335 = CARTESIAN_POINT ( 'NONE',  ( -0.05999999761580999957, -0.2999999880790000240, 0.3499999980130000243 ) ) ;
#4336 = CARTESIAN_POINT ( 'NONE',  ( 0.3699999852979999893, -0.1399999944370000082, 1.192092868861999997E-08 ) ) ;
#4337 = DIRECTION ( 'NONE',  ( -1.000000000000000000, 0.000000000000000000, 0.000000000000000000 ) ) ;
#4338 = DIRECTION ( 'NONE',  ( 0.000000000000000000, 0.000000000000000000, -1.000000000000000000 ) ) ;
#4339 = ORIENTED_EDGE ( 'NONE', *, *, #2464, .T. ) ;
#4340 = VECTOR ( 'NONE', #5796, 1000.000000000000000 ) ;
#4341 = ORIENTED_EDGE ( 'NONE', *, *, #5954, .F. ) ;
#4343 = UNCERTAINTY_MEASURE_WITH_UNIT (LENGTH_MEASURE( 1.000000000000000082E-05 ), #1175, 'distance_accuracy_value', 'NONE');
#4342 = AXIS2_PLACEMENT_3D ( 'NONE', #132, #5827, #2579 ) ;
#4344 = EDGE_CURVE ( 'NONE', #5400, #212, #4135, .T. ) ;
#4345 = ORIENTED_EDGE ( 'NONE', *, *, #2391, .F. ) ;
#4346 = AXIS2_PLACEMENT_3D ( 'NONE', #2333, #564, #2883 ) ;
#4347 = DIRECTION ( 'NONE',  ( 1.000000000000000000, 0.000000000000000000, -1.807003620808999850E-16 ) ) ;
#4348 = AXIS2_PLACEMENT_3D ( 'NONE', #5112, #1463, #2790 ) ;
#4349 = CARTESIAN_POINT ( 'NONE',  ( -0.5999999761580000479, 0.4999999801319999770, 0.5999999880789999018 ) ) ;
#4351 = ORIENTED_EDGE ( 'NONE', *, *, #1621, .T. ) ;
#4350 = FACE_OUTER_BOUND ( 'NONE', #2406, .T. ) ;
#4352 = AXIS2_PLACEMENT_3D ( 'NONE', #4888, #1690, #700 ) ;
#4353 = MECHANICAL_DESIGN_GEOMETRIC_PRESENTATION_REPRESENTATION (  '', ( #1643 ), #2254 ) ;
#4354 = CIRCLE ( 'NONE', #2870, 0.02499999900659001170 ) ;
#4355 = DIRECTION ( 'NONE',  ( 0.000000000000000000, 0.000000000000000000, -1.000000000000000000 ) ) ;
#4356 = DIRECTION ( 'NONE',  ( 0.000000000000000000, -3.614007241618000193E-16, -1.000000000000000000 ) ) ;
#4357 = CARTESIAN_POINT ( 'NONE',  ( -0.1799999928469999955, -0.4499999821190000526, 0.3499999980130000243 ) ) ;
#4358 = CARTESIAN_POINT ( 'NONE',  ( -0.5999999761580000479, -0.1399999944370000082, 0.1000000079469999942 ) ) ;
#4359 = AXIS2_PLACEMENT_3D ( 'NONE', #752, #833, #2669 ) ;
#4360 = VERTEX_POINT ( 'NONE', #2635 ) ;
#4361 = LINE ( 'NONE', #4810, #5497 ) ;
#4362 = FACE_OUTER_BOUND ( 'NONE', #3717, .T. ) ;
#4363 = EDGE_CURVE ( 'NONE', #868, #4949, #1223, .T. ) ;
#4364 = VECTOR ( 'NONE', #6025, 1000.000000000000000 ) ;
#4365 =( NAMED_UNIT ( * ) PLANE_ANGLE_UNIT ( ) SI_UNIT ( $, .RADIAN. ) );
#4366 = CARTESIAN_POINT ( 'NONE',  ( -0.5999999761580000479, -0.1399999944370000082, 1.192092846658000078E-08 ) ) ;
#4367 = ORIENTED_EDGE ( 'NONE', *, *, #3187, .F. ) ;
#4368 = CARTESIAN_POINT ( 'NONE',  ( 0.3699999852979999893, 0.1399999944370000082, 0.2000000039739999735 ) ) ;
#4369 = VERTEX_POINT ( 'NONE', #5915 ) ;
#4370 = VECTOR ( 'NONE', #3914, 1000.000000000000000 ) ;
#4371 = ORIENTED_EDGE ( 'NONE', *, *, #674, .F. ) ;
#4372 = AXIS2_PLACEMENT_3D ( 'NONE', #2809, #4745, #5137 ) ;
#4373 = SURFACE_STYLE_USAGE ( .BOTH. , #4486 ) ;
#4374 = LINE ( 'NONE', #4336, #4159 ) ;
#4375 = DIRECTION ( 'NONE',  ( 0.000000000000000000, 0.000000000000000000, 1.000000000000000000 ) ) ;
#4376 = ORIENTED_EDGE ( 'NONE', *, *, #5774, .F. ) ;
#4377 = EDGE_LOOP ( 'NONE', ( #5147, #1899, #382, #6050, #3821 ) ) ;
#4378 = FACE_OUTER_BOUND ( 'NONE', #5379, .T. ) ;
#4379 = EDGE_CURVE ( 'NONE', #1725, #3400, #3160, .T. ) ;
#4380 = DIRECTION ( 'NONE',  ( 0.000000000000000000, 1.000000000000000000, 0.000000000000000000 ) ) ;
#4382 = ORIENTED_EDGE ( 'NONE', *, *, #5546, .T. ) ;
#4381 = CARTESIAN_POINT ( 'NONE',  ( -0.05999999761580999957, -0.4499999821190000526, 0.4499999940400000176 ) ) ;
#4383 = CIRCLE ( 'NONE', #698, 0.02499999900659001170 ) ;
#4384 = LINE ( 'NONE', #2020, #6077 ) ;
#4385 = DIRECTION ( 'NONE',  ( 0.000000000000000000, -1.084202172486000036E-15, 1.000000000000000000 ) ) ;
#4386 =( LENGTH_UNIT ( ) NAMED_UNIT ( * ) SI_UNIT ( .MILLI., .METRE. ) );
#4387 = CARTESIAN_POINT ( 'NONE',  ( 0.05999999761580999957, 0.4499999821190000526, 0.4499999940400000176 ) ) ;
#4388 = ORIENTED_EDGE ( 'NONE', *, *, #1207, .F. ) ;
#4389 = DIRECTION ( 'NONE',  ( 0.000000000000000000, 0.000000000000000000, -1.000000000000000000 ) ) ;
#4390 = DIRECTION ( 'NONE',  ( 0.000000000000000000, -1.000000000000000000, 0.000000000000000000 ) ) ;
#4391 = ORIENTED_EDGE ( 'NONE', *, *, #3723, .F. ) ;
#4392 = CARTESIAN_POINT ( 'NONE',  ( 0.2699999892709999960, 0.4999999801319999770, 0.1000000079469999942 ) ) ;
#4393 = EDGE_CURVE ( 'NONE', #5065, #6057, #6033, .T. ) ;
#4394 = VERTEX_POINT ( 'NONE', #5974 ) ;
#4395 = EDGE_LOOP ( 'NONE', ( #952, #4573, #2332, #4987 ) ) ;
#4396 = FILL_AREA_STYLE ('',( #4428 ) ) ;
#4397 = CARTESIAN_POINT ( 'NONE',  ( 0.000000000000000000, -0.4749999811250000259, 0.4499999940400000176 ) ) ;
#4398 = CARTESIAN_POINT ( 'NONE',  ( 0.000000000000000000, -0.4499999821190000526, 0.4499999940400000176 ) ) ;
#4399 = LINE ( 'NONE', #3040, #1646 ) ;
#4400 = DIRECTION ( 'NONE',  ( 0.000000000000000000, 0.000000000000000000, -1.000000000000000000 ) ) ;
#4401 = ORIENTED_EDGE ( 'NONE', *, *, #1817, .F. ) ;
#4402 = EDGE_CURVE ( 'NONE', #5541, #1776, #4111, .T. ) ;
#4403 = CIRCLE ( 'NONE', #1875, 0.02499999900659001170 ) ;
#4404 = EDGE_CURVE ( 'NONE', #3498, #4069, #5018, .T. ) ;
#4405 = ORIENTED_EDGE ( 'NONE', *, *, #1809, .F. ) ;
#4406 = DIRECTION ( 'NONE',  ( 0.000000000000000000, 0.000000000000000000, -1.000000000000000000 ) ) ;
#4407 = DIRECTION ( 'NONE',  ( 0.000000000000000000, 1.000000000000000000, 0.000000000000000000 ) ) ;
#4408 = UNCERTAINTY_MEASURE_WITH_UNIT (LENGTH_MEASURE( 1.000000000000000082E-05 ), #5882, 'distance_accuracy_value', 'NONE');
#4409 = ADVANCED_FACE ( 'NONE', ( #4515 ), #5800, .T. ) ;
#4410 = CIRCLE ( 'NONE', #4986, 0.1174585588670000180 ) ;
#4411 = CARTESIAN_POINT ( 'NONE',  ( 0.2699999892709999960, -0.4999999801319999770, 0.1000000079469999942 ) ) ;
#4412 = EDGE_LOOP ( 'NONE', ( #6105, #5122, #3736, #425, #3432, #4074 ) ) ;
#4413 = DIRECTION ( 'NONE',  ( -1.000000000000000000, 0.000000000000000000, 0.000000000000000000 ) ) ;
#4414 = CARTESIAN_POINT ( 'NONE',  ( -0.05999999761580999957, -0.2999999880790000240, 0.5999999880789999018 ) ) ;
#4415 = CARTESIAN_POINT ( 'NONE',  ( 0.1199999952320000007, 0.2999999880790000240, 0.5999999880789999018 ) ) ;
#4416 = ORIENTED_EDGE ( 'NONE', *, *, #3967, .T. ) ;
#4417 = STYLED_ITEM ( 'NONE', ( #4643 ), #2576 ) ;
#4418 = EDGE_CURVE ( 'NONE', #5426, #1409, #3157, .T. ) ;
#4419 = VERTEX_POINT ( 'NONE', #5539 ) ;
#4420 = VECTOR ( 'NONE', #5121, 1000.000000000000000 ) ;
#4421 = DIRECTION ( 'NONE',  ( -1.000000000000000000, 0.000000000000000000, 0.000000000000000000 ) ) ;
#4422 = DIRECTION ( 'NONE',  ( 0.000000000000000000, 0.000000000000000000, 1.000000000000000000 ) ) ;
#4423 = PLANE ( 'NONE',  #5761 ) ;
#4424 = ORIENTED_EDGE ( 'NONE', *, *, #1541, .T. ) ;
#4425 = PLANE ( 'NONE',  #1316 ) ;
#4426 = VECTOR ( 'NONE', #339, 1000.000000000000000 ) ;
#4427 = ORIENTED_EDGE ( 'NONE', *, *, #1730, .T. ) ;
#4428 = FILL_AREA_STYLE_COLOUR ( '', #865 ) ;
#4429 =( GEOMETRIC_REPRESENTATION_CONTEXT ( 3 ) GLOBAL_UNCERTAINTY_ASSIGNED_CONTEXT ( ( #1980 ) ) GLOBAL_UNIT_ASSIGNED_CONTEXT ( ( #516, #3893, #2865 ) ) REPRESENTATION_CONTEXT ( 'NONE', 'WORKASPACE' ) );
#4430 = DIRECTION ( 'NONE',  ( -1.000000000000000000, 0.000000000000000000, 0.000000000000000000 ) ) ;
#4431 = CARTESIAN_POINT ( 'NONE',  ( 0.000000000000000000, -0.1399999944370000082, 0.1000000079469999942 ) ) ;
#4432 = VERTEX_POINT ( 'NONE', #5454 ) ;
#4433 = AXIS2_PLACEMENT_3D ( 'NONE', #1752, #1294, #2730 ) ;
#4434 = FILL_AREA_STYLE_COLOUR ( '', #5902 ) ;
#4435 = CARTESIAN_POINT ( 'NONE',  ( -0.2699999892709999960, -0.1399999944370000082, 1.192092846658000078E-08 ) ) ;
#4436 = EDGE_CURVE ( 'NONE', #5207, #3010, #2246, .T. ) ;
#4437 = VECTOR ( 'NONE', #2129, 1000.000000000000000 ) ;
#4438 = EDGE_CURVE ( 'NONE', #2819, #2488, #4724, .T. ) ;
#4440 = ORIENTED_EDGE ( 'NONE', *, *, #4363, .F. ) ;
#4439 = DIRECTION ( 'NONE',  ( 1.000000000000000000, 0.000000000000000000, 0.000000000000000000 ) ) ;
#4441 = EDGE_LOOP ( 'NONE', ( #2100, #5876, #1492, #981 ) ) ;
#4442 = CLOSED_SHELL ( 'NONE', ( #1173, #1591, #2197, #3044, #3580, #5028, #424, #376, #1348, #3845, #4523, #5850, #6115, #400, #4137, #5856, #4172, #4064 ) ) ;
#4443 = VECTOR ( 'NONE', #2675, 1000.000000000000000 ) ;
#4444 = FILL_AREA_STYLE ('',( #3088 ) ) ;
#4445 = DIRECTION ( 'NONE',  ( -3.252606517456999931E-16, 0.000000000000000000, -1.000000000000000000 ) ) ;
#4446 = MECHANICAL_DESIGN_GEOMETRIC_PRESENTATION_REPRESENTATION (  '', ( #1960 ), #5500 ) ;
#4447 = DIRECTION ( 'NONE',  ( 0.000000000000000000, 0.000000000000000000, -1.000000000000000000 ) ) ;
#4448 = DIRECTION ( 'NONE',  ( 0.000000000000000000, 0.000000000000000000, 1.000000000000000000 ) ) ;
#4449 = STYLED_ITEM ( 'NONE', ( #5533 ), #4650 ) ;
#4450 = ORIENTED_EDGE ( 'NONE', *, *, #3663, .F. ) ;
#4451 = CARTESIAN_POINT ( 'NONE',  ( -0.1799999928469999955, 0.4749999811250000259, 0.4499999940400000176 ) ) ;
#4452 = DIRECTION ( 'NONE',  ( -1.000000000000000000, 2.521400401128999817E-16, 0.000000000000000000 ) ) ;
#4453 = EDGE_CURVE ( 'NONE', #5702, #488, #4059, .T. ) ;
#4454 = LINE ( 'NONE', #5847, #1026 ) ;
#4455 = ORIENTED_EDGE ( 'NONE', *, *, #4732, .T. ) ;
#4456 = FACE_OUTER_BOUND ( 'NONE', #4738, .T. ) ;
#4457 = VECTOR ( 'NONE', #5477, 1000.000000000000000 ) ;
#4458 = ORIENTED_EDGE ( 'NONE', *, *, #5929, .T. ) ;
#4459 = CIRCLE ( 'NONE', #4938, 0.1749999930459999464 ) ;
#4460 = DIRECTION ( 'NONE',  ( 0.000000000000000000, -3.614007241618000193E-16, -1.000000000000000000 ) ) ;
#4461 = CARTESIAN_POINT ( 'NONE',  ( 0.1799999928469999955, -0.4749999811250000259, 0.3499999980130000243 ) ) ;
#4462 = FACE_OUTER_BOUND ( 'NONE', #2125, .T. ) ;
#4463 = DIRECTION ( 'NONE',  ( 1.000000000000000000, 0.000000000000000000, 0.000000000000000000 ) ) ;
#4464 = AXIS2_PLACEMENT_3D ( 'NONE', #1549, #5840, #4800 ) ;
#4465 = AXIS2_PLACEMENT_3D ( 'NONE', #5764, #4857, #2006 ) ;
#4466 = DIRECTION ( 'NONE',  ( 0.000000000000000000, 0.000000000000000000, 1.000000000000000000 ) ) ;
#4467 = CARTESIAN_POINT ( 'NONE',  ( -3.061616876211000089E-18, -0.4249999831119999905, 0.3499999980130000243 ) ) ;
#4468 = PRESENTATION_LAYER_ASSIGNMENT (  '', '', ( #200 ) ) ;
#4470 = ORIENTED_EDGE ( 'NONE', *, *, #5824, .T. ) ;
#4469 = DIRECTION ( 'NONE',  ( 0.000000000000000000, 1.084202172486000036E-15, -1.000000000000000000 ) ) ;
#4471 = EDGE_CURVE ( 'NONE', #4244, #5982, #866, .T. ) ;
#4472 = CARTESIAN_POINT ( 'NONE',  ( 0.05999999761580999957, 0.000000000000000000, 0.2000000039739999735 ) ) ;
#4473 = CARTESIAN_POINT ( 'NONE',  ( -0.1199999952320000007, 0.2999999880790000240, 0.5749999890720000062 ) ) ;
#4474 = DIRECTION ( 'NONE',  ( 1.000000000000000000, 0.000000000000000000, 0.000000000000000000 ) ) ;
#4475 = TOROIDAL_SURFACE ( 'NONE', #5731, 0.1499999940400000287, 0.02499999900658999782 ) ;
#4476 = VERTEX_POINT ( 'NONE', #1894 ) ;
#4477 = CARTESIAN_POINT ( 'NONE',  ( -0.05999999761580999957, 0.2999999880790000240, 0.5999999880789999018 ) ) ;
#4478 = ORIENTED_EDGE ( 'NONE', *, *, #899, .T. ) ;
#4479 = EDGE_CURVE ( 'NONE', #61, #3200, #2403, .T. ) ;
#4480 = EDGE_CURVE ( 'NONE', #1365, #5237, #4224, .T. ) ;
#4481 = DIRECTION ( 'NONE',  ( 0.000000000000000000, -1.000000000000000000, 0.000000000000000000 ) ) ;
#4482 =( NAMED_UNIT ( * ) PLANE_ANGLE_UNIT ( ) SI_UNIT ( $, .RADIAN. ) );
#4483 = CARTESIAN_POINT ( 'NONE',  ( 0.2699999892709999960, 0.2999999880790000240, 0.3499999980130000243 ) ) ;
#4484 = SURFACE_STYLE_FILL_AREA ( #3907 ) ;
#4485 = VERTEX_POINT ( 'NONE', #4293 ) ;
#4486 = SURFACE_SIDE_STYLE ('',( #4822 ) ) ;
#4487 = DIRECTION ( 'NONE',  ( 0.000000000000000000, 0.000000000000000000, 1.000000000000000000 ) ) ;
#4488 = DIRECTION ( 'NONE',  ( 0.000000000000000000, -1.000000000000000000, 0.000000000000000000 ) ) ;
#4489 = EDGE_CURVE ( 'NONE', #3802, #1993, #5686, .T. ) ;
#4490 = ORIENTED_EDGE ( 'NONE', *, *, #5096, .F. ) ;
#4491 = CARTESIAN_POINT ( 'NONE',  ( -0.05999999761580999957, 0.000000000000000000, 0.2000000039739999735 ) ) ;
#4492 = DIRECTION ( 'NONE',  ( 3.252606517456999931E-16, 0.000000000000000000, 1.000000000000000000 ) ) ;
#4493 = CARTESIAN_POINT ( 'NONE',  ( 0.2699999892709999960, -0.4999999801319999770, 0.1000000079469999942 ) ) ;
#4494 = VERTEX_POINT ( 'NONE', #3769 ) ;
#4495 = VERTEX_POINT ( 'NONE', #6087 ) ;
#4496 = ORIENTED_EDGE ( 'NONE', *, *, #3539, .T. ) ;
#4497 = DIRECTION ( 'NONE',  ( 0.000000000000000000, 1.000000000000000000, 0.000000000000000000 ) ) ;
#4498 = AXIS2_PLACEMENT_3D ( 'NONE', #4055, #5451, #282 ) ;
#4499 = FACE_OUTER_BOUND ( 'NONE', #5985, .T. ) ;
#4500 = CARTESIAN_POINT ( 'NONE',  ( 0.05999999761580999957, -0.4749999811250000259, 0.4499999940400000176 ) ) ;
#4501 = SURFACE_STYLE_FILL_AREA ( #3514 ) ;
#4502 = SURFACE_STYLE_USAGE ( .BOTH. , #5938 ) ;
#4503 = CARTESIAN_POINT ( 'NONE',  ( -0.1799999928469999955, 0.4749999811250000259, 0.3499999980130000243 ) ) ;
#4504 = PRESENTATION_LAYER_ASSIGNMENT (  '', '', ( #3034 ) ) ;
#4505 = SURFACE_SIDE_STYLE ('',( #5966 ) ) ;
#4506 = CARTESIAN_POINT ( 'NONE',  ( -0.09499999622504000374, 0.4499999821190000526, 0.4499999940400000176 ) ) ;
#4507 = DIRECTION ( 'NONE',  ( 0.000000000000000000, -1.000000000000000000, 0.000000000000000000 ) ) ;
#4508 = EDGE_CURVE ( 'NONE', #1689, #2818, #1862, .T. ) ;
#4509 = EDGE_CURVE ( 'NONE', #2009, #2991, #3850, .T. ) ;
#4510 = ORIENTED_EDGE ( 'NONE', *, *, #2404, .T. ) ;
#4511 = VERTEX_POINT ( 'NONE', #1426 ) ;
#4512 = PRESENTATION_LAYER_ASSIGNMENT (  '', '', ( #4417 ) ) ;
#4513 = LINE ( 'NONE', #4967, #5481 ) ;
#4514 = SURFACE_SIDE_STYLE ('',( #202 ) ) ;
#4515 = FACE_OUTER_BOUND ( 'NONE', #2908, .T. ) ;
#4516 = ORIENTED_EDGE ( 'NONE', *, *, #2849, .F. ) ;
#4517 = LINE ( 'NONE', #2581, #4340 ) ;
#4518 = AXIS2_PLACEMENT_3D ( 'NONE', #3884, #5766, #4338 ) ;
#4519 = EDGE_CURVE ( 'NONE', #4701, #3828, #5803, .T. ) ;
#4520 = ORIENTED_EDGE ( 'NONE', *, *, #1068, .F. ) ;
#4521 = VECTOR ( 'NONE', #3700, 1000.000000000000114 ) ;
#4522 = LINE ( 'NONE', #3483, #1343 ) ;
#4523 = ADVANCED_FACE ( 'NONE', ( #466 ), #2370, .T. ) ;
#4525 = ORIENTED_EDGE ( 'NONE', *, *, #5833, .F. ) ;
#4524 = CARTESIAN_POINT ( 'NONE',  ( 0.2699999892709999960, -0.2999999880790000240, 0.2500000019869999535 ) ) ;
#4526 = AXIS2_PLACEMENT_3D ( 'NONE', #43, #2355, #112 ) ;
#4527 = AXIS2_PLACEMENT_3D ( 'NONE', #5355, #2560, #4413 ) ;
#4528 = CARTESIAN_POINT ( 'NONE',  ( -0.1799999928469999955, -0.4499999821190000526, 0.4499999940400000176 ) ) ;
#4529 = PLANE ( 'NONE',  #2449 ) ;
#4530 = CARTESIAN_POINT ( 'NONE',  ( -0.5999999761580000479, -0.4999999801319999770, 0.5999999880789999018 ) ) ;
#4531 = CARTESIAN_POINT ( 'NONE',  ( -0.05999999761580999957, 0.000000000000000000, 0.2000000039739999735 ) ) ;
#4532 = PRESENTATION_STYLE_ASSIGNMENT (( #2257 ) ) ;
#4533 = CARTESIAN_POINT ( 'NONE',  ( -0.5999999761580000479, 0.4999999801319999770, 1.192092846658000078E-08 ) ) ;
#4534 = AXIS2_PLACEMENT_3D ( 'NONE', #82, #4474, #3489 ) ;
#4535 = AXIS2_PLACEMENT_3D ( 'NONE', #1037, #2484, #2340 ) ;
#4536 = AXIS2_PLACEMENT_3D ( 'NONE', #4141, #5478, #3190 ) ;
#4537 = ORIENTED_EDGE ( 'NONE', *, *, #3803, .T. ) ;
#4538 = CLOSED_SHELL ( 'NONE', ( #4130, #2993, #1016, #5549, #3098, #5962, #1340 ) ) ;
#4539 = DIRECTION ( 'NONE',  ( -0.000000000000000000, 1.000000000000000000, 0.000000000000000000 ) ) ;
#4540 = CYLINDRICAL_SURFACE ( 'NONE', #5076, 0.02499999900659001170 ) ;
#4541 = CARTESIAN_POINT ( 'NONE',  ( 0.2699999892709999960, -0.2399999904629999958, 0.1000000079469999942 ) ) ;
#4542 = ORIENTED_EDGE ( 'NONE', *, *, #848, .F. ) ;
#4543 = CIRCLE ( 'NONE', #5324, 0.1249999950329999943 ) ;
#4544 = ADVANCED_FACE ( 'NONE', ( #3243 ), #963, .F. ) ;
#4545 = CARTESIAN_POINT ( 'NONE',  ( 0.2699999892709999960, -0.2399999904629999958, 0.1000000079469999942 ) ) ;
#4546 = DIRECTION ( 'NONE',  ( -1.000000000000000000, 0.000000000000000000, 0.000000000000000000 ) ) ;
#4547 = VECTOR ( 'NONE', #3218, 1000.000000000000000 ) ;
#4548 = DIRECTION ( 'NONE',  ( 1.000000000000000000, 0.000000000000000000, 0.000000000000000000 ) ) ;
#4549 = ORIENTED_EDGE ( 'NONE', *, *, #5149, .F. ) ;
#4550 = FACE_OUTER_BOUND ( 'NONE', #1218, .T. ) ;
#4551 = VECTOR ( 'NONE', #720, 1000.000000000000000 ) ;
#4552 = EDGE_CURVE ( 'NONE', #3400, #3063, #2841, .T. ) ;
#4553 = DIRECTION ( 'NONE',  ( 0.000000000000000000, -1.000000000000000000, 0.000000000000000000 ) ) ;
#4554 = DIRECTION ( 'NONE',  ( 0.000000000000000000, -1.000000000000000000, 0.000000000000000000 ) ) ;
#4555 = AXIS2_PLACEMENT_3D ( 'NONE', #1302, #5050, #3147 ) ;
#4556 = LINE ( 'NONE', #702, #4602 ) ;
#4557 = ORIENTED_EDGE ( 'NONE', *, *, #22, .T. ) ;
#4558 = AXIS2_PLACEMENT_3D ( 'NONE', #5868, #5357, #4873 ) ;
#4559 = DIRECTION ( 'NONE',  ( 0.000000000000000000, -1.000000000000000000, 0.000000000000000000 ) ) ;
#4560 = CARTESIAN_POINT ( 'NONE',  ( -0.1799999928469999955, -0.2999999880790000240, 0.4499999940400000176 ) ) ;
#4561 = CARTESIAN_POINT ( 'NONE',  ( 0.3699999852979999893, 0.1399999944370000082, 0.1000000079469999942 ) ) ;
#4562 =( NAMED_UNIT ( * ) SI_UNIT ( $, .STERADIAN. ) SOLID_ANGLE_UNIT ( ) );
#4563 = CARTESIAN_POINT ( 'NONE',  ( -0.5999999761580000479, -0.1399999944370000082, 0.1000000079469999942 ) ) ;
#4564 = ORIENTED_EDGE ( 'NONE', *, *, #1985, .F. ) ;
#4565 = VECTOR ( 'NONE', #6009, 1000.000000000000000 ) ;
#4566 = FILL_AREA_STYLE ('',( #4961 ) ) ;
#4567 =( NAMED_UNIT ( * ) SI_UNIT ( $, .STERADIAN. ) SOLID_ANGLE_UNIT ( ) );
#4568 = DIRECTION ( 'NONE',  ( 0.000000000000000000, -1.000000000000000000, 0.000000000000000000 ) ) ;
#4569 = VERTEX_POINT ( 'NONE', #59 ) ;
#4570 = LINE ( 'NONE', #2127, #150 ) ;
#4571 = SURFACE_SIDE_STYLE ('',( #1771 ) ) ;
#4572 = LINE ( 'NONE', #5031, #763 ) ;
#4573 = ORIENTED_EDGE ( 'NONE', *, *, #5113, .F. ) ;
#4574 = DIRECTION ( 'NONE',  ( 0.000000000000000000, 1.000000000000000000, 0.000000000000000000 ) ) ;
#4575 = EDGE_LOOP ( 'NONE', ( #1378, #87, #5456, #1344, #1523, #4229 ) ) ;
#4576 = ADVANCED_FACE ( 'NONE', ( #1927 ), #4717, .F. ) ;
#4577 = DIRECTION ( 'NONE',  ( 0.000000000000000000, 0.000000000000000000, -1.000000000000000000 ) ) ;
#4578 = ADVANCED_FACE ( 'NONE', ( #3734 ), #5298, .T. ) ;
#4579 = ADVANCED_FACE ( 'NONE', ( #2535 ), #1594, .F. ) ;
#4580 = DIRECTION ( 'NONE',  ( 0.000000000000000000, 0.000000000000000000, 1.000000000000000000 ) ) ;
#4581 = DIRECTION ( 'NONE',  ( 0.000000000000000000, 1.000000000000000000, 0.000000000000000000 ) ) ;
#4582 = CARTESIAN_POINT ( 'NONE',  ( -0.3699999852979999893, 0.1399999944370000082, 0.1000000079469999942 ) ) ;
#4583 = CARTESIAN_POINT ( 'NONE',  ( 0.1199999952320000007, -0.2999999880790000240, 0.5749999890720000062 ) ) ;
#4584 = DIRECTION ( 'NONE',  ( 0.000000000000000000, 0.000000000000000000, 1.000000000000000000 ) ) ;
#4585 = ADVANCED_FACE ( 'NONE', ( #5723 ), #3035, .T. ) ;
#4586 = AXIS2_PLACEMENT_3D ( 'NONE', #5338, #1597, #125 ) ;
#4587 = DIRECTION ( 'NONE',  ( 0.000000000000000000, -1.000000000000000000, 0.000000000000000000 ) ) ;
#4588 = LINE ( 'NONE', #2780, #6048 ) ;
#4589 = LINE ( 'NONE', #3674, #2724 ) ;
#4590 = VECTOR ( 'NONE', #1217, 1000.000000000000114 ) ;
#4591 = ADVANCED_FACE ( 'NONE', ( #2029 ), #4052, .T. ) ;
#4592 = DIRECTION ( 'NONE',  ( 0.000000000000000000, 0.000000000000000000, 1.000000000000000000 ) ) ;
#4593 = CARTESIAN_POINT ( 'NONE',  ( -0.5999999761580000479, 0.4999999801319999770, 0.1000000079469999942 ) ) ;
#4594 = CARTESIAN_POINT ( 'NONE',  ( 0.1199999952320000007, -0.2999999880790000240, 0.4499999940400000176 ) ) ;
#4595 = SURFACE_STYLE_FILL_AREA ( #2190 ) ;
#4596 = VERTEX_POINT ( 'NONE', #3398 ) ;
#4597 =( LENGTH_UNIT ( ) NAMED_UNIT ( * ) SI_UNIT ( .MILLI., .METRE. ) );
#4598 = ORIENTED_EDGE ( 'NONE', *, *, #1943, .T. ) ;
#4599 = VECTOR ( 'NONE', #5377, 1000.000000000000000 ) ;
#4600 = MANIFOLD_SOLID_BREP ( '输入25', #5896 ) ;
#4601 = CARTESIAN_POINT ( 'NONE',  ( 0.05999999761580999957, 0.000000000000000000, 0.1750000049669999946 ) ) ;
#4602 = VECTOR ( 'NONE', #2733, 1000.000000000000000 ) ;
#4603 = DIRECTION ( 'NONE',  ( 0.000000000000000000, -1.000000000000000000, 0.000000000000000000 ) ) ;
#4604 = DIRECTION ( 'NONE',  ( 0.000000000000000000, 0.000000000000000000, -1.000000000000000000 ) ) ;
#4605 = ORIENTED_EDGE ( 'NONE', *, *, #5331, .T. ) ;
#4606 = VERTEX_POINT ( 'NONE', #3519 ) ;
#4607 = TOROIDAL_SURFACE ( 'NONE', #1544, 0.1499999940400000287, 0.02499999900658999782 ) ;
#4608 = SURFACE_STYLE_FILL_AREA ( #324 ) ;
#4609 = EDGE_CURVE ( 'NONE', #4319, #1993, #2119, .T. ) ;
#4610 = EDGE_CURVE ( 'NONE', #5279, #3828, #463, .T. ) ;
#4611 = CARTESIAN_POINT ( 'NONE',  ( -0.05999999761580999957, -0.2999999880790000240, 0.1750000049669999946 ) ) ;
#4612 = DIRECTION ( 'NONE',  ( -1.000000000000000000, 0.000000000000000000, 0.000000000000000000 ) ) ;
#4613 = AXIS2_PLACEMENT_3D ( 'NONE', #4097, #1786, #2224 ) ;
#4614 = FILL_AREA_STYLE_COLOUR ( '', #6058 ) ;
#4615 = CARTESIAN_POINT ( 'NONE',  ( -0.1799999928469999955, 0.2999999880790000240, 0.5999999880789999018 ) ) ;
#4616 = AXIS2_PLACEMENT_3D ( 'NONE', #4690, #5732, #2411 ) ;
#4617 = EDGE_CURVE ( 'NONE', #1714, #1200, #561, .T. ) ;
#4618 = LINE ( 'NONE', #245, #4364 ) ;
#4619 = DIRECTION ( 'NONE',  ( 0.000000000000000000, 1.000000000000000000, 0.000000000000000000 ) ) ;
#4620 = TOROIDAL_SURFACE ( 'NONE', #4133, 0.1499999940400000287, 0.02499999900658999782 ) ;
#4621 = CARTESIAN_POINT ( 'NONE',  ( -0.2699999892709999960, 0.2399999904629999958, 0.1000000079469999942 ) ) ;
#4622 = AXIS2_PLACEMENT_3D ( 'NONE', #2543, #3559, #1194 ) ;
#4623 = ORIENTED_EDGE ( 'NONE', *, *, #4652, .T. ) ;
#4624 = AXIS2_PLACEMENT_3D ( 'NONE', #291, #3162, #4169 ) ;
#4625 = MECHANICAL_DESIGN_GEOMETRIC_PRESENTATION_REPRESENTATION (  '', ( #1456 ), #1958 ) ;
#4626 = LINE ( 'NONE', #1359, #250 ) ;
#4627 = DIRECTION ( 'NONE',  ( 0.000000000000000000, 1.000000000000000000, 0.000000000000000000 ) ) ;
#4628 = CARTESIAN_POINT ( 'NONE',  ( 0.1199999952320000007, 0.2999999880790000240, 0.5749999890720000062 ) ) ;
#4629 = CARTESIAN_POINT ( 'NONE',  ( 0.2699999892709999960, -0.3999999841049999838, 0.3499999980130000243 ) ) ;
#4630 = ORIENTED_EDGE ( 'NONE', *, *, #3340, .T. ) ;
#4631 = ORIENTED_EDGE ( 'NONE', *, *, #823, .T. ) ;
#4632 = ORIENTED_EDGE ( 'NONE', *, *, #5705, .F. ) ;
#4633 = COLOUR_RGB ( '',0.5019607843137254832, 0.5019607843137254832, 0.5019607843137254832 ) ;
#4634 = VECTOR ( 'NONE', #2513, 1000.000000000000000 ) ;
#4635 = FACE_OUTER_BOUND ( 'NONE', #2153, .T. ) ;
#4636 = CARTESIAN_POINT ( 'NONE',  ( 0.2699999892709999960, -0.1399999944370000082, 0.1000000079469999942 ) ) ;
#4637 = ORIENTED_EDGE ( 'NONE', *, *, #814, .T. ) ;
#4638 = ORIENTED_EDGE ( 'NONE', *, *, #888, .T. ) ;
#4639 = CARTESIAN_POINT ( 'NONE',  ( 0.05999999761580999957, -0.2999999880790000240, 0.4499999940400000176 ) ) ;
#4640 = MANIFOLD_SOLID_BREP ( '输入18', #4442 ) ;
#4641 = VECTOR ( 'NONE', #5390, 1000.000000000000000 ) ;
#4642 = DIRECTION ( 'NONE',  ( 0.000000000000000000, 0.000000000000000000, 1.000000000000000000 ) ) ;
#4643 = PRESENTATION_STYLE_ASSIGNMENT (( #3229 ) ) ;
#4644 = ADVANCED_FACE ( 'NONE', ( #2233 ), #1277, .F. ) ;
#4645 = CIRCLE ( 'NONE', #194, 0.02499999900659001170 ) ;
#4646 = CARTESIAN_POINT ( 'NONE',  ( -0.5999999761580000479, 0.4999999801319999770, 0.1000000079469999942 ) ) ;
#4647 = LINE ( 'NONE', #4773, #1656 ) ;
#4648 = DIRECTION ( 'NONE',  ( 1.000000000000000000, 0.000000000000000000, 0.000000000000000000 ) ) ;
#4649 = DIRECTION ( 'NONE',  ( 0.000000000000000000, 0.000000000000000000, 1.000000000000000000 ) ) ;
#4650 = MANIFOLD_SOLID_BREP ( '凸台-拉伸1', #5692 ) ;
#4651 = AXIS2_PLACEMENT_3D ( 'NONE', #5618, #858, #5675 ) ;
#4652 = EDGE_CURVE ( 'NONE', #4118, #4749, #1185, .T. ) ;
#4653 = EDGE_CURVE ( 'NONE', #5426, #431, #5599, .T. ) ;
#4654 = MECHANICAL_DESIGN_GEOMETRIC_PRESENTATION_REPRESENTATION (  '', ( #1598 ), #2098 ) ;
#4655 = ORIENTED_EDGE ( 'NONE', *, *, #3231, .F. ) ;
#4656 = CARTESIAN_POINT ( 'NONE',  ( -0.05999999761580999957, -0.4499999821190000526, 0.4499999940400000176 ) ) ;
#4657 = DIRECTION ( 'NONE',  ( -1.000000000000000000, 0.000000000000000000, 0.000000000000000000 ) ) ;
#4658 = VECTOR ( 'NONE', #894, 1000.000000000000000 ) ;
#4659 = VERTEX_POINT ( 'NONE', #3698 ) ;
#4660 = DIRECTION ( 'NONE',  ( 0.000000000000000000, 0.000000000000000000, -1.000000000000000000 ) ) ;
#4661 = ORIENTED_EDGE ( 'NONE', *, *, #980, .F. ) ;
#4662 = EDGE_CURVE ( 'NONE', #2826, #5400, #917, .T. ) ;
#4663 = SURFACE_SIDE_STYLE ('',( #792 ) ) ;
#4664 = CARTESIAN_POINT ( 'NONE',  ( 0.1799999928469999955, 0.2999999880790000240, 0.3499999980130000243 ) ) ;
#4665 = LINE ( 'NONE', #71, #1328 ) ;
#4666 = VERTEX_POINT ( 'NONE', #856 ) ;
#4667 = EDGE_CURVE ( 'NONE', #5702, #2978, #4647, .T. ) ;
#4668 = ORIENTED_EDGE ( 'NONE', *, *, #6044, .F. ) ;
#4669 = FACE_BOUND ( 'NONE', #3138, .T. ) ;
#4670 = MANIFOLD_SOLID_BREP ( '输入14', #5992 ) ;
#4671 = DIRECTION ( 'NONE',  ( 0.000000000000000000, -1.000000000000000000, 0.000000000000000000 ) ) ;
#4672 = DIRECTION ( 'NONE',  ( -1.000000000000000000, 0.000000000000000000, 0.000000000000000000 ) ) ;
#4673 = DIRECTION ( 'NONE',  ( 0.000000000000000000, 1.000000000000000000, 0.000000000000000000 ) ) ;
#4674 = FACE_OUTER_BOUND ( 'NONE', #3774, .T. ) ;
#4675 = FACE_OUTER_BOUND ( 'NONE', #565, .T. ) ;
#4676 = CIRCLE ( 'NONE', #1619, 0.02499999900659001170 ) ;
#4677 = ORIENTED_EDGE ( 'NONE', *, *, #6031, .T. ) ;
#4678 = DIRECTION ( 'NONE',  ( -1.204669080539000137E-15, 1.000000000000000000, 0.000000000000000000 ) ) ;
#4679 = FACE_OUTER_BOUND ( 'NONE', #2281, .T. ) ;
#4680 = EDGE_CURVE ( 'NONE', #1342, #1365, #2362, .T. ) ;
#4681 = VECTOR ( 'NONE', #4017, 1000.000000000000114 ) ;
#4682 = ADVANCED_FACE ( 'NONE', ( #2323 ), #2261, .F. ) ;
#4683 = DIRECTION ( 'NONE',  ( 1.000000000000000000, 0.000000000000000000, 0.000000000000000000 ) ) ;
#4684 = ORIENTED_EDGE ( 'NONE', *, *, #5368, .T. ) ;
#4685 = LINE ( 'NONE', #1496, #1753 ) ;
#4686 = ORIENTED_EDGE ( 'NONE', *, *, #2396, .T. ) ;
#4687 = ORIENTED_EDGE ( 'NONE', *, *, #5655, .T. ) ;
#4688 = VECTOR ( 'NONE', #1701, 1000.000000000000000 ) ;
#4689 = CARTESIAN_POINT ( 'NONE',  ( -0.1199999952320000007, 0.000000000000000000, 0.2250000029800000023 ) ) ;
#4690 = CARTESIAN_POINT ( 'NONE',  ( 0.1199999952320000007, -0.2999999880790000240, 0.3499999980130000243 ) ) ;
#4691 = DIRECTION ( 'NONE',  ( 1.000000000000000000, 0.000000000000000000, 0.000000000000000000 ) ) ;
#4692 = DIRECTION ( 'NONE',  ( -1.000000000000000000, 0.000000000000000000, 1.807003620808999850E-16 ) ) ;
#4693 = ORIENTED_EDGE ( 'NONE', *, *, #3416, .F. ) ;
#4694 = ORIENTED_EDGE ( 'NONE', *, *, #3973, .T. ) ;
#4695 = ORIENTED_EDGE ( 'NONE', *, *, #3755, .F. ) ;
#4696 = AXIS2_PLACEMENT_3D ( 'NONE', #1203, #4975, #265 ) ;
#4697 = EDGE_LOOP ( 'NONE', ( #5145, #4123, #4496, #1864, #3136 ) ) ;
#4698 = FILL_AREA_STYLE_COLOUR ( '', #2868 ) ;
#4699 = EDGE_CURVE ( 'NONE', #2352, #4495, #2150, .T. ) ;
#4700 = PRESENTATION_STYLE_ASSIGNMENT (( #2830 ) ) ;
#4701 = VERTEX_POINT ( 'NONE', #1416 ) ;
#4702 = ORIENTED_EDGE ( 'NONE', *, *, #816, .T. ) ;
#4703 = SURFACE_STYLE_FILL_AREA ( #1849 ) ;
#4704 = TOROIDAL_SURFACE ( 'NONE', #2746, 0.1499999940400000287, 0.02499999900658999782 ) ;
#4705 = CIRCLE ( 'NONE', #837, 0.1249999950329999943 ) ;
#4706 = DIRECTION ( 'NONE',  ( 0.000000000000000000, 0.000000000000000000, -1.000000000000000000 ) ) ;
#4707 = CARTESIAN_POINT ( 'NONE',  ( 0.000000000000000000, 0.000000000000000000, 0.1000000079469999942 ) ) ;
#4708 = DIRECTION ( 'NONE',  ( 0.000000000000000000, 0.000000000000000000, -1.000000000000000000 ) ) ;
#4709 = DIRECTION ( 'NONE',  ( 0.000000000000000000, -1.000000000000000000, 0.000000000000000000 ) ) ;
#4710 = CIRCLE ( 'NONE', #4327, 0.02499999900658995966 ) ;
#4711 = ORIENTED_EDGE ( 'NONE', *, *, #362, .F. ) ;
#4712 = AXIS2_PLACEMENT_3D ( 'NONE', #1085, #4925, #549 ) ;
#4713 = CARTESIAN_POINT ( 'NONE',  ( 0.05999999761580999957, 0.2999999880790000240, 0.4499999940400000176 ) ) ;
#4714 = DIRECTION ( 'NONE',  ( -1.000000000000000000, 0.000000000000000000, 0.000000000000000000 ) ) ;
#4715 = VECTOR ( 'NONE', #2516, 1000.000000000000000 ) ;
#4716 = AXIS2_PLACEMENT_3D ( 'NONE', #3509, #5773, #5404 ) ;
#4717 = PLANE ( 'NONE',  #5413 ) ;
#4718 = LINE ( 'NONE', #467, #3612 ) ;
#4719 = ORIENTED_EDGE ( 'NONE', *, *, #2706, .T. ) ;
#4720 = CARTESIAN_POINT ( 'NONE',  ( 0.05999999761580999957, -0.4499999821190000526, 0.4499999940400000176 ) ) ;
#4721 = CLOSED_SHELL ( 'NONE', ( #567, #1615, #3757, #3635, #1653, #3564, #2973, #2266, #5059 ) ) ;
#4722 = AXIS2_PLACEMENT_3D ( 'NONE', #318, #5084, #5116 ) ;
#4723 = ADVANCED_FACE ( 'NONE', ( #2395 ), #6026, .F. ) ;
#4724 = CIRCLE ( 'NONE', #2061, 0.1749999930459999742 ) ;
#4725 = TOROIDAL_SURFACE ( 'NONE', #853, 0.1499999940400000287, 0.02499999900658999782 ) ;
#4726 = CARTESIAN_POINT ( 'NONE',  ( -0.3699999852979999893, 0.1399999944370000082, 1.192092846658000078E-08 ) ) ;
#4727 = CYLINDRICAL_SURFACE ( 'NONE', #1592, 0.1174585588670000180 ) ;
#4728 = DIRECTION ( 'NONE',  ( 0.000000000000000000, 0.000000000000000000, -1.000000000000000000 ) ) ;
#4729 = DIRECTION ( 'NONE',  ( 0.000000000000000000, 0.000000000000000000, 1.000000000000000000 ) ) ;
#4730 = EDGE_LOOP ( 'NONE', ( #3875, #904, #2831, #2447 ) ) ;
#4731 = ORIENTED_EDGE ( 'NONE', *, *, #3292, .T. ) ;
#4732 = EDGE_CURVE ( 'NONE', #774, #731, #4056, .T. ) ;
#4733 = EDGE_CURVE ( 'NONE', #445, #1506, #2500, .T. ) ;
#4734 = ORIENTED_EDGE ( 'NONE', *, *, #1021, .T. ) ;
#4735 = CARTESIAN_POINT ( 'NONE',  ( 0.05999999761580999957, 0.2999999880790000240, 0.6249999870859999085 ) ) ;
#4736 = STYLED_ITEM ( 'NONE', ( #3650 ), #622 ) ;
#4738 = EDGE_LOOP ( 'NONE', ( #3290, #1764, #1266, #1043 ) ) ;
#4737 = DIRECTION ( 'NONE',  ( -1.000000000000000000, 0.000000000000000000, 0.000000000000000000 ) ) ;
#4739 = CARTESIAN_POINT ( 'NONE',  ( 0.1799999928469999955, 0.4499999821190000526, 0.3499999980130000243 ) ) ;
#4740 = EDGE_CURVE ( 'NONE', #627, #1689, #4314, .T. ) ;
#4741 = DIRECTION ( 'NONE',  ( 0.000000000000000000, 0.000000000000000000, -1.000000000000000000 ) ) ;
#4742 = ORIENTED_EDGE ( 'NONE', *, *, #296, .F. ) ;
#4743 = SURFACE_STYLE_FILL_AREA ( #1854 ) ;
#4744 = CARTESIAN_POINT ( 'NONE',  ( 0.000000000000000000, -0.4499999821190000526, 0.4499999940400000176 ) ) ;
#4745 = DIRECTION ( 'NONE',  ( 0.000000000000000000, -1.000000000000000000, 0.000000000000000000 ) ) ;
#4746 = STYLED_ITEM ( 'NONE', ( #4131 ), #1028 ) ;
#4747 = EDGE_CURVE ( 'NONE', #1993, #2518, #188, .T. ) ;
#4748 = ORIENTED_EDGE ( 'NONE', *, *, #5518, .F. ) ;
#4749 = VERTEX_POINT ( 'NONE', #3457 ) ;
#4750 = LINE ( 'NONE', #3731, #4521 ) ;
#4751 = CARTESIAN_POINT ( 'NONE',  ( -0.2699999892709999960, 0.1399999944370000082, 0.1000000079469999942 ) ) ;
#4752 = AXIS2_PLACEMENT_3D ( 'NONE', #5991, #2717, #1728 ) ;
#4753 = CARTESIAN_POINT ( 'NONE',  ( 0.5999999761580000479, 0.4999999801319999770, 0.5999999880789999018 ) ) ;
#4754 = CARTESIAN_POINT ( 'NONE',  ( -0.2242889921489999994, -0.2437334591960000074, 0.7899999805290000010 ) ) ;
#4755 = ORIENTED_EDGE ( 'NONE', *, *, #5113, .T. ) ;
#4756 = CARTESIAN_POINT ( 'NONE',  ( 0.1199999952320000007, 0.2999999880790000240, 0.6249999870859999085 ) ) ;
#4757 = ORIENTED_EDGE ( 'NONE', *, *, #2196, .F. ) ;
#4758 = ORIENTED_EDGE ( 'NONE', *, *, #683, .T. ) ;
#4759 = DIRECTION ( 'NONE',  ( 0.000000000000000000, 0.000000000000000000, -1.000000000000000000 ) ) ;
#4760 = SURFACE_SIDE_STYLE ('',( #3342 ) ) ;
#4761 = DIRECTION ( 'NONE',  ( 0.000000000000000000, 1.000000000000000000, 0.000000000000000000 ) ) ;
#4762 = CARTESIAN_POINT ( 'NONE',  ( -0.1199999952320000007, -0.2999999880790000240, 0.3499999980130000243 ) ) ;
#4763 = ORIENTED_EDGE ( 'NONE', *, *, #5536, .F. ) ;
#4764 = UNCERTAINTY_MEASURE_WITH_UNIT (LENGTH_MEASURE( 1.000000000000000082E-05 ), #1249, 'distance_accuracy_value', 'NONE');
#4765 = ORIENTED_EDGE ( 'NONE', *, *, #3896, .F. ) ;
#4766 = DIRECTION ( 'NONE',  ( 0.000000000000000000, 1.000000000000000000, 0.000000000000000000 ) ) ;
#4767 = CARTESIAN_POINT ( 'NONE',  ( -0.05999999761580999957, 0.000000000000000000, 0.2250000029800000023 ) ) ;
#4768 = EDGE_CURVE ( 'NONE', #2769, #2955, #1551, .T. ) ;
#4769 = EDGE_CURVE ( 'NONE', #1403, #640, #276, .T. ) ;
#4771 = ORIENTED_EDGE ( 'NONE', *, *, #5475, .T. ) ;
#4770 = DIRECTION ( 'NONE',  ( 0.000000000000000000, 0.000000000000000000, 1.000000000000000000 ) ) ;
#4772 = DIRECTION ( 'NONE',  ( 0.000000000000000000, -1.000000000000000000, 0.000000000000000000 ) ) ;
#4773 = CARTESIAN_POINT ( 'NONE',  ( 0.5999999761580000479, -0.1399999944370000082, 0.2000000039739999735 ) ) ;
#4774 = EDGE_CURVE ( 'NONE', #3764, #4659, #4543, .T. ) ;
#4775 = LINE ( 'NONE', #2427, #3518 ) ;
#4776 = CARTESIAN_POINT ( 'NONE',  ( -0.1799999928469999955, 0.4499999821190000526, 0.4499999940400000176 ) ) ;
#4777 = VERTEX_POINT ( 'NONE', #48 ) ;
#4778 = ORIENTED_EDGE ( 'NONE', *, *, #3195, .T. ) ;
#4779 = VERTEX_POINT ( 'NONE', #523 ) ;
#4780 = SURFACE_STYLE_FILL_AREA ( #4444 ) ;
#4781 = FACE_OUTER_BOUND ( 'NONE', #1006, .T. ) ;
#4782 = CARTESIAN_POINT ( 'NONE',  ( 0.2699999892709999960, -0.4999999801319999770, 1.192092846658000078E-08 ) ) ;
#4783 = DIRECTION ( 'NONE',  ( 8.213652821859998425E-17, 1.000000000000000000, 0.000000000000000000 ) ) ;
#4784 = ORIENTED_EDGE ( 'NONE', *, *, #2156, .T. ) ;
#4785 = LINE ( 'NONE', #2407, #229 ) ;
#4786 = VERTEX_POINT ( 'NONE', #2460 ) ;
#4787 = ORIENTED_EDGE ( 'NONE', *, *, #536, .T. ) ;
#4788 = VECTOR ( 'NONE', #1566, 1000.000000000000000 ) ;
#4789 = CARTESIAN_POINT ( 'NONE',  ( 0.2699999892709999960, 0.2999999880790000240, 0.2500000019869999535 ) ) ;
#4790 = DIRECTION ( 'NONE',  ( 0.000000000000000000, 1.084202172486000036E-15, -1.000000000000000000 ) ) ;
#4791 = EDGE_LOOP ( 'NONE', ( #5393, #31, #2703, #3170 ) ) ;
#4792 = EDGE_LOOP ( 'NONE', ( #591, #4797, #1441, #3495 ) ) ;
#4793 = ORIENTED_EDGE ( 'NONE', *, *, #4652, .F. ) ;
#4794 =( NAMED_UNIT ( * ) SI_UNIT ( $, .STERADIAN. ) SOLID_ANGLE_UNIT ( ) );
#4795 = VECTOR ( 'NONE', #2873, 1000.000000000000000 ) ;
#4796 = PLANE ( 'NONE',  #1737 ) ;
#4797 = ORIENTED_EDGE ( 'NONE', *, *, #479, .F. ) ;
#4798 = AXIS2_PLACEMENT_3D ( 'NONE', #5256, #6111, #5612 ) ;
#4799 = ADVANCED_FACE ( 'NONE', ( #2933 ), #2084, .F. ) ;
#4800 = DIRECTION ( 'NONE',  ( 0.000000000000000000, 0.000000000000000000, -1.000000000000000000 ) ) ;
#4801 = AXIS2_PLACEMENT_3D ( 'NONE', #2195, #4604, #234 ) ;
#4802 = DIRECTION ( 'NONE',  ( 0.000000000000000000, 0.000000000000000000, 1.000000000000000000 ) ) ;
#4803 = CARTESIAN_POINT ( 'NONE',  ( 0.05999999761580999957, -0.2999999880790000240, 0.2250000029800000023 ) ) ;
#4804 = DIRECTION ( 'NONE',  ( 0.000000000000000000, -1.000000000000000000, 0.000000000000000000 ) ) ;
#4805 = VERTEX_POINT ( 'NONE', #3987 ) ;
#4806 = ADVANCED_BREP_SHAPE_REPRESENTATION ( 'FILTER-SMD_4P', ( #559, #511, #4670, #2576, #490, #622, #4640, #2586, #614, #2531, #595, #4600, #4650, #4863 ), #3984 ) ;
#4807 = ADVANCED_FACE ( 'NONE', ( #1488 ), #5811, .T. ) ;
#4808 = CIRCLE ( 'NONE', #2143, 0.02499999900659001170 ) ;
#4809 = EDGE_CURVE ( 'NONE', #3926, #1824, #5841, .T. ) ;
#4810 = CARTESIAN_POINT ( 'NONE',  ( -0.2699999892709999960, -0.4999999801319999770, 1.192092846658000078E-08 ) ) ;
#4811 = FACE_OUTER_BOUND ( 'NONE', #5349, .T. ) ;
#4812 = ORIENTED_EDGE ( 'NONE', *, *, #2063, .T. ) ;
#4813 = FACE_OUTER_BOUND ( 'NONE', #464, .T. ) ;
#4814 = PRESENTATION_LAYER_ASSIGNMENT (  '', '', ( #1337 ) ) ;
#4815 = VERTEX_POINT ( 'NONE', #3864 ) ;
#4816 = VERTEX_POINT ( 'NONE', #83 ) ;
#4817 = EDGE_CURVE ( 'NONE', #5982, #4994, #1586, .T. ) ;
#4818 = ORIENTED_EDGE ( 'NONE', *, *, #1571, .F. ) ;
#4819 = VECTOR ( 'NONE', #1020, 1000.000000000000000 ) ;
#4820 = COLOUR_RGB ( '',0.5019607843137254832, 0.5019607843137254832, 0.5019607843137254832 ) ;
#4821 = CARTESIAN_POINT ( 'NONE',  ( -0.1199999952320000007, -0.2999999880790000240, 0.2000000039739999735 ) ) ;
#4822 = SURFACE_STYLE_FILL_AREA ( #1105 ) ;
#4823 = DIRECTION ( 'NONE',  ( -2.168404344971000240E-16, 1.000000000000000000, 0.000000000000000000 ) ) ;
#4824 = LINE ( 'NONE', #1473, #5389 ) ;
#4825 = ORIENTED_EDGE ( 'NONE', *, *, #603, .T. ) ;
#4826 = ORIENTED_EDGE ( 'NONE', *, *, #5665, .T. ) ;
#4827 = ORIENTED_EDGE ( 'NONE', *, *, #1766, .F. ) ;
#4829 = UNCERTAINTY_MEASURE_WITH_UNIT (LENGTH_MEASURE( 1.000000000000000082E-05 ), #4000, 'distance_accuracy_value', 'NONE');
#4828 =( GEOMETRIC_REPRESENTATION_CONTEXT ( 3 ) GLOBAL_UNCERTAINTY_ASSIGNED_CONTEXT ( ( #1476 ) ) GLOBAL_UNIT_ASSIGNED_CONTEXT ( ( #1533, #1072, #2986 ) ) REPRESENTATION_CONTEXT ( 'NONE', 'WORKASPACE' ) );
#4830 = ORIENTED_EDGE ( 'NONE', *, *, #1171, .T. ) ;
#4831 = CARTESIAN_POINT ( 'NONE',  ( 0.2699999892709999960, -0.4999999801319999770, 1.192092846658000078E-08 ) ) ;
#4832 = STYLED_ITEM ( 'NONE', ( #1563 ), #4579 ) ;
#4833 = CARTESIAN_POINT ( 'NONE',  ( 0.05999999761580999957, 0.000000000000000000, 0.2000000039739999735 ) ) ;
#4835 = ORIENTED_EDGE ( 'NONE', *, *, #2477, .T. ) ;
#4834 = CARTESIAN_POINT ( 'NONE',  ( -0.3699999852979999893, -0.1399999944370000082, 0.2000000039739999735 ) ) ;
#4836 = CIRCLE ( 'NONE', #5212, 0.02499999900659001170 ) ;
#4837 = VECTOR ( 'NONE', #240, 1000.000000000000000 ) ;
#4838 = DIRECTION ( 'NONE',  ( 0.000000000000000000, 0.000000000000000000, -1.000000000000000000 ) ) ;
#4839 = DIRECTION ( 'NONE',  ( 0.000000000000000000, 0.000000000000000000, -1.000000000000000000 ) ) ;
#4840 = DIRECTION ( 'NONE',  ( 0.000000000000000000, 1.000000000000000000, 0.000000000000000000 ) ) ;
#4841 = FILL_AREA_STYLE ('',( #1118 ) ) ;
#4842 = EDGE_CURVE ( 'NONE', #3778, #2159, #6094, .T. ) ;
#4843 = COLOUR_RGB ( '',0.5019607843137254832, 0.5019607843137254832, 0.5019607843137254832 ) ;
#4844 = VERTEX_POINT ( 'NONE', #587 ) ;
#4845 = FACE_OUTER_BOUND ( 'NONE', #1102, .T. ) ;
#4846 = VECTOR ( 'NONE', #3548, 1000.000000000000000 ) ;
#4847 = DIRECTION ( 'NONE',  ( -4.336808689942000480E-16, 1.000000000000000000, 0.000000000000000000 ) ) ;
#4848 = ORIENTED_EDGE ( 'NONE', *, *, #455, .F. ) ;
#4849 = DIRECTION ( 'NONE',  ( 0.000000000000000000, 0.000000000000000000, 1.000000000000000000 ) ) ;
#4850 = EDGE_CURVE ( 'NONE', #543, #445, #3356, .T. ) ;
#4851 = EDGE_CURVE ( 'NONE', #2507, #4237, #1354, .T. ) ;
#4852 = ORIENTED_EDGE ( 'NONE', *, *, #5899, .T. ) ;
#4853 = ORIENTED_EDGE ( 'NONE', *, *, #5615, .T. ) ;
#4854 = VECTOR ( 'NONE', #1036, 1000.000000000000000 ) ;
#4855 = ORIENTED_EDGE ( 'NONE', *, *, #2051, .F. ) ;
#4856 = ORIENTED_EDGE ( 'NONE', *, *, #3118, .F. ) ;
#4857 = DIRECTION ( 'NONE',  ( 0.000000000000000000, 1.000000000000000000, 0.000000000000000000 ) ) ;
#4858 = MECHANICAL_DESIGN_GEOMETRIC_PRESENTATION_REPRESENTATION (  '', ( #875 ), #2187 ) ;
#4859 = CARTESIAN_POINT ( 'NONE',  ( 0.1799999928469999955, -0.4499999821190000526, 0.4499999940400000176 ) ) ;
#4860 = EDGE_CURVE ( 'NONE', #2017, #2448, #1166, .T. ) ;
#4861 = DIRECTION ( 'NONE',  ( -1.000000000000000000, 0.000000000000000000, 0.000000000000000000 ) ) ;
#4862 = ORIENTED_EDGE ( 'NONE', *, *, #1099, .F. ) ;
#4863 = AXIS2_PLACEMENT_3D ( 'NONE', #2359, #417, #4248 ) ;
#4864 = ORIENTED_EDGE ( 'NONE', *, *, #1973, .F. ) ;
#4865 = CARTESIAN_POINT ( 'NONE',  ( 0.5999999761580000479, -0.4999999801319999770, 0.5999999880789999018 ) ) ;
#4866 = EDGE_CURVE ( 'NONE', #4666, #5317, #3732, .T. ) ;
#4868 = ORIENTED_EDGE ( 'NONE', *, *, #5963, .F. ) ;
#4867 = CARTESIAN_POINT ( 'NONE',  ( 0.6019999760789999099, -0.2999999880790000240, 0.4499999940400000176 ) ) ;
#4869 = PRODUCT ( 'FILTER-SMD_4P', 'FILTER-SMD_4P', '', ( #1413 ) ) ;
#4870 = DIRECTION ( 'NONE',  ( 0.000000000000000000, 1.000000000000000000, 0.000000000000000000 ) ) ;
#4871 = CARTESIAN_POINT ( 'NONE',  ( -0.1799999928469999955, 0.000000000000000000, 0.2250000029800000023 ) ) ;
#4872 = DIRECTION ( 'NONE',  ( 0.000000000000000000, 1.000000000000000000, 0.000000000000000000 ) ) ;
#4873 = DIRECTION ( 'NONE',  ( 0.000000000000000000, -1.000000000000000000, 0.000000000000000000 ) ) ;
#4874 = ORIENTED_EDGE ( 'NONE', *, *, #3643, .T. ) ;
#4875 = CARTESIAN_POINT ( 'NONE',  ( -0.05999999761580999957, 0.2999999880790000240, 0.4499999940400000176 ) ) ;
#4876 = LINE ( 'NONE', #2120, #4681 ) ;
#4877 = VERTEX_POINT ( 'NONE', #5747 ) ;
#4878 = CARTESIAN_POINT ( 'NONE',  ( 0.1799999928469999955, -0.2999999880790000240, 0.5999999880789999018 ) ) ;
#4879 = VERTEX_POINT ( 'NONE', #1516 ) ;
#4880 = ORIENTED_EDGE ( 'NONE', *, *, #4732, .F. ) ;
#4881 = EDGE_LOOP ( 'NONE', ( #5458, #3459, #1798, #5241, #4980 ) ) ;
#4882 = EDGE_CURVE ( 'NONE', #1632, #3838, #3420, .T. ) ;
#4883 = EDGE_CURVE ( 'NONE', #2818, #895, #3113, .T. ) ;
#4884 = PRESENTATION_STYLE_ASSIGNMENT (( #1650 ) ) ;
#4885 = CIRCLE ( 'NONE', #4299, 0.09999999602635999130 ) ;
#4886 = ADVANCED_FACE ( 'NONE', ( #5446 ), #800, .T. ) ;
#4887 = VERTEX_POINT ( 'NONE', #4561 ) ;
#4888 = CARTESIAN_POINT ( 'NONE',  ( -0.1799999928469999955, -0.2999999880790000240, 0.2000000039739999735 ) ) ;
#4889 = DIRECTION ( 'NONE',  ( 1.000000000000000000, 0.000000000000000000, 0.000000000000000000 ) ) ;
#4890 = MECHANICAL_DESIGN_GEOMETRIC_PRESENTATION_REPRESENTATION (  '', ( #130 ), #2929 ) ;
#4892 = VERTEX_POINT ( 'NONE', #4500 ) ;
#4891 = DIRECTION ( 'NONE',  ( 0.000000000000000000, -1.000000000000000000, 0.000000000000000000 ) ) ;
#4893 = UNCERTAINTY_MEASURE_WITH_UNIT (LENGTH_MEASURE( 1.000000000000000082E-05 ), #974, 'distance_accuracy_value', 'NONE');
#4894 = PRODUCT_DEFINITION ( '未知', '', #5138, #5263 ) ;
#4895 = CARTESIAN_POINT ( 'NONE',  ( -0.1199999952320000007, 0.2999999880790000240, 0.3499999980130000243 ) ) ;
#4896 = DIRECTION ( 'NONE',  ( 0.000000000000000000, 1.000000000000000000, 0.000000000000000000 ) ) ;
#4897 = CARTESIAN_POINT ( 'NONE',  ( -0.5999999761580000479, 0.4999999801319999770, 0.7999999801320000214 ) ) ;
#4898 = DIRECTION ( 'NONE',  ( 0.000000000000000000, 0.000000000000000000, 1.000000000000000000 ) ) ;
#4899 = AXIS2_PLACEMENT_3D ( 'NONE', #3633, #1273, #3177 ) ;
#4900 = ORIENTED_EDGE ( 'NONE', *, *, #2296, .F. ) ;
#4901 = DIRECTION ( 'NONE',  ( 0.000000000000000000, 0.000000000000000000, 1.000000000000000000 ) ) ;
#4902 = FILL_AREA_STYLE_COLOUR ( '', #1568 ) ;
#4903 = LINE ( 'NONE', #5908, #1127 ) ;
#4904 = ORIENTED_EDGE ( 'NONE', *, *, #1355, .F. ) ;
#4905 = FACE_OUTER_BOUND ( 'NONE', #5606, .T. ) ;
#4906 = ORIENTED_EDGE ( 'NONE', *, *, #1546, .F. ) ;
#4907 = VECTOR ( 'NONE', #4678, 1000.000000000000000 ) ;
#4908 = ORIENTED_EDGE ( 'NONE', *, *, #254, .F. ) ;
#4909 = CARTESIAN_POINT ( 'NONE',  ( -0.05999999761580999957, -0.4249999831119999905, 0.4499999940400000176 ) ) ;
#4910 = PLANE ( 'NONE',  #880 ) ;
#4911 = CARTESIAN_POINT ( 'NONE',  ( 0.3699999852979999893, 0.1399999944370000082, 1.192092846658000078E-08 ) ) ;
#4912 = EDGE_CURVE ( 'NONE', #2875, #1281, #1853, .T. ) ;
#4913 = AXIS2_PLACEMENT_3D ( 'NONE', #4302, #5151, #6062 ) ;
#4914 = CARTESIAN_POINT ( 'NONE',  ( -0.1799999928469999955, -0.4499999821190000526, 0.4499999940400000176 ) ) ;
#4915 = CARTESIAN_POINT ( 'NONE',  ( 0.05999999761580999957, -0.2999999880790000240, 0.5999999880789999018 ) ) ;
#4916 = CIRCLE ( 'NONE', #2762, 0.1249999950329999943 ) ;
#4917 = AXIS2_PLACEMENT_3D ( 'NONE', #5511, #3702, #1772 ) ;
#4918 = DIRECTION ( 'NONE',  ( 0.000000000000000000, -1.000000000000000000, 0.000000000000000000 ) ) ;
#4919 = EDGE_CURVE ( 'NONE', #1898, #1714, #4075, .T. ) ;
#4920 = EDGE_CURVE ( 'NONE', #3274, #344, #739, .T. ) ;
#4921 = AXIS2_PLACEMENT_3D ( 'NONE', #836, #5977, #1745 ) ;
#4922 = STYLED_ITEM ( 'NONE', ( #1362 ), #4544 ) ;
#4923 = VERTEX_POINT ( 'NONE', #5046 ) ;
#4924 = DIRECTION ( 'NONE',  ( 0.000000000000000000, 1.000000000000000000, 0.000000000000000000 ) ) ;
#4925 = DIRECTION ( 'NONE',  ( 0.000000000000000000, 0.000000000000000000, 1.000000000000000000 ) ) ;
#4926 = TOROIDAL_SURFACE ( 'NONE', #1851, 0.1499999940400000287, 0.02499999900658999782 ) ;
#4927 = DIRECTION ( 'NONE',  ( -1.000000000000000000, 0.000000000000000000, 0.000000000000000000 ) ) ;
#4928 = CARTESIAN_POINT ( 'NONE',  ( 0.05999999761580999957, -0.2999999880790000240, 0.4499999940400000176 ) ) ;
#4929 = FACE_OUTER_BOUND ( 'NONE', #2220, .T. ) ;
#4930 = VECTOR ( 'NONE', #213, 1000.000000000000000 ) ;
#4931 = ORIENTED_EDGE ( 'NONE', *, *, #5954, .T. ) ;
#4932 = VECTOR ( 'NONE', #348, 1000.000000000000000 ) ;
#4933 = CARTESIAN_POINT ( 'NONE',  ( -0.2699999892709999960, -0.2399999904629999958, 0.1000000079469999942 ) ) ;
#4934 = CARTESIAN_POINT ( 'NONE',  ( -0.1199999952320000007, -0.2999999880790000240, 0.4499999940400000176 ) ) ;
#4935 = DIRECTION ( 'NONE',  ( 0.000000000000000000, 0.000000000000000000, -1.000000000000000000 ) ) ;
#4936 = EDGE_CURVE ( 'NONE', #1013, #1169, #684, .T. ) ;
#4937 = EDGE_LOOP ( 'NONE', ( #4030, #2479, #4687, #5790 ) ) ;
#4938 = AXIS2_PLACEMENT_3D ( 'NONE', #2747, #3233, #5448 ) ;
#4939 = CARTESIAN_POINT ( 'NONE',  ( -0.5999999761580000479, 0.1399999944370000082, 0.2000000039739999735 ) ) ;
#4940 = DIRECTION ( 'NONE',  ( -1.000000000000000000, 0.000000000000000000, 0.000000000000000000 ) ) ;
#4941 = DIRECTION ( 'NONE',  ( 0.000000000000000000, 1.000000000000000000, 0.000000000000000000 ) ) ;
#4942 = ORIENTED_EDGE ( 'NONE', *, *, #4280, .F. ) ;
#4943 = CIRCLE ( 'NONE', #5521, 0.02499999900659001170 ) ;
#4944 = ORIENTED_EDGE ( 'NONE', *, *, #5615, .F. ) ;
#4945 = DIRECTION ( 'NONE',  ( -1.000000000000000000, 0.000000000000000000, 0.000000000000000000 ) ) ;
#4946 = FACE_OUTER_BOUND ( 'NONE', #5272, .T. ) ;
#4947 =( GEOMETRIC_REPRESENTATION_CONTEXT ( 3 ) GLOBAL_UNCERTAINTY_ASSIGNED_CONTEXT ( ( #5605 ) ) GLOBAL_UNIT_ASSIGNED_CONTEXT ( ( #5530, #3546, #5049 ) ) REPRESENTATION_CONTEXT ( 'NONE', 'WORKASPACE' ) );
#4949 = VERTEX_POINT ( 'NONE', #4583 ) ;
#4948 =( LENGTH_UNIT ( ) NAMED_UNIT ( * ) SI_UNIT ( .MILLI., .METRE. ) );
#4950 = CIRCLE ( 'NONE', #2094, 0.02499999900658995966 ) ;
#4951 = DIRECTION ( 'NONE',  ( -1.000000000000000000, 0.000000000000000000, 0.000000000000000000 ) ) ;
#4952 = ADVANCED_FACE ( 'NONE', ( #274 ), #453, .T. ) ;
#4953 = EDGE_CURVE ( 'NONE', #1931, #5652, #949, .T. ) ;
#4954 = SURFACE_SIDE_STYLE ('',( #2433 ) ) ;
#4955 = LINE ( 'NONE', #2225, #5008 ) ;
#4956 = DIRECTION ( 'NONE',  ( 0.000000000000000000, 0.000000000000000000, 1.000000000000000000 ) ) ;
#4957 = DIRECTION ( 'NONE',  ( 0.000000000000000000, -1.000000000000000000, 0.000000000000000000 ) ) ;
#4958 = CARTESIAN_POINT ( 'NONE',  ( 0.1799999928469999955, 0.000000000000000000, 0.2250000029800000023 ) ) ;
#4959 = EDGE_CURVE ( 'NONE', #443, #6093, #6074, .T. ) ;
#4960 = CARTESIAN_POINT ( 'NONE',  ( -0.1199999952320000007, 0.2999999880790000240, 0.4499999940400000176 ) ) ;
#4961 = FILL_AREA_STYLE_COLOUR ( '', #1754 ) ;
#4962 = DIRECTION ( 'NONE',  ( 0.000000000000000000, 0.000000000000000000, -1.000000000000000000 ) ) ;
#4963 = DIRECTION ( 'NONE',  ( -1.000000000000000000, 0.000000000000000000, 1.807003620808999850E-16 ) ) ;
#4964 = EDGE_LOOP ( 'NONE', ( #5340, #5832, #1101, #6010 ) ) ;
#4965 = ORIENTED_EDGE ( 'NONE', *, *, #3716, .F. ) ;
#4966 = EDGE_CURVE ( 'NONE', #868, #2541, #57, .T. ) ;
#4967 = CARTESIAN_POINT ( 'NONE',  ( 0.5999999761580000479, -0.4999999801319999770, 0.1000000079469999942 ) ) ;
#4968 = DIRECTION ( 'NONE',  ( 0.000000000000000000, 0.000000000000000000, -1.000000000000000000 ) ) ;
#4969 = LINE ( 'NONE', #2544, #2092 ) ;
#4970 = ORIENTED_EDGE ( 'NONE', *, *, #2592, .T. ) ;
#4971 = DIRECTION ( 'NONE',  ( 0.000000000000000000, 1.000000000000000000, 0.000000000000000000 ) ) ;
#4972 = ORIENTED_EDGE ( 'NONE', *, *, #2090, .T. ) ;
#4973 = FACE_OUTER_BOUND ( 'NONE', #5183, .T. ) ;
#4974 = DIRECTION ( 'NONE',  ( 0.000000000000000000, -3.614007241618000193E-16, -1.000000000000000000 ) ) ;
#4976 = ORIENTED_EDGE ( 'NONE', *, *, #331, .T. ) ;
#4975 = DIRECTION ( 'NONE',  ( 0.000000000000000000, 1.000000000000000000, 0.000000000000000000 ) ) ;
#4977 = EDGE_LOOP ( 'NONE', ( #1241, #2963, #5174, #6017 ) ) ;
#4978 = VECTOR ( 'NONE', #3184, 1000.000000000000000 ) ;
#4979 = ORIENTED_EDGE ( 'NONE', *, *, #2105, .T. ) ;
#4980 = ORIENTED_EDGE ( 'NONE', *, *, #4966, .F. ) ;
#4981 = CARTESIAN_POINT ( 'NONE',  ( -0.2699999892709999960, -0.2399999904629999958, 1.192092846658000078E-08 ) ) ;
#4982 = COLOUR_RGB ( '',0.5019607843137254832, 0.5019607843137254832, 0.5019607843137254832 ) ;
#4983 = DIRECTION ( 'NONE',  ( -1.000000000000000000, 0.000000000000000000, 0.000000000000000000 ) ) ;
#4984 = DIRECTION ( 'NONE',  ( 0.000000000000000000, 1.000000000000000000, 0.000000000000000000 ) ) ;
#4985 = ADVANCED_FACE ( 'NONE', ( #4044 ), #3448, .T. ) ;
#4986 = AXIS2_PLACEMENT_3D ( 'NONE', #5812, #617, #2561 ) ;
#4987 = ORIENTED_EDGE ( 'NONE', *, *, #1505, .F. ) ;
#4988 = DIRECTION ( 'NONE',  ( 0.000000000000000000, 0.000000000000000000, -1.000000000000000000 ) ) ;
#4989 = MECHANICAL_DESIGN_GEOMETRIC_PRESENTATION_REPRESENTATION (  '', ( #3034 ), #139 ) ;
#4990 = CARTESIAN_POINT ( 'NONE',  ( 0.5999999761580000479, 0.1399999944370000082, 1.192092846658000078E-08 ) ) ;
#4991 = DIRECTION ( 'NONE',  ( 0.000000000000000000, 0.000000000000000000, -1.000000000000000000 ) ) ;
#4992 = EDGE_CURVE ( 'NONE', #2303, #269, #5936, .T. ) ;
#4993 = ADVANCED_FACE ( 'NONE', ( #1177 ), #3745, .T. ) ;
#4994 = VERTEX_POINT ( 'NONE', #708 ) ;
#4995 = CARTESIAN_POINT ( 'NONE',  ( 0.1449999942380000295, 0.4499999821190000526, 0.4499999940400000176 ) ) ;
#4996 = LINE ( 'NONE', #3677, #2984 ) ;
#4997 = CARTESIAN_POINT ( 'NONE',  ( -0.5999999761580000479, -0.1399999944370000082, 1.192092846658000078E-08 ) ) ;
#4998 = ORIENTED_EDGE ( 'NONE', *, *, #5173, .F. ) ;
#4999 = LINE ( 'NONE', #2215, #4443 ) ;
#5000 = AXIS2_PLACEMENT_3D ( 'NONE', #3916, #135, #1076 ) ;
#5001 = ORIENTED_EDGE ( 'NONE', *, *, #1253, .F. ) ;
#5002 = ADVANCED_FACE ( 'NONE', ( #5466 ), #2620, .T. ) ;
#5003 = AXIS2_PLACEMENT_3D ( 'NONE', #5166, #2293, #1860 ) ;
#5004 = DIRECTION ( 'NONE',  ( 0.000000000000000000, 0.000000000000000000, -1.000000000000000000 ) ) ;
#5005 = CARTESIAN_POINT ( 'NONE',  ( 0.000000000000000000, 0.000000000000000000, 1.192092846658000078E-08 ) ) ;
#5006 = CYLINDRICAL_SURFACE ( 'NONE', #1245, 0.02499999900659001170 ) ;
#5007 = VECTOR ( 'NONE', #1880, 1000.000000000000114 ) ;
#5008 = VECTOR ( 'NONE', #5013, 1000.000000000000000 ) ;
#5009 = CIRCLE ( 'NONE', #5791, 0.02499999900659001170 ) ;
#5010 = DIRECTION ( 'NONE',  ( 0.000000000000000000, 0.000000000000000000, 1.000000000000000000 ) ) ;
#5011 = CIRCLE ( 'NONE', #4129, 0.02499999900658995966 ) ;
#5012 = DIRECTION ( 'NONE',  ( 0.000000000000000000, 0.000000000000000000, -1.000000000000000000 ) ) ;
#5013 = DIRECTION ( 'NONE',  ( 0.000000000000000000, 1.000000000000000000, 0.000000000000000000 ) ) ;
#5014 = CARTESIAN_POINT ( 'NONE',  ( 0.2699999892709999960, 0.4999999801319999770, 1.192092846658000078E-08 ) ) ;
#5015 = LINE ( 'NONE', #4126, #1324 ) ;
#5016 = AXIS2_PLACEMENT_3D ( 'NONE', #4472, #5953, #2173 ) ;
#5017 = AXIS2_PLACEMENT_3D ( 'NONE', #2914, #3737, #4265 ) ;
#5018 = CIRCLE ( 'NONE', #2354, 0.1174585588670000180 ) ;
#5019 = AXIS2_PLACEMENT_3D ( 'NONE', #5414, #1206, #2198 ) ;
#5020 = DIRECTION ( 'NONE',  ( 0.000000000000000000, 0.000000000000000000, 1.000000000000000000 ) ) ;
#5021 = ADVANCED_FACE ( 'NONE', ( #3632 ), #3578, .T. ) ;
#5022 = AXIS2_PLACEMENT_3D ( 'NONE', #1095, #122, #4452 ) ;
#5023 =( NAMED_UNIT ( * ) SI_UNIT ( $, .STERADIAN. ) SOLID_ANGLE_UNIT ( ) );
#5024 = CARTESIAN_POINT ( 'NONE',  ( 0.2699999892709999960, -0.2399999904629999958, 0.2000000039739999735 ) ) ;
#5025 = AXIS2_PLACEMENT_3D ( 'NONE', #1165, #3567, #2679 ) ;
#5026 = ORIENTED_EDGE ( 'NONE', *, *, #3025, .F. ) ;
#5027 = PLANE ( 'NONE',  #3437 ) ;
#5028 = ADVANCED_FACE ( 'NONE', ( #5494 ), #4620, .T. ) ;
#5029 = COLOUR_RGB ( '',0.9882352941176471006, 0.7372549019607843590, 0.5176470588235293491 ) ;
#5030 = ADVANCED_FACE ( 'NONE', ( #3311 ), #6099, .T. ) ;
#5031 = CARTESIAN_POINT ( 'NONE',  ( -0.2699999892709999960, 0.4999999801319999770, 1.192092846658000078E-08 ) ) ;
#5032 = CARTESIAN_POINT ( 'NONE',  ( 0.1799999928469999955, 0.000000000000000000, 0.2000000039739999735 ) ) ;
#5033 = EDGE_LOOP ( 'NONE', ( #717, #3772, #6040, #2596 ) ) ;
#5034 = AXIS2_PLACEMENT_3D ( 'NONE', #4292, #5143, #962 ) ;
#5035 = FILL_AREA_STYLE ('',( #2797 ) ) ;
#5036 = ADVANCED_FACE ( 'NONE', ( #34 ), #5105, .T. ) ;
#5037 =( NAMED_UNIT ( * ) PLANE_ANGLE_UNIT ( ) SI_UNIT ( $, .RADIAN. ) );
#5038 = CIRCLE ( 'NONE', #3665, 0.1249999950329999943 ) ;
#5039 = CARTESIAN_POINT ( 'NONE',  ( 0.08499999662240000087, 0.4499999821190000526, 0.4499999940400000176 ) ) ;
#5040 = TOROIDAL_SURFACE ( 'NONE', #2379, 0.1499999940400000287, 0.02499999900658999782 ) ;
#5041 = CARTESIAN_POINT ( 'NONE',  ( -0.2699999892709999960, -0.2999999880790000240, 0.5499999900659999774 ) ) ;
#5042 = CIRCLE ( 'NONE', #3886, 0.02499999900659001170 ) ;
#5043 = EDGE_CURVE ( 'NONE', #3028, #4495, #4916, .T. ) ;
#5044 = CARTESIAN_POINT ( 'NONE',  ( 0.05999999761580999957, 0.2999999880790000240, 0.3499999980130000243 ) ) ;
#5045 = DIRECTION ( 'NONE',  ( 0.000000000000000000, 0.000000000000000000, -1.000000000000000000 ) ) ;
#5046 = CARTESIAN_POINT ( 'NONE',  ( -0.2699999892709999960, -0.4999999801319999770, 0.1000000079469999942 ) ) ;
#5047 = DIRECTION ( 'NONE',  ( 0.000000000000000000, 1.000000000000000000, 0.000000000000000000 ) ) ;
#5048 = CIRCLE ( 'NONE', #2697, 0.1749999930459999464 ) ;
#5049 =( NAMED_UNIT ( * ) SI_UNIT ( $, .STERADIAN. ) SOLID_ANGLE_UNIT ( ) );
#5050 = DIRECTION ( 'NONE',  ( 0.000000000000000000, 0.000000000000000000, -1.000000000000000000 ) ) ;
#5051 = DIRECTION ( 'NONE',  ( 0.000000000000000000, -1.000000000000000000, 0.000000000000000000 ) ) ;
#5052 = CARTESIAN_POINT ( 'NONE',  ( -0.2699999892709999960, -0.2399999904629999958, 0.1000000079469999942 ) ) ;
#5053 = VERTEX_POINT ( 'NONE', #105 ) ;
#5054 = DIRECTION ( 'NONE',  ( 0.7071067811865475727, -0.7071067811865475727, -2.299940125023528105E-16 ) ) ;
#5055 = CARTESIAN_POINT ( 'NONE',  ( 0.05999999761580999957, 0.000000000000000000, 0.2000000039739999735 ) ) ;
#5056 = LINE ( 'NONE', #1797, #4565 ) ;
#5057 = ORIENTED_EDGE ( 'NONE', *, *, #4733, .T. ) ;
#5058 = DIRECTION ( 'NONE',  ( 0.000000000000000000, 0.000000000000000000, -1.000000000000000000 ) ) ;
#5059 = ADVANCED_FACE ( 'NONE', ( #938 ), #1939, .F. ) ;
#5060 = EDGE_CURVE ( 'NONE', #1409, #3749, #3640, .T. ) ;
#5061 = FILL_AREA_STYLE ('',( #901 ) ) ;
#5062 = CARTESIAN_POINT ( 'NONE',  ( 0.5999999761580000479, 0.1399999944370000082, 1.192092846658000078E-08 ) ) ;
#5063 = EDGE_CURVE ( 'NONE', #5434, #1600, #2344, .T. ) ;
#5064 = ORIENTED_EDGE ( 'NONE', *, *, #3493, .F. ) ;
#5065 = VERTEX_POINT ( 'NONE', #539 ) ;
#5066 = DIRECTION ( 'NONE',  ( -1.000000000000000000, 0.000000000000000000, 0.000000000000000000 ) ) ;
#5067 = DIRECTION ( 'NONE',  ( 0.000000000000000000, 0.000000000000000000, 1.000000000000000000 ) ) ;
#5068 = CARTESIAN_POINT ( 'NONE',  ( -0.3699999852979999893, 0.1399999944370000082, 0.2000000039739999735 ) ) ;
#5069 = DIRECTION ( 'NONE',  ( -0.7071067811865474617, -0.7071067811865474617, 0.000000000000000000 ) ) ;
#5070 = LINE ( 'NONE', #4958, #1091 ) ;
#5071 = EDGE_CURVE ( 'NONE', #3926, #4244, #1009, .T. ) ;
#5072 = AXIS2_PLACEMENT_3D ( 'NONE', #1490, #5162, #5715 ) ;
#5073 = LINE ( 'NONE', #2182, #5334 ) ;
#5074 = SURFACE_STYLE_FILL_AREA ( #3208 ) ;
#5075 =( NAMED_UNIT ( * ) PLANE_ANGLE_UNIT ( ) SI_UNIT ( $, .RADIAN. ) );
#5076 = AXIS2_PLACEMENT_3D ( 'NONE', #828, #280, #2749 ) ;
#5077 = ORIENTED_EDGE ( 'NONE', *, *, #862, .T. ) ;
#5078 = CIRCLE ( 'NONE', #4016, 0.02499999900659001170 ) ;
#5079 = CYLINDRICAL_SURFACE ( 'NONE', #1248, 0.02499999900659001170 ) ;
#5080 = DIRECTION ( 'NONE',  ( 0.000000000000000000, -1.000000000000000000, 0.000000000000000000 ) ) ;
#5081 = DIRECTION ( 'NONE',  ( -1.000000000000000000, 0.000000000000000000, 0.000000000000000000 ) ) ;
#5082 = DIRECTION ( 'NONE',  ( 1.000000000000000000, 0.000000000000000000, 0.000000000000000000 ) ) ;
#5083 = EDGE_LOOP ( 'NONE', ( #72, #2896, #1537, #4242 ) ) ;
#5084 = DIRECTION ( 'NONE',  ( 0.000000000000000000, 0.000000000000000000, 1.000000000000000000 ) ) ;
#5085 = ORIENTED_EDGE ( 'NONE', *, *, #4393, .T. ) ;
#5086 = ORIENTED_EDGE ( 'NONE', *, *, #2711, .F. ) ;
#5087 = AXIS2_PLACEMENT_3D ( 'NONE', #5776, #1630, #5742 ) ;
#5088 = CARTESIAN_POINT ( 'NONE',  ( 0.05999999761580999957, 0.4249999831119999905, 0.4499999940400000176 ) ) ;
#5089 = CIRCLE ( 'NONE', #5870, 0.02499999900659001170 ) ;
#5090 = DIRECTION ( 'NONE',  ( 0.000000000000000000, 0.000000000000000000, -1.000000000000000000 ) ) ;
#5091 = EDGE_CURVE ( 'NONE', #1824, #5982, #1977, .T. ) ;
#5092 = CARTESIAN_POINT ( 'NONE',  ( -0.5999999761580000479, -0.1399999944370000082, 0.2000000039739999735 ) ) ;
#5093 = AXIS2_PLACEMENT_3D ( 'NONE', #1698, #2618, #1584 ) ;
#5094 = DIRECTION ( 'NONE',  ( -3.252606517456999931E-16, 0.000000000000000000, -1.000000000000000000 ) ) ;
#5095 = CARTESIAN_POINT ( 'NONE',  ( -0.5999999761580000479, -0.4999999801319999770, 0.1000000079469999942 ) ) ;
#5096 = EDGE_CURVE ( 'NONE', #2923, #1200, #5276, .T. ) ;
#5097 = VECTOR ( 'NONE', #4380, 1000.000000000000000 ) ;
#5098 = EDGE_CURVE ( 'NONE', #512, #3738, #1952, .T. ) ;
#5099 = CARTESIAN_POINT ( 'NONE',  ( -0.2699999892709999960, 0.2399999904629999958, 0.2000000039739999735 ) ) ;
#5100 = SURFACE_STYLE_USAGE ( .BOTH. , #948 ) ;
#5101 = TOROIDAL_SURFACE ( 'NONE', #2557, 0.1499999940400000287, 0.02499999900658999782 ) ;
#5102 = DIRECTION ( 'NONE',  ( 0.000000000000000000, 1.000000000000000000, 0.000000000000000000 ) ) ;
#5103 = DIRECTION ( 'NONE',  ( 0.000000000000000000, 0.000000000000000000, 1.000000000000000000 ) ) ;
#5104 = PLANE ( 'NONE',  #2729 ) ;
#5105 = TOROIDAL_SURFACE ( 'NONE', #5488, 0.1499999940400000287, 0.02499999900658999782 ) ;
#5106 = DIRECTION ( 'NONE',  ( 0.000000000000000000, -3.614007241618000193E-16, -1.000000000000000000 ) ) ;
#5107 = CIRCLE ( 'NONE', #4048, 0.02499999900659001170 ) ;
#5108 = VECTOR ( 'NONE', #5624, 1000.000000000000000 ) ;
#5109 =( GEOMETRIC_REPRESENTATION_CONTEXT ( 3 ) GLOBAL_UNCERTAINTY_ASSIGNED_CONTEXT ( ( #5253 ) ) GLOBAL_UNIT_ASSIGNED_CONTEXT ( ( #2062, #4365, #5818 ) ) REPRESENTATION_CONTEXT ( 'NONE', 'WORKASPACE' ) );
#5110 = CARTESIAN_POINT ( 'NONE',  ( -0.3417475510149999840, -0.2437334591960000074, 0.7899999805290000010 ) ) ;
#5111 = FACE_OUTER_BOUND ( 'NONE', #108, .T. ) ;
#5112 = CARTESIAN_POINT ( 'NONE',  ( 0.1199999952320000007, -0.2999999880790000240, 0.2000000039739999735 ) ) ;
#5113 = EDGE_CURVE ( 'NONE', #4887, #5165, #5630, .T. ) ;
#5114 = DIRECTION ( 'NONE',  ( 0.000000000000000000, 0.000000000000000000, -1.000000000000000000 ) ) ;
#5115 = EDGE_LOOP ( 'NONE', ( #124, #2400, #1460, #4655 ) ) ;
#5116 = DIRECTION ( 'NONE',  ( 1.000000000000000000, 0.000000000000000000, 0.000000000000000000 ) ) ;
#5117 = ORIENTED_EDGE ( 'NONE', *, *, #2512, .T. ) ;
#5118 = EDGE_LOOP ( 'NONE', ( #1149, #4331, #2615, #2956, #5086 ) ) ;
#5119 = DIRECTION ( 'NONE',  ( 0.000000000000000000, 0.000000000000000000, 1.000000000000000000 ) ) ;
#5120 = PRESENTATION_STYLE_ASSIGNMENT (( #2278 ) ) ;
#5121 = DIRECTION ( 'NONE',  ( 0.000000000000000000, 0.000000000000000000, 1.000000000000000000 ) ) ;
#5122 = ORIENTED_EDGE ( 'NONE', *, *, #2641, .F. ) ;
#5123 = ORIENTED_EDGE ( 'NONE', *, *, #4953, .T. ) ;
#5124 = ORIENTED_EDGE ( 'NONE', *, *, #5133, .F. ) ;
#5125 = DIRECTION ( 'NONE',  ( 1.000000000000000000, 0.000000000000000000, -3.252606517456999931E-16 ) ) ;
#5126 = AXIS2_PLACEMENT_3D ( 'NONE', #621, #2118, #5871 ) ;
#5127 = CARTESIAN_POINT ( 'NONE',  ( -0.05999999761580999957, 0.2999999880790000240, 0.5999999880789999018 ) ) ;
#5128 = ORIENTED_EDGE ( 'NONE', *, *, #3062, .T. ) ;
#5129 = CARTESIAN_POINT ( 'NONE',  ( 0.000000000000000000, 0.1399999944370000082, 0.1000000079469999942 ) ) ;
#5130 =( LENGTH_UNIT ( ) NAMED_UNIT ( * ) SI_UNIT ( .MILLI., .METRE. ) );
#5131 = EDGE_CURVE ( 'NONE', #2570, #1197, #846, .T. ) ;
#5132 = CIRCLE ( 'NONE', #4752, 0.1749999930459999464 ) ;
#5133 = EDGE_CURVE ( 'NONE', #1409, #512, #631, .T. ) ;
#5134 = FACE_OUTER_BOUND ( 'NONE', #1962, .T. ) ;
#5135 =( NAMED_UNIT ( * ) PLANE_ANGLE_UNIT ( ) SI_UNIT ( $, .RADIAN. ) );
#5136 = CARTESIAN_POINT ( 'NONE',  ( -0.05999999761580999957, 0.4499999821190000526, 0.3499999980130000243 ) ) ;
#5137 = DIRECTION ( 'NONE',  ( 0.000000000000000000, 0.000000000000000000, -1.000000000000000000 ) ) ;
#5138 = PRODUCT_DEFINITION_FORMATION_WITH_SPECIFIED_SOURCE ( '任何', '', #4869, .NOT_KNOWN. ) ;
#5139 = ORIENTED_EDGE ( 'NONE', *, *, #6002, .F. ) ;
#5140 = TOROIDAL_SURFACE ( 'NONE', #996, 0.1499999940400000287, 0.02499999900658999782 ) ;
#5141 = ORIENTED_EDGE ( 'NONE', *, *, #1021, .F. ) ;
#5142 = CARTESIAN_POINT ( 'NONE',  ( 0.05999999761580999957, 0.4499999821190000526, 0.4499999940400000176 ) ) ;
#5143 = DIRECTION ( 'NONE',  ( -0.000000000000000000, 1.000000000000000000, 0.000000000000000000 ) ) ;
#5144 = CARTESIAN_POINT ( 'NONE',  ( -0.5999999761580000479, 0.4999999801319999770, 1.192092846658000078E-08 ) ) ;
#5145 = ORIENTED_EDGE ( 'NONE', *, *, #3292, .F. ) ;
#5146 = CYLINDRICAL_SURFACE ( 'NONE', #5164, 0.02499999900658995966 ) ;
#5147 = ORIENTED_EDGE ( 'NONE', *, *, #1692, .F. ) ;
#5148 = ORIENTED_EDGE ( 'NONE', *, *, #4850, .F. ) ;
#5149 = EDGE_CURVE ( 'NONE', #2214, #1898, #4517, .T. ) ;
#5150 = ORIENTED_EDGE ( 'NONE', *, *, #603, .F. ) ;
#5151 = DIRECTION ( 'NONE',  ( 0.000000000000000000, -1.000000000000000000, 0.000000000000000000 ) ) ;
#5152 = DIRECTION ( 'NONE',  ( -1.000000000000000000, 0.000000000000000000, 0.000000000000000000 ) ) ;
#5153 = PLANE ( 'NONE',  #5474 ) ;
#5154 = EDGE_LOOP ( 'NONE', ( #2192, #1385, #3008, #5304 ) ) ;
#5155 = ORIENTED_EDGE ( 'NONE', *, *, #515, .T. ) ;
#5156 = LINE ( 'NONE', #1482, #753 ) ;
#5157 = ORIENTED_EDGE ( 'NONE', *, *, #2475, .T. ) ;
#5158 = LINE ( 'NONE', #3817, #2221 ) ;
#5159 = DIRECTION ( 'NONE',  ( -1.000000000000000000, 0.000000000000000000, 0.000000000000000000 ) ) ;
#5160 = CYLINDRICAL_SURFACE ( 'NONE', #5235, 0.02499999900659001170 ) ;
#5161 = DIRECTION ( 'NONE',  ( 0.000000000000000000, 0.000000000000000000, 1.000000000000000000 ) ) ;
#5162 = DIRECTION ( 'NONE',  ( 0.000000000000000000, 0.000000000000000000, -1.000000000000000000 ) ) ;
#5163 = EDGE_CURVE ( 'NONE', #1499, #3908, #2160, .T. ) ;
#5164 = AXIS2_PLACEMENT_3D ( 'NONE', #1400, #3305, #2844 ) ;
#5165 = VERTEX_POINT ( 'NONE', #4911 ) ;
#5166 = CARTESIAN_POINT ( 'NONE',  ( 0.05999999761580999957, -0.2999999880790000240, 0.2000000039739999735 ) ) ;
#5167 = DIRECTION ( 'NONE',  ( 0.000000000000000000, 1.000000000000000000, 0.000000000000000000 ) ) ;
#5168 = VECTOR ( 'NONE', #4253, 1000.000000000000000 ) ;
#5169 = DIRECTION ( 'NONE',  ( 0.000000000000000000, 0.000000000000000000, -1.000000000000000000 ) ) ;
#5170 = ORIENTED_EDGE ( 'NONE', *, *, #2124, .T. ) ;
#5171 = DIRECTION ( 'NONE',  ( 3.252606517456999931E-16, 0.000000000000000000, 1.000000000000000000 ) ) ;
#5172 = EDGE_CURVE ( 'NONE', #3972, #1092, #5009, .T. ) ;
#5173 = EDGE_CURVE ( 'NONE', #5190, #4485, #1625, .T. ) ;
#5174 = ORIENTED_EDGE ( 'NONE', *, *, #5163, .T. ) ;
#5175 = VECTOR ( 'NONE', #3491, 1000.000000000000000 ) ;
#5176 = ORIENTED_EDGE ( 'NONE', *, *, #926, .F. ) ;
#5177 = PLANE ( 'NONE',  #1172 ) ;
#5178 = DIRECTION ( 'NONE',  ( 0.000000000000000000, 1.000000000000000000, 0.000000000000000000 ) ) ;
#5179 = DIRECTION ( 'NONE',  ( 0.000000000000000000, 0.000000000000000000, -1.000000000000000000 ) ) ;
#5180 = VECTOR ( 'NONE', #4439, 1000.000000000000000 ) ;
#5181 = EDGE_CURVE ( 'NONE', #3442, #344, #4399, .T. ) ;
#5182 = CARTESIAN_POINT ( 'NONE',  ( -0.05999999761580999957, -0.4499999821190000526, 0.4499999940400000176 ) ) ;
#5183 = EDGE_LOOP ( 'NONE', ( #3664, #1971, #5632, #5596 ) ) ;
#5184 = ORIENTED_EDGE ( 'NONE', *, *, #3678, .T. ) ;
#5185 = UNCERTAINTY_MEASURE_WITH_UNIT (LENGTH_MEASURE( 1.000000000000000082E-05 ), #3858, 'distance_accuracy_value', 'NONE');
#5186 = AXIS2_PLACEMENT_3D ( 'NONE', #5734, #2486, #4375 ) ;
#5187 = VERTEX_POINT ( 'NONE', #1534 ) ;
#5188 = DIRECTION ( 'NONE',  ( 0.000000000000000000, 0.000000000000000000, 1.000000000000000000 ) ) ;
#5189 = PLANE ( 'NONE',  #5883 ) ;
#5190 = VERTEX_POINT ( 'NONE', #3529 ) ;
#5191 = AXIS2_PLACEMENT_3D ( 'NONE', #5110, #4259, #6086 ) ;
#5192 = AXIS2_PLACEMENT_3D ( 'NONE', #4895, #3604, #1209 ) ;
#5193 = DIRECTION ( 'NONE',  ( 0.000000000000000000, 1.000000000000000000, 0.000000000000000000 ) ) ;
#5194 = SURFACE_STYLE_USAGE ( .BOTH. , #420 ) ;
#5195 = DIRECTION ( 'NONE',  ( -1.000000000000000000, 0.000000000000000000, 0.000000000000000000 ) ) ;
#5196 = CARTESIAN_POINT ( 'NONE',  ( 0.02499999900658999782, 0.4499999821190000526, 0.3499999980130000243 ) ) ;
#5197 = ORIENTED_EDGE ( 'NONE', *, *, #2622, .T. ) ;
#5198 = EDGE_CURVE ( 'NONE', #5527, #3345, #664, .T. ) ;
#5199 = ORIENTED_EDGE ( 'NONE', *, *, #4300, .T. ) ;
#5200 = LINE ( 'NONE', #3300, #4907 ) ;
#5201 = MECHANICAL_DESIGN_GEOMETRIC_PRESENTATION_REPRESENTATION (  '', ( #3060 ), #1747 ) ;
#5202 = TOROIDAL_SURFACE ( 'NONE', #6082, 0.1499999940400000287, 0.02499999900658999782 ) ;
#5203 = SURFACE_STYLE_USAGE ( .BOTH. , #5594 ) ;
#5204 = CARTESIAN_POINT ( 'NONE',  ( 0.1799999928469999955, 0.4499999821190000526, 0.3499999980130000243 ) ) ;
#5205 = ORIENTED_EDGE ( 'NONE', *, *, #4480, .F. ) ;
#5206 = LINE ( 'NONE', #432, #5798 ) ;
#5207 = VERTEX_POINT ( 'NONE', #4001 ) ;
#5208 = CIRCLE ( 'NONE', #5498, 0.1749999930459999464 ) ;
#5209 = EDGE_CURVE ( 'NONE', #1357, #3581, #5855, .T. ) ;
#5210 = EDGE_CURVE ( 'NONE', #895, #2000, #259, .T. ) ;
#5211 = CARTESIAN_POINT ( 'NONE',  ( 0.09499999622504000374, 0.4499999821190000526, 0.3499999980130000243 ) ) ;
#5212 = AXIS2_PLACEMENT_3D ( 'NONE', #2134, #5802, #3132 ) ;
#5213 = CARTESIAN_POINT ( 'NONE',  ( -0.05999999761580999957, 0.2999999880790000240, 0.3499999980130000243 ) ) ;
#5214 = FILL_AREA_STYLE ('',( #1320 ) ) ;
#5215 = CARTESIAN_POINT ( 'NONE',  ( 0.5999999761580000479, 0.4999999801319999770, 0.5999999880789999018 ) ) ;
#5216 =( GEOMETRIC_REPRESENTATION_CONTEXT ( 3 ) GLOBAL_UNCERTAINTY_ASSIGNED_CONTEXT ( ( #4277 ) ) GLOBAL_UNIT_ASSIGNED_CONTEXT ( ( #310, #5872, #2206 ) ) REPRESENTATION_CONTEXT ( 'NONE', 'WORKASPACE' ) );
#5217 = DIRECTION ( 'NONE',  ( -1.000000000000000000, 0.000000000000000000, 0.000000000000000000 ) ) ;
#5218 = VERTEX_POINT ( 'NONE', #4028 ) ;
#5219 = ORIENTED_EDGE ( 'NONE', *, *, #4919, .F. ) ;
#5220 = PRESENTATION_LAYER_ASSIGNMENT (  '', '', ( #1758 ) ) ;
#5221 = EDGE_CURVE ( 'NONE', #3010, #5207, #1260, .T. ) ;
#5222 = ORIENTED_EDGE ( 'NONE', *, *, #6031, .F. ) ;
#5223 = DIRECTION ( 'NONE',  ( 1.807003620808999850E-16, 0.000000000000000000, 1.000000000000000000 ) ) ;
#5224 = FACE_OUTER_BOUND ( 'NONE', #2631, .T. ) ;
#5225 = MECHANICAL_DESIGN_GEOMETRIC_PRESENTATION_REPRESENTATION (  '', ( #2776 ), #2481 ) ;
#5227 = ORIENTED_EDGE ( 'NONE', *, *, #907, .F. ) ;
#5226 = PRESENTATION_STYLE_ASSIGNMENT (( #5669 ) ) ;
#5228 = AXIS2_PLACEMENT_3D ( 'NONE', #3004, #2093, #4901 ) ;
#5229 = EDGE_CURVE ( 'NONE', #3028, #1281, #3977, .T. ) ;
#5230 = DIRECTION ( 'NONE',  ( 0.000000000000000000, 0.000000000000000000, -1.000000000000000000 ) ) ;
#5231 = DIRECTION ( 'NONE',  ( 0.000000000000000000, -1.084202172486000036E-15, 1.000000000000000000 ) ) ;
#5232 = DIRECTION ( 'NONE',  ( 0.000000000000000000, -1.084202172486000036E-15, 1.000000000000000000 ) ) ;
#5233 = TOROIDAL_SURFACE ( 'NONE', #3574, 0.1499999940400000287, 0.02499999900658999782 ) ;
#5234 = DIRECTION ( 'NONE',  ( -1.000000000000000000, 0.000000000000000000, 0.000000000000000000 ) ) ;
#5235 = AXIS2_PLACEMENT_3D ( 'NONE', #16, #2832, #5230 ) ;
#5236 = ORIENTED_EDGE ( 'NONE', *, *, #633, .F. ) ;
#5237 = VERTEX_POINT ( 'NONE', #2988 ) ;
#5238 = CARTESIAN_POINT ( 'NONE',  ( 0.1799999928469999955, -0.2999999880790000240, 0.6249999870859999085 ) ) ;
#5239 = FACE_OUTER_BOUND ( 'NONE', #2034, .T. ) ;
#5240 = CARTESIAN_POINT ( 'NONE',  ( -0.2699999892709999960, 0.2399999904629999958, 1.192092846658000078E-08 ) ) ;
#5241 = ORIENTED_EDGE ( 'NONE', *, *, #2796, .F. ) ;
#5242 = CARTESIAN_POINT ( 'NONE',  ( -0.5999999761580000479, -0.1399999944370000082, 1.192092857760000037E-08 ) ) ;
#5243 = ORIENTED_EDGE ( 'NONE', *, *, #4851, .F. ) ;
#5244 = VERTEX_POINT ( 'NONE', #205 ) ;
#5245 =( NAMED_UNIT ( * ) PLANE_ANGLE_UNIT ( ) SI_UNIT ( $, .RADIAN. ) );
#5246 = FACE_OUTER_BOUND ( 'NONE', #3003, .T. ) ;
#5247 = PRESENTATION_STYLE_ASSIGNMENT (( #3439 ) ) ;
#5248 = CARTESIAN_POINT ( 'NONE',  ( 0.05999999761580999957, -0.2999999880790000240, 0.3499999980130000243 ) ) ;
#5249 = DIRECTION ( 'NONE',  ( -1.000000000000000000, 0.000000000000000000, 3.252606517456999931E-16 ) ) ;
#5250 = ORIENTED_EDGE ( 'NONE', *, *, #1430, .F. ) ;
#5251 = EDGE_CURVE ( 'NONE', #5563, #5544, #2056, .T. ) ;
#5252 = ORIENTED_EDGE ( 'NONE', *, *, #4733, .F. ) ;
#5253 = UNCERTAINTY_MEASURE_WITH_UNIT (LENGTH_MEASURE( 1.000000000000000082E-05 ), #2062, 'distance_accuracy_value', 'NONE');
#5254 = VERTEX_POINT ( 'NONE', #606 ) ;
#5255 = FACE_OUTER_BOUND ( 'NONE', #480, .T. ) ;
#5257 = ORIENTED_EDGE ( 'NONE', *, *, #1485, .F. ) ;
#5256 = CARTESIAN_POINT ( 'NONE',  ( 0.2699999892709999960, 0.4999999801319999770, 1.192092846658000078E-08 ) ) ;
#5258 = ADVANCED_FACE ( 'NONE', ( #3946 ), #1576, .T. ) ;
#5259 = CARTESIAN_POINT ( 'NONE',  ( 3.061616876211000089E-18, -0.2999999880790000240, 0.3499999980130000243 ) ) ;
#5260 = DIRECTION ( 'NONE',  ( -1.000000000000000000, 0.000000000000000000, 0.000000000000000000 ) ) ;
#5261 = CYLINDRICAL_SURFACE ( 'NONE', #4195, 0.02499999900658999435 ) ;
#5262 = DIRECTION ( 'NONE',  ( 1.000000000000000000, 8.213652821859998425E-17, 0.000000000000000000 ) ) ;
#5263 = PRODUCT_DEFINITION_CONTEXT ( 'detailed design', #285, 'design' ) ;
#5264 = ADVANCED_FACE ( 'NONE', ( #4550 ), #3654, .T. ) ;
#5265 = VERTEX_POINT ( 'NONE', #4091 ) ;
#5266 = DIRECTION ( 'NONE',  ( -1.000000000000000000, 0.000000000000000000, 1.807003620808999850E-16 ) ) ;
#5267 = CARTESIAN_POINT ( 'NONE',  ( -0.1799999928469999955, -0.2999999880790000240, 0.5749999890720000062 ) ) ;
#5268 = CARTESIAN_POINT ( 'NONE',  ( -0.1799999928469999955, 0.2999999880790000240, 0.5999999880789999018 ) ) ;
#5269 = LINE ( 'NONE', #1464, #3156 ) ;
#5270 = EDGE_LOOP ( 'NONE', ( #2383, #2242, #1822, #2735 ) ) ;
#5271 = DIRECTION ( 'NONE',  ( 0.000000000000000000, 1.000000000000000000, 0.000000000000000000 ) ) ;
#5272 = EDGE_LOOP ( 'NONE', ( #4564, #3554, #4605, #4661 ) ) ;
#5273 = VERTEX_POINT ( 'NONE', #5542 ) ;
#5274 = CARTESIAN_POINT ( 'NONE',  ( 0.05999999761580999957, 0.2999999880790000240, 0.2250000029800000023 ) ) ;
#5275 = DIRECTION ( 'NONE',  ( -1.000000000000000000, 0.000000000000000000, 0.000000000000000000 ) ) ;
#5276 = LINE ( 'NONE', #2381, #4222 ) ;
#5277 = ORIENTED_EDGE ( 'NONE', *, *, #5554, .T. ) ;
#5278 = ORIENTED_EDGE ( 'NONE', *, *, #4817, .F. ) ;
#5279 = VERTEX_POINT ( 'NONE', #757 ) ;
#5280 = AXIS2_PLACEMENT_3D ( 'NONE', #366, #5584, #3235 ) ;
#5281 = EDGE_LOOP ( 'NONE', ( #3827, #4637, #1336, #4458, #5852 ) ) ;
#5282 = CARTESIAN_POINT ( 'NONE',  ( 0.1199999952320000007, 0.2999999880790000240, 0.5999999880789999018 ) ) ;
#5283 = ADVANCED_FACE ( 'NONE', ( #3193 ), #399, .T. ) ;
#5284 = COLOUR_RGB ( '',0.2470588235294117752, 0.2470588235294117752, 0.2470588235294117752 ) ;
#5285 = LINE ( 'NONE', #4767, #5097 ) ;
#5286 = FACE_OUTER_BOUND ( 'NONE', #3385, .T. ) ;
#5287 = ADVANCED_FACE ( 'NONE', ( #2704 ), #1257, .T. ) ;
#5288 = EDGE_CURVE ( 'NONE', #4360, #4815, #4999, .T. ) ;
#5289 = CARTESIAN_POINT ( 'NONE',  ( 0.000000000000000000, 0.2999999880790000240, 0.5999999880789999018 ) ) ;
#5290 = TOROIDAL_SURFACE ( 'NONE', #439, 0.1499999940400000287, 0.02499999900658999782 ) ;
#5291 = DIRECTION ( 'NONE',  ( 0.000000000000000000, -1.000000000000000000, 0.000000000000000000 ) ) ;
#5292 = FACE_OUTER_BOUND ( 'NONE', #4090, .T. ) ;
#5293 = CARTESIAN_POINT ( 'NONE',  ( 0.5999999761580000479, 0.4999999801319999770, 0.7999999801320000214 ) ) ;
#5294 = ORIENTED_EDGE ( 'NONE', *, *, #6018, .T. ) ;
#5295 = CIRCLE ( 'NONE', #1252, 0.02499999900658995966 ) ;
#5296 = EDGE_CURVE ( 'NONE', #2394, #2882, #3954, .T. ) ;
#5297 = DIRECTION ( 'NONE',  ( -1.000000000000000000, 0.000000000000000000, 0.000000000000000000 ) ) ;
#5298 = CYLINDRICAL_SURFACE ( 'NONE', #2677, 0.02499999900658995966 ) ;
#5299 = CARTESIAN_POINT ( 'NONE',  ( -0.1799999928469999955, 0.000000000000000000, 0.2000000039739999735 ) ) ;
#5300 = ORIENTED_EDGE ( 'NONE', *, *, #4256, .T. ) ;
#5301 = DIRECTION ( 'NONE',  ( -1.000000000000000000, 0.000000000000000000, 0.000000000000000000 ) ) ;
#5302 = CIRCLE ( 'NONE', #2339, 0.1249999950329999943 ) ;
#5303 = ORIENTED_EDGE ( 'NONE', *, *, #6073, .F. ) ;
#5304 = ORIENTED_EDGE ( 'NONE', *, *, #5824, .F. ) ;
#5305 = ORIENTED_EDGE ( 'NONE', *, *, #1672, .F. ) ;
#5306 = AXIS2_PLACEMENT_3D ( 'NONE', #4531, #1272, #5989 ) ;
#5307 = TOROIDAL_SURFACE ( 'NONE', #1447, 0.1499999940400000287, 0.02499999900658999782 ) ;
#5308 = EDGE_CURVE ( 'NONE', #3969, #3393, #5993, .T. ) ;
#5309 = DIRECTION ( 'NONE',  ( 0.000000000000000000, 0.000000000000000000, -1.000000000000000000 ) ) ;
#5310 = CARTESIAN_POINT ( 'NONE',  ( -0.05999999761580999957, 0.4249999831119999905, 0.4499999940400000176 ) ) ;
#5311 = CARTESIAN_POINT ( 'NONE',  ( -0.05999999761580999957, -0.2999999880790000240, 0.2250000029800000023 ) ) ;
#5312 = DIRECTION ( 'NONE',  ( 0.000000000000000000, -3.614007241618000193E-16, -1.000000000000000000 ) ) ;
#5313 = EDGE_LOOP ( 'NONE', ( #1694, #6049, #346, #5250 ) ) ;
#5314 = COLOUR_RGB ( '',0.5019607843137254832, 0.5019607843137254832, 0.5019607843137254832 ) ;
#5315 = EDGE_LOOP ( 'NONE', ( #1755, #21, #5767, #3800 ) ) ;
#5316 = COLOUR_RGB ( '',0.5019607843137254832, 0.5019607843137254832, 0.5019607843137254832 ) ;
#5317 = VERTEX_POINT ( 'NONE', #2727 ) ;
#5318 = CARTESIAN_POINT ( 'NONE',  ( 0.05999999761580999957, -0.4499999821190000526, 0.4499999940400000176 ) ) ;
#5319 = PRESENTATION_LAYER_ASSIGNMENT (  '', '', ( #4922 ) ) ;
#5320 = CARTESIAN_POINT ( 'NONE',  ( 0.1149999954300000016, 0.6249999751649999435, 0.2000000039739999735 ) ) ;
#5322 = EDGE_LOOP ( 'NONE', ( #5983, #1645, #3965, #4763, #5770 ) ) ;
#5321 = SURFACE_STYLE_FILL_AREA ( #3450 ) ;
#5323 = PRESENTATION_LAYER_ASSIGNMENT (  '', '', ( #1960 ) ) ;
#5324 = AXIS2_PLACEMENT_3D ( 'NONE', #3961, #1991, #616 ) ;
#5325 = MECHANICAL_DESIGN_GEOMETRIC_PRESENTATION_REPRESENTATION (  '', ( #3171 ), #2980 ) ;
#5326 = CARTESIAN_POINT ( 'NONE',  ( -0.2699999892709999960, -0.2399999904629999958, 0.1000000079469999942 ) ) ;
#5327 = CARTESIAN_POINT ( 'NONE',  ( 0.2699999892709999960, -0.1399999944370000082, 1.192092846658000078E-08 ) ) ;
#5328 = SURFACE_STYLE_USAGE ( .BOTH. , #3963 ) ;
#5329 = ADVANCED_FACE ( 'NONE', ( #3705 ), #3351, .T. ) ;
#5330 = VECTOR ( 'NONE', #784, 1000.000000000000000 ) ;
#5331 = EDGE_CURVE ( 'NONE', #1281, #2875, #1263, .T. ) ;
#5332 = ORIENTED_EDGE ( 'NONE', *, *, #6098, .F. ) ;
#5333 = DIRECTION ( 'NONE',  ( 0.000000000000000000, 1.000000000000000000, 0.000000000000000000 ) ) ;
#5334 = VECTOR ( 'NONE', #5020, 1000.000000000000000 ) ;
#5335 = SURFACE_STYLE_USAGE ( .BOTH. , #2471 ) ;
#5336 = CARTESIAN_POINT ( 'NONE',  ( 0.000000000000000000, 0.4499999821190000526, 0.4499999940400000176 ) ) ;
#5337 = ORIENTED_EDGE ( 'NONE', *, *, #1837, .T. ) ;
#5338 = CARTESIAN_POINT ( 'NONE',  ( -0.1799999928469999955, -0.2999999880790000240, 0.2000000039739999735 ) ) ;
#5339 = EDGE_CURVE ( 'NONE', #5165, #4816, #2300, .T. ) ;
#5340 = ORIENTED_EDGE ( 'NONE', *, *, #4285, .F. ) ;
#5341 = ORIENTED_EDGE ( 'NONE', *, *, #1739, .T. ) ;
#5342 = ADVANCED_FACE ( 'NONE', ( #2243 ), #1161, .T. ) ;
#5343 = VERTEX_POINT ( 'NONE', #930 ) ;
#5344 = EDGE_LOOP ( 'NONE', ( #5830, #2172, #1124, #2639 ) ) ;
#5345 = VECTOR ( 'NONE', #2599, 1000.000000000000000 ) ;
#5346 = DIRECTION ( 'NONE',  ( 0.000000000000000000, 0.000000000000000000, 1.000000000000000000 ) ) ;
#5347 = CARTESIAN_POINT ( 'NONE',  ( -0.2699999892709999960, 0.4999999801319999770, 0.1000000079469999942 ) ) ;
#5348 = SURFACE_STYLE_FILL_AREA ( #3476 ) ;
#5349 = EDGE_LOOP ( 'NONE', ( #37, #4755, #3849, #319 ) ) ;
#5350 = EDGE_CURVE ( 'NONE', #2783, #5887, #2462, .T. ) ;
#5351 = DIRECTION ( 'NONE',  ( 0.000000000000000000, 0.000000000000000000, -1.000000000000000000 ) ) ;
#5352 = ORIENTED_EDGE ( 'NONE', *, *, #1730, .F. ) ;
#5353 = FILL_AREA_STYLE_COLOUR ( '', #2548 ) ;
#5354 = CYLINDRICAL_SURFACE ( 'NONE', #2786, 0.02499999900659001170 ) ;
#5355 = CARTESIAN_POINT ( 'NONE',  ( -0.1799999928469999955, 0.4499999821190000526, 0.3499999980130000243 ) ) ;
#5356 = SURFACE_SIDE_STYLE ('',( #4501 ) ) ;
#5357 = DIRECTION ( 'NONE',  ( 0.000000000000000000, -1.084202172486000036E-15, 1.000000000000000000 ) ) ;
#5358 = ORIENTED_EDGE ( 'NONE', *, *, #1363, .F. ) ;
#5359 = CARTESIAN_POINT ( 'NONE',  ( 0.000000000000000000, -0.2999999880790000240, 0.3499999980130000243 ) ) ;
#5360 = EDGE_CURVE ( 'NONE', #4779, #2017, #2060, .T. ) ;
#5361 = SURFACE_STYLE_USAGE ( .BOTH. , #1027 ) ;
#5362 = DIRECTION ( 'NONE',  ( 5.421011077838986852E-16, 0.000000000000000000, 1.000000000000000000 ) ) ;
#5363 = ORIENTED_EDGE ( 'NONE', *, *, #1672, .T. ) ;
#5364 = DIRECTION ( 'NONE',  ( 0.000000000000000000, -1.000000000000000000, 0.000000000000000000 ) ) ;
#5365 = ORIENTED_EDGE ( 'NONE', *, *, #5296, .F. ) ;
#5366 =( NAMED_UNIT ( * ) SI_UNIT ( $, .STERADIAN. ) SOLID_ANGLE_UNIT ( ) );
#5367 = EDGE_CURVE ( 'NONE', #2955, #724, #1466, .T. ) ;
#5368 = EDGE_CURVE ( 'NONE', #3369, #4701, #5208, .T. ) ;
#5369 =( NAMED_UNIT ( * ) PLANE_ANGLE_UNIT ( ) SI_UNIT ( $, .RADIAN. ) );
#5370 = ORIENTED_EDGE ( 'NONE', *, *, #4393, .F. ) ;
#5371 = CIRCLE ( 'NONE', #4586, 0.02499999900659001170 ) ;
#5372 = ORIENTED_EDGE ( 'NONE', *, *, #2223, .T. ) ;
#5373 = CARTESIAN_POINT ( 'NONE',  ( -0.3699999852979999893, -0.1399999944370000082, 1.192092846658000078E-08 ) ) ;
#5374 = ADVANCED_FACE ( 'NONE', ( #4813 ), #3647, .T. ) ;
#5375 = DIRECTION ( 'NONE',  ( -1.000000000000000000, 0.000000000000000000, 0.000000000000000000 ) ) ;
#5376 = CIRCLE ( 'NONE', #4308, 0.1749999930459999742 ) ;
#5378 = ORIENTED_EDGE ( 'NONE', *, *, #5339, .T. ) ;
#5377 = DIRECTION ( 'NONE',  ( -1.000000000000000000, 0.000000000000000000, 0.000000000000000000 ) ) ;
#5379 = EDGE_LOOP ( 'NONE', ( #3277, #3949, #1057, #3895 ) ) ;
#5380 = UNCERTAINTY_MEASURE_WITH_UNIT (LENGTH_MEASURE( 1.000000000000000082E-05 ), #3840, 'distance_accuracy_value', 'NONE');
#5381 = ORIENTED_EDGE ( 'NONE', *, *, #4936, .T. ) ;
#5382 = AXIS2_PLACEMENT_3D ( 'NONE', #3900, #1417, #1992 ) ;
#5383 = CARTESIAN_POINT ( 'NONE',  ( 0.1199999952320000007, 0.2999999880790000240, 0.3499999980130000243 ) ) ;
#5384 = ADVANCED_FACE ( 'NONE', ( #469 ), #568, .T. ) ;
#5385 = DIRECTION ( 'NONE',  ( -1.000000000000000000, 0.000000000000000000, 0.000000000000000000 ) ) ;
#5386 = CARTESIAN_POINT ( 'NONE',  ( 0.1799999928469999955, -0.4499999821190000526, 0.3499999980130000243 ) ) ;
#5387 = CARTESIAN_POINT ( 'NONE',  ( 0.000000000000000000, 0.2999999880790000240, 0.4499999940400000176 ) ) ;
#5388 = CIRCLE ( 'NONE', #1237, 0.02499999900659001170 ) ;
#5389 = VECTOR ( 'NONE', #2008, 1000.000000000000000 ) ;
#5390 = DIRECTION ( 'NONE',  ( -1.000000000000000000, 0.000000000000000000, 1.807003620808999850E-16 ) ) ;
#5391 = FILL_AREA_STYLE ('',( #4902 ) ) ;
#5392 = CARTESIAN_POINT ( 'NONE',  ( -0.5999999761580000479, -0.4999999801319999770, 1.192092846658000078E-08 ) ) ;
#5393 = ORIENTED_EDGE ( 'NONE', *, *, #2025, .F. ) ;
#5394 = CARTESIAN_POINT ( 'NONE',  ( 0.000000000000000000, -0.2999999880790000240, 0.3499999980130000243 ) ) ;
#5395 = EDGE_LOOP ( 'NONE', ( #3361, #5341, #3222, #5480, #4304 ) ) ;
#5396 = ORIENTED_EDGE ( 'NONE', *, *, #2124, .F. ) ;
#5397 = MECHANICAL_DESIGN_GEOMETRIC_PRESENTATION_REPRESENTATION (  '', ( #651 ), #2845 ) ;
#5398 = DIRECTION ( 'NONE',  ( -1.000000000000000000, 0.000000000000000000, 0.000000000000000000 ) ) ;
#5399 = DIRECTION ( 'NONE',  ( 0.000000000000000000, 0.000000000000000000, -1.000000000000000000 ) ) ;
#5400 = VERTEX_POINT ( 'NONE', #3334 ) ;
#5401 = EDGE_CURVE ( 'NONE', #5720, #1267, #1366, .T. ) ;
#5402 = CIRCLE ( 'NONE', #2754, 0.02499999900659001170 ) ;
#5403 = EDGE_CURVE ( 'NONE', #4038, #4494, #4685, .T. ) ;
#5404 = DIRECTION ( 'NONE',  ( 0.000000000000000000, 1.000000000000000000, 0.000000000000000000 ) ) ;
#5405 = VECTOR ( 'NONE', #4728, 1000.000000000000000 ) ;
#5406 = CIRCLE ( 'NONE', #4622, 0.02499999900658995966 ) ;
#5408 = ORIENTED_EDGE ( 'NONE', *, *, #2045, .T. ) ;
#5407 = LINE ( 'NONE', #144, #1038 ) ;
#5409 = EDGE_LOOP ( 'NONE', ( #2372, #3477, #3847, #5432 ) ) ;
#5410 = VECTOR ( 'NONE', #3540, 1000.000000000000000 ) ;
#5411 = ADVANCED_FACE ( 'NONE', ( #1828 ), #5897, .T. ) ;
#5412 = AXIS2_PLACEMENT_3D ( 'NONE', #3215, #4113, #1799 ) ;
#5413 = AXIS2_PLACEMENT_3D ( 'NONE', #3871, #4190, #1826 ) ;
#5414 = CARTESIAN_POINT ( 'NONE',  ( -0.05999999761580999957, -0.2999999880790000240, 0.5999999880789999018 ) ) ;
#5415 = DIRECTION ( 'NONE',  ( 0.000000000000000000, 0.000000000000000000, -1.000000000000000000 ) ) ;
#5416 = DIRECTION ( 'NONE',  ( 0.000000000000000000, 0.000000000000000000, -1.000000000000000000 ) ) ;
#5417 = CARTESIAN_POINT ( 'NONE',  ( -0.1199999952320000007, -0.4499999821190000526, 0.3499999980130000243 ) ) ;
#5418 = DIRECTION ( 'NONE',  ( 0.000000000000000000, 0.000000000000000000, -1.000000000000000000 ) ) ;
#5419 = AXIS2_PLACEMENT_3D ( 'NONE', #3323, #4287, #17 ) ;
#5420 = EDGE_CURVE ( 'NONE', #5190, #810, #4051, .T. ) ;
#5421 = VECTOR ( 'NONE', #4334, 1000.000000000000000 ) ;
#5422 = DIRECTION ( 'NONE',  ( -1.000000000000000000, 0.000000000000000000, 0.000000000000000000 ) ) ;
#5423 = SURFACE_SIDE_STYLE ('',( #1705 ) ) ;
#5424 = CARTESIAN_POINT ( 'NONE',  ( -0.2699999892709999960, -0.2399999904629999958, 0.1000000079469999942 ) ) ;
#5425 = VECTOR ( 'NONE', #3832, 1000.000000000000000 ) ;
#5426 = VERTEX_POINT ( 'NONE', #3874 ) ;
#5427 = EDGE_LOOP ( 'NONE', ( #5236, #4765, #1907, #1401, #1756, #4232 ) ) ;
#5428 = CIRCLE ( 'NONE', #5228, 0.1249999950329999943 ) ;
#5429 = CARTESIAN_POINT ( 'NONE',  ( -0.05999999761580999957, 0.4499999821190000526, 0.3499999980130000243 ) ) ;
#5430 = CARTESIAN_POINT ( 'NONE',  ( -0.5999999761580000479, -0.1399999944370000082, 1.192092846658000078E-08 ) ) ;
#5431 = LINE ( 'NONE', #3913, #2966 ) ;
#5432 = ORIENTED_EDGE ( 'NONE', *, *, #5367, .F. ) ;
#5433 = TOROIDAL_SURFACE ( 'NONE', #2491, 0.1499999940400000287, 0.02499999900658999782 ) ;
#5434 = VERTEX_POINT ( 'NONE', #1967 ) ;
#5435 = ORIENTED_EDGE ( 'NONE', *, *, #5063, .F. ) ;
#5436 = VECTOR ( 'NONE', #3790, 1000.000000000000000 ) ;
#5437 = PLANE ( 'NONE',  #4716 ) ;
#5438 = EDGE_CURVE ( 'NONE', #1898, #5218, #5206, .T. ) ;
#5439 = CIRCLE ( 'NONE', #1377, 0.02499999900659001170 ) ;
#5440 = VERTEX_POINT ( 'NONE', #5597 ) ;
#5441 = PRESENTATION_LAYER_ASSIGNMENT (  '', '', ( #1598 ) ) ;
#5442 = ORIENTED_EDGE ( 'NONE', *, *, #1621, .F. ) ;
#5443 = ORIENTED_EDGE ( 'NONE', *, *, #5296, .T. ) ;
#5444 =( NAMED_UNIT ( * ) SI_UNIT ( $, .STERADIAN. ) SOLID_ANGLE_UNIT ( ) );
#5445 = EDGE_CURVE ( 'NONE', #6120, #2923, #6090, .T. ) ;
#5446 = FACE_OUTER_BOUND ( 'NONE', #1869, .T. ) ;
#5447 = FACE_OUTER_BOUND ( 'NONE', #5322, .T. ) ;
#5448 = DIRECTION ( 'NONE',  ( 0.000000000000000000, 0.000000000000000000, 1.000000000000000000 ) ) ;
#5449 = EDGE_CURVE ( 'NONE', #4923, #4092, #4785, .T. ) ;
#5450 = CARTESIAN_POINT ( 'NONE',  ( -0.05999999761580999957, -0.2999999880790000240, 0.2000000039739999735 ) ) ;
#5451 = DIRECTION ( 'NONE',  ( 2.521400401128999817E-16, -1.000000000000000000, 0.000000000000000000 ) ) ;
#5452 = DIRECTION ( 'NONE',  ( -1.000000000000000000, 0.000000000000000000, 0.000000000000000000 ) ) ;
#5453 = CARTESIAN_POINT ( 'NONE',  ( 0.5999999761580000479, 0.1399999944370000082, 0.1000000079469999942 ) ) ;
#5454 = CARTESIAN_POINT ( 'NONE',  ( -0.1199999952320000007, 0.2999999880790000240, 0.2250000029800000023 ) ) ;
#5455 = DIRECTION ( 'NONE',  ( 0.000000000000000000, 0.000000000000000000, -1.000000000000000000 ) ) ;
#5456 = ORIENTED_EDGE ( 'NONE', *, *, #5536, .T. ) ;
#5457 = SURFACE_STYLE_USAGE ( .BOTH. , #1687 ) ;
#5458 = ORIENTED_EDGE ( 'NONE', *, *, #296, .T. ) ;
#5459 = SURFACE_STYLE_USAGE ( .BOTH. , #4003 ) ;
#5460 = DIRECTION ( 'NONE',  ( 0.000000000000000000, 1.000000000000000000, 0.000000000000000000 ) ) ;
#5461 = AXIS2_PLACEMENT_3D ( 'NONE', #3359, #1889, #4649 ) ;
#5462 = EDGE_CURVE ( 'NONE', #2991, #2520, #3401, .T. ) ;
#5463 = CARTESIAN_POINT ( 'NONE',  ( 0.5999999761580000479, -0.1399999944370000082, 0.1000000079469999942 ) ) ;
#5464 = VECTOR ( 'NONE', #4648, 1000.000000000000000 ) ;
#5465 = DIRECTION ( 'NONE',  ( 0.000000000000000000, 0.000000000000000000, -1.000000000000000000 ) ) ;
#5466 = FACE_OUTER_BOUND ( 'NONE', #2168, .T. ) ;
#5467 = CARTESIAN_POINT ( 'NONE',  ( 0.1199999952320000007, 0.000000000000000000, 0.1750000049669999946 ) ) ;
#5468 = ORIENTED_EDGE ( 'NONE', *, *, #2204, .F. ) ;
#5469 = ADVANCED_FACE ( 'NONE', ( #1865 ), #5146, .T. ) ;
#5470 = EDGE_CURVE ( 'NONE', #4892, #1931, #3609, .T. ) ;
#5471 =( NAMED_UNIT ( * ) PLANE_ANGLE_UNIT ( ) SI_UNIT ( $, .RADIAN. ) );
#5472 = DIRECTION ( 'NONE',  ( -1.000000000000000000, 0.000000000000000000, 0.000000000000000000 ) ) ;
#5473 = EDGE_LOOP ( 'NONE', ( #484, #5370, #3909, #3561 ) ) ;
#5474 = AXIS2_PLACEMENT_3D ( 'NONE', #2825, #1341, #6063 ) ;
#5475 = EDGE_CURVE ( 'NONE', #80, #1896, #5371, .T. ) ;
#5476 = LINE ( 'NONE', #2752, #1823 ) ;
#5477 = DIRECTION ( 'NONE',  ( 0.000000000000000000, 0.000000000000000000, 1.000000000000000000 ) ) ;
#5478 = DIRECTION ( 'NONE',  ( -1.000000000000000000, 0.000000000000000000, 1.807003620808999850E-16 ) ) ;
#5479 = DIRECTION ( 'NONE',  ( -1.000000000000000000, 0.000000000000000000, 0.000000000000000000 ) ) ;
#5480 = ORIENTED_EDGE ( 'NONE', *, *, #1471, .F. ) ;
#5481 = VECTOR ( 'NONE', #3158, 1000.000000000000000 ) ;
#5482 = ORIENTED_EDGE ( 'NONE', *, *, #3716, .T. ) ;
#5483 = ADVANCED_FACE ( 'NONE', ( #94 ), #2821, .T. ) ;
#5484 = AXIS2_PLACEMENT_3D ( 'NONE', #2805, #2199, #5067 ) ;
#5485 = DIRECTION ( 'NONE',  ( 0.000000000000000000, 0.000000000000000000, 1.000000000000000000 ) ) ;
#5486 = CARTESIAN_POINT ( 'NONE',  ( -0.5999999761580000479, 0.4999999801319999770, 0.7999999801320000214 ) ) ;
#5487 = SURFACE_SIDE_STYLE ('',( #5321 ) ) ;
#5488 = AXIS2_PLACEMENT_3D ( 'NONE', #5248, #4, #5179 ) ;
#5489 = DIRECTION ( 'NONE',  ( -1.000000000000000000, 0.000000000000000000, 0.000000000000000000 ) ) ;
#5490 = AXIS2_PLACEMENT_3D ( 'NONE', #902, #5275, #2 ) ;
#5491 = DIRECTION ( 'NONE',  ( -0.7071067811865474617, -0.7071067811865474617, 0.000000000000000000 ) ) ;
#5492 = DIRECTION ( 'NONE',  ( 0.000000000000000000, 0.000000000000000000, -1.000000000000000000 ) ) ;
#5493 = EDGE_LOOP ( 'NONE', ( #4341, #2886, #3172, #3084, #5332 ) ) ;
#5494 = FACE_OUTER_BOUND ( 'NONE', #54, .T. ) ;
#5495 = CARTESIAN_POINT ( 'NONE',  ( -0.5999999761580000479, 0.4999999801319999770, 0.1000000079469999942 ) ) ;
#5496 = DIRECTION ( 'NONE',  ( -1.000000000000000000, 0.000000000000000000, 0.000000000000000000 ) ) ;
#5497 = VECTOR ( 'NONE', #1025, 1000.000000000000000 ) ;
#5498 = AXIS2_PLACEMENT_3D ( 'NONE', #4227, #2945, #3368 ) ;
#5499 = VECTOR ( 'NONE', #2755, 1000.000000000000000 ) ;
#5500 =( GEOMETRIC_REPRESENTATION_CONTEXT ( 3 ) GLOBAL_UNCERTAINTY_ASSIGNED_CONTEXT ( ( #2684 ) ) GLOBAL_UNIT_ASSIGNED_CONTEXT ( ( #1810, #449, #4794 ) ) REPRESENTATION_CONTEXT ( 'NONE', 'WORKASPACE' ) );
#5501 = CARTESIAN_POINT ( 'NONE',  ( -0.1799999928469999955, -0.4749999811250000259, 0.4499999940400000176 ) ) ;
#5502 = PRESENTATION_LAYER_ASSIGNMENT (  '', '', ( #2164 ) ) ;
#5503 = CARTESIAN_POINT ( 'NONE',  ( 0.000000000000000000, -0.2999999880790000240, 0.2000000039739999735 ) ) ;
#5504 = CARTESIAN_POINT ( 'NONE',  ( 0.6019999760789999099, 0.3999999841049999838, 0.3499999980130000243 ) ) ;
#5505 = EDGE_CURVE ( 'NONE', #4419, #1506, #20, .T. ) ;
#5506 = EDGE_CURVE ( 'NONE', #4290, #3381, #1222, .T. ) ;
#5507 = PRESENTATION_LAYER_ASSIGNMENT (  '', '', ( #3971 ) ) ;
#5508 = CARTESIAN_POINT ( 'NONE',  ( -0.5999999761580000479, -0.4999999801319999770, 1.192092846658000078E-08 ) ) ;
#5509 = CARTESIAN_POINT ( 'NONE',  ( -0.5999999761580000479, 0.4999999801319999770, 0.5999999880789999018 ) ) ;
#5510 = VECTOR ( 'NONE', #314, 1000.000000000000000 ) ;
#5511 = CARTESIAN_POINT ( 'NONE',  ( 0.05999999761580999957, 0.2999999880790000240, 0.3499999980130000243 ) ) ;
#5512 = CARTESIAN_POINT ( 'NONE',  ( -0.05999999761580999957, 0.000000000000000000, 0.2000000039739999735 ) ) ;
#5513 = EDGE_CURVE ( 'NONE', #4786, #947, #526, .T. ) ;
#5514 = ORIENTED_EDGE ( 'NONE', *, *, #1985, .T. ) ;
#5515 = VECTOR ( 'NONE', #193, 1000.000000000000114 ) ;
#5516 = FILL_AREA_STYLE ('',( #1719 ) ) ;
#5517 = CIRCLE ( 'NONE', #2264, 0.1249999950329999943 ) ;
#5518 = EDGE_CURVE ( 'NONE', #1342, #522, #5849, .T. ) ;
#5519 = DIRECTION ( 'NONE',  ( 0.000000000000000000, 1.000000000000000000, 0.000000000000000000 ) ) ;
#5520 = ORIENTED_EDGE ( 'NONE', *, *, #109, .F. ) ;
#5521 = AXIS2_PLACEMENT_3D ( 'NONE', #356, #5045, #1757 ) ;
#5522 = VECTOR ( 'NONE', #928, 1000.000000000000114 ) ;
#5523 = PRESENTATION_STYLE_ASSIGNMENT (( #3719 ) ) ;
#5524 = COLOUR_RGB ( '',0.5019607843137254832, 0.5019607843137254832, 0.5019607843137254832 ) ;
#5525 = DIRECTION ( 'NONE',  ( -1.000000000000000000, 0.000000000000000000, 0.000000000000000000 ) ) ;
#5526 = CARTESIAN_POINT ( 'NONE',  ( -0.5999999761580000479, 0.4999999801319999770, 0.5999999880789999018 ) ) ;
#5527 = VERTEX_POINT ( 'NONE', #2474 ) ;
#5528 = CARTESIAN_POINT ( 'NONE',  ( 0.1799999928469999955, -0.4249999831119999905, 0.3499999980130000243 ) ) ;
#5529 = VECTOR ( 'NONE', #258, 1000.000000000000000 ) ;
#5530 =( LENGTH_UNIT ( ) NAMED_UNIT ( * ) SI_UNIT ( .MILLI., .METRE. ) );
#5531 = CIRCLE ( 'NONE', #2901, 0.02499999900659001170 ) ;
#5532 = CARTESIAN_POINT ( 'NONE',  ( -0.05999999761580999957, 0.4749999811250000259, 0.4499999940400000176 ) ) ;
#5533 = PRESENTATION_STYLE_ASSIGNMENT (( #5907 ) ) ;
#5534 = DIRECTION ( 'NONE',  ( 0.000000000000000000, 0.000000000000000000, -1.000000000000000000 ) ) ;
#5535 = LINE ( 'NONE', #5504, #4978 ) ;
#5536 = EDGE_CURVE ( 'NONE', #1539, #2441, #912, .T. ) ;
#5537 = DIRECTION ( 'NONE',  ( 0.000000000000000000, 0.000000000000000000, 1.000000000000000000 ) ) ;
#5538 = CARTESIAN_POINT ( 'NONE',  ( 0.2699999892709999960, -0.2399999904629999958, 0.1000000079469999942 ) ) ;
#5539 = CARTESIAN_POINT ( 'NONE',  ( -0.1799999928469999955, 0.2999999880790000240, 0.1750000049669999946 ) ) ;
#5540 = FACE_OUTER_BOUND ( 'NONE', #4697, .T. ) ;
#5541 = VERTEX_POINT ( 'NONE', #4368 ) ;
#5542 = CARTESIAN_POINT ( 'NONE',  ( -0.1799999928469999955, -0.4249999831119999905, 0.3499999980130000243 ) ) ;
#5543 = ORIENTED_EDGE ( 'NONE', *, *, #2424, .T. ) ;
#5544 = VERTEX_POINT ( 'NONE', #2121 ) ;
#5545 = ADVANCED_FACE ( 'NONE', ( #5787 ), #4425, .F. ) ;
#5546 = EDGE_CURVE ( 'NONE', #3274, #4816, #3038, .T. ) ;
#5547 = CARTESIAN_POINT ( 'NONE',  ( 0.08499999662240000087, 0.4499999821190000526, 0.3499999980130000243 ) ) ;
#5548 = CARTESIAN_POINT ( 'NONE',  ( 0.5999999761580000479, -0.1399999944370000082, 1.192092857760000037E-08 ) ) ;
#5549 = ADVANCED_FACE ( 'NONE', ( #4905 ), #1618, .F. ) ;
#5550 = CARTESIAN_POINT ( 'NONE',  ( 0.2699999892709999960, -0.2399999904629999958, 1.192092846658000078E-08 ) ) ;
#5551 = CARTESIAN_POINT ( 'NONE',  ( -0.2242889921489999994, -0.2437334591960000074, 0.7899999805290000010 ) ) ;
#5552 = CARTESIAN_POINT ( 'NONE',  ( 0.2699999892709999960, 0.4999999801319999770, 0.1000000079469999942 ) ) ;
#5553 = CARTESIAN_POINT ( 'NONE',  ( 0.03499999860922000522, 0.4499999821190000526, 0.3499999980130000243 ) ) ;
#5554 = EDGE_CURVE ( 'NONE', #1357, #3908, #2571, .T. ) ;
#5555 = PLANE ( 'NONE',  #3979 ) ;
#5556 = FACE_OUTER_BOUND ( 'NONE', #4395, .T. ) ;
#5557 = AXIS2_PLACEMENT_3D ( 'NONE', #3994, #2536, #2095 ) ;
#5558 = TOROIDAL_SURFACE ( 'NONE', #2534, 0.1499999940400000287, 0.02499999900658999782 ) ;
#5559 = DIRECTION ( 'NONE',  ( 0.000000000000000000, 1.000000000000000000, 0.000000000000000000 ) ) ;
#5560 = LINE ( 'NONE', #2753, #2075 ) ;
#5561 = CARTESIAN_POINT ( 'NONE',  ( 0.2699999892709999960, -0.3999999841049999838, 0.3499999980130000243 ) ) ;
#5562 = DIRECTION ( 'NONE',  ( 0.000000000000000000, -1.000000000000000000, 0.000000000000000000 ) ) ;
#5563 = VERTEX_POINT ( 'NONE', #3553 ) ;
#5564 = ORIENTED_EDGE ( 'NONE', *, *, #848, .T. ) ;
#5565 = VERTEX_POINT ( 'NONE', #3970 ) ;
#5566 = CARTESIAN_POINT ( 'NONE',  ( 0.5999999761580000479, 0.4999999801319999770, 1.192092846658000078E-08 ) ) ;
#5567 = CIRCLE ( 'NONE', #5970, 0.09999999602636004681 ) ;
#5568 = DIRECTION ( 'NONE',  ( -0.7071067811865475727, 0.7071067811865475727, 0.000000000000000000 ) ) ;
#5569 = CARTESIAN_POINT ( 'NONE',  ( -0.05999999761580999957, 0.4499999821190000526, 0.4499999940400000176 ) ) ;
#5570 = ADVANCED_FACE ( 'NONE', ( #4456 ), #3522, .T. ) ;
#5571 = EDGE_CURVE ( 'NONE', #4749, #2064, #4885, .T. ) ;
#5572 = CIRCLE ( 'NONE', #4320, 0.02499999900658995966 ) ;
#5573 = ORIENTED_EDGE ( 'NONE', *, *, #4042, .T. ) ;
#5574 = SURFACE_SIDE_STYLE ('',( #4608 ) ) ;
#5575 =( NAMED_UNIT ( * ) PLANE_ANGLE_UNIT ( ) SI_UNIT ( $, .RADIAN. ) );
#5576 = EDGE_LOOP ( 'NONE', ( #136, #381, #4525, #541, #1945 ) ) ;
#5577 = AXIS2_PLACEMENT_3D ( 'NONE', #2713, #4581, #3260 ) ;
#5578 = DIRECTION ( 'NONE',  ( 0.000000000000000000, 0.000000000000000000, 1.000000000000000000 ) ) ;
#5579 = ADVANCED_FACE ( 'NONE', ( #3996 ), #3068, .F. ) ;
#5580 = COLOUR_RGB ( '',0.9882352941176471006, 0.7372549019607843590, 0.5176470588235293491 ) ;
#5581 = VECTOR ( 'NONE', #4554, 1000.000000000000000 ) ;
#5582 = DIRECTION ( 'NONE',  ( -1.000000000000000000, 0.000000000000000000, 0.000000000000000000 ) ) ;
#5583 = AXIS2_PLACEMENT_3D ( 'NONE', #116, #1116, #187 ) ;
#5584 = DIRECTION ( 'NONE',  ( 0.000000000000000000, 0.000000000000000000, -1.000000000000000000 ) ) ;
#5585 = DIRECTION ( 'NONE',  ( 0.000000000000000000, 0.000000000000000000, 1.000000000000000000 ) ) ;
#5586 = CIRCLE ( 'NONE', #4342, 0.02499999900659001170 ) ;
#5587 = ADVANCED_FACE ( 'NONE', ( #4134 ), #2235, .T. ) ;
#5588 = ORIENTED_EDGE ( 'NONE', *, *, #1817, .T. ) ;
#5589 = AXIS2_PLACEMENT_3D ( 'NONE', #6106, #5125, #5094 ) ;
#5590 = MECHANICAL_DESIGN_GEOMETRIC_PRESENTATION_REPRESENTATION (  '', ( #2164 ), #3746 ) ;
#5591 = ORIENTED_EDGE ( 'NONE', *, *, #4318, .T. ) ;
#5592 = DIRECTION ( 'NONE',  ( 0.000000000000000000, 0.000000000000000000, -1.000000000000000000 ) ) ;
#5593 = DIRECTION ( 'NONE',  ( 0.000000000000000000, 0.000000000000000000, 1.000000000000000000 ) ) ;
#5594 = SURFACE_SIDE_STYLE ('',( #4262 ) ) ;
#5595 = FACE_OUTER_BOUND ( 'NONE', #3598, .T. ) ;
#5596 = ORIENTED_EDGE ( 'NONE', *, *, #2396, .F. ) ;
#5597 = CARTESIAN_POINT ( 'NONE',  ( 0.000000000000000000, 0.2999999880790000240, 0.6249999870859999085 ) ) ;
#5598 = ORIENTED_EDGE ( 'NONE', *, *, #4653, .F. ) ;
#5599 = CIRCLE ( 'NONE', #2662, 0.1749999930459999742 ) ;
#5600 = LINE ( 'NONE', #538, #560 ) ;
#5601 = DIRECTION ( 'NONE',  ( 0.000000000000000000, 0.000000000000000000, 1.000000000000000000 ) ) ;
#5602 = DIRECTION ( 'NONE',  ( 0.000000000000000000, 0.000000000000000000, -1.000000000000000000 ) ) ;
#5603 = ORIENTED_EDGE ( 'NONE', *, *, #4610, .T. ) ;
#5604 = ORIENTED_EDGE ( 'NONE', *, *, #3826, .T. ) ;
#5605 = UNCERTAINTY_MEASURE_WITH_UNIT (LENGTH_MEASURE( 1.000000000000000082E-05 ), #5530, 'distance_accuracy_value', 'NONE');
#5606 = EDGE_LOOP ( 'NONE', ( #1205, #2358, #5199, #5874 ) ) ;
#5607 = EDGE_LOOP ( 'NONE', ( #4274, #4168, #1831, #5626, #1987 ) ) ;
#5608 = LINE ( 'NONE', #5041, #2969 ) ;
#5609 = EDGE_CURVE ( 'NONE', #703, #3685, #5535, .T. ) ;
#5610 = AXIS2_PLACEMENT_3D ( 'NONE', #5672, #6046, #3265 ) ;
#5611 = DIRECTION ( 'NONE',  ( 0.000000000000000000, 0.000000000000000000, -1.000000000000000000 ) ) ;
#5612 = DIRECTION ( 'NONE',  ( 0.000000000000000000, 1.000000000000000000, 0.000000000000000000 ) ) ;
#5613 = FILL_AREA_STYLE_COLOUR ( '', #3777 ) ;
#5614 = AXIS2_PLACEMENT_3D ( 'NONE', #1054, #4012, #153 ) ;
#5615 = EDGE_CURVE ( 'NONE', #4494, #5541, #3641, .T. ) ;
#5616 = CARTESIAN_POINT ( 'NONE',  ( 0.1199999952320000007, 0.2999999880790000240, 0.3499999980130000243 ) ) ;
#5617 = CARTESIAN_POINT ( 'NONE',  ( -0.2699999892709999960, 0.2399999904629999958, 0.1000000079469999942 ) ) ;
#5618 = CARTESIAN_POINT ( 'NONE',  ( 3.061616876211000089E-18, 0.2999999880790000240, 0.4499999940400000176 ) ) ;
#5619 = ORIENTED_EDGE ( 'NONE', *, *, #2063, .F. ) ;
#5620 = CARTESIAN_POINT ( 'NONE',  ( -0.2699999892709999960, 0.4999999801319999770, 0.1000000079469999942 ) ) ;
#5621 =( NAMED_UNIT ( * ) SI_UNIT ( $, .STERADIAN. ) SOLID_ANGLE_UNIT ( ) );
#5622 = CARTESIAN_POINT ( 'NONE',  ( -0.1799999928469999955, -0.2999999880790000240, 0.2250000029800000023 ) ) ;
#5623 = VERTEX_POINT ( 'NONE', #2695 ) ;
#5624 = DIRECTION ( 'NONE',  ( 0.000000000000000000, -1.000000000000000000, 0.000000000000000000 ) ) ;
#5625 = VERTEX_POINT ( 'NONE', #5024 ) ;
#5626 = ORIENTED_EDGE ( 'NONE', *, *, #5737, .F. ) ;
#5627 = ORIENTED_EDGE ( 'NONE', *, *, #5096, .T. ) ;
#5628 = SURFACE_SIDE_STYLE ('',( #1034 ) ) ;
#5629 = DIRECTION ( 'NONE',  ( 0.000000000000000000, 0.000000000000000000, 1.000000000000000000 ) ) ;
#5630 = LINE ( 'NONE', #4234, #5405 ) ;
#5631 = CARTESIAN_POINT ( 'NONE',  ( 0.05999999761580999957, -0.2999999880790000240, 0.3499999980130000243 ) ) ;
#5632 = ORIENTED_EDGE ( 'NONE', *, *, #1809, .T. ) ;
#5633 = EDGE_LOOP ( 'NONE', ( #2726, #1876, #163, #699 ) ) ;
#5634 = ORIENTED_EDGE ( 'NONE', *, *, #1363, .T. ) ;
#5635 = VERTEX_POINT ( 'NONE', #5052 ) ;
#5636 = FACE_OUTER_BOUND ( 'NONE', #3451, .T. ) ;
#5637 = ORIENTED_EDGE ( 'NONE', *, *, #3109, .F. ) ;
#5638 = EDGE_CURVE ( 'NONE', #2583, #895, #2663, .T. ) ;
#5639 = LINE ( 'NONE', #2361, #1184 ) ;
#5640 = DIRECTION ( 'NONE',  ( 0.000000000000000000, -1.000000000000000000, 0.000000000000000000 ) ) ;
#5641 = DIRECTION ( 'NONE',  ( -1.000000000000000000, 0.000000000000000000, 0.000000000000000000 ) ) ;
#5642 = CARTESIAN_POINT ( 'NONE',  ( 0.1199999952320000007, -0.4499999821190000526, 0.4499999940400000176 ) ) ;
#5643 = ADVANCED_FACE ( 'NONE', ( #2750 ), #715, .T. ) ;
#5644 = AXIS2_PLACEMENT_3D ( 'NONE', #2208, #1708, #4568 ) ;
#5645 = ADVANCED_FACE ( 'NONE', ( #778 ), #3415, .T. ) ;
#5646 = EDGE_LOOP ( 'NONE', ( #182, #997, #1467, #1137 ) ) ;
#5647 = ORIENTED_EDGE ( 'NONE', *, *, #2860, .T. ) ;
#5648 = DIRECTION ( 'NONE',  ( 0.000000000000000000, -1.000000000000000000, 0.000000000000000000 ) ) ;
#5649 = DIRECTION ( 'NONE',  ( 0.000000000000000000, 0.000000000000000000, 1.000000000000000000 ) ) ;
#5650 = FILL_AREA_STYLE_COLOUR ( '', #1651 ) ;
#5651 = DIRECTION ( 'NONE',  ( 0.000000000000000000, -3.614007241618000193E-16, -1.000000000000000000 ) ) ;
#5652 = VERTEX_POINT ( 'NONE', #6001 ) ;
#5653 = CARTESIAN_POINT ( 'NONE',  ( -0.1199999952320000007, 0.4499999821190000526, 0.3499999980130000243 ) ) ;
#5654 = ORIENTED_EDGE ( 'NONE', *, *, #5880, .T. ) ;
#5655 = EDGE_CURVE ( 'NONE', #4815, #1746, #2211, .T. ) ;
#5656 = AXIS2_PLACEMENT_3D ( 'NONE', #2692, #2227, #5937 ) ;
#5657 = DIRECTION ( 'NONE',  ( 1.000000000000000000, 8.213652821859998425E-17, 0.000000000000000000 ) ) ;
#5658 = FACE_OUTER_BOUND ( 'NONE', #444, .T. ) ;
#5659 =( NAMED_UNIT ( * ) PLANE_ANGLE_UNIT ( ) SI_UNIT ( $, .RADIAN. ) );
#5660 = AXIS2_PLACEMENT_3D ( 'NONE', #4282, #5578, #4672 ) ;
#5661 = LINE ( 'NONE', #406, #4029 ) ;
#5662 = VERTEX_POINT ( 'NONE', #248 ) ;
#5663 = ORIENTED_EDGE ( 'NONE', *, *, #4238, .F. ) ;
#5664 = ORIENTED_EDGE ( 'NONE', *, *, #979, .T. ) ;
#5665 = EDGE_CURVE ( 'NONE', #344, #5343, #5968, .T. ) ;
#5666 = AXIS2_PLACEMENT_3D ( 'NONE', #4151, #1314, #4036 ) ;
#5667 = ORIENTED_EDGE ( 'NONE', *, *, #1802, .F. ) ;
#5668 = FACE_BOUND ( 'NONE', #3592, .T. ) ;
#5670 = ORIENTED_EDGE ( 'NONE', *, *, #4379, .F. ) ;
#5669 = SURFACE_STYLE_USAGE ( .BOTH. , #1814 ) ;
#5671 = CIRCLE ( 'NONE', #255, 0.02499999900659001170 ) ;
#5672 = CARTESIAN_POINT ( 'NONE',  ( -0.1799999928469999955, 0.2999999880790000240, 0.3499999980130000243 ) ) ;
#5673 = PRESENTATION_STYLE_ASSIGNMENT (( #5194 ) ) ;
#5674 = DIRECTION ( 'NONE',  ( 0.000000000000000000, 1.084202172486000036E-15, -1.000000000000000000 ) ) ;
#5675 = DIRECTION ( 'NONE',  ( 0.000000000000000000, 0.000000000000000000, 1.000000000000000000 ) ) ;
#5676 = TOROIDAL_SURFACE ( 'NONE', #5490, 0.1499999940400000287, 0.02499999900658999782 ) ;
#5677 = ORIENTED_EDGE ( 'NONE', *, *, #5251, .T. ) ;
#5678 = ORIENTED_EDGE ( 'NONE', *, *, #5475, .F. ) ;
#5679 = TOROIDAL_SURFACE ( 'NONE', #3059, 0.1499999940400000287, 0.02499999900658999782 ) ;
#5680 = DIRECTION ( 'NONE',  ( -3.252606517456999931E-16, 0.000000000000000000, -1.000000000000000000 ) ) ;
#5681 = CYLINDRICAL_SURFACE ( 'NONE', #1370, 0.02499999900659001170 ) ;
#5682 = COLOUR_RGB ( '',0.7529411764705882248, 0.7529411764705882248, 0.7529411764705882248 ) ;
#5683 = EDGE_CURVE ( 'NONE', #6121, #704, #747, .T. ) ;
#5684 = VECTOR ( 'NONE', #6124, 1000.000000000000000 ) ;
#5685 = EDGE_CURVE ( 'NONE', #2520, #1746, #4589, .T. ) ;
#5686 = LINE ( 'NONE', #1331, #354 ) ;
#5687 = CARTESIAN_POINT ( 'NONE',  ( 0.1199999952320000007, 0.2999999880790000240, 0.5999999880789999018 ) ) ;
#5688 = VERTEX_POINT ( 'NONE', #4621 ) ;
#5689 = DIRECTION ( 'NONE',  ( 0.000000000000000000, 0.000000000000000000, 1.000000000000000000 ) ) ;
#5690 = ORIENTED_EDGE ( 'NONE', *, *, #3586, .T. ) ;
#5691 = ORIENTED_EDGE ( 'NONE', *, *, #246, .F. ) ;
#5692 = CLOSED_SHELL ( 'NONE', ( #5545, #3153, #3991, #712, #1706, #4205, #4644, #1749, #5258, #2091, #4579, #4544, #1605, #4682, #401, #3460, #5283, #3526, #2688, #2422, #5956, #201, #137, #2777, #749, #1028, #2101, #3770, #5579, #436, #4002, #6036 ) ) ;
#5693 = PRESENTATION_LAYER_ASSIGNMENT (  '', '', ( #6080 ) ) ;
#5694 = DIRECTION ( 'NONE',  ( 0.000000000000000000, 0.000000000000000000, 1.000000000000000000 ) ) ;
#5695 = DIRECTION ( 'NONE',  ( -1.000000000000000000, 0.000000000000000000, 0.000000000000000000 ) ) ;
#5696 = PRESENTATION_STYLE_ASSIGNMENT (( #1938 ) ) ;
#5697 = SURFACE_STYLE_USAGE ( .BOTH. , #2953 ) ;
#5698 = VECTOR ( 'NONE', #884, 1000.000000000000000 ) ;
#5699 = CYLINDRICAL_SURFACE ( 'NONE', #3041, 0.02499999900659001170 ) ;
#5700 = ORIENTED_EDGE ( 'NONE', *, *, #3789, .T. ) ;
#5701 = ORIENTED_EDGE ( 'NONE', *, *, #6018, .F. ) ;
#5702 = VERTEX_POINT ( 'NONE', #4161 ) ;
#5703 = ORIENTED_EDGE ( 'NONE', *, *, #6002, .T. ) ;
#5704 = CARTESIAN_POINT ( 'NONE',  ( -0.1199999952320000007, -0.4249999831119999905, 0.4499999940400000176 ) ) ;
#5705 = EDGE_CURVE ( 'NONE', #1047, #4606, #4676, .T. ) ;
#5706 = DIRECTION ( 'NONE',  ( -0.7071067811865475727, -0.7071067811865475727, 0.000000000000000000 ) ) ;
#5707 = STYLED_ITEM ( 'NONE', ( #1620 ), #614 ) ;
#5709 = EDGE_LOOP ( 'NONE', ( #5925, #1125, #3683, #1077, #787, #941 ) ) ;
#5708 = DIRECTION ( 'NONE',  ( -1.000000000000000000, 0.000000000000000000, 0.000000000000000000 ) ) ;
#5710 = VECTOR ( 'NONE', #5753, 1000.000000000000000 ) ;
#5711 = CARTESIAN_POINT ( 'NONE',  ( 0.05999999761580999957, 0.4749999811250000259, 0.4499999940400000176 ) ) ;
#5712 = CARTESIAN_POINT ( 'NONE',  ( 0.1799999928469999955, 0.2999999880790000240, 0.4499999940400000176 ) ) ;
#5713 = CARTESIAN_POINT ( 'NONE',  ( -0.08499999662240000087, 0.4499999821190000526, 0.3499999980130000243 ) ) ;
#5714 = STYLED_ITEM ( 'NONE', ( #5247 ), #1605 ) ;
#5715 = DIRECTION ( 'NONE',  ( 0.000000000000000000, 1.000000000000000000, 0.000000000000000000 ) ) ;
#5716 = AXIS2_PLACEMENT_3D ( 'NONE', #3389, #5193, #1818 ) ;
#5717 = ORIENTED_EDGE ( 'NONE', *, *, #2080, .F. ) ;
#5718 = AXIS2_PLACEMENT_3D ( 'NONE', #2636, #3073, #3504 ) ;
#5719 = ORIENTED_EDGE ( 'NONE', *, *, #2223, .F. ) ;
#5720 = VERTEX_POINT ( 'NONE', #3699 ) ;
#5721 = CARTESIAN_POINT ( 'NONE',  ( -0.5999999761580000479, -0.1399999944370000082, 0.1000000079469999942 ) ) ;
#5722 = AXIS2_PLACEMENT_3D ( 'NONE', #773, #2693, #1179 ) ;
#5723 = FACE_OUTER_BOUND ( 'NONE', #2705, .T. ) ;
#5724 = CYLINDRICAL_SURFACE ( 'NONE', #2024, 0.02499999900658995966 ) ;
#5725 = ORIENTED_EDGE ( 'NONE', *, *, #1253, .T. ) ;
#5726 = DIRECTION ( 'NONE',  ( 0.000000000000000000, 0.000000000000000000, 1.000000000000000000 ) ) ;
#5727 = ORIENTED_EDGE ( 'NONE', *, *, #5994, .T. ) ;
#5728 = ADVANCED_FACE ( 'NONE', ( #5556 ), #1327, .F. ) ;
#5729 = ORIENTED_EDGE ( 'NONE', *, *, #5403, .T. ) ;
#5730 = ORIENTED_EDGE ( 'NONE', *, *, #5683, .T. ) ;
#5731 = AXIS2_PLACEMENT_3D ( 'NONE', #3273, #5479, #2272 ) ;
#5732 = DIRECTION ( 'NONE',  ( -1.000000000000000000, 0.000000000000000000, 0.000000000000000000 ) ) ;
#5733 = CARTESIAN_POINT ( 'NONE',  ( 0.2699999892709999960, -0.2999999880790000240, 0.2500000019869999535 ) ) ;
#5734 = CARTESIAN_POINT ( 'NONE',  ( -0.2699999892709999960, 0.1399999944370000082, 1.192092846658000078E-08 ) ) ;
#5735 = VERTEX_POINT ( 'NONE', #4541 ) ;
#5736 = UNCERTAINTY_MEASURE_WITH_UNIT (LENGTH_MEASURE( 1.000000000000000082E-05 ), #195, 'distance_accuracy_value', 'NONE');
#5737 = EDGE_CURVE ( 'NONE', #3748, #5053, #2927, .T. ) ;
#5738 = EDGE_CURVE ( 'NONE', #704, #947, #1957, .T. ) ;
#5739 = ORIENTED_EDGE ( 'NONE', *, *, #1219, .F. ) ;
#5740 = FACE_OUTER_BOUND ( 'NONE', #5118, .T. ) ;
#5741 = DIRECTION ( 'NONE',  ( 0.000000000000000000, -3.614007241618000193E-16, -1.000000000000000000 ) ) ;
#5743 = ORIENTED_EDGE ( 'NONE', *, *, #628, .T. ) ;
#5742 = DIRECTION ( 'NONE',  ( 0.000000000000000000, 0.000000000000000000, 1.000000000000000000 ) ) ;
#5744 = EDGE_CURVE ( 'NONE', #767, #4275, #2781, .T. ) ;
#5745 = CARTESIAN_POINT ( 'NONE',  ( -0.1199999952320000007, 0.000000000000000000, 0.2000000039739999735 ) ) ;
#5746 = EDGE_LOOP ( 'NONE', ( #4908, #5885, #1966, #3409 ) ) ;
#5747 = CARTESIAN_POINT ( 'NONE',  ( 0.1799999928469999955, 0.4749999811250000259, 0.3499999980130000243 ) ) ;
#5748 = SURFACE_STYLE_USAGE ( .BOTH. , #5356 ) ;
#5749 = DIRECTION ( 'NONE',  ( 0.000000000000000000, -1.000000000000000000, 0.000000000000000000 ) ) ;
#5750 = EDGE_CURVE ( 'NONE', #3328, #2819, #3117, .T. ) ;
#5751 = ORIENTED_EDGE ( 'NONE', *, *, #4147, .F. ) ;
#5752 = ORIENTED_EDGE ( 'NONE', *, *, #70, .T. ) ;
#5753 = DIRECTION ( 'NONE',  ( 0.000000000000000000, 0.000000000000000000, 1.000000000000000000 ) ) ;
#5754 = LINE ( 'NONE', #3430, #1520 ) ;
#5755 = ORIENTED_EDGE ( 'NONE', *, *, #796, .F. ) ;
#5756 = SURFACE_SIDE_STYLE ('',( #4484 ) ) ;
#5757 = VECTOR ( 'NONE', #804, 1000.000000000000000 ) ;
#5758 = ORIENTED_EDGE ( 'NONE', *, *, #2337, .F. ) ;
#5759 = ORIENTED_EDGE ( 'NONE', *, *, #5705, .T. ) ;
#5760 = ORIENTED_EDGE ( 'NONE', *, *, #5149, .T. ) ;
#5761 = AXIS2_PLACEMENT_3D ( 'NONE', #1735, #2207, #6027 ) ;
#5762 = CARTESIAN_POINT ( 'NONE',  ( 0.1799999928469999955, -0.2999999880790000240, 0.4499999940400000176 ) ) ;
#5763 = PRESENTATION_STYLE_ASSIGNMENT (( #4373 ) ) ;
#5764 = CARTESIAN_POINT ( 'NONE',  ( 0.1799999928469999955, 0.000000000000000000, 0.2000000039739999735 ) ) ;
#5765 = FILL_AREA_STYLE_COLOUR ( '', #5682 ) ;
#5766 = DIRECTION ( 'NONE',  ( 0.000000000000000000, -1.000000000000000000, 0.000000000000000000 ) ) ;
#5767 = ORIENTED_EDGE ( 'NONE', *, *, #796, .T. ) ;
#5768 = VERTEX_POINT ( 'NONE', #2290 ) ;
#5769 = ORIENTED_EDGE ( 'NONE', *, *, #5181, .F. ) ;
#5770 = ORIENTED_EDGE ( 'NONE', *, *, #2013, .F. ) ;
#5771 = DIRECTION ( 'NONE',  ( 0.000000000000000000, -1.000000000000000000, 0.000000000000000000 ) ) ;
#5772 = CIRCLE ( 'NONE', #826, 0.02499999900659001170 ) ;
#5773 = DIRECTION ( 'NONE',  ( 1.000000000000000000, 0.000000000000000000, 0.000000000000000000 ) ) ;
#5774 = EDGE_CURVE ( 'NONE', #1495, #1539, #2398, .T. ) ;
#5775 = EDGE_CURVE ( 'NONE', #731, #4485, #1412, .T. ) ;
#5776 = CARTESIAN_POINT ( 'NONE',  ( -0.1199999952320000007, 0.2999999880790000240, 0.5999999880789999018 ) ) ;
#5777 = FACE_OUTER_BOUND ( 'NONE', #1617, .T. ) ;
#5778 = AXIS2_PLACEMENT_3D ( 'NONE', #2342, #5, #3221 ) ;
#5779 = DIRECTION ( 'NONE',  ( 0.000000000000000000, 0.000000000000000000, 1.000000000000000000 ) ) ;
#5780 = DIRECTION ( 'NONE',  ( 0.000000000000000000, 1.000000000000000000, 0.000000000000000000 ) ) ;
#5781 = CARTESIAN_POINT ( 'NONE',  ( 0.05999999761580999957, 0.4749999811250000259, 0.3499999980130000243 ) ) ;
#5782 = ORIENTED_EDGE ( 'NONE', *, *, #5638, .F. ) ;
#5783 = CIRCLE ( 'NONE', #1435, 0.1749999930459999464 ) ;
#5784 = DIRECTION ( 'NONE',  ( 0.000000000000000000, 0.000000000000000000, 1.000000000000000000 ) ) ;
#5785 = EDGE_CURVE ( 'NONE', #4606, #1495, #4403, .T. ) ;
#5786 = ORIENTED_EDGE ( 'NONE', *, *, #1347, .F. ) ;
#5787 = FACE_OUTER_BOUND ( 'NONE', #619, .T. ) ;
#5788 = MECHANICAL_DESIGN_GEOMETRIC_PRESENTATION_REPRESENTATION (  '', ( #1337 ), #4429 ) ;
#5789 = VERTEX_POINT ( 'NONE', #886 ) ;
#5790 = ORIENTED_EDGE ( 'NONE', *, *, #5685, .F. ) ;
#5791 = AXIS2_PLACEMENT_3D ( 'NONE', #725, #2104, #1131 ) ;
#5792 = CIRCLE ( 'NONE', #3636, 0.02499999900659001170 ) ;
#5793 = FILL_AREA_STYLE_COLOUR ( '', #2071 ) ;
#5794 = CARTESIAN_POINT ( 'NONE',  ( 0.05999999761580999957, 0.2999999880790000240, 0.4499999940400000176 ) ) ;
#5795 = CARTESIAN_POINT ( 'NONE',  ( 0.2699999892709999960, -0.4999999801319999770, 1.192092846658000078E-08 ) ) ;
#5796 = DIRECTION ( 'NONE',  ( 0.000000000000000000, 0.000000000000000000, -1.000000000000000000 ) ) ;
#5797 = AXIS2_PLACEMENT_3D ( 'NONE', #5383, #2591, #2738 ) ;
#5798 = VECTOR ( 'NONE', #1004, 1000.000000000000000 ) ;
#5799 = VERTEX_POINT ( 'NONE', #956 ) ;
#5800 = TOROIDAL_SURFACE ( 'NONE', #4917, 0.1499999940400000287, 0.02499999900658999782 ) ;
#5801 = AXIS2_PLACEMENT_3D ( 'NONE', #1627, #3533, #4466 ) ;
#5802 = DIRECTION ( 'NONE',  ( 0.000000000000000000, -3.614007241618000193E-16, -1.000000000000000000 ) ) ;
#5803 = CIRCLE ( 'NONE', #3353, 0.02499999900658995966 ) ;
#5804 = CYLINDRICAL_SURFACE ( 'NONE', #260, 0.02499999900659001170 ) ;
#5805 = DIRECTION ( 'NONE',  ( 0.000000000000000000, 1.084202172486000036E-15, -1.000000000000000000 ) ) ;
#5806 = UNCERTAINTY_MEASURE_WITH_UNIT (LENGTH_MEASURE( 1.000000000000000082E-05 ), #396, 'distance_accuracy_value', 'NONE');
#5807 = ORIENTED_EDGE ( 'NONE', *, *, #3603, .F. ) ;
#5808 = ADVANCED_FACE ( 'NONE', ( #4675 ), #3728, .T. ) ;
#5809 = STYLED_ITEM ( 'NONE', ( #4149 ), #436 ) ;
#5810 = CYLINDRICAL_SURFACE ( 'NONE', #4712, 0.02499999900658999782 ) ;
#5811 = CYLINDRICAL_SURFACE ( 'NONE', #4527, 0.02499999900659001170 ) ;
#5812 = CARTESIAN_POINT ( 'NONE',  ( -0.3417475510149999840, -0.2437334591960000074, 0.7899999805290000010 ) ) ;
#5813 = VERTEX_POINT ( 'NONE', #3267 ) ;
#5814 = EDGE_CURVE ( 'NONE', #1632, #2441, #2795, .T. ) ;
#5815 = ADVANCED_FACE ( 'NONE', ( #6047 ), #3866, .T. ) ;
#5816 = DIRECTION ( 'NONE',  ( 0.000000000000000000, -1.000000000000000000, 0.000000000000000000 ) ) ;
#5817 = COLOUR_RGB ( '',0.5019607843137254832, 0.5019607843137254832, 0.5019607843137254832 ) ;
#5818 =( NAMED_UNIT ( * ) SI_UNIT ( $, .STERADIAN. ) SOLID_ANGLE_UNIT ( ) );
#5819 = FACE_OUTER_BOUND ( 'NONE', #4377, .T. ) ;
#5820 = ORIENTED_EDGE ( 'NONE', *, *, #2837, .T. ) ;
#5821 = DIRECTION ( 'NONE',  ( 0.000000000000000000, 1.084202172486000036E-15, -1.000000000000000000 ) ) ;
#5822 = ORIENTED_EDGE ( 'NONE', *, *, #3933, .T. ) ;
#5823 = ORIENTED_EDGE ( 'NONE', *, *, #2044, .F. ) ;
#5824 = EDGE_CURVE ( 'NONE', #5563, #4237, #1418, .T. ) ;
#5825 = TOROIDAL_SURFACE ( 'NONE', #2494, 0.1499999940400000287, 0.02499999900658999782 ) ;
#5826 = FILL_AREA_STYLE ('',( #5793 ) ) ;
#5827 = DIRECTION ( 'NONE',  ( 0.000000000000000000, -1.084202172486000036E-15, 1.000000000000000000 ) ) ;
#5828 = CARTESIAN_POINT ( 'NONE',  ( -0.1199999952320000007, 0.2999999880790000240, 0.3499999980130000243 ) ) ;
#5829 = DIRECTION ( 'NONE',  ( 0.000000000000000000, 1.000000000000000000, 0.000000000000000000 ) ) ;
#5830 = ORIENTED_EDGE ( 'NONE', *, *, #183, .T. ) ;
#5831 = AXIS2_PLACEMENT_3D ( 'NONE', #3205, #2228, #2655 ) ;
#5832 = ORIENTED_EDGE ( 'NONE', *, *, #673, .F. ) ;
#5833 = EDGE_CURVE ( 'NONE', #513, #1924, #4261, .T. ) ;
#5834 = ORIENTED_EDGE ( 'NONE', *, *, #447, .F. ) ;
#5835 = DIRECTION ( 'NONE',  ( 0.000000000000000000, 0.000000000000000000, -1.000000000000000000 ) ) ;
#5836 = DIRECTION ( 'NONE',  ( 0.000000000000000000, 1.000000000000000000, 0.000000000000000000 ) ) ;
#5838 = ORIENTED_EDGE ( 'NONE', *, *, #5814, .F. ) ;
#5837 = SURFACE_SIDE_STYLE ('',( #79 ) ) ;
#5839 = CARTESIAN_POINT ( 'NONE',  ( -0.4592061098819999465, -0.2437334591960000074, 0.7999999801320000214 ) ) ;
#5840 = DIRECTION ( 'NONE',  ( 0.000000000000000000, 1.000000000000000000, 0.000000000000000000 ) ) ;
#5841 = LINE ( 'NONE', #1611, #2680 ) ;
#5842 = LINE ( 'NONE', #1612, #1816 ) ;
#5843 = DIRECTION ( 'NONE',  ( 0.000000000000000000, 0.000000000000000000, 1.000000000000000000 ) ) ;
#5844 = ORIENTED_EDGE ( 'NONE', *, *, #331, .F. ) ;
#5845 = CARTESIAN_POINT ( 'NONE',  ( 0.5999999761580000479, -0.4999999801319999770, 0.1000000079469999942 ) ) ;
#5846 =( NAMED_UNIT ( * ) SI_UNIT ( $, .STERADIAN. ) SOLID_ANGLE_UNIT ( ) );
#5847 = CARTESIAN_POINT ( 'NONE',  ( 0.05999999761580999957, 0.000000000000000000, 0.2250000029800000023 ) ) ;
#5848 = ORIENTED_EDGE ( 'NONE', *, *, #2380, .F. ) ;
#5849 = LINE ( 'NONE', #4392, #4007 ) ;
#5850 = ADVANCED_FACE ( 'NONE', ( #4216 ), #525, .T. ) ;
#5851 = EDGE_CURVE ( 'NONE', #2351, #5895, #3762, .T. ) ;
#5852 = ORIENTED_EDGE ( 'NONE', *, *, #4609, .T. ) ;
#5853 = FACE_OUTER_BOUND ( 'NONE', #3934, .T. ) ;
#5854 =( NAMED_UNIT ( * ) SI_UNIT ( $, .STERADIAN. ) SOLID_ANGLE_UNIT ( ) );
#5855 = LINE ( 'NONE', #2038, #4047 ) ;
#5856 = ADVANCED_FACE ( 'NONE', ( #3296 ), #5825, .T. ) ;
#5857 = ORIENTED_EDGE ( 'NONE', *, *, #5919, .T. ) ;
#5858 = ORIENTED_EDGE ( 'NONE', *, *, #4920, .F. ) ;
#5859 = FACE_OUTER_BOUND ( 'NONE', #471, .T. ) ;
#5860 = FACE_OUTER_BOUND ( 'NONE', #641, .T. ) ;
#5861 = VECTOR ( 'NONE', #3799, 1000.000000000000000 ) ;
#5862 = CARTESIAN_POINT ( 'NONE',  ( 0.5999999761580000479, 0.1399999944370000082, 0.2000000039739999735 ) ) ;
#5863 = AXIS2_PLACEMENT_3D ( 'NONE', #1391, #5232, #494 ) ;
#5864 = LINE ( 'NONE', #1663, #3852 ) ;
#5865 = DIRECTION ( 'NONE',  ( 0.000000000000000000, 0.000000000000000000, 1.000000000000000000 ) ) ;
#5866 = CARTESIAN_POINT ( 'NONE',  ( -0.1199999952320000007, 0.4749999811250000259, 0.3499999980130000243 ) ) ;
#5867 = DIRECTION ( 'NONE',  ( 0.000000000000000000, 0.000000000000000000, -1.000000000000000000 ) ) ;
#5868 = CARTESIAN_POINT ( 'NONE',  ( 0.05999999761580999957, -0.4499999821190000526, 0.3499999980130000243 ) ) ;
#5869 = COLOUR_RGB ( '',0.9882352941176471006, 0.7372549019607843590, 0.5176470588235293491 ) ;
#5870 = AXIS2_PLACEMENT_3D ( 'NONE', #730, #4116, #349 ) ;
#5871 = DIRECTION ( 'NONE',  ( 0.000000000000000000, -1.000000000000000000, 0.000000000000000000 ) ) ;
#5872 =( NAMED_UNIT ( * ) PLANE_ANGLE_UNIT ( ) SI_UNIT ( $, .RADIAN. ) );
#5873 = DIRECTION ( 'NONE',  ( 0.000000000000000000, -1.000000000000000000, 0.000000000000000000 ) ) ;
#5874 = ORIENTED_EDGE ( 'NONE', *, *, #109, .T. ) ;
#5875 = DIRECTION ( 'NONE',  ( 0.000000000000000000, 1.000000000000000000, 0.000000000000000000 ) ) ;
#5876 = ORIENTED_EDGE ( 'NONE', *, *, #1512, .F. ) ;
#5877 = ORIENTED_EDGE ( 'NONE', *, *, #6098, .T. ) ;
#5878 = CIRCLE ( 'NONE', #547, 0.02499999900659001170 ) ;
#5879 = ORIENTED_EDGE ( 'NONE', *, *, #1519, .T. ) ;
#5880 = EDGE_CURVE ( 'NONE', #4286, #4118, #992, .T. ) ;
#5881 = LINE ( 'NONE', #2699, #4426 ) ;
#5882 =( LENGTH_UNIT ( ) NAMED_UNIT ( * ) SI_UNIT ( .MILLI., .METRE. ) );
#5883 = AXIS2_PLACEMENT_3D ( 'NONE', #2926, #1045, #2389 ) ;
#5884 = CARTESIAN_POINT ( 'NONE',  ( -0.1449999942380000295, 0.4499999821190000526, 0.4499999940400000176 ) ) ;
#5885 = ORIENTED_EDGE ( 'NONE', *, *, #791, .F. ) ;
#5886 = CARTESIAN_POINT ( 'NONE',  ( 0.05999999761580999957, 0.000000000000000000, 0.2000000039739999735 ) ) ;
#5887 = VERTEX_POINT ( 'NONE', #2905 ) ;
#5888 = EDGE_CURVE ( 'NONE', #929, #1403, #5439, .T. ) ;
#5889 = EDGE_LOOP ( 'NONE', ( #1744, #4852, #3537, #4239, #1308, #3600, #2284, #2033 ) ) ;
#5890 = FACE_OUTER_BOUND ( 'NONE', #1310, .T. ) ;
#5891 = DIRECTION ( 'NONE',  ( -1.000000000000000000, 0.000000000000000000, 0.000000000000000000 ) ) ;
#5892 = AXIS2_PLACEMENT_3D ( 'NONE', #2007, #3843, #4691 ) ;
#5893 = TOROIDAL_SURFACE ( 'NONE', #3248, 0.1499999940400000287, 0.02499999900658999782 ) ;
#5895 = VERTEX_POINT ( 'NONE', #2053 ) ;
#5894 = FACE_OUTER_BOUND ( 'NONE', #716, .T. ) ;
#5896 = CLOSED_SHELL ( 'NONE', ( #3679, #4576, #5264, #4799, #2593, #3224, #1934 ) ) ;
#5897 = TOROIDAL_SURFACE ( 'NONE', #3252, 0.1499999940400000287, 0.02499999900658999782 ) ;
#5898 = AXIS2_PLACEMENT_3D ( 'NONE', #4656, #3365, #3272 ) ;
#5899 = EDGE_CURVE ( 'NONE', #269, #9, #3931, .T. ) ;
#5900 =( LENGTH_UNIT ( ) NAMED_UNIT ( * ) SI_UNIT ( .MILLI., .METRE. ) );
#5901 = CYLINDRICAL_SURFACE ( 'NONE', #2055, 0.02499999900659001170 ) ;
#5902 = COLOUR_RGB ( '',0.5019607843137254832, 0.5019607843137254832, 0.5019607843137254832 ) ;
#5903 = CARTESIAN_POINT ( 'NONE',  ( -0.1199999952320000007, 0.2999999880790000240, 0.5999999880789999018 ) ) ;
#5904 = LINE ( 'NONE', #5495, #2429 ) ;
#5905 = CARTESIAN_POINT ( 'NONE',  ( 0.000000000000000000, 0.2999999880790000240, 0.4499999940400000176 ) ) ;
#5906 = DIRECTION ( 'NONE',  ( 0.000000000000000000, -1.084202172486000036E-15, 1.000000000000000000 ) ) ;
#5907 = SURFACE_STYLE_USAGE ( .BOTH. , #5423 ) ;
#5908 = CARTESIAN_POINT ( 'NONE',  ( 0.5999999761580000479, -0.4999999801319999770, 0.5999999880789999018 ) ) ;
#5909 = DIRECTION ( 'NONE',  ( 0.7071067811865475727, 0.7071067811865475727, 0.000000000000000000 ) ) ;
#5910 = AXIS2_PLACEMENT_3D ( 'NONE', #2329, #530, #5167 ) ;
#5911 = EDGE_LOOP ( 'NONE', ( #1716, #518, #328, #5739 ) ) ;
#5912 = AXIS2_PLACEMENT_3D ( 'NONE', #3517, #2603, #4014 ) ;
#5913 = DIRECTION ( 'NONE',  ( 0.000000000000000000, 0.000000000000000000, -1.000000000000000000 ) ) ;
#5914 = CARTESIAN_POINT ( 'NONE',  ( 0.2699999892709999960, -0.2399999904629999958, 1.192092846658000078E-08 ) ) ;
#5915 = CARTESIAN_POINT ( 'NONE',  ( -0.05999999761580999957, -0.4749999811250000259, 0.4499999940400000176 ) ) ;
#5916 = CYLINDRICAL_SURFACE ( 'NONE', #2276, 0.02499999900658995966 ) ;
#5917 = EDGE_LOOP ( 'NONE', ( #1030, #1190, #64, #4864 ) ) ;
#5918 = MECHANICAL_DESIGN_GEOMETRIC_PRESENTATION_REPRESENTATION (  '', ( #5714 ), #2994 ) ;
#5919 = EDGE_CURVE ( 'NONE', #3838, #3183, #385, .T. ) ;
#5920 = VECTOR ( 'NONE', #19, 1000.000000000000000 ) ;
#5921 = CYLINDRICAL_SURFACE ( 'NONE', #5801, 0.02499999900658995966 ) ;
#5922 = CIRCLE ( 'NONE', #3278, 0.02499999900659001170 ) ;
#5923 = PLANE ( 'NONE',  #3541 ) ;
#5925 = ORIENTED_EDGE ( 'NONE', *, *, #3169, .F. ) ;
#5924 = DIRECTION ( 'NONE',  ( 0.000000000000000000, -1.000000000000000000, 0.000000000000000000 ) ) ;
#5926 = EDGE_LOOP ( 'NONE', ( #1066, #5520, #4019, #2416 ) ) ;
#5927 = ORIENTED_EDGE ( 'NONE', *, *, #78, .T. ) ;
#5928 = EDGE_CURVE ( 'NONE', #2488, #844, #2696, .T. ) ;
#5929 = EDGE_CURVE ( 'NONE', #6057, #4319, #618, .T. ) ;
#5930 = VERTEX_POINT ( 'NONE', #5781 ) ;
#5931 = ORIENTED_EDGE ( 'NONE', *, *, #2572, .T. ) ;
#5932 = CARTESIAN_POINT ( 'NONE',  ( -0.1799999928469999955, 0.2999999880790000240, 0.3499999980130000243 ) ) ;
#5933 = DIRECTION ( 'NONE',  ( 0.000000000000000000, -3.614007241618000193E-16, -1.000000000000000000 ) ) ;
#5934 = CIRCLE ( 'NONE', #601, 0.02499999900659001170 ) ;
#5935 = ORIENTED_EDGE ( 'NONE', *, *, #6109, .F. ) ;
#5936 = LINE ( 'NONE', #3544, #2155 ) ;
#5937 = DIRECTION ( 'NONE',  ( 0.000000000000000000, 0.000000000000000000, 1.000000000000000000 ) ) ;
#5938 = SURFACE_SIDE_STYLE ('',( #1640 ) ) ;
#5939 = ADVANCED_FACE ( 'NONE', ( #1553 ), #2935, .T. ) ;
#5940 = ORIENTED_EDGE ( 'NONE', *, *, #1973, .T. ) ;
#5941 = FILL_AREA_STYLE_COLOUR ( '', #5817 ) ;
#5942 = FACE_OUTER_BOUND ( 'NONE', #732, .T. ) ;
#5943 = CARTESIAN_POINT ( 'NONE',  ( 0.2699999892709999960, 0.4999999801319999770, 0.1000000079469999942 ) ) ;
#5944 = EDGE_CURVE ( 'NONE', #5440, #5254, #6113, .T. ) ;
#5945 = FACE_OUTER_BOUND ( 'NONE', #3794, .T. ) ;
#5946 = DIRECTION ( 'NONE',  ( -3.252606517456999931E-16, 0.000000000000000000, -1.000000000000000000 ) ) ;
#5947 = DIRECTION ( 'NONE',  ( 0.000000000000000000, 1.000000000000000000, 0.000000000000000000 ) ) ;
#5948 = ORIENTED_EDGE ( 'NONE', *, *, #4489, .T. ) ;
#5949 = DIRECTION ( 'NONE',  ( 0.000000000000000000, 1.000000000000000000, 0.000000000000000000 ) ) ;
#5950 = CARTESIAN_POINT ( 'NONE',  ( -0.2699999892709999960, -0.2399999904629999958, 0.1000000079469999942 ) ) ;
#5951 = CARTESIAN_POINT ( 'NONE',  ( 0.1199999952320000007, 0.4499999821190000526, 0.4499999940400000176 ) ) ;
#5952 = AXIS2_PLACEMENT_3D ( 'NONE', #3009, #2032, #1122 ) ;
#5953 = DIRECTION ( 'NONE',  ( 0.000000000000000000, 1.000000000000000000, 0.000000000000000000 ) ) ;
#5954 = EDGE_CURVE ( 'NONE', #3969, #4247, #4071, .T. ) ;
#5955 = VECTOR ( 'NONE', #6079, 1000.000000000000000 ) ;
#5956 = ADVANCED_FACE ( 'NONE', ( #4929 ), #2562, .T. ) ;
#5957 = FACE_OUTER_BOUND ( 'NONE', #5115, .T. ) ;
#5958 = CARTESIAN_POINT ( 'NONE',  ( -0.1199999952320000007, -0.2999999880790000240, 0.2250000029800000023 ) ) ;
#5959 = DIRECTION ( 'NONE',  ( 0.000000000000000000, -1.000000000000000000, 0.000000000000000000 ) ) ;
#5960 = DIRECTION ( 'NONE',  ( 0.000000000000000000, 0.000000000000000000, 1.000000000000000000 ) ) ;
#5961 = PRESENTATION_LAYER_ASSIGNMENT (  '', '', ( #1720 ) ) ;
#5962 = ADVANCED_FACE ( 'NONE', ( #3901 ), #3031, .F. ) ;
#5963 = EDGE_CURVE ( 'NONE', #1896, #5273, #2600, .T. ) ;
#5964 = CARTESIAN_POINT ( 'NONE',  ( -0.02499999900658999782, 0.4499999821190000526, 0.3499999980130000243 ) ) ;
#5965 = COLOUR_RGB ( '',0.5019607843137254832, 0.5019607843137254832, 0.5019607843137254832 ) ;
#5966 = SURFACE_STYLE_FILL_AREA ( #3638 ) ;
#5967 = FILL_AREA_STYLE ('',( #1792 ) ) ;
#5968 = LINE ( 'NONE', #5943, #2304 ) ;
#5969 = EDGE_LOOP ( 'NONE', ( #5654, #4623, #3910, #3306 ) ) ;
#5970 = AXIS2_PLACEMENT_3D ( 'NONE', #3378, #5249, #2919 ) ;
#5971 = EDGE_CURVE ( 'NONE', #3626, #2352, #874, .T. ) ;
#5972 = PLANE ( 'NONE',  #2229 ) ;
#5973 = FILL_AREA_STYLE ('',( #3616 ) ) ;
#5974 = CARTESIAN_POINT ( 'NONE',  ( 0.1549999938409999944, 0.4499999821190000526, 0.3499999980130000243 ) ) ;
#5975 = PLANE ( 'NONE',  #1686 ) ;
#5976 = EDGE_LOOP ( 'NONE', ( #197, #266, #5603, #4258 ) ) ;
#5977 = DIRECTION ( 'NONE',  ( -1.000000000000000000, 0.000000000000000000, 0.000000000000000000 ) ) ;
#5978 = CIRCLE ( 'NONE', #3943, 0.02499999900659001170 ) ;
#5979 = CIRCLE ( 'NONE', #3146, 0.1249999950329999943 ) ;
#5980 =( NAMED_UNIT ( * ) PLANE_ANGLE_UNIT ( ) SI_UNIT ( $, .RADIAN. ) );
#5981 = DIRECTION ( 'NONE',  ( 0.000000000000000000, 0.000000000000000000, 1.000000000000000000 ) ) ;
#5982 = VERTEX_POINT ( 'NONE', #5293 ) ;
#5983 = ORIENTED_EDGE ( 'NONE', *, *, #5944, .F. ) ;
#5984 = AXIS2_PLACEMENT_3D ( 'NONE', #3595, #4094, #5090 ) ;
#5985 = EDGE_LOOP ( 'NONE', ( #2414, #7, #1510, #4793 ) ) ;
#5986 = AXIS2_PLACEMENT_3D ( 'NONE', #4477, #2226, #2116 ) ;
#5987 = TOROIDAL_SURFACE ( 'NONE', #3454, 0.1499999940400000287, 0.02499999900658999782 ) ;
#5988 = FACE_OUTER_BOUND ( 'NONE', #1867, .T. ) ;
#5989 = DIRECTION ( 'NONE',  ( 0.000000000000000000, 0.000000000000000000, -1.000000000000000000 ) ) ;
#5990 =( NAMED_UNIT ( * ) PLANE_ANGLE_UNIT ( ) SI_UNIT ( $, .RADIAN. ) );
#5991 = CARTESIAN_POINT ( 'NONE',  ( 0.1799999928469999955, -0.2999999880790000240, 0.4499999940400000176 ) ) ;
#5992 = CLOSED_SHELL ( 'NONE', ( #1548, #3957, #3264, #4985, #4024, #4128, #342, #1511, #1419, #790, #2495, #4993, #4585, #3744, #3383, #553, #5645, #2282 ) ) ;
#5993 = CIRCLE ( 'NONE', #5412, 0.02499999900659001170 ) ;
#5994 = EDGE_CURVE ( 'NONE', #4360, #2520, #1590, .T. ) ;
#5995 = PRESENTATION_LAYER_ASSIGNMENT (  '', '', ( #4449 ) ) ;
#5996 = CIRCLE ( 'NONE', #2772, 0.02499999900659001170 ) ;
#5997 = FILL_AREA_STYLE ('',( #5941 ) ) ;
#5998 = PRESENTATION_LAYER_ASSIGNMENT (  '', '', ( #1643 ) ) ;
#5999 =( NAMED_UNIT ( * ) PLANE_ANGLE_UNIT ( ) SI_UNIT ( $, .RADIAN. ) );
#6000 = CARTESIAN_POINT ( 'NONE',  ( -0.2699999892709999960, 0.4999999801319999770, 0.5999999880789999018 ) ) ;
#6001 = CARTESIAN_POINT ( 'NONE',  ( 0.05999999761580999957, -0.2999999880790000240, 0.5749999890720000062 ) ) ;
#6002 = EDGE_CURVE ( 'NONE', #477, #2570, #3675, .T. ) ;
#6003 = MECHANICAL_DESIGN_GEOMETRIC_PRESENTATION_REPRESENTATION (  '', ( #1758 ), #3862 ) ;
#6004 = EDGE_CURVE ( 'NONE', #1808, #5662, #5042, .T. ) ;
#6005 = DIRECTION ( 'NONE',  ( 0.000000000000000000, 1.000000000000000000, 0.000000000000000000 ) ) ;
#6006 = LINE ( 'NONE', #4140, #5510 ) ;
#6007 = AXIS2_PLACEMENT_3D ( 'NONE', #1710, #3159, #2470 ) ;
#6008 = DIRECTION ( 'NONE',  ( 0.000000000000000000, 0.000000000000000000, -1.000000000000000000 ) ) ;
#6009 = DIRECTION ( 'NONE',  ( 0.000000000000000000, 1.000000000000000000, 0.000000000000000000 ) ) ;
#6010 = ORIENTED_EDGE ( 'NONE', *, *, #3663, .T. ) ;
#6011 = ORIENTED_EDGE ( 'NONE', *, *, #4212, .F. ) ;
#6012 = DIRECTION ( 'NONE',  ( 0.000000000000000000, -1.000000000000000000, 0.000000000000000000 ) ) ;
#6013 = FACE_OUTER_BOUND ( 'NONE', #3396, .T. ) ;
#6014 = CIRCLE ( 'NONE', #2590, 0.1249999950329999943 ) ;
#6015 = CARTESIAN_POINT ( 'NONE',  ( 0.000000000000000000, 0.000000000000000000, 0.1000000079469999942 ) ) ;
#6016 = ORIENTED_EDGE ( 'NONE', *, *, #3857, .T. ) ;
#6017 = ORIENTED_EDGE ( 'NONE', *, *, #5554, .F. ) ;
#6018 = EDGE_CURVE ( 'NONE', #3345, #5662, #5070, .T. ) ;
#6019 = FILL_AREA_STYLE_COLOUR ( '', #3456 ) ;
#6020 = AXIS2_PLACEMENT_3D ( 'NONE', #1588, #3423, #5262 ) ;
#6021 = CARTESIAN_POINT ( 'NONE',  ( 0.1799999928469999955, -0.4499999821190000526, 0.4499999940400000176 ) ) ;
#6022 = FACE_OUTER_BOUND ( 'NONE', #4321, .T. ) ;
#6023 = SURFACE_STYLE_FILL_AREA ( #3668 ) ;
#6024 =( NAMED_UNIT ( * ) PLANE_ANGLE_UNIT ( ) SI_UNIT ( $, .RADIAN. ) );
#6025 = DIRECTION ( 'NONE',  ( 0.000000000000000000, 1.000000000000000000, 0.000000000000000000 ) ) ;
#6026 = PLANE ( 'NONE',  #5419 ) ;
#6027 = DIRECTION ( 'NONE',  ( 1.000000000000000000, 0.000000000000000000, 0.000000000000000000 ) ) ;
#6028 = DIRECTION ( 'NONE',  ( 0.000000000000000000, -3.614007241618000193E-16, -1.000000000000000000 ) ) ;
#6029 = DIRECTION ( 'NONE',  ( 0.000000000000000000, 0.000000000000000000, -1.000000000000000000 ) ) ;
#6030 = CARTESIAN_POINT ( 'NONE',  ( 0.5999999761580000479, 0.1399999944370000082, 1.192092879965000017E-08 ) ) ;
#6031 = EDGE_CURVE ( 'NONE', #5563, #3381, #5132, .T. ) ;
#6032 = EDGE_CURVE ( 'NONE', #4879, #4701, #3178, .T. ) ;
#6033 = LINE ( 'NONE', #4997, #173 ) ;
#6034 = PRESENTATION_STYLE_ASSIGNMENT (( #1288 ) ) ;
#6035 = ORIENTED_EDGE ( 'NONE', *, *, #4196, .T. ) ;
#6036 = ADVANCED_FACE ( 'NONE', ( #3145 ), #2621, .F. ) ;
#6037 = DIRECTION ( 'NONE',  ( 0.000000000000000000, 0.000000000000000000, -1.000000000000000000 ) ) ;
#6038 = LINE ( 'NONE', #3254, #4420 ) ;
#6039 = ORIENTED_EDGE ( 'NONE', *, *, #329, .F. ) ;
#6040 = ORIENTED_EDGE ( 'NONE', *, *, #3788, .F. ) ;
#6041 = EDGE_LOOP ( 'NONE', ( #5514, #23, #1399, #2384 ) ) ;
#6042 = ORIENTED_EDGE ( 'NONE', *, *, #4809, .F. ) ;
#6043 = ORIENTED_EDGE ( 'NONE', *, *, #1387, .T. ) ;
#6044 = EDGE_CURVE ( 'NONE', #665, #3442, #710, .T. ) ;
#6045 = DIRECTION ( 'NONE',  ( 0.000000000000000000, 0.000000000000000000, 1.000000000000000000 ) ) ;
#6046 = DIRECTION ( 'NONE',  ( -1.000000000000000000, 0.000000000000000000, 0.000000000000000000 ) ) ;
#6047 = FACE_OUTER_BOUND ( 'NONE', #4792, .T. ) ;
#6048 = VECTOR ( 'NONE', #1278, 1000.000000000000000 ) ;
#6049 = ORIENTED_EDGE ( 'NONE', *, *, #2659, .T. ) ;
#6050 = ORIENTED_EDGE ( 'NONE', *, *, #2193, .F. ) ;
#6051 =( GEOMETRIC_REPRESENTATION_CONTEXT ( 3 ) GLOBAL_UNCERTAINTY_ASSIGNED_CONTEXT ( ( #481 ) ) GLOBAL_UNIT_ASSIGNED_CONTEXT ( ( #1727, #5990, #4562 ) ) REPRESENTATION_CONTEXT ( 'NONE', 'WORKASPACE' ) );
#6052 = DIRECTION ( 'NONE',  ( 0.000000000000000000, -1.000000000000000000, 0.000000000000000000 ) ) ;
#6053 =( NAMED_UNIT ( * ) SI_UNIT ( $, .STERADIAN. ) SOLID_ANGLE_UNIT ( ) );
#6054 = ORIENTED_EDGE ( 'NONE', *, *, #3014, .F. ) ;
#6055 = DIRECTION ( 'NONE',  ( -1.000000000000000000, 0.000000000000000000, 0.000000000000000000 ) ) ;
#6056 = EDGE_LOOP ( 'NONE', ( #2115, #1083, #6043, #2079, #5834 ) ) ;
#6057 = VERTEX_POINT ( 'NONE', #4563 ) ;
#6058 = COLOUR_RGB ( '',0.9882352941176471006, 0.7372549019607843590, 0.5176470588235293491 ) ;
#6059 = ADVANCED_FACE ( 'NONE', ( #5447 ), #3892, .T. ) ;
#6060 =( LENGTH_UNIT ( ) NAMED_UNIT ( * ) SI_UNIT ( .MILLI., .METRE. ) );
#6061 = AXIS2_PLACEMENT_3D ( 'NONE', #5951, #300, #5460 ) ;
#6062 = DIRECTION ( 'NONE',  ( 0.000000000000000000, 0.000000000000000000, 1.000000000000000000 ) ) ;
#6063 = DIRECTION ( 'NONE',  ( 0.000000000000000000, 0.000000000000000000, -1.000000000000000000 ) ) ;
#6064 = ORIENTED_EDGE ( 'NONE', *, *, #3453, .F. ) ;
#6065 = ORIENTED_EDGE ( 'NONE', *, *, #5420, .T. ) ;
#6066 = CIRCLE ( 'NONE', #5191, 0.1174585588670000180 ) ;
#6067 = EDGE_CURVE ( 'NONE', #4275, #5244, #1199, .T. ) ;
#6068 = EDGE_LOOP ( 'NONE', ( #4382, #2010, #1433, #5858 ) ) ;
#6069 = PRESENTATION_STYLE_ASSIGNMENT (( #384 ) ) ;
#6070 = DIRECTION ( 'NONE',  ( 0.000000000000000000, 0.000000000000000000, 1.000000000000000000 ) ) ;
#6071 = AXIS2_PLACEMENT_3D ( 'NONE', #2909, #4983, #2650 ) ;
#6072 = CARTESIAN_POINT ( 'NONE',  ( 0.1799999928469999955, 0.4249999831119999905, 0.3499999980130000243 ) ) ;
#6073 = EDGE_CURVE ( 'NONE', #5190, #1213, #4950, .T. ) ;
#6074 = CIRCLE ( 'NONE', #5986, 0.02499999900658995966 ) ;
#6075 = AXIS2_PLACEMENT_3D ( 'NONE', #1691, #3711, #3660 ) ;
#6076 = DIRECTION ( 'NONE',  ( 0.000000000000000000, 1.000000000000000000, 0.000000000000000000 ) ) ;
#6077 = VECTOR ( 'NONE', #645, 1000.000000000000000 ) ;
#6078 =( LENGTH_UNIT ( ) NAMED_UNIT ( * ) SI_UNIT ( .MILLI., .METRE. ) );
#6079 = DIRECTION ( 'NONE',  ( 0.000000000000000000, 0.000000000000000000, -1.000000000000000000 ) ) ;
#6080 = STYLED_ITEM ( 'NONE', ( #4884 ), #5258 ) ;
#6081 = DIRECTION ( 'NONE',  ( 0.000000000000000000, -1.000000000000000000, 0.000000000000000000 ) ) ;
#6082 = AXIS2_PLACEMENT_3D ( 'NONE', #604, #1623, #3438 ) ;
#6083 = CLOSED_SHELL ( 'NONE', ( #3715, #4409, #4162, #1731, #5469, #4952, #321, #4284, #4065, #3394, #692, #1921, #2630, #63, #5036, #177, #4240, #5342 ) ) ;
#6084 = MECHANICAL_DESIGN_GEOMETRIC_PRESENTATION_REPRESENTATION (  '', ( #4922 ), #3065 ) ;
#6085 = ORIENTED_EDGE ( 'NONE', *, *, #3857, .F. ) ;
#6086 = DIRECTION ( 'NONE',  ( 1.000000000000000000, 0.000000000000000000, 0.000000000000000000 ) ) ;
#6087 = CARTESIAN_POINT ( 'NONE',  ( -0.05999999761580999957, -0.4249999831119999905, 0.3499999980130000243 ) ) ;
#6088 = CARTESIAN_POINT ( 'NONE',  ( 0.2549999898670000098, -0.2549999898670000098, 1.192092846658000078E-08 ) ) ;
#6089 = ORIENTED_EDGE ( 'NONE', *, *, #3644, .T. ) ;
#6090 = LINE ( 'NONE', #6128, #2019 ) ;
#6091 = CIRCLE ( 'NONE', #3655, 0.02499999900659001170 ) ;
#6092 = EDGE_LOOP ( 'NONE', ( #4742, #2311, #2785, #2374 ) ) ;
#6093 = VERTEX_POINT ( 'NONE', #4103 ) ;
#6094 = CIRCLE ( 'NONE', #1835, 0.02499999900659001170 ) ;
#6095 = EDGE_LOOP ( 'NONE', ( #5691, #5378, #3587, #3811, #3868 ) ) ;
#6096 = CIRCLE ( 'NONE', #3468, 0.02499999900659001170 ) ;
#6097 = DIRECTION ( 'NONE',  ( -1.000000000000000000, 0.000000000000000000, 0.000000000000000000 ) ) ;
#6098 = EDGE_CURVE ( 'NONE', #4247, #4659, #4163, .T. ) ;
#6099 = CYLINDRICAL_SURFACE ( 'NONE', #2666, 0.02499999900659001170 ) ;
#6100 = PLANE ( 'NONE',  #3822 ) ;
#6101 = ORIENTED_EDGE ( 'NONE', *, *, #5449, .F. ) ;
#6102 = ORIENTED_EDGE ( 'NONE', *, *, #3572, .T. ) ;
#6103 = VERTEX_POINT ( 'NONE', #4533 ) ;
#6104 = UNCERTAINTY_MEASURE_WITH_UNIT (LENGTH_MEASURE( 1.000000000000000082E-05 ), #5130, 'distance_accuracy_value', 'NONE');
#6105 = ORIENTED_EDGE ( 'NONE', *, *, #1943, .F. ) ;
#6106 = CARTESIAN_POINT ( 'NONE',  ( 0.2699999892709999960, 0.4999999801319999770, 0.1000000079469999942 ) ) ;
#6107 = CIRCLE ( 'NONE', #5716, 0.02499999900658995966 ) ;
#6108 = DIRECTION ( 'NONE',  ( -1.000000000000000000, 0.000000000000000000, 0.000000000000000000 ) ) ;
#6109 = EDGE_CURVE ( 'NONE', #2882, #1746, #3387, .T. ) ;
#6110 = EDGE_CURVE ( 'NONE', #2647, #4394, #299, .T. ) ;
#6111 = DIRECTION ( 'NONE',  ( 1.000000000000000000, 0.000000000000000000, 0.000000000000000000 ) ) ;
#6112 = CARTESIAN_POINT ( 'NONE',  ( -3.061616876211000089E-18, -0.2999999880790000240, 0.2250000029800000023 ) ) ;
#6113 = CIRCLE ( 'NONE', #1191, 0.1749999930459999464 ) ;
#6114 = LINE ( 'NONE', #1886, #5436 ) ;
#6115 = ADVANCED_FACE ( 'NONE', ( #2258 ), #1815, .T. ) ;
#6116 = AXIS2_PLACEMENT_3D ( 'NONE', #3303, #3872, #1928 ) ;
#6117 = DIRECTION ( 'NONE',  ( 0.000000000000000000, 1.000000000000000000, 0.000000000000000000 ) ) ;
#6118 = DIRECTION ( 'NONE',  ( 0.000000000000000000, 0.000000000000000000, -1.000000000000000000 ) ) ;
#6119 = CIRCLE ( 'NONE', #697, 0.02499999900659001170 ) ;
#6120 = VERTEX_POINT ( 'NONE', #914 ) ;
#6121 = VERTEX_POINT ( 'NONE', #6112 ) ;
#6122 = DIRECTION ( 'NONE',  ( 0.000000000000000000, 0.000000000000000000, 1.000000000000000000 ) ) ;
#6123 = CYLINDRICAL_SURFACE ( 'NONE', #1470, 0.02499999900658999782 ) ;
#6124 = DIRECTION ( 'NONE',  ( 0.000000000000000000, 0.000000000000000000, 1.000000000000000000 ) ) ;
#6125 = EDGE_CURVE ( 'NONE', #4394, #4877, #6119, .T. ) ;
#6126 = LINE ( 'NONE', #1895, #5861 ) ;
#6127 = ORIENTED_EDGE ( 'NONE', *, *, #2553, .T. ) ;
#6128 = CARTESIAN_POINT ( 'NONE',  ( -0.5999999761580000479, 0.1399999944370000082, 1.192092846658000078E-08 ) ) ;
#6129 = ORIENTED_EDGE ( 'NONE', *, *, #2230, .F. ) ;
ENDSEC;
END-ISO-10303-21;
