ISO-10303-21;
HEADER;
FILE_DESCRIPTION (( 'STEP AP214' ),
    '1' );
FILE_NAME ('HX-2_54-4P-WT.STEP',
    '2026-07-25T12:10:50',
    ( '' ),
    ( '' ),
    'SwSTEP 2.0',
    'SolidWorks 2025',
    '' );
FILE_SCHEMA (( 'AUTOMOTIVE_DESIGN' ));
ENDSEC;

DATA;
#1 = CARTESIAN_POINT ( 'NONE',  ( -0.7277455268069999983, -1.361912441282999930, 0.2000000000000000111 ) ) ;
#2 = DIRECTION ( 'NONE',  ( 1.000000000000000000, 1.226529932838000023E-16, 4.282406372038000225E-31 ) ) ;
#3 = ORIENTED_EDGE ( 'NONE', *, *, #2560, .F. ) ;
#4 = CARTESIAN_POINT ( 'NONE',  ( -6.150000000000000355, -2.849999999999000000, 0.2000000000000000111 ) ) ;
#5 = EDGE_LOOP ( 'NONE', ( #8820, #6453, #610, #7309, #6305 ) ) ;
#6 = LINE ( 'NONE', #10443, #9521 ) ;
#7 = VECTOR ( 'NONE', #4963, 1000.000000000000000 ) ;
#8 = VECTOR ( 'NONE', #883, 1000.000000000000000 ) ;
#9 = ADVANCED_FACE ( 'NONE', ( #6295 ), #2416, .T. ) ;
#10 = LINE ( 'NONE', #7271, #10110 ) ;
#11 = CARTESIAN_POINT ( 'NONE',  ( 4.069999999999000195, 2.405251729774000147, 3.125825627559000175 ) ) ;
#12 = CYLINDRICAL_SURFACE ( 'NONE', #4424, 0.7399999999990000132 ) ;
#13 = ADVANCED_FACE ( 'NONE', ( #10317 ), #5657, .F. ) ;
#14 = CARTESIAN_POINT ( 'NONE',  ( -0.9106723560750000779, -0.8619124412830000415, 0.2000000000000000111 ) ) ;
#15 = CARTESIAN_POINT ( 'NONE',  ( 0.2892197614220000101, -0.9229963668899999751, 0.2010000000000000120 ) ) ;
#16 = AXIS2_PLACEMENT_3D ( 'NONE', #6605, #8285, #7343 ) ;
#17 = DIRECTION ( 'NONE',  ( 0.000000000000000000, 3.491481338843000432E-15, -1.000000000000000000 ) ) ;
#18 = DIRECTION ( 'NONE',  ( 0.000000000000000000, -1.000000000000000000, -4.336808689963710622E-15 ) ) ;
#19 = ORIENTED_EDGE ( 'NONE', *, *, #8981, .F. ) ;
#20 = LINE ( 'NONE', #8227, #5290 ) ;
#21 = ORIENTED_EDGE ( 'NONE', *, *, #9118, .T. ) ;
#22 = VECTOR ( 'NONE', #7024, 1000.000000000000000 ) ;
#23 = ORIENTED_EDGE ( 'NONE', *, *, #8403, .T. ) ;
#24 = CARTESIAN_POINT ( 'NONE',  ( -6.150000000000000355, -4.649999999998999378, 2.199999999999000089 ) ) ;
#25 = VERTEX_POINT ( 'NONE', #7045 ) ;
#26 = EDGE_CURVE ( 'NONE', #10038, #3834, #2263, .T. ) ;
#27 = LINE ( 'NONE', #2454, #1058 ) ;
#28 = PLANE ( 'NONE',  #9308 ) ;
#29 = CARTESIAN_POINT ( 'NONE',  ( 0.3745586897259999826, -0.8560249928140000186, 0.2010000000000000120 ) ) ;
#30 = EDGE_CURVE ( 'NONE', #9597, #5257, #8733, .T. ) ;
#31 = VERTEX_POINT ( 'NONE', #1422 ) ;
#32 = VECTOR ( 'NONE', #9712, 1000.000000000000000 ) ;
#33 = VECTOR ( 'NONE', #6744, 1000.000000000000000 ) ;
#34 = DIRECTION ( 'NONE',  ( -1.000000000000000000, 0.000000000000000000, 0.000000000000000000 ) ) ;
#35 = EDGE_LOOP ( 'NONE', ( #3581, #8357, #7708, #7019 ) ) ;
#36 = CARTESIAN_POINT ( 'NONE',  ( 0.2771221937059999973, -1.350241285326000185, 0.2010000000000000120 ) ) ;
#37 = LINE ( 'NONE', #6560, #8879 ) ;
#38 = FACE_OUTER_BOUND ( 'NONE', #2573, .T. ) ;
#39 = AXIS2_PLACEMENT_3D ( 'NONE', #8741, #5454, #2906 ) ;
#40 = VECTOR ( 'NONE', #1629, 1000.000000000000000 ) ;
#41 = ORIENTED_EDGE ( 'NONE', *, *, #4150, .F. ) ;
#42 = CARTESIAN_POINT ( 'NONE',  ( -7.500000000000000000, -2.750000000000000000, 4.299999999998999733 ) ) ;
#43 = DIRECTION ( 'NONE',  ( -1.000000000000000000, 0.000000000000000000, 0.000000000000000000 ) ) ;
#44 = LINE ( 'NONE', #4008, #2938 ) ;
#45 = ORIENTED_EDGE ( 'NONE', *, *, #4981, .T. ) ;
#46 = AXIS2_PLACEMENT_3D ( 'NONE', #5541, #7133, #6233 ) ;
#47 = VECTOR ( 'NONE', #6107, 1000.000000000000000 ) ;
#48 = ADVANCED_FACE ( 'NONE', ( #4648 ), #4967, .F. ) ;
#49 = ORIENTED_EDGE ( 'NONE', *, *, #8270, .F. ) ;
#50 = EDGE_CURVE ( 'NONE', #1675, #333, #6511, .T. ) ;
#51 = FACE_OUTER_BOUND ( 'NONE', #6386, .T. ) ;
#52 = VERTEX_POINT ( 'NONE', #1674 ) ;
#53 = CARTESIAN_POINT ( 'NONE',  ( -5.450000000000000178, 1.349999999999000000, 5.500000000000000888 ) ) ;
#54 = ORIENTED_EDGE ( 'NONE', *, *, #8770, .T. ) ;
#55 = CARTESIAN_POINT ( 'NONE',  ( -5.450000000000000178, 1.550000000000000044, 0.9000000000000000222 ) ) ;
#56 = CARTESIAN_POINT ( 'NONE',  ( 0.4000000000000000222, 1.149999999999999911, 2.700000000000000178 ) ) ;
#57 = VECTOR ( 'NONE', #2522, 1000.000000000000114 ) ;
#58 = CARTESIAN_POINT ( 'NONE',  ( 0.6999999999999999556, 0.9499999999999999556, 0.9000000000000000222 ) ) ;
#59 = CARTESIAN_POINT ( 'NONE',  ( 3.429999999998999627, 4.750000000000000000, 1.000013873792005015E-12 ) ) ;
#60 = VERTEX_POINT ( 'NONE', #4056 ) ;
#61 = DIRECTION ( 'NONE',  ( -1.000000000000000000, 0.000000000000000000, 0.000000000000000000 ) ) ;
#62 = ORIENTED_EDGE ( 'NONE', *, *, #6294, .T. ) ;
#63 = CARTESIAN_POINT ( 'NONE',  ( 0.2478642292900000155, -1.335997807137000004, 0.2000000000000000111 ) ) ;
#64 = EDGE_CURVE ( 'NONE', #5330, #10186, #6561, .T. ) ;
#65 = B_SPLINE_CURVE_WITH_KNOTS ( 'NONE', 3,
 ( #149, #8297, #6617, #9835, #2681, #1035, #3520, #8799, #4272, #10141, #3571 ),
 .UNSPECIFIED., .F., .F.,
 ( 4, 1, 1, 1, 1, 1, 1, 1, 4 ),
 ( 0.000000000000000000, 0.1352946047629999815, 0.2667656579239999770, 0.3948160188350000044, 0.5200516544339999214, 0.6421757029699999286, 0.7626518205579999599, 0.8818340043800000361, 1.000000000000000000 ),
 .UNSPECIFIED. ) ;
#66 = PLANE ( 'NONE',  #2672 ) ;
#67 = CARTESIAN_POINT ( 'NONE',  ( -0.3798343749609999764, -1.361399924631000014, 0.2000000000000000111 ) ) ;
#68 = AXIS2_PLACEMENT_3D ( 'NONE', #9270, #5085, #10161 ) ;
#69 = DIRECTION ( 'NONE',  ( 1.000000000000000000, 0.000000000000000000, 0.000000000000000000 ) ) ;
#70 = FACE_OUTER_BOUND ( 'NONE', #8050, .T. ) ;
#71 = CARTESIAN_POINT ( 'NONE',  ( -6.400000000000000355, -4.949999999998999201, 1.212771867672999937 ) ) ;
#72 = CARTESIAN_POINT ( 'NONE',  ( 2.449999999999999734, -3.319848480983000005, 5.499999999999000799 ) ) ;
#73 = LINE ( 'NONE', #8067, #5952 ) ;
#74 = VERTEX_POINT ( 'NONE', #250 ) ;
#75 = AXIS2_PLACEMENT_3D ( 'NONE', #3297, #5633, #8864 ) ;
#76 = CARTESIAN_POINT ( 'NONE',  ( 0.1503032536799999985, -0.8619124412830000415, 0.2010000000000000120 ) ) ;
#77 = EDGE_LOOP ( 'NONE', ( #5962, #4220, #5269, #9205 ) ) ;
#78 = EDGE_LOOP ( 'NONE', ( #3780, #6236, #6727, #6067 ) ) ;
#79 = ADVANCED_FACE ( 'NONE', ( #38 ), #7508, .T. ) ;
#80 = CARTESIAN_POINT ( 'NONE',  ( -7.500000000000000000, 2.550000000000000266, 0.2000000000010000167 ) ) ;
#81 = AXIS2_PLACEMENT_3D ( 'NONE', #4287, #7526, #321 ) ;
#82 = EDGE_CURVE ( 'NONE', #3211, #753, #3787, .T. ) ;
#83 = DIRECTION ( 'NONE',  ( -1.000000000000000000, 0.000000000000000000, 0.000000000000000000 ) ) ;
#84 = DIRECTION ( 'NONE',  ( 1.000000000000000000, 0.000000000000000000, 0.000000000000000000 ) ) ;
#85 = CARTESIAN_POINT ( 'NONE',  ( -3.429999999998999627, 1.549999999998999956, 3.840000000000000302 ) ) ;
#86 = VECTOR ( 'NONE', #8384, 1000.000000000000000 ) ;
#87 = ORIENTED_EDGE ( 'NONE', *, *, #6462, .F. ) ;
#88 = DIRECTION ( 'NONE',  ( 1.000000000000000000, 1.239088197125999924E-16, 4.326253317447000624E-31 ) ) ;
#89 = CARTESIAN_POINT ( 'NONE',  ( 1.570000000000000062, 2.405251729774000147, 3.125825627559000175 ) ) ;
#90 = ORIENTED_EDGE ( 'NONE', *, *, #9206, .F. ) ;
#91 = ADVANCED_FACE ( 'NONE', ( #1033 ), #7402, .F. ) ;
#92 = CARTESIAN_POINT ( 'NONE',  ( 0.2525559246769999988, -1.338587431972000141, 0.2000000000000000111 ) ) ;
#93 = PLANE ( 'NONE',  #7869 ) ;
#94 = VECTOR ( 'NONE', #6481, 1000.000000000000000 ) ;
#95 = CARTESIAN_POINT ( 'NONE',  ( -6.400000000000000355, -3.149999999998999822, 2.199999999999000089 ) ) ;
#96 = ORIENTED_EDGE ( 'NONE', *, *, #3541, .T. ) ;
#97 = DIRECTION ( 'NONE',  ( 0.000000000000000000, 1.000000000000000000, 3.516331370228009829E-15 ) ) ;
#98 = CARTESIAN_POINT ( 'NONE',  ( 0.4000000000000000222, 1.149999999999999911, 2.700000000000000178 ) ) ;
#99 = CARTESIAN_POINT ( 'NONE',  ( -0.8669414109530000356, -0.9579490266489999462, 0.2010000000000000120 ) ) ;
#100 = CARTESIAN_POINT ( 'NONE',  ( -6.400000000000000355, -5.149999999999000266, 1.787228132325999974 ) ) ;
#101 = VECTOR ( 'NONE', #5379, 1000.000000000000000 ) ;
#102 = ORIENTED_EDGE ( 'NONE', *, *, #9271, .F. ) ;
#103 = ORIENTED_EDGE ( 'NONE', *, *, #9275, .F. ) ;
#104 = CARTESIAN_POINT ( 'NONE',  ( 0.2611444240399999894, -0.9349883306899999802, 0.2000000000000000111 ) ) ;
#105 = ORIENTED_EDGE ( 'NONE', *, *, #3508, .F. ) ;
#106 = DIRECTION ( 'NONE',  ( 1.000000000000000000, 0.000000000000000000, 0.000000000000000000 ) ) ;
#107 = EDGE_LOOP ( 'NONE', ( #6973, #5963, #6721, #8226, #4202, #2940, #2220, #3837, #1680 ) ) ;
#108 = PLANE ( 'NONE',  #4952 ) ;
#109 = CARTESIAN_POINT ( 'NONE',  ( -6.150000000000000355, -4.649999999998999378, 2.699999999999000089 ) ) ;
#110 = LINE ( 'NONE', #5836, #7518 ) ;
#111 = LINE ( 'NONE', #9013, #4252 ) ;
#112 = VECTOR ( 'NONE', #461, 1000.000000000000000 ) ;
#113 = EDGE_LOOP ( 'NONE', ( #6983, #5573, #6121, #510 ) ) ;
#114 = EDGE_LOOP ( 'NONE', ( #8987, #2782, #9415, #2878 ) ) ;
#115 = DIRECTION ( 'NONE',  ( 0.000000000000000000, 0.03489949670200395010, -0.9993908270191130816 ) ) ;
#116 = EDGE_CURVE ( 'NONE', #6141, #8716, #937, .T. ) ;
#117 = DIRECTION ( 'NONE',  ( 1.000000000000000000, 0.000000000000000000, 0.000000000000000000 ) ) ;
#118 = PLANE ( 'NONE',  #5121 ) ;
#119 = LINE ( 'NONE', #4941, #2555 ) ;
#120 = EDGE_CURVE ( 'NONE', #5012, #159, #4111, .T. ) ;
#121 = EDGE_CURVE ( 'NONE', #4418, #159, #6720, .T. ) ;
#122 = CARTESIAN_POINT ( 'NONE',  ( 3.429999999998999627, 0.8499999999999999778, 3.200000000000000178 ) ) ;
#123 = LINE ( 'NONE', #3346, #1533 ) ;
#124 = DIRECTION ( 'NONE',  ( 0.000000000000000000, 3.491481338843000432E-15, -1.000000000000000000 ) ) ;
#125 = CARTESIAN_POINT ( 'NONE',  ( 4.069999999999000195, 2.550000000000000266, 1.000013873792005015E-12 ) ) ;
#126 = ORIENTED_EDGE ( 'NONE', *, *, #6733, .F. ) ;
#127 = FACE_OUTER_BOUND ( 'NONE', #3029, .T. ) ;
#128 = ORIENTED_EDGE ( 'NONE', *, *, #9818, .F. ) ;
#129 = PRODUCT_DEFINITION_CONTEXT ( 'detailed design', #10151, 'design' ) ;
#130 = VECTOR ( 'NONE', #522, 1000.000000000000000 ) ;
#131 = ORIENTED_EDGE ( 'NONE', *, *, #4338, .T. ) ;
#132 = AXIS2_PLACEMENT_3D ( 'NONE', #8126, #8977, #6602 ) ;
#133 = CARTESIAN_POINT ( 'NONE',  ( -1.750000000000000000, 1.550000000000000044, 0.2000000000010000167 ) ) ;
#134 = DIRECTION ( 'NONE',  ( -1.000000000000000000, 0.000000000000000000, 0.000000000000000000 ) ) ;
#135 = CYLINDRICAL_SURFACE ( 'NONE', #5249, 0.1000000000000000472 ) ;
#136 = VECTOR ( 'NONE', #4212, 1000.000000000000114 ) ;
#137 = DIRECTION ( 'NONE',  ( -1.000000000000000000, 0.000000000000000000, 0.000000000000000000 ) ) ;
#138 = ORIENTED_EDGE ( 'NONE', *, *, #1801, .F. ) ;
#139 = PLANE ( 'NONE',  #1894 ) ;
#140 = EDGE_CURVE ( 'NONE', #1267, #2474, #9935, .T. ) ;
#141 = CARTESIAN_POINT ( 'NONE',  ( -0.6137651098009999640, -1.052994330570000026, 0.2010000000000000120 ) ) ;
#142 = ORIENTED_EDGE ( 'NONE', *, *, #1953, .F. ) ;
#143 = EDGE_CURVE ( 'NONE', #5523, #7610, #8941, .T. ) ;
#144 = VECTOR ( 'NONE', #6202, 1000.000000000000114 ) ;
#145 = CARTESIAN_POINT ( 'NONE',  ( 0.3854404488020000130, -1.368010002259000046, 0.2010000000000000120 ) ) ;
#146 = LINE ( 'NONE', #393, #86 ) ;
#147 = CARTESIAN_POINT ( 'NONE',  ( 0.4000000000000000222, 1.149999999998999822, 5.500000000000000888 ) ) ;
#148 = VERTEX_POINT ( 'NONE', #9145 ) ;
#149 = CARTESIAN_POINT ( 'NONE',  ( 0.3761988329479999393, -1.313131953477999936, 0.2000000000000000111 ) ) ;
#150 = DIRECTION ( 'NONE',  ( 1.000000000000000000, 0.000000000000000000, 0.000000000000000000 ) ) ;
#151 = CARTESIAN_POINT ( 'NONE',  ( 1.570000000000000062, 2.550000000000000266, 0.6999999999999999556 ) ) ;
#152 = CARTESIAN_POINT ( 'NONE',  ( -7.500000000000000000, -5.250000000000000000, 4.799999999999000622 ) ) ;
#153 = EDGE_CURVE ( 'NONE', #6768, #3854, #6667, .T. ) ;
#154 = ORIENTED_EDGE ( 'NONE', *, *, #4081, .F. ) ;
#155 = ORIENTED_EDGE ( 'NONE', *, *, #892, .F. ) ;
#156 = VERTEX_POINT ( 'NONE', #1881 ) ;
#157 = CARTESIAN_POINT ( 'NONE',  ( 0.3649564548990000268, -0.9106929290880000361, 0.2010000000000000120 ) ) ;
#158 = EDGE_CURVE ( 'NONE', #9802, #9764, #2630, .T. ) ;
#159 = VERTEX_POINT ( 'NONE', #10041 ) ;
#160 = DIRECTION ( 'NONE',  ( -1.000000000000000000, 0.000000000000000000, 0.000000000000000000 ) ) ;
#161 = ORIENTED_EDGE ( 'NONE', *, *, #5854, .T. ) ;
#162 = CARTESIAN_POINT ( 'NONE',  ( -0.5111752988219999683, -1.240802629897999942, 0.2000000000000000111 ) ) ;
#163 = DIRECTION ( 'NONE',  ( 0.000000000000000000, 1.000000000000000000, 3.491481338843000432E-15 ) ) ;
#164 = EDGE_CURVE ( 'NONE', #790, #1138, #9987, .T. ) ;
#165 = CARTESIAN_POINT ( 'NONE',  ( 6.150000000000000355, -4.649999999998999378, 2.199999999999000089 ) ) ;
#166 = CARTESIAN_POINT ( 'NONE',  ( -0.5507523682229999995, -1.099393004811999974, 0.2000000000000000111 ) ) ;
#167 = ORIENTED_EDGE ( 'NONE', *, *, #10020, .F. ) ;
#168 = EDGE_CURVE ( 'NONE', #1695, #4953, #1194, .T. ) ;
#169 = ORIENTED_EDGE ( 'NONE', *, *, #2970, .T. ) ;
#170 = DIRECTION ( 'NONE',  ( 0.000000000000000000, 1.000000000000000000, 3.491481338843000432E-15 ) ) ;
#171 = CARTESIAN_POINT ( 'NONE',  ( 0.000000000000000000, 1.550000000000000044, 3.200000000000000178 ) ) ;
#172 = DIRECTION ( 'NONE',  ( 0.000000000000000000, -3.584412953627000671E-15, 1.000000000000000000 ) ) ;
#173 = CARTESIAN_POINT ( 'NONE',  ( 0.4000000000000000222, 1.149999999998999822, 5.500000000000000888 ) ) ;
#174 = CARTESIAN_POINT ( 'NONE',  ( -0.5763620661860000549, -0.9637252991580000927, 0.2000000000000000111 ) ) ;
#175 = EDGE_CURVE ( 'NONE', #4931, #10300, #637, .T. ) ;
#176 = CARTESIAN_POINT ( 'NONE',  ( 0.3037584972000000327, -0.9185498664750000319, 0.2010000000000000120 ) ) ;
#177 = DIRECTION ( 'NONE',  ( 0.000000000000000000, 1.000000000000000000, 3.252606517472783164E-15 ) ) ;
#178 = CARTESIAN_POINT ( 'NONE',  ( -1.750000000000000000, 1.550000000000000044, 0.9000000000000000222 ) ) ;
#179 = ORIENTED_EDGE ( 'NONE', *, *, #2314, .F. ) ;
#180 = VECTOR ( 'NONE', #1025, 1000.000000000000114 ) ;
#181 = DIRECTION ( 'NONE',  ( -1.000000000000000000, 0.000000000000000000, 0.000000000000000000 ) ) ;
#182 = VECTOR ( 'NONE', #7291, 1000.000000000000000 ) ;
#183 = EDGE_CURVE ( 'NONE', #1176, #9685, #4476, .T. ) ;
#184 = ORIENTED_EDGE ( 'NONE', *, *, #1518, .T. ) ;
#185 = EDGE_CURVE ( 'NONE', #1149, #8228, #1937, .T. ) ;
#186 = ORIENTED_EDGE ( 'NONE', *, *, #6269, .F. ) ;
#187 = DIRECTION ( 'NONE',  ( 0.000000000000000000, 3.491481338843000432E-15, -1.000000000000000000 ) ) ;
#188 = VECTOR ( 'NONE', #6217, 1000.000000000000000 ) ;
#189 = LINE ( 'NONE', #925, #719 ) ;
#190 = DIRECTION ( 'NONE',  ( 0.000000000000000000, 3.491481338843000432E-15, -1.000000000000000000 ) ) ;
#191 = DIRECTION ( 'NONE',  ( 0.000000000000000000, 1.000000000000000000, 3.491481338843000432E-15 ) ) ;
#192 = ORIENTED_EDGE ( 'NONE', *, *, #1683, .F. ) ;
#193 = LINE ( 'NONE', #1722, #8149 ) ;
#194 = CARTESIAN_POINT ( 'NONE',  ( 1.003308929227000101, 4.951414627695999826, 0.07330892922800005818 ) ) ;
#195 = ORIENTED_EDGE ( 'NONE', *, *, #7943, .F. ) ;
#196 = AXIS2_PLACEMENT_3D ( 'NONE', #1244, #7704, #1874 ) ;
#197 = CARTESIAN_POINT ( 'NONE',  ( 0.3654685486470000133, -1.367775765485000239, 0.2000000000000000111 ) ) ;
#198 = DIRECTION ( 'NONE',  ( 0.000000000000000000, 3.491481338843000432E-15, -1.000000000000000000 ) ) ;
#199 = ORIENTED_EDGE ( 'NONE', *, *, #7533, .T. ) ;
#200 = CARTESIAN_POINT ( 'NONE',  ( -3.429999999998999627, 1.765641600482000140, 3.103489949670000136 ) ) ;
#201 = DIRECTION ( 'NONE',  ( 1.000000000000000000, 0.000000000000000000, 0.000000000000000000 ) ) ;
#202 = VECTOR ( 'NONE', #1284, 1000.000000000000114 ) ;
#203 = AXIS2_PLACEMENT_3D ( 'NONE', #684, #526, #10164 ) ;
#204 = CARTESIAN_POINT ( 'NONE',  ( -4.316846170922000958, -4.609415119349999479, 6.199999999999000089 ) ) ;
#205 = CARTESIAN_POINT ( 'NONE',  ( -3.429999999998999627, -3.334297482219000575, 3.199999999999000089 ) ) ;
#206 = ORIENTED_EDGE ( 'NONE', *, *, #7326, .T. ) ;
#207 = VERTEX_POINT ( 'NONE', #2141 ) ;
#208 = EDGE_CURVE ( 'NONE', #7722, #7438, #10264, .T. ) ;
#209 = ORIENTED_EDGE ( 'NONE', *, *, #1187, .F. ) ;
#210 = AXIS2_PLACEMENT_3D ( 'NONE', #3067, #1429, #1477 ) ;
#211 = AXIS2_PLACEMENT_3D ( 'NONE', #8629, #8142, #3270 ) ;
#212 = CARTESIAN_POINT ( 'NONE',  ( 0.3185728446969999794, -0.9149592832640000006, 0.2010000000000000120 ) ) ;
#213 = ORIENTED_EDGE ( 'NONE', *, *, #8270, .T. ) ;
#214 = CARTESIAN_POINT ( 'NONE',  ( -0.9299999999989999599, 2.550000000000000266, 0.6400000000000000133 ) ) ;
#215 = VERTEX_POINT ( 'NONE', #2034 ) ;
#216 = CARTESIAN_POINT ( 'NONE',  ( 4.069999999999000195, 1.665702517779999781, 3.200000000000000178 ) ) ;
#217 = CARTESIAN_POINT ( 'NONE',  ( 0.4779188564970000552, -1.283646395476999880, 0.2000000000000000111 ) ) ;
#218 = VECTOR ( 'NONE', #8074, 1000.000000000000000 ) ;
#219 = AXIS2_PLACEMENT_3D ( 'NONE', #4792, #9502, #5485 ) ;
#220 = CARTESIAN_POINT ( 'NONE',  ( -0.8842813499780000086, -0.9579490266489999462, 0.2000000000000000111 ) ) ;
#221 = DIRECTION ( 'NONE',  ( 0.000000000000000000, 1.000000000000000000, 3.491481338843000432E-15 ) ) ;
#222 = AXIS2_PLACEMENT_3D ( 'NONE', #4239, #9913, #1066 ) ;
#223 = ORIENTED_EDGE ( 'NONE', *, *, #8242, .F. ) ;
#224 = CARTESIAN_POINT ( 'NONE',  ( 0.2620073614630000214, -1.343804240269999895, 0.2000000000000000111 ) ) ;
#225 = DIRECTION ( 'NONE',  ( 0.000000000000000000, -1.000000000000000000, -3.457400261148000567E-15 ) ) ;
#226 = EDGE_CURVE ( 'NONE', #5978, #2924, #3624, .T. ) ;
#227 = DIRECTION ( 'NONE',  ( 0.000000000000000000, 0.03489949670200395010, -0.9993908270191130816 ) ) ;
#228 = VECTOR ( 'NONE', #1845, 1000.000000000000000 ) ;
#229 = DIRECTION ( 'NONE',  ( 1.000000000000000000, 0.000000000000000000, 0.000000000000000000 ) ) ;
#230 = CARTESIAN_POINT ( 'NONE',  ( 4.069999999999000195, 2.490036550378000424, 0.6979060301970000380 ) ) ;
#231 = CARTESIAN_POINT ( 'NONE',  ( 4.069999999999000195, 2.550000000000000266, 0.6400000000000000133 ) ) ;
#232 = PLANE ( 'NONE',  #10036 ) ;
#233 = CARTESIAN_POINT ( 'NONE',  ( 6.400000000000000355, -4.949999999998999201, 1.212771867672999937 ) ) ;
#234 = CARTESIAN_POINT ( 'NONE',  ( 3.149999999999999911, -1.750000000000000000, 5.499999999999000799 ) ) ;
#235 = VERTEX_POINT ( 'NONE', #9197 ) ;
#236 = LINE ( 'NONE', #1920, #10364 ) ;
#237 = VECTOR ( 'NONE', #5765, 1000.000000000000000 ) ;
#238 = VERTEX_POINT ( 'NONE', #7658 ) ;
#239 = LINE ( 'NONE', #3460, #3174 ) ;
#240 = FACE_BOUND ( 'NONE', #6120, .T. ) ;
#241 = LINE ( 'NONE', #5216, #3046 ) ;
#242 = VECTOR ( 'NONE', #957, 1000.000000000000000 ) ;
#243 = ADVANCED_FACE ( 'NONE', ( #2090 ), #7759, .T. ) ;
#244 = CARTESIAN_POINT ( 'NONE',  ( -5.450000000000000178, 1.149999999999999911, 0.9000000000000000222 ) ) ;
#245 = ORIENTED_EDGE ( 'NONE', *, *, #1020, .F. ) ;
#246 = CARTESIAN_POINT ( 'NONE',  ( -0.3536029963189999403, -1.307034392503000131, 0.2010000000000000120 ) ) ;
#247 = ORIENTED_EDGE ( 'NONE', *, *, #3343, .T. ) ;
#248 = AXIS2_PLACEMENT_3D ( 'NONE', #435, #6953, #1120 ) ;
#249 = CARTESIAN_POINT ( 'NONE',  ( 0.9300000000000000488, 1.850426421085999973, 0.6755703523079999995 ) ) ;
#250 = CARTESIAN_POINT ( 'NONE',  ( 3.429999999998999627, 1.549999999998999956, 3.840000000000000302 ) ) ;
#251 = ORIENTED_EDGE ( 'NONE', *, *, #6789, .T. ) ;
#252 = DIRECTION ( 'NONE',  ( -1.000000000000000000, 0.000000000000000000, 0.000000000000000000 ) ) ;
#253 = LINE ( 'NONE', #4373, #9515 ) ;
#254 = EDGE_CURVE ( 'NONE', #7638, #4210, #5276, .T. ) ;
#255 = FACE_OUTER_BOUND ( 'NONE', #5875, .T. ) ;
#256 = CARTESIAN_POINT ( 'NONE',  ( -0.3658377088399999977, -0.8621171872600000841, 0.2000000000000000111 ) ) ;
#257 = EDGE_CURVE ( 'NONE', #4159, #3736, #1139, .T. ) ;
#258 = VERTEX_POINT ( 'NONE', #3728 ) ;
#259 = CARTESIAN_POINT ( 'NONE',  ( 0.2930266601670000193, -1.355793539630999911, 0.2010000000000000120 ) ) ;
#260 = ORIENTED_EDGE ( 'NONE', *, *, #4785, .T. ) ;
#261 = ORIENTED_EDGE ( 'NONE', *, *, #1639, .T. ) ;
#262 = VECTOR ( 'NONE', #1517, 1000.000000000000000 ) ;
#263 = CARTESIAN_POINT ( 'NONE',  ( 0.3337404873670000161, -0.9125509779080001049, 0.2000000000000000111 ) ) ;
#264 = ORIENTED_EDGE ( 'NONE', *, *, #6207, .T. ) ;
#265 = CARTESIAN_POINT ( 'NONE',  ( 6.150000000000000355, -5.250000000000000000, 6.199999999999000089 ) ) ;
#266 = ORIENTED_EDGE ( 'NONE', *, *, #5885, .T. ) ;
#267 = CARTESIAN_POINT ( 'NONE',  ( -0.3758337463770000109, -1.306553840289999879, 0.2000000000000000111 ) ) ;
#268 = CARTESIAN_POINT ( 'NONE',  ( 0.5526033681449999957, -1.124558409985000118, 0.2000000000000000111 ) ) ;
#269 = PLANE ( 'NONE',  #807 ) ;
#270 = LINE ( 'NONE', #4444, #6127 ) ;
#271 = ORIENTED_EDGE ( 'NONE', *, *, #8422, .T. ) ;
#272 = EDGE_CURVE ( 'NONE', #6756, #1102, #6974, .T. ) ;
#273 = LINE ( 'NONE', #6847, #6119 ) ;
#274 = DIRECTION ( 'NONE',  ( -0.7071067811865475727, 0.7071067811865475727, 2.468850131083910907E-15 ) ) ;
#275 = EDGE_CURVE ( 'NONE', #1840, #2863, #9408, .T. ) ;
#276 = EDGE_CURVE ( 'NONE', #10035, #9158, #300, .T. ) ;
#277 = CARTESIAN_POINT ( 'NONE',  ( 5.450000000000000178, 1.250000000000000000, 2.900000000000000355 ) ) ;
#278 = DIRECTION ( 'NONE',  ( 0.000000000000000000, 3.491481338843000432E-15, -1.000000000000000000 ) ) ;
#279 = VECTOR ( 'NONE', #61, 1000.000000000000000 ) ;
#280 = DIRECTION ( 'NONE',  ( 0.000000000000000000, 3.491481338843000432E-15, -1.000000000000000000 ) ) ;
#281 = CARTESIAN_POINT ( 'NONE',  ( 0.6022706767100000080, -1.013427751322000026, 0.2000000000000000111 ) ) ;
#282 = DIRECTION ( 'NONE',  ( 0.000000000000000000, 3.491481338843000432E-15, -1.000000000000000000 ) ) ;
#283 = EDGE_CURVE ( 'NONE', #3435, #4866, #4370, .T. ) ;
#284 = PLANE ( 'NONE',  #3483 ) ;
#285 = VERTEX_POINT ( 'NONE', #5539 ) ;
#286 = CARTESIAN_POINT ( 'NONE',  ( 1.570000000000000062, -3.834297482219000575, 3.839999999999000213 ) ) ;
#287 = EDGE_CURVE ( 'NONE', #4332, #4794, #559, .T. ) ;
#288 = ORIENTED_EDGE ( 'NONE', *, *, #9085, .F. ) ;
#289 = EDGE_CURVE ( 'NONE', #9357, #2355, #1508, .T. ) ;
#290 = CARTESIAN_POINT ( 'NONE',  ( -0.8714007610310000596, -0.9425989646549999268, 0.2010000000000000120 ) ) ;
#291 = DIRECTION ( 'NONE',  ( 0.000000000000000000, 3.491481338843000432E-15, -1.000000000000000000 ) ) ;
#292 = FACE_OUTER_BOUND ( 'NONE', #583, .T. ) ;
#293 = CARTESIAN_POINT ( 'NONE',  ( -4.549999999998999733, -5.250000000000000000, 6.199999999999000089 ) ) ;
#294 = EDGE_CURVE ( 'NONE', #3580, #1671, #3786, .T. ) ;
#295 = ORIENTED_EDGE ( 'NONE', *, *, #2640, .F. ) ;
#296 = VECTOR ( 'NONE', #1370, 1000.000000000000000 ) ;
#297 = DIRECTION ( 'NONE',  ( -1.000000000000000000, 0.000000000000000000, 0.000000000000000000 ) ) ;
#298 = ORIENTED_EDGE ( 'NONE', *, *, #1497, .T. ) ;
#299 = ORIENTED_EDGE ( 'NONE', *, *, #8172, .F. ) ;
#300 = LINE ( 'NONE', #3518, #10283 ) ;
#301 = CIRCLE ( 'NONE', #7075, 0.2000000000000000944 ) ;
#302 = VERTEX_POINT ( 'NONE', #10252 ) ;
#303 = FACE_OUTER_BOUND ( 'NONE', #9998, .T. ) ;
#304 = CARTESIAN_POINT ( 'NONE',  ( 0.9185959366070000076, -1.361912441282999930, 0.2010000000000000120 ) ) ;
#305 = VECTOR ( 'NONE', #4213, 1000.000000000000000 ) ;
#306 = DIRECTION ( 'NONE',  ( 0.000000000000000000, -3.599901556091000645E-15, 1.000000000000000000 ) ) ;
#307 = DIRECTION ( 'NONE',  ( 0.000000000000000000, 3.491481338846605132E-15, -1.000000000000000000 ) ) ;
#308 = EDGE_CURVE ( 'NONE', #1050, #778, #8722, .T. ) ;
#309 = ORIENTED_EDGE ( 'NONE', *, *, #7883, .T. ) ;
#310 = FACE_OUTER_BOUND ( 'NONE', #3515, .T. ) ;
#311 = ORIENTED_EDGE ( 'NONE', *, *, #2246, .F. ) ;
#312 = AXIS2_PLACEMENT_3D ( 'NONE', #9004, #3431, #3328 ) ;
#313 = ORIENTED_EDGE ( 'NONE', *, *, #4488, .F. ) ;
#314 = EDGE_CURVE ( 'NONE', #7718, #6650, #3840, .T. ) ;
#315 = DIRECTION ( 'NONE',  ( 0.000000000000000000, 0.03489949670200395010, -0.9993908270191130816 ) ) ;
#316 = EDGE_CURVE ( 'NONE', #8716, #9966, #1146, .T. ) ;
#317 = ORIENTED_EDGE ( 'NONE', *, *, #316, .T. ) ;
#318 = CARTESIAN_POINT ( 'NONE',  ( 6.899999999999999467, -4.949999999998999201, 1.787228132325999974 ) ) ;
#319 = ORIENTED_EDGE ( 'NONE', *, *, #6114, .F. ) ;
#320 = DIRECTION ( 'NONE',  ( 0.000000000000000000, 1.000000000000000000, 0.000000000000000000 ) ) ;
#321 = DIRECTION ( 'NONE',  ( 0.000000000000000000, 1.000000000000000000, 3.516331370228009829E-15 ) ) ;
#322 = DIRECTION ( 'NONE',  ( 1.000000000000000000, 0.000000000000000000, 0.000000000000000000 ) ) ;
#323 = DIRECTION ( 'NONE',  ( -1.000000000000000000, 0.000000000000000000, 0.000000000000000000 ) ) ;
#324 = ORIENTED_EDGE ( 'NONE', *, *, #257, .F. ) ;
#325 = CARTESIAN_POINT ( 'NONE',  ( 0.08323008294800000872, -0.9167904900640000410, 0.2010000000000000120 ) ) ;
#326 = LINE ( 'NONE', #2490, #6063 ) ;
#327 = CARTESIAN_POINT ( 'NONE',  ( -0.3999999999989999888, 0.8499999999989999999, 5.500000000000000888 ) ) ;
#328 = LINE ( 'NONE', #10016, #5273 ) ;
#329 = DIRECTION ( 'NONE',  ( 0.000000000000000000, 1.000000000000000000, 3.455341266426000612E-15 ) ) ;
#330 = DIRECTION ( 'NONE',  ( -1.000000000000000000, 0.000000000000000000, 0.000000000000000000 ) ) ;
#331 = FACE_OUTER_BOUND ( 'NONE', #5041, .T. ) ;
#332 = CARTESIAN_POINT ( 'NONE',  ( 5.450000000000000178, 1.250000000000000000, 1.500000000000000000 ) ) ;
#333 = VERTEX_POINT ( 'NONE', #5589 ) ;
#334 = EDGE_CURVE ( 'NONE', #2324, #364, #7972, .T. ) ;
#335 = LINE ( 'NONE', #2021, #10195 ) ;
#336 = EDGE_CURVE ( 'NONE', #624, #4265, #2193, .T. ) ;
#337 = PLANE ( 'NONE',  #3637 ) ;
#338 = ADVANCED_FACE ( 'NONE', ( #4635 ), #7816, .F. ) ;
#339 = CARTESIAN_POINT ( 'NONE',  ( -1.570000000000000062, -3.334297482219000575, 3.839999999999000213 ) ) ;
#340 = DIRECTION ( 'NONE',  ( 0.000000000000000000, -3.491481338843000432E-15, 1.000000000000000000 ) ) ;
#341 = CARTESIAN_POINT ( 'NONE',  ( -0.9595481182699999723, -1.166790490064000041, 0.2000000000000000111 ) ) ;
#342 = VECTOR ( 'NONE', #3777, 1000.000000000000000 ) ;
#343 = PLANE ( 'NONE',  #4409 ) ;
#344 = ORIENTED_EDGE ( 'NONE', *, *, #10116, .T. ) ;
#345 = CARTESIAN_POINT ( 'NONE',  ( 1.800000000000000044, 0.9499999999999999556, 2.700000000000000178 ) ) ;
#346 = ORIENTED_EDGE ( 'NONE', *, *, #4251, .F. ) ;
#347 = ORIENTED_EDGE ( 'NONE', *, *, #6403, .T. ) ;
#348 = VECTOR ( 'NONE', #1737, 1000.000000000000114 ) ;
#349 = ORIENTED_EDGE ( 'NONE', *, *, #3832, .T. ) ;
#350 = EDGE_CURVE ( 'NONE', #5470, #479, #3154, .T. ) ;
#351 = CARTESIAN_POINT ( 'NONE',  ( 0.4915767354669999811, -1.272784665316000208, 0.2000000000000000111 ) ) ;
#352 = EDGE_LOOP ( 'NONE', ( #6211, #9444, #9558, #3768 ) ) ;
#353 = LINE ( 'NONE', #4372, #1567 ) ;
#354 = DIRECTION ( 'NONE',  ( 0.000000000000000000, -3.491481338843000432E-15, 1.000000000000000000 ) ) ;
#355 = CARTESIAN_POINT ( 'NONE',  ( 5.450000000000000178, 2.550000000000000266, 0.9000000000000000222 ) ) ;
#356 = FACE_OUTER_BOUND ( 'NONE', #7846, .T. ) ;
#357 = ORIENTED_EDGE ( 'NONE', *, *, #6889, .F. ) ;
#358 = VECTOR ( 'NONE', #7824, 1000.000000000000000 ) ;
#359 = CARTESIAN_POINT ( 'NONE',  ( 0.4358900078429999714, -1.364253583004000125, 0.2010000000000000120 ) ) ;
#361 = EDGE_LOOP ( 'NONE', ( #8026, #2018, #10125, #9575 ) ) ;
#360 = ORIENTED_EDGE ( 'NONE', *, *, #1454, .F. ) ;
#362 = ORIENTED_EDGE ( 'NONE', *, *, #825, .F. ) ;
#363 = DIRECTION ( 'NONE',  ( 0.000000000000000000, 3.491481338843000432E-15, -1.000000000000000000 ) ) ;
#364 = VERTEX_POINT ( 'NONE', #7033 ) ;
#365 = CARTESIAN_POINT ( 'NONE',  ( -4.069999999999000195, -3.334297482219000575, 3.199999999999000089 ) ) ;
#366 = CIRCLE ( 'NONE', #3564, 0.1499999999989998778 ) ;
#367 = AXIS2_PLACEMENT_3D ( 'NONE', #7106, #1437, #7161 ) ;
#368 = EDGE_LOOP ( 'NONE', ( #5992, #9410, #7569, #8678 ) ) ;
#369 = DIRECTION ( 'NONE',  ( 0.000000000000000000, 1.000000000000000000, 3.491481338843000432E-15 ) ) ;
#370 = CARTESIAN_POINT ( 'NONE',  ( 0.4136431614080000041, -1.310117627002999940, 0.2010000000000000120 ) ) ;
#371 = EDGE_CURVE ( 'NONE', #4123, #5110, #10411, .T. ) ;
#372 = DIRECTION ( 'NONE',  ( 0.000000000000000000, 3.491481338843000432E-15, -1.000000000000000000 ) ) ;
#373 = PLANE ( 'NONE',  #2563 ) ;
#374 = VERTEX_POINT ( 'NONE', #4795 ) ;
#375 = VECTOR ( 'NONE', #3983, 1000.000000000000000 ) ;
#376 = CIRCLE ( 'NONE', #8828, 0.1999999999989995891 ) ;
#377 = CARTESIAN_POINT ( 'NONE',  ( -3.429999999998999627, 2.405251729774000147, 3.125825627559000175 ) ) ;
#378 = DIRECTION ( 'NONE',  ( 0.000000000000000000, -1.000000000000000000, -3.491481338843000432E-15 ) ) ;
#379 = LINE ( 'NONE', #5248, #1907 ) ;
#380 = CARTESIAN_POINT ( 'NONE',  ( -0.6545747950999999398, -1.361912441282999930, 0.2000000000000000111 ) ) ;
#381 = VECTOR ( 'NONE', #291, 1000.000000000000000 ) ;
#382 = VECTOR ( 'NONE', #518, 1000.000000000000000 ) ;
#383 = CARTESIAN_POINT ( 'NONE',  ( 6.400000000000000355, -5.149999999999000266, 1.212771867672999937 ) ) ;
#384 = PLANE ( 'NONE',  #8699 ) ;
#385 = LINE ( 'NONE', #1073, #2218 ) ;
#386 = EDGE_CURVE ( 'NONE', #921, #9365, #4736, .T. ) ;
#387 = EDGE_LOOP ( 'NONE', ( #2798, #10422, #3841, #8457, #6276, #1506 ) ) ;
#388 = CARTESIAN_POINT ( 'NONE',  ( -1.570000000000000062, -3.834297482219000575, 3.199999999999000089 ) ) ;
#389 = VERTEX_POINT ( 'NONE', #715 ) ;
#390 = CARTESIAN_POINT ( 'NONE',  ( -4.299999999998999733, 0.9499999999999999556, 2.700000000000000178 ) ) ;
#391 = VECTOR ( 'NONE', #5215, 1000.000000000000000 ) ;
#392 = VECTOR ( 'NONE', #115, 1000.000000000000000 ) ;
#393 = CARTESIAN_POINT ( 'NONE',  ( -0.3566517768069999428, -0.8619124412830000415, 0.2010000000000000120 ) ) ;
#394 = DIRECTION ( 'NONE',  ( -0.3420201433253704515, 0.9396926207860168967, 0.000000000000000000 ) ) ;
#395 = CARTESIAN_POINT ( 'NONE',  ( -0.7500000000000000000, 1.550000000000000044, 0.2000000000010000167 ) ) ;
#396 = LINE ( 'NONE', #3615, #8284 ) ;
#397 = DIRECTION ( 'NONE',  ( 0.000000000000000000, -1.000000000000000000, -3.469446951960553404E-15 ) ) ;
#398 = ORIENTED_EDGE ( 'NONE', *, *, #8905, .F. ) ;
#399 = VECTOR ( 'NONE', #8945, 1000.000000000000114 ) ;
#400 = CARTESIAN_POINT ( 'NONE',  ( -0.3999999999989999888, 0.8499999999989999999, 5.500000000000000888 ) ) ;
#401 = ORIENTED_EDGE ( 'NONE', *, *, #8230, .F. ) ;
#402 = EDGE_CURVE ( 'NONE', #9631, #4380, #6229, .T. ) ;
#403 = ORIENTED_EDGE ( 'NONE', *, *, #4084, .T. ) ;
#404 = EDGE_LOOP ( 'NONE', ( #7251, #1633, #4259, #10428 ) ) ;
#405 = EDGE_CURVE ( 'NONE', #5181, #9607, #4580, .T. ) ;
#406 = CARTESIAN_POINT ( 'NONE',  ( 4.599999999998999556, 0.8499999999999999778, 2.700000000000000178 ) ) ;
#407 = VECTOR ( 'NONE', #5194, 1000.000000000000000 ) ;
#408 = ORIENTED_EDGE ( 'NONE', *, *, #5988, .T. ) ;
#409 = CARTESIAN_POINT ( 'NONE',  ( -1.111985117132999967, -3.834297482219000575, 3.381985117132999985 ) ) ;
#410 = CARTESIAN_POINT ( 'NONE',  ( -4.549999999998999733, -3.319848480983000005, 5.499999999999000799 ) ) ;
#411 = CARTESIAN_POINT ( 'NONE',  ( -4.069999999999000195, 2.550000000000000266, 0.6999999999999999556 ) ) ;
#412 = CARTESIAN_POINT ( 'NONE',  ( -3.429999999998999627, 2.550000000000000266, 0.6400000000000000133 ) ) ;
#413 = VERTEX_POINT ( 'NONE', #6387 ) ;
#414 = EDGE_CURVE ( 'NONE', #2190, #10420, #2493, .T. ) ;
#415 = DIRECTION ( 'NONE',  ( 0.000000000000000000, -1.000000000000000000, -3.491481338843000432E-15 ) ) ;
#417 = ORIENTED_EDGE ( 'NONE', *, *, #8016, .F. ) ;
#416 = ORIENTED_EDGE ( 'NONE', *, *, #10444, .F. ) ;
#418 = VECTOR ( 'NONE', #329, 1000.000000000000000 ) ;
#419 = ORIENTED_EDGE ( 'NONE', *, *, #8566, .T. ) ;
#420 = EDGE_CURVE ( 'NONE', #1151, #6199, #8028, .T. ) ;
#421 = CARTESIAN_POINT ( 'NONE',  ( -0.9299999999989999599, 1.665702517779999781, 3.100000000000000533 ) ) ;
#422 = ORIENTED_EDGE ( 'NONE', *, *, #7308, .T. ) ;
#423 = VERTEX_POINT ( 'NONE', #5490 ) ;
#424 = FACE_OUTER_BOUND ( 'NONE', #114, .T. ) ;
#425 = LINE ( 'NONE', #3642, #9820 ) ;
#426 = CARTESIAN_POINT ( 'NONE',  ( -5.450000000000000178, 2.550000000000000266, -10.72245393673000002 ) ) ;
#427 = CARTESIAN_POINT ( 'NONE',  ( 0.9300000000000000488, 0.8499999999999999778, 0.6999999999999999556 ) ) ;
#428 = DIRECTION ( 'NONE',  ( 1.000000000000000000, 0.000000000000000000, 0.000000000000000000 ) ) ;
#429 = AXIS2_PLACEMENT_3D ( 'NONE', #1206, #7143, #4701 ) ;
#430 = ORIENTED_EDGE ( 'NONE', *, *, #2708, .F. ) ;
#431 = LINE ( 'NONE', #5839, #4417 ) ;
#432 = FACE_OUTER_BOUND ( 'NONE', #7758, .T. ) ;
#433 = LINE ( 'NONE', #9433, #8843 ) ;
#434 = CARTESIAN_POINT ( 'NONE',  ( 6.400000000000000355, -4.837228132325999574, 0.2000000000000000111 ) ) ;
#435 = CARTESIAN_POINT ( 'NONE',  ( 2.449999999999999734, -3.319848480983000005, 6.199999999999000089 ) ) ;
#436 = LINE ( 'NONE', #6797, #7182 ) ;
#437 = CARTESIAN_POINT ( 'NONE',  ( -3.429999999998999627, 4.750000000000000000, 1.000013873792005015E-12 ) ) ;
#438 = EDGE_CURVE ( 'NONE', #5523, #7517, #3993, .T. ) ;
#439 = ORIENTED_EDGE ( 'NONE', *, *, #8364, .T. ) ;
#440 = DIRECTION ( 'NONE',  ( 0.000000000000000000, 3.491481338843000432E-15, -1.000000000000000000 ) ) ;
#441 = EDGE_LOOP ( 'NONE', ( #918, #4750, #9151, #4671 ) ) ;
#442 = DIRECTION ( 'NONE',  ( 0.000000000000000000, 3.491481338843000432E-15, -1.000000000000000000 ) ) ;
#443 = CARTESIAN_POINT ( 'NONE',  ( -0.5509162585139999457, -1.107053447380999867, 0.2010000000000000120 ) ) ;
#444 = EDGE_CURVE ( 'NONE', #614, #2793, #8613, .T. ) ;
#445 = EDGE_CURVE ( 'NONE', #3178, #7283, #9601, .T. ) ;
#446 = DIRECTION ( 'NONE',  ( 0.000000000000000000, 1.000000000000000000, 3.599901556091000645E-15 ) ) ;
#447 = DIRECTION ( 'NONE',  ( 0.000000000000000000, -1.000000000000000000, -3.469446951952999666E-15 ) ) ;
#448 = LINE ( 'NONE', #5108, #9476 ) ;
#449 = CARTESIAN_POINT ( 'NONE',  ( 3.200000000000000178, 0.9499999999999999556, 2.700000000000000178 ) ) ;
#450 = ORIENTED_EDGE ( 'NONE', *, *, #9475, .T. ) ;
#451 = CARTESIAN_POINT ( 'NONE',  ( -2.100000000000000089, 0.8499999999999999778, 2.700000000000000178 ) ) ;
#452 = VERTEX_POINT ( 'NONE', #8182 ) ;
#453 = ORIENTED_EDGE ( 'NONE', *, *, #8946, .F. ) ;
#454 = CARTESIAN_POINT ( 'NONE',  ( 0.5042420096440000110, -1.260416839261000010, 0.2000000000000000111 ) ) ;
#455 = EDGE_LOOP ( 'NONE', ( #6871, #9090, #2994, #1636 ) ) ;
#456 = CARTESIAN_POINT ( 'NONE',  ( 0.9300000000000000488, -3.834297482219000575, 3.199999999999000089 ) ) ;
#457 = CARTESIAN_POINT ( 'NONE',  ( -5.450000000000000178, 1.550000000000000044, 2.900000000000000355 ) ) ;
#458 = DIRECTION ( 'NONE',  ( 1.000000000000000000, 0.000000000000000000, 0.000000000000000000 ) ) ;
#459 = ORIENTED_EDGE ( 'NONE', *, *, #7326, .F. ) ;
#460 = EDGE_CURVE ( 'NONE', #7999, #953, #5042, .T. ) ;
#461 = DIRECTION ( 'NONE',  ( 0.000000000000000000, 1.000000000000000000, 3.491481338843000432E-15 ) ) ;
#463 = VERTEX_POINT ( 'NONE', #9819 ) ;
#462 = VERTEX_POINT ( 'NONE', #2401 ) ;
#464 = ORIENTED_EDGE ( 'NONE', *, *, #1889, .T. ) ;
#465 = LINE ( 'NONE', #9310, #8718 ) ;
#466 = ORIENTED_EDGE ( 'NONE', *, *, #1376, .F. ) ;
#467 = VECTOR ( 'NONE', #3674, 1000.000000000000000 ) ;
#468 = VERTEX_POINT ( 'NONE', #924 ) ;
#469 = EDGE_CURVE ( 'NONE', #1090, #5781, #3407, .T. ) ;
#470 = LINE ( 'NONE', #7773, #8835 ) ;
#471 = CARTESIAN_POINT ( 'NONE',  ( 1.570000000000000062, 1.765641600482000140, 3.103489949670000136 ) ) ;
#472 = CARTESIAN_POINT ( 'NONE',  ( -4.069999999999000195, 2.405251729774000147, 3.125825627559000175 ) ) ;
#473 = AXIS2_PLACEMENT_3D ( 'NONE', #758, #3981, #3542 ) ;
#474 = CARTESIAN_POINT ( 'NONE',  ( 3.429999999998999627, 2.550000000000000266, 0.6400000000000000133 ) ) ;
#475 = CARTESIAN_POINT ( 'NONE',  ( 0.4593481462329999654, -1.358937325555999776, 0.2010000000000000120 ) ) ;
#476 = EDGE_LOOP ( 'NONE', ( #3686, #10043, #848, #8626, #9905, #10227, #6888, #4058 ) ) ;
#477 = CARTESIAN_POINT ( 'NONE',  ( 0.4915767354669999811, -1.272784665316000208, 0.2010000000000000120 ) ) ;
#478 = CARTESIAN_POINT ( 'NONE',  ( 4.069999999999000195, 2.550000000000000266, 0.6400000000000000133 ) ) ;
#479 = VERTEX_POINT ( 'NONE', #819 ) ;
#480 = DIRECTION ( 'NONE',  ( 0.000000000000000000, -3.491481338843000432E-15, 1.000000000000000000 ) ) ;
#481 = EDGE_CURVE ( 'NONE', #3047, #6278, #6655, .T. ) ;
#482 = CARTESIAN_POINT ( 'NONE',  ( 0.6161837936930000259, -1.174003973036999993, 0.2000000000000000111 ) ) ;
#483 = CARTESIAN_POINT ( 'NONE',  ( 4.549999999999999822, -5.250000000000000000, 5.499999999999000799 ) ) ;
#484 = DIRECTION ( 'NONE',  ( -1.000000000000000000, 0.000000000000000000, 0.000000000000000000 ) ) ;
#485 = CARTESIAN_POINT ( 'NONE',  ( -0.8693306907360000002, -0.9507438702669999131, 0.2000000000000000111 ) ) ;
#486 = ORIENTED_EDGE ( 'NONE', *, *, #5460, .F. ) ;
#487 = LINE ( 'NONE', #3709, #8908 ) ;
#488 = ORIENTED_EDGE ( 'NONE', *, *, #635, .F. ) ;
#489 = CARTESIAN_POINT ( 'NONE',  ( -6.649999999999999467, -3.149999999998999822, 2.199999999999000089 ) ) ;
#490 = PLANE ( 'NONE',  #4311 ) ;
#491 = EDGE_CURVE ( 'NONE', #9743, #6080, #2617, .T. ) ;
#492 = LINE ( 'NONE', #3661, #5717 ) ;
#493 = DIRECTION ( 'NONE',  ( 0.000000000000000000, 3.491481338843000432E-15, -1.000000000000000000 ) ) ;
#494 = CARTESIAN_POINT ( 'NONE',  ( -0.9299999999989999599, 2.550000000000000266, 0.6999999999999999556 ) ) ;
#495 = DIRECTION ( 'NONE',  ( 0.000000000000000000, 3.491481338843000432E-15, -1.000000000000000000 ) ) ;
#496 = VERTEX_POINT ( 'NONE', #4151 ) ;
#497 = EDGE_CURVE ( 'NONE', #2474, #694, #5802, .T. ) ;
#498 = EDGE_CURVE ( 'NONE', #7797, #10038, #1818, .T. ) ;
#499 = CARTESIAN_POINT ( 'NONE',  ( 6.400000000000000355, -5.149999999999000266, 1.999999999998999911 ) ) ;
#500 = ORIENTED_EDGE ( 'NONE', *, *, #4419, .F. ) ;
#501 = ORIENTED_EDGE ( 'NONE', *, *, #4472, .F. ) ;
#502 = EDGE_LOOP ( 'NONE', ( #7651, #4498, #2880, #2740 ) ) ;
#503 = CARTESIAN_POINT ( 'NONE',  ( -6.899999999999999467, -5.149999999999000266, -2.061552812807999846 ) ) ;
#504 = VECTOR ( 'NONE', #508, 1000.000000000000000 ) ;
#505 = DIRECTION ( 'NONE',  ( 0.000000000000000000, -1.000000000000000000, -3.491481338843000432E-15 ) ) ;
#506 = VERTEX_POINT ( 'NONE', #5056 ) ;
#507 = LINE ( 'NONE', #456, #2915 ) ;
#508 = DIRECTION ( 'NONE',  ( 0.000000000000000000, 1.000000000000000000, 3.491481338843000432E-15 ) ) ;
#509 = DIRECTION ( 'NONE',  ( 0.000000000000000000, 1.000000000000000000, 0.000000000000000000 ) ) ;
#510 = ORIENTED_EDGE ( 'NONE', *, *, #2369, .F. ) ;
#511 = CARTESIAN_POINT ( 'NONE',  ( 5.450000000000000178, 1.849999999999000000, 4.400000000000000355 ) ) ;
#513 = ORIENTED_EDGE ( 'NONE', *, *, #7993, .F. ) ;
#512 = ORIENTED_EDGE ( 'NONE', *, *, #3048, .F. ) ;
#514 = AXIS2_PLACEMENT_3D ( 'NONE', #7097, #5507, #9683 ) ;
#515 = LINE ( 'NONE', #3741, #8545 ) ;
#516 = EDGE_LOOP ( 'NONE', ( #10102, #5395, #2241, #8565 ) ) ;
#517 = ORIENTED_EDGE ( 'NONE', *, *, #9059, .T. ) ;
#518 = DIRECTION ( 'NONE',  ( 0.000000000000000000, 0.03489949670200395010, -0.9993908270191130816 ) ) ;
#519 = VECTOR ( 'NONE', #2082, 1000.000000000000000 ) ;
#520 = DIRECTION ( 'NONE',  ( -1.000000000000000000, 0.000000000000000000, 0.000000000000000000 ) ) ;
#521 = CARTESIAN_POINT ( 'NONE',  ( -7.500000000000000000, -5.249999999998999911, 0.8999999999990001553 ) ) ;
#522 = DIRECTION ( 'NONE',  ( 0.000000000000000000, -3.491481338843000432E-15, 1.000000000000000000 ) ) ;
#523 = EDGE_CURVE ( 'NONE', #10464, #2371, #8072, .T. ) ;
#524 = DIRECTION ( 'NONE',  ( 0.000000000000000000, -3.491481338843000432E-15, 1.000000000000000000 ) ) ;
#525 = EDGE_LOOP ( 'NONE', ( #3739, #4051, #317, #2826 ) ) ;
#526 = DIRECTION ( 'NONE',  ( 1.000000000000000000, 0.000000000000000000, 0.000000000000000000 ) ) ;
#527 = VECTOR ( 'NONE', #3845, 1000.000000000000000 ) ;
#528 = CARTESIAN_POINT ( 'NONE',  ( 0.3582563334180000059, -1.312896382909000126, 0.2010000000000000120 ) ) ;
#529 = EDGE_CURVE ( 'NONE', #8305, #8411, #4955, .T. ) ;
#530 = ORIENTED_EDGE ( 'NONE', *, *, #7025, .T. ) ;
#531 = DIRECTION ( 'NONE',  ( -1.000000000000000000, 0.000000000000000000, 6.195440985630999750E-16 ) ) ;
#532 = LINE ( 'NONE', #2758, #9838 ) ;
#533 = DIRECTION ( 'NONE',  ( -1.000000000000000000, 0.000000000000000000, 0.000000000000000000 ) ) ;
#534 = AXIS2_PLACEMENT_3D ( 'NONE', #3654, #8380, #9920 ) ;
#535 = VECTOR ( 'NONE', #6737, 1000.000000000000000 ) ;
#536 = DIRECTION ( 'NONE',  ( 1.000000000000000000, 0.000000000000000000, 0.000000000000000000 ) ) ;
#537 = CARTESIAN_POINT ( 'NONE',  ( -6.400000000000000355, -4.426902229001999700, 0.08571428571500003257 ) ) ;
#538 = VERTEX_POINT ( 'NONE', #7496 ) ;
#539 = DIRECTION ( 'NONE',  ( 1.270795280836009862E-15, 0.000000000000000000, 1.000000000000000000 ) ) ;
#540 = ORIENTED_EDGE ( 'NONE', *, *, #405, .T. ) ;
#541 = DIRECTION ( 'NONE',  ( 0.000000000000000000, 3.491481338843000432E-15, -1.000000000000000000 ) ) ;
#542 = ADVANCED_FACE ( 'NONE', ( #6497 ), #7284, .T. ) ;
#543 = CARTESIAN_POINT ( 'NONE',  ( -0.5111752988219999683, -1.240802629897999942, 0.2000000000000000111 ) ) ;
#544 = AXIS2_PLACEMENT_3D ( 'NONE', #6975, #4085, #9648 ) ;
#545 = VECTOR ( 'NONE', #7147, 1000.000000000000000 ) ;
#546 = ORIENTED_EDGE ( 'NONE', *, *, #8081, .F. ) ;
#547 = CARTESIAN_POINT ( 'NONE',  ( -0.9299999999989999599, 4.750000000000000000, 0.6400000000000000133 ) ) ;
#548 = CARTESIAN_POINT ( 'NONE',  ( -0.6173916678459999696, -1.133579730925999840, 0.2010000000000000120 ) ) ;
#549 = LINE ( 'NONE', #9400, #4909 ) ;
#550 = CARTESIAN_POINT ( 'NONE',  ( 1.570000000000000062, 5.250000000000000000, 0.6400000000000000133 ) ) ;
#551 = EDGE_LOOP ( 'NONE', ( #6466, #488, #9944, #4632 ) ) ;
#552 = VECTOR ( 'NONE', #5592, 1000.000000000000000 ) ;
#553 = VECTOR ( 'NONE', #2286, 1000.000000000000000 ) ;
#554 = VECTOR ( 'NONE', #1007, 1000.000000000000000 ) ;
#555 = CARTESIAN_POINT ( 'NONE',  ( 0.3158420784570000195, -0.8583999615499999791, 0.2010000000000000120 ) ) ;
#556 = ORIENTED_EDGE ( 'NONE', *, *, #5587, .F. ) ;
#557 = VERTEX_POINT ( 'NONE', #133 ) ;
#558 = ORIENTED_EDGE ( 'NONE', *, *, #2393, .T. ) ;
#559 = LINE ( 'NONE', #9565, #3670 ) ;
#560 = DIRECTION ( 'NONE',  ( 0.000000000000000000, -1.000000000000000000, -3.578217512641000256E-15 ) ) ;
#561 = EDGE_LOOP ( 'NONE', ( #7555, #1314, #7360, #2350, #7000, #7333, #8619, #6263, #9610, #3245, #8030, #2397, #7494, #7223, #10271, #9208, #5858, #4012, #1333, #5127 ) ) ;
#562 = VECTOR ( 'NONE', #1587, 1000.000000000000000 ) ;
#563 = CARTESIAN_POINT ( 'NONE',  ( 4.299999999999999822, 0.9499999999999999556, 0.9000000000000000222 ) ) ;
#564 = DIRECTION ( 'NONE',  ( 0.000000000000000000, 1.000000000000000000, 0.000000000000000000 ) ) ;
#565 = VECTOR ( 'NONE', #8224, 1000.000000000000000 ) ;
#566 = CARTESIAN_POINT ( 'NONE',  ( 4.069999999999000195, 2.550000000000000266, 0.6999999999999999556 ) ) ;
#567 = VERTEX_POINT ( 'NONE', #1663 ) ;
#568 = LINE ( 'NONE', #8779, #2874 ) ;
#570 = EDGE_LOOP ( 'NONE', ( #3222, #6017, #7095, #7104 ) ) ;
#569 = VERTEX_POINT ( 'NONE', #5747 ) ;
#571 = CIRCLE ( 'NONE', #6679, 0.7399999999989999022 ) ;
#572 = CARTESIAN_POINT ( 'NONE',  ( -6.150000000000000355, 1.849999999999000000, 4.400000000000000355 ) ) ;
#573 = EDGE_LOOP ( 'NONE', ( #6669, #1249, #2637, #9099 ) ) ;
#574 = EDGE_CURVE ( 'NONE', #3301, #2937, #239, .T. ) ;
#575 = ORIENTED_EDGE ( 'NONE', *, *, #4903, .T. ) ;
#576 = EDGE_CURVE ( 'NONE', #1542, #9057, #3355, .T. ) ;
#577 = DIRECTION ( 'NONE',  ( -1.000000000000000000, 0.000000000000000000, 0.000000000000000000 ) ) ;
#578 = CARTESIAN_POINT ( 'NONE',  ( 0.08323008294800000872, -0.9167904900640000410, 0.2000000000000000111 ) ) ;
#579 = LINE ( 'NONE', #6247, #3601 ) ;
#580 = AXIS2_PLACEMENT_3D ( 'NONE', #2852, #3593, #4391 ) ;
#581 = CARTESIAN_POINT ( 'NONE',  ( -6.400000000000000355, -4.949999999998999201, 1.999999999998999911 ) ) ;
#582 = CARTESIAN_POINT ( 'NONE',  ( 0.6161837936930000259, -1.174003973036999993, 0.2010000000000000120 ) ) ;
#583 = EDGE_LOOP ( 'NONE', ( #2188, #4848, #3055, #10302 ) ) ;
#584 = PLANE ( 'NONE',  #8150 ) ;
#585 = PLANE ( 'NONE',  #1494 ) ;
#586 = ORIENTED_EDGE ( 'NONE', *, *, #4588, .T. ) ;
#587 = CARTESIAN_POINT ( 'NONE',  ( -7.500000000000000000, 1.849999999999000000, 4.400000000000000355 ) ) ;
#588 = VECTOR ( 'NONE', #4505, 1000.000000000000000 ) ;
#589 = CARTESIAN_POINT ( 'NONE',  ( -0.5509162585139999457, -1.107053447380999867, 0.2000000000000000111 ) ) ;
#590 = VECTOR ( 'NONE', #1673, 1000.000000000000000 ) ;
#591 = LINE ( 'NONE', #5363, #10229 ) ;
#592 = DIRECTION ( 'NONE',  ( 0.000000000000000000, -3.491481338843000432E-15, 1.000000000000000000 ) ) ;
#593 = EDGE_CURVE ( 'NONE', #2947, #4953, #3252, .T. ) ;
#594 = CARTESIAN_POINT ( 'NONE',  ( -0.8749444597340000351, -0.9228880510390000680, 0.2000000000000000111 ) ) ;
#595 = EDGE_LOOP ( 'NONE', ( #6134, #6395, #7196, #3352 ) ) ;
#596 = CARTESIAN_POINT ( 'NONE',  ( 0.6157839480809998989, -1.064740195390000199, 0.2000000000000000111 ) ) ;
#597 = ORIENTED_EDGE ( 'NONE', *, *, #8831, .F. ) ;
#598 = EDGE_CURVE ( 'NONE', #6256, #9983, #4849, .T. ) ;
#599 = LINE ( 'NONE', #1288, #553 ) ;
#600 = CARTESIAN_POINT ( 'NONE',  ( -0.5480396300340000248, -1.151469854139000049, 0.2010000000000000120 ) ) ;
#601 = EDGE_CURVE ( 'NONE', #4809, #156, #5696, .T. ) ;
#602 = CARTESIAN_POINT ( 'NONE',  ( -0.3515069597339999796, -1.361912441282999930, 0.2010000000000000120 ) ) ;
#603 = CARTESIAN_POINT ( 'NONE',  ( 0.7500000000000000000, 2.550000000000000266, 0.2000000000010000167 ) ) ;
#604 = DIRECTION ( 'NONE',  ( 0.4226182617403738684, 0.9063077870368018152, 3.164356725688798837E-15 ) ) ;
#605 = DIRECTION ( 'NONE',  ( 1.000000000000000000, 0.000000000000000000, 0.000000000000000000 ) ) ;
#606 = EDGE_CURVE ( 'NONE', #9611, #3860, #4098, .T. ) ;
#607 = EDGE_LOOP ( 'NONE', ( #5078, #7171, #2504, #8181 ) ) ;
#608 = CARTESIAN_POINT ( 'NONE',  ( -3.429999999998999627, -3.834297482219000575, 3.658014882865999962 ) ) ;
#609 = ORIENTED_EDGE ( 'NONE', *, *, #2640, .T. ) ;
#610 = ORIENTED_EDGE ( 'NONE', *, *, #8292, .T. ) ;
#611 = EDGE_CURVE ( 'NONE', #1102, #4379, #2507, .T. ) ;
#612 = VERTEX_POINT ( 'NONE', #2822 ) ;
#613 = CARTESIAN_POINT ( 'NONE',  ( 6.899999999999999467, -5.149999999999000266, 0.000000000000000000 ) ) ;
#614 = VERTEX_POINT ( 'NONE', #7547 ) ;
#615 = ADVANCED_FACE ( 'NONE', ( #7701 ), #9239, .T. ) ;
#616 = FACE_OUTER_BOUND ( 'NONE', #7802, .T. ) ;
#617 = DIRECTION ( 'NONE',  ( 0.000000000000000000, -1.000000000000000000, -3.457400261148000567E-15 ) ) ;
#618 = CARTESIAN_POINT ( 'NONE',  ( 0.6198154488019999020, -1.121344605917000026, 0.2010000000000000120 ) ) ;
#619 = VECTOR ( 'NONE', #801, 1000.000000000000000 ) ;
#620 = EDGE_LOOP ( 'NONE', ( #4174, #7973, #6477, #3815 ) ) ;
#621 = CARTESIAN_POINT ( 'NONE',  ( 0.6043322085709998959, -1.221707889049999940, 0.2010000000000000120 ) ) ;
#622 = ORIENTED_EDGE ( 'NONE', *, *, #6094, .T. ) ;
#623 = CARTESIAN_POINT ( 'NONE',  ( 6.400000000000000355, -4.949999999998999201, 1.999999999998999911 ) ) ;
#624 = VERTEX_POINT ( 'NONE', #2771 ) ;
#625 = ORIENTED_EDGE ( 'NONE', *, *, #4041, .F. ) ;
#626 = ADVANCED_FACE ( 'NONE', ( #1180 ), #1291, .F. ) ;
#627 = DIRECTION ( 'NONE',  ( 1.000000000000000000, 0.000000000000000000, 0.000000000000000000 ) ) ;
#628 = PLANE ( 'NONE',  #2541 ) ;
#629 = FACE_OUTER_BOUND ( 'NONE', #3084, .T. ) ;
#630 = DIRECTION ( 'NONE',  ( -1.000000000000000000, 0.000000000000000000, 0.000000000000000000 ) ) ;
#631 = CARTESIAN_POINT ( 'NONE',  ( 0.5023030599809999996, -1.342029249550000136, 0.2010000000000000120 ) ) ;
#632 = ORIENTED_EDGE ( 'NONE', *, *, #3669, .F. ) ;
#633 = EDGE_CURVE ( 'NONE', #9764, #7438, #1822, .T. ) ;
#634 = LINE ( 'NONE', #4606, #1383 ) ;
#635 = EDGE_CURVE ( 'NONE', #6082, #9983, #8385, .T. ) ;
#636 = DIRECTION ( 'NONE',  ( 0.000000000000000000, -1.000000000000000000, -3.578217512641000256E-15 ) ) ;
#637 = CIRCLE ( 'NONE', #10103, 0.1999999999989995891 ) ;
#638 = ORIENTED_EDGE ( 'NONE', *, *, #9649, .T. ) ;
#639 = CARTESIAN_POINT ( 'NONE',  ( -4.069999999999000195, 2.550000000000000266, 1.000013873792005015E-12 ) ) ;
#640 = LINE ( 'NONE', #7946, #5610 ) ;
#641 = VECTOR ( 'NONE', #7748, 1000.000000000000000 ) ;
#642 = CARTESIAN_POINT ( 'NONE',  ( -1.570000000000000062, 1.665702517779999781, 3.100000000000000533 ) ) ;
#643 = AXIS2_PLACEMENT_3D ( 'NONE', #4702, #4859, #7144 ) ;
#644 = CARTESIAN_POINT ( 'NONE',  ( 0.1503032536799999985, -1.361912441282999930, 0.2010000000000000120 ) ) ;
#645 = CARTESIAN_POINT ( 'NONE',  ( -0.8714007610310000596, -0.9425989646549999268, 0.2010000000000000120 ) ) ;
#646 = ORIENTED_EDGE ( 'NONE', *, *, #7495, .T. ) ;
#647 = CARTESIAN_POINT ( 'NONE',  ( 0.3655281012409999364, -0.8558148803080001255, 0.2010000000000000120 ) ) ;
#648 = ORIENTED_EDGE ( 'NONE', *, *, #9524, .F. ) ;
#649 = CARTESIAN_POINT ( 'NONE',  ( -7.499999999998999911, -4.649999999998999378, 1.199999999999000089 ) ) ;
#650 = VECTOR ( 'NONE', #2911, 1000.000000000000000 ) ;
#651 = CARTESIAN_POINT ( 'NONE',  ( 5.450000000000000178, 1.149999999998999822, 5.500000000000000888 ) ) ;
#652 = CARTESIAN_POINT ( 'NONE',  ( -0.4852937294490000109, -1.267010875613000076, 0.2000000000000000111 ) ) ;
#653 = LINE ( 'NONE', #6327, #1741 ) ;
#654 = DIRECTION ( 'NONE',  ( 1.000000000000000000, 0.000000000000000000, 0.000000000000000000 ) ) ;
#655 = EDGE_CURVE ( 'NONE', #5780, #7491, #5214, .T. ) ;
#656 = DIRECTION ( 'NONE',  ( 0.000000000000000000, 3.491481338843000432E-15, -1.000000000000000000 ) ) ;
#657 = FACE_OUTER_BOUND ( 'NONE', #6358, .T. ) ;
#658 = ORIENTED_EDGE ( 'NONE', *, *, #5331, .T. ) ;
#659 = EDGE_CURVE ( 'NONE', #5235, #1577, #9289, .T. ) ;
#660 = CARTESIAN_POINT ( 'NONE',  ( 0.2599585463979999789, -0.8707226035189999935, 0.2010000000000000120 ) ) ;
#661 = EDGE_LOOP ( 'NONE', ( #5503, #1471, #4609, #3166 ) ) ;
#662 = VERTEX_POINT ( 'NONE', #6009 ) ;
#663 = ADVANCED_FACE ( 'NONE', ( #8493 ), #3613, .F. ) ;
#664 = ORIENTED_EDGE ( 'NONE', *, *, #4483, .F. ) ;
#665 = CARTESIAN_POINT ( 'NONE',  ( 1.570000000000000062, -3.834297482219000575, 3.199999999999000089 ) ) ;
#666 = ORIENTED_EDGE ( 'NONE', *, *, #9700, .T. ) ;
#667 = DIRECTION ( 'NONE',  ( 0.000000000000000000, -3.578217512641000256E-15, 1.000000000000000000 ) ) ;
#668 = CARTESIAN_POINT ( 'NONE',  ( -6.150000000000000355, -0.4499999999989999777, 2.699999999999000089 ) ) ;
#669 = DIRECTION ( 'NONE',  ( 0.000000000000000000, 1.000000000000000000, 3.491481338843000432E-15 ) ) ;
#670 = VERTEX_POINT ( 'NONE', #2023 ) ;
#671 = CARTESIAN_POINT ( 'NONE',  ( 0.5023030599809999996, -1.342029249550000136, 0.2000000000000000111 ) ) ;
#672 = EDGE_LOOP ( 'NONE', ( #9613, #6433, #1890, #9195 ) ) ;
#673 = EDGE_CURVE ( 'NONE', #9479, #4316, #9186, .T. ) ;
#674 = LINE ( 'NONE', #2262, #7530 ) ;
#675 = DIRECTION ( 'NONE',  ( -1.239088197125999924E-16, 1.000000000000000000, 3.491481338843000432E-15 ) ) ;
#676 = VERTEX_POINT ( 'NONE', #5262 ) ;
#677 = DIRECTION ( 'NONE',  ( 0.000000000000000000, 3.491481338843000432E-15, -1.000000000000000000 ) ) ;
#678 = DIRECTION ( 'NONE',  ( 0.000000000000000000, -3.491481338843000432E-15, 1.000000000000000000 ) ) ;
#679 = CARTESIAN_POINT ( 'NONE',  ( 3.611985117132999967, -3.834297482219000575, 3.199999999999000089 ) ) ;
#680 = AXIS2_PLACEMENT_3D ( 'NONE', #4047, #5699, #7341 ) ;
#681 = DIRECTION ( 'NONE',  ( -1.000000000000000000, 0.000000000000000000, 0.000000000000000000 ) ) ;
#682 = CARTESIAN_POINT ( 'NONE',  ( -0.9299999999989999599, -3.834297482219000575, 3.839999999999000213 ) ) ;
#683 = ORIENTED_EDGE ( 'NONE', *, *, #7363, .T. ) ;
#684 = CARTESIAN_POINT ( 'NONE',  ( 4.250000000000000000, 1.850000000000000089, 0.1000000000010000528 ) ) ;
#685 = FACE_OUTER_BOUND ( 'NONE', #9404, .T. ) ;
#686 = ORIENTED_EDGE ( 'NONE', *, *, #5903, .F. ) ;
#687 = FACE_OUTER_BOUND ( 'NONE', #2451, .T. ) ;
#688 = VECTOR ( 'NONE', #6878, 1000.000000000000000 ) ;
#689 = CARTESIAN_POINT ( 'NONE',  ( 1.570000000000000062, 2.405251729774000147, 3.125825627559000175 ) ) ;
#690 = EDGE_CURVE ( 'NONE', #5340, #6219, #492, .T. ) ;
#691 = DIRECTION ( 'NONE',  ( 0.000000000000000000, -1.000000000000000000, -1.761828530297757465E-15 ) ) ;
#692 = DIRECTION ( 'NONE',  ( 0.000000000000000000, 1.000000000000000000, 3.469446951952999666E-15 ) ) ;
#693 = DIRECTION ( 'NONE',  ( 1.000000000000000000, 0.000000000000000000, 0.000000000000000000 ) ) ;
#694 = VERTEX_POINT ( 'NONE', #4358 ) ;
#695 = LINE ( 'NONE', #10441, #5187 ) ;
#696 = EDGE_LOOP ( 'NONE', ( #7878, #6021, #6958, #3647 ) ) ;
#697 = VECTOR ( 'NONE', #824, 1000.000000000000000 ) ;
#698 = DIRECTION ( 'NONE',  ( 0.000000000000000000, -1.000000000000000000, -3.611948246897000020E-15 ) ) ;
#699 = DIRECTION ( 'NONE',  ( 1.000000000000000000, 0.000000000000000000, 0.000000000000000000 ) ) ;
#700 = CARTESIAN_POINT ( 'NONE',  ( -0.9299999999989999599, 1.665702517779999781, 3.200000000000000178 ) ) ;
#701 = VECTOR ( 'NONE', #9028, 1000.000000000000000 ) ;
#702 = AXIS2_PLACEMENT_3D ( 'NONE', #4240, #5892, #5250 ) ;
#703 = EDGE_CURVE ( 'NONE', #462, #4270, #3715, .T. ) ;
#704 = ADVANCED_FACE ( 'NONE', ( #7595 ), #1870, .F. ) ;
#705 = CARTESIAN_POINT ( 'NONE',  ( -5.450000000000000178, 1.549999999998999956, 5.500000000000000888 ) ) ;
#706 = DIRECTION ( 'NONE',  ( -1.000000000000000000, 0.000000000000000000, 0.000000000000000000 ) ) ;
#707 = CARTESIAN_POINT ( 'NONE',  ( 5.450000000000000178, -5.249999999998999911, 0.8999999999990001553 ) ) ;
#708 = CARTESIAN_POINT ( 'NONE',  ( 0.2478642292900000155, -1.281119758356000116, 0.2000000000000000111 ) ) ;
#709 = ORIENTED_EDGE ( 'NONE', *, *, #2206, .F. ) ;
#710 = DIRECTION ( 'NONE',  ( -1.000000000000000000, 0.000000000000000000, 0.000000000000000000 ) ) ;
#711 = VECTOR ( 'NONE', #4756, 1000.000000000000000 ) ;
#712 = AXIS2_PLACEMENT_3D ( 'NONE', #3487, #6579, #5726 ) ;
#713 = ORIENTED_EDGE ( 'NONE', *, *, #916, .F. ) ;
#714 = ORIENTED_EDGE ( 'NONE', *, *, #8952, .T. ) ;
#715 = CARTESIAN_POINT ( 'NONE',  ( 0.9185959366070000076, -0.8619124412830000415, 0.2000000000000000111 ) ) ;
#716 = ORIENTED_EDGE ( 'NONE', *, *, #1497, .F. ) ;
#717 = CARTESIAN_POINT ( 'NONE',  ( -0.5509162585139999457, -1.107053447380999867, 0.2010000000000000120 ) ) ;
#718 = DIRECTION ( 'NONE',  ( 0.000000000000000000, 3.491481338843000432E-15, -1.000000000000000000 ) ) ;
#719 = VECTOR ( 'NONE', #9133, 1000.000000000000000 ) ;
#720 = AXIS2_PLACEMENT_3D ( 'NONE', #4460, #442, #3658 ) ;
#721 = DIRECTION ( 'NONE',  ( 0.000000000000000000, 1.000000000000000000, 3.516331370228009829E-15 ) ) ;
#722 = ORIENTED_EDGE ( 'NONE', *, *, #6294, .F. ) ;
#723 = ADVANCED_FACE ( 'NONE', ( #5902 ), #7646, .F. ) ;
#724 = CARTESIAN_POINT ( 'NONE',  ( -0.8842813499780000086, -0.9579490266489999462, 0.2000000000000000111 ) ) ;
#725 = VERTEX_POINT ( 'NONE', #6864 ) ;
#726 = EDGE_CURVE ( 'NONE', #4431, #1609, #2604, .T. ) ;
#727 = VECTOR ( 'NONE', #3233, 1000.000000000000000 ) ;
#728 = CARTESIAN_POINT ( 'NONE',  ( -4.299999999998999733, 0.9499999999999999556, 0.9000000000000000222 ) ) ;
#729 = AXIS2_PLACEMENT_3D ( 'NONE', #4331, #998, #8153 ) ;
#730 = VERTEX_POINT ( 'NONE', #339 ) ;
#731 = ORIENTED_EDGE ( 'NONE', *, *, #5581, .T. ) ;
#732 = CARTESIAN_POINT ( 'NONE',  ( -6.150000000000000355, 2.549999999998999733, 4.000000000000000000 ) ) ;
#733 = LINE ( 'NONE', #3961, #1359 ) ;
#734 = LINE ( 'NONE', #9626, #3439 ) ;
#735 = EDGE_CURVE ( 'NONE', #4477, #3944, #2930, .T. ) ;
#736 = DIRECTION ( 'NONE',  ( -1.000000000000000000, 0.000000000000000000, 0.000000000000000000 ) ) ;
#737 = CARTESIAN_POINT ( 'NONE',  ( -9.840731680114000568, -4.649999999998999378, 2.699999999999000089 ) ) ;
#738 = ORIENTED_EDGE ( 'NONE', *, *, #5268, .F. ) ;
#739 = EDGE_CURVE ( 'NONE', #8204, #7797, #6963, .T. ) ;
#740 = AXIS2_PLACEMENT_3D ( 'NONE', #4946, #5688, #9762 ) ;
#741 = CARTESIAN_POINT ( 'NONE',  ( -0.4581825398820000284, -1.344807849566999947, 0.2010000000000000120 ) ) ;
#742 = CARTESIAN_POINT ( 'NONE',  ( 0.9300000000000000488, -3.334297482219000575, 3.839999999999000213 ) ) ;
#743 = ORIENTED_EDGE ( 'NONE', *, *, #9782, .F. ) ;
#744 = CARTESIAN_POINT ( 'NONE',  ( 0.3483653395050000379, -0.8559379075580000329, 0.2000000000000000111 ) ) ;
#745 = VERTEX_POINT ( 'NONE', #6167 ) ;
#746 = CARTESIAN_POINT ( 'NONE',  ( -0.5504338823319999685, -1.084506565457999949, 0.2000000000000000111 ) ) ;
#747 = PLANE ( 'NONE',  #6652 ) ;
#748 = VECTOR ( 'NONE', #8592, 1000.000000000000000 ) ;
#749 = DIRECTION ( 'NONE',  ( 1.000000000000000000, 0.000000000000000000, 0.000000000000000000 ) ) ;
#750 = EDGE_CURVE ( 'NONE', #8191, #7970, #5372, .T. ) ;
#751 = PLANE ( 'NONE',  #2603 ) ;
#752 = LINE ( 'NONE', #799, #2554 ) ;
#753 = VERTEX_POINT ( 'NONE', #1337 ) ;
#754 = CARTESIAN_POINT ( 'NONE',  ( 4.069999999999000195, 2.550000000000000266, 1.000013873792005015E-12 ) ) ;
#755 = ORIENTED_EDGE ( 'NONE', *, *, #6074, .F. ) ;
#756 = CARTESIAN_POINT ( 'NONE',  ( 1.570000000000000062, 4.750000000000000000, 0.6400000000000000133 ) ) ;
#757 = AXIS2_PLACEMENT_3D ( 'NONE', #9962, #6099, #280 ) ;
#758 = CARTESIAN_POINT ( 'NONE',  ( 3.888014882865999944, 5.250000000000000000, 0.6400000000000000133 ) ) ;
#759 = CARTESIAN_POINT ( 'NONE',  ( 0.3655281012409999364, -0.8558148803080001255, 0.2000000000000000111 ) ) ;
#760 = DIRECTION ( 'NONE',  ( 1.000000000000000000, 0.000000000000000000, 0.000000000000000000 ) ) ;
#761 = CARTESIAN_POINT ( 'NONE',  ( -0.4581825398820000284, -1.344807849566999947, 0.2000000000000000111 ) ) ;
#762 = EDGE_CURVE ( 'NONE', #4882, #2997, #7803, .T. ) ;
#763 = CARTESIAN_POINT ( 'NONE',  ( 0.2611444240399999894, -0.9349883306899999802, 0.2010000000000000120 ) ) ;
#764 = PLANE ( 'NONE',  #2422 ) ;
#765 = DIRECTION ( 'NONE',  ( 0.000000000000000000, 1.000000000000000000, 3.491481338843000432E-15 ) ) ;
#766 = ORIENTED_EDGE ( 'NONE', *, *, #9136, .T. ) ;
#767 = CARTESIAN_POINT ( 'NONE',  ( 0.2518442910450000016, -0.8740163586630000925, 0.2010000000000000120 ) ) ;
#768 = VECTOR ( 'NONE', #1265, 1000.000000000000000 ) ;
#769 = EDGE_CURVE ( 'NONE', #1777, #1840, #8085, .T. ) ;
#770 = ORIENTED_EDGE ( 'NONE', *, *, #1064, .F. ) ;
#771 = ADVANCED_FACE ( 'NONE', ( #9831 ), #3264, .T. ) ;
#772 = EDGE_LOOP ( 'NONE', ( #7982, #1627, #2306, #6461 ) ) ;
#773 = DIRECTION ( 'NONE',  ( 1.000000000000000000, 0.000000000000000000, 0.000000000000000000 ) ) ;
#774 = VERTEX_POINT ( 'NONE', #8886 ) ;
#775 = LINE ( 'NONE', #10255, #9514 ) ;
#776 = CARTESIAN_POINT ( 'NONE',  ( -3.888014882865999944, -3.834297482219000575, 3.658014882865999962 ) ) ;
#777 = LINE ( 'NONE', #5439, #8819 ) ;
#778 = VERTEX_POINT ( 'NONE', #1623 ) ;
#779 = CARTESIAN_POINT ( 'NONE',  ( 0.9300000000000000488, 1.665702517779999781, 3.100000000000000533 ) ) ;
#780 = ORIENTED_EDGE ( 'NONE', *, *, #3989, .T. ) ;
#781 = DIRECTION ( 'NONE',  ( 0.000000000000000000, 3.491481338843000432E-15, -1.000000000000000000 ) ) ;
#782 = ORIENTED_EDGE ( 'NONE', *, *, #2047, .F. ) ;
#783 = ORIENTED_EDGE ( 'NONE', *, *, #10172, .F. ) ;
#784 = VECTOR ( 'NONE', #440, 1000.000000000000000 ) ;
#785 = PLANE ( 'NONE',  #2565 ) ;
#786 = FACE_OUTER_BOUND ( 'NONE', #4896, .T. ) ;
#787 = PLANE ( 'NONE',  #9033 ) ;
#788 = EDGE_CURVE ( 'NONE', #2793, #8753, #5863, .T. ) ;
#789 = ORIENTED_EDGE ( 'NONE', *, *, #9372, .T. ) ;
#790 = VERTEX_POINT ( 'NONE', #829 ) ;
#791 = CARTESIAN_POINT ( 'NONE',  ( -6.899999999999999467, -4.673097770996999856, 0.08571428571500003257 ) ) ;
#792 = ADVANCED_FACE ( 'NONE', ( #3418 ), #6397, .T. ) ;
#793 = ORIENTED_EDGE ( 'NONE', *, *, #9758, .T. ) ;
#794 = CARTESIAN_POINT ( 'NONE',  ( -0.9299999999989999599, 2.550000000000000266, 0.6400000000000000133 ) ) ;
#795 = ORIENTED_EDGE ( 'NONE', *, *, #6240, .F. ) ;
#796 = CARTESIAN_POINT ( 'NONE',  ( 0.3701611226650000086, -1.313052683205000015, 0.2010000000000000120 ) ) ;
#797 = DIRECTION ( 'NONE',  ( -1.000000000000000000, 0.000000000000000000, 0.000000000000000000 ) ) ;
#798 = DIRECTION ( 'NONE',  ( 0.000000000000000000, -1.000000000000000000, -3.491481338843000432E-15 ) ) ;
#799 = CARTESIAN_POINT ( 'NONE',  ( -5.450000000000000178, -5.249999999998999911, 0.8999999999990001553 ) ) ;
#800 = ORIENTED_EDGE ( 'NONE', *, *, #5387, .F. ) ;
#801 = DIRECTION ( 'NONE',  ( -1.000000000000000000, 0.000000000000000000, 0.000000000000000000 ) ) ;
#802 = VERTEX_POINT ( 'NONE', #3363 ) ;
#803 = FACE_OUTER_BOUND ( 'NONE', #1570, .T. ) ;
#804 = DIRECTION ( 'NONE',  ( -1.000000000000000000, 0.000000000000000000, 0.000000000000000000 ) ) ;
#805 = ADVANCED_FACE ( 'NONE', ( #6611 ), #8241, .T. ) ;
#806 = LINE ( 'NONE', #6535, #1611 ) ;
#807 = AXIS2_PLACEMENT_3D ( 'NONE', #7728, #9116, #7527 ) ;
#808 = LINE ( 'NONE', #1604, #2395 ) ;
#809 = AXIS2_PLACEMENT_3D ( 'NONE', #9612, #8821, #6438 ) ;
#810 = CARTESIAN_POINT ( 'NONE',  ( -0.6080027027250000105, -1.028560951597000228, 0.2000000000000000111 ) ) ;
#811 = CARTESIAN_POINT ( 'NONE',  ( -0.9299999999989999599, 4.750000000000000000, 0.6999999999999999556 ) ) ;
#812 = DIRECTION ( 'NONE',  ( 1.000000000000000000, 0.000000000000000000, 0.000000000000000000 ) ) ;
#813 = LINE ( 'NONE', #5051, #701 ) ;
#814 = EDGE_LOOP ( 'NONE', ( #9041, #5183, #6934, #7266 ) ) ;
#815 = VECTOR ( 'NONE', #1223, 1000.000000000000000 ) ;
#816 = CARTESIAN_POINT ( 'NONE',  ( 6.150000000000000355, -2.250000000000000000, 3.999999999998999911 ) ) ;
#817 = ORIENTED_EDGE ( 'NONE', *, *, #460, .T. ) ;
#818 = ORIENTED_EDGE ( 'NONE', *, *, #2580, .T. ) ;
#819 = CARTESIAN_POINT ( 'NONE',  ( 0.1503032536799999985, -0.8619124412830000415, 0.2000000000000000111 ) ) ;
#820 = ORIENTED_EDGE ( 'NONE', *, *, #9606, .F. ) ;
#821 = DIRECTION ( 'NONE',  ( -1.000000000000000000, 0.000000000000000000, 0.000000000000000000 ) ) ;
#822 = CARTESIAN_POINT ( 'NONE',  ( -0.9299999999989999599, 1.665702517779999781, 3.100000000000000533 ) ) ;
#823 = EDGE_CURVE ( 'NONE', #1472, #5775, #1486, .T. ) ;
#824 = DIRECTION ( 'NONE',  ( 0.000000000000000000, -1.000000000000000000, -3.491481338843000432E-15 ) ) ;
#825 = EDGE_CURVE ( 'NONE', #9898, #6227, #8939, .T. ) ;
#826 = EDGE_LOOP ( 'NONE', ( #5512, #7733, #7954, #10480, #10216, #2448, #3153, #5226 ) ) ;
#827 = FACE_OUTER_BOUND ( 'NONE', #8147, .T. ) ;
#828 = ORIENTED_EDGE ( 'NONE', *, *, #2476, .T. ) ;
#829 = CARTESIAN_POINT ( 'NONE',  ( 0.5527422780699999816, -1.117247807137000004, 0.2000000000000000111 ) ) ;
#830 = DIRECTION ( 'NONE',  ( -1.000000000000000000, 0.000000000000000000, 0.000000000000000000 ) ) ;
#831 = CARTESIAN_POINT ( 'NONE',  ( -5.450000000000000178, 2.550000000000000266, -10.72245393673000002 ) ) ;
#832 = ORIENTED_EDGE ( 'NONE', *, *, #9524, .T. ) ;
#833 = CARTESIAN_POINT ( 'NONE',  ( -0.2826235755870000199, -1.307034392503000131, 0.2010000000000000120 ) ) ;
#834 = DIRECTION ( 'NONE',  ( 0.000000000000000000, -3.491481338843000432E-15, 1.000000000000000000 ) ) ;
#835 = CARTESIAN_POINT ( 'NONE',  ( -6.400000000000000355, -4.262771867673000870, 0.2000000000000000111 ) ) ;
#836 = ADVANCED_FACE ( 'NONE', ( #7507 ), #5813, .F. ) ;
#837 = EDGE_LOOP ( 'NONE', ( #6452, #3217, #7551, #6830, #9249, #2562 ) ) ;
#838 = ORIENTED_EDGE ( 'NONE', *, *, #6919, .F. ) ;
#839 = CARTESIAN_POINT ( 'NONE',  ( -0.8822331139650000376, -0.9514003536289999952, 0.2000000000000000111 ) ) ;
#840 = ORIENTED_EDGE ( 'NONE', *, *, #5450, .F. ) ;
#841 = DIRECTION ( 'NONE',  ( 1.000000000000000000, 0.000000000000000000, 0.000000000000000000 ) ) ;
#842 = ORIENTED_EDGE ( 'NONE', *, *, #8109, .F. ) ;
#843 = LINE ( 'NONE', #7470, #6464 ) ;
#844 = VECTOR ( 'NONE', #6723, 1000.000000000000000 ) ;
#845 = CARTESIAN_POINT ( 'NONE',  ( -0.09359918534300000481, -1.081424636404999973, 0.2010000000000000120 ) ) ;
#846 = DIRECTION ( 'NONE',  ( 0.000000000000000000, 1.000000000000000000, 3.491481338843000432E-15 ) ) ;
#847 = CARTESIAN_POINT ( 'NONE',  ( -1.831817604383000120, -2.614959526158000092, 2.938182395616000253 ) ) ;
#848 = ORIENTED_EDGE ( 'NONE', *, *, #8734, .F. ) ;
#849 = CARTESIAN_POINT ( 'NONE',  ( 4.069999999999000195, 2.550000000000000266, 1.000013873792005015E-12 ) ) ;
#850 = VERTEX_POINT ( 'NONE', #249 ) ;
#851 = EDGE_CURVE ( 'NONE', #4683, #3682, #301, .T. ) ;
#852 = CARTESIAN_POINT ( 'NONE',  ( -6.899999999999999467, -5.149999999999000266, 1.499999999998999911 ) ) ;
#853 = VECTOR ( 'NONE', #1786, 1000.000000000000000 ) ;
#854 = CARTESIAN_POINT ( 'NONE',  ( 6.400000000000000355, -5.149999999999000266, 0.2000000000000000111 ) ) ;
#855 = CARTESIAN_POINT ( 'NONE',  ( -0.3515069597339999796, -1.361912441282999930, 0.2000000000000000111 ) ) ;
#856 = CARTESIAN_POINT ( 'NONE',  ( 6.899999999999999467, -4.949999999998999201, 0.2000000000000000111 ) ) ;
#857 = CARTESIAN_POINT ( 'NONE',  ( 0.4000000000000000222, 0.8499999999989999999, 5.500000000000000888 ) ) ;
#858 = CYLINDRICAL_SURFACE ( 'NONE', #4064, 0.1999999999989995891 ) ;
#859 = AXIS2_PLACEMENT_3D ( 'NONE', #1415, #6343, #10365 ) ;
#860 = LINE ( 'NONE', #6647, #3447 ) ;
#861 = CARTESIAN_POINT ( 'NONE',  ( -0.5419401986569999385, -0.9267620910689999825, 0.2010000000000000120 ) ) ;
#862 = EDGE_CURVE ( 'NONE', #6019, #3632, #7349, .T. ) ;
#863 = ORIENTED_EDGE ( 'NONE', *, *, #7691, .T. ) ;
#864 = CYLINDRICAL_SURFACE ( 'NONE', #5968, 0.1000000000000000472 ) ;
#865 = ORIENTED_EDGE ( 'NONE', *, *, #1853, .F. ) ;
#866 = ORIENTED_EDGE ( 'NONE', *, *, #7056, .F. ) ;
#867 = DIRECTION ( 'NONE',  ( -1.000000000000000000, 0.000000000000000000, 0.000000000000000000 ) ) ;
#868 = DIRECTION ( 'NONE',  ( -1.000000000000000000, 0.000000000000000000, 0.000000000000000000 ) ) ;
#869 = CARTESIAN_POINT ( 'NONE',  ( -4.069999999999000195, 2.550000000000000266, 0.6400000000000000133 ) ) ;
#870 = LINE ( 'NONE', #3463, #6280 ) ;
#871 = VERTEX_POINT ( 'NONE', #2515 ) ;
#872 = VECTOR ( 'NONE', #6158, 1000.000000000000000 ) ;
#873 = VECTOR ( 'NONE', #7055, 1000.000000000000000 ) ;
#874 = PLANE ( 'NONE',  #8461 ) ;
#875 = ORIENTED_EDGE ( 'NONE', *, *, #4827, .T. ) ;
#876 = DIRECTION ( 'NONE',  ( 0.000000000000000000, -1.000000000000000000, -3.523657060577887833E-15 ) ) ;
#877 = LINE ( 'NONE', #10030, #2783 ) ;
#878 = CARTESIAN_POINT ( 'NONE',  ( 6.400000000000000355, -5.149999999999000266, 1.499999999998999911 ) ) ;
#879 = VECTOR ( 'NONE', #505, 1000.000000000000000 ) ;
#880 = AXIS2_PLACEMENT_3D ( 'NONE', #6876, #9361, #1941 ) ;
#881 = EDGE_LOOP ( 'NONE', ( #6002, #223, #2151, #6031 ) ) ;
#882 = LINE ( 'NONE', #3321, #3079 ) ;
#883 = DIRECTION ( 'NONE',  ( 1.000000000000000000, 0.000000000000000000, 0.000000000000000000 ) ) ;
#884 = CARTESIAN_POINT ( 'NONE',  ( -3.611985117132999967, -3.834297482219000575, 3.199999999999000089 ) ) ;
#885 = EDGE_CURVE ( 'NONE', #2997, #3021, #10, .T. ) ;
#886 = CARTESIAN_POINT ( 'NONE',  ( 1.570000000000000062, -3.834297482219000575, 3.199999999999000089 ) ) ;
#887 = VERTEX_POINT ( 'NONE', #9646 ) ;
#888 = CIRCLE ( 'NONE', #6822, 0.06000000000000015737 ) ;
#889 = AXIS2_PLACEMENT_3D ( 'NONE', #6859, #2712, #9967 ) ;
#890 = ORIENTED_EDGE ( 'NONE', *, *, #1391, .F. ) ;
#891 = AXIS2_PLACEMENT_3D ( 'NONE', #277, #172, #5091 ) ;
#892 = EDGE_CURVE ( 'NONE', #6578, #1828, #5681, .T. ) ;
#893 = LINE ( 'NONE', #6681, #1153 ) ;
#894 = EDGE_CURVE ( 'NONE', #3860, #3208, #1495, .T. ) ;
#895 = EDGE_LOOP ( 'NONE', ( #10303, #3288, #9422, #10475 ) ) ;
#896 = CARTESIAN_POINT ( 'NONE',  ( -7.500000000000000000, -5.250000000000000000, 6.199999999999000089 ) ) ;
#897 = B_SPLINE_SURFACE_WITH_KNOTS ( 'NONE', 3, 1, ( 
 ( #7176, #8711 ),
 ( #8019, #10401 ),
 ( #548, #8762 ),
 ( #3878, #9554 ),
 ( #4678, #6429 ),
 ( #3090, #1498 ),
 ( #3829, #10243 ),
 ( #4727, #7229 ),
 ( #8654, #9496 ),
 ( #5578, #1395 ),
 ( #5420, #7961 ),
 ( #2237, #3144 ),
 ( #5479, #8605 ),
 ( #7910, #761 ),
 ( #3776, #10452 ),
 ( #2185, #4625 ),
 ( #9602, #7069 ),
 ( #3984, #1450 ),
 ( #602, #3192 ) ),
 .UNSPECIFIED., .F., .F., .F.,
 ( 4, 1, 1, 1, 1, 1, 1, 1, 1, 1, 1, 1, 1, 1, 1, 1, 4 ),
 ( 2, 2 ),
 ( 0.000000000000000000, 0.06806869584399999340, 0.1334274328179999858, 0.1961460338129999981, 0.2570485924490000240, 0.3168826631589999887, 0.3761872086659999725, 0.4359603353629999956, 0.4965352368620000179, 0.5574653434799999863, 0.6176868634100000088, 0.6779436406959999939, 0.7388052848060000510, 0.8009493367659999974, 0.8648146674700000203, 0.9310247810780000188, 1.000000000000000000 ),
 ( 0.000000000000000000, 1.000000000000000000 ),
 .UNSPECIFIED. ) ;
#898 = VERTEX_POINT ( 'NONE', #7116 ) ;
#899 = CARTESIAN_POINT ( 'NONE',  ( 1.800000000000000044, 1.149999999999999911, 0.9000000000000000222 ) ) ;
#900 = CARTESIAN_POINT ( 'NONE',  ( -4.250000000000000000, 1.550000000000000044, 0.2000000000010000167 ) ) ;
#901 = VECTOR ( 'NONE', #9425, 1000.000000000000000 ) ;
#902 = DIRECTION ( 'NONE',  ( 0.000000000000000000, 3.491481338842445074E-15, -1.000000000000000000 ) ) ;
#903 = DIRECTION ( 'NONE',  ( 0.000000000000000000, 1.000000000000000000, 3.491481338843000432E-15 ) ) ;
#904 = ORIENTED_EDGE ( 'NONE', *, *, #3256, .F. ) ;
#905 = CARTESIAN_POINT ( 'NONE',  ( 0.2771221937059999973, -1.350241285326000185, 0.2010000000000000120 ) ) ;
#906 = ORIENTED_EDGE ( 'NONE', *, *, #3693, .F. ) ;
#907 = DIRECTION ( 'NONE',  ( 0.000000000000000000, 1.000000000000000000, 0.000000000000000000 ) ) ;
#908 = CARTESIAN_POINT ( 'NONE',  ( -4.069999999999000195, -3.834297482219000575, 3.199999999999000089 ) ) ;
#909 = CARTESIAN_POINT ( 'NONE',  ( -0.4581825398820000284, -1.344807849566999947, 0.2000000000000000111 ) ) ;
#910 = VECTOR ( 'NONE', #9221, 1000.000000000000000 ) ;
#911 = CARTESIAN_POINT ( 'NONE',  ( -0.8749444597340000351, -0.9228880510390000680, 0.2010000000000000120 ) ) ;
#912 = EDGE_CURVE ( 'NONE', #898, #670, #3293, .T. ) ;
#913 = PLANE ( 'NONE',  #2437 ) ;
#914 = DIRECTION ( 'NONE',  ( 0.000000000000000000, -1.000000000000000000, -3.252606517472783164E-15 ) ) ;
#915 = FACE_OUTER_BOUND ( 'NONE', #3200, .T. ) ;
#916 = EDGE_CURVE ( 'NONE', #5335, #8635, #8914, .T. ) ;
#917 = DIRECTION ( 'NONE',  ( 0.000000000000000000, 3.491481338843000432E-15, -1.000000000000000000 ) ) ;
#918 = ORIENTED_EDGE ( 'NONE', *, *, #1219, .F. ) ;
#919 = VECTOR ( 'NONE', #797, 1000.000000000000000 ) ;
#920 = DIRECTION ( 'NONE',  ( -1.000000000000000000, 0.000000000000000000, 0.000000000000000000 ) ) ;
#921 = VERTEX_POINT ( 'NONE', #3141 ) ;
#922 = ORIENTED_EDGE ( 'NONE', *, *, #6789, .F. ) ;
#923 = EDGE_CURVE ( 'NONE', #9607, #7952, #2383, .T. ) ;
#924 = CARTESIAN_POINT ( 'NONE',  ( -6.649999999999999467, -3.149999999998999822, 1.199999999999000089 ) ) ;
#925 = CARTESIAN_POINT ( 'NONE',  ( -6.649999999999999467, -2.849999999999000000, 2.199999999999000089 ) ) ;
#926 = CARTESIAN_POINT ( 'NONE',  ( -0.9299999999989999599, -3.334297482219000575, 3.839999999999000213 ) ) ;
#927 = CARTESIAN_POINT ( 'NONE',  ( -6.150000000000000355, 1.549999999998999956, 6.200000000000000178 ) ) ;
#928 = ORIENTED_EDGE ( 'NONE', *, *, #9225, .F. ) ;
#929 = DIRECTION ( 'NONE',  ( -1.000000000000000000, 0.000000000000000000, 0.000000000000000000 ) ) ;
#930 = CARTESIAN_POINT ( 'NONE',  ( 4.250000000000000000, 2.550000000000000266, 0.9000000000000000222 ) ) ;
#931 = EDGE_LOOP ( 'NONE', ( #2833, #1865, #972, #4721 ) ) ;
#932 = EDGE_CURVE ( 'NONE', #4524, #9701, #3930, .T. ) ;
#933 = CARTESIAN_POINT ( 'NONE',  ( 0.3460709141810000000, -1.366189273979000252, 0.2000000000000000111 ) ) ;
#934 = DIRECTION ( 'NONE',  ( 0.000000000000000000, -3.491481338843000432E-15, 1.000000000000000000 ) ) ;
#935 = CIRCLE ( 'NONE', #8888, 0.1499999999989998778 ) ;
#936 = EDGE_CURVE ( 'NONE', #5034, #9619, #4030, .T. ) ;
#937 = LINE ( 'NONE', #5018, #6557 ) ;
#938 = ORIENTED_EDGE ( 'NONE', *, *, #9860, .F. ) ;
#939 = DIRECTION ( 'NONE',  ( 0.000000000000000000, 1.000000000000000000, 3.491481338843000432E-15 ) ) ;
#940 = CARTESIAN_POINT ( 'NONE',  ( 0.2478642292900000155, -1.335997807137000004, 0.2000000000000000111 ) ) ;
#941 = ADVANCED_FACE ( 'NONE', ( #5628 ), #3086, .F. ) ;
#942 = CARTESIAN_POINT ( 'NONE',  ( 0.7500000000000000000, 1.550000000000000044, 0.2000000000010000167 ) ) ;
#943 = FACE_OUTER_BOUND ( 'NONE', #5486, .T. ) ;
#944 = VERTEX_POINT ( 'NONE', #5527 ) ;
#945 = B_SPLINE_CURVE_WITH_KNOTS ( 'NONE', 3,
 ( #8020, #9651, #763, #5634, #15, #176, #8116, #5739, #967, #3985, #9710 ),
 .UNSPECIFIED., .F., .F.,
 ( 4, 1, 1, 1, 1, 1, 1, 1, 4 ),
 ( 0.000000000000000000, 0.1252796967350000013, 0.2494199707419999801, 0.3733567994920000133, 0.4966812787820000241, 0.6202029157430000161, 0.7450863201609999598, 0.8712691950190000201, 1.000000000000000000 ),
 .UNSPECIFIED. ) ;
#946 =( NAMED_UNIT ( * ) PLANE_ANGLE_UNIT ( ) SI_UNIT ( $, .RADIAN. ) );
#947 = ORIENTED_EDGE ( 'NONE', *, *, #5906, .F. ) ;
#948 = ORIENTED_EDGE ( 'NONE', *, *, #6401, .F. ) ;
#949 = CARTESIAN_POINT ( 'NONE',  ( -6.899999999999999467, -3.349999999999000000, 0.000000000000000000 ) ) ;
#950 = ADVANCED_FACE ( 'NONE', ( #8061 ), #5575, .T. ) ;
#951 = VERTEX_POINT ( 'NONE', #6480 ) ;
#952 = DIRECTION ( 'NONE',  ( 0.000000000000000000, 3.838426034038000158E-15, -1.000000000000000000 ) ) ;
#953 = VERTEX_POINT ( 'NONE', #3876 ) ;
#954 = CARTESIAN_POINT ( 'NONE',  ( 0.2524603943539999729, -1.283708535446000054, 0.2010000000000000120 ) ) ;
#955 = CARTESIAN_POINT ( 'NONE',  ( -0.7754779963190000514, -1.221668538844000063, 0.2000000000000000111 ) ) ;
#956 = EDGE_CURVE ( 'NONE', #3422, #5448, #1648, .T. ) ;
#957 = DIRECTION ( 'NONE',  ( 1.000000000000000000, 0.000000000000000000, 0.000000000000000000 ) ) ;
#958 = CARTESIAN_POINT ( 'NONE',  ( -0.5509162585139999457, -1.107053447380999867, 0.2010000000000000120 ) ) ;
#959 = ADVANCED_FACE ( 'NONE', ( #8808, #8110, #6534, #4082, #4725, #7322 ), #66, .T. ) ;
#960 = ORIENTED_EDGE ( 'NONE', *, *, #5906, .T. ) ;
#961 = VERTEX_POINT ( 'NONE', #4674 ) ;
#962 = DIRECTION ( 'NONE',  ( 0.3236155771183229501, 0.8891264907158876740, -0.3236155771183229501 ) ) ;
#963 = DIRECTION ( 'NONE',  ( 0.000000000000000000, 1.000000000000000000, 3.491481338843000432E-15 ) ) ;
#964 = LINE ( 'NONE', #3446, #7368 ) ;
#965 = FACE_OUTER_BOUND ( 'NONE', #5255, .T. ) ;
#966 = CARTESIAN_POINT ( 'NONE',  ( -0.5611510057309999633, -0.9449479623269999573, 0.2000000000000000111 ) ) ;
#967 = CARTESIAN_POINT ( 'NONE',  ( 0.3492326879009999829, -0.9109306611129999176, 0.2010000000000000120 ) ) ;
#968 = CARTESIAN_POINT ( 'NONE',  ( -0.09359918534300000481, -1.136302685186000083, 0.2000000000000000111 ) ) ;
#969 = LINE ( 'NONE', #9079, #8827 ) ;
#970 = ORIENTED_EDGE ( 'NONE', *, *, #64, .F. ) ;
#971 = CARTESIAN_POINT ( 'NONE',  ( -6.150000000000000355, 1.849999999999000000, 6.200000000000000178 ) ) ;
#972 = ORIENTED_EDGE ( 'NONE', *, *, #6462, .T. ) ;
#973 = ORIENTED_EDGE ( 'NONE', *, *, #6976, .F. ) ;
#974 = VECTOR ( 'NONE', #5175, 1000.000000000000000 ) ;
#975 = DIRECTION ( 'NONE',  ( 0.000000000000000000, 1.000000000000000000, 3.523657060595514930E-15 ) ) ;
#976 = DIRECTION ( 'NONE',  ( -1.000000000000000000, 0.000000000000000000, 0.000000000000000000 ) ) ;
#977 = LINE ( 'NONE', #8980, #8807 ) ;
#978 = VECTOR ( 'NONE', #963, 1000.000000000000000 ) ;
#979 = ADVANCED_FACE ( 'NONE', ( #1547 ), #10446, .F. ) ;
#980 = CARTESIAN_POINT ( 'NONE',  ( -0.8669414109530000356, -0.9579490266489999462, 0.2000000000000000111 ) ) ;
#981 = ORIENTED_EDGE ( 'NONE', *, *, #1219, .T. ) ;
#982 = DIRECTION ( 'NONE',  ( -1.084202172484999957E-15, 3.584412953627000671E-15, -1.000000000000000000 ) ) ;
#983 = DIRECTION ( 'NONE',  ( 0.000000000000000000, 1.000000000000000000, 3.491481338843000432E-15 ) ) ;
#984 = ORIENTED_EDGE ( 'NONE', *, *, #4052, .F. ) ;
#985 = DIRECTION ( 'NONE',  ( 1.000000000000000000, 0.000000000000000000, 0.000000000000000000 ) ) ;
#986 = CARTESIAN_POINT ( 'NONE',  ( 0.4000000000000000222, 0.8499999999999999778, 2.700000000000000178 ) ) ;
#987 = VERTEX_POINT ( 'NONE', #9599 ) ;
#988 = DIRECTION ( 'NONE',  ( 0.000000000000000000, 1.000000000000000000, 3.523657060595514930E-15 ) ) ;
#989 = DIRECTION ( 'NONE',  ( 0.000000000000000000, -0.7071067811865474617, 0.7071067811865474617 ) ) ;
#990 = CYLINDRICAL_SURFACE ( 'NONE', #3551, 0.7000000000000000666 ) ;
#991 = CARTESIAN_POINT ( 'NONE',  ( -0.4595117987640000012, -0.8780791985060000249, 0.2000000000000000111 ) ) ;
#992 = ORIENTED_EDGE ( 'NONE', *, *, #9287, .F. ) ;
#993 = ADVANCED_FACE ( 'NONE', ( #2338 ), #4777, .F. ) ;
#994 = ORIENTED_EDGE ( 'NONE', *, *, #6943, .T. ) ;
#995 = ORIENTED_EDGE ( 'NONE', *, *, #7544, .T. ) ;
#996 = CARTESIAN_POINT ( 'NONE',  ( 0.3492326879009999829, -0.9109306611129999176, 0.2010000000000000120 ) ) ;
#997 = ORIENTED_EDGE ( 'NONE', *, *, #5321, .T. ) ;
#998 = DIRECTION ( 'NONE',  ( -0.9407669869670018947, 0.3390537954853609648, 1.183799999802260997E-15 ) ) ;
#999 = ORIENTED_EDGE ( 'NONE', *, *, #3256, .T. ) ;
#1000 = DIRECTION ( 'NONE',  ( -1.000000000000000000, 0.000000000000000000, 0.000000000000000000 ) ) ;
#1001 = LINE ( 'NONE', #845, #7688 ) ;
#1002 = CARTESIAN_POINT ( 'NONE',  ( 1.800000000000000044, 0.9499999999999999556, 0.9000000000000000222 ) ) ;
#1003 = CARTESIAN_POINT ( 'NONE',  ( -0.4352179733479999979, -0.9283800701189999227, 0.2010000000000000120 ) ) ;
#1004 = ORIENTED_EDGE ( 'NONE', *, *, #1275, .F. ) ;
#1005 = DIRECTION ( 'NONE',  ( 1.000000000000000000, 0.000000000000000000, 0.000000000000000000 ) ) ;
#1006 = CARTESIAN_POINT ( 'NONE',  ( 1.570000000000000062, 5.250000000000000000, 0.4580148828660000060 ) ) ;
#1007 = DIRECTION ( 'NONE',  ( 0.000000000000000000, 1.000000000000000000, 3.491481338843000432E-15 ) ) ;
#1008 = ADVANCED_FACE ( 'NONE', ( #5044 ), #1757, .T. ) ;
#1009 = LINE ( 'NONE', #3394, #8317 ) ;
#1010 = CARTESIAN_POINT ( 'NONE',  ( -0.6179894292460000882, -1.105624331527000015, 0.2010000000000000120 ) ) ;
#1011 = DIRECTION ( 'NONE',  ( -1.000000000000000000, 0.000000000000000000, 0.000000000000000000 ) ) ;
#1012 = LINE ( 'NONE', #2657, #1914 ) ;
#1013 = LINE ( 'NONE', #1231, #4934 ) ;
#1014 = CARTESIAN_POINT ( 'NONE',  ( 3.200000000000000178, 0.9499999999999999556, 0.9000000000000000222 ) ) ;
#1015 = ORIENTED_EDGE ( 'NONE', *, *, #1173, .T. ) ;
#1016 = CIRCLE ( 'NONE', #8632, 0.1499999999989998778 ) ;
#1017 = CARTESIAN_POINT ( 'NONE',  ( -6.899999999999999467, -5.149999999999000266, 1.999999999998999911 ) ) ;
#1018 = CIRCLE ( 'NONE', #7117, 0.7399999999989999022 ) ;
#1019 = ORIENTED_EDGE ( 'NONE', *, *, #5581, .F. ) ;
#1020 = EDGE_CURVE ( 'NONE', #4809, #7984, #9071, .T. ) ;
#1021 = ADVANCED_FACE ( 'NONE', ( #2542 ), #5889, .F. ) ;
#1022 = CARTESIAN_POINT ( 'NONE',  ( -1.570000000000000062, 4.750000000000000000, 1.000013873792005015E-12 ) ) ;
#1023 = VECTOR ( 'NONE', #6430, 1000.000000000000000 ) ;
#1024 = LINE ( 'NONE', #1872, #5465 ) ;
#1025 = DIRECTION ( 'NONE',  ( 0.3236155771183229501, 0.8891264907158876740, 0.3236155771183229501 ) ) ;
#1026 = LINE ( 'NONE', #8130, #7293 ) ;
#1027 = ORIENTED_EDGE ( 'NONE', *, *, #7205, .T. ) ;
#1028 = CARTESIAN_POINT ( 'NONE',  ( 6.899999999999999467, -4.673097770996999856, 0.08571428571500003257 ) ) ;
#1029 = LINE ( 'NONE', #4263, #7 ) ;
#1030 = ORIENTED_EDGE ( 'NONE', *, *, #1518, .F. ) ;
#1031 = VECTOR ( 'NONE', #4155, 1000.000000000000000 ) ;
#1032 = CARTESIAN_POINT ( 'NONE',  ( 0.3787044519849999680, -1.367931000353999949, 0.2000000000000000111 ) ) ;
#1033 = FACE_OUTER_BOUND ( 'NONE', #8202, .T. ) ;
#1034 = VERTEX_POINT ( 'NONE', #8964 ) ;
#1035 = CARTESIAN_POINT ( 'NONE',  ( 0.3073149026800000017, -1.305324928416000008, 0.2000000000000000111 ) ) ;
#1036 = CARTESIAN_POINT ( 'NONE',  ( -0.6179894292460000882, -1.105624331527000015, 0.2000000000000000111 ) ) ;
#1037 = CIRCLE ( 'NONE', #6288, 0.7399999999989999022 ) ;
#1038 = VECTOR ( 'NONE', #8798, 1000.000000000000114 ) ;
#1039 = ADVANCED_FACE ( 'NONE', ( #7480 ), #1065, .T. ) ;
#1040 = CARTESIAN_POINT ( 'NONE',  ( -1.570000000000000062, 1.665702517779999781, 3.200000000000000178 ) ) ;
#1041 = CARTESIAN_POINT ( 'NONE',  ( -0.6137651098009999640, -1.052994330570000026, 0.2000000000000000111 ) ) ;
#1042 = ORIENTED_EDGE ( 'NONE', *, *, #7202, .F. ) ;
#1043 = EDGE_CURVE ( 'NONE', #1461, #3106, #6588, .T. ) ;
#1044 = ORIENTED_EDGE ( 'NONE', *, *, #6244, .F. ) ;
#1045 = EDGE_CURVE ( 'NONE', #7409, #148, #5150, .T. ) ;
#1046 = ORIENTED_EDGE ( 'NONE', *, *, #10369, .T. ) ;
#1047 = AXIS2_PLACEMENT_3D ( 'NONE', #7372, #4989, #8214 ) ;
#1048 = VECTOR ( 'NONE', #7096, 1000.000000000000000 ) ;
#1049 = CARTESIAN_POINT ( 'NONE',  ( 0.3337404873670000161, -0.9125509779080001049, 0.2010000000000000120 ) ) ;
#1050 = VERTEX_POINT ( 'NONE', #2702 ) ;
#1051 = LINE ( 'NONE', #4283, #5638 ) ;
#1052 = ORIENTED_EDGE ( 'NONE', *, *, #6428, .T. ) ;
#1053 = EDGE_CURVE ( 'NONE', #9293, #6331, #8166, .T. ) ;
#1054 = EDGE_CURVE ( 'NONE', #6756, #8769, #7377, .T. ) ;
#1055 = CARTESIAN_POINT ( 'NONE',  ( -0.4363117135350000342, -1.294304394811999881, 0.2000000000000000111 ) ) ;
#1056 = CARTESIAN_POINT ( 'NONE',  ( 0.5042420096440000110, -1.260416839261000010, 0.2010000000000000120 ) ) ;
#1057 = EDGE_CURVE ( 'NONE', #7768, #5505, #6911, .T. ) ;
#1058 = VECTOR ( 'NONE', #1081, 1000.000000000000000 ) ;
#1059 = VECTOR ( 'NONE', #1125, 1000.000000000000000 ) ;
#1060 = FACE_OUTER_BOUND ( 'NONE', #4925, .T. ) ;
#1061 = CARTESIAN_POINT ( 'NONE',  ( -0.5303621121910000458, -1.006896030579000012, 0.2000000000000000111 ) ) ;
#1062 = ORIENTED_EDGE ( 'NONE', *, *, #5278, .T. ) ;
#1063 = CARTESIAN_POINT ( 'NONE',  ( 5.450000000000000178, 1.550000000000000044, 2.900000000000000355 ) ) ;
#1064 = EDGE_CURVE ( 'NONE', #1034, #423, #4188, .T. ) ;
#1065 = PLANE ( 'NONE',  #1319 ) ;
#1066 = DIRECTION ( 'NONE',  ( 0.000000000000000000, 0.000000000000000000, 1.000000000000000000 ) ) ;
#1067 = VECTOR ( 'NONE', #7522, 1000.000000000000000 ) ;
#1068 = EDGE_CURVE ( 'NONE', #6706, #8897, #5840, .T. ) ;
#1069 = DIRECTION ( 'NONE',  ( 0.000000000000000000, 1.000000000000000000, 0.000000000000000000 ) ) ;
#1070 = CARTESIAN_POINT ( 'NONE',  ( 6.899999999999999467, -4.999999999998999911, 1.499999999998999911 ) ) ;
#1071 = LINE ( 'NONE', #8523, #8812 ) ;
#1072 = LINE ( 'NONE', #4299, #8691 ) ;
#1073 = CARTESIAN_POINT ( 'NONE',  ( -0.3563659536359999880, -0.9167904900640000410, 0.2010000000000000120 ) ) ;
#1074 = CARTESIAN_POINT ( 'NONE',  ( -2.449999999998999645, -3.319848480983000005, 5.499999999999000799 ) ) ;
#1075 = ORIENTED_EDGE ( 'NONE', *, *, #7150, .F. ) ;
#1076 = DIRECTION ( 'NONE',  ( 0.000000000000000000, -1.000000000000000000, -3.457400261148000567E-15 ) ) ;
#1077 = VECTOR ( 'NONE', #8631, 1000.000000000000000 ) ;
#1078 = ORIENTED_EDGE ( 'NONE', *, *, #8985, .T. ) ;
#1079 = EDGE_CURVE ( 'NONE', #5382, #8782, #2600, .T. ) ;
#1080 = DIRECTION ( 'NONE',  ( 0.000000000000000000, -3.491481338843000432E-15, 1.000000000000000000 ) ) ;
#1081 = DIRECTION ( 'NONE',  ( 0.000000000000000000, -3.491481338843000432E-15, 1.000000000000000000 ) ) ;
#1082 = CARTESIAN_POINT ( 'NONE',  ( 0.5522319254299999924, -1.094485393896000192, 0.2000000000000000111 ) ) ;
#1083 = VECTOR ( 'NONE', #9126, 1000.000000000000000 ) ;
#1084 = CARTESIAN_POINT ( 'NONE',  ( -0.4975087886999999820, -0.9642726217829998836, 0.2010000000000000120 ) ) ;
#1085 = ORIENTED_EDGE ( 'NONE', *, *, #5648, .T. ) ;
#1086 = ADVANCED_FACE ( 'NONE', ( #3445 ), #5090, .F. ) ;
#1087 = EDGE_CURVE ( 'NONE', #7221, #7302, #3341, .T. ) ;
#1088 = DIRECTION ( 'NONE',  ( 0.000000000000000000, 3.491481338843000432E-15, -1.000000000000000000 ) ) ;
#1089 = VERTEX_POINT ( 'NONE', #9912 ) ;
#1090 = VERTEX_POINT ( 'NONE', #9805 ) ;
#1091 = VECTOR ( 'NONE', #9798, 1000.000000000000000 ) ;
#1092 = ORIENTED_EDGE ( 'NONE', *, *, #6592, .F. ) ;
#1093 = DIRECTION ( 'NONE',  ( 0.000000000000000000, 1.000000000000000000, 3.491481338843000432E-15 ) ) ;
#1094 = ORIENTED_EDGE ( 'NONE', *, *, #1280, .T. ) ;
#1095 = VECTOR ( 'NONE', #5759, 1000.000000000000114 ) ;
#1096 = PLANE ( 'NONE',  #4260 ) ;
#1097 = CARTESIAN_POINT ( 'NONE',  ( -0.6545747950999999398, -1.361912441282999930, 0.2010000000000000120 ) ) ;
#1098 = FACE_OUTER_BOUND ( 'NONE', #10001, .T. ) ;
#1099 = CARTESIAN_POINT ( 'NONE',  ( -0.6173995836519999836, -1.078838331113999960, 0.2000000000000000111 ) ) ;
#1100 = ORIENTED_EDGE ( 'NONE', *, *, #9342, .T. ) ;
#1101 = CARTESIAN_POINT ( 'NONE',  ( 0.2863546180459999868, -0.8633246521139998908, 0.2010000000000000120 ) ) ;
#1102 = VERTEX_POINT ( 'NONE', #2652 ) ;
#1103 = ORIENTED_EDGE ( 'NONE', *, *, #6582, .T. ) ;
#1104 = LINE ( 'NONE', #4539, #4305 ) ;
#1105 = ORIENTED_EDGE ( 'NONE', *, *, #3557, .T. ) ;
#1106 = LINE ( 'NONE', #9159, #6148 ) ;
#1107 = ORIENTED_EDGE ( 'NONE', *, *, #3914, .F. ) ;
#1108 = CARTESIAN_POINT ( 'NONE',  ( -0.1057943072950000007, -0.9167904900640000410, 0.2010000000000000120 ) ) ;
#1109 = EDGE_CURVE ( 'NONE', #7375, #4683, #8319, .T. ) ;
#1110 = CARTESIAN_POINT ( 'NONE',  ( 0.4476729060899999890, -1.300230509332999995, 0.2000000000000000111 ) ) ;
#1111 = CARTESIAN_POINT ( 'NONE',  ( -7.500000000000000000, 2.550000000000000266, 0.2000000000010000167 ) ) ;
#1112 = EDGE_CURVE ( 'NONE', #5288, #4485, #9959, .T. ) ;
#1113 = LINE ( 'NONE', #5243, #8491 ) ;
#1114 = EDGE_LOOP ( 'NONE', ( #3667, #4913, #9693, #5433 ) ) ;
#1115 = PLANE ( 'NONE',  #10347 ) ;
#1116 = EDGE_CURVE ( 'NONE', #2345, #5292, #326, .T. ) ;
#1117 = DIRECTION ( 'NONE',  ( -0.3420201433253704515, 0.9396926207860168967, 3.280919249725549977E-15 ) ) ;
#1118 = DIRECTION ( 'NONE',  ( 0.000000000000000000, 3.491481338843000432E-15, -1.000000000000000000 ) ) ;
#1119 = LINE ( 'NONE', #2654, #7812 ) ;
#1120 = DIRECTION ( 'NONE',  ( 0.000000000000000000, -1.000000000000000000, -3.304235192336775906E-15 ) ) ;
#1121 = CARTESIAN_POINT ( 'NONE',  ( 0.4888366904579999894, -0.8839403555800000589, 0.2000000000000000111 ) ) ;
#1122 = DIRECTION ( 'NONE',  ( 0.3236155771183229501, 0.8891264907158876740, -0.3236155771183229501 ) ) ;
#1123 = CARTESIAN_POINT ( 'NONE',  ( 0.6198154488019999020, -1.121344605917000026, 0.2010000000000000120 ) ) ;
#1124 = ORIENTED_EDGE ( 'NONE', *, *, #1963, .T. ) ;
#1125 = DIRECTION ( 'NONE',  ( -1.000000000000000000, 0.000000000000000000, 0.000000000000000000 ) ) ;
#1126 = EDGE_CURVE ( 'NONE', #8503, #5292, #7783, .T. ) ;
#1127 = CARTESIAN_POINT ( 'NONE',  ( 1.570000000000000062, 2.550000000000000266, 1.000013873792005015E-12 ) ) ;
#1128 = DIRECTION ( 'NONE',  ( -1.000000000000000000, 0.000000000000000000, 0.000000000000000000 ) ) ;
#1129 = PLANE ( 'NONE',  #8498 ) ;
#1130 = PLANE ( 'NONE',  #6096 ) ;
#1131 = CARTESIAN_POINT ( 'NONE',  ( -0.5479557752310000307, -1.062916061524999956, 0.2010000000000000120 ) ) ;
#1132 = ORIENTED_EDGE ( 'NONE', *, *, #1454, .T. ) ;
#1133 = AXIS2_PLACEMENT_3D ( 'NONE', #6407, #8201, #6517 ) ;
#1134 = DIRECTION ( 'NONE',  ( 0.000000000000000000, -3.491481338843000432E-15, 1.000000000000000000 ) ) ;
#1135 = ORIENTED_EDGE ( 'NONE', *, *, #3287, .T. ) ;
#1136 = VECTOR ( 'NONE', #6614, 1000.000000000000000 ) ;
#1137 = ORIENTED_EDGE ( 'NONE', *, *, #1669, .T. ) ;
#1138 = VERTEX_POINT ( 'NONE', #8424 ) ;
#1139 = LINE ( 'NONE', #503, #10451 ) ;
#1140 = AXIS2_PLACEMENT_3D ( 'NONE', #2568, #4266, #9889 ) ;
#1141 = EDGE_CURVE ( 'NONE', #9421, #9685, #5306, .T. ) ;
#1142 = ORIENTED_EDGE ( 'NONE', *, *, #3306, .T. ) ;
#1143 = ADVANCED_FACE ( 'NONE', ( #4501 ), #4550, .F. ) ;
#1144 = CARTESIAN_POINT ( 'NONE',  ( 9.840731680114000568, -2.849999999999000000, 1.199999999999000089 ) ) ;
#1145 = DIRECTION ( 'NONE',  ( 0.000000000000000000, 3.491481338843000432E-15, -1.000000000000000000 ) ) ;
#1146 = CIRCLE ( 'NONE', #1481, 0.1499999999989998778 ) ;
#1147 = CARTESIAN_POINT ( 'NONE',  ( -0.09359918534300000481, -1.136302685186000083, 0.2000000000000000111 ) ) ;
#1148 = CARTESIAN_POINT ( 'NONE',  ( 4.316846170922000958, -4.609415119349999479, 5.499999999999000799 ) ) ;
#1149 = VERTEX_POINT ( 'NONE', #2971 ) ;
#1150 = CARTESIAN_POINT ( 'NONE',  ( 5.450000000000000178, 1.550000000000000044, 1.500000000000000000 ) ) ;
#1152 = ORIENTED_EDGE ( 'NONE', *, *, #168, .F. ) ;
#1151 = VERTEX_POINT ( 'NONE', #1276 ) ;
#1153 = VECTOR ( 'NONE', #8151, 1000.000000000000000 ) ;
#1154 = ORIENTED_EDGE ( 'NONE', *, *, #6048, .T. ) ;
#1155 = LINE ( 'NONE', #4383, #3295 ) ;
#1156 = ORIENTED_EDGE ( 'NONE', *, *, #7202, .T. ) ;
#1157 = LINE ( 'NONE', #365, #6999 ) ;
#1158 = ORIENTED_EDGE ( 'NONE', *, *, #275, .T. ) ;
#1159 = EDGE_CURVE ( 'NONE', #3429, #944, #3598, .T. ) ;
#1160 = DIRECTION ( 'NONE',  ( 0.000000000000000000, -1.000000000000000000, -3.491481338843000432E-15 ) ) ;
#1161 = CARTESIAN_POINT ( 'NONE',  ( 0.5500012870270000187, -1.159674683842999876, 0.2000000000000000111 ) ) ;
#1162 = LINE ( 'NONE', #7151, #3336 ) ;
#1163 = CARTESIAN_POINT ( 'NONE',  ( -0.4685282790539999631, -0.9433563533119999622, 0.2010000000000000120 ) ) ;
#1164 = ORIENTED_EDGE ( 'NONE', *, *, #7647, .F. ) ;
#1165 = LINE ( 'NONE', #7532, #8507 ) ;
#1166 = CARTESIAN_POINT ( 'NONE',  ( 4.069999999999000195, 2.550000000000000266, 1.000013873792005015E-12 ) ) ;
#1167 = DIRECTION ( 'NONE',  ( 1.000000000000000000, 0.000000000000000000, 0.000000000000000000 ) ) ;
#1168 = EDGE_CURVE ( 'NONE', #3872, #3082, #5146, .T. ) ;
#1169 = LINE ( 'NONE', #8477, #3916 ) ;
#1170 = CARTESIAN_POINT ( 'NONE',  ( 3.429999999998999627, -3.334297482219000575, 3.199999999999000089 ) ) ;
#1171 = VECTOR ( 'NONE', #7553, 1000.000000000000000 ) ;
#1172 = CARTESIAN_POINT ( 'NONE',  ( -0.3999999999989999888, 1.149999999998999822, 5.500000000000000888 ) ) ;
#1173 = EDGE_CURVE ( 'NONE', #9119, #8444, #2808, .T. ) ;
#1174 = DIRECTION ( 'NONE',  ( 0.000000000000000000, 3.584412953627000671E-15, -1.000000000000000000 ) ) ;
#1175 = DIRECTION ( 'NONE',  ( 0.000000000000000000, 1.000000000000000000, 3.584412953627000671E-15 ) ) ;
#1176 = VERTEX_POINT ( 'NONE', #478 ) ;
#1177 = EDGE_CURVE ( 'NONE', #5405, #6256, #10166, .T. ) ;
#1178 = CARTESIAN_POINT ( 'NONE',  ( -7.500000000000000000, -2.750000000000000000, 4.799999999999000622 ) ) ;
#1179 = DIRECTION ( 'NONE',  ( 0.3236155771183229501, -0.8891264907158876740, 0.3236155771183229501 ) ) ;
#1180 = FACE_OUTER_BOUND ( 'NONE', #404, .T. ) ;
#1181 = B_SPLINE_CURVE_WITH_KNOTS ( 'NONE', 3,
 ( #618, #10415, #3159, #6391, #2354, #8618, #3001, #6235, #8077, #3310, #9724, #6551, #5011, #9669, #9774, #8932, #5700, #29, #1823 ),
 .UNSPECIFIED., .F., .F.,
 ( 4, 1, 1, 1, 1, 1, 1, 1, 1, 1, 1, 1, 1, 1, 1, 1, 4 ),
 ( 0.000000000000000000, 0.07064371857500000018, 0.1382567155079999777, 0.2033641242170000085, 0.2663240938029999838, 0.3279047615419999895, 0.3887377151729999869, 0.4494235281089999923, 0.5108610114589999807, 0.5720793960469999773, 0.6317344287310000528, 0.6911172105780000186, 0.7503600294900000245, 0.8100329005309999664, 0.8713624508280000125, 0.9344271412310000136, 0.9999999999990000221 ),
 .UNSPECIFIED. ) ;
#1182 = ADVANCED_FACE ( 'NONE', ( #432 ), #585, .T. ) ;
#1183 = CARTESIAN_POINT ( 'NONE',  ( -3.429999999998999627, 1.850426421085999973, 0.6755703523079999995 ) ) ;
#1184 = PLANE ( 'NONE',  #3719 ) ;
#1185 = VECTOR ( 'NONE', #6827, 1000.000000000000000 ) ;
#1186 = CARTESIAN_POINT ( 'NONE',  ( -0.4169745369589999973, -0.9231087933350000663, 0.2010000000000000120 ) ) ;
#1187 = EDGE_CURVE ( 'NONE', #8897, #9357, #6093, .T. ) ;
#1188 = VERTEX_POINT ( 'NONE', #9226 ) ;
#1189 = DIRECTION ( 'NONE',  ( -1.000000000000000000, 0.000000000000000000, 0.000000000000000000 ) ) ;
#1190 = VERTEX_POINT ( 'NONE', #1962 ) ;
#1191 = ORIENTED_EDGE ( 'NONE', *, *, #6855, .T. ) ;
#1192 = VECTOR ( 'NONE', #8452, 1000.000000000000000 ) ;
#1193 = ORIENTED_EDGE ( 'NONE', *, *, #3602, .T. ) ;
#1194 = LINE ( 'NONE', #2881, #1652 ) ;
#1195 = VERTEX_POINT ( 'NONE', #3649 ) ;
#1196 = CARTESIAN_POINT ( 'NONE',  ( 0.4404846073129999873, -0.9242675268919999798, 0.2010000000000000120 ) ) ;
#1197 = CARTESIAN_POINT ( 'NONE',  ( 0.000000000000000000, -0.2499999999989999944, 0.2010000000010000176 ) ) ;
#1198 = PLANE ( 'NONE',  #6110 ) ;
#1199 = CARTESIAN_POINT ( 'NONE',  ( -0.5611510057309999633, -0.9449479623269999573, 0.2000000000000000111 ) ) ;
#1200 = ORIENTED_EDGE ( 'NONE', *, *, #2495, .F. ) ;
#1201 = VECTOR ( 'NONE', #6811, 1000.000000000000000 ) ;
#1202 = CARTESIAN_POINT ( 'NONE',  ( 0.3007214527859999875, -0.8606482724180000154, 0.2010000000000000120 ) ) ;
#1204 = EDGE_LOOP ( 'NONE', ( #5237, #3623, #3821, #10140 ) ) ;
#1203 = ORIENTED_EDGE ( 'NONE', *, *, #10433, .F. ) ;
#1205 = ORIENTED_EDGE ( 'NONE', *, *, #9083, .F. ) ;
#1206 = CARTESIAN_POINT ( 'NONE',  ( 6.400000000000000355, -4.549999999998999733, 0.000000000000000000 ) ) ;
#1207 = VERTEX_POINT ( 'NONE', #5200 ) ;
#1208 = VECTOR ( 'NONE', #693, 1000.000000000000000 ) ;
#1209 = VECTOR ( 'NONE', #5513, 1000.000000000000000 ) ;
#1210 = ORIENTED_EDGE ( 'NONE', *, *, #2622, .F. ) ;
#1211 = EDGE_CURVE ( 'NONE', #5780, #10473, #3755, .T. ) ;
#1212 = DIRECTION ( 'NONE',  ( 0.000000000000000000, 1.000000000000000000, 3.469446951960553404E-15 ) ) ;
#1213 = CARTESIAN_POINT ( 'NONE',  ( 0.4311513965640000334, -1.306042921930000045, 0.2010000000000000120 ) ) ;
#1214 = PLANE ( 'NONE',  #580 ) ;
#1215 = CARTESIAN_POINT ( 'NONE',  ( -0.4975087886999999820, -0.9642726217829998836, 0.2000000000000000111 ) ) ;
#1216 = ORIENTED_EDGE ( 'NONE', *, *, #8581, .F. ) ;
#1217 = VECTOR ( 'NONE', #4772, 1000.000000000000000 ) ;
#1218 = AXIS2_PLACEMENT_3D ( 'NONE', #1315, #6841, #320 ) ;
#1219 = EDGE_CURVE ( 'NONE', #9014, #10163, #5357, .T. ) ;
#1220 = LINE ( 'NONE', #5887, #7979 ) ;
#1221 = ADVANCED_FACE ( 'NONE', ( #1324 ), #2857, .F. ) ;
#1222 = B_SPLINE_CURVE_WITH_KNOTS ( 'NONE', 3,
 ( #5474, #7114, #8706, #10341, #3085, #5680, #5627 ),
 .UNSPECIFIED., .F., .F.,
 ( 4, 1, 1, 1, 4 ),
 ( 0.000000000000000000, 0.3005411131580000283, 0.5677471464829999537, 0.8000336137360000155, 1.000000000000000000 ),
 .UNSPECIFIED. ) ;
#1223 = DIRECTION ( 'NONE',  ( 0.000000000000000000, 3.491481338843000432E-15, -1.000000000000000000 ) ) ;
#1224 = CARTESIAN_POINT ( 'NONE',  ( -3.429999999998999627, 0.8499999999989999999, 3.840000000000000302 ) ) ;
#1225 = CARTESIAN_POINT ( 'NONE',  ( 0.4593481462329999654, -1.358937325555999776, 0.2000000000000000111 ) ) ;
#1226 = VECTOR ( 'NONE', #9300, 1000.000000000000000 ) ;
#1227 = CIRCLE ( 'NONE', #8499, 0.7399999999989999022 ) ;
#1228 = VECTOR ( 'NONE', #2757, 1000.000000000000000 ) ;
#1229 = DIRECTION ( 'NONE',  ( 0.000000000000000000, 1.000000000000000000, 3.491481338843000432E-15 ) ) ;
#1230 = DIRECTION ( 'NONE',  ( 0.000000000000000000, 1.000000000000000000, 3.491481338843000432E-15 ) ) ;
#1231 = CARTESIAN_POINT ( 'NONE',  ( 6.899999999999999467, -5.149999999999000266, 2.199999999999000089 ) ) ;
#1232 = ORIENTED_EDGE ( 'NONE', *, *, #1126, .T. ) ;
#1233 = LINE ( 'NONE', #332, #3827 ) ;
#1234 = ORIENTED_EDGE ( 'NONE', *, *, #10172, .T. ) ;
#1235 = PLANE ( 'NONE',  #720 ) ;
#1236 = VECTOR ( 'NONE', #2292, 1000.000000000000000 ) ;
#1237 = AXIS2_PLACEMENT_3D ( 'NONE', #2382, #1755, #9804 ) ;
#1238 = STYLED_ITEM ( 'NONE', ( #7260 ), #2398 ) ;
#1239 = CARTESIAN_POINT ( 'NONE',  ( -3.429999999998999627, -3.834297482219000575, 3.381985117132999985 ) ) ;
#1240 = DIRECTION ( 'NONE',  ( -0.4226182617403738684, 0.9063077870368018152, 0.000000000000000000 ) ) ;
#1241 = EDGE_CURVE ( 'NONE', #5852, #8833, #4607, .T. ) ;
#1242 = FACE_OUTER_BOUND ( 'NONE', #814, .T. ) ;
#1243 = CARTESIAN_POINT ( 'NONE',  ( 4.299999999999999822, 1.149999999999999911, 2.700000000000000178 ) ) ;
#1244 = CARTESIAN_POINT ( 'NONE',  ( -3.429999999998999627, 2.550000000000000266, 1.000013873792005015E-12 ) ) ;
#1245 = ORIENTED_EDGE ( 'NONE', *, *, #655, .F. ) ;
#1246 = VECTOR ( 'NONE', #1607, 1000.000000000000000 ) ;
#1247 = CARTESIAN_POINT ( 'NONE',  ( -3.429999999998999627, 4.750000000000000000, 0.6999999999999999556 ) ) ;
#1248 = VERTEX_POINT ( 'NONE', #8584 ) ;
#1249 = ORIENTED_EDGE ( 'NONE', *, *, #1020, .T. ) ;
#1250 = EDGE_CURVE ( 'NONE', #9619, #389, #7631, .T. ) ;
#1251 = VERTEX_POINT ( 'NONE', #10274 ) ;
#1252 = CARTESIAN_POINT ( 'NONE',  ( 4.549999999999999822, -5.250000000000000000, 5.499999999999000799 ) ) ;
#1253 = AXIS2_PLACEMENT_3D ( 'NONE', #2497, #4091, #17 ) ;
#1254 = ORIENTED_EDGE ( 'NONE', *, *, #9891, .F. ) ;
#1255 = CARTESIAN_POINT ( 'NONE',  ( 0.3717311358319999592, -0.9108385971310000162, 0.2010000000000000120 ) ) ;
#1256 = LINE ( 'NONE', #410, #4095 ) ;
#1257 = CARTESIAN_POINT ( 'NONE',  ( -5.450000000000000178, 2.550000000000000266, 0.9000000000000000222 ) ) ;
#1258 = ORIENTED_EDGE ( 'NONE', *, *, #3863, .T. ) ;
#1259 = LINE ( 'NONE', #1150, #3151 ) ;
#1261 = EDGE_LOOP ( 'NONE', ( #8780, #8449, #2980, #6152, #4393, #7711, #9030, #3202 ) ) ;
#1260 = EDGE_LOOP ( 'NONE', ( #2582, #5716, #8154, #4183 ) ) ;
#1262 = CIRCLE ( 'NONE', #3122, 2.099999999999999645 ) ;
#1263 = ORIENTED_EDGE ( 'NONE', *, *, #1168, .F. ) ;
#1264 = ADVANCED_FACE ( 'NONE', ( #7942 ), #10482, .T. ) ;
#1265 = DIRECTION ( 'NONE',  ( 0.000000000000000000, 1.000000000000000000, 3.491481338843000432E-15 ) ) ;
#1266 = ORIENTED_EDGE ( 'NONE', *, *, #673, .F. ) ;
#1267 = VERTEX_POINT ( 'NONE', #742 ) ;
#1268 = CARTESIAN_POINT ( 'NONE',  ( 5.450000000000000178, 2.549999999998999733, 3.700000000000000178 ) ) ;
#1269 = LINE ( 'NONE', #9076, #10158 ) ;
#1270 = DIRECTION ( 'NONE',  ( 0.000000000000000000, -1.000000000000000000, -3.491481338843000432E-15 ) ) ;
#1271 = DIRECTION ( 'NONE',  ( 1.000000000000000000, 0.000000000000000000, 0.000000000000000000 ) ) ;
#1272 = CARTESIAN_POINT ( 'NONE',  ( -0.9299999999989999599, -3.334297482219000575, 3.199999999999000089 ) ) ;
#1273 = ORIENTED_EDGE ( 'NONE', *, *, #9475, .F. ) ;
#1274 = CARTESIAN_POINT ( 'NONE',  ( 0.5156494595420000326, -1.246625159638000024, 0.2010000000000000120 ) ) ;
#1275 = EDGE_CURVE ( 'NONE', #6753, #3301, #3813, .T. ) ;
#1276 = CARTESIAN_POINT ( 'NONE',  ( -0.1057943072950000007, -0.9167904900640000410, 0.2000000000000000111 ) ) ;
#1277 = EDGE_LOOP ( 'NONE', ( #6684, #2567, #7669, #4248 ) ) ;
#1278 = CARTESIAN_POINT ( 'NONE',  ( 0.8515227658750000872, -1.307034392503000131, 0.2010000000000000120 ) ) ;
#1279 = DIRECTION ( 'NONE',  ( 0.000000000000000000, 3.491481338843000432E-15, -1.000000000000000000 ) ) ;
#1280 = EDGE_CURVE ( 'NONE', #6035, #7626, #3020, .T. ) ;
#1281 = ADVANCED_FACE ( 'NONE', ( #685 ), #5562, .F. ) ;
#1282 = LINE ( 'NONE', #5945, #418 ) ;
#1283 = CARTESIAN_POINT ( 'NONE',  ( 4.299999999999999822, 0.9499999999999999556, 2.700000000000000178 ) ) ;
#1284 = DIRECTION ( 'NONE',  ( 0.3236155771183229501, -0.8891264907158876740, -0.3236155771183229501 ) ) ;
#1285 = ORIENTED_EDGE ( 'NONE', *, *, #10039, .T. ) ;
#1286 = CARTESIAN_POINT ( 'NONE',  ( 4.599999999998999556, 1.149999999999999911, 2.700000000000000178 ) ) ;
#1287 = ORIENTED_EDGE ( 'NONE', *, *, #1141, .T. ) ;
#1288 = CARTESIAN_POINT ( 'NONE',  ( -1.799999999998999956, 0.9499999999999999556, 2.700000000000000178 ) ) ;
#1289 = CARTESIAN_POINT ( 'NONE',  ( 5.450000000000000178, 1.149999999999999911, 0.9000000000000000222 ) ) ;
#1290 = VECTOR ( 'NONE', #6857, 1000.000000000000000 ) ;
#1291 = PLANE ( 'NONE',  #8588 ) ;
#1292 = FACE_BOUND ( 'NONE', #1769, .T. ) ;
#1293 = CARTESIAN_POINT ( 'NONE',  ( 1.570000000000000062, -3.834297482219000575, 3.658014882865999962 ) ) ;
#1294 = FACE_OUTER_BOUND ( 'NONE', #1516, .T. ) ;
#1295 = ORIENTED_EDGE ( 'NONE', *, *, #7047, .T. ) ;
#1296 = DIRECTION ( 'NONE',  ( 0.000000000000000000, 0.000000000000000000, 1.000000000000000000 ) ) ;
#1297 = ORIENTED_EDGE ( 'NONE', *, *, #2786, .T. ) ;
#1298 = ORIENTED_EDGE ( 'NONE', *, *, #7921, .F. ) ;
#1299 = ORIENTED_EDGE ( 'NONE', *, *, #10044, .F. ) ;
#1300 = DIRECTION ( 'NONE',  ( 0.000000000000000000, 1.000000000000000000, 3.491481338843000432E-15 ) ) ;
#1301 = LINE ( 'NONE', #6181, #2908 ) ;
#1302 = EDGE_LOOP ( 'NONE', ( #7676, #2053, #1019, #1203, #1743, #357, #2421, #5188, #4005, #10277, #780, #10156 ) ) ;
#1303 = CARTESIAN_POINT ( 'NONE',  ( 0.4725814845449999857, -0.9419364457209999930, 0.2010000000000000120 ) ) ;
#1304 = PLANE ( 'NONE',  #880 ) ;
#1305 = DIRECTION ( 'NONE',  ( 0.000000000000000000, 1.000000000000000000, 3.491481338843000432E-15 ) ) ;
#1306 = ORIENTED_EDGE ( 'NONE', *, *, #420, .F. ) ;
#1307 = CARTESIAN_POINT ( 'NONE',  ( 0.3597146709290000022, -0.8558565525260000140, 0.2010000000000000120 ) ) ;
#1309 = ORIENTED_EDGE ( 'NONE', *, *, #2204, .T. ) ;
#1308 = VERTEX_POINT ( 'NONE', #2370 ) ;
#1310 = CARTESIAN_POINT ( 'NONE',  ( -6.400000000000000355, -4.649999999998999378, 2.199999999999000089 ) ) ;
#1311 = AXIS2_PLACEMENT_3D ( 'NONE', #2964, #7889, #5403 ) ;
#1312 = EDGE_LOOP ( 'NONE', ( #9564, #103, #2136, #142, #1882, #795 ) ) ;
#1313 = VECTOR ( 'NONE', #6710, 1000.000000000000000 ) ;
#1314 = ORIENTED_EDGE ( 'NONE', *, *, #8436, .F. ) ;
#1315 = CARTESIAN_POINT ( 'NONE',  ( -1.570000000000000062, 2.550000000000000266, 0.6999999999999999556 ) ) ;
#1316 = CARTESIAN_POINT ( 'NONE',  ( -0.8435991853430000464, -0.8619124412830000415, 0.2010000000000000120 ) ) ;
#1317 = LINE ( 'NONE', #3692, #1077 ) ;
#1318 = EDGE_CURVE ( 'NONE', #5076, #9156, #3073, .T. ) ;
#1319 = AXIS2_PLACEMENT_3D ( 'NONE', #8219, #1699, #4137 ) ;
#1320 = FACE_OUTER_BOUND ( 'NONE', #9793, .T. ) ;
#1321 = CARTESIAN_POINT ( 'NONE',  ( 5.449999999999000089, -5.250000000000000000, 4.799999999999000622 ) ) ;
#1322 = ORIENTED_EDGE ( 'NONE', *, *, #3069, .F. ) ;
#1323 = CARTESIAN_POINT ( 'NONE',  ( 5.450000000000000178, 1.149999999998999822, 5.500000000000000888 ) ) ;
#1324 = FACE_OUTER_BOUND ( 'NONE', #8746, .T. ) ;
#1325 = ORIENTED_EDGE ( 'NONE', *, *, #8121, .T. ) ;
#1326 = FILL_AREA_STYLE ('',( #8586 ) ) ;
#1327 = CARTESIAN_POINT ( 'NONE',  ( -7.500000000000000000, -2.250000000000000000, 3.999999999998999911 ) ) ;
#1328 = PLANE ( 'NONE',  #4636 ) ;
#1329 = DIRECTION ( 'NONE',  ( 0.000000000000000000, 3.491481338843000432E-15, -1.000000000000000000 ) ) ;
#1330 = CARTESIAN_POINT ( 'NONE',  ( -0.8749444597340000351, -0.9228880510390000680, 0.2000000000000000111 ) ) ;
#1331 = ORIENTED_EDGE ( 'NONE', *, *, #3142, .T. ) ;
#1332 = CARTESIAN_POINT ( 'NONE',  ( 0.5921408316010000616, -0.9899601815309998498, 0.2010000000000000120 ) ) ;
#1333 = ORIENTED_EDGE ( 'NONE', *, *, #1831, .F. ) ;
#1334 = DIRECTION ( 'NONE',  ( 1.000000000000000000, 0.000000000000000000, 0.000000000000000000 ) ) ;
#1335 = DIRECTION ( 'NONE',  ( 0.000000000000000000, 1.000000000000000000, 3.491481338843000432E-15 ) ) ;
#1336 = VERTEX_POINT ( 'NONE', #1480 ) ;
#1337 = CARTESIAN_POINT ( 'NONE',  ( -0.5509162585139999457, -1.107053447380999867, 0.2010000000000000120 ) ) ;
#1338 = CARTESIAN_POINT ( 'NONE',  ( -0.6999999999990000887, 0.9499999999999999556, 0.9000000000000000222 ) ) ;
#1339 = LINE ( 'NONE', #3830, #2203 ) ;
#1340 = CARTESIAN_POINT ( 'NONE',  ( 4.299999999999999822, 1.149999999999999911, 0.9000000000000000222 ) ) ;
#1341 = EDGE_LOOP ( 'NONE', ( #2275, #5761, #9882, #3253 ) ) ;
#1342 = DIRECTION ( 'NONE',  ( 1.000000000000000000, 0.000000000000000000, 0.000000000000000000 ) ) ;
#1343 = ORIENTED_EDGE ( 'NONE', *, *, #1387, .T. ) ;
#1344 = EDGE_CURVE ( 'NONE', #7872, #7013, #8745, .T. ) ;
#1345 = ORIENTED_EDGE ( 'NONE', *, *, #8346, .T. ) ;
#1346 = ADVANCED_FACE ( 'NONE', ( #10385 ), #2424, .T. ) ;
#1347 = ORIENTED_EDGE ( 'NONE', *, *, #4813, .F. ) ;
#1348 = CARTESIAN_POINT ( 'NONE',  ( 3.429999999998999627, 2.550000000000000266, 0.6999999999999999556 ) ) ;
#1349 = AXIS2_PLACEMENT_3D ( 'NONE', #5438, #3157, #6342 ) ;
#1350 = CARTESIAN_POINT ( 'NONE',  ( -0.9106723560750000779, -0.8619124412830000415, 0.2010000000000000120 ) ) ;
#1351 = VERTEX_POINT ( 'NONE', #10329 ) ;
#1352 = CARTESIAN_POINT ( 'NONE',  ( 0.5522319254299999924, -1.094485393896000192, 0.2010000000000000120 ) ) ;
#1353 = DIRECTION ( 'NONE',  ( 0.9315776194852916081, -0.3635424856521137227, -1.269301804533397262E-15 ) ) ;
#1354 = DIRECTION ( 'NONE',  ( 1.000000000000000000, 0.000000000000000000, 0.000000000000000000 ) ) ;
#1355 = VERTEX_POINT ( 'NONE', #5668 ) ;
#1356 = CARTESIAN_POINT ( 'NONE',  ( 0.6196591745560000586, -1.130405338766000023, 0.2000000000000000111 ) ) ;
#1358 = VERTEX_POINT ( 'NONE', #5611 ) ;
#1357 = ORIENTED_EDGE ( 'NONE', *, *, #6428, .F. ) ;
#1359 = VECTOR ( 'NONE', #6301, 1000.000000000000000 ) ;
#1360 = CARTESIAN_POINT ( 'NONE',  ( 2.899999999998999822, 0.8499999999999999778, 2.700000000000000178 ) ) ;
#1361 = ORIENTED_EDGE ( 'NONE', *, *, #7785, .F. ) ;
#1362 = EDGE_CURVE ( 'NONE', #1930, #1445, #7210, .T. ) ;
#1363 = ORIENTED_EDGE ( 'NONE', *, *, #1993, .F. ) ;
#1364 = CARTESIAN_POINT ( 'NONE',  ( 0.3649564548990000268, -0.9106929290880000361, 0.2010000000000000120 ) ) ;
#1365 = AXIS2_PLACEMENT_3D ( 'NONE', #2407, #1719, #4206 ) ;
#1366 = ADVANCED_FACE ( 'NONE', ( #3917 ), #1635, .T. ) ;
#1367 = DIRECTION ( 'NONE',  ( 0.000000000000000000, -1.000000000000000000, -3.457400261148000567E-15 ) ) ;
#1368 = CARTESIAN_POINT ( 'NONE',  ( -0.9820328743680000194, -1.221668538844000063, 0.2010000000000000120 ) ) ;
#1369 = EDGE_CURVE ( 'NONE', #5744, #9432, #8693, .T. ) ;
#1370 = DIRECTION ( 'NONE',  ( -1.000000000000000000, 0.000000000000000000, 0.000000000000000000 ) ) ;
#1371 = PLANE ( 'NONE',  #210 ) ;
#1372 = EDGE_LOOP ( 'NONE', ( #4065, #6690, #5850, #9352, #3405, #5380, #245, #10358, #7029, #7212, #7591, #4969 ) ) ;
#1373 = CARTESIAN_POINT ( 'NONE',  ( -0.6173916678459999696, -1.133579730925999840, 0.2010000000000000120 ) ) ;
#1374 = AXIS2_PLACEMENT_3D ( 'NONE', #9557, #10351, #3039 ) ;
#1375 = DIRECTION ( 'NONE',  ( 0.3236155771183229501, -0.8891264907158876740, 0.3236155771183229501 ) ) ;
#1376 = EDGE_CURVE ( 'NONE', #10310, #4226, #3127, .T. ) ;
#1377 = VERTEX_POINT ( 'NONE', #791 ) ;
#1378 = LINE ( 'NONE', #2809, #10029 ) ;
#1379 = CARTESIAN_POINT ( 'NONE',  ( 3.611985117132999967, 5.250000000000000000, 0.1819851171340000351 ) ) ;
#1380 = ADVANCED_FACE ( 'NONE', ( #8094 ), #9586, .F. ) ;
#1381 = LINE ( 'NONE', #3134, #8708 ) ;
#1382 = VECTOR ( 'NONE', #9870, 1000.000000000000000 ) ;
#1383 = VECTOR ( 'NONE', #6252, 1000.000000000000000 ) ;
#1384 = LINE ( 'NONE', #3819, #8525 ) ;
#1385 = DIRECTION ( 'NONE',  ( 0.000000000000000000, 1.000000000000000000, 0.000000000000000000 ) ) ;
#1386 = ORIENTED_EDGE ( 'NONE', *, *, #2461, .F. ) ;
#1387 = EDGE_CURVE ( 'NONE', #5347, #7756, #2219, .T. ) ;
#1388 = CARTESIAN_POINT ( 'NONE',  ( 1.570000000000000062, 2.550000000000000266, 0.6999999999999999556 ) ) ;
#1389 = VERTEX_POINT ( 'NONE', #1529 ) ;
#1390 = DIRECTION ( 'NONE',  ( -1.000000000000000000, 0.000000000000000000, 0.000000000000000000 ) ) ;
#1391 = EDGE_CURVE ( 'NONE', #7722, #10337, #3173, .T. ) ;
#1392 = CARTESIAN_POINT ( 'NONE',  ( -0.5507437005040001221, -1.114744718132999912, 0.2010000000000000120 ) ) ;
#1393 = AXIS2_PLACEMENT_3D ( 'NONE', #5062, #8237, #3965 ) ;
#1394 = CIRCLE ( 'NONE', #2396, 0.4999999999989999666 ) ;
#1395 = CARTESIAN_POINT ( 'NONE',  ( -0.5437506766680000325, -1.292245904725000116, 0.2000000000000000111 ) ) ;
#1396 = LINE ( 'NONE', #7862, #10323 ) ;
#1397 = DIRECTION ( 'NONE',  ( 0.000000000000000000, -1.000000000000000000, -3.491481338843000432E-15 ) ) ;
#1398 = CARTESIAN_POINT ( 'NONE',  ( 3.934924240490999647, -1.834924240491000003, 5.499999999999000799 ) ) ;
#1399 = ORIENTED_EDGE ( 'NONE', *, *, #4163, .F. ) ;
#1400 = CIRCLE ( 'NONE', #6306, 0.1499999999989998778 ) ;
#1401 = VECTOR ( 'NONE', #2766, 1000.000000000000000 ) ;
#1402 = VECTOR ( 'NONE', #2172, 1000.000000000000000 ) ;
#1403 = CARTESIAN_POINT ( 'NONE',  ( 4.069999999999000195, 5.250000000000000000, 0.6400000000000000133 ) ) ;
#1404 = EDGE_LOOP ( 'NONE', ( #664, #7891, #416, #6992 ) ) ;
#1405 = ORIENTED_EDGE ( 'NONE', *, *, #8255, .F. ) ;
#1406 = ADVANCED_FACE ( 'NONE', ( #6409 ), #8206, .T. ) ;
#1407 = ORIENTED_EDGE ( 'NONE', *, *, #1053, .T. ) ;
#1408 = CARTESIAN_POINT ( 'NONE',  ( -3.429999999998999627, -3.834297482219000575, 3.839999999999000213 ) ) ;
#1409 = LINE ( 'NONE', #2385, #5456 ) ;
#1410 = EDGE_LOOP ( 'NONE', ( #5286, #922, #743, #295, #5231, #5064 ) ) ;
#1411 = CARTESIAN_POINT ( 'NONE',  ( 6.150000000000000355, -5.250000000000000000, 3.999999999998999911 ) ) ;
#1412 = CARTESIAN_POINT ( 'NONE',  ( 4.069999999999000195, 0.8499999999989999999, 3.840000000000000302 ) ) ;
#1413 = VECTOR ( 'NONE', #7255, 1000.000000000000000 ) ;
#1414 = ADVANCED_FACE ( 'NONE', ( #51 ), #7307, .T. ) ;
#1415 = CARTESIAN_POINT ( 'NONE',  ( -0.1179894292460000049, -1.307034392503000131, 0.2010000000000000120 ) ) ;
#1416 = EDGE_CURVE ( 'NONE', #6715, #9455, #1658, .T. ) ;
#1417 = EDGE_LOOP ( 'NONE', ( #842, #5185, #2728, #155, #6968, #10249, #4277, #4633, #3710, #8372, #9942, #10003, #6970, #9055, #6412, #7870, #313, #3969 ) ) ;
#1418 = CARTESIAN_POINT ( 'NONE',  ( 0.6043322085709998959, -1.221707889049999940, 0.2000000000000000111 ) ) ;
#1419 = VERTEX_POINT ( 'NONE', #9792 ) ;
#1420 = VECTOR ( 'NONE', #10022, 1000.000000000000000 ) ;
#1421 = CARTESIAN_POINT ( 'NONE',  ( -0.2826235755870000199, -1.307034392503000131, 0.2010000000010000176 ) ) ;
#1422 = CARTESIAN_POINT ( 'NONE',  ( -5.450000000000000178, 1.250000000000000000, 1.500000000000000000 ) ) ;
#1423 = ORIENTED_EDGE ( 'NONE', *, *, #6538, .T. ) ;
#1424 = DIRECTION ( 'NONE',  ( 1.000000000000000000, 0.000000000000000000, 0.000000000000000000 ) ) ;
#1425 = CARTESIAN_POINT ( 'NONE',  ( 0.4229421916530000103, -0.9181256682530000157, 0.2000000000000000111 ) ) ;
#1426 = DIRECTION ( 'NONE',  ( 0.000000000000000000, 3.491481338843000432E-15, -1.000000000000000000 ) ) ;
#1427 = AXIS2_PLACEMENT_3D ( 'NONE', #2330, #4665, #3077 ) ;
#1428 = CARTESIAN_POINT ( 'NONE',  ( -0.9299999999989999599, 2.550000000000000266, 1.000013873792005015E-12 ) ) ;
#1429 = DIRECTION ( 'NONE',  ( -0.9396926207860170077, 0.3420201433253705070, 1.194156947931292562E-15 ) ) ;
#1430 = ORIENTED_EDGE ( 'NONE', *, *, #6640, .F. ) ;
#1431 = CARTESIAN_POINT ( 'NONE',  ( 0.5409194940560000386, -1.197928560355000061, 0.2010000000000000120 ) ) ;
#1432 = DIRECTION ( 'NONE',  ( 0.000000000000000000, 1.000000000000000000, 3.469446951952999666E-15 ) ) ;
#1433 = ORIENTED_EDGE ( 'NONE', *, *, #2580, .F. ) ;
#1434 = CARTESIAN_POINT ( 'NONE',  ( 0.3158420784570000195, -0.8583999615499999791, 0.2000000000000000111 ) ) ;
#1435 = EDGE_CURVE ( 'NONE', #423, #9155, #893, .T. ) ;
#1436 = VECTOR ( 'NONE', #5241, 1000.000000000000000 ) ;
#1437 = DIRECTION ( 'NONE',  ( 0.000000000000000000, -1.000000000000000000, -3.491481338843000432E-15 ) ) ;
#1438 = VECTOR ( 'NONE', #8306, 1000.000000000000114 ) ;
#1439 = DIRECTION ( 'NONE',  ( 0.000000000000000000, 3.491481338843000432E-15, -1.000000000000000000 ) ) ;
#1440 = FACE_OUTER_BOUND ( 'NONE', #10100, .T. ) ;
#1441 = DIRECTION ( 'NONE',  ( -1.000000000000000000, 0.000000000000000000, 0.000000000000000000 ) ) ;
#1442 = ADVANCED_FACE ( 'NONE', ( #9902 ), #8488, .T. ) ;
#1443 = ORIENTED_EDGE ( 'NONE', *, *, #3393, .T. ) ;
#1444 = CARTESIAN_POINT ( 'NONE',  ( 0.5798273741939999892, -0.9679092625840000075, 0.2010000000000000120 ) ) ;
#1445 = VERTEX_POINT ( 'NONE', #949 ) ;
#1446 = LINE ( 'NONE', #8598, #8169 ) ;
#1447 = CARTESIAN_POINT ( 'NONE',  ( -5.450000000000000178, 1.549999999998999956, 4.400000000000000355 ) ) ;
#1448 = VECTOR ( 'NONE', #8220, 1000.000000000000000 ) ;
#1449 = CARTESIAN_POINT ( 'NONE',  ( -0.4174104572200000307, -1.299979642224999843, 0.2000000000000000111 ) ) ;
#1450 = CARTESIAN_POINT ( 'NONE',  ( -0.3610773182229999878, -1.361739288594999930, 0.2000000000000000111 ) ) ;
#1451 = CARTESIAN_POINT ( 'NONE',  ( 3.429999999998999627, 2.550000000000000266, 1.000013873792005015E-12 ) ) ;
#1452 = FACE_OUTER_BOUND ( 'NONE', #7074, .T. ) ;
#1453 = FACE_OUTER_BOUND ( 'NONE', #1725, .T. ) ;
#1454 = EDGE_CURVE ( 'NONE', #9000, #10442, #6573, .T. ) ;
#1455 = ORIENTED_EDGE ( 'NONE', *, *, #7645, .T. ) ;
#1456 = DIRECTION ( 'NONE',  ( -1.000000000000000000, 0.000000000000000000, 0.000000000000000000 ) ) ;
#1457 = ORIENTED_EDGE ( 'NONE', *, *, #5104, .T. ) ;
#1458 = ORIENTED_EDGE ( 'NONE', *, *, #7440, .F. ) ;
#1459 = ORIENTED_EDGE ( 'NONE', *, *, #3219, .T. ) ;
#1460 = DIRECTION ( 'NONE',  ( -1.000000000000000000, 0.000000000000000000, 0.000000000000000000 ) ) ;
#1461 = VERTEX_POINT ( 'NONE', #1745 ) ;
#1462 = CARTESIAN_POINT ( 'NONE',  ( -1.111985117132999967, 5.250000000000000000, 0.4580148828660000060 ) ) ;
#1463 = LINE ( 'NONE', #7763, #4563 ) ;
#1464 = DIRECTION ( 'NONE',  ( 1.000000000000000000, 0.000000000000000000, 0.000000000000000000 ) ) ;
#1465 = AXIS2_PLACEMENT_3D ( 'NONE', #9491, #7170, #3927 ) ;
#1466 = ORIENTED_EDGE ( 'NONE', *, *, #3758, .F. ) ;
#1467 = DIRECTION ( 'NONE',  ( 0.000000000000000000, -3.491481338843000432E-15, 1.000000000000000000 ) ) ;
#1468 = ORIENTED_EDGE ( 'NONE', *, *, #5225, .F. ) ;
#1469 = EDGE_CURVE ( 'NONE', #5347, #8342, #2641, .T. ) ;
#1470 = LINE ( 'NONE', #10421, #6520 ) ;
#1471 = ORIENTED_EDGE ( 'NONE', *, *, #606, .F. ) ;
#1472 = VERTEX_POINT ( 'NONE', #5927 ) ;
#1473 = DIRECTION ( 'NONE',  ( -0.3420201433253704515, 0.9396926207860168967, 0.000000000000000000 ) ) ;
#1474 = LINE ( 'NONE', #7936, #9143 ) ;
#1475 = CARTESIAN_POINT ( 'NONE',  ( 7.499999999998999911, -4.649999999998999378, 1.199999999999000089 ) ) ;
#1476 = CARTESIAN_POINT ( 'NONE',  ( -3.850000000000000089, -1.750000000000000000, 5.499999999999000799 ) ) ;
#1477 = DIRECTION ( 'NONE',  ( 1.270795280836009862E-15, 0.000000000000000000, 1.000000000000000000 ) ) ;
#1478 = ORIENTED_EDGE ( 'NONE', *, *, #4192, .F. ) ;
#1479 = FACE_OUTER_BOUND ( 'NONE', #2020, .T. ) ;
#1480 = CARTESIAN_POINT ( 'NONE',  ( -6.899999999999999467, -5.064285714284999962, 1.376902229001999878 ) ) ;
#1481 = AXIS2_PLACEMENT_3D ( 'NONE', #7083, #1562, #5383 ) ;
#1482 = EDGE_CURVE ( 'NONE', #3095, #1960, #2587, .T. ) ;
#1483 = VERTEX_POINT ( 'NONE', #5874 ) ;
#1484 = CARTESIAN_POINT ( 'NONE',  ( 0.2518442910450000016, -0.8740163586630000925, 0.2000000000000000111 ) ) ;
#1485 = CARTESIAN_POINT ( 'NONE',  ( -0.5101305629139999409, -0.9769274079820000622, 0.2000000000000000111 ) ) ;
#1486 = CIRCLE ( 'NONE', #3505, 0.7399999999989999022 ) ;
#1487 = LINE ( 'NONE', #4718, #6508 ) ;
#1488 = DIRECTION ( 'NONE',  ( 1.000000000000000000, 0.000000000000000000, 0.000000000000000000 ) ) ;
#1489 = LINE ( 'NONE', #3766, #7978 ) ;
#1490 = ORIENTED_EDGE ( 'NONE', *, *, #438, .F. ) ;
#1491 = DIRECTION ( 'NONE',  ( -1.000000000000000000, 0.000000000000000000, 0.000000000000000000 ) ) ;
#1492 = ORIENTED_EDGE ( 'NONE', *, *, #9337, .F. ) ;
#1493 = CARTESIAN_POINT ( 'NONE',  ( -2.899999999998999822, 1.149999999998999822, 5.500000000000000888 ) ) ;
#1494 = AXIS2_PLACEMENT_3D ( 'NONE', #6151, #9383, #2114 ) ;
#1495 = LINE ( 'NONE', #651, #4867 ) ;
#1496 = CARTESIAN_POINT ( 'NONE',  ( 0.9300000000000000488, 2.550000000000000266, 0.6400000000000000133 ) ) ;
#1497 = EDGE_CURVE ( 'NONE', #5414, #7409, #9742, .T. ) ;
#1498 = CARTESIAN_POINT ( 'NONE',  ( -0.5998915495580000590, -1.210360737355999916, 0.2000000000000000111 ) ) ;
#1499 = PLANE ( 'NONE',  #8973 ) ;
#1500 = LINE ( 'NONE', #4627, #5816 ) ;
#1501 = EDGE_CURVE ( 'NONE', #3208, #3794, #1896, .T. ) ;
#1502 = FACE_OUTER_BOUND ( 'NONE', #570, .T. ) ;
#1503 = ORIENTED_EDGE ( 'NONE', *, *, #7025, .F. ) ;
#1504 = PLANE ( 'NONE',  #4063 ) ;
#1505 = ORIENTED_EDGE ( 'NONE', *, *, #9826, .F. ) ;
#1506 = ORIENTED_EDGE ( 'NONE', *, *, #6228, .F. ) ;
#1507 = EDGE_CURVE ( 'NONE', #1355, #7311, #8951, .T. ) ;
#1508 = LINE ( 'NONE', #1408, #6564 ) ;
#1509 = ORIENTED_EDGE ( 'NONE', *, *, #7814, .F. ) ;
#1510 = CARTESIAN_POINT ( 'NONE',  ( -1.388014882866000166, -3.834297482219000575, 3.199999999999000089 ) ) ;
#1511 = CARTESIAN_POINT ( 'NONE',  ( -0.7277455268069999983, -1.361912441282999930, 0.2010000000000000120 ) ) ;
#1512 = EDGE_CURVE ( 'NONE', #8766, #7409, #6935, .T. ) ;
#1513 = LINE ( 'NONE', #7243, #2715 ) ;
#1514 = VERTEX_POINT ( 'NONE', #10000 ) ;
#1515 = FACE_OUTER_BOUND ( 'NONE', #3378, .T. ) ;
#1516 = EDGE_LOOP ( 'NONE', ( #1075, #512, #1137, #8621 ) ) ;
#1517 = DIRECTION ( 'NONE',  ( 0.000000000000000000, -3.491481338843000432E-15, 1.000000000000000000 ) ) ;
#1518 = EDGE_CURVE ( 'NONE', #10357, #9802, #1104, .T. ) ;
#1519 = ORIENTED_EDGE ( 'NONE', *, *, #1711, .F. ) ;
#1520 = EDGE_LOOP ( 'NONE', ( #7613, #7194, #1559, #3362, #9753, #4509, #2378, #3349 ) ) ;
#1521 = CARTESIAN_POINT ( 'NONE',  ( -7.500000000000000000, -5.250000000000000000, 4.799999999999000622 ) ) ;
#1522 = CARTESIAN_POINT ( 'NONE',  ( 0.4725814845449999857, -0.9419364457209999930, 0.2000000000000000111 ) ) ;
#1523 = CARTESIAN_POINT ( 'NONE',  ( -3.429999999998999627, -3.334297482219000575, 3.839999999999000213 ) ) ;
#1524 = VECTOR ( 'NONE', #10142, 1000.000000000000000 ) ;
#1525 = DIRECTION ( 'NONE',  ( 0.000000000000000000, 1.000000000000000000, 3.407492542097299143E-15 ) ) ;
#1526 = DIRECTION ( 'NONE',  ( 0.000000000000000000, 1.000000000000000000, 3.646367363483000567E-15 ) ) ;
#1527 = EDGE_LOOP ( 'NONE', ( #6203, #6990, #6131, #5353 ) ) ;
#1528 = CARTESIAN_POINT ( 'NONE',  ( -0.5612017014519999902, -1.274075126090999932, 0.2010000000000000120 ) ) ;
#1529 = CARTESIAN_POINT ( 'NONE',  ( -0.3515069597339999796, -1.361912441282999930, 0.2000000000000000111 ) ) ;
#1530 = EDGE_CURVE ( 'NONE', #2007, #2313, #5336, .T. ) ;
#1531 = VERTEX_POINT ( 'NONE', #8572 ) ;
#1532 = PLANE ( 'NONE',  #3430 ) ;
#1533 = VECTOR ( 'NONE', #8223, 1000.000000000000000 ) ;
#1534 = ORIENTED_EDGE ( 'NONE', *, *, #7342, .F. ) ;
#1535 = CARTESIAN_POINT ( 'NONE',  ( -0.4523831892899999874, -0.9351355331359999523, 0.2000000000000000111 ) ) ;
#1536 = FACE_OUTER_BOUND ( 'NONE', #9166, .T. ) ;
#1537 = CARTESIAN_POINT ( 'NONE',  ( -4.069999999999000195, -3.334297482219000575, 3.839999999999000213 ) ) ;
#1538 = EDGE_CURVE ( 'NONE', #8239, #462, #2846, .T. ) ;
#1539 = DIRECTION ( 'NONE',  ( 0.000000000000000000, 1.000000000000000000, 3.491481338843000432E-15 ) ) ;
#1540 = CARTESIAN_POINT ( 'NONE',  ( 6.400000000000000355, -5.149999999999000266, 1.999999999998999911 ) ) ;
#1541 = EDGE_CURVE ( 'NONE', #10287, #1981, #2048, .T. ) ;
#1542 = VERTEX_POINT ( 'NONE', #1310 ) ;
#1543 = DIRECTION ( 'NONE',  ( 0.000000000000000000, -3.491481338843000432E-15, 1.000000000000000000 ) ) ;
#1544 = ORIENTED_EDGE ( 'NONE', *, *, #8731, .F. ) ;
#1545 = AXIS2_PLACEMENT_3D ( 'NONE', #7608, #6771, #9990 ) ;
#1546 = CARTESIAN_POINT ( 'NONE',  ( -3.429999999998999627, 1.665702517779999781, 3.840000000000000302 ) ) ;
#1547 = FACE_OUTER_BOUND ( 'NONE', #6776, .T. ) ;
#1548 = CARTESIAN_POINT ( 'NONE',  ( -6.899999999999999467, -4.426902229001999700, 0.08571428571500003257 ) ) ;
#1549 = VECTOR ( 'NONE', #9749, 1000.000000000000000 ) ;
#1550 = VECTOR ( 'NONE', #10067, 1000.000000000000000 ) ;
#1551 = CARTESIAN_POINT ( 'NONE',  ( -4.069999999999000195, 0.8499999999999999778, 0.6999999999999999556 ) ) ;
#1552 = DIRECTION ( 'NONE',  ( -1.000000000000000000, 0.000000000000000000, 0.000000000000000000 ) ) ;
#1553 = LINE ( 'NONE', #2294, #3781 ) ;
#1554 = CARTESIAN_POINT ( 'NONE',  ( 0.9300000000000000488, -3.334297482219000575, 3.199999999999000089 ) ) ;
#1555 = ORIENTED_EDGE ( 'NONE', *, *, #1369, .T. ) ;
#1556 = FACE_OUTER_BOUND ( 'NONE', #2992, .T. ) ;
#1557 = VECTOR ( 'NONE', #2996, 1000.000000000000000 ) ;
#1558 = AXIS2_PLACEMENT_3D ( 'NONE', #5069, #150, #2418 ) ;
#1559 = ORIENTED_EDGE ( 'NONE', *, *, #8924, .F. ) ;
#1560 = VERTEX_POINT ( 'NONE', #10056 ) ;
#1561 = ADVANCED_FACE ( 'NONE', ( #6083 ), #9420, .T. ) ;
#1562 = DIRECTION ( 'NONE',  ( 1.000000000000000000, 0.000000000000000000, 0.000000000000000000 ) ) ;
#1563 = EDGE_CURVE ( 'NONE', #6706, #10052, #465, .T. ) ;
#1564 = ORIENTED_EDGE ( 'NONE', *, *, #4514, .T. ) ;
#1565 = FACE_OUTER_BOUND ( 'NONE', #4757, .T. ) ;
#1566 = CARTESIAN_POINT ( 'NONE',  ( -0.7923415633920000145, -1.166790490064000041, 0.2010000000000000120 ) ) ;
#1567 = VECTOR ( 'NONE', #4532, 1000.000000000000000 ) ;
#1568 = AXIS2_PLACEMENT_3D ( 'NONE', #5851, #920, #10459 ) ;
#1569 = CARTESIAN_POINT ( 'NONE',  ( 0.3037584972000000327, -0.9185498664750000319, 0.2000000000000000111 ) ) ;
#1570 = EDGE_LOOP ( 'NONE', ( #2589, #206, #4117, #3465 ) ) ;
#1571 = EDGE_CURVE ( 'NONE', #3988, #10038, #515, .T. ) ;
#1572 = CARTESIAN_POINT ( 'NONE',  ( 0.5953826978209999510, -1.243530501393000032, 0.2000000000000000111 ) ) ;
#1573 = ORIENTED_EDGE ( 'NONE', *, *, #9016, .F. ) ;
#1574 = B_SPLINE_SURFACE_WITH_KNOTS ( 'NONE', 3, 1, ( 
 ( #4429, #1945 ),
 ( #1307, #4378 ),
 ( #2738, #7668 ),
 ( #9416, #4484 ),
 ( #10051, #5232 ),
 ( #1202, #8514 ),
 ( #1101, #5182 ),
 ( #6188, #4536 ),
 ( #6132, #8568 ),
 ( #10147, #9305 ),
 ( #5285, #8405 ) ),
 .UNSPECIFIED., .F., .F., .F.,
 ( 4, 1, 1, 1, 1, 1, 1, 1, 4 ),
 ( 2, 2 ),
 ( 0.000000000000000000, 0.1451868664719999924, 0.2834426109189999710, 0.4165243659280000177, 0.5431811235350000322, 0.6651530826370000149, 0.7813602063119999830, 0.8927566556410000409, 0.9999999999990000221 ),
 ( 0.000000000000000000, 1.000000000000000000 ),
 .UNSPECIFIED. ) ;
#1575 = CARTESIAN_POINT ( 'NONE',  ( -6.899999999999999467, -5.149999999999000266, -2.061552812807999846 ) ) ;
#1576 = AXIS2_PLACEMENT_3D ( 'NONE', #896, #106, #5032 ) ;
#1577 = VERTEX_POINT ( 'NONE', #7674 ) ;
#1578 = ORIENTED_EDGE ( 'NONE', *, *, #4192, .T. ) ;
#1579 = DIRECTION ( 'NONE',  ( 0.000000000000000000, 1.000000000000000000, 3.491481338843000432E-15 ) ) ;
#1580 = CARTESIAN_POINT ( 'NONE',  ( 0.4044284950629999931, -0.9139291986370000620, 0.2000000000000000111 ) ) ;
#1581 = DIRECTION ( 'NONE',  ( 1.000000000000000000, 0.000000000000000000, 0.000000000000000000 ) ) ;
#1582 = ADVANCED_FACE ( 'NONE', ( #6886 ), #5291, .F. ) ;
#1583 = ORIENTED_EDGE ( 'NONE', *, *, #9886, .T. ) ;
#1584 = AXIS2_PLACEMENT_3D ( 'NONE', #884, #7408, #2579 ) ;
#1585 = DIRECTION ( 'NONE',  ( 0.000000000000000000, 3.491481338843000432E-15, -1.000000000000000000 ) ) ;
#1586 = ORIENTED_EDGE ( 'NONE', *, *, #3369, .T. ) ;
#1587 = DIRECTION ( 'NONE',  ( 1.000000000000000000, 0.000000000000000000, 0.000000000000000000 ) ) ;
#1588 = ORIENTED_EDGE ( 'NONE', *, *, #7656, .F. ) ;
#1589 = CARTESIAN_POINT ( 'NONE',  ( -0.9299999999989999599, 2.550000000000000266, 0.6999999999999999556 ) ) ;
#1590 = AXIS2_PLACEMENT_3D ( 'NONE', #4181, #798, #7422 ) ;
#1591 = DIRECTION ( 'NONE',  ( 0.000000000000000000, -3.491481338843000432E-15, 1.000000000000000000 ) ) ;
#1592 = DIRECTION ( 'NONE',  ( 1.000000000000000000, 0.000000000000000000, 0.000000000000000000 ) ) ;
#1593 = LINE ( 'NONE', #6528, #1549 ) ;
#1594 = ORIENTED_EDGE ( 'NONE', *, *, #3733, .F. ) ;
#1595 = FACE_OUTER_BOUND ( 'NONE', #6348, .T. ) ;
#1596 = VERTEX_POINT ( 'NONE', #8519 ) ;
#1597 = LINE ( 'NONE', #4833, #727 ) ;
#1598 = VECTOR ( 'NONE', #6581, 1000.000000000000114 ) ;
#1599 = CARTESIAN_POINT ( 'NONE',  ( 0.6624983756310000027, -1.361912441282999930, 0.2000000000000000111 ) ) ;
#1600 = CARTESIAN_POINT ( 'NONE',  ( -0.5612017014519999902, -1.274075126090999932, 0.2000000000000000111 ) ) ;
#1601 = EDGE_CURVE ( 'NONE', #2724, #3481, #5345, .T. ) ;
#1602 = EDGE_CURVE ( 'NONE', #7136, #7984, #6191, .T. ) ;
#1603 = AXIS2_PLACEMENT_3D ( 'NONE', #6349, #5550, #9621 ) ;
#1604 = CARTESIAN_POINT ( 'NONE',  ( 3.888014882865999944, 5.250000000000000000, 0.6400000000000000133 ) ) ;
#1605 = FACE_OUTER_BOUND ( 'NONE', #4330, .T. ) ;
#1606 = LINE ( 'NONE', #4787, #3056 ) ;
#1607 = DIRECTION ( 'NONE',  ( 0.000000000000000000, 1.000000000000000000, 3.491481338843000432E-15 ) ) ;
#1608 = DIRECTION ( 'NONE',  ( 0.000000000000000000, 1.000000000000000000, 3.516331370228009829E-15 ) ) ;
#1609 = VERTEX_POINT ( 'NONE', #2796 ) ;
#1610 = PLANE ( 'NONE',  #7493 ) ;
#1611 = VECTOR ( 'NONE', #2439, 1000.000000000000000 ) ;
#1612 = VERTEX_POINT ( 'NONE', #2102 ) ;
#1613 = VERTEX_POINT ( 'NONE', #7721 ) ;
#1614 = EDGE_CURVE ( 'NONE', #1824, #1461, #6032, .T. ) ;
#1615 = CARTESIAN_POINT ( 'NONE',  ( -0.9299999999989999599, 1.850426421085999973, 0.6755703523079999995 ) ) ;
#1616 = ORIENTED_EDGE ( 'NONE', *, *, #4687, .T. ) ;
#1617 = CARTESIAN_POINT ( 'NONE',  ( -3.429999999998999627, 2.405251729774000147, 3.125825627559000175 ) ) ;
#1618 = CARTESIAN_POINT ( 'NONE',  ( 0.9185959366070000076, -0.8619124412830000415, 0.2000000000000000111 ) ) ;
#1619 = DIRECTION ( 'NONE',  ( 0.000000000000000000, -1.000000000000000000, -3.491481338843000432E-15 ) ) ;
#1620 = ORIENTED_EDGE ( 'NONE', *, *, #9332, .F. ) ;
#1621 = LINE ( 'NONE', #194, #9815 ) ;
#1622 = ORIENTED_EDGE ( 'NONE', *, *, #2028, .T. ) ;
#1623 = CARTESIAN_POINT ( 'NONE',  ( 6.899999999999999467, -4.837228132325999574, 0.000000000000000000 ) ) ;
#1624 = CARTESIAN_POINT ( 'NONE',  ( -6.400000000000000355, -5.149999999999000266, 1.499999999998999911 ) ) ;
#1625 = EDGE_CURVE ( 'NONE', #8569, #2929, #2956, .T. ) ;
#1626 = ORIENTED_EDGE ( 'NONE', *, *, #7472, .T. ) ;
#1627 = ORIENTED_EDGE ( 'NONE', *, *, #7559, .F. ) ;
#1628 = AXIS2_PLACEMENT_3D ( 'NONE', #7696, #4402, #3549 ) ;
#1629 = DIRECTION ( 'NONE',  ( -1.000000000000000000, 0.000000000000000000, 0.000000000000000000 ) ) ;
#1630 = ADVANCED_FACE ( 'NONE', ( #9212 ), #1950, .T. ) ;
#1631 = DIRECTION ( 'NONE',  ( -1.548860246406999928E-15, -3.646367363483000567E-15, 1.000000000000000000 ) ) ;
#1632 = LINE ( 'NONE', #6620, #57 ) ;
#1633 = ORIENTED_EDGE ( 'NONE', *, *, #8111, .T. ) ;
#1634 = ORIENTED_EDGE ( 'NONE', *, *, #1601, .T. ) ;
#1635 = PLANE ( 'NONE',  #1998 ) ;
#1636 = ORIENTED_EDGE ( 'NONE', *, *, #10418, .T. ) ;
#1637 =( NAMED_UNIT ( * ) PLANE_ANGLE_UNIT ( ) SI_UNIT ( $, .RADIAN. ) );
#1638 = ORIENTED_EDGE ( 'NONE', *, *, #8761, .F. ) ;
#1639 = EDGE_CURVE ( 'NONE', #3486, #944, #1155, .T. ) ;
#1640 = CARTESIAN_POINT ( 'NONE',  ( -0.4538739070259999453, -1.286781584457999950, 0.2000000000000000111 ) ) ;
#1641 = DIRECTION ( 'NONE',  ( 0.000000000000000000, -1.000000000000000000, -3.523657060595514930E-15 ) ) ;
#1642 = CARTESIAN_POINT ( 'NONE',  ( -7.500000000000000000, -2.250000000000000000, 4.299999999998999733 ) ) ;
#1643 = LINE ( 'NONE', #9639, #1713 ) ;
#1644 = ORIENTED_EDGE ( 'NONE', *, *, #8301, .T. ) ;
#1645 = CARTESIAN_POINT ( 'NONE',  ( 6.899999999999999467, -2.849999999999000000, 1.199999999999000089 ) ) ;
#1646 = ORIENTED_EDGE ( 'NONE', *, *, #4917, .T. ) ;
#1647 = LINE ( 'NONE', #1696, #392 ) ;
#1648 = LINE ( 'NONE', #4886, #6220 ) ;
#1649 = CARTESIAN_POINT ( 'NONE',  ( -0.6177874956450000177, -1.115068123779999976, 0.2000000000000000111 ) ) ;
#1650 = AXIS2_PLACEMENT_3D ( 'NONE', #2669, #4408, #5164 ) ;
#1651 = CARTESIAN_POINT ( 'NONE',  ( -1.570000000000000062, 4.750000000000000000, 0.6400000000000000133 ) ) ;
#1652 = VECTOR ( 'NONE', #5966, 1000.000000000000000 ) ;
#1653 = CARTESIAN_POINT ( 'NONE',  ( -0.5040508596909999417, -0.8988550566409999609, 0.2010000000000000120 ) ) ;
#1654 = CARTESIAN_POINT ( 'NONE',  ( 9.840731680114000568, -2.849999999999000000, 0.2000000000000000111 ) ) ;
#1655 = CARTESIAN_POINT ( 'NONE',  ( -1.799999999998999956, 1.149999999999999911, 0.9000000000000000222 ) ) ;
#1656 = LINE ( 'NONE', #7232, #7476 ) ;
#1657 = ORIENTED_EDGE ( 'NONE', *, *, #2040, .T. ) ;
#1658 = CIRCLE ( 'NONE', #4361, 0.1000000000000000472 ) ;
#1659 = CARTESIAN_POINT ( 'NONE',  ( 0.6624983756310000027, -1.307034392503000131, 0.2000000000000000111 ) ) ;
#1660 = ORIENTED_EDGE ( 'NONE', *, *, #8425, .F. ) ;
#1661 = ORIENTED_EDGE ( 'NONE', *, *, #6991, .T. ) ;
#1662 = ADVANCED_FACE ( 'NONE', ( #5236 ), #8463, .F. ) ;
#1663 = CARTESIAN_POINT ( 'NONE',  ( 3.934924240490999647, -1.834924240491000003, 6.199999999999000089 ) ) ;
#1664 = DIRECTION ( 'NONE',  ( -1.000000000000000000, 0.000000000000000000, 0.000000000000000000 ) ) ;
#1665 = CARTESIAN_POINT ( 'NONE',  ( 3.429999999998999627, 1.765641600482000140, 3.103489949670000136 ) ) ;
#1666 = LINE ( 'NONE', #927, #8988 ) ;
#1667 = EDGE_LOOP ( 'NONE', ( #2373, #6585, #10248, #4643 ) ) ;
#1668 = EDGE_CURVE ( 'NONE', #5598, #2863, #674, .T. ) ;
#1669 = EDGE_CURVE ( 'NONE', #1841, #9997, #10263, .T. ) ;
#1670 = CARTESIAN_POINT ( 'NONE',  ( -0.8669414109530000356, -0.9579490266489999462, 0.2010000000000000120 ) ) ;
#1671 = VERTEX_POINT ( 'NONE', #8781 ) ;
#1672 = CARTESIAN_POINT ( 'NONE',  ( 0.2930266601670000193, -1.355793539630999911, 0.2010000000000000120 ) ) ;
#1673 = DIRECTION ( 'NONE',  ( -1.000000000000000000, 0.000000000000000000, 0.000000000000000000 ) ) ;
#1674 = CARTESIAN_POINT ( 'NONE',  ( 3.429999999998999627, 1.850426421085999973, 0.6755703523079999995 ) ) ;
#1675 = VERTEX_POINT ( 'NONE', #3007 ) ;
#1676 = DIRECTION ( 'NONE',  ( 0.000000000000000000, 1.000000000000000000, 0.000000000000000000 ) ) ;
#1677 = CARTESIAN_POINT ( 'NONE',  ( 0.5525691208299999824, -1.109524761666000003, 0.2000000000000000111 ) ) ;
#1678 = LINE ( 'NONE', #4812, #10383 ) ;
#1679 = DIRECTION ( 'NONE',  ( 0.000000000000000000, 3.491481338843000432E-15, -1.000000000000000000 ) ) ;
#1680 = ORIENTED_EDGE ( 'NONE', *, *, #762, .F. ) ;
#1681 = ORIENTED_EDGE ( 'NONE', *, *, #6345, .F. ) ;
#1682 = CARTESIAN_POINT ( 'NONE',  ( -0.1179894292460000049, -1.361912441282999930, 0.2010000000000000120 ) ) ;
#1683 = EDGE_CURVE ( 'NONE', #5257, #374, #5600, .T. ) ;
#1684 = ORIENTED_EDGE ( 'NONE', *, *, #491, .T. ) ;
#1685 = LINE ( 'NONE', #3485, #228 ) ;
#1686 = EDGE_CURVE ( 'NONE', #8975, #4824, #8039, .T. ) ;
#1687 = VERTEX_POINT ( 'NONE', #10372 ) ;
#1688 = CARTESIAN_POINT ( 'NONE',  ( -0.5480396300340000248, -1.151469854139000049, 0.2000000000000000111 ) ) ;
#1689 = VECTOR ( 'NONE', #4320, 1000.000000000000000 ) ;
#1690 = DIRECTION ( 'NONE',  ( 0.000000000000000000, 1.000000000000000000, 3.523657060595514930E-15 ) ) ;
#1691 = CARTESIAN_POINT ( 'NONE',  ( -0.9299999999989999599, -3.834297482219000575, 3.199999999999000089 ) ) ;
#1692 = CARTESIAN_POINT ( 'NONE',  ( 6.899999999999999467, -4.262771867673000870, 0.000000000000000000 ) ) ;
#1693 = ORIENTED_EDGE ( 'NONE', *, *, #7370, .F. ) ;
#1694 = LINE ( 'NONE', #8911, #3320 ) ;
#1695 = VERTEX_POINT ( 'NONE', #6293 ) ;
#1696 = CARTESIAN_POINT ( 'NONE',  ( 3.429999999998999627, 2.405251729774000147, 3.125825627559000175 ) ) ;
#1697 = EDGE_CURVE ( 'NONE', #7424, #8191, #7699, .T. ) ;
#1698 = AXIS2_PLACEMENT_3D ( 'NONE', #9896, #9149, #5229 ) ;
#1699 = DIRECTION ( 'NONE',  ( 1.000000000000000000, 0.000000000000000000, 0.000000000000000000 ) ) ;
#1700 = EDGE_CURVE ( 'NONE', #4824, #6661, #8681, .T. ) ;
#1701 = CARTESIAN_POINT ( 'NONE',  ( -0.5893955065029999885, -1.233077575030999906, 0.2000000000000000111 ) ) ;
#1702 = DIRECTION ( 'NONE',  ( 0.000000000000000000, 3.491481338843000432E-15, -1.000000000000000000 ) ) ;
#1703 = CARTESIAN_POINT ( 'NONE',  ( -0.6173995836519999836, -1.078838331113999960, 0.2010000000000000120 ) ) ;
#1704 = EDGE_CURVE ( 'NONE', #8658, #6029, #4139, .T. ) ;
#1705 = CARTESIAN_POINT ( 'NONE',  ( 0.7499999999990000221, 1.550000000000000044, 0.9000000000000000222 ) ) ;
#1706 = AXIS2_PLACEMENT_3D ( 'NONE', #7289, #8388, #397 ) ;
#1707 = LINE ( 'NONE', #8175, #3268 ) ;
#1708 = DIRECTION ( 'NONE',  ( 0.000000000000000000, 1.000000000000000000, 3.491481338843000432E-15 ) ) ;
#1709 = ORIENTED_EDGE ( 'NONE', *, *, #932, .T. ) ;
#1710 = DIRECTION ( 'NONE',  ( 1.000000000000000000, 0.000000000000000000, 0.000000000000000000 ) ) ;
#1711 = EDGE_CURVE ( 'NONE', #9847, #4332, #4646, .T. ) ;
#1712 = ORIENTED_EDGE ( 'NONE', *, *, #8952, .F. ) ;
#1713 = VECTOR ( 'NONE', #3388, 1000.000000000000114 ) ;
#1714 = VECTOR ( 'NONE', #6590, 1000.000000000000000 ) ;
#1715 = ORIENTED_EDGE ( 'NONE', *, *, #2412, .F. ) ;
#1716 = DIRECTION ( 'NONE',  ( 0.000000000000000000, 1.000000000000000000, 3.491481338843000432E-15 ) ) ;
#1717 = PLANE ( 'NONE',  #10027 ) ;
#1718 = CYLINDRICAL_SURFACE ( 'NONE', #7778, 0.1499999999989998778 ) ;
#1719 = DIRECTION ( 'NONE',  ( 0.000000000000000000, -3.491481338843000432E-15, 1.000000000000000000 ) ) ;
#1720 = VERTEX_POINT ( 'NONE', #2205 ) ;
#1721 = VECTOR ( 'NONE', #3312, 1000.000000000000000 ) ;
#1723 = AXIS2_PLACEMENT_3D ( 'NONE', #4543, #6036, #5191 ) ;
#1722 = CARTESIAN_POINT ( 'NONE',  ( -5.450000000000000178, 1.549999999998999956, 5.500000000000000888 ) ) ;
#1724 = DIRECTION ( 'NONE',  ( 0.000000000000000000, 3.491481338843000432E-15, -1.000000000000000000 ) ) ;
#1726 = EDGE_CURVE ( 'NONE', #850, #7829, #10408, .T. ) ;
#1725 = EDGE_LOOP ( 'NONE', ( #7245, #6552, #9979, #4697 ) ) ;
#1727 = CARTESIAN_POINT ( 'NONE',  ( 0.3098599664069999760, -1.360220964410999933, 0.2000000000000000111 ) ) ;
#1728 = LINE ( 'NONE', #7295, #5843 ) ;
#1729 = CARTESIAN_POINT ( 'NONE',  ( -0.4174104572200000307, -1.299979642224999843, 0.2010000000000000120 ) ) ;
#1730 = VECTOR ( 'NONE', #7239, 1000.000000000000000 ) ;
#1731 = AXIS2_PLACEMENT_3D ( 'NONE', #9423, #677, #10377 ) ;
#1732 = EDGE_CURVE ( 'NONE', #6291, #871, #9576, .T. ) ;
#1733 = VERTEX_POINT ( 'NONE', #7250 ) ;
#1734 = ADVANCED_FACE ( 'NONE', ( #10472 ), #3058, .T. ) ;
#1735 = CARTESIAN_POINT ( 'NONE',  ( 4.599999999998999556, 0.8499999999989999999, 5.500000000000000888 ) ) ;
#1736 = CARTESIAN_POINT ( 'NONE',  ( 4.069999999999000195, -4.949999999998999201, 0.000000000000000000 ) ) ;
#1737 = DIRECTION ( 'NONE',  ( 0.4226182617403738684, -0.9063077870368018152, -3.164356725688798837E-15 ) ) ;
#1738 = DIRECTION ( 'NONE',  ( -1.000000000000000000, 0.000000000000000000, 0.000000000000000000 ) ) ;
#1739 = SHAPE_DEFINITION_REPRESENTATION ( #10089, #9861 ) ;
#1740 = ORIENTED_EDGE ( 'NONE', *, *, #3533, .T. ) ;
#1741 = VECTOR ( 'NONE', #9449, 1000.000000000000000 ) ;
#1742 = CIRCLE ( 'NONE', #7660, 0.1499999999989998778 ) ;
#1743 = ORIENTED_EDGE ( 'NONE', *, *, #6490, .F. ) ;
#1744 = VECTOR ( 'NONE', #2653, 1000.000000000000114 ) ;
#1745 = CARTESIAN_POINT ( 'NONE',  ( -4.599999999998999556, 1.149999999999999911, 2.700000000000000178 ) ) ;
#1746 = ORIENTED_EDGE ( 'NONE', *, *, #10474, .F. ) ;
#1747 = PLANE ( 'NONE',  #1576 ) ;
#1748 = ORIENTED_EDGE ( 'NONE', *, *, #2149, .F. ) ;
#1749 = CARTESIAN_POINT ( 'NONE',  ( 0.000000000000000000, 2.550000000000000266, 2.200000000000000178 ) ) ;
#1750 = LINE ( 'NONE', #8904, #1767 ) ;
#1751 = DIRECTION ( 'NONE',  ( 0.9466707760722616882, 0.3222024856060888842, 1.124963965822310893E-15 ) ) ;
#1752 = PLANE ( 'NONE',  #1047 ) ;
#1753 = ORIENTED_EDGE ( 'NONE', *, *, #1889, .F. ) ;
#1754 = ORIENTED_EDGE ( 'NONE', *, *, #1344, .F. ) ;
#1755 = DIRECTION ( 'NONE',  ( 0.000000000000000000, 1.000000000000000000, 3.491481338843000432E-15 ) ) ;
#1756 = EDGE_CURVE ( 'NONE', #7984, #3187, #3627, .T. ) ;
#1757 = PLANE ( 'NONE',  #1986 ) ;
#1758 = LINE ( 'NONE', #4994, #9228 ) ;
#1759 = VECTOR ( 'NONE', #2536, 1000.000000000000000 ) ;
#1760 = EDGE_CURVE ( 'NONE', #3730, #7531, #8732, .T. ) ;
#1761 = DIRECTION ( 'NONE',  ( -1.000000000000000000, 0.000000000000000000, 0.000000000000000000 ) ) ;
#1762 = CARTESIAN_POINT ( 'NONE',  ( -0.6173995836519999836, -1.078838331113999960, 0.2000000000000000111 ) ) ;
#1763 = CARTESIAN_POINT ( 'NONE',  ( -0.9299999999989999599, 4.750000000000000000, 0.6400000000000000133 ) ) ;
#1764 = CARTESIAN_POINT ( 'NONE',  ( 4.069999999999000195, 4.750000000000000000, 0.6400000000000000133 ) ) ;
#1765 = FACE_OUTER_BOUND ( 'NONE', #6014, .T. ) ;
#1766 = ORIENTED_EDGE ( 'NONE', *, *, #6598, .T. ) ;
#1767 = VECTOR ( 'NONE', #4879, 1000.000000000000000 ) ;
#1768 = DIRECTION ( 'NONE',  ( 0.000000000000000000, -3.491481338843000432E-15, 1.000000000000000000 ) ) ;
#1769 = EDGE_LOOP ( 'NONE', ( #9872, #3104, #4171, #3896, #2893, #8683 ) ) ;
#1770 = ORIENTED_EDGE ( 'NONE', *, *, #3048, .T. ) ;
#1771 = DIRECTION ( 'NONE',  ( -1.000000000000000000, 0.000000000000000000, 0.000000000000000000 ) ) ;
#1772 = EDGE_CURVE ( 'NONE', #6818, #9421, #1470, .T. ) ;
#1773 = DIRECTION ( 'NONE',  ( 0.000000000000000000, 1.000000000000000000, 3.614007241618338910E-15 ) ) ;
#1774 = DIRECTION ( 'NONE',  ( 1.000000000000000000, 0.000000000000000000, 0.000000000000000000 ) ) ;
#1775 = DIRECTION ( 'NONE',  ( 0.000000000000000000, -3.491481338843000432E-15, 1.000000000000000000 ) ) ;
#1776 = AXIS2_PLACEMENT_3D ( 'NONE', #623, #7197, #8832 ) ;
#1777 = VERTEX_POINT ( 'NONE', #1360 ) ;
#1778 = LINE ( 'NONE', #5013, #8322 ) ;
#1779 = CARTESIAN_POINT ( 'NONE',  ( -4.069999999999000195, 1.765641600482000140, 3.103489949670000136 ) ) ;
#1780 = VERTEX_POINT ( 'NONE', #2359 ) ;
#1781 = DIRECTION ( 'NONE',  ( 0.000000000000000000, -3.838426034038000158E-15, 1.000000000000000000 ) ) ;
#1782 = CARTESIAN_POINT ( 'NONE',  ( -0.5439384913549999423, -1.171934035749000014, 0.2010000000000000120 ) ) ;
#1783 = EDGE_LOOP ( 'NONE', ( #1946, #5500, #973, #8345 ) ) ;
#1784 = CARTESIAN_POINT ( 'NONE',  ( -0.9106723560750000779, -0.8619124412830000415, 0.2000000000000000111 ) ) ;
#1785 = CARTESIAN_POINT ( 'NONE',  ( 1.570000000000000062, 1.850426421085999973, 0.6755703523079999995 ) ) ;
#1786 = DIRECTION ( 'NONE',  ( 1.000000000000000000, 0.000000000000000000, 0.000000000000000000 ) ) ;
#1787 = CARTESIAN_POINT ( 'NONE',  ( 5.450000000000000178, -2.249999999998999911, 0.8999999999990001553 ) ) ;
#1788 = EDGE_LOOP ( 'NONE', ( #10366, #3966, #1027, #6352 ) ) ;
#1789 = ORIENTED_EDGE ( 'NONE', *, *, #6714, .T. ) ;
#1790 = EDGE_CURVE ( 'NONE', #3082, #4123, #4592, .T. ) ;
#1791 = ORIENTED_EDGE ( 'NONE', *, *, #4936, .F. ) ;
#1792 = DIRECTION ( 'NONE',  ( -1.000000000000000000, 0.000000000000000000, 0.000000000000000000 ) ) ;
#1793 = ORIENTED_EDGE ( 'NONE', *, *, #1087, .F. ) ;
#1794 = CARTESIAN_POINT ( 'NONE',  ( -6.899999999999999467, -2.849999999999000000, 1.199999999999000089 ) ) ;
#1795 = VERTEX_POINT ( 'NONE', #1421 ) ;
#1796 = DIRECTION ( 'NONE',  ( -0.7071067811865474617, -0.7071067811865474617, -2.468850131083908146E-15 ) ) ;
#1797 = LINE ( 'NONE', #2534, #1598 ) ;
#1798 = LINE ( 'NONE', #4129, #8358 ) ;
#1799 = DIRECTION ( 'NONE',  ( 0.000000000000000000, 3.491481338843000432E-15, -1.000000000000000000 ) ) ;
#1800 = VERTEX_POINT ( 'NONE', #572 ) ;
#1801 = EDGE_CURVE ( 'NONE', #7517, #987, #3800, .T. ) ;
#1802 = ADVANCED_FACE ( 'NONE', ( #9522 ), #3901, .T. ) ;
#1803 = DIRECTION ( 'NONE',  ( 0.000000000000000000, -3.491481338843000432E-15, 1.000000000000000000 ) ) ;
#1804 = EDGE_CURVE ( 'NONE', #3834, #9467, #8940, .T. ) ;
#1805 = DIRECTION ( 'NONE',  ( 1.000000000000000000, 0.000000000000000000, 0.000000000000000000 ) ) ;
#1806 = DIRECTION ( 'NONE',  ( -1.000000000000000000, -1.239088197125999924E-16, -4.326253317447000624E-31 ) ) ;
#1807 = CARTESIAN_POINT ( 'NONE',  ( -1.570000000000000062, 0.8499999999999999778, 0.6999999999999999556 ) ) ;
#1808 = CARTESIAN_POINT ( 'NONE',  ( -0.6080027027250000105, -1.028560951597000228, 0.2010000000000000120 ) ) ;
#1809 = CARTESIAN_POINT ( 'NONE',  ( 4.069999999999000195, -3.349999999999000000, 0.2000000000000000111 ) ) ;
#1810 = DIRECTION ( 'NONE',  ( 0.000000000000000000, 1.000000000000000000, 3.491481338843000432E-15 ) ) ;
#1811 = PLANE ( 'NONE',  #2225 ) ;
#1812 = CARTESIAN_POINT ( 'NONE',  ( -3.429999999998999627, 0.8499999999999999778, 3.200000000000000178 ) ) ;
#1813 = ORIENTED_EDGE ( 'NONE', *, *, #5361, .F. ) ;
#1814 = CARTESIAN_POINT ( 'NONE',  ( 6.899999999999999467, -4.949999999998999201, 1.212771867672999937 ) ) ;
#1815 = ORIENTED_EDGE ( 'NONE', *, *, #529, .F. ) ;
#1816 = VECTOR ( 'NONE', #9297, 1000.000000000000000 ) ;
#1817 = EDGE_CURVE ( 'NONE', #5603, #3095, #1728, .T. ) ;
#1818 = LINE ( 'NONE', #1022, #9264 ) ;
#1819 = EDGE_CURVE ( 'NONE', #5136, #6331, #37, .T. ) ;
#1820 = CARTESIAN_POINT ( 'NONE',  ( -6.400000000000000355, -5.149999999999000266, 1.212771867672999937 ) ) ;
#1821 = DIRECTION ( 'NONE',  ( 0.000000000000000000, 1.000000000000000000, 3.491481338843000432E-15 ) ) ;
#1822 = CIRCLE ( 'NONE', #8253, 0.06000000000000015737 ) ;
#1823 = CARTESIAN_POINT ( 'NONE',  ( 0.3655281012409999364, -0.8558148803080001255, 0.2010000000000000120 ) ) ;
#1824 = VERTEX_POINT ( 'NONE', #6008 ) ;
#1825 = CARTESIAN_POINT ( 'NONE',  ( -0.9299999999989999599, 4.750000000000000000, 1.000013873792005015E-12 ) ) ;
#1826 = CARTESIAN_POINT ( 'NONE',  ( -0.6173995836519999836, -1.078838331113999960, 0.2010000000000000120 ) ) ;
#1827 = ORIENTED_EDGE ( 'NONE', *, *, #9849, .T. ) ;
#1828 = VERTEX_POINT ( 'NONE', #8137 ) ;
#1829 = EDGE_CURVE ( 'NONE', #148, #10337, #877, .T. ) ;
#1830 = DIRECTION ( 'NONE',  ( 0.000000000000000000, 1.000000000000000000, 3.516331370228009829E-15 ) ) ;
#1831 = EDGE_CURVE ( 'NONE', #2296, #9623, #8437, .T. ) ;
#1832 = CARTESIAN_POINT ( 'NONE',  ( -0.4852937294490000109, -1.267010875613000076, 0.2010000000000000120 ) ) ;
#1833 = ORIENTED_EDGE ( 'NONE', *, *, #6570, .T. ) ;
#1834 = CARTESIAN_POINT ( 'NONE',  ( -6.400000000000000355, -4.426902229001999700, 0.08571428571500003257 ) ) ;
#1835 = FACE_OUTER_BOUND ( 'NONE', #7918, .T. ) ;
#1836 = DIRECTION ( 'NONE',  ( 0.000000000000000000, 1.000000000000000000, 3.491481338843000432E-15 ) ) ;
#1837 = CARTESIAN_POINT ( 'NONE',  ( -0.9299999999989999599, 2.550000000000000266, 0.6999999999999999556 ) ) ;
#1838 = EDGE_CURVE ( 'NONE', #887, #8393, #2768, .T. ) ;
#1839 = ORIENTED_EDGE ( 'NONE', *, *, #185, .T. ) ;
#1840 = VERTEX_POINT ( 'NONE', #5705 ) ;
#1841 = VERTEX_POINT ( 'NONE', #5213 ) ;
#1842 = EDGE_CURVE ( 'NONE', #5027, #9293, #5814, .T. ) ;
#1843 = CARTESIAN_POINT ( 'NONE',  ( -0.8803667099800001061, -0.9435408238419998872, 0.2000000000000000111 ) ) ;
#1844 = ORIENTED_EDGE ( 'NONE', *, *, #523, .T. ) ;
#1845 = DIRECTION ( 'NONE',  ( -1.000000000000000000, 0.000000000000000000, 0.000000000000000000 ) ) ;
#1846 = VERTEX_POINT ( 'NONE', #3364 ) ;
#1847 = CARTESIAN_POINT ( 'NONE',  ( -0.5219364817540000923, -1.225615708219000011, 0.2000000000000000111 ) ) ;
#1848 = LINE ( 'NONE', #4334, #1436 ) ;
#1849 = LINE ( 'NONE', #6894, #407 ) ;
#1850 = CARTESIAN_POINT ( 'NONE',  ( -5.450000000000000178, -2.750000000000000000, 4.799999999999000622 ) ) ;
#1851 = ORIENTED_EDGE ( 'NONE', *, *, #469, .T. ) ;
#1852 = CARTESIAN_POINT ( 'NONE',  ( -6.899999999999999467, -5.149999999999000266, 1.787228132325999974 ) ) ;
#1853 = EDGE_CURVE ( 'NONE', #9285, #3432, #8194, .T. ) ;
#1854 = CARTESIAN_POINT ( 'NONE',  ( -4.599999999998999556, 1.149999999999999911, 2.700000000000000178 ) ) ;
#1855 = DIRECTION ( 'NONE',  ( 1.000000000000000000, 0.000000000000000000, 0.000000000000000000 ) ) ;
#1856 = AXIS2_PLACEMENT_3D ( 'NONE', #8606, #4568, #3037 ) ;
#1857 = CARTESIAN_POINT ( 'NONE',  ( -0.4072634052289999529, -1.357910715326999807, 0.2010000000000000120 ) ) ;
#1858 = EDGE_CURVE ( 'NONE', #9285, #6768, #3317, .T. ) ;
#1859 = ADVANCED_FACE ( 'NONE', ( #4110 ), #93, .T. ) ;
#1860 = DIRECTION ( 'NONE',  ( 1.000000000000000000, 0.000000000000000000, 0.000000000000000000 ) ) ;
#1861 = LINE ( 'NONE', #2850, #3900 ) ;
#1862 = LINE ( 'NONE', #968, #7843 ) ;
#1863 = CYLINDRICAL_SURFACE ( 'NONE', #2051, 0.06000000000000015737 ) ;
#1864 = CARTESIAN_POINT ( 'NONE',  ( 0.3854404488020000130, -1.368010002259000046, 0.2000000000000000111 ) ) ;
#1865 = ORIENTED_EDGE ( 'NONE', *, *, #7142, .F. ) ;
#1866 = AXIS2_PLACEMENT_3D ( 'NONE', #5172, #1189, #1296 ) ;
#1867 = AXIS2_PLACEMENT_3D ( 'NONE', #4598, #3396, #5094 ) ;
#1868 = DIRECTION ( 'NONE',  ( 0.000000000000000000, -1.000000000000000000, -3.491481338843000432E-15 ) ) ;
#1869 = ORIENTED_EDGE ( 'NONE', *, *, #5460, .T. ) ;
#1870 = PLANE ( 'NONE',  #1650 ) ;
#1871 = AXIS2_PLACEMENT_3D ( 'NONE', #550, #7124, #3778 ) ;
#1872 = CARTESIAN_POINT ( 'NONE',  ( -0.9299999999989999599, 1.665702517779999781, 3.200000000000000178 ) ) ;
#1873 = CARTESIAN_POINT ( 'NONE',  ( 0.5457571020740000778, -1.051767864853999868, 0.2000000000000000111 ) ) ;
#1874 = DIRECTION ( 'NONE',  ( 0.000000000000000000, -1.000000000000000000, -3.491481338843000432E-15 ) ) ;
#1875 = ORIENTED_EDGE ( 'NONE', *, *, #10167, .T. ) ;
#1876 = FACE_OUTER_BOUND ( 'NONE', #2460, .T. ) ;
#1877 = ORIENTED_EDGE ( 'NONE', *, *, #2153, .T. ) ;
#1878 = VECTOR ( 'NONE', #2187, 1000.000000000000000 ) ;
#1879 = EDGE_CURVE ( 'NONE', #774, #3502, #4162, .T. ) ;
#1880 = ORIENTED_EDGE ( 'NONE', *, *, #7854, .T. ) ;
#1881 = CARTESIAN_POINT ( 'NONE',  ( -3.429999999998999627, 1.550000000000000044, 3.200000000000000178 ) ) ;
#1882 = ORIENTED_EDGE ( 'NONE', *, *, #2089, .F. ) ;
#1883 = CARTESIAN_POINT ( 'NONE',  ( 6.400000000000000355, -4.649999999998999378, 2.199999999999000089 ) ) ;
#1884 = LINE ( 'NONE', #3678, #10018 ) ;
#1885 = VECTOR ( 'NONE', #2498, 1000.000000000000000 ) ;
#1886 = VECTOR ( 'NONE', #5043, 1000.000000000000000 ) ;
#1887 = CARTESIAN_POINT ( 'NONE',  ( 0.5235850133789999861, -0.9968247977590000142, 0.2010000000000000120 ) ) ;
#1888 = LINE ( 'NONE', #4323, #9192 ) ;
#1889 = EDGE_CURVE ( 'NONE', #7257, #1089, #146, .T. ) ;
#1890 = ORIENTED_EDGE ( 'NONE', *, *, #6919, .T. ) ;
#1891 = FACE_OUTER_BOUND ( 'NONE', #4486, .T. ) ;
#1892 = ORIENTED_EDGE ( 'NONE', *, *, #5753, .F. ) ;
#1893 = VERTEX_POINT ( 'NONE', #1127 ) ;
#1894 = AXIS2_PLACEMENT_3D ( 'NONE', #4157, #88, #5557 ) ;
#1895 = VECTOR ( 'NONE', #5348, 1000.000000000000000 ) ;
#1896 = LINE ( 'NONE', #5135, #3973 ) ;
#1897 = ORIENTED_EDGE ( 'NONE', *, *, #7351, .F. ) ;
#1898 = CARTESIAN_POINT ( 'NONE',  ( 3.149999999999999911, -1.750000000000000000, 6.199999999999000089 ) ) ;
#1899 = ORIENTED_EDGE ( 'NONE', *, *, #1993, .T. ) ;
#1900 = DIRECTION ( 'NONE',  ( -1.000000000000000000, 0.000000000000000000, 0.000000000000000000 ) ) ;
#1901 = DIRECTION ( 'NONE',  ( -1.000000000000000000, 0.000000000000000000, 0.000000000000000000 ) ) ;
#1902 = ADVANCED_FACE ( 'NONE', ( #3612 ), #6612, .F. ) ;
#1903 = VECTOR ( 'NONE', #7749, 1000.000000000000000 ) ;
#1904 = AXIS2_PLACEMENT_3D ( 'NONE', #5161, #8383, #6754 ) ;
#1905 = CARTESIAN_POINT ( 'NONE',  ( -0.8765641243680000194, -0.9228880510390000680, 0.2000000000000000111 ) ) ;
#1906 = DIRECTION ( 'NONE',  ( 0.000000000000000000, 3.491481338843000432E-15, -1.000000000000000000 ) ) ;
#1907 = VECTOR ( 'NONE', #8533, 1000.000000000000000 ) ;
#1908 = ORIENTED_EDGE ( 'NONE', *, *, #7020, .T. ) ;
#1909 = DIRECTION ( 'NONE',  ( 0.000000000000000000, -1.000000000000000000, -3.491481338843000432E-15 ) ) ;
#1910 = DIRECTION ( 'NONE',  ( 1.000000000000000000, 0.000000000000000000, 0.000000000000000000 ) ) ;
#1911 = DIRECTION ( 'NONE',  ( 0.000000000000000000, 3.491481338843000432E-15, -1.000000000000000000 ) ) ;
#1912 = VECTOR ( 'NONE', #952, 1000.000000000000000 ) ;
#1913 = CARTESIAN_POINT ( 'NONE',  ( -3.429999999998999627, 1.765641600482000140, 3.103489949670000136 ) ) ;
#1914 = VECTOR ( 'NONE', #124, 1000.000000000000000 ) ;
#1915 = LINE ( 'NONE', #2014, #7189 ) ;
#1916 = CARTESIAN_POINT ( 'NONE',  ( 0.6157839480809998989, -1.064740195390000199, 0.2000000000000000111 ) ) ;
#1917 = DIRECTION ( 'NONE',  ( 0.000000000000000000, 1.000000000000000000, 3.491481338843000432E-15 ) ) ;
#1918 = DIRECTION ( 'NONE',  ( 0.000000000000000000, 1.000000000000000000, 3.491481338843000432E-15 ) ) ;
#1919 = ORIENTED_EDGE ( 'NONE', *, *, #6140, .F. ) ;
#1920 = CARTESIAN_POINT ( 'NONE',  ( 5.450000000000000178, -5.250000000000000000, 5.499999999999000799 ) ) ;
#1921 = AXIS2_PLACEMENT_3D ( 'NONE', #4506, #330, #8481 ) ;
#1922 = EDGE_CURVE ( 'NONE', #7558, #4579, #935, .T. ) ;
#1923 = ADVANCED_FACE ( 'NONE', ( #1924 ), #337, .F. ) ;
#1924 = FACE_OUTER_BOUND ( 'NONE', #8639, .T. ) ;
#1925 = CARTESIAN_POINT ( 'NONE',  ( -0.8669414109530000356, -0.9579490266489999462, 0.2010000000000000120 ) ) ;
#1926 = PLANE ( 'NONE',  #3088 ) ;
#1927 = FACE_BOUND ( 'NONE', #9248, .T. ) ;
#1928 = CIRCLE ( 'NONE', #9210, 0.7000000000000000666 ) ;
#1929 = LINE ( 'NONE', #7751, #8309 ) ;
#1930 = VERTEX_POINT ( 'NONE', #5656 ) ;
#1931 = PLANE ( 'NONE',  #1866 ) ;
#1932 = EDGE_LOOP ( 'NONE', ( #324, #8797, #1844, #9252 ) ) ;
#1933 = ORIENTED_EDGE ( 'NONE', *, *, #9153, .F. ) ;
#1934 = ADVANCED_FACE ( 'NONE', ( #8887 ), #5723, .T. ) ;
#1935 = AXIS2_PLACEMENT_3D ( 'NONE', #3652, #5204, #1967 ) ;
#1936 = ORIENTED_EDGE ( 'NONE', *, *, #4250, .T. ) ;
#1937 = LINE ( 'NONE', #1252, #6224 ) ;
#1938 = ORIENTED_EDGE ( 'NONE', *, *, #1700, .F. ) ;
#1939 = VECTOR ( 'NONE', #934, 1000.000000000000000 ) ;
#1940 = CARTESIAN_POINT ( 'NONE',  ( 0.4229421916530000103, -0.9181256682530000157, 0.2010000000000000120 ) ) ;
#1941 = DIRECTION ( 'NONE',  ( 0.000000000000000000, -1.000000000000000000, -3.491481338843000432E-15 ) ) ;
#1942 = LINE ( 'NONE', #7715, #4070 ) ;
#1943 = CARTESIAN_POINT ( 'NONE',  ( -0.6080027027250000105, -1.028560951597000228, 0.2000000000000000111 ) ) ;
#1944 = VERTEX_POINT ( 'NONE', #7068 ) ;
#1945 = CARTESIAN_POINT ( 'NONE',  ( 0.3655281012409999364, -0.8558148803080001255, 0.2000000000000000111 ) ) ;
#1947 = EDGE_LOOP ( 'NONE', ( #3684, #1505, #3353, #2050 ) ) ;
#1946 = ORIENTED_EDGE ( 'NONE', *, *, #8230, .T. ) ;
#1948 = EDGE_CURVE ( 'NONE', #6625, #9250, #10240, .T. ) ;
#1949 = ORIENTED_EDGE ( 'NONE', *, *, #923, .T. ) ;
#1950 = PLANE ( 'NONE',  #10065 ) ;
#1951 = ORIENTED_EDGE ( 'NONE', *, *, #10276, .F. ) ;
#1952 = DIRECTION ( 'NONE',  ( -1.000000000000000000, 0.000000000000000000, 0.000000000000000000 ) ) ;
#1953 = EDGE_CURVE ( 'NONE', #3864, #2296, #9447, .T. ) ;
#1954 = ORIENTED_EDGE ( 'NONE', *, *, #6673, .T. ) ;
#1955 = FACE_OUTER_BOUND ( 'NONE', #10198, .T. ) ;
#1956 = EDGE_CURVE ( 'NONE', #10025, #9764, #7801, .T. ) ;
#1957 = LINE ( 'NONE', #9952, #9218 ) ;
#1958 = CARTESIAN_POINT ( 'NONE',  ( -0.8772574723689998688, -0.9267317380249999736, 0.2010000000000000120 ) ) ;
#1959 = CARTESIAN_POINT ( 'NONE',  ( -0.4169745369589999973, -0.9231087933350000663, 0.2000000000000000111 ) ) ;
#1960 = VERTEX_POINT ( 'NONE', #10292 ) ;
#1961 = CARTESIAN_POINT ( 'NONE',  ( 0.3098599664069999760, -1.360220964410999933, 0.2000000000000000111 ) ) ;
#1962 = CARTESIAN_POINT ( 'NONE',  ( 6.400000000000000355, -4.837228132325999574, 0.000000000000000000 ) ) ;
#1963 = EDGE_CURVE ( 'NONE', #538, #5382, #2182, .T. ) ;
#1964 = CARTESIAN_POINT ( 'NONE',  ( 0.1503032536799999985, -1.361912441282999930, 0.2010000000000000120 ) ) ;
#1965 = LINE ( 'NONE', #3545, #9505 ) ;
#1966 = AXIS2_PLACEMENT_3D ( 'NONE', #3186, #8010, #6476 ) ;
#1967 = DIRECTION ( 'NONE',  ( 0.000000000000000000, 3.611948246897000020E-15, -1.000000000000000000 ) ) ;
#1968 = CARTESIAN_POINT ( 'NONE',  ( 0.4665377724080000399, -0.8735667273750000739, 0.2000000000000000111 ) ) ;
#1969 = DIRECTION ( 'NONE',  ( 1.000000000000000000, 0.000000000000000000, 0.000000000000000000 ) ) ;
#1970 = LINE ( 'NONE', #9128, #1290 ) ;
#1971 = EDGE_LOOP ( 'NONE', ( #3060, #6322, #658, #6606 ) ) ;
#1972 = PLANE ( 'NONE',  #1904 ) ;
#1973 = CARTESIAN_POINT ( 'NONE',  ( 5.450000000000000178, 13.68089176689499986, 0.9000000000000000222 ) ) ;
#1974 = CARTESIAN_POINT ( 'NONE',  ( -7.499999999998999911, -2.849999999999000000, 0.2000000000000000111 ) ) ;
#1975 = LINE ( 'NONE', #4308, #8331 ) ;
#1976 = DIRECTION ( 'NONE',  ( 1.000000000000000000, 0.000000000000000000, 0.000000000000000000 ) ) ;
#1977 = DIRECTION ( 'NONE',  ( 0.000000000000000000, 3.491481338843000432E-15, -1.000000000000000000 ) ) ;
#1978 = ORIENTED_EDGE ( 'NONE', *, *, #4059, .T. ) ;
#1979 = AXIS2_PLACEMENT_3D ( 'NONE', #8740, #10380, #630 ) ;
#1980 = CARTESIAN_POINT ( 'NONE',  ( -0.2155504048559999941, -1.361912441282999930, 0.2000000000000000111 ) ) ;
#1981 = VERTEX_POINT ( 'NONE', #4623 ) ;
#1982 = VECTOR ( 'NONE', #9355, 1000.000000000000000 ) ;
#1983 = ADVANCED_FACE ( 'NONE', ( #4675 ), #4513, .F. ) ;
#1984 = ORIENTED_EDGE ( 'NONE', *, *, #7186, .F. ) ;
#1985 = CARTESIAN_POINT ( 'NONE',  ( 1.570000000000000062, 2.550000000000000266, 0.6400000000000000133 ) ) ;
#1986 = AXIS2_PLACEMENT_3D ( 'NONE', #7534, #9018, #5735 ) ;
#1987 = ORIENTED_EDGE ( 'NONE', *, *, #8081, .T. ) ;
#1988 = DIRECTION ( 'NONE',  ( 1.000000000000000000, 0.000000000000000000, 0.000000000000000000 ) ) ;
#1989 = DIRECTION ( 'NONE',  ( 0.000000000000000000, 1.000000000000000000, 3.491481338843000432E-15 ) ) ;
#1990 = ADVANCED_FACE ( 'NONE', ( #8490 ), #490, .F. ) ;
#1991 = DIRECTION ( 'NONE',  ( 0.000000000000000000, 1.000000000000000000, 3.614007241618003644E-15 ) ) ;
#1992 = DIRECTION ( 'NONE',  ( -1.000000000000000000, 0.000000000000000000, 0.000000000000000000 ) ) ;
#1993 = EDGE_CURVE ( 'NONE', #5076, #1461, #5370, .T. ) ;
#1994 = ORIENTED_EDGE ( 'NONE', *, *, #7054, .T. ) ;
#1995 = CARTESIAN_POINT ( 'NONE',  ( 0.3941199795779999904, -1.367816423715999985, 0.2010000000000000120 ) ) ;
#1997 = ORIENTED_EDGE ( 'NONE', *, *, #6496, .F. ) ;
#1996 = EDGE_LOOP ( 'NONE', ( #9129, #5074, #4279, #6166 ) ) ;
#1998 = AXIS2_PLACEMENT_3D ( 'NONE', #5514, #4871, #1585 ) ;
#1999 = EDGE_LOOP ( 'NONE', ( #4071, #2538, #54, #7655 ) ) ;
#2000 = DIRECTION ( 'NONE',  ( 0.000000000000000000, 1.000000000000000000, 3.491481338843000432E-15 ) ) ;
#2001 = ORIENTED_EDGE ( 'NONE', *, *, #8008, .F. ) ;
#2002 = ORIENTED_EDGE ( 'NONE', *, *, #2017, .T. ) ;
#2003 = DIRECTION ( 'NONE',  ( 1.000000000000000000, 0.000000000000000000, 0.000000000000000000 ) ) ;
#2004 = CARTESIAN_POINT ( 'NONE',  ( 0.5042420096440000110, -1.260416839261000010, 0.2000000000000000111 ) ) ;
#2005 = CARTESIAN_POINT ( 'NONE',  ( -6.150000000000000355, -4.649999999998999378, 2.199999999999000089 ) ) ;
#2006 = CARTESIAN_POINT ( 'NONE',  ( 4.250000000000000000, 2.550000000000000266, 0.1000000000010000528 ) ) ;
#2007 = VERTEX_POINT ( 'NONE', #700 ) ;
#2008 = EDGE_CURVE ( 'NONE', #5132, #1389, #5504, .T. ) ;
#2009 = DIRECTION ( 'NONE',  ( 0.000000000000000000, 3.491481338843000432E-15, -1.000000000000000000 ) ) ;
#2010 = DIRECTION ( 'NONE',  ( 0.000000000000000000, 3.584412953627000671E-15, -1.000000000000000000 ) ) ;
#2011 = EDGE_CURVE ( 'NONE', #6956, #2943, #9552, .T. ) ;
#2012 = CARTESIAN_POINT ( 'NONE',  ( 4.069999999999000195, -3.834297482219000575, 3.199999999999000089 ) ) ;
#2013 = DIRECTION ( 'NONE',  ( -0.3536223923290543469, 0.9353882635801437084, 0.000000000000000000 ) ) ;
#2014 = CARTESIAN_POINT ( 'NONE',  ( 6.150000000000000355, -5.250000000000000000, 6.199999999999000089 ) ) ;
#2015 = DIRECTION ( 'NONE',  ( 0.000000000000000000, -1.000000000000000000, -3.491481338843000432E-15 ) ) ;
#2016 = DIRECTION ( 'NONE',  ( 0.000000000000000000, 1.000000000000000000, 3.252606517472783164E-15 ) ) ;
#2017 = EDGE_CURVE ( 'NONE', #9057, #8344, #9647, .T. ) ;
#2018 = ORIENTED_EDGE ( 'NONE', *, *, #10373, .F. ) ;
#2019 = CARTESIAN_POINT ( 'NONE',  ( 0.2478642292900000155, -0.9427051242099999673, 0.2010000000000000120 ) ) ;
#2020 = EDGE_LOOP ( 'NONE', ( #9452, #1132, #8543, #8872 ) ) ;
#2021 = CARTESIAN_POINT ( 'NONE',  ( 1.570000000000000062, -3.834297482219000575, 3.839999999999000213 ) ) ;
#2022 = DIRECTION ( 'NONE',  ( 1.000000000000000000, 0.000000000000000000, 0.000000000000000000 ) ) ;
#2023 = CARTESIAN_POINT ( 'NONE',  ( 7.499999999998999911, -4.649999999998999378, 1.199999999999000089 ) ) ;
#2024 = DIRECTION ( 'NONE',  ( 0.000000000000000000, -3.469446951952999666E-15, 1.000000000000000000 ) ) ;
#2025 = CARTESIAN_POINT ( 'NONE',  ( 0.4404846073129999873, -0.9242675268919999798, 0.2000000000000000111 ) ) ;
#2026 = VECTOR ( 'NONE', #354, 1000.000000000000000 ) ;
#2027 = CARTESIAN_POINT ( 'NONE',  ( 3.200000000000000178, 0.9499999999999999556, 2.700000000000000178 ) ) ;
#2028 = EDGE_CURVE ( 'NONE', #6351, #9370, #806, .T. ) ;
#2029 = VECTOR ( 'NONE', #5499, 1000.000000000000114 ) ;
#2030 = ORIENTED_EDGE ( 'NONE', *, *, #9649, .F. ) ;
#2031 = LINE ( 'NONE', #6116, #1171 ) ;
#2032 = ORIENTED_EDGE ( 'NONE', *, *, #9061, .T. ) ;
#2033 = EDGE_LOOP ( 'NONE', ( #3947, #770, #8092, #1709 ) ) ;
#2034 = CARTESIAN_POINT ( 'NONE',  ( -0.7500000000000000000, 1.550000000000000044, 0.9000000000000000222 ) ) ;
#2035 = ORIENTED_EDGE ( 'NONE', *, *, #50, .F. ) ;
#2036 = CARTESIAN_POINT ( 'NONE',  ( 1.570000000000000062, 4.750000000000000000, 1.000013873792005015E-12 ) ) ;
#2037 = PLANE ( 'NONE',  #8291 ) ;
#2038 = CARTESIAN_POINT ( 'NONE',  ( -3.429999999998999627, 2.550000000000000266, 1.000013873792005015E-12 ) ) ;
#2039 = DIRECTION ( 'NONE',  ( 0.000000000000000000, -3.491481338843000432E-15, 1.000000000000000000 ) ) ;
#2040 = EDGE_CURVE ( 'NONE', #7438, #5414, #8915, .T. ) ;
#2041 = ORIENTED_EDGE ( 'NONE', *, *, #4135, .F. ) ;
#2042 = VECTOR ( 'NONE', #5649, 1000.000000000000000 ) ;
#2043 = LINE ( 'NONE', #7717, #112 ) ;
#2045 = ORIENTED_EDGE ( 'NONE', *, *, #2708, .T. ) ;
#2044 = ORIENTED_EDGE ( 'NONE', *, *, #7370, .T. ) ;
#2046 = ORIENTED_EDGE ( 'NONE', *, *, #5753, .T. ) ;
#2047 = EDGE_CURVE ( 'NONE', #3886, #5271, #7323, .T. ) ;
#2048 = LINE ( 'NONE', #5982, #4995 ) ;
#2049 = ADVANCED_FACE ( 'NONE', ( #3143 ), #3235, .T. ) ;
#2050 = ORIENTED_EDGE ( 'NONE', *, *, #4367, .T. ) ;
#2051 = AXIS2_PLACEMENT_3D ( 'NONE', #4348, #6854, #8275 ) ;
#2052 = VECTOR ( 'NONE', #9323, 1000.000000000000000 ) ;
#2053 = ORIENTED_EDGE ( 'NONE', *, *, #7411, .T. ) ;
#2054 = CARTESIAN_POINT ( 'NONE',  ( -4.069999999999000195, 4.750000000000000000, 0.6999999999999999556 ) ) ;
#2055 = CARTESIAN_POINT ( 'NONE',  ( 0.6999999999999999556, 0.9499999999999999556, 0.9000000000000000222 ) ) ;
#2056 = CARTESIAN_POINT ( 'NONE',  ( 0.3952319583650000245, -1.312641411656999990, 0.2000000000000000111 ) ) ;
#2057 = PLANE ( 'NONE',  #68 ) ;
#2058 = CARTESIAN_POINT ( 'NONE',  ( 0.6196591745560000586, -1.130405338766000023, 0.2010000000000000120 ) ) ;
#2059 = ORIENTED_EDGE ( 'NONE', *, *, #9380, .F. ) ;
#2060 = VECTOR ( 'NONE', #560, 1000.000000000000000 ) ;
#2061 = VECTOR ( 'NONE', #7573, 1000.000000000000000 ) ;
#2062 = CARTESIAN_POINT ( 'NONE',  ( 0.5526033681449999957, -1.124558409985000118, 0.2010000000000000120 ) ) ;
#2063 = CARTESIAN_POINT ( 'NONE',  ( 0.3761988329479999393, -1.313131953477999936, 0.2010000000000000120 ) ) ;
#2064 = ORIENTED_EDGE ( 'NONE', *, *, #10251, .T. ) ;
#2065 = DIRECTION ( 'NONE',  ( 0.000000000000000000, 1.000000000000000000, 3.491481338843000432E-15 ) ) ;
#2066 = DIRECTION ( 'NONE',  ( 1.000000000000000000, 0.000000000000000000, 0.000000000000000000 ) ) ;
#2067 = VECTOR ( 'NONE', #10465, 1000.000000000000000 ) ;
#2068 = VECTOR ( 'NONE', #5417, 1000.000000000000000 ) ;
#2069 = CARTESIAN_POINT ( 'NONE',  ( 6.400000000000000355, -5.149999999999000266, 1.499999999998999911 ) ) ;
#2070 = CARTESIAN_POINT ( 'NONE',  ( 6.400000000000000355, -4.673097770996999856, 0.08571428571500003257 ) ) ;
#2071 = CARTESIAN_POINT ( 'NONE',  ( 5.450000000000000178, 1.250000000000000000, 1.500000000000000000 ) ) ;
#2072 = EDGE_LOOP ( 'NONE', ( #7199, #3892, #9532, #8041 ) ) ;
#2073 = CARTESIAN_POINT ( 'NONE',  ( 0.3922744457879999702, -0.8564371810039999033, 0.2000000000000000111 ) ) ;
#2074 = ORIENTED_EDGE ( 'NONE', *, *, #4649, .T. ) ;
#2075 = LINE ( 'NONE', #1178, #1401 ) ;
#2076 = EDGE_CURVE ( 'NONE', #7743, #9843, #2291, .T. ) ;
#2077 = VECTOR ( 'NONE', #2276, 1000.000000000000000 ) ;
#2078 = CARTESIAN_POINT ( 'NONE',  ( -0.3611367807049999934, -1.306871538043999914, 0.2000000000000000111 ) ) ;
#2079 = DIRECTION ( 'NONE',  ( 0.000000000000000000, -3.491481338843000432E-15, 1.000000000000000000 ) ) ;
#2080 = FACE_BOUND ( 'NONE', #4731, .T. ) ;
#2081 = LINE ( 'NONE', #5375, #342 ) ;
#2082 = DIRECTION ( 'NONE',  ( -1.000000000000000000, 0.000000000000000000, 0.000000000000000000 ) ) ;
#2083 = ORIENTED_EDGE ( 'NONE', *, *, #3313, .T. ) ;
#2084 = VECTOR ( 'NONE', #4037, 1000.000000000000000 ) ;
#2085 = DIRECTION ( 'NONE',  ( -1.000000000000000000, 0.000000000000000000, 0.000000000000000000 ) ) ;
#2086 = ORIENTED_EDGE ( 'NONE', *, *, #9757, .T. ) ;
#2087 = ORIENTED_EDGE ( 'NONE', *, *, #5577, .T. ) ;
#2088 = ORIENTED_EDGE ( 'NONE', *, *, #3832, .F. ) ;
#2089 = EDGE_CURVE ( 'NONE', #961, #3864, #9756, .T. ) ;
#2090 = FACE_OUTER_BOUND ( 'NONE', #5650, .T. ) ;
#2091 = CARTESIAN_POINT ( 'NONE',  ( -5.450000000000000178, 13.68089176689499986, 0.9000000000000000222 ) ) ;
#2092 = AXIS2_PLACEMENT_3D ( 'NONE', #5621, #1488, #4666 ) ;
#2093 = VERTEX_POINT ( 'NONE', #8966 ) ;
#2094 = DIRECTION ( 'NONE',  ( -0.3420201433253704515, 0.9396926207860168967, 0.000000000000000000 ) ) ;
#2095 = DIRECTION ( 'NONE',  ( 0.000000000000000000, 3.838426034038000158E-15, -1.000000000000000000 ) ) ;
#2096 = DIRECTION ( 'NONE',  ( 0.000000000000000000, -1.000000000000000000, -3.599901556091000645E-15 ) ) ;
#2097 = VERTEX_POINT ( 'NONE', #2491 ) ;
#2098 = CYLINDRICAL_SURFACE ( 'NONE', #6097, 0.06000000000000015737 ) ;
#2100 = ORIENTED_EDGE ( 'NONE', *, *, #4981, .F. ) ;
#2099 = ORIENTED_EDGE ( 'NONE', *, *, #9032, .T. ) ;
#2101 = VECTOR ( 'NONE', #9175, 1000.000000000000000 ) ;
#2102 = CARTESIAN_POINT ( 'NONE',  ( 1.570000000000000062, 1.665702517779999781, 3.840000000000000302 ) ) ;
#2103 = ORIENTED_EDGE ( 'NONE', *, *, #8095, .T. ) ;
#2104 = ORIENTED_EDGE ( 'NONE', *, *, #7685, .F. ) ;
#2105 = FACE_OUTER_BOUND ( 'NONE', #3745, .T. ) ;
#2106 = DIRECTION ( 'NONE',  ( 0.000000000000000000, 3.491481338843000432E-15, -1.000000000000000000 ) ) ;
#2107 = CARTESIAN_POINT ( 'NONE',  ( 1.800000000000000044, 0.9499999999999999556, 0.9000000000000000222 ) ) ;
#2108 = EDGE_CURVE ( 'NONE', #10287, #5983, #8724, .T. ) ;
#2109 = DIRECTION ( 'NONE',  ( 1.000000000000000000, 0.000000000000000000, 0.000000000000000000 ) ) ;
#2110 = FACE_OUTER_BOUND ( 'NONE', #9934, .T. ) ;
#2111 = VECTOR ( 'NONE', #2155, 1000.000000000000000 ) ;
#2112 = ORIENTED_EDGE ( 'NONE', *, *, #7389, .T. ) ;
#2113 = CARTESIAN_POINT ( 'NONE',  ( 1.111985117132999967, -3.834297482219000575, 3.381985117132999985 ) ) ;
#2114 = DIRECTION ( 'NONE',  ( 0.000000000000000000, 3.491481338843000432E-15, -1.000000000000000000 ) ) ;
#2115 = VERTEX_POINT ( 'NONE', #759 ) ;
#2116 = DIRECTION ( 'NONE',  ( -1.000000000000000000, 0.000000000000000000, 0.000000000000000000 ) ) ;
#2117 = CARTESIAN_POINT ( 'NONE',  ( 5.450000000000000178, 1.250000000000000000, 2.900000000000000355 ) ) ;
#2118 = DIRECTION ( 'NONE',  ( 1.000000000000000000, 0.000000000000000000, 0.000000000000000000 ) ) ;
#2119 = ADVANCED_FACE ( 'NONE', ( #7118 ), #3982, .F. ) ;
#2120 = CARTESIAN_POINT ( 'NONE',  ( 0.6198154488019999020, -1.121344605917000026, 0.2000000000000000111 ) ) ;
#2121 = DIRECTION ( 'NONE',  ( 0.000000000000000000, -3.491481338843000432E-15, 1.000000000000000000 ) ) ;
#2122 = ADVANCED_FACE ( 'NONE', ( #4726 ), #7960, .T. ) ;
#2123 = ORIENTED_EDGE ( 'NONE', *, *, #1387, .F. ) ;
#2124 = CARTESIAN_POINT ( 'NONE',  ( -0.7754779963190000514, -1.221668538844000063, 0.2010000000000000120 ) ) ;
#2125 = ORIENTED_EDGE ( 'NONE', *, *, #7150, .T. ) ;
#2126 = LINE ( 'NONE', #3929, #6988 ) ;
#2127 = DIRECTION ( 'NONE',  ( 0.000000000000000000, -1.000000000000000000, -3.491481338843000432E-15 ) ) ;
#2128 = AXIS2_PLACEMENT_3D ( 'NONE', #5367, #1491, #5315 ) ;
#2129 = VERTEX_POINT ( 'NONE', #1548 ) ;
#2130 = DIRECTION ( 'NONE',  ( 0.000000000000000000, -3.611948246897000020E-15, 1.000000000000000000 ) ) ;
#2131 = CARTESIAN_POINT ( 'NONE',  ( -0.1179894292460000049, -1.361912441282999930, 0.2000000000000000111 ) ) ;
#2132 = LINE ( 'NONE', #10244, #4237 ) ;
#2133 = CYLINDRICAL_SURFACE ( 'NONE', #7811, 0.1499999999989998778 ) ;
#2134 = EDGE_LOOP ( 'NONE', ( #8666, #8406, #10376, #3588, #4876, #4430 ) ) ;
#2135 = DIRECTION ( 'NONE',  ( 0.000000000000000000, 1.000000000000000000, 3.491481338843000432E-15 ) ) ;
#2136 = ORIENTED_EDGE ( 'NONE', *, *, #7596, .F. ) ;
#2137 = ADVANCED_FACE ( 'NONE', ( #7227 ), #5841, .F. ) ;
#2138 = EDGE_LOOP ( 'NONE', ( #5003, #3621, #2104, #8504 ) ) ;
#2139 = ORIENTED_EDGE ( 'NONE', *, *, #885, .T. ) ;
#2140 = EDGE_CURVE ( 'NONE', #10410, #5978, #1758, .T. ) ;
#2142 = EDGE_CURVE ( 'NONE', #9371, #730, #9020, .T. ) ;
#2141 = CARTESIAN_POINT ( 'NONE',  ( 2.100000000000000089, 1.149999999998999822, 5.500000000000000888 ) ) ;
#2143 = DIRECTION ( 'NONE',  ( 0.000000000000000000, 1.000000000000000000, 3.491481338843000432E-15 ) ) ;
#2144 = ORIENTED_EDGE ( 'NONE', *, *, #1804, .F. ) ;
#2145 = CARTESIAN_POINT ( 'NONE',  ( 6.899999999999999467, -4.262771867673000870, 0.2000000000000000111 ) ) ;
#2146 = DIRECTION ( 'NONE',  ( 1.000000000000000000, 0.000000000000000000, 0.000000000000000000 ) ) ;
#2147 = CARTESIAN_POINT ( 'NONE',  ( -0.6179894292460000882, -1.105624331527000015, 0.2010000000000000120 ) ) ;
#2148 = ORIENTED_EDGE ( 'NONE', *, *, #6460, .F. ) ;
#2149 = EDGE_CURVE ( 'NONE', #1389, #3422, #964, .T. ) ;
#2150 = CARTESIAN_POINT ( 'NONE',  ( -0.7923415633920000145, -1.166790490064000041, 0.2010000000000000120 ) ) ;
#2152 = ORIENTED_EDGE ( 'NONE', *, *, #5549, .F. ) ;
#2151 = ORIENTED_EDGE ( 'NONE', *, *, #2993, .F. ) ;
#2153 = EDGE_CURVE ( 'NONE', #2700, #5436, #4189, .T. ) ;
#2154 = VECTOR ( 'NONE', #10187, 1000.000000000000000 ) ;
#2155 = DIRECTION ( 'NONE',  ( 0.000000000000000000, 1.000000000000000000, 3.491481338843000432E-15 ) ) ;
#2156 = VECTOR ( 'NONE', #4975, 1000.000000000000000 ) ;
#2157 = ORIENTED_EDGE ( 'NONE', *, *, #3374, .F. ) ;
#2158 = VECTOR ( 'NONE', #2452, 1000.000000000000000 ) ;
#2159 = ORIENTED_EDGE ( 'NONE', *, *, #5944, .F. ) ;
#2160 = ADVANCED_FACE ( 'NONE', ( #7378 ), #6641, .F. ) ;
#2161 = FACE_OUTER_BOUND ( 'NONE', #3139, .T. ) ;
#2162 = LINE ( 'NONE', #231, #5258 ) ;
#2163 = DIRECTION ( 'NONE',  ( 0.000000000000000000, -3.491481338843000432E-15, 1.000000000000000000 ) ) ;
#2164 = VECTOR ( 'NONE', #4660, 1000.000000000000000 ) ;
#2165 = PLANE ( 'NONE',  #7736 ) ;
#2166 = PLANE ( 'NONE',  #3412 ) ;
#2167 = ADVANCED_FACE ( 'NONE', ( #7535 ), #6696, .F. ) ;
#2168 = EDGE_LOOP ( 'NONE', ( #10405, #7716, #4586, #10259 ) ) ;
#2169 = CARTESIAN_POINT ( 'NONE',  ( -0.6177874956450000177, -1.115068123779999976, 0.2010000000000000120 ) ) ;
#2170 = DIRECTION ( 'NONE',  ( 0.3222024856060888842, -0.9466707760722616882, -3.293349103869908952E-15 ) ) ;
#2171 = ORIENTED_EDGE ( 'NONE', *, *, #8571, .F. ) ;
#2172 = DIRECTION ( 'NONE',  ( 0.000000000000000000, -3.491481338843000432E-15, 1.000000000000000000 ) ) ;
#2173 = LINE ( 'NONE', #2974, #10175 ) ;
#2174 = CARTESIAN_POINT ( 'NONE',  ( -6.150000000000000355, -2.250000000000000000, 3.999999999998999911 ) ) ;
#2175 = CARTESIAN_POINT ( 'NONE',  ( -7.500000000000000000, -2.250000000000000000, 3.999999999998999911 ) ) ;
#2176 = DIRECTION ( 'NONE',  ( -1.000000000000000000, 0.000000000000000000, 0.000000000000000000 ) ) ;
#2177 = ADVANCED_FACE ( 'NONE', ( #3494 ), #118, .F. ) ;
#2178 = ORIENTED_EDGE ( 'NONE', *, *, #3160, .T. ) ;
#2179 = CARTESIAN_POINT ( 'NONE',  ( 4.069999999999000195, 4.750000000000000000, 1.000013873792005015E-12 ) ) ;
#2180 = EDGE_LOOP ( 'NONE', ( #6298, #7542, #5223, #349 ) ) ;
#2181 = CARTESIAN_POINT ( 'NONE',  ( 0.1503032536799999985, -0.8619124412830000415, 0.2000000000000000111 ) ) ;
#2182 = LINE ( 'NONE', #2234, #5511 ) ;
#2183 = ADVANCED_FACE ( 'NONE', ( #3543 ), #6746, .F. ) ;
#2184 = ADVANCED_FACE ( 'NONE', ( #7481 ), #9960, .F. ) ;
#2185 = CARTESIAN_POINT ( 'NONE',  ( -0.4072634052289999529, -1.357910715326999807, 0.2010000000000000120 ) ) ;
#2186 = CARTESIAN_POINT ( 'NONE',  ( -4.069999999999000195, 2.405251729774000147, 3.125825627559000175 ) ) ;
#2187 = DIRECTION ( 'NONE',  ( -1.000000000000000000, 0.000000000000000000, 0.000000000000000000 ) ) ;
#2188 = ORIENTED_EDGE ( 'NONE', *, *, #6496, .T. ) ;
#2189 = LINE ( 'NONE', #608, #7653 ) ;
#2190 = VERTEX_POINT ( 'NONE', #5890 ) ;
#2191 = ORIENTED_EDGE ( 'NONE', *, *, #1043, .F. ) ;
#2192 = ORIENTED_EDGE ( 'NONE', *, *, #8863, .F. ) ;
#2193 = LINE ( 'NONE', #3890, #4185 ) ;
#2194 = VECTOR ( 'NONE', #2095, 1000.000000000000000 ) ;
#2195 = LINE ( 'NONE', #9409, #7484 ) ;
#2196 = ORIENTED_EDGE ( 'NONE', *, *, #10214, .F. ) ;
#2197 = LINE ( 'NONE', #1617, #552 ) ;
#2198 = FACE_OUTER_BOUND ( 'NONE', #6846, .T. ) ;
#2199 = CARTESIAN_POINT ( 'NONE',  ( 0.2611444240399999894, -0.9349883306899999802, 0.2000000000000000111 ) ) ;
#2200 = VERTEX_POINT ( 'NONE', #6793 ) ;
#2201 = CARTESIAN_POINT ( 'NONE',  ( 4.316846170922000958, -4.609415119349999479, 5.499999999999000799 ) ) ;
#2202 = ORIENTED_EDGE ( 'NONE', *, *, #2642, .F. ) ;
#2203 = VECTOR ( 'NONE', #6328, 1000.000000000000000 ) ;
#2204 = EDGE_CURVE ( 'NONE', #2947, #9397, #8500, .T. ) ;
#2205 = CARTESIAN_POINT ( 'NONE',  ( -0.7500000000000000000, 2.550000000000000266, 0.9000000000000000222 ) ) ;
#2206 = EDGE_CURVE ( 'NONE', #6819, #2399, #3342, .T. ) ;
#2207 = ORIENTED_EDGE ( 'NONE', *, *, #3325, .T. ) ;
#2208 = VERTEX_POINT ( 'NONE', #2703 ) ;
#2209 = EDGE_CURVE ( 'NONE', #7810, #614, #9072, .T. ) ;
#2210 = DIRECTION ( 'NONE',  ( 0.000000000000000000, 1.000000000000000000, 0.000000000000000000 ) ) ;
#2211 = CIRCLE ( 'NONE', #3906, 0.1999999999989995891 ) ;
#2212 = CARTESIAN_POINT ( 'NONE',  ( -0.9299999999989999599, 2.550000000000000266, 0.6400000000000000133 ) ) ;
#2213 = CARTESIAN_POINT ( 'NONE',  ( -2.899999999998999822, 0.8499999999999999778, 2.700000000000000178 ) ) ;
#2214 = LINE ( 'NONE', #1428, #6221 ) ;
#2215 = DIRECTION ( 'NONE',  ( 0.000000000000000000, 3.611948246897000020E-15, -1.000000000000000000 ) ) ;
#2216 = ORIENTED_EDGE ( 'NONE', *, *, #9981, .T. ) ;
#2217 = CARTESIAN_POINT ( 'NONE',  ( 0.5527422780699999816, -1.117247807137000004, 0.2010000000000000120 ) ) ;
#2218 = VECTOR ( 'NONE', #6906, 1000.000000000000000 ) ;
#2219 = LINE ( 'NONE', #5459, #9446 ) ;
#2220 = ORIENTED_EDGE ( 'NONE', *, *, #8454, .F. ) ;
#2221 = DIRECTION ( 'NONE',  ( 0.000000000000000000, -3.491481338843000432E-15, 1.000000000000000000 ) ) ;
#2222 = EDGE_CURVE ( 'NONE', #7719, #3794, #6589, .T. ) ;
#2223 = CARTESIAN_POINT ( 'NONE',  ( -0.5479557752310000307, -1.062916061524999956, 0.2000000000000000111 ) ) ;
#2224 = CARTESIAN_POINT ( 'NONE',  ( 6.150000000000000355, -5.250000000000000000, 4.799999999999000622 ) ) ;
#2225 = AXIS2_PLACEMENT_3D ( 'NONE', #9763, #6595, #5002 ) ;
#2226 = VECTOR ( 'NONE', #1005, 1000.000000000000000 ) ;
#2227 = CARTESIAN_POINT ( 'NONE',  ( 3.850000000000000089, -1.750000000000000000, 5.499999999999000799 ) ) ;
#2228 = LINE ( 'NONE', #5469, #3743 ) ;
#2229 = ORIENTED_EDGE ( 'NONE', *, *, #294, .T. ) ;
#2230 = CARTESIAN_POINT ( 'NONE',  ( 0.5099488804120000385, -0.8965407300250000100, 0.2010000000000000120 ) ) ;
#2231 = ORIENTED_EDGE ( 'NONE', *, *, #8255, .T. ) ;
#2232 = LINE ( 'NONE', #2926, #2243 ) ;
#2233 = CARTESIAN_POINT ( 'NONE',  ( 0.000000000000000000, 1.550000000000000044, 3.200000000000000178 ) ) ;
#2234 = CARTESIAN_POINT ( 'NONE',  ( 0.9300000000000000488, 1.550000000000000044, 3.200000000000000178 ) ) ;
#2235 = VECTOR ( 'NONE', #7404, 1000.000000000000000 ) ;
#2236 = AXIS2_PLACEMENT_3D ( 'NONE', #9472, #1424, #7886 ) ;
#2237 = CARTESIAN_POINT ( 'NONE',  ( -0.5038136827429998688, -1.322972092929999954, 0.2010000000000000120 ) ) ;
#2238 = DIRECTION ( 'NONE',  ( 0.000000000000000000, 1.000000000000000000, 3.584412953627000671E-15 ) ) ;
#2239 = CARTESIAN_POINT ( 'NONE',  ( 1.749999999998999911, -5.249999999998999911, 0.2000000000000000111 ) ) ;
#2240 = CARTESIAN_POINT ( 'NONE',  ( 5.450000000000000178, 1.550000000000000044, 1.500000000000000000 ) ) ;
#2241 = ORIENTED_EDGE ( 'NONE', *, *, #6537, .F. ) ;
#2242 = VECTOR ( 'NONE', #9101, 1000.000000000000000 ) ;
#2243 = VECTOR ( 'NONE', #4620, 999.9999999999998863 ) ;
#2244 = EDGE_CURVE ( 'NONE', #10300, #5115, #9122, .T. ) ;
#2245 = CIRCLE ( 'NONE', #10196, 0.1000000000000000472 ) ;
#2246 = EDGE_CURVE ( 'NONE', #5394, #5470, #8320, .T. ) ;
#2247 = DIRECTION ( 'NONE',  ( 1.000000000000000000, 0.000000000000000000, 0.000000000000000000 ) ) ;
#2248 = VERTEX_POINT ( 'NONE', #9806 ) ;
#2249 = EDGE_LOOP ( 'NONE', ( #3, #4700, #8447, #417, #4421, #2157 ) ) ;
#2250 = ORIENTED_EDGE ( 'NONE', *, *, #7943, .T. ) ;
#2251 = CARTESIAN_POINT ( 'NONE',  ( -0.1057943072950000007, -0.9167904900640000410, 0.2000000000000000111 ) ) ;
#2252 = ORIENTED_EDGE ( 'NONE', *, *, #4031, .T. ) ;
#2253 = DIRECTION ( 'NONE',  ( 1.000000000000000000, 0.000000000000000000, 0.000000000000000000 ) ) ;
#2254 = CARTESIAN_POINT ( 'NONE',  ( -3.429999999998999627, -3.834297482219000575, 3.199999999999000089 ) ) ;
#2255 = VECTOR ( 'NONE', #6145, 1000.000000000000000 ) ;
#2256 = DIRECTION ( 'NONE',  ( 1.000000000000000000, 0.000000000000000000, 0.000000000000000000 ) ) ;
#2257 = ORIENTED_EDGE ( 'NONE', *, *, #4802, .F. ) ;
#2258 = EDGE_CURVE ( 'NONE', #3481, #2531, #2544, .T. ) ;
#2259 = CARTESIAN_POINT ( 'NONE',  ( 0.2478642292900000155, -1.281119758356000116, 0.2010000000000000120 ) ) ;
#2260 = ORIENTED_EDGE ( 'NONE', *, *, #2925, .T. ) ;
#2261 = VECTOR ( 'NONE', #7681, 1000.000000000000000 ) ;
#2262 = CARTESIAN_POINT ( 'NONE',  ( 2.899999999998999822, 1.149999999999999911, 2.700000000000000178 ) ) ;
#2263 = LINE ( 'NONE', #9577, #5033 ) ;
#2264 = ORIENTED_EDGE ( 'NONE', *, *, #769, .F. ) ;
#2265 = LINE ( 'NONE', #6194, #10356 ) ;
#2266 = LINE ( 'NONE', #3856, #9652 ) ;
#2267 = CARTESIAN_POINT ( 'NONE',  ( -5.450000000000000178, 1.250000000000000000, 2.900000000000000355 ) ) ;
#2268 = VECTOR ( 'NONE', #1439, 1000.000000000000000 ) ;
#2269 = CARTESIAN_POINT ( 'NONE',  ( -3.429999999998999627, 2.550000000000000266, 1.000013873792005015E-12 ) ) ;
#2270 = CARTESIAN_POINT ( 'NONE',  ( 0.6198154488019999020, -1.121344605917000026, 0.2010000000000000120 ) ) ;
#2271 = VERTEX_POINT ( 'NONE', #4503 ) ;
#2272 = CARTESIAN_POINT ( 'NONE',  ( -1.750000000000000000, 1.550000000000000044, 0.9000000000000000222 ) ) ;
#2273 = CARTESIAN_POINT ( 'NONE',  ( -6.899999999999999467, -5.149999999999000266, 0.000000000000000000 ) ) ;
#2274 = EDGE_CURVE ( 'NONE', #2271, #9701, #1378, .T. ) ;
#2275 = ORIENTED_EDGE ( 'NONE', *, *, #2696, .T. ) ;
#2276 = DIRECTION ( 'NONE',  ( 0.000000000000000000, 1.000000000000000000, 3.491481338843000432E-15 ) ) ;
#2277 = ADVANCED_FACE ( 'NONE', ( #4552 ), #7734, .T. ) ;
#2278 = CARTESIAN_POINT ( 'NONE',  ( 0.3582563334180000059, -1.312896382909000126, 0.2010000000000000120 ) ) ;
#2279 = AXIS2_PLACEMENT_3D ( 'NONE', #421, #4329, #10101 ) ;
#2280 = CARTESIAN_POINT ( 'NONE',  ( 0.6999999999999999556, 0.9499999999999999556, 0.9000000000000000222 ) ) ;
#2281 = PLANE ( 'NONE',  #6843 ) ;
#2282 = CARTESIAN_POINT ( 'NONE',  ( -1.570000000000000062, 0.8499999999989999999, 3.840000000000000302 ) ) ;
#2283 = ORIENTED_EDGE ( 'NONE', *, *, #735, .T. ) ;
#2284 = CARTESIAN_POINT ( 'NONE',  ( 0.5482834363609999651, -0.9285376946800000253, 0.2010000000000000120 ) ) ;
#2285 = VERTEX_POINT ( 'NONE', #5308 ) ;
#2286 = DIRECTION ( 'NONE',  ( 0.000000000000000000, 1.000000000000000000, 3.491481338843000432E-15 ) ) ;
#2287 = EDGE_CURVE ( 'NONE', #8485, #3860, #3701, .T. ) ;
#2288 = DIRECTION ( 'NONE',  ( 0.000000000000000000, -3.491481338843000432E-15, 1.000000000000000000 ) ) ;
#2289 = VECTOR ( 'NONE', #10079, 1000.000000000000000 ) ;
#2290 = EDGE_CURVE ( 'NONE', #6199, #5027, #379, .T. ) ;
#2291 = LINE ( 'NONE', #6377, #94 ) ;
#2292 = DIRECTION ( 'NONE',  ( 0.000000000000000000, 1.000000000000000000, 3.491481338843000432E-15 ) ) ;
#2293 = DIRECTION ( 'NONE',  ( 0.3393303772742736757, 0.9406672605437583767, 3.272463625005641606E-15 ) ) ;
#2294 = CARTESIAN_POINT ( 'NONE',  ( 3.429999999998999627, -3.334297482219000575, 3.839999999999000213 ) ) ;
#2295 = PLANE ( 'NONE',  #9160 ) ;
#2296 = VERTEX_POINT ( 'NONE', #6949 ) ;
#2297 = CARTESIAN_POINT ( 'NONE',  ( 0.3007214527859999875, -0.8606482724180000154, 0.2010000000000000120 ) ) ;
#2298 = ORIENTED_EDGE ( 'NONE', *, *, #10474, .T. ) ;
#2299 = ORIENTED_EDGE ( 'NONE', *, *, #9085, .T. ) ;
#2300 = ORIENTED_EDGE ( 'NONE', *, *, #8816, .T. ) ;
#2301 = CARTESIAN_POINT ( 'NONE',  ( -0.2826235755870000199, -1.307034392503000131, 0.2000000000000000111 ) ) ;
#2302 = ORIENTED_EDGE ( 'NONE', *, *, #7854, .F. ) ;
#2303 = CARTESIAN_POINT ( 'NONE',  ( -4.299999999998999733, 0.9499999999999999556, 0.9000000000000000222 ) ) ;
#2304 = CARTESIAN_POINT ( 'NONE',  ( -0.2155504048559999941, -0.8619124412830000415, 0.2000000000000000111 ) ) ;
#2305 = DIRECTION ( 'NONE',  ( 0.000000000000000000, 1.000000000000000000, 3.491481338843000432E-15 ) ) ;
#2306 = ORIENTED_EDGE ( 'NONE', *, *, #726, .T. ) ;
#2307 = CARTESIAN_POINT ( 'NONE',  ( 0.5564222075530000922, -1.300631266145999998, 0.2010000000000000120 ) ) ;
#2309 = ADVANCED_FACE ( 'NONE', ( #8640 ), #7687, .F. ) ;
#2308 = EDGE_LOOP ( 'NONE', ( #10416, #9517, #766, #5332 ) ) ;
#2310 = CARTESIAN_POINT ( 'NONE',  ( -4.069999999999000195, 1.665702517779999781, 3.100000000000000533 ) ) ;
#2311 = ORIENTED_EDGE ( 'NONE', *, *, #1772, .T. ) ;
#2312 = EDGE_CURVE ( 'NONE', #7136, #7934, #2245, .T. ) ;
#2313 = VERTEX_POINT ( 'NONE', #2913 ) ;
#2314 = EDGE_CURVE ( 'NONE', #4824, #3074, #433, .T. ) ;
#2315 = CARTESIAN_POINT ( 'NONE',  ( 4.299999999999999822, 0.9499999999999999556, 2.700000000000000178 ) ) ;
#2316 = CARTESIAN_POINT ( 'NONE',  ( 0.4404846073129999873, -0.9242675268919999798, 0.2000000000000000111 ) ) ;
#2317 = LINE ( 'NONE', #4654, #9368 ) ;
#2318 = FACE_OUTER_BOUND ( 'NONE', #7146, .T. ) ;
#2319 = CARTESIAN_POINT ( 'NONE',  ( 3.888014882865999944, -3.834297482219000575, 3.199999999999000089 ) ) ;
#2320 = ORIENTED_EDGE ( 'NONE', *, *, #6592, .T. ) ;
#2321 = CARTESIAN_POINT ( 'NONE',  ( -0.5998915495580000590, -1.210360737355999916, 0.2010000000000000120 ) ) ;
#2322 = CARTESIAN_POINT ( 'NONE',  ( 3.250000000000000000, 1.850000000000000089, 0.1000000000010000528 ) ) ;
#2323 = AXIS2_PLACEMENT_3D ( 'NONE', #8558, #1300, #4528 ) ;
#2324 = VERTEX_POINT ( 'NONE', #3599 ) ;
#2325 = CARTESIAN_POINT ( 'NONE',  ( 0.2727953945649999601, -0.8668134413760000268, 0.2000000000000000111 ) ) ;
#2326 = EDGE_LOOP ( 'NONE', ( #3278, #838, #5087, #9841 ) ) ;
#2327 = CARTESIAN_POINT ( 'NONE',  ( 0.3701611226650000086, -1.313052683205000015, 0.2000000000000000111 ) ) ;
#2328 = CARTESIAN_POINT ( 'NONE',  ( 4.069999999999000195, 1.850426421085999973, 0.6755703523079999995 ) ) ;
#2329 = AXIS2_PLACEMENT_3D ( 'NONE', #9132, #5955, #394 ) ;
#2330 = CARTESIAN_POINT ( 'NONE',  ( 4.069999999999000195, 2.550000000000000266, 0.6999999999999999556 ) ) ;
#2331 = DIRECTION ( 'NONE',  ( 0.000000000000000000, 0.000000000000000000, 1.000000000000000000 ) ) ;
#2332 = PLANE ( 'NONE',  #3071 ) ;
#2333 = ORIENTED_EDGE ( 'NONE', *, *, #1956, .F. ) ;
#2334 = CARTESIAN_POINT ( 'NONE',  ( 0.3787044519849999680, -1.367931000353999949, 0.2010000000000000120 ) ) ;
#2335 = ORIENTED_EDGE ( 'NONE', *, *, #5970, .F. ) ;
#2336 = ADVANCED_FACE ( 'NONE', ( #10228 ), #7004, .F. ) ;
#2337 = DIRECTION ( 'NONE',  ( 1.000000000000000000, 0.000000000000000000, 0.000000000000000000 ) ) ;
#2338 = FACE_OUTER_BOUND ( 'NONE', #6065, .T. ) ;
#2339 = CARTESIAN_POINT ( 'NONE',  ( -0.1057943072950000007, -0.8619124412830000415, 0.2010000000000000120 ) ) ;
#2340 = EDGE_CURVE ( 'NONE', #1800, #7952, #9277, .T. ) ;
#2341 = DIRECTION ( 'NONE',  ( 0.000000000000000000, 3.584412953627000671E-15, -1.000000000000000000 ) ) ;
#2342 = CARTESIAN_POINT ( 'NONE',  ( 4.316846170922000958, -4.609415119349999479, 5.499999999999000799 ) ) ;
#2343 = CARTESIAN_POINT ( 'NONE',  ( -0.7277455268069999983, -1.361912441282999930, 0.2010000000000000120 ) ) ;
#2344 = DIRECTION ( 'NONE',  ( 0.000000000000000000, 3.491481338843000432E-15, -1.000000000000000000 ) ) ;
#2345 = VERTEX_POINT ( 'NONE', #7059 ) ;
#2346 = LINE ( 'NONE', #6334, #101 ) ;
#2347 = ORIENTED_EDGE ( 'NONE', *, *, #8115, .F. ) ;
#2348 = ORIENTED_EDGE ( 'NONE', *, *, #3669, .T. ) ;
#2349 = CARTESIAN_POINT ( 'NONE',  ( 0.2478642292900000155, -1.335997807137000004, 0.2010000000000000120 ) ) ;
#2350 = ORIENTED_EDGE ( 'NONE', *, *, #6361, .T. ) ;
#2351 = ADVANCED_FACE ( 'NONE', ( #3816 ), #10169, .F. ) ;
#2352 = PLANE ( 'NONE',  #4779 ) ;
#2353 = CARTESIAN_POINT ( 'NONE',  ( -4.599999999998999556, 0.8499999999989999999, 5.500000000000000888 ) ) ;
#2354 = CARTESIAN_POINT ( 'NONE',  ( 0.6102255188799999841, -1.038343197661999895, 0.2010000000000000120 ) ) ;
#2355 = VERTEX_POINT ( 'NONE', #1224 ) ;
#2356 = CARTESIAN_POINT ( 'NONE',  ( 4.299999999999999822, 0.9499999999999999556, 0.9000000000000000222 ) ) ;
#2357 = ORIENTED_EDGE ( 'NONE', *, *, #5664, .T. ) ;
#2358 = B_SPLINE_CURVE_WITH_KNOTS ( 'NONE', 3,
 ( #63, #5574, #224, #7478, #3443, #1961, #2599, #9957, #3596, #2701, #2651 ),
 .UNSPECIFIED., .F., .F.,
 ( 4, 1, 1, 1, 1, 1, 1, 1, 4 ),
 ( 0.000000000000000000, 0.1124483899080000043, 0.2265276752120000126, 0.3444019493259999898, 0.4658649724869999842, 0.5916594493519999887, 0.7221684870240000498, 0.8586063875539999835, 1.000000000000000000 ),
 .UNSPECIFIED. ) ;
#2359 = CARTESIAN_POINT ( 'NONE',  ( 4.250000000000000000, 2.550000000000000266, 0.2000000000010000167 ) ) ;
#2360 = VERTEX_POINT ( 'NONE', #10117 ) ;
#2361 = ORIENTED_EDGE ( 'NONE', *, *, #8557, .F. ) ;
#2362 = EDGE_CURVE ( 'NONE', #4302, #9519, #10278, .T. ) ;
#2363 = CARTESIAN_POINT ( 'NONE',  ( 0.000000000000000000, -4.949999999998999201, 1.999999999998999911 ) ) ;
#2364 = CARTESIAN_POINT ( 'NONE',  ( -2.899999999998999822, 0.8499999999989999999, 5.500000000000000888 ) ) ;
#2365 = DIRECTION ( 'NONE',  ( 1.000000000000000000, 0.000000000000000000, 0.000000000000000000 ) ) ;
#2366 = VECTOR ( 'NONE', #6500, 1000.000000000000000 ) ;
#2367 = ORIENTED_EDGE ( 'NONE', *, *, #7472, .F. ) ;
#2368 = EDGE_CURVE ( 'NONE', #8647, #7424, #3022, .T. ) ;
#2369 = EDGE_CURVE ( 'NONE', #9847, #1267, #10069, .T. ) ;
#2370 = CARTESIAN_POINT ( 'NONE',  ( 1.388014882866000166, 5.250000000000000000, 0.1819851171340000351 ) ) ;
#2371 = VERTEX_POINT ( 'NONE', #6095 ) ;
#2372 = VECTOR ( 'NONE', #4142, 1000.000000000000000 ) ;
#2373 = ORIENTED_EDGE ( 'NONE', *, *, #2443, .T. ) ;
#2374 = CARTESIAN_POINT ( 'NONE',  ( -2.100000000000000089, 0.8499999999999999778, 2.700000000000000178 ) ) ;
#2375 = CARTESIAN_POINT ( 'NONE',  ( -4.549999999998999733, -5.250000000000000000, 6.199999999999000089 ) ) ;
#2376 = DIRECTION ( 'NONE',  ( 0.000000000000000000, 1.000000000000000000, 3.516331370228009829E-15 ) ) ;
#2377 = DIRECTION ( 'NONE',  ( 0.000000000000000000, 1.000000000000000000, 3.614007241618003644E-15 ) ) ;
#2378 = ORIENTED_EDGE ( 'NONE', *, *, #5683, .F. ) ;
#2379 = DIRECTION ( 'NONE',  ( 0.000000000000000000, 3.646367363483000567E-15, -1.000000000000000000 ) ) ;
#2380 = ORIENTED_EDGE ( 'NONE', *, *, #7226, .T. ) ;
#2381 = CIRCLE ( 'NONE', #6455, 0.1000000000000000472 ) ;
#2382 = CARTESIAN_POINT ( 'NONE',  ( 6.400000000000000355, -5.149999999999000266, -2.061552812807999846 ) ) ;
#2383 = LINE ( 'NONE', #1447, #4530 ) ;
#2384 = CARTESIAN_POINT ( 'NONE',  ( 5.450000000000000178, 1.149999999998999822, 5.500000000000000888 ) ) ;
#2385 = CARTESIAN_POINT ( 'NONE',  ( 3.503308929226999879, 4.951414627695999826, 0.07330892922800005818 ) ) ;
#2386 = AXIS2_PLACEMENT_3D ( 'NONE', #9390, #2121, #5522 ) ;
#2387 = AXIS2_PLACEMENT_3D ( 'NONE', #1589, #9590, #9539 ) ;
#2388 = LINE ( 'NONE', #10348, #1236 ) ;
#2389 = DIRECTION ( 'NONE',  ( -1.000000000000000000, 0.000000000000000000, 0.000000000000000000 ) ) ;
#2390 = CARTESIAN_POINT ( 'NONE',  ( 1.570000000000000062, 2.550000000000000266, 1.000013873792005015E-12 ) ) ;
#2391 = CARTESIAN_POINT ( 'NONE',  ( -3.429999999998999627, 1.550000000000000044, 3.200000000000000178 ) ) ;
#2392 = EDGE_LOOP ( 'NONE', ( #2500, #7602, #948, #6909 ) ) ;
#2393 = EDGE_CURVE ( 'NONE', #156, #7136, #9326, .T. ) ;
#2394 = DIRECTION ( 'NONE',  ( 1.000000000000000000, 0.000000000000000000, 0.000000000000000000 ) ) ;
#2395 = VECTOR ( 'NONE', #7760, 1000.000000000000000 ) ;
#2396 = AXIS2_PLACEMENT_3D ( 'NONE', #10059, #10157, #1212 ) ;
#2397 = ORIENTED_EDGE ( 'NONE', *, *, #2615, .T. ) ;
#2398 = MANIFOLD_SOLID_BREP ( 'NONE', #3018 ) ;
#2399 = VERTEX_POINT ( 'NONE', #5614 ) ;
#2400 = ADVANCED_FACE ( 'NONE', ( #687 ), #6153, .T. ) ;
#2401 = CARTESIAN_POINT ( 'NONE',  ( -1.111985117132999967, 5.250000000000000000, 0.1819851171340000351 ) ) ;
#2402 = EDGE_LOOP ( 'NONE', ( #10368, #7519, #2847, #430, #8034 ) ) ;
#2403 = CARTESIAN_POINT ( 'NONE',  ( 6.150000000000000355, 1.549999999998999956, 4.400000000000000355 ) ) ;
#2404 = CARTESIAN_POINT ( 'NONE',  ( -0.9299999999989999599, -3.834297482219000575, 3.199999999999000089 ) ) ;
#2405 = AXIS2_PLACEMENT_3D ( 'NONE', #6656, #9878, #5855 ) ;
#2406 = VECTOR ( 'NONE', #10299, 1000.000000000000000 ) ;
#2407 = CARTESIAN_POINT ( 'NONE',  ( -0.9299999999989999599, -3.834297482219000575, 3.839999999999000213 ) ) ;
#2408 = VECTOR ( 'NONE', #2065, 1000.000000000000000 ) ;
#2409 = ORIENTED_EDGE ( 'NONE', *, *, #4553, .T. ) ;
#2410 = CARTESIAN_POINT ( 'NONE',  ( -0.5437018679519999287, -0.9277788850829999934, 0.2010000000000000120 ) ) ;
#2411 = ORIENTED_EDGE ( 'NONE', *, *, #3196, .F. ) ;
#2412 = EDGE_CURVE ( 'NONE', #8011, #5862, #6311, .T. ) ;
#2413 = CARTESIAN_POINT ( 'NONE',  ( 0.2478642292900000155, -1.335997807137000004, 0.2010000000000000120 ) ) ;
#2414 = DIRECTION ( 'NONE',  ( 0.000000000000000000, 3.491481338843000432E-15, -1.000000000000000000 ) ) ;
#2415 = AXIS2_PLACEMENT_3D ( 'NONE', #7618, #3587, #2746 ) ;
#2416 = PLANE ( 'NONE',  #643 ) ;
#2417 = ORIENTED_EDGE ( 'NONE', *, *, #121, .T. ) ;
#2418 = DIRECTION ( 'NONE',  ( 0.000000000000000000, 1.000000000000000000, 3.469446951960553404E-15 ) ) ;
#2419 = CARTESIAN_POINT ( 'NONE',  ( 0.5130235982120000537, -0.9808614424239999741, 0.2010000000000000120 ) ) ;
#2420 = DIRECTION ( 'NONE',  ( -1.000000000000000000, 0.000000000000000000, 0.000000000000000000 ) ) ;
#2421 = ORIENTED_EDGE ( 'NONE', *, *, #6421, .F. ) ;
#2422 = AXIS2_PLACEMENT_3D ( 'NONE', #5481, #3194, #1397 ) ;
#2423 = ORIENTED_EDGE ( 'NONE', *, *, #8731, .T. ) ;
#2424 = PLANE ( 'NONE',  #4021 ) ;
#2425 = VERTEX_POINT ( 'NONE', #4763 ) ;
#2426 = CARTESIAN_POINT ( 'NONE',  ( 0.000000000000000000, -4.949999999998999201, 2.199999999999000089 ) ) ;
#2427 = ORIENTED_EDGE ( 'NONE', *, *, #1842, .T. ) ;
#2428 = CARTESIAN_POINT ( 'NONE',  ( 0.2763495291990000213, -1.295289896437999744, 0.2000000000000000111 ) ) ;
#2429 = AXIS2_PLACEMENT_3D ( 'NONE', #4233, #1751, #902 ) ;
#2430 = DIRECTION ( 'NONE',  ( 0.000000000000000000, 1.000000000000000000, 3.491481338843000432E-15 ) ) ;
#2431 = CARTESIAN_POINT ( 'NONE',  ( -0.8803667099800001061, -0.9435408238419998872, 0.2000000000000000111 ) ) ;
#2432 = CARTESIAN_POINT ( 'NONE',  ( -0.5504338823319999685, -1.084506565457999949, 0.2000000000000000111 ) ) ;
#2433 = ORIENTED_EDGE ( 'NONE', *, *, #9141, .F. ) ;
#2434 = CARTESIAN_POINT ( 'NONE',  ( 0.2620073614630000214, -1.343804240269999895, 0.2010000000000000120 ) ) ;
#2435 = ORIENTED_EDGE ( 'NONE', *, *, #9956, .F. ) ;
#2436 = FACE_OUTER_BOUND ( 'NONE', #516, .T. ) ;
#2437 = AXIS2_PLACEMENT_3D ( 'NONE', #3240, #6539, #6485 ) ;
#2438 = CARTESIAN_POINT ( 'NONE',  ( 4.069999999999000195, 1.665702517779999781, 3.100000000000000533 ) ) ;
#2439 = DIRECTION ( 'NONE',  ( 1.000000000000000000, 0.000000000000000000, 0.000000000000000000 ) ) ;
#2440 = AXIS2_PLACEMENT_3D ( 'NONE', #5162, #4911, #4355 ) ;
#2441 = CARTESIAN_POINT ( 'NONE',  ( 6.150000000000000355, -2.750000000000000000, 4.799999999999000622 ) ) ;
#2442 = ADVANCED_FACE ( 'NONE', ( #6363 ), #1532, .T. ) ;
#2443 = EDGE_CURVE ( 'NONE', #6029, #8161, #8846, .T. ) ;
#2444 = CARTESIAN_POINT ( 'NONE',  ( -0.4102608137440000302, -0.8655681142369999748, 0.2010000000000000120 ) ) ;
#2445 = CARTESIAN_POINT ( 'NONE',  ( -1.111985117132999967, -3.834297482219000575, 3.199999999999000089 ) ) ;
#2446 = PLANE ( 'NONE',  #740 ) ;
#2447 = PLANE ( 'NONE',  #3915 ) ;
#2448 = ORIENTED_EDGE ( 'NONE', *, *, #2287, .F. ) ;
#2449 = LINE ( 'NONE', #76, #6482 ) ;
#2450 = ORIENTED_EDGE ( 'NONE', *, *, #4341, .T. ) ;
#2451 = EDGE_LOOP ( 'NONE', ( #1933, #8207, #9347, #818 ) ) ;
#2452 = DIRECTION ( 'NONE',  ( 0.000000000000000000, 3.491481338843000432E-15, -1.000000000000000000 ) ) ;
#2453 = ORIENTED_EDGE ( 'NONE', *, *, #5754, .F. ) ;
#2454 = CARTESIAN_POINT ( 'NONE',  ( -4.250000000000000000, 2.550000000000000266, 0.1000000000010000528 ) ) ;
#2455 = CARTESIAN_POINT ( 'NONE',  ( 0.2478642292900000155, -1.281119758356000116, 0.2010000000000000120 ) ) ;
#2456 = CARTESIAN_POINT ( 'NONE',  ( -4.549999999998999733, -4.109415119350000367, 5.499999999999000799 ) ) ;
#2457 = ORIENTED_EDGE ( 'NONE', *, *, #1614, .T. ) ;
#2458 = EDGE_CURVE ( 'NONE', #7531, #2724, #9744, .T. ) ;
#2459 = DIRECTION ( 'NONE',  ( 0.9417224702972694095, 0.3363908276650963147, 1.174502297351336830E-15 ) ) ;
#2460 = EDGE_LOOP ( 'NONE', ( #5366, #3044, #1712, #3469 ) ) ;
#2461 = EDGE_CURVE ( 'NONE', #6239, #6351, #7945, .T. ) ;
#2462 = DIRECTION ( 'NONE',  ( -1.000000000000000000, 0.000000000000000000, 0.000000000000000000 ) ) ;
#2463 = DIRECTION ( 'NONE',  ( 0.000000000000000000, 1.000000000000000000, 2.891205793313955622E-15 ) ) ;
#2464 = DIRECTION ( 'NONE',  ( 0.000000000000000000, -1.000000000000000000, -3.491481338843000432E-15 ) ) ;
#2465 = EDGE_LOOP ( 'NONE', ( #8742, #7153, #7855, #4107 ) ) ;
#2466 = VECTOR ( 'NONE', #2659, 1000.000000000000000 ) ;
#2467 = DIRECTION ( 'NONE',  ( 0.000000000000000000, 1.000000000000000000, 0.000000000000000000 ) ) ;
#2468 = B_SPLINE_CURVE_WITH_KNOTS ( 'NONE', 3,
 ( #589, #3132, #746, #2223, #9486, #5463, #3971, #4611, #1485, #5616, #4717, #4664, #1535, #9634, #10332, #7898, #10389, #7848, #8848 ),
 .UNSPECIFIED., .F., .F.,
 ( 4, 1, 1, 1, 1, 1, 1, 1, 1, 1, 1, 1, 1, 1, 1, 1, 4 ),
 ( 0.000000000000000000, 0.07430379644199999745, 0.1443936103640000024, 0.2104994961029999778, 0.2735426065029999965, 0.3338247445790000212, 0.3925296724080000188, 0.4500874545990000142, 0.5078206115550000233, 0.5654649127760000837, 0.6231487223330000047, 0.6812971927900000058, 0.7409134981559999389, 0.8018557521950000488, 0.8652412377199999449, 0.9309416570459999596, 1.000000000000000000 ),
 .UNSPECIFIED. ) ;
#2469 = CARTESIAN_POINT ( 'NONE',  ( -0.9299999999989999599, 5.250000000000000000, 0.1819851171340000351 ) ) ;
#2470 = DIRECTION ( 'NONE',  ( 0.000000000000000000, 3.491481338843000432E-15, -1.000000000000000000 ) ) ;
#2471 = EDGE_CURVE ( 'NONE', #4801, #987, #4823, .T. ) ;
#2472 = ORIENTED_EDGE ( 'NONE', *, *, #1159, .T. ) ;
#2473 = ADVANCED_FACE ( 'NONE', ( #3919 ), #7310, .F. ) ;
#2474 = VERTEX_POINT ( 'NONE', #2478 ) ;
#2475 = CARTESIAN_POINT ( 'NONE',  ( 0.3037584972000000327, -0.9185498664750000319, 0.2010000000000000120 ) ) ;
#2476 = EDGE_CURVE ( 'NONE', #4976, #8204, #9692, .T. ) ;
#2477 = ORIENTED_EDGE ( 'NONE', *, *, #6622, .T. ) ;
#2478 = CARTESIAN_POINT ( 'NONE',  ( 0.9300000000000000488, 0.8499999999989999999, 3.840000000000000302 ) ) ;
#2479 = ORIENTED_EDGE ( 'NONE', *, *, #289, .T. ) ;
#2480 = FACE_OUTER_BOUND ( 'NONE', #2952, .T. ) ;
#2481 = CARTESIAN_POINT ( 'NONE',  ( -6.150000000000000355, -5.250000000000000000, 6.199999999999000089 ) ) ;
#2482 = EDGE_CURVE ( 'NONE', #8191, #2285, #7160, .T. ) ;
#2483 = CARTESIAN_POINT ( 'NONE',  ( -0.8803667099800001061, -0.9435408238419998872, 0.2010000000000000120 ) ) ;
#2484 = DIRECTION ( 'NONE',  ( 0.000000000000000000, 1.000000000000000000, 0.000000000000000000 ) ) ;
#2485 = CIRCLE ( 'NONE', #3172, 0.1999999999989995891 ) ;
#2486 = ORIENTED_EDGE ( 'NONE', *, *, #5819, .F. ) ;
#2487 = PLANE ( 'NONE',  #1966 ) ;
#2488 = EDGE_LOOP ( 'NONE', ( #2818, #1298, #10136, #7416 ) ) ;
#2489 = CARTESIAN_POINT ( 'NONE',  ( -1.570000000000000062, 2.550000000000000266, 1.000013873792005015E-12 ) ) ;
#2490 = CARTESIAN_POINT ( 'NONE',  ( 0.000000000000000000, 1.550000000000000044, 3.200000000000000178 ) ) ;
#2491 = CARTESIAN_POINT ( 'NONE',  ( 6.400000000000000355, -3.149999999998999822, 2.199999999999000089 ) ) ;
#2492 = CARTESIAN_POINT ( 'NONE',  ( 0.000000000000000000, 1.549999999998999956, 3.840000000000000302 ) ) ;
#2493 = CIRCLE ( 'NONE', #809, 0.1999999999989995891 ) ;
#2494 = CARTESIAN_POINT ( 'NONE',  ( -0.3838487416510000250, -0.8625186366150000561, 0.2000000000000000111 ) ) ;
#2495 = EDGE_CURVE ( 'NONE', #2115, #5978, #8122, .T. ) ;
#2496 = LINE ( 'NONE', #2445, #5423 ) ;
#2497 = CARTESIAN_POINT ( 'NONE',  ( -3.429999999998999627, -3.834297482219000575, 3.199999999999000089 ) ) ;
#2498 = DIRECTION ( 'NONE',  ( -1.000000000000000000, 0.000000000000000000, 0.000000000000000000 ) ) ;
#2499 = B_SPLINE_CURVE_WITH_KNOTS ( 'NONE', 3,
 ( #5230, #256, #9897, #8250, #9941, #991, #8300, #2734, #9204, #5869, #1199, #4375, #4427, #5024, #1943, #1041, #1099, #6772, #2685 ),
 .UNSPECIFIED., .F., .F.,
 ( 4, 1, 1, 1, 1, 1, 1, 1, 1, 1, 1, 1, 1, 1, 1, 1, 4 ),
 ( 0.000000000000000000, 0.06863117867599999311, 0.1345664660379999877, 0.1983281540100000073, 0.2607897666399999759, 0.3219991514839999902, 0.3827217465029999488, 0.4435374740349999900, 0.5051334294839999739, 0.5662138747639999803, 0.6261058646170000186, 0.6853493221599999963, 0.7449958703469999888, 0.8054158418139999442, 0.8676362663450000179, 0.9323077823019999544, 1.000000000000000000 ),
 .UNSPECIFIED. ) ;
#2500 = ORIENTED_EDGE ( 'NONE', *, *, #2011, .F. ) ;
#2501 = AXIS2_PLACEMENT_3D ( 'NONE', #1166, #6947, #378 ) ;
#2502 = FACE_OUTER_BOUND ( 'NONE', #107, .T. ) ;
#2503 = EDGE_CURVE ( 'NONE', #3187, #8658, #2590, .T. ) ;
#2504 = ORIENTED_EDGE ( 'NONE', *, *, #7823, .T. ) ;
#2505 = ADVANCED_FACE ( 'NONE', ( #5876 ), #1747, .F. ) ;
#2506 = ORIENTED_EDGE ( 'NONE', *, *, #750, .F. ) ;
#2507 = LINE ( 'NONE', #9925, #2667 ) ;
#2508 = DIRECTION ( 'NONE',  ( 0.000000000000000000, 1.000000000000000000, 3.491481338843000432E-15 ) ) ;
#2509 = FACE_OUTER_BOUND ( 'NONE', #4790, .T. ) ;
#2510 = CARTESIAN_POINT ( 'NONE',  ( 1.570000000000000062, 0.8499999999999999778, 3.200000000000000178 ) ) ;
#2511 = VERTEX_POINT ( 'NONE', #1898 ) ;
#2512 = DIRECTION ( 'NONE',  ( 1.000000000000000000, 0.000000000000000000, 0.000000000000000000 ) ) ;
#2513 = CARTESIAN_POINT ( 'NONE',  ( -0.9299999999989999599, -3.834297482219000575, 3.839999999999000213 ) ) ;
#2514 = ORIENTED_EDGE ( 'NONE', *, *, #8910, .T. ) ;
#2515 = CARTESIAN_POINT ( 'NONE',  ( 6.150000000000000355, 1.549999999998999956, 4.400000000000000355 ) ) ;
#2516 = DIRECTION ( 'NONE',  ( 0.000000000000000000, -1.000000000000000000, -3.491481338843000432E-15 ) ) ;
#2517 = CARTESIAN_POINT ( 'NONE',  ( -0.3611367807049999934, -1.306871538043999914, 0.2010000000000000120 ) ) ;
#2518 = ORIENTED_EDGE ( 'NONE', *, *, #4284, .T. ) ;
#2519 = LINE ( 'NONE', #2328, #3420 ) ;
#2520 = CARTESIAN_POINT ( 'NONE',  ( -6.150000000000000355, 2.549999999998999733, 3.700000000000000178 ) ) ;
#2521 = DIRECTION ( 'NONE',  ( 0.000000000000000000, 1.000000000000000000, 3.491481338843000432E-15 ) ) ;
#2522 = DIRECTION ( 'NONE',  ( 0.3236155771183229501, 0.8891264907158876740, 0.3236155771183229501 ) ) ;
#2523 = DIRECTION ( 'NONE',  ( 0.000000000000000000, 1.000000000000000000, 3.491481338843000432E-15 ) ) ;
#2524 = ORIENTED_EDGE ( 'NONE', *, *, #7363, .F. ) ;
#2525 = EDGE_CURVE ( 'NONE', #9784, #4149, #1685, .T. ) ;
#2526 = ORIENTED_EDGE ( 'NONE', *, *, #2807, .F. ) ;
#2527 = CARTESIAN_POINT ( 'NONE',  ( 0.3185728446969999794, -0.9149592832640000006, 0.2000000000000000111 ) ) ;
#2528 = EDGE_CURVE ( 'NONE', #4976, #5811, #3433, .T. ) ;
#2529 = ORIENTED_EDGE ( 'NONE', *, *, #5988, .F. ) ;
#2530 = DIRECTION ( 'NONE',  ( 0.000000000000000000, 3.491481338843000432E-15, -1.000000000000000000 ) ) ;
#2531 = VERTEX_POINT ( 'NONE', #6628 ) ;
#2532 = CARTESIAN_POINT ( 'NONE',  ( -0.5439384913549999423, -1.171934035749000014, 0.2000000000000000111 ) ) ;
#2533 = AXIS2_PLACEMENT_3D ( 'NONE', #1197, #9412, #617 ) ;
#2534 = CARTESIAN_POINT ( 'NONE',  ( -3.659951660893999925, -3.966084478092999799, 3.610048339105000448 ) ) ;
#2535 = VECTOR ( 'NONE', #5652, 1000.000000000000000 ) ;
#2536 = DIRECTION ( 'NONE',  ( 0.000000000000000000, 1.000000000000000000, 3.491481338843000432E-15 ) ) ;
#2537 = DIRECTION ( 'NONE',  ( 0.000000000000000000, 1.000000000000000000, 3.491481338843000432E-15 ) ) ;
#2538 = ORIENTED_EDGE ( 'NONE', *, *, #3541, .F. ) ;
#2539 = ORIENTED_EDGE ( 'NONE', *, *, #3554, .T. ) ;
#2540 = DIRECTION ( 'NONE',  ( 0.000000000000000000, 3.491481338843000432E-15, -1.000000000000000000 ) ) ;
#2541 = AXIS2_PLACEMENT_3D ( 'NONE', #2212, #3806, #5451 ) ;
#2542 = FACE_OUTER_BOUND ( 'NONE', #7683, .T. ) ;
#2543 = EDGE_CURVE ( 'NONE', #5316, #9131, #1106, .T. ) ;
#2544 = LINE ( 'NONE', #6204, #2917 ) ;
#2545 = CARTESIAN_POINT ( 'NONE',  ( -0.3515069597339999796, -1.361912441282999930, 0.2010000000000000120 ) ) ;
#2546 = CARTESIAN_POINT ( 'NONE',  ( -0.3838487416510000250, -0.8625186366150000561, 0.2010000000000000120 ) ) ;
#2547 = DIRECTION ( 'NONE',  ( 0.000000000000000000, 3.491481338843000432E-15, -1.000000000000000000 ) ) ;
#2548 = AXIS2_PLACEMENT_3D ( 'NONE', #3997, #1354, #10257 ) ;
#2549 = CARTESIAN_POINT ( 'NONE',  ( -0.3515069597339999796, -1.361912441282999930, 0.2010000000000000120 ) ) ;
#2550 = CARTESIAN_POINT ( 'NONE',  ( -2.100000000000000089, 0.8499999999989999999, 5.500000000000000888 ) ) ;
#2551 = EDGE_LOOP ( 'NONE', ( #4381, #3427, #5767, #1258 ) ) ;
#2552 = CARTESIAN_POINT ( 'NONE',  ( -6.899999999999999467, -3.349999999999000000, 0.2000000000000000111 ) ) ;
#2553 = EDGE_LOOP ( 'NONE', ( #4661, #7940, #8286, #5586, #5615, #5461, #9106, #2524, #9138, #1458, #4214, #2639, #1205, #3770, #1638, #5442, #2688, #1793, #7506, #7359 ) ) ;
#2554 = VECTOR ( 'NONE', #8104, 1000.000000000000000 ) ;
#2555 = VECTOR ( 'NONE', #8171, 1000.000000000000000 ) ;
#2556 = ORIENTED_EDGE ( 'NONE', *, *, #10104, .T. ) ;
#2557 = DIRECTION ( 'NONE',  ( 0.000000000000000000, 3.491481338843000432E-15, -1.000000000000000000 ) ) ;
#2558 = DIRECTION ( 'NONE',  ( -1.000000000000000000, 0.000000000000000000, 0.000000000000000000 ) ) ;
#2559 = CARTESIAN_POINT ( 'NONE',  ( -0.09359918534300000481, -1.136302685186000083, 0.2010000000000000120 ) ) ;
#2560 = EDGE_CURVE ( 'NONE', #5219, #2200, #4983, .T. ) ;
#2561 = CARTESIAN_POINT ( 'NONE',  ( -3.611985117132999967, 5.250000000000000000, 0.1819851171340000351 ) ) ;
#2562 = ORIENTED_EDGE ( 'NONE', *, *, #6640, .T. ) ;
#2563 = AXIS2_PLACEMENT_3D ( 'NONE', #2596, #221, #1906 ) ;
#2565 = AXIS2_PLACEMENT_3D ( 'NONE', #6245, #4751, #2210 ) ;
#2564 = FACE_OUTER_BOUND ( 'NONE', #2168, .T. ) ;
#2566 = CARTESIAN_POINT ( 'NONE',  ( -7.500000000000000000, -5.249999999998999911, 0.2000000000000000111 ) ) ;
#2567 = ORIENTED_EDGE ( 'NONE', *, *, #6299, .F. ) ;
#2568 = CARTESIAN_POINT ( 'NONE',  ( -6.400000000000000355, -5.149999999999000266, -2.061552812807999846 ) ) ;
#2569 = DIRECTION ( 'NONE',  ( 1.000000000000000000, 0.000000000000000000, 0.000000000000000000 ) ) ;
#2570 = CARTESIAN_POINT ( 'NONE',  ( -0.4538739070259999453, -1.286781584457999950, 0.2010000000000000120 ) ) ;
#2571 = VECTOR ( 'NONE', #2508, 1000.000000000000000 ) ;
#2572 = VECTOR ( 'NONE', #7385, 1000.000000000000000 ) ;
#2573 = EDGE_LOOP ( 'NONE', ( #9858, #5976, #609, #960 ) ) ;
#2574 = PRESENTATION_LAYER_ASSIGNMENT (  '', '', ( #1238 ) ) ;
#2575 = DIRECTION ( 'NONE',  ( -1.000000000000000000, 0.000000000000000000, 0.000000000000000000 ) ) ;
#2576 = DIRECTION ( 'NONE',  ( 0.000000000000000000, -3.491481338843000432E-15, 1.000000000000000000 ) ) ;
#2577 = ADVANCED_FACE ( 'NONE', ( #9848 ), #4923, .T. ) ;
#2578 = CARTESIAN_POINT ( 'NONE',  ( 0.5327433634899999548, -1.013837887803000104, 0.2010000000000000120 ) ) ;
#2579 = DIRECTION ( 'NONE',  ( 1.270795280836009862E-15, 0.000000000000000000, 1.000000000000000000 ) ) ;
#2580 = EDGE_CURVE ( 'NONE', #3178, #9910, #3379, .T. ) ;
#2581 = EDGE_LOOP ( 'NONE', ( #138, #1490, #3579, #1875 ) ) ;
#2582 = ORIENTED_EDGE ( 'NONE', *, *, #6048, .F. ) ;
#2583 = VECTOR ( 'NONE', #3509, 1000.000000000000000 ) ;
#2584 = VECTOR ( 'NONE', #4080, 1000.000000000000000 ) ;
#2585 = ORIENTED_EDGE ( 'NONE', *, *, #4121, .F. ) ;
#2586 = AXIS2_PLACEMENT_3D ( 'NONE', #4069, #10387, #4875 ) ;
#2587 = B_SPLINE_CURVE_WITH_KNOTS ( 'NONE', 3,
 ( #4980, #6626, #839, #1843, #2588, #5829, #9060 ),
 .UNSPECIFIED., .F., .F.,
 ( 4, 1, 1, 1, 4 ),
 ( 0.000000000000000000, 0.1744817153170000190, 0.3982857591280000165, 0.6738978473979999606, 1.000000000000000000 ),
 .UNSPECIFIED. ) ;
#2588 = CARTESIAN_POINT ( 'NONE',  ( -0.8785368180059999199, -0.9338239978529999652, 0.2000000000000000111 ) ) ;
#2589 = ORIENTED_EDGE ( 'NONE', *, *, #9874, .T. ) ;
#2590 = LINE ( 'NONE', #8954, #4791 ) ;
#2591 = ORIENTED_EDGE ( 'NONE', *, *, #10107, .F. ) ;
#2592 = LINE ( 'NONE', #8210, #3238 ) ;
#2593 = CARTESIAN_POINT ( 'NONE',  ( -0.6999999999990000887, 0.9499999999999999556, 2.700000000000000178 ) ) ;
#2594 = AXIS2_PLACEMENT_3D ( 'NONE', #8145, #2420, #8091 ) ;
#2595 = FACE_OUTER_BOUND ( 'NONE', #551, .T. ) ;
#2596 = CARTESIAN_POINT ( 'NONE',  ( -6.400000000000000355, -3.149999999998999822, -2.061552812807999846 ) ) ;
#2597 = ORIENTED_EDGE ( 'NONE', *, *, #445, .T. ) ;
#2598 = ADVANCED_FACE ( 'NONE', ( #6683 ), #9111, .F. ) ;
#2599 = CARTESIAN_POINT ( 'NONE',  ( 0.3275102095630000321, -1.363779172285999985, 0.2000000000000000111 ) ) ;
#2600 = LINE ( 'NONE', #171, #5212 ) ;
#2601 = EDGE_CURVE ( 'NONE', #951, #5811, #2927, .T. ) ;
#2602 = CARTESIAN_POINT ( 'NONE',  ( -0.9299999999989999599, 2.405251729774000147, 3.125825627559000175 ) ) ;
#2603 = AXIS2_PLACEMENT_3D ( 'NONE', #2175, #2976, #3080 ) ;
#2604 = B_SPLINE_CURVE_WITH_KNOTS ( 'NONE', 3,
 ( #5106, #8337, #4307, #290, #6758, #9970, #1925 ),
 .UNSPECIFIED., .F., .F.,
 ( 4, 1, 1, 1, 4 ),
 ( 0.000000000000000000, 0.3005411131580000283, 0.5677471464829999537, 0.8000336137360000155, 1.000000000000000000 ),
 .UNSPECIFIED. ) ;
#2605 = CARTESIAN_POINT ( 'NONE',  ( 5.450000000000000178, 1.349999999999000000, 5.500000000000000888 ) ) ;
#2606 = CARTESIAN_POINT ( 'NONE',  ( -0.5893850963550000266, -0.9838597514600000427, 0.2010000000000000120 ) ) ;
#2607 = DIRECTION ( 'NONE',  ( 0.000000000000000000, -3.491481338843000432E-15, 1.000000000000000000 ) ) ;
#2608 = LINE ( 'NONE', #1655, #6493 ) ;
#2609 = DIRECTION ( 'NONE',  ( 0.000000000000000000, -1.000000000000000000, 8.631218366307999222E-14 ) ) ;
#2610 = EDGE_CURVE ( 'NONE', #8011, #9966, #6660, .T. ) ;
#2611 = CARTESIAN_POINT ( 'NONE',  ( -1.105794307295000056, -1.361912441282999930, 0.2010000000000000120 ) ) ;
#2612 = ORIENTED_EDGE ( 'NONE', *, *, #7907, .T. ) ;
#2613 = VECTOR ( 'NONE', #5998, 1000.000000000000000 ) ;
#2614 = DIRECTION ( 'NONE',  ( 1.000000000000000000, 0.000000000000000000, 0.000000000000000000 ) ) ;
#2615 = EDGE_CURVE ( 'NONE', #2093, #3481, #1051, .T. ) ;
#2616 = ORIENTED_EDGE ( 'NONE', *, *, #2528, .F. ) ;
#2617 = LINE ( 'NONE', #5642, #3847 ) ;
#2618 = CARTESIAN_POINT ( 'NONE',  ( 4.069999999999000195, 1.665702517779999781, 3.100000000000000533 ) ) ;
#2619 = DIRECTION ( 'NONE',  ( 0.000000000000000000, -1.000000000000000000, -3.491481338843000432E-15 ) ) ;
#2620 = DIRECTION ( 'NONE',  ( 1.000000000000000000, 0.000000000000000000, 0.000000000000000000 ) ) ;
#2621 = AXIS2_PLACEMENT_3D ( 'NONE', #7882, #5501, #9469 ) ;
#2622 = EDGE_CURVE ( 'NONE', #1960, #7303, #3531, .T. ) ;
#2623 = VERTEX_POINT ( 'NONE', #7365 ) ;
#2624 = CARTESIAN_POINT ( 'NONE',  ( -2.100000000000000089, 0.8499999999999999778, 2.700000000000000178 ) ) ;
#2625 = LINE ( 'NONE', #9777, #3385 ) ;
#2626 = VERTEX_POINT ( 'NONE', #3330 ) ;
#2627 = ORIENTED_EDGE ( 'NONE', *, *, #5938, .T. ) ;
#2628 = CARTESIAN_POINT ( 'NONE',  ( 0.2620073614630000214, -1.343804240269999895, 0.2010000000000000120 ) ) ;
#2629 = AXIS2_PLACEMENT_3D ( 'NONE', #1403, #2135, #7126 ) ;
#2630 = LINE ( 'NONE', #5117, #467 ) ;
#2631 = ORIENTED_EDGE ( 'NONE', *, *, #3415, .T. ) ;
#2632 = DIRECTION ( 'NONE',  ( -1.000000000000000000, 0.000000000000000000, 0.000000000000000000 ) ) ;
#2633 = LINE ( 'NONE', #5763, #6472 ) ;
#2634 = FACE_OUTER_BOUND ( 'NONE', #3940, .T. ) ;
#2635 = CYLINDRICAL_SURFACE ( 'NONE', #6836, 0.06000000000000015737 ) ;
#2636 = ADVANCED_FACE ( 'NONE', ( #6576 ), #9794, .T. ) ;
#2637 = ORIENTED_EDGE ( 'NONE', *, *, #1602, .F. ) ;
#2638 = VERTEX_POINT ( 'NONE', #265 ) ;
#2639 = ORIENTED_EDGE ( 'NONE', *, *, #3897, .F. ) ;
#2640 = EDGE_CURVE ( 'NONE', #1577, #7619, #10002, .T. ) ;
#2641 = LINE ( 'NONE', #4175, #9901 ) ;
#2642 = EDGE_CURVE ( 'NONE', #10442, #7252, #9006, .T. ) ;
#2643 = ORIENTED_EDGE ( 'NONE', *, *, #2461, .T. ) ;
#2644 = DIRECTION ( 'NONE',  ( 0.000000000000000000, 0.000000000000000000, 1.000000000000000000 ) ) ;
#2645 = ORIENTED_EDGE ( 'NONE', *, *, #851, .T. ) ;
#2646 = DIRECTION ( 'NONE',  ( 0.000000000000000000, -3.491481338843000432E-15, 1.000000000000000000 ) ) ;
#2647 = CARTESIAN_POINT ( 'NONE',  ( 0.5340004414620000972, -1.215309063394000022, 0.2010000000000000120 ) ) ;
#2648 = LINE ( 'NONE', #165, #5143 ) ;
#2649 = CARTESIAN_POINT ( 'NONE',  ( -0.3773786794909999576, -0.9172228579780000723, 0.2010000000000000120 ) ) ;
#2650 = ORIENTED_EDGE ( 'NONE', *, *, #30, .T. ) ;
#2651 = CARTESIAN_POINT ( 'NONE',  ( 0.3854404488020000130, -1.368010002259000046, 0.2000000000000000111 ) ) ;
#2652 = CARTESIAN_POINT ( 'NONE',  ( -0.3999999999989999888, 0.8499999999989999999, 5.500000000000000888 ) ) ;
#2653 = DIRECTION ( 'NONE',  ( 0.3236155771183229501, 0.8891264907158876740, 0.3236155771183229501 ) ) ;
#2654 = CARTESIAN_POINT ( 'NONE',  ( 0.9300000000000000488, 5.250000000000000000, 0.1819851171340000351 ) ) ;
#2655 = CARTESIAN_POINT ( 'NONE',  ( -0.3999999999989999888, 1.149999999999999911, 2.700000000000000178 ) ) ;
#2656 = DIRECTION ( 'NONE',  ( -0.000000000000000000, 0.9993908270191130816, 0.03489949670200395010 ) ) ;
#2657 = CARTESIAN_POINT ( 'NONE',  ( -0.6545747950999999398, -1.361912441282999930, 0.2010000000000000120 ) ) ;
#2658 = LINE ( 'NONE', #8431, #8995 ) ;
#2659 = DIRECTION ( 'NONE',  ( 0.000000000000000000, -1.000000000000000000, -3.472835083742000696E-15 ) ) ;
#2660 = ORIENTED_EDGE ( 'NONE', *, *, #2458, .T. ) ;
#2661 = EDGE_CURVE ( 'NONE', #4716, #725, #4177, .T. ) ;
#2662 = PLANE ( 'NONE',  #889 ) ;
#2663 = VECTOR ( 'NONE', #4161, 1000.000000000000000 ) ;
#2664 = EDGE_CURVE ( 'NONE', #9525, #6706, #1157, .T. ) ;
#2665 = VECTOR ( 'NONE', #1679, 1000.000000000000000 ) ;
#2666 = ORIENTED_EDGE ( 'NONE', *, *, #5211, .F. ) ;
#2667 = VECTOR ( 'NONE', #4463, 1000.000000000000000 ) ;
#2668 = ADVANCED_FACE ( 'NONE', ( #6839 ), #4386, .F. ) ;
#2669 = CARTESIAN_POINT ( 'NONE',  ( 4.069999999999000195, -3.834297482219000575, 3.199999999999000089 ) ) ;
#2670 = LINE ( 'NONE', #8128, #7995 ) ;
#2671 = CARTESIAN_POINT ( 'NONE',  ( 0.4229421916530000103, -0.9181256682530000157, 0.2000000000000000111 ) ) ;
#2672 = AXIS2_PLACEMENT_3D ( 'NONE', #2233, #5475, #8709 ) ;
#2673 = CARTESIAN_POINT ( 'NONE',  ( -0.5303621121910000458, -1.006896030579000012, 0.2010000000000000120 ) ) ;
#2674 = VERTEX_POINT ( 'NONE', #5984 ) ;
#2675 = DIRECTION ( 'NONE',  ( 0.000000000000000000, 1.000000000000000000, 3.491481338843000432E-15 ) ) ;
#2676 = ORIENTED_EDGE ( 'NONE', *, *, #5321, .F. ) ;
#2677 = ORIENTED_EDGE ( 'NONE', *, *, #8756, .F. ) ;
#2678 = EDGE_CURVE ( 'NONE', #5980, #5034, #9214, .T. ) ;
#2679 = CARTESIAN_POINT ( 'NONE',  ( -0.9299999999989999599, -3.334297482219000575, 0.6999999999990000887 ) ) ;
#2680 = ORIENTED_EDGE ( 'NONE', *, *, #5429, .F. ) ;
#2681 = CARTESIAN_POINT ( 'NONE',  ( 0.3236952781070000507, -1.308878285777000050, 0.2000000000000000111 ) ) ;
#2682 = DIRECTION ( 'NONE',  ( 0.000000000000000000, 3.491481338843000432E-15, -1.000000000000000000 ) ) ;
#2683 = PRODUCT_RELATED_PRODUCT_CATEGORY ( 'part', '', ( #5275 ) ) ;
#2684 = CARTESIAN_POINT ( 'NONE',  ( -3.850000000000000089, -1.750000000000000000, 6.199999999999000089 ) ) ;
#2685 = CARTESIAN_POINT ( 'NONE',  ( -0.6179894292460000882, -1.105624331527000015, 0.2000000000000000111 ) ) ;
#2686 = ORIENTED_EDGE ( 'NONE', *, *, #6490, .T. ) ;
#2687 = PLANE ( 'NONE',  #10258 ) ;
#2688 = ORIENTED_EDGE ( 'NONE', *, *, #9553, .F. ) ;
#2689 = ORIENTED_EDGE ( 'NONE', *, *, #7784, .F. ) ;
#2690 = CARTESIAN_POINT ( 'NONE',  ( 9.840731680114000568, -0.4499999999989999777, 2.699999999999000089 ) ) ;
#2691 = ORIENTED_EDGE ( 'NONE', *, *, #5695, .T. ) ;
#2692 = CARTESIAN_POINT ( 'NONE',  ( -0.8765641243680000194, -0.9228880510390000680, 0.2000000000000000111 ) ) ;
#2693 = ORIENTED_EDGE ( 'NONE', *, *, #1790, .T. ) ;
#2694 = CARTESIAN_POINT ( 'NONE',  ( -0.5382809819410000474, -1.191138415801000106, 0.2000000000000000111 ) ) ;
#2695 = CARTESIAN_POINT ( 'NONE',  ( 0.5409194940560000386, -1.197928560355000061, 0.2010000000000000120 ) ) ;
#2696 = EDGE_CURVE ( 'NONE', #9371, #4801, #7639, .T. ) ;
#2697 = DIRECTION ( 'NONE',  ( 0.000000000000000000, 1.000000000000000000, 0.000000000000000000 ) ) ;
#2698 = CARTESIAN_POINT ( 'NONE',  ( -0.5479557752310000307, -1.062916061524999956, 0.2000000000000000111 ) ) ;
#2699 = EDGE_CURVE ( 'NONE', #4485, #463, #1970, .T. ) ;
#2700 = VERTEX_POINT ( 'NONE', #9921 ) ;
#2701 = CARTESIAN_POINT ( 'NONE',  ( 0.3787044519849999680, -1.367931000353999949, 0.2000000000000000111 ) ) ;
#2702 = CARTESIAN_POINT ( 'NONE',  ( 6.899999999999999467, -4.949999999998999201, 0.000000000000000000 ) ) ;
#2703 = CARTESIAN_POINT ( 'NONE',  ( 3.429999999998999627, 1.550000000000000044, 3.200000000000000178 ) ) ;
#2704 = LINE ( 'NONE', #7483, #6289 ) ;
#2705 = CARTESIAN_POINT ( 'NONE',  ( 0.6624983756310000027, -1.307034392503000131, 0.2010000000000000120 ) ) ;
#2706 = CARTESIAN_POINT ( 'NONE',  ( 0.5482834363609999651, -0.9285376946800000253, 0.2000000000000000111 ) ) ;
#2707 = CARTESIAN_POINT ( 'NONE',  ( 2.899999999998999822, 0.8499999999989999999, 5.500000000000000888 ) ) ;
#2708 = EDGE_CURVE ( 'NONE', #496, #1795, #2709, .T. ) ;
#2709 = LINE ( 'NONE', #8433, #2466 ) ;
#2710 = VERTEX_POINT ( 'NONE', #1123 ) ;
#2711 = VECTOR ( 'NONE', #678, 1000.000000000000000 ) ;
#2712 = DIRECTION ( 'NONE',  ( 1.000000000000000000, 0.000000000000000000, 0.000000000000000000 ) ) ;
#2713 = ORIENTED_EDGE ( 'NONE', *, *, #1280, .F. ) ;
#2714 = DIRECTION ( 'NONE',  ( 0.000000000000000000, -1.000000000000000000, -3.491481338843000432E-15 ) ) ;
#2715 = VECTOR ( 'NONE', #7088, 1000.000000000000000 ) ;
#2716 = CARTESIAN_POINT ( 'NONE',  ( 5.450000000000000178, 1.549999999998999956, 4.400000000000000355 ) ) ;
#2717 = CARTESIAN_POINT ( 'NONE',  ( 0.3717311358319999592, -0.9108385971310000162, 0.2000000000000000111 ) ) ;
#2718 = EDGE_CURVE ( 'NONE', #374, #6278, #5208, .T. ) ;
#2719 = PLANE ( 'NONE',  #196 ) ;
#2720 = ORIENTED_EDGE ( 'NONE', *, *, #6361, .F. ) ;
#2721 = CARTESIAN_POINT ( 'NONE',  ( 6.899999999999999467, -5.149999999999000266, -2.061552812807999846 ) ) ;
#2722 = VERTEX_POINT ( 'NONE', #3501 ) ;
#2723 = ADVANCED_FACE ( 'NONE', ( #9080 ), #8381, .F. ) ;
#2724 = VERTEX_POINT ( 'NONE', #4301 ) ;
#2725 = ORIENTED_EDGE ( 'NONE', *, *, #7504, .T. ) ;
#2726 = B_SPLINE_SURFACE_WITH_KNOTS ( 'NONE', 3, 1, ( 
 ( #958, #4182 ),
 ( #7423, #166 ),
 ( #9699, #2432 ),
 ( #3184, #2698 ),
 ( #4392, #5837 ),
 ( #2804, #5196 ),
 ( #5935, #1061 ),
 ( #8471, #2753 ),
 ( #9909, #3441 ),
 ( #7577, #1215 ),
 ( #7474, #8419 ),
 ( #1163, #5039 ),
 ( #7625, #7529 ),
 ( #1003, #10064 ),
 ( #4234, #1959 ),
 ( #5145, #6041 ),
 ( #2649, #4289 ),
 ( #6845, #5882 ),
 ( #6689, #5991 ) ),
 .UNSPECIFIED., .F., .F., .F.,
 ( 4, 1, 1, 1, 1, 1, 1, 1, 1, 1, 1, 1, 1, 1, 1, 1, 4 ),
 ( 2, 2 ),
 ( 0.000000000000000000, 0.07430379644199999745, 0.1443936103640000024, 0.2104994961029999778, 0.2735426065029999965, 0.3338247445790000212, 0.3925296724080000188, 0.4500874545990000142, 0.5078206115550000233, 0.5654649127760000837, 0.6231487223330000047, 0.6812971927900000058, 0.7409134981559999389, 0.8018557521950000488, 0.8652412377199999449, 0.9309416570459999596, 1.000000000000000000 ),
 ( 0.000000000000000000, 1.000000000000000000 ),
 .UNSPECIFIED. ) ;
#2727 = CARTESIAN_POINT ( 'NONE',  ( 0.3952319583650000245, -1.312641411656999990, 0.2000000000000000111 ) ) ;
#2728 = ORIENTED_EDGE ( 'NONE', *, *, #5059, .F. ) ;
#2729 = FACE_OUTER_BOUND ( 'NONE', #1204, .T. ) ;
#2730 = CARTESIAN_POINT ( 'NONE',  ( -5.450000000000000178, 1.250000000000000000, 2.900000000000000355 ) ) ;
#2731 = VECTOR ( 'NONE', #2762, 1000.000000000000000 ) ;
#2732 = VECTOR ( 'NONE', #5788, 1000.000000000000000 ) ;
#2733 = CARTESIAN_POINT ( 'NONE',  ( -6.400000000000000355, -5.149999999999000266, -2.061552812807999846 ) ) ;
#2734 = CARTESIAN_POINT ( 'NONE',  ( -0.5040508596909999417, -0.8988550566409999609, 0.2000000000000000111 ) ) ;
#2735 = VERTEX_POINT ( 'NONE', #1864 ) ;
#2736 = B_SPLINE_CURVE_WITH_KNOTS ( 'NONE', 3,
 ( #6098, #7789, #2859, #8643, #1225, #7633, #5997, #9230, #3600, #6154, #4450, #5202, #7735, #7689, #9434, #482, #8428, #9327, #3702 ),
 .UNSPECIFIED., .F., .F.,
 ( 4, 1, 1, 1, 1, 1, 1, 1, 1, 1, 1, 1, 1, 1, 1, 1, 4 ),
 ( 0.000000000000000000, 0.06783324845500000866, 0.1326555365070000159, 0.1950508840500000118, 0.2555829330680000067, 0.3147998341470000239, 0.3736004728260000074, 0.4325455953260000097, 0.4924306292830000209, 0.5526712559620000631, 0.6125130441879998999, 0.6726102503569999502, 0.7338383693129999497, 0.7965942385669999570, 0.8614497992899999845, 0.9291989423500000012, 0.9999999999990000221 ),
 .UNSPECIFIED. ) ;
#2737 = EDGE_CURVE ( 'NONE', #7132, #6812, #1233, .T. ) ;
#2738 = CARTESIAN_POINT ( 'NONE',  ( 0.3483653395050000379, -0.8559379075580000329, 0.2010000000000000120 ) ) ;
#2740 = ORIENTED_EDGE ( 'NONE', *, *, #7244, .F. ) ;
#2739 = ORIENTED_EDGE ( 'NONE', *, *, #1668, .T. ) ;
#2741 = EDGE_LOOP ( 'NONE', ( #1555, #1325, #3639, #9778 ) ) ;
#2742 = VECTOR ( 'NONE', #7682, 1000.000000000000000 ) ;
#2743 = VECTOR ( 'NONE', #2961, 1000.000000000000000 ) ;
#2744 = CARTESIAN_POINT ( 'NONE',  ( -1.111985117132999967, 5.250000000000000000, 0.6400000000000000133 ) ) ;
#2745 = ORIENTED_EDGE ( 'NONE', *, *, #8774, .F. ) ;
#2746 = DIRECTION ( 'NONE',  ( 0.000000000000000000, 3.838426034038000158E-15, -1.000000000000000000 ) ) ;
#2747 = ORIENTED_EDGE ( 'NONE', *, *, #576, .T. ) ;
#2748 = LINE ( 'NONE', #7621, #7315 ) ;
#2749 = CARTESIAN_POINT ( 'NONE',  ( 0.5526033681449999957, -1.124558409985000118, 0.2010000000000000120 ) ) ;
#2750 = VECTOR ( 'NONE', #939, 1000.000000000000000 ) ;
#2751 = CIRCLE ( 'NONE', #2916, 0.2000000000000000944 ) ;
#2752 = CARTESIAN_POINT ( 'NONE',  ( 1.570000000000000062, 2.550000000000000266, 0.6999999999999999556 ) ) ;
#2753 = CARTESIAN_POINT ( 'NONE',  ( -0.5210821964410000673, -0.9911897663640000244, 0.2000000000000000111 ) ) ;
#2754 = ORIENTED_EDGE ( 'NONE', *, *, #8567, .F. ) ;
#2755 = CARTESIAN_POINT ( 'NONE',  ( 0.1503032536799999985, -0.8619124412830000415, 0.2010000000000000120 ) ) ;
#2756 = CARTESIAN_POINT ( 'NONE',  ( 0.3236952781070000507, -1.308878285777000050, 0.2010000000000000120 ) ) ;
#2757 = DIRECTION ( 'NONE',  ( 0.000000000000000000, 0.03489949670200395010, -0.9993908270191130816 ) ) ;
#2758 = CARTESIAN_POINT ( 'NONE',  ( -0.8435991853430000464, -0.8619124412830000415, 0.2010000000000000120 ) ) ;
#2759 = AXIS2_PLACEMENT_3D ( 'NONE', #8813, #2840, #7123 ) ;
#2760 = LINE ( 'NONE', #8324, #2613 ) ;
#2761 = CARTESIAN_POINT ( 'NONE',  ( 2.500000000000000000, 0.8499999999999999778, 3.200000000000000178 ) ) ;
#2762 = DIRECTION ( 'NONE',  ( -1.000000000000000000, 0.000000000000000000, 0.000000000000000000 ) ) ;
#2763 = ADVANCED_FACE ( 'NONE', ( #5098 ), #284, .F. ) ;
#2764 = CARTESIAN_POINT ( 'NONE',  ( -3.850000000000000089, -1.750000000000000000, 6.199999999999000089 ) ) ;
#2765 = ORIENTED_EDGE ( 'NONE', *, *, #4868, .T. ) ;
#2766 = DIRECTION ( 'NONE',  ( 1.000000000000000000, 0.000000000000000000, 0.000000000000000000 ) ) ;
#2767 = VECTOR ( 'NONE', #7739, 1000.000000000000000 ) ;
#2768 = LINE ( 'NONE', #6804, #1095 ) ;
#2769 = EDGE_CURVE ( 'NONE', #5292, #2007, #10075, .T. ) ;
#2770 = ADVANCED_FACE ( 'NONE', ( #7590 ), #2817, .F. ) ;
#2771 = CARTESIAN_POINT ( 'NONE',  ( 3.429999999998999627, -3.334297482219000575, 3.839999999999000213 ) ) ;
#2772 = DIRECTION ( 'NONE',  ( 0.000000000000000000, 0.03489949670200395010, -0.9993908270191130816 ) ) ;
#2773 = FACE_OUTER_BOUND ( 'NONE', #6440, .T. ) ;
#2774 = VECTOR ( 'NONE', #9439, 1000.000000000000000 ) ;
#2775 = CARTESIAN_POINT ( 'NONE',  ( -0.5378983773709999916, -1.024123200552000013, 0.2010000000000000120 ) ) ;
#2776 = VERTEX_POINT ( 'NONE', #1812 ) ;
#2777 = LINE ( 'NONE', #2721, #5588 ) ;
#2778 = ORIENTED_EDGE ( 'NONE', *, *, #5533, .T. ) ;
#2779 = CIRCLE ( 'NONE', #3292, 0.2000000000000000944 ) ;
#2780 = EDGE_LOOP ( 'NONE', ( #4688, #5624, #9633, #10412 ) ) ;
#2781 = DIRECTION ( 'NONE',  ( 0.000000000000000000, 1.000000000000000000, 5.421010862454638475E-15 ) ) ;
#2782 = ORIENTED_EDGE ( 'NONE', *, *, #7244, .T. ) ;
#2783 = VECTOR ( 'NONE', #1179, 1000.000000000000114 ) ;
#2784 = DIRECTION ( 'NONE',  ( 1.000000000000000000, 0.000000000000000000, 0.000000000000000000 ) ) ;
#2785 = DIRECTION ( 'NONE',  ( 1.270795280836009862E-15, 0.000000000000000000, 1.000000000000000000 ) ) ;
#2786 = EDGE_CURVE ( 'NONE', #6033, #5701, #7552, .T. ) ;
#2787 = LINE ( 'NONE', #4481, #3062 ) ;
#2788 = DIRECTION ( 'NONE',  ( 0.000000000000000000, 3.491481338843000432E-15, -1.000000000000000000 ) ) ;
#2789 = ORIENTED_EDGE ( 'NONE', *, *, #5797, .F. ) ;
#2790 = EDGE_CURVE ( 'NONE', #5505, #6623, #9965, .T. ) ;
#2791 = DIRECTION ( 'NONE',  ( 0.3236155771183229501, -0.8891264907158876740, -0.3236155771183229501 ) ) ;
#2793 = VERTEX_POINT ( 'NONE', #6055 ) ;
#2792 = ORIENTED_EDGE ( 'NONE', *, *, #3381, .F. ) ;
#2794 = ORIENTED_EDGE ( 'NONE', *, *, #2258, .T. ) ;
#2795 = VECTOR ( 'NONE', #227, 1000.000000000000000 ) ;
#2796 = CARTESIAN_POINT ( 'NONE',  ( -0.8669414109530000356, -0.9579490266489999462, 0.2010000000000000120 ) ) ;
#2797 = VERTEX_POINT ( 'NONE', #2019 ) ;
#2798 = ORIENTED_EDGE ( 'NONE', *, *, #673, .T. ) ;
#2799 = ADVANCED_FACE ( 'NONE', ( #10024 ), #9284, .F. ) ;
#2800 = CARTESIAN_POINT ( 'NONE',  ( 9.840731680114000568, -4.649999999998999378, 1.199999999999000089 ) ) ;
#2801 = PLANE ( 'NONE',  #4645 ) ;
#2802 = EDGE_CURVE ( 'NONE', #7638, #4637, #8484, .T. ) ;
#2803 = CARTESIAN_POINT ( 'NONE',  ( -6.150000000000000355, -5.249999999998999911, 0.2000000000000000111 ) ) ;
#2804 = CARTESIAN_POINT ( 'NONE',  ( -0.5378983773709999916, -1.024123200552000013, 0.2010000000000000120 ) ) ;
#2805 = ORIENTED_EDGE ( 'NONE', *, *, #9700, .F. ) ;
#2806 = CARTESIAN_POINT ( 'NONE',  ( 0.4000000000000000222, 0.8499999999989999999, 5.500000000000000888 ) ) ;
#2807 = EDGE_CURVE ( 'NONE', #9144, #2511, #6649, .T. ) ;
#2808 = LINE ( 'NONE', #5246, #815 ) ;
#2809 = CARTESIAN_POINT ( 'NONE',  ( 1.750000000000000000, 1.850000000000000089, 0.9000000000000000222 ) ) ;
#2810 = ADVANCED_FACE ( 'NONE', ( #6705 ), #3177, .T. ) ;
#2811 = LINE ( 'NONE', #6047, #4935 ) ;
#2812 = VECTOR ( 'NONE', #3289, 1000.000000000000000 ) ;
#2813 = CARTESIAN_POINT ( 'NONE',  ( -2.449999999998999645, -3.319848480983000005, 6.199999999999000089 ) ) ;
#2814 = CARTESIAN_POINT ( 'NONE',  ( 0.5298444589999999899, -0.9114509414290000722, 0.2000000000000000111 ) ) ;
#2815 = DIRECTION ( 'NONE',  ( 1.000000000000000000, 0.000000000000000000, 0.000000000000000000 ) ) ;
#2816 = EDGE_LOOP ( 'NONE', ( #4457, #7968, #6884, #2083 ) ) ;
#2817 = PLANE ( 'NONE',  #1628 ) ;
#2818 = ORIENTED_EDGE ( 'NONE', *, *, #3925, .F. ) ;
#2819 = CARTESIAN_POINT ( 'NONE',  ( 5.450000000000000178, -5.250000000000000000, 5.499999999999000799 ) ) ;
#2820 = DIRECTION ( 'NONE',  ( 0.000000000000000000, 0.03489949670200395010, -0.9993908270191130816 ) ) ;
#2821 = ADVANCED_FACE ( 'NONE', ( #7012 ), #7065, .F. ) ;
#2822 = CARTESIAN_POINT ( 'NONE',  ( -6.150000000000000355, -2.849999999999000000, 0.2000000000000000111 ) ) ;
#2823 = LINE ( 'NONE', #2716, #5118 ) ;
#2824 = LINE ( 'NONE', #4626, #9636 ) ;
#2825 = CARTESIAN_POINT ( 'NONE',  ( 5.450000000000000178, 13.68089176689499986, 5.500000000000000888 ) ) ;
#2826 = ORIENTED_EDGE ( 'NONE', *, *, #8575, .T. ) ;
#2827 = ADVANCED_FACE ( 'NONE', ( #7903 ), #3873, .F. ) ;
#2828 = AXIS2_PLACEMENT_3D ( 'NONE', #9377, #5453, #3964 ) ;
#2829 = EDGE_CURVE ( 'NONE', #1358, #235, #9335, .T. ) ;
#2830 = DIRECTION ( 'NONE',  ( 0.000000000000000000, 3.491481338843000432E-15, -1.000000000000000000 ) ) ;
#2831 = ORIENTED_EDGE ( 'NONE', *, *, #4556, .T. ) ;
#2832 = VECTOR ( 'NONE', #867, 1000.000000000000000 ) ;
#2833 = ORIENTED_EDGE ( 'NONE', *, *, #9999, .F. ) ;
#2834 = CARTESIAN_POINT ( 'NONE',  ( 0.5462256649050000190, -1.179378044765000189, 0.2000000000000000111 ) ) ;
#2835 = VECTOR ( 'NONE', #225, 1000.000000000000000 ) ;
#2836 = ORIENTED_EDGE ( 'NONE', *, *, #1571, .F. ) ;
#2837 = DIRECTION ( 'NONE',  ( -1.000000000000000000, 0.000000000000000000, 0.000000000000000000 ) ) ;
#2838 = DIRECTION ( 'NONE',  ( 1.000000000000000000, 0.000000000000000000, 0.000000000000000000 ) ) ;
#2839 = LINE ( 'NONE', #6024, #1192 ) ;
#2840 = DIRECTION ( 'NONE',  ( -0.9396926207860170077, 0.3420201433253705070, 1.194156947931292562E-15 ) ) ;
#2841 = ORIENTED_EDGE ( 'NONE', *, *, #2528, .T. ) ;
#2842 = CARTESIAN_POINT ( 'NONE',  ( -3.429999999998999627, 2.550000000000000266, 0.6999999999999999556 ) ) ;
#2844 = ORIENTED_EDGE ( 'NONE', *, *, #6810, .T. ) ;
#2843 = ORIENTED_EDGE ( 'NONE', *, *, #10453, .F. ) ;
#2845 = EDGE_LOOP ( 'NONE', ( #4537, #9084, #2059, #2335 ) ) ;
#2846 = LINE ( 'NONE', #2744, #7028 ) ;
#2847 = ORIENTED_EDGE ( 'NONE', *, *, #6755, .F. ) ;
#2848 = VERTEX_POINT ( 'NONE', #2124 ) ;
#2849 = DIRECTION ( 'NONE',  ( 0.3236155771183229501, 0.8891264907158876740, -0.3236155771183229501 ) ) ;
#2850 = CARTESIAN_POINT ( 'NONE',  ( 4.250000000000000000, 1.550000000000000044, 0.9000000000000000222 ) ) ;
#2851 = CARTESIAN_POINT ( 'NONE',  ( 0.5523320803380000754, -1.138835844881999959, 0.2000000000000000111 ) ) ;
#2852 = CARTESIAN_POINT ( 'NONE',  ( -0.8765641243680000194, -0.9228880510390000680, 0.2010000000000000120 ) ) ;
#2853 = ADVANCED_FACE ( 'NONE', ( #6321 ), #9546, .F. ) ;
#2854 = DIRECTION ( 'NONE',  ( -0.9396926207860170077, -0.3420201433253705070, -1.194156947931292167E-15 ) ) ;
#2855 = ORIENTED_EDGE ( 'NONE', *, *, #6114, .T. ) ;
#2856 = DIRECTION ( 'NONE',  ( 1.000000000000000000, 0.000000000000000000, 0.000000000000000000 ) ) ;
#2857 = PLANE ( 'NONE',  #8427 ) ;
#2858 = DIRECTION ( 'NONE',  ( 0.000000000000000000, 3.491481338843000432E-15, -1.000000000000000000 ) ) ;
#2859 = CARTESIAN_POINT ( 'NONE',  ( 0.4110937769099999861, -1.367437859133999956, 0.2000000000000000111 ) ) ;
#2860 = CARTESIAN_POINT ( 'NONE',  ( -0.7277455268069999983, -1.361912441282999930, 0.2010000000000000120 ) ) ;
#2861 = CARTESIAN_POINT ( 'NONE',  ( 4.069999999999000195, 2.550000000000000266, 0.6400000000000000133 ) ) ;
#2862 = LINE ( 'NONE', #9127, #8663 ) ;
#2863 = VERTEX_POINT ( 'NONE', #1286 ) ;
#2864 = CARTESIAN_POINT ( 'NONE',  ( -1.111985117132999967, -3.834297482219000575, 3.199999999999000089 ) ) ;
#2865 = ORIENTED_EDGE ( 'NONE', *, *, #1168, .T. ) ;
#2866 = LINE ( 'NONE', #9130, #47 ) ;
#2867 = EDGE_CURVE ( 'NONE', #5358, #1542, #487, .T. ) ;
#2868 = CARTESIAN_POINT ( 'NONE',  ( -0.5111752988219999683, -1.240802629897999942, 0.2010000000000000120 ) ) ;
#2869 = CARTESIAN_POINT ( 'NONE',  ( -5.450000000000000178, 1.349999999999000000, 4.700000000000000178 ) ) ;
#2870 = FACE_OUTER_BOUND ( 'NONE', #9146, .T. ) ;
#2871 = CARTESIAN_POINT ( 'NONE',  ( 0.5130235982120000537, -0.9808614424239999741, 0.2000000000000000111 ) ) ;
#2872 = VECTOR ( 'NONE', #4639, 1000.000000000000000 ) ;
#2873 = FACE_OUTER_BOUND ( 'NONE', #2033, .T. ) ;
#2874 = VECTOR ( 'NONE', #3795, 1000.000000000000000 ) ;
#2875 = ORIENTED_EDGE ( 'NONE', *, *, #1804, .T. ) ;
#2876 = CARTESIAN_POINT ( 'NONE',  ( 3.200000000000000178, 0.9499999999999999556, 2.700000000000000178 ) ) ;
#2877 = ORIENTED_EDGE ( 'NONE', *, *, #10062, .F. ) ;
#2878 = ORIENTED_EDGE ( 'NONE', *, *, #7746, .T. ) ;
#2879 = VECTOR ( 'NONE', #5792, 1000.000000000000114 ) ;
#2880 = ORIENTED_EDGE ( 'NONE', *, *, #336, .T. ) ;
#2881 = CARTESIAN_POINT ( 'NONE',  ( -1.570000000000000062, 1.765641600482000140, 3.103489949670000136 ) ) ;
#2882 = CARTESIAN_POINT ( 'NONE',  ( -6.400000000000000355, -4.837228132325999574, 0.000000000000000000 ) ) ;
#2883 = EDGE_CURVE ( 'NONE', #5080, #1893, #2983, .T. ) ;
#2884 = ORIENTED_EDGE ( 'NONE', *, *, #7980, .T. ) ;
#2885 = FACE_OUTER_BOUND ( 'NONE', #4351, .T. ) ;
#2886 = CARTESIAN_POINT ( 'NONE',  ( 0.08323008294800000872, -1.307034392503000131, 0.2010000000000000120 ) ) ;
#2887 = CARTESIAN_POINT ( 'NONE',  ( 3.934924240490999647, -1.834924240491000003, 5.499999999999000799 ) ) ;
#2888 = EDGE_LOOP ( 'NONE', ( #4634, #186, #3775, #2479 ) ) ;
#2889 = CIRCLE ( 'NONE', #5095, 0.1499999999989998778 ) ;
#2890 = DIRECTION ( 'NONE',  ( -1.000000000000000000, 0.000000000000000000, 0.000000000000000000 ) ) ;
#2892 = VERTEX_POINT ( 'NONE', #4618 ) ;
#2891 = EDGE_LOOP ( 'NONE', ( #5930, #7248, #8871, #3148 ) ) ;
#2893 = ORIENTED_EDGE ( 'NONE', *, *, #7656, .T. ) ;
#2894 = CARTESIAN_POINT ( 'NONE',  ( -0.6999999999990000887, 0.9499999999999999556, 0.9000000000000000222 ) ) ;
#2895 = EDGE_LOOP ( 'NONE', ( #9108, #192, #8046, #7414 ) ) ;
#2896 = ADVANCED_FACE ( 'NONE', ( #7856 ), #6264, .F. ) ;
#2897 = VECTOR ( 'NONE', #7694, 1000.000000000000000 ) ;
#2898 = VECTOR ( 'NONE', #1761, 1000.000000000000000 ) ;
#2899 = EDGE_CURVE ( 'NONE', #4485, #7132, #7319, .T. ) ;
#2900 = ORIENTED_EDGE ( 'NONE', *, *, #5706, .F. ) ;
#2901 = EDGE_CURVE ( 'NONE', #6715, #8992, #10395, .T. ) ;
#2902 = CARTESIAN_POINT ( 'NONE',  ( 4.069999999999000195, 2.405251729774000147, 3.125825627559000175 ) ) ;
#2903 = DIRECTION ( 'NONE',  ( 0.000000000000000000, 3.646367363483000567E-15, -1.000000000000000000 ) ) ;
#2904 = CARTESIAN_POINT ( 'NONE',  ( 3.934924240490999647, -1.834924240491000003, 6.199999999999000089 ) ) ;
#2905 = CARTESIAN_POINT ( 'NONE',  ( -0.7923415633920000145, -1.166790490064000041, 0.2000000000000000111 ) ) ;
#2906 = DIRECTION ( 'NONE',  ( 1.000000000000000000, 0.000000000000000000, 0.000000000000000000 ) ) ;
#2907 = EDGE_LOOP ( 'NONE', ( #3150, #4437, #4596, #439 ) ) ;
#2908 = VECTOR ( 'NONE', #2143, 1000.000000000000000 ) ;
#2909 = VECTOR ( 'NONE', #8956, 1000.000000000000000 ) ;
#2910 = CARTESIAN_POINT ( 'NONE',  ( 0.4476729060899999890, -1.300230509332999995, 0.2010000000000000120 ) ) ;
#2911 = DIRECTION ( 'NONE',  ( 0.000000000000000000, 1.000000000000000000, 3.491481338843000432E-15 ) ) ;
#2912 = ORIENTED_EDGE ( 'NONE', *, *, #9136, .F. ) ;
#2913 = CARTESIAN_POINT ( 'NONE',  ( -0.9299999999989999599, 1.765641600482000140, 3.103489949670000136 ) ) ;
#2914 = DIRECTION ( 'NONE',  ( 0.000000000000000000, 3.491481338843000432E-15, -1.000000000000000000 ) ) ;
#2915 = VECTOR ( 'NONE', #6022, 1000.000000000000000 ) ;
#2916 = AXIS2_PLACEMENT_3D ( 'NONE', #2552, #5691, #6435 ) ;
#2917 = VECTOR ( 'NONE', #5462, 1000.000000000000000 ) ;
#2918 = CARTESIAN_POINT ( 'NONE',  ( 3.429999999998999627, 0.8499999999989999999, 3.840000000000000302 ) ) ;
#2919 = DIRECTION ( 'NONE',  ( 1.000000000000000000, 0.000000000000000000, 0.000000000000000000 ) ) ;
#2920 = EDGE_CURVE ( 'NONE', #4637, #887, #1694, .T. ) ;
#2921 = CARTESIAN_POINT ( 'NONE',  ( -3.429999999998999627, 4.750000000000000000, 0.6400000000000000133 ) ) ;
#2922 = ORIENTED_EDGE ( 'NONE', *, *, #769, .T. ) ;
#2923 = CARTESIAN_POINT ( 'NONE',  ( 0.5482834363609999651, -0.9285376946800000253, 0.2000000000000000111 ) ) ;
#2924 = VERTEX_POINT ( 'NONE', #3230 ) ;
#2925 = EDGE_CURVE ( 'NONE', #1687, #4049, #8855, .T. ) ;
#2926 = CARTESIAN_POINT ( 'NONE',  ( -0.7754779963190000514, -1.221668538844000063, 0.2010000000000000120 ) ) ;
#2927 = CIRCLE ( 'NONE', #6491, 0.06000000000000015737 ) ;
#2928 = CARTESIAN_POINT ( 'NONE',  ( 5.450000000000000178, 13.68089176689499986, 5.500000000000000888 ) ) ;
#2929 = VERTEX_POINT ( 'NONE', #6728 ) ;
#2930 = LINE ( 'NONE', #4566, #3181 ) ;
#2931 = ADVANCED_FACE ( 'NONE', ( #6371 ), #4026, .F. ) ;
#2932 = ADVANCED_FACE ( 'NONE', ( #1891 ), #2487, .T. ) ;
#2933 = CARTESIAN_POINT ( 'NONE',  ( -0.1179894292460000049, -1.307034392503000131, 0.2000000000000000111 ) ) ;
#2934 = CARTESIAN_POINT ( 'NONE',  ( -4.599999999998999556, 0.8499999999989999999, 5.500000000000000888 ) ) ;
#2935 = CARTESIAN_POINT ( 'NONE',  ( -6.400000000000000355, -3.149999999998999822, 2.199999999999000089 ) ) ;
#2936 = EDGE_CURVE ( 'NONE', #7697, #8551, #4932, .T. ) ;
#2937 = VERTEX_POINT ( 'NONE', #4883 ) ;
#2938 = VECTOR ( 'NONE', #9788, 1000.000000000000000 ) ;
#2939 = LINE ( 'NONE', #7077, #5422 ) ;
#2940 = ORIENTED_EDGE ( 'NONE', *, *, #2699, .T. ) ;
#2941 = ORIENTED_EDGE ( 'NONE', *, *, #2274, .T. ) ;
#2942 = ADVANCED_FACE ( 'NONE', ( #9702 ), #4132, .T. ) ;
#2943 = VERTEX_POINT ( 'NONE', #5572 ) ;
#2944 = CARTESIAN_POINT ( 'NONE',  ( 0.5523320803380000754, -1.138835844881999959, 0.2000000000000000111 ) ) ;
#2945 = PLANE ( 'NONE',  #7821 ) ;
#2946 = VECTOR ( 'NONE', #7109, 1000.000000000000000 ) ;
#2947 = VERTEX_POINT ( 'NONE', #8106 ) ;
#2948 = EDGE_CURVE ( 'NONE', #4123, #4314, #6615, .T. ) ;
#2949 = DIRECTION ( 'NONE',  ( 1.000000000000000000, 0.000000000000000000, 0.000000000000000000 ) ) ;
#2950 = CARTESIAN_POINT ( 'NONE',  ( 0.6999999999999999556, 0.9499999999999999556, 2.700000000000000178 ) ) ;
#2951 = DIRECTION ( 'NONE',  ( 0.000000000000000000, 1.000000000000000000, 3.614007241618338910E-15 ) ) ;
#2952 = EDGE_LOOP ( 'NONE', ( #4388, #1052, #7880, #6081 ) ) ;
#2953 = DIRECTION ( 'NONE',  ( 0.000000000000000000, -1.000000000000000000, -3.491481338843000432E-15 ) ) ;
#2955 = ORIENTED_EDGE ( 'NONE', *, *, #8292, .F. ) ;
#2954 = ORIENTED_EDGE ( 'NONE', *, *, #7495, .F. ) ;
#2956 = LINE ( 'NONE', #2894, #2111 ) ;
#2957 = VECTOR ( 'NONE', #9237, 1000.000000000000000 ) ;
#2958 = VERTEX_POINT ( 'NONE', #5129 ) ;
#2959 = ORIENTED_EDGE ( 'NONE', *, *, #9572, .T. ) ;
#2960 = EDGE_CURVE ( 'NONE', #612, #9366, #6419, .T. ) ;
#2961 = DIRECTION ( 'NONE',  ( 0.000000000000000000, 3.491481338843000432E-15, -1.000000000000000000 ) ) ;
#2962 = FACE_OUTER_BOUND ( 'NONE', #5209, .T. ) ;
#2963 = CARTESIAN_POINT ( 'NONE',  ( -3.149999999998999822, -5.250000000000000000, 6.199999999999000089 ) ) ;
#2964 = CARTESIAN_POINT ( 'NONE',  ( 0.4000000000000000222, 0.8499999999989999999, 5.500000000000000888 ) ) ;
#2965 = CARTESIAN_POINT ( 'NONE',  ( -0.5509162585139999457, -1.107053447380999867, 0.2000000000000000111 ) ) ;
#2966 = AXIS2_PLACEMENT_3D ( 'NONE', #3294, #3190, #4888 ) ;
#2967 = ORIENTED_EDGE ( 'NONE', *, *, #5561, .T. ) ;
#2968 = ADVANCED_FACE ( 'NONE', ( #1595 ), #2687, .F. ) ;
#2969 = CARTESIAN_POINT ( 'NONE',  ( -0.6179894292460000882, -1.105624331527000015, 0.2010000000000000120 ) ) ;
#2970 = EDGE_CURVE ( 'NONE', #9623, #5744, #695, .T. ) ;
#2971 = CARTESIAN_POINT ( 'NONE',  ( 4.549999999999999822, -5.250000000000000000, 5.499999999999000799 ) ) ;
#2972 = ORIENTED_EDGE ( 'NONE', *, *, #4732, .F. ) ;
#2973 = CARTESIAN_POINT ( 'NONE',  ( 6.400000000000000355, -5.149999999999000266, -2.061552812807999846 ) ) ;
#2974 = CARTESIAN_POINT ( 'NONE',  ( 0.3655281012409999364, -0.8558148803080001255, 0.2010000000000000120 ) ) ;
#2975 = DIRECTION ( 'NONE',  ( 0.3236155771183229501, -0.8891264907158876740, -0.3236155771183229501 ) ) ;
#2976 = DIRECTION ( 'NONE',  ( 0.000000000000000000, 1.000000000000000000, 3.491481338843000432E-15 ) ) ;
#2977 = CARTESIAN_POINT ( 'NONE',  ( -1.799999999998999956, 0.9499999999999999556, 0.9000000000000000222 ) ) ;
#2978 = ORIENTED_EDGE ( 'NONE', *, *, #4783, .T. ) ;
#2979 = CARTESIAN_POINT ( 'NONE',  ( 0.3745586897259999826, -0.8560249928140000186, 0.2010000000000000120 ) ) ;
#2980 = ORIENTED_EDGE ( 'NONE', *, *, #5549, .T. ) ;
#2981 = CARTESIAN_POINT ( 'NONE',  ( 5.450000000000000178, 1.149999999998999822, 5.500000000000000888 ) ) ;
#2982 = CARTESIAN_POINT ( 'NONE',  ( -0.4538739070259999453, -1.286781584457999950, 0.2000000000000000111 ) ) ;
#2983 = CIRCLE ( 'NONE', #8056, 0.7000000000000000666 ) ;
#2984 = CARTESIAN_POINT ( 'NONE',  ( 0.2478642292900000155, -1.281119758356000116, 0.2000000000000000111 ) ) ;
#2985 = CARTESIAN_POINT ( 'NONE',  ( 6.400000000000000355, -3.349999999999000000, 0.000000000000000000 ) ) ;
#2986 = EDGE_CURVE ( 'NONE', #462, #3834, #5625, .T. ) ;
#2987 = DIRECTION ( 'NONE',  ( 0.000000000000000000, 0.03489949670200395010, -0.9993908270191130816 ) ) ;
#2988 = VERTEX_POINT ( 'NONE', #5678 ) ;
#2989 = ADVANCED_FACE ( 'NONE', ( #7766 ), #1574, .T. ) ;
#2990 = LINE ( 'NONE', #4733, #4663 ) ;
#2991 = ORIENTED_EDGE ( 'NONE', *, *, #9926, .T. ) ;
#2992 = EDGE_LOOP ( 'NONE', ( #3372, #9617, #7933, #8096 ) ) ;
#2993 = EDGE_CURVE ( 'NONE', #730, #6734, #6832, .T. ) ;
#2994 = ORIENTED_EDGE ( 'NONE', *, *, #8849, .F. ) ;
#2995 = DIRECTION ( 'NONE',  ( 0.000000000000000000, 1.000000000000000000, 3.599901556091000645E-15 ) ) ;
#2996 = DIRECTION ( 'NONE',  ( 0.000000000000000000, -1.000000000000000000, -3.491481338843000432E-15 ) ) ;
#2997 = VERTEX_POINT ( 'NONE', #511 ) ;
#2998 = PLANE ( 'NONE',  #4268 ) ;
#2999 = FACE_OUTER_BOUND ( 'NONE', #8854, .T. ) ;
#3000 = CIRCLE ( 'NONE', #7242, 0.06000000000000015737 ) ;
#3001 = CARTESIAN_POINT ( 'NONE',  ( 0.5921408316010000616, -0.9899601815309998498, 0.2010000000000000120 ) ) ;
#3002 = EDGE_LOOP ( 'NONE', ( #4446, #1951, #8735, #6977 ) ) ;
#3003 = CARTESIAN_POINT ( 'NONE',  ( 0.5397297185570000266, -1.316375011662999972, 0.2000000000000000111 ) ) ;
#3004 = ORIENTED_EDGE ( 'NONE', *, *, #4363, .T. ) ;
#3005 = EDGE_CURVE ( 'NONE', #730, #7214, #2043, .T. ) ;
#3006 = AXIS2_PLACEMENT_3D ( 'NONE', #9862, #1805, #6693 ) ;
#3007 = CARTESIAN_POINT ( 'NONE',  ( -5.450000000000000178, 2.550000000000000266, 0.9000000000000000222 ) ) ;
#3008 = DIRECTION ( 'NONE',  ( 0.3236155771183229501, 0.8891264907158876740, 0.3236155771183229501 ) ) ;
#3009 = VECTOR ( 'NONE', #7188, 1000.000000000000227 ) ;
#3010 = EDGE_LOOP ( 'NONE', ( #1588, #947, #5826, #10135 ) ) ;
#3011 = LINE ( 'NONE', #4652, #545 ) ;
#3012 = CARTESIAN_POINT ( 'NONE',  ( 0.5130235982120000537, -0.9808614424239999741, 0.2000000000000000111 ) ) ;
#3013 = PLANE ( 'NONE',  #8713 ) ;
#3014 = VECTOR ( 'NONE', #636, 1000.000000000000000 ) ;
#3015 = CARTESIAN_POINT ( 'NONE',  ( 6.400000000000000355, -5.149999999999000266, 1.787228132325999974 ) ) ;
#3016 = CARTESIAN_POINT ( 'NONE',  ( 0.4110937769099999861, -1.367437859133999956, 0.2010000000000000120 ) ) ;
#3017 = ORIENTED_EDGE ( 'NONE', *, *, #1838, .T. ) ;
#3018 = CLOSED_SHELL ( 'NONE', ( #3158, #9992, #2799, #2636, #10212, #79, #6799, #1859, #8694, #2442, #4682, #9097, #6210, #1442, #542, #2989, #2810, #3057, #792, #5488, #5303, #9115, #1039, #6445, #8896, #5651, #7071, #7392, #2122, #4187, #1414, #243, #6533, #5725, #5142, #1934, #7469, #1561, #7036, #8559, #8601, #3904, #3871, #3243, #2577, #10178, #10192, #7209, #3277, #3053, #8464, #3101, #4497, #5975, #10119, #9267, #2049, #1366, #5344, #7081, #2763, #3659, #5259, #10127, #2598, #9497, #7278, #3576, #1734, #704, #10019, #8862, #5017, #8296, #8486, #10145, #4847, #5495, #8266, #9914, #4160, #836, #4211, #10315, #805, #5199, #9, #6920, #7774, #5601, #10417, #2821, #6658, #4692, #4805, #9527, #7620, #2827, #5594, #6961, #5560, #9893, #5105, #2137, #7948, #8240, #8625, #1008, #6237, #9353, #3626, #3566, #9298, #1406, #7913, #9727, #8271, #4997, #2119, #7909, #4927, #6018, #1264, #5943, #3386, #9419, #5497, #3495, #7971, #6333, #7503, #6877, #8540, #8165, #9406, #8101, #7154, #8926, #615, #91, #1662, #1143, #4017, #7439, #1281, #4784, #3568, #7755, #10326, #2167, #10304, #9620, #993, #2770, #2277, #4873, #8079, #8623, #6253, #8394, #723, #6292, #2942, #2351, #338, #3839, #950, #4844, #7119, #9827, #3473, #6130, #6164, #7557, #5139, #1346, #5402, #2336, #3762, #7866, #2400, #3035, #4020, #1182, #6731, #6600, #8784, #3690, #7592, #3025, #3868, #10143, #7927, #8170, #5770, #6102, #6374, #941, #4651, #5124, #5464, #9723, #7584, #10460, #3970, #3799, #5192, #5305, #3444, #7627, #4672, #9448, #5163, #6786, #626, #6250, #5964, #1983, #4349, #6346, #2473, #10406, #8443, #2309, #2896, #3539, #1380, #4293, #3434, #5153, #2853, #48, #1221, #3801, #8899, #8676, #9969, #10345, #8139, #5131, #9971, #1902, #1582, #9468, #4015, #6863, #6881, #9663, #2177, #1086, #2723, #7795, #663, #2160, #7712, #2184, #8881, #1021, #7572, #9078, #3622, #8313, #10013, #5684, #1630, #4278, #4818, #5022, #5872, #2932, #5037, #7727, #2668, #2183, #4747, #13, #9654, #2505, #7790, #3266, #9563, #7461, #1802, #3713, #7306, #4621, #6005, #9202, #6694, #10078, #8333, #959, #3825, #6708, #9591, #7211, #2931, #1923, #2968, #5623, #9506, #771, #5476, #8688, #1990, #4677, #5711, #4456, #7269, #979, #5324, #7545, #3885, #8438, #6900 ) ) ;
#3019 = CARTESIAN_POINT ( 'NONE',  ( 5.450000000000000178, 1.349999999999000000, 5.500000000000000888 ) ) ;
#3020 = LINE ( 'NONE', #8794, #3014 ) ;
#3021 = VERTEX_POINT ( 'NONE', #5341 ) ;
#3022 = LINE ( 'NONE', #2973, #4445 ) ;
#3023 = FACE_OUTER_BOUND ( 'NONE', #9766, .T. ) ;
#3024 = EDGE_CURVE ( 'NONE', #6812, #7924, #1259, .T. ) ;
#3025 = ADVANCED_FACE ( 'NONE', ( #4326 ), #9364, .F. ) ;
#3026 = PLANE ( 'NONE',  #10054 ) ;
#3027 = CARTESIAN_POINT ( 'NONE',  ( 6.649999999999999467, -2.849999999999000000, 1.199999999999000089 ) ) ;
#3028 = LINE ( 'NONE', #537, #1208 ) ;
#3029 = EDGE_LOOP ( 'NONE', ( #1897, #6177, #10146, #2645, #10246, #10203, #5031, #6635, #1661, #1715, #4474, #10084, #7546, #9507, #7035, #10152, #3250, #8830 ) ) ;
#3030 = DIRECTION ( 'NONE',  ( 0.000000000000000000, 1.000000000000000000, 3.407492542097299143E-15 ) ) ;
#3031 = ORIENTED_EDGE ( 'NONE', *, *, #3957, .T. ) ;
#3032 = CARTESIAN_POINT ( 'NONE',  ( 0.08323008294800000872, -1.136302685186000083, 0.2000000000000000111 ) ) ;
#3033 = CARTESIAN_POINT ( 'NONE',  ( -0.3758337463770000109, -1.306553840289999879, 0.2000000000000000111 ) ) ;
#3034 = VECTOR ( 'NONE', #2830, 1000.000000000000000 ) ;
#3035 = ADVANCED_FACE ( 'NONE', ( #10097 ), #2098, .F. ) ;
#3036 = DIRECTION ( 'NONE',  ( 0.000000000000000000, -3.491481338843000432E-15, 1.000000000000000000 ) ) ;
#3037 = DIRECTION ( 'NONE',  ( 0.000000000000000000, 3.611948246897000020E-15, -1.000000000000000000 ) ) ;
#3038 = CARTESIAN_POINT ( 'NONE',  ( -5.450000000000000178, 1.549999999998999956, 4.400000000000000355 ) ) ;
#3039 = DIRECTION ( 'NONE',  ( 0.000000000000000000, 0.000000000000000000, 1.000000000000000000 ) ) ;
#3040 = ORIENTED_EDGE ( 'NONE', *, *, #4475, .F. ) ;
#3041 = DIRECTION ( 'NONE',  ( 0.000000000000000000, 1.000000000000000000, 3.599901556091000645E-15 ) ) ;
#3042 = ORIENTED_EDGE ( 'NONE', *, *, #8172, .T. ) ;
#3043 = ORIENTED_EDGE ( 'NONE', *, *, #4864, .F. ) ;
#3044 = ORIENTED_EDGE ( 'NONE', *, *, #7800, .F. ) ;
#3045 = DIRECTION ( 'NONE',  ( 0.000000000000000000, 1.000000000000000000, 3.469446951952999666E-15 ) ) ;
#3046 = VECTOR ( 'NONE', #1976, 1000.000000000000000 ) ;
#3047 = VERTEX_POINT ( 'NONE', #7611 ) ;
#3048 = EDGE_CURVE ( 'NONE', #1841, #1846, #7565, .T. ) ;
#3049 = CARTESIAN_POINT ( 'NONE',  ( -0.9595481182699999723, -1.166790490064000041, 0.2010000000000000120 ) ) ;
#3050 = LINE ( 'NONE', #3108, #2872 ) ;
#3051 = DIRECTION ( 'NONE',  ( 0.000000000000000000, 3.491481338843000432E-15, -1.000000000000000000 ) ) ;
#3052 = EDGE_LOOP ( 'NONE', ( #3068, #2526, #154, #4991 ) ) ;
#3053 = ADVANCED_FACE ( 'NONE', ( #3633 ), #3525, .T. ) ;
#3054 = CARTESIAN_POINT ( 'NONE',  ( 0.5713163833709999917, -1.283016212616000074, 0.2000000000000000111 ) ) ;
#3055 = ORIENTED_EDGE ( 'NONE', *, *, #1362, .T. ) ;
#3056 = VECTOR ( 'NONE', #9761, 1000.000000000000000 ) ;
#3057 = ADVANCED_FACE ( 'NONE', ( #310 ), #7329, .T. ) ;
#3058 = PLANE ( 'NONE',  #9395 ) ;
#3059 = ORIENTED_EDGE ( 'NONE', *, *, #8594, .F. ) ;
#3060 = ORIENTED_EDGE ( 'NONE', *, *, #6168, .T. ) ;
#3061 = CARTESIAN_POINT ( 'NONE',  ( 3.429999999998999627, -3.334297482219000575, 0.6999999999990000887 ) ) ;
#3062 = VECTOR ( 'NONE', #4534, 1000.000000000000000 ) ;
#3063 = CARTESIAN_POINT ( 'NONE',  ( 4.069999999999000195, 2.550000000000000266, 0.6999999999999999556 ) ) ;
#3064 = DIRECTION ( 'NONE',  ( 0.000000000000000000, -1.000000000000000000, -3.472835083742000696E-15 ) ) ;
#3065 = EDGE_CURVE ( 'NONE', #10485, #10025, #1018, .T. ) ;
#3066 = DIRECTION ( 'NONE',  ( 1.000000000000000000, 0.000000000000000000, 0.000000000000000000 ) ) ;
#3067 = CARTESIAN_POINT ( 'NONE',  ( 0.9300000000000000488, 4.750000000000000000, 0.6999999999999999556 ) ) ;
#3068 = ORIENTED_EDGE ( 'NONE', *, *, #9083, .T. ) ;
#3069 = EDGE_CURVE ( 'NONE', #6706, #6625, #6394, .T. ) ;
#3070 = LINE ( 'NONE', #3019, #9330 ) ;
#3071 = AXIS2_PLACEMENT_3D ( 'NONE', #4075, #903, #6584 ) ;
#3072 = VECTOR ( 'NONE', #278, 1000.000000000000000 ) ;
#3073 = LINE ( 'NONE', #3862, #3511 ) ;
#3074 = VERTEX_POINT ( 'NONE', #9518 ) ;
#3075 =( LENGTH_UNIT ( ) NAMED_UNIT ( * ) SI_UNIT ( .MILLI., .METRE. ) );
#3076 = CARTESIAN_POINT ( 'NONE',  ( 0.3236952781070000507, -1.308878285777000050, 0.2000000000000000111 ) ) ;
#3077 = DIRECTION ( 'NONE',  ( 0.000000000000000000, 1.000000000000000000, 0.000000000000000000 ) ) ;
#3078 = AXIS2_PLACEMENT_3D ( 'NONE', #5435, #6230, #3729 ) ;
#3079 = VECTOR ( 'NONE', #4861, 1000.000000000000000 ) ;
#3080 = DIRECTION ( 'NONE',  ( 0.000000000000000000, 3.491481338843000432E-15, -1.000000000000000000 ) ) ;
#3081 = CARTESIAN_POINT ( 'NONE',  ( -0.8669414109530000356, -0.9579490266489999462, 0.2000000000000000111 ) ) ;
#3082 = VERTEX_POINT ( 'NONE', #2259 ) ;
#3083 = DIRECTION ( 'NONE',  ( -0.9396926207860170077, 0.3420201433253705070, 1.194156947931292562E-15 ) ) ;
#3084 = EDGE_LOOP ( 'NONE', ( #299, #5690, #9509, #8909 ) ) ;
#3085 = CARTESIAN_POINT ( 'NONE',  ( -0.8693306907360000002, -0.9507438702669999131, 0.2000000000000000111 ) ) ;
#3086 = PLANE ( 'NONE',  #6739 ) ;
#3087 = DIRECTION ( 'NONE',  ( -1.000000000000000000, 0.000000000000000000, 0.000000000000000000 ) ) ;
#3088 = AXIS2_PLACEMENT_3D ( 'NONE', #6111, #2024, #447 ) ;
#3089 = VECTOR ( 'NONE', #9403, 1000.000000000000000 ) ;
#3090 = CARTESIAN_POINT ( 'NONE',  ( -0.5998915495580000590, -1.210360737355999916, 0.2010000000000000120 ) ) ;
#3091 = EDGE_CURVE ( 'NONE', #6385, #7190, #568, .T. ) ;
#3092 = DIRECTION ( 'NONE',  ( 0.000000000000000000, -1.000000000000000000, -3.614007241618338910E-15 ) ) ;
#3093 = LINE ( 'NONE', #6380, #4112 ) ;
#3094 = PLANE ( 'NONE',  #4079 ) ;
#3095 = VERTEX_POINT ( 'NONE', #724 ) ;
#3096 = VECTOR ( 'NONE', #3036, 1000.000000000000000 ) ;
#3097 = VECTOR ( 'NONE', #1768, 1000.000000000000000 ) ;
#3098 = AXIS2_PLACEMENT_3D ( 'NONE', #7632, #8476, #531 ) ;
#3099 = CARTESIAN_POINT ( 'NONE',  ( 1.570000000000000062, 2.550000000000000266, 0.6999999999999999556 ) ) ;
#3100 = ORIENTED_EDGE ( 'NONE', *, *, #4057, .F. ) ;
#3101 = ADVANCED_FACE ( 'NONE', ( #1515 ), #7879, .T. ) ;
#3102 = EDGE_LOOP ( 'NONE', ( #3887, #4723, #7318, #10431 ) ) ;
#3103 = EDGE_CURVE ( 'NONE', #8228, #5006, #7247, .T. ) ;
#3104 = ORIENTED_EDGE ( 'NONE', *, *, #936, .T. ) ;
#3105 = DIRECTION ( 'NONE',  ( 0.000000000000000000, -3.491481338843000432E-15, 1.000000000000000000 ) ) ;
#3106 = VERTEX_POINT ( 'NONE', #3953 ) ;
#3107 = FACE_OUTER_BOUND ( 'NONE', #4590, .T. ) ;
#3108 = CARTESIAN_POINT ( 'NONE',  ( 6.899999999999999467, -4.649999999998999378, 1.199999999999000089 ) ) ;
#3109 = VECTOR ( 'NONE', #5508, 1000.000000000000000 ) ;
#3110 = FACE_OUTER_BOUND ( 'NONE', #3260, .T. ) ;
#3111 = ORIENTED_EDGE ( 'NONE', *, *, #4193, .F. ) ;
#3112 = CARTESIAN_POINT ( 'NONE',  ( 0.5843534235319999270, -1.263962870207000044, 0.2000000000000000111 ) ) ;
#3113 = ORIENTED_EDGE ( 'NONE', *, *, #7076, .F. ) ;
#3114 = CIRCLE ( 'NONE', #5827, 0.1999999999989995891 ) ;
#3115 = DIRECTION ( 'NONE',  ( 0.000000000000000000, 1.000000000000000000, 3.407492542097299143E-15 ) ) ;
#3116 = DIRECTION ( 'NONE',  ( 0.000000000000000000, 3.491481338843000432E-15, -1.000000000000000000 ) ) ;
#3117 = EDGE_LOOP ( 'NONE', ( #1748, #5585, #5959, #8889 ) ) ;
#3118 = FACE_OUTER_BOUND ( 'NONE', #1404, .T. ) ;
#3119 = EDGE_CURVE ( 'NONE', #2399, #951, #8729, .T. ) ;
#3120 = DIRECTION ( 'NONE',  ( 0.000000000000000000, 1.000000000000000000, 3.491481338843000432E-15 ) ) ;
#3121 = DIRECTION ( 'NONE',  ( 0.000000000000000000, -3.491481338843000432E-15, 1.000000000000000000 ) ) ;
#3122 = AXIS2_PLACEMENT_3D ( 'NONE', #2813, #5155, #8378 ) ;
#3123 = CARTESIAN_POINT ( 'NONE',  ( -3.429999999998999627, 4.750000000000000000, 1.000013873792005015E-12 ) ) ;
#3124 = CARTESIAN_POINT ( 'NONE',  ( 6.899999999999999467, -3.149999999998999822, 1.199999999999000089 ) ) ;
#3125 = ORIENTED_EDGE ( 'NONE', *, *, #1829, .F. ) ;
#3126 = CARTESIAN_POINT ( 'NONE',  ( -0.5763819766710001069, -1.254261863543000066, 0.2010000000000000120 ) ) ;
#3127 = LINE ( 'NONE', #6360, #7084 ) ;
#3128 = EDGE_CURVE ( 'NONE', #8093, #4978, #4699, .T. ) ;
#3129 = ORIENTED_EDGE ( 'NONE', *, *, #1922, .F. ) ;
#3130 = CARTESIAN_POINT ( 'NONE',  ( 6.899999999999999467, -5.149999999999000266, -2.061552812807999846 ) ) ;
#3131 = ORIENTED_EDGE ( 'NONE', *, *, #5913, .T. ) ;
#3132 = CARTESIAN_POINT ( 'NONE',  ( -0.5507523682229999995, -1.099393004811999974, 0.2000000000000000111 ) ) ;
#3133 = VECTOR ( 'NONE', #6241, 1000.000000000000000 ) ;
#3134 = CARTESIAN_POINT ( 'NONE',  ( -3.429999999998999627, 1.665702517779999781, 3.840000000000000302 ) ) ;
#3135 = DIRECTION ( 'NONE',  ( 0.000000000000000000, 1.000000000000000000, 3.469446951960553404E-15 ) ) ;
#3136 = DIRECTION ( 'NONE',  ( -1.000000000000000000, 0.000000000000000000, 0.000000000000000000 ) ) ;
#3137 = ORIENTED_EDGE ( 'NONE', *, *, #1948, .F. ) ;
#3138 = CARTESIAN_POINT ( 'NONE',  ( -0.1057943072950000007, -0.8619124412830000415, 0.2010000000000000120 ) ) ;
#3139 = EDGE_LOOP ( 'NONE', ( #2643, #1622, #2112, #1492, #3992, #1164 ) ) ;
#3140 = FACE_OUTER_BOUND ( 'NONE', #4016, .T. ) ;
#3141 = CARTESIAN_POINT ( 'NONE',  ( 5.450000000000000178, 1.349999999999000000, 5.500000000000000888 ) ) ;
#3142 = EDGE_CURVE ( 'NONE', #7257, #6547, #3503, .T. ) ;
#3143 = FACE_OUTER_BOUND ( 'NONE', #8236, .T. ) ;
#3144 = CARTESIAN_POINT ( 'NONE',  ( -0.5038136827429998688, -1.322972092929999954, 0.2000000000000000111 ) ) ;
#3145 = FACE_OUTER_BOUND ( 'NONE', #826, .T. ) ;
#3146 = LINE ( 'NONE', #2239, #1246 ) ;
#3147 = CARTESIAN_POINT ( 'NONE',  ( -6.899999999999999467, -4.649999999998999378, 1.199999999999000089 ) ) ;
#3148 = ORIENTED_EDGE ( 'NONE', *, *, #4035, .F. ) ;
#3149 = DIRECTION ( 'NONE',  ( 0.000000000000000000, 3.584412953627000671E-15, -1.000000000000000000 ) ) ;
#3150 = ORIENTED_EDGE ( 'NONE', *, *, #8793, .T. ) ;
#3151 = VECTOR ( 'NONE', #3738, 1000.000000000000000 ) ;
#3152 = EDGE_CURVE ( 'NONE', #8503, #8148, #8935, .T. ) ;
#3153 = ORIENTED_EDGE ( 'NONE', *, *, #9656, .F. ) ;
#3154 = LINE ( 'NONE', #6338, #8934 ) ;
#3155 = ORIENTED_EDGE ( 'NONE', *, *, #6991, .F. ) ;
#3156 = CYLINDRICAL_SURFACE ( 'NONE', #4958, 0.1999999999989995891 ) ;
#3157 = DIRECTION ( 'NONE',  ( 0.000000000000000000, 3.491481338843000432E-15, -1.000000000000000000 ) ) ;
#3158 = ADVANCED_FACE ( 'NONE', ( #6608 ), #874, .F. ) ;
#3159 = CARTESIAN_POINT ( 'NONE',  ( 0.6191715059240000540, -1.092578674578000175, 0.2010000000000000120 ) ) ;
#3160 = EDGE_CURVE ( 'NONE', #1828, #333, #4106, .T. ) ;
#3161 = ORIENTED_EDGE ( 'NONE', *, *, #10282, .T. ) ;
#3162 = CARTESIAN_POINT ( 'NONE',  ( 0.5713163833709999917, -1.283016212616000074, 0.2010000000000000120 ) ) ;
#3163 = VERTEX_POINT ( 'NONE', #930 ) ;
#3164 = DIRECTION ( 'NONE',  ( 0.3236155771183229501, -0.8891264907158876740, 0.3236155771183229501 ) ) ;
#3165 = ORIENTED_EDGE ( 'NONE', *, *, #5040, .T. ) ;
#3166 = ORIENTED_EDGE ( 'NONE', *, *, #6364, .T. ) ;
#3167 = CARTESIAN_POINT ( 'NONE',  ( 0.4000000000000000222, 0.8499999999999999778, 2.700000000000000178 ) ) ;
#3168 = CARTESIAN_POINT ( 'NONE',  ( 0.3850177562070000170, -0.9111242837939999006, 0.2000000000000000111 ) ) ;
#3169 = LINE ( 'NONE', #4754, #1413 ) ;
#3170 = CARTESIAN_POINT ( 'NONE',  ( -0.2826235755870000199, -0.9167904900640000410, 0.2010000000000000120 ) ) ;
#3171 = ORIENTED_EDGE ( 'NONE', *, *, #9508, .F. ) ;
#3172 = AXIS2_PLACEMENT_3D ( 'NONE', #581, #7051, #8788 ) ;
#3173 = LINE ( 'NONE', #4761, #4878 ) ;
#3174 = VECTOR ( 'NONE', #1716, 1000.000000000000000 ) ;
#3175 = ORIENTED_EDGE ( 'NONE', *, *, #655, .T. ) ;
#3176 = SURFACE_SIDE_STYLE ('',( #6411 ) ) ;
#3177 = B_SPLINE_SURFACE_WITH_KNOTS ( 'NONE', 3, 1, ( 
 ( #8276, #4247 ),
 ( #7490, #3453 ),
 ( #10288, #5472 ),
 ( #8704, #596 ),
 ( #6104, #10180 ),
 ( #8542, #4670 ),
 ( #1332, #6212 ),
 ( #1444, #8596 ),
 ( #4510, #8648 ),
 ( #2284, #2923 ),
 ( #10124, #10338 ),
 ( #2230, #6160 ),
 ( #9443, #3656 ),
 ( #5415, #4560 ),
 ( #10235, #3822 ),
 ( #6908, #5524 ),
 ( #8754, #2073 ),
 ( #2979, #4722 ),
 ( #647, #7953 ) ),
 .UNSPECIFIED., .F., .F., .F.,
 ( 4, 1, 1, 1, 1, 1, 1, 1, 1, 1, 1, 1, 1, 1, 1, 1, 4 ),
 ( 2, 2 ),
 ( 0.000000000000000000, 0.07064371857500000018, 0.1382567155079999777, 0.2033641242170000085, 0.2663240938029999838, 0.3279047615419999895, 0.3887377151729999869, 0.4494235281089999923, 0.5108610114589999807, 0.5720793960469999773, 0.6317344287310000528, 0.6911172105780000186, 0.7503600294900000245, 0.8100329005309999664, 0.8713624508280000125, 0.9344271412310000136, 0.9999999999990000221 ),
 ( 0.000000000000000000, 1.000000000000000000 ),
 .UNSPECIFIED. ) ;
#3178 = VERTEX_POINT ( 'NONE', #8882 ) ;
#3179 = PLANE ( 'NONE',  #367 ) ;
#3180 = LINE ( 'NONE', #9635, #3247 ) ;
#3181 = VECTOR ( 'NONE', #2130, 1000.000000000000000 ) ;
#3182 = CARTESIAN_POINT ( 'NONE',  ( 4.549999999999999822, -3.319848480983000005, 5.499999999999000799 ) ) ;
#3183 = DIRECTION ( 'NONE',  ( -1.000000000000000000, 0.000000000000000000, 0.000000000000000000 ) ) ;
#3184 = CARTESIAN_POINT ( 'NONE',  ( -0.5479557752310000307, -1.062916061524999956, 0.2010000000000000120 ) ) ;
#3185 = ORIENTED_EDGE ( 'NONE', *, *, #6538, .F. ) ;
#3186 = CARTESIAN_POINT ( 'NONE',  ( 6.150000000000000355, 2.550000000000000266, 3.200000000000000178 ) ) ;
#3187 = VERTEX_POINT ( 'NONE', #1779 ) ;
#3188 = FACE_OUTER_BOUND ( 'NONE', #8483, .T. ) ;
#3189 = DIRECTION ( 'NONE',  ( 0.000000000000000000, -3.491481338843000432E-15, 1.000000000000000000 ) ) ;
#3190 = DIRECTION ( 'NONE',  ( -0.9406672605437584878, 0.3393303772742736757, 1.184765679957956386E-15 ) ) ;
#3191 = LINE ( 'NONE', #5334, #5111 ) ;
#3192 = CARTESIAN_POINT ( 'NONE',  ( -0.3515069597339999796, -1.361912441282999930, 0.2000000000000000111 ) ) ;
#3193 = LINE ( 'NONE', #1705, #1023 ) ;
#3194 = DIRECTION ( 'NONE',  ( 0.000000000000000000, -3.491481338843000432E-15, 1.000000000000000000 ) ) ;
#3195 = CARTESIAN_POINT ( 'NONE',  ( -3.429999999998999627, -3.834297482219000575, 3.199999999999000089 ) ) ;
#3196 = EDGE_CURVE ( 'NONE', #8883, #8766, #1621, .T. ) ;
#3197 = ORIENTED_EDGE ( 'NONE', *, *, #3863, .F. ) ;
#3198 = DIRECTION ( 'NONE',  ( -1.000000000000000000, 0.000000000000000000, 0.000000000000000000 ) ) ;
#3199 = EDGE_LOOP ( 'NONE', ( #4735, #755, #1791, #686 ) ) ;
#3200 = EDGE_LOOP ( 'NONE', ( #5644, #2539, #7286, #5492 ) ) ;
#3201 = DIRECTION ( 'NONE',  ( 0.000000000000000000, 1.000000000000000000, 3.491481338843000432E-15 ) ) ;
#3202 = ORIENTED_EDGE ( 'NONE', *, *, #1879, .F. ) ;
#3203 = LINE ( 'NONE', #717, #2067 ) ;
#3204 = CARTESIAN_POINT ( 'NONE',  ( -6.150000000000000355, 1.549999999998999956, 4.400000000000000355 ) ) ;
#3205 = FACE_OUTER_BOUND ( 'NONE', #3902, .T. ) ;
#3206 = ORIENTED_EDGE ( 'NONE', *, *, #3437, .F. ) ;
#3207 = CARTESIAN_POINT ( 'NONE',  ( -0.3658377088399999977, -0.8621171872600000841, 0.2010000000000000120 ) ) ;
#3208 = VERTEX_POINT ( 'NONE', #7345 ) ;
#3209 = VECTOR ( 'NONE', #8185, 1000.000000000000000 ) ;
#3210 = DIRECTION ( 'NONE',  ( 1.000000000000000000, 0.000000000000000000, 0.000000000000000000 ) ) ;
#3211 = VERTEX_POINT ( 'NONE', #246 ) ;
#3212 = VERTEX_POINT ( 'NONE', #3416 ) ;
#3213 = CARTESIAN_POINT ( 'NONE',  ( -2.100000000000000089, 0.8499999999989999999, 5.500000000000000888 ) ) ;
#3214 = CARTESIAN_POINT ( 'NONE',  ( 0.5007193033240000535, -0.9663798905349999524, 0.2000000000000000111 ) ) ;
#3215 = CARTESIAN_POINT ( 'NONE',  ( -6.899999999999999467, -4.837228132325999574, 0.000000000000000000 ) ) ;
#3216 = AXIS2_PLACEMENT_3D ( 'NONE', #8630, #2607, #5846 ) ;
#3217 = ORIENTED_EDGE ( 'NONE', *, *, #1817, .T. ) ;
#3218 = ORIENTED_EDGE ( 'NONE', *, *, #5264, .F. ) ;
#3219 = EDGE_CURVE ( 'NONE', #10357, #10025, #4158, .T. ) ;
#3220 = CARTESIAN_POINT ( 'NONE',  ( 3.200000000000000178, 0.9499999999999999556, 0.9000000000000000222 ) ) ;
#3221 = EDGE_CURVE ( 'NONE', #4316, #3836, #2625, .T. ) ;
#3222 = ORIENTED_EDGE ( 'NONE', *, *, #3644, .T. ) ;
#3223 = CIRCLE ( 'NONE', #7467, 0.7399999999989999022 ) ;
#3224 = ORIENTED_EDGE ( 'NONE', *, *, #1956, .T. ) ;
#3225 = CARTESIAN_POINT ( 'NONE',  ( 0.3073149026800000017, -1.305324928416000008, 0.2000000000000000111 ) ) ;
#3226 = CARTESIAN_POINT ( 'NONE',  ( 2.100000000000000089, 0.8499999999989999999, 5.500000000000000888 ) ) ;
#3227 = PLANE ( 'NONE',  #9198 ) ;
#3228 = DIRECTION ( 'NONE',  ( 1.000000000000000000, 0.000000000000000000, 0.000000000000000000 ) ) ;
#3229 = ORIENTED_EDGE ( 'NONE', *, *, #2017, .F. ) ;
#3230 = CARTESIAN_POINT ( 'NONE',  ( 0.2478642292900000155, -0.9427051242099999673, 0.2000000000000000111 ) ) ;
#3231 = VERTEX_POINT ( 'NONE', #3261 ) ;
#3232 = AXIS2_PLACEMENT_3D ( 'NONE', #8022, #3939, #8657 ) ;
#3233 = DIRECTION ( 'NONE',  ( -1.000000000000000000, 0.000000000000000000, 0.000000000000000000 ) ) ;
#3234 = DIRECTION ( 'NONE',  ( 1.000000000000000000, 0.000000000000000000, 0.000000000000000000 ) ) ;
#3235 = PLANE ( 'NONE',  #2966 ) ;
#3236 = DIRECTION ( 'NONE',  ( 0.000000000000000000, -1.000000000000000000, -3.516331370228009434E-15 ) ) ;
#3237 = AXIS2_PLACEMENT_3D ( 'NONE', #7073, #6172, #7965 ) ;
#3238 = VECTOR ( 'NONE', #7312, 1000.000000000000000 ) ;
#3239 = EDGE_CURVE ( 'NONE', #1034, #2892, #5861, .T. ) ;
#3240 = CARTESIAN_POINT ( 'NONE',  ( -3.199999999999000089, 0.9499999999999999556, 0.9000000000000000222 ) ) ;
#3241 = DIRECTION ( 'NONE',  ( 0.000000000000000000, -3.491481338843000432E-15, 1.000000000000000000 ) ) ;
#3242 = CARTESIAN_POINT ( 'NONE',  ( -6.400000000000000355, -4.949999999998999201, 1.212771867672999937 ) ) ;
#3243 = ADVANCED_FACE ( 'NONE', ( #6663 ), #9092, .T. ) ;
#3244 = LINE ( 'NONE', #125, #5445 ) ;
#3245 = ORIENTED_EDGE ( 'NONE', *, *, #10388, .F. ) ;
#3246 = FACE_OUTER_BOUND ( 'NONE', #3275, .T. ) ;
#3247 = VECTOR ( 'NONE', #8351, 1000.000000000000114 ) ;
#3248 = AXIS2_PLACEMENT_3D ( 'NONE', #42, #201, #4168 ) ;
#3249 = ORIENTED_EDGE ( 'NONE', *, *, #8134, .F. ) ;
#3250 = ORIENTED_EDGE ( 'NONE', *, *, #308, .T. ) ;
#3251 = EDGE_CURVE ( 'NONE', #3021, #9119, #4050, .T. ) ;
#3252 = LINE ( 'NONE', #1615, #1313 ) ;
#3253 = ORIENTED_EDGE ( 'NONE', *, *, #6037, .T. ) ;
#3254 = CARTESIAN_POINT ( 'NONE',  ( -0.2155504048559999941, -0.8619124412830000415, 0.2000000000000000111 ) ) ;
#3255 = CARTESIAN_POINT ( 'NONE',  ( 0.08323008294800000872, -1.307034392503000131, 0.2010000000000000120 ) ) ;
#3256 = EDGE_CURVE ( 'NONE', #9314, #1090, #5063, .T. ) ;
#3257 = VECTOR ( 'NONE', #5388, 1000.000000000000000 ) ;
#3258 = AXIS2_PLACEMENT_3D ( 'NONE', #7234, #2614, #9873 ) ;
#3259 = FACE_OUTER_BOUND ( 'NONE', #361, .T. ) ;
#3260 = EDGE_LOOP ( 'NONE', ( #5473, #1815, #8395, #6078 ) ) ;
#3261 = CARTESIAN_POINT ( 'NONE',  ( -0.1057943072950000007, -0.8619124412830000415, 0.2000000000000000111 ) ) ;
#3262 = EDGE_LOOP ( 'NONE', ( #9578, #1644, #466, #9688 ) ) ;
#3263 = EDGE_CURVE ( 'NONE', #3872, #1138, #1029, .T. ) ;
#3264 = PLANE ( 'NONE',  #1140 ) ;
#3265 = DIRECTION ( 'NONE',  ( 0.000000000000000000, 3.491481338843000432E-15, -1.000000000000000000 ) ) ;
#3266 = ADVANCED_FACE ( 'NONE', ( #9728 ), #7397, .T. ) ;
#3267 = CARTESIAN_POINT ( 'NONE',  ( -0.4702387134900000154, -1.277753785218999960, 0.2010000000000000120 ) ) ;
#3268 = VECTOR ( 'NONE', #5050, 1000.000000000000000 ) ;
#3269 = ORIENTED_EDGE ( 'NONE', *, *, #5450, .T. ) ;
#3270 = DIRECTION ( 'NONE',  ( 0.000000000000000000, 3.491481338843000432E-15, -1.000000000000000000 ) ) ;
#3271 = LINE ( 'NONE', #9104, #10331 ) ;
#3272 = CARTESIAN_POINT ( 'NONE',  ( 7.499999999998999911, -2.849999999999000000, 0.2000000000000000111 ) ) ;
#3273 = EDGE_LOOP ( 'NONE', ( #3459, #1620, #5293, #3171, #9391, #6251 ) ) ;
#3274 = VECTOR ( 'NONE', #4245, 1000.000000000000000 ) ;
#3275 = EDGE_LOOP ( 'NONE', ( #9069, #938, #4899, #6223 ) ) ;
#3276 = CARTESIAN_POINT ( 'NONE',  ( 0.2523044221040000035, -0.9401250377140000225, 0.2010000000000000120 ) ) ;
#3277 = ADVANCED_FACE ( 'NONE', ( #827 ), #8132, .T. ) ;
#3278 = ORIENTED_EDGE ( 'NONE', *, *, #3414, .T. ) ;
#3279 = DIRECTION ( 'NONE',  ( 1.962786165813000276E-14, 4.602713130932000298E-14, -1.000000000000000000 ) ) ;
#3280 = ORIENTED_EDGE ( 'NONE', *, *, #3828, .T. ) ;
#3281 = CARTESIAN_POINT ( 'NONE',  ( -0.4702387134900000154, -1.277753785218999960, 0.2000000000000000111 ) ) ;
#3282 = VECTOR ( 'NONE', #5777, 1000.000000000000000 ) ;
#3283 = CARTESIAN_POINT ( 'NONE',  ( -0.8669414109530000356, -0.9579490266489999462, 0.2000000000000000111 ) ) ;
#3284 = EDGE_CURVE ( 'NONE', #1613, #452, #3619, .T. ) ;
#3285 = DIRECTION ( 'NONE',  ( 1.000000000000000000, 0.000000000000000000, 0.000000000000000000 ) ) ;
#3286 = CARTESIAN_POINT ( 'NONE',  ( 7.499999999998999911, -2.849999999999000000, 0.2000000000000000111 ) ) ;
#3287 = EDGE_CURVE ( 'NONE', #8635, #5103, #2777, .T. ) ;
#3288 = ORIENTED_EDGE ( 'NONE', *, *, #5170, .F. ) ;
#3289 = DIRECTION ( 'NONE',  ( 0.000000000000000000, -1.000000000000000000, -3.457400261148000567E-15 ) ) ;
#3290 = ORIENTED_EDGE ( 'NONE', *, *, #460, .F. ) ;
#3291 = LINE ( 'NONE', #6587, #6315 ) ;
#3292 = AXIS2_PLACEMENT_3D ( 'NONE', #9219, #1901, #9907 ) ;
#3293 = LINE ( 'NONE', #10399, #9608 ) ;
#3294 = CARTESIAN_POINT ( 'NONE',  ( -1.032623575587000131, -1.361912441282999930, 0.2010000000000000120 ) ) ;
#3295 = VECTOR ( 'NONE', #6837, 1000.000000000000000 ) ;
#3296 = CARTESIAN_POINT ( 'NONE',  ( -0.3536029963189999403, -1.307034392503000131, 0.2000000000000000111 ) ) ;
#3297 = CARTESIAN_POINT ( 'NONE',  ( -3.429999999998999627, 4.750000000000000000, 0.6400000000000000133 ) ) ;
#3298 = CARTESIAN_POINT ( 'NONE',  ( -0.6999999999990000887, 0.9499999999999999556, 0.9000000000000000222 ) ) ;
#3299 = LINE ( 'NONE', #9077, #7680 ) ;
#3300 = CARTESIAN_POINT ( 'NONE',  ( 6.899999999999999467, -4.949999999998999201, 1.999999999998999911 ) ) ;
#3301 = VERTEX_POINT ( 'NONE', #7706 ) ;
#3302 = CARTESIAN_POINT ( 'NONE',  ( -3.429999999998999627, 1.665702517779999781, 3.100000000000000533 ) ) ;
#3303 = ORIENTED_EDGE ( 'NONE', *, *, #5885, .F. ) ;
#3304 = ORIENTED_EDGE ( 'NONE', *, *, #10319, .T. ) ;
#3305 = CARTESIAN_POINT ( 'NONE',  ( 0.000000000000000000, 1.550000000000000044, 3.200000000000000178 ) ) ;
#3306 = EDGE_CURVE ( 'NONE', #7719, #6756, #7654, .T. ) ;
#3307 = CARTESIAN_POINT ( 'NONE',  ( 0.000000000000000000, 2.550000000000000266, 2.200000000000000178 ) ) ;
#3308 = DIRECTION ( 'NONE',  ( 0.000000000000000000, 3.491481338843000432E-15, -1.000000000000000000 ) ) ;
#3309 = EDGE_CURVE ( 'NONE', #7626, #7236, #6015, .T. ) ;
#3310 = CARTESIAN_POINT ( 'NONE',  ( 0.5482834363609999651, -0.9285376946800000253, 0.2010000000000000120 ) ) ;
#3311 = ORIENTED_EDGE ( 'NONE', *, *, #3065, .T. ) ;
#3312 = DIRECTION ( 'NONE',  ( 0.000000000000000000, -3.491481338843000432E-15, 1.000000000000000000 ) ) ;
#3313 = EDGE_CURVE ( 'NONE', #3211, #4380, #3514, .T. ) ;
#3314 = DIRECTION ( 'NONE',  ( 0.000000000000000000, 1.000000000000000000, 3.491481338843000432E-15 ) ) ;
#3315 = ORIENTED_EDGE ( 'NONE', *, *, #7746, .F. ) ;
#3316 = CARTESIAN_POINT ( 'NONE',  ( 0.2771221937059999973, -1.350241285326000185, 0.2000000000000000111 ) ) ;
#3317 = LINE ( 'NONE', #7350, #1939 ) ;
#3318 = CARTESIAN_POINT ( 'NONE',  ( -0.3972520246490000018, -1.304030939482999862, 0.2010000000000000120 ) ) ;
#3319 = ORIENTED_EDGE ( 'NONE', *, *, #386, .F. ) ;
#3320 = VECTOR ( 'NONE', #9752, 1000.000000000000000 ) ;
#3321 = CARTESIAN_POINT ( 'NONE',  ( 5.450000000000000178, 1.349999999999000000, 4.700000000000000178 ) ) ;
#3322 = DIRECTION ( 'NONE',  ( 0.000000000000000000, 0.3420201433253705070, -0.9396926207860170077 ) ) ;
#3323 = CARTESIAN_POINT ( 'NONE',  ( -6.150000000000000355, -2.849999999999000000, 2.199999999999000089 ) ) ;
#3324 = CARTESIAN_POINT ( 'NONE',  ( 0.9300000000000000488, 1.665702517779999781, 3.840000000000000302 ) ) ;
#3325 = EDGE_CURVE ( 'NONE', #8302, #1960, #10085, .T. ) ;
#3326 = ORIENTED_EDGE ( 'NONE', *, *, #3239, .T. ) ;
#3327 = ORIENTED_EDGE ( 'NONE', *, *, #9697, .F. ) ;
#3328 = DIRECTION ( 'NONE',  ( 0.000000000000000000, -0.9396926207860168967, 0.3420201433253704515 ) ) ;
#3329 = ORIENTED_EDGE ( 'NONE', *, *, #2664, .T. ) ;
#3330 = CARTESIAN_POINT ( 'NONE',  ( -6.150000000000000355, -4.649999999998999378, 2.699999999999000089 ) ) ;
#3331 = ORIENTED_EDGE ( 'NONE', *, *, #7076, .T. ) ;
#3332 = CARTESIAN_POINT ( 'NONE',  ( -0.4174104572200000307, -1.299979642224999843, 0.2000000000000000111 ) ) ;
#3333 = CARTESIAN_POINT ( 'NONE',  ( 4.069999999999000195, 1.549999999998999956, 3.840000000000000302 ) ) ;
#3334 = DIRECTION ( 'NONE',  ( 1.000000000000000000, 0.000000000000000000, 0.000000000000000000 ) ) ;
#3335 = LINE ( 'NONE', #3286, #7635 ) ;
#3336 = VECTOR ( 'NONE', #3858, 1000.000000000000000 ) ;
#3337 = ORIENTED_EDGE ( 'NONE', *, *, #6225, .F. ) ;
#3338 = ORIENTED_EDGE ( 'NONE', *, *, #7907, .F. ) ;
#3339 = VECTOR ( 'NONE', #7237, 1000.000000000000000 ) ;
#3340 = DIRECTION ( 'NONE',  ( 0.000000000000000000, -0.9396926207860168967, 0.3420201433253704515 ) ) ;
#3341 = LINE ( 'NONE', #7581, #4708 ) ;
#3342 = LINE ( 'NONE', #2602, #1228 ) ;
#3343 = EDGE_CURVE ( 'NONE', #6812, #9743, #9193, .T. ) ;
#3344 = LINE ( 'NONE', #3496, #1714 ) ;
#3345 = CARTESIAN_POINT ( 'NONE',  ( -0.6177898452989999400, -1.096560848241999953, 0.2000000000000000111 ) ) ;
#3346 = CARTESIAN_POINT ( 'NONE',  ( 0.8515227658750000872, -0.8619124412830000415, 0.2010000000000000120 ) ) ;
#3347 = CARTESIAN_POINT ( 'NONE',  ( 0.9300000000000000488, 2.490036550378000424, 0.6979060301970000380 ) ) ;
#3348 = CARTESIAN_POINT ( 'NONE',  ( 6.400000000000000355, -3.149999999998999822, 0.2000000000000000111 ) ) ;
#3349 = ORIENTED_EDGE ( 'NONE', *, *, #5294, .F. ) ;
#3350 = VECTOR ( 'NONE', #6745, 1000.000000000000000 ) ;
#3351 = CARTESIAN_POINT ( 'NONE',  ( -3.429999999998999627, -3.334297482219000575, 0.6999999999990000887 ) ) ;
#3352 = ORIENTED_EDGE ( 'NONE', *, *, #8751, .T. ) ;
#3353 = ORIENTED_EDGE ( 'NONE', *, *, #4353, .F. ) ;
#3354 = EDGE_CURVE ( 'NONE', #1102, #10457, #9931, .T. ) ;
#3355 = LINE ( 'NONE', #24, #2832 ) ;
#3356 = DIRECTION ( 'NONE',  ( 0.000000000000000000, -1.000000000000000000, -4.336808689942015369E-15 ) ) ;
#3357 = CARTESIAN_POINT ( 'NONE',  ( 3.429999999998999627, -3.834297482219000575, 3.839999999999000213 ) ) ;
#3358 = CARTESIAN_POINT ( 'NONE',  ( 6.400000000000000355, -4.949999999998999201, 1.787228132325999974 ) ) ;
#3359 = ORIENTED_EDGE ( 'NONE', *, *, #5797, .T. ) ;
#3360 = DIRECTION ( 'NONE',  ( 1.000000000000000000, 0.000000000000000000, 0.000000000000000000 ) ) ;
#3361 = CARTESIAN_POINT ( 'NONE',  ( -0.5763620661860000549, -0.9637252991580000927, 0.2010000000000000120 ) ) ;
#3362 = ORIENTED_EDGE ( 'NONE', *, *, #121, .F. ) ;
#3363 = CARTESIAN_POINT ( 'NONE',  ( -4.549999999998999733, -4.109415119350000367, 5.499999999999000799 ) ) ;
#3364 = CARTESIAN_POINT ( 'NONE',  ( 6.649999999999999467, -3.149999999998999822, 2.199999999999000089 ) ) ;
#3365 = CARTESIAN_POINT ( 'NONE',  ( -0.3758337463770000109, -1.306553840289999879, 0.2010000000000000120 ) ) ;
#3366 = ORIENTED_EDGE ( 'NONE', *, *, #2153, .F. ) ;
#3367 = DIRECTION ( 'NONE',  ( 0.000000000000000000, 0.3420201433253705070, -0.9396926207860170077 ) ) ;
#3368 = DIRECTION ( 'NONE',  ( 0.000000000000000000, 0.03489949670200395010, -0.9993908270191130816 ) ) ;
#3369 = EDGE_CURVE ( 'NONE', #6753, #6287, #5220, .T. ) ;
#3370 = CARTESIAN_POINT ( 'NONE',  ( 0.5527422780699999816, -1.117247807137000004, 0.2010000000000000120 ) ) ;
#3371 = CARTESIAN_POINT ( 'NONE',  ( 5.450000000000000178, 1.549999999998999956, 5.500000000000000888 ) ) ;
#3372 = ORIENTED_EDGE ( 'NONE', *, *, #3069, .T. ) ;
#3373 =( LENGTH_UNIT ( ) NAMED_UNIT ( * ) SI_UNIT ( .MILLI., .METRE. ) );
#3374 = EDGE_CURVE ( 'NONE', #2200, #468, #2031, .T. ) ;
#3375 = ORIENTED_EDGE ( 'NONE', *, *, #1541, .T. ) ;
#3376 = ORIENTED_EDGE ( 'NONE', *, *, #8462, .F. ) ;
#3377 = DIRECTION ( 'NONE',  ( 0.000000000000000000, 0.000000000000000000, 1.000000000000000000 ) ) ;
#3378 = EDGE_LOOP ( 'NONE', ( #820, #8962, #5912, #6529 ) ) ;
#3379 = LINE ( 'NONE', #4124, #7164 ) ;
#3380 = ORIENTED_EDGE ( 'NONE', *, *, #6820, .F. ) ;
#3381 = EDGE_CURVE ( 'NONE', #6105, #4477, #9350, .T. ) ;
#3382 = CARTESIAN_POINT ( 'NONE',  ( -0.5308772368340000103, -1.209006060472999966, 0.2000000000000000111 ) ) ;
#3383 = VECTOR ( 'NONE', #84, 1000.000000000000000 ) ;
#3384 = DIRECTION ( 'NONE',  ( -1.000000000000000000, 0.000000000000000000, 0.000000000000000000 ) ) ;
#3385 = VECTOR ( 'NONE', #5014, 1000.000000000000000 ) ;
#3386 = ADVANCED_FACE ( 'NONE', ( #1876 ), #4469, .T. ) ;
#3387 = CARTESIAN_POINT ( 'NONE',  ( -9.840731680114000568, -3.149999999998999822, 1.199999999999000089 ) ) ;
#3388 = DIRECTION ( 'NONE',  ( -0.7071067811865474617, -0.7071067811865474617, -2.468850131083908146E-15 ) ) ;
#3389 = ORIENTED_EDGE ( 'NONE', *, *, #5519, .F. ) ;
#3390 = CARTESIAN_POINT ( 'NONE',  ( -3.741157088892999916, -4.237785955029999663, 3.511157088893000378 ) ) ;
#3391 = DIRECTION ( 'NONE',  ( 3.491481338845460101E-15, 0.000000000000000000, 1.000000000000000000 ) ) ;
#3392 = CARTESIAN_POINT ( 'NONE',  ( -3.850000000000000089, -1.750000000000000000, 5.499999999999000799 ) ) ;
#3393 = EDGE_CURVE ( 'NONE', #7190, #7929, #8391, .T. ) ;
#3394 = CARTESIAN_POINT ( 'NONE',  ( 1.570000000000000062, 0.8499999999999999778, 0.6999999999999999556 ) ) ;
#3395 = CARTESIAN_POINT ( 'NONE',  ( -0.5040508596909999417, -0.8988550566409999609, 0.2000000000000000111 ) ) ;
#3396 = DIRECTION ( 'NONE',  ( 1.000000000000000000, 0.000000000000000000, 0.000000000000000000 ) ) ;
#3397 = VECTOR ( 'NONE', #9976, 1000.000000000000000 ) ;
#3398 = CARTESIAN_POINT ( 'NONE',  ( -3.199999999999000089, 0.9499999999999999556, 2.700000000000000178 ) ) ;
#3399 = CARTESIAN_POINT ( 'NONE',  ( 5.450000000000000178, 1.549999999998999956, 5.500000000000000888 ) ) ;
#3400 = VERTEX_POINT ( 'NONE', #3562 ) ;
#3401 = DIRECTION ( 'NONE',  ( 0.000000000000000000, 3.491481338843000432E-15, -1.000000000000000000 ) ) ;
#3402 = ORIENTED_EDGE ( 'NONE', *, *, #4488, .T. ) ;
#3403 = AXIS2_PLACEMENT_3D ( 'NONE', #2977, #5313, #1385 ) ;
#3404 = VECTOR ( 'NONE', #3540, 1000.000000000000000 ) ;
#3405 = ORIENTED_EDGE ( 'NONE', *, *, #2503, .F. ) ;
#3406 = EDGE_CURVE ( 'NONE', #3432, #2200, #10037, .T. ) ;
#3407 = LINE ( 'NONE', #80, #3853 ) ;
#3408 = DIRECTION ( 'NONE',  ( -1.000000000000000000, 0.000000000000000000, 0.000000000000000000 ) ) ;
#3409 = CARTESIAN_POINT ( 'NONE',  ( -6.400000000000000355, 2.550000000000000266, 2.200000000000000178 ) ) ;
#3410 = CARTESIAN_POINT ( 'NONE',  ( 0.2478642292900000155, -0.8756319534779999358, 0.2010000000000000120 ) ) ;
#3411 = ORIENTED_EDGE ( 'NONE', *, *, #1563, .F. ) ;
#3412 = AXIS2_PLACEMENT_3D ( 'NONE', #7939, #5404, #2215 ) ;
#3413 = CARTESIAN_POINT ( 'NONE',  ( 6.150000000000000355, -2.849999999999000000, 2.199999999999000089 ) ) ;
#3414 = EDGE_CURVE ( 'NONE', #1419, #5523, #10134, .T. ) ;
#3415 = EDGE_CURVE ( 'NONE', #8845, #8573, #5328, .T. ) ;
#3416 = CARTESIAN_POINT ( 'NONE',  ( -5.450000000000000178, -5.250000000000000000, 4.799999999999000622 ) ) ;
#3417 = ORIENTED_EDGE ( 'NONE', *, *, #3219, .F. ) ;
#3418 = FACE_OUTER_BOUND ( 'NONE', #6775, .T. ) ;
#3419 = DIRECTION ( 'NONE',  ( 0.000000000000000000, 3.491481338843000432E-15, -1.000000000000000000 ) ) ;
#3420 = VECTOR ( 'NONE', #252, 1000.000000000000000 ) ;
#3421 = AXIS2_PLACEMENT_3D ( 'NONE', #6266, #698, #8544 ) ;
#3422 = VERTEX_POINT ( 'NONE', #1980 ) ;
#3423 = CARTESIAN_POINT ( 'NONE',  ( -0.9299999999989999599, 5.250000000000000000, 0.4580148828660000060 ) ) ;
#3424 = DIRECTION ( 'NONE',  ( -1.000000000000000000, 0.000000000000000000, 0.000000000000000000 ) ) ;
#3425 = CARTESIAN_POINT ( 'NONE',  ( 0.5400773524520000590, -1.032199202918999914, 0.2010000000000000120 ) ) ;
#3426 = FACE_OUTER_BOUND ( 'NONE', #2581, .T. ) ;
#3427 = ORIENTED_EDGE ( 'NONE', *, *, #8554, .F. ) ;
#3428 = ORIENTED_EDGE ( 'NONE', *, *, #606, .T. ) ;
#3429 = VERTEX_POINT ( 'NONE', #9978 ) ;
#3430 = AXIS2_PLACEMENT_3D ( 'NONE', #10484, #3279, #7105 ) ;
#3431 = DIRECTION ( 'NONE',  ( 0.000000000000000000, -0.3420201433253705070, -0.9396926207860170077 ) ) ;
#3432 = VERTEX_POINT ( 'NONE', #8445 ) ;
#3433 = LINE ( 'NONE', #214, #3772 ) ;
#3434 = ADVANCED_FACE ( 'NONE', ( #8552 ), #1931, .F. ) ;
#3435 = VERTEX_POINT ( 'NONE', #4523 ) ;
#3436 = DIRECTION ( 'NONE',  ( 0.000000000000000000, 3.491481338843000432E-15, -1.000000000000000000 ) ) ;
#3437 = EDGE_CURVE ( 'NONE', #5862, #7424, #7753, .T. ) ;
#3438 = CARTESIAN_POINT ( 'NONE',  ( 0.3826221704540000434, -1.312966404435999879, 0.2000000000000000111 ) ) ;
#3439 = VECTOR ( 'NONE', #4916, 1000.000000000000000 ) ;
#3440 = CARTESIAN_POINT ( 'NONE',  ( -0.8822331139650000376, -0.9514003536289999952, 0.2010000000000000120 ) ) ;
#3441 = CARTESIAN_POINT ( 'NONE',  ( -0.5101305629139999409, -0.9769274079820000622, 0.2000000000000000111 ) ) ;
#3442 = ORIENTED_EDGE ( 'NONE', *, *, #6030, .T. ) ;
#3443 = CARTESIAN_POINT ( 'NONE',  ( 0.2930266601670000193, -1.355793539630999911, 0.2000000000000000111 ) ) ;
#3444 = ADVANCED_FACE ( 'NONE', ( #10353 ), #1504, .T. ) ;
#3445 = FACE_OUTER_BOUND ( 'NONE', #4685, .T. ) ;
#3446 = CARTESIAN_POINT ( 'NONE',  ( -0.3515069597339999796, -1.361912441282999930, 0.2000000000000000111 ) ) ;
#3447 = VECTOR ( 'NONE', #5847, 1000.000000000000000 ) ;
#3448 = DIRECTION ( 'NONE',  ( -1.000000000000000000, 0.000000000000000000, 0.000000000000000000 ) ) ;
#3449 = PLANE ( 'NONE',  #75 ) ;
#3450 = CARTESIAN_POINT ( 'NONE',  ( -4.069999999999000195, 2.550000000000000266, 1.000013873792005015E-12 ) ) ;
#3451 = CARTESIAN_POINT ( 'NONE',  ( -3.429999999998999627, 0.8499999999999999778, 0.6999999999999999556 ) ) ;
#3452 = LINE ( 'NONE', #7540, #6636 ) ;
#3453 = CARTESIAN_POINT ( 'NONE',  ( 0.6195976870740000919, -1.111616850362999953, 0.2000000000000000111 ) ) ;
#3454 = EDGE_LOOP ( 'NONE', ( #9064, #1263, #4371, #2347, #6730, #9503, #5936, #6226, #4403, #5547 ) ) ;
#3455 = VECTOR ( 'NONE', #9541, 1000.000000000000000 ) ;
#3456 = PLANE ( 'NONE',  #3933 ) ;
#3457 = EDGE_CURVE ( 'NONE', #3730, #3106, #2939, .T. ) ;
#3458 = EDGE_CURVE ( 'NONE', #5781, #6219, #2990, .T. ) ;
#3459 = ORIENTED_EDGE ( 'NONE', *, *, #4088, .F. ) ;
#3460 = CARTESIAN_POINT ( 'NONE',  ( 3.200000000000000178, 0.9499999999999999556, 0.9000000000000000222 ) ) ;
#3461 = CARTESIAN_POINT ( 'NONE',  ( 0.000000000000000000, 0.8499999999999999778, 3.200000000000000178 ) ) ;
#3462 = LINE ( 'NONE', #9973, #7280 ) ;
#3463 = CARTESIAN_POINT ( 'NONE',  ( -6.649999999999999467, -4.649999999998999378, 1.199999999999000089 ) ) ;
#3464 = VECTOR ( 'NONE', #3164, 1000.000000000000114 ) ;
#3465 = ORIENTED_EDGE ( 'NONE', *, *, #9436, .F. ) ;
#3466 = CARTESIAN_POINT ( 'NONE',  ( 0.000000000000000000, -5.249999999998999911, 3.199999999999000089 ) ) ;
#3467 = EDGE_LOOP ( 'NONE', ( #9442, #7835, #2450, #4629 ) ) ;
#3468 = ORIENTED_EDGE ( 'NONE', *, *, #5901, .F. ) ;
#3469 = ORIENTED_EDGE ( 'NONE', *, *, #3708, .F. ) ;
#3470 = DIRECTION ( 'NONE',  ( 1.000000000000000000, 0.000000000000000000, 0.000000000000000000 ) ) ;
#3471 = EDGE_CURVE ( 'NONE', #207, #3435, #2346, .T. ) ;
#3472 = ORIENTED_EDGE ( 'NONE', *, *, #3457, .T. ) ;
#3473 = ADVANCED_FACE ( 'NONE', ( #4575 ), #5535, .T. ) ;
#3474 = DIRECTION ( 'NONE',  ( -1.000000000000000000, 0.000000000000000000, 0.000000000000000000 ) ) ;
#3475 = LINE ( 'NONE', #2886, #844 ) ;
#3476 = CARTESIAN_POINT ( 'NONE',  ( 0.5400773524520000590, -1.032199202918999914, 0.2000000000000000111 ) ) ;
#3477 = CARTESIAN_POINT ( 'NONE',  ( 1.570000000000000062, 2.550000000000000266, 0.6999999999999999556 ) ) ;
#3478 = ORIENTED_EDGE ( 'NONE', *, *, #1241, .T. ) ;
#3479 = CARTESIAN_POINT ( 'NONE',  ( 0.3460709141810000000, -1.366189273979000252, 0.2010000000000000120 ) ) ;
#3480 = ORIENTED_EDGE ( 'NONE', *, *, #2471, .F. ) ;
#3481 = VERTEX_POINT ( 'NONE', #5427 ) ;
#3482 = DIRECTION ( 'NONE',  ( 1.000000000000000000, 0.000000000000000000, 0.000000000000000000 ) ) ;
#3483 = AXIS2_PLACEMENT_3D ( 'NONE', #1014, #3608, #8328 ) ;
#3484 = ORIENTED_EDGE ( 'NONE', *, *, #7685, .T. ) ;
#3485 = CARTESIAN_POINT ( 'NONE',  ( 0.4000000000000000222, 0.8499999999989999999, 5.500000000000000888 ) ) ;
#3486 = VERTEX_POINT ( 'NONE', #8717 ) ;
#3487 = CARTESIAN_POINT ( 'NONE',  ( -7.500000000000000000, 1.849999999999000000, 4.400000000000000355 ) ) ;
#3488 = CARTESIAN_POINT ( 'NONE',  ( 0.4136431614080000041, -1.310117627002999940, 0.2000000000000000111 ) ) ;
#3489 = LINE ( 'NONE', #427, #10042 ) ;
#3490 = CARTESIAN_POINT ( 'NONE',  ( -0.9299999999989999599, 0.8499999999989999999, 3.840000000000000302 ) ) ;
#3491 = ORIENTED_EDGE ( 'NONE', *, *, #6269, .T. ) ;
#3492 = CARTESIAN_POINT ( 'NONE',  ( -4.549999999998999733, -5.250000000000000000, 5.499999999999000799 ) ) ;
#3493 = CARTESIAN_POINT ( 'NONE',  ( 6.899999999999999467, -5.149999999999000266, 0.000000000000000000 ) ) ;
#3494 = FACE_OUTER_BOUND ( 'NONE', #2138, .T. ) ;
#3495 = ADVANCED_FACE ( 'NONE', ( #3883 ), #7917, .F. ) ;
#3496 = CARTESIAN_POINT ( 'NONE',  ( -6.899999999999999467, -4.262771867673000870, 0.000000000000000000 ) ) ;
#3497 = DIRECTION ( 'NONE',  ( 0.000000000000000000, 1.000000000000000000, 0.000000000000000000 ) ) ;
#3498 = CARTESIAN_POINT ( 'NONE',  ( 6.150000000000000355, -0.4499999999989999777, 0.2000000000000000111 ) ) ;
#3499 = EDGE_CURVE ( 'NONE', #9587, #10410, #6802, .T. ) ;
#3500 = LINE ( 'NONE', #10023, #2731 ) ;
#3501 = CARTESIAN_POINT ( 'NONE',  ( -1.799999999998999956, 0.9499999999999999556, 0.9000000000000000222 ) ) ;
#3502 = VERTEX_POINT ( 'NONE', #5584 ) ;
#3503 = B_SPLINE_CURVE_WITH_KNOTS ( 'NONE', 3,
 ( #10469, #3207, #10367, #6447, #7041, #3848, #4642, #6238, #8677, #2410, #5755, #3361, #9828, #6504, #8190, #141, #1826, #8986, #7505 ),
 .UNSPECIFIED., .F., .F.,
 ( 4, 1, 1, 1, 1, 1, 1, 1, 1, 1, 1, 1, 1, 1, 1, 1, 4 ),
 ( 0.000000000000000000, 0.06863117867599999311, 0.1345664660379999877, 0.1983281540100000073, 0.2607897666399999759, 0.3219991514839999902, 0.3827217465029999488, 0.4435374740349999900, 0.5051334294839999739, 0.5662138747639999803, 0.6261058646170000186, 0.6853493221599999963, 0.7449958703469999888, 0.8054158418139999442, 0.8676362663450000179, 0.9323077823019999544, 1.000000000000000000 ),
 .UNSPECIFIED. ) ;
#3504 = DIRECTION ( 'NONE',  ( -1.000000000000000000, 0.000000000000000000, 0.000000000000000000 ) ) ;
#3505 = AXIS2_PLACEMENT_3D ( 'NONE', #9096, #2462, #1830 ) ;
#3506 = ORIENTED_EDGE ( 'NONE', *, *, #3533, .F. ) ;
#3507 = CARTESIAN_POINT ( 'NONE',  ( -4.316846170922000958, -4.609415119349999479, 5.499999999999000799 ) ) ;
#3508 = EDGE_CURVE ( 'NONE', #8983, #4173, #6174, .T. ) ;
#3509 = DIRECTION ( 'NONE',  ( -1.000000000000000000, 0.000000000000000000, 0.000000000000000000 ) ) ;
#3510 = CARTESIAN_POINT ( 'NONE',  ( 0.5400773524520000590, -1.032199202918999914, 0.2000000000000000111 ) ) ;
#3511 = VECTOR ( 'NONE', #7057, 1000.000000000000000 ) ;
#3512 = CARTESIAN_POINT ( 'NONE',  ( -0.3634855917390000246, -0.9169369871479999823, 0.2010000000000000120 ) ) ;
#3513 = ORIENTED_EDGE ( 'NONE', *, *, #257, .T. ) ;
#3514 = LINE ( 'NONE', #7601, #4898 ) ;
#3515 = EDGE_LOOP ( 'NONE', ( #3655, #1107, #6556, #21 ) ) ;
#3516 = ORIENTED_EDGE ( 'NONE', *, *, #9628, .F. ) ;
#3517 = ORIENTED_EDGE ( 'NONE', *, *, #8910, .F. ) ;
#3518 = CARTESIAN_POINT ( 'NONE',  ( -4.549999999998999733, -5.250000000000000000, 5.499999999999000799 ) ) ;
#3519 = ORIENTED_EDGE ( 'NONE', *, *, #6757, .F. ) ;
#3520 = CARTESIAN_POINT ( 'NONE',  ( 0.2915031056909999641, -1.300876926991000104, 0.2000000000000000111 ) ) ;
#3521 = CARTESIAN_POINT ( 'NONE',  ( 9.840731680114000568, -0.4499999999989999777, 0.2000000000000000111 ) ) ;
#3522 = DIRECTION ( 'NONE',  ( 0.000000000000000000, 1.000000000000000000, 3.491481338843000432E-15 ) ) ;
#3523 = DIRECTION ( 'NONE',  ( 0.000000000000000000, 3.491481338843000432E-15, -1.000000000000000000 ) ) ;
#3524 = VERTEX_POINT ( 'NONE', #7183 ) ;
#3525 = PLANE ( 'NONE',  #4232 ) ;
#3527 = ORIENTED_EDGE ( 'NONE', *, *, #10104, .F. ) ;
#3526 = ORIENTED_EDGE ( 'NONE', *, *, #5429, .T. ) ;
#3528 = ORIENTED_EDGE ( 'NONE', *, *, #6943, .F. ) ;
#3529 = DIRECTION ( 'NONE',  ( -1.000000000000000000, 0.000000000000000000, 0.000000000000000000 ) ) ;
#3530 = ORIENTED_EDGE ( 'NONE', *, *, #50, .T. ) ;
#3531 = LINE ( 'NONE', #2692, #1067 ) ;
#3532 = ORIENTED_EDGE ( 'NONE', *, *, #2482, .F. ) ;
#3533 = EDGE_CURVE ( 'NONE', #10464, #4579, #8332, .T. ) ;
#3534 = DIRECTION ( 'NONE',  ( 1.000000000000000000, 0.000000000000000000, 0.000000000000000000 ) ) ;
#3535 = CARTESIAN_POINT ( 'NONE',  ( 0.5527422780699999816, -1.117247807137000004, 0.2010000000000000120 ) ) ;
#3536 = CARTESIAN_POINT ( 'NONE',  ( -0.3563659536359999880, -0.9167904900640000410, 0.2000000000000000111 ) ) ;
#3537 = LINE ( 'NONE', #6788, #9504 ) ;
#3538 = ORIENTED_EDGE ( 'NONE', *, *, #314, .T. ) ;
#3539 = ADVANCED_FACE ( 'NONE', ( #7027 ), #3943, .T. ) ;
#3540 = DIRECTION ( 'NONE',  ( 0.000000000000000000, 3.491481338843000432E-15, -1.000000000000000000 ) ) ;
#3541 = EDGE_CURVE ( 'NONE', #624, #8845, #6222, .T. ) ;
#3542 = DIRECTION ( 'NONE',  ( -0.3420201433253704515, 0.9396926207860168967, 0.000000000000000000 ) ) ;
#3543 = FACE_OUTER_BOUND ( 'NONE', #8023, .T. ) ;
#3544 = AXIS2_PLACEMENT_3D ( 'NONE', #9772, #7391, #2619 ) ;
#3545 = CARTESIAN_POINT ( 'NONE',  ( -0.9106723560750000779, -0.8619124412830000415, 0.2010000000000000120 ) ) ;
#3546 = CARTESIAN_POINT ( 'NONE',  ( 1.111985117132999967, 5.250000000000000000, 0.1819851171340000351 ) ) ;
#3547 = FACE_OUTER_BOUND ( 'NONE', #3262, .T. ) ;
#3548 = DIRECTION ( 'NONE',  ( 0.000000000000000000, -3.491481338843000432E-15, 1.000000000000000000 ) ) ;
#3549 = DIRECTION ( 'NONE',  ( 0.000000000000000000, -0.9396926207860168967, 0.3420201433253704515 ) ) ;
#3550 = EDGE_LOOP ( 'NONE', ( #8407, #7181, #4131, #3846 ) ) ;
#3551 = AXIS2_PLACEMENT_3D ( 'NONE', #151, #43, #5070 ) ;
#3552 = DIRECTION ( 'NONE',  ( 0.000000000000000000, 3.491481338843000432E-15, -1.000000000000000000 ) ) ;
#3553 = CARTESIAN_POINT ( 'NONE',  ( 6.400000000000000355, -5.149999999999000266, -2.061552812807999846 ) ) ;
#3554 = EDGE_CURVE ( 'NONE', #5824, #5536, #2189, .T. ) ;
#3555 = DIRECTION ( 'NONE',  ( 0.000000000000000000, 1.000000000000000000, 3.469446951952999666E-15 ) ) ;
#3556 = AXIS2_PLACEMENT_3D ( 'NONE', #5390, #1464, #4695 ) ;
#3557 = EDGE_CURVE ( 'NONE', #10473, #8541, #8817, .T. ) ;
#3558 = LINE ( 'NONE', #5165, #2583 ) ;
#3559 = CARTESIAN_POINT ( 'NONE',  ( 0.5007193033240000535, -0.9663798905349999524, 0.2000000000000000111 ) ) ;
#3560 = DIRECTION ( 'NONE',  ( 0.000000000000000000, -1.000000000000000000, -3.491481338843000432E-15 ) ) ;
#3561 = ORIENTED_EDGE ( 'NONE', *, *, #4407, .T. ) ;
#3562 = CARTESIAN_POINT ( 'NONE',  ( 6.400000000000000355, -4.949999999998999201, 0.000000000000000000 ) ) ;
#3563 = ORIENTED_EDGE ( 'NONE', *, *, #1391, .T. ) ;
#3564 = AXIS2_PLACEMENT_3D ( 'NONE', #6417, #5622, #2377 ) ;
#3565 = ORIENTED_EDGE ( 'NONE', *, *, #8098, .T. ) ;
#3566 = ADVANCED_FACE ( 'NONE', ( #1556 ), #6277, .T. ) ;
#3567 = ORIENTED_EDGE ( 'NONE', *, *, #5533, .F. ) ;
#3568 = ADVANCED_FACE ( 'NONE', ( #127 ), #4094, .F. ) ;
#3569 = CARTESIAN_POINT ( 'NONE',  ( 0.4632386164280000163, -1.292712558893000185, 0.2000000000000000111 ) ) ;
#3570 = ORIENTED_EDGE ( 'NONE', *, *, #8946, .T. ) ;
#3571 = CARTESIAN_POINT ( 'NONE',  ( 0.2478642292900000155, -1.281119758356000116, 0.2000000000000000111 ) ) ;
#3572 = LINE ( 'NONE', #7607, #2026 ) ;
#3573 = VECTOR ( 'NONE', #6698, 1000.000000000000000 ) ;
#3574 = DIRECTION ( 'NONE',  ( -1.000000000000000000, 0.000000000000000000, 0.000000000000000000 ) ) ;
#3575 = DIRECTION ( 'NONE',  ( 0.9063077870368018152, -0.4226182617403738684, -1.475563774322305541E-15 ) ) ;
#3576 = ADVANCED_FACE ( 'NONE', ( #4040 ), #7436, .F. ) ;
#3577 = ORIENTED_EDGE ( 'NONE', *, *, #4573, .T. ) ;
#3578 = CARTESIAN_POINT ( 'NONE',  ( 0.4358900078429999714, -1.364253583004000125, 0.2000000000000000111 ) ) ;
#3580 = VERTEX_POINT ( 'NONE', #816 ) ;
#3579 = ORIENTED_EDGE ( 'NONE', *, *, #143, .T. ) ;
#3581 = ORIENTED_EDGE ( 'NONE', *, *, #6889, .T. ) ;
#3582 = EDGE_CURVE ( 'NONE', #8257, #2360, #4146, .T. ) ;
#3583 = VECTOR ( 'NONE', #7446, 1000.000000000000000 ) ;
#3584 = AXIS2_PLACEMENT_3D ( 'NONE', #10093, #5972, #2785 ) ;
#3585 = CARTESIAN_POINT ( 'NONE',  ( -3.199999999999000089, 0.9499999999999999556, 0.9000000000000000222 ) ) ;
#3586 = VERTEX_POINT ( 'NONE', #5054 ) ;
#3587 = DIRECTION ( 'NONE',  ( 0.000000000000000000, -1.000000000000000000, -3.838426034038000158E-15 ) ) ;
#3588 = ORIENTED_EDGE ( 'NONE', *, *, #3374, .T. ) ;
#3589 = LINE ( 'NONE', #9266, #9845 ) ;
#3590 = CARTESIAN_POINT ( 'NONE',  ( 0.4632386164280000163, -1.292712558893000185, 0.2010000000000000120 ) ) ;
#3591 = VECTOR ( 'NONE', #1664, 1000.000000000000000 ) ;
#3592 = AXIS2_PLACEMENT_3D ( 'NONE', #6214, #2337, #4673 ) ;
#3593 = DIRECTION ( 'NONE',  ( 0.000000000000000000, 1.000000000000000000, 3.491481338843000432E-15 ) ) ;
#3594 = LINE ( 'NONE', #4336, #3922 ) ;
#3595 = ORIENTED_EDGE ( 'NONE', *, *, #1530, .T. ) ;
#3596 = CARTESIAN_POINT ( 'NONE',  ( 0.3654685486470000133, -1.367775765485000239, 0.2000000000000000111 ) ) ;
#3597 = EDGE_CURVE ( 'NONE', #5536, #6625, #8069, .T. ) ;
#3598 = LINE ( 'NONE', #10225, #144 ) ;
#3599 = CARTESIAN_POINT ( 'NONE',  ( -0.9595481182699999723, -1.166790490064000041, 0.2010000000000000120 ) ) ;
#3600 = CARTESIAN_POINT ( 'NONE',  ( 0.5397297185570000266, -1.316375011662999972, 0.2000000000000000111 ) ) ;
#3601 = VECTOR ( 'NONE', #9474, 1000.000000000000000 ) ;
#3602 = EDGE_CURVE ( 'NONE', #676, #7872, #5004, .T. ) ;
#3603 = EDGE_CURVE ( 'NONE', #10035, #2674, #9658, .T. ) ;
#3604 = DIRECTION ( 'NONE',  ( 1.000000000000000000, 0.000000000000000000, 0.000000000000000000 ) ) ;
#3605 = CARTESIAN_POINT ( 'NONE',  ( 0.3745586897259999826, -0.8560249928140000186, 0.2000000000000000111 ) ) ;
#3606 = PLANE ( 'NONE',  #534 ) ;
#3607 = ORIENTED_EDGE ( 'NONE', *, *, #7479, .F. ) ;
#3608 = DIRECTION ( 'NONE',  ( 1.000000000000000000, 0.000000000000000000, 0.000000000000000000 ) ) ;
#3609 = ORIENTED_EDGE ( 'NONE', *, *, #4732, .T. ) ;
#3610 = DIRECTION ( 'NONE',  ( 0.000000000000000000, 1.000000000000000000, 3.516331370228009829E-15 ) ) ;
#3611 = VECTOR ( 'NONE', #4335, 1000.000000000000000 ) ;
#3612 = FACE_OUTER_BOUND ( 'NONE', #7842, .T. ) ;
#3613 = PLANE ( 'NONE',  #8767 ) ;
#3614 = LINE ( 'NONE', #4410, #9686 ) ;
#3615 = CARTESIAN_POINT ( 'NONE',  ( -7.500000000000000000, -2.750000000000000000, 4.799999999999000622 ) ) ;
#3616 = AXIS2_PLACEMENT_3D ( 'NONE', #9388, #2118, #5568 ) ;
#3617 = CARTESIAN_POINT ( 'NONE',  ( -0.5101305629139999409, -0.9769274079820000622, 0.2010000000000000120 ) ) ;
#3618 = ORIENTED_EDGE ( 'NONE', *, *, #6030, .F. ) ;
#3619 = LINE ( 'NONE', #345, #4227 ) ;
#3620 = VERTEX_POINT ( 'NONE', #4895 ) ;
#3621 = ORIENTED_EDGE ( 'NONE', *, *, #6068, .F. ) ;
#3622 = ADVANCED_FACE ( 'NONE', ( #2502 ), #7281, .F. ) ;
#3623 = ORIENTED_EDGE ( 'NONE', *, *, #3393, .F. ) ;
#3624 = LINE ( 'NONE', #5224, #974 ) ;
#3625 = ORIENTED_EDGE ( 'NONE', *, *, #5517, .T. ) ;
#3626 = ADVANCED_FACE ( 'NONE', ( #5639 ), #1610, .T. ) ;
#3627 = CIRCLE ( 'NONE', #6007, 0.1000000000000000472 ) ;
#3628 = LINE ( 'NONE', #7762, #9348 ) ;
#3629 = FACE_OUTER_BOUND ( 'NONE', #2845, .T. ) ;
#3630 = LINE ( 'NONE', #355, #9830 ) ;
#3631 = DIRECTION ( 'NONE',  ( 1.000000000000000000, 0.000000000000000000, 0.000000000000000000 ) ) ;
#3632 = VERTEX_POINT ( 'NONE', #1659 ) ;
#3633 = FACE_OUTER_BOUND ( 'NONE', #5871, .T. ) ;
#3635 = EDGE_LOOP ( 'NONE', ( #5408, #9259, #5602, #1459 ) ) ;
#3634 = VERTEX_POINT ( 'NONE', #8974 ) ;
#3636 = ORIENTED_EDGE ( 'NONE', *, *, #9244, .T. ) ;
#3637 = AXIS2_PLACEMENT_3D ( 'NONE', #3553, #6861, #2414 ) ;
#3638 = DIRECTION ( 'NONE',  ( 0.000000000000000000, 1.000000000000000000, 3.491481338843000432E-15 ) ) ;
#3639 = ORIENTED_EDGE ( 'NONE', *, *, #4553, .F. ) ;
#3640 = ORIENTED_EDGE ( 'NONE', *, *, #4088, .T. ) ;
#3641 = FACE_OUTER_BOUND ( 'NONE', #7667, .T. ) ;
#3642 = CARTESIAN_POINT ( 'NONE',  ( -0.9299999999989999599, -3.834297482219000575, 3.658014882865999962 ) ) ;
#3643 = CARTESIAN_POINT ( 'NONE',  ( 0.5500012870270000187, -1.159674683842999876, 0.2010000000000000120 ) ) ;
#3644 = EDGE_CURVE ( 'NONE', #148, #1308, #20, .T. ) ;
#3645 = CARTESIAN_POINT ( 'NONE',  ( 6.400000000000000355, -3.149999999998999822, 0.2000000000000000111 ) ) ;
#3646 = LINE ( 'NONE', #8370, #2742 ) ;
#3647 = ORIENTED_EDGE ( 'NONE', *, *, #2769, .F. ) ;
#3648 = DIRECTION ( 'NONE',  ( 0.000000000000000000, -1.000000000000000000, -3.491481338843000432E-15 ) ) ;
#3649 = CARTESIAN_POINT ( 'NONE',  ( 4.549999999999999822, -4.109415119350000367, 6.199999999999000089 ) ) ;
#3650 = DIRECTION ( 'NONE',  ( 1.000000000000000000, 0.000000000000000000, 0.000000000000000000 ) ) ;
#3651 = DIRECTION ( 'NONE',  ( 0.000000000000000000, 3.491481338843000432E-15, -1.000000000000000000 ) ) ;
#3652 = CARTESIAN_POINT ( 'NONE',  ( -7.500000000000000000, 1.149999999998999822, 6.200000000000000178 ) ) ;
#3653 = DIRECTION ( 'NONE',  ( 0.000000000000000000, 1.000000000000000000, 3.491481338843000432E-15 ) ) ;
#3654 = CARTESIAN_POINT ( 'NONE',  ( 0.08323008294800000872, -0.9167904900640000410, 0.2010000000000000120 ) ) ;
#3655 = ORIENTED_EDGE ( 'NONE', *, *, #4542, .F. ) ;
#3656 = CARTESIAN_POINT ( 'NONE',  ( 0.4888366904579999894, -0.8839403555800000589, 0.2000000000000000111 ) ) ;
#3657 = ORIENTED_EDGE ( 'NONE', *, *, #175, .T. ) ;
#3658 = DIRECTION ( 'NONE',  ( -1.000000000000000000, 0.000000000000000000, 0.000000000000000000 ) ) ;
#3659 = ADVANCED_FACE ( 'NONE', ( #3246 ), #6492, .F. ) ;
#3660 = CARTESIAN_POINT ( 'NONE',  ( -0.4852937294490000109, -1.267010875613000076, 0.2010000000000000120 ) ) ;
#3661 = CARTESIAN_POINT ( 'NONE',  ( 1.750000000000000000, 1.550000000000000044, 0.2000000000010000167 ) ) ;
#3662 = DIRECTION ( 'NONE',  ( 0.000000000000000000, -0.3420201433253705070, -0.9396926207860170077 ) ) ;
#3663 = LINE ( 'NONE', #4360, #180 ) ;
#3664 = LINE ( 'NONE', #6113, #519 ) ;
#3665 = ORIENTED_EDGE ( 'NONE', *, *, #1614, .F. ) ;
#3666 = CARTESIAN_POINT ( 'NONE',  ( -0.8765641243680000194, -0.9228880510390000680, 0.2010000000000000120 ) ) ;
#3667 = ORIENTED_EDGE ( 'NONE', *, *, #9019, .T. ) ;
#3668 = EDGE_CURVE ( 'NONE', #5115, #5103, #9011, .T. ) ;
#3669 = EDGE_CURVE ( 'NONE', #9357, #9525, #8178, .T. ) ;
#3670 = VECTOR ( 'NONE', #6282, 1000.000000000000000 ) ;
#3671 = ORIENTED_EDGE ( 'NONE', *, *, #3128, .T. ) ;
#3672 = EDGE_CURVE ( 'NONE', #7094, #1687, #2449, .T. ) ;
#3673 = EDGE_LOOP ( 'NONE', ( #10236, #102, #4156, #7931 ) ) ;
#3674 = DIRECTION ( 'NONE',  ( -1.000000000000000000, 0.000000000000000000, 0.000000000000000000 ) ) ;
#3675 = VECTOR ( 'NONE', #2079, 1000.000000000000000 ) ;
#3676 = EDGE_LOOP ( 'NONE', ( #4548, #5965, #9716, #1544 ) ) ;
#3677 = CARTESIAN_POINT ( 'NONE',  ( 0.3850177562070000170, -0.9111242837939999006, 0.2010000000000000120 ) ) ;
#3678 = CARTESIAN_POINT ( 'NONE',  ( -4.599999999998999556, 0.8499999999989999999, 5.500000000000000888 ) ) ;
#3679 = DIRECTION ( 'NONE',  ( 0.000000000000000000, 3.491481338843000432E-15, -1.000000000000000000 ) ) ;
#3680 = ORIENTED_EDGE ( 'NONE', *, *, #6364, .F. ) ;
#3681 = DIRECTION ( 'NONE',  ( 0.000000000000000000, -3.491481338843000432E-15, 1.000000000000000000 ) ) ;
#3683 = ORIENTED_EDGE ( 'NONE', *, *, #4341, .F. ) ;
#3682 = VERTEX_POINT ( 'NONE', #9814 ) ;
#3684 = ORIENTED_EDGE ( 'NONE', *, *, #2503, .T. ) ;
#3685 = DIRECTION ( 'NONE',  ( 0.000000000000000000, 1.000000000000000000, 3.838426034038000158E-15 ) ) ;
#3686 = ORIENTED_EDGE ( 'NONE', *, *, #3284, .T. ) ;
#3687 = EDGE_CURVE ( 'NONE', #3432, #1445, #2751, .T. ) ;
#3688 = VERTEX_POINT ( 'NONE', #8278 ) ;
#3689 = CARTESIAN_POINT ( 'NONE',  ( -0.9299999999989999599, 1.765641600482000140, 3.103489949670000136 ) ) ;
#3690 = ADVANCED_FACE ( 'NONE', ( #8923 ), #864, .F. ) ;
#3691 = PLANE ( 'NONE',  #3216 ) ;
#3692 = CARTESIAN_POINT ( 'NONE',  ( -1.749999999998999911, -5.249999999998999911, 0.2000000000000000111 ) ) ;
#3693 = EDGE_CURVE ( 'NONE', #5781, #1560, #7593, .T. ) ;
#3694 = CARTESIAN_POINT ( 'NONE',  ( -9.840731680114000568, -0.4499999999989999777, 2.699999999999000089 ) ) ;
#3695 = CARTESIAN_POINT ( 'NONE',  ( 0.4814600443520000161, -1.351467788399999925, 0.2010000000000000120 ) ) ;
#3696 = ORIENTED_EDGE ( 'NONE', *, *, #4979, .F. ) ;
#3697 = CARTESIAN_POINT ( 'NONE',  ( 0.5042420096440000110, -1.260416839261000010, 0.2010000000000000120 ) ) ;
#3698 = DIRECTION ( 'NONE',  ( 1.000000000000000000, 0.000000000000000000, 0.000000000000000000 ) ) ;
#3699 = EDGE_CURVE ( 'NONE', #364, #3095, #5899, .T. ) ;
#3700 = ORIENTED_EDGE ( 'NONE', *, *, #1112, .F. ) ;
#3701 = LINE ( 'NONE', #4396, #1402 ) ;
#3702 = CARTESIAN_POINT ( 'NONE',  ( 0.6198154488019999020, -1.121344605917000026, 0.2000000000000000111 ) ) ;
#3703 = EDGE_CURVE ( 'NONE', #9455, #238, #2866, .T. ) ;
#3704 = PLANE ( 'NONE',  #1935 ) ;
#3705 = CARTESIAN_POINT ( 'NONE',  ( 0.9300000000000000488, -3.334297482219000575, 3.199999999999000089 ) ) ;
#3706 = DIRECTION ( 'NONE',  ( 0.000000000000000000, 3.611948246897000020E-15, -1.000000000000000000 ) ) ;
#3707 = VERTEX_POINT ( 'NONE', #6803 ) ;
#3708 = EDGE_CURVE ( 'NONE', #5983, #1377, #9923, .T. ) ;
#3709 = CARTESIAN_POINT ( 'NONE',  ( -6.150000000000000355, -4.649999999998999378, 2.199999999999000089 ) ) ;
#3710 = ORIENTED_EDGE ( 'NONE', *, *, #10242, .F. ) ;
#3711 = PLANE ( 'NONE',  #9687 ) ;
#3712 = VECTOR ( 'NONE', #8824, 1000.000000000000000 ) ;
#3713 = ADVANCED_FACE ( 'NONE', ( #7641 ), #4352, .F. ) ;
#3714 = CARTESIAN_POINT ( 'NONE',  ( -0.4989779268760000663, -1.254673345256999806, 0.2010000000000000120 ) ) ;
#3715 = LINE ( 'NONE', #10080, #7745 ) ;
#3716 = PLANE ( 'NONE',  #4433 ) ;
#3717 = VECTOR ( 'NONE', #4313, 1000.000000000000000 ) ;
#3718 = CARTESIAN_POINT ( 'NONE',  ( -5.450000000000000178, 1.349999999999000000, 4.700000000000000178 ) ) ;
#3719 = AXIS2_PLACEMENT_3D ( 'NONE', #4411, #6062, #7649 ) ;
#3720 = DIRECTION ( 'NONE',  ( 0.000000000000000000, 0.000000000000000000, 1.000000000000000000 ) ) ;
#3721 = ORIENTED_EDGE ( 'NONE', *, *, #8400, .F. ) ;
#3722 = DIRECTION ( 'NONE',  ( -1.000000000000000000, 0.000000000000000000, 0.000000000000000000 ) ) ;
#3723 = ORIENTED_EDGE ( 'NONE', *, *, #1732, .T. ) ;
#3724 = ORIENTED_EDGE ( 'NONE', *, *, #3693, .T. ) ;
#3725 = EDGE_CURVE ( 'NONE', #5505, #7475, #2075, .T. ) ;
#3726 = VECTOR ( 'NONE', #3120, 1000.000000000000000 ) ;
#3727 = ORIENTED_EDGE ( 'NONE', *, *, #3024, .F. ) ;
#3728 = CARTESIAN_POINT ( 'NONE',  ( 6.899999999999999467, -4.649999999998999378, 2.199999999999000089 ) ) ;
#3729 = DIRECTION ( 'NONE',  ( 0.000000000000000000, -0.7071067811865475727, 0.7071067811865475727 ) ) ;
#3730 = VERTEX_POINT ( 'NONE', #390 ) ;
#3731 = CARTESIAN_POINT ( 'NONE',  ( 0.5007193033240000535, -0.9663798905349999524, 0.2010000000000000120 ) ) ;
#3732 = CARTESIAN_POINT ( 'NONE',  ( -0.9106723560750000779, -0.8619124412830000415, 0.2010000000000000120 ) ) ;
#3733 = EDGE_CURVE ( 'NONE', #9158, #506, #5100, .T. ) ;
#3734 = DIRECTION ( 'NONE',  ( 1.000000000000000000, 0.000000000000000000, 0.000000000000000000 ) ) ;
#3735 = EDGE_CURVE ( 'NONE', #3632, #5034, #5317, .T. ) ;
#3736 = VERTEX_POINT ( 'NONE', #1017 ) ;
#3737 = AXIS2_PLACEMENT_3D ( 'NONE', #2733, #458, #509 ) ;
#3738 = DIRECTION ( 'NONE',  ( -1.000000000000000000, 0.000000000000000000, 0.000000000000000000 ) ) ;
#3740 = EDGE_LOOP ( 'NONE', ( #1322, #7111, #6178, #3137 ) ) ;
#3739 = ORIENTED_EDGE ( 'NONE', *, *, #8659, .F. ) ;
#3741 = CARTESIAN_POINT ( 'NONE',  ( -1.570000000000000062, 2.550000000000000266, 1.000013873792005015E-12 ) ) ;
#3742 = ORIENTED_EDGE ( 'NONE', *, *, #8400, .T. ) ;
#3743 = VECTOR ( 'NONE', #1441, 1000.000000000000000 ) ;
#3744 = AXIS2_PLACEMENT_3D ( 'NONE', #689, #4765, #4825 ) ;
#3745 = EDGE_LOOP ( 'NONE', ( #5455, #782, #6446, #5768 ) ) ;
#3746 = DIRECTION ( 'NONE',  ( 1.270795280836009862E-15, 0.000000000000000000, 1.000000000000000000 ) ) ;
#3747 = CARTESIAN_POINT ( 'NONE',  ( 5.449999999999000089, -2.750000000000000000, 4.799999999999000622 ) ) ;
#3748 = CARTESIAN_POINT ( 'NONE',  ( -0.2826235755870000199, -0.9167904900640000410, 0.2000000000000000111 ) ) ;
#3749 = CARTESIAN_POINT ( 'NONE',  ( -7.499999999998999911, -0.4499999999989999777, 2.699999999999000089 ) ) ;
#3750 = CYLINDRICAL_SURFACE ( 'NONE', #1393, 0.7399999999990000132 ) ;
#3751 = ORIENTED_EDGE ( 'NONE', *, *, #2601, .T. ) ;
#3752 = VECTOR ( 'NONE', #5086, 1000.000000000000000 ) ;
#3753 = AXIS2_PLACEMENT_3D ( 'NONE', #8089, #9785, #97 ) ;
#3754 = CARTESIAN_POINT ( 'NONE',  ( 0.3826221704540000434, -1.312966404435999879, 0.2010000000000000120 ) ) ;
#3755 = LINE ( 'NONE', #7845, #7583 ) ;
#3756 = ORIENTED_EDGE ( 'NONE', *, *, #4031, .F. ) ;
#3757 = DIRECTION ( 'NONE',  ( -1.000000000000000000, 0.000000000000000000, 0.000000000000000000 ) ) ;
#3758 = EDGE_CURVE ( 'NONE', #7723, #1612, #335, .T. ) ;
#3759 = CARTESIAN_POINT ( 'NONE',  ( 0.08323008294800000872, -0.9167904900640000410, 0.2010000000000000120 ) ) ;
#3760 = AXIS2_PLACEMENT_3D ( 'NONE', #5322, #9290, #7702 ) ;
#3761 = VECTOR ( 'NONE', #3041, 1000.000000000000000 ) ;
#3762 = ADVANCED_FACE ( 'NONE', ( #6004 ), #2662, .T. ) ;
#3763 = AXIS2_PLACEMENT_3D ( 'NONE', #7582, #7428, #4342 ) ;
#3764 = LINE ( 'NONE', #10231, #4815 ) ;
#3765 = DIRECTION ( 'NONE',  ( 0.000000000000000000, 1.000000000000000000, 3.523657060577887833E-15 ) ) ;
#3766 = CARTESIAN_POINT ( 'NONE',  ( -4.069999999999000195, 4.750000000000000000, 1.000013873792005015E-12 ) ) ;
#3767 = EDGE_CURVE ( 'NONE', #5173, #9597, #236, .T. ) ;
#3768 = ORIENTED_EDGE ( 'NONE', *, *, #2737, .T. ) ;
#3769 = DIRECTION ( 'NONE',  ( -1.000000000000000000, 0.000000000000000000, 0.000000000000000000 ) ) ;
#3770 = ORIENTED_EDGE ( 'NONE', *, *, #9184, .F. ) ;
#3771 = FACE_OUTER_BOUND ( 'NONE', #6420, .T. ) ;
#3772 = VECTOR ( 'NONE', #160, 1000.000000000000000 ) ;
#3773 = CARTESIAN_POINT ( 'NONE',  ( -0.3758337463770000109, -1.306553840289999879, 0.2010000000000000120 ) ) ;
#3774 = VECTOR ( 'NONE', #812, 1000.000000000000000 ) ;
#3775 = ORIENTED_EDGE ( 'NONE', *, *, #1187, .T. ) ;
#3776 = CARTESIAN_POINT ( 'NONE',  ( -0.4334190840950000179, -1.352603226098999967, 0.2010000000000000120 ) ) ;
#3777 = DIRECTION ( 'NONE',  ( 0.000000000000000000, -3.584412953627000671E-15, 1.000000000000000000 ) ) ;
#3778 = DIRECTION ( 'NONE',  ( 0.000000000000000000, 3.491481338843000432E-15, -1.000000000000000000 ) ) ;
#3779 = EDGE_CURVE ( 'NONE', #1612, #10357, #1227, .T. ) ;
#3780 = ORIENTED_EDGE ( 'NONE', *, *, #1501, .T. ) ;
#3781 = VECTOR ( 'NONE', #6274, 1000.000000000000000 ) ;
#3782 = CARTESIAN_POINT ( 'NONE',  ( 4.069999999999000195, 1.550000000000000044, 3.200000000000000178 ) ) ;
#3783 = ORIENTED_EDGE ( 'NONE', *, *, #2867, .F. ) ;
#3784 = ORIENTED_EDGE ( 'NONE', *, *, #4219, .F. ) ;
#3785 = ORIENTED_EDGE ( 'NONE', *, *, #9677, .T. ) ;
#3786 = LINE ( 'NONE', #10463, #4872 ) ;
#3787 = B_SPLINE_CURVE_WITH_KNOTS ( 'NONE', 3,
 ( #9783, #2517, #3365, #3318, #1729, #4912, #2570, #3267, #1832, #5815, #8195, #8991, #9048, #5864, #1782, #5066, #4164, #9890, #5914 ),
 .UNSPECIFIED., .F., .F.,
 ( 4, 1, 1, 1, 1, 1, 1, 1, 1, 1, 1, 1, 1, 1, 1, 1, 4 ),
 ( 0.000000000000000000, 0.07082657255500000859, 0.1381690332790000142, 0.2024753315329999859, 0.2639737544130000280, 0.3233803205979999817, 0.3817976227129999955, 0.4393900745190000290, 0.4969027245450000074, 0.5546621696089999443, 0.6127418784920000139, 0.6715388363909999825, 0.7316557220899999603, 0.7942978116129999488, 0.8594822049789999641, 0.9276813254519999941, 1.000000000000000000 ),
 .UNSPECIFIED. ) ;
#3788 = DIRECTION ( 'NONE',  ( 0.000000000000000000, 1.000000000000000000, 3.491481338843000432E-15 ) ) ;
#3789 = AXIS2_PLACEMENT_3D ( 'NONE', #9067, #3285, #7264 ) ;
#3790 = ORIENTED_EDGE ( 'NONE', *, *, #1697, .F. ) ;
#3791 = CARTESIAN_POINT ( 'NONE',  ( -3.611985117132999967, 5.250000000000000000, 0.6400000000000000133 ) ) ;
#3792 = DIRECTION ( 'NONE',  ( 0.000000000000000000, 1.000000000000000000, 3.491481338843000432E-15 ) ) ;
#3793 = CARTESIAN_POINT ( 'NONE',  ( 0.3337404873670000161, -0.9125509779080001049, 0.2000000000000000111 ) ) ;
#3794 = VERTEX_POINT ( 'NONE', #4304 ) ;
#3795 = DIRECTION ( 'NONE',  ( 0.000000000000000000, 1.000000000000000000, 3.491481338843000432E-15 ) ) ;
#3797 = EDGE_LOOP ( 'NONE', ( #1399, #540, #8362, #9955, #1833, #3723, #10098, #7567 ) ) ;
#3796 = ORIENTED_EDGE ( 'NONE', *, *, #2601, .F. ) ;
#3798 = VECTOR ( 'NONE', #9280, 1000.000000000000000 ) ;
#3799 = ADVANCED_FACE ( 'NONE', ( #5951 ), #3456, .T. ) ;
#3800 = LINE ( 'NONE', #10316, #4478 ) ;
#3801 = ADVANCED_FACE ( 'NONE', ( #9236 ), #1972, .F. ) ;
#3802 = VECTOR ( 'NONE', #8086, 1000.000000000000000 ) ;
#3803 = EDGE_LOOP ( 'NONE', ( #9260, #10211, #1954, #7818 ) ) ;
#3804 = ORIENTED_EDGE ( 'NONE', *, *, #5926, .T. ) ;
#3805 = LINE ( 'NONE', #6404, #1048 ) ;
#3806 = DIRECTION ( 'NONE',  ( 0.000000000000000000, -3.491481338843000432E-15, 1.000000000000000000 ) ) ;
#3807 = CARTESIAN_POINT ( 'NONE',  ( -3.611985117132999967, -3.834297482219000575, 3.381985117132999985 ) ) ;
#3808 = DIRECTION ( 'NONE',  ( -1.000000000000000000, 0.000000000000000000, 0.000000000000000000 ) ) ;
#3809 = CARTESIAN_POINT ( 'NONE',  ( -6.400000000000000355, -5.064285714284999962, 1.376902229001999878 ) ) ;
#3810 = VECTOR ( 'NONE', #5736, 1000.000000000000000 ) ;
#3811 = ORIENTED_EDGE ( 'NONE', *, *, #5842, .T. ) ;
#3812 = DIRECTION ( 'NONE',  ( 0.000000000000000000, 1.000000000000000000, 3.614007241618338910E-15 ) ) ;
#3813 = LINE ( 'NONE', #3220, #2164 ) ;
#3814 = EDGE_CURVE ( 'NONE', #3106, #6105, #10077, .T. ) ;
#3815 = ORIENTED_EDGE ( 'NONE', *, *, #593, .T. ) ;
#3816 = FACE_OUTER_BOUND ( 'NONE', #10215, .T. ) ;
#3817 = CYLINDRICAL_SURFACE ( 'NONE', #2387, 0.7000000000000000666 ) ;
#3818 = DIRECTION ( 'NONE',  ( 1.000000000000000000, 0.000000000000000000, 0.000000000000000000 ) ) ;
#3819 = CARTESIAN_POINT ( 'NONE',  ( 0.6624983756310000027, -1.361912441282999930, 0.2010000000000000120 ) ) ;
#3820 = CARTESIAN_POINT ( 'NONE',  ( -9.840731680114000568, -4.649999999998999378, 1.199999999999000089 ) ) ;
#3821 = ORIENTED_EDGE ( 'NONE', *, *, #4667, .F. ) ;
#3822 = CARTESIAN_POINT ( 'NONE',  ( 0.4429701517409999623, -0.8656480959429999622, 0.2000000000000000111 ) ) ;
#3823 = ORIENTED_EDGE ( 'NONE', *, *, #5149, .F. ) ;
#3824 = PLANE ( 'NONE',  #3421 ) ;
#3825 = ADVANCED_FACE ( 'NONE', ( #5260 ), #1235, .T. ) ;
#3826 = CARTESIAN_POINT ( 'NONE',  ( -0.5219364817540000923, -1.225615708219000011, 0.2010000000000000120 ) ) ;
#3827 = VECTOR ( 'NONE', #1175, 1000.000000000000000 ) ;
#3828 = EDGE_CURVE ( 'NONE', #7491, #6782, #6910, .T. ) ;
#3829 = CARTESIAN_POINT ( 'NONE',  ( -0.5893955065029999885, -1.233077575030999906, 0.2010000000000000120 ) ) ;
#3830 = CARTESIAN_POINT ( 'NONE',  ( -3.199999999999000089, 0.9499999999999999556, 0.9000000000000000222 ) ) ;
#3831 = CARTESIAN_POINT ( 'NONE',  ( -1.570000000000000062, -3.834297482219000575, 3.199999999999000089 ) ) ;
#3832 = EDGE_CURVE ( 'NONE', #4579, #9379, #7905, .T. ) ;
#3833 = DIRECTION ( 'NONE',  ( 0.000000000000000000, 1.000000000000000000, 2.891205793313955622E-15 ) ) ;
#3834 = VERTEX_POINT ( 'NONE', #10397 ) ;
#3835 = DIRECTION ( 'NONE',  ( 0.000000000000000000, 1.000000000000000000, 3.491481338843000432E-15 ) ) ;
#3836 = VERTEX_POINT ( 'NONE', #649 ) ;
#3837 = ORIENTED_EDGE ( 'NONE', *, *, #9271, .T. ) ;
#3838 = EDGE_LOOP ( 'NONE', ( #7292, #1468, #9322, #3567, #2677, #2900, #2435, #7046, #3954, #4906, #4502, #5692 ) ) ;
#3839 = ADVANCED_FACE ( 'NONE', ( #9548 ), #3711, .T. ) ;
#3840 = LINE ( 'NONE', #665, #6051 ) ;
#3841 = ORIENTED_EDGE ( 'NONE', *, *, #9789, .T. ) ;
#3842 = CARTESIAN_POINT ( 'NONE',  ( -4.069999999999000195, 4.750000000000000000, 1.000013873792005015E-12 ) ) ;
#3843 = CARTESIAN_POINT ( 'NONE',  ( 0.1503032536799999985, -1.361912441282999930, 0.2010000000000000120 ) ) ;
#3844 = VECTOR ( 'NONE', #6248, 1000.000000000000000 ) ;
#3845 = DIRECTION ( 'NONE',  ( 0.000000000000000000, 0.03489949670200395010, -0.9993908270191130816 ) ) ;
#3846 = ORIENTED_EDGE ( 'NONE', *, *, #4407, .F. ) ;
#3847 = VECTOR ( 'NONE', #1771, 1000.000000000000000 ) ;
#3848 = CARTESIAN_POINT ( 'NONE',  ( -0.4595117987640000012, -0.8780791985060000249, 0.2010000000000000120 ) ) ;
#3849 = ORIENTED_EDGE ( 'NONE', *, *, #894, .T. ) ;
#3850 = VECTOR ( 'NONE', #9121, 1000.000000000000000 ) ;
#3851 = DIRECTION ( 'NONE',  ( 1.000000000000000000, 0.000000000000000000, 0.000000000000000000 ) ) ;
#3852 = EDGE_LOOP ( 'NONE', ( #6682, #3683, #9428, #2805, #9354 ) ) ;
#3853 = VECTOR ( 'NONE', #7441, 1000.000000000000000 ) ;
#3854 = VERTEX_POINT ( 'NONE', #489 ) ;
#3855 = FACE_OUTER_BOUND ( 'NONE', #1996, .T. ) ;
#3856 = CARTESIAN_POINT ( 'NONE',  ( -3.250000000000000000, -5.249999999998999911, 0.2000000000000000111 ) ) ;
#3857 = CARTESIAN_POINT ( 'NONE',  ( 5.450000000000000178, 1.549999999998999956, 4.400000000000000355 ) ) ;
#3858 = DIRECTION ( 'NONE',  ( 0.000000000000000000, 1.000000000000000000, 3.491481338843000432E-15 ) ) ;
#3859 = CARTESIAN_POINT ( 'NONE',  ( -1.570000000000000062, -3.334297482219000575, 0.6999999999990000887 ) ) ;
#3860 = VERTEX_POINT ( 'NONE', #1493 ) ;
#3861 = FACE_OUTER_BOUND ( 'NONE', #6103, .T. ) ;
#3862 = CARTESIAN_POINT ( 'NONE',  ( -4.599999999998999556, 0.8499999999999999778, 2.700000000000000178 ) ) ;
#3863 = EDGE_CURVE ( 'NONE', #3524, #5234, #599, .T. ) ;
#3864 = VERTEX_POINT ( 'NONE', #2981 ) ;
#3865 = CARTESIAN_POINT ( 'NONE',  ( -0.9299999999989999599, 0.8499999999999999778, 3.200000000000000178 ) ) ;
#3866 = DIRECTION ( 'NONE',  ( 0.000000000000000000, -1.000000000000000000, -3.491481338843000432E-15 ) ) ;
#3867 = CARTESIAN_POINT ( 'NONE',  ( 6.899999999999999467, -4.837228132325999574, 0.2000000000000000111 ) ) ;
#3868 = ADVANCED_FACE ( 'NONE', ( #3771 ), #9445, .F. ) ;
#3869 = CARTESIAN_POINT ( 'NONE',  ( -6.400000000000000355, -4.949999999998999201, 2.199999999999000089 ) ) ;
#3870 = CARTESIAN_POINT ( 'NONE',  ( -0.8676971229180000522, -0.9556700876460000327, 0.2010000000000000120 ) ) ;
#3871 = ADVANCED_FACE ( 'NONE', ( #8757 ), #10182, .T. ) ;
#3872 = VERTEX_POINT ( 'NONE', #4724 ) ;
#3873 = PLANE ( 'NONE',  #7892 ) ;
#3874 = EDGE_LOOP ( 'NONE', ( #1100, #2745, #1594, #1578, #2064, #3402 ) ) ;
#3875 = DIRECTION ( 'NONE',  ( 0.000000000000000000, -1.000000000000000000, -3.492679855649000022E-15 ) ) ;
#3876 = CARTESIAN_POINT ( 'NONE',  ( -6.400000000000000355, -4.262771867673000870, 0.000000000000000000 ) ) ;
#3877 = CARTESIAN_POINT ( 'NONE',  ( -0.5219364817540000923, -1.225615708219000011, 0.2000000000000000111 ) ) ;
#3878 = CARTESIAN_POINT ( 'NONE',  ( -0.6137737785300000359, -1.160595828466000068, 0.2010000000000000120 ) ) ;
#3879 = CYLINDRICAL_SURFACE ( 'NONE', #7122, 0.06000000000000015737 ) ;
#3880 = LINE ( 'NONE', #8866, #3774 ) ;
#3881 = CARTESIAN_POINT ( 'NONE',  ( 3.611985117132999967, 5.250000000000000000, 0.4580148828660000060 ) ) ;
#3882 = EDGE_LOOP ( 'NONE', ( #8610, #1245, #992, #7459 ) ) ;
#3883 = FACE_OUTER_BOUND ( 'NONE', #9950, .T. ) ;
#3884 = ORIENTED_EDGE ( 'NONE', *, *, #892, .T. ) ;
#3885 = ADVANCED_FACE ( 'NONE', ( #4562 ), #3824, .T. ) ;
#3886 = VERTEX_POINT ( 'NONE', #5526 ) ;
#3887 = ORIENTED_EDGE ( 'NONE', *, *, #1817, .F. ) ;
#3888 = EDGE_CURVE ( 'NONE', #1675, #6956, #2126, .T. ) ;
#3889 = AXIS2_PLACEMENT_3D ( 'NONE', #3466, #8082, #6555 ) ;
#3890 = CARTESIAN_POINT ( 'NONE',  ( 3.758842911105999551, -4.237785955029999663, 3.511157088893000378 ) ) ;
#3891 = AXIS2_PLACEMENT_3D ( 'NONE', #3732, #1353, #4584 ) ;
#3892 = ORIENTED_EDGE ( 'NONE', *, *, #4515, .T. ) ;
#3893 = PLANE ( 'NONE',  #46 ) ;
#3894 = CARTESIAN_POINT ( 'NONE',  ( 0.9300000000000000488, 1.550000000000000044, 3.200000000000000178 ) ) ;
#3895 = DIRECTION ( 'NONE',  ( -1.000000000000000000, 0.000000000000000000, 0.000000000000000000 ) ) ;
#3896 = ORIENTED_EDGE ( 'NONE', *, *, #5563, .T. ) ;
#3897 = EDGE_CURVE ( 'NONE', #2511, #745, #7172, .T. ) ;
#3898 = CARTESIAN_POINT ( 'NONE',  ( 0.6113065252799999572, -1.198539331253000162, 0.2000000000000000111 ) ) ;
#3899 = ORIENTED_EDGE ( 'NONE', *, *, #750, .T. ) ;
#3900 = VECTOR ( 'NONE', #2903, 1000.000000000000000 ) ;
#3901 = PLANE ( 'NONE',  #2440 ) ;
#3902 = EDGE_LOOP ( 'NONE', ( #3903, #6489, #2778, #1869 ) ) ;
#3903 = ORIENTED_EDGE ( 'NONE', *, *, #9690, .F. ) ;
#3904 = ADVANCED_FACE ( 'NONE', ( #3140 ), #7799, .T. ) ;
#3905 = CARTESIAN_POINT ( 'NONE',  ( 0.08323008294800000872, -1.081424636404999973, 0.2000000000000000111 ) ) ;
#3906 = AXIS2_PLACEMENT_3D ( 'NONE', #3358, #137, #4258 ) ;
#3907 = CARTESIAN_POINT ( 'NONE',  ( 0.3649564548990000268, -0.9106929290880000361, 0.2010000000000000120 ) ) ;
#3908 = CARTESIAN_POINT ( 'NONE',  ( -6.400000000000000355, -3.149999999998999822, 0.2000000000000000111 ) ) ;
#3909 = DIRECTION ( 'NONE',  ( 0.000000000000000000, 1.000000000000000000, 3.614007241618338910E-15 ) ) ;
#3910 = CARTESIAN_POINT ( 'NONE',  ( 3.149999999999999911, -1.750000000000000000, 5.499999999999000799 ) ) ;
#3911 = EDGE_CURVE ( 'NONE', #2848, #9627, #2232, .T. ) ;
#3912 = VERTEX_POINT ( 'NONE', #5369 ) ;
#3913 = CARTESIAN_POINT ( 'NONE',  ( 3.429999999998999627, 2.550000000000000266, 0.6999999999999999556 ) ) ;
#3914 = EDGE_CURVE ( 'NONE', #4314, #2735, #1446, .T. ) ;
#3915 = AXIS2_PLACEMENT_3D ( 'NONE', #861, #6648, #2609 ) ;
#3916 = VECTOR ( 'NONE', #2914, 1000.000000000000000 ) ;
#3917 = FACE_OUTER_BOUND ( 'NONE', #4432, .T. ) ;
#3918 = ORIENTED_EDGE ( 'NONE', *, *, #9570, .T. ) ;
#3919 = FACE_OUTER_BOUND ( 'NONE', #8336, .T. ) ;
#3920 = DIRECTION ( 'NONE',  ( 0.000000000000000000, -3.491481338843000432E-15, 1.000000000000000000 ) ) ;
#3921 = CARTESIAN_POINT ( 'NONE',  ( -4.250000000000000000, 1.550000000000000044, 0.2000000000010000167 ) ) ;
#3922 = VECTOR ( 'NONE', #323, 1000.000000000000000 ) ;
#3923 = CARTESIAN_POINT ( 'NONE',  ( -4.069999999999000195, 0.8499999999999999778, 3.200000000000000178 ) ) ;
#3924 = CARTESIAN_POINT ( 'NONE',  ( -0.1179894292460000049, -1.361912441282999930, 0.2000000000000000111 ) ) ;
#3925 = EDGE_CURVE ( 'NONE', #479, #3231, #10237, .T. ) ;
#3926 = VERTEX_POINT ( 'NONE', #7858 ) ;
#3927 = DIRECTION ( 'NONE',  ( -1.000000000000000000, 0.000000000000000000, -6.195440985630999750E-16 ) ) ;
#3928 = ORIENTED_EDGE ( 'NONE', *, *, #5901, .T. ) ;
#3929 = CARTESIAN_POINT ( 'NONE',  ( 5.450000000000000178, 2.550000000000000266, 0.9000000000000000222 ) ) ;
#3930 = LINE ( 'NONE', #7225, #5548 ) ;
#3931 = CARTESIAN_POINT ( 'NONE',  ( -0.4334190840950000179, -1.352603226098999967, 0.2000000000000000111 ) ) ;
#3932 = AXIS2_PLACEMENT_3D ( 'NONE', #2145, #2949, #5279 ) ;
#3933 = AXIS2_PLACEMENT_3D ( 'NONE', #286, #8487, #1868 ) ;
#3934 = EDGE_CURVE ( 'NONE', #285, #10409, #10290, .T. ) ;
#3935 = EDGE_CURVE ( 'NONE', #7303, #8925, #1222, .T. ) ;
#3936 = FACE_OUTER_BOUND ( 'NONE', #3467, .T. ) ;
#3937 = LINE ( 'NONE', #5323, #6267 ) ;
#3938 = DIRECTION ( 'NONE',  ( 0.000000000000000000, 3.491481338843000432E-15, -1.000000000000000000 ) ) ;
#3939 = DIRECTION ( 'NONE',  ( 0.000000000000000000, -3.304235192336000456E-15, 1.000000000000000000 ) ) ;
#3940 = EDGE_LOOP ( 'NONE', ( #8895, #6281, #7885, #995 ) ) ;
#3941 = AXIS2_PLACEMENT_3D ( 'NONE', #8060, #9644, #907 ) ;
#3942 = AXIS2_PLACEMENT_3D ( 'NONE', #318, #9904, #5137 ) ;
#3943 = PLANE ( 'NONE',  #8842 ) ;
#3944 = VERTEX_POINT ( 'NONE', #3980 ) ;
#3945 = EDGE_LOOP ( 'NONE', ( #5641, #1753, #1331, #3625 ) ) ;
#3946 = DIRECTION ( 'NONE',  ( 0.000000000000000000, -3.584412953627000671E-15, 1.000000000000000000 ) ) ;
#3947 = ORIENTED_EDGE ( 'NONE', *, *, #6345, .T. ) ;
#3948 = LINE ( 'NONE', #8670, #9181 ) ;
#3949 = CARTESIAN_POINT ( 'NONE',  ( -6.150000000000000355, -4.649999999998999378, 2.199999999999000089 ) ) ;
#3950 = AXIS2_PLACEMENT_3D ( 'NONE', #8714, #7179, #3938 ) ;
#3951 = PLANE ( 'NONE',  #859 ) ;
#3952 = ORIENTED_EDGE ( 'NONE', *, *, #762, .T. ) ;
#3953 = CARTESIAN_POINT ( 'NONE',  ( -4.299999999998999733, 1.149999999999999911, 2.700000000000000178 ) ) ;
#3954 = ORIENTED_EDGE ( 'NONE', *, *, #2925, .F. ) ;
#3955 = VECTOR ( 'NONE', #4892, 1000.000000000000000 ) ;
#3956 = DIRECTION ( 'NONE',  ( 0.000000000000000000, 3.491481338843000432E-15, -1.000000000000000000 ) ) ;
#3957 = EDGE_CURVE ( 'NONE', #1248, #774, #6, .T. ) ;
#3958 = ORIENTED_EDGE ( 'NONE', *, *, #3354, .T. ) ;
#3959 = ORIENTED_EDGE ( 'NONE', *, *, #7777, .T. ) ;
#3960 = DIRECTION ( 'NONE',  ( 1.000000000000000000, 0.000000000000000000, 0.000000000000000000 ) ) ;
#3961 = CARTESIAN_POINT ( 'NONE',  ( 5.450000000000000178, 1.549999999998999956, 5.500000000000000888 ) ) ;
#3962 = CARTESIAN_POINT ( 'NONE',  ( -6.899999999999999467, -5.064285714284999962, 1.623097770997000033 ) ) ;
#3963 = VECTOR ( 'NONE', #4297, 1000.000000000000000 ) ;
#3964 = DIRECTION ( 'NONE',  ( 0.000000000000000000, -1.000000000000000000, -3.578217512641000256E-15 ) ) ;
#3965 = DIRECTION ( 'NONE',  ( 0.000000000000000000, -1.000000000000000000, -3.516331370228009434E-15 ) ) ;
#3966 = ORIENTED_EDGE ( 'NONE', *, *, #5812, .T. ) ;
#3967 = DIRECTION ( 'NONE',  ( 0.000000000000000000, 3.491481338843000432E-15, -1.000000000000000000 ) ) ;
#3968 = ORIENTED_EDGE ( 'NONE', *, *, #2543, .T. ) ;
#3969 = ORIENTED_EDGE ( 'NONE', *, *, #3582, .F. ) ;
#3970 = ADVANCED_FACE ( 'NONE', ( #3188 ), #4937, .F. ) ;
#3971 = CARTESIAN_POINT ( 'NONE',  ( -0.5303621121910000458, -1.006896030579000012, 0.2000000000000000111 ) ) ;
#3972 = CARTESIAN_POINT ( 'NONE',  ( -5.450000000000000178, 1.550000000000000044, 1.500000000000000000 ) ) ;
#3973 = VECTOR ( 'NONE', #4067, 1000.000000000000000 ) ;
#3974 = LINE ( 'NONE', #7947, #3455 ) ;
#3975 = DIRECTION ( 'NONE',  ( 0.000000000000000000, -1.000000000000000000, -3.491481338843000432E-15 ) ) ;
#3976 = PLANE ( 'NONE',  #6296 ) ;
#3977 = ORIENTED_EDGE ( 'NONE', *, *, #6225, .T. ) ;
#3978 = DIRECTION ( 'NONE',  ( 0.000000000000000000, -3.491481338843000432E-15, 1.000000000000000000 ) ) ;
#3979 = ORIENTED_EDGE ( 'NONE', *, *, #6913, .F. ) ;
#3980 = CARTESIAN_POINT ( 'NONE',  ( -5.450000000000000178, 1.149999999998999822, 5.500000000000000888 ) ) ;
#3981 = DIRECTION ( 'NONE',  ( -0.9396926207860170077, -0.3420201433253705070, -1.194156947931292167E-15 ) ) ;
#3982 = PLANE ( 'NONE',  #5168 ) ;
#3983 = DIRECTION ( 'NONE',  ( -1.000000000000000000, 0.000000000000000000, 0.000000000000000000 ) ) ;
#3984 = CARTESIAN_POINT ( 'NONE',  ( -0.3610773182229999878, -1.361739288594999930, 0.2010000000000000120 ) ) ;
#3985 = CARTESIAN_POINT ( 'NONE',  ( 0.3596803900449999647, -0.9107726993860000286, 0.2010000000000000120 ) ) ;
#3986 = CARTESIAN_POINT ( 'NONE',  ( -3.149999999998999822, -5.250000000000000000, 5.499999999999000799 ) ) ;
#3987 = CARTESIAN_POINT ( 'NONE',  ( -3.250000000000000000, 2.550000000000000266, 0.2000000000010000167 ) ) ;
#3988 = VERTEX_POINT ( 'NONE', #2489 ) ;
#3989 = EDGE_CURVE ( 'NONE', #5271, #5197, #1647, .T. ) ;
#3990 = DIRECTION ( 'NONE',  ( 0.000000000000000000, 3.491481338843000432E-15, -1.000000000000000000 ) ) ;
#3991 = ORIENTED_EDGE ( 'NONE', *, *, #912, .F. ) ;
#3992 = ORIENTED_EDGE ( 'NONE', *, *, #1669, .F. ) ;
#3993 = LINE ( 'NONE', #8667, #3339 ) ;
#3994 = ORIENTED_EDGE ( 'NONE', *, *, #5392, .T. ) ;
#3995 = DIRECTION ( 'NONE',  ( 0.000000000000000000, 1.000000000000000000, 2.891205793313955622E-15 ) ) ;
#3996 = LINE ( 'NONE', #3357, #2366 ) ;
#3997 = CARTESIAN_POINT ( 'NONE',  ( -1.570000000000000062, 2.550000000000000266, 0.6999999999999999556 ) ) ;
#3998 = ORIENTED_EDGE ( 'NONE', *, *, #3644, .F. ) ;
#3999 = EDGE_CURVE ( 'NONE', #1733, #25, #3291, .T. ) ;
#4000 = EDGE_CURVE ( 'NONE', #1336, #9379, #1742, .T. ) ;
#4001 = CARTESIAN_POINT ( 'NONE',  ( -0.8435991853430000464, -0.8619124412830000415, 0.2010000000000000120 ) ) ;
#4002 = ORIENTED_EDGE ( 'NONE', *, *, #7691, .F. ) ;
#4003 = CARTESIAN_POINT ( 'NONE',  ( 6.150000000000000355, 1.549999999998999956, 6.200000000000000178 ) ) ;
#4004 = EDGE_LOOP ( 'NONE', ( #5114, #4577, #251, #5099 ) ) ;
#4005 = ORIENTED_EDGE ( 'NONE', *, *, #5471, .T. ) ;
#4006 = CARTESIAN_POINT ( 'NONE',  ( 0.6624983756310000027, -1.361912441282999930, 0.2000000000000000111 ) ) ;
#4007 = DIRECTION ( 'NONE',  ( 0.000000000000000000, 1.000000000000000000, 3.491481338843000432E-15 ) ) ;
#4008 = CARTESIAN_POINT ( 'NONE',  ( -4.299999999998999733, 0.9499999999999999556, 0.9000000000000000222 ) ) ;
#4009 = LINE ( 'NONE', #7410, #2156 ) ;
#4010 = VERTEX_POINT ( 'NONE', #1546 ) ;
#4011 = VECTOR ( 'NONE', #8604, 1000.000000000000000 ) ;
#4012 = ORIENTED_EDGE ( 'NONE', *, *, #7396, .T. ) ;
#4013 = DIRECTION ( 'NONE',  ( -1.000000000000000000, 0.000000000000000000, 0.000000000000000000 ) ) ;
#4014 = VECTOR ( 'NONE', #9510, 1000.000000000000000 ) ;
#4015 = ADVANCED_FACE ( 'NONE', ( #2436 ), #6422, .F. ) ;
#4016 = EDGE_LOOP ( 'NONE', ( #2955, #4521, #666, #464 ) ) ;
#4017 = ADVANCED_FACE ( 'NONE', ( #8164 ), #9017, .F. ) ;
#4018 = ORIENTED_EDGE ( 'NONE', *, *, #1054, .T. ) ;
#4019 = CARTESIAN_POINT ( 'NONE',  ( 0.3407003924979999931, -1.311292395434999980, 0.2000000000000000111 ) ) ;
#4020 = ADVANCED_FACE ( 'NONE', ( #803 ), #4134, .T. ) ;
#4021 = AXIS2_PLACEMENT_3D ( 'NONE', #7103, #8844, #9689 ) ;
#4022 = FACE_OUTER_BOUND ( 'NONE', #5377, .T. ) ;
#4023 = DIRECTION ( 'NONE',  ( 0.000000000000000000, 1.000000000000000000, 3.491481338843000432E-15 ) ) ;
#4024 = LINE ( 'NONE', #5730, #5789 ) ;
#4025 = ORIENTED_EDGE ( 'NONE', *, *, #6312, .F. ) ;
#4026 = PLANE ( 'NONE',  #6200 ) ;
#4027 = EDGE_LOOP ( 'NONE', ( #4201, #1984, #2433, #3998 ) ) ;
#4028 = DIRECTION ( 'NONE',  ( 0.000000000000000000, -3.491481338843000432E-15, 1.000000000000000000 ) ) ;
#4029 = EDGE_CURVE ( 'NONE', #8897, #5536, #4992, .T. ) ;
#4030 = LINE ( 'NONE', #1599, #7575 ) ;
#4031 = EDGE_CURVE ( 'NONE', #5414, #8883, #8913, .T. ) ;
#4032 = DIRECTION ( 'NONE',  ( 0.000000000000000000, 1.000000000000000000, 3.491481338843000432E-15 ) ) ;
#4033 = CARTESIAN_POINT ( 'NONE',  ( -4.250000000000000000, -5.249999999998999911, 0.2000000000000000111 ) ) ;
#4034 = CARTESIAN_POINT ( 'NONE',  ( -0.5245578117180000888, -0.9123377009409999738, 0.2000000000000000111 ) ) ;
#4035 = EDGE_CURVE ( 'NONE', #9898, #1188, #4885, .T. ) ;
#4036 = DIRECTION ( 'NONE',  ( 0.000000000000000000, -3.491481338843000432E-15, 1.000000000000000000 ) ) ;
#4037 = DIRECTION ( 'NONE',  ( 0.000000000000000000, 1.000000000000000000, 3.491481338843000432E-15 ) ) ;
#4038 = DIRECTION ( 'NONE',  ( -1.000000000000000000, 0.000000000000000000, 0.000000000000000000 ) ) ;
#4039 = ORIENTED_EDGE ( 'NONE', *, *, #5746, .T. ) ;
#4040 = FACE_OUTER_BOUND ( 'NONE', #5808, .T. ) ;
#4041 = EDGE_CURVE ( 'NONE', #10186, #5603, #1597, .T. ) ;
#4042 = EDGE_LOOP ( 'NONE', ( #6418, #6718, #9892, #6569 ) ) ;
#4043 = ORIENTED_EDGE ( 'NONE', *, *, #2476, .F. ) ;
#4044 = DIRECTION ( 'NONE',  ( 0.000000000000000000, -3.491481338843000432E-15, 1.000000000000000000 ) ) ;
#4045 = ORIENTED_EDGE ( 'NONE', *, *, #6817, .F. ) ;
#4046 = FACE_OUTER_BOUND ( 'NONE', #2553, .T. ) ;
#4047 = CARTESIAN_POINT ( 'NONE',  ( 7.500000000000000000, 0.8499999999999999778, 3.200000000000000178 ) ) ;
#4048 = CARTESIAN_POINT ( 'NONE',  ( 4.069999999999000195, 2.490036550378000424, 0.6979060301970000380 ) ) ;
#4049 = VERTEX_POINT ( 'NONE', #6478 ) ;
#4050 = LINE ( 'NONE', #4855, #9482 ) ;
#4052 = EDGE_CURVE ( 'NONE', #4882, #9119, #9704, .T. ) ;
#4051 = ORIENTED_EDGE ( 'NONE', *, *, #116, .T. ) ;
#4053 = CIRCLE ( 'NONE', #7115, 0.1999999999989995891 ) ;
#4054 = CARTESIAN_POINT ( 'NONE',  ( 0.2525559246769999988, -1.338587431972000141, 0.2010000000000000120 ) ) ;
#4055 = CARTESIAN_POINT ( 'NONE',  ( -0.3536029963189999403, -1.307034392503000131, 0.2000000000000000111 ) ) ;
#4056 = CARTESIAN_POINT ( 'NONE',  ( -3.611985117132999967, 5.250000000000000000, 0.4580148828660000060 ) ) ;
#4057 = EDGE_CURVE ( 'NONE', #4226, #6818, #5784, .T. ) ;
#4058 = ORIENTED_EDGE ( 'NONE', *, *, #4242, .F. ) ;
#4059 = EDGE_CURVE ( 'NONE', #6091, #6578, #4186, .T. ) ;
#4060 = CARTESIAN_POINT ( 'NONE',  ( 1.750000000000000000, 1.850000000000000089, 0.1000000000010000528 ) ) ;
#4061 = DIRECTION ( 'NONE',  ( 0.000000000000000000, -3.491481338843000432E-15, 1.000000000000000000 ) ) ;
#4062 = FACE_OUTER_BOUND ( 'NONE', #7080, .T. ) ;
#4063 = AXIS2_PLACEMENT_3D ( 'NONE', #3099, #1342, #6969 ) ;
#4064 = AXIS2_PLACEMENT_3D ( 'NONE', #71, #8174, #914 ) ;
#4065 = ORIENTED_EDGE ( 'NONE', *, *, #9545, .T. ) ;
#4066 = ORIENTED_EDGE ( 'NONE', *, *, #445, .F. ) ;
#4067 = DIRECTION ( 'NONE',  ( 0.000000000000000000, 3.491481338843000432E-15, -1.000000000000000000 ) ) ;
#4068 = ORIENTED_EDGE ( 'NONE', *, *, #3471, .F. ) ;
#4069 = CARTESIAN_POINT ( 'NONE',  ( -3.429999999998999627, 2.405251729774000147, 3.125825627559000175 ) ) ;
#4070 = VECTOR ( 'NONE', #7764, 1000.000000000000000 ) ;
#4071 = ORIENTED_EDGE ( 'NONE', *, *, #7645, .F. ) ;
#4072 = CARTESIAN_POINT ( 'NONE',  ( -0.5504084140620000287, -1.129689134823999908, 0.2000000000000000111 ) ) ;
#4073 = CARTESIAN_POINT ( 'NONE',  ( -0.9299999999989999599, -3.334297482219000575, 3.199999999999000089 ) ) ;
#4074 = CARTESIAN_POINT ( 'NONE',  ( 0.5527422780699999816, -1.117247807137000004, 0.2010000000000000120 ) ) ;
#4075 = CARTESIAN_POINT ( 'NONE',  ( -0.1057943072950000007, -0.9167904900640000410, 0.2010000000000000120 ) ) ;
#4076 = EDGE_LOOP ( 'NONE', ( #2001, #4511, #2865, #450 ) ) ;
#4077 = CARTESIAN_POINT ( 'NONE',  ( 0.2478642292900000155, -1.335997807137000004, 0.2010000000000000120 ) ) ;
#4078 = ORIENTED_EDGE ( 'NONE', *, *, #4574, .F. ) ;
#4079 = AXIS2_PLACEMENT_3D ( 'NONE', #1398, #10191, #5532 ) ;
#4080 = DIRECTION ( 'NONE',  ( 1.000000000000000000, 0.000000000000000000, 0.000000000000000000 ) ) ;
#4081 = EDGE_CURVE ( 'NONE', #6883, #9144, #8012, .T. ) ;
#4082 = FACE_BOUND ( 'NONE', #8826, .T. ) ;
#4083 = CARTESIAN_POINT ( 'NONE',  ( -0.4816610941129999546, -1.334989255760999916, 0.2000000000000000111 ) ) ;
#4084 = EDGE_CURVE ( 'NONE', #5110, #2735, #2358, .T. ) ;
#4085 = DIRECTION ( 'NONE',  ( -1.000000000000000000, 0.000000000000000000, 0.000000000000000000 ) ) ;
#4086 = AXIS2_PLACEMENT_3D ( 'NONE', #3820, #5413, #4507 ) ;
#4087 = VECTOR ( 'NONE', #10070, 1000.000000000000227 ) ;
#4088 = EDGE_CURVE ( 'NONE', #5330, #2324, #1165, .T. ) ;
#4089 = CARTESIAN_POINT ( 'NONE',  ( -0.4354587352489999730, -0.8708599491409999560, 0.2000000000000000111 ) ) ;
#4090 = CARTESIAN_POINT ( 'NONE',  ( -6.150000000000000355, -2.249999999998999911, 3.199999999999000089 ) ) ;
#4091 = DIRECTION ( 'NONE',  ( 0.000000000000000000, -1.000000000000000000, -3.491481338843000432E-15 ) ) ;
#4092 = FACE_OUTER_BOUND ( 'NONE', #2326, .T. ) ;
#4093 = ORIENTED_EDGE ( 'NONE', *, *, #7338, .T. ) ;
#4094 = PLANE ( 'NONE',  #1568 ) ;
#4095 = VECTOR ( 'NONE', #8399, 1000.000000000000000 ) ;
#4096 = ORIENTED_EDGE ( 'NONE', *, *, #8628, .F. ) ;
#4097 = ORIENTED_EDGE ( 'NONE', *, *, #8359, .F. ) ;
#4098 = LINE ( 'NONE', #7339, #7246 ) ;
#4099 = EDGE_CURVE ( 'NONE', #364, #8302, #8937, .T. ) ;
#4100 = DIRECTION ( 'NONE',  ( 1.000000000000000000, 0.000000000000000000, 0.000000000000000000 ) ) ;
#4101 = CARTESIAN_POINT ( 'NONE',  ( -7.500000000000000000, -5.249999999998999911, 0.2000000000000000111 ) ) ;
#4102 = VECTOR ( 'NONE', #7191, 1000.000000000000000 ) ;
#4103 = VECTOR ( 'NONE', #1076, 1000.000000000000000 ) ;
#4104 = LINE ( 'NONE', #980, #5605 ) ;
#4105 = ORIENTED_EDGE ( 'NONE', *, *, #4029, .T. ) ;
#4106 = LINE ( 'NONE', #9043, #2535 ) ;
#4107 = ORIENTED_EDGE ( 'NONE', *, *, #1819, .T. ) ;
#4108 = B_SPLINE_SURFACE_WITH_KNOTS ( 'NONE', 3, 1, ( 
 ( #3535, #10109 ),
 ( #2749, #268 ),
 ( #8524, #2851 ),
 ( #3643, #1161 ),
 ( #6088, #9319 ),
 ( #2695, #6785 ),
 ( #2647, #4230 ),
 ( #5987, #4390 ),
 ( #5141, #8416 ),
 ( #1056, #2004 ),
 ( #4439, #5880 ),
 ( #8368, #217 ),
 ( #3590, #5193 ),
 ( #7623, #1110 ),
 ( #1213, #8469 ),
 ( #370, #3488 ),
 ( #6842, #2056 ),
 ( #5297, #3438 ),
 ( #6687, #5084 ) ),
 .UNSPECIFIED., .F., .F., .F.,
 ( 4, 1, 1, 1, 1, 1, 1, 1, 1, 1, 1, 1, 1, 1, 1, 1, 4 ),
 ( 2, 2 ),
 ( 0.000000000000000000, 0.07377411937399999675, 0.1440791147260000182, 0.2113485183079999996, 0.2760768857389999664, 0.3385209158189999568, 0.3998851166929999756, 0.4602540674649999719, 0.5205889643909999975, 0.5802076845629999813, 0.6386329085520000559, 0.6963645494900000399, 0.7540017746600000681, 0.8128056813739999997, 0.8727544255250000438, 0.9351819969779999742, 0.9999999999990000221 ),
 ( 0.000000000000000000, 1.000000000000000000 ),
 .UNSPECIFIED. ) ;
#4109 = CARTESIAN_POINT ( 'NONE',  ( 0.3460709141810000000, -1.366189273979000252, 0.2010000000000000120 ) ) ;
#4110 = FACE_OUTER_BOUND ( 'NONE', #6242, .T. ) ;
#4111 = LINE ( 'NONE', #986, #305 ) ;
#4112 = VECTOR ( 'NONE', #7072, 1000.000000000000000 ) ;
#4113 = ORIENTED_EDGE ( 'NONE', *, *, #2495, .T. ) ;
#4114 = CARTESIAN_POINT ( 'NONE',  ( -4.599999999998999556, 0.8499999999999999778, 2.700000000000000178 ) ) ;
#4115 = CARTESIAN_POINT ( 'NONE',  ( 6.150000000000000355, -2.849999999999000000, 2.199999999999000089 ) ) ;
#4116 = CARTESIAN_POINT ( 'NONE',  ( -1.570000000000000062, 2.405251729774000147, 3.125825627559000175 ) ) ;
#4117 = ORIENTED_EDGE ( 'NONE', *, *, #9545, .F. ) ;
#4118 = AXIS2_PLACEMENT_3D ( 'NONE', #7900, #536, #3765 ) ;
#4119 = EDGE_CURVE ( 'NONE', #1840, #8665, #431, .T. ) ;
#4120 = ORIENTED_EDGE ( 'NONE', *, *, #8489, .T. ) ;
#4121 = EDGE_CURVE ( 'NONE', #7603, #2848, #7684, .T. ) ;
#4122 = CARTESIAN_POINT ( 'NONE',  ( 0.3037584972000000327, -0.9185498664750000319, 0.2000000000000000111 ) ) ;
#4123 = VERTEX_POINT ( 'NONE', #9169 ) ;
#4124 = CARTESIAN_POINT ( 'NONE',  ( -3.429999999998999627, 2.490036550378000424, 0.6979060301970000380 ) ) ;
#4125 = ORIENTED_EDGE ( 'NONE', *, *, #5171, .F. ) ;
#4126 = CARTESIAN_POINT ( 'NONE',  ( -3.934924240490999647, -1.834924240491000003, 5.499999999999000799 ) ) ;
#4127 = VECTOR ( 'NONE', #2430, 1000.000000000000000 ) ;
#4128 = LINE ( 'NONE', #109, #4127 ) ;
#4129 = CARTESIAN_POINT ( 'NONE',  ( 0.6999999999999999556, 0.9499999999999999556, 0.9000000000000000222 ) ) ;
#4130 = CARTESIAN_POINT ( 'NONE',  ( -7.500000000000000000, -5.250000000000000000, 3.999999999998999911 ) ) ;
#4131 = ORIENTED_EDGE ( 'NONE', *, *, #414, .F. ) ;
#4132 = PLANE ( 'NONE',  #8743 ) ;
#4133 = VERTEX_POINT ( 'NONE', #377 ) ;
#4134 = PLANE ( 'NONE',  #4441 ) ;
#4135 = EDGE_CURVE ( 'NONE', #2097, #7970, #1220, .T. ) ;
#4136 = VECTOR ( 'NONE', #7888, 1000.000000000000114 ) ;
#4137 = DIRECTION ( 'NONE',  ( 0.000000000000000000, 1.000000000000000000, 0.000000000000000000 ) ) ;
#4138 = DIRECTION ( 'NONE',  ( -1.000000000000000000, 0.000000000000000000, 0.000000000000000000 ) ) ;
#4139 = CIRCLE ( 'NONE', #6175, 0.7000000000000000666 ) ;
#4140 = LINE ( 'NONE', #5844, #4943 ) ;
#4141 = FACE_OUTER_BOUND ( 'NONE', #3945, .T. ) ;
#4142 = DIRECTION ( 'NONE',  ( 0.000000000000000000, -3.491481338843000432E-15, 1.000000000000000000 ) ) ;
#4143 = PLANE ( 'NONE',  #1253 ) ;
#4144 = CARTESIAN_POINT ( 'NONE',  ( -0.9299999999989999599, -3.834297482219000575, 3.658014882865999962 ) ) ;
#4145 = ORIENTED_EDGE ( 'NONE', *, *, #1541, .F. ) ;
#4146 = LINE ( 'NONE', #971, #2572 ) ;
#4147 = AXIS2_PLACEMENT_3D ( 'NONE', #10183, #5261, #7747 ) ;
#4148 = EDGE_LOOP ( 'NONE', ( #8131, #3823, #4658, #713 ) ) ;
#4149 = VERTEX_POINT ( 'NONE', #2806 ) ;
#4150 = EDGE_CURVE ( 'NONE', #10409, #8411, #6897, .T. ) ;
#4151 = CARTESIAN_POINT ( 'NONE',  ( -0.2826235755870000199, -0.9167904900640000410, 0.2010000000000000120 ) ) ;
#4152 = EDGE_CURVE ( 'NONE', #6287, #2937, #273, .T. ) ;
#4153 = DIRECTION ( 'NONE',  ( 0.000000000000000000, -1.000000000000000000, -3.491481338843000432E-15 ) ) ;
#4154 = DIRECTION ( 'NONE',  ( 0.000000000000000000, -1.000000000000000000, -4.336808689942015369E-15 ) ) ;
#4155 = DIRECTION ( 'NONE',  ( -1.000000000000000000, 0.000000000000000000, 0.000000000000000000 ) ) ;
#4156 = ORIENTED_EDGE ( 'NONE', *, *, #8203, .F. ) ;
#4157 = CARTESIAN_POINT ( 'NONE',  ( -3.149999999998999822, -1.750000000000000000, 5.499999999999000799 ) ) ;
#4158 = LINE ( 'NONE', #89, #6613 ) ;
#4159 = VERTEX_POINT ( 'NONE', #1852 ) ;
#4160 = ADVANCED_FACE ( 'NONE', ( #5245 ), #1115, .T. ) ;
#4161 = DIRECTION ( 'NONE',  ( -1.000000000000000000, 0.000000000000000000, 0.000000000000000000 ) ) ;
#4162 = LINE ( 'NONE', #7401, #4647 ) ;
#4163 = EDGE_CURVE ( 'NONE', #5181, #463, #8318, .T. ) ;
#4164 = CARTESIAN_POINT ( 'NONE',  ( -0.5504084140620000287, -1.129689134823999908, 0.2010000000000000120 ) ) ;
#4165 = ORIENTED_EDGE ( 'NONE', *, *, #6077, .T. ) ;
#4166 = VECTOR ( 'NONE', #7796, 1000.000000000000000 ) ;
#4167 = FACE_OUTER_BOUND ( 'NONE', #9007, .T. ) ;
#4168 = DIRECTION ( 'NONE',  ( 0.000000000000000000, 1.000000000000000000, 3.469446951960553404E-15 ) ) ;
#4169 = PLANE ( 'NONE',  #5932 ) ;
#4170 = DIRECTION ( 'NONE',  ( 1.000000000000000000, 0.000000000000000000, 0.000000000000000000 ) ) ;
#4171 = ORIENTED_EDGE ( 'NONE', *, *, #1250, .T. ) ;
#4172 = CARTESIAN_POINT ( 'NONE',  ( -5.450000000000000178, 1.349999999999000000, 5.500000000000000888 ) ) ;
#4173 = VERTEX_POINT ( 'NONE', #7580 ) ;
#4174 = ORIENTED_EDGE ( 'NONE', *, *, #6441, .T. ) ;
#4175 = CARTESIAN_POINT ( 'NONE',  ( -9.840731680114000568, -4.649999999998999378, 2.699999999999000089 ) ) ;
#4176 = EDGE_LOOP ( 'NONE', ( #8515, #3561, #1405, #2518 ) ) ;
#4177 = LINE ( 'NONE', #7417, #8850 ) ;
#4178 = ORIENTED_EDGE ( 'NONE', *, *, #4667, .T. ) ;
#4179 = CARTESIAN_POINT ( 'NONE',  ( -0.9299999999989999599, -3.834297482219000575, 3.199999999999000089 ) ) ;
#4180 = DIRECTION ( 'NONE',  ( 0.000000000000000000, 3.491481338843000432E-15, -1.000000000000000000 ) ) ;
#4181 = CARTESIAN_POINT ( 'NONE',  ( 0.000000000000000000, 2.550000000000000266, 3.200000000000000178 ) ) ;
#4182 = CARTESIAN_POINT ( 'NONE',  ( -0.5509162585139999457, -1.107053447380999867, 0.2000000000000000111 ) ) ;
#4183 = ORIENTED_EDGE ( 'NONE', *, *, #2076, .T. ) ;
#4184 = ORIENTED_EDGE ( 'NONE', *, *, #8894, .F. ) ;
#4185 = VECTOR ( 'NONE', #9664, 1000.000000000000114 ) ;
#4186 = LINE ( 'NONE', #7426, #7163 ) ;
#4187 = ADVANCED_FACE ( 'NONE', ( #8473 ), #5148, .T. ) ;
#4188 = LINE ( 'NONE', #7427, #3850 ) ;
#4189 = LINE ( 'NONE', #8426, #2795 ) ;
#4190 = VECTOR ( 'NONE', #9780, 1000.000000000000000 ) ;
#4191 = LINE ( 'NONE', #9759, #3573 ) ;
#4192 = EDGE_CURVE ( 'NONE', #9158, #6765, #4339, .T. ) ;
#4193 = EDGE_CURVE ( 'NONE', #4576, #6199, #4447, .T. ) ;
#4194 = DIRECTION ( 'NONE',  ( -1.000000000000000000, 0.000000000000000000, 0.000000000000000000 ) ) ;
#4195 = LINE ( 'NONE', #811, #7622 ) ;
#4196 = CARTESIAN_POINT ( 'NONE',  ( 1.750000000000000000, 2.550000000000000266, 0.9000000000000000222 ) ) ;
#4197 = DIRECTION ( 'NONE',  ( 1.000000000000000000, 0.000000000000000000, 0.000000000000000000 ) ) ;
#4198 = ORIENTED_EDGE ( 'NONE', *, *, #7142, .T. ) ;
#4199 = APPLICATION_CONTEXT ( 'automotive_design' ) ;
#4200 = CARTESIAN_POINT ( 'NONE',  ( -1.750000000000000000, 2.550000000000000266, 0.1000000000010000528 ) ) ;
#4201 = ORIENTED_EDGE ( 'NONE', *, *, #1829, .T. ) ;
#4202 = ORIENTED_EDGE ( 'NONE', *, *, #2899, .F. ) ;
#4203 = DIRECTION ( 'NONE',  ( 0.000000000000000000, 1.000000000000000000, 3.614007241618338910E-15 ) ) ;
#4204 = DIRECTION ( 'NONE',  ( 0.000000000000000000, 3.491481338843000432E-15, -1.000000000000000000 ) ) ;
#4205 = DIRECTION ( 'NONE',  ( 1.000000000000000000, 0.000000000000000000, 0.000000000000000000 ) ) ;
#4206 = DIRECTION ( 'NONE',  ( 0.000000000000000000, -1.000000000000000000, -3.491481338843000432E-15 ) ) ;
#4207 = ORIENTED_EDGE ( 'NONE', *, *, #6817, .T. ) ;
#4208 = LINE ( 'NONE', #2319, #1721 ) ;
#4209 = DIRECTION ( 'NONE',  ( 0.000000000000000000, 0.7071067811865474617, -0.7071067811865474617 ) ) ;
#4210 = VERTEX_POINT ( 'NONE', #5993 ) ;
#4211 = ADVANCED_FACE ( 'NONE', ( #9224 ), #5198, .F. ) ;
#4212 = DIRECTION ( 'NONE',  ( 0.000000000000000000, -0.7071067811865474617, 0.7071067811865474617 ) ) ;
#4213 = DIRECTION ( 'NONE',  ( 0.000000000000000000, 1.000000000000000000, 3.491481338843000432E-15 ) ) ;
#4214 = ORIENTED_EDGE ( 'NONE', *, *, #8642, .F. ) ;
#4215 = CARTESIAN_POINT ( 'NONE',  ( -0.9299999999989999599, 1.665702517779999781, 3.100000000000000533 ) ) ;
#4216 = CARTESIAN_POINT ( 'NONE',  ( -6.400000000000000355, -3.349999999999000000, 0.000000000000000000 ) ) ;
#4217 = DIRECTION ( 'NONE',  ( 0.000000000000000000, 1.000000000000000000, 3.491481338843000432E-15 ) ) ;
#4218 = PLANE ( 'NONE',  #5981 ) ;
#4219 = EDGE_CURVE ( 'NONE', #921, #6320, #3070, .T. ) ;
#4220 = ORIENTED_EDGE ( 'NONE', *, *, #10039, .F. ) ;
#4221 = ORIENTED_EDGE ( 'NONE', *, *, #5128, .F. ) ;
#4222 = ORIENTED_EDGE ( 'NONE', *, *, #8537, .F. ) ;
#4223 = CARTESIAN_POINT ( 'NONE',  ( 0.3649564548990000268, -0.9106929290880000361, 0.2000000000000000111 ) ) ;
#4224 = ORIENTED_EDGE ( 'NONE', *, *, #10137, .T. ) ;
#4225 = CARTESIAN_POINT ( 'NONE',  ( 1.800000000000000044, 0.9499999999999999556, 0.9000000000000000222 ) ) ;
#4226 = VERTEX_POINT ( 'NONE', #6308 ) ;
#4227 = VECTOR ( 'NONE', #2675, 1000.000000000000000 ) ;
#4228 = DIRECTION ( 'NONE',  ( 0.000000000000000000, -1.000000000000000000, -3.252606517472783164E-15 ) ) ;
#4229 = VECTOR ( 'NONE', #9188, 1000.000000000000000 ) ;
#4230 = CARTESIAN_POINT ( 'NONE',  ( 0.5340004414620000972, -1.215309063394000022, 0.2000000000000000111 ) ) ;
#4231 = EDGE_CURVE ( 'NONE', #5012, #1531, #9534, .T. ) ;
#4232 = AXIS2_PLACEMENT_3D ( 'NONE', #2150, #415, #8356 ) ;
#4233 = CARTESIAN_POINT ( 'NONE',  ( -0.7754779963190000514, -1.221668538844000063, 0.2010000000000000120 ) ) ;
#4234 = CARTESIAN_POINT ( 'NONE',  ( -0.4169745369589999973, -0.9231087933350000663, 0.2010000000000000120 ) ) ;
#4235 = EDGE_LOOP ( 'NONE', ( #3359, #8771, #4325, #2660 ) ) ;
#4236 = DIRECTION ( 'NONE',  ( 0.000000000000000000, 3.491481338843000432E-15, -1.000000000000000000 ) ) ;
#4237 = VECTOR ( 'NONE', #5530, 1000.000000000000000 ) ;
#4238 = CARTESIAN_POINT ( 'NONE',  ( -0.09359918534300000481, -1.081424636404999973, 0.2000000000000000111 ) ) ;
#4239 = CARTESIAN_POINT ( 'NONE',  ( 7.499999999998999911, -5.250000000000000000, 6.199999999999000089 ) ) ;
#4240 = CARTESIAN_POINT ( 'NONE',  ( -6.899999999999999467, -4.949999999998999201, 1.999999999998999911 ) ) ;
#4241 = DIRECTION ( 'NONE',  ( 0.000000000000000000, 3.646367363483000567E-15, -1.000000000000000000 ) ) ;
#4242 = EDGE_CURVE ( 'NONE', #1613, #5405, #6150, .T. ) ;
#4243 = CARTESIAN_POINT ( 'NONE',  ( 2.899999999998999822, 0.8499999999989999999, 5.500000000000000888 ) ) ;
#4244 = CIRCLE ( 'NONE', #4752, 0.7000000000000000666 ) ;
#4245 = DIRECTION ( 'NONE',  ( 0.000000000000000000, -1.000000000000000000, -3.470932160409000106E-15 ) ) ;
#4246 = CARTESIAN_POINT ( 'NONE',  ( -0.6999999999990000887, 0.9499999999999999556, 2.700000000000000178 ) ) ;
#4247 = CARTESIAN_POINT ( 'NONE',  ( 0.6198154488019999020, -1.121344605917000026, 0.2000000000000000111 ) ) ;
#4248 = ORIENTED_EDGE ( 'NONE', *, *, #9054, .T. ) ;
#4249 = DIRECTION ( 'NONE',  ( -1.000000000000000000, 0.000000000000000000, 0.000000000000000000 ) ) ;
#4250 = EDGE_CURVE ( 'NONE', #10457, #4418, #7731, .T. ) ;
#4251 = EDGE_CURVE ( 'NONE', #7013, #5244, #7893, .T. ) ;
#4252 = VECTOR ( 'NONE', #2537, 1000.000000000000000 ) ;
#4253 = VECTOR ( 'NONE', #6901, 1000.000000000000114 ) ;
#4254 = ORIENTED_EDGE ( 'NONE', *, *, #3471, .T. ) ;
#4255 = CARTESIAN_POINT ( 'NONE',  ( -0.1179894292460000049, -1.307034392503000131, 0.2010000000000000120 ) ) ;
#4256 = FACE_OUTER_BOUND ( 'NONE', #1971, .T. ) ;
#4257 = DIRECTION ( 'NONE',  ( 0.000000000000000000, -0.3420201433253705070, -0.9396926207860170077 ) ) ;
#4258 = DIRECTION ( 'NONE',  ( 0.000000000000000000, 1.000000000000000000, 6.505213034945566328E-15 ) ) ;
#4259 = ORIENTED_EDGE ( 'NONE', *, *, #9572, .F. ) ;
#4260 = AXIS2_PLACEMENT_3D ( 'NONE', #7511, #3367, #3474 ) ;
#4262 = CIRCLE ( 'NONE', #1558, 0.4999999999989999666 ) ;
#4261 = LINE ( 'NONE', #3910, #5281 ) ;
#4263 = CARTESIAN_POINT ( 'NONE',  ( 0.3761988329479999393, -1.313131953477999936, 0.2010000000000000120 ) ) ;
#4264 = ORIENTED_EDGE ( 'NONE', *, *, #2901, .F. ) ;
#4265 = VERTEX_POINT ( 'NONE', #10272 ) ;
#4266 = DIRECTION ( 'NONE',  ( 0.000000000000000000, -1.000000000000000000, -3.491481338843000432E-15 ) ) ;
#4267 = DIRECTION ( 'NONE',  ( 0.000000000000000000, 1.000000000000000000, 2.891205793313955622E-15 ) ) ;
#4268 = AXIS2_PLACEMENT_3D ( 'NONE', #2303, #9460, #5437 ) ;
#4269 = AXIS2_PLACEMENT_3D ( 'NONE', #9338, #8435, #7492 ) ;
#4270 = VERTEX_POINT ( 'NONE', #8744 ) ;
#4271 = AXIS2_PLACEMENT_3D ( 'NONE', #6849, #7847, #5409 ) ;
#4272 = CARTESIAN_POINT ( 'NONE',  ( 0.2616922499719999684, -1.288908352243999911, 0.2000000000000000111 ) ) ;
#4273 = DIRECTION ( 'NONE',  ( 1.000000000000000000, 0.000000000000000000, 0.000000000000000000 ) ) ;
#4274 = CARTESIAN_POINT ( 'NONE',  ( 0.5457571020740000778, -1.051767864853999868, 0.2000000000000000111 ) ) ;
#4275 = CARTESIAN_POINT ( 'NONE',  ( -6.400000000000000355, -5.149999999999000266, -2.061552812807999846 ) ) ;
#4276 = ORIENTED_EDGE ( 'NONE', *, *, #3239, .F. ) ;
#4277 = ORIENTED_EDGE ( 'NONE', *, *, #8965, .F. ) ;
#4278 = ADVANCED_FACE ( 'NONE', ( #1479 ), #584, .T. ) ;
#4279 = ORIENTED_EDGE ( 'NONE', *, *, #336, .F. ) ;
#4280 = VECTOR ( 'NONE', #8901, 1000.000000000000000 ) ;
#4281 = CARTESIAN_POINT ( 'NONE',  ( 0.3492326879009999829, -0.9109306611129999176, 0.2000000000000000111 ) ) ;
#4282 = EDGE_LOOP ( 'NONE', ( #9263, #4559, #408, #2922 ) ) ;
#4283 = CARTESIAN_POINT ( 'NONE',  ( -5.450000000000000178, 1.149999999999999911, 0.9000000000000000222 ) ) ;
#4284 = EDGE_CURVE ( 'NONE', #5800, #4683, #634, .T. ) ;
#4285 = ORIENTED_EDGE ( 'NONE', *, *, #294, .F. ) ;
#4286 = DIRECTION ( 'NONE',  ( 1.000000000000000000, 0.000000000000000000, 0.000000000000000000 ) ) ;
#4287 = CARTESIAN_POINT ( 'NONE',  ( -0.9299999999989999599, 1.665702517779999781, 3.100000000000000533 ) ) ;
#4288 = PLANE ( 'NONE',  #5378 ) ;
#4289 = CARTESIAN_POINT ( 'NONE',  ( -0.3773786794909999576, -0.9172228579780000723, 0.2000000000000000111 ) ) ;
#4290 = ORIENTED_EDGE ( 'NONE', *, *, #4887, .T. ) ;
#4291 = DIRECTION ( 'NONE',  ( 0.000000000000000000, -1.000000000000000000, -3.491481338843000432E-15 ) ) ;
#4292 = CARTESIAN_POINT ( 'NONE',  ( -4.069999999999000195, -3.334297482219000575, 3.839999999999000213 ) ) ;
#4293 = ADVANCED_FACE ( 'NONE', ( #3861 ), #5406, .F. ) ;
#4294 = CARTESIAN_POINT ( 'NONE',  ( 6.400000000000000355, -5.064285714284999962, 1.376902229001999878 ) ) ;
#4295 = AXIS2_PLACEMENT_3D ( 'NONE', #58, #1592, #8103 ) ;
#4296 = LINE ( 'NONE', #2492, #10011 ) ;
#4297 = DIRECTION ( 'NONE',  ( 0.000000000000000000, -1.000000000000000000, -3.457400261148000567E-15 ) ) ;
#4298 = FACE_OUTER_BOUND ( 'NONE', #9296, .T. ) ;
#4299 = CARTESIAN_POINT ( 'NONE',  ( -0.2155504048559999941, -0.8619124412830000415, 0.2010000000000000120 ) ) ;
#4300 = LINE ( 'NONE', #6000, #9167 ) ;
#4301 = CARTESIAN_POINT ( 'NONE',  ( -3.199999999999000089, 0.9499999999999999556, 0.9000000000000000222 ) ) ;
#4302 = VERTEX_POINT ( 'NONE', #7102 ) ;
#4303 = CIRCLE ( 'NONE', #9386, 0.1499999999989998778 ) ;
#4304 = CARTESIAN_POINT ( 'NONE',  ( -2.100000000000000089, 1.149999999999999911, 2.700000000000000178 ) ) ;
#4305 = VECTOR ( 'NONE', #315, 1000.000000000000000 ) ;
#4306 = ORIENTED_EDGE ( 'NONE', *, *, #2290, .F. ) ;
#4307 = CARTESIAN_POINT ( 'NONE',  ( -0.8732600051350000170, -0.9331744759269999800, 0.2010000000000000120 ) ) ;
#4308 = CARTESIAN_POINT ( 'NONE',  ( 1.750000000000000000, 1.550000000000000044, 0.9000000000000000222 ) ) ;
#4309 = CARTESIAN_POINT ( 'NONE',  ( 0.5527422780699999816, -1.117247807137000004, 0.2000000000000000111 ) ) ;
#4310 = CARTESIAN_POINT ( 'NONE',  ( -1.388014882866000166, -3.834297482219000575, 3.658014882865999962 ) ) ;
#4311 = AXIS2_PLACEMENT_3D ( 'NONE', #2928, #9396, #2127 ) ;
#4312 = ORIENTED_EDGE ( 'NONE', *, *, #9206, .T. ) ;
#4313 = DIRECTION ( 'NONE',  ( 1.000000000000000000, 0.000000000000000000, 0.000000000000000000 ) ) ;
#4314 = VERTEX_POINT ( 'NONE', #10114 ) ;
#4315 = ORIENTED_EDGE ( 'NONE', *, *, #444, .T. ) ;
#4316 = VERTEX_POINT ( 'NONE', #4659 ) ;
#4317 = CARTESIAN_POINT ( 'NONE',  ( 0.5256424684189999752, -1.231565733819999897, 0.2000000000000000111 ) ) ;
#4318 = ORIENTED_EDGE ( 'NONE', *, *, #7479, .T. ) ;
#4319 = LINE ( 'NONE', #3423, #10355 ) ;
#4320 = DIRECTION ( 'NONE',  ( 0.000000000000000000, 3.491481338843000432E-15, -1.000000000000000000 ) ) ;
#4321 = EDGE_CURVE ( 'NONE', #5197, #10310, #7477, .T. ) ;
#4322 = PLANE ( 'NONE',  #3737 ) ;
#4323 = CARTESIAN_POINT ( 'NONE',  ( -6.400000000000000355, -5.064285714284999962, 1.376902229001999878 ) ) ;
#4324 = EDGE_CURVE ( 'NONE', #538, #10485, #6092, .T. ) ;
#4325 = ORIENTED_EDGE ( 'NONE', *, *, #1760, .T. ) ;
#4326 = FACE_OUTER_BOUND ( 'NONE', #696, .T. ) ;
#4327 = ORIENTED_EDGE ( 'NONE', *, *, #8403, .F. ) ;
#4328 = VERTEX_POINT ( 'NONE', #9480 ) ;
#4329 = DIRECTION ( 'NONE',  ( -1.000000000000000000, 0.000000000000000000, 0.000000000000000000 ) ) ;
#4330 = EDGE_LOOP ( 'NONE', ( #2794, #5950, #2789, #1634 ) ) ;
#4331 = CARTESIAN_POINT ( 'NONE',  ( -0.9595481182699999723, -1.166790490064000041, 0.2010000000000000120 ) ) ;
#4332 = VERTEX_POINT ( 'NONE', #2113 ) ;
#4333 = LINE ( 'NONE', #9162, #7822 ) ;
#4334 = CARTESIAN_POINT ( 'NONE',  ( 0.6198154488019999020, -1.121344605917000026, 0.2010000000000000120 ) ) ;
#4335 = DIRECTION ( 'NONE',  ( -1.000000000000000000, 0.000000000000000000, 0.000000000000000000 ) ) ;
#4336 = CARTESIAN_POINT ( 'NONE',  ( -4.250000000000000000, 1.550000000000000044, 0.9000000000000000222 ) ) ;
#4337 = ORIENTED_EDGE ( 'NONE', *, *, #4081, .T. ) ;
#4338 = EDGE_CURVE ( 'NONE', #8078, #3872, #4500, .T. ) ;
#4339 = LINE ( 'NONE', #3492, #33 ) ;
#4340 = DIRECTION ( 'NONE',  ( 1.000000000000000000, 0.000000000000000000, 0.000000000000000000 ) ) ;
#4341 = EDGE_CURVE ( 'NONE', #6547, #1733, #10188, .T. ) ;
#4342 = DIRECTION ( 'NONE',  ( 1.270795280836009862E-15, 0.000000000000000000, 1.000000000000000000 ) ) ;
#4343 = CARTESIAN_POINT ( 'NONE',  ( 4.069999999999000195, 2.550000000000000266, 1.000013873792005015E-12 ) ) ;
#4344 = VECTOR ( 'NONE', #8314, 1000.000000000000000 ) ;
#4345 = FACE_OUTER_BOUND ( 'NONE', #9681, .T. ) ;
#4346 = VECTOR ( 'NONE', #1134, 1000.000000000000000 ) ;
#4347 = CARTESIAN_POINT ( 'NONE',  ( 0.5798273741939999892, -0.9679092625840000075, 0.2000000000000000111 ) ) ;
#4348 = CARTESIAN_POINT ( 'NONE',  ( 4.069999999999000195, 2.550000000000000266, 0.6999999999999999556 ) ) ;
#4349 = ADVANCED_FACE ( 'NONE', ( #965 ), #7379, .F. ) ;
#4350 = CARTESIAN_POINT ( 'NONE',  ( -0.9299999999989999599, -3.834297482219000575, 3.199999999999000089 ) ) ;
#4351 = EDGE_LOOP ( 'NONE', ( #9741, #8822, #9803, #9384 ) ) ;
#4352 = PLANE ( 'NONE',  #4269 ) ;
#4353 = EDGE_CURVE ( 'NONE', #7934, #8420, #7537, .T. ) ;
#4354 = AXIS2_PLACEMENT_3D ( 'NONE', #8136, #5065, #8293 ) ;
#4355 = DIRECTION ( 'NONE',  ( 0.000000000000000000, -1.000000000000000000, -3.491481338843000432E-15 ) ) ;
#4356 = VECTOR ( 'NONE', #2995, 1000.000000000000000 ) ;
#4357 = EDGE_CURVE ( 'NONE', #258, #7970, #5092, .T. ) ;
#4358 = CARTESIAN_POINT ( 'NONE',  ( 1.570000000000000062, 0.8499999999989999999, 3.840000000000000302 ) ) ;
#4359 = CARTESIAN_POINT ( 'NONE',  ( 4.069999999999000195, 2.405251729774000147, 3.125825627559000175 ) ) ;
#4360 = CARTESIAN_POINT ( 'NONE',  ( -3.996691070771999588, 4.951414627695999826, 0.07330892922800005818 ) ) ;
#4361 = AXIS2_PLACEMENT_3D ( 'NONE', #8256, #1792, #7520 ) ;
#4362 = CARTESIAN_POINT ( 'NONE',  ( -0.5438027827079999765, -1.042772573957000182, 0.2010000000000000120 ) ) ;
#4363 = EDGE_CURVE ( 'NONE', #7797, #9467, #4140, .T. ) ;
#4364 = ORIENTED_EDGE ( 'NONE', *, *, #4574, .T. ) ;
#4365 = CARTESIAN_POINT ( 'NONE',  ( -5.450000000000000178, 1.149999999999999911, 0.9000000000000000222 ) ) ;
#4366 = ORIENTED_EDGE ( 'NONE', *, *, #9216, .F. ) ;
#4367 = EDGE_CURVE ( 'NONE', #7934, #3187, #9961, .T. ) ;
#4368 = B_SPLINE_CURVE_WITH_KNOTS ( 'NONE', 3,
 ( #4926, #4877, #267, #7524, #3332, #1055, #1640, #3281, #9746, #9906, #162, #1847, #3382, #2694, #2532, #1688, #4072, #6524, #8155 ),
 .UNSPECIFIED., .F., .F.,
 ( 4, 1, 1, 1, 1, 1, 1, 1, 1, 1, 1, 1, 1, 1, 1, 1, 4 ),
 ( 0.000000000000000000, 0.07082657255500000859, 0.1381690332790000142, 0.2024753315329999859, 0.2639737544130000280, 0.3233803205979999817, 0.3817976227129999955, 0.4393900745190000290, 0.4969027245450000074, 0.5546621696089999443, 0.6127418784920000139, 0.6715388363909999825, 0.7316557220899999603, 0.7942978116129999488, 0.8594822049789999641, 0.9276813254519999941, 1.000000000000000000 ),
 .UNSPECIFIED. ) ;
#4369 = ORIENTED_EDGE ( 'NONE', *, *, #64, .T. ) ;
#4370 = LINE ( 'NONE', #7131, #8248 ) ;
#4371 = ORIENTED_EDGE ( 'NONE', *, *, #4338, .F. ) ;
#4372 = CARTESIAN_POINT ( 'NONE',  ( -0.9299999999989999599, 0.8499999999989999999, 3.840000000000000302 ) ) ;
#4373 = CARTESIAN_POINT ( 'NONE',  ( 4.069999999999000195, 0.8499999999999999778, 3.200000000000000178 ) ) ;
#4374 = LINE ( 'NONE', #6075, #9493 ) ;
#4375 = CARTESIAN_POINT ( 'NONE',  ( -0.5763620661860000549, -0.9637252991580000927, 0.2000000000000000111 ) ) ;
#4376 = EDGE_CURVE ( 'NONE', #413, #4882, #119, .T. ) ;
#4377 = VERTEX_POINT ( 'NONE', #4343 ) ;
#4378 = CARTESIAN_POINT ( 'NONE',  ( 0.3597146709290000022, -0.8558565525260000140, 0.2000000000000000111 ) ) ;
#4380 = VERTEX_POINT ( 'NONE', #3296 ) ;
#4379 = VERTEX_POINT ( 'NONE', #6536 ) ;
#4381 = ORIENTED_EDGE ( 'NONE', *, *, #9668, .T. ) ;
#4382 = EDGE_CURVE ( 'NONE', #694, #6650, #1009, .T. ) ;
#4383 = CARTESIAN_POINT ( 'NONE',  ( -3.888014882865999944, 5.250000000000000000, 0.6400000000000000133 ) ) ;
#4384 = EDGE_CURVE ( 'NONE', #1893, #7829, #2704, .T. ) ;
#4385 = ORIENTED_EDGE ( 'NONE', *, *, #1838, .F. ) ;
#4386 = PLANE ( 'NONE',  #2415 ) ;
#4387 = VECTOR ( 'NONE', #9294, 1000.000000000000000 ) ;
#4388 = ORIENTED_EDGE ( 'NONE', *, *, #2340, .T. ) ;
#4389 = CARTESIAN_POINT ( 'NONE',  ( -1.570000000000000062, 0.8499999999999999778, 3.200000000000000178 ) ) ;
#4390 = CARTESIAN_POINT ( 'NONE',  ( 0.5256424684189999752, -1.231565733819999897, 0.2000000000000000111 ) ) ;
#4391 = DIRECTION ( 'NONE',  ( 0.000000000000000000, 3.491481338843000432E-15, -1.000000000000000000 ) ) ;
#4392 = CARTESIAN_POINT ( 'NONE',  ( -0.5438027827079999765, -1.042772573957000182, 0.2010000000000000120 ) ) ;
#4393 = ORIENTED_EDGE ( 'NONE', *, *, #1369, .F. ) ;
#4394 = DIRECTION ( 'NONE',  ( 1.000000000000000000, 0.000000000000000000, 0.000000000000000000 ) ) ;
#4395 = DIRECTION ( 'NONE',  ( -1.000000000000000000, 0.000000000000000000, 0.000000000000000000 ) ) ;
#4396 = CARTESIAN_POINT ( 'NONE',  ( -2.899999999998999822, 1.149999999998999822, 5.500000000000000888 ) ) ;
#4397 = FACE_OUTER_BOUND ( 'NONE', #5444, .T. ) ;
#4398 = LINE ( 'NONE', #2860, #5996 ) ;
#4399 = DIRECTION ( 'NONE',  ( 0.000000000000000000, -1.000000000000000000, -3.491481338843000432E-15 ) ) ;
#4400 = DIRECTION ( 'NONE',  ( 0.000000000000000000, -1.000000000000000000, -3.491481338843000432E-15 ) ) ;
#4401 = ORIENTED_EDGE ( 'NONE', *, *, #5331, .F. ) ;
#4402 = DIRECTION ( 'NONE',  ( 0.000000000000000000, -0.3420201433253705070, -0.9396926207860170077 ) ) ;
#4403 = ORIENTED_EDGE ( 'NONE', *, *, #7588, .F. ) ;
#4404 = EDGE_CURVE ( 'NONE', #3231, #1151, #4191, .T. ) ;
#4405 = CARTESIAN_POINT ( 'NONE',  ( 0.7500000000000000000, 2.550000000000000266, 0.1000000000010000528 ) ) ;
#4406 = DIRECTION ( 'NONE',  ( 0.000000000000000000, 1.000000000000000000, 3.491481338843000432E-15 ) ) ;
#4407 = EDGE_CURVE ( 'NONE', #7375, #2190, #4996, .T. ) ;
#4408 = DIRECTION ( 'NONE',  ( 0.000000000000000000, -3.491481338843000432E-15, 1.000000000000000000 ) ) ;
#4409 = AXIS2_PLACEMENT_3D ( 'NONE', #6761, #3560, #495 ) ;
#4410 = CARTESIAN_POINT ( 'NONE',  ( 6.150000000000000355, -5.250000000000000000, 6.199999999999000089 ) ) ;
#4411 = CARTESIAN_POINT ( 'NONE',  ( 0.08323008294800000872, -1.081424636404999973, 0.2010000000000000120 ) ) ;
#4412 = CARTESIAN_POINT ( 'NONE',  ( -4.069999999999000195, -3.334297482219000575, 3.199999999999000089 ) ) ;
#4413 = ORIENTED_EDGE ( 'NONE', *, *, #5149, .T. ) ;
#4414 = DIRECTION ( 'NONE',  ( 0.000000000000000000, -3.491481338843000432E-15, 1.000000000000000000 ) ) ;
#4415 = ORIENTED_EDGE ( 'NONE', *, *, #8232, .F. ) ;
#4416 = VECTOR ( 'NONE', #5794, 1000.000000000000000 ) ;
#4417 = VECTOR ( 'NONE', #1803, 1000.000000000000000 ) ;
#4418 = VERTEX_POINT ( 'NONE', #173 ) ;
#4419 = EDGE_CURVE ( 'NONE', #9824, #6575, #4296, .T. ) ;
#4420 = CARTESIAN_POINT ( 'NONE',  ( 0.3761988329479999393, -1.313131953477999936, 0.2000000000000000111 ) ) ;
#4421 = ORIENTED_EDGE ( 'NONE', *, *, #6624, .F. ) ;
#4422 = CARTESIAN_POINT ( 'NONE',  ( 0.4570358225460000035, -0.9321945420649999647, 0.2010000000000000120 ) ) ;
#4423 = PLANE ( 'NONE',  #2533 ) ;
#4424 = AXIS2_PLACEMENT_3D ( 'NONE', #9356, #5384, #3236 ) ;
#4425 = VECTOR ( 'NONE', #9113, 1000.000000000000000 ) ;
#4426 = CARTESIAN_POINT ( 'NONE',  ( 6.150000000000000355, -2.849999999999000000, 0.2000000000000000111 ) ) ;
#4427 = CARTESIAN_POINT ( 'NONE',  ( -0.5893850963550000266, -0.9838597514600000427, 0.2000000000000000111 ) ) ;
#4428 = ORIENTED_EDGE ( 'NONE', *, *, #498, .F. ) ;
#4429 = CARTESIAN_POINT ( 'NONE',  ( 0.3655281012409999364, -0.8558148803080001255, 0.2010000000000000120 ) ) ;
#4431 = VERTEX_POINT ( 'NONE', #911 ) ;
#4430 = ORIENTED_EDGE ( 'NONE', *, *, #153, .F. ) ;
#4432 = EDGE_LOOP ( 'NONE', ( #9740, #8277, #6133, #1234 ) ) ;
#4433 = AXIS2_PLACEMENT_3D ( 'NONE', #6965, #3662, #7597 ) ;
#4434 = VECTOR ( 'NONE', #3990, 1000.000000000000000 ) ;
#4435 = DIRECTION ( 'NONE',  ( 0.000000000000000000, 3.491481338843000432E-15, -1.000000000000000000 ) ) ;
#4436 = EDGE_LOOP ( 'NONE', ( #2978, #8508, #2591, #7640 ) ) ;
#4437 = ORIENTED_EDGE ( 'NONE', *, *, #4903, .F. ) ;
#4438 = LINE ( 'NONE', #2800, #1895 ) ;
#4439 = CARTESIAN_POINT ( 'NONE',  ( 0.4915767354669999811, -1.272784665316000208, 0.2010000000000000120 ) ) ;
#4440 = VECTOR ( 'NONE', #4194, 1000.000000000000000 ) ;
#4441 = AXIS2_PLACEMENT_3D ( 'NONE', #7270, #4028, #9754 ) ;
#4442 = EDGE_CURVE ( 'NONE', #2626, #5190, #9915, .T. ) ;
#4443 = LINE ( 'NONE', #1111, #2261 ) ;
#4444 = CARTESIAN_POINT ( 'NONE',  ( -6.150000000000000355, -2.849999999999000000, 2.199999999999000089 ) ) ;
#4445 = VECTOR ( 'NONE', #6257, 1000.000000000000000 ) ;
#4446 = ORIENTED_EDGE ( 'NONE', *, *, #3725, .T. ) ;
#4447 = LINE ( 'NONE', #325, #3404 ) ;
#4448 = CARTESIAN_POINT ( 'NONE',  ( -3.429999999998999627, -3.334297482219000575, 3.839999999999000213 ) ) ;
#4449 = DIRECTION ( 'NONE',  ( 0.000000000000000000, 0.3420201433253705070, -0.9396926207860170077 ) ) ;
#4450 = CARTESIAN_POINT ( 'NONE',  ( 0.5713163833709999917, -1.283016212616000074, 0.2000000000000000111 ) ) ;
#4451 = VECTOR ( 'NONE', #9581, 1000.000000000000000 ) ;
#4452 = CARTESIAN_POINT ( 'NONE',  ( -3.611985117132999967, -3.834297482219000575, 3.199999999999000089 ) ) ;
#4453 = EDGE_CURVE ( 'NONE', #953, #1930, #3344, .T. ) ;
#4454 = LINE ( 'NONE', #7693, #5484 ) ;
#4455 = CARTESIAN_POINT ( 'NONE',  ( 6.649999999999999467, -3.149999999998999822, 2.199999999999000089 ) ) ;
#4456 = ADVANCED_FACE ( 'NONE', ( #6642 ), #5154, .F. ) ;
#4457 = ORIENTED_EDGE ( 'NONE', *, *, #402, .F. ) ;
#4458 = DIRECTION ( 'NONE',  ( 0.000000000000000000, 3.491481338843000432E-15, -1.000000000000000000 ) ) ;
#4459 = ORIENTED_EDGE ( 'NONE', *, *, #7800, .T. ) ;
#4460 = CARTESIAN_POINT ( 'NONE',  ( 0.000000000000000000, 2.550000000000000266, 2.200000000000000178 ) ) ;
#4461 = VECTOR ( 'NONE', #1539, 1000.000000000000000 ) ;
#4462 = CARTESIAN_POINT ( 'NONE',  ( -0.3611367807049999934, -1.306871538043999914, 0.2010000000000000120 ) ) ;
#4463 = DIRECTION ( 'NONE',  ( -1.000000000000000000, 0.000000000000000000, 0.000000000000000000 ) ) ;
#4464 = FACE_BOUND ( 'NONE', #5, .T. ) ;
#4465 = DIRECTION ( 'NONE',  ( 0.000000000000000000, 1.000000000000000000, 3.614007241618003644E-15 ) ) ;
#4466 = VECTOR ( 'NONE', #1591, 1000.000000000000000 ) ;
#4467 = CARTESIAN_POINT ( 'NONE',  ( -0.3977088499089999618, -0.9194499928670000211, 0.2010000000000000120 ) ) ;
#4468 = ORIENTED_EDGE ( 'NONE', *, *, #9796, .T. ) ;
#4469 = CYLINDRICAL_SURFACE ( 'NONE', #9430, 0.1999999999989995891 ) ;
#4470 = ORIENTED_EDGE ( 'NONE', *, *, #1057, .F. ) ;
#4471 = B_SPLINE_CURVE_WITH_KNOTS ( 'NONE', 3,
 ( #4479, #1255, #3677, #6125, #1940, #1196, #4422, #1303, #5971, #3731, #6978, #8450, #7663, #5177, #9411, #8398, #1352, #7819, #8876 ),
 .UNSPECIFIED., .F., .F.,
 ( 4, 1, 1, 1, 1, 1, 1, 1, 1, 1, 1, 1, 1, 1, 1, 1, 4 ),
 ( 0.000000000000000000, 0.06460397028799999553, 0.1267024139619999934, 0.1867568140349999961, 0.2455056873650000027, 0.3036520244490000242, 0.3615030739700000328, 0.4202402229280000068, 0.4800333407759999615, 0.5406781347749999300, 0.6011918063800000267, 0.6623335024769999579, 0.7247395102970000114, 0.7894677361719999453, 0.8565048600430000825, 0.9263120958389999826, 1.000000000000000000 ),
 .UNSPECIFIED. ) ;
#4472 = EDGE_CURVE ( 'NONE', #7214, #4801, #9866, .T. ) ;
#4473 = ORIENTED_EDGE ( 'NONE', *, *, #7054, .F. ) ;
#4474 = ORIENTED_EDGE ( 'NONE', *, *, #2610, .T. ) ;
#4475 = EDGE_CURVE ( 'NONE', #1308, #8766, #1119, .T. ) ;
#4476 = LINE ( 'NONE', #6180, #1982 ) ;
#4477 = VERTEX_POINT ( 'NONE', #5942 ) ;
#4478 = VECTOR ( 'NONE', #7932, 1000.000000000000000 ) ;
#4479 = CARTESIAN_POINT ( 'NONE',  ( 0.3649564548990000268, -0.9106929290880000361, 0.2010000000000000120 ) ) ;
#4480 = DIRECTION ( 'NONE',  ( -0.3536223923290543469, 0.9353882635801437084, 3.245279959971499005E-15 ) ) ;
#4481 = CARTESIAN_POINT ( 'NONE',  ( -3.199999999999000089, 0.9499999999999999556, 2.700000000000000178 ) ) ;
#4482 = ORIENTED_EDGE ( 'NONE', *, *, #690, .F. ) ;
#4483 = EDGE_CURVE ( 'NONE', #3736, #8344, #5953, .T. ) ;
#4484 = CARTESIAN_POINT ( 'NONE',  ( 0.3317157170210000561, -0.8569581071909999626, 0.2000000000000000111 ) ) ;
#4486 = EDGE_LOOP ( 'NONE', ( #9717, #5416, #5287, #4096, #1361, #2257, #4285, #5174, #6736, #1693, #1386, #3527, #2123, #866, #362, #9948, #7966, #10086 ) ) ;
#4485 = VERTEX_POINT ( 'NONE', #2117 ) ;
#4487 = ORIENTED_EDGE ( 'NONE', *, *, #5911, .F. ) ;
#4488 = EDGE_CURVE ( 'NONE', #2360, #6623, #1169, .T. ) ;
#4489 = CARTESIAN_POINT ( 'NONE',  ( 1.111985117132999967, 5.250000000000000000, 0.6400000000000000133 ) ) ;
#4490 = EDGE_LOOP ( 'NONE', ( #8229, #271, #6922, #9946, #5666, #10306, #5884, #2427, #1407, #10210, #6621, #4933 ) ) ;
#4491 = ORIENTED_EDGE ( 'NONE', *, *, #1879, .T. ) ;
#4492 = DIRECTION ( 'NONE',  ( 1.000000000000000000, 0.000000000000000000, 0.000000000000000000 ) ) ;
#4493 = DIRECTION ( 'NONE',  ( 0.000000000000000000, 3.491481338843000432E-15, -1.000000000000000000 ) ) ;
#4494 = CARTESIAN_POINT ( 'NONE',  ( 4.299999999999999822, 1.149999999999999911, 0.9000000000000000222 ) ) ;
#4495 = FACE_OUTER_BOUND ( 'NONE', #607, .T. ) ;
#4496 = CARTESIAN_POINT ( 'NONE',  ( 0.8515227658750000872, -0.8619124412830000415, 0.2010000000000000120 ) ) ;
#4497 = ADVANCED_FACE ( 'NONE', ( #4397 ), #10118, .T. ) ;
#4498 = ORIENTED_EDGE ( 'NONE', *, *, #8770, .F. ) ;
#4499 = DIRECTION ( 'NONE',  ( 1.000000000000000000, 0.000000000000000000, 0.000000000000000000 ) ) ;
#4500 = B_SPLINE_CURVE_WITH_KNOTS ( 'NONE', 3,
 ( #2217, #2062, #5458, #5304, #8530, #1431, #10224, #9429, #1274, #3697, #477, #8636, #6946, #2910, #7782, #5355, #8583, #3754, #7001 ),
 .UNSPECIFIED., .F., .F.,
 ( 4, 1, 1, 1, 1, 1, 1, 1, 1, 1, 1, 1, 1, 1, 1, 1, 4 ),
 ( 0.000000000000000000, 0.07377411937399999675, 0.1440791147260000182, 0.2113485183079999996, 0.2760768857389999664, 0.3385209158189999568, 0.3998851166929999756, 0.4602540674649999719, 0.5205889643909999975, 0.5802076845629999813, 0.6386329085520000559, 0.6963645494900000399, 0.7540017746600000681, 0.8128056813739999997, 0.8727544255250000438, 0.9351819969779999742, 0.9999999999990000221 ),
 .UNSPECIFIED. ) ;
#4501 = FACE_OUTER_BOUND ( 'NONE', #4176, .T. ) ;
#4502 = ORIENTED_EDGE ( 'NONE', *, *, #10049, .F. ) ;
#4503 = CARTESIAN_POINT ( 'NONE',  ( 1.750000000000000000, 1.550000000000000044, 0.9000000000000000222 ) ) ;
#4504 = DIRECTION ( 'NONE',  ( -0.3635424856521137782, -0.9315776194852914971, -3.232059132431008654E-15 ) ) ;
#4505 = DIRECTION ( 'NONE',  ( -1.000000000000000000, 0.000000000000000000, 0.000000000000000000 ) ) ;
#4506 = CARTESIAN_POINT ( 'NONE',  ( 4.599999999998999556, 0.8499999999989999999, 5.500000000000000888 ) ) ;
#4507 = DIRECTION ( 'NONE',  ( 0.000000000000000000, 3.491481338843000432E-15, -1.000000000000000000 ) ) ;
#4508 = EDGE_CURVE ( 'NONE', #7871, #7638, #1965, .T. ) ;
#4509 = ORIENTED_EDGE ( 'NONE', *, *, #9799, .F. ) ;
#4510 = CARTESIAN_POINT ( 'NONE',  ( 0.5651302236070000484, -0.9473886076900001063, 0.2010000000000000120 ) ) ;
#4511 = ORIENTED_EDGE ( 'NONE', *, *, #3263, .F. ) ;
#4512 = DIRECTION ( 'NONE',  ( 0.000000000000000000, 1.000000000000000000, 0.000000000000000000 ) ) ;
#4513 = CYLINDRICAL_SURFACE ( 'NONE', #4147, 0.1000000000000000472 ) ;
#4514 = EDGE_CURVE ( 'NONE', #2623, #2425, #532, .T. ) ;
#4515 = EDGE_CURVE ( 'NONE', #6985, #7125, #328, .T. ) ;
#4516 = DIRECTION ( 'NONE',  ( 0.000000000000000000, 1.000000000000000000, 3.523657060595514930E-15 ) ) ;
#4517 = VECTOR ( 'NONE', #9247, 1000.000000000000114 ) ;
#4518 = CARTESIAN_POINT ( 'NONE',  ( 0.000000000000000000, 1.350000000000000089, 3.200000000000000178 ) ) ;
#4519 = CARTESIAN_POINT ( 'NONE',  ( 0.08323008294800000872, -1.081424636404999973, 0.2010000000000000120 ) ) ;
#4520 = PLANE ( 'NONE',  #7630 ) ;
#4521 = ORIENTED_EDGE ( 'NONE', *, *, #5774, .F. ) ;
#4522 = VECTOR ( 'NONE', #9530, 1000.000000000000000 ) ;
#4523 = CARTESIAN_POINT ( 'NONE',  ( 2.899999999998999822, 1.149999999998999822, 5.500000000000000888 ) ) ;
#4524 = VERTEX_POINT ( 'NONE', #7005 ) ;
#4525 = VECTOR ( 'NONE', #8348, 1000.000000000000000 ) ;
#4526 = ORIENTED_EDGE ( 'NONE', *, *, #9799, .T. ) ;
#4527 = ORIENTED_EDGE ( 'NONE', *, *, #8736, .F. ) ;
#4528 = DIRECTION ( 'NONE',  ( 0.000000000000000000, 3.491481338843000432E-15, -1.000000000000000000 ) ) ;
#4529 = FACE_OUTER_BOUND ( 'NONE', #1788, .T. ) ;
#4530 = VECTOR ( 'NONE', #8013, 1000.000000000000000 ) ;
#4531 = EDGE_LOOP ( 'NONE', ( #3563, #9459, #6616, #6833 ) ) ;
#4532 = DIRECTION ( 'NONE',  ( 1.000000000000000000, 0.000000000000000000, 0.000000000000000000 ) ) ;
#4533 = PLANE ( 'NONE',  #3584 ) ;
#4534 = DIRECTION ( 'NONE',  ( 0.000000000000000000, 1.000000000000000000, 3.491481338843000432E-15 ) ) ;
#4535 = ORIENTED_EDGE ( 'NONE', *, *, #5643, .T. ) ;
#4536 = CARTESIAN_POINT ( 'NONE',  ( 0.2727953945649999601, -0.8668134413760000268, 0.2000000000000000111 ) ) ;
#4538 = ORIENTED_EDGE ( 'NONE', *, *, #7921, .T. ) ;
#4537 = ORIENTED_EDGE ( 'NONE', *, *, #4814, .T. ) ;
#4539 = CARTESIAN_POINT ( 'NONE',  ( 1.570000000000000062, 2.405251729774000147, 3.125825627559000175 ) ) ;
#4540 = ORIENTED_EDGE ( 'NONE', *, *, #8095, .F. ) ;
#4541 = ORIENTED_EDGE ( 'NONE', *, *, #1435, .F. ) ;
#4542 = EDGE_CURVE ( 'NONE', #2735, #2958, #2736, .T. ) ;
#4543 = CARTESIAN_POINT ( 'NONE',  ( 9.840731680114000568, -4.649999999998999378, 1.199999999999000089 ) ) ;
#4544 = LINE ( 'NONE', #8273, #5083 ) ;
#4545 = CARTESIAN_POINT ( 'NONE',  ( -6.899999999999999467, -4.949999999998999201, 1.212771867672999937 ) ) ;
#4546 = LINE ( 'NONE', #3123, #5883 ) ;
#4547 = LINE ( 'NONE', #6998, #4942 ) ;
#4548 = ORIENTED_EDGE ( 'NONE', *, *, #3668, .F. ) ;
#4549 = DIRECTION ( 'NONE',  ( 0.000000000000000000, 1.000000000000000000, 3.491481338843000432E-15 ) ) ;
#4550 = PLANE ( 'NONE',  #2501 ) ;
#4551 = VERTEX_POINT ( 'NONE', #1379 ) ;
#4552 = FACE_OUTER_BOUND ( 'NONE', #6923, .T. ) ;
#4553 = EDGE_CURVE ( 'NONE', #6678, #3580, #6952, .T. ) ;
#4554 = DIRECTION ( 'NONE',  ( -1.000000000000000000, 0.000000000000000000, 0.000000000000000000 ) ) ;
#4555 = CARTESIAN_POINT ( 'NONE',  ( -7.500000000000000000, -5.250000000000000000, 3.999999999998999911 ) ) ;
#4556 = EDGE_CURVE ( 'NONE', #9843, #1190, #376, .T. ) ;
#4557 = CARTESIAN_POINT ( 'NONE',  ( -4.316846170922000958, -4.609415119349999479, 5.499999999999000799 ) ) ;
#4558 = CARTESIAN_POINT ( 'NONE',  ( -0.8749444597340000351, -0.9228880510390000680, 0.2010000000000000120 ) ) ;
#4559 = ORIENTED_EDGE ( 'NONE', *, *, #8885, .T. ) ;
#4560 = CARTESIAN_POINT ( 'NONE',  ( 0.4665377724080000399, -0.8735667273750000739, 0.2000000000000000111 ) ) ;
#4561 = ORIENTED_EDGE ( 'NONE', *, *, #6726, .T. ) ;
#4562 = FACE_OUTER_BOUND ( 'NONE', #1312, .T. ) ;
#4563 = VECTOR ( 'NONE', #6185, 1000.000000000000000 ) ;
#4564 = CARTESIAN_POINT ( 'NONE',  ( -0.5308772368340000103, -1.209006060472999966, 0.2000000000000000111 ) ) ;
#4565 = ORIENTED_EDGE ( 'NONE', *, *, #2802, .T. ) ;
#4566 = CARTESIAN_POINT ( 'NONE',  ( -5.450000000000000178, 1.149999999998999822, 5.500000000000000888 ) ) ;
#4567 = LINE ( 'NONE', #2984, #7659 ) ;
#4568 = DIRECTION ( 'NONE',  ( 0.000000000000000000, -1.000000000000000000, -3.611948246897000020E-15 ) ) ;
#4569 = VECTOR ( 'NONE', #3722, 1000.000000000000000 ) ;
#4570 = VECTOR ( 'NONE', #3241, 1000.000000000000000 ) ;
#4571 = LINE ( 'NONE', #5582, #7299 ) ;
#4572 = ORIENTED_EDGE ( 'NONE', *, *, #6401, .T. ) ;
#4573 = EDGE_CURVE ( 'NONE', #9561, #2425, #5309, .T. ) ;
#4574 = EDGE_CURVE ( 'NONE', #3912, #8009, #6851, .T. ) ;
#4575 = FACE_OUTER_BOUND ( 'NONE', #5583, .T. ) ;
#4576 = VERTEX_POINT ( 'NONE', #3759 ) ;
#4577 = ORIENTED_EDGE ( 'NONE', *, *, #2362, .F. ) ;
#4578 = VECTOR ( 'NONE', #1305, 1000.000000000000000 ) ;
#4579 = VERTEX_POINT ( 'NONE', #8535 ) ;
#4580 = LINE ( 'NONE', #5434, #7079 ) ;
#4581 = CARTESIAN_POINT ( 'NONE',  ( -1.749999999998999911, 2.550000000000000266, 0.9000000000000000222 ) ) ;
#4582 = EDGE_LOOP ( 'NONE', ( #4526, #9235, #9056, #4018 ) ) ;
#4583 = CARTESIAN_POINT ( 'NONE',  ( 0.5527422780699999816, -1.117247807137000004, 0.2010000000000000120 ) ) ;
#4584 = DIRECTION ( 'NONE',  ( 0.000000000000000000, 3.491481338849720344E-15, -1.000000000000000000 ) ) ;
#4585 = LINE ( 'NONE', #7976, #527 ) ;
#4586 = ORIENTED_EDGE ( 'NONE', *, *, #10087, .T. ) ;
#4587 = CIRCLE ( 'NONE', #3237, 0.1000000000000000472 ) ;
#4588 = EDGE_CURVE ( 'NONE', #5244, #7125, #2811, .T. ) ;
#4589 = CARTESIAN_POINT ( 'NONE',  ( -4.331817604383000564, -2.614959526158000092, 2.938182395616000253 ) ) ;
#4591 = ORIENTED_EDGE ( 'NONE', *, *, #9061, .F. ) ;
#4590 = EDGE_LOOP ( 'NONE', ( #8289, #5923, #8360, #3472 ) ) ;
#4592 = LINE ( 'NONE', #5443, #9058 ) ;
#4593 = ORIENTED_EDGE ( 'NONE', *, *, #254, .F. ) ;
#4594 = AXIS2_PLACEMENT_3D ( 'NONE', #233, #1969, #2016 ) ;
#4595 = VECTOR ( 'NONE', #6748, 1000.000000000000000 ) ;
#4596 = ORIENTED_EDGE ( 'NONE', *, *, #1530, .F. ) ;
#4597 = DIRECTION ( 'NONE',  ( 0.000000000000000000, 1.000000000000000000, 3.455341266426000612E-15 ) ) ;
#4598 = CARTESIAN_POINT ( 'NONE',  ( 6.400000000000000355, -4.549999999998999733, 0.000000000000000000 ) ) ;
#4599 = CARTESIAN_POINT ( 'NONE',  ( 1.570000000000000062, 1.550000000000000044, 3.200000000000000178 ) ) ;
#4600 = CARTESIAN_POINT ( 'NONE',  ( 3.429999999998999627, 2.550000000000000266, 0.6999999999999999556 ) ) ;
#4601 = EDGE_CURVE ( 'NONE', #8329, #6883, #9387, .T. ) ;
#4602 = FACE_OUTER_BOUND ( 'NONE', #2392, .T. ) ;
#4603 = EDGE_LOOP ( 'NONE', ( #2231, #7808, #1154, #2831, #1987, #9209, #8215, #3657, #6448, #6926, #2477, #9850, #7091, #3899, #2041, #2100, #2299 ) ) ;
#4604 = VECTOR ( 'NONE', #760, 1000.000000000000000 ) ;
#4605 = AXIS2_PLACEMENT_3D ( 'NONE', #833, #5867, #8891 ) ;
#4606 = CARTESIAN_POINT ( 'NONE',  ( 4.069999999999000195, -3.349999999999000000, 0.000000000000000000 ) ) ;
#4607 = LINE ( 'NONE', #8637, #7420 ) ;
#4608 = EDGE_CURVE ( 'NONE', #9587, #2115, #2173, .T. ) ;
#4609 = ORIENTED_EDGE ( 'NONE', *, *, #6168, .F. ) ;
#4610 = CARTESIAN_POINT ( 'NONE',  ( -3.429999999998999627, 1.665702517779999781, 3.100000000000000533 ) ) ;
#4611 = CARTESIAN_POINT ( 'NONE',  ( -0.5210821964410000673, -0.9911897663640000244, 0.2000000000000000111 ) ) ;
#4612 = VECTOR ( 'NONE', #4638, 1000.000000000000000 ) ;
#4613 = VECTOR ( 'NONE', #7543, 1000.000000000000000 ) ;
#4614 = LINE ( 'NONE', #2280, #2774 ) ;
#4615 = PLANE ( 'NONE',  #8186 ) ;
#4616 = CARTESIAN_POINT ( 'NONE',  ( -3.429999999998999627, 2.550000000000000266, 0.6400000000000000133 ) ) ;
#4617 = EDGE_LOOP ( 'NONE', ( #828, #8516, #5426, #2616 ) ) ;
#4618 = CARTESIAN_POINT ( 'NONE',  ( 3.250000000000000000, 1.550000000000000044, 0.2000000000010000167 ) ) ;
#4619 = ORIENTED_EDGE ( 'NONE', *, *, #2312, .F. ) ;
#4620 = DIRECTION ( 'NONE',  ( 0.3222024856060888842, -0.9466707760722616882, -3.293349103869908952E-15 ) ) ;
#4621 = ADVANCED_FACE ( 'NONE', ( #5410 ), #3179, .F. ) ;
#4622 = VECTOR ( 'NONE', #8258, 1000.000000000000000 ) ;
#4623 = CARTESIAN_POINT ( 'NONE',  ( -6.400000000000000355, -4.949999999998999201, 0.000000000000000000 ) ) ;
#4624 = AXIS2_PLACEMENT_3D ( 'NONE', #9499, #4680, #656 ) ;
#4625 = CARTESIAN_POINT ( 'NONE',  ( -0.4072634052289999529, -1.357910715326999807, 0.2000000000000000111 ) ) ;
#4626 = CARTESIAN_POINT ( 'NONE',  ( -2.100000000000000089, 1.149999999999999911, 2.700000000000000178 ) ) ;
#4627 = CARTESIAN_POINT ( 'NONE',  ( -4.069999999999000195, 2.550000000000000266, 0.6400000000000000133 ) ) ;
#4628 = CARTESIAN_POINT ( 'NONE',  ( 0.8515227658750000872, -1.307034392503000131, 0.2010000000000000120 ) ) ;
#4629 = ORIENTED_EDGE ( 'NONE', *, *, #9662, .T. ) ;
#4630 = VECTOR ( 'NONE', #8262, 1000.000000000000000 ) ;
#4631 = CARTESIAN_POINT ( 'NONE',  ( 0.3597146709290000022, -0.8558565525260000140, 0.2010000000000000120 ) ) ;
#4632 = ORIENTED_EDGE ( 'NONE', *, *, #1177, .T. ) ;
#4633 = ORIENTED_EDGE ( 'NONE', *, *, #6179, .F. ) ;
#4634 = ORIENTED_EDGE ( 'NONE', *, *, #4712, .F. ) ;
#4635 = FACE_OUTER_BOUND ( 'NONE', #1302, .T. ) ;
#4636 = AXIS2_PLACEMENT_3D ( 'NONE', #4555, #7791, #533 ) ;
#4637 = VERTEX_POINT ( 'NONE', #6413 ) ;
#4638 = DIRECTION ( 'NONE',  ( 0.000000000000000000, 3.491481338843000432E-15, -1.000000000000000000 ) ) ;
#4639 = DIRECTION ( 'NONE',  ( 0.000000000000000000, -3.491481338843000432E-15, 1.000000000000000000 ) ) ;
#4640 = CARTESIAN_POINT ( 'NONE',  ( 4.549999999999999822, -4.109415119350000367, 5.499999999999000799 ) ) ;
#4641 = EDGE_LOOP ( 'NONE', ( #3100, #4842, #9215, #10066 ) ) ;
#4642 = CARTESIAN_POINT ( 'NONE',  ( -0.4824478657879999743, -0.8873017107790001079, 0.2010000000000000120 ) ) ;
#4644 = EDGE_CURVE ( 'NONE', #7600, #10254, #2468, .T. ) ;
#4643 = ORIENTED_EDGE ( 'NONE', *, *, #10373, .T. ) ;
#4645 = AXIS2_PLACEMENT_3D ( 'NONE', #6738, #6038, #9268 ) ;
#4646 = LINE ( 'NONE', #4807, #3464 ) ;
#4647 = VECTOR ( 'NONE', #3265, 1000.000000000000000 ) ;
#4648 = FACE_OUTER_BOUND ( 'NONE', #5184, .T. ) ;
#4649 = EDGE_CURVE ( 'NONE', #1190, #778, #640, .T. ) ;
#4650 = EDGE_LOOP ( 'NONE', ( #2959, #5898, #890, #5274, #1030, #6586, #1466, #6054, #6596, #6572, #7770, #9471 ) ) ;
#4651 = ADVANCED_FACE ( 'NONE', ( #6366 ), #3817, .T. ) ;
#4652 = CARTESIAN_POINT ( 'NONE',  ( 6.400000000000000355, -3.149999999998999822, -2.061552812807999846 ) ) ;
#4653 = CARTESIAN_POINT ( 'NONE',  ( -6.649999999999999467, -2.849999999999000000, 1.199999999999000089 ) ) ;
#4654 = CARTESIAN_POINT ( 'NONE',  ( -9.840731680114000568, -4.649999999998999378, 1.199999999999000089 ) ) ;
#4655 = LINE ( 'NONE', #7991, #5709 ) ;
#4656 = CARTESIAN_POINT ( 'NONE',  ( 0.8515227658750000872, -0.8619124412830000415, 0.2000000000000000111 ) ) ;
#4657 = VECTOR ( 'NONE', #2022, 1000.000000000000000 ) ;
#4658 = ORIENTED_EDGE ( 'NONE', *, *, #7850, .F. ) ;
#4659 = CARTESIAN_POINT ( 'NONE',  ( -7.499999999998999911, -2.849999999999000000, 1.199999999999000089 ) ) ;
#4660 = DIRECTION ( 'NONE',  ( 0.000000000000000000, 3.491481338843000432E-15, -1.000000000000000000 ) ) ;
#4661 = ORIENTED_EDGE ( 'NONE', *, *, #6570, .F. ) ;
#4662 = CARTESIAN_POINT ( 'NONE',  ( 0.2863546180459999868, -0.8633246521139998908, 0.2000000000000000111 ) ) ;
#4663 = VECTOR ( 'NONE', #10247, 1000.000000000000000 ) ;
#4664 = CARTESIAN_POINT ( 'NONE',  ( -0.4685282790539999631, -0.9433563533119999622, 0.2000000000000000111 ) ) ;
#4665 = DIRECTION ( 'NONE',  ( 1.000000000000000000, 0.000000000000000000, 0.000000000000000000 ) ) ;
#4666 = DIRECTION ( 'NONE',  ( 0.000000000000000000, 1.000000000000000000, 0.000000000000000000 ) ) ;
#4667 = EDGE_CURVE ( 'NONE', #6601, #7190, #7060, .T. ) ;
#4668 = CARTESIAN_POINT ( 'NONE',  ( -0.8693306907360000002, -0.9507438702669999131, 0.2010000000000000120 ) ) ;
#4669 = ORIENTED_EDGE ( 'NONE', *, *, #8526, .T. ) ;
#4670 = CARTESIAN_POINT ( 'NONE',  ( 0.6022706767100000080, -1.013427751322000026, 0.2000000000000000111 ) ) ;
#4671 = ORIENTED_EDGE ( 'NONE', *, *, #8660, .T. ) ;
#4672 = ADVANCED_FACE ( 'NONE', ( #7215 ), #10279, .T. ) ;
#4673 = DIRECTION ( 'NONE',  ( 0.000000000000000000, 1.000000000000000000, 0.000000000000000000 ) ) ;
#4674 = CARTESIAN_POINT ( 'NONE',  ( 4.599999999998999556, 1.149999999998999822, 5.500000000000000888 ) ) ;
#4675 = FACE_OUTER_BOUND ( 'NONE', #4042, .T. ) ;
#4676 = VECTOR ( 'NONE', #5732, 1000.000000000000000 ) ;
#4677 = ADVANCED_FACE ( 'NONE', ( #3023 ), #6258, .F. ) ;
#4678 = CARTESIAN_POINT ( 'NONE',  ( -0.6079984304880000634, -1.186194344937000045, 0.2010000000000000120 ) ) ;
#4679 = DIRECTION ( 'NONE',  ( 0.000000000000000000, 1.000000000000000000, 3.523657060595514930E-15 ) ) ;
#4680 = DIRECTION ( 'NONE',  ( 0.000000000000000000, -1.000000000000000000, -3.491481338843000432E-15 ) ) ;
#4681 = CARTESIAN_POINT ( 'NONE',  ( -0.9299999999989999599, 2.405251729774000147, 3.125825627559000175 ) ) ;
#4682 = ADVANCED_FACE ( 'NONE', ( #5672 ), #10006, .T. ) ;
#4683 = VERTEX_POINT ( 'NONE', #8311 ) ;
#4684 = DIRECTION ( 'NONE',  ( 0.000000000000000000, 1.000000000000000000, 3.584412953627000671E-15 ) ) ;
#4685 = EDGE_LOOP ( 'NONE', ( #683, #9812, #2972, #10327 ) ) ;
#4686 = ORIENTED_EDGE ( 'NONE', *, *, #9630, .T. ) ;
#4687 = EDGE_CURVE ( 'NONE', #4380, #7600, #4368, .T. ) ;
#4688 = ORIENTED_EDGE ( 'NONE', *, *, #2718, .T. ) ;
#4689 = AXIS2_PLACEMENT_3D ( 'NONE', #878, #8294, #4267 ) ;
#4690 = DIRECTION ( 'NONE',  ( 0.000000000000000000, 1.000000000000000000, 3.491481338843000432E-15 ) ) ;
#4691 = VERTEX_POINT ( 'NONE', #6631 ) ;
#4692 = ADVANCED_FACE ( 'NONE', ( #5931 ), #9797, .F. ) ;
#4693 = CARTESIAN_POINT ( 'NONE',  ( 4.250000000000000000, 1.850000000000000089, 0.9000000000000000222 ) ) ;
#4694 = CARTESIAN_POINT ( 'NONE',  ( 4.069999999999000195, 1.850426421085999973, 0.6755703523079999995 ) ) ;
#4695 = DIRECTION ( 'NONE',  ( 0.000000000000000000, 1.000000000000000000, 3.614007241618338910E-15 ) ) ;
#4696 = PRODUCT_DEFINITION ( 'æœ', '', #8410, #129 ) ;
#4697 = ORIENTED_EDGE ( 'NONE', *, *, #6299, .T. ) ;
#4698 = VECTOR ( 'NONE', #4044, 1000.000000000000000 ) ;
#4699 = LINE ( 'NONE', #2356, #7959 ) ;
#4700 = ORIENTED_EDGE ( 'NONE', *, *, #4813, .T. ) ;
#4701 = DIRECTION ( 'NONE',  ( 0.000000000000000000, 1.000000000000000000, 3.614007241618003644E-15 ) ) ;
#4702 = CARTESIAN_POINT ( 'NONE',  ( 1.570000000000000062, -3.334297482219000575, 3.199999999999000089 ) ) ;
#4703 = ORIENTED_EDGE ( 'NONE', *, *, #8885, .F. ) ;
#4704 = EDGE_CURVE ( 'NONE', #1514, #452, #9851, .T. ) ;
#4705 = FACE_OUTER_BOUND ( 'NONE', #2249, .T. ) ;
#4706 = FACE_OUTER_BOUND ( 'NONE', #4617, .T. ) ;
#4707 = LINE ( 'NONE', #3748, #7509 ) ;
#4708 = VECTOR ( 'NONE', #1117, 1000.000000000000114 ) ;
#4709 = CARTESIAN_POINT ( 'NONE',  ( 1.570000000000000062, 4.750000000000000000, 0.6400000000000000133 ) ) ;
#4710 = DIRECTION ( 'NONE',  ( -1.000000000000000000, 0.000000000000000000, 0.000000000000000000 ) ) ;
#4711 = ORIENTED_EDGE ( 'NONE', *, *, #6262, .T. ) ;
#4712 = EDGE_CURVE ( 'NONE', #2248, #2355, #843, .T. ) ;
#4713 = CARTESIAN_POINT ( 'NONE',  ( 9.840731680114000568, -4.649999999998999378, 2.699999999999000089 ) ) ;
#4714 = EDGE_CURVE ( 'NONE', #9607, #9311, #2592, .T. ) ;
#4715 = CARTESIAN_POINT ( 'NONE',  ( -1.750000000000000000, 1.850000000000000089, 0.9000000000000000222 ) ) ;
#4716 = VERTEX_POINT ( 'NONE', #216 ) ;
#4717 = CARTESIAN_POINT ( 'NONE',  ( -0.4835267762800000146, -0.9531472383879999732, 0.2000000000000000111 ) ) ;
#4718 = CARTESIAN_POINT ( 'NONE',  ( 6.400000000000000355, -4.426902229001999700, 0.08571428571500003257 ) ) ;
#4719 = CARTESIAN_POINT ( 'NONE',  ( 4.069999999999000195, 4.750000000000000000, 0.6999999999999999556 ) ) ;
#4720 = FACE_OUTER_BOUND ( 'NONE', #8472, .T. ) ;
#4721 = ORIENTED_EDGE ( 'NONE', *, *, #2047, .T. ) ;
#4722 = CARTESIAN_POINT ( 'NONE',  ( 0.3745586897259999826, -0.8560249928140000186, 0.2000000000000000111 ) ) ;
#4723 = ORIENTED_EDGE ( 'NONE', *, *, #8218, .F. ) ;
#4724 = CARTESIAN_POINT ( 'NONE',  ( 0.3761988329479999393, -1.313131953477999936, 0.2010000000000000120 ) ) ;
#4725 = FACE_BOUND ( 'NONE', #7011, .T. ) ;
#4726 = FACE_OUTER_BOUND ( 'NONE', #10058, .T. ) ;
#4727 = CARTESIAN_POINT ( 'NONE',  ( -0.5763819766710001069, -1.254261863543000066, 0.2010000000000000120 ) ) ;
#4728 = LINE ( 'NONE', #5480, #5075 ) ;
#4729 = FACE_OUTER_BOUND ( 'NONE', #10099, .T. ) ;
#4730 = DIRECTION ( 'NONE',  ( -1.000000000000000000, 0.000000000000000000, 0.000000000000000000 ) ) ;
#4731 = EDGE_LOOP ( 'NONE', ( #9986, #403, #6665, #1827, #4113, #8350, #9081, #6310, #5697, #7159 ) ) ;
#4732 = EDGE_CURVE ( 'NONE', #3047, #6033, #6685, .T. ) ;
#4733 = CARTESIAN_POINT ( 'NONE',  ( 0.7500000000000000000, -5.249999999998999911, 0.2000000000000000111 ) ) ;
#4734 = VERTEX_POINT ( 'NONE', #55 ) ;
#4735 = ORIENTED_EDGE ( 'NONE', *, *, #6598, .F. ) ;
#4736 = LINE ( 'NONE', #9457, #4356 ) ;
#4737 = VECTOR ( 'NONE', #8877, 1000.000000000000000 ) ;
#4738 = ORIENTED_EDGE ( 'NONE', *, *, #8594, .T. ) ;
#4739 = AXIS2_PLACEMENT_3D ( 'NONE', #4001, #9466, #5597 ) ;
#4740 = CARTESIAN_POINT ( 'NONE',  ( 0.3649564548990000268, -0.9106929290880000361, 0.2000000000000000111 ) ) ;
#4741 = FACE_OUTER_BOUND ( 'NONE', #573, .T. ) ;
#4742 = DIRECTION ( 'NONE',  ( 0.000000000000000000, -1.000000000000000000, -3.491481338843000432E-15 ) ) ;
#4743 = ORIENTED_EDGE ( 'NONE', *, *, #7047, .F. ) ;
#4744 = CARTESIAN_POINT ( 'NONE',  ( -0.9299999999989999599, 2.490036550378000424, 0.6979060301970000380 ) ) ;
#4745 = ORIENTED_EDGE ( 'NONE', *, *, #9860, .T. ) ;
#4746 = VECTOR ( 'NONE', #4753, 1000.000000000000000 ) ;
#4747 = ADVANCED_FACE ( 'NONE', ( #2480 ), #8100, .F. ) ;
#4748 = DIRECTION ( 'NONE',  ( 0.000000000000000000, -1.000000000000000000, -3.491481338843000432E-15 ) ) ;
#4749 = ORIENTED_EDGE ( 'NONE', *, *, #8290, .T. ) ;
#4750 = ORIENTED_EDGE ( 'NONE', *, *, #4767, .F. ) ;
#4751 = DIRECTION ( 'NONE',  ( 1.000000000000000000, 0.000000000000000000, 0.000000000000000000 ) ) ;
#4752 = AXIS2_PLACEMENT_3D ( 'NONE', #566, #2256, #7877 ) ;
#4753 = DIRECTION ( 'NONE',  ( 1.000000000000000000, 0.000000000000000000, 0.000000000000000000 ) ) ;
#4754 = CARTESIAN_POINT ( 'NONE',  ( -9.840731680114000568, -2.849999999999000000, 1.199999999999000089 ) ) ;
#4755 = LINE ( 'NONE', #3015, #3844 ) ;
#4756 = DIRECTION ( 'NONE',  ( -1.000000000000000000, 0.000000000000000000, 0.000000000000000000 ) ) ;
#4757 = EDGE_LOOP ( 'NONE', ( #10181, #1254, #9062, #9112 ) ) ;
#4758 = CARTESIAN_POINT ( 'NONE',  ( -0.4816610941129999546, -1.334989255760999916, 0.2010000000000000120 ) ) ;
#4759 = VECTOR ( 'NONE', #2815, 1000.000000000000000 ) ;
#4760 = VECTOR ( 'NONE', #4499, 1000.000000000000000 ) ;
#4761 = CARTESIAN_POINT ( 'NONE',  ( 1.570000000000000062, 2.550000000000000266, 0.6400000000000000133 ) ) ;
#4762 = ORIENTED_EDGE ( 'NONE', *, *, #1563, .T. ) ;
#4763 = CARTESIAN_POINT ( 'NONE',  ( -0.8435991853430000464, -0.8619124412830000415, 0.2000000000000000111 ) ) ;
#4764 = ORIENTED_EDGE ( 'NONE', *, *, #2108, .T. ) ;
#4765 = DIRECTION ( 'NONE',  ( -0.000000000000000000, 0.9993908270191130816, 0.03489949670200395010 ) ) ;
#4766 = CARTESIAN_POINT ( 'NONE',  ( 0.000000000000000000, 0.9499999999999999556, 3.200000000000000178 ) ) ;
#4767 = EDGE_CURVE ( 'NONE', #2848, #9014, #9951, .T. ) ;
#4768 = DIRECTION ( 'NONE',  ( 0.000000000000000000, 0.000000000000000000, 1.000000000000000000 ) ) ;
#4769 = AXIS2_PLACEMENT_3D ( 'NONE', #5122, #5916, #988 ) ;
#4770 = AXIS2_PLACEMENT_3D ( 'NONE', #2054, #5295, #3746 ) ;
#4771 = DIRECTION ( 'NONE',  ( 0.000000000000000000, 1.000000000000000000, 3.491481338843000432E-15 ) ) ;
#4772 = DIRECTION ( 'NONE',  ( 1.000000000000000000, 0.000000000000000000, 0.000000000000000000 ) ) ;
#4773 = ORIENTED_EDGE ( 'NONE', *, *, #3703, .T. ) ;
#4774 = CARTESIAN_POINT ( 'NONE',  ( 0.2525559246769999988, -1.338587431972000141, 0.2010000000000000120 ) ) ;
#4775 = VERTEX_POINT ( 'NONE', #7367 ) ;
#4776 = CARTESIAN_POINT ( 'NONE',  ( 3.423716377494000263, 4.732735889054000111, 0.6462836225050000438 ) ) ;
#4777 = PLANE ( 'NONE',  #473 ) ;
#4778 = CARTESIAN_POINT ( 'NONE',  ( -0.5038136827429998688, -1.322972092929999954, 0.2000000000000000111 ) ) ;
#4779 = AXIS2_PLACEMENT_3D ( 'NONE', #7037, #667, #6284 ) ;
#4780 = VECTOR ( 'NONE', #3875, 1000.000000000000000 ) ;
#4781 = VECTOR ( 'NONE', #1855, 1000.000000000000000 ) ;
#4782 = DIRECTION ( 'NONE',  ( 0.000000000000000000, 3.491481338843000432E-15, -1.000000000000000000 ) ) ;
#4783 = EDGE_CURVE ( 'NONE', #8840, #1248, #5776, .T. ) ;
#4784 = ADVANCED_FACE ( 'NONE', ( #5035 ), #108, .F. ) ;
#4785 = EDGE_CURVE ( 'NONE', #9379, #4159, #9680, .T. ) ;
#4786 = CYLINDRICAL_SURFACE ( 'NONE', #10370, 0.1999999999989995891 ) ;
#4787 = CARTESIAN_POINT ( 'NONE',  ( -0.2826235755870000199, -1.307034392503000131, 0.2010000000000000120 ) ) ;
#4788 = DIRECTION ( 'NONE',  ( 0.000000000000000000, 1.000000000000000000, 0.000000000000000000 ) ) ;
#4789 = DIRECTION ( 'NONE',  ( -1.000000000000000000, 0.000000000000000000, 0.000000000000000000 ) ) ;
#4790 = EDGE_LOOP ( 'NONE', ( #347, #5921, #3680, #7564, #1899, #8382, #5671, #4097 ) ) ;
#4791 = VECTOR ( 'NONE', #9063, 1000.000000000000000 ) ;
#4792 = CARTESIAN_POINT ( 'NONE',  ( -4.069999999999000195, -3.334297482219000575, 0.6999999999990000887 ) ) ;
#4793 = ORIENTED_EDGE ( 'NONE', *, *, #2369, .T. ) ;
#4794 = VERTEX_POINT ( 'NONE', #8576 ) ;
#4795 = CARTESIAN_POINT ( 'NONE',  ( -3.149999999998999822, -1.750000000000000000, 6.199999999999000089 ) ) ;
#4796 = EDGE_LOOP ( 'NONE', ( #10462, #3113, #6936, #2298 ) ) ;
#4797 = DIRECTION ( 'NONE',  ( 0.000000000000000000, -1.000000000000000000, -2.168404344981855311E-15 ) ) ;
#4798 = PLANE ( 'NONE',  #5924 ) ;
#4799 = AXIS2_PLACEMENT_3D ( 'NONE', #835, #1738, #8200 ) ;
#4800 = CARTESIAN_POINT ( 'NONE',  ( 0.3185728446969999794, -0.9149592832640000006, 0.2000000000000000111 ) ) ;
#4801 = VERTEX_POINT ( 'NONE', #4389 ) ;
#4802 = EDGE_CURVE ( 'NONE', #1671, #3586, #1394, .T. ) ;
#4803 = DIRECTION ( 'NONE',  ( 0.000000000000000000, 1.000000000000000000, 3.516331370228009829E-15 ) ) ;
#4804 = EDGE_LOOP ( 'NONE', ( #1200, #9661, #8465, #8513 ) ) ;
#4805 = ADVANCED_FACE ( 'NONE', ( #1955 ), #10106, .F. ) ;
#4806 = CIRCLE ( 'NONE', #4118, 0.2000000000000000944 ) ;
#4807 = CARTESIAN_POINT ( 'NONE',  ( 0.6681823956159999023, -2.614959526158000092, 2.938182395616000253 ) ) ;
#4808 = ORIENTED_EDGE ( 'NONE', *, *, #5812, .F. ) ;
#4809 = VERTEX_POINT ( 'NONE', #7724 ) ;
#4810 = CARTESIAN_POINT ( 'NONE',  ( 6.400000000000000355, -5.149999999999000266, 1.212771867672999937 ) ) ;
#4811 = CARTESIAN_POINT ( 'NONE',  ( 0.4872170650739999775, -0.9532843719080000833, 0.2000000000000000111 ) ) ;
#4812 = CARTESIAN_POINT ( 'NONE',  ( 0.08323008294800000872, -1.081424636404999973, 0.2010000000000000120 ) ) ;
#4813 = EDGE_CURVE ( 'NONE', #5219, #3836, #4438, .T. ) ;
#4814 = EDGE_CURVE ( 'NONE', #4794, #7718, #5986, .T. ) ;
#4815 = VECTOR ( 'NONE', #2975, 1000.000000000000114 ) ;
#4816 = DIRECTION ( 'NONE',  ( 0.000000000000000000, 0.000000000000000000, 1.000000000000000000 ) ) ;
#4817 = EDGE_LOOP ( 'NONE', ( #1519, #4874, #6459, #10483 ) ) ;
#4818 = ADVANCED_FACE ( 'NONE', ( #8522 ), #6086, .T. ) ;
#4819 = VECTOR ( 'NONE', #3956, 1000.000000000000000 ) ;
#4820 = CARTESIAN_POINT ( 'NONE',  ( -7.500000000000000000, -5.250000000000000000, 3.999999999998999911 ) ) ;
#4821 = EDGE_CURVE ( 'NONE', #1267, #4691, #470, .T. ) ;
#4822 = ORIENTED_EDGE ( 'NONE', *, *, #8642, .T. ) ;
#4823 = LINE ( 'NONE', #3865, #8004 ) ;
#4824 = VERTEX_POINT ( 'NONE', #9373 ) ;
#4825 = DIRECTION ( 'NONE',  ( 1.000000000000000000, 0.000000000000000000, 0.000000000000000000 ) ) ;
#4826 = CARTESIAN_POINT ( 'NONE',  ( 9.840731680114000568, -2.849999999999000000, 0.2000000000000000111 ) ) ;
#4827 = EDGE_CURVE ( 'NONE', #2313, #2947, #8366, .T. ) ;
#4828 = FACE_OUTER_BOUND ( 'NONE', #8669, .T. ) ;
#4829 = LINE ( 'NONE', #8853, #7137 ) ;
#4830 = ORIENTED_EDGE ( 'NONE', *, *, #4508, .T. ) ;
#4831 = CARTESIAN_POINT ( 'NONE',  ( -1.570000000000000062, 5.250000000000000000, 0.1819851171340000351 ) ) ;
#4832 = ORIENTED_EDGE ( 'NONE', *, *, #3103, .F. ) ;
#4833 = CARTESIAN_POINT ( 'NONE',  ( -0.7923415633920000145, -1.166790490064000041, 0.2000000000000000111 ) ) ;
#4834 = DIRECTION ( 'NONE',  ( 0.000000000000000000, -1.000000000000000000, -3.491481338843000432E-15 ) ) ;
#4835 = DIRECTION ( 'NONE',  ( 0.000000000000000000, -1.000000000000000000, -3.491481338843000432E-15 ) ) ;
#4836 = LINE ( 'NONE', #8063, #375 ) ;
#4837 = LINE ( 'NONE', #7486, #5160 ) ;
#4838 = EDGE_CURVE ( 'NONE', #4133, #3178, #3589, .T. ) ;
#4839 = LINE ( 'NONE', #2342, #8978 ) ;
#4840 = CARTESIAN_POINT ( 'NONE',  ( -3.149999999998999822, -5.250000000000000000, 5.499999999999000799 ) ) ;
#4841 = CARTESIAN_POINT ( 'NONE',  ( -4.249999999998999911, 2.550000000000000266, 0.9000000000000000222 ) ) ;
#4842 = ORIENTED_EDGE ( 'NONE', *, *, #8301, .F. ) ;
#4843 = CARTESIAN_POINT ( 'NONE',  ( -0.6999999999990000887, 0.9499999999999999556, 0.9000000000000000222 ) ) ;
#4844 = ADVANCED_FACE ( 'NONE', ( #2105 ), #9217, .T. ) ;
#4845 = ORIENTED_EDGE ( 'NONE', *, *, #5225, .T. ) ;
#4846 = VECTOR ( 'NONE', #2379, 1000.000000000000000 ) ;
#4847 = ADVANCED_FACE ( 'NONE', ( #424 ), #9316, .T. ) ;
#4848 = ORIENTED_EDGE ( 'NONE', *, *, #4453, .T. ) ;
#4849 = LINE ( 'NONE', #9718, #2158 ) ;
#4850 = ORIENTED_EDGE ( 'NONE', *, *, #6068, .T. ) ;
#4851 = CARTESIAN_POINT ( 'NONE',  ( 6.400000000000000355, -5.149999999999000266, 1.499999999998999911 ) ) ;
#4852 = CARTESIAN_POINT ( 'NONE',  ( -0.6179894292460000882, -1.105624331527000015, 0.2010000000000000120 ) ) ;
#4853 = CARTESIAN_POINT ( 'NONE',  ( 5.450000000000000178, -2.250000000000000000, 3.999999999998999911 ) ) ;
#4854 = ORIENTED_EDGE ( 'NONE', *, *, #7504, .F. ) ;
#4855 = CARTESIAN_POINT ( 'NONE',  ( 6.150000000000000355, 2.549999999998999733, 3.700000000000000178 ) ) ;
#4856 = ORIENTED_EDGE ( 'NONE', *, *, #7823, .F. ) ;
#4857 = DIRECTION ( 'NONE',  ( -0.9396926207860170077, -0.3420201433253705070, -1.194156947931292167E-15 ) ) ;
#4858 = CARTESIAN_POINT ( 'NONE',  ( -0.3536029963189999403, -1.307034392503000131, 0.2010000000000000120 ) ) ;
#4859 = DIRECTION ( 'NONE',  ( 0.000000000000000000, -0.3420201433253705070, -0.9396926207860170077 ) ) ;
#4860 = ORIENTED_EDGE ( 'NONE', *, *, #633, .T. ) ;
#4861 = DIRECTION ( 'NONE',  ( 0.000000000000000000, 1.000000000000000000, 3.599901556091000645E-15 ) ) ;
#4862 = LINE ( 'NONE', #9580, #4746 ) ;
#4863 = FACE_OUTER_BOUND ( 'NONE', #10208, .T. ) ;
#4864 = EDGE_CURVE ( 'NONE', #9370, #1188, #2748, .T. ) ;
#4865 = LINE ( 'NONE', #886, #8589 ) ;
#4866 = VERTEX_POINT ( 'NONE', #6783 ) ;
#4867 = VECTOR ( 'NONE', #3234, 1000.000000000000000 ) ;
#4868 = EDGE_CURVE ( 'NONE', #4524, #1034, #8467, .T. ) ;
#4869 = ORIENTED_EDGE ( 'NONE', *, *, #4601, .T. ) ;
#4870 = CIRCLE ( 'NONE', #6902, 0.1999999999989995891 ) ;
#4871 = DIRECTION ( 'NONE',  ( 0.000000000000000000, 1.000000000000000000, 3.491481338843000432E-15 ) ) ;
#4872 = VECTOR ( 'NONE', #3105, 1000.000000000000000 ) ;
#4873 = ADVANCED_FACE ( 'NONE', ( #3641 ), #6890, .T. ) ;
#4874 = ORIENTED_EDGE ( 'NONE', *, *, #6831, .F. ) ;
#4875 = DIRECTION ( 'NONE',  ( 1.000000000000000000, 0.000000000000000000, 0.000000000000000000 ) ) ;
#4876 = ORIENTED_EDGE ( 'NONE', *, *, #7883, .F. ) ;
#4877 = CARTESIAN_POINT ( 'NONE',  ( -0.3611367807049999934, -1.306871538043999914, 0.2000000000000000111 ) ) ;
#4878 = VECTOR ( 'NONE', #7998, 1000.000000000000000 ) ;
#4879 = DIRECTION ( 'NONE',  ( 0.000000000000000000, -1.000000000000000000, -3.491481338843000432E-15 ) ) ;
#4880 = FACE_OUTER_BOUND ( 'NONE', #441, .T. ) ;
#4881 = FACE_OUTER_BOUND ( 'NONE', #10352, .T. ) ;
#4882 = VERTEX_POINT ( 'NONE', #1268 ) ;
#4883 = CARTESIAN_POINT ( 'NONE',  ( 3.200000000000000178, 1.149999999999999911, 0.9000000000000000222 ) ) ;
#4884 = ORIENTED_EDGE ( 'NONE', *, *, #9332, .T. ) ;
#4885 = LINE ( 'NONE', #8806, #5805 ) ;
#4886 = CARTESIAN_POINT ( 'NONE',  ( -0.2155504048559999941, -1.361912441282999930, 0.2000000000000000111 ) ) ;
#4887 = EDGE_CURVE ( 'NONE', #4919, #8140, #6994, .T. ) ;
#4888 = DIRECTION ( 'NONE',  ( 1.259494966661320136E-15, 0.000000000000000000, 1.000000000000000000 ) ) ;
#4889 = LINE ( 'NONE', #4033, #879 ) ;
#4890 = CARTESIAN_POINT ( 'NONE',  ( -0.5437018679519999287, -0.9277788850829999934, 0.2010000000000000120 ) ) ;
#4891 = FACE_OUTER_BOUND ( 'NONE', #5277, .T. ) ;
#4892 = DIRECTION ( 'NONE',  ( 0.000000000000000000, 3.491481338843000432E-15, -1.000000000000000000 ) ) ;
#4893 = LINE ( 'NONE', #3195, #10174 ) ;
#4894 = ORIENTED_EDGE ( 'NONE', *, *, #4785, .F. ) ;
#4895 = CARTESIAN_POINT ( 'NONE',  ( 2.100000000000000089, 1.149999999999999911, 2.700000000000000178 ) ) ;
#4896 = EDGE_LOOP ( 'NONE', ( #731, #5307, #10179, #9775 ) ) ;
#4897 = UNCERTAINTY_MEASURE_WITH_UNIT (LENGTH_MEASURE( 1.000000000000000082E-05 ), #3373, 'distance_accuracy_value', 'NONE');
#4898 = VECTOR ( 'NONE', #5270, 1000.000000000000000 ) ;
#4899 = ORIENTED_EDGE ( 'NONE', *, *, #3128, .F. ) ;
#4900 = DIRECTION ( 'NONE',  ( 1.000000000000000000, 0.000000000000000000, 0.000000000000000000 ) ) ;
#4901 = DIRECTION ( 'NONE',  ( -1.000000000000000000, 0.000000000000000000, 0.000000000000000000 ) ) ;
#4902 = DIRECTION ( 'NONE',  ( -1.000000000000000000, 0.000000000000000000, 0.000000000000000000 ) ) ;
#4903 = EDGE_CURVE ( 'NONE', #2313, #1695, #4333, .T. ) ;
#4904 = CARTESIAN_POINT ( 'NONE',  ( -0.7500000000000000000, 2.550000000000000266, 0.1000000000010000528 ) ) ;
#4905 = EDGE_CURVE ( 'NONE', #4049, #1151, #5140, .T. ) ;
#4906 = ORIENTED_EDGE ( 'NONE', *, *, #3672, .F. ) ;
#4907 = CARTESIAN_POINT ( 'NONE',  ( 3.250000000000000000, -5.249999999998999911, 0.2000000000000000111 ) ) ;
#4908 = ORIENTED_EDGE ( 'NONE', *, *, #593, .F. ) ;
#4909 = VECTOR ( 'NONE', #2293, 1000.000000000000114 ) ;
#4910 = CARTESIAN_POINT ( 'NONE',  ( 0.9300000000000000488, -3.334297482219000575, 0.6999999999990000887 ) ) ;
#4911 = DIRECTION ( 'NONE',  ( 0.000000000000000000, -3.491481338843000432E-15, 1.000000000000000000 ) ) ;
#4912 = CARTESIAN_POINT ( 'NONE',  ( -0.4363117135350000342, -1.294304394811999881, 0.2010000000000000120 ) ) ;
#4913 = ORIENTED_EDGE ( 'NONE', *, *, #143, .F. ) ;
#4914 = FACE_OUTER_BOUND ( 'NONE', #4531, .T. ) ;
#4915 = DIRECTION ( 'NONE',  ( 0.000000000000000000, -1.000000000000000000, -3.491481338843000432E-15 ) ) ;
#4916 = DIRECTION ( 'NONE',  ( 0.000000000000000000, 1.000000000000000000, 3.491481338843000432E-15 ) ) ;
#4917 = EDGE_CURVE ( 'NONE', #5244, #5852, #6353, .T. ) ;
#4918 = VECTOR ( 'NONE', #2521, 1000.000000000000000 ) ;
#4919 = VERTEX_POINT ( 'NONE', #1364 ) ;
#4920 = VERTEX_POINT ( 'NONE', #10477 ) ;
#4921 = DIRECTION ( 'NONE',  ( -1.000000000000000000, 0.000000000000000000, 0.000000000000000000 ) ) ;
#4922 = ORIENTED_EDGE ( 'NONE', *, *, #272, .T. ) ;
#4923 = PLANE ( 'NONE',  #729 ) ;
#4924 = VECTOR ( 'NONE', #2305, 1000.000000000000000 ) ;
#4925 = EDGE_LOOP ( 'NONE', ( #6056, #8209, #2884, #3538 ) ) ;
#4926 = CARTESIAN_POINT ( 'NONE',  ( -0.3536029963189999403, -1.307034392503000131, 0.2000000000000000111 ) ) ;
#4927 = ADVANCED_FACE ( 'NONE', ( #3118 ), #5553, .T. ) ;
#4928 = CARTESIAN_POINT ( 'NONE',  ( -6.899999999999999467, -4.949999999998999201, 0.000000000000000000 ) ) ;
#4929 = PLANE ( 'NONE',  #1590 ) ;
#4930 = LINE ( 'NONE', #4130, #1217 ) ;
#4931 = VERTEX_POINT ( 'NONE', #4810 ) ;
#4932 = LINE ( 'NONE', #1645, #4676 ) ;
#4933 = ORIENTED_EDGE ( 'NONE', *, *, #4150, .T. ) ;
#4934 = VECTOR ( 'NONE', #6798, 1000.000000000000000 ) ;
#4935 = VECTOR ( 'NONE', #10230, 1000.000000000000000 ) ;
#4936 = EDGE_CURVE ( 'NONE', #215, #1720, #3805, .T. ) ;
#4937 = PLANE ( 'NONE',  #4959 ) ;
#4938 = DIRECTION ( 'NONE',  ( 1.000000000000000000, 0.000000000000000000, 0.000000000000000000 ) ) ;
#4939 = EDGE_CURVE ( 'NONE', #6382, #8840, #9526, .T. ) ;
#4940 = DIRECTION ( 'NONE',  ( 1.000000000000000000, 0.000000000000000000, 0.000000000000000000 ) ) ;
#4941 = CARTESIAN_POINT ( 'NONE',  ( 5.450000000000000178, 2.550000000000000266, -10.72245393673000002 ) ) ;
#4942 = VECTOR ( 'NONE', #8528, 1000.000000000000000 ) ;
#4943 = VECTOR ( 'NONE', #9073, 1000.000000000000114 ) ;
#4944 = DIRECTION ( 'NONE',  ( 0.000000000000000000, -3.491481338843000432E-15, 1.000000000000000000 ) ) ;
#4945 = DIRECTION ( 'NONE',  ( 0.000000000000000000, -3.491481338843000432E-15, 1.000000000000000000 ) ) ;
#4946 = CARTESIAN_POINT ( 'NONE',  ( 3.850000000000000089, -1.750000000000000000, 5.499999999999000799 ) ) ;
#4947 = CARTESIAN_POINT ( 'NONE',  ( -0.9299999999989999599, -3.334297482219000575, 3.839999999999000213 ) ) ;
#4948 = EDGE_CURVE ( 'NONE', #5115, #8716, #6307, .T. ) ;
#4949 = ORIENTED_EDGE ( 'NONE', *, *, #823, .F. ) ;
#4950 = DIRECTION ( 'NONE',  ( 0.000000000000000000, -1.000000000000000000, 1.084202172490927656E-15 ) ) ;
#4951 = VECTOR ( 'NONE', #9343, 1000.000000000000000 ) ;
#4952 = AXIS2_PLACEMENT_3D ( 'NONE', #1749, #3436, #8260 ) ;
#4953 = VERTEX_POINT ( 'NONE', #7048 ) ;
#4954 = ORIENTED_EDGE ( 'NONE', *, *, #6138, .F. ) ;
#4955 = LINE ( 'NONE', #4255, #8080 ) ;
#4956 = DIRECTION ( 'NONE',  ( 0.000000000000000000, 3.491481338843000432E-15, -1.000000000000000000 ) ) ;
#4957 = CARTESIAN_POINT ( 'NONE',  ( -6.400000000000000355, -5.149999999999000266, 1.499999999998999911 ) ) ;
#4958 = AXIS2_PLACEMENT_3D ( 'NONE', #6341, #821, #4797 ) ;
#4959 = AXIS2_PLACEMENT_3D ( 'NONE', #756, #8963, #3340 ) ;
#4960 = LINE ( 'NONE', #5857, #5773 ) ;
#4961 = VERTEX_POINT ( 'NONE', #8042 ) ;
#4962 = LINE ( 'NONE', #5809, #711 ) ;
#4963 = DIRECTION ( 'NONE',  ( 0.000000000000000000, 3.491481338843000432E-15, -1.000000000000000000 ) ) ;
#4964 = EDGE_LOOP ( 'NONE', ( #5665, #2216, #4264, #9993 ) ) ;
#4965 = CARTESIAN_POINT ( 'NONE',  ( 0.2478642292900000155, -1.335997807137000004, 0.2000000000000000111 ) ) ;
#4966 = DIRECTION ( 'NONE',  ( 0.000000000000000000, 3.491481338843000432E-15, -1.000000000000000000 ) ) ;
#4967 = PLANE ( 'NONE',  #10275 ) ;
#4968 = AXIS2_PLACEMENT_3D ( 'NONE', #9105, #8402, #9150 ) ;
#4969 = ORIENTED_EDGE ( 'NONE', *, *, #6426, .T. ) ;
#4970 = DIRECTION ( 'NONE',  ( 0.000000000000000000, -1.000000000000000000, -3.516331370228009434E-15 ) ) ;
#4971 = PLANE ( 'NONE',  #8673 ) ;
#4972 = FACE_OUTER_BOUND ( 'NONE', #8649, .T. ) ;
#4973 = CARTESIAN_POINT ( 'NONE',  ( -4.069999999999000195, 2.550000000000000266, 0.6999999999999999556 ) ) ;
#4974 = EDGE_CURVE ( 'NONE', #3944, #506, #10266, .T. ) ;
#4975 = DIRECTION ( 'NONE',  ( -1.000000000000000000, 0.000000000000000000, 0.000000000000000000 ) ) ;
#4976 = VERTEX_POINT ( 'NONE', #9579 ) ;
#4977 = VECTOR ( 'NONE', #692, 1000.000000000000000 ) ;
#4978 = VERTEX_POINT ( 'NONE', #2315 ) ;
#4979 = EDGE_CURVE ( 'NONE', #3707, #1671, #2265, .T. ) ;
#4980 = CARTESIAN_POINT ( 'NONE',  ( -0.8842813499780000086, -0.9579490266489999462, 0.2000000000000000111 ) ) ;
#4981 = EDGE_CURVE ( 'NONE', #10262, #2097, #3011, .T. ) ;
#4982 = ORIENTED_EDGE ( 'NONE', *, *, #2244, .T. ) ;
#4983 = LINE ( 'NONE', #1794, #4622 ) ;
#4984 = ORIENTED_EDGE ( 'NONE', *, *, #3152, .F. ) ;
#4985 = CARTESIAN_POINT ( 'NONE',  ( -6.899999999999999467, -4.949999999998999201, 1.787228132325999974 ) ) ;
#4986 = VECTOR ( 'NONE', #1229, 1000.000000000000000 ) ;
#4987 = DIRECTION ( 'NONE',  ( 1.000000000000000000, 0.000000000000000000, 0.000000000000000000 ) ) ;
#4988 = CARTESIAN_POINT ( 'NONE',  ( -1.032623575587000131, -1.361912441282999930, 0.2010000000000000120 ) ) ;
#4989 = DIRECTION ( 'NONE',  ( 0.000000000000000000, -1.000000000000000000, -3.491481338843000432E-15 ) ) ;
#4990 = ORIENTED_EDGE ( 'NONE', *, *, #3557, .F. ) ;
#4991 = ORIENTED_EDGE ( 'NONE', *, *, #9984, .T. ) ;
#4992 = LINE ( 'NONE', #3390, #5298 ) ;
#4993 = DIRECTION ( 'NONE',  ( 0.000000000000000000, 1.000000000000000000, 3.491481338843000432E-15 ) ) ;
#4994 = CARTESIAN_POINT ( 'NONE',  ( 0.2478642292900000155, -0.8756319534779999358, 0.2010000000000000120 ) ) ;
#4995 = VECTOR ( 'NONE', #7568, 1000.000000000000000 ) ;
#4996 = LINE ( 'NONE', #7430, #2732 ) ;
#4997 = ADVANCED_FACE ( 'NONE', ( #8785 ), #785, .F. ) ;
#4998 = CARTESIAN_POINT ( 'NONE',  ( -0.3658377088399999977, -0.8621171872600000841, 0.2000000000000000111 ) ) ;
#4999 = LINE ( 'NONE', #3298, #4570 ) ;
#5000 = DIRECTION ( 'NONE',  ( -1.000000000000000000, 0.000000000000000000, 0.000000000000000000 ) ) ;
#5001 = EDGE_CURVE ( 'NONE', #5235, #9619, #5449, .T. ) ;
#5002 = DIRECTION ( 'NONE',  ( -1.000000000000000000, 0.000000000000000000, 0.000000000000000000 ) ) ;
#5003 = ORIENTED_EDGE ( 'NONE', *, *, #3897, .T. ) ;
#5004 = LINE ( 'NONE', #4200, #3097 ) ;
#5005 = EDGE_LOOP ( 'NONE', ( #546, #2074, #7387, #4413 ) ) ;
#5006 = VERTEX_POINT ( 'NONE', #10424 ) ;
#5007 = EDGE_CURVE ( 'NONE', #7626, #8795, #6300, .T. ) ;
#5008 = CARTESIAN_POINT ( 'NONE',  ( -3.429999999998999627, 2.550000000000000266, 0.6999999999999999556 ) ) ;
#5009 = CARTESIAN_POINT ( 'NONE',  ( -0.9820328743680000194, -1.221668538844000063, 0.2000000000000000111 ) ) ;
#5010 = LINE ( 'NONE', #3409, #4737 ) ;
#5011 = CARTESIAN_POINT ( 'NONE',  ( 0.4888366904579999894, -0.8839403555800000589, 0.2010000000000000120 ) ) ;
#5012 = VERTEX_POINT ( 'NONE', #3167 ) ;
#5013 = CARTESIAN_POINT ( 'NONE',  ( 4.069999999999000195, -3.834297482219000575, 3.381985117132999985 ) ) ;
#5014 = DIRECTION ( 'NONE',  ( 0.000000000000000000, -1.000000000000000000, -3.491481338843000432E-15 ) ) ;
#5015 = ORIENTED_EDGE ( 'NONE', *, *, #9438, .F. ) ;
#5016 = CARTESIAN_POINT ( 'NONE',  ( 0.3787044519849999680, -1.367931000353999949, 0.2010000000000000120 ) ) ;
#5017 = ADVANCED_FACE ( 'NONE', ( #3855 ), #5604, .T. ) ;
#5018 = CARTESIAN_POINT ( 'NONE',  ( 6.400000000000000355, -4.999999999998999911, 1.499999999998999911 ) ) ;
#5019 = ORIENTED_EDGE ( 'NONE', *, *, #5073, .F. ) ;
#5020 = DIRECTION ( 'NONE',  ( -0.3635424856521137782, -0.9315776194852914971, -3.232059132431008654E-15 ) ) ;
#5021 = CARTESIAN_POINT ( 'NONE',  ( 6.899999999999999467, -5.064285714284999962, 1.376902229001999878 ) ) ;
#5022 = ADVANCED_FACE ( 'NONE', ( #4705 ), #7935, .T. ) ;
#5023 = CARTESIAN_POINT ( 'NONE',  ( 0.5525691208299999824, -1.109524761666000003, 0.2010000000000000120 ) ) ;
#5024 = CARTESIAN_POINT ( 'NONE',  ( -0.5998652085010000024, -1.005510520385999973, 0.2000000000000000111 ) ) ;
#5025 = ORIENTED_EDGE ( 'NONE', *, *, #4948, .T. ) ;
#5026 = APPLICATION_PROTOCOL_DEFINITION ( 'draft international standard', 'automotive_design', 1998, #4199 ) ;
#5027 = VERTEX_POINT ( 'NONE', #3905 ) ;
#5028 = EDGE_LOOP ( 'NONE', ( #6340, #486, #10155, #2725 ) ) ;
#5029 = CARTESIAN_POINT ( 'NONE',  ( 0.2478642292900000155, -0.9427051242099999673, 0.2000000000000000111 ) ) ;
#5030 = EDGE_CURVE ( 'NONE', #1777, #4866, #7253, .T. ) ;
#5031 = ORIENTED_EDGE ( 'NONE', *, *, #5387, .T. ) ;
#5032 = DIRECTION ( 'NONE',  ( 0.000000000000000000, 1.000000000000000000, 0.000000000000000000 ) ) ;
#5033 = VECTOR ( 'NONE', #3008, 1000.000000000000114 ) ;
#5034 = VERTEX_POINT ( 'NONE', #4006 ) ;
#5035 = FACE_OUTER_BOUND ( 'NONE', #7403, .T. ) ;
#5036 = DIRECTION ( 'NONE',  ( 1.000000000000000000, 0.000000000000000000, 0.000000000000000000 ) ) ;
#5037 = ADVANCED_FACE ( 'NONE', ( #2161 ), #5399, .F. ) ;
#5038 = CARTESIAN_POINT ( 'NONE',  ( 4.069999999999000195, -3.834297482219000575, 3.658014882865999962 ) ) ;
#5039 = CARTESIAN_POINT ( 'NONE',  ( -0.4685282790539999631, -0.9433563533119999622, 0.2000000000000000111 ) ) ;
#5040 = EDGE_CURVE ( 'NONE', #3707, #6035, #4262, .T. ) ;
#5041 = EDGE_LOOP ( 'NONE', ( #3671, #4561, #5915, #8107 ) ) ;
#5042 = CIRCLE ( 'NONE', #7738, 0.1999999999989995891 ) ;
#5043 = DIRECTION ( 'NONE',  ( -1.000000000000000000, 0.000000000000000000, 0.000000000000000000 ) ) ;
#5044 = FACE_OUTER_BOUND ( 'NONE', #2888, .T. ) ;
#5045 = CARTESIAN_POINT ( 'NONE',  ( -2.100000000000000089, 0.8499999999999999778, 2.700000000000000178 ) ) ;
#5046 = VECTOR ( 'NONE', #5786, 1000.000000000000000 ) ;
#5047 = CARTESIAN_POINT ( 'NONE',  ( -0.3610773182229999878, -1.361739288594999930, 0.2010000000000000120 ) ) ;
#5048 = CARTESIAN_POINT ( 'NONE',  ( -0.4595117987640000012, -0.8780791985060000249, 0.2010000000000000120 ) ) ;
#5049 = CARTESIAN_POINT ( 'NONE',  ( 0.6624983756310000027, -1.361912441282999930, 0.2010000000000000120 ) ) ;
#5050 = DIRECTION ( 'NONE',  ( -1.000000000000000000, 0.000000000000000000, 0.000000000000000000 ) ) ;
#5051 = CARTESIAN_POINT ( 'NONE',  ( 0.000000000000000000, 1.550000000000000044, 3.200000000000000178 ) ) ;
#5052 = DIRECTION ( 'NONE',  ( -1.000000000000000000, 0.000000000000000000, 0.000000000000000000 ) ) ;
#5053 = VERTEX_POINT ( 'NONE', #8943 ) ;
#5054 = CARTESIAN_POINT ( 'NONE',  ( 6.150000000000000355, -2.750000000000000000, 4.799999999999000622 ) ) ;
#5055 = ORIENTED_EDGE ( 'NONE', *, *, #6766, .T. ) ;
#5056 = CARTESIAN_POINT ( 'NONE',  ( -5.450000000000000178, -5.250000000000000000, 5.499999999999000799 ) ) ;
#5057 = LINE ( 'NONE', #3254, #10363 ) ;
#5058 = CARTESIAN_POINT ( 'NONE',  ( 0.5327433634899999548, -1.013837887803000104, 0.2000000000000000111 ) ) ;
#5059 = EDGE_CURVE ( 'NONE', #1828, #1800, #7512, .T. ) ;
#5060 = LINE ( 'NONE', #4904, #10165 ) ;
#5061 = ORIENTED_EDGE ( 'NONE', *, *, #6094, .F. ) ;
#5062 = CARTESIAN_POINT ( 'NONE',  ( 1.570000000000000062, 1.665702517779999781, 3.100000000000000533 ) ) ;
#5063 = LINE ( 'NONE', #7447, #5247 ) ;
#5064 = ORIENTED_EDGE ( 'NONE', *, *, #9974, .F. ) ;
#5065 = DIRECTION ( 'NONE',  ( 0.000000000000000000, -3.491481338843000432E-15, 1.000000000000000000 ) ) ;
#5066 = CARTESIAN_POINT ( 'NONE',  ( -0.5480396300340000248, -1.151469854139000049, 0.2010000000000000120 ) ) ;
#5067 = ORIENTED_EDGE ( 'NONE', *, *, #276, .F. ) ;
#5068 = CARTESIAN_POINT ( 'NONE',  ( -4.069999999999000195, 1.665702517779999781, 3.200000000000000178 ) ) ;
#5069 = CARTESIAN_POINT ( 'NONE',  ( 5.450000000000000178, -2.750000000000000000, 4.299999999998999733 ) ) ;
#5070 = DIRECTION ( 'NONE',  ( 0.000000000000000000, -1.000000000000000000, -3.407492542097299143E-15 ) ) ;
#5071 = FACE_OUTER_BOUND ( 'NONE', #5534, .T. ) ;
#5072 = ORIENTED_EDGE ( 'NONE', *, *, #1686, .T. ) ;
#5073 = EDGE_CURVE ( 'NONE', #6320, #6782, #882, .T. ) ;
#5074 = ORIENTED_EDGE ( 'NONE', *, *, #9246, .F. ) ;
#5075 = VECTOR ( 'NONE', #2238, 1000.000000000000000 ) ;
#5076 = VERTEX_POINT ( 'NONE', #4114 ) ;
#5077 = CARTESIAN_POINT ( 'NONE',  ( 0.9237163774940000405, 4.732735889054000111, 0.6462836225050000438 ) ) ;
#5078 = ORIENTED_EDGE ( 'NONE', *, *, #8905, .T. ) ;
#5079 = DIRECTION ( 'NONE',  ( -1.000000000000000000, 0.000000000000000000, 0.000000000000000000 ) ) ;
#5080 = VERTEX_POINT ( 'NONE', #1785 ) ;
#5081 = VECTOR ( 'NONE', #6869, 1000.000000000000000 ) ;
#5082 = CARTESIAN_POINT ( 'NONE',  ( 0.2478642292900000155, -1.281119758356000116, 0.2010000000000000120 ) ) ;
#5083 = VECTOR ( 'NONE', #9424, 1000.000000000000000 ) ;
#5084 = CARTESIAN_POINT ( 'NONE',  ( 0.3761988329479999393, -1.313131953477999936, 0.2000000000000000111 ) ) ;
#5085 = DIRECTION ( 'NONE',  ( 1.000000000000000000, 0.000000000000000000, 0.000000000000000000 ) ) ;
#5086 = DIRECTION ( 'NONE',  ( 0.000000000000000000, -3.491481338843000432E-15, 1.000000000000000000 ) ) ;
#5087 = ORIENTED_EDGE ( 'NONE', *, *, #2993, .T. ) ;
#5088 = CARTESIAN_POINT ( 'NONE',  ( -0.8772574723689998688, -0.9267317380249999736, 0.2010000000000000120 ) ) ;
#5089 = VECTOR ( 'NONE', #2389, 1000.000000000000000 ) ;
#5090 = PLANE ( 'NONE',  #7916 ) ;
#5091 = DIRECTION ( 'NONE',  ( 0.000000000000000000, -1.000000000000000000, -3.584412953627000671E-15 ) ) ;
#5092 = LINE ( 'NONE', #5737, #7138 ) ;
#5093 = CARTESIAN_POINT ( 'NONE',  ( 2.100000000000000089, 0.8499999999999999778, 2.700000000000000178 ) ) ;
#5094 = DIRECTION ( 'NONE',  ( 0.000000000000000000, 1.000000000000000000, 3.614007241618003644E-15 ) ) ;
#5095 = AXIS2_PLACEMENT_3D ( 'NONE', #6929, #3734, #1991 ) ;
#5096 = FACE_OUTER_BOUND ( 'NONE', #3052, .T. ) ;
#5097 = LINE ( 'NONE', #2707, #5782 ) ;
#5098 = FACE_OUTER_BOUND ( 'NONE', #5870, .T. ) ;
#5099 = ORIENTED_EDGE ( 'NONE', *, *, #862, .T. ) ;
#5100 = LINE ( 'NONE', #2819, #5119 ) ;
#5101 = VECTOR ( 'NONE', #2176, 1000.000000000000000 ) ;
#5102 = AXIS2_PLACEMENT_3D ( 'NONE', #2374, #3920, #3866 ) ;
#5103 = VERTEX_POINT ( 'NONE', #6513 ) ;
#5104 = EDGE_CURVE ( 'NONE', #9351, #951, #2633, .T. ) ;
#5105 = ADVANCED_FACE ( 'NONE', ( #8298 ), #9051, .F. ) ;
#5106 = CARTESIAN_POINT ( 'NONE',  ( -0.8749444597340000351, -0.9228880510390000680, 0.2010000000000000120 ) ) ;
#5107 = CARTESIAN_POINT ( 'NONE',  ( 3.934924240490999647, -1.834924240491000003, 5.499999999999000799 ) ) ;
#5108 = CARTESIAN_POINT ( 'NONE',  ( 3.429999999998999627, 2.550000000000000266, 1.000013873792005015E-12 ) ) ;
#5109 = DIRECTION ( 'NONE',  ( -1.000000000000000000, 0.000000000000000000, 0.000000000000000000 ) ) ;
#5110 = VERTEX_POINT ( 'NONE', #940 ) ;
#5111 = VECTOR ( 'NONE', #9458, 1000.000000000000000 ) ;
#5112 = AXIS2_PLACEMENT_3D ( 'NONE', #5240, #1160, #6143 ) ;
#5113 = DIRECTION ( 'NONE',  ( 0.000000000000000000, -1.000000000000000000, -3.523657060595514930E-15 ) ) ;
#5114 = ORIENTED_EDGE ( 'NONE', *, *, #5785, .F. ) ;
#5115 = VERTEX_POINT ( 'NONE', #5021 ) ;
#5116 = VERTEX_POINT ( 'NONE', #4216 ) ;
#5117 = CARTESIAN_POINT ( 'NONE',  ( 1.570000000000000062, 2.490036550378000424, 0.6979060301970000380 ) ) ;
#5118 = VECTOR ( 'NONE', #6061, 1000.000000000000000 ) ;
#5119 = VECTOR ( 'NONE', #5210, 1000.000000000000000 ) ;
#5120 = ORIENTED_EDGE ( 'NONE', *, *, #7166, .T. ) ;
#5121 = AXIS2_PLACEMENT_3D ( 'NONE', #5151, #1806, #8376 ) ;
#5122 = CARTESIAN_POINT ( 'NONE',  ( 4.069999999999000195, -4.949999999998999201, 0.2000000000000000111 ) ) ;
#5123 = DIRECTION ( 'NONE',  ( -1.000000000000000000, 0.000000000000000000, 0.000000000000000000 ) ) ;
#5124 = ADVANCED_FACE ( 'NONE', ( #6563 ), #8247, .F. ) ;
#5125 = CARTESIAN_POINT ( 'NONE',  ( -6.400000000000000355, -5.149999999999000266, -2.061552812807999846 ) ) ;
#5126 = CARTESIAN_POINT ( 'NONE',  ( -0.8765641243680000194, -0.9228880510390000680, 0.2010000000000000120 ) ) ;
#5127 = ORIENTED_EDGE ( 'NONE', *, *, #7596, .T. ) ;
#5128 = EDGE_CURVE ( 'NONE', #4010, #4133, #5457, .T. ) ;
#5129 = CARTESIAN_POINT ( 'NONE',  ( 0.6198154488019999020, -1.121344605917000026, 0.2000000000000000111 ) ) ;
#5130 = ORIENTED_EDGE ( 'NONE', *, *, #9570, .F. ) ;
#5131 = ADVANCED_FACE ( 'NONE', ( #6671 ), #6454, .F. ) ;
#5132 = VERTEX_POINT ( 'NONE', #1036 ) ;
#5133 =( GEOMETRIC_REPRESENTATION_CONTEXT ( 3 ) GLOBAL_UNCERTAINTY_ASSIGNED_CONTEXT ( ( #8279 ) ) GLOBAL_UNIT_ASSIGNED_CONTEXT ( ( #3075, #1637, #9632 ) ) REPRESENTATION_CONTEXT ( 'NONE', 'WORKASPACE' ) );
#5134 = VECTOR ( 'NONE', #6025, 1000.000000000000000 ) ;
#5135 = CARTESIAN_POINT ( 'NONE',  ( -2.100000000000000089, 1.149999999998999822, 5.500000000000000888 ) ) ;
#5136 = VERTEX_POINT ( 'NONE', #5659 ) ;
#5137 = DIRECTION ( 'NONE',  ( 0.000000000000000000, -1.000000000000000000, -3.252606517472783164E-15 ) ) ;
#5138 = ORIENTED_EDGE ( 'NONE', *, *, #2986, .F. ) ;
#5139 = ADVANCED_FACE ( 'NONE', ( #9682 ), #9895, .F. ) ;
#5140 = LINE ( 'NONE', #1108, #2061 ) ;
#5141 = CARTESIAN_POINT ( 'NONE',  ( 0.5156494595420000326, -1.246625159638000024, 0.2010000000000000120 ) ) ;
#5142 = ADVANCED_FACE ( 'NONE', ( #6618 ), #9836, .T. ) ;
#5143 = VECTOR ( 'NONE', #7316, 1000.000000000000000 ) ;
#5144 = DIRECTION ( 'NONE',  ( 0.000000000000000000, -3.491481338843000432E-15, 1.000000000000000000 ) ) ;
#5145 = CARTESIAN_POINT ( 'NONE',  ( -0.3977088499089999618, -0.9194499928670000211, 0.2010000000000000120 ) ) ;
#5146 = B_SPLINE_CURVE_WITH_KNOTS ( 'NONE', 3,
 ( #2063, #9276, #528, #6044, #2756, #10014, #6848, #8475, #7732, #10068, #5994 ),
 .UNSPECIFIED., .F., .F.,
 ( 4, 1, 1, 1, 1, 1, 1, 1, 4 ),
 ( 0.000000000000000000, 0.1352946047629999815, 0.2667656579239999770, 0.3948160188350000044, 0.5200516544339999214, 0.6421757029699999286, 0.7626518205579999599, 0.8818340043800000361, 1.000000000000000000 ),
 .UNSPECIFIED. ) ;
#5147 = ORIENTED_EDGE ( 'NONE', *, *, #405, .F. ) ;
#5148 = PLANE ( 'NONE',  #5783 ) ;
#5149 = EDGE_CURVE ( 'NONE', #1050, #3400, #8994, .T. ) ;
#5150 = LINE ( 'NONE', #1006, #7413 ) ;
#5151 = CARTESIAN_POINT ( 'NONE',  ( 3.149999999999999911, -1.750000000000000000, 5.499999999999000799 ) ) ;
#5152 = VECTOR ( 'NONE', #9908, 1000.000000000000000 ) ;
#5153 = ADVANCED_FACE ( 'NONE', ( #1835 ), #9735, .F. ) ;
#5154 = PLANE ( 'NONE',  #8480 ) ;
#5155 = DIRECTION ( 'NONE',  ( 0.000000000000000000, -3.304235192336000456E-15, 1.000000000000000000 ) ) ;
#5156 = DIRECTION ( 'NONE',  ( 0.000000000000000000, 1.000000000000000000, 3.523657060595514930E-15 ) ) ;
#5157 = CARTESIAN_POINT ( 'NONE',  ( 1.570000000000000062, 4.750000000000000000, 0.6999999999999999556 ) ) ;
#5158 = CARTESIAN_POINT ( 'NONE',  ( -6.150000000000000355, 2.549999999998999733, 4.800000000000000711 ) ) ;
#5159 = ORIENTED_EDGE ( 'NONE', *, *, #4442, .T. ) ;
#5160 = VECTOR ( 'NONE', #4944, 1000.000000000000000 ) ;
#5161 = CARTESIAN_POINT ( 'NONE',  ( -0.7500000000000000000, 1.850000000000000089, 0.1000000000010000528 ) ) ;
#5162 = CARTESIAN_POINT ( 'NONE',  ( -7.500000000000000000, -5.249999999998999911, 0.8999999999990001553 ) ) ;
#5163 = ADVANCED_FACE ( 'NONE', ( #4914 ), #4971, .T. ) ;
#5164 = DIRECTION ( 'NONE',  ( 0.000000000000000000, -1.000000000000000000, -3.491481338843000432E-15 ) ) ;
#5165 = CARTESIAN_POINT ( 'NONE',  ( 4.069999999999000195, 1.765641600482000140, 3.103489949670000136 ) ) ;
#5166 = PLANE ( 'NONE',  #5590 ) ;
#5167 = DIRECTION ( 'NONE',  ( 0.000000000000000000, 1.000000000000000000, 0.000000000000000000 ) ) ;
#5168 = AXIS2_PLACEMENT_3D ( 'NONE', #10343, #3087, #6325 ) ;
#5169 = ORIENTED_EDGE ( 'NONE', *, *, #4357, .F. ) ;
#5170 = EDGE_CURVE ( 'NONE', #5701, #5316, #1256, .T. ) ;
#5171 = EDGE_CURVE ( 'NONE', #9611, #5771, #1884, .T. ) ;
#5172 = CARTESIAN_POINT ( 'NONE',  ( 0.7500000000000000000, 1.850000000000000089, 0.1000000000010000528 ) ) ;
#5173 = VERTEX_POINT ( 'NONE', #5338 ) ;
#5174 = ORIENTED_EDGE ( 'NONE', *, *, #8121, .F. ) ;
#5175 = DIRECTION ( 'NONE',  ( 0.000000000000000000, -1.000000000000000000, -3.232893750684000066E-15 ) ) ;
#5176 = ORIENTED_EDGE ( 'NONE', *, *, #1639, .F. ) ;
#5177 = CARTESIAN_POINT ( 'NONE',  ( 0.5400773524520000590, -1.032199202918999914, 0.2010000000000000120 ) ) ;
#5178 = CARTESIAN_POINT ( 'NONE',  ( -0.9299999999989999599, 1.550000000000000044, 3.200000000000000178 ) ) ;
#5179 = CARTESIAN_POINT ( 'NONE',  ( -2.899999999998999822, 0.8499999999999999778, 2.700000000000000178 ) ) ;
#5180 = FACE_OUTER_BOUND ( 'NONE', #6026, .T. ) ;
#5181 = VERTEX_POINT ( 'NONE', #457 ) ;
#5182 = CARTESIAN_POINT ( 'NONE',  ( 0.2863546180459999868, -0.8633246521139998908, 0.2000000000000000111 ) ) ;
#5184 = EDGE_LOOP ( 'NONE', ( #319, #8976, #586, #7987 ) ) ;
#5183 = ORIENTED_EDGE ( 'NONE', *, *, #9287, .T. ) ;
#5185 = ORIENTED_EDGE ( 'NONE', *, *, #5519, .T. ) ;
#5186 = CARTESIAN_POINT ( 'NONE',  ( 9.840731680114000568, -0.4499999999989999777, 2.699999999999000089 ) ) ;
#5187 = VECTOR ( 'NONE', #9641, 1000.000000000000000 ) ;
#5188 = ORIENTED_EDGE ( 'NONE', *, *, #7166, .F. ) ;
#5189 = CARTESIAN_POINT ( 'NONE',  ( 0.6624983756310000027, -1.361912441282999930, 0.2010000000000000120 ) ) ;
#5190 = VERTEX_POINT ( 'NONE', #6073 ) ;
#5191 = DIRECTION ( 'NONE',  ( 0.000000000000000000, 3.491481338843000432E-15, -1.000000000000000000 ) ) ;
#5192 = ADVANCED_FACE ( 'NONE', ( #8563 ), #1304, .F. ) ;
#5193 = CARTESIAN_POINT ( 'NONE',  ( 0.4632386164280000163, -1.292712558893000185, 0.2000000000000000111 ) ) ;
#5194 = DIRECTION ( 'NONE',  ( 0.000000000000000000, 1.000000000000000000, 3.578217512641000256E-15 ) ) ;
#5195 = EDGE_CURVE ( 'NONE', #4149, #5012, #6928, .T. ) ;
#5196 = CARTESIAN_POINT ( 'NONE',  ( -0.5378983773709999916, -1.024123200552000013, 0.2000000000000000111 ) ) ;
#5197 = VERTEX_POINT ( 'NONE', #7561 ) ;
#5198 = PLANE ( 'NONE',  #5446 ) ;
#5199 = ADVANCED_FACE ( 'NONE', ( #3629 ), #4533, .F. ) ;
#5200 = CARTESIAN_POINT ( 'NONE',  ( 1.388014882866000166, -3.834297482219000575, 3.658014882865999962 ) ) ;
#5201 = DIRECTION ( 'NONE',  ( 0.000000000000000000, 3.491481338843000432E-15, -1.000000000000000000 ) ) ;
#5202 = CARTESIAN_POINT ( 'NONE',  ( 0.5843534235319999270, -1.263962870207000044, 0.2000000000000000111 ) ) ;
#5203 = AXIS2_PLACEMENT_3D ( 'NONE', #8146, #4816, #5825 ) ;
#5204 = DIRECTION ( 'NONE',  ( 0.000000000000000000, -1.000000000000000000, -3.611948246897000020E-15 ) ) ;
#5205 = VECTOR ( 'NONE', #5853, 1000.000000000000000 ) ;
#5206 = LINE ( 'NONE', #9232, #9880 ) ;
#5207 = CARTESIAN_POINT ( 'NONE',  ( 0.1503032536799999985, -0.8619124412830000415, 0.2010000000000000120 ) ) ;
#5208 = LINE ( 'NONE', #2764, #8390 ) ;
#5209 = EDGE_LOOP ( 'NONE', ( #7208, #5733, #3269, #3785 ) ) ;
#5210 = DIRECTION ( 'NONE',  ( -1.000000000000000000, 0.000000000000000000, 0.000000000000000000 ) ) ;
#5211 = EDGE_CURVE ( 'NONE', #8573, #5233, #253, .T. ) ;
#5212 = VECTOR ( 'NONE', #4340, 1000.000000000000000 ) ;
#5213 = CARTESIAN_POINT ( 'NONE',  ( 6.649999999999999467, -2.849999999999000000, 2.199999999999000089 ) ) ;
#5214 = LINE ( 'NONE', #2869, #6571 ) ;
#5215 = DIRECTION ( 'NONE',  ( 1.000000000000000000, 0.000000000000000000, 0.000000000000000000 ) ) ;
#5216 = CARTESIAN_POINT ( 'NONE',  ( -0.1057943072950000007, -0.9167904900640000410, 0.2010000000000000120 ) ) ;
#5217 = AXIS2_PLACEMENT_3D ( 'NONE', #7894, #4013, #9629 ) ;
#5218 = LINE ( 'NONE', #8340, #10340 ) ;
#5219 = VERTEX_POINT ( 'NONE', #8511 ) ;
#5220 = LINE ( 'NONE', #2876, #4387 ) ;
#5221 = ORIENTED_EDGE ( 'NONE', *, *, #1686, .F. ) ;
#5222 = EDGE_LOOP ( 'NONE', ( #7554, #9107, #2030, #344 ) ) ;
#5223 = ORIENTED_EDGE ( 'NONE', *, *, #1922, .T. ) ;
#5224 = CARTESIAN_POINT ( 'NONE',  ( 0.2478642292900000155, -0.8756319534779999358, 0.2000000000000000111 ) ) ;
#5225 = EDGE_CURVE ( 'NONE', #5565, #8305, #3475, .T. ) ;
#5226 = ORIENTED_EDGE ( 'NONE', *, *, #2258, .F. ) ;
#5227 = DIRECTION ( 'NONE',  ( 1.000000000000000000, 0.000000000000000000, 0.000000000000000000 ) ) ;
#5228 = FACE_OUTER_BOUND ( 'NONE', #3838, .T. ) ;
#5229 = DIRECTION ( 'NONE',  ( 0.000000000000000000, -0.9396926207860168967, 0.3420201433253704515 ) ) ;
#5230 = CARTESIAN_POINT ( 'NONE',  ( -0.3566517768069999428, -0.8619124412830000415, 0.2000000000000000111 ) ) ;
#5231 = ORIENTED_EDGE ( 'NONE', *, *, #659, .F. ) ;
#5232 = CARTESIAN_POINT ( 'NONE',  ( 0.3158420784570000195, -0.8583999615499999791, 0.2000000000000000111 ) ) ;
#5234 = VERTEX_POINT ( 'NONE', #10046 ) ;
#5233 = VERTEX_POINT ( 'NONE', #9938 ) ;
#5235 = VERTEX_POINT ( 'NONE', #304 ) ;
#5236 = FACE_OUTER_BOUND ( 'NONE', #1260, .T. ) ;
#5237 = ORIENTED_EDGE ( 'NONE', *, *, #9769, .T. ) ;
#5238 = ORIENTED_EDGE ( 'NONE', *, *, #10444, .T. ) ;
#5239 = EDGE_CURVE ( 'NONE', #9900, #1248, #6023, .T. ) ;
#5240 = CARTESIAN_POINT ( 'NONE',  ( 4.069999999999000195, -3.834297482219000575, 3.199999999999000089 ) ) ;
#5241 = DIRECTION ( 'NONE',  ( 0.000000000000000000, 3.491481338843000432E-15, -1.000000000000000000 ) ) ;
#5242 = LINE ( 'NONE', #8470, #3611 ) ;
#5243 = CARTESIAN_POINT ( 'NONE',  ( 0.08323008294800000872, -1.307034392503000131, 0.2010000000000000120 ) ) ;
#5244 = VERTEX_POINT ( 'NONE', #9254 ) ;
#5245 = FACE_OUTER_BOUND ( 'NONE', #10382, .T. ) ;
#5246 = CARTESIAN_POINT ( 'NONE',  ( 6.150000000000000355, 2.550000000000000266, 0.2000000000010000167 ) ) ;
#5247 = VECTOR ( 'NONE', #3314, 1000.000000000000000 ) ;
#5248 = CARTESIAN_POINT ( 'NONE',  ( 0.08323008294800000872, -0.9167904900640000410, 0.2000000000000000111 ) ) ;
#5249 = AXIS2_PLACEMENT_3D ( 'NONE', #822, #6550, #4154 ) ;
#5250 = DIRECTION ( 'NONE',  ( 0.000000000000000000, -1.000000000000000000, -2.168404344981855311E-15 ) ) ;
#5251 = LINE ( 'NONE', #383, #588 ) ;
#5252 = CARTESIAN_POINT ( 'NONE',  ( -4.069999999999000195, 2.490036550378000424, 0.6979060301970000380 ) ) ;
#5253 = EDGE_CURVE ( 'NONE', #7384, #1188, #9301, .T. ) ;
#5254 = DIRECTION ( 'NONE',  ( 0.000000000000000000, -3.491481338843000432E-15, 1.000000000000000000 ) ) ;
#5255 = EDGE_LOOP ( 'NONE', ( #1919, #5019, #3784, #7510 ) ) ;
#5256 = DIRECTION ( 'NONE',  ( 0.000000000000000000, -1.000000000000000000, -3.457400261148000567E-15 ) ) ;
#5257 = VERTEX_POINT ( 'NONE', #7664 ) ;
#5258 = VECTOR ( 'NONE', #10218, 1000.000000000000000 ) ;
#5259 = ADVANCED_FACE ( 'NONE', ( #9989 ), #2037, .F. ) ;
#5260 = FACE_OUTER_BOUND ( 'NONE', #6948, .T. ) ;
#5261 = DIRECTION ( 'NONE',  ( -1.000000000000000000, 0.000000000000000000, 0.000000000000000000 ) ) ;
#5262 = CARTESIAN_POINT ( 'NONE',  ( -1.750000000000000000, 2.550000000000000266, 0.2000000000010000167 ) ) ;
#5263 = VECTOR ( 'NONE', #3522, 1000.000000000000000 ) ;
#5264 = EDGE_CURVE ( 'NONE', #5818, #2623, #5917, .T. ) ;
#5265 = CARTESIAN_POINT ( 'NONE',  ( -0.9106723560750000779, -0.8619124412830000415, 0.2010000000000000120 ) ) ;
#5266 = DIRECTION ( 'NONE',  ( 0.000000000000000000, 3.491481338843000432E-15, -1.000000000000000000 ) ) ;
#5267 = CARTESIAN_POINT ( 'NONE',  ( -0.3563659536359999880, -0.9167904900640000410, 0.2010000000000000120 ) ) ;
#5268 = EDGE_CURVE ( 'NONE', #4866, #6287, #9148, .T. ) ;
#5269 = ORIENTED_EDGE ( 'NONE', *, *, #8567, .T. ) ;
#5270 = DIRECTION ( 'NONE',  ( 0.000000000000000000, 3.491481338843000432E-15, -1.000000000000000000 ) ) ;
#5271 = VERTEX_POINT ( 'NONE', #7714 ) ;
#5272 = VECTOR ( 'NONE', #7489, 1000.000000000000000 ) ;
#5273 = VECTOR ( 'NONE', #6794, 1000.000000000000000 ) ;
#5274 = ORIENTED_EDGE ( 'NONE', *, *, #10430, .F. ) ;
#5275 = PRODUCT ( 'HX-2_54-4P-WT', 'HX-2_54-4P-WT', '', ( #5714 ) ) ;
#5276 = LINE ( 'NONE', #6767, #4525 ) ;
#5277 = EDGE_LOOP ( 'NONE', ( #6243, #5015, #8595, #49 ) ) ;
#5278 = EDGE_CURVE ( 'NONE', #6091, #7252, #9201, .T. ) ;
#5279 = DIRECTION ( 'NONE',  ( 0.000000000000000000, -1.000000000000000000, -1.761828530297757465E-15 ) ) ;
#5280 = CARTESIAN_POINT ( 'NONE',  ( 5.000000000000000000, 0.9499999999999999556, 3.200000000000000178 ) ) ;
#5281 = VECTOR ( 'NONE', #6662, 1000.000000000000000 ) ;
#5282 = VECTOR ( 'NONE', #7201, 1000.000000000000000 ) ;
#5283 = CARTESIAN_POINT ( 'NONE',  ( 5.450000000000000178, 1.349999999999000000, 4.700000000000000178 ) ) ;
#5284 = ORIENTED_EDGE ( 'NONE', *, *, #4644, .F. ) ;
#5285 = CARTESIAN_POINT ( 'NONE',  ( 0.2478642292900000155, -0.8756319534779999358, 0.2010000000000000120 ) ) ;
#5287 = ORIENTED_EDGE ( 'NONE', *, *, #7757, .F. ) ;
#5286 = ORIENTED_EDGE ( 'NONE', *, *, #6045, .F. ) ;
#5288 = VERTEX_POINT ( 'NONE', #2730 ) ;
#5289 = VECTOR ( 'NONE', #7086, 1000.000000000000000 ) ;
#5290 = VECTOR ( 'NONE', #3401, 1000.000000000000000 ) ;
#5291 = PLANE ( 'NONE',  #6860 ) ;
#5292 = VERTEX_POINT ( 'NONE', #5178 ) ;
#5293 = ORIENTED_EDGE ( 'NONE', *, *, #726, .F. ) ;
#5294 = EDGE_CURVE ( 'NONE', #2929, #8933, #3572, .T. ) ;
#5295 = DIRECTION ( 'NONE',  ( -0.9396926207860170077, 0.3420201433253705070, 1.194156947931292562E-15 ) ) ;
#5296 = CYLINDRICAL_SURFACE ( 'NONE', #9485, 0.2000000000000000944 ) ;
#5297 = CARTESIAN_POINT ( 'NONE',  ( 0.3826221704540000434, -1.312966404435999879, 0.2010000000000000120 ) ) ;
#5298 = VECTOR ( 'NONE', #8857, 1000.000000000000114 ) ;
#5299 = CARTESIAN_POINT ( 'NONE',  ( -2.100000000000000089, 1.149999999999999911, 2.700000000000000178 ) ) ;
#5300 = DIRECTION ( 'NONE',  ( 0.000000000000000000, -1.000000000000000000, -3.491481338843000432E-15 ) ) ;
#5301 = VECTOR ( 'NONE', #5772, 1000.000000000000000 ) ;
#5302 = EDGE_LOOP ( 'NONE', ( #266, #7235, #9299, #8972 ) ) ;
#5303 = ADVANCED_FACE ( 'NONE', ( #5228 ), #4423, .F. ) ;
#5304 = CARTESIAN_POINT ( 'NONE',  ( 0.5500012870270000187, -1.159674683842999876, 0.2010000000000000120 ) ) ;
#5305 = ADVANCED_FACE ( 'NONE', ( #2198 ), #5542, .F. ) ;
#5306 = LINE ( 'NONE', #8531, #5385 ) ;
#5307 = ORIENTED_EDGE ( 'NONE', *, *, #2829, .T. ) ;
#5308 = CARTESIAN_POINT ( 'NONE',  ( 6.899999999999999467, -4.949999999998999201, 2.199999999999000089 ) ) ;
#5309 = LINE ( 'NONE', #380, #4087 ) ;
#5310 = VECTOR ( 'NONE', #5531, 1000.000000000000000 ) ;
#5311 = FACE_OUTER_BOUND ( 'NONE', #368, .T. ) ;
#5312 = CARTESIAN_POINT ( 'NONE',  ( 0.6102255188799999841, -1.038343197661999895, 0.2000000000000000111 ) ) ;
#5313 = DIRECTION ( 'NONE',  ( 1.000000000000000000, 0.000000000000000000, 0.000000000000000000 ) ) ;
#5314 = ORIENTED_EDGE ( 'NONE', *, *, #8115, .T. ) ;
#5315 = DIRECTION ( 'NONE',  ( 0.000000000000000000, 0.000000000000000000, 1.000000000000000000 ) ) ;
#5316 = VERTEX_POINT ( 'NONE', #9513 ) ;
#5317 = LINE ( 'NONE', #9286, #4103 ) ;
#5318 = AXIS2_PLACEMENT_3D ( 'NONE', #7587, #2919, #5156 ) ;
#5319 = CARTESIAN_POINT ( 'NONE',  ( -0.5507437005040001221, -1.114744718132999912, 0.2000000000000000111 ) ) ;
#5320 = CARTESIAN_POINT ( 'NONE',  ( 0.9300000000000000488, 2.550000000000000266, 0.6999999999999999556 ) ) ;
#5321 = EDGE_CURVE ( 'NONE', #3854, #3926, #7975, .T. ) ;
#5322 = CARTESIAN_POINT ( 'NONE',  ( -7.500000000000000000, -5.249999999998999911, 0.2000000000000000111 ) ) ;
#5323 = CARTESIAN_POINT ( 'NONE',  ( 4.069999999999000195, 0.8499999999999999778, 0.6999999999999999556 ) ) ;
#5324 = ADVANCED_FACE ( 'NONE', ( #7087 ), #9461, .F. ) ;
#5325 = CIRCLE ( 'NONE', #7525, 0.1999999999989995891 ) ;
#5326 = CARTESIAN_POINT ( 'NONE',  ( -0.3999999999989999888, 0.8499999999999999778, 2.700000000000000178 ) ) ;
#5327 = ORIENTED_EDGE ( 'NONE', *, *, #10226, .T. ) ;
#5328 = LINE ( 'NONE', #8343, #5877 ) ;
#5329 = EDGE_LOOP ( 'NONE', ( #1210, #9191, #5640, #6764 ) ) ;
#5330 = VERTEX_POINT ( 'NONE', #1566 ) ;
#5331 = EDGE_CURVE ( 'NONE', #5771, #5076, #6979, .T. ) ;
#5332 = ORIENTED_EDGE ( 'NONE', *, *, #9891, .T. ) ;
#5333 = CARTESIAN_POINT ( 'NONE',  ( 0.4311513965640000334, -1.306042921930000045, 0.2000000000000000111 ) ) ;
#5334 = CARTESIAN_POINT ( 'NONE',  ( -6.649999999999999467, -3.149999999998999822, 2.199999999999000089 ) ) ;
#5335 = VERTEX_POINT ( 'NONE', #10256 ) ;
#5336 = CIRCLE ( 'NONE', #2279, 0.1000000000000000472 ) ;
#5337 = LINE ( 'NONE', #2036, #5798 ) ;
#5338 = CARTESIAN_POINT ( 'NONE',  ( 3.149999999999999911, -5.250000000000000000, 5.499999999999000799 ) ) ;
#5339 = CARTESIAN_POINT ( 'NONE',  ( -0.1179894292460000049, -1.307034392503000131, 0.2000000000000000111 ) ) ;
#5340 = VERTEX_POINT ( 'NONE', #6390 ) ;
#5341 = CARTESIAN_POINT ( 'NONE',  ( 6.150000000000000355, 1.849999999999000000, 4.400000000000000355 ) ) ;
#5343 = ORIENTED_EDGE ( 'NONE', *, *, #1241, .F. ) ;
#5342 = EDGE_LOOP ( 'NONE', ( #1534, #7902, #5838, #4078 ) ) ;
#5344 = ADVANCED_FACE ( 'NONE', ( #2999 ), #5389, .T. ) ;
#5345 = LINE ( 'NONE', #3585, #768 ) ;
#5346 = ORIENTED_EDGE ( 'NONE', *, *, #4712, .T. ) ;
#5347 = VERTEX_POINT ( 'NONE', #7820 ) ;
#5348 = DIRECTION ( 'NONE',  ( -1.000000000000000000, 0.000000000000000000, 0.000000000000000000 ) ) ;
#5349 = LINE ( 'NONE', #7487, #9645 ) ;
#5350 = PLANE ( 'NONE',  #5478 ) ;
#5351 = CARTESIAN_POINT ( 'NONE',  ( 0.08323008294800000872, -1.307034392503000131, 0.2000000000000000111 ) ) ;
#5352 = CARTESIAN_POINT ( 'NONE',  ( 0.5397297185570000266, -1.316375011662999972, 0.2010000000000000120 ) ) ;
#5353 = ORIENTED_EDGE ( 'NONE', *, *, #8134, .T. ) ;
#5354 = AXIS2_PLACEMENT_3D ( 'NONE', #6001, #9234, #5256 ) ;
#5355 = CARTESIAN_POINT ( 'NONE',  ( 0.4136431614080000041, -1.310117627002999940, 0.2010000000000000120 ) ) ;
#5356 = B_SPLINE_CURVE_WITH_KNOTS ( 'NONE', 3,
 ( #9462, #8777, #2199, #10309, #8825, #1569, #4800, #3793, #5496, #6286, #6444 ),
 .UNSPECIFIED., .F., .F.,
 ( 4, 1, 1, 1, 1, 1, 1, 1, 4 ),
 ( 0.000000000000000000, 0.1252796967350000013, 0.2494199707419999801, 0.3733567994920000133, 0.4966812787820000241, 0.6202029157430000161, 0.7450863201609999598, 0.8712691950190000201, 1.000000000000000000 ),
 .UNSPECIFIED. ) ;
#5357 = LINE ( 'NONE', #9431, #10291 ) ;
#5358 = VERTEX_POINT ( 'NONE', #3949 ) ;
#5359 = DIRECTION ( 'NONE',  ( 0.000000000000000000, -1.000000000000000000, -4.336808689942015369E-15 ) ) ;
#5360 = CARTESIAN_POINT ( 'NONE',  ( -0.6545747950999999398, -1.361912441282999930, 0.2010000000000000120 ) ) ;
#5361 = EDGE_CURVE ( 'NONE', #7829, #8883, #7192, .T. ) ;
#5362 = EDGE_CURVE ( 'NONE', #9000, #6091, #10308, .T. ) ;
#5363 = CARTESIAN_POINT ( 'NONE',  ( -4.316846170922000958, -4.609415119349999479, 5.499999999999000799 ) ) ;
#5364 = CARTESIAN_POINT ( 'NONE',  ( -1.570000000000000062, -3.834297482219000575, 3.839999999999000213 ) ) ;
#5365 = LINE ( 'NONE', #8593, #202 ) ;
#5366 = ORIENTED_EDGE ( 'NONE', *, *, #2108, .F. ) ;
#5367 = CARTESIAN_POINT ( 'NONE',  ( -4.250000000000000000, 1.850000000000000089, 0.1000000000010000528 ) ) ;
#5368 = EDGE_LOOP ( 'NONE', ( #3004, #2144, #10223, #4428 ) ) ;
#5369 = CARTESIAN_POINT ( 'NONE',  ( -1.388014882866000166, -3.834297482219000575, 3.381985117132999985 ) ) ;
#5370 = LINE ( 'NONE', #8600, #9567 ) ;
#5371 = VERTEX_POINT ( 'NONE', #1412 ) ;
#5372 = LINE ( 'NONE', #9398, #4011 ) ;
#5373 = VECTOR ( 'NONE', #675, 1000.000000000000000 ) ;
#5374 = LINE ( 'NONE', #395, #4951 ) ;
#5375 = CARTESIAN_POINT ( 'NONE',  ( -5.450000000000000178, 1.550000000000000044, 0.9000000000000000222 ) ) ;
#5376 = LINE ( 'NONE', #4628, #7798 ) ;
#5377 = EDGE_LOOP ( 'NONE', ( #6512, #8068, #597, #9463 ) ) ;
#5378 = AXIS2_PLACEMENT_3D ( 'NONE', #2752, #5990, #2697 ) ;
#5379 = DIRECTION ( 'NONE',  ( 1.000000000000000000, 0.000000000000000000, 0.000000000000000000 ) ) ;
#5380 = ORIENTED_EDGE ( 'NONE', *, *, #1756, .F. ) ;
#5381 = ORIENTED_EDGE ( 'NONE', *, *, #5001, .T. ) ;
#5382 = VERTEX_POINT ( 'NONE', #3894 ) ;
#5383 = DIRECTION ( 'NONE',  ( 0.000000000000000000, 1.000000000000000000, 2.891205793313955622E-15 ) ) ;
#5384 = DIRECTION ( 'NONE',  ( -1.000000000000000000, 0.000000000000000000, 0.000000000000000000 ) ) ;
#5385 = VECTOR ( 'NONE', #1375, 1000.000000000000114 ) ;
#5386 = EDGE_LOOP ( 'NONE', ( #9589, #1062, #2202, #360 ) ) ;
#5387 = EDGE_CURVE ( 'NONE', #8551, #258, #3050, .T. ) ;
#5388 = DIRECTION ( 'NONE',  ( 0.000000000000000000, 0.03489949670200395010, -0.9993908270191130816 ) ) ;
#5389 = PLANE ( 'NONE',  #3891 ) ;
#5390 = CARTESIAN_POINT ( 'NONE',  ( 4.069999999999000195, 2.550000000000000266, 0.6999999999999999556 ) ) ;
#5391 = ORIENTED_EDGE ( 'NONE', *, *, #3708, .T. ) ;
#5392 = EDGE_CURVE ( 'NONE', #8344, #9930, #5593, .T. ) ;
#5393 = CARTESIAN_POINT ( 'NONE',  ( 0.4814600443520000161, -1.351467788399999925, 0.2000000000000000111 ) ) ;
#5395 = ORIENTED_EDGE ( 'NONE', *, *, #9054, .F. ) ;
#5394 = VERTEX_POINT ( 'NONE', #3843 ) ;
#5396 = CARTESIAN_POINT ( 'NONE',  ( -4.069999999999000195, 2.550000000000000266, 0.6999999999999999556 ) ) ;
#5397 = ORIENTED_EDGE ( 'NONE', *, *, #3152, .T. ) ;
#5398 = ORIENTED_EDGE ( 'NONE', *, *, #529, .T. ) ;
#5399 = PLANE ( 'NONE',  #211 ) ;
#5400 = LINE ( 'NONE', #4243, #7963 ) ;
#5401 = FACE_OUTER_BOUND ( 'NONE', #5928, .T. ) ;
#5402 = ADVANCED_FACE ( 'NONE', ( #4741 ), #10206, .F. ) ;
#5403 = DIRECTION ( 'NONE',  ( 0.000000000000000000, 1.000000000000000000, 0.000000000000000000 ) ) ;
#5404 = DIRECTION ( 'NONE',  ( 0.000000000000000000, -1.000000000000000000, -3.611948246897000020E-15 ) ) ;
#5405 = VERTEX_POINT ( 'NONE', #2950 ) ;
#5406 = PLANE ( 'NONE',  #203 ) ;
#5407 = DIRECTION ( 'NONE',  ( 0.000000000000000000, 0.000000000000000000, 1.000000000000000000 ) ) ;
#5408 = ORIENTED_EDGE ( 'NONE', *, *, #3065, .F. ) ;
#5409 = DIRECTION ( 'NONE',  ( 0.000000000000000000, 1.000000000000000000, 0.000000000000000000 ) ) ;
#5410 = FACE_OUTER_BOUND ( 'NONE', #2072, .T. ) ;
#5411 = PLANE ( 'NONE',  #9888 ) ;
#5412 = DIRECTION ( 'NONE',  ( 1.000000000000000000, 0.000000000000000000, 0.000000000000000000 ) ) ;
#5413 = DIRECTION ( 'NONE',  ( 0.000000000000000000, 1.000000000000000000, 3.491481338843000432E-15 ) ) ;
#5414 = VERTEX_POINT ( 'NONE', #9615 ) ;
#5415 = CARTESIAN_POINT ( 'NONE',  ( 0.4665377724080000399, -0.8735667273750000739, 0.2010000000000000120 ) ) ;
#5416 = ORIENTED_EDGE ( 'NONE', *, *, #1732, .F. ) ;
#5417 = DIRECTION ( 'NONE',  ( -1.000000000000000000, 0.000000000000000000, 0.000000000000000000 ) ) ;
#5418 = AXIS2_PLACEMENT_3D ( 'NONE', #7911, #654, #8655 ) ;
#5419 = CARTESIAN_POINT ( 'NONE',  ( -0.5382809819410000474, -1.191138415801000106, 0.2010000000000000120 ) ) ;
#5420 = CARTESIAN_POINT ( 'NONE',  ( -0.5244511008830000653, -1.308508686799999987, 0.2010000000000000120 ) ) ;
#5421 = CARTESIAN_POINT ( 'NONE',  ( 5.449999999999000089, -5.250000000000000000, 3.999999999998999911 ) ) ;
#5422 = VECTOR ( 'NONE', #3835, 1000.000000000000000 ) ;
#5423 = VECTOR ( 'NONE', #5687, 1000.000000000000000 ) ;
#5424 = LINE ( 'NONE', #3831, #8860 ) ;
#5425 = LINE ( 'NONE', #1554, #5946 ) ;
#5426 = ORIENTED_EDGE ( 'NONE', *, *, #9346, .F. ) ;
#5427 = CARTESIAN_POINT ( 'NONE',  ( -3.199999999999000089, 1.149999999999999911, 0.9000000000000000222 ) ) ;
#5428 = ORIENTED_EDGE ( 'NONE', *, *, #9769, .F. ) ;
#5429 = EDGE_CURVE ( 'NONE', #5771, #1824, #7134, .T. ) ;
#5430 = ORIENTED_EDGE ( 'NONE', *, *, #7331, .T. ) ;
#5431 = EDGE_CURVE ( 'NONE', #25, #5795, #1463, .T. ) ;
#5432 = AXIS2_PLACEMENT_3D ( 'NONE', #7928, #8674, #3051 ) ;
#5433 = ORIENTED_EDGE ( 'NONE', *, *, #5938, .F. ) ;
#5434 = CARTESIAN_POINT ( 'NONE',  ( -5.450000000000000178, 1.550000000000000044, 0.9000000000000000222 ) ) ;
#5435 = CARTESIAN_POINT ( 'NONE',  ( -7.500000000000000000, 1.849999999999000000, 4.400000000000000355 ) ) ;
#5436 = VERTEX_POINT ( 'NONE', #4694 ) ;
#5437 = DIRECTION ( 'NONE',  ( 0.000000000000000000, 1.000000000000000000, 0.000000000000000000 ) ) ;
#5438 = CARTESIAN_POINT ( 'NONE',  ( -5.450000000000000178, 13.68089176689499986, 0.9000000000000000222 ) ) ;
#5439 = CARTESIAN_POINT ( 'NONE',  ( -6.400000000000000355, -5.149999999999000266, 0.000000000000000000 ) ) ;
#5440 = ORIENTED_EDGE ( 'NONE', *, *, #7241, .F. ) ;
#5441 = DIRECTION ( 'NONE',  ( 0.3236155771183229501, -0.8891264907158876740, 0.3236155771183229501 ) ) ;
#5442 = ORIENTED_EDGE ( 'NONE', *, *, #7347, .F. ) ;
#5443 = CARTESIAN_POINT ( 'NONE',  ( 0.2478642292900000155, -1.281119758356000116, 0.2010000000000000120 ) ) ;
#5444 = EDGE_LOOP ( 'NONE', ( #6016, #7463, #5742, #1564 ) ) ;
#5445 = VECTOR ( 'NONE', #4038, 1000.000000000000000 ) ;
#5446 = AXIS2_PLACEMENT_3D ( 'NONE', #8423, #4394, #7628 ) ;
#5447 = EDGE_CURVE ( 'NONE', #3524, #2722, #7926, .T. ) ;
#5448 = VERTEX_POINT ( 'NONE', #2304 ) ;
#5449 = LINE ( 'NONE', #7988, #9174 ) ;
#5450 = EDGE_CURVE ( 'NONE', #9627, #5818, #8776, .T. ) ;
#5451 = DIRECTION ( 'NONE',  ( 0.000000000000000000, -1.000000000000000000, -3.491481338843000432E-15 ) ) ;
#5452 = CARTESIAN_POINT ( 'NONE',  ( -0.9820328743680000194, -1.221668538844000063, 0.2000000000000000111 ) ) ;
#5453 = DIRECTION ( 'NONE',  ( 0.000000000000000000, -3.578217512641000256E-15, 1.000000000000000000 ) ) ;
#5454 = DIRECTION ( 'NONE',  ( -0.000000000000000000, 0.9993908270191130816, 0.03489949670200395010 ) ) ;
#5455 = ORIENTED_EDGE ( 'NONE', *, *, #3989, .F. ) ;
#5456 = VECTOR ( 'NONE', #10202, 1000.000000000000114 ) ;
#5457 = CIRCLE ( 'NONE', #3753, 0.7399999999989999022 ) ;
#5458 = CARTESIAN_POINT ( 'NONE',  ( 0.5523320803380000754, -1.138835844881999959, 0.2010000000000000120 ) ) ;
#5459 = CARTESIAN_POINT ( 'NONE',  ( 6.150000000000000355, -4.649999999998999378, 1.199999999999000089 ) ) ;
#5460 = EDGE_CURVE ( 'NONE', #1351, #285, #977, .T. ) ;
#5461 = ORIENTED_EDGE ( 'NONE', *, *, #2543, .F. ) ;
#5462 = DIRECTION ( 'NONE',  ( 0.000000000000000000, -3.491481338843000432E-15, 1.000000000000000000 ) ) ;
#5463 = CARTESIAN_POINT ( 'NONE',  ( -0.5378983773709999916, -1.024123200552000013, 0.2000000000000000111 ) ) ;
#5464 = ADVANCED_FACE ( 'NONE', ( #9879 ), #135, .F. ) ;
#5465 = VECTOR ( 'NONE', #3408, 1000.000000000000000 ) ;
#5466 = AXIS2_PLACEMENT_3D ( 'NONE', #6373, #6960, #9598 ) ;
#5467 = DIRECTION ( 'NONE',  ( 0.4226182617403738684, -0.9063077870368018152, -3.164356725688798837E-15 ) ) ;
#5468 = LINE ( 'NONE', #10232, #2946 ) ;
#5469 = CARTESIAN_POINT ( 'NONE',  ( 5.450000000000000178, 1.250000000000000000, 1.500000000000000000 ) ) ;
#5470 = VERTEX_POINT ( 'NONE', #8129 ) ;
#5471 = EDGE_CURVE ( 'NONE', #74, #5724, #3996, .T. ) ;
#5472 = CARTESIAN_POINT ( 'NONE',  ( 0.6191715059240000540, -1.092578674578000175, 0.2000000000000000111 ) ) ;
#5473 = ORIENTED_EDGE ( 'NONE', *, *, #6384, .F. ) ;
#5474 = CARTESIAN_POINT ( 'NONE',  ( -0.8749444597340000351, -0.9228880510390000680, 0.2000000000000000111 ) ) ;
#5475 = DIRECTION ( 'NONE',  ( 0.000000000000000000, 1.000000000000000000, 3.584412953627000671E-15 ) ) ;
#5476 = ADVANCED_FACE ( 'NONE', ( #2509 ), #9088, .F. ) ;
#5477 = CARTESIAN_POINT ( 'NONE',  ( -0.3972520246490000018, -1.304030939482999862, 0.2010000000000000120 ) ) ;
#5478 = AXIS2_PLACEMENT_3D ( 'NONE', #1368, #8739, #1426 ) ;
#5479 = CARTESIAN_POINT ( 'NONE',  ( -0.4816610941129999546, -1.334989255760999916, 0.2010000000000000120 ) ) ;
#5480 = CARTESIAN_POINT ( 'NONE',  ( -5.450000000000000178, 1.250000000000000000, 1.500000000000000000 ) ) ;
#5481 = CARTESIAN_POINT ( 'NONE',  ( -9.840731680114000568, -2.849999999999000000, 1.199999999999000089 ) ) ;
#5482 = DIRECTION ( 'NONE',  ( -1.000000000000000000, 0.000000000000000000, 0.000000000000000000 ) ) ;
#5483 = ORIENTED_EDGE ( 'NONE', *, *, #5471, .F. ) ;
#5484 = VECTOR ( 'NONE', #4771, 1000.000000000000000 ) ;
#5485 = DIRECTION ( 'NONE',  ( -0.3420201433253704515, 0.9396926207860168967, 0.000000000000000000 ) ) ;
#5486 = EDGE_LOOP ( 'NONE', ( #5703, #632, #6392, #4527 ) ) ;
#5487 = ORIENTED_EDGE ( 'NONE', *, *, #10049, .T. ) ;
#5488 = ADVANCED_FACE ( 'NONE', ( #5856 ), #4798, .T. ) ;
#5489 = ORIENTED_EDGE ( 'NONE', *, *, #7544, .F. ) ;
#5490 = CARTESIAN_POINT ( 'NONE',  ( 3.250000000000000000, 2.550000000000000266, 0.9000000000000000222 ) ) ;
#5491 = VECTOR ( 'NONE', #5617, 1000.000000000000114 ) ;
#5492 = ORIENTED_EDGE ( 'NONE', *, *, #1948, .T. ) ;
#5493 = LINE ( 'NONE', #4693, #4102 ) ;
#5494 = DIRECTION ( 'NONE',  ( 0.000000000000000000, -3.491481338843000432E-15, 1.000000000000000000 ) ) ;
#5495 = ADVANCED_FACE ( 'NONE', ( #10466, #8234 ), #5804, .T. ) ;
#5496 = CARTESIAN_POINT ( 'NONE',  ( 0.3492326879009999829, -0.9109306611129999176, 0.2000000000000000111 ) ) ;
#5497 = ADVANCED_FACE ( 'NONE', ( #8032 ), #1718, .F. ) ;
#5498 = ORIENTED_EDGE ( 'NONE', *, *, #9372, .F. ) ;
#5499 = DIRECTION ( 'NONE',  ( 0.4226182617403738684, 0.9063077870368018152, 3.164356725688798837E-15 ) ) ;
#5500 = ORIENTED_EDGE ( 'NONE', *, *, #5211, .T. ) ;
#5501 = DIRECTION ( 'NONE',  ( -1.000000000000000000, 0.000000000000000000, 0.000000000000000000 ) ) ;
#5502 = VECTOR ( 'NONE', #7616, 1000.000000000000000 ) ;
#5503 = ORIENTED_EDGE ( 'NONE', *, *, #2287, .T. ) ;
#5504 = B_SPLINE_CURVE_WITH_KNOTS ( 'NONE', 3,
 ( #5629, #1649, #8859, #8112, #10448, #5682, #1701, #5528, #1600, #6425, #8167, #4778, #4083, #909, #3931, #7272, #67, #8759, #855 ),
 .UNSPECIFIED., .F., .F.,
 ( 4, 1, 1, 1, 1, 1, 1, 1, 1, 1, 1, 1, 1, 1, 1, 1, 4 ),
 ( 0.000000000000000000, 0.06806869584399999340, 0.1334274328179999858, 0.1961460338129999981, 0.2570485924490000240, 0.3168826631589999887, 0.3761872086659999725, 0.4359603353629999956, 0.4965352368620000179, 0.5574653434799999863, 0.6176868634100000088, 0.6779436406959999939, 0.7388052848060000510, 0.8009493367659999974, 0.8648146674700000203, 0.9310247810780000188, 1.000000000000000000 ),
 .UNSPECIFIED. ) ;
#5505 = VERTEX_POINT ( 'NONE', #6604 ) ;
#5506 = DIRECTION ( 'NONE',  ( 0.000000000000000000, -1.000000000000000000, -2.168404344981855311E-15 ) ) ;
#5507 = DIRECTION ( 'NONE',  ( 0.000000000000000000, -3.491481338843000432E-15, 1.000000000000000000 ) ) ;
#5508 = DIRECTION ( 'NONE',  ( 0.000000000000000000, -3.646367363483000567E-15, 1.000000000000000000 ) ) ;
#5509 = PLANE ( 'NONE',  #1311 ) ;
#5510 = CARTESIAN_POINT ( 'NONE',  ( 0.6113065252799999572, -1.198539331253000162, 0.2010000000000000120 ) ) ;
#5511 = VECTOR ( 'NONE', #8710, 1000.000000000000000 ) ;
#5512 = ORIENTED_EDGE ( 'NONE', *, *, #2615, .F. ) ;
#5513 = DIRECTION ( 'NONE',  ( -1.000000000000000000, 0.000000000000000000, 0.000000000000000000 ) ) ;
#5514 = CARTESIAN_POINT ( 'NONE',  ( -1.105794307295000056, -1.361912441282999930, 0.2010000000000000120 ) ) ;
#5515 = ORIENTED_EDGE ( 'NONE', *, *, #6423, .T. ) ;
#5516 = CARTESIAN_POINT ( 'NONE',  ( 0.3007214527859999875, -0.8606482724180000154, 0.2000000000000000111 ) ) ;
#5517 = EDGE_CURVE ( 'NONE', #6547, #5132, #9722, .T. ) ;
#5518 = CARTESIAN_POINT ( 'NONE',  ( 0.2616922499719999684, -1.288908352243999911, 0.2010000000000000120 ) ) ;
#5519 = EDGE_CURVE ( 'NONE', #9311, #1800, #9038, .T. ) ;
#5520 = CARTESIAN_POINT ( 'NONE',  ( -3.429999999998999627, 1.765641600482000140, 3.103489949670000136 ) ) ;
#5521 = DIRECTION ( 'NONE',  ( -1.000000000000000000, 0.000000000000000000, 0.000000000000000000 ) ) ;
#5522 = DIRECTION ( 'NONE',  ( 0.000000000000000000, -1.000000000000000000, -3.491481338843000432E-15 ) ) ;
#5523 = VERTEX_POINT ( 'NONE', #926 ) ;
#5524 = CARTESIAN_POINT ( 'NONE',  ( 0.4182440948499999700, -0.8599611451990000210, 0.2000000000000000111 ) ) ;
#5525 = ORIENTED_EDGE ( 'NONE', *, *, #2699, .F. ) ;
#5526 = CARTESIAN_POINT ( 'NONE',  ( 4.069999999999000195, 2.405251729774000147, 3.125825627559000175 ) ) ;
#5527 = CARTESIAN_POINT ( 'NONE',  ( -3.888014882865999944, 5.250000000000000000, 0.4580148828660000060 ) ) ;
#5528 = CARTESIAN_POINT ( 'NONE',  ( -0.5763819766710001069, -1.254261863543000066, 0.2000000000000000111 ) ) ;
#5529 = DIRECTION ( 'NONE',  ( 1.000000000000000000, 0.000000000000000000, 0.000000000000000000 ) ) ;
#5530 = DIRECTION ( 'NONE',  ( -1.000000000000000000, 0.000000000000000000, 0.000000000000000000 ) ) ;
#5531 = DIRECTION ( 'NONE',  ( 0.000000000000000000, -3.491481338843000432E-15, 1.000000000000000000 ) ) ;
#5532 = DIRECTION ( 'NONE',  ( 0.000000000000000000, 3.491481338845460101E-15, -1.000000000000000000 ) ) ;
#5533 = EDGE_CURVE ( 'NONE', #5136, #1351, #9822, .T. ) ;
#5534 = EDGE_LOOP ( 'NONE', ( #8836, #8773, #7066, #8047 ) ) ;
#5535 = PLANE ( 'NONE',  #2629 ) ;
#5536 = VERTEX_POINT ( 'NONE', #776 ) ;
#5537 = ORIENTED_EDGE ( 'NONE', *, *, #5278, .F. ) ;
#5538 = VERTEX_POINT ( 'NONE', #7288 ) ;
#5539 = CARTESIAN_POINT ( 'NONE',  ( 0.08323008294800000872, -1.136302685186000083, 0.2000000000000000111 ) ) ;
#5540 = EDGE_LOOP ( 'NONE', ( #5169, #800, #7919, #3636, #7141, #1343, #9363 ) ) ;
#5541 = CARTESIAN_POINT ( 'NONE',  ( -0.9299999999989999599, 2.405251729774000147, 3.125825627559000175 ) ) ;
#5542 = PLANE ( 'NONE',  #7449 ) ;
#5543 = DIRECTION ( 'NONE',  ( 0.000000000000000000, 0.7071067811865474617, -0.7071067811865474617 ) ) ;
#5544 = ORIENTED_EDGE ( 'NONE', *, *, #3767, .F. ) ;
#5545 = AXIS2_PLACEMENT_3D ( 'NONE', #1348, #10359, #7873 ) ;
#5546 = CARTESIAN_POINT ( 'NONE',  ( 0.6198154488019999020, -1.121344605917000026, 0.2000000000000000111 ) ) ;
#5547 = ORIENTED_EDGE ( 'NONE', *, *, #2948, .F. ) ;
#5548 = VECTOR ( 'NONE', #2288, 1000.000000000000000 ) ;
#5549 = EDGE_CURVE ( 'NONE', #10200, #5053, #6443, .T. ) ;
#5550 = DIRECTION ( 'NONE',  ( 1.000000000000000000, 0.000000000000000000, 0.000000000000000000 ) ) ;
#5551 = ORIENTED_EDGE ( 'NONE', *, *, #6691, .T. ) ;
#5552 = ORIENTED_EDGE ( 'NONE', *, *, #4324, .F. ) ;
#5553 = CYLINDRICAL_SURFACE ( 'NONE', #6644, 0.1999999999989995891 ) ;
#5554 = CARTESIAN_POINT ( 'NONE',  ( 0.4570358225460000035, -0.9321945420649999647, 0.2010000000000000120 ) ) ;
#5555 = DIRECTION ( 'NONE',  ( -0.7071067811865474617, 0.7071067811865474617, 2.468850131083908146E-15 ) ) ;
#5556 = DIRECTION ( 'NONE',  ( -1.000000000000000000, 0.000000000000000000, 0.000000000000000000 ) ) ;
#5557 = DIRECTION ( 'NONE',  ( -1.239088197125999924E-16, 1.000000000000000000, 0.000000000000000000 ) ) ;
#5558 = VERTEX_POINT ( 'NONE', #1665 ) ;
#5559 = CARTESIAN_POINT ( 'NONE',  ( -0.5437506766680000325, -1.292245904725000116, 0.2010000000000000120 ) ) ;
#5560 = ADVANCED_FACE ( 'NONE', ( #9667 ), #28, .T. ) ;
#5561 = EDGE_CURVE ( 'NONE', #6768, #1542, #5010, .T. ) ;
#5562 = PLANE ( 'NONE',  #6580 ) ;
#5563 = EDGE_CURVE ( 'NONE', #389, #7612, #6657, .T. ) ;
#5564 = ORIENTED_EDGE ( 'NONE', *, *, #1362, .F. ) ;
#5565 = VERTEX_POINT ( 'NONE', #3255 ) ;
#5566 = CARTESIAN_POINT ( 'NONE',  ( -3.659951660893999925, 5.381786995874000112, 0.2299516608950000485 ) ) ;
#5567 = CARTESIAN_POINT ( 'NONE',  ( 0.000000000000000000, 2.550000000000000266, 2.200000000000000178 ) ) ;
#5568 = DIRECTION ( 'NONE',  ( 0.000000000000000000, 1.000000000000000000, 0.000000000000000000 ) ) ;
#5569 = CARTESIAN_POINT ( 'NONE',  ( 0.9300000000000000488, -3.834297482219000575, 3.199999999999000089 ) ) ;
#5570 = LINE ( 'NONE', #59, #8479 ) ;
#5571 = VERTEX_POINT ( 'NONE', #869 ) ;
#5572 = CARTESIAN_POINT ( 'NONE',  ( -4.250000000000000000, 1.550000000000000044, 0.9000000000000000222 ) ) ;
#5573 = ORIENTED_EDGE ( 'NONE', *, *, #7205, .F. ) ;
#5574 = CARTESIAN_POINT ( 'NONE',  ( 0.2525559246769999988, -1.338587431972000141, 0.2000000000000000111 ) ) ;
#5575 = CYLINDRICAL_SURFACE ( 'NONE', #9269, 0.7399999999990000132 ) ;
#5576 = DIRECTION ( 'NONE',  ( 1.000000000000000000, 0.000000000000000000, 0.000000000000000000 ) ) ;
#5577 = EDGE_CURVE ( 'NONE', #8161, #3486, #3663, .T. ) ;
#5578 = CARTESIAN_POINT ( 'NONE',  ( -0.5437506766680000325, -1.292245904725000116, 0.2010000000000000120 ) ) ;
#5579 = CARTESIAN_POINT ( 'NONE',  ( 2.100000000000000089, 1.149999999998999822, 5.500000000000000888 ) ) ;
#5580 = LINE ( 'NONE', #6076, #7175 ) ;
#5581 = EDGE_CURVE ( 'NONE', #5721, #1358, #448, .T. ) ;
#5582 = CARTESIAN_POINT ( 'NONE',  ( 6.150000000000000355, -4.649999999998999378, 2.199999999999000089 ) ) ;
#5583 = EDGE_LOOP ( 'NONE', ( #3959, #7874, #62, #2311 ) ) ;
#5584 = CARTESIAN_POINT ( 'NONE',  ( -5.450000000000000178, -5.249999999998999911, 0.8999999999990001553 ) ) ;
#5585 = ORIENTED_EDGE ( 'NONE', *, *, #9662, .F. ) ;
#5586 = ORIENTED_EDGE ( 'NONE', *, *, #9059, .F. ) ;
#5587 = EDGE_CURVE ( 'NONE', #1251, #1780, #3462, .T. ) ;
#5588 = VECTOR ( 'NONE', #5961, 1000.000000000000000 ) ;
#5589 = CARTESIAN_POINT ( 'NONE',  ( -5.450000000000000178, 2.549999999998999733, 3.700000000000000178 ) ) ;
#5590 = AXIS2_PLACEMENT_3D ( 'NONE', #8283, #8387, #7703 ) ;
#5591 = ORIENTED_EDGE ( 'NONE', *, *, #5239, .T. ) ;
#5592 = DIRECTION ( 'NONE',  ( -1.000000000000000000, 0.000000000000000000, 0.000000000000000000 ) ) ;
#5593 = LINE ( 'NONE', #6285, #10487 ) ;
#5594 = ADVANCED_FACE ( 'NONE', ( #6916 ), #10131, .T. ) ;
#5595 = PLANE ( 'NONE',  #5432 ) ;
#5596 = ORIENTED_EDGE ( 'NONE', *, *, #788, .F. ) ;
#5597 = DIRECTION ( 'NONE',  ( 0.000000000000000000, 3.491481338843000432E-15, -1.000000000000000000 ) ) ;
#5598 = VERTEX_POINT ( 'NONE', #1243 ) ;
#5599 = VECTOR ( 'NONE', #1367, 1000.000000000000000 ) ;
#5600 = LINE ( 'NONE', #7044, #3133 ) ;
#5601 = ADVANCED_FACE ( 'NONE', ( #1927, #6011 ), #1130, .T. ) ;
#5602 = ORIENTED_EDGE ( 'NONE', *, *, #3779, .T. ) ;
#5603 = VERTEX_POINT ( 'NONE', #341 ) ;
#5604 = PLANE ( 'NONE',  #8492 ) ;
#5605 = VECTOR ( 'NONE', #9823, 1000.000000000000114 ) ;
#5606 = CARTESIAN_POINT ( 'NONE',  ( 0.4044284950629999931, -0.9139291986370000620, 0.2010000000000000120 ) ) ;
#5607 = DIRECTION ( 'NONE',  ( 0.000000000000000000, 1.000000000000000000, 3.491481338843000432E-15 ) ) ;
#5608 = ORIENTED_EDGE ( 'NONE', *, *, #6554, .F. ) ;
#5609 = VECTOR ( 'NONE', #917, 1000.000000000000000 ) ;
#5610 = VECTOR ( 'NONE', #8698, 1000.000000000000000 ) ;
#5611 = CARTESIAN_POINT ( 'NONE',  ( 3.429999999998999627, 4.750000000000000000, 1.000013873792005015E-12 ) ) ;
#5612 = EDGE_CURVE ( 'NONE', #8140, #790, #7399, .T. ) ;
#5613 = ORIENTED_EDGE ( 'NONE', *, *, #183, .F. ) ;
#5614 = CARTESIAN_POINT ( 'NONE',  ( -0.9299999999989999599, 2.490036550378000424, 0.6979060301970000380 ) ) ;
#5615 = ORIENTED_EDGE ( 'NONE', *, *, #6270, .F. ) ;
#5616 = CARTESIAN_POINT ( 'NONE',  ( -0.4975087886999999820, -0.9642726217829998836, 0.2000000000000000111 ) ) ;
#5617 = DIRECTION ( 'NONE',  ( -0.3420201433253704515, -0.9396926207860168967, -3.280919249725549977E-15 ) ) ;
#5618 = VECTOR ( 'NONE', #3360, 1000.000000000000000 ) ;
#5619 = VECTOR ( 'NONE', #1579, 1000.000000000000000 ) ;
#5620 = EDGE_CURVE ( 'NONE', #2797, #2924, #7549, .T. ) ;
#5621 = CARTESIAN_POINT ( 'NONE',  ( 3.429999999998999627, 2.550000000000000266, 0.6999999999999999556 ) ) ;
#5622 = DIRECTION ( 'NONE',  ( 1.000000000000000000, 0.000000000000000000, 0.000000000000000000 ) ) ;
#5623 = ADVANCED_FACE ( 'NONE', ( #292 ), #5166, .F. ) ;
#5624 = ORIENTED_EDGE ( 'NONE', *, *, #481, .F. ) ;
#5625 = LINE ( 'NONE', #4831, #619 ) ;
#5626 = ORIENTED_EDGE ( 'NONE', *, *, #9536, .F. ) ;
#5627 = CARTESIAN_POINT ( 'NONE',  ( -0.8669414109530000356, -0.9579490266489999462, 0.2000000000000000111 ) ) ;
#5628 = FACE_OUTER_BOUND ( 'NONE', #8073, .T. ) ;
#5629 = CARTESIAN_POINT ( 'NONE',  ( -0.6179894292460000882, -1.105624331527000015, 0.2000000000000000111 ) ) ;
#5630 = AXIS2_PLACEMENT_3D ( 'NONE', #3307, #6549, #4901 ) ;
#5631 = VECTOR ( 'NONE', #7334, 1000.000000000000000 ) ;
#5632 = DIRECTION ( 'NONE',  ( 1.000000000000000000, 0.000000000000000000, 0.000000000000000000 ) ) ;
#5633 = DIRECTION ( 'NONE',  ( 0.000000000000000000, -0.3420201433253705070, -0.9396926207860170077 ) ) ;
#5634 = CARTESIAN_POINT ( 'NONE',  ( 0.2750481398469999950, -0.9285664359769999487, 0.2010000000000000120 ) ) ;
#5635 = CARTESIAN_POINT ( 'NONE',  ( -0.2826235755870000199, -1.307034392503000131, 0.2000000000000000111 ) ) ;
#5636 = LINE ( 'NONE', #3399, #1885 ) ;
#5637 = ORIENTED_EDGE ( 'NONE', *, *, #739, .F. ) ;
#5638 = VECTOR ( 'NONE', #6735, 1000.000000000000000 ) ;
#5639 = FACE_OUTER_BOUND ( 'NONE', #6932, .T. ) ;
#5640 = ORIENTED_EDGE ( 'NONE', *, *, #9508, .T. ) ;
#5641 = ORIENTED_EDGE ( 'NONE', *, *, #9465, .F. ) ;
#5642 = CARTESIAN_POINT ( 'NONE',  ( 5.450000000000000178, 1.550000000000000044, 0.9000000000000000222 ) ) ;
#5643 = EDGE_CURVE ( 'NONE', #4049, #4576, #241, .T. ) ;
#5644 = ORIENTED_EDGE ( 'NONE', *, *, #8736, .T. ) ;
#5645 = LINE ( 'NONE', #3049, #218 ) ;
#5646 = DIRECTION ( 'NONE',  ( 0.000000000000000000, 3.491481338843000432E-15, -1.000000000000000000 ) ) ;
#5647 = VECTOR ( 'NONE', #3523, 1000.000000000000000 ) ;
#5648 = EDGE_CURVE ( 'NONE', #2129, #1377, #1016, .T. ) ;
#5649 = DIRECTION ( 'NONE',  ( -1.000000000000000000, 0.000000000000000000, 0.000000000000000000 ) ) ;
#5650 = EDGE_LOOP ( 'NONE', ( #9657, #7904, #6213, #10261 ) ) ;
#5651 = ADVANCED_FACE ( 'NONE', ( #2773 ), #1184, .T. ) ;
#5652 = DIRECTION ( 'NONE',  ( 1.000000000000000000, 0.000000000000000000, 0.000000000000000000 ) ) ;
#5653 = EDGE_LOOP ( 'NONE', ( #7515, #6930, #3783, #6885, #5159, #7720, #1347 ) ) ;
#5654 = AXIS2_PLACEMENT_3D ( 'NONE', #72, #7382, #6701 ) ;
#5655 = CARTESIAN_POINT ( 'NONE',  ( 0.2930266601670000193, -1.355793539630999911, 0.2000000000000000111 ) ) ;
#5656 = CARTESIAN_POINT ( 'NONE',  ( -6.899999999999999467, -4.262771867673000870, 0.000000000000000000 ) ) ;
#5657 = PLANE ( 'NONE',  #10293 ) ;
#5658 = ORIENTED_EDGE ( 'NONE', *, *, #7184, .F. ) ;
#5659 = CARTESIAN_POINT ( 'NONE',  ( -0.09359918534300000481, -1.136302685186000083, 0.2010000000000000120 ) ) ;
#5660 = LINE ( 'NONE', #10478, #6439 ) ;
#5661 = LINE ( 'NONE', #152, #9875 ) ;
#5662 = CIRCLE ( 'NONE', #8874, 0.1999999999989995891 ) ;
#5663 = LINE ( 'NONE', #3170, #2665 ) ;
#5664 = EDGE_CURVE ( 'NONE', #6035, #3586, #396, .T. ) ;
#5665 = ORIENTED_EDGE ( 'NONE', *, *, #1079, .F. ) ;
#5666 = ORIENTED_EDGE ( 'NONE', *, *, #4404, .T. ) ;
#5667 = VECTOR ( 'NONE', #3529, 1000.000000000000000 ) ;
#5668 = CARTESIAN_POINT ( 'NONE',  ( -0.1179894292460000049, -1.361912441282999930, 0.2010000000000000120 ) ) ;
#5669 = ORIENTED_EDGE ( 'NONE', *, *, #7951, .F. ) ;
#5670 = SURFACE_STYLE_USAGE ( .BOTH. , #3176 ) ;
#5671 = ORIENTED_EDGE ( 'NONE', *, *, #3457, .F. ) ;
#5672 = FACE_OUTER_BOUND ( 'NONE', #4076, .T. ) ;
#5673 = AXIS2_PLACEMENT_3D ( 'NONE', #327, #4138, #5787 ) ;
#5674 = CARTESIAN_POINT ( 'NONE',  ( 0.9300000000000000488, 1.665702517779999781, 3.200000000000000178 ) ) ;
#5675 = CARTESIAN_POINT ( 'NONE',  ( -0.8785368180059999199, -0.9338239978529999652, 0.2010000000000000120 ) ) ;
#5676 = DIRECTION ( 'NONE',  ( 0.3236155771183229501, -0.8891264907158876740, 0.3236155771183229501 ) ) ;
#5677 = EDGE_LOOP ( 'NONE', ( #10113, #5596, #7386, #3315 ) ) ;
#5678 = CARTESIAN_POINT ( 'NONE',  ( -1.570000000000000062, 1.549999999998999956, 3.840000000000000302 ) ) ;
#5679 = ORIENTED_EDGE ( 'NONE', *, *, #4419, .T. ) ;
#5680 = CARTESIAN_POINT ( 'NONE',  ( -0.8676971229180000522, -0.9556700876460000327, 0.2000000000000000111 ) ) ;
#5681 = LINE ( 'NONE', #8858, #9773 ) ;
#5682 = CARTESIAN_POINT ( 'NONE',  ( -0.5998915495580000590, -1.210360737355999916, 0.2000000000000000111 ) ) ;
#5683 = EDGE_CURVE ( 'NONE', #8933, #8769, #2824, .T. ) ;
#5684 = ADVANCED_FACE ( 'NONE', ( #9555 ), #1499, .F. ) ;
#5685 = FACE_OUTER_BOUND ( 'NONE', #10091, .T. ) ;
#5686 = LINE ( 'NONE', #7431, #7023 ) ;
#5687 = DIRECTION ( 'NONE',  ( 0.000000000000000000, -3.491481338843000432E-15, 1.000000000000000000 ) ) ;
#5688 = DIRECTION ( 'NONE',  ( 0.000000000000000000, 1.000000000000000000, 3.491481338843000432E-15 ) ) ;
#5689 = CARTESIAN_POINT ( 'NONE',  ( -0.3563659536359999880, -0.9167904900640000410, 0.2010000000000000120 ) ) ;
#5690 = ORIENTED_EDGE ( 'NONE', *, *, #491, .F. ) ;
#5691 = DIRECTION ( 'NONE',  ( -1.000000000000000000, 0.000000000000000000, 0.000000000000000000 ) ) ;
#5692 = ORIENTED_EDGE ( 'NONE', *, *, #9312, .F. ) ;
#5693 = VECTOR ( 'NONE', #9178, 1000.000000000000000 ) ;
#5694 = ORIENTED_EDGE ( 'NONE', *, *, #4887, .F. ) ;
#5695 = EDGE_CURVE ( 'NONE', #31, #7924, #4728, .T. ) ;
#5696 = LINE ( 'NONE', #3305, #9103 ) ;
#5697 = ORIENTED_EDGE ( 'NONE', *, *, #164, .T. ) ;
#5698 = DIRECTION ( 'NONE',  ( 0.000000000000000000, 1.000000000000000000, 0.000000000000000000 ) ) ;
#5699 = DIRECTION ( 'NONE',  ( 0.000000000000000000, -1.000000000000000000, -3.491481338843000432E-15 ) ) ;
#5700 = CARTESIAN_POINT ( 'NONE',  ( 0.3922744457879999702, -0.8564371810039999033, 0.2010000000000000120 ) ) ;
#5701 = VERTEX_POINT ( 'NONE', #7121 ) ;
#5702 = DIRECTION ( 'NONE',  ( 0.000000000000000000, 3.491481338845085392E-15, -1.000000000000000000 ) ) ;
#5703 = ORIENTED_EDGE ( 'NONE', *, *, #7771, .T. ) ;
#5704 = CARTESIAN_POINT ( 'NONE',  ( 2.899999999998999822, 0.8499999999999999778, 2.700000000000000178 ) ) ;
#5705 = CARTESIAN_POINT ( 'NONE',  ( 4.599999999998999556, 0.8499999999999999778, 2.700000000000000178 ) ) ;
#5706 = EDGE_CURVE ( 'NONE', #5538, #4775, #10190, .T. ) ;
#5707 = DIRECTION ( 'NONE',  ( 1.000000000000000000, 0.000000000000000000, 0.000000000000000000 ) ) ;
#5708 = ORIENTED_EDGE ( 'NONE', *, *, #5195, .T. ) ;
#5709 = VECTOR ( 'NONE', #2109, 1000.000000000000000 ) ;
#5710 = DIRECTION ( 'NONE',  ( 1.000000000000000000, 0.000000000000000000, 0.000000000000000000 ) ) ;
#5711 = ADVANCED_FACE ( 'NONE', ( #3145 ), #8712, .T. ) ;
#5712 = CARTESIAN_POINT ( 'NONE',  ( 3.200000000000000178, 1.149999999999999911, 2.700000000000000178 ) ) ;
#5713 = CARTESIAN_POINT ( 'NONE',  ( 4.299999999999999822, 0.9499999999999999556, 0.9000000000000000222 ) ) ;
#5714 = PRODUCT_CONTEXT ( 'NONE', #4199, 'mechanical' ) ;
#5715 = EDGE_CURVE ( 'NONE', #3400, #5335, #4053, .T. ) ;
#5716 = ORIENTED_EDGE ( 'NONE', *, *, #8791, .T. ) ;
#5717 = VECTOR ( 'NONE', #1128, 1000.000000000000000 ) ;
#5718 = ORIENTED_EDGE ( 'NONE', *, *, #275, .F. ) ;
#5719 = CARTESIAN_POINT ( 'NONE',  ( 0.1503032536799999985, -1.361912441282999930, 0.2010000000000000120 ) ) ;
#5720 = VECTOR ( 'NONE', #3419, 1000.000000000000000 ) ;
#5721 = VERTEX_POINT ( 'NONE', #1451 ) ;
#5722 = CARTESIAN_POINT ( 'NONE',  ( 0.9185959366070000076, -0.8619124412830000415, 0.2010000000000000120 ) ) ;
#5723 = B_SPLINE_SURFACE_WITH_KNOTS ( 'NONE', 3, 1, ( 
 ( #4858, #4055 ),
 ( #4462, #2078 ),
 ( #3773, #3033 ),
 ( #5477, #6962 ),
 ( #9339, #1449 ),
 ( #7908, #8546 ),
 ( #6912, #2982 ),
 ( #6268, #9288 ),
 ( #3660, #652 ),
 ( #3714, #6165 ),
 ( #2868, #543 ),
 ( #3826, #3877 ),
 ( #7860, #4564 ),
 ( #5419, #6059 ),
 ( #6215, #7700 ),
 ( #600, #9495 ),
 ( #7018, #10128 ),
 ( #1392, #5319 ),
 ( #443, #6108 ) ),
 .UNSPECIFIED., .F., .F., .F.,
 ( 4, 1, 1, 1, 1, 1, 1, 1, 1, 1, 1, 1, 1, 1, 1, 1, 4 ),
 ( 2, 2 ),
 ( 0.000000000000000000, 0.07082657255500000859, 0.1381690332790000142, 0.2024753315329999859, 0.2639737544130000280, 0.3233803205979999817, 0.3817976227129999955, 0.4393900745190000290, 0.4969027245450000074, 0.5546621696089999443, 0.6127418784920000139, 0.6715388363909999825, 0.7316557220899999603, 0.7942978116129999488, 0.8594822049789999641, 0.9276813254519999941, 1.000000000000000000 ),
 ( 0.000000000000000000, 1.000000000000000000 ),
 .UNSPECIFIED. ) ;
#5724 = VERTEX_POINT ( 'NONE', #10295 ) ;
#5725 = ADVANCED_FACE ( 'NONE', ( #9344 ), #10349, .T. ) ;
#5726 = DIRECTION ( 'NONE',  ( 0.000000000000000000, -0.7071067811865475727, 0.7071067811865475727 ) ) ;
#5727 = VECTOR ( 'NONE', #6309, 1000.000000000000000 ) ;
#5728 = LINE ( 'NONE', #56, #3282 ) ;
#5729 = FACE_OUTER_BOUND ( 'NONE', #7605, .T. ) ;
#5730 = CARTESIAN_POINT ( 'NONE',  ( -3.149999999998999822, -1.750000000000000000, 6.199999999999000089 ) ) ;
#5731 = EDGE_LOOP ( 'NONE', ( #4306, #3111, #10440, #8950 ) ) ;
#5732 = DIRECTION ( 'NONE',  ( 0.000000000000000000, -1.000000000000000000, -3.491481338843000432E-15 ) ) ;
#5733 = ORIENTED_EDGE ( 'NONE', *, *, #8660, .F. ) ;
#5734 = DIRECTION ( 'NONE',  ( 0.000000000000000000, -1.000000000000000000, -3.455341266426000612E-15 ) ) ;
#5735 = DIRECTION ( 'NONE',  ( 0.000000000000000000, -1.000000000000000000, -3.491481338843000432E-15 ) ) ;
#5736 = DIRECTION ( 'NONE',  ( -1.000000000000000000, 0.000000000000000000, 0.000000000000000000 ) ) ;
#5737 = CARTESIAN_POINT ( 'NONE',  ( 6.150000000000000355, -4.649999999998999378, 2.199999999999000089 ) ) ;
#5738 = CARTESIAN_POINT ( 'NONE',  ( -0.3658377088399999977, -0.8621171872600000841, 0.2010000000000000120 ) ) ;
#5739 = CARTESIAN_POINT ( 'NONE',  ( 0.3337404873670000161, -0.9125509779080001049, 0.2010000000000000120 ) ) ;
#5740 = CARTESIAN_POINT ( 'NONE',  ( -3.429999999998999627, 4.750000000000000000, 0.6400000000000000133 ) ) ;
#5741 = DIRECTION ( 'NONE',  ( 0.000000000000000000, -3.491481338843000432E-15, 1.000000000000000000 ) ) ;
#5742 = ORIENTED_EDGE ( 'NONE', *, *, #5264, .T. ) ;
#5743 = CARTESIAN_POINT ( 'NONE',  ( -3.429999999998999627, 2.550000000000000266, 0.6999999999999999556 ) ) ;
#5744 = VERTEX_POINT ( 'NONE', #5421 ) ;
#5745 = ORIENTED_EDGE ( 'NONE', *, *, #1079, .T. ) ;
#5746 = EDGE_CURVE ( 'NONE', #4210, #7603, #549, .T. ) ;
#5747 = CARTESIAN_POINT ( 'NONE',  ( 3.850000000000000089, -1.750000000000000000, 6.199999999999000089 ) ) ;
#5748 = FACE_OUTER_BOUND ( 'NONE', #9417, .T. ) ;
#5749 = DIRECTION ( 'NONE',  ( 0.000000000000000000, 1.000000000000000000, 0.000000000000000000 ) ) ;
#5750 = FACE_OUTER_BOUND ( 'NONE', #672, .T. ) ;
#5751 = ORIENTED_EDGE ( 'NONE', *, *, #289, .F. ) ;
#5752 = CARTESIAN_POINT ( 'NONE',  ( 6.150000000000000355, -4.649999999998999378, 2.199999999999000089 ) ) ;
#5753 = EDGE_CURVE ( 'NONE', #4734, #7924, #2081, .T. ) ;
#5754 = EDGE_CURVE ( 'NONE', #5371, #5233, #3937, .T. ) ;
#5755 = CARTESIAN_POINT ( 'NONE',  ( -0.5611510057309999633, -0.9449479623269999573, 0.2010000000000000120 ) ) ;
#5756 = ORIENTED_EDGE ( 'NONE', *, *, #6423, .F. ) ;
#5757 = VECTOR ( 'NONE', #4902, 1000.000000000000000 ) ;
#5758 = CARTESIAN_POINT ( 'NONE',  ( 0.3854404488020000130, -1.368010002259000046, 0.2000000000000000111 ) ) ;
#5759 = DIRECTION ( 'NONE',  ( 0.3393303772742736757, 0.9406672605437583767, 3.272463625005641606E-15 ) ) ;
#5760 = DIRECTION ( 'NONE',  ( -1.000000000000000000, 0.000000000000000000, 0.000000000000000000 ) ) ;
#5761 = ORIENTED_EDGE ( 'NONE', *, *, #2471, .T. ) ;
#5762 = CARTESIAN_POINT ( 'NONE',  ( -5.450000000000000178, 1.849999999999000000, 4.400000000000000355 ) ) ;
#5763 = CARTESIAN_POINT ( 'NONE',  ( -1.570000000000000062, 2.405251729774000147, 3.125825627559000175 ) ) ;
#5764 = CARTESIAN_POINT ( 'NONE',  ( 0.5235850133789999861, -0.9968247977590000142, 0.2000000000000000111 ) ) ;
#5765 = DIRECTION ( 'NONE',  ( 0.000000000000000000, 1.000000000000000000, 3.491481338843000432E-15 ) ) ;
#5766 = VECTOR ( 'NONE', #4217, 1000.000000000000000 ) ;
#5767 = ORIENTED_EDGE ( 'NONE', *, *, #5447, .F. ) ;
#5768 = ORIENTED_EDGE ( 'NONE', *, *, #6672, .T. ) ;
#5769 = DIRECTION ( 'NONE',  ( -1.000000000000000000, 0.000000000000000000, 0.000000000000000000 ) ) ;
#5770 = ADVANCED_FACE ( 'NONE', ( #6170 ), #3879, .F. ) ;
#5771 = VERTEX_POINT ( 'NONE', #2934 ) ;
#5772 = DIRECTION ( 'NONE',  ( -1.000000000000000000, 0.000000000000000000, 0.000000000000000000 ) ) ;
#5773 = VECTOR ( 'NONE', #5806, 1000.000000000000000 ) ;
#5774 = EDGE_CURVE ( 'NONE', #5795, #5448, #1396, .T. ) ;
#5775 = VERTEX_POINT ( 'NONE', #2186 ) ;
#5776 = LINE ( 'NONE', #9008, #4425 ) ;
#5777 = DIRECTION ( 'NONE',  ( 1.000000000000000000, 0.000000000000000000, 0.000000000000000000 ) ) ;
#5778 = LINE ( 'NONE', #1002, #1759 ) ;
#5779 = LINE ( 'NONE', #847, #8143 ) ;
#5780 = VERTEX_POINT ( 'NONE', #3718 ) ;
#5781 = VERTEX_POINT ( 'NONE', #603 ) ;
#5782 = VECTOR ( 'NONE', #9177, 1000.000000000000000 ) ;
#5783 = AXIS2_PLACEMENT_3D ( 'NONE', #2755, #4291, #2009 ) ;
#5784 = LINE ( 'NONE', #4776, #10371 ) ;
#5785 = EDGE_CURVE ( 'NONE', #9519, #3632, #2132, .T. ) ;
#5786 = DIRECTION ( 'NONE',  ( 0.000000000000000000, -3.491481338843000432E-15, 1.000000000000000000 ) ) ;
#5787 = DIRECTION ( 'NONE',  ( 0.000000000000000000, 0.000000000000000000, 1.000000000000000000 ) ) ;
#5788 = DIRECTION ( 'NONE',  ( -1.000000000000000000, 0.000000000000000000, 0.000000000000000000 ) ) ;
#5789 = VECTOR ( 'NONE', #6474, 1000.000000000000000 ) ;
#5790 = VECTOR ( 'NONE', #1796, 1000.000000000000114 ) ;
#5791 = CARTESIAN_POINT ( 'NONE',  ( -0.6177898452989999400, -1.096560848241999953, 0.2010000000000000120 ) ) ;
#5792 = DIRECTION ( 'NONE',  ( 0.3236155771183229501, -0.8891264907158876740, 0.3236155771183229501 ) ) ;
#5793 = DIRECTION ( 'NONE',  ( 0.000000000000000000, 3.491481338843000432E-15, -1.000000000000000000 ) ) ;
#5794 = DIRECTION ( 'NONE',  ( 0.000000000000000000, 3.584412953627000671E-15, -1.000000000000000000 ) ) ;
#5795 = VERTEX_POINT ( 'NONE', #10402 ) ;
#5796 = DIRECTION ( 'NONE',  ( 0.000000000000000000, -1.000000000000000000, -4.336808689942015369E-15 ) ) ;
#5797 = EDGE_CURVE ( 'NONE', #2724, #9767, #1339, .T. ) ;
#5798 = VECTOR ( 'NONE', #5227, 1000.000000000000000 ) ;
#5799 = AXIS2_PLACEMENT_3D ( 'NONE', #9082, #9715, #8120 ) ;
#5800 = VERTEX_POINT ( 'NONE', #2985 ) ;
#5801 = ORIENTED_EDGE ( 'NONE', *, *, #10242, .T. ) ;
#5802 = LINE ( 'NONE', #9086, #5205 ) ;
#5803 = DIRECTION ( 'NONE',  ( 1.000000000000000000, 0.000000000000000000, 0.000000000000000000 ) ) ;
#5804 = PLANE ( 'NONE',  #680 ) ;
#5805 = VECTOR ( 'NONE', #8108, 1000.000000000000000 ) ;
#5806 = DIRECTION ( 'NONE',  ( 1.000000000000000000, 0.000000000000000000, 0.000000000000000000 ) ) ;
#5807 = VECTOR ( 'NONE', #3650, 1000.000000000000000 ) ;
#5808 = EDGE_LOOP ( 'NONE', ( #8188, #1042, #4487, #8251 ) ) ;
#5809 = CARTESIAN_POINT ( 'NONE',  ( 3.429999999998999627, 5.250000000000000000, 0.1819851171340000351 ) ) ;
#5810 = DIRECTION ( 'NONE',  ( 0.000000000000000000, -1.000000000000000000, -3.491481338843000432E-15 ) ) ;
#5812 = EDGE_CURVE ( 'NONE', #1207, #10318, #8549, .T. ) ;
#5811 = VERTEX_POINT ( 'NONE', #6966 ) ;
#5813 = PLANE ( 'NONE',  #4354 ) ;
#5814 = LINE ( 'NONE', #9731, #3802 ) ;
#5815 = CARTESIAN_POINT ( 'NONE',  ( -0.4989779268760000663, -1.254673345256999806, 0.2010000000000000120 ) ) ;
#5816 = VECTOR ( 'NONE', #8764, 1000.000000000000000 ) ;
#5817 = EDGE_CURVE ( 'NONE', #8840, #7768, #7070, .T. ) ;
#5818 = VERTEX_POINT ( 'NONE', #8065 ) ;
#5819 = EDGE_CURVE ( 'NONE', #1251, #2892, #7381, .T. ) ;
#5820 = LINE ( 'NONE', #9147, #2235 ) ;
#5821 = DIRECTION ( 'NONE',  ( 0.000000000000000000, -1.000000000000000000, -3.491481338843000432E-15 ) ) ;
#5822 = DIRECTION ( 'NONE',  ( -1.000000000000000000, 0.000000000000000000, 0.000000000000000000 ) ) ;
#5823 = LINE ( 'NONE', #7666, #5647 ) ;
#5824 = VERTEX_POINT ( 'NONE', #8919 ) ;
#5825 = DIRECTION ( 'NONE',  ( 1.000000000000000000, 0.000000000000000000, 0.000000000000000000 ) ) ;
#5826 = ORIENTED_EDGE ( 'NONE', *, *, #9782, .T. ) ;
#5827 = AXIS2_PLACEMENT_3D ( 'NONE', #3242, #5895, #177 ) ;
#5828 = ORIENTED_EDGE ( 'NONE', *, *, #4376, .T. ) ;
#5829 = CARTESIAN_POINT ( 'NONE',  ( -0.8772574723689998688, -0.9267317380249999736, 0.2000000000000000111 ) ) ;
#5830 = ORIENTED_EDGE ( 'NONE', *, *, #8375, .T. ) ;
#5831 = DIRECTION ( 'NONE',  ( 0.000000000000000000, -1.000000000000000000, -3.491481338843000432E-15 ) ) ;
#5832 = EDGE_LOOP ( 'NONE', ( #4894, #2088, #3506, #9595 ) ) ;
#5833 = CARTESIAN_POINT ( 'NONE',  ( -0.7754779963190000514, -1.221668538844000063, 0.2010000000000000120 ) ) ;
#5834 = VECTOR ( 'NONE', #9867, 1000.000000000000000 ) ;
#5835 = DIRECTION ( 'NONE',  ( 1.000000000000000000, 0.000000000000000000, 0.000000000000000000 ) ) ;
#5836 = CARTESIAN_POINT ( 'NONE',  ( 7.499999999998999911, -4.649999999998999378, 2.699999999999000089 ) ) ;
#5837 = CARTESIAN_POINT ( 'NONE',  ( -0.5438027827079999765, -1.042772573957000182, 0.2000000000000000111 ) ) ;
#5838 = ORIENTED_EDGE ( 'NONE', *, *, #9019, .F. ) ;
#5839 = CARTESIAN_POINT ( 'NONE',  ( 4.599999999998999556, 0.8499999999989999999, 5.500000000000000888 ) ) ;
#5840 = LINE ( 'NONE', #4292, #5046 ) ;
#5841 = PLANE ( 'NONE',  #5673 ) ;
#5842 = EDGE_CURVE ( 'NONE', #2797, #4919, #945, .T. ) ;
#5843 = VECTOR ( 'NONE', #6510, 1000.000000000000227 ) ;
#5844 = CARTESIAN_POINT ( 'NONE',  ( -1.576283622504999871, 4.732735889054000111, 0.6462836225050000438 ) ) ;
#5845 = CARTESIAN_POINT ( 'NONE',  ( -0.5245578117180000888, -0.9123377009409999738, 0.2010000000000000120 ) ) ;
#5846 = DIRECTION ( 'NONE',  ( 0.000000000000000000, -1.000000000000000000, -3.491481338843000432E-15 ) ) ;
#5847 = DIRECTION ( 'NONE',  ( 0.000000000000000000, -3.491481338843000432E-15, 1.000000000000000000 ) ) ;
#5848 = LINE ( 'NONE', #2391, #4416 ) ;
#5849 = DIRECTION ( 'NONE',  ( 0.000000000000000000, -3.491481338843000432E-15, 1.000000000000000000 ) ) ;
#5850 = ORIENTED_EDGE ( 'NONE', *, *, #2443, .F. ) ;
#5851 = CARTESIAN_POINT ( 'NONE',  ( 6.899999999999999467, -5.149999999999000266, -2.061552812807999846 ) ) ;
#5852 = VERTEX_POINT ( 'NONE', #8811 ) ;
#5853 = DIRECTION ( 'NONE',  ( 1.000000000000000000, 0.000000000000000000, 0.000000000000000000 ) ) ;
#5854 = EDGE_CURVE ( 'NONE', #4270, #8204, #4195, .T. ) ;
#5855 = DIRECTION ( 'NONE',  ( 1.270795280836009862E-15, 0.000000000000000000, 1.000000000000000000 ) ) ;
#5856 = FACE_OUTER_BOUND ( 'NONE', #9492, .T. ) ;
#5857 = CARTESIAN_POINT ( 'NONE',  ( -0.3563659536359999880, -0.9167904900640000410, 0.2000000000000000111 ) ) ;
#5858 = ORIENTED_EDGE ( 'NONE', *, *, #7881, .T. ) ;
#5859 = CARTESIAN_POINT ( 'NONE',  ( 1.570000000000000062, 2.550000000000000266, 0.6400000000000000133 ) ) ;
#5860 = VECTOR ( 'NONE', #5849, 1000.000000000000000 ) ;
#5861 = LINE ( 'NONE', #4907, #8125 ) ;
#5862 = VERTEX_POINT ( 'NONE', #6379 ) ;
#5863 = LINE ( 'NONE', #8989, #2663 ) ;
#5864 = CARTESIAN_POINT ( 'NONE',  ( -0.5382809819410000474, -1.191138415801000106, 0.2010000000000000120 ) ) ;
#5865 = ORIENTED_EDGE ( 'NONE', *, *, #6426, .F. ) ;
#5866 = CARTESIAN_POINT ( 'NONE',  ( 1.570000000000000062, -3.334297482219000575, 0.6999999999990000887 ) ) ;
#5867 = DIRECTION ( 'NONE',  ( 0.000000000000000000, -1.000000000000000000, -3.491481338843000432E-15 ) ) ;
#5868 = CARTESIAN_POINT ( 'NONE',  ( 0.5327433634899999548, -1.013837887803000104, 0.2000000000000000111 ) ) ;
#5869 = CARTESIAN_POINT ( 'NONE',  ( -0.5437018679519999287, -0.9277788850829999934, 0.2000000000000000111 ) ) ;
#5870 = EDGE_LOOP ( 'NONE', ( #9887, #6918, #1004, #1586 ) ) ;
#5871 = EDGE_LOOP ( 'NONE', ( #625, #970, #3640, #7169 ) ) ;
#5872 = ADVANCED_FACE ( 'NONE', ( #10454 ), #7230, .T. ) ;
#5873 = ORIENTED_EDGE ( 'NONE', *, *, #2340, .F. ) ;
#5874 = CARTESIAN_POINT ( 'NONE',  ( -3.934924240490999647, -1.834924240491000003, 6.199999999999000089 ) ) ;
#5875 = EDGE_LOOP ( 'NONE', ( #6933, #4002, #6880, #5138 ) ) ;
#5876 = FACE_OUTER_BOUND ( 'NONE', #387, .T. ) ;
#5877 = VECTOR ( 'NONE', #1088, 1000.000000000000000 ) ;
#5878 = EDGE_LOOP ( 'NONE', ( #10396, #3721, #8597, #3884, #2178, #2035 ) ) ;
#5879 = DIRECTION ( 'NONE',  ( 0.000000000000000000, -1.000000000000000000, -3.491481338843000432E-15 ) ) ;
#5880 = CARTESIAN_POINT ( 'NONE',  ( 0.4915767354669999811, -1.272784665316000208, 0.2000000000000000111 ) ) ;
#5881 = CARTESIAN_POINT ( 'NONE',  ( -0.8822331139650000376, -0.9514003536289999952, 0.2000000000000000111 ) ) ;
#5882 = CARTESIAN_POINT ( 'NONE',  ( -0.3634855917390000246, -0.9169369871479999823, 0.2000000000000000111 ) ) ;
#5883 = VECTOR ( 'NONE', #7938, 1000.000000000000000 ) ;
#5884 = ORIENTED_EDGE ( 'NONE', *, *, #2290, .T. ) ;
#5885 = EDGE_CURVE ( 'NONE', #8239, #8204, #9603, .T. ) ;
#5886 = VECTOR ( 'NONE', #7352, 1000.000000000000000 ) ;
#5887 = CARTESIAN_POINT ( 'NONE',  ( 6.400000000000000355, 2.550000000000000266, 2.200000000000000178 ) ) ;
#5888 = EDGE_CURVE ( 'NONE', #8228, #7302, #4839, .T. ) ;
#5889 = PLANE ( 'NONE',  #3006 ) ;
#5890 = CARTESIAN_POINT ( 'NONE',  ( 6.400000000000000355, -4.262771867673000870, 0.000000000000000000 ) ) ;
#5891 = VECTOR ( 'NONE', #4993, 1000.000000000000000 ) ;
#5892 = DIRECTION ( 'NONE',  ( -1.000000000000000000, 0.000000000000000000, 0.000000000000000000 ) ) ;
#5893 = LINE ( 'NONE', #9124, #8192 ) ;
#5894 = CARTESIAN_POINT ( 'NONE',  ( -0.7277455268069999983, -1.361912441282999930, 0.2010000000000000120 ) ) ;
#5895 = DIRECTION ( 'NONE',  ( 1.000000000000000000, 0.000000000000000000, 0.000000000000000000 ) ) ;
#5896 = LINE ( 'NONE', #5157, #6796 ) ;
#5897 = DIRECTION ( 'NONE',  ( 0.000000000000000000, -3.304235192336000456E-15, 1.000000000000000000 ) ) ;
#5898 = ORIENTED_EDGE ( 'NONE', *, *, #7186, .T. ) ;
#5899 = LINE ( 'NONE', #6707, #4613 ) ;
#5900 = EDGE_LOOP ( 'NONE', ( #3796, #7468, #5830, #2841 ) ) ;
#5901 = EDGE_CURVE ( 'NONE', #3620, #207, #6540, .T. ) ;
#5902 = FACE_OUTER_BOUND ( 'NONE', #5302, .T. ) ;
#5903 = EDGE_CURVE ( 'NONE', #4920, #215, #3193, .T. ) ;
#5904 = LINE ( 'NONE', #1820, #3591 ) ;
#5905 = CARTESIAN_POINT ( 'NONE',  ( 0.4725814845449999857, -0.9419364457209999930, 0.2000000000000000111 ) ) ;
#5906 = EDGE_CURVE ( 'NONE', #7619, #7612, #123, .T. ) ;
#5907 = CARTESIAN_POINT ( 'NONE',  ( -0.5504338823319999685, -1.084506565457999949, 0.2010000000000000120 ) ) ;
#5908 = ORIENTED_EDGE ( 'NONE', *, *, #7814, .T. ) ;
#5909 = CARTESIAN_POINT ( 'NONE',  ( 5.450000000000000178, -5.249999999998999911, 0.8999999999990001553 ) ) ;
#5910 = ORIENTED_EDGE ( 'NONE', *, *, #10020, .T. ) ;
#5911 = EDGE_CURVE ( 'NONE', #8569, #9001, #4999, .T. ) ;
#5912 = ORIENTED_EDGE ( 'NONE', *, *, #5944, .T. ) ;
#5913 = EDGE_CURVE ( 'NONE', #9155, #2271, #6593, .T. ) ;
#5914 = CARTESIAN_POINT ( 'NONE',  ( -0.5509162585139999457, -1.107053447380999867, 0.2010000000000000120 ) ) ;
#5915 = ORIENTED_EDGE ( 'NONE', *, *, #1275, .T. ) ;
#5916 = DIRECTION ( 'NONE',  ( 1.000000000000000000, 0.000000000000000000, 0.000000000000000000 ) ) ;
#5917 = LINE ( 'NONE', #1097, #6610 ) ;
#5918 = CARTESIAN_POINT ( 'NONE',  ( 6.150000000000000355, 1.549999999998999956, 6.200000000000000178 ) ) ;
#5919 = FACE_OUTER_BOUND ( 'NONE', #6437, .T. ) ;
#5920 = EDGE_CURVE ( 'NONE', #1795, #9631, #1606, .T. ) ;
#5921 = ORIENTED_EDGE ( 'NONE', *, *, #9656, .T. ) ;
#5922 = CARTESIAN_POINT ( 'NONE',  ( 0.3275102095630000321, -1.363779172285999985, 0.2010000000000000120 ) ) ;
#5923 = ORIENTED_EDGE ( 'NONE', *, *, #9382, .F. ) ;
#5924 = AXIS2_PLACEMENT_3D ( 'NONE', #2455, #7240, #5749 ) ;
#5925 = ORIENTED_EDGE ( 'NONE', *, *, #3437, .T. ) ;
#5926 = EDGE_CURVE ( 'NONE', #2638, #7221, #7432, .T. ) ;
#5927 = CARTESIAN_POINT ( 'NONE',  ( -4.069999999999000195, 1.665702517779999781, 3.840000000000000302 ) ) ;
#5928 = EDGE_LOOP ( 'NONE', ( #4366, #1503, #8790, #8728 ) ) ;
#5929 = DIRECTION ( 'NONE',  ( 1.000000000000000000, 0.000000000000000000, 0.000000000000000000 ) ) ;
#5930 = ORIENTED_EDGE ( 'NONE', *, *, #825, .T. ) ;
#5931 = FACE_OUTER_BOUND ( 'NONE', #1341, .T. ) ;
#5932 = AXIS2_PLACEMENT_3D ( 'NONE', #7300, #834, #4915 ) ;
#5933 = DIRECTION ( 'NONE',  ( 0.000000000000000000, 0.000000000000000000, 1.000000000000000000 ) ) ;
#5934 = LINE ( 'NONE', #5299, #6332 ) ;
#5935 = CARTESIAN_POINT ( 'NONE',  ( -0.5303621121910000458, -1.006896030579000012, 0.2010000000000000120 ) ) ;
#5936 = ORIENTED_EDGE ( 'NONE', *, *, #3499, .F. ) ;
#5937 = CARTESIAN_POINT ( 'NONE',  ( -0.8836573974160000233, -0.9559541094229999647, 0.2010000000000000120 ) ) ;
#5938 = EDGE_CURVE ( 'NONE', #8009, #1419, #2496, .T. ) ;
#5939 = AXIS2_PLACEMENT_3D ( 'NONE', #411, #10207, #2951 ) ;
#5940 = CARTESIAN_POINT ( 'NONE',  ( -6.150000000000000355, -2.750000000000000000, 4.299999999998999733 ) ) ;
#5941 = DIRECTION ( 'NONE',  ( 1.000000000000000000, 0.000000000000000000, 0.000000000000000000 ) ) ;
#5942 = CARTESIAN_POINT ( 'NONE',  ( -5.450000000000000178, 1.149999999999999911, 0.9000000000000000222 ) ) ;
#5943 = ADVANCED_FACE ( 'NONE', ( #4891 ), #858, .T. ) ;
#5944 = EDGE_CURVE ( 'NONE', #2623, #7871, #9809, .T. ) ;
#5945 = CARTESIAN_POINT ( 'NONE',  ( 5.450000000000000178, 13.68089176689499986, 4.000000000000000000 ) ) ;
#5946 = VECTOR ( 'NONE', #10297, 1000.000000000000000 ) ;
#5947 = PLANE ( 'NONE',  #1921 ) ;
#5948 = CYLINDRICAL_SURFACE ( 'NONE', #4594, 0.1999999999989995891 ) ;
#5949 = DIRECTION ( 'NONE',  ( 0.000000000000000000, -1.000000000000000000, -3.304235192336775906E-15 ) ) ;
#5950 = ORIENTED_EDGE ( 'NONE', *, *, #6403, .F. ) ;
#5951 = FACE_OUTER_BOUND ( 'NONE', #9183, .T. ) ;
#5952 = VECTOR ( 'NONE', #765, 1000.000000000000000 ) ;
#5953 = CIRCLE ( 'NONE', #702, 0.1999999999989995891 ) ;
#5954 = ORIENTED_EDGE ( 'NONE', *, *, #1858, .T. ) ;
#5955 = DIRECTION ( 'NONE',  ( -0.9396926207860170077, -0.3420201433253705070, -1.194156947931292167E-15 ) ) ;
#5956 = FACE_OUTER_BOUND ( 'NONE', #5677, .T. ) ;
#5957 = CARTESIAN_POINT ( 'NONE',  ( 0.3850177562070000170, -0.9111242837939999006, 0.2000000000000000111 ) ) ;
#5958 = LINE ( 'NONE', #3147, #6449 ) ;
#5959 = ORIENTED_EDGE ( 'NONE', *, *, #3999, .T. ) ;
#5960 = AXIS2_PLACEMENT_3D ( 'NONE', #4060, #4273, #1676 ) ;
#5961 = DIRECTION ( 'NONE',  ( 0.000000000000000000, -3.491481338843000432E-15, 1.000000000000000000 ) ) ;
#5962 = ORIENTED_EDGE ( 'NONE', *, *, #1126, .F. ) ;
#5963 = ORIENTED_EDGE ( 'NONE', *, *, #7825, .T. ) ;
#5964 = ADVANCED_FACE ( 'NONE', ( #4298 ), #6087, .F. ) ;
#5965 = ORIENTED_EDGE ( 'NONE', *, *, #2244, .F. ) ;
#5966 = DIRECTION ( 'NONE',  ( 0.000000000000000000, 0.03489949670200395010, -0.9993908270191130816 ) ) ;
#5967 = VECTOR ( 'NONE', #8616, 1000.000000000000000 ) ;
#5968 = AXIS2_PLACEMENT_3D ( 'NONE', #3302, #6544, #5796 ) ;
#5969 = ORIENTED_EDGE ( 'NONE', *, *, #5030, .F. ) ;
#5970 = EDGE_CURVE ( 'NONE', #4794, #1207, #1269, .T. ) ;
#5971 = CARTESIAN_POINT ( 'NONE',  ( 0.4872170650739999775, -0.9532843719080000833, 0.2010000000000000120 ) ) ;
#5972 = DIRECTION ( 'NONE',  ( -0.9396926207860170077, 0.3420201433253705070, 1.194156947931292562E-15 ) ) ;
#5973 = LINE ( 'NONE', #6982, #8650 ) ;
#5974 = LINE ( 'NONE', #412, #5134 ) ;
#5975 = ADVANCED_FACE ( 'NONE', ( #2962 ), #6939, .T. ) ;
#5976 = ORIENTED_EDGE ( 'NONE', *, *, #6810, .F. ) ;
#5977 = CARTESIAN_POINT ( 'NONE',  ( 0.4110937769099999861, -1.367437859133999956, 0.2010000000000000120 ) ) ;
#5979 = ORIENTED_EDGE ( 'NONE', *, *, #7777, .F. ) ;
#5978 = VERTEX_POINT ( 'NONE', #9918 ) ;
#5980 = VERTEX_POINT ( 'NONE', #5049 ) ;
#5981 = AXIS2_PLACEMENT_3D ( 'NONE', #4275, #6829, #2788 ) ;
#5982 = CARTESIAN_POINT ( 'NONE',  ( -6.400000000000000355, -5.149999999999000266, 0.000000000000000000 ) ) ;
#5983 = VERTEX_POINT ( 'NONE', #6891 ) ;
#5984 = CARTESIAN_POINT ( 'NONE',  ( -4.316846170922000958, -4.609415119349999479, 6.199999999999000089 ) ) ;
#5985 = ORIENTED_EDGE ( 'NONE', *, *, #497, .F. ) ;
#5986 = LINE ( 'NONE', #7677, #9340 ) ;
#5987 = CARTESIAN_POINT ( 'NONE',  ( 0.5256424684189999752, -1.231565733819999897, 0.2010000000000000120 ) ) ;
#5988 = EDGE_CURVE ( 'NONE', #1596, #1777, #5400, .T. ) ;
#5989 = VECTOR ( 'NONE', #5144, 1000.000000000000000 ) ;
#5990 = DIRECTION ( 'NONE',  ( 1.000000000000000000, 0.000000000000000000, 0.000000000000000000 ) ) ;
#5991 = CARTESIAN_POINT ( 'NONE',  ( -0.3563659536359999880, -0.9167904900640000410, 0.2000000000000000111 ) ) ;
#5992 = ORIENTED_EDGE ( 'NONE', *, *, #3735, .F. ) ;
#5993 = CARTESIAN_POINT ( 'NONE',  ( -1.032623575587000131, -1.361912441282999930, 0.2010000000000000120 ) ) ;
#5994 = CARTESIAN_POINT ( 'NONE',  ( 0.2478642292900000155, -1.281119758356000116, 0.2010000000000000120 ) ) ;
#5995 = DIRECTION ( 'NONE',  ( 1.000000000000000000, 0.000000000000000000, 0.000000000000000000 ) ) ;
#5996 = VECTOR ( 'NONE', #6749, 1000.000000000000000 ) ;
#5997 = CARTESIAN_POINT ( 'NONE',  ( 0.5023030599809999996, -1.342029249550000136, 0.2000000000000000111 ) ) ;
#5998 = DIRECTION ( 'NONE',  ( -1.000000000000000000, 0.000000000000000000, 0.000000000000000000 ) ) ;
#5999 = CARTESIAN_POINT ( 'NONE',  ( -5.450000000000000178, -2.250000000000000000, 4.299999999998999733 ) ) ;
#6000 = CARTESIAN_POINT ( 'NONE',  ( 4.069999999999000195, -3.334297482219000575, 3.199999999999000089 ) ) ;
#6001 = CARTESIAN_POINT ( 'NONE',  ( 0.000000000000000000, -0.2499999999989999944, 0.2010000000010000176 ) ) ;
#6002 = ORIENTED_EDGE ( 'NONE', *, *, #7342, .T. ) ;
#6003 = VECTOR ( 'NONE', #10322, 1000.000000000000000 ) ;
#6004 = FACE_OUTER_BOUND ( 'NONE', #7834, .T. ) ;
#6005 = ADVANCED_FACE ( 'NONE', ( #6144 ), #3691, .T. ) ;
#6006 = EDGE_CURVE ( 'NONE', #2097, #1846, #4544, .T. ) ;
#6007 = AXIS2_PLACEMENT_3D ( 'NONE', #2310, #8624, #8037 ) ;
#6008 = CARTESIAN_POINT ( 'NONE',  ( -4.599999999998999556, 1.149999999998999822, 5.500000000000000888 ) ) ;
#6009 = CARTESIAN_POINT ( 'NONE',  ( -0.2826235755870000199, -0.9167904900640000410, 0.2000000000000000111 ) ) ;
#6010 = LINE ( 'NONE', #9240, #391 ) ;
#6011 = FACE_OUTER_BOUND ( 'NONE', #8875, .T. ) ;
#6012 = CARTESIAN_POINT ( 'NONE',  ( -0.5210821964410000673, -0.9911897663640000244, 0.2010000000000000120 ) ) ;
#6013 = VECTOR ( 'NONE', #9706, 1000.000000000000000 ) ;
#6014 = EDGE_LOOP ( 'NONE', ( #6945, #9093, #4093, #4808 ) ) ;
#6015 = LINE ( 'NONE', #5909, #5081 ) ;
#6016 = ORIENTED_EDGE ( 'NONE', *, *, #4573, .F. ) ;
#6017 = ORIENTED_EDGE ( 'NONE', *, *, #4475, .T. ) ;
#6018 = ADVANCED_FACE ( 'NONE', ( #6995 ), #5296, .T. ) ;
#6019 = VERTEX_POINT ( 'NONE', #7837 ) ;
#6020 = CARTESIAN_POINT ( 'NONE',  ( 0.5409194940560000386, -1.197928560355000061, 0.2000000000000000111 ) ) ;
#6021 = ORIENTED_EDGE ( 'NONE', *, *, #9536, .T. ) ;
#6022 = DIRECTION ( 'NONE',  ( 0.000000000000000000, 1.000000000000000000, 3.491481338843000432E-15 ) ) ;
#6023 = LINE ( 'NONE', #8352, #1689 ) ;
#6024 = CARTESIAN_POINT ( 'NONE',  ( 3.611985117132999967, 5.250000000000000000, 0.6400000000000000133 ) ) ;
#6025 = DIRECTION ( 'NONE',  ( -1.000000000000000000, 0.000000000000000000, 0.000000000000000000 ) ) ;
#6026 = EDGE_LOOP ( 'NONE', ( #6773, #5908, #9456, #10009 ) ) ;
#6027 = CARTESIAN_POINT ( 'NONE',  ( 0.4593481462329999654, -1.358937325555999776, 0.2010000000000000120 ) ) ;
#6029 = VERTEX_POINT ( 'NONE', #3450 ) ;
#6028 = ORIENTED_EDGE ( 'NONE', *, *, #9216, .T. ) ;
#6030 = EDGE_CURVE ( 'NONE', #6080, #1251, #1861, .T. ) ;
#6031 = ORIENTED_EDGE ( 'NONE', *, *, #2142, .F. ) ;
#6032 = LINE ( 'NONE', #9262, #5502 ) ;
#6033 = VERTEX_POINT ( 'NONE', #9374 ) ;
#6034 = EDGE_CURVE ( 'NONE', #1176, #10310, #2162, .T. ) ;
#6035 = VERTEX_POINT ( 'NONE', #3747 ) ;
#6036 = DIRECTION ( 'NONE',  ( 0.000000000000000000, -1.000000000000000000, -3.491481338843000432E-15 ) ) ;
#6037 = EDGE_CURVE ( 'NONE', #7610, #9371, #5349, .T. ) ;
#6038 = DIRECTION ( 'NONE',  ( 0.000000000000000000, -1.000000000000000000, -3.491481338843000432E-15 ) ) ;
#6039 = B_SPLINE_SURFACE_WITH_KNOTS ( 'NONE', 3, 1, ( 
 ( #8213, #220 ),
 ( #9748, #9698 ),
 ( #3440, #5881 ),
 ( #2483, #2431 ),
 ( #5675, #10063 ),
 ( #1958, #6040 ),
 ( #9320, #1905 ) ),
 .UNSPECIFIED., .F., .F., .F.,
 ( 4, 1, 1, 1, 4 ),
 ( 2, 2 ),
 ( 0.000000000000000000, 0.1744817153170000190, 0.3982857591280000165, 0.6738978473979999606, 1.000000000000000000 ),
 ( 0.000000000000000000, 1.000000000000000000 ),
 .UNSPECIFIED. ) ;
#6040 = CARTESIAN_POINT ( 'NONE',  ( -0.8772574723689998688, -0.9267317380249999736, 0.2000000000000000111 ) ) ;
#6041 = CARTESIAN_POINT ( 'NONE',  ( -0.3977088499089999618, -0.9194499928670000211, 0.2000000000000000111 ) ) ;
#6042 = ORIENTED_EDGE ( 'NONE', *, *, #2960, .T. ) ;
#6043 = DIRECTION ( 'NONE',  ( -1.000000000000000000, 0.000000000000000000, 0.000000000000000000 ) ) ;
#6044 = CARTESIAN_POINT ( 'NONE',  ( 0.3407003924979999931, -1.311292395434999980, 0.2010000000000000120 ) ) ;
#6045 = EDGE_CURVE ( 'NONE', #6019, #5980, #8577, .T. ) ;
#6046 = DIRECTION ( 'NONE',  ( 0.000000000000000000, 1.000000000000000000, 3.491481338843000432E-15 ) ) ;
#6047 = CARTESIAN_POINT ( 'NONE',  ( -3.250000000000000000, 1.850000000000000089, 0.9000000000000000222 ) ) ;
#6048 = EDGE_CURVE ( 'NONE', #10420, #9843, #7460, .T. ) ;
#6049 = CIRCLE ( 'NONE', #8760, 0.7000000000000000666 ) ;
#6050 = CARTESIAN_POINT ( 'NONE',  ( 4.599999999998999556, 0.8499999999989999999, 5.500000000000000888 ) ) ;
#6051 = VECTOR ( 'NONE', #7922, 1000.000000000000000 ) ;
#6052 = LINE ( 'NONE', #10121, #1420 ) ;
#6053 = LINE ( 'NONE', #4455, #2897 ) ;
#6054 = ORIENTED_EDGE ( 'NONE', *, *, #9185, .T. ) ;
#6055 = CARTESIAN_POINT ( 'NONE',  ( 4.069999999999000195, -3.334297482219000575, 3.199999999999000089 ) ) ;
#6056 = ORIENTED_EDGE ( 'NONE', *, *, #4382, .F. ) ;
#6057 = DIRECTION ( 'NONE',  ( 0.000000000000000000, -3.491481338843000432E-15, 1.000000000000000000 ) ) ;
#6058 = AXIS2_PLACEMENT_3D ( 'NONE', #10342, #8758, #7173 ) ;
#6059 = CARTESIAN_POINT ( 'NONE',  ( -0.5382809819410000474, -1.191138415801000106, 0.2000000000000000111 ) ) ;
#6060 = DIRECTION ( 'NONE',  ( 1.000000000000000000, 0.000000000000000000, 0.000000000000000000 ) ) ;
#6061 = DIRECTION ( 'NONE',  ( 0.000000000000000000, 3.584412953627000671E-15, -1.000000000000000000 ) ) ;
#6062 = DIRECTION ( 'NONE',  ( 0.000000000000000000, -1.000000000000000000, -3.491481338843000432E-15 ) ) ;
#6063 = VECTOR ( 'NONE', #3698, 1000.000000000000000 ) ;
#6064 = DIRECTION ( 'NONE',  ( 0.000000000000000000, -1.000000000000000000, -3.491481338843000432E-15 ) ) ;
#6065 = EDGE_LOOP ( 'NONE', ( #1287, #167, #398, #5979 ) ) ;
#6066 = DIRECTION ( 'NONE',  ( 0.000000000000000000, 1.000000000000000000, 3.491481338843000432E-15 ) ) ;
#6067 = ORIENTED_EDGE ( 'NONE', *, *, #7031, .T. ) ;
#6068 = EDGE_CURVE ( 'NONE', #5173, #745, #6646, .T. ) ;
#6069 = ORIENTED_EDGE ( 'NONE', *, *, #2678, .F. ) ;
#6070 = DIRECTION ( 'NONE',  ( -0.3420201433253704515, 0.9396926207860168967, 3.280919249725549977E-15 ) ) ;
#6071 = ORIENTED_EDGE ( 'NONE', *, *, #1756, .T. ) ;
#6072 = DIRECTION ( 'NONE',  ( 0.000000000000000000, 1.000000000000000000, 3.252606517472783164E-15 ) ) ;
#6073 = CARTESIAN_POINT ( 'NONE',  ( -7.499999999998999911, -4.649999999998999378, 2.699999999999000089 ) ) ;
#6074 = EDGE_CURVE ( 'NONE', #1720, #1560, #1071, .T. ) ;
#6075 = CARTESIAN_POINT ( 'NONE',  ( -5.450000000000000178, 1.149999999999999911, 0.9000000000000000222 ) ) ;
#6076 = CARTESIAN_POINT ( 'NONE',  ( 4.316846170922000958, -4.609415119349999479, 6.199999999999000089 ) ) ;
#6077 = EDGE_CURVE ( 'NONE', #1419, #6734, #425, .T. ) ;
#6078 = ORIENTED_EDGE ( 'NONE', *, *, #1507, .T. ) ;
#6079 = CARTESIAN_POINT ( 'NONE',  ( 0.3854404488020000130, -1.368010002259000046, 0.2010000000000000120 ) ) ;
#6081 = ORIENTED_EDGE ( 'NONE', *, *, #5059, .T. ) ;
#6080 = VERTEX_POINT ( 'NONE', #9318 ) ;
#6082 = VERTEX_POINT ( 'NONE', #2055 ) ;
#6083 = FACE_OUTER_BOUND ( 'NONE', #4796, .T. ) ;
#6084 = ORIENTED_EDGE ( 'NONE', *, *, #936, .F. ) ;
#6085 = VERTEX_POINT ( 'NONE', #4653 ) ;
#6086 = PLANE ( 'NONE',  #1723 ) ;
#6087 = PLANE ( 'NONE',  #6273 ) ;
#6088 = CARTESIAN_POINT ( 'NONE',  ( 0.5462256649050000190, -1.179378044765000189, 0.2010000000000000120 ) ) ;
#6089 = CARTESIAN_POINT ( 'NONE',  ( -6.400000000000000355, -4.837228132325999574, 0.000000000000000000 ) ) ;
#6090 = DIRECTION ( 'NONE',  ( -0.3420201433253704515, 0.9396926207860168967, 0.000000000000000000 ) ) ;
#6091 = VERTEX_POINT ( 'NONE', #7887 ) ;
#6092 = LINE ( 'NONE', #9381, #9168 ) ;
#6093 = LINE ( 'NONE', #4448, #9278 ) ;
#6094 = EDGE_CURVE ( 'NONE', #6575, #4010, #9473, .T. ) ;
#6095 = CARTESIAN_POINT ( 'NONE',  ( -6.400000000000000355, -5.149999999999000266, 1.999999999998999911 ) ) ;
#6096 = AXIS2_PLACEMENT_3D ( 'NONE', #6112, #10082, #5266 ) ;
#6097 = AXIS2_PLACEMENT_3D ( 'NONE', #2842, #2890, #10209 ) ;
#6098 = CARTESIAN_POINT ( 'NONE',  ( 0.3854404488020000130, -1.368010002259000046, 0.2000000000000000111 ) ) ;
#6099 = DIRECTION ( 'NONE',  ( 0.000000000000000000, 1.000000000000000000, 3.491481338843000432E-15 ) ) ;
#6100 = FACE_OUTER_BOUND ( 'NONE', #8071, .T. ) ;
#6101 = CARTESIAN_POINT ( 'NONE',  ( -3.429999999998999627, 5.250000000000000000, 0.4580148828660000060 ) ) ;
#6102 = ADVANCED_FACE ( 'NONE', ( #4706 ), #628, .T. ) ;
#6103 = EDGE_LOOP ( 'NONE', ( #556, #3618, #3042, #2954 ) ) ;
#6104 = CARTESIAN_POINT ( 'NONE',  ( 0.6102255188799999841, -1.038343197661999895, 0.2010000000000000120 ) ) ;
#6105 = VERTEX_POINT ( 'NONE', #7989 ) ;
#6106 = VECTOR ( 'NONE', #4945, 1000.000000000000000 ) ;
#6107 = DIRECTION ( 'NONE',  ( -1.000000000000000000, 0.000000000000000000, 0.000000000000000000 ) ) ;
#6108 = CARTESIAN_POINT ( 'NONE',  ( -0.5509162585139999457, -1.107053447380999867, 0.2000000000000000111 ) ) ;
#6109 = CARTESIAN_POINT ( 'NONE',  ( 1.570000000000000062, 2.550000000000000266, 1.000013873792005015E-12 ) ) ;
#6110 = AXIS2_PLACEMENT_3D ( 'NONE', #10094, #306, #2096 ) ;
#6111 = CARTESIAN_POINT ( 'NONE',  ( 0.000000000000000000, -0.2499999999989999944, 0.2010000000010000176 ) ) ;
#6112 = CARTESIAN_POINT ( 'NONE',  ( 5.000000000000000000, 0.8499999999999999778, 3.200000000000000178 ) ) ;
#6113 = CARTESIAN_POINT ( 'NONE',  ( -0.2826235755870000199, -1.307034392503000131, 0.2010000000000000120 ) ) ;
#6114 = EDGE_CURVE ( 'NONE', #5852, #6985, #2266, .T. ) ;
#6115 = ORIENTED_EDGE ( 'NONE', *, *, #3733, .T. ) ;
#6116 = CARTESIAN_POINT ( 'NONE',  ( 9.840731680114000568, -3.149999999998999822, 1.199999999999000089 ) ) ;
#6117 = ORIENTED_EDGE ( 'NONE', *, *, #8981, .T. ) ;
#6118 = CIRCLE ( 'NONE', #7304, 0.1999999999989995891 ) ;
#6119 = VECTOR ( 'NONE', #4236, 1000.000000000000000 ) ;
#6120 = EDGE_LOOP ( 'NONE', ( #5346, #7994, #8900, #2361 ) ) ;
#6121 = ORIENTED_EDGE ( 'NONE', *, *, #7338, .F. ) ;
#6122 = CARTESIAN_POINT ( 'NONE',  ( 0.5500012870270000187, -1.159674683842999876, 0.2000000000000000111 ) ) ;
#6123 = DIRECTION ( 'NONE',  ( 0.000000000000000000, -1.000000000000000000, -4.336808689963710622E-15 ) ) ;
#6124 = ORIENTED_EDGE ( 'NONE', *, *, #659, .T. ) ;
#6125 = CARTESIAN_POINT ( 'NONE',  ( 0.4044284950629999931, -0.9139291986370000620, 0.2010000000000000120 ) ) ;
#6126 = CARTESIAN_POINT ( 'NONE',  ( 2.899999999998999822, 1.149999999999999911, 2.700000000000000178 ) ) ;
#6127 = VECTOR ( 'NONE', #9165, 1000.000000000000000 ) ;
#6128 = VECTOR ( 'NONE', #4597, 1000.000000000000000 ) ;
#6129 = DIRECTION ( 'NONE',  ( 1.000000000000000000, 1.226529932838000023E-16, 4.282406372038000225E-31 ) ) ;
#6130 = ADVANCED_FACE ( 'NONE', ( #786 ), #9625, .F. ) ;
#6131 = ORIENTED_EDGE ( 'NONE', *, *, #82, .T. ) ;
#6132 = CARTESIAN_POINT ( 'NONE',  ( 0.2599585463979999789, -0.8707226035189999935, 0.2010000000000000120 ) ) ;
#6134 = ORIENTED_EDGE ( 'NONE', *, *, #1087, .T. ) ;
#6133 = ORIENTED_EDGE ( 'NONE', *, *, #254, .T. ) ;
#6135 = ORIENTED_EDGE ( 'NONE', *, *, #3091, .T. ) ;
#6136 = VECTOR ( 'NONE', #8031, 1000.000000000000000 ) ;
#6137 = AXIS2_PLACEMENT_3D ( 'NONE', #4843, #181, #9031 ) ;
#6138 = EDGE_CURVE ( 'NONE', #10473, #921, #4862, .T. ) ;
#6139 = DIRECTION ( 'NONE',  ( 0.000000000000000000, 1.000000000000000000, 3.491481338843000432E-15 ) ) ;
#6140 = EDGE_CURVE ( 'NONE', #6782, #9365, #733, .T. ) ;
#6141 = VERTEX_POINT ( 'NONE', #6246 ) ;
#6142 = ORIENTED_EDGE ( 'NONE', *, *, #10238, .F. ) ;
#6143 = DIRECTION ( 'NONE',  ( 0.000000000000000000, 3.491481338843000432E-15, -1.000000000000000000 ) ) ;
#6144 = FACE_OUTER_BOUND ( 'NONE', #10057, .T. ) ;
#6145 = DIRECTION ( 'NONE',  ( 1.000000000000000000, 0.000000000000000000, 0.000000000000000000 ) ) ;
#6146 = PLANE ( 'NONE',  #1979 ) ;
#6147 = FACE_OUTER_BOUND ( 'NONE', #3635, .T. ) ;
#6148 = VECTOR ( 'NONE', #5831, 1000.000000000000000 ) ;
#6149 = EDGE_LOOP ( 'NONE', ( #7920, #8690, #3185, #8355 ) ) ;
#6150 = LINE ( 'NONE', #7844, #873 ) ;
#6151 = CARTESIAN_POINT ( 'NONE',  ( -3.429999999998999627, 5.250000000000000000, 0.6400000000000000133 ) ) ;
#6152 = ORIENTED_EDGE ( 'NONE', *, *, #8432, .T. ) ;
#6153 = PLANE ( 'NONE',  #2586 ) ;
#6154 = CARTESIAN_POINT ( 'NONE',  ( 0.5564222075530000922, -1.300631266145999998, 0.2000000000000000111 ) ) ;
#6155 = CIRCLE ( 'NONE', #8179, 0.1999999999989995891 ) ;
#6156 = LINE ( 'NONE', #10281, #8367 ) ;
#6157 = CARTESIAN_POINT ( 'NONE',  ( 0.5651302236070000484, -0.9473886076900001063, 0.2000000000000000111 ) ) ;
#6158 = DIRECTION ( 'NONE',  ( -1.000000000000000000, 0.000000000000000000, 0.000000000000000000 ) ) ;
#6159 = ORIENTED_EDGE ( 'NONE', *, *, #1054, .F. ) ;
#6160 = CARTESIAN_POINT ( 'NONE',  ( 0.5099488804120000385, -0.8965407300250000100, 0.2000000000000000111 ) ) ;
#6161 = ORIENTED_EDGE ( 'NONE', *, *, #6312, .T. ) ;
#6162 = CARTESIAN_POINT ( 'NONE',  ( -0.2155504048559999941, -1.361912441282999930, 0.2010000000000000120 ) ) ;
#6163 = AXIS2_PLACEMENT_3D ( 'NONE', #8006, #9542, #3135 ) ;
#6164 = ADVANCED_FACE ( 'NONE', ( #8838 ), #10321, .T. ) ;
#6165 = CARTESIAN_POINT ( 'NONE',  ( -0.4989779268760000663, -1.254673345256999806, 0.2000000000000000111 ) ) ;
#6166 = ORIENTED_EDGE ( 'NONE', *, *, #9630, .F. ) ;
#6167 = CARTESIAN_POINT ( 'NONE',  ( 3.149999999999999911, -5.250000000000000000, 6.199999999999000089 ) ) ;
#6168 = EDGE_CURVE ( 'NONE', #9156, #9611, #6405, .T. ) ;
#6169 = CARTESIAN_POINT ( 'NONE',  ( 6.400000000000000355, -5.064285714284999962, 1.623097770997000033 ) ) ;
#6170 = FACE_OUTER_BOUND ( 'NONE', #5900, .T. ) ;
#6171 = VECTOR ( 'NONE', #163, 1000.000000000000000 ) ;
#6172 = DIRECTION ( 'NONE',  ( -1.000000000000000000, 0.000000000000000000, 0.000000000000000000 ) ) ;
#6173 = ORIENTED_EDGE ( 'NONE', *, *, #7177, .T. ) ;
#6174 = LINE ( 'NONE', #3782, #2406 ) ;
#6175 = AXIS2_PLACEMENT_3D ( 'NONE', #5396, #6399, #3115 ) ;
#6176 = ORIENTED_EDGE ( 'NONE', *, *, #276, .T. ) ;
#6177 = ORIENTED_EDGE ( 'NONE', *, *, #8043, .T. ) ;
#6178 = ORIENTED_EDGE ( 'NONE', *, *, #7771, .F. ) ;
#6179 = EDGE_CURVE ( 'NONE', #5358, #2626, #1474, .T. ) ;
#6180 = CARTESIAN_POINT ( 'NONE',  ( 4.069999999999000195, 2.550000000000000266, 0.6400000000000000133 ) ) ;
#6181 = CARTESIAN_POINT ( 'NONE',  ( 4.069999999999000195, -3.834297482219000575, 3.199999999999000089 ) ) ;
#6182 = ORIENTED_EDGE ( 'NONE', *, *, #4864, .T. ) ;
#6183 = VECTOR ( 'NONE', #8062, 1000.000000000000000 ) ;
#6184 = CYLINDRICAL_SURFACE ( 'NONE', #9853, 0.1999999999989995891 ) ;
#6185 = DIRECTION ( 'NONE',  ( 0.000000000000000000, 1.000000000000000000, 3.469446951952999666E-15 ) ) ;
#6186 = LINE ( 'NONE', #9616, #9994 ) ;
#6187 = EDGE_LOOP ( 'NONE', ( #8124, #10050, #1789, #7453, #1839, #8612, #7578, #2086, #4869, #4337, #3484, #7501, #2650, #1046, #3609, #1297, #1103, #9842, #6176, #6115, #8730, #10199, #2680, #4125, #3428, #3849, #7030, #7101, #3958, #1936, #3059, #10339, #2514, #4254, #5658, #4703 ) ) ;
#6188 = CARTESIAN_POINT ( 'NONE',  ( 0.2727953945649999601, -0.8668134413760000268, 0.2010000000000000120 ) ) ;
#6190 = ORIENTED_EDGE ( 'NONE', *, *, #371, .F. ) ;
#6189 = ORIENTED_EDGE ( 'NONE', *, *, #5561, .F. ) ;
#6191 = LINE ( 'NONE', #8361, #5667 ) ;
#6192 = ORIENTED_EDGE ( 'NONE', *, *, #10238, .T. ) ;
#6193 = ORIENTED_EDGE ( 'NONE', *, *, #2661, .F. ) ;
#6194 = CARTESIAN_POINT ( 'NONE',  ( -7.500000000000000000, -2.250000000000000000, 4.299999999998999733 ) ) ;
#6195 = DIRECTION ( 'NONE',  ( -1.000000000000000000, 0.000000000000000000, 0.000000000000000000 ) ) ;
#6196 = DIRECTION ( 'NONE',  ( 0.000000000000000000, -1.000000000000000000, -3.252606517472783164E-15 ) ) ;
#6197 = LINE ( 'NONE', #2269, #9100 ) ;
#6198 = CARTESIAN_POINT ( 'NONE',  ( 0.4358900078429999714, -1.364253583004000125, 0.2010000000000000120 ) ) ;
#6199 = VERTEX_POINT ( 'NONE', #578 ) ;
#6200 = AXIS2_PLACEMENT_3D ( 'NONE', #849, #3978, #9596 ) ;
#6201 = DIRECTION ( 'NONE',  ( 0.000000000000000000, -3.491481338843000432E-15, 1.000000000000000000 ) ) ;
#6202 = DIRECTION ( 'NONE',  ( 0.3236155771183229501, 0.8891264907158876740, -0.3236155771183229501 ) ) ;
#6203 = ORIENTED_EDGE ( 'NONE', *, *, #4687, .F. ) ;
#6204 = CARTESIAN_POINT ( 'NONE',  ( -3.199999999999000089, 1.149999999999999911, 0.9000000000000000222 ) ) ;
#6205 = DIRECTION ( 'NONE',  ( 1.000000000000000000, 0.000000000000000000, 0.000000000000000000 ) ) ;
#6206 = FACE_OUTER_BOUND ( 'NONE', #1947, .T. ) ;
#6207 = EDGE_CURVE ( 'NONE', #6219, #4920, #5660, .T. ) ;
#6208 = CARTESIAN_POINT ( 'NONE',  ( 6.899999999999999467, -5.064285714284999962, 1.623097770997000033 ) ) ;
#6209 = PLANE ( 'NONE',  #4086 ) ;
#6210 = ADVANCED_FACE ( 'NONE', ( #8786 ), #7249, .T. ) ;
#6211 = ORIENTED_EDGE ( 'NONE', *, *, #3024, .T. ) ;
#6212 = CARTESIAN_POINT ( 'NONE',  ( 0.5921408316010000616, -0.9899601815309998498, 0.2000000000000000111 ) ) ;
#6213 = ORIENTED_EDGE ( 'NONE', *, *, #9312, .T. ) ;
#6214 = CARTESIAN_POINT ( 'NONE',  ( -1.570000000000000062, 2.550000000000000266, 0.6999999999999999556 ) ) ;
#6215 = CARTESIAN_POINT ( 'NONE',  ( -0.5439384913549999423, -1.171934035749000014, 0.2010000000000000120 ) ) ;
#6216 = DIRECTION ( 'NONE',  ( 0.000000000000000000, -1.000000000000000000, -3.457400261148000567E-15 ) ) ;
#6217 = DIRECTION ( 'NONE',  ( -1.000000000000000000, 0.000000000000000000, 0.000000000000000000 ) ) ;
#6218 = LINE ( 'NONE', #8814, #7804 ) ;
#6219 = VERTEX_POINT ( 'NONE', #942 ) ;
#6220 = VECTOR ( 'NONE', #6375, 1000.000000000000000 ) ;
#6221 = VECTOR ( 'NONE', #681, 1000.000000000000000 ) ;
#6222 = LINE ( 'NONE', #6383, #3089 ) ;
#6223 = ORIENTED_EDGE ( 'NONE', *, *, #9315, .T. ) ;
#6224 = VECTOR ( 'NONE', #6070, 1000.000000000000114 ) ;
#6225 = EDGE_CURVE ( 'NONE', #538, #7723, #9787, .T. ) ;
#6226 = ORIENTED_EDGE ( 'NONE', *, *, #6567, .F. ) ;
#6227 = VERTEX_POINT ( 'NONE', #9839 ) ;
#6228 = EDGE_CURVE ( 'NONE', #9479, #7252, #3271, .T. ) ;
#6229 = LINE ( 'NONE', #2301, #6904 ) ;
#6230 = DIRECTION ( 'NONE',  ( 0.000000000000000000, -0.7071067811865475727, -0.7071067811865475727 ) ) ;
#6231 = AXIS2_PLACEMENT_3D ( 'NONE', #5719, #4921, #3377 ) ;
#6232 = ORIENTED_EDGE ( 'NONE', *, *, #8894, .T. ) ;
#6233 = DIRECTION ( 'NONE',  ( 1.000000000000000000, 0.000000000000000000, 0.000000000000000000 ) ) ;
#6234 = DIRECTION ( 'NONE',  ( 0.000000000000000000, 3.838426034038000158E-15, -1.000000000000000000 ) ) ;
#6235 = CARTESIAN_POINT ( 'NONE',  ( 0.5798273741939999892, -0.9679092625840000075, 0.2010000000000000120 ) ) ;
#6236 = ORIENTED_EDGE ( 'NONE', *, *, #2222, .F. ) ;
#6237 = ADVANCED_FACE ( 'NONE', ( #8249 ), #4169, .F. ) ;
#6238 = CARTESIAN_POINT ( 'NONE',  ( -0.5040508596909999417, -0.8988550566409999609, 0.2010000000000000120 ) ) ;
#6239 = VERTEX_POINT ( 'NONE', #4115 ) ;
#6240 = EDGE_CURVE ( 'NONE', #2863, #961, #7407, .T. ) ;
#6241 = DIRECTION ( 'NONE',  ( 0.000000000000000000, -3.491481338843000432E-15, 1.000000000000000000 ) ) ;
#6242 = EDGE_LOOP ( 'NONE', ( #6084, #6069, #8561, #5381 ) ) ;
#6243 = ORIENTED_EDGE ( 'NONE', *, *, #9758, .F. ) ;
#6244 = EDGE_CURVE ( 'NONE', #452, #3620, #7355, .T. ) ;
#6245 = CARTESIAN_POINT ( 'NONE',  ( -4.599999999998999556, 0.8499999999989999999, 5.500000000000000888 ) ) ;
#6246 = CARTESIAN_POINT ( 'NONE',  ( 6.400000000000000355, -4.999999999998999911, 1.499999999998999911 ) ) ;
#6247 = CARTESIAN_POINT ( 'NONE',  ( 5.450000000000000178, 1.349999999999000000, 4.700000000000000178 ) ) ;
#6248 = DIRECTION ( 'NONE',  ( 1.000000000000000000, 0.000000000000000000, 0.000000000000000000 ) ) ;
#6249 = FACE_OUTER_BOUND ( 'NONE', #7977, .T. ) ;
#6250 = ADVANCED_FACE ( 'NONE', ( #2634 ), #990, .T. ) ;
#6251 = ORIENTED_EDGE ( 'NONE', *, *, #334, .F. ) ;
#6252 = DIRECTION ( 'NONE',  ( 1.000000000000000000, 0.000000000000000000, 0.000000000000000000 ) ) ;
#6253 = ADVANCED_FACE ( 'NONE', ( #255 ), #6514, .T. ) ;
#6254 = VECTOR ( 'NONE', #2085, 1000.000000000000000 ) ;
#6255 = DIRECTION ( 'NONE',  ( -1.000000000000000000, 0.000000000000000000, 0.000000000000000000 ) ) ;
#6256 = VERTEX_POINT ( 'NONE', #8299 ) ;
#6257 = DIRECTION ( 'NONE',  ( 0.000000000000000000, -3.491481338843000432E-15, 1.000000000000000000 ) ) ;
#6258 = PLANE ( 'NONE',  #5102 ) ;
#6259 = DIRECTION ( 'NONE',  ( 0.000000000000000000, -1.000000000000000000, -4.336808689942015369E-15 ) ) ;
#6260 = CARTESIAN_POINT ( 'NONE',  ( -6.649999999999999467, -4.649999999998999378, 2.199999999999000089 ) ) ;
#6261 = PLANE ( 'NONE',  #2386 ) ;
#6262 = EDGE_CURVE ( 'NONE', #4377, #235, #6724, .T. ) ;
#6263 = ORIENTED_EDGE ( 'NONE', *, *, #6676, .T. ) ;
#6264 = PLANE ( 'NONE',  #1465 ) ;
#6265 = VERTEX_POINT ( 'NONE', #1040 ) ;
#6266 = CARTESIAN_POINT ( 'NONE',  ( -7.500000000000000000, 1.149999999998999822, 6.200000000000000178 ) ) ;
#6267 = VECTOR ( 'NONE', #7022, 1000.000000000000000 ) ;
#6268 = CARTESIAN_POINT ( 'NONE',  ( -0.4702387134900000154, -1.277753785218999960, 0.2010000000000000120 ) ) ;
#6269 = EDGE_CURVE ( 'NONE', #8897, #2248, #9940, .T. ) ;
#6270 = EDGE_CURVE ( 'NONE', #9131, #2674, #7457, .T. ) ;
#6271 = CARTESIAN_POINT ( 'NONE',  ( 6.899999999999999467, -4.649999999998999378, 1.199999999999000089 ) ) ;
#6272 = DIRECTION ( 'NONE',  ( -1.000000000000000000, 0.000000000000000000, 0.000000000000000000 ) ) ;
#6273 = AXIS2_PLACEMENT_3D ( 'NONE', #471, #2656, #9125 ) ;
#6274 = DIRECTION ( 'NONE',  ( 0.000000000000000000, -3.491481338843000432E-15, 1.000000000000000000 ) ) ;
#6275 = LINE ( 'NONE', #8607, #22 ) ;
#6276 = ORIENTED_EDGE ( 'NONE', *, *, #2642, .T. ) ;
#6277 = PLANE ( 'NONE',  #219 ) ;
#6278 = VERTEX_POINT ( 'NONE', #2684 ) ;
#6279 = ORIENTED_EDGE ( 'NONE', *, *, #283, .T. ) ;
#6280 = VECTOR ( 'NONE', #191, 1000.000000000000000 ) ;
#6281 = ORIENTED_EDGE ( 'NONE', *, *, #4384, .F. ) ;
#6282 = DIRECTION ( 'NONE',  ( 1.000000000000000000, 0.000000000000000000, 0.000000000000000000 ) ) ;
#6283 = ORIENTED_EDGE ( 'NONE', *, *, #4453, .F. ) ;
#6284 = DIRECTION ( 'NONE',  ( 0.000000000000000000, -1.000000000000000000, -3.578217512641000256E-15 ) ) ;
#6285 = CARTESIAN_POINT ( 'NONE',  ( -6.400000000000000355, -4.949999999998999201, 2.199999999999000089 ) ) ;
#6286 = CARTESIAN_POINT ( 'NONE',  ( 0.3596803900449999647, -0.9107726993860000286, 0.2000000000000000111 ) ) ;
#6287 = VERTEX_POINT ( 'NONE', #5712 ) ;
#6288 = AXIS2_PLACEMENT_3D ( 'NONE', #6542, #7332, #1608 ) ;
#6289 = VECTOR ( 'NONE', #8221, 1000.000000000000000 ) ;
#6290 = CARTESIAN_POINT ( 'NONE',  ( 0.6196591745560000586, -1.130405338766000023, 0.2010000000000000120 ) ) ;
#6291 = VERTEX_POINT ( 'NONE', #5918 ) ;
#6292 = ADVANCED_FACE ( 'NONE', ( #4972 ), #6674, .F. ) ;
#6293 = CARTESIAN_POINT ( 'NONE',  ( -1.570000000000000062, 1.765641600482000140, 3.103489949670000136 ) ) ;
#6294 = EDGE_CURVE ( 'NONE', #4551, #6818, #2839, .T. ) ;
#6295 = FACE_OUTER_BOUND ( 'NONE', #4817, .T. ) ;
#6296 = AXIS2_PLACEMENT_3D ( 'NONE', #8007, #3228, #2484 ) ;
#6297 = VECTOR ( 'NONE', #989, 1000.000000000000114 ) ;
#6298 = ORIENTED_EDGE ( 'NONE', *, *, #4000, .F. ) ;
#6299 = EDGE_CURVE ( 'NONE', #8329, #567, #9302, .T. ) ;
#6300 = LINE ( 'NONE', #1521, #7986 ) ;
#6301 = DIRECTION ( 'NONE',  ( 0.000000000000000000, -3.584412953627000671E-15, 1.000000000000000000 ) ) ;
#6302 = CARTESIAN_POINT ( 'NONE',  ( -4.250000000000000000, 2.550000000000000266, 0.2000000000010000167 ) ) ;
#6303 = CARTESIAN_POINT ( 'NONE',  ( -0.1057943072950000007, -0.8619124412830000415, 0.2010000000000000120 ) ) ;
#6304 = CARTESIAN_POINT ( 'NONE',  ( 0.5713163833709999917, -1.283016212616000074, 0.2010000000000000120 ) ) ;
#6305 = ORIENTED_EDGE ( 'NONE', *, *, #2008, .T. ) ;
#6306 = AXIS2_PLACEMENT_3D ( 'NONE', #4851, #2253, #3995 ) ;
#6307 = CIRCLE ( 'NONE', #2236, 0.1499999999989998778 ) ;
#6308 = CARTESIAN_POINT ( 'NONE',  ( 3.429999999998999627, 4.750000000000000000, 0.6400000000000000133 ) ) ;
#6309 = DIRECTION ( 'NONE',  ( 0.000000000000000000, -1.000000000000000000, -3.491481338843000432E-15 ) ) ;
#6310 = ORIENTED_EDGE ( 'NONE', *, *, #5612, .T. ) ;
#6311 = LINE ( 'NONE', #3130, #9358 ) ;
#6312 = EDGE_CURVE ( 'NONE', #3074, #10149, #9255, .T. ) ;
#6313 = CARTESIAN_POINT ( 'NONE',  ( 0.2915031056909999641, -1.300876926991000104, 0.2010000000000000120 ) ) ;
#6314 = VECTOR ( 'NONE', #2341, 1000.000000000000000 ) ;
#6315 = VECTOR ( 'NONE', #7224, 1000.000000000000000 ) ;
#6316 = AXIS2_PLACEMENT_3D ( 'NONE', #3392, #8268, #1118 ) ;
#6317 = FACE_OUTER_BOUND ( 'NONE', #2465, .T. ) ;
#6318 = CARTESIAN_POINT ( 'NONE',  ( 0.08323008294800000872, -0.9167904900640000410, 0.2010000000000000120 ) ) ;
#6319 = CARTESIAN_POINT ( 'NONE',  ( -0.8732600051350000170, -0.9331744759269999800, 0.2010000000000000120 ) ) ;
#6320 = VERTEX_POINT ( 'NONE', #5283 ) ;
#6321 = FACE_OUTER_BOUND ( 'NONE', #8705, .T. ) ;
#6322 = ORIENTED_EDGE ( 'NONE', *, *, #5171, .T. ) ;
#6323 = DIRECTION ( 'NONE',  ( -1.000000000000000000, 0.000000000000000000, 0.000000000000000000 ) ) ;
#6324 = DIRECTION ( 'NONE',  ( 1.000000000000000000, 0.000000000000000000, 0.000000000000000000 ) ) ;
#6325 = DIRECTION ( 'NONE',  ( 0.000000000000000000, 0.000000000000000000, 1.000000000000000000 ) ) ;
#6326 = VECTOR ( 'NONE', #1581, 1000.000000000000000 ) ;
#6327 = CARTESIAN_POINT ( 'NONE',  ( -1.570000000000000062, 1.550000000000000044, 3.200000000000000178 ) ) ;
#6328 = DIRECTION ( 'NONE',  ( 0.000000000000000000, -3.491481338843000432E-15, 1.000000000000000000 ) ) ;
#6329 = PLANE ( 'NONE',  #2759 ) ;
#6330 = CARTESIAN_POINT ( 'NONE',  ( -6.899999999999999467, -5.149999999999000266, -2.061552812807999846 ) ) ;
#6331 = VERTEX_POINT ( 'NONE', #1147 ) ;
#6332 = VECTOR ( 'NONE', #322, 1000.000000000000000 ) ;
#6333 = ADVANCED_FACE ( 'NONE', ( #8353 ), #4322, .T. ) ;
#6334 = CARTESIAN_POINT ( 'NONE',  ( 5.450000000000000178, 1.149999999998999822, 5.500000000000000888 ) ) ;
#6335 = ORIENTED_EDGE ( 'NONE', *, *, #4119, .F. ) ;
#6336 = ORIENTED_EDGE ( 'NONE', *, *, #9016, .T. ) ;
#6337 = ORIENTED_EDGE ( 'NONE', *, *, #2142, .T. ) ;
#6338 = CARTESIAN_POINT ( 'NONE',  ( 0.1503032536799999985, -1.361912441282999930, 0.2000000000000000111 ) ) ;
#6339 = VECTOR ( 'NONE', #5835, 1000.000000000000000 ) ;
#6340 = ORIENTED_EDGE ( 'NONE', *, *, #3934, .F. ) ;
#6341 = CARTESIAN_POINT ( 'NONE',  ( 6.400000000000000355, -4.949999999998999201, 1.999999999998999911 ) ) ;
#6342 = DIRECTION ( 'NONE',  ( -1.000000000000000000, 0.000000000000000000, 0.000000000000000000 ) ) ;
#6343 = DIRECTION ( 'NONE',  ( 1.000000000000000000, 0.000000000000000000, 0.000000000000000000 ) ) ;
#6344 = ORIENTED_EDGE ( 'NONE', *, *, #3369, .F. ) ;
#6345 = EDGE_CURVE ( 'NONE', #9701, #423, #3630, .T. ) ;
#6346 = ADVANCED_FACE ( 'NONE', ( #7562 ), #1198, .F. ) ;
#6347 = CARTESIAN_POINT ( 'NONE',  ( 0.6193533623429999802, -1.148136237094000034, 0.2000000000000000111 ) ) ;
#6348 = EDGE_LOOP ( 'NONE', ( #2991, #4459, #3375, #10314 ) ) ;
#6349 = CARTESIAN_POINT ( 'NONE',  ( 0.9300000000000000488, 2.550000000000000266, 0.6999999999999999556 ) ) ;
#6350 = AXIS2_PLACEMENT_3D ( 'NONE', #10154, #2000, #4435 ) ;
#6351 = VERTEX_POINT ( 'NONE', #4426 ) ;
#6352 = ORIENTED_EDGE ( 'NONE', *, *, #287, .T. ) ;
#6353 = LINE ( 'NONE', #7836, #5282 ) ;
#6354 = DIRECTION ( 'NONE',  ( 0.000000000000000000, -3.491481338843000432E-15, 1.000000000000000000 ) ) ;
#6355 = DIRECTION ( 'NONE',  ( 1.000000000000000000, 0.000000000000000000, 0.000000000000000000 ) ) ;
#6356 = DIRECTION ( 'NONE',  ( 1.000000000000000000, 0.000000000000000000, 0.000000000000000000 ) ) ;
#6357 = CARTESIAN_POINT ( 'NONE',  ( 1.570000000000000062, 1.549999999998999956, 3.840000000000000302 ) ) ;
#6358 = EDGE_LOOP ( 'NONE', ( #8099, #6654, #6124, #2844 ) ) ;
#6359 = CARTESIAN_POINT ( 'NONE',  ( -0.5893955065029999885, -1.233077575030999906, 0.2010000000000000120 ) ) ;
#6360 = CARTESIAN_POINT ( 'NONE',  ( 3.429999999998999627, 2.550000000000000266, 0.6400000000000000133 ) ) ;
#6361 = EDGE_CURVE ( 'NONE', #2937, #1514, #4374, .T. ) ;
#6362 = ORIENTED_EDGE ( 'NONE', *, *, #923, .F. ) ;
#6363 = FACE_OUTER_BOUND ( 'NONE', #3454, .T. ) ;
#6364 = EDGE_CURVE ( 'NONE', #9156, #8485, #8564, .T. ) ;
#6365 = ORIENTED_EDGE ( 'NONE', *, *, #4135, .T. ) ;
#6366 = FACE_OUTER_BOUND ( 'NONE', #620, .T. ) ;
#6367 = DIRECTION ( 'NONE',  ( 1.000000000000000000, 0.000000000000000000, 0.000000000000000000 ) ) ;
#6368 = LINE ( 'NONE', #644, #4977 ) ;
#6369 = DIRECTION ( 'NONE',  ( 0.000000000000000000, 3.491481338843000432E-15, -1.000000000000000000 ) ) ;
#6370 = ORIENTED_EDGE ( 'NONE', *, *, #9958, .F. ) ;
#6371 = FACE_OUTER_BOUND ( 'NONE', #5005, .T. ) ;
#6372 = ORIENTED_EDGE ( 'NONE', *, *, #10170, .T. ) ;
#6373 = CARTESIAN_POINT ( 'NONE',  ( -0.2155504048559999941, -0.8619124412830000415, 0.2010000000000000120 ) ) ;
#6374 = ADVANCED_FACE ( 'NONE', ( #1098 ), #8401, .T. ) ;
#6375 = DIRECTION ( 'NONE',  ( 0.000000000000000000, 1.000000000000000000, 3.469446951952999666E-15 ) ) ;
#6376 = EDGE_CURVE ( 'NONE', #1609, #8925, #5973, .T. ) ;
#6377 = CARTESIAN_POINT ( 'NONE',  ( 6.400000000000000355, -4.673097770996999856, 0.08571428571500003257 ) ) ;
#6378 = LINE ( 'NONE', #1551, #7162 ) ;
#6379 = CARTESIAN_POINT ( 'NONE',  ( 6.899999999999999467, -5.149999999999000266, 1.999999999998999911 ) ) ;
#6380 = CARTESIAN_POINT ( 'NONE',  ( 3.250000000000000000, 1.550000000000000044, 0.2000000000010000167 ) ) ;
#6381 = PLANE ( 'NONE',  #1374 ) ;
#6382 = VERTEX_POINT ( 'NONE', #6828 ) ;
#6383 = CARTESIAN_POINT ( 'NONE',  ( 3.429999999998999627, -3.834297482219000575, 3.839999999999000213 ) ) ;
#6384 = EDGE_CURVE ( 'NONE', #8411, #7311, #9203, .T. ) ;
#6385 = VERTEX_POINT ( 'NONE', #2038 ) ;
#6386 = EDGE_LOOP ( 'NONE', ( #8307, #311, #5487, #4538 ) ) ;
#6387 = CARTESIAN_POINT ( 'NONE',  ( 5.450000000000000178, 2.550000000000000266, 0.9000000000000000222 ) ) ;
#6388 = ORIENTED_EDGE ( 'NONE', *, *, #4099, .T. ) ;
#6389 = CARTESIAN_POINT ( 'NONE',  ( -6.150000000000000355, 1.549999999998999956, 6.200000000000000178 ) ) ;
#6390 = CARTESIAN_POINT ( 'NONE',  ( 1.750000000000000000, 1.550000000000000044, 0.2000000000010000167 ) ) ;
#6391 = CARTESIAN_POINT ( 'NONE',  ( 0.6157839480809998989, -1.064740195390000199, 0.2010000000000000120 ) ) ;
#6392 = ORIENTED_EDGE ( 'NONE', *, *, #8918, .F. ) ;
#6393 = VECTOR ( 'NONE', #198, 1000.000000000000000 ) ;
#6394 = LINE ( 'NONE', #4589, #6951 ) ;
#6396 = EDGE_CURVE ( 'NONE', #7236, #1149, #9362, .T. ) ;
#6395 = ORIENTED_EDGE ( 'NONE', *, *, #5888, .F. ) ;
#6397 = B_SPLINE_SURFACE_WITH_KNOTS ( 'NONE', 3, 1, ( 
 ( #2413, #4965 ),
 ( #4054, #92 ),
 ( #2628, #9046 ),
 ( #36, #3316 ),
 ( #1672, #5655 ),
 ( #6509, #1727 ),
 ( #7450, #8193 ),
 ( #4109, #933 ),
 ( #7400, #197 ),
 ( #5016, #1032 ),
 ( #145, #5758 ) ),
 .UNSPECIFIED., .F., .F., .F.,
 ( 4, 1, 1, 1, 1, 1, 1, 1, 4 ),
 ( 2, 2 ),
 ( 0.000000000000000000, 0.1124483899080000043, 0.2265276752120000126, 0.3444019493259999898, 0.4658649724869999842, 0.5916594493519999887, 0.7221684870240000498, 0.8586063875539999835, 1.000000000000000000 ),
 ( 0.000000000000000000, 1.000000000000000000 ),
 .UNSPECIFIED. ) ;
#6398 = VECTOR ( 'NONE', #1781, 1000.000000000000000 ) ;
#6399 = DIRECTION ( 'NONE',  ( 1.000000000000000000, 0.000000000000000000, 0.000000000000000000 ) ) ;
#6400 = ORIENTED_EDGE ( 'NONE', *, *, #5913, .F. ) ;
#6401 = EDGE_CURVE ( 'NONE', #4734, #1675, #10144, .T. ) ;
#6402 = EDGE_LOOP ( 'NONE', ( #41, #4854, #4845, #5398 ) ) ;
#6403 = EDGE_CURVE ( 'NONE', #9767, #2531, #2787, .T. ) ;
#6404 = CARTESIAN_POINT ( 'NONE',  ( -0.7500000000000000000, 1.850000000000000089, 0.9000000000000000222 ) ) ;
#6405 = LINE ( 'NONE', #2364, #2711 ) ;
#6406 = LINE ( 'NONE', #8839, #6326 ) ;
#6407 = CARTESIAN_POINT ( 'NONE',  ( 1.388014882866000166, 5.250000000000000000, 0.6400000000000000133 ) ) ;
#6408 = ORIENTED_EDGE ( 'NONE', *, *, #4231, .T. ) ;
#6409 = FACE_OUTER_BOUND ( 'NONE', #3740, .T. ) ;
#6410 = ORIENTED_EDGE ( 'NONE', *, *, #735, .F. ) ;
#6411 = SURFACE_STYLE_FILL_AREA ( #1326 ) ;
#6412 = ORIENTED_EDGE ( 'NONE', *, *, #1057, .T. ) ;
#6413 = CARTESIAN_POINT ( 'NONE',  ( -1.105794307295000056, -1.361912441282999930, 0.2000000000000000111 ) ) ;
#6414 = DIRECTION ( 'NONE',  ( 0.000000000000000000, 3.491481338843000432E-15, -1.000000000000000000 ) ) ;
#6415 = CARTESIAN_POINT ( 'NONE',  ( -6.899999999998999378, -4.649999999998999378, 2.199999999999000089 ) ) ;
#6416 = CARTESIAN_POINT ( 'NONE',  ( 0.9300000000000000488, 2.405251729774000147, 3.125825627559000175 ) ) ;
#6417 = CARTESIAN_POINT ( 'NONE',  ( 6.899999999999999467, -4.549999999998999733, 0.000000000000000000 ) ) ;
#6418 = ORIENTED_EDGE ( 'NONE', *, *, #6733, .T. ) ;
#6419 = LINE ( 'NONE', #4, #9750 ) ;
#6420 = EDGE_LOOP ( 'NONE', ( #9816, #8397, #2836, #8556, #1152, #8532, #5626, #2754, #9562, #8719, #1457, #3751 ) ) ;
#6421 = EDGE_CURVE ( 'NONE', #2208, #725, #1942, .T. ) ;
#6422 = PLANE ( 'NONE',  #3941 ) ;
#6423 = EDGE_CURVE ( 'NONE', #7999, #5983, #2889, .T. ) ;
#6424 = DIRECTION ( 'NONE',  ( 1.000000000000000000, 0.000000000000000000, 0.000000000000000000 ) ) ;
#6425 = CARTESIAN_POINT ( 'NONE',  ( -0.5437506766680000325, -1.292245904725000116, 0.2000000000000000111 ) ) ;
#6426 = EDGE_CURVE ( 'NONE', #9910, #5571, #6629, .T. ) ;
#6427 = LINE ( 'NONE', #2441, #2060 ) ;
#6428 = EDGE_CURVE ( 'NONE', #7952, #333, #6186, .T. ) ;
#6429 = CARTESIAN_POINT ( 'NONE',  ( -0.6079984304880000634, -1.186194344937000045, 0.2000000000000000111 ) ) ;
#6430 = DIRECTION ( 'NONE',  ( -1.000000000000000000, 0.000000000000000000, 0.000000000000000000 ) ) ;
#6431 = CARTESIAN_POINT ( 'NONE',  ( 1.800000000000000044, 0.9499999999999999556, 0.9000000000000000222 ) ) ;
#6432 = FACE_OUTER_BOUND ( 'NONE', #3852, .T. ) ;
#6433 = ORIENTED_EDGE ( 'NONE', *, *, #3005, .F. ) ;
#6434 = VECTOR ( 'NONE', #1774, 1000.000000000000000 ) ;
#6435 = DIRECTION ( 'NONE',  ( 0.000000000000000000, -1.000000000000000000, -3.523657060577887833E-15 ) ) ;
#6436 = ORIENTED_EDGE ( 'NONE', *, *, #9553, .T. ) ;
#6437 = EDGE_LOOP ( 'NONE', ( #6436, #6874, #4832, #8703 ) ) ;
#6438 = DIRECTION ( 'NONE',  ( 0.000000000000000000, 1.000000000000000000, 5.285485590893272789E-15 ) ) ;
#6439 = VECTOR ( 'NONE', #1631, 1000.000000000000000 ) ;
#6440 = EDGE_LOOP ( 'NONE', ( #9566, #8856, #7617, #8922 ) ) ;
#6441 = EDGE_CURVE ( 'NONE', #4953, #3988, #8474, .T. ) ;
#6442 = CARTESIAN_POINT ( 'NONE',  ( -0.9299999999989999599, 1.665702517779999781, 3.840000000000000302 ) ) ;
#6443 = LINE ( 'NONE', #4101, #3383 ) ;
#6444 = CARTESIAN_POINT ( 'NONE',  ( 0.3649564548990000268, -0.9106929290880000361, 0.2000000000000000111 ) ) ;
#6445 = ADVANCED_FACE ( 'NONE', ( #3205 ), #5595, .T. ) ;
#6446 = ORIENTED_EDGE ( 'NONE', *, *, #8505, .T. ) ;
#6447 = CARTESIAN_POINT ( 'NONE',  ( -0.4102608137440000302, -0.8655681142369999748, 0.2010000000000000120 ) ) ;
#6448 = ORIENTED_EDGE ( 'NONE', *, *, #8232, .T. ) ;
#6449 = VECTOR ( 'NONE', #9605, 1000.000000000000000 ) ;
#6450 = CARTESIAN_POINT ( 'NONE',  ( 6.899999999999999467, -3.349999999999000000, 0.2000000000000000111 ) ) ;
#6451 = CARTESIAN_POINT ( 'NONE',  ( 4.069999999999000195, -3.834297482219000575, 3.839999999999000213 ) ) ;
#6452 = ORIENTED_EDGE ( 'NONE', *, *, #4041, .T. ) ;
#6453 = ORIENTED_EDGE ( 'NONE', *, *, #956, .T. ) ;
#6454 = CYLINDRICAL_SURFACE ( 'NONE', #3248, 0.4999999999989999666 ) ;
#6455 = AXIS2_PLACEMENT_3D ( 'NONE', #6917, #5109, #9929 ) ;
#6456 = CARTESIAN_POINT ( 'NONE',  ( 0.4725814845449999857, -0.9419364457209999930, 0.2010000000000000120 ) ) ;
#6457 = LINE ( 'NONE', #9684, #237 ) ;
#6458 = CARTESIAN_POINT ( 'NONE',  ( -0.3999999999989999888, 1.149999999998999822, 5.500000000000000888 ) ) ;
#6459 = ORIENTED_EDGE ( 'NONE', *, *, #4814, .F. ) ;
#6460 = EDGE_CURVE ( 'NONE', #2924, #8140, #5356, .T. ) ;
#6461 = ORIENTED_EDGE ( 'NONE', *, *, #6376, .T. ) ;
#6462 = EDGE_CURVE ( 'NONE', #4328, #3886, #3223, .T. ) ;
#6463 = AXIS2_PLACEMENT_3D ( 'NONE', #6702, #1917, #8327 ) ;
#6464 = VECTOR ( 'NONE', #4286, 1000.000000000000000 ) ;
#6465 = DIRECTION ( 'NONE',  ( 0.000000000000000000, -1.000000000000000000, -3.491481338843000432E-15 ) ) ;
#6466 = ORIENTED_EDGE ( 'NONE', *, *, #598, .T. ) ;
#6467 = CARTESIAN_POINT ( 'NONE',  ( 6.150000000000000355, -2.849999999999000000, 0.2000000000000000111 ) ) ;
#6468 = EDGE_LOOP ( 'NONE', ( #3727, #247, #1684, #3442, #10434, #3918, #3131, #6801, #9980, #264, #7412, #9876, #23, #6336, #8960, #1646, #3478, #6117, #199, #2046 ) ) ;
#6469 = CARTESIAN_POINT ( 'NONE',  ( 0.2915031056909999641, -1.300876926991000104, 0.2000000000000000111 ) ) ;
#6470 = CARTESIAN_POINT ( 'NONE',  ( 1.570000000000000062, 0.8499999999999999778, 3.200000000000000178 ) ) ;
#6471 = VECTOR ( 'NONE', #10381, 1000.000000000000000 ) ;
#6472 = VECTOR ( 'NONE', #3368, 1000.000000000000000 ) ;
#6473 = FACE_OUTER_BOUND ( 'NONE', #502, .T. ) ;
#6474 = DIRECTION ( 'NONE',  ( -1.239088197125999924E-16, 1.000000000000000000, 3.491481338843000432E-15 ) ) ;
#6475 = ORIENTED_EDGE ( 'NONE', *, *, #5128, .T. ) ;
#6476 = DIRECTION ( 'NONE',  ( 0.000000000000000000, 1.000000000000000000, 0.000000000000000000 ) ) ;
#6477 = ORIENTED_EDGE ( 'NONE', *, *, #2204, .F. ) ;
#6478 = CARTESIAN_POINT ( 'NONE',  ( -0.1057943072950000007, -0.9167904900640000410, 0.2010000000000000120 ) ) ;
#6479 = EDGE_CURVE ( 'NONE', #8305, #1355, #8727, .T. ) ;
#6480 = CARTESIAN_POINT ( 'NONE',  ( -1.570000000000000062, 2.490036550378000424, 0.6979060301970000380 ) ) ;
#6481 = DIRECTION ( 'NONE',  ( -1.000000000000000000, 0.000000000000000000, 0.000000000000000000 ) ) ;
#6482 = VECTOR ( 'NONE', #3198, 1000.000000000000000 ) ;
#6483 = VECTOR ( 'NONE', #5201, 1000.000000000000000 ) ;
#6484 = DIRECTION ( 'NONE',  ( 0.3236155771183229501, 0.8891264907158876740, -0.3236155771183229501 ) ) ;
#6485 = DIRECTION ( 'NONE',  ( 0.000000000000000000, 0.000000000000000000, 1.000000000000000000 ) ) ;
#6486 = DIRECTION ( 'NONE',  ( -1.000000000000000000, 0.000000000000000000, 0.000000000000000000 ) ) ;
#6487 = CARTESIAN_POINT ( 'NONE',  ( 2.100000000000000089, 0.8499999999989999999, 5.500000000000000888 ) ) ;
#6488 = CARTESIAN_POINT ( 'NONE',  ( -0.9820328743680000194, -1.221668538844000063, 0.2010000000000000120 ) ) ;
#6489 = ORIENTED_EDGE ( 'NONE', *, *, #1819, .F. ) ;
#6490 = EDGE_CURVE ( 'NONE', #5558, #52, #4585, .T. ) ;
#6491 = AXIS2_PLACEMENT_3D ( 'NONE', #7466, #5929, #8308 ) ;
#6492 = PLANE ( 'NONE',  #5799 ) ;
#6493 = VECTOR ( 'NONE', #5793, 1000.000000000000000 ) ;
#6494 = ORIENTED_EDGE ( 'NONE', *, *, #140, .F. ) ;
#6495 = EDGE_LOOP ( 'NONE', ( #5564, #6680, #1085, #714, #9095, #5072, #8446, #9049, #10386, #260, #3513, #9922, #3229, #5055, #10265, #9584, #7064 ) ) ;
#6496 = EDGE_CURVE ( 'NONE', #5116, #953, #777, .T. ) ;
#6497 = FACE_OUTER_BOUND ( 'NONE', #3803, .T. ) ;
#6498 = ORIENTED_EDGE ( 'NONE', *, *, #6554, .T. ) ;
#6499 = CARTESIAN_POINT ( 'NONE',  ( 3.888014882865999944, -3.834297482219000575, 3.199999999999000089 ) ) ;
#6500 = DIRECTION ( 'NONE',  ( 0.000000000000000000, 1.000000000000000000, 3.491481338843000432E-15 ) ) ;
#6501 = CIRCLE ( 'NONE', #5654, 2.099999999999999645 ) ;
#6502 = CARTESIAN_POINT ( 'NONE',  ( -3.888014882865999944, -3.834297482219000575, 3.381985117132999985 ) ) ;
#6503 = ORIENTED_EDGE ( 'NONE', *, *, #4321, .F. ) ;
#6504 = CARTESIAN_POINT ( 'NONE',  ( -0.5998652085010000024, -1.005510520385999973, 0.2010000000000000120 ) ) ;
#6505 = VERTEX_POINT ( 'NONE', #9516 ) ;
#6506 = B_SPLINE_CURVE_WITH_KNOTS ( 'NONE', 3,
 ( #8442, #10034, #5907, #1131, #4362, #2775, #2673, #6012, #3617, #1084, #9189, #6713, #7599, #9137, #1186, #4467, #8550, #3512, #5267 ),
 .UNSPECIFIED., .F., .F.,
 ( 4, 1, 1, 1, 1, 1, 1, 1, 1, 1, 1, 1, 1, 1, 1, 1, 4 ),
 ( 0.000000000000000000, 0.07430379644199999745, 0.1443936103640000024, 0.2104994961029999778, 0.2735426065029999965, 0.3338247445790000212, 0.3925296724080000188, 0.4500874545990000142, 0.5078206115550000233, 0.5654649127760000837, 0.6231487223330000047, 0.6812971927900000058, 0.7409134981559999389, 0.8018557521950000488, 0.8652412377199999449, 0.9309416570459999596, 1.000000000000000000 ),
 .UNSPECIFIED. ) ;
#6507 = EDGE_CURVE ( 'NONE', #871, #3021, #1513, .T. ) ;
#6508 = VECTOR ( 'NONE', #6367, 1000.000000000000000 ) ;
#6509 = CARTESIAN_POINT ( 'NONE',  ( 0.3098599664069999760, -1.360220964410999933, 0.2010000000000000120 ) ) ;
#6510 = DIRECTION ( 'NONE',  ( 0.3390537954853609093, 0.9407669869670017837, 3.296699688928509325E-15 ) ) ;
#6511 = LINE ( 'NONE', #831, #1136 ) ;
#6512 = ORIENTED_EDGE ( 'NONE', *, *, #4556, .F. ) ;
#6513 = CARTESIAN_POINT ( 'NONE',  ( 6.899999999999999467, -5.149999999999000266, 1.212771867672999937 ) ) ;
#6514 = PLANE ( 'NONE',  #6784 ) ;
#6515 = CARTESIAN_POINT ( 'NONE',  ( -1.570000000000000062, -3.334297482219000575, 3.199999999999000089 ) ) ;
#6516 = VECTOR ( 'NONE', #7313, 1000.000000000000000 ) ;
#6517 = DIRECTION ( 'NONE',  ( -0.3420201433253704515, 0.9396926207860168967, 0.000000000000000000 ) ) ;
#6518 = ORIENTED_EDGE ( 'NONE', *, *, #444, .F. ) ;
#6519 = VERTEX_POINT ( 'NONE', #7039 ) ;
#6520 = VECTOR ( 'NONE', #3851, 1000.000000000000000 ) ;
#6521 = CARTESIAN_POINT ( 'NONE',  ( 0.2611444240399999894, -0.9349883306899999802, 0.2010000000000000120 ) ) ;
#6522 = ORIENTED_EDGE ( 'NONE', *, *, #4324, .T. ) ;
#6523 = ORIENTED_EDGE ( 'NONE', *, *, #4353, .T. ) ;
#6524 = CARTESIAN_POINT ( 'NONE',  ( -0.5507437005040001221, -1.114744718132999912, 0.2000000000000000111 ) ) ;
#6525 = VECTOR ( 'NONE', #4835, 1000.000000000000000 ) ;
#6526 = LINE ( 'NONE', #9695, #9719 ) ;
#6527 = LINE ( 'NONE', #4988, #4630 ) ;
#6528 = CARTESIAN_POINT ( 'NONE',  ( -6.899999999999999467, -5.149999999999000266, 1.999999999998999911 ) ) ;
#6529 = ORIENTED_EDGE ( 'NONE', *, *, #8462, .T. ) ;
#6530 = CARTESIAN_POINT ( 'NONE',  ( 4.069999999999000195, -3.834297482219000575, 3.839999999999000213 ) ) ;
#6531 = ORIENTED_EDGE ( 'NONE', *, *, #912, .T. ) ;
#6532 = DIRECTION ( 'NONE',  ( 1.000000000000000000, 0.000000000000000000, 0.000000000000000000 ) ) ;
#6533 = ADVANCED_FACE ( 'NONE', ( #3110 ), #3951, .T. ) ;
#6534 = FACE_BOUND ( 'NONE', #77, .T. ) ;
#6535 = CARTESIAN_POINT ( 'NONE',  ( -9.840731680114000568, -2.849999999999000000, 0.2000000000000000111 ) ) ;
#6536 = CARTESIAN_POINT ( 'NONE',  ( -2.100000000000000089, 0.8499999999989999999, 5.500000000000000888 ) ) ;
#6537 = EDGE_CURVE ( 'NONE', #5006, #1944, #10467, .T. ) ;
#6538 = EDGE_CURVE ( 'NONE', #5436, #4377, #4244, .T. ) ;
#6539 = DIRECTION ( 'NONE',  ( -1.000000000000000000, 0.000000000000000000, 0.000000000000000000 ) ) ;
#6540 = LINE ( 'NONE', #5579, #6106 ) ;
#6541 = DIRECTION ( 'NONE',  ( 1.000000000000000000, 0.000000000000000000, 0.000000000000000000 ) ) ;
#6542 = CARTESIAN_POINT ( 'NONE',  ( -1.570000000000000062, 1.665702517779999781, 3.100000000000000533 ) ) ;
#6543 = ORIENTED_EDGE ( 'NONE', *, *, #4838, .F. ) ;
#6544 = DIRECTION ( 'NONE',  ( -1.000000000000000000, 0.000000000000000000, 0.000000000000000000 ) ) ;
#6545 = EDGE_LOOP ( 'NONE', ( #90, #1746, #2045, #9501 ) ) ;
#6546 = VECTOR ( 'NONE', #2791, 1000.000000000000114 ) ;
#6547 = VERTEX_POINT ( 'NONE', #2147 ) ;
#6548 = DIRECTION ( 'NONE',  ( 0.000000000000000000, -3.491481338843000432E-15, 1.000000000000000000 ) ) ;
#6549 = DIRECTION ( 'NONE',  ( 0.000000000000000000, 3.491481338843000432E-15, -1.000000000000000000 ) ) ;
#6550 = DIRECTION ( 'NONE',  ( -1.000000000000000000, 0.000000000000000000, 0.000000000000000000 ) ) ;
#6551 = CARTESIAN_POINT ( 'NONE',  ( 0.5099488804120000385, -0.8965407300250000100, 0.2010000000000000120 ) ) ;
#6552 = ORIENTED_EDGE ( 'NONE', *, *, #9984, .F. ) ;
#6553 = DIRECTION ( 'NONE',  ( 0.000000000000000000, 3.646367363483000567E-15, -1.000000000000000000 ) ) ;
#6554 = EDGE_CURVE ( 'NONE', #8615, #1176, #9324, .T. ) ;
#6555 = DIRECTION ( 'NONE',  ( 0.000000000000000000, 3.491481338843000432E-15, -1.000000000000000000 ) ) ;
#6556 = ORIENTED_EDGE ( 'NONE', *, *, #7588, .T. ) ;
#6557 = VECTOR ( 'NONE', #5707, 1000.000000000000000 ) ;
#6558 = EDGE_CURVE ( 'NONE', #9824, #1472, #7135, .T. ) ;
#6559 = CARTESIAN_POINT ( 'NONE',  ( 0.6624983756310000027, -1.307034392503000131, 0.2010000000000000120 ) ) ;
#6560 = CARTESIAN_POINT ( 'NONE',  ( -0.09359918534300000481, -1.136302685186000083, 0.2010000000000000120 ) ) ;
#6561 = LINE ( 'NONE', #7296, #9094 ) ;
#6562 = ORIENTED_EDGE ( 'NONE', *, *, #3005, .T. ) ;
#6563 = FACE_OUTER_BOUND ( 'NONE', #7336, .T. ) ;
#6564 = VECTOR ( 'NONE', #4690, 1000.000000000000000 ) ;
#6565 = CARTESIAN_POINT ( 'NONE',  ( -4.069999999999000195, -3.834297482219000575, 3.839999999999000213 ) ) ;
#6566 = FACE_OUTER_BOUND ( 'NONE', #9309, .T. ) ;
#6567 = EDGE_CURVE ( 'NONE', #2710, #9587, #1181, .T. ) ;
#6568 = APPLICATION_PROTOCOL_DEFINITION ( 'draft international standard', 'automotive_design', 1998, #10151 ) ;
#6569 = ORIENTED_EDGE ( 'NONE', *, *, #2901, .T. ) ;
#6570 = EDGE_CURVE ( 'NONE', #8257, #6291, #1666, .T. ) ;
#6571 = VECTOR ( 'NONE', #446, 1000.000000000000000 ) ;
#6572 = ORIENTED_EDGE ( 'NONE', *, *, #1416, .T. ) ;
#6573 = LINE ( 'NONE', #2690, #6697 ) ;
#6574 = EDGE_CURVE ( 'NONE', #10254, #662, #4960, .T. ) ;
#6575 = VERTEX_POINT ( 'NONE', #85 ) ;
#6576 = FACE_OUTER_BOUND ( 'NONE', #4004, .T. ) ;
#6577 = B_SPLINE_SURFACE_WITH_KNOTS ( 'NONE', 3, 1, ( 
 ( #6699, #6645 ),
 ( #5738, #4998 ),
 ( #2546, #2494 ),
 ( #2444, #8917 ),
 ( #6591, #4089 ),
 ( #5048, #8968 ),
 ( #7327, #9808 ),
 ( #1653, #3395 ),
 ( #5845, #4034 ),
 ( #4890, #9760 ),
 ( #7380, #966 ),
 ( #7274, #174 ),
 ( #2606, #8173 ),
 ( #9075, #8114 ),
 ( #1808, #810 ),
 ( #8272, #9025 ),
 ( #1703, #1762 ),
 ( #5791, #3345 ),
 ( #1010, #9917 ) ),
 .UNSPECIFIED., .F., .F., .F.,
 ( 4, 1, 1, 1, 1, 1, 1, 1, 1, 1, 1, 1, 1, 1, 1, 1, 4 ),
 ( 2, 2 ),
 ( 0.000000000000000000, 0.06863117867599999311, 0.1345664660379999877, 0.1983281540100000073, 0.2607897666399999759, 0.3219991514839999902, 0.3827217465029999488, 0.4435374740349999900, 0.5051334294839999739, 0.5662138747639999803, 0.6261058646170000186, 0.6853493221599999963, 0.7449958703469999888, 0.8054158418139999442, 0.8676362663450000179, 0.9323077823019999544, 1.000000000000000000 ),
 ( 0.000000000000000000, 1.000000000000000000 ),
 .UNSPECIFIED. ) ;
#6578 = VERTEX_POINT ( 'NONE', #7444 ) ;
#6579 = DIRECTION ( 'NONE',  ( 0.000000000000000000, -0.7071067811865475727, -0.7071067811865475727 ) ) ;
#6580 = AXIS2_PLACEMENT_3D ( 'NONE', #9535, #6465, #3967 ) ;
#6581 = DIRECTION ( 'NONE',  ( 0.3236155771183229501, 0.8891264907158876740, 0.3236155771183229501 ) ) ;
#6582 = EDGE_CURVE ( 'NONE', #5701, #802, #9089, .T. ) ;
#6583 = DIRECTION ( 'NONE',  ( 0.000000000000000000, 0.3420201433253705070, -0.9396926207860170077 ) ) ;
#6584 = DIRECTION ( 'NONE',  ( 0.000000000000000000, 3.491481338843000432E-15, -1.000000000000000000 ) ) ;
#6585 = ORIENTED_EDGE ( 'NONE', *, *, #10336, .T. ) ;
#6586 = ORIENTED_EDGE ( 'NONE', *, *, #3779, .F. ) ;
#6587 = CARTESIAN_POINT ( 'NONE',  ( -0.3515069597339999796, -1.361912441282999930, 0.2010000000000000120 ) ) ;
#6588 = LINE ( 'NONE', #1854, #8931 ) ;
#6589 = LINE ( 'NONE', #5045, #554 ) ;
#6590 = DIRECTION ( 'NONE',  ( -1.000000000000000000, 0.000000000000000000, 0.000000000000000000 ) ) ;
#6591 = CARTESIAN_POINT ( 'NONE',  ( -0.4354587352489999730, -0.8708599491409999560, 0.2010000000000000120 ) ) ;
#6592 = EDGE_CURVE ( 'NONE', #1090, #1720, #5060, .T. ) ;
#6593 = LINE ( 'NONE', #8969, #6959 ) ;
#6594 = CARTESIAN_POINT ( 'NONE',  ( 0.8515227658750000872, -0.8619124412830000415, 0.2010000000000000120 ) ) ;
#6595 = DIRECTION ( 'NONE',  ( 0.000000000000000000, 0.3420201433253705070, -0.9396926207860170077 ) ) ;
#6596 = ORIENTED_EDGE ( 'NONE', *, *, #10471, .T. ) ;
#6597 = DIRECTION ( 'NONE',  ( 0.000000000000000000, 3.491481338843000432E-15, -1.000000000000000000 ) ) ;
#6598 = EDGE_CURVE ( 'NONE', #1560, #4920, #1026, .T. ) ;
#6599 = VERTEX_POINT ( 'NONE', #8235 ) ;
#6600 = ADVANCED_FACE ( 'NONE', ( #3259 ), #7393, .T. ) ;
#6601 = VERTEX_POINT ( 'NONE', #2561 ) ;
#6602 = DIRECTION ( 'NONE',  ( 0.000000000000000000, 1.000000000000000000, 0.000000000000000000 ) ) ;
#6603 = CARTESIAN_POINT ( 'NONE',  ( -0.1179894292460000049, -1.307034392503000131, 0.2010000000000000120 ) ) ;
#6604 = CARTESIAN_POINT ( 'NONE',  ( -6.150000000000000355, -2.750000000000000000, 4.799999999999000622 ) ) ;
#6605 = CARTESIAN_POINT ( 'NONE',  ( -3.429999999998999627, 2.550000000000000266, 0.6999999999999999556 ) ) ;
#6606 = ORIENTED_EDGE ( 'NONE', *, *, #1318, .T. ) ;
#6607 = CARTESIAN_POINT ( 'NONE',  ( 1.570000000000000062, -3.334297482219000575, 3.199999999999000089 ) ) ;
#6608 = FACE_OUTER_BOUND ( 'NONE', #8119, .T. ) ;
#6609 = EDGE_LOOP ( 'NONE', ( #7127, #9418, #131, #9402 ) ) ;
#6610 = VECTOR ( 'NONE', #4480, 1000.000000000000227 ) ;
#6611 = FACE_OUTER_BOUND ( 'NONE', #113, .T. ) ;
#6612 = PLANE ( 'NONE',  #7361 ) ;
#6613 = VECTOR ( 'NONE', #34, 1000.000000000000000 ) ;
#6614 = DIRECTION ( 'NONE',  ( 0.000000000000000000, -3.491481338843000432E-15, 1.000000000000000000 ) ) ;
#6615 = B_SPLINE_CURVE_WITH_KNOTS ( 'NONE', 3,
 ( #4077, #4774, #2434, #905, #259, #7267, #5922, #3479, #9943, #2334, #8804 ),
 .UNSPECIFIED., .F., .F.,
 ( 4, 1, 1, 1, 1, 1, 1, 1, 4 ),
 ( 0.000000000000000000, 0.1124483899080000043, 0.2265276752120000126, 0.3444019493259999898, 0.4658649724869999842, 0.5916594493519999887, 0.7221684870240000498, 0.8586063875539999835, 1.000000000000000000 ),
 .UNSPECIFIED. ) ;
#6616 = ORIENTED_EDGE ( 'NONE', *, *, #2040, .F. ) ;
#6617 = CARTESIAN_POINT ( 'NONE',  ( 0.3582563334180000059, -1.312896382909000126, 0.2000000000000000111 ) ) ;
#6618 = FACE_OUTER_BOUND ( 'NONE', #2816, .T. ) ;
#6619 = CARTESIAN_POINT ( 'NONE',  ( 4.599999999998999556, 1.149999999998999822, 5.500000000000000888 ) ) ;
#6620 = CARTESIAN_POINT ( 'NONE',  ( 1.340048339104999986, -3.966084478092999799, 3.610048339105000448 ) ) ;
#6621 = ORIENTED_EDGE ( 'NONE', *, *, #3934, .T. ) ;
#6622 = EDGE_CURVE ( 'NONE', #8404, #8647, #2211, .T. ) ;
#6623 = VERTEX_POINT ( 'NONE', #7499 ) ;
#6624 = EDGE_CURVE ( 'NONE', #468, #6085, #870, .T. ) ;
#6625 = VERTEX_POINT ( 'NONE', #6502 ) ;
#6626 = CARTESIAN_POINT ( 'NONE',  ( -0.8836573974160000233, -0.9559541094229999647, 0.2000000000000000111 ) ) ;
#6627 = ORIENTED_EDGE ( 'NONE', *, *, #4035, .T. ) ;
#6628 = CARTESIAN_POINT ( 'NONE',  ( -3.199999999999000089, 1.149999999999999911, 2.700000000000000178 ) ) ;
#6629 = CIRCLE ( 'NONE', #5939, 0.06000000000000015737 ) ;
#6630 = EDGE_LOOP ( 'NONE', ( #3968, #8049, #9968, #9194 ) ) ;
#6631 = CARTESIAN_POINT ( 'NONE',  ( 1.570000000000000062, -3.334297482219000575, 3.839999999999000213 ) ) ;
#6632 = CARTESIAN_POINT ( 'NONE',  ( -6.899999999999999467, -4.837228132325999574, 0.2000000000000000111 ) ) ;
#6633 = DIRECTION ( 'NONE',  ( -1.000000000000000000, 0.000000000000000000, 0.000000000000000000 ) ) ;
#6634 = DIRECTION ( 'NONE',  ( 0.000000000000000000, -1.000000000000000000, -3.491481338843000432E-15 ) ) ;
#6635 = ORIENTED_EDGE ( 'NONE', *, *, #7139, .T. ) ;
#6636 = VECTOR ( 'NONE', #282, 1000.000000000000000 ) ;
#6637 = VECTOR ( 'NONE', #6205, 1000.000000000000000 ) ;
#6638 = CARTESIAN_POINT ( 'NONE',  ( -7.500000000000000000, 2.549999999998999733, 3.700000000000000178 ) ) ;
#6639 = CARTESIAN_POINT ( 'NONE',  ( -0.3999999999989999888, 0.8499999999999999778, 2.700000000000000178 ) ) ;
#6640 = EDGE_CURVE ( 'NONE', #8925, #10186, #4104, .T. ) ;
#6641 = PLANE ( 'NONE',  #3763 ) ;
#6642 = FACE_OUTER_BOUND ( 'NONE', #476, .T. ) ;
#6643 = VECTOR ( 'NONE', #3788, 1000.000000000000000 ) ;
#6644 = AXIS2_PLACEMENT_3D ( 'NONE', #2363, #577, #5506 ) ;
#6645 = CARTESIAN_POINT ( 'NONE',  ( -0.3566517768069999428, -0.8619124412830000415, 0.2000000000000000111 ) ) ;
#6646 = LINE ( 'NONE', #9868, #9317 ) ;
#6647 = CARTESIAN_POINT ( 'NONE',  ( -7.499999999998999911, -4.649999999998999378, 1.199999999999000089 ) ) ;
#6648 = DIRECTION ( 'NONE',  ( 4.874532759479000212E-15, -8.631218366307999222E-14, -1.000000000000000000 ) ) ;
#6649 = LINE ( 'NONE', #234, #5860 ) ;
#6650 = VERTEX_POINT ( 'NONE', #2510 ) ;
#6651 = DIRECTION ( 'NONE',  ( 0.000000000000000000, 1.000000000000000000, 0.000000000000000000 ) ) ;
#6652 = AXIS2_PLACEMENT_3D ( 'NONE', #5567, #9894, #2632 ) ;
#6653 = VECTOR ( 'NONE', #1334, 1000.000000000000000 ) ;
#6654 = ORIENTED_EDGE ( 'NONE', *, *, #5001, .F. ) ;
#6655 = LINE ( 'NONE', #9877, #6743 ) ;
#6656 = CARTESIAN_POINT ( 'NONE',  ( -1.570000000000000062, 4.750000000000000000, 0.6999999999999999556 ) ) ;
#6657 = LINE ( 'NONE', #1618, #5757 ) ;
#6658 = ADVANCED_FACE ( 'NONE', ( #5750 ), #8982, .T. ) ;
#6659 = DIRECTION ( 'NONE',  ( 0.000000000000000000, -1.000000000000000000, -3.232893750684000066E-15 ) ) ;
#6660 = CIRCLE ( 'NONE', #3942, 0.1999999999989995891 ) ;
#6661 = VERTEX_POINT ( 'NONE', #8187 ) ;
#6662 = DIRECTION ( 'NONE',  ( 1.239088197125999924E-16, -1.000000000000000000, -3.491481338843000432E-15 ) ) ;
#6663 = FACE_OUTER_BOUND ( 'NONE', #3117, .T. ) ;
#6664 = ORIENTED_EDGE ( 'NONE', *, *, #3508, .T. ) ;
#6665 = ORIENTED_EDGE ( 'NONE', *, *, #4542, .T. ) ;
#6666 = CARTESIAN_POINT ( 'NONE',  ( 6.150000000000000355, -0.4499999999989999777, 2.699999999999000089 ) ) ;
#6667 = LINE ( 'NONE', #95, #8591 ) ;
#6668 = VECTOR ( 'NONE', #2039, 1000.000000000000000 ) ;
#6669 = ORIENTED_EDGE ( 'NONE', *, *, #601, .F. ) ;
#6670 = CARTESIAN_POINT ( 'NONE',  ( 1.570000000000000062, 4.750000000000000000, 1.000013873792005015E-12 ) ) ;
#6671 = FACE_OUTER_BOUND ( 'NONE', #8927, .T. ) ;
#6672 = EDGE_CURVE ( 'NONE', #8615, #5197, #8878, .T. ) ;
#6673 = EDGE_CURVE ( 'NONE', #10410, #2797, #9040, .T. ) ;
#6674 = PLANE ( 'NONE',  #1698 ) ;
#6675 = PLANE ( 'NONE',  #7006 ) ;
#6676 = EDGE_CURVE ( 'NONE', #9983, #2929, #9881, .T. ) ;
#6677 = ORIENTED_EDGE ( 'NONE', *, *, #7647, .T. ) ;
#6678 = VERTEX_POINT ( 'NONE', #4853 ) ;
#6679 = AXIS2_PLACEMENT_3D ( 'NONE', #8852, #3183, #2376 ) ;
#6680 = ORIENTED_EDGE ( 'NONE', *, *, #10445, .T. ) ;
#6681 = CARTESIAN_POINT ( 'NONE',  ( 3.250000000000000000, 1.850000000000000089, 0.9000000000000000222 ) ) ;
#6682 = ORIENTED_EDGE ( 'NONE', *, *, #3999, .F. ) ;
#6683 = FACE_OUTER_BOUND ( 'NONE', #5222, .T. ) ;
#6684 = ORIENTED_EDGE ( 'NONE', *, *, #8761, .T. ) ;
#6685 = LINE ( 'NONE', #4126, #5790 ) ;
#6686 = AXIS2_PLACEMENT_3D ( 'NONE', #2705, #8536, #3497 ) ;
#6687 = CARTESIAN_POINT ( 'NONE',  ( 0.3761988329479999393, -1.313131953477999936, 0.2010000000000000120 ) ) ;
#6688 = CARTESIAN_POINT ( 'NONE',  ( -6.400000000000000355, -5.149999999999000266, 1.212771867672999937 ) ) ;
#6689 = CARTESIAN_POINT ( 'NONE',  ( -0.3563659536359999880, -0.9167904900640000410, 0.2010000000000000120 ) ) ;
#6690 = ORIENTED_EDGE ( 'NONE', *, *, #7241, .T. ) ;
#6691 = EDGE_CURVE ( 'NONE', #7475, #9900, #6964, .T. ) ;
#6692 = CARTESIAN_POINT ( 'NONE',  ( -0.8842813499780000086, -0.9579490266489999462, 0.2010000000000000120 ) ) ;
#6693 = DIRECTION ( 'NONE',  ( 0.000000000000000000, 1.000000000000000000, 0.000000000000000000 ) ) ;
#6694 = ADVANCED_FACE ( 'NONE', ( #2873 ), #343, .F. ) ;
#6695 = EDGE_CURVE ( 'NONE', #753, #7042, #6506, .T. ) ;
#6696 = PLANE ( 'NONE',  #891 ) ;
#6697 = VECTOR ( 'NONE', #5769, 1000.000000000000000 ) ;
#6698 = DIRECTION ( 'NONE',  ( 0.000000000000000000, -1.000000000000000000, -3.457400261148000567E-15 ) ) ;
#6699 = CARTESIAN_POINT ( 'NONE',  ( -0.3566517768069999428, -0.8619124412830000415, 0.2010000000000000120 ) ) ;
#6700 = CARTESIAN_POINT ( 'NONE',  ( 0.6624983756310000027, -1.307034392503000131, 0.2010000000000000120 ) ) ;
#6701 = DIRECTION ( 'NONE',  ( 0.000000000000000000, -1.000000000000000000, -3.304235192336775906E-15 ) ) ;
#6702 = CARTESIAN_POINT ( 'NONE',  ( 7.500000000000000000, 0.9499999999999999556, 3.200000000000000178 ) ) ;
#6703 = EDGE_CURVE ( 'NONE', #4379, #7719, #5218, .T. ) ;
#6704 = EDGE_CURVE ( 'NONE', #7042, #496, #9345, .T. ) ;
#6705 = FACE_OUTER_BOUND ( 'NONE', #9726, .T. ) ;
#6706 = VERTEX_POINT ( 'NONE', #4412 ) ;
#6707 = CARTESIAN_POINT ( 'NONE',  ( -0.8842813499780000086, -0.9579490266489999462, 0.2010000000000000120 ) ) ;
#6708 = ADVANCED_FACE ( 'NONE', ( #1294 ), #4520, .F. ) ;
#6709 = ORIENTED_EDGE ( 'NONE', *, *, #5253, .F. ) ;
#6710 = DIRECTION ( 'NONE',  ( -1.000000000000000000, 0.000000000000000000, 0.000000000000000000 ) ) ;
#6711 = PLANE ( 'NONE',  #10194 ) ;
#6712 = DIRECTION ( 'NONE',  ( 0.000000000000000000, -0.9396926207860168967, 0.3420201433253704515 ) ) ;
#6713 = CARTESIAN_POINT ( 'NONE',  ( -0.4685282790539999631, -0.9433563533119999622, 0.2010000000000000120 ) ) ;
#6714 = EDGE_CURVE ( 'NONE', #3864, #7236, #10083, .T. ) ;
#6715 = VERTEX_POINT ( 'NONE', #10132 ) ;
#6716 = DIRECTION ( 'NONE',  ( 0.000000000000000000, -3.491481338843000432E-15, 1.000000000000000000 ) ) ;
#6717 = ORIENTED_EDGE ( 'NONE', *, *, #4284, .F. ) ;
#6718 = ORIENTED_EDGE ( 'NONE', *, *, #3703, .F. ) ;
#6719 = ORIENTED_EDGE ( 'NONE', *, *, #9244, .F. ) ;
#6720 = LINE ( 'NONE', #147, #5720 ) ;
#6721 = ORIENTED_EDGE ( 'NONE', *, *, #3343, .F. ) ;
#6722 = CYLINDRICAL_SURFACE ( 'NONE', #8157, 0.7399999999990000132 ) ;
#6723 = DIRECTION ( 'NONE',  ( -1.000000000000000000, 0.000000000000000000, 0.000000000000000000 ) ) ;
#6724 = LINE ( 'NONE', #9052, #5766 ) ;
#6725 = CARTESIAN_POINT ( 'NONE',  ( 1.570000000000000062, 1.765641600482000140, 3.103489949670000136 ) ) ;
#6726 = EDGE_CURVE ( 'NONE', #4978, #6753, #9292, .T. ) ;
#6727 = ORIENTED_EDGE ( 'NONE', *, *, #6703, .F. ) ;
#6728 = CARTESIAN_POINT ( 'NONE',  ( -0.6999999999990000887, 1.149999999999999911, 0.9000000000000000222 ) ) ;
#6729 = ORIENTED_EDGE ( 'NONE', *, *, #7020, .F. ) ;
#6730 = ORIENTED_EDGE ( 'NONE', *, *, #5842, .F. ) ;
#6731 = ADVANCED_FACE ( 'NONE', ( #8496 ), #2719, .F. ) ;
#6732 = CARTESIAN_POINT ( 'NONE',  ( 0.2523044221040000035, -0.9401250377140000225, 0.2000000000000000111 ) ) ;
#6733 = EDGE_CURVE ( 'NONE', #8992, #238, #2381, .T. ) ;
#6734 = VERTEX_POINT ( 'NONE', #4310 ) ;
#6735 = DIRECTION ( 'NONE',  ( -1.000000000000000000, 0.000000000000000000, 0.000000000000000000 ) ) ;
#6736 = ORIENTED_EDGE ( 'NONE', *, *, #8432, .F. ) ;
#6737 = DIRECTION ( 'NONE',  ( 0.000000000000000000, -3.491481338843000432E-15, 1.000000000000000000 ) ) ;
#6738 = CARTESIAN_POINT ( 'NONE',  ( 0.08323008294800000872, -1.307034392503000131, 0.2010000000000000120 ) ) ;
#6739 = AXIS2_PLACEMENT_3D ( 'NONE', #9550, #3189, #4834 ) ;
#6740 = CARTESIAN_POINT ( 'NONE',  ( 6.400000000000000355, -5.064285714284999962, 1.376902229001999878 ) ) ;
#6741 = DIRECTION ( 'NONE',  ( 0.000000000000000000, -1.000000000000000000, -3.491481338843000432E-15 ) ) ;
#6742 = ORIENTED_EDGE ( 'NONE', *, *, #7629, .T. ) ;
#6743 = VECTOR ( 'NONE', #6548, 1000.000000000000000 ) ;
#6744 = DIRECTION ( 'NONE',  ( 0.000000000000000000, -3.491481338843000432E-15, 1.000000000000000000 ) ) ;
#6745 = DIRECTION ( 'NONE',  ( 0.000000000000000000, 1.000000000000000000, 3.491481338843000432E-15 ) ) ;
#6746 = PLANE ( 'NONE',  #222 ) ;
#6747 = VECTOR ( 'NONE', #1432, 1000.000000000000000 ) ;
#6748 = DIRECTION ( 'NONE',  ( 0.000000000000000000, 0.03489949670200395010, -0.9993908270191130816 ) ) ;
#6749 = DIRECTION ( 'NONE',  ( 0.000000000000000000, 3.491481338843000432E-15, -1.000000000000000000 ) ) ;
#6750 = FACE_BOUND ( 'NONE', #9817, .T. ) ;
#6751 = FACE_OUTER_BOUND ( 'NONE', #772, .T. ) ;
#6752 = DIRECTION ( 'NONE',  ( 0.000000000000000000, -3.304235192336000456E-15, 1.000000000000000000 ) ) ;
#6753 = VERTEX_POINT ( 'NONE', #449 ) ;
#6754 = DIRECTION ( 'NONE',  ( 0.000000000000000000, 1.000000000000000000, 0.000000000000000000 ) ) ;
#6755 = EDGE_CURVE ( 'NONE', #1795, #3211, #3664, .T. ) ;
#6756 = VERTEX_POINT ( 'NONE', #5326 ) ;
#6757 = EDGE_CURVE ( 'NONE', #74, #8983, #1929, .T. ) ;
#6758 = CARTESIAN_POINT ( 'NONE',  ( -0.8693306907360000002, -0.9507438702669999131, 0.2010000000000000120 ) ) ;
#6759 = LINE ( 'NONE', #7548, #9520 ) ;
#6760 = CARTESIAN_POINT ( 'NONE',  ( 0.5498566840890000140, -1.072517172186999934, 0.2000000000000000111 ) ) ;
#6761 = CARTESIAN_POINT ( 'NONE',  ( 0.000000000000000000, 2.550000000000000266, 3.200000000000000178 ) ) ;
#6762 = ORIENTED_EDGE ( 'NONE', *, *, #4704, .F. ) ;
#6763 = CARTESIAN_POINT ( 'NONE',  ( -1.159951660893999925, -3.966084478092999799, 3.610048339105000448 ) ) ;
#6764 = ORIENTED_EDGE ( 'NONE', *, *, #7559, .T. ) ;
#6765 = VERTEX_POINT ( 'NONE', #293 ) ;
#6766 = EDGE_CURVE ( 'NONE', #9057, #5219, #5958, .T. ) ;
#6767 = CARTESIAN_POINT ( 'NONE',  ( -1.105794307295000056, -1.361912441282999930, 0.2010000000000000120 ) ) ;
#6768 = VERTEX_POINT ( 'NONE', #2935 ) ;
#6769 = DIRECTION ( 'NONE',  ( 0.000000000000000000, 1.000000000000000000, 3.491481338843000432E-15 ) ) ;
#6770 = CARTESIAN_POINT ( 'NONE',  ( 7.499999999998999911, -0.4499999999989999777, 2.699999999999000089 ) ) ;
#6771 = DIRECTION ( 'NONE',  ( 0.000000000000000000, 1.000000000000000000, 3.491481338843000432E-15 ) ) ;
#6772 = CARTESIAN_POINT ( 'NONE',  ( -0.6177898452989999400, -1.096560848241999953, 0.2000000000000000111 ) ) ;
#6773 = ORIENTED_EDGE ( 'NONE', *, *, #5911, .T. ) ;
#6774 = CARTESIAN_POINT ( 'NONE',  ( 0.3854404488020000130, -1.368010002259000046, 0.2000000000000000111 ) ) ;
#6776 = EDGE_LOOP ( 'NONE', ( #4745, #2739, #5718, #2264, #9044, #9196, #6344, #8466 ) ) ;
#6775 = EDGE_LOOP ( 'NONE', ( #7615, #6190, #7279, #6972 ) ) ;
#6777 = VECTOR ( 'NONE', #190, 1000.000000000000000 ) ;
#6778 = ORIENTED_EDGE ( 'NONE', *, *, #4905, .F. ) ;
#6779 = DIRECTION ( 'NONE',  ( 0.000000000000000000, -3.491481338843000432E-15, 1.000000000000000000 ) ) ;
#6780 = EDGE_LOOP ( 'NONE', ( #2367, #646, #9885, #5828, #7200, #1015 ) ) ;
#6781 = DIRECTION ( 'NONE',  ( 0.000000000000000000, -1.000000000000000000, -3.491481338843000432E-15 ) ) ;
#6782 = VERTEX_POINT ( 'NONE', #7807 ) ;
#6783 = CARTESIAN_POINT ( 'NONE',  ( 2.899999999998999822, 1.149999999999999911, 2.700000000000000178 ) ) ;
#6784 = AXIS2_PLACEMENT_3D ( 'NONE', #2469, #3322, #5822 ) ;
#6785 = CARTESIAN_POINT ( 'NONE',  ( 0.5409194940560000386, -1.197928560355000061, 0.2000000000000000111 ) ) ;
#6786 = ADVANCED_FACE ( 'NONE', ( #1502 ), #6967, .T. ) ;
#6787 = DIRECTION ( 'NONE',  ( 0.000000000000000000, -1.000000000000000000, -3.492679855649000022E-15 ) ) ;
#6788 = CARTESIAN_POINT ( 'NONE',  ( 1.570000000000000062, 1.850426421085999973, 0.6755703523079999995 ) ) ;
#6789 = EDGE_CURVE ( 'NONE', #4302, #6019, #5376, .T. ) ;
#6790 = EDGE_LOOP ( 'NONE', ( #5756, #817, #1997, #8868, #5954, #2967, #5498, #5238, #9179, #1740, #3129, #793, #4025, #1583, #4145, #4764 ) ) ;
#6791 = CARTESIAN_POINT ( 'NONE',  ( -0.8765641243680000194, -0.9228880510390000680, 0.2010000000000000120 ) ) ;
#6792 = DIRECTION ( 'NONE',  ( -1.000000000000000000, 0.000000000000000000, 0.000000000000000000 ) ) ;
#6793 = CARTESIAN_POINT ( 'NONE',  ( -6.899999999998999378, -3.149999999998999822, 1.199999999999000089 ) ) ;
#6794 = DIRECTION ( 'NONE',  ( 0.000000000000000000, -3.491481338843000432E-15, 1.000000000000000000 ) ) ;
#6795 = CARTESIAN_POINT ( 'NONE',  ( -5.450000000000000178, -5.250000000000000000, 5.499999999999000799 ) ) ;
#6796 = VECTOR ( 'NONE', #5254, 1000.000000000000000 ) ;
#6797 = CARTESIAN_POINT ( 'NONE',  ( -3.429999999998999627, 2.550000000000000266, 0.6400000000000000133 ) ) ;
#6798 = DIRECTION ( 'NONE',  ( 0.000000000000000000, -1.000000000000000000, -3.491481338843000432E-15 ) ) ;
#6799 = ADVANCED_FACE ( 'NONE', ( #657 ), #6381, .T. ) ;
#6800 = CARTESIAN_POINT ( 'NONE',  ( -2.449999999998999645, -3.319848480983000005, 5.499999999999000799 ) ) ;
#6801 = ORIENTED_EDGE ( 'NONE', *, *, #8425, .T. ) ;
#6802 = B_SPLINE_CURVE_WITH_KNOTS ( 'NONE', 3,
 ( #9559, #4631, #8609, #9453, #555, #2297, #8661, #7868, #660, #767, #8768 ),
 .UNSPECIFIED., .F., .F.,
 ( 4, 1, 1, 1, 1, 1, 1, 1, 4 ),
 ( 0.000000000000000000, 0.1451868664719999924, 0.2834426109189999710, 0.4165243659280000177, 0.5431811235350000322, 0.6651530826370000149, 0.7813602063119999830, 0.8927566556410000409, 0.9999999999990000221 ),
 .UNSPECIFIED. ) ;
#6803 = CARTESIAN_POINT ( 'NONE',  ( 5.449999999999000089, -2.250000000000000000, 4.299999999998999733 ) ) ;
#6804 = CARTESIAN_POINT ( 'NONE',  ( -1.032623575587000131, -1.361912441282999930, 0.2000000000000000111 ) ) ;
#6805 = VECTOR ( 'NONE', #3136, 1000.000000000000000 ) ;
#6806 = AXIS2_PLACEMENT_3D ( 'NONE', #2605, #69, #1069 ) ;
#6807 = DIRECTION ( 'NONE',  ( -0.9063077870368018152, -0.4226182617403738684, -1.475563774322305739E-15 ) ) ;
#6808 = DIRECTION ( 'NONE',  ( 0.000000000000000000, 3.646367363483000567E-15, -1.000000000000000000 ) ) ;
#6809 = CARTESIAN_POINT ( 'NONE',  ( -6.899999999999999467, -4.549999999998999733, 0.000000000000000000 ) ) ;
#6810 = EDGE_CURVE ( 'NONE', #1577, #389, #6275, .T. ) ;
#6811 = DIRECTION ( 'NONE',  ( 1.000000000000000000, 0.000000000000000000, 0.000000000000000000 ) ) ;
#6812 = VERTEX_POINT ( 'NONE', #2240 ) ;
#6813 = VECTOR ( 'NONE', #5020, 1000.000000000000114 ) ;
#6814 = VECTOR ( 'NONE', #1145, 1000.000000000000000 ) ;
#6815 = CARTESIAN_POINT ( 'NONE',  ( 5.450000000000000178, 1.549999999998999956, 4.400000000000000355 ) ) ;
#6816 = EDGE_LOOP ( 'NONE', ( #7786, #3570, #8310, #6868 ) ) ;
#6817 = EDGE_CURVE ( 'NONE', #238, #850, #7180, .T. ) ;
#6818 = VERTEX_POINT ( 'NONE', #3881 ) ;
#6819 = VERTEX_POINT ( 'NONE', #4681 ) ;
#6820 = EDGE_CURVE ( 'NONE', #25, #3422, #6218, .T. ) ;
#6821 = CARTESIAN_POINT ( 'NONE',  ( 0.3826221704540000434, -1.312966404435999879, 0.2000000000000000111 ) ) ;
#6822 = AXIS2_PLACEMENT_3D ( 'NONE', #7287, #5803, #1773 ) ;
#6823 = VECTOR ( 'NONE', #6057, 1000.000000000000000 ) ;
#6824 = VERTEX_POINT ( 'NONE', #1340 ) ;
#6825 = AXIS2_PLACEMENT_3D ( 'NONE', #7787, #4449, #2116 ) ;
#6826 = CARTESIAN_POINT ( 'NONE',  ( 1.570000000000000062, 1.765641600482000140, 3.103489949670000136 ) ) ;
#6827 = DIRECTION ( 'NONE',  ( -1.000000000000000000, 0.000000000000000000, 0.000000000000000000 ) ) ;
#6828 = CARTESIAN_POINT ( 'NONE',  ( -6.150000000000000355, -5.250000000000000000, 3.999999999998999911 ) ) ;
#6829 = DIRECTION ( 'NONE',  ( 0.000000000000000000, -1.000000000000000000, -3.491481338843000432E-15 ) ) ;
#6830 = ORIENTED_EDGE ( 'NONE', *, *, #2622, .T. ) ;
#6831 = EDGE_CURVE ( 'NONE', #7718, #9847, #5425, .T. ) ;
#6832 = LINE ( 'NONE', #6931, #6546 ) ;
#6834 = EDGE_LOOP ( 'NONE', ( #4850, #4822, #3516, #5544 ) ) ;
#6833 = ORIENTED_EDGE ( 'NONE', *, *, #208, .F. ) ;
#6835 = ORIENTED_EDGE ( 'NONE', *, *, #8602, .F. ) ;
#6836 = AXIS2_PLACEMENT_3D ( 'NONE', #3477, #1992, #9256 ) ;
#6837 = DIRECTION ( 'NONE',  ( 0.000000000000000000, -3.491481338843000432E-15, 1.000000000000000000 ) ) ;
#6838 = ORIENTED_EDGE ( 'NONE', *, *, #7016, .F. ) ;
#6839 = FACE_OUTER_BOUND ( 'NONE', #2891, .T. ) ;
#6840 = EDGE_LOOP ( 'NONE', ( #6503, #9511, #6498, #8721 ) ) ;
#6841 = DIRECTION ( 'NONE',  ( 1.000000000000000000, 0.000000000000000000, 0.000000000000000000 ) ) ;
#6842 = CARTESIAN_POINT ( 'NONE',  ( 0.3952319583650000245, -1.312641411656999990, 0.2010000000000000120 ) ) ;
#6843 = AXIS2_PLACEMENT_3D ( 'NONE', #10334, #7218, #3975 ) ;
#6844 = FACE_OUTER_BOUND ( 'NONE', #5329, .T. ) ;
#6845 = CARTESIAN_POINT ( 'NONE',  ( -0.3634855917390000246, -0.9169369871479999823, 0.2010000000000000120 ) ) ;
#6846 = EDGE_LOOP ( 'NONE', ( #1657, #2252, #1813, #8040, #4045, #126, #8627, #10468, #6522, #3311, #3224, #4860 ) ) ;
#6847 = CARTESIAN_POINT ( 'NONE',  ( 3.200000000000000178, 1.149999999999999911, 0.9000000000000000222 ) ) ;
#6848 = CARTESIAN_POINT ( 'NONE',  ( 0.2915031056909999641, -1.300876926991000104, 0.2010000000000000120 ) ) ;
#6849 = CARTESIAN_POINT ( 'NONE',  ( -4.069999999999000195, 2.550000000000000266, 0.6999999999999999556 ) ) ;
#6850 = CIRCLE ( 'NONE', #248, 2.099999999999999645 ) ;
#6851 = LINE ( 'NONE', #10171, #6637 ) ;
#6852 = LINE ( 'NONE', #5093, #4986 ) ;
#6853 = CARTESIAN_POINT ( 'NONE',  ( 0.3922744457879999702, -0.8564371810039999033, 0.2000000000000000111 ) ) ;
#6854 = DIRECTION ( 'NONE',  ( -1.000000000000000000, 0.000000000000000000, 0.000000000000000000 ) ) ;
#6855 = EDGE_CURVE ( 'NONE', #7970, #7756, #4571, .T. ) ;
#6856 = ORIENTED_EDGE ( 'NONE', *, *, #1571, .T. ) ;
#6857 = DIRECTION ( 'NONE',  ( 0.000000000000000000, 1.000000000000000000, 3.584412953627000671E-15 ) ) ;
#6858 = ORIENTED_EDGE ( 'NONE', *, *, #2312, .T. ) ;
#6859 = CARTESIAN_POINT ( 'NONE',  ( -3.429999999998999627, 2.550000000000000266, 0.6999999999999999556 ) ) ;
#6860 = AXIS2_PLACEMENT_3D ( 'NONE', #6989, #10213, #9369 ) ;
#6861 = DIRECTION ( 'NONE',  ( 0.000000000000000000, 1.000000000000000000, 3.491481338843000432E-15 ) ) ;
#6862 = EDGE_CURVE ( 'NONE', #10337, #5414, #9500, .T. ) ;
#6863 = ADVANCED_FACE ( 'NONE', ( #10404 ), #7914, .F. ) ;
#6864 = CARTESIAN_POINT ( 'NONE',  ( 3.429999999998999627, 1.665702517779999781, 3.200000000000000178 ) ) ;
#6865 = FACE_BOUND ( 'NONE', #10234, .T. ) ;
#6866 = DIRECTION ( 'NONE',  ( 1.000000000000000000, 0.000000000000000000, 0.000000000000000000 ) ) ;
#6867 = DIRECTION ( 'NONE',  ( 1.000000000000000000, 0.000000000000000000, 0.000000000000000000 ) ) ;
#6868 = ORIENTED_EDGE ( 'NONE', *, *, #6831, .T. ) ;
#6869 = DIRECTION ( 'NONE',  ( 0.000000000000000000, -3.491481338843000432E-15, 1.000000000000000000 ) ) ;
#6870 = ORIENTED_EDGE ( 'NONE', *, *, #7672, .F. ) ;
#6871 = ORIENTED_EDGE ( 'NONE', *, *, #6270, .T. ) ;
#6872 = ORIENTED_EDGE ( 'NONE', *, *, #5664, .F. ) ;
#6873 = CARTESIAN_POINT ( 'NONE',  ( 0.5527422780699999816, -1.117247807137000004, 0.2000000000000000111 ) ) ;
#6874 = ORIENTED_EDGE ( 'NONE', *, *, #7107, .F. ) ;
#6875 = LINE ( 'NONE', #9988, #5967 ) ;
#6876 = CARTESIAN_POINT ( 'NONE',  ( 1.570000000000000062, -3.834297482219000575, 3.199999999999000089 ) ) ;
#6877 = ADVANCED_FACE ( 'NONE', ( #9451 ), #2295, .T. ) ;
#6878 = DIRECTION ( 'NONE',  ( 0.000000000000000000, -3.491481338843000432E-15, 1.000000000000000000 ) ) ;
#6879 = CARTESIAN_POINT ( 'NONE',  ( 0.8515227658750000872, -1.307034392503000131, 0.2000000000000000111 ) ) ;
#6880 = ORIENTED_EDGE ( 'NONE', *, *, #26, .T. ) ;
#6881 = ADVANCED_FACE ( 'NONE', ( #1453 ), #3094, .F. ) ;
#6882 = CARTESIAN_POINT ( 'NONE',  ( 6.649999999999999467, -4.649999999998999378, 2.199999999999000089 ) ) ;
#6884 = ORIENTED_EDGE ( 'NONE', *, *, #6755, .T. ) ;
#6883 = VERTEX_POINT ( 'NONE', #8765 ) ;
#6885 = ORIENTED_EDGE ( 'NONE', *, *, #6179, .T. ) ;
#6886 = FACE_OUTER_BOUND ( 'NONE', #595, .T. ) ;
#6887 = ORIENTED_EDGE ( 'NONE', *, *, #2209, .F. ) ;
#6888 = ORIENTED_EDGE ( 'NONE', *, *, #1177, .F. ) ;
#6889 = EDGE_CURVE ( 'NONE', #725, #5558, #4587, .T. ) ;
#6890 = PLANE ( 'NONE',  #4770 ) ;
#6891 = CARTESIAN_POINT ( 'NONE',  ( -6.400000000000000355, -4.673097770996999856, 0.08571428571500003257 ) ) ;
#6892 = DIRECTION ( 'NONE',  ( -1.000000000000000000, 0.000000000000000000, 0.000000000000000000 ) ) ;
#6893 = B_SPLINE_SURFACE_WITH_KNOTS ( 'NONE', 3, 1, ( 
 ( #4558, #1330 ),
 ( #7950, #10335 ),
 ( #6319, #7853 ),
 ( #645, #7793 ),
 ( #4668, #485 ),
 ( #3870, #8702 ),
 ( #9594, #3081 ) ),
 .UNSPECIFIED., .F., .F., .F.,
 ( 4, 1, 1, 1, 4 ),
 ( 2, 2 ),
 ( 0.000000000000000000, 0.3005411131580000283, 0.5677471464829999537, 0.8000336137360000155, 1.000000000000000000 ),
 ( 0.000000000000000000, 1.000000000000000000 ),
 .UNSPECIFIED. ) ;
#6894 = CARTESIAN_POINT ( 'NONE',  ( -5.450000000000000178, 13.68089176689499986, 4.800000000000000711 ) ) ;
#6895 = CARTESIAN_POINT ( 'NONE',  ( 0.6193533623429999802, -1.148136237094000034, 0.2010000000000000120 ) ) ;
#6896 = VERTEX_POINT ( 'NONE', #708 ) ;
#6897 = LINE ( 'NONE', #9120, #1886 ) ;
#6898 = CARTESIAN_POINT ( 'NONE',  ( -0.9299999999989999599, 1.550000000000000044, 3.200000000000000178 ) ) ;
#6899 = DIRECTION ( 'NONE',  ( 0.000000000000000000, -1.000000000000000000, -3.491481338843000432E-15 ) ) ;
#6900 = ADVANCED_FACE ( 'NONE', ( #9401 ), #2133, .F. ) ;
#6901 = DIRECTION ( 'NONE',  ( -0.7071067811865474617, 0.7071067811865474617, 2.468850131083908146E-15 ) ) ;
#6902 = AXIS2_PLACEMENT_3D ( 'NONE', #6997, #3808, #10269 ) ;
#6903 = CARTESIAN_POINT ( 'NONE',  ( 6.899999999999999467, -5.149999999999000266, 0.2000000000000000111 ) ) ;
#6904 = VECTOR ( 'NONE', #1460, 1000.000000000000000 ) ;
#6905 = CARTESIAN_POINT ( 'NONE',  ( -4.069999999999000195, 1.549999999998999956, 3.840000000000000302 ) ) ;
#6906 = DIRECTION ( 'NONE',  ( 0.000000000000000000, 3.491481338843000432E-15, -1.000000000000000000 ) ) ;
#6907 = EDGE_LOOP ( 'NONE', ( #517, #1478, #5067, #7437 ) ) ;
#6908 = CARTESIAN_POINT ( 'NONE',  ( 0.4182440948499999700, -0.8599611451990000210, 0.2010000000000000120 ) ) ;
#6909 = ORIENTED_EDGE ( 'NONE', *, *, #7533, .F. ) ;
#6910 = LINE ( 'NONE', #10126, #6653 ) ;
#6911 = CIRCLE ( 'NONE', #10280, 0.4999999999989999666 ) ;
#6912 = CARTESIAN_POINT ( 'NONE',  ( -0.4538739070259999453, -1.286781584457999950, 0.2010000000000000120 ) ) ;
#6913 = EDGE_CURVE ( 'NONE', #2208, #4173, #813, .T. ) ;
#6914 = CARTESIAN_POINT ( 'NONE',  ( 0.6999999999999999556, 0.9499999999999999556, 0.9000000000000000222 ) ) ;
#6915 = DIRECTION ( 'NONE',  ( 1.000000000000000000, 0.000000000000000000, 0.000000000000000000 ) ) ;
#6916 = FACE_OUTER_BOUND ( 'NONE', #5342, .T. ) ;
#6917 = CARTESIAN_POINT ( 'NONE',  ( 0.9300000000000000488, 1.665702517779999781, 3.100000000000000533 ) ) ;
#6918 = ORIENTED_EDGE ( 'NONE', *, *, #574, .F. ) ;
#6919 = EDGE_CURVE ( 'NONE', #730, #5523, #7434, .T. ) ;
#6920 = ADVANCED_FACE ( 'NONE', ( #1765 ), #1811, .F. ) ;
#6921 = CARTESIAN_POINT ( 'NONE',  ( -6.899999999999999467, -3.149999999998999822, -2.061552812807999846 ) ) ;
#6922 = ORIENTED_EDGE ( 'NONE', *, *, #350, .T. ) ;
#6923 = EDGE_LOOP ( 'NONE', ( #4178, #9367, #2087, #9223 ) ) ;
#6924 = ORIENTED_EDGE ( 'NONE', *, *, #4608, .T. ) ;
#6925 = CARTESIAN_POINT ( 'NONE',  ( 0.5340004414620000972, -1.215309063394000022, 0.2000000000000000111 ) ) ;
#6926 = ORIENTED_EDGE ( 'NONE', *, *, #8659, .T. ) ;
#6927 = LINE ( 'NONE', #1144, #7830 ) ;
#6928 = LINE ( 'NONE', #8451, #6814 ) ;
#6929 = CARTESIAN_POINT ( 'NONE',  ( -6.400000000000000355, -4.549999999998999733, 0.000000000000000000 ) ) ;
#6930 = ORIENTED_EDGE ( 'NONE', *, *, #576, .F. ) ;
#6931 = CARTESIAN_POINT ( 'NONE',  ( -1.241157088893000138, -4.237785955029999663, 3.511157088893000378 ) ) ;
#6933 = ORIENTED_EDGE ( 'NONE', *, *, #703, .T. ) ;
#6932 = EDGE_LOOP ( 'NONE', ( #8252, #5751, #2348, #1908 ) ) ;
#6934 = ORIENTED_EDGE ( 'NONE', *, *, #1211, .T. ) ;
#6935 = LINE ( 'NONE', #4489, #9560 ) ;
#6936 = ORIENTED_EDGE ( 'NONE', *, *, #6704, .T. ) ;
#6937 = ORIENTED_EDGE ( 'NONE', *, *, #4979, .T. ) ;
#6938 = DIRECTION ( 'NONE',  ( 0.000000000000000000, 0.03489949670200395010, -0.9993908270191130816 ) ) ;
#6939 = PLANE ( 'NONE',  #9982 ) ;
#6940 = CARTESIAN_POINT ( 'NONE',  ( 1.340048339104999986, 5.381786995874000112, 0.2299516608950000485 ) ) ;
#6941 = B_SPLINE_CURVE_WITH_KNOTS ( 'NONE', 3,
 ( #2120, #10176, #8379, #1916, #5312, #281, #7636, #4347, #6157, #2706, #2814, #6954, #1121, #1968, #10072, #8538, #6853, #3605, #9389 ),
 .UNSPECIFIED., .F., .F.,
 ( 4, 1, 1, 1, 1, 1, 1, 1, 1, 1, 1, 1, 1, 1, 1, 1, 4 ),
 ( 0.000000000000000000, 0.07064371857500000018, 0.1382567155079999777, 0.2033641242170000085, 0.2663240938029999838, 0.3279047615419999895, 0.3887377151729999869, 0.4494235281089999923, 0.5108610114589999807, 0.5720793960469999773, 0.6317344287310000528, 0.6911172105780000186, 0.7503600294900000245, 0.8100329005309999664, 0.8713624508280000125, 0.9344271412310000136, 0.9999999999990000221 ),
 .UNSPECIFIED. ) ;
#6942 = CARTESIAN_POINT ( 'NONE',  ( 6.400000000000000355, -5.149999999999000266, -2.061552812807999846 ) ) ;
#6943 = EDGE_CURVE ( 'NONE', #9365, #8541, #5636, .T. ) ;
#6944 = CARTESIAN_POINT ( 'NONE',  ( 0.6043322085709998959, -1.221707889049999940, 0.2010000000000000120 ) ) ;
#6945 = ORIENTED_EDGE ( 'NONE', *, *, #9380, .T. ) ;
#6946 = CARTESIAN_POINT ( 'NONE',  ( 0.4632386164280000163, -1.292712558893000185, 0.2010000000000000120 ) ) ;
#6947 = DIRECTION ( 'NONE',  ( 0.000000000000000000, -3.491481338843000432E-15, 1.000000000000000000 ) ) ;
#6948 = EDGE_LOOP ( 'NONE', ( #1770, #9899, #6365, #1191, #2556, #6677 ) ) ;
#6949 = CARTESIAN_POINT ( 'NONE',  ( 5.450000000000000178, 1.149999999999999911, 0.9000000000000000222 ) ) ;
#6950 = VECTOR ( 'NONE', #4205, 1000.000000000000000 ) ;
#6951 = VECTOR ( 'NONE', #5441, 1000.000000000000114 ) ;
#6952 = LINE ( 'NONE', #1327, #8664 ) ;
#6953 = DIRECTION ( 'NONE',  ( 0.000000000000000000, -3.304235192336000456E-15, 1.000000000000000000 ) ) ;
#6954 = CARTESIAN_POINT ( 'NONE',  ( 0.5099488804120000385, -0.8965407300250000100, 0.2000000000000000111 ) ) ;
#6955 = CARTESIAN_POINT ( 'NONE',  ( -7.499999999998999911, -0.4499999999989999777, 0.2000000000000000111 ) ) ;
#6956 = VERTEX_POINT ( 'NONE', #4841 ) ;
#6957 = DIRECTION ( 'NONE',  ( 1.000000000000000000, 0.000000000000000000, 0.000000000000000000 ) ) ;
#6958 = ORIENTED_EDGE ( 'NONE', *, *, #8364, .F. ) ;
#6959 = VECTOR ( 'NONE', #1552, 1000.000000000000000 ) ;
#6960 = DIRECTION ( 'NONE',  ( 0.000000000000000000, -1.000000000000000000, -3.491481338843000432E-15 ) ) ;
#6961 = ADVANCED_FACE ( 'NONE', ( #4092 ), #8225, .F. ) ;
#6962 = CARTESIAN_POINT ( 'NONE',  ( -0.3972520246490000018, -1.304030939482999862, 0.2000000000000000111 ) ) ;
#6963 = LINE ( 'NONE', #547, #2154 ) ;
#6964 = CIRCLE ( 'NONE', #1706, 0.4999999999989999666 ) ;
#6965 = CARTESIAN_POINT ( 'NONE',  ( 4.069999999999000195, -3.334297482219000575, 3.199999999999000089 ) ) ;
#6966 = CARTESIAN_POINT ( 'NONE',  ( -1.570000000000000062, 2.550000000000000266, 0.6400000000000000133 ) ) ;
#6967 = PLANE ( 'NONE',  #1871 ) ;
#6968 = ORIENTED_EDGE ( 'NONE', *, *, #4059, .F. ) ;
#6969 = DIRECTION ( 'NONE',  ( 0.000000000000000000, 1.000000000000000000, 0.000000000000000000 ) ) ;
#6970 = ORIENTED_EDGE ( 'NONE', *, *, #4939, .T. ) ;
#6971 = AXIS2_PLACEMENT_3D ( 'NONE', #4179, #2646, #5879 ) ;
#6972 = ORIENTED_EDGE ( 'NONE', *, *, #3914, .T. ) ;
#6973 = ORIENTED_EDGE ( 'NONE', *, *, #4376, .F. ) ;
#6974 = LINE ( 'NONE', #10201, #7579 ) ;
#6975 = CARTESIAN_POINT ( 'NONE',  ( -4.549999999998999733, -4.109415119350000367, 5.499999999999000799 ) ) ;
#6976 = EDGE_CURVE ( 'NONE', #2793, #5233, #73, .T. ) ;
#6977 = ORIENTED_EDGE ( 'NONE', *, *, #2790, .F. ) ;
#6978 = CARTESIAN_POINT ( 'NONE',  ( 0.5130235982120000537, -0.9808614424239999741, 0.2010000000000000120 ) ) ;
#6979 = LINE ( 'NONE', #8671, #8459 ) ;
#6980 = AXIS2_PLACEMENT_3D ( 'NONE', #3859, #2854, #6090 ) ;
#6981 = VECTOR ( 'NONE', #10320, 1000.000000000000000 ) ;
#6982 = CARTESIAN_POINT ( 'NONE',  ( -0.8669414109530000356, -0.9579490266489999462, 0.2010000000000000120 ) ) ;
#6983 = ORIENTED_EDGE ( 'NONE', *, *, #1711, .T. ) ;
#6984 = CARTESIAN_POINT ( 'NONE',  ( -0.9299999999989999599, -3.834297482219000575, 3.199999999999000089 ) ) ;
#6986 = ORIENTED_EDGE ( 'NONE', *, *, #6240, .T. ) ;
#6985 = VERTEX_POINT ( 'NONE', #3987 ) ;
#6987 = VECTOR ( 'NONE', #134, 1000.000000000000000 ) ;
#6988 = VECTOR ( 'NONE', #9494, 1000.000000000000000 ) ;
#6989 = CARTESIAN_POINT ( 'NONE',  ( 4.549999999999999822, -5.250000000000000000, 5.499999999999000799 ) ) ;
#6990 = ORIENTED_EDGE ( 'NONE', *, *, #3313, .F. ) ;
#6991 = EDGE_CURVE ( 'NONE', #2285, #5862, #6118, .T. ) ;
#6992 = ORIENTED_EDGE ( 'NONE', *, *, #5392, .F. ) ;
#6993 = EDGE_CURVE ( 'NONE', #6505, #9351, #1037, .T. ) ;
#6994 = LINE ( 'NONE', #10217, #2743 ) ;
#6995 = FACE_OUTER_BOUND ( 'NONE', #7675, .T. ) ;
#6996 = LINE ( 'NONE', #1475, #8015 ) ;
#6997 = CARTESIAN_POINT ( 'NONE',  ( -6.899999999999999467, -4.262771867673000870, 0.2000000000000000111 ) ) ;
#6998 = CARTESIAN_POINT ( 'NONE',  ( -0.8749444597340000351, -0.9228880510390000680, 0.2010000000000000120 ) ) ;
#6999 = VECTOR ( 'NONE', #8412, 1000.000000000000000 ) ;
#7000 = ORIENTED_EDGE ( 'NONE', *, *, #10116, .F. ) ;
#7001 = CARTESIAN_POINT ( 'NONE',  ( 0.3761988329479999393, -1.313131953477999936, 0.2010000000000000120 ) ) ;
#7002 = DIRECTION ( 'NONE',  ( 1.084202172484999957E-15, -3.491481338843000432E-15, 1.000000000000000000 ) ) ;
#7003 = ORIENTED_EDGE ( 'NONE', *, *, #6695, .T. ) ;
#7004 = PLANE ( 'NONE',  #4271 ) ;
#7005 = CARTESIAN_POINT ( 'NONE',  ( 1.750000000000000000, 2.550000000000000266, 0.2000000000010000167 ) ) ;
#7006 = AXIS2_PLACEMENT_3D ( 'NONE', #1837, #7231, #4788 ) ;
#7007 = CARTESIAN_POINT ( 'NONE',  ( -7.500000000000000000, 2.550000000000000266, 0.2000000000010000167 ) ) ;
#7008 = CYLINDRICAL_SURFACE ( 'NONE', #6163, 0.4999999999989999666 ) ;
#7009 = EDGE_CURVE ( 'NONE', #4377, #5721, #3244, .T. ) ;
#7010 = CARTESIAN_POINT ( 'NONE',  ( 4.549999999999999822, -5.250000000000000000, 6.199999999999000089 ) ) ;
#7011 = EDGE_LOOP ( 'NONE', ( #105, #3519, #5120, #10250 ) ) ;
#7012 = FACE_OUTER_BOUND ( 'NONE', #7130, .T. ) ;
#7013 = VERTEX_POINT ( 'NONE', #178 ) ;
#7014 = EDGE_CURVE ( 'NONE', #6033, #1483, #1656, .T. ) ;
#7015 = CARTESIAN_POINT ( 'NONE',  ( 3.149999999999999911, -1.750000000000000000, 6.199999999999000089 ) ) ;
#7016 = EDGE_CURVE ( 'NONE', #1445, #5116, #10456, .T. ) ;
#7017 = AXIS2_PLACEMENT_3D ( 'NONE', #2761, #2015, #1329 ) ;
#7018 = CARTESIAN_POINT ( 'NONE',  ( -0.5504084140620000287, -1.129689134823999908, 0.2010000000000000120 ) ) ;
#7019 = ORIENTED_EDGE ( 'NONE', *, *, #2661, .T. ) ;
#7020 = EDGE_CURVE ( 'NONE', #9525, #2776, #4893, .T. ) ;
#7021 = LINE ( 'NONE', #9650, #6314 ) ;
#7022 = DIRECTION ( 'NONE',  ( 0.000000000000000000, 3.491481338843000432E-15, -1.000000000000000000 ) ) ;
#7023 = VECTOR ( 'NONE', #4241, 1000.000000000000000 ) ;
#7024 = DIRECTION ( 'NONE',  ( 0.000000000000000000, 3.491481338843000432E-15, -1.000000000000000000 ) ) ;
#7025 = EDGE_CURVE ( 'NONE', #7603, #8393, #7277, .T. ) ;
#7026 = EDGE_LOOP ( 'NONE', ( #4762, #3565, #6729, #3329 ) ) ;
#7027 = FACE_OUTER_BOUND ( 'NONE', #6468, .T. ) ;
#7028 = VECTOR ( 'NONE', #7769, 1000.000000000000000 ) ;
#7029 = ORIENTED_EDGE ( 'NONE', *, *, #6558, .T. ) ;
#7030 = ORIENTED_EDGE ( 'NONE', *, *, #7031, .F. ) ;
#7031 = EDGE_CURVE ( 'NONE', #4379, #3208, #7383, .T. ) ;
#7032 = ORIENTED_EDGE ( 'NONE', *, *, #10276, .T. ) ;
#7033 = CARTESIAN_POINT ( 'NONE',  ( -0.8842813499780000086, -0.9579490266489999462, 0.2010000000000000120 ) ) ;
#7034 = CARTESIAN_POINT ( 'NONE',  ( 1.570000000000000062, -3.834297482219000575, 3.199999999999000089 ) ) ;
#7035 = ORIENTED_EDGE ( 'NONE', *, *, #3287, .F. ) ;
#7036 = ADVANCED_FACE ( 'NONE', ( #8118, #6432 ), #2447, .T. ) ;
#7037 = CARTESIAN_POINT ( 'NONE',  ( -7.500000000000000000, -2.750000000000000000, 4.799999999999000622 ) ) ;
#7038 = CARTESIAN_POINT ( 'NONE',  ( 0.9300000000000000488, 2.550000000000000266, 0.6999999999999999556 ) ) ;
#7039 = CARTESIAN_POINT ( 'NONE',  ( 4.549999999999999822, -3.319848480983000005, 6.199999999999000089 ) ) ;
#7040 = ORIENTED_EDGE ( 'NONE', *, *, #10107, .T. ) ;
#7041 = CARTESIAN_POINT ( 'NONE',  ( -0.4354587352489999730, -0.8708599491409999560, 0.2010000000000000120 ) ) ;
#7043 = ORIENTED_EDGE ( 'NONE', *, *, #8375, .F. ) ;
#7042 = VERTEX_POINT ( 'NONE', #5689 ) ;
#7044 = CARTESIAN_POINT ( 'NONE',  ( -3.149999999998999822, -1.750000000000000000, 5.499999999999000799 ) ) ;
#7045 = CARTESIAN_POINT ( 'NONE',  ( -0.2155504048559999941, -1.361912441282999930, 0.2010000000000000120 ) ) ;
#7046 = ORIENTED_EDGE ( 'NONE', *, *, #5643, .F. ) ;
#7047 = EDGE_CURVE ( 'NONE', #3682, #10262, #8867, .T. ) ;
#7048 = CARTESIAN_POINT ( 'NONE',  ( -1.570000000000000062, 1.850426421085999973, 0.6755703523079999995 ) ) ;
#7049 = CARTESIAN_POINT ( 'NONE',  ( 0.3850177562070000170, -0.9111242837939999006, 0.2010000000000000120 ) ) ;
#7050 = LINE ( 'NONE', #472, #7357 ) ;
#7051 = DIRECTION ( 'NONE',  ( 1.000000000000000000, 0.000000000000000000, 0.000000000000000000 ) ) ;
#7052 = CARTESIAN_POINT ( 'NONE',  ( 0.5953826978209999510, -1.243530501393000032, 0.2010000000000000120 ) ) ;
#7053 = ORIENTED_EDGE ( 'NONE', *, *, #4163, .T. ) ;
#7054 = EDGE_CURVE ( 'NONE', #6575, #156, #5848, .T. ) ;
#7055 = DIRECTION ( 'NONE',  ( -1.000000000000000000, 0.000000000000000000, 0.000000000000000000 ) ) ;
#7056 = EDGE_CURVE ( 'NONE', #6227, #5347, #969, .T. ) ;
#7057 = DIRECTION ( 'NONE',  ( 1.000000000000000000, 0.000000000000000000, 0.000000000000000000 ) ) ;
#7058 = ORIENTED_EDGE ( 'NONE', *, *, #469, .F. ) ;
#7059 = CARTESIAN_POINT ( 'NONE',  ( -1.570000000000000062, 1.550000000000000044, 3.200000000000000178 ) ) ;
#7060 = LINE ( 'NONE', #5566, #1038 ) ;
#7061 = DIRECTION ( 'NONE',  ( -1.000000000000000000, 0.000000000000000000, 0.000000000000000000 ) ) ;
#7062 = CARTESIAN_POINT ( 'NONE',  ( -1.570000000000000062, 4.750000000000000000, 1.000013873792005015E-12 ) ) ;
#7063 = CARTESIAN_POINT ( 'NONE',  ( -0.3566517768069999428, -0.8619124412830000415, 0.2010000000000000120 ) ) ;
#7064 = ORIENTED_EDGE ( 'NONE', *, *, #3687, .T. ) ;
#7065 = PLANE ( 'NONE',  #9245 ) ;
#7066 = ORIENTED_EDGE ( 'NONE', *, *, #10430, .T. ) ;
#7067 = DIRECTION ( 'NONE',  ( 0.000000000000000000, 0.000000000000000000, 1.000000000000000000 ) ) ;
#7068 = CARTESIAN_POINT ( 'NONE',  ( 4.549999999999999822, -3.319848480983000005, 5.499999999999000799 ) ) ;
#7069 = CARTESIAN_POINT ( 'NONE',  ( -0.3798343749609999764, -1.361399924631000014, 0.2000000000000000111 ) ) ;
#7070 = LINE ( 'NONE', #4090, #2372 ) ;
#7071 = ADVANCED_FACE ( 'NONE', ( #7637 ), #3606, .T. ) ;
#7072 = DIRECTION ( 'NONE',  ( -1.239088197125999974E-15, -3.646367363483000567E-15, 1.000000000000000000 ) ) ;
#7073 = CARTESIAN_POINT ( 'NONE',  ( 3.429999999998999627, 1.665702517779999781, 3.100000000000000533 ) ) ;
#7074 = EDGE_LOOP ( 'NONE', ( #2877, #7128, #8254, #6531, #7435, #7259 ) ) ;
#7075 = AXIS2_PLACEMENT_3D ( 'NONE', #6450, #9675, #876 ) ;
#7076 = EDGE_CURVE ( 'NONE', #7042, #10254, #385, .T. ) ;
#7077 = CARTESIAN_POINT ( 'NONE',  ( -4.299999999998999733, 0.9499999999999999556, 2.700000000000000178 ) ) ;
#7078 = ORIENTED_EDGE ( 'NONE', *, *, #2368, .F. ) ;
#7079 = VECTOR ( 'NONE', #3946, 1000.000000000000000 ) ;
#7080 = EDGE_LOOP ( 'NONE', ( #3491, #9691, #3411, #8057 ) ) ;
#7081 = ADVANCED_FACE ( 'NONE', ( #331 ), #8482, .F. ) ;
#7082 = ORIENTED_EDGE ( 'NONE', *, *, #4363, .F. ) ;
#7083 = CARTESIAN_POINT ( 'NONE',  ( 6.899999999999999467, -5.149999999999000266, 1.499999999998999911 ) ) ;
#7084 = VECTOR ( 'NONE', #8048, 1000.000000000000000 ) ;
#7085 = ORIENTED_EDGE ( 'NONE', *, *, #9141, .T. ) ;
#7086 = DIRECTION ( 'NONE',  ( 0.000000000000000000, 1.000000000000000000, 3.455341266426000612E-15 ) ) ;
#7087 = FACE_OUTER_BOUND ( 'NONE', #561, .T. ) ;
#7088 = DIRECTION ( 'NONE',  ( 0.000000000000000000, 1.000000000000000000, 3.599901556091000645E-15 ) ) ;
#7089 = ORIENTED_EDGE ( 'NONE', *, *, #1538, .T. ) ;
#7090 = DIRECTION ( 'NONE',  ( -1.000000000000000000, 0.000000000000000000, 0.000000000000000000 ) ) ;
#7091 = ORIENTED_EDGE ( 'NONE', *, *, #1697, .T. ) ;
#7092 = EDGE_CURVE ( 'NONE', #7113, #2793, #4300, .T. ) ;
#7093 = CARTESIAN_POINT ( 'NONE',  ( 6.649999999999999467, -2.849999999999000000, 2.199999999999000089 ) ) ;
#7094 = VERTEX_POINT ( 'NONE', #5207 ) ;
#7095 = ORIENTED_EDGE ( 'NONE', *, *, #1512, .T. ) ;
#7096 = DIRECTION ( 'NONE',  ( 0.000000000000000000, 1.000000000000000000, 3.491481338843000432E-15 ) ) ;
#7097 = CARTESIAN_POINT ( 'NONE',  ( 4.069999999999000195, 2.550000000000000266, 1.000013873792005015E-12 ) ) ;
#7098 = CARTESIAN_POINT ( 'NONE',  ( 3.149999999999999911, -1.750000000000000000, 5.499999999999000799 ) ) ;
#7099 = CARTESIAN_POINT ( 'NONE',  ( 5.450000000000000178, 1.349999999999000000, 4.700000000000000178 ) ) ;
#7100 = CARTESIAN_POINT ( 'NONE',  ( 0.3941199795779999904, -1.367816423715999985, 0.2010000000000000120 ) ) ;
#7101 = ORIENTED_EDGE ( 'NONE', *, *, #611, .F. ) ;
#7102 = CARTESIAN_POINT ( 'NONE',  ( 0.8515227658750000872, -1.307034392503000131, 0.2010000000000000120 ) ) ;
#7103 = CARTESIAN_POINT ( 'NONE',  ( -3.429999999998999627, -3.834297482219000575, 3.839999999999000213 ) ) ;
#7104 = ORIENTED_EDGE ( 'NONE', *, *, #1045, .T. ) ;
#7105 = DIRECTION ( 'NONE',  ( -1.000000000000000000, 0.000000000000000000, -1.962786165813000276E-14 ) ) ;
#7106 = CARTESIAN_POINT ( 'NONE',  ( 0.000000000000000000, 2.550000000000000266, 3.200000000000000178 ) ) ;
#7107 = EDGE_CURVE ( 'NONE', #5006, #1195, #2658, .T. ) ;
#7108 = CARTESIAN_POINT ( 'NONE',  ( -5.450000000000000178, 13.68089176689499986, 5.500000000000000888 ) ) ;
#7109 = DIRECTION ( 'NONE',  ( 1.000000000000000000, 1.226529932838000023E-16, 4.282406372038000225E-31 ) ) ;
#7110 = PLANE ( 'NONE',  #10010 ) ;
#7111 = ORIENTED_EDGE ( 'NONE', *, *, #2664, .F. ) ;
#7112 = DIRECTION ( 'NONE',  ( -1.000000000000000000, 0.000000000000000000, 0.000000000000000000 ) ) ;
#7113 = VERTEX_POINT ( 'NONE', #9333 ) ;
#7114 = CARTESIAN_POINT ( 'NONE',  ( -0.8743614184969999981, -0.9264484971840000194, 0.2000000000000000111 ) ) ;
#7115 = AXIS2_PLACEMENT_3D ( 'NONE', #7750, #706, #4679 ) ;
#7116 = CARTESIAN_POINT ( 'NONE',  ( 7.499999999998999911, -2.849999999999000000, 1.199999999999000089 ) ) ;
#7117 = AXIS2_PLACEMENT_3D ( 'NONE', #779, #7090, #4803 ) ;
#7118 = FACE_OUTER_BOUND ( 'NONE', #661, .T. ) ;
#7119 = ADVANCED_FACE ( 'NONE', ( #9282 ), #1863, .F. ) ;
#7120 = FACE_OUTER_BOUND ( 'NONE', #4148, .T. ) ;
#7121 = CARTESIAN_POINT ( 'NONE',  ( -4.549999999998999733, -3.319848480983000005, 5.499999999999000799 ) ) ;
#7122 = AXIS2_PLACEMENT_3D ( 'NONE', #494, #7178, #3092 ) ;
#7123 = DIRECTION ( 'NONE',  ( 1.270795280836009862E-15, 0.000000000000000000, 1.000000000000000000 ) ) ;
#7124 = DIRECTION ( 'NONE',  ( 0.000000000000000000, 1.000000000000000000, 3.491481338843000432E-15 ) ) ;
#7125 = VERTEX_POINT ( 'NONE', #9233 ) ;
#7126 = DIRECTION ( 'NONE',  ( 0.000000000000000000, 3.491481338843000432E-15, -1.000000000000000000 ) ) ;
#7127 = ORIENTED_EDGE ( 'NONE', *, *, #164, .F. ) ;
#7128 = ORIENTED_EDGE ( 'NONE', *, *, #8949, .F. ) ;
#7129 = VECTOR ( 'NONE', #669, 1000.000000000000000 ) ;
#7130 = EDGE_LOOP ( 'NONE', ( #3928, #3517, #4222, #10168 ) ) ;
#7131 = CARTESIAN_POINT ( 'NONE',  ( 2.899999999998999822, 1.149999999998999822, 5.500000000000000888 ) ) ;
#7132 = VERTEX_POINT ( 'NONE', #2071 ) ;
#7133 = DIRECTION ( 'NONE',  ( -0.000000000000000000, 0.9993908270191130816, 0.03489949670200395010 ) ) ;
#7134 = LINE ( 'NONE', #2353, #3712 ) ;
#7135 = LINE ( 'NONE', #9571, #4924 ) ;
#7136 = VERTEX_POINT ( 'NONE', #7589 ) ;
#7137 = VECTOR ( 'NONE', #2, 1000.000000000000000 ) ;
#7138 = VECTOR ( 'NONE', #8321, 1000.000000000000000 ) ;
#7139 = EDGE_CURVE ( 'NONE', #258, #2285, #1013, .T. ) ;
#7140 = CARTESIAN_POINT ( 'NONE',  ( 0.6198154488019999020, -1.121344605917000026, 0.2010000000000000120 ) ) ;
#7141 = ORIENTED_EDGE ( 'NONE', *, *, #1469, .F. ) ;
#7142 = EDGE_CURVE ( 'NONE', #4328, #5724, #3500, .T. ) ;
#7143 = DIRECTION ( 'NONE',  ( 1.000000000000000000, 0.000000000000000000, 0.000000000000000000 ) ) ;
#7144 = DIRECTION ( 'NONE',  ( 0.000000000000000000, -0.9396926207860168967, 0.3420201433253704515 ) ) ;
#7145 = VECTOR ( 'NONE', #6741, 1000.000000000000000 ) ;
#7146 = EDGE_LOOP ( 'NONE', ( #2417, #8123, #9544, #4738 ) ) ;
#7147 = DIRECTION ( 'NONE',  ( 0.000000000000000000, -3.491481338843000432E-15, 1.000000000000000000 ) ) ;
#7148 = CARTESIAN_POINT ( 'NONE',  ( 0.4229421916530000103, -0.9181256682530000157, 0.2010000000000000120 ) ) ;
#7149 = CARTESIAN_POINT ( 'NONE',  ( 3.249999999998999911, 1.550000000000000044, 0.9000000000000000222 ) ) ;
#7150 = EDGE_CURVE ( 'NONE', #1846, #302, #6053, .T. ) ;
#7151 = CARTESIAN_POINT ( 'NONE',  ( -6.150000000000000355, -5.249999999998999911, 0.2000000000000000111 ) ) ;
#7152 = LINE ( 'NONE', #1825, #6471 ) ;
#7153 = ORIENTED_EDGE ( 'NONE', *, *, #8999, .F. ) ;
#7154 = ADVANCED_FACE ( 'NONE', ( #10073 ), #5948, .T. ) ;
#7155 = AXIS2_PLACEMENT_3D ( 'NONE', #7340, #4100, #5698 ) ;
#7156 = AXIS2_PLACEMENT_3D ( 'NONE', #10407, #2247, #8025 ) ;
#7157 = CARTESIAN_POINT ( 'NONE',  ( -0.5244511008830000653, -1.308508686799999987, 0.2010000000000000120 ) ) ;
#7158 = DIRECTION ( 'NONE',  ( 1.000000000000000000, 0.000000000000000000, 0.000000000000000000 ) ) ;
#7159 = ORIENTED_EDGE ( 'NONE', *, *, #8008, .T. ) ;
#7160 = LINE ( 'NONE', #2426, #10204 ) ;
#7161 = DIRECTION ( 'NONE',  ( 0.000000000000000000, 3.491481338843000432E-15, -1.000000000000000000 ) ) ;
#7162 = VECTOR ( 'NONE', #8810, 1000.000000000000000 ) ;
#7163 = VECTOR ( 'NONE', #170, 1000.000000000000000 ) ;
#7164 = VECTOR ( 'NONE', #5079, 1000.000000000000000 ) ;
#7165 = DIRECTION ( 'NONE',  ( 0.000000000000000000, 1.000000000000000000, 3.491481338843000432E-15 ) ) ;
#7166 = EDGE_CURVE ( 'NONE', #74, #2208, #2862, .T. ) ;
#7167 = CARTESIAN_POINT ( 'NONE',  ( 0.6999999999999999556, 1.149999999999999911, 0.9000000000000000222 ) ) ;
#7168 = CARTESIAN_POINT ( 'NONE',  ( -4.069999999999000195, 5.250000000000000000, 0.1819851171340000351 ) ) ;
#7169 = ORIENTED_EDGE ( 'NONE', *, *, #8218, .T. ) ;
#7170 = DIRECTION ( 'NONE',  ( 6.195440985630999750E-16, 3.599901556091000645E-15, -1.000000000000000000 ) ) ;
#7171 = ORIENTED_EDGE ( 'NONE', *, *, #2829, .F. ) ;
#7172 = LINE ( 'NONE', #7015, #10028 ) ;
#7173 = DIRECTION ( 'NONE',  ( 0.000000000000000000, -1.000000000000000000, -3.491481338843000432E-15 ) ) ;
#7174 = CARTESIAN_POINT ( 'NONE',  ( -6.899999999999999467, -5.149999999999000266, 2.199999999999000089 ) ) ;
#7175 = VECTOR ( 'NONE', #604, 1000.000000000000114 ) ;
#7176 = CARTESIAN_POINT ( 'NONE',  ( -0.6179894292460000882, -1.105624331527000015, 0.2010000000000000120 ) ) ;
#7177 = EDGE_CURVE ( 'NONE', #944, #60, #9964, .T. ) ;
#7178 = DIRECTION ( 'NONE',  ( -1.000000000000000000, 0.000000000000000000, 0.000000000000000000 ) ) ;
#7179 = DIRECTION ( 'NONE',  ( 0.000000000000000000, -1.000000000000000000, -3.491481338843000432E-15 ) ) ;
#7180 = LINE ( 'NONE', #10245, #8653 ) ;
#7181 = ORIENTED_EDGE ( 'NONE', *, *, #8791, .F. ) ;
#7182 = VECTOR ( 'NONE', #1230, 1000.000000000000000 ) ;
#7183 = CARTESIAN_POINT ( 'NONE',  ( -1.799999999998999956, 0.9499999999999999556, 2.700000000000000178 ) ) ;
#7184 = EDGE_CURVE ( 'NONE', #1596, #3435, #5097, .T. ) ;
#7185 = EDGE_LOOP ( 'NONE', ( #7085, #7297, #9547, #3040 ) ) ;
#7186 = EDGE_CURVE ( 'NONE', #7944, #10337, #5896, .T. ) ;
#7187 = ORIENTED_EDGE ( 'NONE', *, *, #8017, .F. ) ;
#7188 = DIRECTION ( 'NONE',  ( 0.3390537954853609093, 0.9407669869670017837, 3.296699688928509325E-15 ) ) ;
#7189 = VECTOR ( 'NONE', #7737, 1000.000000000000000 ) ;
#7190 = VERTEX_POINT ( 'NONE', #437 ) ;
#7191 = DIRECTION ( 'NONE',  ( 0.000000000000000000, 1.000000000000000000, 3.491481338843000432E-15 ) ) ;
#7192 = LINE ( 'NONE', #10414, #10150 ) ;
#7193 = CARTESIAN_POINT ( 'NONE',  ( -0.1179894292460000049, -1.307034392503000131, 0.2010000000000000120 ) ) ;
#7194 = ORIENTED_EDGE ( 'NONE', *, *, #598, .F. ) ;
#7195 = CARTESIAN_POINT ( 'NONE',  ( 0.6193533623429999802, -1.148136237094000034, 0.2010000000000000120 ) ) ;
#7196 = ORIENTED_EDGE ( 'NONE', *, *, #185, .F. ) ;
#7197 = DIRECTION ( 'NONE',  ( -1.000000000000000000, 0.000000000000000000, 0.000000000000000000 ) ) ;
#7198 = VECTOR ( 'NONE', #363, 1000.000000000000000 ) ;
#7199 = ORIENTED_EDGE ( 'NONE', *, *, #10226, .F. ) ;
#7200 = ORIENTED_EDGE ( 'NONE', *, *, #4052, .T. ) ;
#7201 = DIRECTION ( 'NONE',  ( 0.000000000000000000, 3.646367363483000567E-15, -1.000000000000000000 ) ) ;
#7202 = EDGE_CURVE ( 'NONE', #9001, #8933, #10122, .T. ) ;
#7203 = CARTESIAN_POINT ( 'NONE',  ( 0.3649564548990000268, -0.9106929290880000361, 0.2000000000000000111 ) ) ;
#7204 = CARTESIAN_POINT ( 'NONE',  ( -0.1179894292460000049, -1.361912441282999930, 0.2010000000000000120 ) ) ;
#7205 = EDGE_CURVE ( 'NONE', #10318, #4332, #3452, .T. ) ;
#7206 = LINE ( 'NONE', #1476, #296 ) ;
#7207 = CARTESIAN_POINT ( 'NONE',  ( -1.105794307295000056, -1.361912441282999930, 0.2010000000000000120 ) ) ;
#7208 = ORIENTED_EDGE ( 'NONE', *, *, #8526, .F. ) ;
#7209 = ADVANCED_FACE ( 'NONE', ( #6751 ), #6893, .T. ) ;
#7210 = LINE ( 'NONE', #2273, #8938 ) ;
#7211 = ADVANCED_FACE ( 'NONE', ( #9543 ), #6209, .F. ) ;
#7212 = ORIENTED_EDGE ( 'NONE', *, *, #823, .T. ) ;
#7213 = DIRECTION ( 'NONE',  ( 0.000000000000000000, 1.000000000000000000, 3.491481338843000432E-15 ) ) ;
#7214 = VERTEX_POINT ( 'NONE', #2282 ) ;
#7215 = FACE_OUTER_BOUND ( 'NONE', #8455, .T. ) ;
#7216 = FACE_OUTER_BOUND ( 'NONE', #2308, .T. ) ;
#7217 = LINE ( 'NONE', #4073, #7859 ) ;
#7218 = DIRECTION ( 'NONE',  ( 0.000000000000000000, -3.491481338843000432E-15, 1.000000000000000000 ) ) ;
#7219 = FACE_OUTER_BOUND ( 'NONE', #3874, .T. ) ;
#7220 = AXIS2_PLACEMENT_3D ( 'NONE', #1074, #5897, #5949 ) ;
#7221 = VERTEX_POINT ( 'NONE', #7010 ) ;
#7222 = DIRECTION ( 'NONE',  ( 0.000000000000000000, -1.000000000000000000, -3.491481338843000432E-15 ) ) ;
#7223 = ORIENTED_EDGE ( 'NONE', *, *, #2458, .F. ) ;
#7224 = DIRECTION ( 'NONE',  ( 1.000000000000000000, 0.000000000000000000, 0.000000000000000000 ) ) ;
#7225 = CARTESIAN_POINT ( 'NONE',  ( 1.750000000000000000, 2.550000000000000266, 0.1000000000010000528 ) ) ;
#7226 = EDGE_CURVE ( 'NONE', #2129, #7999, #3028, .T. ) ;
#7227 = FACE_OUTER_BOUND ( 'NONE', #4582, .T. ) ;
#7228 = CARTESIAN_POINT ( 'NONE',  ( 0.9300000000000000488, 2.550000000000000266, 1.000013873792005015E-12 ) ) ;
#7229 = CARTESIAN_POINT ( 'NONE',  ( -0.5763819766710001069, -1.254261863543000066, 0.2000000000000000111 ) ) ;
#7230 = PLANE ( 'NONE',  #7788 ) ;
#7231 = DIRECTION ( 'NONE',  ( 1.000000000000000000, 0.000000000000000000, 0.000000000000000000 ) ) ;
#7232 = CARTESIAN_POINT ( 'NONE',  ( -3.934924240490999647, -1.834924240491000003, 5.499999999999000799 ) ) ;
#7233 = ORIENTED_EDGE ( 'NONE', *, *, #371, .T. ) ;
#7234 = CARTESIAN_POINT ( 'NONE',  ( 5.450000000000000178, 2.550000000000000266, -10.72245393673000002 ) ) ;
#7235 = ORIENTED_EDGE ( 'NONE', *, *, #5854, .F. ) ;
#7236 = VERTEX_POINT ( 'NONE', #9489 ) ;
#7237 = DIRECTION ( 'NONE',  ( 0.000000000000000000, 1.000000000000000000, 3.491481338843000432E-15 ) ) ;
#7238 = ORIENTED_EDGE ( 'NONE', *, *, #1831, .T. ) ;
#7239 = DIRECTION ( 'NONE',  ( 0.000000000000000000, -1.000000000000000000, -3.491481338843000432E-15 ) ) ;
#7240 = DIRECTION ( 'NONE',  ( 1.000000000000000000, 0.000000000000000000, 0.000000000000000000 ) ) ;
#7241 = EDGE_CURVE ( 'NONE', #3429, #8161, #1489, .T. ) ;
#7242 = AXIS2_PLACEMENT_3D ( 'NONE', #9582, #3066, #3909 ) ;
#7243 = CARTESIAN_POINT ( 'NONE',  ( 6.150000000000000355, 1.549999999998999956, 4.400000000000000355 ) ) ;
#7244 = EDGE_CURVE ( 'NONE', #7810, #4265, #9441, .T. ) ;
#7245 = ORIENTED_EDGE ( 'NONE', *, *, #9184, .T. ) ;
#7246 = VECTOR ( 'NONE', #9770, 1000.000000000000000 ) ;
#7247 = LINE ( 'NONE', #2201, #2029 ) ;
#7248 = ORIENTED_EDGE ( 'NONE', *, *, #10312, .T. ) ;
#7249 = B_SPLINE_SURFACE_WITH_KNOTS ( 'NONE', 3, 1, ( 
 ( #3907, #7203 ),
 ( #8892, #10425 ),
 ( #7049, #3168 ),
 ( #5606, #1580 ),
 ( #7148, #1425 ),
 ( #10378, #2316 ),
 ( #5554, #10267 ),
 ( #6456, #1522 ),
 ( #7254, #4811 ),
 ( #8044, #3214 ),
 ( #2419, #3012 ),
 ( #1887, #5764 ),
 ( #2578, #5868 ),
 ( #3425, #3476 ),
 ( #8144, #4274 ),
 ( #8997, #8199 ),
 ( #8090, #8944 ),
 ( #5023, #1677 ),
 ( #3370, #7513 ) ),
 .UNSPECIFIED., .F., .F., .F.,
 ( 4, 1, 1, 1, 1, 1, 1, 1, 1, 1, 1, 1, 1, 1, 1, 1, 4 ),
 ( 2, 2 ),
 ( 0.000000000000000000, 0.06460397028799999553, 0.1267024139619999934, 0.1867568140349999961, 0.2455056873650000027, 0.3036520244490000242, 0.3615030739700000328, 0.4202402229280000068, 0.4800333407759999615, 0.5406781347749999300, 0.6011918063800000267, 0.6623335024769999579, 0.7247395102970000114, 0.7894677361719999453, 0.8565048600430000825, 0.9263120958389999826, 1.000000000000000000 ),
 ( 0.000000000000000000, 1.000000000000000000 ),
 .UNSPECIFIED. ) ;
#7250 = CARTESIAN_POINT ( 'NONE',  ( -0.3515069597339999796, -1.361912441282999930, 0.2010000000000000120 ) ) ;
#7251 = ORIENTED_EDGE ( 'NONE', *, *, #5361, .T. ) ;
#7252 = VERTEX_POINT ( 'NONE', #6955 ) ;
#7253 = LINE ( 'NONE', #8837, #5619 ) ;
#7254 = CARTESIAN_POINT ( 'NONE',  ( 0.4872170650739999775, -0.9532843719080000833, 0.2010000000000000120 ) ) ;
#7255 = DIRECTION ( 'NONE',  ( 1.000000000000000000, 0.000000000000000000, 0.000000000000000000 ) ) ;
#7256 = ORIENTED_EDGE ( 'NONE', *, *, #4827, .F. ) ;
#7257 = VERTEX_POINT ( 'NONE', #7063 ) ;
#7258 = CARTESIAN_POINT ( 'NONE',  ( 0.9185959366070000076, -1.361912441282999930, 0.2000000000000000111 ) ) ;
#7259 = ORIENTED_EDGE ( 'NONE', *, *, #2936, .F. ) ;
#7260 = PRESENTATION_STYLE_ASSIGNMENT (( #5670 ) ) ;
#7261 = ORIENTED_EDGE ( 'NONE', *, *, #1435, .T. ) ;
#7262 = CARTESIAN_POINT ( 'NONE',  ( 0.3236952781070000507, -1.308878285777000050, 0.2010000000000000120 ) ) ;
#7263 = LINE ( 'NONE', #2481, #9045 ) ;
#7264 = DIRECTION ( 'NONE',  ( 0.000000000000000000, 1.000000000000000000, 0.000000000000000000 ) ) ;
#7265 = CARTESIAN_POINT ( 'NONE',  ( 7.499999999998999911, -0.4499999999989999777, 2.699999999999000089 ) ) ;
#7266 = ORIENTED_EDGE ( 'NONE', *, *, #6138, .T. ) ;
#7267 = CARTESIAN_POINT ( 'NONE',  ( 0.3098599664069999760, -1.360220964410999933, 0.2010000000000000120 ) ) ;
#7268 = EDGE_LOOP ( 'NONE', ( #7826, #7261, #5130, #4276 ) ) ;
#7269 = ADVANCED_FACE ( 'NONE', ( #10233 ), #7110, .T. ) ;
#7270 = CARTESIAN_POINT ( 'NONE',  ( -3.429999999998999627, 2.550000000000000266, 0.6400000000000000133 ) ) ;
#7271 = CARTESIAN_POINT ( 'NONE',  ( -7.500000000000000000, 1.849999999999000000, 4.400000000000000355 ) ) ;
#7272 = CARTESIAN_POINT ( 'NONE',  ( -0.4072634052289999529, -1.357910715326999807, 0.2000000000000000111 ) ) ;
#7273 = LINE ( 'NONE', #8113, #1557 ) ;
#7274 = CARTESIAN_POINT ( 'NONE',  ( -0.5763620661860000549, -0.9637252991580000927, 0.2010000000000000120 ) ) ;
#7275 = CARTESIAN_POINT ( 'NONE',  ( -7.500000000000000000, -5.250000000000000000, 6.199999999999000089 ) ) ;
#7276 = PLANE ( 'NONE',  #3950 ) ;
#7277 = LINE ( 'NONE', #6488, #5609 ) ;
#7278 = ADVANCED_FACE ( 'NONE', ( #10393 ), #10177, .F. ) ;
#7279 = ORIENTED_EDGE ( 'NONE', *, *, #2948, .T. ) ;
#7280 = VECTOR ( 'NONE', #8339, 1000.000000000000000 ) ;
#7281 = PLANE ( 'NONE',  #3258 ) ;
#7282 = ORIENTED_EDGE ( 'NONE', *, *, #2028, .F. ) ;
#7283 = VERTEX_POINT ( 'NONE', #4616 ) ;
#7284 = PLANE ( 'NONE',  #132 ) ;
#7285 = AXIS2_PLACEMENT_3D ( 'NONE', #3063, #8738, #8685 ) ;
#7286 = ORIENTED_EDGE ( 'NONE', *, *, #3597, .T. ) ;
#7287 = CARTESIAN_POINT ( 'NONE',  ( -0.9299999999989999599, 2.550000000000000266, 0.6999999999999999556 ) ) ;
#7288 = CARTESIAN_POINT ( 'NONE',  ( 0.08323008294800000872, -1.081424636404999973, 0.2010000000000000120 ) ) ;
#7289 = CARTESIAN_POINT ( 'NONE',  ( -5.450000000000000178, -2.750000000000000000, 4.299999999998999733 ) ) ;
#7290 = EDGE_LOOP ( 'NONE', ( #2720, #8803, #738, #7896, #4068, #3468, #1044, #6762 ) ) ;
#7291 = DIRECTION ( 'NONE',  ( 0.000000000000000000, 1.000000000000000000, 3.491481338843000432E-15 ) ) ;
#7292 = ORIENTED_EDGE ( 'NONE', *, *, #6479, .F. ) ;
#7293 = VECTOR ( 'NONE', #1619, 1000.000000000000000 ) ;
#7294 = CARTESIAN_POINT ( 'NONE',  ( 5.450000000000000178, 1.849999999999000000, 4.400000000000000355 ) ) ;
#7295 = CARTESIAN_POINT ( 'NONE',  ( -0.9595481182699999723, -1.166790490064000041, 0.2000000000000000111 ) ) ;
#7296 = CARTESIAN_POINT ( 'NONE',  ( -0.7923415633920000145, -1.166790490064000041, 0.2010000000000000120 ) ) ;
#7297 = ORIENTED_EDGE ( 'NONE', *, *, #8111, .F. ) ;
#7298 = CARTESIAN_POINT ( 'NONE',  ( -0.9299999999989999599, 1.765641600482000140, 3.103489949670000136 ) ) ;
#7299 = VECTOR ( 'NONE', #5482, 1000.000000000000000 ) ;
#7300 = CARTESIAN_POINT ( 'NONE',  ( -3.429999999998999627, -3.834297482219000575, 3.199999999999000089 ) ) ;
#7301 = CARTESIAN_POINT ( 'NONE',  ( -0.7500000000000000000, 1.550000000000000044, 0.2000000000010000167 ) ) ;
#7302 = VERTEX_POINT ( 'NONE', #8539 ) ;
#7303 = VERTEX_POINT ( 'NONE', #594 ) ;
#7304 = AXIS2_PLACEMENT_3D ( 'NONE', #3300, #8176, #18 ) ;
#7305 = AXIS2_PLACEMENT_3D ( 'NONE', #3913, #2856, #3812 ) ;
#7306 = ADVANCED_FACE ( 'NONE', ( #4720 ), #6261, .T. ) ;
#7307 = PLANE ( 'NONE',  #6231 ) ;
#7308 = EDGE_CURVE ( 'NONE', #7132, #31, #2228, .T. ) ;
#7309 = ORIENTED_EDGE ( 'NONE', *, *, #9465, .T. ) ;
#7310 = PLANE ( 'NONE',  #8509 ) ;
#7311 = VERTEX_POINT ( 'NONE', #3924 ) ;
#7312 = DIRECTION ( 'NONE',  ( -1.000000000000000000, -2.163126658722999961E-30, 6.195440985630999750E-16 ) ) ;
#7313 = DIRECTION ( 'NONE',  ( 0.000000000000000000, -3.646367363483000567E-15, 1.000000000000000000 ) ) ;
#7314 = VECTOR ( 'NONE', #7395, 1000.000000000000000 ) ;
#7315 = VECTOR ( 'NONE', #369, 1000.000000000000000 ) ;
#7316 = DIRECTION ( 'NONE',  ( 0.000000000000000000, 1.000000000000000000, 3.491481338843000432E-15 ) ) ;
#7317 = CARTESIAN_POINT ( 'NONE',  ( 1.111985117132999967, 5.250000000000000000, 0.4580148828660000060 ) ) ;
#7318 = ORIENTED_EDGE ( 'NONE', *, *, #334, .T. ) ;
#7319 = LINE ( 'NONE', #7516, #4846 ) ;
#7320 = ORIENTED_EDGE ( 'NONE', *, *, #7881, .F. ) ;
#7321 = CARTESIAN_POINT ( 'NONE',  ( 3.850000000000000089, -1.750000000000000000, 5.499999999999000799 ) ) ;
#7322 = FACE_OUTER_BOUND ( 'NONE', #3797, .T. ) ;
#7323 = LINE ( 'NONE', #11, #3810 ) ;
#7324 = CIRCLE ( 'NONE', #8679, 0.1000000000000000472 ) ;
#7325 = DIRECTION ( 'NONE',  ( 0.000000000000000000, -1.000000000000000000, -3.491481338843000432E-15 ) ) ;
#7326 = EDGE_CURVE ( 'NONE', #7929, #3429, #7740, .T. ) ;
#7327 = CARTESIAN_POINT ( 'NONE',  ( -0.4824478657879999743, -0.8873017107790001079, 0.2010000000000000120 ) ) ;
#7328 = CARTESIAN_POINT ( 'NONE',  ( 4.250000000000000000, 1.550000000000000044, 0.2000000000010000167 ) ) ;
#7329 = B_SPLINE_SURFACE_WITH_KNOTS ( 'NONE', 3, 1, ( 
 ( #6079, #6774 ),
 ( #1995, #9995 ),
 ( #5977, #9207 ),
 ( #359, #3578 ),
 ( #6027, #9258 ),
 ( #7930, #5393 ),
 ( #10260, #671 ),
 ( #8035, #9673 ),
 ( #7827, #3003 ),
 ( #2307, #7981 ),
 ( #3162, #3054 ),
 ( #8620, #3112 ),
 ( #10313, #1572 ),
 ( #621, #1418 ),
 ( #8829, #3898 ),
 ( #9574, #10419 ),
 ( #7195, #6347 ),
 ( #6290, #1356 ),
 ( #7140, #5546 ) ),
 .UNSPECIFIED., .F., .F., .F.,
 ( 4, 1, 1, 1, 1, 1, 1, 1, 1, 1, 1, 1, 1, 1, 1, 1, 4 ),
 ( 2, 2 ),
 ( 0.000000000000000000, 0.06783324845500000866, 0.1326555365070000159, 0.1950508840500000118, 0.2555829330680000067, 0.3147998341470000239, 0.3736004728260000074, 0.4325455953260000097, 0.4924306292830000209, 0.5526712559620000631, 0.6125130441879998999, 0.6726102503569999502, 0.7338383693129999497, 0.7965942385669999570, 0.8614497992899999845, 0.9291989423500000012, 0.9999999999990000221 ),
 ( 0.000000000000000000, 1.000000000000000000 ),
 .UNSPECIFIED. ) ;
#7330 = LINE ( 'NONE', #3451, #3955 ) ;
#7331 = EDGE_CURVE ( 'NONE', #6601, #3486, #8752, .T. ) ;
#7332 = DIRECTION ( 'NONE',  ( -1.000000000000000000, 0.000000000000000000, 0.000000000000000000 ) ) ;
#7333 = ORIENTED_EDGE ( 'NONE', *, *, #8816, .F. ) ;
#7334 = DIRECTION ( 'NONE',  ( 0.000000000000000000, -3.491481338843000432E-15, 1.000000000000000000 ) ) ;
#7335 = VECTOR ( 'NONE', #5607, 1000.000000000000000 ) ;
#7336 = EDGE_LOOP ( 'NONE', ( #9523, #4908, #7256, #575 ) ) ;
#7337 = EDGE_LOOP ( 'NONE', ( #6986, #513, #6335, #1158 ) ) ;
#7338 = EDGE_CURVE ( 'NONE', #1267, #10318, #5365, .T. ) ;
#7339 = CARTESIAN_POINT ( 'NONE',  ( -2.899999999998999822, 0.8499999999989999999, 5.500000000000000888 ) ) ;
#7340 = CARTESIAN_POINT ( 'NONE',  ( 2.899999999998999822, 0.8499999999989999999, 5.500000000000000888 ) ) ;
#7341 = DIRECTION ( 'NONE',  ( 0.000000000000000000, 3.491481338843000432E-15, -1.000000000000000000 ) ) ;
#7342 = EDGE_CURVE ( 'NONE', #9371, #3912, #5779, .T. ) ;
#7343 = DIRECTION ( 'NONE',  ( 0.000000000000000000, -1.000000000000000000, -3.407492542097299143E-15 ) ) ;
#7344 = ORIENTED_EDGE ( 'NONE', *, *, #5007, .T. ) ;
#7345 = CARTESIAN_POINT ( 'NONE',  ( -2.100000000000000089, 1.149999999998999822, 5.500000000000000888 ) ) ;
#7346 = ORIENTED_EDGE ( 'NONE', *, *, #6396, .F. ) ;
#7347 = EDGE_CURVE ( 'NONE', #1195, #6519, #111, .T. ) ;
#7348 = AXIS2_PLACEMENT_3D ( 'NONE', #642, #7061, #6259 ) ;
#7349 = LINE ( 'NONE', #6559, #4190 ) ;
#7350 = CARTESIAN_POINT ( 'NONE',  ( -6.400000000000000355, -3.149999999998999822, -2.061552812807999846 ) ) ;
#7351 = EDGE_CURVE ( 'NONE', #3688, #7743, #366, .T. ) ;
#7352 = DIRECTION ( 'NONE',  ( 0.000000000000000000, 1.000000000000000000, 3.491481338843000432E-15 ) ) ;
#7353 = ORIENTED_EDGE ( 'NONE', *, *, #9185, .F. ) ;
#7354 = DIRECTION ( 'NONE',  ( 1.000000000000000000, 0.000000000000000000, 0.000000000000000000 ) ) ;
#7355 = LINE ( 'NONE', #98, #853 ) ;
#7356 = PLANE ( 'NONE',  #1584 ) ;
#7357 = VECTOR ( 'NONE', #8578, 1000.000000000000000 ) ;
#7358 = FACE_OUTER_BOUND ( 'NONE', #4027, .T. ) ;
#7359 = ORIENTED_EDGE ( 'NONE', *, *, #7757, .T. ) ;
#7360 = ORIENTED_EDGE ( 'NONE', *, *, #574, .T. ) ;
#7361 = AXIS2_PLACEMENT_3D ( 'NONE', #9047, #9832, #830 ) ;
#7362 = CARTESIAN_POINT ( 'NONE',  ( 0.2892197614220000101, -0.9229963668899999751, 0.2010000000000000120 ) ) ;
#7363 = EDGE_CURVE ( 'NONE', #6278, #1483, #1643, .T. ) ;
#7364 = ORIENTED_EDGE ( 'NONE', *, *, #7456, .T. ) ;
#7365 = CARTESIAN_POINT ( 'NONE',  ( -0.8435991853430000464, -0.8619124412830000415, 0.2010000000000000120 ) ) ;
#7366 = EDGE_LOOP ( 'NONE', ( #8818, #422, #10289, #8622 ) ) ;
#7367 = CARTESIAN_POINT ( 'NONE',  ( -0.09359918534300000481, -1.081424636404999973, 0.2010000000000000120 ) ) ;
#7368 = VECTOR ( 'NONE', #5941, 1000.000000000000000 ) ;
#7369 = LINE ( 'NONE', #6470, #6339 ) ;
#7370 = EDGE_CURVE ( 'NONE', #6351, #5053, #8959, .T. ) ;
#7371 = DIRECTION ( 'NONE',  ( 0.000000000000000000, 3.491481338843000432E-15, -1.000000000000000000 ) ) ;
#7372 = CARTESIAN_POINT ( 'NONE',  ( 0.000000000000000000, -5.249999999998999911, 3.199999999999000089 ) ) ;
#7373 = EDGE_CURVE ( 'NONE', #3163, #413, #4829, .T. ) ;
#7374 = ORIENTED_EDGE ( 'NONE', *, *, #9551, .T. ) ;
#7375 = VERTEX_POINT ( 'NONE', #1692 ) ;
#7376 = CARTESIAN_POINT ( 'NONE',  ( 0.9300000000000000488, 4.750000000000000000, 1.000013873792005015E-12 ) ) ;
#7377 = LINE ( 'NONE', #6639, #978 ) ;
#7378 = FACE_OUTER_BOUND ( 'NONE', #6907, .T. ) ;
#7379 = PLANE ( 'NONE',  #6806 ) ;
#7380 = CARTESIAN_POINT ( 'NONE',  ( -0.5611510057309999633, -0.9449479623269999573, 0.2010000000000000120 ) ) ;
#7381 = LINE ( 'NONE', #7328, #5089 ) ;
#7382 = DIRECTION ( 'NONE',  ( 0.000000000000000000, -3.304235192336000456E-15, 1.000000000000000000 ) ) ;
#7383 = LINE ( 'NONE', #2550, #32 ) ;
#7384 = VERTEX_POINT ( 'NONE', #7265 ) ;
#7385 = DIRECTION ( 'NONE',  ( 0.000000000000000000, -1.000000000000000000, -3.491481338843000432E-15 ) ) ;
#7386 = ORIENTED_EDGE ( 'NONE', *, *, #7092, .F. ) ;
#7387 = ORIENTED_EDGE ( 'NONE', *, *, #308, .F. ) ;
#7388 = CARTESIAN_POINT ( 'NONE',  ( -6.400000000000000355, -4.262771867673000870, 0.2000000000000000111 ) ) ;
#7389 = EDGE_CURVE ( 'NONE', #9370, #898, #3335, .T. ) ;
#7390 = LINE ( 'NONE', #9087, #6987 ) ;
#7391 = DIRECTION ( 'NONE',  ( 0.000000000000000000, -3.491481338843000432E-15, 1.000000000000000000 ) ) ;
#7392 = ADVANCED_FACE ( 'NONE', ( #4881 ), #2332, .T. ) ;
#7393 = CYLINDRICAL_SURFACE ( 'NONE', #16, 0.7000000000000000666 ) ;
#7394 = ORIENTED_EDGE ( 'NONE', *, *, #4588, .F. ) ;
#7395 = DIRECTION ( 'NONE',  ( 0.000000000000000000, -1.000000000000000000, -3.470932160409000106E-15 ) ) ;
#7396 = EDGE_CURVE ( 'NONE', #3502, #9623, #752, .T. ) ;
#7397 = PLANE ( 'NONE',  #3889 ) ;
#7398 = ORIENTED_EDGE ( 'NONE', *, *, #9606, .T. ) ;
#7399 = B_SPLINE_CURVE_WITH_KNOTS ( 'NONE', 3,
 ( #8495, #2717, #5957, #9928, #2671, #2025, #7498, #5905, #7598, #3559, #2871, #8441, #5058, #3510, #1873, #6760, #1082, #9291, #4309 ),
 .UNSPECIFIED., .F., .F.,
 ( 4, 1, 1, 1, 1, 1, 1, 1, 1, 1, 1, 1, 1, 1, 1, 1, 4 ),
 ( 0.000000000000000000, 0.06460397028799999553, 0.1267024139619999934, 0.1867568140349999961, 0.2455056873650000027, 0.3036520244490000242, 0.3615030739700000328, 0.4202402229280000068, 0.4800333407759999615, 0.5406781347749999300, 0.6011918063800000267, 0.6623335024769999579, 0.7247395102970000114, 0.7894677361719999453, 0.8565048600430000825, 0.9263120958389999826, 1.000000000000000000 ),
 .UNSPECIFIED. ) ;
#7400 = CARTESIAN_POINT ( 'NONE',  ( 0.3654685486470000133, -1.367775765485000239, 0.2010000000000000120 ) ) ;
#7401 = CARTESIAN_POINT ( 'NONE',  ( -5.450000000000000178, -5.250000000000000000, 5.499999999999000799 ) ) ;
#7402 = CYLINDRICAL_SURFACE ( 'NONE', #4689, 0.1499999999989998778 ) ;
#7403 = EDGE_LOOP ( 'NONE', ( #2506, #10076, #7867, #8847 ) ) ;
#7404 = DIRECTION ( 'NONE',  ( 0.000000000000000000, 3.491481338843000432E-15, -1.000000000000000000 ) ) ;
#7405 = DIRECTION ( 'NONE',  ( 0.000000000000000000, -1.000000000000000000, -4.336808689942015369E-15 ) ) ;
#7406 = AXIS2_PLACEMENT_3D ( 'NONE', #5008, #4900, #4203 ) ;
#7407 = LINE ( 'NONE', #6619, #8641 ) ;
#7408 = DIRECTION ( 'NONE',  ( -0.9396926207860170077, 0.3420201433253705070, 1.194156947931292562E-15 ) ) ;
#7409 = VERTEX_POINT ( 'NONE', #7317 ) ;
#7410 = CARTESIAN_POINT ( 'NONE',  ( -0.9299999999989999599, 1.665702517779999781, 3.840000000000000302 ) ) ;
#7411 = EDGE_CURVE ( 'NONE', #4226, #1358, #5570, .T. ) ;
#7412 = ORIENTED_EDGE ( 'NONE', *, *, #5903, .T. ) ;
#7413 = VECTOR ( 'NONE', #4938, 1000.000000000000000 ) ;
#7414 = ORIENTED_EDGE ( 'NONE', *, *, #9628, .T. ) ;
#7415 = CARTESIAN_POINT ( 'NONE',  ( 0.2478642292900000155, -0.9427051242099999673, 0.2010000000000000120 ) ) ;
#7416 = ORIENTED_EDGE ( 'NONE', *, *, #10453, .T. ) ;
#7417 = CARTESIAN_POINT ( 'NONE',  ( 4.069999999999000195, 1.665702517779999781, 3.200000000000000178 ) ) ;
#7418 = ORIENTED_EDGE ( 'NONE', *, *, #10476, .T. ) ;
#7419 = CARTESIAN_POINT ( 'NONE',  ( 0.2478642292900000155, -1.281119758356000116, 0.2000000000000000111 ) ) ;
#7420 = VECTOR ( 'NONE', #4395, 1000.000000000000000 ) ;
#7421 = CARTESIAN_POINT ( 'NONE',  ( -3.429999999998999627, 2.550000000000000266, 0.6999999999999999556 ) ) ;
#7422 = DIRECTION ( 'NONE',  ( 0.000000000000000000, 3.491481338843000432E-15, -1.000000000000000000 ) ) ;
#7423 = CARTESIAN_POINT ( 'NONE',  ( -0.5507523682229999995, -1.099393004811999974, 0.2010000000000000120 ) ) ;
#7424 = VERTEX_POINT ( 'NONE', #1540 ) ;
#7425 = ORIENTED_EDGE ( 'NONE', *, *, #1045, .F. ) ;
#7426 = CARTESIAN_POINT ( 'NONE',  ( -6.150000000000000355, -0.4499999999989999777, 0.2000000000000000111 ) ) ;
#7427 = CARTESIAN_POINT ( 'NONE',  ( 3.250000000000000000, 2.550000000000000266, 0.1000000000010000528 ) ) ;
#7428 = DIRECTION ( 'NONE',  ( -0.9396926207860170077, 0.3420201433253705070, 1.194156947931292562E-15 ) ) ;
#7429 = EDGE_CURVE ( 'NONE', #2371, #3736, #1593, .T. ) ;
#7430 = CARTESIAN_POINT ( 'NONE',  ( 4.069999999999000195, -4.262771867673000870, 0.000000000000000000 ) ) ;
#7431 = CARTESIAN_POINT ( 'NONE',  ( -0.7500000000000000000, 1.550000000000000044, 0.9000000000000000222 ) ) ;
#7432 = LINE ( 'NONE', #7275, #8127 ) ;
#7433 = CARTESIAN_POINT ( 'NONE',  ( 5.450000000000000178, 1.550000000000000044, 0.9000000000000000222 ) ) ;
#7434 = LINE ( 'NONE', #4947, #9837 ) ;
#7435 = ORIENTED_EDGE ( 'NONE', *, *, #9238, .F. ) ;
#7436 = PLANE ( 'NONE',  #6137 ) ;
#7437 = ORIENTED_EDGE ( 'NONE', *, *, #3603, .T. ) ;
#7438 = VERTEX_POINT ( 'NONE', #8055 ) ;
#7439 = ADVANCED_FACE ( 'NONE', ( #8802 ), #3976, .F. ) ;
#7440 = EDGE_CURVE ( 'NONE', #9261, #374, #4024, .T. ) ;
#7441 = DIRECTION ( 'NONE',  ( 1.000000000000000000, 0.000000000000000000, 0.000000000000000000 ) ) ;
#7442 = CARTESIAN_POINT ( 'NONE',  ( -7.499999999998999911, -4.649999999998999378, 2.699999999999000089 ) ) ;
#7443 = DIRECTION ( 'NONE',  ( -1.000000000000000000, 0.000000000000000000, 0.000000000000000000 ) ) ;
#7444 = CARTESIAN_POINT ( 'NONE',  ( -6.150000000000000355, 2.550000000000000266, 0.2000000000010000167 ) ) ;
#7445 = ORIENTED_EDGE ( 'NONE', *, *, #8505, .F. ) ;
#7446 = DIRECTION ( 'NONE',  ( 1.000000000000000000, 0.000000000000000000, 0.000000000000000000 ) ) ;
#7447 = CARTESIAN_POINT ( 'NONE',  ( -0.7499999999990000221, -5.249999999998999911, 0.2000000000000000111 ) ) ;
#7448 = ORIENTED_EDGE ( 'NONE', *, *, #6376, .F. ) ;
#7449 = AXIS2_PLACEMENT_3D ( 'NONE', #7038, #2146, #564 ) ;
#7450 = CARTESIAN_POINT ( 'NONE',  ( 0.3275102095630000321, -1.363779172285999985, 0.2010000000000000120 ) ) ;
#7451 = VECTOR ( 'NONE', #2953, 1000.000000000000000 ) ;
#7452 = CARTESIAN_POINT ( 'NONE',  ( 0.9300000000000000488, -3.834297482219000575, 3.839999999999000213 ) ) ;
#7453 = ORIENTED_EDGE ( 'NONE', *, *, #6396, .T. ) ;
#7454 = CARTESIAN_POINT ( 'NONE',  ( -3.429999999998999627, 4.750000000000000000, 0.6400000000000000133 ) ) ;
#7455 = DIRECTION ( 'NONE',  ( -0.000000000000000000, 0.9993908270191130816, 0.03489949670200395010 ) ) ;
#7456 = EDGE_CURVE ( 'NONE', #6382, #774, #4930, .T. ) ;
#7457 = LINE ( 'NONE', #204, #348 ) ;
#7458 = DIRECTION ( 'NONE',  ( 0.000000000000000000, -3.491481338843000432E-15, 1.000000000000000000 ) ) ;
#7459 = ORIENTED_EDGE ( 'NONE', *, *, #5073, .T. ) ;
#7460 = CIRCLE ( 'NONE', #1867, 0.1499999999989998778 ) ;
#7461 = ADVANCED_FACE ( 'NONE', ( #7219 ), #1752, .T. ) ;
#7462 = ORIENTED_EDGE ( 'NONE', *, *, #9436, .T. ) ;
#7463 = ORIENTED_EDGE ( 'NONE', *, *, #9677, .F. ) ;
#7464 = CARTESIAN_POINT ( 'NONE',  ( 0.3596803900449999647, -0.9107726993860000286, 0.2010000000000000120 ) ) ;
#7465 = ORIENTED_EDGE ( 'NONE', *, *, #10447, .T. ) ;
#7466 = CARTESIAN_POINT ( 'NONE',  ( -1.570000000000000062, 2.550000000000000266, 0.6999999999999999556 ) ) ;
#7467 = AXIS2_PLACEMENT_3D ( 'NONE', #8033, #3895, #721 ) ;
#7468 = ORIENTED_EDGE ( 'NONE', *, *, #3119, .F. ) ;
#7469 = ADVANCED_FACE ( 'NONE', ( #10439 ), #2726, .T. ) ;
#7470 = CARTESIAN_POINT ( 'NONE',  ( -3.429999999998999627, 0.8499999999989999999, 3.840000000000000302 ) ) ;
#7471 = FACE_OUTER_BOUND ( 'NONE', #6609, .T. ) ;
#7472 = EDGE_CURVE ( 'NONE', #1780, #8444, #9272, .T. ) ;
#7473 = LINE ( 'NONE', #3387, #242 ) ;
#7474 = CARTESIAN_POINT ( 'NONE',  ( -0.4835267762800000146, -0.9531472383879999732, 0.2010000000000000120 ) ) ;
#7475 = VERTEX_POINT ( 'NONE', #1850 ) ;
#7476 = VECTOR ( 'NONE', #5741, 1000.000000000000000 ) ;
#7477 = CIRCLE ( 'NONE', #7305, 0.06000000000000015737 ) ;
#7478 = CARTESIAN_POINT ( 'NONE',  ( 0.2771221937059999973, -1.350241285326000185, 0.2000000000000000111 ) ) ;
#7479 = EDGE_CURVE ( 'NONE', #3926, #9366, #270, .T. ) ;
#7480 = FACE_OUTER_BOUND ( 'NONE', #5028, .T. ) ;
#7481 = FACE_OUTER_BOUND ( 'NONE', #2780, .T. ) ;
#7482 = EDGE_CURVE ( 'NONE', #614, #5371, #3646, .T. ) ;
#7483 = CARTESIAN_POINT ( 'NONE',  ( 1.570000000000000062, 2.550000000000000266, 1.000013873792005015E-12 ) ) ;
#7484 = VECTOR ( 'NONE', #6484, 1000.000000000000114 ) ;
#7485 = AXIS2_PLACEMENT_3D ( 'NONE', #3213, #7354, #2467 ) ;
#7486 = CARTESIAN_POINT ( 'NONE',  ( 6.899999999999999467, -3.149999999998999822, -2.061552812807999846 ) ) ;
#7487 = CARTESIAN_POINT ( 'NONE',  ( -1.570000000000000062, -3.334297482219000575, 3.199999999999000089 ) ) ;
#7488 = LINE ( 'NONE', #2549, #565 ) ;
#7489 = DIRECTION ( 'NONE',  ( 0.000000000000000000, 1.000000000000000000, 3.491481338843000432E-15 ) ) ;
#7490 = CARTESIAN_POINT ( 'NONE',  ( 0.6195976870740000919, -1.111616850362999953, 0.2010000000000000120 ) ) ;
#7491 = VERTEX_POINT ( 'NONE', #9856 ) ;
#7492 = DIRECTION ( 'NONE',  ( 0.000000000000000000, 3.491481338843000432E-15, -1.000000000000000000 ) ) ;
#7493 = AXIS2_PLACEMENT_3D ( 'NONE', #5743, #1710, #6651 ) ;
#7494 = ORIENTED_EDGE ( 'NONE', *, *, #1601, .F. ) ;
#7495 = EDGE_CURVE ( 'NONE', #1780, #3163, #9222, .T. ) ;
#7496 = CARTESIAN_POINT ( 'NONE',  ( 0.9300000000000000488, 1.549999999998999956, 3.840000000000000302 ) ) ;
#7497 = PLANE ( 'NONE',  #2405 ) ;
#7498 = CARTESIAN_POINT ( 'NONE',  ( 0.4570358225460000035, -0.9321945420649999647, 0.2000000000000000111 ) ) ;
#7499 = CARTESIAN_POINT ( 'NONE',  ( -6.150000000000000355, -5.250000000000000000, 4.799999999999000622 ) ) ;
#7500 = AXIS2_PLACEMENT_3D ( 'NONE', #4225, #7570, #2644 ) ;
#7501 = ORIENTED_EDGE ( 'NONE', *, *, #3767, .T. ) ;
#7502 = LINE ( 'NONE', #8189, #3583 ) ;
#7503 = ADVANCED_FACE ( 'NONE', ( #8315 ), #373, .T. ) ;
#7504 = EDGE_CURVE ( 'NONE', #5565, #10409, #1113, .T. ) ;
#7505 = CARTESIAN_POINT ( 'NONE',  ( -0.6179894292460000882, -1.105624331527000015, 0.2010000000000000120 ) ) ;
#7506 = ORIENTED_EDGE ( 'NONE', *, *, #5926, .F. ) ;
#7507 = FACE_OUTER_BOUND ( 'NONE', #6816, .T. ) ;
#7508 = PLANE ( 'NONE',  #9933 ) ;
#7509 = VECTOR ( 'NONE', #3064, 1000.000000000000000 ) ;
#7510 = ORIENTED_EDGE ( 'NONE', *, *, #386, .T. ) ;
#7511 = CARTESIAN_POINT ( 'NONE',  ( -3.429999999998999627, -3.834297482219000575, 3.658014882865999962 ) ) ;
#7512 = LINE ( 'NONE', #2520, #6297 ) ;
#7513 = CARTESIAN_POINT ( 'NONE',  ( 0.5527422780699999816, -1.117247807137000004, 0.2000000000000000111 ) ) ;
#7514 = LINE ( 'NONE', #5126, #7673 ) ;
#7515 = ORIENTED_EDGE ( 'NONE', *, *, #6766, .F. ) ;
#7516 = CARTESIAN_POINT ( 'NONE',  ( 5.450000000000000178, 1.250000000000000000, 2.900000000000000355 ) ) ;
#7517 = VERTEX_POINT ( 'NONE', #3490 ) ;
#7518 = VECTOR ( 'NONE', #4023, 1000.000000000000000 ) ;
#7519 = ORIENTED_EDGE ( 'NONE', *, *, #82, .F. ) ;
#7520 = DIRECTION ( 'NONE',  ( 0.000000000000000000, -1.000000000000000000, -4.336808689942015369E-15 ) ) ;
#7521 = EDGE_LOOP ( 'NONE', ( #3724, #1766, #9790, #8389 ) ) ;
#7522 = DIRECTION ( 'NONE',  ( 1.000000000000000000, 0.000000000000000000, 0.000000000000000000 ) ) ;
#7523 = ORIENTED_EDGE ( 'NONE', *, *, #4939, .F. ) ;
#7524 = CARTESIAN_POINT ( 'NONE',  ( -0.3972520246490000018, -1.304030939482999862, 0.2000000000000000111 ) ) ;
#7525 = AXIS2_PLACEMENT_3D ( 'NONE', #3867, #749, #691 ) ;
#7526 = DIRECTION ( 'NONE',  ( -1.000000000000000000, 0.000000000000000000, 0.000000000000000000 ) ) ;
#7527 = DIRECTION ( 'NONE',  ( -1.000000000000000000, 0.000000000000000000, 0.000000000000000000 ) ) ;
#7528 = EDGE_CURVE ( 'NONE', #8444, #9898, #9068, .T. ) ;
#7529 = CARTESIAN_POINT ( 'NONE',  ( -0.4523831892899999874, -0.9351355331359999523, 0.2000000000000000111 ) ) ;
#7530 = VECTOR ( 'NONE', #3210, 1000.000000000000000 ) ;
#7531 = VERTEX_POINT ( 'NONE', #9954 ) ;
#7532 = CARTESIAN_POINT ( 'NONE',  ( -0.7923415633920000145, -1.166790490064000041, 0.2010000000000000120 ) ) ;
#7533 = EDGE_CURVE ( 'NONE', #2943, #4734, #3594, .T. ) ;
#7534 = CARTESIAN_POINT ( 'NONE',  ( -3.429999999998999627, -3.834297482219000575, 3.839999999999000213 ) ) ;
#7535 = FACE_OUTER_BOUND ( 'NONE', #7765, .T. ) ;
#7536 = VECTOR ( 'NONE', #4032, 1000.000000000000000 ) ;
#7537 = LINE ( 'NONE', #9123, #4595 ) ;
#7538 = LINE ( 'NONE', #6795, #2268 ) ;
#7539 = DIRECTION ( 'NONE',  ( 0.000000000000000000, -3.491481338843000432E-15, 1.000000000000000000 ) ) ;
#7540 = CARTESIAN_POINT ( 'NONE',  ( 1.111985117132999967, -3.834297482219000575, 3.199999999999000089 ) ) ;
#7541 = DIRECTION ( 'NONE',  ( 0.000000000000000000, 1.000000000000000000, 3.491481338843000432E-15 ) ) ;
#7542 = ORIENTED_EDGE ( 'NONE', *, *, #9438, .T. ) ;
#7543 = DIRECTION ( 'NONE',  ( 0.000000000000000000, 3.491481338843000432E-15, -1.000000000000000000 ) ) ;
#7544 = EDGE_CURVE ( 'NONE', #5080, #850, #3537, .T. ) ;
#7545 = ADVANCED_FACE ( 'NONE', ( #8580 ), #2166, .T. ) ;
#7546 = ORIENTED_EDGE ( 'NONE', *, *, #4948, .F. ) ;
#7547 = CARTESIAN_POINT ( 'NONE',  ( 4.069999999999000195, -3.334297482219000575, 3.839999999999000213 ) ) ;
#7548 = CARTESIAN_POINT ( 'NONE',  ( 3.200000000000000178, 0.9499999999999999556, 0.9000000000000000222 ) ) ;
#7549 = LINE ( 'NONE', #9134, #4229 ) ;
#7550 = DIRECTION ( 'NONE',  ( 1.000000000000000000, 0.000000000000000000, 0.000000000000000000 ) ) ;
#7551 = ORIENTED_EDGE ( 'NONE', *, *, #1482, .T. ) ;
#7552 = CIRCLE ( 'NONE', #9916, 2.099999999999999645 ) ;
#7553 = DIRECTION ( 'NONE',  ( 1.000000000000000000, 0.000000000000000000, 0.000000000000000000 ) ) ;
#7554 = ORIENTED_EDGE ( 'NONE', *, *, #4704, .T. ) ;
#7555 = ORIENTED_EDGE ( 'NONE', *, *, #9315, .F. ) ;
#7556 = CARTESIAN_POINT ( 'NONE',  ( 6.400000000000000355, -4.949999999998999201, 1.212771867672999937 ) ) ;
#7557 = ADVANCED_FACE ( 'NONE', ( #2110 ), #9427, .F. ) ;
#7558 = VERTEX_POINT ( 'NONE', #3809 ) ;
#7559 = EDGE_CURVE ( 'NONE', #4431, #7303, #4547, .T. ) ;
#7560 = FACE_OUTER_BOUND ( 'NONE', #4235, .T. ) ;
#7561 = CARTESIAN_POINT ( 'NONE',  ( 3.429999999998999627, 2.490036550378000424, 0.6979060301970000380 ) ) ;
#7562 = FACE_OUTER_BOUND ( 'NONE', #9334, .T. ) ;
#7563 = PLANE ( 'NONE',  #9533 ) ;
#7564 = ORIENTED_EDGE ( 'NONE', *, *, #1318, .F. ) ;
#7565 = LINE ( 'NONE', #6882, #7451 ) ;
#7566 = ORIENTED_EDGE ( 'NONE', *, *, #4905, .T. ) ;
#7567 = ORIENTED_EDGE ( 'NONE', *, *, #8454, .T. ) ;
#7568 = DIRECTION ( 'NONE',  ( 0.000000000000000000, -1.000000000000000000, -3.491481338843000432E-15 ) ) ;
#7569 = ORIENTED_EDGE ( 'NONE', *, *, #6045, .T. ) ;
#7570 = DIRECTION ( 'NONE',  ( -1.000000000000000000, 0.000000000000000000, 0.000000000000000000 ) ) ;
#7571 = EDGE_LOOP ( 'NONE', ( #5873, #3389, #9336, #1949 ) ) ;
#7572 = ADVANCED_FACE ( 'NONE', ( #4602 ), #9321, .T. ) ;
#7573 = DIRECTION ( 'NONE',  ( 0.000000000000000000, 3.491481338843000432E-15, -1.000000000000000000 ) ) ;
#7574 = CARTESIAN_POINT ( 'NONE',  ( 6.150000000000000355, 2.549999999998999733, 3.700000000000000178 ) ) ;
#7575 = VECTOR ( 'NONE', #6324, 1000.000000000000000 ) ;
#7576 = CARTESIAN_POINT ( 'NONE',  ( 0.08323008294800000872, -1.136302685186000083, 0.2010000000000000120 ) ) ;
#7577 = CARTESIAN_POINT ( 'NONE',  ( -0.4975087886999999820, -0.9642726217829998836, 0.2010000000000000120 ) ) ;
#7578 = ORIENTED_EDGE ( 'NONE', *, *, #6537, .T. ) ;
#7579 = VECTOR ( 'NONE', #8448, 1000.000000000000000 ) ;
#7580 = CARTESIAN_POINT ( 'NONE',  ( 4.069999999999000195, 1.550000000000000044, 3.200000000000000178 ) ) ;
#7581 = CARTESIAN_POINT ( 'NONE',  ( 4.549999999999999822, -5.250000000000000000, 6.199999999999000089 ) ) ;
#7582 = CARTESIAN_POINT ( 'NONE',  ( -4.549999999998999733, -5.250000000000000000, 5.499999999999000799 ) ) ;
#7583 = VECTOR ( 'NONE', #7002, 1000.000000000000000 ) ;
#7584 = ADVANCED_FACE ( 'NONE', ( #7780 ), #1371, .T. ) ;
#7585 = DIRECTION ( 'NONE',  ( 0.000000000000000000, 1.000000000000000000, 5.285485590893272789E-15 ) ) ;
#7586 = DIRECTION ( 'NONE',  ( 0.000000000000000000, 1.000000000000000000, 2.891205793313955622E-15 ) ) ;
#7587 = CARTESIAN_POINT ( 'NONE',  ( -6.400000000000000355, -4.949999999998999201, 0.2000000000000000111 ) ) ;
#7588 = EDGE_CURVE ( 'NONE', #4314, #2710, #9643, .T. ) ;
#7589 = CARTESIAN_POINT ( 'NONE',  ( -3.429999999998999627, 1.665702517779999781, 3.200000000000000178 ) ) ;
#7590 = FACE_OUTER_BOUND ( 'NONE', #4641, .T. ) ;
#7591 = ORIENTED_EDGE ( 'NONE', *, *, #9153, .T. ) ;
#7592 = ADVANCED_FACE ( 'NONE', ( #6249 ), #9378, .T. ) ;
#7593 = LINE ( 'NONE', #4405, #6823 ) ;
#7594 = CARTESIAN_POINT ( 'NONE',  ( -6.899999999999999467, -3.149999999998999822, 0.2000000000000000111 ) ) ;
#7595 = FACE_OUTER_BOUND ( 'NONE', #1783, .T. ) ;
#7596 = EDGE_CURVE ( 'NONE', #2296, #6824, #10112, .T. ) ;
#7597 = DIRECTION ( 'NONE',  ( 0.000000000000000000, -0.9396926207860168967, 0.3420201433253704515 ) ) ;
#7598 = CARTESIAN_POINT ( 'NONE',  ( 0.4872170650739999775, -0.9532843719080000833, 0.2000000000000000111 ) ) ;
#7599 = CARTESIAN_POINT ( 'NONE',  ( -0.4523831892899999874, -0.9351355331359999523, 0.2010000000000000120 ) ) ;
#7600 = VERTEX_POINT ( 'NONE', #2965 ) ;
#7601 = CARTESIAN_POINT ( 'NONE',  ( -0.3536029963189999403, -1.307034392503000131, 0.2010000000000000120 ) ) ;
#7602 = ORIENTED_EDGE ( 'NONE', *, *, #3888, .F. ) ;
#7603 = VERTEX_POINT ( 'NONE', #9478 ) ;
#7604 = CARTESIAN_POINT ( 'NONE',  ( 0.5526033681449999957, -1.124558409985000118, 0.2000000000000000111 ) ) ;
#7605 = EDGE_LOOP ( 'NONE', ( #2103, #161, #4043, #7043, #709, #2912, #4984, #1232, #8815, #3595, #875, #1309 ) ) ;
#7606 = LINE ( 'NONE', #6826, #3257 ) ;
#7607 = CARTESIAN_POINT ( 'NONE',  ( -0.6999999999990000887, 1.149999999999999911, 0.9000000000000000222 ) ) ;
#7608 = CARTESIAN_POINT ( 'NONE',  ( -0.9299999999989999599, 5.250000000000000000, 0.6400000000000000133 ) ) ;
#7609 = CARTESIAN_POINT ( 'NONE',  ( -7.499999999998999911, -2.849999999999000000, 0.2000000000000000111 ) ) ;
#7610 = VERTEX_POINT ( 'NONE', #1272 ) ;
#7611 = CARTESIAN_POINT ( 'NONE',  ( -3.850000000000000089, -1.750000000000000000, 5.499999999999000799 ) ) ;
#7613 = ORIENTED_EDGE ( 'NONE', *, *, #6676, .F. ) ;
#7612 = VERTEX_POINT ( 'NONE', #4656 ) ;
#7614 = AXIS2_PLACEMENT_3D ( 'NONE', #9241, #4257, #6712 ) ;
#7615 = ORIENTED_EDGE ( 'NONE', *, *, #4084, .F. ) ;
#7616 = DIRECTION ( 'NONE',  ( 0.000000000000000000, 3.491481338843000432E-15, -1.000000000000000000 ) ) ;
#7617 = ORIENTED_EDGE ( 'NONE', *, *, #5706, .T. ) ;
#7618 = CARTESIAN_POINT ( 'NONE',  ( -9.840731680114000568, -0.4499999999989999777, 2.699999999999000089 ) ) ;
#7619 = VERTEX_POINT ( 'NONE', #4496 ) ;
#7620 = ADVANCED_FACE ( 'NONE', ( #10162 ), #7890, .T. ) ;
#7621 = CARTESIAN_POINT ( 'NONE',  ( 7.499999999998999911, -5.249999999998999911, 0.2000000000000000111 ) ) ;
#7622 = VECTOR ( 'NONE', #4036, 1000.000000000000000 ) ;
#7623 = CARTESIAN_POINT ( 'NONE',  ( 0.4476729060899999890, -1.300230509332999995, 0.2010000000000000120 ) ) ;
#7624 = LINE ( 'NONE', #6942, #5989 ) ;
#7625 = CARTESIAN_POINT ( 'NONE',  ( -0.4523831892899999874, -0.9351355331359999523, 0.2010000000000000120 ) ) ;
#7626 = VERTEX_POINT ( 'NONE', #1321 ) ;
#7627 = ADVANCED_FACE ( 'NONE', ( #6147 ), #3750, .T. ) ;
#7628 = DIRECTION ( 'NONE',  ( 0.000000000000000000, 1.000000000000000000, 0.000000000000000000 ) ) ;
#7629 = EDGE_CURVE ( 'NONE', #8541, #7491, #193, .T. ) ;
#7630 = AXIS2_PLACEMENT_3D ( 'NONE', #7650, #6867, #5167 ) ;
#7631 = LINE ( 'NONE', #7258, #6747 ) ;
#7632 = CARTESIAN_POINT ( 'NONE',  ( -5.450000000000000178, 1.549999999998999956, 4.400000000000000355 ) ) ;
#7633 = CARTESIAN_POINT ( 'NONE',  ( 0.4814600443520000161, -1.351467788399999925, 0.2000000000000000111 ) ) ;
#7634 = LINE ( 'NONE', #7692, #3963 ) ;
#7635 = VECTOR ( 'NONE', #8907, 1000.000000000000000 ) ;
#7636 = CARTESIAN_POINT ( 'NONE',  ( 0.5921408316010000616, -0.9899601815309998498, 0.2000000000000000111 ) ) ;
#7637 = FACE_OUTER_BOUND ( 'NONE', #5731, .T. ) ;
#7638 = VERTEX_POINT ( 'NONE', #7207 ) ;
#7639 = LINE ( 'NONE', #388, #7841 ) ;
#7640 = ORIENTED_EDGE ( 'NONE', *, *, #5817, .F. ) ;
#7641 = FACE_OUTER_BOUND ( 'NONE', #7761, .T. ) ;
#7642 = DIRECTION ( 'NONE',  ( 0.000000000000000000, 3.491481338843000432E-15, -1.000000000000000000 ) ) ;
#7643 = AXIS2_PLACEMENT_3D ( 'NONE', #8789, #1526, #6553 ) ;
#7644 = AXIS2_PLACEMENT_3D ( 'NONE', #9102, #3424, #7405 ) ;
#7645 = EDGE_CURVE ( 'NONE', #8845, #5371, #7502, .T. ) ;
#7646 = PLANE ( 'NONE',  #2329 ) ;
#7647 = EDGE_CURVE ( 'NONE', #6239, #1841, #9776, .T. ) ;
#7648 = FACE_BOUND ( 'NONE', #4490, .T. ) ;
#7649 = DIRECTION ( 'NONE',  ( 0.000000000000000000, 3.491481338843000432E-15, -1.000000000000000000 ) ) ;
#7650 = CARTESIAN_POINT ( 'NONE',  ( 6.649999999999999467, -4.649999999998999378, 2.199999999999000089 ) ) ;
#7651 = ORIENTED_EDGE ( 'NONE', *, *, #2209, .T. ) ;
#7652 = AXIS2_PLACEMENT_3D ( 'NONE', #9721, #4956, #2558 ) ;
#7653 = VECTOR ( 'NONE', #710, 1000.000000000000000 ) ;
#7654 = LINE ( 'NONE', #451, #3717 ) ;
#7655 = ORIENTED_EDGE ( 'NONE', *, *, #7482, .T. ) ;
#7656 = EDGE_CURVE ( 'NONE', #7612, #9519, #9825, .T. ) ;
#7657 = ORIENTED_EDGE ( 'NONE', *, *, #3306, .F. ) ;
#7658 = CARTESIAN_POINT ( 'NONE',  ( 0.9300000000000000488, 1.765641600482000140, 3.103489949670000136 ) ) ;
#7659 = VECTOR ( 'NONE', #6216, 1000.000000000000000 ) ;
#7660 = AXIS2_PLACEMENT_3D ( 'NONE', #852, #6532, #8217 ) ;
#7661 = ORIENTED_EDGE ( 'NONE', *, *, #932, .F. ) ;
#7662 = AXIS2_PLACEMENT_3D ( 'NONE', #2012, #480, #6899 ) ;
#7663 = CARTESIAN_POINT ( 'NONE',  ( 0.5327433634899999548, -1.013837887803000104, 0.2010000000000000120 ) ) ;
#7664 = CARTESIAN_POINT ( 'NONE',  ( -3.149999999998999822, -1.750000000000000000, 5.499999999999000799 ) ) ;
#7665 = DIRECTION ( 'NONE',  ( 0.000000000000000000, -1.000000000000000000, -3.457400261148000567E-15 ) ) ;
#7666 = CARTESIAN_POINT ( 'NONE',  ( 0.2478642292900000155, -1.281119758356000116, 0.2010000000000000120 ) ) ;
#7667 = EDGE_LOOP ( 'NONE', ( #2472, #5176, #8497, #5440 ) ) ;
#7668 = CARTESIAN_POINT ( 'NONE',  ( 0.3483653395050000379, -0.8559379075580000329, 0.2000000000000000111 ) ) ;
#7670 = ORIENTED_EDGE ( 'NONE', *, *, #7177, .F. ) ;
#7669 = ORIENTED_EDGE ( 'NONE', *, *, #9757, .F. ) ;
#7671 = ORIENTED_EDGE ( 'NONE', *, *, #611, .T. ) ;
#7672 = EDGE_CURVE ( 'NONE', #7113, #7810, #4208, .T. ) ;
#7673 = VECTOR ( 'NONE', #3631, 1000.000000000000000 ) ;
#7674 = CARTESIAN_POINT ( 'NONE',  ( 0.9185959366070000076, -0.8619124412830000415, 0.2010000000000000120 ) ) ;
#7675 = EDGE_LOOP ( 'NONE', ( #9483, #865, #1299, #6838 ) ) ;
#7676 = ORIENTED_EDGE ( 'NONE', *, *, #1376, .T. ) ;
#7677 = CARTESIAN_POINT ( 'NONE',  ( 1.570000000000000062, -3.334297482219000575, 3.199999999999000089 ) ) ;
#7678 = DIRECTION ( 'NONE',  ( 1.000000000000000000, 1.226529932838000023E-16, 4.282406372038000225E-31 ) ) ;
#7679 = LINE ( 'NONE', #6940, #4136 ) ;
#7680 = VECTOR ( 'NONE', #1810, 1000.000000000000000 ) ;
#7681 = DIRECTION ( 'NONE',  ( 1.000000000000000000, 0.000000000000000000, 0.000000000000000000 ) ) ;
#7682 = DIRECTION ( 'NONE',  ( 0.000000000000000000, 1.000000000000000000, 3.491481338843000432E-15 ) ) ;
#7683 = EDGE_LOOP ( 'NONE', ( #3165, #1094, #10423, #10375, #8105, #7238, #169, #9140, #832 ) ) ;
#7684 = LINE ( 'NONE', #10012, #2226 ) ;
#7685 = EDGE_CURVE ( 'NONE', #9144, #5173, #4261, .T. ) ;
#7686 = DIRECTION ( 'NONE',  ( 1.000000000000000000, 0.000000000000000000, 0.000000000000000000 ) ) ;
#7687 = PLANE ( 'NONE',  #3098 ) ;
#7688 = VECTOR ( 'NONE', #8212, 1000.000000000000000 ) ;
#7689 = CARTESIAN_POINT ( 'NONE',  ( 0.6043322085709998959, -1.221707889049999940, 0.2000000000000000111 ) ) ;
#7690 = EDGE_CURVE ( 'NONE', #7884, #4551, #4962, .T. ) ;
#7691 = EDGE_CURVE ( 'NONE', #10038, #4270, #7152, .T. ) ;
#7692 = CARTESIAN_POINT ( 'NONE',  ( -0.09359918534300000481, -1.081424636404999973, 0.2010000000000000120 ) ) ;
#7693 = CARTESIAN_POINT ( 'NONE',  ( -6.899999999999999467, -5.149999999999000266, 0.000000000000000000 ) ) ;
#7694 = DIRECTION ( 'NONE',  ( 0.000000000000000000, 3.491481338843000432E-15, -1.000000000000000000 ) ) ;
#7695 = ORIENTED_EDGE ( 'NONE', *, *, #10445, .F. ) ;
#7696 = CARTESIAN_POINT ( 'NONE',  ( 4.069999999999000195, 4.750000000000000000, 0.6400000000000000133 ) ) ;
#7697 = VERTEX_POINT ( 'NONE', #3124 ) ;
#7698 = CARTESIAN_POINT ( 'NONE',  ( -4.299999999998999733, 1.149999999999999911, 0.9000000000000000222 ) ) ;
#7699 = CIRCLE ( 'NONE', #1776, 0.1999999999989995891 ) ;
#7700 = CARTESIAN_POINT ( 'NONE',  ( -0.5439384913549999423, -1.171934035749000014, 0.2000000000000000111 ) ) ;
#7701 = FACE_OUTER_BOUND ( 'NONE', #3550, .T. ) ;
#7702 = DIRECTION ( 'NONE',  ( 0.000000000000000000, -1.000000000000000000, -3.491481338843000432E-15 ) ) ;
#7703 = DIRECTION ( 'NONE',  ( 0.000000000000000000, -1.000000000000000000, -3.491481338843000432E-15 ) ) ;
#7704 = DIRECTION ( 'NONE',  ( 0.000000000000000000, -3.491481338843000432E-15, 1.000000000000000000 ) ) ;
#7705 = EDGE_LOOP ( 'NONE', ( #10481, #997, #4318, #5801, #8304, #6189 ) ) ;
#7706 = CARTESIAN_POINT ( 'NONE',  ( 3.200000000000000178, 0.9499999999999999556, 0.9000000000000000222 ) ) ;
#7707 = ORIENTED_EDGE ( 'NONE', *, *, #9786, .T. ) ;
#7708 = ORIENTED_EDGE ( 'NONE', *, *, #8290, .F. ) ;
#7709 = ORIENTED_EDGE ( 'NONE', *, *, #5040, .F. ) ;
#7710 = DIRECTION ( 'NONE',  ( 0.000000000000000000, -3.491481338843000432E-15, 1.000000000000000000 ) ) ;
#7711 = ORIENTED_EDGE ( 'NONE', *, *, #2970, .F. ) ;
#7712 = ADVANCED_FACE ( 'NONE', ( #7992 ), #139, .F. ) ;
#7713 = CARTESIAN_POINT ( 'NONE',  ( 6.899999999999999467, -5.149999999999000266, 1.787228132325999974 ) ) ;
#7714 = CARTESIAN_POINT ( 'NONE',  ( 3.429999999998999627, 2.405251729774000147, 3.125825627559000175 ) ) ;
#7715 = CARTESIAN_POINT ( 'NONE',  ( 3.429999999998999627, -3.834297482219000575, 3.199999999999000089 ) ) ;
#7716 = ORIENTED_EDGE ( 'NONE', *, *, #1469, .T. ) ;
#7717 = CARTESIAN_POINT ( 'NONE',  ( -1.570000000000000062, -3.834297482219000575, 3.839999999999000213 ) ) ;
#7719 = VERTEX_POINT ( 'NONE', #2624 ) ;
#7718 = VERTEX_POINT ( 'NONE', #6607 ) ;
#7720 = ORIENTED_EDGE ( 'NONE', *, *, #9789, .F. ) ;
#7721 = CARTESIAN_POINT ( 'NONE',  ( 1.800000000000000044, 0.9499999999999999556, 2.700000000000000178 ) ) ;
#7722 = VERTEX_POINT ( 'NONE', #5859 ) ;
#7723 = VERTEX_POINT ( 'NONE', #6357 ) ;
#7724 = CARTESIAN_POINT ( 'NONE',  ( -4.069999999999000195, 1.550000000000000044, 3.200000000000000178 ) ) ;
#7725 = DIRECTION ( 'NONE',  ( 0.000000000000000000, 1.000000000000000000, 3.491481338843000432E-15 ) ) ;
#7726 = LINE ( 'NONE', #679, #901 ) ;
#7727 = ADVANCED_FACE ( 'NONE', ( #2564 ), #8287, .F. ) ;
#7728 = CARTESIAN_POINT ( 'NONE',  ( 4.069999999999000195, 5.250000000000000000, 0.1819851171340000351 ) ) ;
#7729 = CARTESIAN_POINT ( 'NONE',  ( 0.3854404488020000130, -1.368010002259000046, 0.2010000000000000120 ) ) ;
#7730 = ORIENTED_EDGE ( 'NONE', *, *, #8038, .F. ) ;
#7731 = LINE ( 'NONE', #1323, #2052 ) ;
#7732 = CARTESIAN_POINT ( 'NONE',  ( 0.2616922499719999684, -1.288908352243999911, 0.2010000000000000120 ) ) ;
#7733 = ORIENTED_EDGE ( 'NONE', *, *, #9668, .F. ) ;
#7734 = PLANE ( 'NONE',  #6825 ) ;
#7735 = CARTESIAN_POINT ( 'NONE',  ( 0.5953826978209999510, -1.243530501393000032, 0.2000000000000000111 ) ) ;
#7736 = AXIS2_PLACEMENT_3D ( 'NONE', #7099, #8687, #5556 ) ;
#7737 = DIRECTION ( 'NONE',  ( 0.000000000000000000, -3.491481338843000432E-15, 1.000000000000000000 ) ) ;
#7738 = AXIS2_PLACEMENT_3D ( 'NONE', #7388, #9036, #975 ) ;
#7739 = DIRECTION ( 'NONE',  ( 0.000000000000000000, -3.491481338843000432E-15, 1.000000000000000000 ) ) ;
#7740 = LINE ( 'NONE', #2921, #872 ) ;
#7741 = EDGE_LOOP ( 'NONE', ( #7353, #3337, #1124, #5745 ) ) ;
#7742 = DIRECTION ( 'NONE',  ( 0.000000000000000000, 0.000000000000000000, 1.000000000000000000 ) ) ;
#7743 = VERTEX_POINT ( 'NONE', #1028 ) ;
#7744 = CARTESIAN_POINT ( 'NONE',  ( -6.400000000000000355, -5.064285714284999962, 1.623097770997000033 ) ) ;
#7745 = VECTOR ( 'NONE', #8439, 1000.000000000000114 ) ;
#7746 = EDGE_CURVE ( 'NONE', #6599, #7113, #1778, .T. ) ;
#7747 = DIRECTION ( 'NONE',  ( 0.000000000000000000, -1.000000000000000000, -4.336808689942015369E-15 ) ) ;
#7748 = DIRECTION ( 'NONE',  ( 0.000000000000000000, 1.000000000000000000, 3.491481338843000432E-15 ) ) ;
#7749 = DIRECTION ( 'NONE',  ( 1.000000000000000000, 0.000000000000000000, 0.000000000000000000 ) ) ;
#7750 = CARTESIAN_POINT ( 'NONE',  ( 6.400000000000000355, -4.949999999998999201, 0.2000000000000000111 ) ) ;
#7751 = CARTESIAN_POINT ( 'NONE',  ( 0.000000000000000000, 1.549999999998999956, 3.840000000000000302 ) ) ;
#7752 = ORIENTED_EDGE ( 'NONE', *, *, #9118, .F. ) ;
#7753 = LINE ( 'NONE', #499, #4569 ) ;
#7754 = EDGE_LOOP ( 'NONE', ( #2453, #8295, #4315, #9005 ) ) ;
#7755 = ADVANCED_FACE ( 'NONE', ( #9091 ), #9583, .T. ) ;
#7756 = VERTEX_POINT ( 'NONE', #5752 ) ;
#7757 = EDGE_CURVE ( 'NONE', #2638, #6291, #8984, .T. ) ;
#7758 = EDGE_LOOP ( 'NONE', ( #7707, #5430, #261, #6173 ) ) ;
#7759 = PLANE ( 'NONE',  #2323 ) ;
#7760 = DIRECTION ( 'NONE',  ( 0.000000000000000000, 3.491481338843000432E-15, -1.000000000000000000 ) ) ;
#7761 = EDGE_LOOP ( 'NONE', ( #7772, #906, #7058, #2320 ) ) ;
#7762 = CARTESIAN_POINT ( 'NONE',  ( 6.400000000000000355, -5.149999999999000266, 0.000000000000000000 ) ) ;
#7763 = CARTESIAN_POINT ( 'NONE',  ( -0.2155504048559999941, -1.361912441282999930, 0.2010000000000000120 ) ) ;
#7764 = DIRECTION ( 'NONE',  ( 0.000000000000000000, 1.000000000000000000, 3.491481338843000432E-15 ) ) ;
#7765 = EDGE_LOOP ( 'NONE', ( #7053, #5525, #3700, #10040 ) ) ;
#7766 = FACE_OUTER_BOUND ( 'NONE', #4804, .T. ) ;
#7768 = VERTEX_POINT ( 'NONE', #9708 ) ;
#7767 = ORIENTED_EDGE ( 'NONE', *, *, #6228, .T. ) ;
#7769 = DIRECTION ( 'NONE',  ( 0.000000000000000000, 3.491481338843000432E-15, -1.000000000000000000 ) ) ;
#7770 = ORIENTED_EDGE ( 'NONE', *, *, #8017, .T. ) ;
#7771 = EDGE_CURVE ( 'NONE', #9250, #9525, #2195, .T. ) ;
#7772 = ORIENTED_EDGE ( 'NONE', *, *, #6074, .T. ) ;
#7773 = CARTESIAN_POINT ( 'NONE',  ( 1.570000000000000062, -3.334297482219000575, 3.839999999999000213 ) ) ;
#7774 = ADVANCED_FACE ( 'NONE', ( #4529 ), #2945, .T. ) ;
#7775 = DIRECTION ( 'NONE',  ( 0.000000000000000000, -1.000000000000000000, -3.523657060577887833E-15 ) ) ;
#7776 = LINE ( 'NONE', #2904, #7863 ) ;
#7777 = EDGE_CURVE ( 'NONE', #9421, #7884, #808, .T. ) ;
#7778 = AXIS2_PLACEMENT_3D ( 'NONE', #4957, #7443, #8930 ) ;
#7779 = LINE ( 'NONE', #10324, #130 ) ;
#7780 = FACE_OUTER_BOUND ( 'NONE', #8414, .T. ) ;
#7781 = EDGE_LOOP ( 'NONE', ( #2409, #2229, #3696, #648 ) ) ;
#7782 = CARTESIAN_POINT ( 'NONE',  ( 0.4311513965640000334, -1.306042921930000045, 0.2010000000000000120 ) ) ;
#7783 = LINE ( 'NONE', #6898, #9779 ) ;
#7784 = EDGE_CURVE ( 'NONE', #9243, #8833, #4889, .T. ) ;
#7785 = EDGE_CURVE ( 'NONE', #3586, #8795, #6427, .T. ) ;
#7786 = ORIENTED_EDGE ( 'NONE', *, *, #8038, .T. ) ;
#7787 = CARTESIAN_POINT ( 'NONE',  ( -3.429999999998999627, 5.250000000000000000, 0.1819851171340000351 ) ) ;
#7788 = AXIS2_PLACEMENT_3D ( 'NONE', #1654, #8865, #2547 ) ;
#7789 = CARTESIAN_POINT ( 'NONE',  ( 0.3941199795779999904, -1.367816423715999985, 0.2000000000000000111 ) ) ;
#7790 = ADVANCED_FACE ( 'NONE', ( #5685 ), #10450, .F. ) ;
#7791 = DIRECTION ( 'NONE',  ( 0.000000000000000000, 3.455341266426000612E-15, -1.000000000000000000 ) ) ;
#7792 = CARTESIAN_POINT ( 'NONE',  ( 0.000000000000000000, 1.549999999998999956, 3.840000000000000302 ) ) ;
#7793 = CARTESIAN_POINT ( 'NONE',  ( -0.8714007610310000596, -0.9425989646549999268, 0.2000000000000000111 ) ) ;
#7794 = ORIENTED_EDGE ( 'NONE', *, *, #7184, .T. ) ;
#7795 = ADVANCED_FACE ( 'NONE', ( #8916 ), #8614, .F. ) ;
#7796 = DIRECTION ( 'NONE',  ( 1.000000000000000000, 0.000000000000000000, 0.000000000000000000 ) ) ;
#7797 = VERTEX_POINT ( 'NONE', #1651 ) ;
#7798 = VECTOR ( 'NONE', #4730, 1000.000000000000000 ) ;
#7799 = PLANE ( 'NONE',  #5466 ) ;
#7800 = EDGE_CURVE ( 'NONE', #9405, #10287, #8018, .T. ) ;
#7801 = LINE ( 'NONE', #8652, #8211 ) ;
#7802 = EDGE_LOOP ( 'NONE', ( #6279, #5969, #2529, #7794 ) ) ;
#7803 = LINE ( 'NONE', #7294, #136 ) ;
#7804 = VECTOR ( 'NONE', #2344, 1000.000000000000000 ) ;
#7805 = CARTESIAN_POINT ( 'NONE',  ( 6.400000000000000355, -4.949999999998999201, 0.2000000000000000111 ) ) ;
#7806 = DIRECTION ( 'NONE',  ( 0.000000000000000000, 3.491481338843000432E-15, -1.000000000000000000 ) ) ;
#7807 = CARTESIAN_POINT ( 'NONE',  ( 5.450000000000000178, 1.549999999998999956, 4.700000000000000178 ) ) ;
#7808 = ORIENTED_EDGE ( 'NONE', *, *, #414, .T. ) ;
#7809 = CARTESIAN_POINT ( 'NONE',  ( -6.400000000000000355, -4.549999999998999733, 0.000000000000000000 ) ) ;
#7810 = VERTEX_POINT ( 'NONE', #8668 ) ;
#7811 = AXIS2_PLACEMENT_3D ( 'NONE', #7865, #605, #3833 ) ;
#7812 = VECTOR ( 'NONE', #8269, 1000.000000000000000 ) ;
#7813 = ORIENTED_EDGE ( 'NONE', *, *, #8141, .F. ) ;
#7814 = EDGE_CURVE ( 'NONE', #9001, #3524, #4836, .T. ) ;
#7815 = ORIENTED_EDGE ( 'NONE', *, *, #3911, .F. ) ;
#7816 = PLANE ( 'NONE',  #5545 ) ;
#7817 = LINE ( 'NONE', #2091, #10017 ) ;
#7818 = ORIENTED_EDGE ( 'NONE', *, *, #5620, .T. ) ;
#7819 = CARTESIAN_POINT ( 'NONE',  ( 0.5525691208299999824, -1.109524761666000003, 0.2010000000000000120 ) ) ;
#7820 = CARTESIAN_POINT ( 'NONE',  ( 6.150000000000000355, -4.649999999998999378, 2.699999999999000089 ) ) ;
#7821 = AXIS2_PLACEMENT_3D ( 'NONE', #7034, #7325, #4782 ) ;
#7822 = VECTOR ( 'NONE', #1900, 1000.000000000000000 ) ;
#7823 = EDGE_CURVE ( 'NONE', #1358, #4551, #1409, .T. ) ;
#7824 = DIRECTION ( 'NONE',  ( 0.000000000000000000, -1.000000000000000000, -3.457400261148000567E-15 ) ) ;
#7825 = EDGE_CURVE ( 'NONE', #413, #9743, #7273, .T. ) ;
#7826 = ORIENTED_EDGE ( 'NONE', *, *, #1064, .T. ) ;
#7827 = CARTESIAN_POINT ( 'NONE',  ( 0.5397297185570000266, -1.316375011662999972, 0.2010000000000000120 ) ) ;
#7829 = VERTEX_POINT ( 'NONE', #7228 ) ;
#7828 = EDGE_LOOP ( 'NONE', ( #8520, #722, #4856, #8083 ) ) ;
#7830 = VECTOR ( 'NONE', #2837, 1000.000000000000000 ) ;
#7831 = AXIS2_PLACEMENT_3D ( 'NONE', #7809, #1456, #7967 ) ;
#7832 = DIRECTION ( 'NONE',  ( 0.000000000000000000, -1.000000000000000000, -3.457400261148000567E-15 ) ) ;
#7833 = VECTOR ( 'NONE', #2221, 1000.000000000000000 ) ;
#7834 = EDGE_LOOP ( 'NONE', ( #6135, #1443, #9932, #4066, #6543, #4221, #5061, #1994, #558, #6858, #6523, #2099 ) ) ;
#7835 = ORIENTED_EDGE ( 'NONE', *, *, #5517, .F. ) ;
#7836 = CARTESIAN_POINT ( 'NONE',  ( -3.250000000000000000, 1.550000000000000044, 0.9000000000000000222 ) ) ;
#7837 = CARTESIAN_POINT ( 'NONE',  ( 0.6624983756310000027, -1.307034392503000131, 0.2010000000000000120 ) ) ;
#7838 = LINE ( 'NONE', #3857, #4451 ) ;
#7839 = FACE_OUTER_BOUND ( 'NONE', #3882, .T. ) ;
#7840 = CARTESIAN_POINT ( 'NONE',  ( 0.5217692242220001164, -1.330362284353000080, 0.2010000000000000120 ) ) ;
#7841 = VECTOR ( 'NONE', #7541, 1000.000000000000000 ) ;
#7842 = EDGE_LOOP ( 'NONE', ( #7364, #9642, #10123, #7523 ) ) ;
#7843 = VECTOR ( 'NONE', #6541, 1000.000000000000000 ) ;
#7844 = CARTESIAN_POINT ( 'NONE',  ( 0.6999999999999999556, 0.9499999999999999556, 2.700000000000000178 ) ) ;
#7845 = CARTESIAN_POINT ( 'NONE',  ( -5.450000000000000178, 1.349999999999000000, 5.500000000000000888 ) ) ;
#7846 = EDGE_LOOP ( 'NONE', ( #6161, #213, #1938, #9834 ) ) ;
#7847 = DIRECTION ( 'NONE',  ( 1.000000000000000000, 0.000000000000000000, 0.000000000000000000 ) ) ;
#7848 = CARTESIAN_POINT ( 'NONE',  ( -0.3634855917390000246, -0.9169369871479999823, 0.2000000000000000111 ) ) ;
#7849 = VECTOR ( 'NONE', #8645, 1000.000000000000000 ) ;
#7850 = EDGE_CURVE ( 'NONE', #8635, #1050, #9679, .T. ) ;
#7851 = LINE ( 'NONE', #3226, #6171 ) ;
#7852 = LINE ( 'NONE', #4719, #9376 ) ;
#7853 = CARTESIAN_POINT ( 'NONE',  ( -0.8732600051350000170, -0.9331744759269999800, 0.2000000000000000111 ) ) ;
#7854 = EDGE_CURVE ( 'NONE', #4173, #4716, #1301, .T. ) ;
#7855 = ORIENTED_EDGE ( 'NONE', *, *, #8756, .T. ) ;
#7856 = FACE_OUTER_BOUND ( 'NONE', #3673, .T. ) ;
#7857 = EDGE_LOOP ( 'NONE', ( #5284, #3249, #7003, #3331 ) ) ;
#7858 = CARTESIAN_POINT ( 'NONE',  ( -6.649999999999999467, -2.849999999999000000, 2.199999999999000089 ) ) ;
#7859 = VECTOR ( 'NONE', #9066, 1000.000000000000114 ) ;
#7860 = CARTESIAN_POINT ( 'NONE',  ( -0.5308772368340000103, -1.209006060472999966, 0.2010000000000000120 ) ) ;
#7861 = DIRECTION ( 'NONE',  ( 0.000000000000000000, 1.000000000000000000, 3.523657060595514930E-15 ) ) ;
#7862 = CARTESIAN_POINT ( 'NONE',  ( -0.2155504048559999941, -0.8619124412830000415, 0.2010000000000000120 ) ) ;
#7863 = VECTOR ( 'NONE', #5555, 1000.000000000000114 ) ;
#7864 = CARTESIAN_POINT ( 'NONE',  ( -0.8435991853430000464, -0.8619124412830000415, 0.2000000000000000111 ) ) ;
#7865 = CARTESIAN_POINT ( 'NONE',  ( 6.400000000000000355, -5.149999999999000266, 1.499999999998999911 ) ) ;
#7866 = ADVANCED_FACE ( 'NONE', ( #8861 ), #12, .T. ) ;
#7867 = ORIENTED_EDGE ( 'NONE', *, *, #7139, .F. ) ;
#7868 = CARTESIAN_POINT ( 'NONE',  ( 0.2727953945649999601, -0.8668134413760000268, 0.2010000000000000120 ) ) ;
#7869 = AXIS2_PLACEMENT_3D ( 'NONE', #9781, #4406, #7642 ) ;
#7870 = ORIENTED_EDGE ( 'NONE', *, *, #2790, .T. ) ;
#7871 = VERTEX_POINT ( 'NONE', #1350 ) ;
#7872 = VERTEX_POINT ( 'NONE', #4581 ) ;
#7873 = DIRECTION ( 'NONE',  ( 0.000000000000000000, 1.000000000000000000, 0.000000000000000000 ) ) ;
#7874 = ORIENTED_EDGE ( 'NONE', *, *, #7690, .T. ) ;
#7875 = CARTESIAN_POINT ( 'NONE',  ( 6.400000000000000355, -5.149999999999000266, 0.000000000000000000 ) ) ;
#7876 = DIRECTION ( 'NONE',  ( 1.000000000000000000, 0.000000000000000000, 0.000000000000000000 ) ) ;
#7877 = DIRECTION ( 'NONE',  ( 0.000000000000000000, 1.000000000000000000, 3.407492542097299143E-15 ) ) ;
#7878 = ORIENTED_EDGE ( 'NONE', *, *, #1116, .F. ) ;
#7879 = PLANE ( 'NONE',  #4739 ) ;
#7880 = ORIENTED_EDGE ( 'NONE', *, *, #3160, .F. ) ;
#7881 = EDGE_CURVE ( 'NONE', #4477, #3502, #7817, .T. ) ;
#7882 = CARTESIAN_POINT ( 'NONE',  ( -6.899999999999999467, -4.949999999998999201, 0.2000000000000000111 ) ) ;
#7883 = EDGE_CURVE ( 'NONE', #3854, #468, #3191, .T. ) ;
#7884 = VERTEX_POINT ( 'NONE', #10436 ) ;
#7885 = ORIENTED_EDGE ( 'NONE', *, *, #2883, .F. ) ;
#7886 = DIRECTION ( 'NONE',  ( 0.000000000000000000, 1.000000000000000000, 2.891205793313955622E-15 ) ) ;
#7887 = CARTESIAN_POINT ( 'NONE',  ( -6.150000000000000355, -0.4499999999989999777, 0.2000000000000000111 ) ) ;
#7888 = DIRECTION ( 'NONE',  ( 0.3236155771183229501, -0.8891264907158876740, -0.3236155771183229501 ) ) ;
#7889 = DIRECTION ( 'NONE',  ( 1.000000000000000000, 0.000000000000000000, 0.000000000000000000 ) ) ;
#7890 = PLANE ( 'NONE',  #6980 ) ;
#7891 = ORIENTED_EDGE ( 'NONE', *, *, #7429, .F. ) ;
#7892 = AXIS2_PLACEMENT_3D ( 'NONE', #2864, #3083, #539 ) ;
#7893 = LINE ( 'NONE', #2272, #1209 ) ;
#7894 = CARTESIAN_POINT ( 'NONE',  ( -6.400000000000000355, -4.949999999998999201, 1.787228132325999974 ) ) ;
#7895 = EDGE_CURVE ( 'NONE', #8753, #6599, #3180, .T. ) ;
#7896 = ORIENTED_EDGE ( 'NONE', *, *, #283, .F. ) ;
#7897 = DIRECTION ( 'NONE',  ( 0.000000000000000000, -3.491481338843000432E-15, 1.000000000000000000 ) ) ;
#7898 = CARTESIAN_POINT ( 'NONE',  ( -0.3977088499089999618, -0.9194499928670000211, 0.2000000000000000111 ) ) ;
#7899 = DIRECTION ( 'NONE',  ( -1.000000000000000000, 0.000000000000000000, 0.000000000000000000 ) ) ;
#7900 = CARTESIAN_POINT ( 'NONE',  ( -6.400000000000000355, -3.349999999999000000, 0.2000000000000000111 ) ) ;
#7901 = CARTESIAN_POINT ( 'NONE',  ( -7.500000000000000000, 1.149999999998999822, 6.200000000000000178 ) ) ;
#7902 = ORIENTED_EDGE ( 'NONE', *, *, #6037, .F. ) ;
#7903 = FACE_OUTER_BOUND ( 'NONE', #1114, .T. ) ;
#7904 = ORIENTED_EDGE ( 'NONE', *, *, #1507, .F. ) ;
#7905 = LINE ( 'NONE', #7744, #2068 ) ;
#7906 = DIRECTION ( 'NONE',  ( 0.000000000000000000, -3.491481338843000432E-15, 1.000000000000000000 ) ) ;
#7907 = EDGE_CURVE ( 'NONE', #8611, #4637, #8197, .T. ) ;
#7908 = CARTESIAN_POINT ( 'NONE',  ( -0.4363117135350000342, -1.294304394811999881, 0.2010000000000000120 ) ) ;
#7909 = ADVANCED_FACE ( 'NONE', ( #4167 ), #8246, .T. ) ;
#7910 = CARTESIAN_POINT ( 'NONE',  ( -0.4581825398820000284, -1.344807849566999947, 0.2010000000000000120 ) ) ;
#7911 = CARTESIAN_POINT ( 'NONE',  ( -0.2826235755870000199, -0.9167904900640000410, 0.2010000000000000120 ) ) ;
#7912 = PLANE ( 'NONE',  #4624 ) ;
#7913 = ADVANCED_FACE ( 'NONE', ( #1536 ), #1096, .F. ) ;
#7914 = CYLINDRICAL_SURFACE ( 'NONE', #3232, 2.099999999999999645 ) ;
#7915 = ORIENTED_EDGE ( 'NONE', *, *, #851, .F. ) ;
#7916 = AXIS2_PLACEMENT_3D ( 'NONE', #9755, #274, #3391 ) ;
#7917 = CYLINDRICAL_SURFACE ( 'NONE', #7831, 0.1499999999989998778 ) ;
#7918 = EDGE_LOOP ( 'NONE', ( #9407, #1660, #2941, #7661 ) ) ;
#7919 = ORIENTED_EDGE ( 'NONE', *, *, #9238, .T. ) ;
#7920 = ORIENTED_EDGE ( 'NONE', *, *, #10433, .T. ) ;
#7921 = EDGE_CURVE ( 'NONE', #7094, #479, #5820, .T. ) ;
#7922 = DIRECTION ( 'NONE',  ( 0.000000000000000000, 1.000000000000000000, 3.491481338843000432E-15 ) ) ;
#7923 = VECTOR ( 'NONE', #7158, 1000.000000000000000 ) ;
#7924 = VERTEX_POINT ( 'NONE', #3972 ) ;
#7925 = FACE_OUTER_BOUND ( 'NONE', #3002, .T. ) ;
#7926 = LINE ( 'NONE', #10362, #9813 ) ;
#7927 = ADVANCED_FACE ( 'NONE', ( #7216 ), #6722, .T. ) ;
#7928 = CARTESIAN_POINT ( 'NONE',  ( -0.09359918534300000481, -1.136302685186000083, 0.2010000000000000120 ) ) ;
#7929 = VERTEX_POINT ( 'NONE', #7454 ) ;
#7930 = CARTESIAN_POINT ( 'NONE',  ( 0.4814600443520000161, -1.351467788399999925, 0.2010000000000000120 ) ) ;
#7931 = ORIENTED_EDGE ( 'NONE', *, *, #6507, .T. ) ;
#7932 = DIRECTION ( 'NONE',  ( 0.000000000000000000, 3.491481338843000432E-15, -1.000000000000000000 ) ) ;
#7933 = ORIENTED_EDGE ( 'NONE', *, *, #4029, .F. ) ;
#7934 = VERTEX_POINT ( 'NONE', #200 ) ;
#7935 = PLANE ( 'NONE',  #1731 ) ;
#7936 = CARTESIAN_POINT ( 'NONE',  ( -6.150000000000000355, -4.649999999998999378, 1.199999999999000089 ) ) ;
#7937 = DIRECTION ( 'NONE',  ( 0.000000000000000000, -3.491481338843000432E-15, 1.000000000000000000 ) ) ;
#7938 = DIRECTION ( 'NONE',  ( 1.000000000000000000, 0.000000000000000000, 0.000000000000000000 ) ) ;
#7939 = CARTESIAN_POINT ( 'NONE',  ( -7.500000000000000000, 1.149999999998999822, 6.200000000000000178 ) ) ;
#7940 = ORIENTED_EDGE ( 'NONE', *, *, #3582, .T. ) ;
#7941 = DIRECTION ( 'NONE',  ( 0.000000000000000000, -1.000000000000000000, -3.491481338843000432E-15 ) ) ;
#7942 = FACE_OUTER_BOUND ( 'NONE', #5832, .T. ) ;
#7943 = EDGE_CURVE ( 'NONE', #9467, #8239, #4319, .T. ) ;
#7944 = VERTEX_POINT ( 'NONE', #6670 ) ;
#7945 = LINE ( 'NONE', #6467, #4280 ) ;
#7946 = CARTESIAN_POINT ( 'NONE',  ( 4.069999999999000195, -4.837228132325999574, 0.000000000000000000 ) ) ;
#7947 = CARTESIAN_POINT ( 'NONE',  ( 2.899999999998999822, 0.8499999999989999999, 5.500000000000000888 ) ) ;
#7948 = ADVANCED_FACE ( 'NONE', ( #7560 ), #9050, .F. ) ;
#7949 = LINE ( 'NONE', #7792, #8024 ) ;
#7950 = CARTESIAN_POINT ( 'NONE',  ( -0.8743614184969999981, -0.9264484971840000194, 0.2010000000000000120 ) ) ;
#7951 = EDGE_CURVE ( 'NONE', #5436, #52, #2519, .T. ) ;
#7952 = VERTEX_POINT ( 'NONE', #5762 ) ;
#7953 = CARTESIAN_POINT ( 'NONE',  ( 0.3655281012409999364, -0.8558148803080001255, 0.2000000000000000111 ) ) ;
#7954 = ORIENTED_EDGE ( 'NONE', *, *, #10282, .F. ) ;
#7955 = DIRECTION ( 'NONE',  ( 1.239088197125999924E-16, -1.000000000000000000, -3.491481338843000432E-15 ) ) ;
#7956 = AXIS2_PLACEMENT_3D ( 'NONE', #1670, #2459, #5702 ) ;
#7957 = AXIS2_PLACEMENT_3D ( 'NONE', #2254, #5494, #8726 ) ;
#7958 = DIRECTION ( 'NONE',  ( 0.000000000000000000, -1.000000000000000000, -3.516331370228009434E-15 ) ) ;
#7959 = VECTOR ( 'NONE', #1467, 1000.000000000000000 ) ;
#7960 = PLANE ( 'NONE',  #10239 ) ;
#7961 = CARTESIAN_POINT ( 'NONE',  ( -0.5244511008830000653, -1.308508686799999987, 0.2000000000000000111 ) ) ;
#7962 = DIRECTION ( 'NONE',  ( 1.000000000000000000, 0.000000000000000000, 0.000000000000000000 ) ) ;
#7963 = VECTOR ( 'NONE', #2106, 1000.000000000000000 ) ;
#7964 = CARTESIAN_POINT ( 'NONE',  ( -2.899999999998999822, 0.8499999999989999999, 5.500000000000000888 ) ) ;
#7965 = DIRECTION ( 'NONE',  ( 0.000000000000000000, -1.000000000000000000, -4.336808689942015369E-15 ) ) ;
#7966 = ORIENTED_EDGE ( 'NONE', *, *, #1173, .F. ) ;
#7967 = DIRECTION ( 'NONE',  ( 0.000000000000000000, -1.000000000000000000, -3.614007241618003644E-15 ) ) ;
#7968 = ORIENTED_EDGE ( 'NONE', *, *, #5920, .F. ) ;
#7969 = VECTOR ( 'NONE', #6064, 1000.000000000000000 ) ;
#7970 = VERTEX_POINT ( 'NONE', #1883 ) ;
#7971 = ADVANCED_FACE ( 'NONE', ( #303 ), #747, .F. ) ;
#7972 = LINE ( 'NONE', #8772, #3009 ) ;
#7973 = ORIENTED_EDGE ( 'NONE', *, *, #10344, .F. ) ;
#7974 = LINE ( 'NONE', #7875, #1730 ) ;
#7975 = LINE ( 'NONE', #8617, #504 ) ;
#7976 = CARTESIAN_POINT ( 'NONE',  ( 3.429999999998999627, 1.765641600482000140, 3.103489949670000136 ) ) ;
#7977 = EDGE_LOOP ( 'NONE', ( #128, #1285, #5397, #7418 ) ) ;
#7978 = VECTOR ( 'NONE', #6369, 1000.000000000000000 ) ;
#7979 = VECTOR ( 'NONE', #1909, 1000.000000000000000 ) ;
#7980 = EDGE_CURVE ( 'NONE', #4691, #7718, #9937, .T. ) ;
#7981 = CARTESIAN_POINT ( 'NONE',  ( 0.5564222075530000922, -1.300631266145999998, 0.2000000000000000111 ) ) ;
#7982 = ORIENTED_EDGE ( 'NONE', *, *, #3935, .F. ) ;
#7983 = DIRECTION ( 'NONE',  ( 0.000000000000000000, 3.611948246897000020E-15, -1.000000000000000000 ) ) ;
#7984 = VERTEX_POINT ( 'NONE', #5068 ) ;
#7985 = VECTOR ( 'NONE', #428, 1000.000000000000000 ) ;
#7986 = VECTOR ( 'NONE', #627, 1000.000000000000000 ) ;
#7987 = ORIENTED_EDGE ( 'NONE', *, *, #4515, .F. ) ;
#7988 = CARTESIAN_POINT ( 'NONE',  ( 0.9185959366070000076, -1.361912441282999930, 0.2010000000000000120 ) ) ;
#7989 = CARTESIAN_POINT ( 'NONE',  ( -4.299999999998999733, 1.149999999999999911, 0.9000000000000000222 ) ) ;
#7990 = CYLINDRICAL_SURFACE ( 'NONE', #2594, 0.2000000000000000944 ) ;
#7991 = CARTESIAN_POINT ( 'NONE',  ( -1.799999999998999956, 0.9499999999999999556, 0.9000000000000000222 ) ) ;
#7992 = FACE_OUTER_BOUND ( 'NONE', #2895, .T. ) ;
#7993 = EDGE_CURVE ( 'NONE', #8665, #961, #8003, .T. ) ;
#7994 = ORIENTED_EDGE ( 'NONE', *, *, #9739, .T. ) ;
#7995 = VECTOR ( 'NONE', #83, 1000.000000000000000 ) ;
#7996 = AXIS2_PLACEMENT_3D ( 'NONE', #6162, #6323, #7067 ) ;
#7997 = CARTESIAN_POINT ( 'NONE',  ( -0.6079984304880000634, -1.186194344937000045, 0.2010000000000000120 ) ) ;
#7998 = DIRECTION ( 'NONE',  ( 0.000000000000000000, 1.000000000000000000, 3.491481338843000432E-15 ) ) ;
#7999 = VERTEX_POINT ( 'NONE', #1834 ) ;
#8000 = DIRECTION ( 'NONE',  ( -3.903021087848000315E-30, 1.000000000000000000, 0.000000000000000000 ) ) ;
#8001 = ORIENTED_EDGE ( 'NONE', *, *, #6140, .T. ) ;
#8002 = CARTESIAN_POINT ( 'NONE',  ( 0.3761988329479999393, -1.313131953477999936, 0.2010000000000000120 ) ) ;
#8003 = LINE ( 'NONE', #1735, #2750 ) ;
#8004 = VECTOR ( 'NONE', #8097, 1000.000000000000000 ) ;
#8005 = PLANE ( 'NONE',  #1427 ) ;
#8006 = CARTESIAN_POINT ( 'NONE',  ( -7.500000000000000000, -2.750000000000000000, 4.299999999998999733 ) ) ;
#8007 = CARTESIAN_POINT ( 'NONE',  ( 6.400000000000000355, -5.149999999999000266, -2.061552812807999846 ) ) ;
#8008 = EDGE_CURVE ( 'NONE', #1138, #6896, #65, .T. ) ;
#8009 = VERTEX_POINT ( 'NONE', #409 ) ;
#8010 = DIRECTION ( 'NONE',  ( 1.000000000000000000, 0.000000000000000000, 0.000000000000000000 ) ) ;
#8011 = VERTEX_POINT ( 'NONE', #7713 ) ;
#8012 = LINE ( 'NONE', #7321, #9022 ) ;
#8013 = DIRECTION ( 'NONE',  ( 0.000000000000000000, 1.000000000000000000, 3.599901556091000645E-15 ) ) ;
#8014 = CARTESIAN_POINT ( 'NONE',  ( -6.400000000000000355, -4.837228132325999574, 0.2000000000000000111 ) ) ;
#8015 = VECTOR ( 'NONE', #3121, 1000.000000000000000 ) ;
#8016 = EDGE_CURVE ( 'NONE', #6085, #4316, #6927, .T. ) ;
#8017 = EDGE_CURVE ( 'NONE', #9455, #5080, #7606, .T. ) ;
#8018 = LINE ( 'NONE', #2882, #4604 ) ;
#8019 = CARTESIAN_POINT ( 'NONE',  ( -0.6177874956450000177, -1.115068123779999976, 0.2010000000000000120 ) ) ;
#8020 = CARTESIAN_POINT ( 'NONE',  ( 0.2478642292900000155, -0.9427051242099999673, 0.2010000000000000120 ) ) ;
#8021 = FACE_OUTER_BOUND ( 'NONE', #1261, .T. ) ;
#8022 = CARTESIAN_POINT ( 'NONE',  ( 2.449999999999999734, -3.319848480983000005, 5.499999999999000799 ) ) ;
#8023 = EDGE_LOOP ( 'NONE', ( #6182, #6709, #9573, #6719, #3991, #8036 ) ) ;
#8024 = VECTOR ( 'NONE', #10392, 1000.000000000000000 ) ;
#8025 = DIRECTION ( 'NONE',  ( 0.000000000000000000, 1.000000000000000000, 3.252606517472783164E-15 ) ) ;
#8026 = ORIENTED_EDGE ( 'NONE', *, *, #1704, .T. ) ;
#8027 = EDGE_LOOP ( 'NONE', ( #6042, #3607, #1345, #8608, #1266, #4591 ) ) ;
#8028 = LINE ( 'NONE', #2251, #8421 ) ;
#8029 = VECTOR ( 'NONE', #8800, 1000.000000000000000 ) ;
#8030 = ORIENTED_EDGE ( 'NONE', *, *, #8554, .T. ) ;
#8031 = DIRECTION ( 'NONE',  ( -1.000000000000000000, 2.163126658722999961E-30, -6.195440985630999750E-16 ) ) ;
#8032 = FACE_OUTER_BOUND ( 'NONE', #2180, .T. ) ;
#8033 = CARTESIAN_POINT ( 'NONE',  ( 4.069999999999000195, 1.665702517779999781, 3.100000000000000533 ) ) ;
#8034 = ORIENTED_EDGE ( 'NONE', *, *, #6704, .F. ) ;
#8035 = CARTESIAN_POINT ( 'NONE',  ( 0.5217692242220001164, -1.330362284353000080, 0.2010000000000000120 ) ) ;
#8036 = ORIENTED_EDGE ( 'NONE', *, *, #7389, .F. ) ;
#8037 = DIRECTION ( 'NONE',  ( 0.000000000000000000, -1.000000000000000000, -4.336808689942015369E-15 ) ) ;
#8038 = EDGE_CURVE ( 'NONE', #9847, #4961, #507, .T. ) ;
#8039 = CIRCLE ( 'NONE', #2621, 0.1999999999989995891 ) ;
#8040 = ORIENTED_EDGE ( 'NONE', *, *, #1726, .F. ) ;
#8041 = ORIENTED_EDGE ( 'NONE', *, *, #3602, .F. ) ;
#8042 = CARTESIAN_POINT ( 'NONE',  ( 0.9300000000000000488, 0.8499999999999999778, 3.200000000000000178 ) ) ;
#8043 = EDGE_CURVE ( 'NONE', #3688, #7375, #8841, .T. ) ;
#8044 = CARTESIAN_POINT ( 'NONE',  ( 0.5007193033240000535, -0.9663798905349999524, 0.2010000000000000120 ) ) ;
#8045 = LINE ( 'NONE', #99, #399 ) ;
#8046 = ORIENTED_EDGE ( 'NONE', *, *, #30, .F. ) ;
#8047 = ORIENTED_EDGE ( 'NONE', *, *, #208, .T. ) ;
#8048 = DIRECTION ( 'NONE',  ( 0.000000000000000000, 1.000000000000000000, 3.491481338843000432E-15 ) ) ;
#8049 = ORIENTED_EDGE ( 'NONE', *, *, #10418, .F. ) ;
#8050 = EDGE_LOOP ( 'NONE', ( #9161, #459, #5428, #7670 ) ) ;
#8051 = EDGE_CURVE ( 'NONE', #7214, #7517, #353, .T. ) ;
#8052 = CARTESIAN_POINT ( 'NONE',  ( 0.3761988329479999393, -1.313131953477999936, 0.2000000000000000111 ) ) ;
#8053 = LINE ( 'NONE', #8102, #6516 ) ;
#8054 = FACE_OUTER_BOUND ( 'NONE', #6780, .T. ) ;
#8055 = CARTESIAN_POINT ( 'NONE',  ( 0.9300000000000000488, 2.550000000000000266, 0.6400000000000000133 ) ) ;
#8056 = AXIS2_PLACEMENT_3D ( 'NONE', #1388, #6957, #3030 ) ;
#8057 = ORIENTED_EDGE ( 'NONE', *, *, #1068, .T. ) ;
#8058 = DIRECTION ( 'NONE',  ( 0.000000000000000000, -3.491481338843000432E-15, 1.000000000000000000 ) ) ;
#8059 = ORIENTED_EDGE ( 'NONE', *, *, #9886, .F. ) ;
#8060 = CARTESIAN_POINT ( 'NONE',  ( 4.549999999999999822, -4.109415119350000367, 5.499999999999000799 ) ) ;
#8061 = FACE_OUTER_BOUND ( 'NONE', #931, .T. ) ;
#8062 = DIRECTION ( 'NONE',  ( 0.000000000000000000, -1.000000000000000000, -3.491481338843000432E-15 ) ) ;
#8063 = CARTESIAN_POINT ( 'NONE',  ( -1.799999999998999956, 0.9499999999999999556, 2.700000000000000178 ) ) ;
#8064 = CARTESIAN_POINT ( 'NONE',  ( 6.400000000000000355, -5.064285714284999962, 1.623097770997000033 ) ) ;
#8065 = CARTESIAN_POINT ( 'NONE',  ( -0.6545747950999999398, -1.361912441282999930, 0.2010000000000000120 ) ) ;
#8066 = LINE ( 'NONE', #2390, #2084 ) ;
#8067 = CARTESIAN_POINT ( 'NONE',  ( 4.069999999999000195, -3.834297482219000575, 3.199999999999000089 ) ) ;
#8068 = ORIENTED_EDGE ( 'NONE', *, *, #2076, .F. ) ;
#8069 = LINE ( 'NONE', #8870, #4434 ) ;
#8070 = EDGE_LOOP ( 'NONE', ( #9720, #7032, #5551, #5591, #3031, #4491, #7320, #2283, #9283 ) ) ;
#8071 = EDGE_LOOP ( 'NONE', ( #4922, #7671, #9142, #1142 ) ) ;
#8072 = LINE ( 'NONE', #8281, #4698 ) ;
#8073 = EDGE_LOOP ( 'NONE', ( #6856, #863, #4540, #8088 ) ) ;
#8074 = DIRECTION ( 'NONE',  ( 0.000000000000000000, 3.491481338843000432E-15, -1.000000000000000000 ) ) ;
#8075 = DIRECTION ( 'NONE',  ( 0.000000000000000000, -1.000000000000000000, -3.491481338843000432E-15 ) ) ;
#8076 = VECTOR ( 'NONE', #985, 1000.000000000000000 ) ;
#8077 = CARTESIAN_POINT ( 'NONE',  ( 0.5651302236070000484, -0.9473886076900001063, 0.2010000000000000120 ) ) ;
#8078 = VERTEX_POINT ( 'NONE', #4583 ) ;
#8079 = ADVANCED_FACE ( 'NONE', ( #2729 ), #9200, .F. ) ;
#8080 = VECTOR ( 'NONE', #2557, 1000.000000000000000 ) ;
#8081 = EDGE_CURVE ( 'NONE', #1190, #3400, #3628, .T. ) ;
#8082 = DIRECTION ( 'NONE',  ( 0.000000000000000000, -1.000000000000000000, -3.491481338843000432E-15 ) ) ;
#8083 = ORIENTED_EDGE ( 'NONE', *, *, #7411, .F. ) ;
#8084 = VECTOR ( 'NONE', #1910, 1000.000000000000000 ) ;
#8085 = LINE ( 'NONE', #5704, #8076 ) ;
#8086 = DIRECTION ( 'NONE',  ( -1.000000000000000000, 0.000000000000000000, 0.000000000000000000 ) ) ;
#8087 = CARTESIAN_POINT ( 'NONE',  ( 0.000000000000000000, 2.550000000000000266, 3.200000000000000178 ) ) ;
#8088 = ORIENTED_EDGE ( 'NONE', *, *, #10344, .T. ) ;
#8089 = CARTESIAN_POINT ( 'NONE',  ( -3.429999999998999627, 1.665702517779999781, 3.100000000000000533 ) ) ;
#8090 = CARTESIAN_POINT ( 'NONE',  ( 0.5522319254299999924, -1.094485393896000192, 0.2010000000000000120 ) ) ;
#8091 = DIRECTION ( 'NONE',  ( 0.000000000000000000, -1.000000000000000000, -3.523657060577887833E-15 ) ) ;
#8092 = ORIENTED_EDGE ( 'NONE', *, *, #4868, .F. ) ;
#8093 = VERTEX_POINT ( 'NONE', #563 ) ;
#8094 = FACE_OUTER_BOUND ( 'NONE', #7268, .T. ) ;
#8095 = EDGE_CURVE ( 'NONE', #9397, #4270, #6875, .T. ) ;
#8096 = ORIENTED_EDGE ( 'NONE', *, *, #1068, .F. ) ;
#8097 = DIRECTION ( 'NONE',  ( 1.000000000000000000, 0.000000000000000000, 0.000000000000000000 ) ) ;
#8098 = EDGE_CURVE ( 'NONE', #10052, #2776, #9253, .T. ) ;
#8099 = ORIENTED_EDGE ( 'NONE', *, *, #1250, .F. ) ;
#8100 = PLANE ( 'NONE',  #712 ) ;
#8101 = ADVANCED_FACE ( 'NONE', ( #2885 ), #6184, .T. ) ;
#8102 = CARTESIAN_POINT ( 'NONE',  ( -1.750000000000000000, 1.550000000000000044, 0.2000000000010000167 ) ) ;
#8103 = DIRECTION ( 'NONE',  ( 0.000000000000000000, 1.000000000000000000, 0.000000000000000000 ) ) ;
#8104 = DIRECTION ( 'NONE',  ( 1.000000000000000000, 0.000000000000000000, 0.000000000000000000 ) ) ;
#8105 = ORIENTED_EDGE ( 'NONE', *, *, #1953, .T. ) ;
#8106 = CARTESIAN_POINT ( 'NONE',  ( -0.9299999999989999599, 1.850426421085999973, 0.6755703523079999995 ) ) ;
#8107 = ORIENTED_EDGE ( 'NONE', *, *, #8436, .T. ) ;
#8108 = DIRECTION ( 'NONE',  ( 1.000000000000000000, 0.000000000000000000, 0.000000000000000000 ) ) ;
#8109 = EDGE_CURVE ( 'NONE', #9311, #8257, #10205, .T. ) ;
#8110 = FACE_BOUND ( 'NONE', #7741, .T. ) ;
#8111 = EDGE_CURVE ( 'NONE', #8883, #7944, #5337, .T. ) ;
#8112 = CARTESIAN_POINT ( 'NONE',  ( -0.6137737785300000359, -1.160595828466000068, 0.2000000000000000111 ) ) ;
#8113 = CARTESIAN_POINT ( 'NONE',  ( 5.450000000000000178, 2.550000000000000266, 0.9000000000000000222 ) ) ;
#8114 = CARTESIAN_POINT ( 'NONE',  ( -0.5998652085010000024, -1.005510520385999973, 0.2000000000000000111 ) ) ;
#8115 = EDGE_CURVE ( 'NONE', #4919, #8078, #4471, .T. ) ;
#8116 = CARTESIAN_POINT ( 'NONE',  ( 0.3185728446969999794, -0.9149592832640000006, 0.2010000000000000120 ) ) ;
#8117 = CARTESIAN_POINT ( 'NONE',  ( 1.570000000000000062, 5.250000000000000000, 0.1819851171340000351 ) ) ;
#8118 = FACE_BOUND ( 'NONE', #2402, .T. ) ;
#8119 = EDGE_LOOP ( 'NONE', ( #9791, #4312, #8521, #1616, #9015 ) ) ;
#8120 = DIRECTION ( 'NONE',  ( 0.000000000000000000, 0.000000000000000000, 1.000000000000000000 ) ) ;
#8121 = EDGE_CURVE ( 'NONE', #9432, #3580, #10413, .T. ) ;
#8122 = B_SPLINE_CURVE_WITH_KNOTS ( 'NONE', 3,
 ( #10432, #8696, #744, #9588, #1434, #5516, #4662, #2325, #8747, #1484, #8363 ),
 .UNSPECIFIED., .F., .F.,
 ( 4, 1, 1, 1, 1, 1, 1, 1, 4 ),
 ( 0.000000000000000000, 0.1451868664719999924, 0.2834426109189999710, 0.4165243659280000177, 0.5431811235350000322, 0.6651530826370000149, 0.7813602063119999830, 0.8927566556410000409, 0.9999999999990000221 ),
 .UNSPECIFIED. ) ;
#8123 = ORIENTED_EDGE ( 'NONE', *, *, #120, .F. ) ;
#8124 = ORIENTED_EDGE ( 'NONE', *, *, #7993, .T. ) ;
#8125 = VECTOR ( 'NONE', #8238, 1000.000000000000000 ) ;
#8126 = CARTESIAN_POINT ( 'NONE',  ( 0.2478642292900000155, -0.8756319534779999358, 0.2010000000000000120 ) ) ;
#8127 = VECTOR ( 'NONE', #6486, 1000.000000000000000 ) ;
#8128 = CARTESIAN_POINT ( 'NONE',  ( 4.069999999999000195, 4.750000000000000000, 0.6400000000000000133 ) ) ;
#8129 = CARTESIAN_POINT ( 'NONE',  ( 0.1503032536799999985, -1.361912441282999930, 0.2000000000000000111 ) ) ;
#8130 = CARTESIAN_POINT ( 'NONE',  ( 0.7500000000000000000, 1.850000000000000089, 0.9000000000000000222 ) ) ;
#8131 = ORIENTED_EDGE ( 'NONE', *, *, #5715, .F. ) ;
#8132 = PLANE ( 'NONE',  #7956 ) ;
#8134 = EDGE_CURVE ( 'NONE', #753, #7600, #3203, .T. ) ;
#8133 = EDGE_LOOP ( 'NONE', ( #6937, #10360, #6872, #7709 ) ) ;
#8135 = VECTOR ( 'NONE', #6659, 1000.000000000000000 ) ;
#8136 = CARTESIAN_POINT ( 'NONE',  ( 1.570000000000000062, -3.834297482219000575, 3.199999999999000089 ) ) ;
#8137 = CARTESIAN_POINT ( 'NONE',  ( -6.150000000000000355, 2.549999999998999733, 3.700000000000000178 ) ) ;
#8138 = DIRECTION ( 'NONE',  ( 0.000000000000000000, 1.000000000000000000, 0.000000000000000000 ) ) ;
#8139 = ADVANCED_FACE ( 'NONE', ( #7925 ), #2352, .F. ) ;
#8140 = VERTEX_POINT ( 'NONE', #4740 ) ;
#8141 = EDGE_CURVE ( 'NONE', #5288, #5181, #3948, .T. ) ;
#8142 = DIRECTION ( 'NONE',  ( 0.000000000000000000, 1.000000000000000000, 3.491481338843000432E-15 ) ) ;
#8143 = VECTOR ( 'NONE', #5676, 1000.000000000000114 ) ;
#8144 = CARTESIAN_POINT ( 'NONE',  ( 0.5457571020740000778, -1.051767864853999868, 0.2010000000000000120 ) ) ;
#8145 = CARTESIAN_POINT ( 'NONE',  ( 6.400000000000000355, -3.349999999999000000, 0.2000000000000000111 ) ) ;
#8146 = CARTESIAN_POINT ( 'NONE',  ( 0.000000000000000000, 0.000000000000000000, 0.000000000000000000 ) ) ;
#8147 = EDGE_LOOP ( 'NONE', ( #1430, #7448, #4884, #4369 ) ) ;
#8148 = VERTEX_POINT ( 'NONE', #6442 ) ;
#8149 = VECTOR ( 'NONE', #982, 1000.000000000000000 ) ;
#8150 = AXIS2_PLACEMENT_3D ( 'NONE', #4713, #6201, #7941 ) ;
#8151 = DIRECTION ( 'NONE',  ( 0.000000000000000000, -1.000000000000000000, -3.491481338843000432E-15 ) ) ;
#8152 = EDGE_LOOP ( 'NONE', ( #1135, #2423, #2196, #9490 ) ) ;
#8153 = DIRECTION ( 'NONE',  ( 1.258334971573342025E-15, 0.000000000000000000, 1.000000000000000000 ) ) ;
#8154 = ORIENTED_EDGE ( 'NONE', *, *, #7351, .T. ) ;
#8155 = CARTESIAN_POINT ( 'NONE',  ( -0.5509162585139999457, -1.107053447380999867, 0.2000000000000000111 ) ) ;
#8156 = DIRECTION ( 'NONE',  ( -1.000000000000000000, 0.000000000000000000, 0.000000000000000000 ) ) ;
#8157 = AXIS2_PLACEMENT_3D ( 'NONE', #4215, #2575, #4970 ) ;
#8158 = AXIS2_PLACEMENT_3D ( 'NONE', #7298, #7455, #5710 ) ;
#8159 = LINE ( 'NONE', #1642, #8869 ) ;
#8160 = CARTESIAN_POINT ( 'NONE',  ( 6.150000000000000355, -5.249999999998999911, 0.2000000000000000111 ) ) ;
#8161 = VERTEX_POINT ( 'NONE', #3842 ) ;
#8162 = DIRECTION ( 'NONE',  ( 0.000000000000000000, -1.000000000000000000, -3.491481338843000432E-15 ) ) ;
#8163 = ORIENTED_EDGE ( 'NONE', *, *, #8537, .T. ) ;
#8164 = FACE_OUTER_BOUND ( 'NONE', #8152, .T. ) ;
#8165 = ADVANCED_FACE ( 'NONE', ( #9666 ), #3156, .T. ) ;
#8166 = LINE ( 'NONE', #4238, #2835 ) ;
#8167 = CARTESIAN_POINT ( 'NONE',  ( -0.5244511008830000653, -1.308508686799999987, 0.2000000000000000111 ) ) ;
#8168 = VECTOR ( 'NONE', #2784, 1000.000000000000000 ) ;
#8169 = VECTOR ( 'NONE', #541, 1000.000000000000000 ) ;
#8170 = ADVANCED_FACE ( 'NONE', ( #1565 ), #3893, .T. ) ;
#8171 = DIRECTION ( 'NONE',  ( 0.000000000000000000, -3.491481338843000432E-15, 1.000000000000000000 ) ) ;
#8172 = EDGE_CURVE ( 'NONE', #6080, #3163, #5493, .T. ) ;
#8173 = CARTESIAN_POINT ( 'NONE',  ( -0.5893850963550000266, -0.9838597514600000427, 0.2000000000000000111 ) ) ;
#8174 = DIRECTION ( 'NONE',  ( -1.000000000000000000, 0.000000000000000000, 0.000000000000000000 ) ) ;
#8175 = CARTESIAN_POINT ( 'NONE',  ( -6.899999999999999467, -4.949999999998999201, 0.000000000000000000 ) ) ;
#8176 = DIRECTION ( 'NONE',  ( 1.000000000000000000, 0.000000000000000000, 0.000000000000000000 ) ) ;
#8177 = EDGE_LOOP ( 'NONE', ( #2148, #9903, #3811, #4290 ) ) ;
#8178 = LINE ( 'NONE', #3351, #8680 ) ;
#8179 = AXIS2_PLACEMENT_3D ( 'NONE', #4545, #8686, #6196 ) ;
#8180 = EDGE_LOOP ( 'NONE', ( #6071, #8529, #4619, #10138 ) ) ;
#8181 = ORIENTED_EDGE ( 'NONE', *, *, #7690, .F. ) ;
#8182 = CARTESIAN_POINT ( 'NONE',  ( 1.800000000000000044, 1.149999999999999911, 2.700000000000000178 ) ) ;
#8183 = EDGE_CURVE ( 'NONE', #4133, #5775, #2197, .T. ) ;
#8184 = PLANE ( 'NONE',  #5630 ) ;
#8185 = DIRECTION ( 'NONE',  ( 0.000000000000000000, 1.000000000000000000, 3.599901556091000645E-15 ) ) ;
#8186 = AXIS2_PLACEMENT_3D ( 'NONE', #6260, #5521, #2331 ) ;
#8187 = CARTESIAN_POINT ( 'NONE',  ( -6.899999999999999467, -5.149999999999000266, 1.212771867672999937 ) ) ;
#8188 = ORIENTED_EDGE ( 'NONE', *, *, #5294, .T. ) ;
#8189 = CARTESIAN_POINT ( 'NONE',  ( 4.069999999999000195, 0.8499999999989999999, 3.840000000000000302 ) ) ;
#8190 = CARTESIAN_POINT ( 'NONE',  ( -0.6080027027250000105, -1.028560951597000228, 0.2010000000000000120 ) ) ;
#8191 = VERTEX_POINT ( 'NONE', #8725 ) ;
#8192 = VECTOR ( 'NONE', #1860, 1000.000000000000000 ) ;
#8193 = CARTESIAN_POINT ( 'NONE',  ( 0.3275102095630000321, -1.363779172285999985, 0.2000000000000000111 ) ) ;
#8194 = LINE ( 'NONE', #7594, #590 ) ;
#8195 = CARTESIAN_POINT ( 'NONE',  ( -0.5111752988219999683, -1.240802629897999942, 0.2010000000000000120 ) ) ;
#8196 = ORIENTED_EDGE ( 'NONE', *, *, #8346, .F. ) ;
#8197 = LINE ( 'NONE', #1784, #6813 ) ;
#8198 = CARTESIAN_POINT ( 'NONE',  ( 1.570000000000000062, 2.550000000000000266, 0.6400000000000000133 ) ) ;
#8199 = CARTESIAN_POINT ( 'NONE',  ( 0.5498566840890000140, -1.072517172186999934, 0.2000000000000000111 ) ) ;
#8200 = DIRECTION ( 'NONE',  ( 0.000000000000000000, -1.000000000000000000, -3.523657060595514930E-15 ) ) ;
#8201 = DIRECTION ( 'NONE',  ( -0.9396926207860170077, -0.3420201433253705070, -1.194156947931292167E-15 ) ) ;
#8202 = EDGE_LOOP ( 'NONE', ( #9936, #4415, #4982, #5025 ) ) ;
#8203 = EDGE_CURVE ( 'NONE', #871, #3634, #8823, .T. ) ;
#8204 = VERTEX_POINT ( 'NONE', #10307 ) ;
#8205 = VECTOR ( 'NONE', #781, 1000.000000000000000 ) ;
#8206 = PLANE ( 'NONE',  #312 ) ;
#8207 = ORIENTED_EDGE ( 'NONE', *, *, #8183, .F. ) ;
#8208 = CARTESIAN_POINT ( 'NONE',  ( -7.499999999998999911, -0.4499999999989999777, 2.699999999999000089 ) ) ;
#8209 = ORIENTED_EDGE ( 'NONE', *, *, #9796, .F. ) ;
#8210 = CARTESIAN_POINT ( 'NONE',  ( -5.450000000000000178, 1.549999999998999956, 4.400000000000000355 ) ) ;
#8211 = VECTOR ( 'NONE', #2820, 1000.000000000000000 ) ;
#8212 = DIRECTION ( 'NONE',  ( 0.000000000000000000, 3.491481338843000432E-15, -1.000000000000000000 ) ) ;
#8213 = CARTESIAN_POINT ( 'NONE',  ( -0.8842813499780000086, -0.9579490266489999462, 0.2010000000000000120 ) ) ;
#8214 = DIRECTION ( 'NONE',  ( 0.000000000000000000, 3.491481338843000432E-15, -1.000000000000000000 ) ) ;
#8215 = ORIENTED_EDGE ( 'NONE', *, *, #10214, .T. ) ;
#8216 = ORIENTED_EDGE ( 'NONE', *, *, #8863, .T. ) ;
#8217 = DIRECTION ( 'NONE',  ( 0.000000000000000000, 1.000000000000000000, 2.891205793313955622E-15 ) ) ;
#8218 = EDGE_CURVE ( 'NONE', #2324, #5603, #5645, .T. ) ;
#8219 = CARTESIAN_POINT ( 'NONE',  ( 0.08323008294800000872, -1.136302685186000083, 0.2010000000000000120 ) ) ;
#8220 = DIRECTION ( 'NONE',  ( 0.000000000000000000, -3.491481338843000432E-15, 1.000000000000000000 ) ) ;
#8221 = DIRECTION ( 'NONE',  ( -1.000000000000000000, 0.000000000000000000, 0.000000000000000000 ) ) ;
#8222 = LINE ( 'NONE', #8064, #4440 ) ;
#8223 = DIRECTION ( 'NONE',  ( 0.000000000000000000, 3.491481338843000432E-15, -1.000000000000000000 ) ) ;
#8224 = DIRECTION ( 'NONE',  ( 0.000000000000000000, 3.491481338843000432E-15, -1.000000000000000000 ) ) ;
#8225 = PLANE ( 'NONE',  #9329 ) ;
#8226 = ORIENTED_EDGE ( 'NONE', *, *, #2737, .F. ) ;
#8227 = CARTESIAN_POINT ( 'NONE',  ( 1.388014882866000166, 5.250000000000000000, 0.6400000000000000133 ) ) ;
#8228 = VERTEX_POINT ( 'NONE', #9512 ) ;
#8229 = ORIENTED_EDGE ( 'NONE', *, *, #6384, .T. ) ;
#8230 = EDGE_CURVE ( 'NONE', #8753, #8573, #775, .T. ) ;
#8231 = CARTESIAN_POINT ( 'NONE',  ( 4.069999999999000195, -3.334297482219000575, 0.6999999999990000887 ) ) ;
#8232 = EDGE_CURVE ( 'NONE', #10300, #6141, #1400, .T. ) ;
#8233 = FACE_OUTER_BOUND ( 'NONE', #5368, .T. ) ;
#8234 = FACE_OUTER_BOUND ( 'NONE', #4282, .T. ) ;
#8235 = CARTESIAN_POINT ( 'NONE',  ( 3.611985117132999967, -3.834297482219000575, 3.381985117132999985 ) ) ;
#8236 = EDGE_LOOP ( 'NONE', ( #4385, #783, #4039, #530 ) ) ;
#8237 = DIRECTION ( 'NONE',  ( -1.000000000000000000, 0.000000000000000000, 0.000000000000000000 ) ) ;
#8238 = DIRECTION ( 'NONE',  ( 0.000000000000000000, -1.000000000000000000, -3.491481338843000432E-15 ) ) ;
#8239 = VERTEX_POINT ( 'NONE', #1462 ) ;
#8240 = ADVANCED_FACE ( 'NONE', ( #3107 ), #2998, .F. ) ;
#8241 = PLANE ( 'NONE',  #10458 ) ;
#8242 = EDGE_CURVE ( 'NONE', #6734, #3912, #8775, .T. ) ;
#8243 = DIRECTION ( 'NONE',  ( 0.000000000000000000, 3.491481338843000432E-15, -1.000000000000000000 ) ) ;
#8244 = ORIENTED_EDGE ( 'NONE', *, *, #3251, .T. ) ;
#8245 =( GEOMETRIC_REPRESENTATION_CONTEXT ( 3 ) GLOBAL_UNCERTAINTY_ASSIGNED_CONTEXT ( ( #4897 ) ) GLOBAL_UNIT_ASSIGNED_CONTEXT ( ( #3373, #946, #9738 ) ) REPRESENTATION_CONTEXT ( 'NONE', 'WORKASPACE' ) );
#8246 = CYLINDRICAL_SURFACE ( 'NONE', #4769, 0.1999999999989995891 ) ;
#8247 = PLANE ( 'NONE',  #8158 ) ;
#8248 = VECTOR ( 'NONE', #10305, 1000.000000000000000 ) ;
#8249 = FACE_OUTER_BOUND ( 'NONE', #7026, .T. ) ;
#8250 = CARTESIAN_POINT ( 'NONE',  ( -0.4102608137440000302, -0.8655681142369999748, 0.2000000000000000111 ) ) ;
#8251 = ORIENTED_EDGE ( 'NONE', *, *, #1625, .T. ) ;
#8252 = ORIENTED_EDGE ( 'NONE', *, *, #9739, .F. ) ;
#8253 = AXIS2_PLACEMENT_3D ( 'NONE', #5320, #6060, #10031 ) ;
#8254 = ORIENTED_EDGE ( 'NONE', *, *, #9337, .T. ) ;
#8255 = EDGE_CURVE ( 'NONE', #5800, #2190, #7974, .T. ) ;
#8256 = CARTESIAN_POINT ( 'NONE',  ( 1.570000000000000062, 1.665702517779999781, 3.100000000000000533 ) ) ;
#8257 = VERTEX_POINT ( 'NONE', #6389 ) ;
#8258 = DIRECTION ( 'NONE',  ( 0.000000000000000000, 1.000000000000000000, 3.491481338843000432E-15 ) ) ;
#8259 = EDGE_LOOP ( 'NONE', ( #5483, #9537, #6232, #4198 ) ) ;
#8260 = DIRECTION ( 'NONE',  ( -1.000000000000000000, 0.000000000000000000, 0.000000000000000000 ) ) ;
#8261 = DIRECTION ( 'NONE',  ( 0.000000000000000000, 1.000000000000000000, 3.407492542097299143E-15 ) ) ;
#8262 = DIRECTION ( 'NONE',  ( 0.000000000000000000, 3.491481338843000432E-15, -1.000000000000000000 ) ) ;
#8263 = CARTESIAN_POINT ( 'NONE',  ( 6.150000000000000355, -0.4499999999989999777, 0.2000000000000000111 ) ) ;
#8264 = ORIENTED_EDGE ( 'NONE', *, *, #601, .T. ) ;
#8265 = CARTESIAN_POINT ( 'NONE',  ( -0.8803667099800001061, -0.9435408238419998872, 0.2010000000000000120 ) ) ;
#8266 = ADVANCED_FACE ( 'NONE', ( #616 ), #9614, .F. ) ;
#8267 = DIRECTION ( 'NONE',  ( 1.000000000000000000, 0.000000000000000000, 0.000000000000000000 ) ) ;
#8268 = DIRECTION ( 'NONE',  ( 0.000000000000000000, 1.000000000000000000, 3.491481338843000432E-15 ) ) ;
#8269 = DIRECTION ( 'NONE',  ( -1.000000000000000000, 0.000000000000000000, 0.000000000000000000 ) ) ;
#8270 = EDGE_CURVE ( 'NONE', #10149, #6661, #5904, .T. ) ;
#8271 = ADVANCED_FACE ( 'NONE', ( #240, #4256 ), #6711, .T. ) ;
#8272 = CARTESIAN_POINT ( 'NONE',  ( -0.6137651098009999640, -1.052994330570000026, 0.2010000000000000120 ) ) ;
#8273 = CARTESIAN_POINT ( 'NONE',  ( 6.400000000000000355, -3.149999999998999822, 2.199999999999000089 ) ) ;
#8274 = LINE ( 'NONE', #1172, #2767 ) ;
#8275 = DIRECTION ( 'NONE',  ( 0.000000000000000000, -1.000000000000000000, -3.614007241618338910E-15 ) ) ;
#8276 = CARTESIAN_POINT ( 'NONE',  ( 0.6198154488019999020, -1.121344605917000026, 0.2010000000000000120 ) ) ;
#8277 = ORIENTED_EDGE ( 'NONE', *, *, #2802, .F. ) ;
#8278 = CARTESIAN_POINT ( 'NONE',  ( 6.899999999999999467, -4.426902229001999700, 0.08571428571500003257 ) ) ;
#8279 = UNCERTAINTY_MEASURE_WITH_UNIT (LENGTH_MEASURE( 1.000000000000000082E-05 ), #3075, 'distance_accuracy_value', 'NONE');
#8280 = EDGE_LOOP ( 'NONE', ( #8675, #5694, #5314, #6372 ) ) ;
#8281 = CARTESIAN_POINT ( 'NONE',  ( -6.400000000000000355, -5.149999999999000266, -2.061552812807999846 ) ) ;
#8282 = DIRECTION ( 'NONE',  ( 1.270795280836009862E-15, 0.000000000000000000, 1.000000000000000000 ) ) ;
#8283 = CARTESIAN_POINT ( 'NONE',  ( 4.069999999999000195, 2.550000000000000266, 1.000013873792005015E-12 ) ) ;
#8284 = VECTOR ( 'NONE', #6866, 1000.000000000000000 ) ;
#8285 = DIRECTION ( 'NONE',  ( -1.000000000000000000, 0.000000000000000000, 0.000000000000000000 ) ) ;
#8286 = ORIENTED_EDGE ( 'NONE', *, *, #10251, .F. ) ;
#8287 = PLANE ( 'NONE',  #8834 ) ;
#8288 = CARTESIAN_POINT ( 'NONE',  ( -0.3515069597339999796, -1.361912441282999930, 0.2010000000000000120 ) ) ;
#8289 = ORIENTED_EDGE ( 'NONE', *, *, #3814, .T. ) ;
#8290 = EDGE_CURVE ( 'NONE', #4716, #2700, #7324, .T. ) ;
#8291 = AXIS2_PLACEMENT_3D ( 'NONE', #5280, #1989, #2682 ) ;
#8292 = EDGE_CURVE ( 'NONE', #5448, #1089, #5057, .T. ) ;
#8293 = DIRECTION ( 'NONE',  ( 0.000000000000000000, -1.000000000000000000, -3.491481338843000432E-15 ) ) ;
#8294 = DIRECTION ( 'NONE',  ( 1.000000000000000000, 0.000000000000000000, 0.000000000000000000 ) ) ;
#8295 = ORIENTED_EDGE ( 'NONE', *, *, #7482, .F. ) ;
#8296 = ADVANCED_FACE ( 'NONE', ( #5748 ), #1717, .F. ) ;
#8297 = CARTESIAN_POINT ( 'NONE',  ( 0.3701611226650000086, -1.313052683205000015, 0.2000000000000000111 ) ) ;
#8298 = FACE_OUTER_BOUND ( 'NONE', #78, .T. ) ;
#8299 = CARTESIAN_POINT ( 'NONE',  ( 0.6999999999999999556, 1.149999999999999911, 2.700000000000000178 ) ) ;
#8300 = CARTESIAN_POINT ( 'NONE',  ( -0.4824478657879999743, -0.8873017107790001079, 0.2000000000000000111 ) ) ;
#8301 = EDGE_CURVE ( 'NONE', #9685, #4226, #2670, .T. ) ;
#8302 = VERTEX_POINT ( 'NONE', #8338 ) ;
#8303 = VECTOR ( 'NONE', #1011, 1000.000000000000000 ) ;
#8304 = ORIENTED_EDGE ( 'NONE', *, *, #2867, .T. ) ;
#8305 = VERTEX_POINT ( 'NONE', #6603 ) ;
#8306 = DIRECTION ( 'NONE',  ( 0.3236155771183229501, 0.8891264907158876740, -0.3236155771183229501 ) ) ;
#8307 = ORIENTED_EDGE ( 'NONE', *, *, #350, .F. ) ;
#8308 = DIRECTION ( 'NONE',  ( 0.000000000000000000, 1.000000000000000000, 3.614007241618338910E-15 ) ) ;
#8309 = VECTOR ( 'NONE', #7550, 1000.000000000000000 ) ;
#8310 = ORIENTED_EDGE ( 'NONE', *, *, #314, .F. ) ;
#8311 = CARTESIAN_POINT ( 'NONE',  ( 6.899999999999999467, -3.349999999999000000, 0.000000000000000000 ) ) ;
#8312 = DIRECTION ( 'NONE',  ( -1.000000000000000000, 0.000000000000000000, 0.000000000000000000 ) ) ;
#8313 = ADVANCED_FACE ( 'NONE', ( #9927 ), #8184, .T. ) ;
#8314 = DIRECTION ( 'NONE',  ( 1.000000000000000000, 0.000000000000000000, 0.000000000000000000 ) ) ;
#8315 = FACE_OUTER_BOUND ( 'NONE', #2134, .T. ) ;
#8316 = ORIENTED_EDGE ( 'NONE', *, *, #6624, .T. ) ;
#8317 = VECTOR ( 'NONE', #1702, 1000.000000000000000 ) ;
#8318 = LINE ( 'NONE', #1063, #1550 ) ;
#8319 = LINE ( 'NONE', #3493, #3350 ) ;
#8320 = LINE ( 'NONE', #1964, #6483 ) ;
#8321 = DIRECTION ( 'NONE',  ( -1.000000000000000000, 0.000000000000000000, 0.000000000000000000 ) ) ;
#8322 = VECTOR ( 'NONE', #2512, 1000.000000000000000 ) ;
#8323 = AXIS2_PLACEMENT_3D ( 'NONE', #4985, #1000, #4228 ) ;
#8324 = CARTESIAN_POINT ( 'NONE',  ( -7.500000000000000000, -5.250000000000000000, 6.199999999999000089 ) ) ;
#8325 = DIRECTION ( 'NONE',  ( 0.000000000000000000, -3.491481338843000432E-15, 1.000000000000000000 ) ) ;
#8326 = FACE_OUTER_BOUND ( 'NONE', #7185, .T. ) ;
#8327 = DIRECTION ( 'NONE',  ( 0.000000000000000000, 3.491481338843000432E-15, -1.000000000000000000 ) ) ;
#8328 = DIRECTION ( 'NONE',  ( 0.000000000000000000, 1.000000000000000000, 0.000000000000000000 ) ) ;
#8329 = VERTEX_POINT ( 'NONE', #5107 ) ;
#8330 = CARTESIAN_POINT ( 'NONE',  ( 1.570000000000000062, 1.665702517779999781, 3.100000000000000533 ) ) ;
#8331 = VECTOR ( 'NONE', #6808, 1000.000000000000000 ) ;
#8332 = CIRCLE ( 'NONE', #7156, 0.1999999999989995891 ) ;
#8333 = ADVANCED_FACE ( 'NONE', ( #4046 ), #8929, .F. ) ;
#8334 = COLOUR_RGB ( '',0.7921568627450980005, 0.8196078431372548767, 0.9333333333333333481 ) ;
#8335 = EDGE_CURVE ( 'NONE', #5190, #10442, #8979, .T. ) ;
#8336 = EDGE_LOOP ( 'NONE', ( #9306, #4990, #8955, #3175 ) ) ;
#8337 = CARTESIAN_POINT ( 'NONE',  ( -0.8743614184969999981, -0.9264484971840000194, 0.2010000000000000120 ) ) ;
#8338 = CARTESIAN_POINT ( 'NONE',  ( -0.8765641243680000194, -0.9228880510390000680, 0.2010000000000000120 ) ) ;
#8339 = DIRECTION ( 'NONE',  ( 0.000000000000000000, 1.000000000000000000, 3.491481338843000432E-15 ) ) ;
#8340 = CARTESIAN_POINT ( 'NONE',  ( -2.100000000000000089, 0.8499999999989999999, 5.500000000000000888 ) ) ;
#8341 = VECTOR ( 'NONE', #4458, 1000.000000000000000 ) ;
#8342 = VERTEX_POINT ( 'NONE', #9771 ) ;
#8343 = CARTESIAN_POINT ( 'NONE',  ( 3.429999999998999627, 0.8499999999999999778, 0.6999999999999999556 ) ) ;
#8344 = VERTEX_POINT ( 'NONE', #9821 ) ;
#8345 = ORIENTED_EDGE ( 'NONE', *, *, #788, .T. ) ;
#8346 = EDGE_CURVE ( 'NONE', #3926, #6085, #189, .T. ) ;
#8347 = ORIENTED_EDGE ( 'NONE', *, *, #7092, .T. ) ;
#8348 = DIRECTION ( 'NONE',  ( 1.000000000000000000, 0.000000000000000000, 0.000000000000000000 ) ) ;
#8349 = VECTOR ( 'NONE', #9653, 1000.000000000000000 ) ;
#8350 = ORIENTED_EDGE ( 'NONE', *, *, #226, .T. ) ;
#8351 = DIRECTION ( 'NONE',  ( 0.3236155771183229501, -0.8891264907158876740, 0.3236155771183229501 ) ) ;
#8352 = CARTESIAN_POINT ( 'NONE',  ( -5.450000000000000178, -2.250000000000000000, 5.499999999999000799 ) ) ;
#8353 = FACE_OUTER_BOUND ( 'NONE', #6790, .T. ) ;
#8354 = CARTESIAN_POINT ( 'NONE',  ( 3.888014882865999944, 5.250000000000000000, 0.4580148828660000060 ) ) ;
#8355 = ORIENTED_EDGE ( 'NONE', *, *, #7951, .T. ) ;
#8356 = DIRECTION ( 'NONE',  ( 0.000000000000000000, 3.491481338843000432E-15, -1.000000000000000000 ) ) ;
#8357 = ORIENTED_EDGE ( 'NONE', *, *, #8489, .F. ) ;
#8358 = VECTOR ( 'NONE', #7371, 1000.000000000000000 ) ;
#8359 = EDGE_CURVE ( 'NONE', #9767, #3730, #7390, .T. ) ;
#8360 = ORIENTED_EDGE ( 'NONE', *, *, #1760, .F. ) ;
#8361 = CARTESIAN_POINT ( 'NONE',  ( -3.429999999998999627, 1.665702517779999781, 3.200000000000000178 ) ) ;
#8362 = ORIENTED_EDGE ( 'NONE', *, *, #4714, .T. ) ;
#8363 = CARTESIAN_POINT ( 'NONE',  ( 0.2478642292900000155, -0.8756319534779999358, 0.2000000000000000111 ) ) ;
#8364 = EDGE_CURVE ( 'NONE', #2007, #6265, #1024, .T. ) ;
#8365 = ORIENTED_EDGE ( 'NONE', *, *, #140, .T. ) ;
#8366 = LINE ( 'NONE', #3689, #382 ) ;
#8367 = VECTOR ( 'NONE', #7165, 1000.000000000000000 ) ;
#8368 = CARTESIAN_POINT ( 'NONE',  ( 0.4779188564970000552, -1.283646395476999880, 0.2010000000000000120 ) ) ;
#8369 = LINE ( 'NONE', #2005, #910 ) ;
#8370 = CARTESIAN_POINT ( 'NONE',  ( 4.069999999999000195, -3.834297482219000575, 3.839999999999000213 ) ) ;
#8371 = VECTOR ( 'NONE', #7983, 1000.000000000000000 ) ;
#8372 = ORIENTED_EDGE ( 'NONE', *, *, #2960, .F. ) ;
#8373 = DIRECTION ( 'NONE',  ( 0.000000000000000000, -3.491481338843000432E-15, 1.000000000000000000 ) ) ;
#8374 = DIRECTION ( 'NONE',  ( 0.000000000000000000, 1.000000000000000000, 3.469446951960553404E-15 ) ) ;
#8375 = EDGE_CURVE ( 'NONE', #2399, #4976, #888, .T. ) ;
#8376 = DIRECTION ( 'NONE',  ( -1.239088197125999924E-16, 1.000000000000000000, 0.000000000000000000 ) ) ;
#8377 = DIRECTION ( 'NONE',  ( 0.000000000000000000, -3.491481338843000432E-15, 1.000000000000000000 ) ) ;
#8378 = DIRECTION ( 'NONE',  ( 0.000000000000000000, -1.000000000000000000, -3.304235192336775906E-15 ) ) ;
#8379 = CARTESIAN_POINT ( 'NONE',  ( 0.6191715059240000540, -1.092578674578000175, 0.2000000000000000111 ) ) ;
#8380 = DIRECTION ( 'NONE',  ( 1.000000000000000000, 0.000000000000000000, 0.000000000000000000 ) ) ;
#8381 = CYLINDRICAL_SURFACE ( 'NONE', #7220, 2.099999999999999645 ) ;
#8382 = ORIENTED_EDGE ( 'NONE', *, *, #1043, .T. ) ;
#8383 = DIRECTION ( 'NONE',  ( 1.000000000000000000, 0.000000000000000000, 0.000000000000000000 ) ) ;
#8384 = DIRECTION ( 'NONE',  ( 0.000000000000000000, 3.491481338843000432E-15, -1.000000000000000000 ) ) ;
#8385 = LINE ( 'NONE', #6914, #641 ) ;
#8386 = CARTESIAN_POINT ( 'NONE',  ( -0.9299999999989999599, 1.549999999998999956, 3.840000000000000302 ) ) ;
#8387 = DIRECTION ( 'NONE',  ( 0.000000000000000000, -3.491481338843000432E-15, 1.000000000000000000 ) ) ;
#8388 = DIRECTION ( 'NONE',  ( -1.000000000000000000, 0.000000000000000000, 0.000000000000000000 ) ) ;
#8389 = ORIENTED_EDGE ( 'NONE', *, *, #3458, .F. ) ;
#8390 = VECTOR ( 'NONE', #5052, 1000.000000000000000 ) ;
#8391 = LINE ( 'NONE', #1247, #4346 ) ;
#8392 = ORIENTED_EDGE ( 'NONE', *, *, #8918, .T. ) ;
#8393 = VERTEX_POINT ( 'NONE', #5009 ) ;
#8394 = ADVANCED_FACE ( 'NONE', ( #8233 ), #7497, .T. ) ;
#8395 = ORIENTED_EDGE ( 'NONE', *, *, #6479, .T. ) ;
#8396 = DIRECTION ( 'NONE',  ( -0.3420201433253704515, -0.9396926207860168967, -3.280919249725549977E-15 ) ) ;
#8397 = ORIENTED_EDGE ( 'NONE', *, *, #498, .T. ) ;
#8398 = CARTESIAN_POINT ( 'NONE',  ( 0.5498566840890000140, -1.072517172186999934, 0.2010000000000000120 ) ) ;
#8399 = DIRECTION ( 'NONE',  ( 0.000000000000000000, -3.491481338843000432E-15, 1.000000000000000000 ) ) ;
#8400 = EDGE_CURVE ( 'NONE', #9243, #6956, #27, .T. ) ;
#8401 = PLANE ( 'NONE',  #1545 ) ;
#8402 = DIRECTION ( 'NONE',  ( 0.000000000000000000, 1.000000000000000000, 3.491481338843000432E-15 ) ) ;
#8403 = EDGE_CURVE ( 'NONE', #9314, #557, #5374, .T. ) ;
#8404 = VERTEX_POINT ( 'NONE', #6169 ) ;
#8405 = CARTESIAN_POINT ( 'NONE',  ( 0.2478642292900000155, -0.8756319534779999358, 0.2000000000000000111 ) ) ;
#8407 = ORIENTED_EDGE ( 'NONE', *, *, #8043, .F. ) ;
#8406 = ORIENTED_EDGE ( 'NONE', *, *, #1853, .T. ) ;
#8408 = ORIENTED_EDGE ( 'NONE', *, *, #3415, .F. ) ;
#8409 = DIRECTION ( 'NONE',  ( 0.000000000000000000, 3.838426034038000158E-15, -1.000000000000000000 ) ) ;
#8410 = PRODUCT_DEFINITION_FORMATION_WITH_SPECIFIED_SOURCE ( 'ä»', '', #5275, .NOT_KNOWN. ) ;
#8411 = VERTEX_POINT ( 'NONE', #2933 ) ;
#8412 = DIRECTION ( 'NONE',  ( -1.000000000000000000, 0.000000000000000000, 0.000000000000000000 ) ) ;
#8413 = VECTOR ( 'NONE', #1093, 1000.000000000000000 ) ;
#8414 = EDGE_LOOP ( 'NONE', ( #298, #9670, #2411, #3756 ) ) ;
#8415 = DIRECTION ( 'NONE',  ( -0.000000000000000000, 0.9993908270191130816, 0.03489949670200395010 ) ) ;
#8416 = CARTESIAN_POINT ( 'NONE',  ( 0.5156494595420000326, -1.246625159638000024, 0.2000000000000000111 ) ) ;
#8417 = AXIS2_PLACEMENT_3D ( 'NONE', #10129, #8547, #4516 ) ;
#8418 = CARTESIAN_POINT ( 'NONE',  ( 1.111985117132999967, -3.834297482219000575, 3.658014882865999962 ) ) ;
#8419 = CARTESIAN_POINT ( 'NONE',  ( -0.4835267762800000146, -0.9531472383879999732, 0.2000000000000000111 ) ) ;
#8420 = VERTEX_POINT ( 'NONE', #1183 ) ;
#8421 = VECTOR ( 'NONE', #773, 1000.000000000000000 ) ;
#8422 = EDGE_CURVE ( 'NONE', #7311, #5470, #9399, .T. ) ;
#8423 = CARTESIAN_POINT ( 'NONE',  ( 0.9300000000000000488, 2.550000000000000266, 0.6999999999999999556 ) ) ;
#8424 = CARTESIAN_POINT ( 'NONE',  ( 0.3761988329479999393, -1.313131953477999936, 0.2000000000000000111 ) ) ;
#8425 = EDGE_CURVE ( 'NONE', #2271, #5340, #1975, .T. ) ;
#8426 = CARTESIAN_POINT ( 'NONE',  ( 4.069999999999000195, 1.765641600482000140, 3.103489949670000136 ) ) ;
#8427 = AXIS2_PLACEMENT_3D ( 'NONE', #9325, #6792, #5407 ) ;
#8428 = CARTESIAN_POINT ( 'NONE',  ( 0.6193533623429999802, -1.148136237094000034, 0.2000000000000000111 ) ) ;
#8429 = PLANE ( 'NONE',  #6686 ) ;
#8430 = LINE ( 'NONE', #1283, #748 ) ;
#8431 = CARTESIAN_POINT ( 'NONE',  ( 4.549999999999999822, -4.109415119350000367, 5.499999999999000799 ) ) ;
#8432 = EDGE_CURVE ( 'NONE', #5053, #9432, #3614, .T. ) ;
#8433 = CARTESIAN_POINT ( 'NONE',  ( -0.2826235755870000199, -0.9167904900640000410, 0.2010000000000000120 ) ) ;
#8434 = EDGE_LOOP ( 'NONE', ( #2627, #4165, #10148, #4364 ) ) ;
#8435 = DIRECTION ( 'NONE',  ( 0.000000000000000000, -1.000000000000000000, -3.491481338843000432E-15 ) ) ;
#8436 = EDGE_CURVE ( 'NONE', #3301, #8093, #6759, .T. ) ;
#8437 = LINE ( 'NONE', #1973, #9725 ) ;
#8438 = ADVANCED_FACE ( 'NONE', ( #1292, #7648, #6865, #4464, #2080, #9187 ), #8548, .F. ) ;
#8439 = DIRECTION ( 'NONE',  ( 0.3236155771183229501, -0.8891264907158876740, -0.3236155771183229501 ) ) ;
#8440 = LINE ( 'NONE', #10294, #3096 ) ;
#8441 = CARTESIAN_POINT ( 'NONE',  ( 0.5235850133789999861, -0.9968247977590000142, 0.2000000000000000111 ) ) ;
#8442 = CARTESIAN_POINT ( 'NONE',  ( -0.5509162585139999457, -1.107053447380999867, 0.2010000000000000120 ) ) ;
#8443 = ADVANCED_FACE ( 'NONE', ( #1242 ), #1129, .T. ) ;
#8444 = VERTEX_POINT ( 'NONE', #10081 ) ;
#8445 = CARTESIAN_POINT ( 'NONE',  ( -6.899999999999999467, -3.149999999998999822, 0.2000000000000000111 ) ) ;
#8446 = ORIENTED_EDGE ( 'NONE', *, *, #1700, .T. ) ;
#8447 = ORIENTED_EDGE ( 'NONE', *, *, #3221, .F. ) ;
#8448 = DIRECTION ( 'NONE',  ( 0.000000000000000000, -3.491481338843000432E-15, 1.000000000000000000 ) ) ;
#8449 = ORIENTED_EDGE ( 'NONE', *, *, #9029, .T. ) ;
#8450 = CARTESIAN_POINT ( 'NONE',  ( 0.5235850133789999861, -0.9968247977590000142, 0.2010000000000000120 ) ) ;
#8451 = CARTESIAN_POINT ( 'NONE',  ( 0.4000000000000000222, 0.8499999999989999999, 5.500000000000000888 ) ) ;
#8452 = DIRECTION ( 'NONE',  ( 0.000000000000000000, -3.491481338843000432E-15, 1.000000000000000000 ) ) ;
#8453 = DIRECTION ( 'NONE',  ( 1.000000000000000000, 0.000000000000000000, 0.000000000000000000 ) ) ;
#8454 = EDGE_CURVE ( 'NONE', #3634, #463, #2823, .T. ) ;
#8455 = EDGE_LOOP ( 'NONE', ( #2333, #3417, #184, #9829 ) ) ;
#8456 = DIRECTION ( 'NONE',  ( 0.000000000000000000, -1.000000000000000000, -3.491481338843000432E-15 ) ) ;
#8458 = EDGE_LOOP ( 'NONE', ( #3155, #3532, #3790, #3206 ) ) ;
#8457 = ORIENTED_EDGE ( 'NONE', *, *, #8335, .T. ) ;
#8459 = VECTOR ( 'NONE', #718, 1000.000000000000000 ) ;
#8460 = ORIENTED_EDGE ( 'NONE', *, *, #9359, .F. ) ;
#8461 = AXIS2_PLACEMENT_3D ( 'NONE', #2566, #6716, #5810 ) ;
#8462 = EDGE_CURVE ( 'NONE', #7871, #8611, #10189, .T. ) ;
#8463 = CYLINDRICAL_SURFACE ( 'NONE', #429, 0.1499999999989998778 ) ;
#8464 = ADVANCED_FACE ( 'NONE', ( #8494, #2870 ), #1926, .F. ) ;
#8465 = ORIENTED_EDGE ( 'NONE', *, *, #3499, .T. ) ;
#8466 = ORIENTED_EDGE ( 'NONE', *, *, #6726, .F. ) ;
#8467 = LINE ( 'NONE', #10004, #10185 ) ;
#8468 = VECTOR ( 'NONE', #9413, 1000.000000000000000 ) ;
#8469 = CARTESIAN_POINT ( 'NONE',  ( 0.4311513965640000334, -1.306042921930000045, 0.2000000000000000111 ) ) ;
#8470 = CARTESIAN_POINT ( 'NONE',  ( -7.500000000000000000, -5.250000000000000000, 6.199999999999000089 ) ) ;
#8471 = CARTESIAN_POINT ( 'NONE',  ( -0.5210821964410000673, -0.9911897663640000244, 0.2010000000000000120 ) ) ;
#8472 = EDGE_LOOP ( 'NONE', ( #7394, #346, #1754, #6370 ) ) ;
#8473 = FACE_OUTER_BOUND ( 'NONE', #2488, .T. ) ;
#8474 = CIRCLE ( 'NONE', #2548, 0.7000000000000000666 ) ;
#8475 = CARTESIAN_POINT ( 'NONE',  ( 0.2763495291990000213, -1.295289896437999744, 0.2010000000000000120 ) ) ;
#8476 = DIRECTION ( 'NONE',  ( -6.195440985630999750E-16, 3.599901556091000645E-15, -1.000000000000000000 ) ) ;
#8477 = CARTESIAN_POINT ( 'NONE',  ( -6.150000000000000355, -5.250000000000000000, 6.199999999999000089 ) ) ;
#8478 = CARTESIAN_POINT ( 'NONE',  ( -4.069999999999000195, 1.850426421085999973, 0.6755703523079999995 ) ) ;
#8479 = VECTOR ( 'NONE', #9801, 1000.000000000000000 ) ;
#8480 = AXIS2_PLACEMENT_3D ( 'NONE', #9807, #8377, #9024 ) ;
#8481 = DIRECTION ( 'NONE',  ( 0.000000000000000000, 0.000000000000000000, 1.000000000000000000 ) ) ;
#8482 = PLANE ( 'NONE',  #6463 ) ;
#8483 = EDGE_LOOP ( 'NONE', ( #716, #9678, #3125, #7425 ) ) ;
#8484 = LINE ( 'NONE', #2611, #784 ) ;
#8485 = VERTEX_POINT ( 'NONE', #10032 ) ;
#8486 = ADVANCED_FACE ( 'NONE', ( #5956 ), #3716, .T. ) ;
#8487 = DIRECTION ( 'NONE',  ( 0.000000000000000000, -3.491481338843000432E-15, 1.000000000000000000 ) ) ;
#8488 = B_SPLINE_SURFACE_WITH_KNOTS ( 'NONE', 3, 1, ( 
 ( #7415, #5029 ),
 ( #3276, #6732 ),
 ( #6521, #104 ),
 ( #9109, #9157 ),
 ( #7362, #9947 ),
 ( #2475, #4122 ),
 ( #212, #2527 ),
 ( #1049, #263 ),
 ( #996, #4281 ),
 ( #7464, #9846 ),
 ( #157, #4223 ) ),
 .UNSPECIFIED., .F., .F., .F.,
 ( 4, 1, 1, 1, 1, 1, 1, 1, 4 ),
 ( 2, 2 ),
 ( 0.000000000000000000, 0.1252796967350000013, 0.2494199707419999801, 0.3733567994920000133, 0.4966812787820000241, 0.6202029157430000161, 0.7450863201609999598, 0.8712691950190000201, 1.000000000000000000 ),
 ( 0.000000000000000000, 1.000000000000000000 ),
 .UNSPECIFIED. ) ;
#8489 = EDGE_CURVE ( 'NONE', #2700, #5558, #3558, .T. ) ;
#8490 = FACE_OUTER_BOUND ( 'NONE', #6187, .T. ) ;
#8491 = VECTOR ( 'NONE', #1799, 1000.000000000000000 ) ;
#8492 = AXIS2_PLACEMENT_3D ( 'NONE', #3061, #8737, #1473 ) ;
#8493 = FACE_OUTER_BOUND ( 'NONE', #455, .T. ) ;
#8494 = FACE_BOUND ( 'NONE', #3273, .T. ) ;
#8495 = CARTESIAN_POINT ( 'NONE',  ( 0.3649564548990000268, -0.9106929290880000361, 0.2000000000000000111 ) ) ;
#8496 = FACE_OUTER_BOUND ( 'NONE', #1667, .T. ) ;
#8497 = ORIENTED_EDGE ( 'NONE', *, *, #5577, .F. ) ;
#8498 = AXIS2_PLACEMENT_3D ( 'NONE', #4518, #10130, #493 ) ;
#8499 = AXIS2_PLACEMENT_3D ( 'NONE', #8330, #3504, #3610 ) ;
#8500 = CIRCLE ( 'NONE', #10374, 0.7000000000000000666 ) ;
#8501 = CARTESIAN_POINT ( 'NONE',  ( -6.400000000000000355, -4.837228132325999574, 0.2000000000000000111 ) ) ;
#8502 = ORIENTED_EDGE ( 'NONE', *, *, #5431, .T. ) ;
#8503 = VERTEX_POINT ( 'NONE', #8386 ) ;
#8504 = ORIENTED_EDGE ( 'NONE', *, *, #2807, .T. ) ;
#8505 = EDGE_CURVE ( 'NONE', #3886, #8615, #9972, .T. ) ;
#8506 = CARTESIAN_POINT ( 'NONE',  ( 0.4136431614080000041, -1.310117627002999940, 0.2000000000000000111 ) ) ;
#8507 = VECTOR ( 'NONE', #6043, 1000.000000000000000 ) ;
#8508 = ORIENTED_EDGE ( 'NONE', *, *, #5239, .F. ) ;
#8509 = AXIS2_PLACEMENT_3D ( 'NONE', #53, #9538, #8000 ) ;
#8510 = CARTESIAN_POINT ( 'NONE',  ( 6.400000000000000355, -4.949999999998999201, 1.787228132325999974 ) ) ;
#8511 = CARTESIAN_POINT ( 'NONE',  ( -6.899999999999999467, -4.649999999998999378, 1.199999999999000089 ) ) ;
#8512 = CARTESIAN_POINT ( 'NONE',  ( 5.450000000000000178, -5.250000000000000000, 5.499999999999000799 ) ) ;
#8513 = ORIENTED_EDGE ( 'NONE', *, *, #2140, .T. ) ;
#8514 = CARTESIAN_POINT ( 'NONE',  ( 0.3007214527859999875, -0.8606482724180000154, 0.2000000000000000111 ) ) ;
#8516 = ORIENTED_EDGE ( 'NONE', *, *, #739, .T. ) ;
#8515 = ORIENTED_EDGE ( 'NONE', *, *, #1109, .F. ) ;
#8517 = ORIENTED_EDGE ( 'NONE', *, *, #9220, .T. ) ;
#8518 = VECTOR ( 'NONE', #7458, 1000.000000000000000 ) ;
#8519 = CARTESIAN_POINT ( 'NONE',  ( 2.899999999998999822, 0.8499999999989999999, 5.500000000000000888 ) ) ;
#8520 = ORIENTED_EDGE ( 'NONE', *, *, #4057, .T. ) ;
#8521 = ORIENTED_EDGE ( 'NONE', *, *, #402, .T. ) ;
#8522 = FACE_OUTER_BOUND ( 'NONE', #5653, .T. ) ;
#8523 = CARTESIAN_POINT ( 'NONE',  ( 5.450000000000000178, 2.550000000000000266, 0.9000000000000000222 ) ) ;
#8524 = CARTESIAN_POINT ( 'NONE',  ( 0.5523320803380000754, -1.138835844881999959, 0.2010000000000000120 ) ) ;
#8525 = VECTOR ( 'NONE', #5412, 1000.000000000000000 ) ;
#8526 = EDGE_CURVE ( 'NONE', #10163, #9561, #6010, .T. ) ;
#8527 = CARTESIAN_POINT ( 'NONE',  ( -6.400000000000000355, -5.149999999999000266, 1.787228132325999974 ) ) ;
#8528 = DIRECTION ( 'NONE',  ( 0.000000000000000000, 3.491481338843000432E-15, -1.000000000000000000 ) ) ;
#8529 = ORIENTED_EDGE ( 'NONE', *, *, #4367, .F. ) ;
#8530 = CARTESIAN_POINT ( 'NONE',  ( 0.5462256649050000190, -1.179378044765000189, 0.2010000000000000120 ) ) ;
#8531 = CARTESIAN_POINT ( 'NONE',  ( 4.069999999999000195, 4.750000000000000000, 0.6400000000000000133 ) ) ;
#8532 = ORIENTED_EDGE ( 'NONE', *, *, #8793, .F. ) ;
#8533 = DIRECTION ( 'NONE',  ( 0.000000000000000000, -1.000000000000000000, -3.457400261148000567E-15 ) ) ;
#8534 = CIRCLE ( 'NONE', #7348, 0.1000000000000000472 ) ;
#8535 = CARTESIAN_POINT ( 'NONE',  ( -6.400000000000000355, -5.064285714284999962, 1.623097770997000033 ) ) ;
#8536 = DIRECTION ( 'NONE',  ( 1.000000000000000000, 0.000000000000000000, 0.000000000000000000 ) ) ;
#8537 = EDGE_CURVE ( 'NONE', #1531, #9784, #8440, .T. ) ;
#8538 = CARTESIAN_POINT ( 'NONE',  ( 0.4182440948499999700, -0.8599611451990000210, 0.2000000000000000111 ) ) ;
#8539 = CARTESIAN_POINT ( 'NONE',  ( 4.316846170922000958, -4.609415119349999479, 6.199999999999000089 ) ) ;
#8540 = ADVANCED_FACE ( 'NONE', ( #7120 ), #4786, .T. ) ;
#8541 = VERTEX_POINT ( 'NONE', #705 ) ;
#8542 = CARTESIAN_POINT ( 'NONE',  ( 0.6022706767100000080, -1.013427751322000026, 0.2010000000000000120 ) ) ;
#8543 = ORIENTED_EDGE ( 'NONE', *, *, #8335, .F. ) ;
#8544 = DIRECTION ( 'NONE',  ( 0.000000000000000000, 3.611948246897000020E-15, -1.000000000000000000 ) ) ;
#8545 = VECTOR ( 'NONE', #3638, 1000.000000000000000 ) ;
#8546 = CARTESIAN_POINT ( 'NONE',  ( -0.4363117135350000342, -1.294304394811999881, 0.2000000000000000111 ) ) ;
#8547 = DIRECTION ( 'NONE',  ( 1.000000000000000000, 0.000000000000000000, 0.000000000000000000 ) ) ;
#8548 = PLANE ( 'NONE',  #3760 ) ;
#8549 = LINE ( 'NONE', #1293, #188 ) ;
#8550 = CARTESIAN_POINT ( 'NONE',  ( -0.3773786794909999576, -0.9172228579780000723, 0.2010000000000000120 ) ) ;
#8551 = VERTEX_POINT ( 'NONE', #6271 ) ;
#8552 = FACE_OUTER_BOUND ( 'NONE', #7521, .T. ) ;
#8553 = ORIENTED_EDGE ( 'NONE', *, *, #8884, .T. ) ;
#8554 = EDGE_CURVE ( 'NONE', #2722, #2093, #2388, .T. ) ;
#8555 = ORIENTED_EDGE ( 'NONE', *, *, #6006, .T. ) ;
#8556 = ORIENTED_EDGE ( 'NONE', *, *, #6441, .F. ) ;
#8557 = EDGE_CURVE ( 'NONE', #2248, #10052, #6378, .T. ) ;
#8559 = ADVANCED_FACE ( 'NONE', ( #3936 ), #897, .T. ) ;
#8558 = CARTESIAN_POINT ( 'NONE',  ( -0.1179894292460000049, -1.361912441282999930, 0.2010000000000000120 ) ) ;
#8560 = CARTESIAN_POINT ( 'NONE',  ( 6.150000000000000355, 1.849999999999000000, 6.200000000000000178 ) ) ;
#8561 = ORIENTED_EDGE ( 'NONE', *, *, #9974, .T. ) ;
#8562 = CARTESIAN_POINT ( 'NONE',  ( -6.150000000000000355, 1.549999999998999956, 4.400000000000000355 ) ) ;
#8563 = FACE_OUTER_BOUND ( 'NONE', #4964, .T. ) ;
#8564 = LINE ( 'NONE', #5179, #5263 ) ;
#8565 = ORIENTED_EDGE ( 'NONE', *, *, #7107, .T. ) ;
#8566 = EDGE_CURVE ( 'NONE', #9824, #4809, #7021, .T. ) ;
#8567 = EDGE_CURVE ( 'NONE', #2988, #2345, #653, .T. ) ;
#8568 = CARTESIAN_POINT ( 'NONE',  ( 0.2599585463979999789, -0.8707226035189999935, 0.2000000000000000111 ) ) ;
#8570 = ORIENTED_EDGE ( 'NONE', *, *, #7785, .T. ) ;
#8569 = VERTEX_POINT ( 'NONE', #1338 ) ;
#8571 = EDGE_CURVE ( 'NONE', #6896, #5110, #4567, .T. ) ;
#8572 = CARTESIAN_POINT ( 'NONE',  ( 2.100000000000000089, 0.8499999999999999778, 2.700000000000000178 ) ) ;
#8573 = VERTEX_POINT ( 'NONE', #122 ) ;
#8574 = ORIENTED_EDGE ( 'NONE', *, *, #3758, .T. ) ;
#8575 = EDGE_CURVE ( 'NONE', #9966, #8404, #8222, .T. ) ;
#8576 = CARTESIAN_POINT ( 'NONE',  ( 1.388014882866000166, -3.834297482219000575, 3.381985117132999985 ) ) ;
#8577 = LINE ( 'NONE', #6700, #5599 ) ;
#8578 = DIRECTION ( 'NONE',  ( 0.000000000000000000, 0.03489949670200395010, -0.9993908270191130816 ) ) ;
#8579 = CARTESIAN_POINT ( 'NONE',  ( 0.2478642292900000155, -0.8756319534779999358, 0.2010000000000000120 ) ) ;
#8580 = FACE_OUTER_BOUND ( 'NONE', #7290, .T. ) ;
#8581 = EDGE_CURVE ( 'NONE', #215, #9314, #5686, .T. ) ;
#8582 = ORIENTED_EDGE ( 'NONE', *, *, #1344, .T. ) ;
#8583 = CARTESIAN_POINT ( 'NONE',  ( 0.3952319583650000245, -1.312641411656999990, 0.2010000000000000120 ) ) ;
#8584 = CARTESIAN_POINT ( 'NONE',  ( -5.450000000000000178, -2.250000000000000000, 3.999999999998999911 ) ) ;
#8585 = ORIENTED_EDGE ( 'NONE', *, *, #3699, .F. ) ;
#8586 = FILL_AREA_STYLE_COLOUR ( '', #8334 ) ;
#8587 = DIRECTION ( 'NONE',  ( -0.9353882635801437084, -0.3536223923290543469, -1.234665983814189747E-15 ) ) ;
#8588 = AXIS2_PLACEMENT_3D ( 'NONE', #6109, #1080, #2714 ) ;
#8589 = VECTOR ( 'NONE', #2523, 1000.000000000000000 ) ;
#8590 = FACE_OUTER_BOUND ( 'NONE', #2741, .T. ) ;
#8591 = VECTOR ( 'NONE', #5760, 1000.000000000000000 ) ;
#8592 = DIRECTION ( 'NONE',  ( 0.000000000000000000, 1.000000000000000000, 3.491481338843000432E-15 ) ) ;
#8593 = CARTESIAN_POINT ( 'NONE',  ( 1.258842911106000217, -4.237785955029999663, 3.511157088893000378 ) ) ;
#8594 = EDGE_CURVE ( 'NONE', #4149, #4418, #9709, .T. ) ;
#8595 = ORIENTED_EDGE ( 'NONE', *, *, #9229, .F. ) ;
#8596 = CARTESIAN_POINT ( 'NONE',  ( 0.5798273741939999892, -0.9679092625840000075, 0.2000000000000000111 ) ) ;
#8597 = ORIENTED_EDGE ( 'NONE', *, *, #8884, .F. ) ;
#8598 = CARTESIAN_POINT ( 'NONE',  ( 0.3854404488020000130, -1.368010002259000046, 0.2010000000000000120 ) ) ;
#8599 = VECTOR ( 'NONE', #6424, 1000.000000000000000 ) ;
#8600 = CARTESIAN_POINT ( 'NONE',  ( -4.599999999998999556, 0.8499999999999999778, 2.700000000000000178 ) ) ;
#8601 = ADVANCED_FACE ( 'NONE', ( #4141 ), #6577, .T. ) ;
#8602 = EDGE_CURVE ( 'NONE', #3682, #7697, #4837, .T. ) ;
#8603 = ORIENTED_EDGE ( 'NONE', *, *, #9849, .F. ) ;
#8604 = DIRECTION ( 'NONE',  ( 0.000000000000000000, 1.000000000000000000, 3.491481338843000432E-15 ) ) ;
#8605 = CARTESIAN_POINT ( 'NONE',  ( -0.4816610941129999546, -1.334989255760999916, 0.2000000000000000111 ) ) ;
#8606 = CARTESIAN_POINT ( 'NONE',  ( -7.500000000000000000, 1.149999999998999822, 6.200000000000000178 ) ) ;
#8607 = CARTESIAN_POINT ( 'NONE',  ( 0.9185959366070000076, -0.8619124412830000415, 0.2010000000000000120 ) ) ;
#8608 = ORIENTED_EDGE ( 'NONE', *, *, #8016, .T. ) ;
#8609 = CARTESIAN_POINT ( 'NONE',  ( 0.3483653395050000379, -0.8559379075580000329, 0.2010000000000000120 ) ) ;
#8610 = ORIENTED_EDGE ( 'NONE', *, *, #3828, .F. ) ;
#8611 = VERTEX_POINT ( 'NONE', #14 ) ;
#8612 = ORIENTED_EDGE ( 'NONE', *, *, #3103, .T. ) ;
#8613 = LINE ( 'NONE', #8231, #9768 ) ;
#8614 = PLANE ( 'NONE',  #544 ) ;
#8615 = VERTEX_POINT ( 'NONE', #230 ) ;
#8616 = DIRECTION ( 'NONE',  ( 0.000000000000000000, 1.000000000000000000, 3.491481338843000432E-15 ) ) ;
#8617 = CARTESIAN_POINT ( 'NONE',  ( -6.649999999999999467, -4.649999999998999378, 2.199999999999000089 ) ) ;
#8618 = CARTESIAN_POINT ( 'NONE',  ( 0.6022706767100000080, -1.013427751322000026, 0.2010000000000000120 ) ) ;
#8619 = ORIENTED_EDGE ( 'NONE', *, *, #635, .T. ) ;
#8620 = CARTESIAN_POINT ( 'NONE',  ( 0.5843534235319999270, -1.263962870207000044, 0.2010000000000000120 ) ) ;
#8622 = ORIENTED_EDGE ( 'NONE', *, *, #1112, .T. ) ;
#8621 = ORIENTED_EDGE ( 'NONE', *, *, #8949, .T. ) ;
#8623 = ADVANCED_FACE ( 'NONE', ( #70 ), #3449, .F. ) ;
#8624 = DIRECTION ( 'NONE',  ( -1.000000000000000000, 0.000000000000000000, 0.000000000000000000 ) ) ;
#8625 = ADVANCED_FACE ( 'NONE', ( #1605 ), #913, .F. ) ;
#8626 = ORIENTED_EDGE ( 'NONE', *, *, #4231, .F. ) ;
#8627 = ORIENTED_EDGE ( 'NONE', *, *, #9981, .F. ) ;
#8628 = EDGE_CURVE ( 'NONE', #8795, #2638, #1915, .T. ) ;
#8629 = CARTESIAN_POINT ( 'NONE',  ( -9.840731680114000568, -2.849999999999000000, 0.2000000000000000111 ) ) ;
#8630 = CARTESIAN_POINT ( 'NONE',  ( -7.500000000000000000, -5.249999999998999911, 0.8999999999990001553 ) ) ;
#8631 = DIRECTION ( 'NONE',  ( 0.000000000000000000, -1.000000000000000000, -3.491481338843000432E-15 ) ) ;
#8632 = AXIS2_PLACEMENT_3D ( 'NONE', #6809, #10033, #4465 ) ;
#8633 = CARTESIAN_POINT ( 'NONE',  ( 6.400000000000000355, -4.426902229001999700, 0.08571428571500003257 ) ) ;
#8634 = DIRECTION ( 'NONE',  ( 0.000000000000000000, -3.491481338843000432E-15, 1.000000000000000000 ) ) ;
#8635 = VERTEX_POINT ( 'NONE', #6903 ) ;
#8636 = CARTESIAN_POINT ( 'NONE',  ( 0.4779188564970000552, -1.283646395476999880, 0.2010000000000000120 ) ) ;
#8637 = CARTESIAN_POINT ( 'NONE',  ( -3.250000000000000000, 1.550000000000000044, 0.2000000000010000167 ) ) ;
#8638 = AXIS2_PLACEMENT_3D ( 'NONE', #8288, #983, #1724 ) ;
#8639 = EDGE_LOOP ( 'NONE', ( #7078, #7465, #10241, #5925 ) ) ;
#8640 = FACE_OUTER_BOUND ( 'NONE', #7571, .T. ) ;
#8641 = VECTOR ( 'NONE', #4061, 1000.000000000000000 ) ;
#8642 = EDGE_CURVE ( 'NONE', #745, #9261, #2760, .T. ) ;
#8643 = CARTESIAN_POINT ( 'NONE',  ( 0.4358900078429999714, -1.364253583004000125, 0.2000000000000000111 ) ) ;
#8644 = FACE_OUTER_BOUND ( 'NONE', #8070, .T. ) ;
#8645 = DIRECTION ( 'NONE',  ( 0.000000000000000000, -3.491481338843000432E-15, 1.000000000000000000 ) ) ;
#8646 = CARTESIAN_POINT ( 'NONE',  ( 4.069999999999000195, -3.834297482219000575, 3.658014882865999962 ) ) ;
#8647 = VERTEX_POINT ( 'NONE', #10071 ) ;
#8648 = CARTESIAN_POINT ( 'NONE',  ( 0.5651302236070000484, -0.9473886076900001063, 0.2000000000000000111 ) ) ;
#8649 = EDGE_LOOP ( 'NONE', ( #7082, #5637, #3303, #195 ) ) ;
#8650 = VECTOR ( 'NONE', #3679, 1000.000000000000000 ) ;
#8651 = DIRECTION ( 'NONE',  ( 1.000000000000000000, 0.000000000000000000, 0.000000000000000000 ) ) ;
#8652 = CARTESIAN_POINT ( 'NONE',  ( 0.9300000000000000488, 2.405251729774000147, 3.125825627559000175 ) ) ;
#8653 = VECTOR ( 'NONE', #2987, 1000.000000000000000 ) ;
#8654 = CARTESIAN_POINT ( 'NONE',  ( -0.5612017014519999902, -1.274075126090999932, 0.2010000000000000120 ) ) ;
#8655 = DIRECTION ( 'NONE',  ( 0.000000000000000000, 1.000000000000000000, 0.000000000000000000 ) ) ;
#8656 = LINE ( 'NONE', #6431, #5310 ) ;
#8657 = DIRECTION ( 'NONE',  ( 0.000000000000000000, -1.000000000000000000, -3.304235192336775906E-15 ) ) ;
#8658 = VERTEX_POINT ( 'NONE', #8478 ) ;
#8659 = EDGE_CURVE ( 'NONE', #6141, #8404, #4303, .T. ) ;
#8660 = EDGE_CURVE ( 'NONE', #9627, #10163, #4398, .T. ) ;
#8661 = CARTESIAN_POINT ( 'NONE',  ( 0.2863546180459999868, -0.8633246521139998908, 0.2010000000000000120 ) ) ;
#8662 = ORIENTED_EDGE ( 'NONE', *, *, #6567, .T. ) ;
#8663 = VECTOR ( 'NONE', #1174, 1000.000000000000000 ) ;
#8664 = VECTOR ( 'NONE', #2066, 1000.000000000000000 ) ;
#8665 = VERTEX_POINT ( 'NONE', #6050 ) ;
#8666 = ORIENTED_EDGE ( 'NONE', *, *, #1858, .F. ) ;
#8667 = CARTESIAN_POINT ( 'NONE',  ( -0.9299999999989999599, -3.834297482219000575, 3.839999999999000213 ) ) ;
#8668 = CARTESIAN_POINT ( 'NONE',  ( 3.888014882865999944, -3.834297482219000575, 3.658014882865999962 ) ) ;
#8669 = EDGE_LOOP ( 'NONE', ( #9640, #8585, #6388, #2207 ) ) ;
#8670 = CARTESIAN_POINT ( 'NONE',  ( -5.450000000000000178, 1.250000000000000000, 2.900000000000000355 ) ) ;
#8671 = CARTESIAN_POINT ( 'NONE',  ( -4.599999999998999556, 0.8499999999989999999, 5.500000000000000888 ) ) ;
#8672 = VECTOR ( 'NONE', #4710, 1000.000000000000000 ) ;
#8673 = AXIS2_PLACEMENT_3D ( 'NONE', #8198, #2576, #5821 ) ;
#8674 = DIRECTION ( 'NONE',  ( 0.000000000000000000, 1.000000000000000000, 3.491481338843000432E-15 ) ) ;
#8675 = ORIENTED_EDGE ( 'NONE', *, *, #5612, .F. ) ;
#8676 = ADVANCED_FACE ( 'NONE', ( #9328 ), #9231, .F. ) ;
#8677 = CARTESIAN_POINT ( 'NONE',  ( -0.5245578117180000888, -0.9123377009409999738, 0.2010000000000000120 ) ) ;
#8678 = ORIENTED_EDGE ( 'NONE', *, *, #2678, .T. ) ;
#8679 = AXIS2_PLACEMENT_3D ( 'NONE', #2618, #976, #3356 ) ;
#8680 = VECTOR ( 'NONE', #6597, 1000.000000000000000 ) ;
#8681 = LINE ( 'NONE', #1575, #262 ) ;
#8682 = CARTESIAN_POINT ( 'NONE',  ( -3.149999999998999822, -1.750000000000000000, 5.499999999999000799 ) ) ;
#8683 = ORIENTED_EDGE ( 'NONE', *, *, #5785, .T. ) ;
#8684 = DIRECTION ( 'NONE',  ( 0.000000000000000000, 3.491481338843000432E-15, -1.000000000000000000 ) ) ;
#8685 = DIRECTION ( 'NONE',  ( 0.000000000000000000, -1.000000000000000000, -3.407492542097299143E-15 ) ) ;
#8686 = DIRECTION ( 'NONE',  ( -1.000000000000000000, 0.000000000000000000, 0.000000000000000000 ) ) ;
#8687 = DIRECTION ( 'NONE',  ( 0.000000000000000000, 3.599901556091000645E-15, -1.000000000000000000 ) ) ;
#8688 = ADVANCED_FACE ( 'NONE', ( #4345 ), #3704, .T. ) ;
#8689 = DIRECTION ( 'NONE',  ( 0.000000000000000000, -1.000000000000000000, -3.491481338843000432E-15 ) ) ;
#8690 = ORIENTED_EDGE ( 'NONE', *, *, #7009, .F. ) ;
#8691 = VECTOR ( 'NONE', #9027, 1000.000000000000000 ) ;
#8692 = CARTESIAN_POINT ( 'NONE',  ( 0.4000000000000000222, 0.8499999999999999778, 2.700000000000000178 ) ) ;
#8693 = LINE ( 'NONE', #4820, #7923 ) ;
#8694 = ADVANCED_FACE ( 'NONE', ( #5311 ), #8429, .T. ) ;
#8695 = ORIENTED_EDGE ( 'NONE', *, *, #4472, .T. ) ;
#8696 = CARTESIAN_POINT ( 'NONE',  ( 0.3597146709290000022, -0.8558565525260000140, 0.2000000000000000111 ) ) ;
#8697 = EDGE_CURVE ( 'NONE', #5744, #6678, #1282, .T. ) ;
#8698 = DIRECTION ( 'NONE',  ( 1.000000000000000000, 0.000000000000000000, 0.000000000000000000 ) ) ;
#8699 = AXIS2_PLACEMENT_3D ( 'NONE', #2861, #7539, #4399 ) ;
#8700 = CARTESIAN_POINT ( 'NONE',  ( 0.9300000000000000488, 4.750000000000000000, 1.000013873792005015E-12 ) ) ;
#8701 = FACE_OUTER_BOUND ( 'NONE', #9273, .T. ) ;
#8702 = CARTESIAN_POINT ( 'NONE',  ( -0.8676971229180000522, -0.9556700876460000327, 0.2000000000000000111 ) ) ;
#8703 = ORIENTED_EDGE ( 'NONE', *, *, #5888, .T. ) ;
#8704 = CARTESIAN_POINT ( 'NONE',  ( 0.6157839480809998989, -1.064740195390000199, 0.2010000000000000120 ) ) ;
#8705 = EDGE_LOOP ( 'NONE', ( #3742, #10133, #19, #2689 ) ) ;
#8706 = CARTESIAN_POINT ( 'NONE',  ( -0.8732600051350000170, -0.9331744759269999800, 0.2000000000000000111 ) ) ;
#8707 = EDGE_CURVE ( 'NONE', #1483, #5316, #1262, .T. ) ;
#8708 = VECTOR ( 'NONE', #10391, 1000.000000000000000 ) ;
#8709 = DIRECTION ( 'NONE',  ( 0.000000000000000000, 3.584412953627000671E-15, -1.000000000000000000 ) ) ;
#8710 = DIRECTION ( 'NONE',  ( 0.000000000000000000, 3.584412953627000671E-15, -1.000000000000000000 ) ) ;
#8711 = CARTESIAN_POINT ( 'NONE',  ( -0.6179894292460000882, -1.105624331527000015, 0.2000000000000000111 ) ) ;
#8712 = PLANE ( 'NONE',  #1856 ) ;
#8713 = AXIS2_PLACEMENT_3D ( 'NONE', #521, #2163, #1270 ) ;
#8714 = CARTESIAN_POINT ( 'NONE',  ( 0.000000000000000000, -5.249999999998999911, 3.199999999999000089 ) ) ;
#8715 = CARTESIAN_POINT ( 'NONE',  ( 1.570000000000000062, 4.750000000000000000, 0.6400000000000000133 ) ) ;
#8716 = VERTEX_POINT ( 'NONE', #1070 ) ;
#8717 = CARTESIAN_POINT ( 'NONE',  ( -3.888014882865999944, 5.250000000000000000, 0.1819851171340000351 ) ) ;
#8718 = VECTOR ( 'NONE', #6139, 1000.000000000000000 ) ;
#8719 = ORIENTED_EDGE ( 'NONE', *, *, #6993, .T. ) ;
#8720 = EDGE_LOOP ( 'NONE', ( #638, #9035, #4224, #2300 ) ) ;
#8721 = ORIENTED_EDGE ( 'NONE', *, *, #6034, .T. ) ;
#8722 = LINE ( 'NONE', #613, #9939 ) ;
#8723 = ORIENTED_EDGE ( 'NONE', *, *, #4508, .F. ) ;
#8724 = CIRCLE ( 'NONE', #9732, 0.1999999999989995891 ) ;
#8725 = CARTESIAN_POINT ( 'NONE',  ( 6.400000000000000355, -4.949999999998999201, 2.199999999999000089 ) ) ;
#8726 = DIRECTION ( 'NONE',  ( 0.000000000000000000, -1.000000000000000000, -3.491481338843000432E-15 ) ) ;
#8727 = LINE ( 'NONE', #7193, #358 ) ;
#8728 = ORIENTED_EDGE ( 'NONE', *, *, #4767, .T. ) ;
#8729 = LINE ( 'NONE', #4744, #10153 ) ;
#8731 = EDGE_CURVE ( 'NONE', #5103, #4931, #5251, .T. ) ;
#8730 = ORIENTED_EDGE ( 'NONE', *, *, #4974, .F. ) ;
#8732 = LINE ( 'NONE', #728, #4819 ) ;
#8733 = LINE ( 'NONE', #8682, #5373 ) ;
#8734 = EDGE_CURVE ( 'NONE', #1531, #3620, #6852, .T. ) ;
#8735 = ORIENTED_EDGE ( 'NONE', *, *, #9342, .F. ) ;
#8736 = EDGE_CURVE ( 'NONE', #9250, #5824, #10120, .T. ) ;
#8737 = DIRECTION ( 'NONE',  ( -0.9396926207860170077, -0.3420201433253705070, -1.194156947931292167E-15 ) ) ;
#8738 = DIRECTION ( 'NONE',  ( -1.000000000000000000, 0.000000000000000000, 0.000000000000000000 ) ) ;
#8739 = DIRECTION ( 'NONE',  ( 0.000000000000000000, 1.000000000000000000, 3.491481338843000432E-15 ) ) ;
#8740 = CARTESIAN_POINT ( 'NONE',  ( 5.450000000000000178, 1.250000000000000000, 1.500000000000000000 ) ) ;
#8741 = CARTESIAN_POINT ( 'NONE',  ( 4.069999999999000195, 1.765641600482000140, 3.103489949670000136 ) ) ;
#8742 = ORIENTED_EDGE ( 'NONE', *, *, #1053, .F. ) ;
#8743 = AXIS2_PLACEMENT_3D ( 'NONE', #6530, #8058, #8162 ) ;
#8744 = CARTESIAN_POINT ( 'NONE',  ( -0.9299999999989999599, 4.750000000000000000, 1.000013873792005015E-12 ) ) ;
#8745 = LINE ( 'NONE', #4715, #5727 ) ;
#8746 = EDGE_LOOP ( 'NONE', ( #1193, #8582, #1573, #8755 ) ) ;
#8747 = CARTESIAN_POINT ( 'NONE',  ( 0.2599585463979999789, -0.8707226035189999935, 0.2000000000000000111 ) ) ;
#8748 = CARTESIAN_POINT ( 'NONE',  ( 0.2616922499719999684, -1.288908352243999911, 0.2000000000000000111 ) ) ;
#8749 = FACE_OUTER_BOUND ( 'NONE', #7754, .T. ) ;
#8750 = PLANE ( 'NONE',  #2092 ) ;
#8751 = EDGE_CURVE ( 'NONE', #1149, #7221, #10021, .T. ) ;
#8752 = LINE ( 'NONE', #7168, #6805 ) ;
#8753 = VERTEX_POINT ( 'NONE', #1170 ) ;
#8754 = CARTESIAN_POINT ( 'NONE',  ( 0.3922744457879999702, -0.8564371810039999033, 0.2010000000000000120 ) ) ;
#8755 = ORIENTED_EDGE ( 'NONE', *, *, #9220, .F. ) ;
#8756 = EDGE_CURVE ( 'NONE', #4775, #5136, #7634, .T. ) ;
#8757 = FACE_OUTER_BOUND ( 'NONE', #10330, .T. ) ;
#8758 = DIRECTION ( 'NONE',  ( 0.000000000000000000, -3.491481338843000432E-15, 1.000000000000000000 ) ) ;
#8759 = CARTESIAN_POINT ( 'NONE',  ( -0.3610773182229999878, -1.361739288594999930, 0.2000000000000000111 ) ) ;
#8760 = AXIS2_PLACEMENT_3D ( 'NONE', #4600, #6356, #1525 ) ;
#8761 = EDGE_CURVE ( 'NONE', #6519, #567, #6850, .T. ) ;
#8762 = CARTESIAN_POINT ( 'NONE',  ( -0.6173916678459999696, -1.133579730925999840, 0.2000000000000000111 ) ) ;
#8763 = CARTESIAN_POINT ( 'NONE',  ( -6.150000000000000355, 2.550000000000000266, 3.200000000000000178 ) ) ;
#8764 = DIRECTION ( 'NONE',  ( 0.000000000000000000, 1.000000000000000000, 3.491481338843000432E-15 ) ) ;
#8765 = CARTESIAN_POINT ( 'NONE',  ( 3.850000000000000089, -1.750000000000000000, 5.499999999999000799 ) ) ;
#8766 = VERTEX_POINT ( 'NONE', #3546 ) ;
#8767 = AXIS2_PLACEMENT_3D ( 'NONE', #3507, #6807, #1240 ) ;
#8768 = CARTESIAN_POINT ( 'NONE',  ( 0.2478642292900000155, -0.8756319534779999358, 0.2010000000000000120 ) ) ;
#8769 = VERTEX_POINT ( 'NONE', #2655 ) ;
#8770 = EDGE_CURVE ( 'NONE', #624, #614, #5893, .T. ) ;
#8771 = ORIENTED_EDGE ( 'NONE', *, *, #8359, .T. ) ;
#8772 = CARTESIAN_POINT ( 'NONE',  ( -0.9595481182699999723, -1.166790490064000041, 0.2010000000000000120 ) ) ;
#8773 = ORIENTED_EDGE ( 'NONE', *, *, #158, .F. ) ;
#8774 = EDGE_CURVE ( 'NONE', #506, #3212, #7538, .T. ) ;
#8775 = LINE ( 'NONE', #1510, #4612 ) ;
#8776 = LINE ( 'NONE', #1511, #6950 ) ;
#8777 = CARTESIAN_POINT ( 'NONE',  ( 0.2523044221040000035, -0.9401250377140000225, 0.2000000000000000111 ) ) ;
#8778 = ORIENTED_EDGE ( 'NONE', *, *, #4936, .T. ) ;
#8779 = CARTESIAN_POINT ( 'NONE',  ( -3.429999999998999627, 2.550000000000000266, 1.000013873792005015E-12 ) ) ;
#8780 = ORIENTED_EDGE ( 'NONE', *, *, #7456, .F. ) ;
#8781 = CARTESIAN_POINT ( 'NONE',  ( 6.150000000000000355, -2.250000000000000000, 4.299999999998999733 ) ) ;
#8782 = VERTEX_POINT ( 'NONE', #9487 ) ;
#8783 = ORIENTED_EDGE ( 'NONE', *, *, #4382, .T. ) ;
#8784 = ADVANCED_FACE ( 'NONE', ( #6206 ), #3026, .F. ) ;
#8785 = FACE_OUTER_BOUND ( 'NONE', #9211, .T. ) ;
#8786 = FACE_OUTER_BOUND ( 'NONE', #8280, .T. ) ;
#8787 = DIRECTION ( 'NONE',  ( 0.000000000000000000, 1.000000000000000000, 0.000000000000000000 ) ) ;
#8788 = DIRECTION ( 'NONE',  ( 0.000000000000000000, 1.000000000000000000, 2.168404344981855311E-15 ) ) ;
#8789 = CARTESIAN_POINT ( 'NONE',  ( 0.000000000000000000, 1.250000000000000000, 3.200000000000000178 ) ) ;
#8790 = ORIENTED_EDGE ( 'NONE', *, *, #4121, .T. ) ;
#8791 = EDGE_CURVE ( 'NONE', #10420, #3688, #1487, .T. ) ;
#8792 = CARTESIAN_POINT ( 'NONE',  ( -0.5038136827429998688, -1.322972092929999954, 0.2010000000000000120 ) ) ;
#8793 = EDGE_CURVE ( 'NONE', #6265, #1695, #8534, .T. ) ;
#8794 = CARTESIAN_POINT ( 'NONE',  ( 5.450000000000000178, 13.68089176689499986, 4.800000000000000711 ) ) ;
#8795 = VERTEX_POINT ( 'NONE', #2224 ) ;
#8796 = CARTESIAN_POINT ( 'NONE',  ( -4.299999999998999733, 0.9499999999999999556, 0.9000000000000000222 ) ) ;
#8797 = ORIENTED_EDGE ( 'NONE', *, *, #10301, .T. ) ;
#8798 = DIRECTION ( 'NONE',  ( 0.3236155771183229501, -0.8891264907158876740, -0.3236155771183229501 ) ) ;
#8799 = CARTESIAN_POINT ( 'NONE',  ( 0.2763495291990000213, -1.295289896437999744, 0.2000000000000000111 ) ) ;
#8800 = DIRECTION ( 'NONE',  ( 1.000000000000000000, 0.000000000000000000, 0.000000000000000000 ) ) ;
#8801 = DIRECTION ( 'NONE',  ( 0.000000000000000000, -1.000000000000000000, -3.457400261148000567E-15 ) ) ;
#8802 = FACE_OUTER_BOUND ( 'NONE', #4603, .T. ) ;
#8803 = ORIENTED_EDGE ( 'NONE', *, *, #4152, .F. ) ;
#8804 = CARTESIAN_POINT ( 'NONE',  ( 0.3854404488020000130, -1.368010002259000046, 0.2010000000000000120 ) ) ;
#8805 = ORIENTED_EDGE ( 'NONE', *, *, #497, .T. ) ;
#8806 = CARTESIAN_POINT ( 'NONE',  ( -9.840731680114000568, -0.4499999999989999777, 0.2000000000000000111 ) ) ;
#8807 = VECTOR ( 'NONE', #3308, 1000.000000000000000 ) ;
#8808 = FACE_BOUND ( 'NONE', #9713, .T. ) ;
#8809 = DIRECTION ( 'NONE',  ( 0.000000000000000000, 1.000000000000000000, 0.000000000000000000 ) ) ;
#8810 = DIRECTION ( 'NONE',  ( 0.000000000000000000, 3.491481338843000432E-15, -1.000000000000000000 ) ) ;
#8811 = CARTESIAN_POINT ( 'NONE',  ( -3.250000000000000000, 1.550000000000000044, 0.2000000000010000167 ) ) ;
#8812 = VECTOR ( 'NONE', #7678, 1000.000000000000000 ) ;
#8813 = CARTESIAN_POINT ( 'NONE',  ( 3.429999999998999627, 4.750000000000000000, 0.6999999999999999556 ) ) ;
#8814 = CARTESIAN_POINT ( 'NONE',  ( -0.2155504048559999941, -1.361912441282999930, 0.2010000000000000120 ) ) ;
#8815 = ORIENTED_EDGE ( 'NONE', *, *, #2769, .T. ) ;
#8816 = EDGE_CURVE ( 'NONE', #6082, #9295, #4614, .T. ) ;
#8817 = LINE ( 'NONE', #9609, #3761 ) ;
#8818 = ORIENTED_EDGE ( 'NONE', *, *, #2899, .T. ) ;
#8819 = VECTOR ( 'NONE', #4742, 1000.000000000000000 ) ;
#8820 = ORIENTED_EDGE ( 'NONE', *, *, #2149, .T. ) ;
#8821 = DIRECTION ( 'NONE',  ( -1.000000000000000000, 0.000000000000000000, 0.000000000000000000 ) ) ;
#8822 = ORIENTED_EDGE ( 'NONE', *, *, #8575, .F. ) ;
#8823 = LINE ( 'NONE', #2403, #6136 ) ;
#8824 = DIRECTION ( 'NONE',  ( 0.000000000000000000, 1.000000000000000000, 3.491481338843000432E-15 ) ) ;
#8825 = CARTESIAN_POINT ( 'NONE',  ( 0.2892197614220000101, -0.9229963668899999751, 0.2000000000000000111 ) ) ;
#8826 = EDGE_LOOP ( 'NONE', ( #4473, #500, #419, #8264 ) ) ;
#8827 = VECTOR ( 'NONE', #4400, 1000.000000000000000 ) ;
#8828 = AXIS2_PLACEMENT_3D ( 'NONE', #434, #4554, #7585 ) ;
#8829 = CARTESIAN_POINT ( 'NONE',  ( 0.6113065252799999572, -1.198539331253000162, 0.2010000000000000120 ) ) ;
#8830 = ORIENTED_EDGE ( 'NONE', *, *, #8831, .T. ) ;
#8831 = EDGE_CURVE ( 'NONE', #778, #7743, #5325, .T. ) ;
#8832 = DIRECTION ( 'NONE',  ( 0.000000000000000000, 1.000000000000000000, 2.168404344981855311E-15 ) ) ;
#8833 = VERTEX_POINT ( 'NONE', #3921 ) ;
#8834 = AXIS2_PLACEMENT_3D ( 'NONE', #737, #9042, #929 ) ;
#8835 = VECTOR ( 'NONE', #4492, 1000.000000000000000 ) ;
#8836 = ORIENTED_EDGE ( 'NONE', *, *, #633, .F. ) ;
#8837 = CARTESIAN_POINT ( 'NONE',  ( 2.899999999998999822, 0.8499999999999999778, 2.700000000000000178 ) ) ;
#8838 = FACE_OUTER_BOUND ( 'NONE', #6149, .T. ) ;
#8839 = CARTESIAN_POINT ( 'NONE',  ( 5.450000000000000178, 1.149999999998999822, 5.500000000000000888 ) ) ;
#8840 = VERTEX_POINT ( 'NONE', #2174 ) ;
#8841 = CIRCLE ( 'NONE', #3932, 0.1999999999989995891 ) ;
#8842 = AXIS2_PLACEMENT_3D ( 'NONE', #10197, #4684, #3149 ) ;
#8843 = VECTOR ( 'NONE', #1167, 1000.000000000000000 ) ;
#8844 = DIRECTION ( 'NONE',  ( 0.000000000000000000, -3.491481338843000432E-15, 1.000000000000000000 ) ) ;
#8845 = VERTEX_POINT ( 'NONE', #2918 ) ;
#8846 = LINE ( 'NONE', #639, #9190 ) ;
#8847 = ORIENTED_EDGE ( 'NONE', *, *, #4357, .T. ) ;
#8848 = CARTESIAN_POINT ( 'NONE',  ( -0.3563659536359999880, -0.9167904900640000410, 0.2000000000000000111 ) ) ;
#8849 = EDGE_CURVE ( 'NONE', #802, #10035, #591, .T. ) ;
#8850 = VECTOR ( 'NONE', #1952, 1000.000000000000000 ) ;
#8851 = LINE ( 'NONE', #4826, #919 ) ;
#8852 = CARTESIAN_POINT ( 'NONE',  ( 3.429999999998999627, 1.665702517779999781, 3.100000000000000533 ) ) ;
#8853 = CARTESIAN_POINT ( 'NONE',  ( 5.450000000000000178, 2.550000000000000266, 0.9000000000000000222 ) ) ;
#8854 = EDGE_LOOP ( 'NONE', ( #3338, #3376, #4830, #4565 ) ) ;
#8855 = LINE ( 'NONE', #3138, #2812 ) ;
#8856 = ORIENTED_EDGE ( 'NONE', *, *, #9313, .F. ) ;
#8857 = DIRECTION ( 'NONE',  ( 0.3236155771183229501, -0.8891264907158876740, -0.3236155771183229501 ) ) ;
#8858 = CARTESIAN_POINT ( 'NONE',  ( -6.150000000000000355, 2.550000000000000266, 0.2000000000010000167 ) ) ;
#8859 = CARTESIAN_POINT ( 'NONE',  ( -0.6173916678459999696, -1.133579730925999840, 0.2000000000000000111 ) ) ;
#8860 = VECTOR ( 'NONE', #10403, 1000.000000000000000 ) ;
#8861 = FACE_OUTER_BOUND ( 'NONE', #9213, .T. ) ;
#8862 = ADVANCED_FACE ( 'NONE', ( #8749 ), #8005, .T. ) ;
#8863 = EDGE_CURVE ( 'NONE', #4010, #1472, #1381, .T. ) ;
#8864 = DIRECTION ( 'NONE',  ( 0.000000000000000000, -0.9396926207860168967, 0.3420201433253704515 ) ) ;
#8865 = DIRECTION ( 'NONE',  ( 0.000000000000000000, -1.000000000000000000, -3.491481338843000432E-15 ) ) ;
#8866 = CARTESIAN_POINT ( 'NONE',  ( -4.599999999998999556, 1.149999999999999911, 2.700000000000000178 ) ) ;
#8867 = LINE ( 'NONE', #3348, #10346 ) ;
#8868 = ORIENTED_EDGE ( 'NONE', *, *, #10044, .T. ) ;
#8869 = VECTOR ( 'NONE', #3334, 1000.000000000000000 ) ;
#8870 = CARTESIAN_POINT ( 'NONE',  ( -3.888014882865999944, -3.834297482219000575, 3.199999999999000089 ) ) ;
#8871 = ORIENTED_EDGE ( 'NONE', *, *, #5253, .T. ) ;
#8872 = ORIENTED_EDGE ( 'NONE', *, *, #4442, .F. ) ;
#8873 = DIRECTION ( 'NONE',  ( 0.000000000000000000, 3.491481338843000432E-15, -1.000000000000000000 ) ) ;
#8874 = AXIS2_PLACEMENT_3D ( 'NONE', #6632, #8156, #1641 ) ;
#8875 = EDGE_LOOP ( 'NONE', ( #8163, #10105, #5708, #6408 ) ) ;
#8876 = CARTESIAN_POINT ( 'NONE',  ( 0.5527422780699999816, -1.117247807137000004, 0.2010000000000000120 ) ) ;
#8877 = DIRECTION ( 'NONE',  ( 0.000000000000000000, -1.000000000000000000, -3.491481338843000432E-15 ) ) ;
#8878 = LINE ( 'NONE', #4048, #1031 ) ;
#8879 = VECTOR ( 'NONE', #4966, 1000.000000000000000 ) ;
#8880 = ORIENTED_EDGE ( 'NONE', *, *, #2222, .T. ) ;
#8881 = ADVANCED_FACE ( 'NONE', ( #8644 ), #5411, .F. ) ;
#8882 = CARTESIAN_POINT ( 'NONE',  ( -3.429999999998999627, 2.490036550378000424, 0.6979060301970000380 ) ) ;
#8883 = VERTEX_POINT ( 'NONE', #8700 ) ;
#8884 = EDGE_CURVE ( 'NONE', #6578, #9243, #10333, .T. ) ;
#8885 = EDGE_CURVE ( 'NONE', #8665, #1596, #3974, .T. ) ;
#8886 = CARTESIAN_POINT ( 'NONE',  ( -5.450000000000000178, -5.250000000000000000, 3.999999999998999911 ) ) ;
#8887 = FACE_OUTER_BOUND ( 'NONE', #1527, .T. ) ;
#8888 = AXIS2_PLACEMENT_3D ( 'NONE', #1624, #2569, #2463 ) ;
#8889 = ORIENTED_EDGE ( 'NONE', *, *, #6820, .T. ) ;
#8890 = ORIENTED_EDGE ( 'NONE', *, *, #8628, .T. ) ;
#8891 = DIRECTION ( 'NONE',  ( 0.000000000000000000, 3.491481338843000432E-15, -1.000000000000000000 ) ) ;
#8892 = CARTESIAN_POINT ( 'NONE',  ( 0.3717311358319999592, -0.9108385971310000162, 0.2010000000000000120 ) ) ;
#8893 = LINE ( 'NONE', #5713, #7335 ) ;
#8894 = EDGE_CURVE ( 'NONE', #8983, #4328, #6156, .T. ) ;
#8895 = ORIENTED_EDGE ( 'NONE', *, *, #1726, .T. ) ;
#8896 = ADVANCED_FACE ( 'NONE', ( #6317 ), #9592, .T. ) ;
#8897 = VERTEX_POINT ( 'NONE', #1537 ) ;
#8898 = DIRECTION ( 'NONE',  ( 0.000000000000000000, 1.000000000000000000, 3.491481338843000432E-15 ) ) ;
#8899 = ADVANCED_FACE ( 'NONE', ( #8590 ), #1328, .F. ) ;
#8900 = ORIENTED_EDGE ( 'NONE', *, *, #8098, .F. ) ;
#8901 = DIRECTION ( 'NONE',  ( 0.000000000000000000, 3.491481338843000432E-15, -1.000000000000000000 ) ) ;
#8902 = ORIENTED_EDGE ( 'NONE', *, *, #6558, .F. ) ;
#8903 = CARTESIAN_POINT ( 'NONE',  ( 0.3582563334180000059, -1.312896382909000126, 0.2000000000000000111 ) ) ;
#8904 = CARTESIAN_POINT ( 'NONE',  ( 6.649999999999999467, -4.649999999998999378, 1.199999999999000089 ) ) ;
#8905 = EDGE_CURVE ( 'NONE', #7884, #235, #3764, .T. ) ;
#8906 = PLANE ( 'NONE',  #3789 ) ;
#8907 = DIRECTION ( 'NONE',  ( 0.000000000000000000, -3.491481338843000432E-15, 1.000000000000000000 ) ) ;
#8908 = VECTOR ( 'NONE', #3769, 1000.000000000000000 ) ;
#8909 = ORIENTED_EDGE ( 'NONE', *, *, #7373, .F. ) ;
#8910 = EDGE_CURVE ( 'NONE', #9784, #207, #7851, .T. ) ;
#8911 = CARTESIAN_POINT ( 'NONE',  ( -1.105794307295000056, -1.361912441282999930, 0.2000000000000000111 ) ) ;
#8912 = ORIENTED_EDGE ( 'NONE', *, *, #8183, .T. ) ;
#8913 = LINE ( 'NONE', #7376, #9864 ) ;
#8914 = LINE ( 'NONE', #854, #8599 ) ;
#8915 = LINE ( 'NONE', #1496, #7536 ) ;
#8916 = FACE_OUTER_BOUND ( 'NONE', #6630, .T. ) ;
#8917 = CARTESIAN_POINT ( 'NONE',  ( -0.4102608137440000302, -0.8655681142369999748, 0.2000000000000000111 ) ) ;
#8918 = EDGE_CURVE ( 'NONE', #5824, #9357, #1797, .T. ) ;
#8919 = CARTESIAN_POINT ( 'NONE',  ( -3.611985117132999967, -3.834297482219000575, 3.658014882865999962 ) ) ;
#8920 = DIRECTION ( 'NONE',  ( 0.000000000000000000, 0.3420201433253705070, -0.9396926207860170077 ) ) ;
#8921 = DIRECTION ( 'NONE',  ( -1.000000000000000000, 0.000000000000000000, 0.000000000000000000 ) ) ;
#8922 = ORIENTED_EDGE ( 'NONE', *, *, #8999, .T. ) ;
#8923 = FACE_OUTER_BOUND ( 'NONE', #8180, .T. ) ;
#8924 = EDGE_CURVE ( 'NONE', #159, #6256, #5728, .T. ) ;
#8925 = VERTEX_POINT ( 'NONE', #3283 ) ;
#8926 = ADVANCED_FACE ( 'NONE', ( #4022 ), #8957, .T. ) ;
#8927 = EDGE_LOOP ( 'NONE', ( #7040, #10298, #9304, #4470 ) ) ;
#8928 = DIRECTION ( 'NONE',  ( 1.000000000000000000, 0.000000000000000000, 0.000000000000000000 ) ) ;
#8929 = PLANE ( 'NONE',  #7652 ) ;
#8930 = DIRECTION ( 'NONE',  ( 0.000000000000000000, -1.000000000000000000, -2.891205793313955622E-15 ) ) ;
#8931 = VECTOR ( 'NONE', #8267, 1000.000000000000000 ) ;
#8932 = CARTESIAN_POINT ( 'NONE',  ( 0.4182440948499999700, -0.8599611451990000210, 0.2010000000000000120 ) ) ;
#8933 = VERTEX_POINT ( 'NONE', #9747 ) ;
#8934 = VECTOR ( 'NONE', #3045, 1000.000000000000000 ) ;
#8935 = LINE ( 'NONE', #2513, #182 ) ;
#8936 = ORIENTED_EDGE ( 'NONE', *, *, #7226, .F. ) ;
#8937 = B_SPLINE_CURVE_WITH_KNOTS ( 'NONE', 3,
 ( #6692, #5937, #9070, #8265, #9911, #5088, #6791 ),
 .UNSPECIFIED., .F., .F.,
 ( 4, 1, 1, 1, 4 ),
 ( 0.000000000000000000, 0.1744817153170000190, 0.3982857591280000165, 0.6738978473979999606, 1.000000000000000000 ),
 .UNSPECIFIED. ) ;
#8938 = VECTOR ( 'NONE', #8898, 1000.000000000000000 ) ;
#8939 = LINE ( 'NONE', #6666, #6398 ) ;
#8940 = LINE ( 'NONE', #8990, #2957 ) ;
#8941 = LINE ( 'NONE', #2679, #6393 ) ;
#8942 = EDGE_LOOP ( 'NONE', ( #8365, #6192, #7730, #4793 ) ) ;
#8943 = CARTESIAN_POINT ( 'NONE',  ( 6.150000000000000355, -5.249999999998999911, 0.2000000000000000111 ) ) ;
#8944 = CARTESIAN_POINT ( 'NONE',  ( 0.5522319254299999924, -1.094485393896000192, 0.2000000000000000111 ) ) ;
#8945 = DIRECTION ( 'NONE',  ( 0.3363908276650962592, -0.9417224702972694095, -3.300047958625943560E-15 ) ) ;
#8946 = EDGE_CURVE ( 'NONE', #4961, #6650, #7369, .T. ) ;
#8947 = PLANE ( 'NONE',  #1133 ) ;
#8948 = ORIENTED_EDGE ( 'NONE', *, *, #2696, .F. ) ;
#8949 = EDGE_CURVE ( 'NONE', #9997, #302, #1750, .T. ) ;
#8950 = ORIENTED_EDGE ( 'NONE', *, *, #9313, .T. ) ;
#8951 = LINE ( 'NONE', #1682, #7198 ) ;
#8952 = EDGE_CURVE ( 'NONE', #1377, #9405, #5662, .T. ) ;
#8953 = ORIENTED_EDGE ( 'NONE', *, *, #1801, .T. ) ;
#8954 = CARTESIAN_POINT ( 'NONE',  ( -4.069999999999000195, 1.765641600482000140, 3.103489949670000136 ) ) ;
#8955 = ORIENTED_EDGE ( 'NONE', *, *, #1211, .F. ) ;
#8956 = DIRECTION ( 'NONE',  ( 0.000000000000000000, 3.491481338843000432E-15, -1.000000000000000000 ) ) ;
#8957 = CYLINDRICAL_SURFACE ( 'NONE', #9549, 0.1999999999989995891 ) ;
#8958 = PLANE ( 'NONE',  #4295 ) ;
#8959 = LINE ( 'NONE', #8160, #9671 ) ;
#8960 = ORIENTED_EDGE ( 'NONE', *, *, #4251, .T. ) ;
#8961 = CARTESIAN_POINT ( 'NONE',  ( 1.570000000000000062, 1.665702517779999781, 3.200000000000000178 ) ) ;
#8962 = ORIENTED_EDGE ( 'NONE', *, *, #4514, .F. ) ;
#8963 = DIRECTION ( 'NONE',  ( 0.000000000000000000, -0.3420201433253705070, -0.9396926207860170077 ) ) ;
#8964 = CARTESIAN_POINT ( 'NONE',  ( 3.250000000000000000, 2.550000000000000266, 0.2000000000010000167 ) ) ;
#8965 = EDGE_CURVE ( 'NONE', #2626, #9000, #4128, .T. ) ;
#8966 = CARTESIAN_POINT ( 'NONE',  ( -1.799999999998999956, 1.149999999999999911, 0.9000000000000000222 ) ) ;
#8967 = CARTESIAN_POINT ( 'NONE',  ( 9.840731680114000568, -4.649999999998999378, 2.699999999999000089 ) ) ;
#8968 = CARTESIAN_POINT ( 'NONE',  ( -0.4595117987640000012, -0.8780791985060000249, 0.2000000000000000111 ) ) ;
#8969 = CARTESIAN_POINT ( 'NONE',  ( 3.249999999998999911, 1.550000000000000044, 0.9000000000000000222 ) ) ;
#8970 = DIRECTION ( 'NONE',  ( 0.3236155771183229501, -0.8891264907158876740, 0.3236155771183229501 ) ) ;
#8971 = CARTESIAN_POINT ( 'NONE',  ( -6.400000000000000355, -3.349999999999000000, 0.000000000000000000 ) ) ;
#8972 = ORIENTED_EDGE ( 'NONE', *, *, #1538, .F. ) ;
#8973 = AXIS2_PLACEMENT_3D ( 'NONE', #8763, #9450, #9498 ) ;
#8974 = CARTESIAN_POINT ( 'NONE',  ( 5.450000000000000178, 1.549999999998999956, 4.400000000000000355 ) ) ;
#8975 = VERTEX_POINT ( 'NONE', #4928 ) ;
#8976 = ORIENTED_EDGE ( 'NONE', *, *, #4917, .F. ) ;
#8977 = DIRECTION ( 'NONE',  ( 1.000000000000000000, 0.000000000000000000, 0.000000000000000000 ) ) ;
#8978 = VECTOR ( 'NONE', #9026, 1000.000000000000000 ) ;
#8979 = LINE ( 'NONE', #7442, #2571 ) ;
#8980 = CARTESIAN_POINT ( 'NONE',  ( 0.08323008294800000872, -1.136302685186000083, 0.2010000000000000120 ) ) ;
#8981 = EDGE_CURVE ( 'NONE', #8833, #2943, #10488, .T. ) ;
#8982 = PLANE ( 'NONE',  #1365 ) ;
#8983 = VERTEX_POINT ( 'NONE', #3333 ) ;
#8984 = LINE ( 'NONE', #8560, #6643 ) ;
#8985 = EDGE_CURVE ( 'NONE', #1612, #10485, #6526, .T. ) ;
#8986 = CARTESIAN_POINT ( 'NONE',  ( -0.6177898452989999400, -1.096560848241999953, 0.2010000000000000120 ) ) ;
#8987 = ORIENTED_EDGE ( 'NONE', *, *, #7672, .T. ) ;
#8988 = VECTOR ( 'NONE', #2620, 1000.000000000000000 ) ;
#8989 = CARTESIAN_POINT ( 'NONE',  ( 3.429999999998999627, -3.334297482219000575, 3.199999999999000089 ) ) ;
#8990 = CARTESIAN_POINT ( 'NONE',  ( -1.388014882866000166, 5.250000000000000000, 0.6400000000000000133 ) ) ;
#8991 = CARTESIAN_POINT ( 'NONE',  ( -0.5219364817540000923, -1.225615708219000011, 0.2010000000000000120 ) ) ;
#8992 = VERTEX_POINT ( 'NONE', #5674 ) ;
#8993 = DIRECTION ( 'NONE',  ( 1.000000000000000000, 0.000000000000000000, 0.000000000000000000 ) ) ;
#8994 = LINE ( 'NONE', #1736, #40 ) ;
#8995 = VECTOR ( 'NONE', #3548, 1000.000000000000000 ) ;
#8996 = VECTOR ( 'NONE', #3448, 1000.000000000000000 ) ;
#8997 = CARTESIAN_POINT ( 'NONE',  ( 0.5498566840890000140, -1.072517172186999934, 0.2010000000000000120 ) ) ;
#8998 = CYLINDRICAL_SURFACE ( 'NONE', #4799, 0.1999999999989995891 ) ;
#8999 = EDGE_CURVE ( 'NONE', #4775, #9293, #1001, .T. ) ;
#9000 = VERTEX_POINT ( 'NONE', #9852 ) ;
#9001 = VERTEX_POINT ( 'NONE', #2593 ) ;
#9002 = AXIS2_PLACEMENT_3D ( 'NONE', #856, #5632, #6123 ) ;
#9003 = AXIS2_PLACEMENT_3D ( 'NONE', #2902, #8415, #3534 ) ;
#9004 = CARTESIAN_POINT ( 'NONE',  ( -3.429999999998999627, -3.334297482219000575, 3.199999999999000089 ) ) ;
#9005 = ORIENTED_EDGE ( 'NONE', *, *, #6976, .T. ) ;
#9006 = LINE ( 'NONE', #8208, #1912 ) ;
#9007 = EDGE_LOOP ( 'NONE', ( #8059, #179, #5221, #3327 ) ) ;
#9008 = CARTESIAN_POINT ( 'NONE',  ( -7.500000000000000000, -2.250000000000000000, 3.999999999998999911 ) ) ;
#9009 = CARTESIAN_POINT ( 'NONE',  ( 6.400000000000000355, -4.837228132325999574, 0.2000000000000000111 ) ) ;
#9010 = AXIS2_PLACEMENT_3D ( 'NONE', #3791, #10045, #2094 ) ;
#9011 = CIRCLE ( 'NONE', #9182, 0.1999999999989995891 ) ;
#9012 = PLANE ( 'NONE',  #2429 ) ;
#9013 = CARTESIAN_POINT ( 'NONE',  ( 4.549999999999999822, -4.109415119350000367, 6.199999999999000089 ) ) ;
#9014 = VERTEX_POINT ( 'NONE', #955 ) ;
#9015 = ORIENTED_EDGE ( 'NONE', *, *, #4644, .T. ) ;
#9016 = EDGE_CURVE ( 'NONE', #557, #7013, #8053, .T. ) ;
#9017 = PLANE ( 'NONE',  #1237 ) ;
#9018 = DIRECTION ( 'NONE',  ( 0.000000000000000000, -3.491481338843000432E-15, 1.000000000000000000 ) ) ;
#9019 = EDGE_CURVE ( 'NONE', #8009, #7610, #7217, .T. ) ;
#9020 = LINE ( 'NONE', #9171, #1448 ) ;
#9021 = VECTOR ( 'NONE', #2772, 1000.000000000000000 ) ;
#9022 = VECTOR ( 'NONE', #9859, 1000.000000000000000 ) ;
#9023 = VECTOR ( 'NONE', #2858, 1000.000000000000000 ) ;
#9024 = DIRECTION ( 'NONE',  ( 0.000000000000000000, -1.000000000000000000, -3.491481338843000432E-15 ) ) ;
#9025 = CARTESIAN_POINT ( 'NONE',  ( -0.6137651098009999640, -1.052994330570000026, 0.2000000000000000111 ) ) ;
#9026 = DIRECTION ( 'NONE',  ( 0.000000000000000000, -3.491481338843000432E-15, 1.000000000000000000 ) ) ;
#9027 = DIRECTION ( 'NONE',  ( -1.000000000000000000, 0.000000000000000000, 0.000000000000000000 ) ) ;
#9028 = DIRECTION ( 'NONE',  ( 1.000000000000000000, 0.000000000000000000, 0.000000000000000000 ) ) ;
#9029 = EDGE_CURVE ( 'NONE', #6382, #10200, #7263, .T. ) ;
#9030 = ORIENTED_EDGE ( 'NONE', *, *, #7396, .F. ) ;
#9031 = DIRECTION ( 'NONE',  ( 0.000000000000000000, 0.000000000000000000, 1.000000000000000000 ) ) ;
#9032 = EDGE_CURVE ( 'NONE', #8420, #6385, #1928, .T. ) ;
#9033 = AXIS2_PLACEMENT_3D ( 'NONE', #4973, #10426, #8787 ) ;
#9034 = ORIENTED_EDGE ( 'NONE', *, *, #5007, .F. ) ;
#9035 = ORIENTED_EDGE ( 'NONE', *, *, #4242, .T. ) ;
#9036 = DIRECTION ( 'NONE',  ( 1.000000000000000000, 0.000000000000000000, 0.000000000000000000 ) ) ;
#9037 = DIRECTION ( 'NONE',  ( -0.9396926207860170077, 0.3420201433253705070, 1.194156947931292562E-15 ) ) ;
#9038 = LINE ( 'NONE', #3204, #3209 ) ;
#9039 = CIRCLE ( 'NONE', #5318, 0.1999999999989995891 ) ;
#9040 = LINE ( 'NONE', #3410, #8135 ) ;
#9041 = ORIENTED_EDGE ( 'NONE', *, *, #4219, .T. ) ;
#9042 = DIRECTION ( 'NONE',  ( 0.000000000000000000, 3.491481338843000432E-15, -1.000000000000000000 ) ) ;
#9043 = CARTESIAN_POINT ( 'NONE',  ( -7.500000000000000000, 2.549999999998999733, 3.700000000000000178 ) ) ;
#9044 = ORIENTED_EDGE ( 'NONE', *, *, #5030, .T. ) ;
#9045 = VECTOR ( 'NONE', #4180, 1000.000000000000000 ) ;
#9046 = CARTESIAN_POINT ( 'NONE',  ( 0.2620073614630000214, -1.343804240269999895, 0.2000000000000000111 ) ) ;
#9047 = CARTESIAN_POINT ( 'NONE',  ( -7.500000000000000000, -5.250000000000000000, 3.999999999998999911 ) ) ;
#9048 = CARTESIAN_POINT ( 'NONE',  ( -0.5308772368340000103, -1.209006060472999966, 0.2010000000000000120 ) ) ;
#9049 = ORIENTED_EDGE ( 'NONE', *, *, #9229, .T. ) ;
#9050 = PLANE ( 'NONE',  #10184 ) ;
#9051 = PLANE ( 'NONE',  #7485 ) ;
#9052 = CARTESIAN_POINT ( 'NONE',  ( 4.069999999999000195, 2.550000000000000266, 1.000013873792005015E-12 ) ) ;
#9053 = LINE ( 'NONE', #1787, #8518 ) ;
#9054 = EDGE_CURVE ( 'NONE', #1944, #6519, #10437, .T. ) ;
#9055 = ORIENTED_EDGE ( 'NONE', *, *, #5817, .T. ) ;
#9056 = ORIENTED_EDGE ( 'NONE', *, *, #272, .F. ) ;
#9057 = VERTEX_POINT ( 'NONE', #6415 ) ;
#9058 = VECTOR ( 'NONE', #7832, 1000.000000000000000 ) ;
#9059 = EDGE_CURVE ( 'NONE', #2674, #6765, #9637, .T. ) ;
#9060 = CARTESIAN_POINT ( 'NONE',  ( -0.8765641243680000194, -0.9228880510390000680, 0.2000000000000000111 ) ) ;
#9061 = EDGE_CURVE ( 'NONE', #612, #9479, #8851, .T. ) ;
#9062 = ORIENTED_EDGE ( 'NONE', *, *, #2206, .T. ) ;
#9063 = DIRECTION ( 'NONE',  ( 0.000000000000000000, 0.03489949670200395010, -0.9993908270191130816 ) ) ;
#9064 = ORIENTED_EDGE ( 'NONE', *, *, #1790, .F. ) ;
#9065 = CARTESIAN_POINT ( 'NONE',  ( 0.2524603943539999729, -1.283708535446000054, 0.2000000000000000111 ) ) ;
#9066 = DIRECTION ( 'NONE',  ( 0.3236155771183229501, 0.8891264907158876740, -0.3236155771183229501 ) ) ;
#9067 = CARTESIAN_POINT ( 'NONE',  ( -0.9299999999989999599, 2.550000000000000266, 0.6999999999999999556 ) ) ;
#9068 = LINE ( 'NONE', #8263, #7145 ) ;
#9069 = ORIENTED_EDGE ( 'NONE', *, *, #9275, .T. ) ;
#9070 = CARTESIAN_POINT ( 'NONE',  ( -0.8822331139650000376, -0.9514003536289999952, 0.2010000000000000120 ) ) ;
#9071 = LINE ( 'NONE', #908, #5891 ) ;
#9072 = LINE ( 'NONE', #9227, #1744 ) ;
#9073 = DIRECTION ( 'NONE',  ( 0.3236155771183229501, 0.8891264907158876740, -0.3236155771183229501 ) ) ;
#9074 = AXIS2_PLACEMENT_3D ( 'NONE', #6984, #3681, #8456 ) ;
#9075 = CARTESIAN_POINT ( 'NONE',  ( -0.5998652085010000024, -1.005510520385999973, 0.2010000000000000120 ) ) ;
#9076 = CARTESIAN_POINT ( 'NONE',  ( 1.388014882866000166, -3.834297482219000575, 3.199999999999000089 ) ) ;
#9077 = CARTESIAN_POINT ( 'NONE',  ( 1.570000000000000062, -3.834297482219000575, 3.839999999999000213 ) ) ;
#9078 = ADVANCED_FACE ( 'NONE', ( #9163 ), #10005, .F. ) ;
#9079 = CARTESIAN_POINT ( 'NONE',  ( 6.150000000000000355, -4.649999999998999378, 2.699999999999000089 ) ) ;
#9080 = FACE_OUTER_BOUND ( 'NONE', #895, .T. ) ;
#9081 = ORIENTED_EDGE ( 'NONE', *, *, #6460, .T. ) ;
#9082 = CARTESIAN_POINT ( 'NONE',  ( 4.299999999999999822, 0.9499999999999999556, 0.9000000000000000222 ) ) ;
#9083 = EDGE_CURVE ( 'NONE', #569, #2511, #1957, .T. ) ;
#9084 = ORIENTED_EDGE ( 'NONE', *, *, #7980, .F. ) ;
#9085 = EDGE_CURVE ( 'NONE', #10262, #5800, #2779, .T. ) ;
#9086 = CARTESIAN_POINT ( 'NONE',  ( 1.570000000000000062, 0.8499999999989999999, 3.840000000000000302 ) ) ;
#9087 = CARTESIAN_POINT ( 'NONE',  ( -4.299999999998999733, 0.9499999999999999556, 2.700000000000000178 ) ) ;
#9088 = PLANE ( 'NONE',  #3544 ) ;
#9089 = LINE ( 'NONE', #2456, #697 ) ;
#9090 = ORIENTED_EDGE ( 'NONE', *, *, #3603, .F. ) ;
#9091 = FACE_OUTER_BOUND ( 'NONE', #7366, .T. ) ;
#9092 = PLANE ( 'NONE',  #8638 ) ;
#9093 = ORIENTED_EDGE ( 'NONE', *, *, #4821, .F. ) ;
#9094 = VECTOR ( 'NONE', #9833, 1000.000000000000000 ) ;
#9095 = ORIENTED_EDGE ( 'NONE', *, *, #9926, .F. ) ;
#9096 = CARTESIAN_POINT ( 'NONE',  ( -4.069999999999000195, 1.665702517779999781, 3.100000000000000533 ) ) ;
#9097 = ADVANCED_FACE ( 'NONE', ( #7471 ), #4108, .T. ) ;
#9098 = CARTESIAN_POINT ( 'NONE',  ( 0.9185959366070000076, -0.8619124412830000415, 0.2010000000000000120 ) ) ;
#9099 = ORIENTED_EDGE ( 'NONE', *, *, #2393, .F. ) ;
#9100 = VECTOR ( 'NONE', #736, 1000.000000000000000 ) ;
#9101 = DIRECTION ( 'NONE',  ( 0.000000000000000000, 3.491481338843000432E-15, -1.000000000000000000 ) ) ;
#9102 = CARTESIAN_POINT ( 'NONE',  ( 4.069999999999000195, 1.665702517779999781, 3.100000000000000533 ) ) ;
#9103 = VECTOR ( 'NONE', #8928, 1000.000000000000000 ) ;
#9104 = CARTESIAN_POINT ( 'NONE',  ( -7.500000000000000000, -5.249999999998999911, 0.2000000000000000111 ) ) ;
#9105 = CARTESIAN_POINT ( 'NONE',  ( 2.500000000000000000, 0.9499999999999999556, 3.200000000000000178 ) ) ;
#9106 = ORIENTED_EDGE ( 'NONE', *, *, #8707, .F. ) ;
#9107 = ORIENTED_EDGE ( 'NONE', *, *, #3284, .F. ) ;
#9108 = ORIENTED_EDGE ( 'NONE', *, *, #7440, .T. ) ;
#9109 = CARTESIAN_POINT ( 'NONE',  ( 0.2750481398469999950, -0.9285664359769999487, 0.2010000000000000120 ) ) ;
#9110 = ORIENTED_EDGE ( 'NONE', *, *, #7528, .T. ) ;
#9111 = PLANE ( 'NONE',  #7500 ) ;
#9112 = ORIENTED_EDGE ( 'NONE', *, *, #3119, .T. ) ;
#9113 = DIRECTION ( 'NONE',  ( 1.000000000000000000, 0.000000000000000000, 0.000000000000000000 ) ) ;
#9114 = CARTESIAN_POINT ( 'NONE',  ( -4.549999999998999733, -4.109415119350000367, 6.199999999999000089 ) ) ;
#9115 = ADVANCED_FACE ( 'NONE', ( #10061 ), #2801, .T. ) ;
#9116 = DIRECTION ( 'NONE',  ( 0.000000000000000000, 0.3420201433253705070, -0.9396926207860170077 ) ) ;
#9117 = CARTESIAN_POINT ( 'NONE',  ( -7.500000000000000000, 2.550000000000000266, 0.2000000000010000167 ) ) ;
#9118 = EDGE_CURVE ( 'NONE', #2710, #2958, #1848, .T. ) ;
#9119 = VERTEX_POINT ( 'NONE', #7574 ) ;
#9120 = CARTESIAN_POINT ( 'NONE',  ( 0.08323008294800000872, -1.307034392503000131, 0.2000000000000000111 ) ) ;
#9121 = DIRECTION ( 'NONE',  ( 0.000000000000000000, -3.491481338843000432E-15, 1.000000000000000000 ) ) ;
#9122 = LINE ( 'NONE', #4294, #4781 ) ;
#9123 = CARTESIAN_POINT ( 'NONE',  ( -3.429999999998999627, 1.765641600482000140, 3.103489949670000136 ) ) ;
#9124 = CARTESIAN_POINT ( 'NONE',  ( 4.069999999999000195, -3.334297482219000575, 3.839999999999000213 ) ) ;
#9125 = DIRECTION ( 'NONE',  ( 1.000000000000000000, 0.000000000000000000, 0.000000000000000000 ) ) ;
#9126 = DIRECTION ( 'NONE',  ( 0.000000000000000000, 3.491481338843000432E-15, -1.000000000000000000 ) ) ;
#9127 = CARTESIAN_POINT ( 'NONE',  ( 3.429999999998999627, 1.550000000000000044, 3.200000000000000178 ) ) ;
#9128 = CARTESIAN_POINT ( 'NONE',  ( 5.450000000000000178, 1.250000000000000000, 2.900000000000000355 ) ) ;
#9129 = ORIENTED_EDGE ( 'NONE', *, *, #7895, .T. ) ;
#9130 = CARTESIAN_POINT ( 'NONE',  ( 1.570000000000000062, 1.765641600482000140, 3.103489949670000136 ) ) ;
#9131 = VERTEX_POINT ( 'NONE', #9114 ) ;
#9132 = CARTESIAN_POINT ( 'NONE',  ( -1.111985117132999967, 5.250000000000000000, 0.6400000000000000133 ) ) ;
#9133 = DIRECTION ( 'NONE',  ( 0.000000000000000000, 3.491481338843000432E-15, -1.000000000000000000 ) ) ;
#9134 = CARTESIAN_POINT ( 'NONE',  ( 0.2478642292900000155, -0.9427051242099999673, 0.2010000000000000120 ) ) ;
#9135 = VECTOR ( 'NONE', #6272, 1000.000000000000000 ) ;
#9136 = EDGE_CURVE ( 'NONE', #8148, #6819, #10060, .T. ) ;
#9137 = CARTESIAN_POINT ( 'NONE',  ( -0.4352179733479999979, -0.9283800701189999227, 0.2010000000000000120 ) ) ;
#9138 = ORIENTED_EDGE ( 'NONE', *, *, #2718, .F. ) ;
#9139 = DIRECTION ( 'NONE',  ( 0.000000000000000000, 3.584412953627000671E-15, -1.000000000000000000 ) ) ;
#9140 = ORIENTED_EDGE ( 'NONE', *, *, #8697, .T. ) ;
#9141 = EDGE_CURVE ( 'NONE', #1308, #7944, #7679, .T. ) ;
#9142 = ORIENTED_EDGE ( 'NONE', *, *, #6703, .T. ) ;
#9143 = VECTOR ( 'NONE', #6354, 1000.000000000000000 ) ;
#9144 = VERTEX_POINT ( 'NONE', #7098 ) ;
#9145 = CARTESIAN_POINT ( 'NONE',  ( 1.388014882866000166, 5.250000000000000000, 0.4580148828660000060 ) ) ;
#9146 = EDGE_LOOP ( 'NONE', ( #8723, #2159, #3218, #840, #7815, #2585, #9622, #4593 ) ) ;
#9147 = CARTESIAN_POINT ( 'NONE',  ( 0.1503032536799999985, -0.8619124412830000415, 0.2010000000000000120 ) ) ;
#9148 = LINE ( 'NONE', #6126, #1524 ) ;
#9149 = DIRECTION ( 'NONE',  ( 0.000000000000000000, -0.3420201433253705070, -0.9396926207860170077 ) ) ;
#9150 = DIRECTION ( 'NONE',  ( 0.000000000000000000, 3.491481338843000432E-15, -1.000000000000000000 ) ) ;
#9151 = ORIENTED_EDGE ( 'NONE', *, *, #3911, .T. ) ;
#9152 = VECTOR ( 'NONE', #7665, 1000.000000000000000 ) ;
#9153 = EDGE_CURVE ( 'NONE', #5775, #9910, #7050, .T. ) ;
#9154 = DIRECTION ( 'NONE',  ( 0.000000000000000000, -3.491481338843000432E-15, 1.000000000000000000 ) ) ;
#9155 = VERTEX_POINT ( 'NONE', #7149 ) ;
#9156 = VERTEX_POINT ( 'NONE', #2213 ) ;
#9157 = CARTESIAN_POINT ( 'NONE',  ( 0.2750481398469999950, -0.9285664359769999487, 0.2000000000000000111 ) ) ;
#9158 = VERTEX_POINT ( 'NONE', #10219 ) ;
#9159 = CARTESIAN_POINT ( 'NONE',  ( -4.549999999998999733, -4.109415119350000367, 6.199999999999000089 ) ) ;
#9160 = AXIS2_PLACEMENT_3D ( 'NONE', #6330, #4789, #3720 ) ;
#9161 = ORIENTED_EDGE ( 'NONE', *, *, #1159, .F. ) ;
#9162 = CARTESIAN_POINT ( 'NONE',  ( -0.9299999999989999599, 1.765641600482000140, 3.103489949670000136 ) ) ;
#9163 = FACE_OUTER_BOUND ( 'NONE', #10461, .T. ) ;
#9164 = FACE_OUTER_BOUND ( 'NONE', #3010, .T. ) ;
#9165 = DIRECTION ( 'NONE',  ( 1.000000000000000000, 0.000000000000000000, 0.000000000000000000 ) ) ;
#9166 = EDGE_LOOP ( 'NONE', ( #8392, #209, #4105, #9659 ) ) ;
#9167 = VECTOR ( 'NONE', #1122, 1000.000000000000114 ) ;
#9168 = VECTOR ( 'NONE', #4549, 1000.000000000000000 ) ;
#9169 = CARTESIAN_POINT ( 'NONE',  ( 0.2478642292900000155, -1.335997807137000004, 0.2010000000000000120 ) ) ;
#9170 = CARTESIAN_POINT ( 'NONE',  ( 5.450000000000000178, 1.250000000000000000, 2.900000000000000355 ) ) ;
#9171 = CARTESIAN_POINT ( 'NONE',  ( -1.570000000000000062, -3.334297482219000575, 3.839999999999000213 ) ) ;
#9172 = CARTESIAN_POINT ( 'NONE',  ( -0.3798343749609999764, -1.361399924631000014, 0.2010000000000000120 ) ) ;
#9173 = AXIS2_PLACEMENT_3D ( 'NONE', #10325, #8634, #8689 ) ;
#9174 = VECTOR ( 'NONE', #8684, 1000.000000000000000 ) ;
#9175 = DIRECTION ( 'NONE',  ( 0.000000000000000000, -3.491481338843000432E-15, 1.000000000000000000 ) ) ;
#9176 = LINE ( 'NONE', #5364, #10390 ) ;
#9177 = DIRECTION ( 'NONE',  ( 0.000000000000000000, 1.000000000000000000, 3.491481338843000432E-15 ) ) ;
#9178 = DIRECTION ( 'NONE',  ( 0.000000000000000000, -1.000000000000000000, -3.578217512641000256E-15 ) ) ;
#9179 = ORIENTED_EDGE ( 'NONE', *, *, #523, .F. ) ;
#9180 = DIRECTION ( 'NONE',  ( 0.000000000000000000, 1.000000000000000000, 3.491481338843000432E-15 ) ) ;
#9181 = VECTOR ( 'NONE', #10361, 1000.000000000000000 ) ;
#9182 = AXIS2_PLACEMENT_3D ( 'NONE', #1814, #2394, #4950 ) ;
#9183 = EDGE_LOOP ( 'NONE', ( #5552, #3977, #8574, #1078 ) ) ;
#9184 = EDGE_CURVE ( 'NONE', #567, #569, #7776, .T. ) ;
#9185 = EDGE_CURVE ( 'NONE', #7723, #8782, #10268, .T. ) ;
#9186 = LINE ( 'NONE', #1974, #3675 ) ;
#9187 = FACE_OUTER_BOUND ( 'NONE', #9734, .T. ) ;
#9188 = DIRECTION ( 'NONE',  ( 0.000000000000000000, 3.491481338843000432E-15, -1.000000000000000000 ) ) ;
#9189 = CARTESIAN_POINT ( 'NONE',  ( -0.4835267762800000146, -0.9531472383879999732, 0.2010000000000000120 ) ) ;
#9190 = VECTOR ( 'NONE', #7213, 1000.000000000000000 ) ;
#9191 = ORIENTED_EDGE ( 'NONE', *, *, #3325, .F. ) ;
#9192 = VECTOR ( 'NONE', #8453, 1000.000000000000000 ) ;
#9193 = LINE ( 'NONE', #6815, #10311 ) ;
#9194 = ORIENTED_EDGE ( 'NONE', *, *, #5170, .T. ) ;
#9195 = ORIENTED_EDGE ( 'NONE', *, *, #438, .T. ) ;
#9196 = ORIENTED_EDGE ( 'NONE', *, *, #5268, .T. ) ;
#9197 = CARTESIAN_POINT ( 'NONE',  ( 4.069999999999000195, 4.750000000000000000, 1.000013873792005015E-12 ) ) ;
#9198 = AXIS2_PLACEMENT_3D ( 'NONE', #5038, #6583, #6633 ) ;
#9199 = ORIENTED_EDGE ( 'NONE', *, *, #4193, .T. ) ;
#9200 = PLANE ( 'NONE',  #9010 ) ;
#9201 = LINE ( 'NONE', #3521, #1185 ) ;
#9202 = ADVANCED_FACE ( 'NONE', ( #629 ), #3013, .T. ) ;
#9203 = LINE ( 'NONE', #5339, #9152 ) ;
#9204 = CARTESIAN_POINT ( 'NONE',  ( -0.5245578117180000888, -0.9123377009409999738, 0.2000000000000000111 ) ) ;
#9205 = ORIENTED_EDGE ( 'NONE', *, *, #1116, .T. ) ;
#9206 = EDGE_CURVE ( 'NONE', #662, #9631, #4707, .T. ) ;
#9207 = CARTESIAN_POINT ( 'NONE',  ( 0.4110937769099999861, -1.367437859133999956, 0.2000000000000000111 ) ) ;
#9209 = ORIENTED_EDGE ( 'NONE', *, *, #5715, .T. ) ;
#9208 = ORIENTED_EDGE ( 'NONE', *, *, #3381, .T. ) ;
#9210 = AXIS2_PLACEMENT_3D ( 'NONE', #7421, #5036, #8261 ) ;
#9211 = EDGE_LOOP ( 'NONE', ( #2457, #1363, #4401, #3526 ) ) ;
#9212 = FACE_OUTER_BOUND ( 'NONE', #5386, .T. ) ;
#9213 = EDGE_LOOP ( 'NONE', ( #4949, #2192, #6475, #8912 ) ) ;
#9214 = LINE ( 'NONE', #5189, #8341 ) ;
#9215 = ORIENTED_EDGE ( 'NONE', *, *, #1141, .F. ) ;
#9216 = EDGE_CURVE ( 'NONE', #8393, #9014, #10379, .T. ) ;
#9217 = PLANE ( 'NONE',  #9003 ) ;
#9218 = VECTOR ( 'NONE', #6892, 1000.000000000000000 ) ;
#9219 = CARTESIAN_POINT ( 'NONE',  ( 6.400000000000000355, -3.349999999999000000, 0.2000000000000000111 ) ) ;
#9220 = EDGE_CURVE ( 'NONE', #676, #557, #1317, .T. ) ;
#9221 = DIRECTION ( 'NONE',  ( 0.000000000000000000, -1.000000000000000000, -3.491481338843000432E-15 ) ) ;
#9222 = LINE ( 'NONE', #2006, #3752 ) ;
#9223 = ORIENTED_EDGE ( 'NONE', *, *, #7331, .F. ) ;
#9224 = FACE_OUTER_BOUND ( 'NONE', #8942, .T. ) ;
#9225 = EDGE_CURVE ( 'NONE', #31, #5288, #10160, .T. ) ;
#9226 = CARTESIAN_POINT ( 'NONE',  ( 7.499999999998999911, -0.4499999999989999777, 0.2000000000000000111 ) ) ;
#9227 = CARTESIAN_POINT ( 'NONE',  ( 3.840048339104999986, -3.966084478092999799, 3.610048339105000448 ) ) ;
#9228 = VECTOR ( 'NONE', #1911, 1000.000000000000000 ) ;
#9229 = EDGE_CURVE ( 'NONE', #6661, #1336, #6155, .T. ) ;
#9230 = CARTESIAN_POINT ( 'NONE',  ( 0.5217692242220001164, -1.330362284353000080, 0.2000000000000000111 ) ) ;
#9231 = PLANE ( 'NONE',  #757 ) ;
#9232 = CARTESIAN_POINT ( 'NONE',  ( -3.429999999998999627, 1.850426421085999973, 0.6755703523079999995 ) ) ;
#9233 = CARTESIAN_POINT ( 'NONE',  ( -3.250000000000000000, 2.550000000000000266, 0.9000000000000000222 ) ) ;
#9234 = DIRECTION ( 'NONE',  ( 0.000000000000000000, -3.457400261148000567E-15, 1.000000000000000000 ) ) ;
#9235 = ORIENTED_EDGE ( 'NONE', *, *, #3354, .F. ) ;
#9236 = FACE_OUTER_BOUND ( 'NONE', #10354, .T. ) ;
#9237 = DIRECTION ( 'NONE',  ( 0.000000000000000000, -3.491481338843000432E-15, 1.000000000000000000 ) ) ;
#9238 = EDGE_CURVE ( 'NONE', #8551, #670, #2317, .T. ) ;
#9239 = CYLINDRICAL_SURFACE ( 'NONE', #8417, 0.1999999999989995891 ) ;
#9240 = CARTESIAN_POINT ( 'NONE',  ( -0.7277455268069999983, -1.361912441282999930, 0.2000000000000000111 ) ) ;
#9241 = CARTESIAN_POINT ( 'NONE',  ( -0.9299999999989999599, -3.334297482219000575, 3.199999999999000089 ) ) ;
#9242 = CARTESIAN_POINT ( 'NONE',  ( -0.3563659536359999880, -0.9167904900640000410, 0.2010000000000000120 ) ) ;
#9243 = VERTEX_POINT ( 'NONE', #6302 ) ;
#9244 = EDGE_CURVE ( 'NONE', #670, #8342, #6996, .T. ) ;
#9245 = AXIS2_PLACEMENT_3D ( 'NONE', #9392, #7112, #7742 ) ;
#9246 = EDGE_CURVE ( 'NONE', #4265, #6599, #7726, .T. ) ;
#9247 = DIRECTION ( 'NONE',  ( 0.3236155771183229501, 0.8891264907158876740, 0.3236155771183229501 ) ) ;
#9248 = EDGE_LOOP ( 'NONE', ( #8805, #8783, #453, #6142 ) ) ;
#9249 = ORIENTED_EDGE ( 'NONE', *, *, #3935, .T. ) ;
#9250 = VERTEX_POINT ( 'NONE', #3807 ) ;
#9251 = CARTESIAN_POINT ( 'NONE',  ( 0.5156494595420000326, -1.246625159638000024, 0.2000000000000000111 ) ) ;
#9252 = ORIENTED_EDGE ( 'NONE', *, *, #7429, .T. ) ;
#9253 = LINE ( 'NONE', #9360, #8168 ) ;
#9254 = CARTESIAN_POINT ( 'NONE',  ( -3.250000000000000000, 1.550000000000000044, 0.9000000000000000222 ) ) ;
#9255 = LINE ( 'NONE', #5125, #688 ) ;
#9256 = DIRECTION ( 'NONE',  ( 0.000000000000000000, -1.000000000000000000, -3.614007241618338910E-15 ) ) ;
#9257 = ORIENTED_EDGE ( 'NONE', *, *, #7784, .T. ) ;
#9258 = CARTESIAN_POINT ( 'NONE',  ( 0.4593481462329999654, -1.358937325555999776, 0.2000000000000000111 ) ) ;
#9260 = ORIENTED_EDGE ( 'NONE', *, *, #226, .F. ) ;
#9259 = ORIENTED_EDGE ( 'NONE', *, *, #8985, .F. ) ;
#9261 = VERTEX_POINT ( 'NONE', #2963 ) ;
#9262 = CARTESIAN_POINT ( 'NONE',  ( -4.599999999998999556, 1.149999999998999822, 5.500000000000000888 ) ) ;
#9263 = ORIENTED_EDGE ( 'NONE', *, *, #4119, .T. ) ;
#9264 = VECTOR ( 'NONE', #8873, 1000.000000000000000 ) ;
#9265 = EDGE_LOOP ( 'NONE', ( #1455, #10055, #2666, #8408 ) ) ;
#9266 = CARTESIAN_POINT ( 'NONE',  ( -3.429999999998999627, 2.405251729774000147, 3.125825627559000175 ) ) ;
#9267 = ADVANCED_FACE ( 'NONE', ( #5401 ), #5350, .T. ) ;
#9268 = DIRECTION ( 'NONE',  ( 0.000000000000000000, 3.491481338843000432E-15, -1.000000000000000000 ) ) ;
#9269 = AXIS2_PLACEMENT_3D ( 'NONE', #2438, #804, #7958 ) ;
#9270 = CARTESIAN_POINT ( 'NONE',  ( 0.8515227658750000872, -0.8619124412830000415, 0.2010000000000000120 ) ) ;
#9271 = EDGE_CURVE ( 'NONE', #3634, #2997, #7838, .T. ) ;
#9272 = LINE ( 'NONE', #9117, #7985 ) ;
#9273 = EDGE_LOOP ( 'NONE', ( #2676, #309, #8316, #8196 ) ) ;
#9274 = CARTESIAN_POINT ( 'NONE',  ( 1.570000000000000062, -3.834297482219000575, 3.839999999999000213 ) ) ;
#9275 = EDGE_CURVE ( 'NONE', #6824, #5598, #9529, .T. ) ;
#9276 = CARTESIAN_POINT ( 'NONE',  ( 0.3701611226650000086, -1.313052683205000015, 0.2010000000000000120 ) ) ;
#9277 = LINE ( 'NONE', #587, #5807 ) ;
#9278 = VECTOR ( 'NONE', #7686, 1000.000000000000000 ) ;
#9279 = CARTESIAN_POINT ( 'NONE',  ( 3.934924240490999647, -1.834924240491000003, 5.499999999999000799 ) ) ;
#9280 = DIRECTION ( 'NONE',  ( 0.000000000000000000, -3.491481338843000432E-15, 1.000000000000000000 ) ) ;
#9281 = PLANE ( 'NONE',  #7017 ) ;
#9282 = FACE_OUTER_BOUND ( 'NONE', #6840, .T. ) ;
#9283 = ORIENTED_EDGE ( 'NONE', *, *, #4974, .T. ) ;
#9284 = PLANE ( 'NONE',  #5354 ) ;
#9285 = VERTEX_POINT ( 'NONE', #3908 ) ;
#9286 = CARTESIAN_POINT ( 'NONE',  ( 0.6624983756310000027, -1.307034392503000131, 0.2000000000000000111 ) ) ;
#9287 = EDGE_CURVE ( 'NONE', #6320, #5780, #579, .T. ) ;
#9288 = CARTESIAN_POINT ( 'NONE',  ( -0.4702387134900000154, -1.277753785218999960, 0.2000000000000000111 ) ) ;
#9289 = LINE ( 'NONE', #9341, #9435 ) ;
#9290 = DIRECTION ( 'NONE',  ( 0.000000000000000000, -3.491481338843000432E-15, 1.000000000000000000 ) ) ;
#9291 = CARTESIAN_POINT ( 'NONE',  ( 0.5525691208299999824, -1.109524761666000003, 0.2000000000000000111 ) ) ;
#9292 = LINE ( 'NONE', #2027, #3397 ) ;
#9293 = VERTEX_POINT ( 'NONE', #9375 ) ;
#9294 = DIRECTION ( 'NONE',  ( 0.000000000000000000, 1.000000000000000000, 3.491481338843000432E-15 ) ) ;
#9295 = VERTEX_POINT ( 'NONE', #2107 ) ;
#9296 = EDGE_LOOP ( 'NONE', ( #4207, #5489, #7187, #4773 ) ) ;
#9297 = DIRECTION ( 'NONE',  ( -1.000000000000000000, 0.000000000000000000, 0.000000000000000000 ) ) ;
#9298 = ADVANCED_FACE ( 'NONE', ( #943 ), #7356, .F. ) ;
#9299 = ORIENTED_EDGE ( 'NONE', *, *, #703, .F. ) ;
#9300 = DIRECTION ( 'NONE',  ( 0.000000000000000000, -3.611948246897000020E-15, 1.000000000000000000 ) ) ;
#9301 = LINE ( 'NONE', #6770, #2194 ) ;
#9302 = LINE ( 'NONE', #2887, #8468 ) ;
#9303 = LINE ( 'NONE', #3986, #6668 ) ;
#9304 = ORIENTED_EDGE ( 'NONE', *, *, #3725, .F. ) ;
#9305 = CARTESIAN_POINT ( 'NONE',  ( 0.2518442910450000016, -0.8740163586630000925, 0.2000000000000000111 ) ) ;
#9307 = ORIENTED_EDGE ( 'NONE', *, *, #3814, .F. ) ;
#9306 = ORIENTED_EDGE ( 'NONE', *, *, #7629, .F. ) ;
#9308 = AXIS2_PLACEMENT_3D ( 'NONE', #2404, #8075, #5646 ) ;
#9309 = EDGE_LOOP ( 'NONE', ( #7695, #6283, #3290, #8936 ) ) ;
#9310 = CARTESIAN_POINT ( 'NONE',  ( -4.069999999999000195, -3.834297482219000575, 3.199999999999000089 ) ) ;
#9311 = VERTEX_POINT ( 'NONE', #9840 ) ;
#9312 = EDGE_CURVE ( 'NONE', #1355, #5394, #9737, .T. ) ;
#9313 = EDGE_CURVE ( 'NONE', #5538, #5027, #1678, .T. ) ;
#9314 = VERTEX_POINT ( 'NONE', #7301 ) ;
#9315 = EDGE_CURVE ( 'NONE', #8093, #6824, #8893, .T. ) ;
#9316 = PLANE ( 'NONE',  #5112 ) ;
#9317 = VECTOR ( 'NONE', #8325, 1000.000000000000000 ) ;
#9318 = CARTESIAN_POINT ( 'NONE',  ( 4.250000000000000000, 1.550000000000000044, 0.9000000000000000222 ) ) ;
#9319 = CARTESIAN_POINT ( 'NONE',  ( 0.5462256649050000190, -1.179378044765000189, 0.2000000000000000111 ) ) ;
#9320 = CARTESIAN_POINT ( 'NONE',  ( -0.8765641243680000194, -0.9228880510390000680, 0.2010000000000000120 ) ) ;
#9321 = PLANE ( 'NONE',  #9173 ) ;
#9322 = ORIENTED_EDGE ( 'NONE', *, *, #10286, .F. ) ;
#9323 = DIRECTION ( 'NONE',  ( 1.000000000000000000, 0.000000000000000000, 0.000000000000000000 ) ) ;
#9324 = CIRCLE ( 'NONE', #3556, 0.06000000000000015737 ) ;
#9325 = CARTESIAN_POINT ( 'NONE',  ( -1.750000000000000000, 1.850000000000000089, 0.1000000000010000528 ) ) ;
#9326 = LINE ( 'NONE', #9385, #2408 ) ;
#9327 = CARTESIAN_POINT ( 'NONE',  ( 0.6196591745560000586, -1.130405338766000023, 0.2000000000000000111 ) ) ;
#9328 = FACE_OUTER_BOUND ( 'NONE', #7781, .T. ) ;
#9329 = AXIS2_PLACEMENT_3D ( 'NONE', #4144, #9811, #8921 ) ;
#9330 = VECTOR ( 'NONE', #10328, 1000.000000000000000 ) ;
#9331 = FACE_OUTER_BOUND ( 'NONE', #7337, .T. ) ;
#9332 = EDGE_CURVE ( 'NONE', #1609, #5330, #8045, .T. ) ;
#9333 = CARTESIAN_POINT ( 'NONE',  ( 3.888014882865999944, -3.834297482219000575, 3.381985117132999985 ) ) ;
#9334 = EDGE_LOOP ( 'NONE', ( #3528, #3319, #4954, #1105 ) ) ;
#9335 = LINE ( 'NONE', #2179, #4166 ) ;
#9336 = ORIENTED_EDGE ( 'NONE', *, *, #4714, .F. ) ;
#9337 = EDGE_CURVE ( 'NONE', #9997, #898, #3169, .T. ) ;
#9338 = CARTESIAN_POINT ( 'NONE',  ( 0.000000000000000000, 2.550000000000000266, 3.200000000000000178 ) ) ;
#9339 = CARTESIAN_POINT ( 'NONE',  ( -0.4174104572200000307, -1.299979642224999843, 0.2010000000000000120 ) ) ;
#9340 = VECTOR ( 'NONE', #2849, 1000.000000000000114 ) ;
#9341 = CARTESIAN_POINT ( 'NONE',  ( 0.9185959366070000076, -1.361912441282999930, 0.2010000000000000120 ) ) ;
#9342 = EDGE_CURVE ( 'NONE', #6623, #3212, #5661, .T. ) ;
#9343 = DIRECTION ( 'NONE',  ( -1.000000000000000000, 0.000000000000000000, 0.000000000000000000 ) ) ;
#9344 = FACE_OUTER_BOUND ( 'NONE', #6545, .T. ) ;
#9345 = LINE ( 'NONE', #9242, #1201 ) ;
#9346 = EDGE_CURVE ( 'NONE', #5811, #7797, #6457, .T. ) ;
#9347 = ORIENTED_EDGE ( 'NONE', *, *, #4838, .T. ) ;
#9348 = VECTOR ( 'NONE', #10092, 1000.000000000000000 ) ;
#9349 = VECTOR ( 'NONE', #1390, 1000.000000000000000 ) ;
#9350 = LINE ( 'NONE', #4365, #6254 ) ;
#9351 = VERTEX_POINT ( 'NONE', #4116 ) ;
#9352 = ORIENTED_EDGE ( 'NONE', *, *, #1704, .F. ) ;
#9353 = ADVANCED_FACE ( 'NONE', ( #4062 ), #787, .F. ) ;
#9354 = ORIENTED_EDGE ( 'NONE', *, *, #5431, .F. ) ;
#9355 = DIRECTION ( 'NONE',  ( 0.000000000000000000, 1.000000000000000000, 3.491481338843000432E-15 ) ) ;
#9356 = CARTESIAN_POINT ( 'NONE',  ( -3.429999999998999627, 1.665702517779999781, 3.100000000000000533 ) ) ;
#9357 = VERTEX_POINT ( 'NONE', #1523 ) ;
#9358 = VECTOR ( 'NONE', #7897, 1000.000000000000000 ) ;
#9359 = EDGE_CURVE ( 'NONE', #3944, #1824, #6406, .T. ) ;
#9360 = CARTESIAN_POINT ( 'NONE',  ( -3.429999999998999627, 0.8499999999999999778, 3.200000000000000178 ) ) ;
#9361 = DIRECTION ( 'NONE',  ( 0.000000000000000000, -3.491481338843000432E-15, 1.000000000000000000 ) ) ;
#9362 = LINE ( 'NONE', #8512, #9660 ) ;
#9363 = ORIENTED_EDGE ( 'NONE', *, *, #6855, .F. ) ;
#9364 = PLANE ( 'NONE',  #9074 ) ;
#9366 = VERTEX_POINT ( 'NONE', #3323 ) ;
#9365 = VERTEX_POINT ( 'NONE', #3371 ) ;
#9367 = ORIENTED_EDGE ( 'NONE', *, *, #10336, .F. ) ;
#9368 = VECTOR ( 'NONE', #6355, 1000.000000000000000 ) ;
#9369 = DIRECTION ( 'NONE',  ( 0.000000000000000000, 3.491481338849885216E-15, -1.000000000000000000 ) ) ;
#9370 = VERTEX_POINT ( 'NONE', #3272 ) ;
#9371 = VERTEX_POINT ( 'NONE', #6515 ) ;
#9372 = EDGE_CURVE ( 'NONE', #9930, #1542, #734, .T. ) ;
#9373 = CARTESIAN_POINT ( 'NONE',  ( -6.899999999999999467, -5.149999999999000266, 0.2000000000000000111 ) ) ;
#9374 = CARTESIAN_POINT ( 'NONE',  ( -3.934924240490999647, -1.834924240491000003, 5.499999999999000799 ) ) ;
#9375 = CARTESIAN_POINT ( 'NONE',  ( -0.09359918534300000481, -1.081424636404999973, 0.2000000000000000111 ) ) ;
#9376 = VECTOR ( 'NONE', #592, 1000.000000000000000 ) ;
#9377 = CARTESIAN_POINT ( 'NONE',  ( -7.500000000000000000, -2.750000000000000000, 4.799999999999000622 ) ) ;
#9378 = PLANE ( 'NONE',  #9844 ) ;
#9379 = VERTEX_POINT ( 'NONE', #3962 ) ;
#9380 = EDGE_CURVE ( 'NONE', #1207, #4691, #1632, .T. ) ;
#9381 = CARTESIAN_POINT ( 'NONE',  ( 0.9300000000000000488, -3.834297482219000575, 3.839999999999000213 ) ) ;
#9382 = EDGE_CURVE ( 'NONE', #7531, #6105, #44, .T. ) ;
#9383 = DIRECTION ( 'NONE',  ( 0.000000000000000000, 1.000000000000000000, 3.491481338843000432E-15 ) ) ;
#9384 = ORIENTED_EDGE ( 'NONE', *, *, #10447, .F. ) ;
#9385 = CARTESIAN_POINT ( 'NONE',  ( -3.429999999998999627, -3.834297482219000575, 3.199999999999000089 ) ) ;
#9386 = AXIS2_PLACEMENT_3D ( 'NONE', #2069, #3604, #7586 ) ;
#9387 = LINE ( 'NONE', #9279, #4253 ) ;
#9388 = CARTESIAN_POINT ( 'NONE',  ( -0.09359918534300000481, -1.081424636404999973, 0.2010000000000000120 ) ) ;
#9389 = CARTESIAN_POINT ( 'NONE',  ( 0.3655281012409999364, -0.8558148803080001255, 0.2000000000000000111 ) ) ;
#9390 = CARTESIAN_POINT ( 'NONE',  ( -7.500000000000000000, -5.249999999998999911, 0.8999999999990001553 ) ) ;
#9391 = ORIENTED_EDGE ( 'NONE', *, *, #4099, .F. ) ;
#9392 = CARTESIAN_POINT ( 'NONE',  ( 2.100000000000000089, 0.8499999999989999999, 5.500000000000000888 ) ) ;
#9393 = ORIENTED_EDGE ( 'NONE', *, *, #8051, .T. ) ;
#9394 = CARTESIAN_POINT ( 'NONE',  ( 4.069999999999000195, 2.550000000000000266, 0.6999999999999999556 ) ) ;
#9395 = AXIS2_PLACEMENT_3D ( 'NONE', #6451, #9676, #4748 ) ;
#9396 = DIRECTION ( 'NONE',  ( 0.000000000000000000, -3.491481338843000432E-15, 1.000000000000000000 ) ) ;
#9397 = VERTEX_POINT ( 'NONE', #10479 ) ;
#9398 = CARTESIAN_POINT ( 'NONE',  ( 6.400000000000000355, -5.149999999999000266, 2.199999999999000089 ) ) ;
#9399 = LINE ( 'NONE', #2131, #1903 ) ;
#9400 = CARTESIAN_POINT ( 'NONE',  ( -1.032623575587000131, -1.361912441282999930, 0.2010000000000000120 ) ) ;
#9401 = FACE_OUTER_BOUND ( 'NONE', #525, .T. ) ;
#9402 = ORIENTED_EDGE ( 'NONE', *, *, #3263, .T. ) ;
#9403 = DIRECTION ( 'NONE',  ( 0.000000000000000000, 1.000000000000000000, 3.491481338843000432E-15 ) ) ;
#9404 = EDGE_LOOP ( 'NONE', ( #6835, #1295, #45, #8555, #2125, #9454 ) ) ;
#9405 = VERTEX_POINT ( 'NONE', #3215 ) ;
#9406 = ADVANCED_FACE ( 'NONE', ( #4863 ), #7990, .T. ) ;
#9407 = ORIENTED_EDGE ( 'NONE', *, *, #9551, .F. ) ;
#9408 = LINE ( 'NONE', #406, #8413 ) ;
#9409 = CARTESIAN_POINT ( 'NONE',  ( -3.429999999998999627, -3.334297482219000575, 3.199999999999000089 ) ) ;
#9410 = ORIENTED_EDGE ( 'NONE', *, *, #862, .F. ) ;
#9411 = CARTESIAN_POINT ( 'NONE',  ( 0.5457571020740000778, -1.051767864853999868, 0.2010000000000000120 ) ) ;
#9412 = DIRECTION ( 'NONE',  ( 0.000000000000000000, -3.457400261148000567E-15, 1.000000000000000000 ) ) ;
#9413 = DIRECTION ( 'NONE',  ( 0.000000000000000000, -3.491481338843000432E-15, 1.000000000000000000 ) ) ;
#9414 = VECTOR ( 'NONE', #1918, 1000.000000000000000 ) ;
#9415 = ORIENTED_EDGE ( 'NONE', *, *, #9246, .T. ) ;
#9416 = CARTESIAN_POINT ( 'NONE',  ( 0.3317157170210000561, -0.8569581071909999626, 0.2010000000000000120 ) ) ;
#9418 = ORIENTED_EDGE ( 'NONE', *, *, #10170, .F. ) ;
#9417 = EDGE_LOOP ( 'NONE', ( #8347, #6518, #6887, #6870 ) ) ;
#9419 = ADVANCED_FACE ( 'NONE', ( #6566 ), #8998, .T. ) ;
#9420 = PLANE ( 'NONE',  #6350 ) ;
#9421 = VERTEX_POINT ( 'NONE', #8354 ) ;
#9422 = ORIENTED_EDGE ( 'NONE', *, *, #2786, .F. ) ;
#9423 = CARTESIAN_POINT ( 'NONE',  ( 9.840731680114000568, -2.849999999999000000, 1.199999999999000089 ) ) ;
#9424 = DIRECTION ( 'NONE',  ( 1.000000000000000000, 0.000000000000000000, 0.000000000000000000 ) ) ;
#9425 = DIRECTION ( 'NONE',  ( 0.000000000000000000, 3.491481338843000432E-15, -1.000000000000000000 ) ) ;
#9426 = CARTESIAN_POINT ( 'NONE',  ( 1.570000000000000062, 2.405251729774000147, 3.125825627559000175 ) ) ;
#9427 = PLANE ( 'NONE',  #39 ) ;
#9428 = ORIENTED_EDGE ( 'NONE', *, *, #3142, .F. ) ;
#9429 = CARTESIAN_POINT ( 'NONE',  ( 0.5256424684189999752, -1.231565733819999897, 0.2010000000000000120 ) ) ;
#9430 = AXIS2_PLACEMENT_3D ( 'NONE', #8501, #297, #5113 ) ;
#9431 = CARTESIAN_POINT ( 'NONE',  ( -0.7754779963190000514, -1.221668538844000063, 0.2000000000000000111 ) ) ;
#9432 = VERTEX_POINT ( 'NONE', #10095 ) ;
#9433 = CARTESIAN_POINT ( 'NONE',  ( -6.400000000000000355, -5.149999999999000266, 0.2000000000000000111 ) ) ;
#9434 = CARTESIAN_POINT ( 'NONE',  ( 0.6113065252799999572, -1.198539331253000162, 0.2000000000000000111 ) ) ;
#9435 = VECTOR ( 'NONE', #3555, 1000.000000000000000 ) ;
#9436 = EDGE_CURVE ( 'NONE', #7283, #5571, #5974, .T. ) ;
#9437 = VECTOR ( 'NONE', #6787, 1000.000000000000000 ) ;
#9438 = EDGE_CURVE ( 'NONE', #1336, #7558, #1888, .T. ) ;
#9439 = DIRECTION ( 'NONE',  ( 1.000000000000000000, 0.000000000000000000, 0.000000000000000000 ) ) ;
#9440 = LINE ( 'NONE', #5569, #4461 ) ;
#9441 = LINE ( 'NONE', #8646, #5101 ) ;
#9442 = ORIENTED_EDGE ( 'NONE', *, *, #2008, .F. ) ;
#9443 = CARTESIAN_POINT ( 'NONE',  ( 0.4888366904579999894, -0.8839403555800000589, 0.2010000000000000120 ) ) ;
#9444 = ORIENTED_EDGE ( 'NONE', *, *, #5695, .F. ) ;
#9445 = PLANE ( 'NONE',  #3592 ) ;
#9446 = VECTOR ( 'NONE', #10429, 1000.000000000000000 ) ;
#9447 = LINE ( 'NONE', #1289, #2289 ) ;
#9448 = ADVANCED_FACE ( 'NONE', ( #5071 ), #2635, .F. ) ;
#9449 = DIRECTION ( 'NONE',  ( 0.000000000000000000, 3.584412953627000671E-15, -1.000000000000000000 ) ) ;
#9450 = DIRECTION ( 'NONE',  ( 1.000000000000000000, 0.000000000000000000, 0.000000000000000000 ) ) ;
#9451 = FACE_OUTER_BOUND ( 'NONE', #6495, .T. ) ;
#9452 = ORIENTED_EDGE ( 'NONE', *, *, #8965, .T. ) ;
#9453 = CARTESIAN_POINT ( 'NONE',  ( 0.3317157170210000561, -0.8569581071909999626, 0.2010000000000000120 ) ) ;
#9454 = ORIENTED_EDGE ( 'NONE', *, *, #10062, .T. ) ;
#9455 = VERTEX_POINT ( 'NONE', #6725 ) ;
#9456 = ORIENTED_EDGE ( 'NONE', *, *, #5447, .T. ) ;
#9457 = CARTESIAN_POINT ( 'NONE',  ( 5.450000000000000178, 1.349999999999000000, 5.500000000000000888 ) ) ;
#9458 = DIRECTION ( 'NONE',  ( 0.000000000000000000, 3.491481338843000432E-15, -1.000000000000000000 ) ) ;
#9459 = ORIENTED_EDGE ( 'NONE', *, *, #6862, .T. ) ;
#9460 = DIRECTION ( 'NONE',  ( 1.000000000000000000, 0.000000000000000000, 0.000000000000000000 ) ) ;
#9461 = PLANE ( 'NONE',  #1349 ) ;
#9462 = CARTESIAN_POINT ( 'NONE',  ( 0.2478642292900000155, -0.9427051242099999673, 0.2000000000000000111 ) ) ;
#9463 = ORIENTED_EDGE ( 'NONE', *, *, #4649, .F. ) ;
#9464 = VECTOR ( 'NONE', #6066, 1000.000000000000000 ) ;
#9465 = EDGE_CURVE ( 'NONE', #1089, #5132, #2499, .T. ) ;
#9466 = DIRECTION ( 'NONE',  ( 0.000000000000000000, -1.000000000000000000, -3.491481338843000432E-15 ) ) ;
#9467 = VERTEX_POINT ( 'NONE', #9991 ) ;
#9468 = ADVANCED_FACE ( 'NONE', ( #5919 ), #7563, .F. ) ;
#9469 = DIRECTION ( 'NONE',  ( 0.000000000000000000, -1.000000000000000000, -3.523657060595514930E-15 ) ) ;
#9470 = DIRECTION ( 'NONE',  ( 0.000000000000000000, -1.000000000000000000, -3.491481338843000432E-15 ) ) ;
#9471 = ORIENTED_EDGE ( 'NONE', *, *, #2883, .T. ) ;
#9472 = CARTESIAN_POINT ( 'NONE',  ( 6.899999999999999467, -5.149999999999000266, 1.499999999998999911 ) ) ;
#9473 = LINE ( 'NONE', #9528, #3726 ) ;
#9474 = DIRECTION ( 'NONE',  ( -1.000000000000000000, 0.000000000000000000, 0.000000000000000000 ) ) ;
#9475 = EDGE_CURVE ( 'NONE', #3082, #6896, #5823, .T. ) ;
#9476 = VECTOR ( 'NONE', #1821, 1000.000000000000000 ) ;
#9477 = LINE ( 'NONE', #6303, #4522 ) ;
#9478 = CARTESIAN_POINT ( 'NONE',  ( -0.9820328743680000194, -1.221668538844000063, 0.2010000000000000120 ) ) ;
#9479 = VERTEX_POINT ( 'NONE', #7609 ) ;
#9480 = CARTESIAN_POINT ( 'NONE',  ( 4.069999999999000195, 1.665702517779999781, 3.840000000000000302 ) ) ;
#9481 = DIRECTION ( 'NONE',  ( 0.000000000000000000, 0.000000000000000000, 1.000000000000000000 ) ) ;
#9482 = VECTOR ( 'NONE', #4209, 1000.000000000000114 ) ;
#9483 = ORIENTED_EDGE ( 'NONE', *, *, #3687, .F. ) ;
#9484 = CARTESIAN_POINT ( 'NONE',  ( 0.9300000000000000488, -3.334297482219000575, 3.839999999999000213 ) ) ;
#9485 = AXIS2_PLACEMENT_3D ( 'NONE', #1809, #520, #7775 ) ;
#9486 = CARTESIAN_POINT ( 'NONE',  ( -0.5438027827079999765, -1.042772573957000182, 0.2000000000000000111 ) ) ;
#9487 = CARTESIAN_POINT ( 'NONE',  ( 1.570000000000000062, 1.550000000000000044, 3.200000000000000178 ) ) ;
#9488 = LINE ( 'NONE', #2227, #7849 ) ;
#9489 = CARTESIAN_POINT ( 'NONE',  ( 5.450000000000000178, -5.250000000000000000, 5.499999999999000799 ) ) ;
#9490 = ORIENTED_EDGE ( 'NONE', *, *, #916, .T. ) ;
#9491 = CARTESIAN_POINT ( 'NONE',  ( 6.150000000000000355, 1.549999999998999956, 4.400000000000000355 ) ) ;
#9492 = EDGE_LOOP ( 'NONE', ( #2171, #1273, #2693, #7233 ) ) ;
#9493 = VECTOR ( 'NONE', #10047, 1000.000000000000000 ) ;
#9494 = DIRECTION ( 'NONE',  ( 1.000000000000000000, 1.226529932838000023E-16, 4.282406372038000225E-31 ) ) ;
#9495 = CARTESIAN_POINT ( 'NONE',  ( -0.5480396300340000248, -1.151469854139000049, 0.2000000000000000111 ) ) ;
#9496 = CARTESIAN_POINT ( 'NONE',  ( -0.5612017014519999902, -1.274075126090999932, 0.2000000000000000111 ) ) ;
#9497 = ADVANCED_FACE ( 'NONE', ( #5180 ), #10048, .F. ) ;
#9498 = DIRECTION ( 'NONE',  ( 0.000000000000000000, 1.000000000000000000, 0.000000000000000000 ) ) ;
#9499 = CARTESIAN_POINT ( 'NONE',  ( 0.000000000000000000, -5.249999999998999911, 3.199999999999000089 ) ) ;
#9500 = LINE ( 'NONE', #8715, #1878 ) ;
#9501 = ORIENTED_EDGE ( 'NONE', *, *, #5920, .T. ) ;
#9502 = DIRECTION ( 'NONE',  ( -0.9396926207860170077, -0.3420201433253705070, -1.194156947931292167E-15 ) ) ;
#9503 = ORIENTED_EDGE ( 'NONE', *, *, #6673, .F. ) ;
#9504 = VECTOR ( 'NONE', #10008, 1000.000000000000000 ) ;
#9505 = VECTOR ( 'NONE', #4504, 1000.000000000000114 ) ;
#9506 = ADVANCED_FACE ( 'NONE', ( #356 ), #4218, .T. ) ;
#9507 = ORIENTED_EDGE ( 'NONE', *, *, #3668, .T. ) ;
#9508 = EDGE_CURVE ( 'NONE', #8302, #4431, #7514, .T. ) ;
#9509 = ORIENTED_EDGE ( 'NONE', *, *, #7825, .F. ) ;
#9510 = DIRECTION ( 'NONE',  ( 0.000000000000000000, 3.491481338843000432E-15, -1.000000000000000000 ) ) ;
#9511 = ORIENTED_EDGE ( 'NONE', *, *, #6672, .F. ) ;
#9512 = CARTESIAN_POINT ( 'NONE',  ( 4.316846170922000958, -4.609415119349999479, 5.499999999999000799 ) ) ;
#9513 = CARTESIAN_POINT ( 'NONE',  ( -4.549999999998999733, -3.319848480983000005, 6.199999999999000089 ) ) ;
#9514 = VECTOR ( 'NONE', #9568, 1000.000000000000000 ) ;
#9515 = VECTOR ( 'NONE', #2838, 1000.000000000000000 ) ;
#9516 = CARTESIAN_POINT ( 'NONE',  ( -1.570000000000000062, 1.665702517779999781, 3.840000000000000302 ) ) ;
#9517 = ORIENTED_EDGE ( 'NONE', *, *, #10476, .F. ) ;
#9518 = CARTESIAN_POINT ( 'NONE',  ( -6.400000000000000355, -5.149999999999000266, 0.2000000000000000111 ) ) ;
#9519 = VERTEX_POINT ( 'NONE', #6879 ) ;
#9520 = VECTOR ( 'NONE', #6915, 1000.000000000000000 ) ;
#9521 = VECTOR ( 'NONE', #5734, 1000.000000000000000 ) ;
#9522 = FACE_OUTER_BOUND ( 'NONE', #3199, .T. ) ;
#9523 = ORIENTED_EDGE ( 'NONE', *, *, #168, .T. ) ;
#9524 = EDGE_CURVE ( 'NONE', #6678, #3707, #9053, .T. ) ;
#9525 = VERTEX_POINT ( 'NONE', #205 ) ;
#9526 = LINE ( 'NONE', #732, #6128 ) ;
#9527 = ADVANCED_FACE ( 'NONE', ( #3426 ), #6675, .T. ) ;
#9528 = CARTESIAN_POINT ( 'NONE',  ( -3.429999999998999627, -3.834297482219000575, 3.839999999999000213 ) ) ;
#9529 = LINE ( 'NONE', #4494, #9696 ) ;
#9530 = DIRECTION ( 'NONE',  ( 0.000000000000000000, 3.491481338843000432E-15, -1.000000000000000000 ) ) ;
#9531 = CARTESIAN_POINT ( 'NONE',  ( 0.5564222075530000922, -1.300631266145999998, 0.2010000000000000120 ) ) ;
#9532 = ORIENTED_EDGE ( 'NONE', *, *, #9958, .T. ) ;
#9533 = AXIS2_PLACEMENT_3D ( 'NONE', #1148, #3575, #307 ) ;
#9534 = LINE ( 'NONE', #8692, #4760 ) ;
#9535 = CARTESIAN_POINT ( 'NONE',  ( 6.400000000000000355, -3.149999999998999822, -2.061552812807999846 ) ) ;
#9536 = EDGE_CURVE ( 'NONE', #2345, #6265, #5424, .T. ) ;
#9537 = ORIENTED_EDGE ( 'NONE', *, *, #6757, .T. ) ;
#9538 = DIRECTION ( 'NONE',  ( -1.000000000000000000, -3.903021087848000315E-30, 1.084202172484999957E-15 ) ) ;
#9539 = DIRECTION ( 'NONE',  ( 0.000000000000000000, -1.000000000000000000, -3.407492542097299143E-15 ) ) ;
#9540 = VECTOR ( 'NONE', #8801, 1000.000000000000000 ) ;
#9541 = DIRECTION ( 'NONE',  ( -1.000000000000000000, 0.000000000000000000, 0.000000000000000000 ) ) ;
#9542 = DIRECTION ( 'NONE',  ( 1.000000000000000000, 0.000000000000000000, 0.000000000000000000 ) ) ;
#9543 = FACE_OUTER_BOUND ( 'NONE', #5540, .T. ) ;
#9544 = ORIENTED_EDGE ( 'NONE', *, *, #5195, .F. ) ;
#9545 = EDGE_CURVE ( 'NONE', #5571, #3429, #1500, .T. ) ;
#9546 = PLANE ( 'NONE',  #2128 ) ;
#9547 = ORIENTED_EDGE ( 'NONE', *, *, #3196, .T. ) ;
#9548 = FACE_OUTER_BOUND ( 'NONE', #9924, .T. ) ;
#9549 = AXIS2_PLACEMENT_3D ( 'NONE', #9009, #4987, #1690 ) ;
#9550 = CARTESIAN_POINT ( 'NONE',  ( -0.9299999999989999599, 2.550000000000000266, 1.000013873792005015E-12 ) ) ;
#9551 = EDGE_CURVE ( 'NONE', #5340, #4524, #3146, .T. ) ;
#9552 = LINE ( 'NONE', #10400, #6525 ) ;
#9553 = EDGE_CURVE ( 'NONE', #7302, #1195, #5580, .T. ) ;
#9554 = CARTESIAN_POINT ( 'NONE',  ( -0.6137737785300000359, -1.160595828466000068, 0.2000000000000000111 ) ) ;
#9555 = FACE_OUTER_BOUND ( 'NONE', #1417, .T. ) ;
#9556 = FACE_OUTER_BOUND ( 'NONE', #7828, .T. ) ;
#9557 = CARTESIAN_POINT ( 'NONE',  ( 0.9185959366070000076, -1.361912441282999930, 0.2010000000000000120 ) ) ;
#9558 = ORIENTED_EDGE ( 'NONE', *, *, #7308, .F. ) ;
#9559 = CARTESIAN_POINT ( 'NONE',  ( 0.3655281012409999364, -0.8558148803080001255, 0.2010000000000000120 ) ) ;
#9560 = VECTOR ( 'NONE', #6779, 1000.000000000000000 ) ;
#9561 = VERTEX_POINT ( 'NONE', #10296 ) ;
#9562 = ORIENTED_EDGE ( 'NONE', *, *, #9818, .T. ) ;
#9563 = ADVANCED_FACE ( 'NONE', ( #4729 ), #7276, .T. ) ;
#9564 = ORIENTED_EDGE ( 'NONE', *, *, #1668, .F. ) ;
#9565 = CARTESIAN_POINT ( 'NONE',  ( 1.570000000000000062, -3.834297482219000575, 3.381985117132999985 ) ) ;
#9566 = ORIENTED_EDGE ( 'NONE', *, *, #1842, .F. ) ;
#9567 = VECTOR ( 'NONE', #1335, 1000.000000000000000 ) ;
#9568 = DIRECTION ( 'NONE',  ( 0.000000000000000000, 1.000000000000000000, 3.491481338843000432E-15 ) ) ;
#9569 = DIRECTION ( 'NONE',  ( 0.000000000000000000, 3.491481338843000432E-15, -1.000000000000000000 ) ) ;
#9570 = EDGE_CURVE ( 'NONE', #2892, #9155, #3093, .T. ) ;
#9571 = CARTESIAN_POINT ( 'NONE',  ( -4.069999999999000195, -3.834297482219000575, 3.839999999999000213 ) ) ;
#9572 = EDGE_CURVE ( 'NONE', #1893, #7944, #8066, .T. ) ;
#9573 = ORIENTED_EDGE ( 'NONE', *, *, #10087, .F. ) ;
#9574 = CARTESIAN_POINT ( 'NONE',  ( 0.6161837936930000259, -1.174003973036999993, 0.2010000000000000120 ) ) ;
#9575 = ORIENTED_EDGE ( 'NONE', *, *, #9826, .T. ) ;
#9576 = LINE ( 'NONE', #4003, #8371 ) ;
#9577 = CARTESIAN_POINT ( 'NONE',  ( -1.496691070772000032, 4.951414627695999826, 0.07330892922800005818 ) ) ;
#9578 = ORIENTED_EDGE ( 'NONE', *, *, #183, .T. ) ;
#9579 = CARTESIAN_POINT ( 'NONE',  ( -0.9299999999989999599, 2.550000000000000266, 0.6400000000000000133 ) ) ;
#9580 = CARTESIAN_POINT ( 'NONE',  ( 5.450000000000000178, 1.349999999999000000, 5.500000000000000888 ) ) ;
#9581 = DIRECTION ( 'NONE',  ( 0.000000000000000000, 1.000000000000000000, 3.599901556091000645E-15 ) ) ;
#9582 = CARTESIAN_POINT ( 'NONE',  ( 1.570000000000000062, 2.550000000000000266, 0.6999999999999999556 ) ) ;
#9583 = PLANE ( 'NONE',  #7643 ) ;
#9584 = ORIENTED_EDGE ( 'NONE', *, *, #3406, .F. ) ;
#9585 = CARTESIAN_POINT ( 'NONE',  ( -0.6137737785300000359, -1.160595828466000068, 0.2010000000000000120 ) ) ;
#9586 = PLANE ( 'NONE',  #9945 ) ;
#9587 = VERTEX_POINT ( 'NONE', #9604 ) ;
#9588 = CARTESIAN_POINT ( 'NONE',  ( 0.3317157170210000561, -0.8569581071909999626, 0.2000000000000000111 ) ) ;
#9589 = ORIENTED_EDGE ( 'NONE', *, *, #5362, .T. ) ;
#9590 = DIRECTION ( 'NONE',  ( -1.000000000000000000, 0.000000000000000000, 0.000000000000000000 ) ) ;
#9591 = ADVANCED_FACE ( 'NONE', ( #1452 ), #764, .F. ) ;
#9592 = PLANE ( 'NONE',  #3616 ) ;
#9593 = FACE_OUTER_BOUND ( 'NONE', #837, .T. ) ;
#9594 = CARTESIAN_POINT ( 'NONE',  ( -0.8669414109530000356, -0.9579490266489999462, 0.2010000000000000120 ) ) ;
#9595 = ORIENTED_EDGE ( 'NONE', *, *, #10301, .F. ) ;
#9596 = DIRECTION ( 'NONE',  ( 0.000000000000000000, -1.000000000000000000, -3.491481338843000432E-15 ) ) ;
#9597 = VERTEX_POINT ( 'NONE', #4840 ) ;
#9598 = DIRECTION ( 'NONE',  ( 0.000000000000000000, 3.491481338843000432E-15, -1.000000000000000000 ) ) ;
#9599 = CARTESIAN_POINT ( 'NONE',  ( -0.9299999999989999599, 0.8499999999999999778, 3.200000000000000178 ) ) ;
#9600 = DIRECTION ( 'NONE',  ( 0.000000000000000000, 1.000000000000000000, 3.523657060595514930E-15 ) ) ;
#9601 = CIRCLE ( 'NONE', #7406, 0.06000000000000015737 ) ;
#9602 = CARTESIAN_POINT ( 'NONE',  ( -0.3798343749609999764, -1.361399924631000014, 0.2010000000000000120 ) ) ;
#9603 = LINE ( 'NONE', #1763, #2879 ) ;
#9604 = CARTESIAN_POINT ( 'NONE',  ( 0.3655281012409999364, -0.8558148803080001255, 0.2010000000000000120 ) ) ;
#9605 = DIRECTION ( 'NONE',  ( 0.000000000000000000, 3.491481338843000432E-15, -1.000000000000000000 ) ) ;
#9606 = EDGE_CURVE ( 'NONE', #2425, #8611, #10455, .T. ) ;
#9607 = VERTEX_POINT ( 'NONE', #3038 ) ;
#9608 = VECTOR ( 'NONE', #9705, 1000.000000000000000 ) ;
#9609 = CARTESIAN_POINT ( 'NONE',  ( -5.450000000000000178, 1.349999999999000000, 5.500000000000000888 ) ) ;
#9610 = ORIENTED_EDGE ( 'NONE', *, *, #1625, .F. ) ;
#9611 = VERTEX_POINT ( 'NONE', #7964 ) ;
#9612 = CARTESIAN_POINT ( 'NONE',  ( 6.400000000000000355, -4.262771867673000870, 0.2000000000000000111 ) ) ;
#9613 = ORIENTED_EDGE ( 'NONE', *, *, #8051, .F. ) ;
#9614 = PLANE ( 'NONE',  #7155 ) ;
#9615 = CARTESIAN_POINT ( 'NONE',  ( 0.9300000000000000488, 4.750000000000000000, 0.6400000000000000133 ) ) ;
#9616 = CARTESIAN_POINT ( 'NONE',  ( -5.450000000000000178, 1.849999999999000000, 4.400000000000000355 ) ) ;
#9617 = ORIENTED_EDGE ( 'NONE', *, *, #3597, .F. ) ;
#9618 = DIRECTION ( 'NONE',  ( -1.000000000000000000, 0.000000000000000000, 0.000000000000000000 ) ) ;
#9619 = VERTEX_POINT ( 'NONE', #10350 ) ;
#9620 = ADVANCED_FACE ( 'NONE', ( #9556 ), #6329, .T. ) ;
#9621 = DIRECTION ( 'NONE',  ( 0.000000000000000000, 1.000000000000000000, 3.407492542097299143E-15 ) ) ;
#9622 = ORIENTED_EDGE ( 'NONE', *, *, #5746, .F. ) ;
#9623 = VERTEX_POINT ( 'NONE', #707 ) ;
#9624 = CARTESIAN_POINT ( 'NONE',  ( -5.450000000000000178, 13.68089176689499986, 5.500000000000000888 ) ) ;
#9625 = PLANE ( 'NONE',  #514 ) ;
#9626 = CARTESIAN_POINT ( 'NONE',  ( -6.400000000000000355, -5.149999999999000266, 2.199999999999000089 ) ) ;
#9627 = VERTEX_POINT ( 'NONE', #2343 ) ;
#9628 = EDGE_CURVE ( 'NONE', #9597, #9261, #9303, .T. ) ;
#9629 = DIRECTION ( 'NONE',  ( 0.000000000000000000, -1.000000000000000000, -3.252606517472783164E-15 ) ) ;
#9630 = EDGE_CURVE ( 'NONE', #8753, #624, #1553, .T. ) ;
#9631 = VERTEX_POINT ( 'NONE', #5635 ) ;
#9632 =( NAMED_UNIT ( * ) SI_UNIT ( $, .STERADIAN. ) SOLID_ANGLE_UNIT ( ) );
#9633 = ORIENTED_EDGE ( 'NONE', *, *, #10369, .F. ) ;
#9634 = CARTESIAN_POINT ( 'NONE',  ( -0.4352179733479999979, -0.9283800701189999227, 0.2000000000000000111 ) ) ;
#9635 = CARTESIAN_POINT ( 'NONE',  ( 3.168182395615999791, -2.614959526158000092, 2.938182395616000253 ) ) ;
#9636 = VECTOR ( 'NONE', #7962, 1000.000000000000000 ) ;
#9637 = LINE ( 'NONE', #2375, #5491 ) ;
#9638 = FACE_OUTER_BOUND ( 'NONE', #4436, .T. ) ;
#9639 = CARTESIAN_POINT ( 'NONE',  ( -3.934924240490999647, -1.834924240491000003, 6.199999999999000089 ) ) ;
#9640 = ORIENTED_EDGE ( 'NONE', *, *, #1482, .F. ) ;
#9641 = DIRECTION ( 'NONE',  ( 0.000000000000000000, -3.491481338843000432E-15, 1.000000000000000000 ) ) ;
#9642 = ORIENTED_EDGE ( 'NONE', *, *, #3957, .F. ) ;
#9643 = B_SPLINE_CURVE_WITH_KNOTS ( 'NONE', 3,
 ( #7729, #7100, #3016, #6198, #475, #3695, #631, #7840, #5352, #9531, #6304, #10222, #7052, #6944, #5510, #582, #6895, #2058, #2270 ),
 .UNSPECIFIED., .F., .F.,
 ( 4, 1, 1, 1, 1, 1, 1, 1, 1, 1, 1, 1, 1, 1, 1, 1, 4 ),
 ( 0.000000000000000000, 0.06783324845500000866, 0.1326555365070000159, 0.1950508840500000118, 0.2555829330680000067, 0.3147998341470000239, 0.3736004728260000074, 0.4325455953260000097, 0.4924306292830000209, 0.5526712559620000631, 0.6125130441879998999, 0.6726102503569999502, 0.7338383693129999497, 0.7965942385669999570, 0.8614497992899999845, 0.9291989423500000012, 0.9999999999990000221 ),
 .UNSPECIFIED. ) ;
#9644 = DIRECTION ( 'NONE',  ( 1.000000000000000000, 0.000000000000000000, 0.000000000000000000 ) ) ;
#9645 = VECTOR ( 'NONE', #6195, 1000.000000000000000 ) ;
#9646 = CARTESIAN_POINT ( 'NONE',  ( -1.032623575587000131, -1.361912441282999930, 0.2000000000000000111 ) ) ;
#9647 = LINE ( 'NONE', #7174, #6183 ) ;
#9648 = DIRECTION ( 'NONE',  ( 0.000000000000000000, 0.000000000000000000, 1.000000000000000000 ) ) ;
#9649 = EDGE_CURVE ( 'NONE', #9295, #1613, #8656, .T. ) ;
#9650 = CARTESIAN_POINT ( 'NONE',  ( -4.069999999999000195, 1.550000000000000044, 3.200000000000000178 ) ) ;
#9651 = CARTESIAN_POINT ( 'NONE',  ( 0.2523044221040000035, -0.9401250377140000225, 0.2010000000000000120 ) ) ;
#9652 = VECTOR ( 'NONE', #4007, 1000.000000000000000 ) ;
#9653 = DIRECTION ( 'NONE',  ( -1.000000000000000000, 0.000000000000000000, 0.000000000000000000 ) ) ;
#9654 = ADVANCED_FACE ( 'NONE', ( #8021 ), #7912, .T. ) ;
#9655 = DIRECTION ( 'NONE',  ( -1.000000000000000000, 0.000000000000000000, 0.000000000000000000 ) ) ;
#9656 = EDGE_CURVE ( 'NONE', #2531, #8485, #3880, .T. ) ;
#9657 = ORIENTED_EDGE ( 'NONE', *, *, #8422, .F. ) ;
#9658 = LINE ( 'NONE', #9765, #5631 ) ;
#9659 = ORIENTED_EDGE ( 'NONE', *, *, #3554, .F. ) ;
#9660 = VECTOR ( 'NONE', #3574, 1000.000000000000000 ) ;
#9661 = ORIENTED_EDGE ( 'NONE', *, *, #4608, .F. ) ;
#9662 = EDGE_CURVE ( 'NONE', #1733, #1389, #7488, .T. ) ;
#9663 = ADVANCED_FACE ( 'NONE', ( #5096 ), #2446, .F. ) ;
#9664 = DIRECTION ( 'NONE',  ( 0.3236155771183229501, -0.8891264907158876740, -0.3236155771183229501 ) ) ;
#9665 = EDGE_LOOP ( 'NONE', ( #5865, #1433, #2597, #7462 ) ) ;
#9666 = FACE_OUTER_BOUND ( 'NONE', #8458, .T. ) ;
#9667 = FACE_OUTER_BOUND ( 'NONE', #8434, .T. ) ;
#9668 = EDGE_CURVE ( 'NONE', #5234, #2093, #2608, .T. ) ;
#9669 = CARTESIAN_POINT ( 'NONE',  ( 0.4665377724080000399, -0.8735667273750000739, 0.2010000000000000120 ) ) ;
#9670 = ORIENTED_EDGE ( 'NONE', *, *, #1512, .F. ) ;
#9671 = VECTOR ( 'NONE', #6634, 1000.000000000000000 ) ;
#9672 = AXIS2_PLACEMENT_3D ( 'NONE', #5360, #8587, #2013 ) ;
#9673 = CARTESIAN_POINT ( 'NONE',  ( 0.5217692242220001164, -1.330362284353000080, 0.2000000000000000111 ) ) ;
#9674 = ORIENTED_EDGE ( 'NONE', *, *, #5774, .T. ) ;
#9675 = DIRECTION ( 'NONE',  ( 1.000000000000000000, 0.000000000000000000, 0.000000000000000000 ) ) ;
#9676 = DIRECTION ( 'NONE',  ( 0.000000000000000000, -3.491481338843000432E-15, 1.000000000000000000 ) ) ;
#9677 = EDGE_CURVE ( 'NONE', #5818, #9561, #1012, .T. ) ;
#9678 = ORIENTED_EDGE ( 'NONE', *, *, #6862, .F. ) ;
#9679 = CIRCLE ( 'NONE', #9002, 0.1999999999989995891 ) ;
#9680 = CIRCLE ( 'NONE', #8323, 0.1999999999989995891 ) ;
#9681 = EDGE_LOOP ( 'NONE', ( #2792, #9307, #2191, #3665, #8460, #6410 ) ) ;
#9682 = FACE_OUTER_BOUND ( 'NONE', #35, .T. ) ;
#9683 = DIRECTION ( 'NONE',  ( 0.000000000000000000, -1.000000000000000000, -3.491481338843000432E-15 ) ) ;
#9684 = CARTESIAN_POINT ( 'NONE',  ( -1.570000000000000062, 2.550000000000000266, 0.6400000000000000133 ) ) ;
#9685 = VERTEX_POINT ( 'NONE', #1764 ) ;
#9686 = VECTOR ( 'NONE', #340, 1000.000000000000000 ) ;
#9687 = AXIS2_PLACEMENT_3D ( 'NONE', #9394, #8651, #4512 ) ;
#9688 = ORIENTED_EDGE ( 'NONE', *, *, #6034, .F. ) ;
#9689 = DIRECTION ( 'NONE',  ( 0.000000000000000000, -1.000000000000000000, -3.491481338843000432E-15 ) ) ;
#9690 = EDGE_CURVE ( 'NONE', #6331, #285, #1862, .T. ) ;
#9691 = ORIENTED_EDGE ( 'NONE', *, *, #8557, .T. ) ;
#9692 = LINE ( 'NONE', #794, #2077 ) ;
#9693 = ORIENTED_EDGE ( 'NONE', *, *, #3414, .F. ) ;
#9694 = CARTESIAN_POINT ( 'NONE',  ( 0.2763495291990000213, -1.295289896437999744, 0.2010000000000000120 ) ) ;
#9695 = CARTESIAN_POINT ( 'NONE',  ( 1.570000000000000062, 1.665702517779999781, 3.840000000000000302 ) ) ;
#9696 = VECTOR ( 'NONE', #7937, 1000.000000000000000 ) ;
#9697 = EDGE_CURVE ( 'NONE', #1981, #8975, #1707, .T. ) ;
#9698 = CARTESIAN_POINT ( 'NONE',  ( -0.8836573974160000233, -0.9559541094229999647, 0.2000000000000000111 ) ) ;
#9699 = CARTESIAN_POINT ( 'NONE',  ( -0.5504338823319999685, -1.084506565457999949, 0.2010000000000000120 ) ) ;
#9700 = EDGE_CURVE ( 'NONE', #5795, #7257, #1072, .T. ) ;
#9701 = VERTEX_POINT ( 'NONE', #4196 ) ;
#9702 = FACE_OUTER_BOUND ( 'NONE', #8259, .T. ) ;
#9703 = ORIENTED_EDGE ( 'NONE', *, *, #8751, .F. ) ;
#9704 = LINE ( 'NONE', #6638, #2584 ) ;
#9705 = DIRECTION ( 'NONE',  ( 0.000000000000000000, -1.000000000000000000, -3.491481338843000432E-15 ) ) ;
#9706 = DIRECTION ( 'NONE',  ( 1.000000000000000000, 0.000000000000000000, 0.000000000000000000 ) ) ;
#9707 = VECTOR ( 'NONE', #4170, 1000.000000000000000 ) ;
#9708 = CARTESIAN_POINT ( 'NONE',  ( -6.150000000000000355, -2.250000000000000000, 4.299999999998999733 ) ) ;
#9709 = LINE ( 'NONE', #857, #5834 ) ;
#9710 = CARTESIAN_POINT ( 'NONE',  ( 0.3649564548990000268, -0.9106929290880000361, 0.2010000000000000120 ) ) ;
#9711 = LINE ( 'NONE', #9810, #1083 ) ;
#9712 = DIRECTION ( 'NONE',  ( 0.000000000000000000, 1.000000000000000000, 3.491481338843000432E-15 ) ) ;
#9713 = EDGE_LOOP ( 'NONE', ( #8001, #994, #6742, #3280 ) ) ;
#9714 = VECTOR ( 'NONE', #846, 1000.000000000000000 ) ;
#9715 = DIRECTION ( 'NONE',  ( -1.000000000000000000, 0.000000000000000000, 0.000000000000000000 ) ) ;
#9716 = ORIENTED_EDGE ( 'NONE', *, *, #175, .F. ) ;
#9717 = ORIENTED_EDGE ( 'NONE', *, *, #6507, .F. ) ;
#9718 = CARTESIAN_POINT ( 'NONE',  ( 0.6999999999999999556, 1.149999999999999911, 0.9000000000000000222 ) ) ;
#9719 = VECTOR ( 'NONE', #3384, 1000.000000000000000 ) ;
#9720 = ORIENTED_EDGE ( 'NONE', *, *, #8774, .T. ) ;
#9721 = CARTESIAN_POINT ( 'NONE',  ( -7.500000000000000000, -5.250000000000000000, 6.199999999999000089 ) ) ;
#9722 = LINE ( 'NONE', #4852, #6777 ) ;
#9723 = ADVANCED_FACE ( 'NONE', ( #8326 ), #232, .T. ) ;
#9724 = CARTESIAN_POINT ( 'NONE',  ( 0.5298444589999999899, -0.9114509414290000722, 0.2010000000000000120 ) ) ;
#9725 = VECTOR ( 'NONE', #2516, 1000.000000000000000 ) ;
#9726 = EDGE_LOOP ( 'NONE', ( #8603, #7752, #8662, #6924 ) ) ;
#9727 = ADVANCED_FACE ( 'NONE', ( #915 ), #4143, .T. ) ;
#9728 = FACE_OUTER_BOUND ( 'NONE', #6834, .T. ) ;
#9729 = ORIENTED_EDGE ( 'NONE', *, *, #4821, .T. ) ;
#9730 = DIRECTION ( 'NONE',  ( -0.3420201433253704515, 0.9396926207860168967, 0.000000000000000000 ) ) ;
#9731 = CARTESIAN_POINT ( 'NONE',  ( 0.08323008294800000872, -1.081424636404999973, 0.2000000000000000111 ) ) ;
#9732 = AXIS2_PLACEMENT_3D ( 'NONE', #8014, #4940, #9600 ) ;
#9733 = CARTESIAN_POINT ( 'NONE',  ( -3.250000000000000000, 1.850000000000000089, 0.1000000000010000528 ) ) ;
#9734 = EDGE_LOOP ( 'NONE', ( #3326, #2486, #9996, #1626, #9110, #6627, #3043, #7282, #2044, #2152, #3304, #2032, #7767, #5537, #1978, #8553, #9257, #5343, #2855, #5327, #8517, #4327, #999, #1851, #9795, #4482, #7374, #2765 ) ) ;
#9735 = PLANE ( 'NONE',  #5960 ) ;
#9736 = CARTESIAN_POINT ( 'NONE',  ( 0.000000000000000000, 1.549999999998999956, 3.840000000000000302 ) ) ;
#9737 = LINE ( 'NONE', #7204, #9707 ) ;
#9738 =( NAMED_UNIT ( * ) SI_UNIT ( $, .STERADIAN. ) SOLID_ANGLE_UNIT ( ) );
#9739 = EDGE_CURVE ( 'NONE', #2355, #2776, #7330, .T. ) ;
#9740 = ORIENTED_EDGE ( 'NONE', *, *, #2920, .F. ) ;
#9741 = ORIENTED_EDGE ( 'NONE', *, *, #6622, .F. ) ;
#9742 = LINE ( 'NONE', #5077, #1438 ) ;
#9743 = VERTEX_POINT ( 'NONE', #7433 ) ;
#9744 = LINE ( 'NONE', #8796, #562 ) ;
#9745 = ORIENTED_EDGE ( 'NONE', *, *, #2920, .T. ) ;
#9746 = CARTESIAN_POINT ( 'NONE',  ( -0.4852937294490000109, -1.267010875613000076, 0.2000000000000000111 ) ) ;
#9747 = CARTESIAN_POINT ( 'NONE',  ( -0.6999999999990000887, 1.149999999999999911, 2.700000000000000178 ) ) ;
#9748 = CARTESIAN_POINT ( 'NONE',  ( -0.8836573974160000233, -0.9559541094229999647, 0.2010000000000000120 ) ) ;
#9749 = DIRECTION ( 'NONE',  ( -1.000000000000000000, 0.000000000000000000, 0.000000000000000000 ) ) ;
#9750 = VECTOR ( 'NONE', #1543, 1000.000000000000000 ) ;
#9751 = ORIENTED_EDGE ( 'NONE', *, *, #6421, .T. ) ;
#9752 = DIRECTION ( 'NONE',  ( 1.000000000000000000, 0.000000000000000000, 0.000000000000000000 ) ) ;
#9753 = ORIENTED_EDGE ( 'NONE', *, *, #4250, .F. ) ;
#9754 = DIRECTION ( 'NONE',  ( 0.000000000000000000, -1.000000000000000000, -3.491481338843000432E-15 ) ) ;
#9755 = CARTESIAN_POINT ( 'NONE',  ( -3.934924240490999647, -1.834924240491000003, 5.499999999999000799 ) ) ;
#9756 = LINE ( 'NONE', #2384, #6013 ) ;
#9757 = EDGE_CURVE ( 'NONE', #1944, #8329, #6501, .T. ) ;
#9758 = EDGE_CURVE ( 'NONE', #7558, #10149, #3114, .T. ) ;
#9759 = CARTESIAN_POINT ( 'NONE',  ( -0.1057943072950000007, -0.8619124412830000415, 0.2000000000000000111 ) ) ;
#9760 = CARTESIAN_POINT ( 'NONE',  ( -0.5437018679519999287, -0.9277788850829999934, 0.2000000000000000111 ) ) ;
#9761 = DIRECTION ( 'NONE',  ( 0.000000000000000000, 3.491481338843000432E-15, -1.000000000000000000 ) ) ;
#9762 = DIRECTION ( 'NONE',  ( 0.000000000000000000, 3.491481338843000432E-15, -1.000000000000000000 ) ) ;
#9763 = CARTESIAN_POINT ( 'NONE',  ( 1.570000000000000062, -3.834297482219000575, 3.658014882865999962 ) ) ;
#9764 = VERTEX_POINT ( 'NONE', #3347 ) ;
#9765 = CARTESIAN_POINT ( 'NONE',  ( -4.316846170922000958, -4.609415119349999479, 5.499999999999000799 ) ) ;
#9766 = EDGE_LOOP ( 'NONE', ( #1156, #10470, #6159, #7657, #8880, #3161, #3197, #1509 ) ) ;
#9767 = VERTEX_POINT ( 'NONE', #3398 ) ;
#9768 = VECTOR ( 'NONE', #187, 1000.000000000000000 ) ;
#9769 = EDGE_CURVE ( 'NONE', #60, #7929, #9919, .T. ) ;
#9770 = DIRECTION ( 'NONE',  ( 0.000000000000000000, 1.000000000000000000, 3.491481338843000432E-15 ) ) ;
#9771 = CARTESIAN_POINT ( 'NONE',  ( 7.499999999998999911, -4.649999999998999378, 2.699999999999000089 ) ) ;
#9772 = CARTESIAN_POINT ( 'NONE',  ( -4.599999999998999556, 0.8499999999999999778, 2.700000000000000178 ) ) ;
#9773 = VECTOR ( 'NONE', #7906, 1000.000000000000000 ) ;
#9774 = CARTESIAN_POINT ( 'NONE',  ( 0.4429701517409999623, -0.8656480959429999622, 0.2010000000000000120 ) ) ;
#9775 = ORIENTED_EDGE ( 'NONE', *, *, #7009, .T. ) ;
#9776 = LINE ( 'NONE', #3413, #5618 ) ;
#9777 = CARTESIAN_POINT ( 'NONE',  ( -7.499999999998999911, -2.849999999999000000, 1.199999999999000089 ) ) ;
#9778 = ORIENTED_EDGE ( 'NONE', *, *, #8697, .F. ) ;
#9779 = VECTOR ( 'NONE', #2010, 1000.000000000000000 ) ;
#9780 = DIRECTION ( 'NONE',  ( 0.000000000000000000, 3.491481338843000432E-15, -1.000000000000000000 ) ) ;
#9781 = CARTESIAN_POINT ( 'NONE',  ( 0.6624983756310000027, -1.361912441282999930, 0.2010000000000000120 ) ) ;
#9782 = EDGE_CURVE ( 'NONE', #7619, #4302, #9869, .T. ) ;
#9783 = CARTESIAN_POINT ( 'NONE',  ( -0.3536029963189999403, -1.307034392503000131, 0.2010000000000000120 ) ) ;
#9784 = VERTEX_POINT ( 'NONE', #6487 ) ;
#9785 = DIRECTION ( 'NONE',  ( -1.000000000000000000, 0.000000000000000000, 0.000000000000000000 ) ) ;
#9786 = EDGE_CURVE ( 'NONE', #60, #6601, #9711, .T. ) ;
#9787 = LINE ( 'NONE', #9736, #8 ) ;
#9788 = DIRECTION ( 'NONE',  ( 0.000000000000000000, 1.000000000000000000, 3.491481338843000432E-15 ) ) ;
#9789 = EDGE_CURVE ( 'NONE', #3836, #5190, #860, .T. ) ;
#9790 = ORIENTED_EDGE ( 'NONE', *, *, #6207, .F. ) ;
#9791 = ORIENTED_EDGE ( 'NONE', *, *, #6574, .T. ) ;
#9792 = CARTESIAN_POINT ( 'NONE',  ( -1.111985117132999967, -3.834297482219000575, 3.658014882865999962 ) ) ;
#9793 = EDGE_LOOP ( 'NONE', ( #2357, #8570, #9034, #2713 ) ) ;
#9794 = PLANE ( 'NONE',  #9865 ) ;
#9795 = ORIENTED_EDGE ( 'NONE', *, *, #3458, .T. ) ;
#9796 = EDGE_CURVE ( 'NONE', #4691, #694, #3299, .T. ) ;
#9797 = PLANE ( 'NONE',  #6971 ) ;
#9798 = DIRECTION ( 'NONE',  ( 0.000000000000000000, -3.646367363483000567E-15, 1.000000000000000000 ) ) ;
#9799 = EDGE_CURVE ( 'NONE', #8769, #10457, #8274, .T. ) ;
#9800 = LINE ( 'NONE', #4074, #5152 ) ;
#9801 = DIRECTION ( 'NONE',  ( 0.000000000000000000, 3.491481338843000432E-15, -1.000000000000000000 ) ) ;
#9802 = VERTEX_POINT ( 'NONE', #9963 ) ;
#9803 = ORIENTED_EDGE ( 'NONE', *, *, #2610, .F. ) ;
#9804 = DIRECTION ( 'NONE',  ( 0.000000000000000000, 3.491481338843000432E-15, -1.000000000000000000 ) ) ;
#9805 = CARTESIAN_POINT ( 'NONE',  ( -0.7500000000000000000, 2.550000000000000266, 0.2000000000010000167 ) ) ;
#9806 = CARTESIAN_POINT ( 'NONE',  ( -4.069999999999000195, 0.8499999999989999999, 3.840000000000000302 ) ) ;
#9807 = CARTESIAN_POINT ( 'NONE',  ( 0.4000000000000000222, 0.8499999999999999778, 2.700000000000000178 ) ) ;
#9808 = CARTESIAN_POINT ( 'NONE',  ( -0.4824478657879999743, -0.8873017107790001079, 0.2000000000000000111 ) ) ;
#9809 = LINE ( 'NONE', #1316, #8303 ) ;
#9810 = CARTESIAN_POINT ( 'NONE',  ( -3.611985117132999967, 5.250000000000000000, 0.6400000000000000133 ) ) ;
#9811 = DIRECTION ( 'NONE',  ( 0.000000000000000000, 0.3420201433253705070, -0.9396926207860170077 ) ) ;
#9812 = ORIENTED_EDGE ( 'NONE', *, *, #7014, .F. ) ;
#9813 = VECTOR ( 'NONE', #9569, 1000.000000000000000 ) ;
#9814 = CARTESIAN_POINT ( 'NONE',  ( 6.899999999999999467, -3.149999999998999822, 0.2000000000000000111 ) ) ;
#9815 = VECTOR ( 'NONE', #9884, 1000.000000000000114 ) ;
#9816 = ORIENTED_EDGE ( 'NONE', *, *, #9346, .T. ) ;
#9817 = EDGE_LOOP ( 'NONE', ( #9393, #8953, #3480, #501 ) ) ;
#9818 = EDGE_CURVE ( 'NONE', #2988, #6505, #9176, .T. ) ;
#9819 = CARTESIAN_POINT ( 'NONE',  ( 5.450000000000000178, 1.550000000000000044, 2.900000000000000355 ) ) ;
#9820 = VECTOR ( 'NONE', #10108, 1000.000000000000000 ) ;
#9821 = CARTESIAN_POINT ( 'NONE',  ( -6.899999999999999467, -4.949999999998999201, 2.199999999999000089 ) ) ;
#9822 = LINE ( 'NONE', #2559, #6434 ) ;
#9823 = DIRECTION ( 'NONE',  ( 0.3363908276650962592, -0.9417224702972694095, -3.300047958625943560E-15 ) ) ;
#9824 = VERTEX_POINT ( 'NONE', #6905 ) ;
#9825 = LINE ( 'NONE', #9883, #7314 ) ;
#9826 = EDGE_CURVE ( 'NONE', #8420, #8658, #5206, .T. ) ;
#9827 = ADVANCED_FACE ( 'NONE', ( #3547 ), #384, .T. ) ;
#9828 = CARTESIAN_POINT ( 'NONE',  ( -0.5893850963550000266, -0.9838597514600000427, 0.2010000000000000120 ) ) ;
#9829 = ORIENTED_EDGE ( 'NONE', *, *, #158, .T. ) ;
#9830 = VECTOR ( 'NONE', #6129, 1000.000000000000000 ) ;
#9831 = FACE_OUTER_BOUND ( 'NONE', #1932, .T. ) ;
#9832 = DIRECTION ( 'NONE',  ( 0.000000000000000000, 3.455341266426000612E-15, -1.000000000000000000 ) ) ;
#9833 = DIRECTION ( 'NONE',  ( 0.000000000000000000, 3.491481338843000432E-15, -1.000000000000000000 ) ) ;
#9834 = ORIENTED_EDGE ( 'NONE', *, *, #2314, .T. ) ;
#9835 = CARTESIAN_POINT ( 'NONE',  ( 0.3407003924979999931, -1.311292395434999980, 0.2000000000000000111 ) ) ;
#9836 = PLANE ( 'NONE',  #4605 ) ;
#9837 = VECTOR ( 'NONE', #4197, 1000.000000000000000 ) ;
#9838 = VECTOR ( 'NONE', #3651, 1000.000000000000000 ) ;
#9839 = CARTESIAN_POINT ( 'NONE',  ( 6.150000000000000355, -0.4499999999989999777, 2.699999999999000089 ) ) ;
#9840 = CARTESIAN_POINT ( 'NONE',  ( -6.150000000000000355, 1.549999999998999956, 4.400000000000000355 ) ) ;
#9841 = ORIENTED_EDGE ( 'NONE', *, *, #6077, .F. ) ;
#9842 = ORIENTED_EDGE ( 'NONE', *, *, #8849, .T. ) ;
#9843 = VERTEX_POINT ( 'NONE', #2070 ) ;
#9844 = AXIS2_PLACEMENT_3D ( 'NONE', #682, #524, #5300 ) ;
#9845 = VECTOR ( 'NONE', #6938, 1000.000000000000000 ) ;
#9846 = CARTESIAN_POINT ( 'NONE',  ( 0.3596803900449999647, -0.9107726993860000286, 0.2000000000000000111 ) ) ;
#9847 = VERTEX_POINT ( 'NONE', #3705 ) ;
#9848 = FACE_OUTER_BOUND ( 'NONE', #3102, .T. ) ;
#9849 = EDGE_CURVE ( 'NONE', #2958, #2115, #6941, .T. ) ;
#9850 = ORIENTED_EDGE ( 'NONE', *, *, #2368, .T. ) ;
#9851 = LINE ( 'NONE', #899, #535 ) ;
#9852 = CARTESIAN_POINT ( 'NONE',  ( -6.150000000000000355, -0.4499999999989999777, 2.699999999999000089 ) ) ;
#9853 = AXIS2_PLACEMENT_3D ( 'NONE', #8510, #1988, #6072 ) ;
#9854 = VECTOR ( 'NONE', #3552, 1000.000000000000000 ) ;
#9855 = LINE ( 'NONE', #1691, #9714 ) ;
#9856 = CARTESIAN_POINT ( 'NONE',  ( -5.450000000000000178, 1.549999999998999956, 4.700000000000000178 ) ) ;
#9857 = MECHANICAL_DESIGN_GEOMETRIC_PRESENTATION_REPRESENTATION (  '', ( #1238 ), #5133 ) ;
#9858 = ORIENTED_EDGE ( 'NONE', *, *, #5563, .F. ) ;
#9859 = DIRECTION ( 'NONE',  ( -1.000000000000000000, 0.000000000000000000, 0.000000000000000000 ) ) ;
#9860 = EDGE_CURVE ( 'NONE', #4978, #5598, #8430, .T. ) ;
#9861 = ADVANCED_BREP_SHAPE_REPRESENTATION ( 'HX-2_54-4P-WT', ( #2398, #5203 ), #8245 ) ;
#9862 = CARTESIAN_POINT ( 'NONE',  ( 5.450000000000000178, 13.68089176689499986, 0.9000000000000000222 ) ) ;
#9863 = CARTESIAN_POINT ( 'NONE',  ( -0.9299999999989999599, 2.550000000000000266, 0.6999999999999999556 ) ) ;
#9864 = VECTOR ( 'NONE', #2540, 1000.000000000000000 ) ;
#9865 = AXIS2_PLACEMENT_3D ( 'NONE', #9949, #6781, #2530 ) ;
#9866 = LINE ( 'NONE', #1807, #3072 ) ;
#9867 = DIRECTION ( 'NONE',  ( 0.000000000000000000, 1.000000000000000000, 3.491481338843000432E-15 ) ) ;
#9868 = CARTESIAN_POINT ( 'NONE',  ( 3.149999999999999911, -5.250000000000000000, 5.499999999999000799 ) ) ;
#9869 = LINE ( 'NONE', #6594, #3274 ) ;
#9870 = DIRECTION ( 'NONE',  ( 1.000000000000000000, 0.000000000000000000, 0.000000000000000000 ) ) ;
#9871 = DIRECTION ( 'NONE',  ( 0.000000000000000000, -1.000000000000000000, -3.304235192336775906E-15 ) ) ;
#9872 = ORIENTED_EDGE ( 'NONE', *, *, #3735, .T. ) ;
#9873 = DIRECTION ( 'NONE',  ( 0.000000000000000000, 1.000000000000000000, 0.000000000000000000 ) ) ;
#9874 = EDGE_CURVE ( 'NONE', #7283, #7929, #436, .T. ) ;
#9875 = VECTOR ( 'NONE', #2365, 1000.000000000000000 ) ;
#9876 = ORIENTED_EDGE ( 'NONE', *, *, #8581, .T. ) ;
#9877 = CARTESIAN_POINT ( 'NONE',  ( -3.850000000000000089, -1.750000000000000000, 5.499999999999000799 ) ) ;
#9878 = DIRECTION ( 'NONE',  ( -0.9396926207860170077, 0.3420201433253705070, 1.194156947931292562E-15 ) ) ;
#9879 = FACE_OUTER_BOUND ( 'NONE', #2907, .T. ) ;
#9880 = VECTOR ( 'NONE', #484, 1000.000000000000000 ) ;
#9881 = LINE ( 'NONE', #244, #2042 ) ;
#9882 = ORIENTED_EDGE ( 'NONE', *, *, #10167, .F. ) ;
#9883 = CARTESIAN_POINT ( 'NONE',  ( 0.8515227658750000872, -0.8619124412830000415, 0.2000000000000000111 ) ) ;
#9884 = DIRECTION ( 'NONE',  ( 0.3236155771183229501, 0.8891264907158876740, 0.3236155771183229501 ) ) ;
#9886 = EDGE_CURVE ( 'NONE', #3074, #1981, #9039, .T. ) ;
#9885 = ORIENTED_EDGE ( 'NONE', *, *, #7373, .T. ) ;
#9887 = ORIENTED_EDGE ( 'NONE', *, *, #4152, .T. ) ;
#9888 = AXIS2_PLACEMENT_3D ( 'NONE', #7108, #7899, #4768 ) ;
#9889 = DIRECTION ( 'NONE',  ( 0.000000000000000000, 3.491481338843000432E-15, -1.000000000000000000 ) ) ;
#9890 = CARTESIAN_POINT ( 'NONE',  ( -0.5507437005040001221, -1.114744718132999912, 0.2010000000000000120 ) ) ;
#9891 = EDGE_CURVE ( 'NONE', #6819, #9351, #6052, .T. ) ;
#9892 = ORIENTED_EDGE ( 'NONE', *, *, #1416, .F. ) ;
#9893 = ADVANCED_FACE ( 'NONE', ( #6750, #6100 ), #9281, .T. ) ;
#9894 = DIRECTION ( 'NONE',  ( 0.000000000000000000, 3.491481338843000432E-15, -1.000000000000000000 ) ) ;
#9895 = CYLINDRICAL_SURFACE ( 'NONE', #7644, 0.1000000000000000472 ) ;
#9896 = CARTESIAN_POINT ( 'NONE',  ( -0.9299999999989999599, 4.750000000000000000, 0.6400000000000000133 ) ) ;
#9897 = CARTESIAN_POINT ( 'NONE',  ( -0.3838487416510000250, -0.8625186366150000561, 0.2000000000000000111 ) ) ;
#9898 = VERTEX_POINT ( 'NONE', #3498 ) ;
#9899 = ORIENTED_EDGE ( 'NONE', *, *, #6006, .F. ) ;
#9900 = VERTEX_POINT ( 'NONE', #5999 ) ;
#9901 = VECTOR ( 'NONE', #3482, 1000.000000000000000 ) ;
#9902 = FACE_OUTER_BOUND ( 'NONE', #8177, .T. ) ;
#9903 = ORIENTED_EDGE ( 'NONE', *, *, #5620, .F. ) ;
#9904 = DIRECTION ( 'NONE',  ( 1.000000000000000000, 0.000000000000000000, 0.000000000000000000 ) ) ;
#9905 = ORIENTED_EDGE ( 'NONE', *, *, #120, .T. ) ;
#9906 = CARTESIAN_POINT ( 'NONE',  ( -0.4989779268760000663, -1.254673345256999806, 0.2000000000000000111 ) ) ;
#9907 = DIRECTION ( 'NONE',  ( 0.000000000000000000, 1.000000000000000000, 2.574980159653071847E-15 ) ) ;
#9908 = DIRECTION ( 'NONE',  ( 0.000000000000000000, 3.491481338843000432E-15, -1.000000000000000000 ) ) ;
#9909 = CARTESIAN_POINT ( 'NONE',  ( -0.5101305629139999409, -0.9769274079820000622, 0.2010000000000000120 ) ) ;
#9910 = VERTEX_POINT ( 'NONE', #5252 ) ;
#9911 = CARTESIAN_POINT ( 'NONE',  ( -0.8785368180059999199, -0.9338239978529999652, 0.2010000000000000120 ) ) ;
#9912 = CARTESIAN_POINT ( 'NONE',  ( -0.3566517768069999428, -0.8619124412830000415, 0.2000000000000000111 ) ) ;
#9913 = DIRECTION ( 'NONE',  ( -1.000000000000000000, 0.000000000000000000, 0.000000000000000000 ) ) ;
#9914 = ADVANCED_FACE ( 'NONE', ( #9331 ), #5947, .F. ) ;
#9915 = LINE ( 'NONE', #8967, #8996 ) ;
#9916 = AXIS2_PLACEMENT_3D ( 'NONE', #6800, #6752, #9871 ) ;
#9917 = CARTESIAN_POINT ( 'NONE',  ( -0.6179894292460000882, -1.105624331527000015, 0.2000000000000000111 ) ) ;
#9918 = CARTESIAN_POINT ( 'NONE',  ( 0.2478642292900000155, -0.8756319534779999358, 0.2000000000000000111 ) ) ;
#9919 = LINE ( 'NONE', #5740, #10220 ) ;
#9920 = DIRECTION ( 'NONE',  ( 0.000000000000000000, 1.000000000000000000, 0.000000000000000000 ) ) ;
#9921 = CARTESIAN_POINT ( 'NONE',  ( 4.069999999999000195, 1.765641600482000140, 3.103489949670000136 ) ) ;
#9922 = ORIENTED_EDGE ( 'NONE', *, *, #4483, .T. ) ;
#9923 = LINE ( 'NONE', #10026, #1059 ) ;
#9924 = EDGE_LOOP ( 'NONE', ( #4711, #5910, #5613, #5608, #7445, #87, #4184, #6664, #1880, #4749, #1877, #1423 ) ) ;
#9925 = CARTESIAN_POINT ( 'NONE',  ( -2.100000000000000089, 0.8499999999989999999, 5.500000000000000888 ) ) ;
#9926 = EDGE_CURVE ( 'NONE', #8975, #9405, #4454, .T. ) ;
#9927 = FACE_OUTER_BOUND ( 'NONE', #7705, .T. ) ;
#9928 = CARTESIAN_POINT ( 'NONE',  ( 0.4044284950629999931, -0.9139291986370000620, 0.2000000000000000111 ) ) ;
#9929 = DIRECTION ( 'NONE',  ( 0.000000000000000000, -1.000000000000000000, -4.336808689942015369E-15 ) ) ;
#9930 = VERTEX_POINT ( 'NONE', #3869 ) ;
#9931 = LINE ( 'NONE', #400, #9464 ) ;
#9932 = ORIENTED_EDGE ( 'NONE', *, *, #9874, .F. ) ;
#9933 = AXIS2_PLACEMENT_3D ( 'NONE', #9098, #2464, #8243 ) ;
#9934 = EDGE_LOOP ( 'NONE', ( #2686, #5669, #3366, #4120 ) ) ;
#9935 = LINE ( 'NONE', #7452, #5886 ) ;
#9936 = ORIENTED_EDGE ( 'NONE', *, *, #116, .F. ) ;
#9937 = LINE ( 'NONE', #5866, #2242 ) ;
#9938 = CARTESIAN_POINT ( 'NONE',  ( 4.069999999999000195, 0.8499999999999999778, 3.200000000000000178 ) ) ;
#9939 = VECTOR ( 'NONE', #3201, 1000.000000000000000 ) ;
#9940 = LINE ( 'NONE', #6565, #4918 ) ;
#9941 = CARTESIAN_POINT ( 'NONE',  ( -0.4354587352489999730, -0.8708599491409999560, 0.2000000000000000111 ) ) ;
#9942 = ORIENTED_EDGE ( 'NONE', *, *, #10319, .F. ) ;
#9943 = CARTESIAN_POINT ( 'NONE',  ( 0.3654685486470000133, -1.367775765485000239, 0.2010000000000000120 ) ) ;
#9944 = ORIENTED_EDGE ( 'NONE', *, *, #10137, .F. ) ;
#9945 = AXIS2_PLACEMENT_3D ( 'NONE', #2322, #6255, #9481 ) ;
#9946 = ORIENTED_EDGE ( 'NONE', *, *, #3925, .T. ) ;
#9947 = CARTESIAN_POINT ( 'NONE',  ( 0.2892197614220000101, -0.9229963668899999751, 0.2000000000000000111 ) ) ;
#9948 = ORIENTED_EDGE ( 'NONE', *, *, #7528, .F. ) ;
#9949 = CARTESIAN_POINT ( 'NONE',  ( 0.8515227658750000872, -1.307034392503000131, 0.2010000000000000120 ) ) ;
#9950 = EDGE_LOOP ( 'NONE', ( #10394, #2380, #5515, #5391 ) ) ;
#9951 = LINE ( 'NONE', #5833, #2909 ) ;
#9952 = CARTESIAN_POINT ( 'NONE',  ( 3.850000000000000089, -1.750000000000000000, 6.199999999999000089 ) ) ;
#9953 = LINE ( 'NONE', #8527, #10449 ) ;
#9954 = CARTESIAN_POINT ( 'NONE',  ( -4.299999999998999733, 0.9499999999999999556, 0.9000000000000000222 ) ) ;
#9955 = ORIENTED_EDGE ( 'NONE', *, *, #8109, .T. ) ;
#9956 = EDGE_CURVE ( 'NONE', #4576, #5538, #10438, .T. ) ;
#9957 = CARTESIAN_POINT ( 'NONE',  ( 0.3460709141810000000, -1.366189273979000252, 0.2000000000000000111 ) ) ;
#9958 = EDGE_CURVE ( 'NONE', #7125, #7872, #5468, .T. ) ;
#9959 = LINE ( 'NONE', #9170, #8084 ) ;
#9960 = PLANE ( 'NONE',  #6316 ) ;
#9961 = LINE ( 'NONE', #1913, #2898 ) ;
#9962 = CARTESIAN_POINT ( 'NONE',  ( -7.500000000000000000, -2.250000000000000000, 3.999999999998999911 ) ) ;
#9963 = CARTESIAN_POINT ( 'NONE',  ( 1.570000000000000062, 2.490036550378000424, 0.6979060301970000380 ) ) ;
#9964 = LINE ( 'NONE', #6101, #4759 ) ;
#9965 = LINE ( 'NONE', #5158, #5693 ) ;
#9966 = VERTEX_POINT ( 'NONE', #6208 ) ;
#9967 = DIRECTION ( 'NONE',  ( 0.000000000000000000, 1.000000000000000000, 0.000000000000000000 ) ) ;
#9968 = ORIENTED_EDGE ( 'NONE', *, *, #6582, .F. ) ;
#9969 = ADVANCED_FACE ( 'NONE', ( #10284 ), #7008, .F. ) ;
#9970 = CARTESIAN_POINT ( 'NONE',  ( -0.8676971229180000522, -0.9556700876460000327, 0.2010000000000000120 ) ) ;
#9971 = ADVANCED_FACE ( 'NONE', ( #9638 ), #751, .F. ) ;
#9972 = LINE ( 'NONE', #4359, #9021 ) ;
#9973 = CARTESIAN_POINT ( 'NONE',  ( 4.250000000000000000, -5.249999999998999911, 0.2000000000000000111 ) ) ;
#9974 = EDGE_CURVE ( 'NONE', #5980, #5235, #1384, .T. ) ;
#9975 = VECTOR ( 'NONE', #6234, 1000.000000000000000 ) ;
#9976 = DIRECTION ( 'NONE',  ( -1.000000000000000000, 0.000000000000000000, 0.000000000000000000 ) ) ;
#9977 = ORIENTED_EDGE ( 'NONE', *, *, #2274, .F. ) ;
#9978 = CARTESIAN_POINT ( 'NONE',  ( -4.069999999999000195, 4.750000000000000000, 0.6400000000000000133 ) ) ;
#9979 = ORIENTED_EDGE ( 'NONE', *, *, #4601, .F. ) ;
#9980 = ORIENTED_EDGE ( 'NONE', *, *, #690, .T. ) ;
#9981 = EDGE_CURVE ( 'NONE', #5382, #8992, #9440, .T. ) ;
#9982 = AXIS2_PLACEMENT_3D ( 'NONE', #5894, #7725, #4493 ) ;
#9983 = VERTEX_POINT ( 'NONE', #7167 ) ;
#9984 = EDGE_CURVE ( 'NONE', #6883, #569, #9488, .T. ) ;
#9985 = CARTESIAN_POINT ( 'NONE',  ( 0.4476729060899999890, -1.300230509332999995, 0.2000000000000000111 ) ) ;
#9986 = ORIENTED_EDGE ( 'NONE', *, *, #8571, .T. ) ;
#9987 = B_SPLINE_CURVE_WITH_KNOTS ( 'NONE', 3,
 ( #6873, #7604, #2944, #6122, #2834, #6020, #6925, #4317, #9251, #454, #351, #10139, #3569, #9985, #5333, #8506, #2727, #6821, #4420 ),
 .UNSPECIFIED., .F., .F.,
 ( 4, 1, 1, 1, 1, 1, 1, 1, 1, 1, 1, 1, 1, 1, 1, 1, 4 ),
 ( 0.000000000000000000, 0.07377411937399999675, 0.1440791147260000182, 0.2113485183079999996, 0.2760768857389999664, 0.3385209158189999568, 0.3998851166929999756, 0.4602540674649999719, 0.5205889643909999975, 0.5802076845629999813, 0.6386329085520000559, 0.6963645494900000399, 0.7540017746600000681, 0.8128056813739999997, 0.8727544255250000438, 0.9351819969779999742, 0.9999999999990000221 ),
 .UNSPECIFIED. ) ;
#9988 = CARTESIAN_POINT ( 'NONE',  ( -0.9299999999989999599, 2.550000000000000266, 1.000013873792005015E-12 ) ) ;
#9989 = FACE_OUTER_BOUND ( 'NONE', #8720, .T. ) ;
#9990 = DIRECTION ( 'NONE',  ( 0.000000000000000000, 3.491481338843000432E-15, -1.000000000000000000 ) ) ;
#9991 = CARTESIAN_POINT ( 'NONE',  ( -1.388014882866000166, 5.250000000000000000, 0.4580148828660000060 ) ) ;
#9992 = ADVANCED_FACE ( 'NONE', ( #9593 ), #2281, .F. ) ;
#9993 = ORIENTED_EDGE ( 'NONE', *, *, #10471, .F. ) ;
#9994 = VECTOR ( 'NONE', #5543, 1000.000000000000114 ) ;
#9995 = CARTESIAN_POINT ( 'NONE',  ( 0.3941199795779999904, -1.367816423715999985, 0.2000000000000000111 ) ) ;
#9997 = VERTEX_POINT ( 'NONE', #3027 ) ;
#9996 = ORIENTED_EDGE ( 'NONE', *, *, #5587, .T. ) ;
#9998 = EDGE_LOOP ( 'NONE', ( #2002, #3994, #789, #2747 ) ) ;
#9999 = EDGE_CURVE ( 'NONE', #5724, #5271, #571, .T. ) ;
#10000 = CARTESIAN_POINT ( 'NONE',  ( 1.800000000000000044, 1.149999999999999911, 0.9000000000000000222 ) ) ;
#10001 = EDGE_LOOP ( 'NONE', ( #7089, #10053, #2875, #2250 ) ) ;
#10002 = LINE ( 'NONE', #5722, #5301 ) ;
#10003 = ORIENTED_EDGE ( 'NONE', *, *, #9029, .F. ) ;
#10004 = CARTESIAN_POINT ( 'NONE',  ( -7.500000000000000000, 2.550000000000000266, 0.2000000000010000167 ) ) ;
#10005 = PLANE ( 'NONE',  #10398 ) ;
#10006 = B_SPLINE_SURFACE_WITH_KNOTS ( 'NONE', 3, 1, ( 
 ( #8002, #8052 ),
 ( #796, #2327 ),
 ( #2278, #8903 ),
 ( #10435, #4019 ),
 ( #7262, #3076 ),
 ( #10486, #3225 ),
 ( #6313, #6469 ),
 ( #9694, #2428 ),
 ( #5518, #8748 ),
 ( #954, #9065 ),
 ( #5082, #7419 ) ),
 .UNSPECIFIED., .F., .F., .F.,
 ( 4, 1, 1, 1, 1, 1, 1, 1, 4 ),
 ( 2, 2 ),
 ( 0.000000000000000000, 0.1352946047629999815, 0.2667656579239999770, 0.3948160188350000044, 0.5200516544339999214, 0.6421757029699999286, 0.7626518205579999599, 0.8818340043800000361, 1.000000000000000000 ),
 ( 0.000000000000000000, 1.000000000000000000 ),
 .UNSPECIFIED. ) ;
#10007 = LINE ( 'NONE', #3694, #4344 ) ;
#10008 = DIRECTION ( 'NONE',  ( -1.000000000000000000, 0.000000000000000000, 0.000000000000000000 ) ) ;
#10009 = ORIENTED_EDGE ( 'NONE', *, *, #10388, .T. ) ;
#10010 = AXIS2_PLACEMENT_3D ( 'NONE', #7901, #10285, #3706 ) ;
#10011 = VECTOR ( 'NONE', #229, 1000.000000000000000 ) ;
#10012 = CARTESIAN_POINT ( 'NONE',  ( -0.9820328743680000194, -1.221668538844000063, 0.2010000000000000120 ) ) ;
#10013 = ADVANCED_FACE ( 'NONE', ( #8701 ), #4615, .F. ) ;
#10014 = CARTESIAN_POINT ( 'NONE',  ( 0.3073149026800000017, -1.305324928416000008, 0.2010000000000000120 ) ) ;
#10015 = DIRECTION ( 'NONE',  ( 0.000000000000000000, 1.000000000000000000, 3.407492542097299143E-15 ) ) ;
#10016 = CARTESIAN_POINT ( 'NONE',  ( -3.250000000000000000, 2.550000000000000266, 0.1000000000010000528 ) ) ;
#10017 = VECTOR ( 'NONE', #10253, 1000.000000000000000 ) ;
#10018 = VECTOR ( 'NONE', #5123, 1000.000000000000000 ) ;
#10019 = ADVANCED_FACE ( 'NONE', ( #1440 ), #8750, .F. ) ;
#10020 = EDGE_CURVE ( 'NONE', #235, #9685, #7852, .T. ) ;
#10021 = LINE ( 'NONE', #483, #2101 ) ;
#10022 = DIRECTION ( 'NONE',  ( -1.000000000000000000, 0.000000000000000000, 0.000000000000000000 ) ) ;
#10023 = CARTESIAN_POINT ( 'NONE',  ( 4.069999999999000195, 1.665702517779999781, 3.840000000000000302 ) ) ;
#10024 = FACE_OUTER_BOUND ( 'NONE', #1410, .T. ) ;
#10025 = VERTEX_POINT ( 'NONE', #6416 ) ;
#10026 = CARTESIAN_POINT ( 'NONE',  ( -6.400000000000000355, -4.673097770996999856, 0.08571428571500003257 ) ) ;
#10027 = AXIS2_PLACEMENT_3D ( 'NONE', #6499, #9037, #8282 ) ;
#10028 = VECTOR ( 'NONE', #7955, 1000.000000000000000 ) ;
#10029 = VECTOR ( 'NONE', #6046, 1000.000000000000000 ) ;
#10030 = CARTESIAN_POINT ( 'NONE',  ( 1.570000000000000062, 4.750000000000000000, 0.6400000000000000133 ) ) ;
#10031 = DIRECTION ( 'NONE',  ( 0.000000000000000000, 1.000000000000000000, 3.614007241618338910E-15 ) ) ;
#10032 = CARTESIAN_POINT ( 'NONE',  ( -2.899999999998999822, 1.149999999999999911, 2.700000000000000178 ) ) ;
#10033 = DIRECTION ( 'NONE',  ( 1.000000000000000000, 0.000000000000000000, 0.000000000000000000 ) ) ;
#10034 = CARTESIAN_POINT ( 'NONE',  ( -0.5507523682229999995, -1.099393004811999974, 0.2010000000000000120 ) ) ;
#10035 = VERTEX_POINT ( 'NONE', #4557 ) ;
#10036 = AXIS2_PLACEMENT_3D ( 'NONE', #8117, #8920, #5000 ) ;
#10037 = LINE ( 'NONE', #6921, #10273 ) ;
#10038 = VERTEX_POINT ( 'NONE', #7062 ) ;
#10039 = EDGE_CURVE ( 'NONE', #2988, #8503, #7949, .T. ) ;
#10040 = ORIENTED_EDGE ( 'NONE', *, *, #8141, .T. ) ;
#10041 = CARTESIAN_POINT ( 'NONE',  ( 0.4000000000000000222, 1.149999999999999911, 2.700000000000000178 ) ) ;
#10042 = VECTOR ( 'NONE', #372, 1000.000000000000000 ) ;
#10043 = ORIENTED_EDGE ( 'NONE', *, *, #6244, .T. ) ;
#10044 = EDGE_CURVE ( 'NONE', #5116, #9285, #4806, .T. ) ;
#10045 = DIRECTION ( 'NONE',  ( -0.9396926207860170077, -0.3420201433253705070, -1.194156947931292167E-15 ) ) ;
#10046 = CARTESIAN_POINT ( 'NONE',  ( -1.799999999998999956, 1.149999999999999911, 2.700000000000000178 ) ) ;
#10047 = DIRECTION ( 'NONE',  ( -1.000000000000000000, 0.000000000000000000, 0.000000000000000000 ) ) ;
#10048 = PLANE ( 'NONE',  #4968 ) ;
#10049 = EDGE_CURVE ( 'NONE', #5394, #7094, #6368, .T. ) ;
#10050 = ORIENTED_EDGE ( 'NONE', *, *, #2089, .T. ) ;
#10051 = CARTESIAN_POINT ( 'NONE',  ( 0.3158420784570000195, -0.8583999615499999791, 0.2010000000000000120 ) ) ;
#10053 = ORIENTED_EDGE ( 'NONE', *, *, #2986, .T. ) ;
#10052 = VERTEX_POINT ( 'NONE', #3923 ) ;
#10054 = AXIS2_PLACEMENT_3D ( 'NONE', #5520, #10173, #3818 ) ;
#10055 = ORIENTED_EDGE ( 'NONE', *, *, #5754, .T. ) ;
#10056 = CARTESIAN_POINT ( 'NONE',  ( 0.7500000000000000000, 2.550000000000000266, 0.9000000000000000222 ) ) ;
#10057 = EDGE_LOOP ( 'NONE', ( #4541, #1681, #9977, #6400 ) ) ;
#10058 = EDGE_LOOP ( 'NONE', ( #10193, #2843, #2260, #7566 ) ) ;
#10059 = CARTESIAN_POINT ( 'NONE',  ( 6.150000000000000355, -2.750000000000000000, 4.299999999998999733 ) ) ;
#10060 = CIRCLE ( 'NONE', #81, 0.7399999999989999022 ) ;
#10061 = FACE_OUTER_BOUND ( 'NONE', #6402, .T. ) ;
#10062 = EDGE_CURVE ( 'NONE', #302, #7697, #7473, .T. ) ;
#10063 = CARTESIAN_POINT ( 'NONE',  ( -0.8785368180059999199, -0.9338239978529999652, 0.2000000000000000111 ) ) ;
#10064 = CARTESIAN_POINT ( 'NONE',  ( -0.4352179733479999979, -0.9283800701189999227, 0.2000000000000000111 ) ) ;
#10065 = AXIS2_PLACEMENT_3D ( 'NONE', #5186, #3685, #8409 ) ;
#10066 = ORIENTED_EDGE ( 'NONE', *, *, #1772, .F. ) ;
#10067 = DIRECTION ( 'NONE',  ( 1.000000000000000000, 0.000000000000000000, 0.000000000000000000 ) ) ;
#10068 = CARTESIAN_POINT ( 'NONE',  ( 0.2524603943539999729, -1.283708535446000054, 0.2010000000000000120 ) ) ;
#10069 = LINE ( 'NONE', #9484, #7833 ) ;
#10070 = DIRECTION ( 'NONE',  ( -0.3536223923290543469, 0.9353882635801437084, 3.245279959971499005E-15 ) ) ;
#10071 = CARTESIAN_POINT ( 'NONE',  ( 6.400000000000000355, -5.149999999999000266, 1.787228132325999974 ) ) ;
#10072 = CARTESIAN_POINT ( 'NONE',  ( 0.4429701517409999623, -0.8656480959429999622, 0.2000000000000000111 ) ) ;
#10073 = FACE_OUTER_BOUND ( 'NONE', #3676, .T. ) ;
#10074 = ORIENTED_EDGE ( 'NONE', *, *, #3309, .F. ) ;
#10075 = LINE ( 'NONE', #4350, #9414 ) ;
#10076 = ORIENTED_EDGE ( 'NONE', *, *, #2482, .T. ) ;
#10077 = LINE ( 'NONE', #7698, #9854 ) ;
#10078 = ADVANCED_FACE ( 'NONE', ( #8054 ), #4929, .F. ) ;
#10079 = DIRECTION ( 'NONE',  ( 0.000000000000000000, 3.611948246897000020E-15, -1.000000000000000000 ) ) ;
#10080 = CARTESIAN_POINT ( 'NONE',  ( -1.159951660893999925, 5.381786995874000112, 0.2299516608950000485 ) ) ;
#10081 = CARTESIAN_POINT ( 'NONE',  ( 6.150000000000000355, 2.550000000000000266, 0.2000000000010000167 ) ) ;
#10082 = DIRECTION ( 'NONE',  ( 0.000000000000000000, -1.000000000000000000, -3.491481338843000432E-15 ) ) ;
#10083 = LINE ( 'NONE', #2825, #7969 ) ;
#10084 = ORIENTED_EDGE ( 'NONE', *, *, #316, .F. ) ;
#10085 = LINE ( 'NONE', #3666, #3034 ) ;
#10086 = ORIENTED_EDGE ( 'NONE', *, *, #3251, .F. ) ;
#10087 = EDGE_CURVE ( 'NONE', #8342, #7384, #110, .T. ) ;
#10088 = EDGE_LOOP ( 'NONE', ( #8902, #5679, #622, #8216 ) ) ;
#10089 = PRODUCT_DEFINITION_SHAPE ( 'NONE', 'NONE',  #4696 ) ;
#10090 = DIRECTION ( 'NONE',  ( -1.000000000000000000, 0.000000000000000000, 0.000000000000000000 ) ) ;
#10091 = EDGE_LOOP ( 'NONE', ( #984, #3952, #2139, #8244 ) ) ;
#10092 = DIRECTION ( 'NONE',  ( 0.000000000000000000, -1.000000000000000000, -3.491481338843000432E-15 ) ) ;
#10093 = CARTESIAN_POINT ( 'NONE',  ( 1.388014882866000166, -3.834297482219000575, 3.199999999999000089 ) ) ;
#10094 = CARTESIAN_POINT ( 'NONE',  ( 5.450000000000000178, 1.349999999999000000, 5.500000000000000888 ) ) ;
#10095 = CARTESIAN_POINT ( 'NONE',  ( 6.150000000000000355, -5.250000000000000000, 3.999999999998999911 ) ) ;
#10096 = ORIENTED_EDGE ( 'NONE', *, *, #956, .F. ) ;
#10097 = FACE_OUTER_BOUND ( 'NONE', #9665, .T. ) ;
#10099 = EDGE_LOOP ( 'NONE', ( #7344, #8890, #3804, #9703, #7346, #10074 ) ) ;
#10098 = ORIENTED_EDGE ( 'NONE', *, *, #8203, .T. ) ;
#10100 = EDGE_LOOP ( 'NONE', ( #96, #2631, #401, #4686 ) ) ;
#10101 = DIRECTION ( 'NONE',  ( 0.000000000000000000, -1.000000000000000000, -4.336808689942015369E-15 ) ) ;
#10102 = ORIENTED_EDGE ( 'NONE', *, *, #7347, .T. ) ;
#10103 = AXIS2_PLACEMENT_3D ( 'NONE', #7556, #10090, #2781 ) ;
#10104 = EDGE_CURVE ( 'NONE', #7756, #6239, #2648, .T. ) ;
#10105 = ORIENTED_EDGE ( 'NONE', *, *, #2525, .T. ) ;
#10106 = PLANE ( 'NONE',  #1218 ) ;
#10107 = EDGE_CURVE ( 'NONE', #7768, #9900, #8159, .T. ) ;
#10108 = DIRECTION ( 'NONE',  ( -1.000000000000000000, 0.000000000000000000, 0.000000000000000000 ) ) ;
#10109 = CARTESIAN_POINT ( 'NONE',  ( 0.5527422780699999816, -1.117247807137000004, 0.2000000000000000111 ) ) ;
#10110 = VECTOR ( 'NONE', #699, 1000.000000000000000 ) ;
#10111 = LINE ( 'NONE', #7576, #9437 ) ;
#10112 = LINE ( 'NONE', #10270, #8672 ) ;
#10113 = ORIENTED_EDGE ( 'NONE', *, *, #7895, .F. ) ;
#10114 = CARTESIAN_POINT ( 'NONE',  ( 0.3854404488020000130, -1.368010002259000046, 0.2010000000000000120 ) ) ;
#10115 = CARTESIAN_POINT ( 'NONE',  ( 0.6999999999999999556, 0.9499999999999999556, 2.700000000000000178 ) ) ;
#10116 = EDGE_CURVE ( 'NONE', #9295, #1514, #5778, .T. ) ;
#10117 = CARTESIAN_POINT ( 'NONE',  ( -6.150000000000000355, -5.250000000000000000, 6.199999999999000089 ) ) ;
#10118 = PLANE ( 'NONE',  #9672 ) ;
#10119 = ADVANCED_FACE ( 'NONE', ( #4880 ), #9012, .T. ) ;
#10120 = LINE ( 'NONE', #4452, #3798 ) ;
#10121 = CARTESIAN_POINT ( 'NONE',  ( -0.9299999999989999599, 2.405251729774000147, 3.125825627559000175 ) ) ;
#10122 = LINE ( 'NONE', #4246, #5272 ) ;
#10123 = ORIENTED_EDGE ( 'NONE', *, *, #4783, .F. ) ;
#10124 = CARTESIAN_POINT ( 'NONE',  ( 0.5298444589999999899, -0.9114509414290000722, 0.2010000000000000120 ) ) ;
#10125 = ORIENTED_EDGE ( 'NONE', *, *, #9032, .F. ) ;
#10126 = CARTESIAN_POINT ( 'NONE',  ( 5.450000000000000178, 1.549999999998999956, 4.700000000000000178 ) ) ;
#10127 = ADVANCED_FACE ( 'NONE', ( #2595 ), #8958, .F. ) ;
#10128 = CARTESIAN_POINT ( 'NONE',  ( -0.5504084140620000287, -1.129689134823999908, 0.2000000000000000111 ) ) ;
#10129 = CARTESIAN_POINT ( 'NONE',  ( 6.400000000000000355, -4.262771867673000870, 0.2000000000000000111 ) ) ;
#10130 = DIRECTION ( 'NONE',  ( 0.000000000000000000, 1.000000000000000000, 3.491481338843000432E-15 ) ) ;
#10131 = PLANE ( 'NONE',  #7614 ) ;
#10132 = CARTESIAN_POINT ( 'NONE',  ( 1.570000000000000062, 1.665702517779999781, 3.200000000000000178 ) ) ;
#10133 = ORIENTED_EDGE ( 'NONE', *, *, #2011, .T. ) ;
#10134 = LINE ( 'NONE', #6763, #4517 ) ;
#10135 = ORIENTED_EDGE ( 'NONE', *, *, #2362, .T. ) ;
#10136 = ORIENTED_EDGE ( 'NONE', *, *, #3672, .T. ) ;
#10137 = EDGE_CURVE ( 'NONE', #5405, #6082, #1798, .T. ) ;
#10138 = ORIENTED_EDGE ( 'NONE', *, *, #1602, .T. ) ;
#10139 = CARTESIAN_POINT ( 'NONE',  ( 0.4779188564970000552, -1.283646395476999880, 0.2000000000000000111 ) ) ;
#10140 = ORIENTED_EDGE ( 'NONE', *, *, #9786, .F. ) ;
#10141 = CARTESIAN_POINT ( 'NONE',  ( 0.2524603943539999729, -1.283708535446000054, 0.2000000000000000111 ) ) ;
#10142 = DIRECTION ( 'NONE',  ( 1.000000000000000000, 0.000000000000000000, 0.000000000000000000 ) ) ;
#10143 = ADVANCED_FACE ( 'NONE', ( #5729 ), #8906, .T. ) ;
#10144 = LINE ( 'NONE', #1257, #4578 ) ;
#10145 = ADVANCED_FACE ( 'NONE', ( #6473 ), #3227, .F. ) ;
#10146 = ORIENTED_EDGE ( 'NONE', *, *, #1109, .T. ) ;
#10147 = CARTESIAN_POINT ( 'NONE',  ( 0.2518442910450000016, -0.8740163586630000925, 0.2010000000000000120 ) ) ;
#10149 = VERTEX_POINT ( 'NONE', #6688 ) ;
#10148 = ORIENTED_EDGE ( 'NONE', *, *, #8242, .T. ) ;
#10150 = VECTOR ( 'NONE', #3792, 1000.000000000000000 ) ;
#10151 = APPLICATION_CONTEXT ( 'automotive_design' ) ;
#10152 = ORIENTED_EDGE ( 'NONE', *, *, #7850, .T. ) ;
#10153 = VECTOR ( 'NONE', #9618, 1000.000000000000000 ) ;
#10154 = CARTESIAN_POINT ( 'NONE',  ( -0.3563659536359999880, -0.9167904900640000410, 0.2010000000000000120 ) ) ;
#10155 = ORIENTED_EDGE ( 'NONE', *, *, #10286, .T. ) ;
#10156 = ORIENTED_EDGE ( 'NONE', *, *, #4321, .T. ) ;
#10157 = DIRECTION ( 'NONE',  ( 1.000000000000000000, 0.000000000000000000, 0.000000000000000000 ) ) ;
#10158 = VECTOR ( 'NONE', #10159, 1000.000000000000000 ) ;
#10159 = DIRECTION ( 'NONE',  ( 0.000000000000000000, -3.491481338843000432E-15, 1.000000000000000000 ) ) ;
#10160 = LINE ( 'NONE', #2267, #3109 ) ;
#10161 = DIRECTION ( 'NONE',  ( 0.000000000000000000, 1.000000000000000000, 0.000000000000000000 ) ) ;
#10162 = FACE_OUTER_BOUND ( 'NONE', #881, .T. ) ;
#10163 = VERTEX_POINT ( 'NONE', #1 ) ;
#10164 = DIRECTION ( 'NONE',  ( 0.000000000000000000, 1.000000000000000000, 0.000000000000000000 ) ) ;
#10165 = VECTOR ( 'NONE', #1775, 1000.000000000000000 ) ;
#10166 = LINE ( 'NONE', #10115, #650 ) ;
#10167 = EDGE_CURVE ( 'NONE', #7610, #987, #9855, .T. ) ;
#10168 = ORIENTED_EDGE ( 'NONE', *, *, #8734, .T. ) ;
#10169 = PLANE ( 'NONE',  #7662 ) ;
#10170 = EDGE_CURVE ( 'NONE', #8078, #790, #9800, .T. ) ;
#10171 = CARTESIAN_POINT ( 'NONE',  ( -0.9299999999989999599, -3.834297482219000575, 3.381985117132999985 ) ) ;
#10172 = EDGE_CURVE ( 'NONE', #4210, #887, #6527, .T. ) ;
#10173 = DIRECTION ( 'NONE',  ( -0.000000000000000000, 0.9993908270191130816, 0.03489949670200395010 ) ) ;
#10174 = VECTOR ( 'NONE', #1708, 1000.000000000000000 ) ;
#10175 = VECTOR ( 'NONE', #1279, 1000.000000000000000 ) ;
#10176 = CARTESIAN_POINT ( 'NONE',  ( 0.6195976870740000919, -1.111616850362999953, 0.2000000000000000111 ) ) ;
#10177 = PLANE ( 'NONE',  #3403 ) ;
#10178 = ADVANCED_FACE ( 'NONE', ( #4828 ), #6039, .T. ) ;
#10179 = ORIENTED_EDGE ( 'NONE', *, *, #6262, .F. ) ;
#10180 = CARTESIAN_POINT ( 'NONE',  ( 0.6102255188799999841, -1.038343197661999895, 0.2000000000000000111 ) ) ;
#10181 = ORIENTED_EDGE ( 'NONE', *, *, #5104, .F. ) ;
#10182 = PLANE ( 'NONE',  #7996 ) ;
#10183 = CARTESIAN_POINT ( 'NONE',  ( 1.570000000000000062, 1.665702517779999781, 3.100000000000000533 ) ) ;
#10184 = AXIS2_PLACEMENT_3D ( 'NONE', #4766, #6769, #6414 ) ;
#10185 = VECTOR ( 'NONE', #2003, 1000.000000000000000 ) ;
#10186 = VERTEX_POINT ( 'NONE', #2905 ) ;
#10187 = DIRECTION ( 'NONE',  ( -1.000000000000000000, 0.000000000000000000, 0.000000000000000000 ) ) ;
#10188 = B_SPLINE_CURVE_WITH_KNOTS ( 'NONE', 3,
 ( #2969, #2169, #1373, #9585, #7997, #2321, #6359, #3126, #1528, #5559, #7157, #8792, #4758, #741, #10384, #1857, #9172, #5047, #2545 ),
 .UNSPECIFIED., .F., .F.,
 ( 4, 1, 1, 1, 1, 1, 1, 1, 1, 1, 1, 1, 1, 1, 1, 1, 4 ),
 ( 0.000000000000000000, 0.06806869584399999340, 0.1334274328179999858, 0.1961460338129999981, 0.2570485924490000240, 0.3168826631589999887, 0.3761872086659999725, 0.4359603353629999956, 0.4965352368620000179, 0.5574653434799999863, 0.6176868634100000088, 0.6779436406959999939, 0.7388052848060000510, 0.8009493367659999974, 0.8648146674700000203, 0.9310247810780000188, 1.000000000000000000 ),
 .UNSPECIFIED. ) ;
#10189 = LINE ( 'NONE', #5265, #381 ) ;
#10190 = LINE ( 'NONE', #4519, #9135 ) ;
#10191 = DIRECTION ( 'NONE',  ( 0.7071067811865475727, 0.7071067811865475727, 2.468850131083910907E-15 ) ) ;
#10192 = ADVANCED_FACE ( 'NONE', ( #6844 ), #1214, .T. ) ;
#10193 = ORIENTED_EDGE ( 'NONE', *, *, #4404, .F. ) ;
#10194 = AXIS2_PLACEMENT_3D ( 'NONE', #3461, #4153, #4204 ) ;
#10195 = VECTOR ( 'NONE', #9180, 1000.000000000000000 ) ;
#10196 = AXIS2_PLACEMENT_3D ( 'NONE', #4610, #3757, #5359 ) ;
#10197 = CARTESIAN_POINT ( 'NONE',  ( 0.000000000000000000, 1.550000000000000044, 3.200000000000000178 ) ) ;
#10198 = EDGE_LOOP ( 'NONE', ( #6562, #8695, #8948, #6337 ) ) ;
#10199 = ORIENTED_EDGE ( 'NONE', *, *, #9359, .T. ) ;
#10200 = VERTEX_POINT ( 'NONE', #2803 ) ;
#10201 = CARTESIAN_POINT ( 'NONE',  ( -0.3999999999989999888, 0.8499999999989999999, 5.500000000000000888 ) ) ;
#10202 = DIRECTION ( 'NONE',  ( 0.3236155771183229501, 0.8891264907158876740, 0.3236155771183229501 ) ) ;
#10203 = ORIENTED_EDGE ( 'NONE', *, *, #2936, .T. ) ;
#10204 = VECTOR ( 'NONE', #841, 1000.000000000000000 ) ;
#10205 = LINE ( 'NONE', #8562, #1226 ) ;
#10206 = PLANE ( 'NONE',  #7957 ) ;
#10207 = DIRECTION ( 'NONE',  ( 1.000000000000000000, 0.000000000000000000, 0.000000000000000000 ) ) ;
#10208 = EDGE_LOOP ( 'NONE', ( #7915, #6717, #288, #4743 ) ) ;
#10209 = DIRECTION ( 'NONE',  ( 0.000000000000000000, -1.000000000000000000, -3.614007241618338910E-15 ) ) ;
#10211 = ORIENTED_EDGE ( 'NONE', *, *, #2140, .F. ) ;
#10210 = ORIENTED_EDGE ( 'NONE', *, *, #9690, .T. ) ;
#10212 = ADVANCED_FACE ( 'NONE', ( #9164 ), #2057, .T. ) ;
#10213 = DIRECTION ( 'NONE',  ( 0.9396926207860170077, 0.3420201433253705070, 1.194156947931294337E-15 ) ) ;
#10214 = EDGE_CURVE ( 'NONE', #5335, #4931, #7624, .T. ) ;
#10215 = EDGE_LOOP ( 'NONE', ( #3979, #9751, #6193, #2302 ) ) ;
#10216 = ORIENTED_EDGE ( 'NONE', *, *, #894, .F. ) ;
#10217 = CARTESIAN_POINT ( 'NONE',  ( 0.3649564548990000268, -0.9106929290880000361, 0.2010000000000000120 ) ) ;
#10218 = DIRECTION ( 'NONE',  ( -1.000000000000000000, 0.000000000000000000, 0.000000000000000000 ) ) ;
#10219 = CARTESIAN_POINT ( 'NONE',  ( -4.549999999998999733, -5.250000000000000000, 5.499999999999000799 ) ) ;
#10220 = VECTOR ( 'NONE', #8970, 1000.000000000000114 ) ;
#10221 = PLANE ( 'NONE',  #2828 ) ;
#10222 = CARTESIAN_POINT ( 'NONE',  ( 0.5843534235319999270, -1.263962870207000044, 0.2010000000000000120 ) ) ;
#10223 = ORIENTED_EDGE ( 'NONE', *, *, #26, .F. ) ;
#10224 = CARTESIAN_POINT ( 'NONE',  ( 0.5340004414620000972, -1.215309063394000022, 0.2010000000000000120 ) ) ;
#10225 = CARTESIAN_POINT ( 'NONE',  ( -4.076283622504999649, 4.732735889054000111, 0.6462836225050000438 ) ) ;
#10226 = EDGE_CURVE ( 'NONE', #6985, #676, #4443, .T. ) ;
#10227 = ORIENTED_EDGE ( 'NONE', *, *, #8924, .T. ) ;
#10228 = FACE_OUTER_BOUND ( 'NONE', #1372, .T. ) ;
#10229 = VECTOR ( 'NONE', #5467, 1000.000000000000114 ) ;
#10230 = DIRECTION ( 'NONE',  ( 0.000000000000000000, 1.000000000000000000, 3.491481338843000432E-15 ) ) ;
#10231 = CARTESIAN_POINT ( 'NONE',  ( 3.840048339104999986, 5.381786995874000112, 0.2299516608950000485 ) ) ;
#10232 = CARTESIAN_POINT ( 'NONE',  ( 5.450000000000000178, 2.550000000000000266, 0.9000000000000000222 ) ) ;
#10233 = FACE_OUTER_BOUND ( 'NONE', #1520, .T. ) ;
#10234 = EDGE_LOOP ( 'NONE', ( #2612, #9745, #3017, #6028, #981, #4669, #3577, #7398 ) ) ;
#10235 = CARTESIAN_POINT ( 'NONE',  ( 0.4429701517409999623, -0.8656480959429999622, 0.2010000000000000120 ) ) ;
#10236 = ORIENTED_EDGE ( 'NONE', *, *, #885, .F. ) ;
#10237 = LINE ( 'NONE', #2181, #9349 ) ;
#10238 = EDGE_CURVE ( 'NONE', #2474, #4961, #3489, .T. ) ;
#10239 = AXIS2_PLACEMENT_3D ( 'NONE', #2339, #5576, #8809 ) ;
#10240 = LINE ( 'NONE', #1239, #4657 ) ;
#10241 = ORIENTED_EDGE ( 'NONE', *, *, #2412, .T. ) ;
#10242 = EDGE_CURVE ( 'NONE', #9366, #5358, #8369, .T. ) ;
#10243 = CARTESIAN_POINT ( 'NONE',  ( -0.5893955065029999885, -1.233077575030999906, 0.2000000000000000111 ) ) ;
#10244 = CARTESIAN_POINT ( 'NONE',  ( 0.8515227658750000872, -1.307034392503000131, 0.2000000000000000111 ) ) ;
#10245 = CARTESIAN_POINT ( 'NONE',  ( 0.9300000000000000488, 1.765641600482000140, 3.103489949670000136 ) ) ;
#10246 = ORIENTED_EDGE ( 'NONE', *, *, #8602, .T. ) ;
#10247 = DIRECTION ( 'NONE',  ( 0.000000000000000000, -1.000000000000000000, -3.491481338843000432E-15 ) ) ;
#10248 = ORIENTED_EDGE ( 'NONE', *, *, #3091, .F. ) ;
#10249 = ORIENTED_EDGE ( 'NONE', *, *, #5362, .F. ) ;
#10250 = ORIENTED_EDGE ( 'NONE', *, *, #6913, .T. ) ;
#10251 = EDGE_CURVE ( 'NONE', #6765, #2360, #5242, .T. ) ;
#10252 = CARTESIAN_POINT ( 'NONE',  ( 6.649999999999999467, -3.149999999998999822, 1.199999999999000089 ) ) ;
#10253 = DIRECTION ( 'NONE',  ( 0.000000000000000000, -1.000000000000000000, -3.491481338843000432E-15 ) ) ;
#10254 = VERTEX_POINT ( 'NONE', #3536 ) ;
#10255 = CARTESIAN_POINT ( 'NONE',  ( 3.429999999998999627, -3.834297482219000575, 3.199999999999000089 ) ) ;
#10256 = CARTESIAN_POINT ( 'NONE',  ( 6.400000000000000355, -5.149999999999000266, 0.2000000000000000111 ) ) ;
#10257 = DIRECTION ( 'NONE',  ( 0.000000000000000000, 1.000000000000000000, 3.407492542097299143E-15 ) ) ;
#10258 = AXIS2_PLACEMENT_3D ( 'NONE', #754, #9154, #7222 ) ;
#10259 = ORIENTED_EDGE ( 'NONE', *, *, #10312, .F. ) ;
#10260 = CARTESIAN_POINT ( 'NONE',  ( 0.5023030599809999996, -1.342029249550000136, 0.2010000000000000120 ) ) ;
#10262 = VERTEX_POINT ( 'NONE', #3645 ) ;
#10261 = ORIENTED_EDGE ( 'NONE', *, *, #2246, .T. ) ;
#10263 = LINE ( 'NONE', #7093, #8205 ) ;
#10264 = LINE ( 'NONE', #1985, #1816 ) ;
#10265 = ORIENTED_EDGE ( 'NONE', *, *, #2560, .T. ) ;
#10266 = LINE ( 'NONE', #9624, #6981 ) ;
#10267 = CARTESIAN_POINT ( 'NONE',  ( 0.4570358225460000035, -0.9321945420649999647, 0.2000000000000000111 ) ) ;
#10268 = LINE ( 'NONE', #4599, #6003 ) ;
#10269 = DIRECTION ( 'NONE',  ( 0.000000000000000000, -1.000000000000000000, -3.523657060595514930E-15 ) ) ;
#10270 = CARTESIAN_POINT ( 'NONE',  ( -5.450000000000000178, 1.149999999999999911, 0.9000000000000000222 ) ) ;
#10271 = ORIENTED_EDGE ( 'NONE', *, *, #9382, .T. ) ;
#10272 = CARTESIAN_POINT ( 'NONE',  ( 3.611985117132999967, -3.834297482219000575, 3.658014882865999962 ) ) ;
#10273 = VECTOR ( 'NONE', #4414, 1000.000000000000000 ) ;
#10274 = CARTESIAN_POINT ( 'NONE',  ( 4.250000000000000000, 1.550000000000000044, 0.2000000000010000167 ) ) ;
#10275 = AXIS2_PLACEMENT_3D ( 'NONE', #9733, #3470, #8138 ) ;
#10276 = EDGE_CURVE ( 'NONE', #3212, #7475, #1849, .T. ) ;
#10277 = ORIENTED_EDGE ( 'NONE', *, *, #9999, .T. ) ;
#10278 = LINE ( 'NONE', #1278, #9023 ) ;
#10279 = PLANE ( 'NONE',  #3744 ) ;
#10280 = AXIS2_PLACEMENT_3D ( 'NONE', #5940, #117, #8374 ) ;
#10281 = CARTESIAN_POINT ( 'NONE',  ( 4.069999999999000195, -3.834297482219000575, 3.839999999999000213 ) ) ;
#10282 = EDGE_CURVE ( 'NONE', #3794, #5234, #5934, .T. ) ;
#10283 = VECTOR ( 'NONE', #8396, 1000.000000000000114 ) ;
#10284 = FACE_OUTER_BOUND ( 'NONE', #8133, .T. ) ;
#10285 = DIRECTION ( 'NONE',  ( 0.000000000000000000, -1.000000000000000000, -3.611948246897000020E-15 ) ) ;
#10286 = EDGE_CURVE ( 'NONE', #1351, #5565, #10111, .T. ) ;
#10287 = VERTEX_POINT ( 'NONE', #6089 ) ;
#10288 = CARTESIAN_POINT ( 'NONE',  ( 0.6191715059240000540, -1.092578674578000175, 0.2010000000000000120 ) ) ;
#10289 = ORIENTED_EDGE ( 'NONE', *, *, #9225, .T. ) ;
#10290 = LINE ( 'NONE', #3032, #4780 ) ;
#10291 = VECTOR ( 'NONE', #2170, 999.9999999999998863 ) ;
#10292 = CARTESIAN_POINT ( 'NONE',  ( -0.8765641243680000194, -0.9228880510390000680, 0.2000000000000000111 ) ) ;
#10293 = AXIS2_PLACEMENT_3D ( 'NONE', #8087, #9470, #3116 ) ;
#10294 = CARTESIAN_POINT ( 'NONE',  ( 2.100000000000000089, 0.8499999999989999999, 5.500000000000000888 ) ) ;
#10295 = CARTESIAN_POINT ( 'NONE',  ( 3.429999999998999627, 1.665702517779999781, 3.840000000000000302 ) ) ;
#10296 = CARTESIAN_POINT ( 'NONE',  ( -0.6545747950999999398, -1.361912441282999930, 0.2000000000000000111 ) ) ;
#10297 = DIRECTION ( 'NONE',  ( -1.000000000000000000, 0.000000000000000000, 0.000000000000000000 ) ) ;
#10298 = ORIENTED_EDGE ( 'NONE', *, *, #6691, .F. ) ;
#10299 = DIRECTION ( 'NONE',  ( 0.000000000000000000, 3.584412953627000671E-15, -1.000000000000000000 ) ) ;
#10300 = VERTEX_POINT ( 'NONE', #6740 ) ;
#10301 = EDGE_CURVE ( 'NONE', #4159, #10464, #9953, .T. ) ;
#10302 = ORIENTED_EDGE ( 'NONE', *, *, #7016, .T. ) ;
#10303 = ORIENTED_EDGE ( 'NONE', *, *, #8707, .T. ) ;
#10304 = ADVANCED_FACE ( 'NONE', ( #4495 ), #269, .T. ) ;
#10305 = DIRECTION ( 'NONE',  ( 0.000000000000000000, 3.491481338843000432E-15, -1.000000000000000000 ) ) ;
#10306 = ORIENTED_EDGE ( 'NONE', *, *, #420, .T. ) ;
#10307 = CARTESIAN_POINT ( 'NONE',  ( -0.9299999999989999599, 4.750000000000000000, 0.6400000000000000133 ) ) ;
#10308 = LINE ( 'NONE', #668, #9975 ) ;
#10309 = CARTESIAN_POINT ( 'NONE',  ( 0.2750481398469999950, -0.9285664359769999487, 0.2000000000000000111 ) ) ;
#10310 = VERTEX_POINT ( 'NONE', #474 ) ;
#10311 = VECTOR ( 'NONE', #9139, 1000.000000000000000 ) ;
#10312 = EDGE_CURVE ( 'NONE', #6227, #7384, #10007, .T. ) ;
#10313 = CARTESIAN_POINT ( 'NONE',  ( 0.5953826978209999510, -1.243530501393000032, 0.2010000000000000120 ) ) ;
#10314 = ORIENTED_EDGE ( 'NONE', *, *, #9697, .T. ) ;
#10315 = ADVANCED_FACE ( 'NONE', ( #1060 ), #4288, .T. ) ;
#10316 = CARTESIAN_POINT ( 'NONE',  ( -0.9299999999989999599, 0.8499999999999999778, 0.6999999999999999556 ) ) ;
#10317 = FACE_OUTER_BOUND ( 'NONE', #5878, .T. ) ;
#10318 = VERTEX_POINT ( 'NONE', #8418 ) ;
#10319 = EDGE_CURVE ( 'NONE', #10200, #612, #1162, .T. ) ;
#10320 = DIRECTION ( 'NONE',  ( 0.000000000000000000, -1.000000000000000000, -3.491481338843000432E-15 ) ) ;
#10321 = CYLINDRICAL_SURFACE ( 'NONE', #7285, 0.7000000000000000666 ) ;
#10322 = DIRECTION ( 'NONE',  ( 0.000000000000000000, 3.584412953627000671E-15, -1.000000000000000000 ) ) ;
#10323 = VECTOR ( 'NONE', #7806, 1000.000000000000000 ) ;
#10324 = CARTESIAN_POINT ( 'NONE',  ( -4.549999999998999733, -4.109415119350000367, 5.499999999999000799 ) ) ;
#10325 = CARTESIAN_POINT ( 'NONE',  ( -7.500000000000000000, -5.249999999998999911, 0.8999999999990001553 ) ) ;
#10326 = ADVANCED_FACE ( 'NONE', ( #10427 ), #6146, .F. ) ;
#10327 = ORIENTED_EDGE ( 'NONE', *, *, #481, .T. ) ;
#10328 = DIRECTION ( 'NONE',  ( 0.000000000000000000, 3.491481338843000432E-15, -1.000000000000000000 ) ) ;
#10329 = CARTESIAN_POINT ( 'NONE',  ( 0.08323008294800000872, -1.136302685186000083, 0.2010000000000000120 ) ) ;
#10330 = EDGE_LOOP ( 'NONE', ( #10096, #3380, #8502, #9674 ) ) ;
#10331 = VECTOR ( 'NONE', #1836, 1000.000000000000000 ) ;
#10332 = CARTESIAN_POINT ( 'NONE',  ( -0.4169745369589999973, -0.9231087933350000663, 0.2000000000000000111 ) ) ;
#10333 = LINE ( 'NONE', #7007, #8029 ) ;
#10334 = CARTESIAN_POINT ( 'NONE',  ( -7.500000000000000000, -5.249999999998999911, 0.2000000000000000111 ) ) ;
#10335 = CARTESIAN_POINT ( 'NONE',  ( -0.8743614184969999981, -0.9264484971840000194, 0.2000000000000000111 ) ) ;
#10336 = EDGE_CURVE ( 'NONE', #8161, #7190, #4546, .T. ) ;
#10337 = VERTEX_POINT ( 'NONE', #4709 ) ;
#10338 = CARTESIAN_POINT ( 'NONE',  ( 0.5298444589999999899, -0.9114509414290000722, 0.2000000000000000111 ) ) ;
#10339 = ORIENTED_EDGE ( 'NONE', *, *, #2525, .F. ) ;
#10340 = VECTOR ( 'NONE', #1977, 1000.000000000000000 ) ;
#10341 = CARTESIAN_POINT ( 'NONE',  ( -0.8714007610310000596, -0.9425989646549999268, 0.2000000000000000111 ) ) ;
#10342 = CARTESIAN_POINT ( 'NONE',  ( 2.899999999998999822, 0.8499999999999999778, 2.700000000000000178 ) ) ;
#10343 = CARTESIAN_POINT ( 'NONE',  ( -2.899999999998999822, 0.8499999999989999999, 5.500000000000000888 ) ) ;
#10344 = EDGE_CURVE ( 'NONE', #9397, #3988, #2214, .T. ) ;
#10345 = ADVANCED_FACE ( 'NONE', ( #1320 ), #10221, .F. ) ;
#10346 = VECTOR ( 'NONE', #9655, 1000.000000000000000 ) ;
#10347 = AXIS2_PLACEMENT_3D ( 'NONE', #9274, #8373, #3648 ) ;
#10348 = CARTESIAN_POINT ( 'NONE',  ( -1.799999999998999956, 0.9499999999999999556, 0.9000000000000000222 ) ) ;
#10349 = PLANE ( 'NONE',  #5418 ) ;
#10350 = CARTESIAN_POINT ( 'NONE',  ( 0.9185959366070000076, -1.361912441282999930, 0.2000000000000000111 ) ) ;
#10351 = DIRECTION ( 'NONE',  ( -1.000000000000000000, 0.000000000000000000, 0.000000000000000000 ) ) ;
#10352 = EDGE_LOOP ( 'NONE', ( #1306, #6778, #4535, #9199 ) ) ;
#10353 = FACE_OUTER_BOUND ( 'NONE', #4650, .T. ) ;
#10354 = EDGE_LOOP ( 'NONE', ( #904, #1216, #8778, #1092 ) ) ;
#10355 = VECTOR ( 'NONE', #8993, 1000.000000000000000 ) ;
#10356 = VECTOR ( 'NONE', #3960, 1000.000000000000000 ) ;
#10357 = VERTEX_POINT ( 'NONE', #9426 ) ;
#10358 = ORIENTED_EDGE ( 'NONE', *, *, #8566, .F. ) ;
#10359 = DIRECTION ( 'NONE',  ( 1.000000000000000000, 0.000000000000000000, 0.000000000000000000 ) ) ;
#10360 = ORIENTED_EDGE ( 'NONE', *, *, #4802, .T. ) ;
#10361 = DIRECTION ( 'NONE',  ( 0.000000000000000000, 1.000000000000000000, 3.584412953627000671E-15 ) ) ;
#10362 = CARTESIAN_POINT ( 'NONE',  ( -1.799999999998999956, 0.9499999999999999556, 0.9000000000000000222 ) ) ;
#10363 = VECTOR ( 'NONE', #868, 1000.000000000000000 ) ;
#10364 = VECTOR ( 'NONE', #4249, 1000.000000000000000 ) ;
#10365 = DIRECTION ( 'NONE',  ( 0.000000000000000000, 1.000000000000000000, 0.000000000000000000 ) ) ;
#10366 = ORIENTED_EDGE ( 'NONE', *, *, #5970, .T. ) ;
#10367 = CARTESIAN_POINT ( 'NONE',  ( -0.3838487416510000250, -0.8625186366150000561, 0.2010000000000000120 ) ) ;
#10368 = ORIENTED_EDGE ( 'NONE', *, *, #6695, .F. ) ;
#10369 = EDGE_CURVE ( 'NONE', #5257, #3047, #7206, .T. ) ;
#10370 = AXIS2_PLACEMENT_3D ( 'NONE', #7805, #5529, #7861 ) ;
#10371 = VECTOR ( 'NONE', #962, 1000.000000000000114 ) ;
#10372 = CARTESIAN_POINT ( 'NONE',  ( -0.1057943072950000007, -0.8619124412830000415, 0.2010000000000000120 ) ) ;
#10373 = EDGE_CURVE ( 'NONE', #6385, #6029, #6197, .T. ) ;
#10374 = AXIS2_PLACEMENT_3D ( 'NONE', #9863, #5995, #10015 ) ;
#10375 = ORIENTED_EDGE ( 'NONE', *, *, #6714, .F. ) ;
#10376 = ORIENTED_EDGE ( 'NONE', *, *, #3406, .T. ) ;
#10377 = DIRECTION ( 'NONE',  ( -1.000000000000000000, 0.000000000000000000, 0.000000000000000000 ) ) ;
#10378 = CARTESIAN_POINT ( 'NONE',  ( 0.4404846073129999873, -0.9242675268919999798, 0.2010000000000000120 ) ) ;
#10379 = LINE ( 'NONE', #5452, #2255 ) ;
#10380 = DIRECTION ( 'NONE',  ( 0.000000000000000000, 3.584412953627000671E-15, -1.000000000000000000 ) ) ;
#10381 = DIRECTION ( 'NONE',  ( 1.000000000000000000, 0.000000000000000000, 0.000000000000000000 ) ) ;
#10382 = EDGE_LOOP ( 'NONE', ( #5985, #6494, #9729, #4468 ) ) ;
#10383 = VECTOR ( 'NONE', #2470, 1000.000000000000000 ) ;
#10384 = CARTESIAN_POINT ( 'NONE',  ( -0.4334190840950000179, -1.352603226098999967, 0.2010000000000000120 ) ) ;
#10385 = FACE_OUTER_BOUND ( 'NONE', #10088, .T. ) ;
#10386 = ORIENTED_EDGE ( 'NONE', *, *, #4000, .T. ) ;
#10387 = DIRECTION ( 'NONE',  ( -0.000000000000000000, 0.9993908270191130816, 0.03489949670200395010 ) ) ;
#10388 = EDGE_CURVE ( 'NONE', #2722, #8569, #4655, .T. ) ;
#10389 = CARTESIAN_POINT ( 'NONE',  ( -0.3773786794909999576, -0.9172228579780000723, 0.2000000000000000111 ) ) ;
#10390 = VECTOR ( 'NONE', #3653, 1000.000000000000000 ) ;
#10391 = DIRECTION ( 'NONE',  ( -1.000000000000000000, 0.000000000000000000, 0.000000000000000000 ) ) ;
#10392 = DIRECTION ( 'NONE',  ( 1.000000000000000000, 0.000000000000000000, 0.000000000000000000 ) ) ;
#10393 = FACE_OUTER_BOUND ( 'NONE', #2551, .T. ) ;
#10394 = ORIENTED_EDGE ( 'NONE', *, *, #5648, .F. ) ;
#10395 = LINE ( 'NONE', #8961, #279 ) ;
#10396 = ORIENTED_EDGE ( 'NONE', *, *, #3888, .T. ) ;
#10397 = CARTESIAN_POINT ( 'NONE',  ( -1.388014882866000166, 5.250000000000000000, 0.1819851171340000351 ) ) ;
#10398 = AXIS2_PLACEMENT_3D ( 'NONE', #426, #8312, #5933 ) ;
#10399 = CARTESIAN_POINT ( 'NONE',  ( 7.499999999998999911, -2.849999999999000000, 1.199999999999000089 ) ) ;
#10400 = CARTESIAN_POINT ( 'NONE',  ( -4.250000000000000000, 1.850000000000000089, 0.9000000000000000222 ) ) ;
#10401 = CARTESIAN_POINT ( 'NONE',  ( -0.6177874956450000177, -1.115068123779999976, 0.2000000000000000111 ) ) ;
#10402 = CARTESIAN_POINT ( 'NONE',  ( -0.2155504048559999941, -0.8619124412830000415, 0.2010000000000000120 ) ) ;
#10403 = DIRECTION ( 'NONE',  ( 0.000000000000000000, 1.000000000000000000, 3.491481338843000432E-15 ) ) ;
#10404 = FACE_OUTER_BOUND ( 'NONE', #1277, .T. ) ;
#10405 = ORIENTED_EDGE ( 'NONE', *, *, #7056, .T. ) ;
#10406 = ADVANCED_FACE ( 'NONE', ( #7839 ), #2165, .F. ) ;
#10407 = CARTESIAN_POINT ( 'NONE',  ( -6.400000000000000355, -4.949999999998999201, 1.787228132325999974 ) ) ;
#10408 = CIRCLE ( 'NONE', #1603, 0.7000000000000000666 ) ;
#10409 = VERTEX_POINT ( 'NONE', #5351 ) ;
#10410 = VERTEX_POINT ( 'NONE', #8579 ) ;
#10411 = LINE ( 'NONE', #2349, #4014 ) ;
#10412 = ORIENTED_EDGE ( 'NONE', *, *, #1683, .T. ) ;
#10413 = LINE ( 'NONE', #1411, #5289 ) ;
#10414 = CARTESIAN_POINT ( 'NONE',  ( 0.9300000000000000488, 2.550000000000000266, 1.000013873792005015E-12 ) ) ;
#10415 = CARTESIAN_POINT ( 'NONE',  ( 0.6195976870740000919, -1.111616850362999953, 0.2010000000000000120 ) ) ;
#10416 = ORIENTED_EDGE ( 'NONE', *, *, #6993, .F. ) ;
#10417 = ADVANCED_FACE ( 'NONE', ( #2318 ), #5509, .F. ) ;
#10418 = EDGE_CURVE ( 'NONE', #802, #9131, #7779, .T. ) ;
#10419 = CARTESIAN_POINT ( 'NONE',  ( 0.6161837936930000259, -1.174003973036999993, 0.2000000000000000111 ) ) ;
#10420 = VERTEX_POINT ( 'NONE', #8633 ) ;
#10421 = CARTESIAN_POINT ( 'NONE',  ( 4.069999999999000195, 5.250000000000000000, 0.4580148828660000060 ) ) ;
#10422 = ORIENTED_EDGE ( 'NONE', *, *, #3221, .T. ) ;
#10423 = ORIENTED_EDGE ( 'NONE', *, *, #3309, .T. ) ;
#10424 = CARTESIAN_POINT ( 'NONE',  ( 4.549999999999999822, -4.109415119350000367, 5.499999999999000799 ) ) ;
#10425 = CARTESIAN_POINT ( 'NONE',  ( 0.3717311358319999592, -0.9108385971310000162, 0.2000000000000000111 ) ) ;
#10426 = DIRECTION ( 'NONE',  ( 1.000000000000000000, 0.000000000000000000, 0.000000000000000000 ) ) ;
#10427 = FACE_OUTER_BOUND ( 'NONE', #352, .T. ) ;
#10428 = ORIENTED_EDGE ( 'NONE', *, *, #4384, .T. ) ;
#10429 = DIRECTION ( 'NONE',  ( 0.000000000000000000, 3.491481338843000432E-15, -1.000000000000000000 ) ) ;
#10430 = EDGE_CURVE ( 'NONE', #9802, #7722, #3000, .T. ) ;
#10431 = ORIENTED_EDGE ( 'NONE', *, *, #3699, .T. ) ;
#10432 = CARTESIAN_POINT ( 'NONE',  ( 0.3655281012409999364, -0.8558148803080001255, 0.2000000000000000111 ) ) ;
#10433 = EDGE_CURVE ( 'NONE', #52, #5721, #6049, .T. ) ;
#10434 = ORIENTED_EDGE ( 'NONE', *, *, #5819, .T. ) ;
#10435 = CARTESIAN_POINT ( 'NONE',  ( 0.3407003924979999931, -1.311292395434999980, 0.2010000000000000120 ) ) ;
#10436 = CARTESIAN_POINT ( 'NONE',  ( 3.888014882865999944, 5.250000000000000000, 0.1819851171340000351 ) ) ;
#10437 = LINE ( 'NONE', #3182, #4466 ) ;
#10438 = LINE ( 'NONE', #6318, #9540 ) ;
#10439 = FACE_OUTER_BOUND ( 'NONE', #7857, .T. ) ;
#10440 = ORIENTED_EDGE ( 'NONE', *, *, #9956, .T. ) ;
#10441 = CARTESIAN_POINT ( 'NONE',  ( 5.450000000000000178, -5.249999999998999911, 0.8999999999990001553 ) ) ;
#10442 = VERTEX_POINT ( 'NONE', #3749 ) ;
#10443 = CARTESIAN_POINT ( 'NONE',  ( -5.450000000000000178, 13.68089176689499986, 4.000000000000000000 ) ) ;
#10444 = EDGE_CURVE ( 'NONE', #9930, #2371, #2485, .T. ) ;
#10445 = EDGE_CURVE ( 'NONE', #1930, #2129, #4870, .T. ) ;
#10446 = PLANE ( 'NONE',  #6058 ) ;
#10447 = EDGE_CURVE ( 'NONE', #8647, #8011, #4755, .T. ) ;
#10448 = CARTESIAN_POINT ( 'NONE',  ( -0.6079984304880000634, -1.186194344937000045, 0.2000000000000000111 ) ) ;
#10449 = VECTOR ( 'NONE', #1271, 1000.000000000000000 ) ;
#10450 = PLANE ( 'NONE',  #3078 ) ;
#10451 = VECTOR ( 'NONE', #7710, 1000.000000000000000 ) ;
#10452 = CARTESIAN_POINT ( 'NONE',  ( -0.4334190840950000179, -1.352603226098999967, 0.2000000000000000111 ) ) ;
#10453 = EDGE_CURVE ( 'NONE', #1687, #3231, #9477, .T. ) ;
#10454 = FACE_OUTER_BOUND ( 'NONE', #8027, .T. ) ;
#10455 = LINE ( 'NONE', #7864, #8349 ) ;
#10456 = LINE ( 'NONE', #8971, #1382 ) ;
#10457 = VERTEX_POINT ( 'NONE', #6458 ) ;
#10458 = AXIS2_PLACEMENT_3D ( 'NONE', #4910, #4857, #9730 ) ;
#10459 = DIRECTION ( 'NONE',  ( 0.000000000000000000, 0.000000000000000000, 1.000000000000000000 ) ) ;
#10460 = ADVANCED_FACE ( 'NONE', ( #7358 ), #8947, .F. ) ;
#10461 = EDGE_LOOP ( 'NONE', ( #1357, #6362, #5147, #7813, #928, #2691, #1892, #4572, #3530 ) ) ;
#10462 = ORIENTED_EDGE ( 'NONE', *, *, #6574, .F. ) ;
#10463 = CARTESIAN_POINT ( 'NONE',  ( 6.150000000000000355, -2.250000000000000000, 3.999999999998999911 ) ) ;
#10464 = VERTEX_POINT ( 'NONE', #100 ) ;
#10465 = DIRECTION ( 'NONE',  ( 0.000000000000000000, 3.491481338843000432E-15, -1.000000000000000000 ) ) ;
#10466 = FACE_BOUND ( 'NONE', #9265, .T. ) ;
#10467 = LINE ( 'NONE', #4640, #7129 ) ;
#10468 = ORIENTED_EDGE ( 'NONE', *, *, #1963, .F. ) ;
#10469 = CARTESIAN_POINT ( 'NONE',  ( -0.3566517768069999428, -0.8619124412830000415, 0.2010000000000000120 ) ) ;
#10471 = EDGE_CURVE ( 'NONE', #8782, #6715, #4865, .T. ) ;
#10470 = ORIENTED_EDGE ( 'NONE', *, *, #5683, .T. ) ;
#10472 = FACE_OUTER_BOUND ( 'NONE', #1999, .T. ) ;
#10473 = VERTEX_POINT ( 'NONE', #4172 ) ;
#10474 = EDGE_CURVE ( 'NONE', #496, #662, #5663, .T. ) ;
#10475 = ORIENTED_EDGE ( 'NONE', *, *, #7014, .T. ) ;
#10476 = EDGE_CURVE ( 'NONE', #8148, #6505, #4009, .T. ) ;
#10477 = CARTESIAN_POINT ( 'NONE',  ( 0.7499999999990000221, 1.550000000000000044, 0.9000000000000000222 ) ) ;
#10478 = CARTESIAN_POINT ( 'NONE',  ( 0.7500000000000000000, 1.550000000000000044, 0.2000000000010000167 ) ) ;
#10479 = CARTESIAN_POINT ( 'NONE',  ( -0.9299999999989999599, 2.550000000000000266, 1.000013873792005015E-12 ) ) ;
#10480 = ORIENTED_EDGE ( 'NONE', *, *, #1501, .F. ) ;
#10481 = ORIENTED_EDGE ( 'NONE', *, *, #153, .T. ) ;
#10482 = CYLINDRICAL_SURFACE ( 'NONE', #5217, 0.1999999999989995891 ) ;
#10483 = ORIENTED_EDGE ( 'NONE', *, *, #287, .F. ) ;
#10484 = CARTESIAN_POINT ( 'NONE',  ( 0.3144582510840000511, -1.361073669035999911, 0.2010000000000000120 ) ) ;
#10485 = VERTEX_POINT ( 'NONE', #3324 ) ;
#10486 = CARTESIAN_POINT ( 'NONE',  ( 0.3073149026800000017, -1.305324928416000008, 0.2010000000000000120 ) ) ;
#10487 = VECTOR ( 'NONE', #7876, 1000.000000000000000 ) ;
#10488 = LINE ( 'NONE', #900, #1091 ) ;
ENDSEC;
END-ISO-10303-21;
