ISO-10303-21;
HEADER;
FILE_DESCRIPTION((''),'2;1');
FILE_NAME('MICRO-RFB01-A00-02_ASM','2020-07-27T',('qosmio'),(''),
'PRO/ENGINEER BY PARAMETRIC TECHNOLOGY CORPORATION, 2012010',
'PRO/ENGINEER BY PARAMETRIC TECHNOLOGY CORPORATION, 2012010','');
FILE_SCHEMA(('CONFIG_CONTROL_DESIGN'));
ENDSEC;
DATA;
#2=DIRECTION('',(0.E0,-1.E0,0.E0));
#3=VECTOR('',#2,8.5E-1);
#4=CARTESIAN_POINT('',(-1.E-2,6.702127752330E-1,-8.499411744350E-1));
#5=LINE('',#4,#3);
#6=CARTESIAN_POINT('',(0.E0,-1.797872247670E-1,0.E0));
#7=DIRECTION('',(0.E0,-1.E0,0.E0));
#8=DIRECTION('',(-9.356455129757E-1,0.E0,-3.529411764706E-1));
#9=AXIS2_PLACEMENT_3D('',#6,#7,#8);
#11=DIRECTION('',(0.E0,-1.E0,0.E0));
#12=VECTOR('',#11,1.E-1);
#13=CARTESIAN_POINT('',(-8.124038404636E-1,-2.297872247670E-1,-2.5E-1));
#14=LINE('',#13,#12);
#15=DIRECTION('',(0.E0,-1.E0,0.E0));
#16=VECTOR('',#15,1.E-1);
#17=CARTESIAN_POINT('',(-8.124038404636E-1,-2.297872247670E-1,2.5E-1));
#18=LINE('',#17,#16);
#19=DIRECTION('',(0.E0,-1.E0,0.E0));
#20=VECTOR('',#19,1.E-1);
#21=CARTESIAN_POINT('',(8.124038404636E-1,-2.297872247670E-1,2.5E-1));
#22=LINE('',#21,#20);
#23=DIRECTION('',(0.E0,-1.E0,0.E0));
#24=VECTOR('',#23,1.E-1);
#25=CARTESIAN_POINT('',(8.124038404636E-1,-2.297872247670E-1,-2.5E-1));
#26=LINE('',#25,#24);
#27=CARTESIAN_POINT('',(0.E0,-1.797872247670E-1,0.E0));
#28=DIRECTION('',(0.E0,-1.E0,0.E0));
#29=DIRECTION('',(1.176470588235E-2,0.E0,-9.999307934530E-1));
#30=AXIS2_PLACEMENT_3D('',#27,#28,#29);
#32=DIRECTION('',(0.E0,-1.E0,0.E0));
#33=VECTOR('',#32,8.5E-1);
#34=CARTESIAN_POINT('',(1.E-2,6.702127752330E-1,-8.499411744350E-1));
#35=LINE('',#34,#33);
#36=CARTESIAN_POINT('',(0.E0,6.702127752330E-1,0.E0));
#37=DIRECTION('',(0.E0,1.E0,0.E0));
#38=DIRECTION('',(-1.176470588235E-2,0.E0,-9.999307934530E-1));
#39=AXIS2_PLACEMENT_3D('',#36,#37,#38);
#41=CARTESIAN_POINT('',(1.E-2,7.202127752330E-1,-8.999444427297E-1));
#42=CARTESIAN_POINT('',(1.E-2,7.202127752330E-1,-8.977541352652E-1));
#43=CARTESIAN_POINT('',(1.E-2,7.199279768605E-1,-8.934140950227E-1));
#44=CARTESIAN_POINT('',(1.E-2,7.186487631066E-1,-8.869694184554E-1));
#45=CARTESIAN_POINT('',(1.E-2,7.165406998248E-1,-8.807591406503E-1));
#46=CARTESIAN_POINT('',(1.E-2,7.136394979302E-1,-8.748738771946E-1));
#47=CARTESIAN_POINT('',(1.E-2,7.099948820995E-1,-8.694185944359E-1));
#48=CARTESIAN_POINT('',(1.E-2,7.056691521227E-1,-8.644855046233E-1));
#49=CARTESIAN_POINT('',(1.E-2,7.007362571612E-1,-8.601594397098E-1));
#50=CARTESIAN_POINT('',(1.E-2,6.952812595615E-1,-8.565146231662E-1));
#51=CARTESIAN_POINT('',(1.E-2,6.893964479665E-1,-8.536133367354E-1));
#52=CARTESIAN_POINT('',(1.E-2,6.831867566951E-1,-8.515052457039E-1));
#53=CARTESIAN_POINT('',(1.E-2,6.767427533242E-1,-8.502260041585E-1));
#54=CARTESIAN_POINT('',(1.E-2,6.724029768463E-1,-8.499411744350E-1));
#55=CARTESIAN_POINT('',(1.E-2,6.702127752330E-1,-8.499411744350E-1));
#57=CARTESIAN_POINT('',(0.E0,7.202127752330E-1,0.E0));
#58=DIRECTION('',(0.E0,-1.E0,0.E0));
#59=DIRECTION('',(1.111111111111E-2,0.E0,-9.999382696996E-1));
#60=AXIS2_PLACEMENT_3D('',#57,#58,#59);
#62=CARTESIAN_POINT('',(-1.E-2,6.702127752330E-1,-8.499411744350E-1));
#63=CARTESIAN_POINT('',(-1.E-2,6.724029768463E-1,-8.499411744350E-1));
#64=CARTESIAN_POINT('',(-1.E-2,6.767427533242E-1,-8.502260041585E-1));
#65=CARTESIAN_POINT('',(-1.E-2,6.831867566951E-1,-8.515052457039E-1));
#66=CARTESIAN_POINT('',(-1.E-2,6.893964479665E-1,-8.536133367354E-1));
#67=CARTESIAN_POINT('',(-1.E-2,6.952812595615E-1,-8.565146231662E-1));
#68=CARTESIAN_POINT('',(-1.E-2,7.007362571612E-1,-8.601594397098E-1));
#69=CARTESIAN_POINT('',(-1.E-2,7.056691521227E-1,-8.644855046233E-1));
#70=CARTESIAN_POINT('',(-1.E-2,7.099948820995E-1,-8.694185944359E-1));
#71=CARTESIAN_POINT('',(-1.E-2,7.136394979302E-1,-8.748738771946E-1));
#72=CARTESIAN_POINT('',(-1.E-2,7.165406998248E-1,-8.807591406503E-1));
#73=CARTESIAN_POINT('',(-1.E-2,7.186487631066E-1,-8.869694184554E-1));
#74=CARTESIAN_POINT('',(-1.E-2,7.199279768605E-1,-8.934140950227E-1));
#75=CARTESIAN_POINT('',(-1.E-2,7.202127752330E-1,-8.977541352652E-1));
#76=CARTESIAN_POINT('',(-1.E-2,7.202127752330E-1,-8.999444427297E-1));
#78=DIRECTION('',(0.E0,0.E0,1.E0));
#79=VECTOR('',#78,1.621530305183E-1);
#80=CARTESIAN_POINT('',(3.5E-1,-1.797872247670E-1,7.745966692415E-1));
#81=LINE('',#80,#79);
#82=CARTESIAN_POINT('',(0.E0,-1.797872247670E-1,0.E0));
#83=DIRECTION('',(0.E0,1.E0,0.E0));
#84=DIRECTION('',(3.5E-1,0.E0,9.367496997598E-1));
#85=AXIS2_PLACEMENT_3D('',#82,#83,#84);
#87=DIRECTION('',(-1.E0,0.E0,0.E0));
#88=VECTOR('',#87,1.586405153876E-1);
#89=CARTESIAN_POINT('',(9.539392014169E-1,-1.797872247670E-1,3.E-1));
#90=LINE('',#89,#88);
#91=CARTESIAN_POINT('',(0.E0,-1.797872247670E-1,0.E0));
#92=DIRECTION('',(0.E0,-1.E0,0.E0));
#93=DIRECTION('',(9.356455129757E-1,0.E0,3.529411764706E-1));
#94=AXIS2_PLACEMENT_3D('',#91,#92,#93);
#96=DIRECTION('',(-1.699297933860E-11,0.E0,-1.E0));
#97=VECTOR('',#96,1.621529968296E-1);
#98=CARTESIAN_POINT('',(-3.499995765005E-1,-1.797872247670E-1,
9.367498601033E-1));
#99=LINE('',#98,#97);
#100=CARTESIAN_POINT('',(0.E0,-1.797872247670E-1,0.E0));
#101=DIRECTION('',(0.E0,-1.E0,0.E0));
#102=DIRECTION('',(-4.117647058824E-1,0.E0,9.112901991076E-1));
#103=AXIS2_PLACEMENT_3D('',#100,#101,#102);
#105=DIRECTION('',(-1.E0,0.E0,0.E0));
#106=VECTOR('',#105,1.586405153876E-1);
#107=CARTESIAN_POINT('',(-7.952986860293E-1,-1.797872247670E-1,3.E-1));
#108=LINE('',#107,#106);
#109=CARTESIAN_POINT('',(0.E0,-1.797872247670E-1,0.E0));
#110=DIRECTION('',(0.E0,1.E0,0.E0));
#111=DIRECTION('',(-9.539392014169E-1,0.E0,3.E-1));
#112=AXIS2_PLACEMENT_3D('',#109,#110,#111);
#114=DIRECTION('',(0.E0,0.E0,1.E0));
#115=VECTOR('',#114,1.500088243149E-1);
#116=CARTESIAN_POINT('',(1.E-2,-1.797872247670E-1,-9.999499987499E-1));
#117=LINE('',#116,#115);
#118=DIRECTION('',(1.E0,0.E0,0.E0));
#119=VECTOR('',#118,1.586405153876E-1);
#120=CARTESIAN_POINT('',(7.952986860293E-1,-1.797872247670E-1,-3.E-1));
#121=LINE('',#120,#119);
#122=DIRECTION('',(0.E0,0.E0,1.E0));
#123=VECTOR('',#122,1.500088243149E-1);
#124=CARTESIAN_POINT('',(-1.E-2,-1.797872247670E-1,-9.999499987499E-1));
#125=LINE('',#124,#123);
#126=DIRECTION('',(1.E0,0.E0,0.E0));
#127=VECTOR('',#126,1.586405153876E-1);
#128=CARTESIAN_POINT('',(-9.539392014169E-1,-1.797872247670E-1,-3.E-1));
#129=LINE('',#128,#127);
#130=CARTESIAN_POINT('',(3.5E-1,-1.797872247670E-1,7.745966692415E-1));
#131=CARTESIAN_POINT('',(3.478160172835E-1,-1.797872247670E-1,
7.755834975886E-1));
#132=CARTESIAN_POINT('',(3.434639349099E-1,-1.800725660052E-1,
7.775277015494E-1));
#133=CARTESIAN_POINT('',(3.370503309529E-1,-1.813477065887E-1,
7.803285912323E-1));
#134=CARTESIAN_POINT('',(3.309225941089E-1,-1.834197253030E-1,
7.829458801913E-1));
#135=CARTESIAN_POINT('',(3.251427636722E-1,-1.862486955333E-1,
7.853624051625E-1));
#136=CARTESIAN_POINT('',(3.216527346436E-1,-1.885476737843E-1,
7.867926670341E-1));
#137=CARTESIAN_POINT('',(3.2E-1,-1.897872247670E-1,7.874642849044E-1));
#139=CARTESIAN_POINT('',(3.2E-1,-1.897872247670E-1,7.874642849044E-1));
#140=CARTESIAN_POINT('',(3.182436411820E-1,-1.911044938804E-1,
7.881780122855E-1));
#141=CARTESIAN_POINT('',(3.148961430794E-1,-1.939765223402E-1,
7.895540379653E-1));
#142=CARTESIAN_POINT('',(3.104595638378E-1,-1.989436451911E-1,
7.914894930698E-1));
#143=CARTESIAN_POINT('',(3.067352873162E-1,-2.044365837969E-1,
7.933039547589E-1));
#144=CARTESIAN_POINT('',(3.037814354676E-1,-2.103319516802E-1,
7.950207514081E-1));
#145=CARTESIAN_POINT('',(3.015996559489E-1,-2.166575938003E-1,
7.966961144378E-1));
#146=CARTESIAN_POINT('',(3.002867860509E-1,-2.232081583886E-1,
7.983140166793E-1));
#147=CARTESIAN_POINT('',(3.E-1,-2.276002217130E-1,7.993451869432E-1));
#148=CARTESIAN_POINT('',(3.E-1,-2.297872247670E-1,7.998482025254E-1));
#150=CARTESIAN_POINT('',(2.999999999990E-1,-2.297872247670E-1,
9.957911411538E-1));
#151=CARTESIAN_POINT('',(2.999999999990E-1,-2.297872247670E-1,
9.936233272379E-1));
#152=CARTESIAN_POINT('',(2.999983426645E-1,-2.294704633607E-1,
9.893374714987E-1));
#153=CARTESIAN_POINT('',(3.000195658188E-1,-2.280220601477E-1,
9.829426724130E-1));
#154=CARTESIAN_POINT('',(3.001432119568E-1,-2.256823792876E-1,
9.769279006315E-1));
#155=CARTESIAN_POINT('',(3.004913254770E-1,-2.224949390206E-1,
9.712831407923E-1));
#156=CARTESIAN_POINT('',(3.012044884907E-1,-2.185997082114E-1,
9.661765227800E-1));
#157=CARTESIAN_POINT('',(3.024286124849E-1,-2.141327512311E-1,
9.616473940138E-1));
#158=CARTESIAN_POINT('',(3.042899101093E-1,-2.092846291785E-1,
9.577463646108E-1));
#159=CARTESIAN_POINT('',(3.068742362861E-1,-2.042561789808E-1,
9.544577198141E-1));
#160=CARTESIAN_POINT('',(3.103582399560E-1,-1.990815278939E-1,
9.516473941625E-1));
#161=CARTESIAN_POINT('',(3.148249462284E-1,-1.940388635805E-1,
9.492929200584E-1));
#162=CARTESIAN_POINT('',(3.182099689691E-1,-1.911297480401E-1,
9.480221439410E-1));
#163=CARTESIAN_POINT('',(3.2E-1,-1.897872247670E-1,9.474175425862E-1));
#165=CARTESIAN_POINT('',(3.2E-1,-1.897872247670E-1,9.474175425862E-1));
#166=CARTESIAN_POINT('',(3.216603942118E-1,-1.885419291081E-1,
9.468567273976E-1));
#167=CARTESIAN_POINT('',(3.251651756286E-1,-1.862347164386E-1,
9.456633061785E-1));
#168=CARTESIAN_POINT('',(3.309664568340E-1,-1.834010264519E-1,
9.436496334333E-1));
#169=CARTESIAN_POINT('',(3.371011662711E-1,-1.813343198756E-1,
9.414763213183E-1));
#170=CARTESIAN_POINT('',(3.435033321953E-1,-1.800684164050E-1,
9.391598858217E-1));
#171=CARTESIAN_POINT('',(3.478321322250E-1,-1.797872247670E-1,
9.375596853103E-1));
#172=CARTESIAN_POINT('',(3.5E-1,-1.797872247670E-1,9.367496997598E-1));
#174=CARTESIAN_POINT('',(0.E0,-1.897872247670E-1,0.E0));
#175=DIRECTION('',(0.E0,-1.E0,0.E0));
#176=DIRECTION('',(3.764705882353E-1,0.E0,9.264285704758E-1));
#177=AXIS2_PLACEMENT_3D('',#174,#175,#176);
#179=CARTESIAN_POINT('',(-3.E-1,-3.797872247670E-1,9.957911427604E-1));
#180=CARTESIAN_POINT('',(-3.E-1,-3.797872247670E-1,9.887209453262E-1));
#181=CARTESIAN_POINT('',(-3.E-1,-3.790715296479E-1,9.745501587393E-1));
#182=CARTESIAN_POINT('',(-3.E-1,-3.757197102329E-1,9.529596905758E-1));
#183=CARTESIAN_POINT('',(-3.E-1,-3.700844586670E-1,9.317639611953E-1));
#184=CARTESIAN_POINT('',(-3.E-1,-3.623378109537E-1,9.114637597202E-1));
#185=CARTESIAN_POINT('',(-3.E-1,-3.524956065144E-1,8.920669143875E-1));
#186=CARTESIAN_POINT('',(-3.E-1,-3.408082903222E-1,8.740567714691E-1));
#187=CARTESIAN_POINT('',(-3.E-1,-3.276621021922E-1,8.578271962147E-1));
#188=CARTESIAN_POINT('',(-3.E-1,-3.134437322482E-1,8.435589131139E-1));
#189=CARTESIAN_POINT('',(-3.E-1,-2.981510774459E-1,8.310527970796E-1));
#190=CARTESIAN_POINT('',(-3.E-1,-2.820103281737E-1,8.203996159699E-1));
#191=CARTESIAN_POINT('',(-3.E-1,-2.652362759360E-1,8.116235032826E-1));
#192=CARTESIAN_POINT('',(-3.E-1,-2.478233928212E-1,8.046592436948E-1));
#193=CARTESIAN_POINT('',(-3.E-1,-2.358626731508E-1,8.012455692096E-1));
#194=CARTESIAN_POINT('',(-3.E-1,-2.297872247670E-1,7.998482025254E-1));
#196=CARTESIAN_POINT('',(0.E0,-3.797872247670E-1,0.E0));
#197=DIRECTION('',(0.E0,1.E0,0.E0));
#198=DIRECTION('',(-2.884615384615E-1,0.E0,9.574914834234E-1));
#199=AXIS2_PLACEMENT_3D('',#196,#197,#198);
#201=CARTESIAN_POINT('',(3.E-1,-2.297872247670E-1,7.998482025254E-1));
#202=CARTESIAN_POINT('',(3.E-1,-2.358626731508E-1,8.012455692096E-1));
#203=CARTESIAN_POINT('',(3.E-1,-2.478233928212E-1,8.046592436948E-1));
#204=CARTESIAN_POINT('',(3.E-1,-2.652362759360E-1,8.116235032826E-1));
#205=CARTESIAN_POINT('',(3.E-1,-2.820103281737E-1,8.203996159699E-1));
#206=CARTESIAN_POINT('',(3.E-1,-2.981510774459E-1,8.310527970796E-1));
#207=CARTESIAN_POINT('',(3.E-1,-3.134437322482E-1,8.435589131139E-1));
#208=CARTESIAN_POINT('',(3.E-1,-3.276621021922E-1,8.578271962147E-1));
#209=CARTESIAN_POINT('',(3.E-1,-3.408082903222E-1,8.740567714691E-1));
#210=CARTESIAN_POINT('',(3.E-1,-3.524956065144E-1,8.920669143875E-1));
#211=CARTESIAN_POINT('',(3.E-1,-3.623378109537E-1,9.114637597202E-1));
#212=CARTESIAN_POINT('',(3.E-1,-3.700844586670E-1,9.317639611953E-1));
#213=CARTESIAN_POINT('',(3.E-1,-3.757197102329E-1,9.529596905758E-1));
#214=CARTESIAN_POINT('',(3.E-1,-3.790715296479E-1,9.745501587393E-1));
#215=CARTESIAN_POINT('',(3.E-1,-3.797872247670E-1,9.887209453262E-1));
#216=CARTESIAN_POINT('',(3.E-1,-3.797872247670E-1,9.957911427604E-1));
#218=CARTESIAN_POINT('',(-3.499995765005E-1,-1.797872247670E-1,
9.367498601033E-1));
#219=CARTESIAN_POINT('',(-3.478286911347E-1,-1.797872247670E-1,
9.375609697680E-1));
#220=CARTESIAN_POINT('',(-3.434937896420E-1,-1.800690247603E-1,
9.391634148930E-1));
#221=CARTESIAN_POINT('',(-3.370723357625E-1,-1.813410086328E-1,
9.414866925706E-1));
#222=CARTESIAN_POINT('',(-3.309330980338E-1,-1.834158009420E-1,
9.436612785997E-1));
#223=CARTESIAN_POINT('',(-3.251684165024E-1,-1.862342245356E-1,
9.456621375081E-1));
#224=CARTESIAN_POINT('',(-3.216622915542E-1,-1.885405061013E-1,
9.468560865507E-1));
#225=CARTESIAN_POINT('',(-3.2E-1,-1.897872247670E-1,9.474175425862E-1));
#227=CARTESIAN_POINT('',(-3.2E-1,-1.897872247670E-1,9.474175425862E-1));
#228=CARTESIAN_POINT('',(-3.182100146012E-1,-1.911297138161E-1,
9.480221285283E-1));
#229=CARTESIAN_POINT('',(-3.148250389456E-1,-1.940387881951E-1,
9.492928914636E-1));
#230=CARTESIAN_POINT('',(-3.103584091662E-1,-1.990812897768E-1,
9.516472668862E-1));
#231=CARTESIAN_POINT('',(-3.068741438022E-1,-2.042563357067E-1,
9.544578171506E-1));
#232=CARTESIAN_POINT('',(-3.042900301711E-1,-2.092843760415E-1,
9.577461836662E-1));
#233=CARTESIAN_POINT('',(-3.024285997585E-1,-2.141327743448E-1,
9.616474144895E-1));
#234=CARTESIAN_POINT('',(-3.012045295071E-1,-2.185995361956E-1,
9.661763207368E-1));
#235=CARTESIAN_POINT('',(-3.004913114514E-1,-2.224950111594E-1,
9.712832452574E-1));
#236=CARTESIAN_POINT('',(-3.001432183704E-1,-2.256823206173E-1,
9.769277726166E-1));
#237=CARTESIAN_POINT('',(-3.000195620042E-1,-2.280221310030E-1,
9.829428863923E-1));
#238=CARTESIAN_POINT('',(-2.999983437799E-1,-2.294704404E-1,9.893374032916E-1));
#239=CARTESIAN_POINT('',(-3.E-1,-2.297872247670E-1,9.936233013044E-1));
#240=CARTESIAN_POINT('',(-3.E-1,-2.297872247670E-1,9.957911427604E-1));
#242=CARTESIAN_POINT('',(-3.E-1,-2.297872247670E-1,7.998482025254E-1));
#243=CARTESIAN_POINT('',(-3.E-1,-2.276002217130E-1,7.993451869432E-1));
#244=CARTESIAN_POINT('',(-3.002867860509E-1,-2.232081583886E-1,
7.983140166793E-1));
#245=CARTESIAN_POINT('',(-3.015996559489E-1,-2.166575938003E-1,
7.966961144378E-1));
#246=CARTESIAN_POINT('',(-3.037814354676E-1,-2.103319516802E-1,
7.950207514081E-1));
#247=CARTESIAN_POINT('',(-3.067352873162E-1,-2.044365837969E-1,
7.933039547589E-1));
#248=CARTESIAN_POINT('',(-3.104595638378E-1,-1.989436451911E-1,
7.914894930698E-1));
#249=CARTESIAN_POINT('',(-3.148961430794E-1,-1.939765223402E-1,
7.895540379653E-1));
#250=CARTESIAN_POINT('',(-3.182436411820E-1,-1.911044938804E-1,
7.881780122855E-1));
#251=CARTESIAN_POINT('',(-3.2E-1,-1.897872247670E-1,7.874642849044E-1));
#253=CARTESIAN_POINT('',(-3.2E-1,-1.897872247670E-1,7.874642849044E-1));
#254=CARTESIAN_POINT('',(-3.216526698894E-1,-1.885477223499E-1,
7.867926933481E-1));
#255=CARTESIAN_POINT('',(-3.251425582917E-1,-1.862488254412E-1,
7.853624895058E-1));
#256=CARTESIAN_POINT('',(-3.309221346203E-1,-1.834199250333E-1,
7.829460737379E-1));
#257=CARTESIAN_POINT('',(-3.370496354504E-1,-1.813479042807E-1,
7.803288905605E-1));
#258=CARTESIAN_POINT('',(-3.434628368660E-1,-1.800727345709E-1,
7.775281854214E-1));
#259=CARTESIAN_POINT('',(-3.478150489136E-1,-1.797872247670E-1,
7.755839335062E-1));
#260=CARTESIAN_POINT('',(-3.499995765033E-1,-1.797872247670E-1,
7.745968632738E-1));
#262=DIRECTION('',(0.E0,-1.E0,0.E0));
#263=VECTOR('',#262,3.899999999828E-1);
#264=CARTESIAN_POINT('',(-1.E-2,6.202127752330E-1,-9.999499987499E-1));
#265=LINE('',#264,#263);
#266=DIRECTION('',(0.E0,-1.E0,0.E0));
#267=VECTOR('',#266,3.899999999828E-1);
#268=CARTESIAN_POINT('',(1.E-2,6.202127752330E-1,-9.999499987499E-1));
#269=LINE('',#268,#267);
#270=DIRECTION('',(0.E0,-1.E0,0.E0));
#271=VECTOR('',#270,1.E-1);
#272=CARTESIAN_POINT('',(-9.682458365519E-1,-2.297872247670E-1,2.5E-1));
#273=LINE('',#272,#271);
#274=CARTESIAN_POINT('',(0.E0,-3.297872247670E-1,0.E0));
#275=DIRECTION('',(0.E0,1.E0,0.E0));
#276=DIRECTION('',(-9.682458365519E-1,0.E0,-2.5E-1));
#277=AXIS2_PLACEMENT_3D('',#274,#275,#276);
#279=DIRECTION('',(0.E0,-1.E0,0.E0));
#280=VECTOR('',#279,1.E-1);
#281=CARTESIAN_POINT('',(-9.682458365519E-1,-2.297872247670E-1,-2.5E-1));
#282=LINE('',#281,#280);
#283=CARTESIAN_POINT('',(0.E0,-1.797872247670E-1,0.E0));
#284=DIRECTION('',(0.E0,-1.E0,0.E0));
#285=DIRECTION('',(-9.539392014169E-1,0.E0,-3.E-1));
#286=AXIS2_PLACEMENT_3D('',#283,#284,#285);
#288=DIRECTION('',(0.E0,-1.E0,0.E0));
#289=VECTOR('',#288,1.899999999828E-1);
#290=CARTESIAN_POINT('',(-1.E-2,1.021277521586E-2,-9.999499987499E-1));
#291=LINE('',#290,#289);
#292=DIRECTION('',(0.E0,-1.E0,0.E0));
#293=VECTOR('',#292,1.899999999828E-1);
#294=CARTESIAN_POINT('',(1.E-2,1.021277521586E-2,-9.999499987499E-1));
#295=LINE('',#294,#293);
#296=CARTESIAN_POINT('',(0.E0,-1.797872247670E-1,0.E0));
#297=DIRECTION('',(0.E0,-1.E0,0.E0));
#298=DIRECTION('',(1.E-2,0.E0,-9.999499987499E-1));
#299=AXIS2_PLACEMENT_3D('',#296,#297,#298);
#301=DIRECTION('',(0.E0,-1.E0,0.E0));
#302=VECTOR('',#301,1.E-1);
#303=CARTESIAN_POINT('',(9.682458365519E-1,-2.297872247670E-1,-2.5E-1));
#304=LINE('',#303,#302);
#305=CARTESIAN_POINT('',(0.E0,-3.297872247670E-1,0.E0));
#306=DIRECTION('',(0.E0,-1.E0,0.E0));
#307=DIRECTION('',(9.682458365519E-1,0.E0,-2.5E-1));
#308=AXIS2_PLACEMENT_3D('',#305,#306,#307);
#310=DIRECTION('',(0.E0,-1.E0,0.E0));
#311=VECTOR('',#310,1.E-1);
#312=CARTESIAN_POINT('',(9.682458365519E-1,-2.297872247670E-1,2.5E-1));
#313=LINE('',#312,#311);
#314=CARTESIAN_POINT('',(-1.E-2,1.702127752330E-1,-9.299462350050E-1));
#315=CARTESIAN_POINT('',(-1.E-2,1.768208046759E-1,-9.376560484068E-1));
#316=CARTESIAN_POINT('',(-1.E-2,1.900759632004E-1,-9.531212719283E-1));
#317=CARTESIAN_POINT('',(-1.E-2,2.100766116483E-1,-9.764566147501E-1));
#318=CARTESIAN_POINT('',(-1.E-2,2.234877562214E-1,-9.921037508942E-1));
#319=CARTESIAN_POINT('',(-1.E-2,2.302127752502E-1,-9.999499987499E-1));
#321=CARTESIAN_POINT('',(0.E0,2.302127752330E-1,0.E0));
#322=DIRECTION('',(0.E0,1.E0,0.E0));
#323=DIRECTION('',(-1.E-2,0.E0,-9.999499987499E-1));
#324=AXIS2_PLACEMENT_3D('',#321,#322,#323);
#326=CARTESIAN_POINT('',(1.E-2,2.302127752502E-1,-9.999499987499E-1));
#327=CARTESIAN_POINT('',(1.E-2,2.234884551226E-1,-9.921045663196E-1));
#328=CARTESIAN_POINT('',(1.E-2,2.100782424361E-1,-9.764585174348E-1));
#329=CARTESIAN_POINT('',(1.E-2,1.900775957248E-1,-9.531231766456E-1));
#330=CARTESIAN_POINT('',(1.E-2,1.768215043370E-1,-9.376568647252E-1));
#331=CARTESIAN_POINT('',(1.E-2,1.702127752330E-1,-9.299462350050E-1));
#333=DIRECTION('',(0.E0,-1.E0,0.E0));
#334=VECTOR('',#333,1.E-1);
#335=CARTESIAN_POINT('',(-1.E-2,1.702127752330E-1,-9.299462350050E-1));
#336=LINE('',#335,#334);
#337=CARTESIAN_POINT('',(0.E0,1.702127752330E-1,0.E0));
#338=DIRECTION('',(0.E0,1.E0,0.E0));
#339=DIRECTION('',(-1.075268817204E-2,0.E0,-9.999421881774E-1));
#340=AXIS2_PLACEMENT_3D('',#337,#338,#339);
#342=DIRECTION('',(0.E0,-1.E0,0.E0));
#343=VECTOR('',#342,1.E-1);
#344=CARTESIAN_POINT('',(1.E-2,1.702127752330E-1,-9.299462350050E-1));
#345=LINE('',#344,#343);
#346=CARTESIAN_POINT('',(0.E0,1.021277523303E-2,0.E0));
#347=DIRECTION('',(0.E0,-1.E0,0.E0));
#348=DIRECTION('',(1.E-2,0.E0,-9.999499987499E-1));
#349=AXIS2_PLACEMENT_3D('',#346,#347,#348);
#351=CARTESIAN_POINT('',(-1.E-2,7.021277523303E-2,-9.299462350050E-1));
#352=CARTESIAN_POINT('',(-1.E-2,6.360474579011E-2,-9.376560484068E-1));
#353=CARTESIAN_POINT('',(-1.E-2,5.034958726563E-2,-9.531212719283E-1));
#354=CARTESIAN_POINT('',(-1.E-2,3.034893881766E-2,-9.764566147502E-1));
#355=CARTESIAN_POINT('',(-1.E-2,1.693779424461E-2,-9.921037508942E-1));
#356=CARTESIAN_POINT('',(-1.E-2,1.021277521586E-2,-9.999499987499E-1));
#358=CARTESIAN_POINT('',(0.E0,7.021277523303E-2,0.E0));
#359=DIRECTION('',(0.E0,1.E0,0.E0));
#360=DIRECTION('',(-1.075268817204E-2,0.E0,-9.999421881774E-1));
#361=AXIS2_PLACEMENT_3D('',#358,#359,#360);
#363=CARTESIAN_POINT('',(1.E-2,1.021277521586E-2,-9.999499987499E-1));
#364=CARTESIAN_POINT('',(1.E-2,1.693709534350E-2,-9.921045663196E-1));
#365=CARTESIAN_POINT('',(1.E-2,3.034730802997E-2,-9.764585174348E-1));
#366=CARTESIAN_POINT('',(1.E-2,5.034795474126E-2,-9.531231766456E-1));
#367=CARTESIAN_POINT('',(1.E-2,6.360404612907E-2,-9.376568647252E-1));
#368=CARTESIAN_POINT('',(1.E-2,7.021277523303E-2,-9.299462350050E-1));
#370=CARTESIAN_POINT('',(0.E0,7.202127752330E-1,0.E0));
#371=DIRECTION('',(0.E0,1.E0,0.E0));
#372=DIRECTION('',(-1.052631578947E-2,0.E0,-9.999445968032E-1));
#373=AXIS2_PLACEMENT_3D('',#370,#371,#372);
#375=CARTESIAN_POINT('',(1.E-2,6.202127752330E-1,-9.999499987499E-1));
#376=CARTESIAN_POINT('',(1.E-2,6.313916879384E-1,-9.943602629035E-1));
#377=CARTESIAN_POINT('',(1.E-2,6.537043188612E-1,-9.832033802123E-1));
#378=CARTESIAN_POINT('',(1.E-2,6.870382017287E-1,-9.665355620876E-1));
#379=CARTESIAN_POINT('',(1.E-2,7.091697068716E-1,-9.554692070713E-1));
#380=CARTESIAN_POINT('',(1.E-2,7.202127752330E-1,-9.499473669630E-1));
#382=CARTESIAN_POINT('',(0.E0,6.202127752330E-1,0.E0));
#383=DIRECTION('',(0.E0,-1.E0,0.E0));
#384=DIRECTION('',(1.E-2,0.E0,-9.999499987499E-1));
#385=AXIS2_PLACEMENT_3D('',#382,#383,#384);
#387=CARTESIAN_POINT('',(-1.E-2,7.202127752330E-1,-9.499473669630E-1));
#388=CARTESIAN_POINT('',(-1.E-2,7.091702880005E-1,-9.554689164908E-1));
#389=CARTESIAN_POINT('',(-1.E-2,6.870395576829E-1,-9.665348840740E-1));
#390=CARTESIAN_POINT('',(-1.E-2,6.537056736506E-1,-9.832027027828E-1));
#391=CARTESIAN_POINT('',(-1.E-2,6.313922685567E-1,-9.943599725798E-1));
#392=CARTESIAN_POINT('',(-1.E-2,6.202127752330E-1,-9.999499987499E-1));
#394=DIRECTION('',(0.E0,0.E0,1.E0));
#395=VECTOR('',#394,5.000292423337E-2);
#396=CARTESIAN_POINT('',(1.E-2,7.202127752330E-1,-9.499473669630E-1));
#397=LINE('',#396,#395);
#398=DIRECTION('',(0.E0,0.E0,1.E0));
#399=VECTOR('',#398,5.000292423337E-2);
#400=CARTESIAN_POINT('',(-1.E-2,7.202127752330E-1,-9.499473669630E-1));
#401=LINE('',#400,#399);
#402=CARTESIAN_POINT('',(-7.952986860293E-1,-1.797872247670E-1,3.E-1));
#403=CARTESIAN_POINT('',(-7.962237380696E-1,-1.797872247670E-1,
2.975476910929E-1));
#404=CARTESIAN_POINT('',(-7.980403571214E-1,-1.801489180812E-1,
2.926626426028E-1));
#405=CARTESIAN_POINT('',(-8.006163128397E-1,-1.817390582735E-1,
2.855379627426E-1));
#406=CARTESIAN_POINT('',(-8.030101863916E-1,-1.843456616065E-1,
2.787303726086E-1));
#407=CARTESIAN_POINT('',(-8.051515632751E-1,-1.878386281405E-1,
2.724781083758E-1));
#408=CARTESIAN_POINT('',(-8.070704019747E-1,-1.922245638450E-1,
2.667362446532E-1));
#409=CARTESIAN_POINT('',(-8.087157050749E-1,-1.973804450497E-1,
2.616997253662E-1));
#410=CARTESIAN_POINT('',(-8.100577824044E-1,-2.031220615830E-1,
2.575101398353E-1));
#411=CARTESIAN_POINT('',(-8.110963102412E-1,-2.092872512163E-1,
2.542159337487E-1));
#412=CARTESIAN_POINT('',(-8.118548007324E-1,-2.159440352137E-1,
2.517799467563E-1));
#413=CARTESIAN_POINT('',(-8.123063386172E-1,-2.228592949851E-1,
2.503171785858E-1));
#414=CARTESIAN_POINT('',(-8.124038404636E-1,-2.274868993234E-1,2.5E-1));
#415=CARTESIAN_POINT('',(-8.124038404636E-1,-2.297872247670E-1,2.5E-1));
#417=CARTESIAN_POINT('',(-9.682458365519E-1,-2.297872247670E-1,2.5E-1));
#418=CARTESIAN_POINT('',(-9.682458365519E-1,-2.274727569214E-1,2.5E-1));
#419=CARTESIAN_POINT('',(-9.681630129466E-1,-2.228196352520E-1,
2.503211081314E-1));
#420=CARTESIAN_POINT('',(-9.677804870888E-1,-2.158765871371E-1,
2.517980867291E-1));
#421=CARTESIAN_POINT('',(-9.671393132949E-1,-2.092030405522E-1,
2.542527779978E-1));
#422=CARTESIAN_POINT('',(-9.662628768684E-1,-2.030291762005E-1,
2.575675824201E-1));
#423=CARTESIAN_POINT('',(-9.651314578766E-1,-1.972846888132E-1,
2.617803546228E-1));
#424=CARTESIAN_POINT('',(-9.637490933029E-1,-1.921423706823E-1,
2.668299990826E-1));
#425=CARTESIAN_POINT('',(-9.621437885186E-1,-1.877831023372E-1,
2.725659429698E-1));
#426=CARTESIAN_POINT('',(-9.603611585754E-1,-1.843218903894E-1,
2.787861769251E-1));
#427=CARTESIAN_POINT('',(-9.583654528675E-1,-1.817268206527E-1,
2.855757965493E-1));
#428=CARTESIAN_POINT('',(-9.562050913140E-1,-1.801391301019E-1,
2.927301412546E-1));
#429=CARTESIAN_POINT('',(-9.547016156066E-1,-1.797872247670E-1,
2.975756773892E-1));
#430=CARTESIAN_POINT('',(-9.539392014169E-1,-1.797872247670E-1,3.E-1));
#432=DIRECTION('',(0.E0,1.E0,0.E0));
#433=VECTOR('',#432,1.5E-1);
#434=CARTESIAN_POINT('',(-1.05E0,-5.297872247670E-1,2.5E-1));
#435=LINE('',#434,#433);
#436=DIRECTION('',(-1.E0,0.E0,0.E0));
#437=VECTOR('',#436,1.558419960883E-1);
#438=CARTESIAN_POINT('',(-8.124038404636E-1,-2.297872247670E-1,2.5E-1));
#439=LINE('',#438,#437);
#440=CARTESIAN_POINT('',(-8.124038404636E-1,-3.297872247670E-1,2.5E-1));
#441=CARTESIAN_POINT('',(-8.124038404636E-1,-3.370745233255E-1,2.5E-1));
#442=CARTESIAN_POINT('',(-8.132320779681E-1,-3.515655890811E-1,2.5E-1));
#443=CARTESIAN_POINT('',(-8.169534377467E-1,-3.731539929543E-1,2.5E-1));
#444=CARTESIAN_POINT('',(-8.231346518100E-1,-3.942870066022E-1,2.5E-1));
#445=CARTESIAN_POINT('',(-8.317386813017E-1,-4.147557992795E-1,2.5E-1));
#446=CARTESIAN_POINT('',(-8.427044289434E-1,-4.343114105495E-1,2.5E-1));
#447=CARTESIAN_POINT('',(-8.559395983635E-1,-4.527027784167E-1,2.5E-1));
#448=CARTESIAN_POINT('',(-8.713144238659E-1,-4.696720980808E-1,2.5E-1));
#449=CARTESIAN_POINT('',(-8.886580268632E-1,-4.849659812994E-1,2.5E-1));
#450=CARTESIAN_POINT('',(-9.077580321418E-1,-4.983444824795E-1,2.5E-1));
#451=CARTESIAN_POINT('',(-9.283620238516E-1,-5.095912879250E-1,2.5E-1));
#452=CARTESIAN_POINT('',(-9.501872094298E-1,-5.185231161610E-1,2.5E-1));
#453=CARTESIAN_POINT('',(-9.729165250122E-1,-5.249973728375E-1,2.5E-1));
#454=CARTESIAN_POINT('',(-9.962570391311E-1,-5.289148117287E-1,2.5E-1));
#455=CARTESIAN_POINT('',(-1.011920817923E0,-5.297872247670E-1,2.5E-1));
#456=CARTESIAN_POINT('',(-1.019803902719E0,-5.297872247670E-1,2.5E-1));
#458=CARTESIAN_POINT('',(-1.05E0,-3.797872247670E-1,3.E-1));
#459=DIRECTION('',(0.E0,-1.E0,0.E0));
#460=DIRECTION('',(-1.E0,0.E0,0.E0));
#461=AXIS2_PLACEMENT_3D('',#458,#459,#460);
#463=CARTESIAN_POINT('',(-1.05E0,-5.297872247670E-1,3.E-1));
#464=DIRECTION('',(0.E0,1.E0,0.E0));
#465=DIRECTION('',(0.E0,0.E0,-1.E0));
#466=AXIS2_PLACEMENT_3D('',#463,#464,#465);
#468=DIRECTION('',(1.E0,0.E0,0.E0));
#469=VECTOR('',#468,3.019609728144E-2);
#470=CARTESIAN_POINT('',(-1.05E0,-3.797872247670E-1,2.5E-1));
#471=LINE('',#470,#469);
#472=DIRECTION('',(0.E0,0.E0,-1.E0));
#473=VECTOR('',#472,5.5E-1);
#474=CARTESIAN_POINT('',(-1.1E0,-3.797872247670E-1,8.5E-1));
#475=LINE('',#474,#473);
#476=CARTESIAN_POINT('',(-1.15E0,-3.797872247670E-1,8.5E-1));
#477=DIRECTION('',(0.E0,1.E0,0.E0));
#478=DIRECTION('',(0.E0,0.E0,1.E0));
#479=AXIS2_PLACEMENT_3D('',#476,#477,#478);
#481=DIRECTION('',(1.E0,0.E0,0.E0));
#482=VECTOR('',#481,3.E-1);
#483=CARTESIAN_POINT('',(-1.45E0,-3.797872247670E-1,9.E-1));
#484=LINE('',#483,#482);
#485=CARTESIAN_POINT('',(-1.45E0,-3.797872247670E-1,8.5E-1));
#486=DIRECTION('',(0.E0,1.E0,0.E0));
#487=DIRECTION('',(-1.E0,0.E0,0.E0));
#488=AXIS2_PLACEMENT_3D('',#485,#486,#487);
#490=DIRECTION('',(0.E0,0.E0,1.E0));
#491=VECTOR('',#490,1.7E0);
#492=CARTESIAN_POINT('',(-1.5E0,-3.797872247670E-1,-8.5E-1));
#493=LINE('',#492,#491);
#494=CARTESIAN_POINT('',(-1.45E0,-3.797872247670E-1,-8.5E-1));
#495=DIRECTION('',(0.E0,1.E0,0.E0));
#496=DIRECTION('',(0.E0,0.E0,-1.E0));
#497=AXIS2_PLACEMENT_3D('',#494,#495,#496);
#499=DIRECTION('',(-1.E0,0.E0,0.E0));
#500=VECTOR('',#499,3.E-1);
#501=CARTESIAN_POINT('',(-1.15E0,-3.797872247670E-1,-9.E-1));
#502=LINE('',#501,#500);
#503=CARTESIAN_POINT('',(-1.15E0,-3.797872247670E-1,-8.5E-1));
#504=DIRECTION('',(0.E0,1.E0,0.E0));
#505=DIRECTION('',(1.E0,0.E0,0.E0));
#506=AXIS2_PLACEMENT_3D('',#503,#504,#505);
#508=DIRECTION('',(0.E0,0.E0,-1.E0));
#509=VECTOR('',#508,5.5E-1);
#510=CARTESIAN_POINT('',(-1.1E0,-3.797872247670E-1,-3.E-1));
#511=LINE('',#510,#509);
#512=DIRECTION('',(-1.E0,0.E0,0.E0));
#513=VECTOR('',#512,3.019609728144E-2);
#514=CARTESIAN_POINT('',(-1.019803902719E0,-3.797872247670E-1,-2.5E-1));
#515=LINE('',#514,#513);
#516=DIRECTION('',(-1.E0,0.E0,0.E0));
#517=VECTOR('',#516,3.019609728144E-2);
#518=CARTESIAN_POINT('',(1.05E0,-3.797872247670E-1,-2.5E-1));
#519=LINE('',#518,#517);
#520=DIRECTION('',(0.E0,0.E0,1.E0));
#521=VECTOR('',#520,5.5E-1);
#522=CARTESIAN_POINT('',(1.1E0,-3.797872247670E-1,-8.5E-1));
#523=LINE('',#522,#521);
#524=CARTESIAN_POINT('',(1.15E0,-3.797872247670E-1,-8.5E-1));
#525=DIRECTION('',(0.E0,1.E0,0.E0));
#526=DIRECTION('',(0.E0,0.E0,-1.E0));
#527=AXIS2_PLACEMENT_3D('',#524,#525,#526);
#529=DIRECTION('',(-1.E0,0.E0,0.E0));
#530=VECTOR('',#529,3.E-1);
#531=CARTESIAN_POINT('',(1.45E0,-3.797872247670E-1,-9.E-1));
#532=LINE('',#531,#530);
#533=CARTESIAN_POINT('',(1.45E0,-3.797872247670E-1,-8.5E-1));
#534=DIRECTION('',(0.E0,1.E0,0.E0));
#535=DIRECTION('',(1.E0,0.E0,0.E0));
#536=AXIS2_PLACEMENT_3D('',#533,#534,#535);
#538=DIRECTION('',(0.E0,0.E0,-1.E0));
#539=VECTOR('',#538,1.7E0);
#540=CARTESIAN_POINT('',(1.5E0,-3.797872247670E-1,8.5E-1));
#541=LINE('',#540,#539);
#542=CARTESIAN_POINT('',(1.45E0,-3.797872247670E-1,8.5E-1));
#543=DIRECTION('',(0.E0,1.E0,0.E0));
#544=DIRECTION('',(0.E0,0.E0,1.E0));
#545=AXIS2_PLACEMENT_3D('',#542,#543,#544);
#547=DIRECTION('',(1.E0,0.E0,0.E0));
#548=VECTOR('',#547,3.E-1);
#549=CARTESIAN_POINT('',(1.15E0,-3.797872247670E-1,9.E-1));
#550=LINE('',#549,#548);
#551=CARTESIAN_POINT('',(1.15E0,-3.797872247670E-1,8.5E-1));
#552=DIRECTION('',(0.E0,1.E0,0.E0));
#553=DIRECTION('',(-1.E0,0.E0,0.E0));
#554=AXIS2_PLACEMENT_3D('',#551,#552,#553);
#556=DIRECTION('',(0.E0,0.E0,1.E0));
#557=VECTOR('',#556,5.5E-1);
#558=CARTESIAN_POINT('',(1.1E0,-3.797872247670E-1,3.E-1));
#559=LINE('',#558,#557);
#560=DIRECTION('',(1.E0,0.E0,0.E0));
#561=VECTOR('',#560,3.019609728144E-2);
#562=CARTESIAN_POINT('',(1.019803902719E0,-3.797872247670E-1,2.5E-1));
#563=LINE('',#562,#561);
#564=DIRECTION('',(0.E0,1.E0,0.E0));
#565=VECTOR('',#564,1.5E-1);
#566=CARTESIAN_POINT('',(-1.1E0,-5.297872247670E-1,3.E-1));
#567=LINE('',#566,#565);
#568=DIRECTION('',(0.E0,-1.E0,0.E0));
#569=VECTOR('',#568,1.5E-1);
#570=CARTESIAN_POINT('',(-1.1E0,-3.797872247670E-1,8.5E-1));
#571=LINE('',#570,#569);
#572=DIRECTION('',(0.E0,0.E0,-1.E0));
#573=VECTOR('',#572,5.5E-1);
#574=CARTESIAN_POINT('',(-1.1E0,-5.297872247670E-1,8.5E-1));
#575=LINE('',#574,#573);
#576=DIRECTION('',(1.E0,0.E0,0.E0));
#577=VECTOR('',#576,3.019609728144E-2);
#578=CARTESIAN_POINT('',(-1.05E0,-5.297872247670E-1,2.5E-1));
#579=LINE('',#578,#577);
#580=CARTESIAN_POINT('',(0.E0,-5.297872247670E-1,0.E0));
#581=DIRECTION('',(0.E0,1.E0,0.E0));
#582=DIRECTION('',(-9.712418121129E-1,0.E0,-2.380952380952E-1));
#583=AXIS2_PLACEMENT_3D('',#580,#581,#582);
#585=DIRECTION('',(-1.E0,0.E0,0.E0));
#586=VECTOR('',#585,3.019609728144E-2);
#587=CARTESIAN_POINT('',(-1.019803902719E0,-5.297872247670E-1,-2.5E-1));
#588=LINE('',#587,#586);
#589=DIRECTION('',(0.E0,0.E0,-1.E0));
#590=VECTOR('',#589,5.5E-1);
#591=CARTESIAN_POINT('',(-1.1E0,-5.297872247670E-1,-3.E-1));
#592=LINE('',#591,#590);
#593=CARTESIAN_POINT('',(-1.15E0,-5.297872247670E-1,-8.5E-1));
#594=DIRECTION('',(0.E0,-1.E0,0.E0));
#595=DIRECTION('',(0.E0,0.E0,-1.E0));
#596=AXIS2_PLACEMENT_3D('',#593,#594,#595);
#598=DIRECTION('',(-1.E0,0.E0,0.E0));
#599=VECTOR('',#598,3.E-1);
#600=CARTESIAN_POINT('',(-1.15E0,-5.297872247670E-1,-9.E-1));
#601=LINE('',#600,#599);
#602=CARTESIAN_POINT('',(-1.45E0,-5.297872247670E-1,-8.5E-1));
#603=DIRECTION('',(0.E0,-1.E0,0.E0));
#604=DIRECTION('',(-1.E0,0.E0,0.E0));
#605=AXIS2_PLACEMENT_3D('',#602,#603,#604);
#607=DIRECTION('',(0.E0,0.E0,1.E0));
#608=VECTOR('',#607,1.7E0);
#609=CARTESIAN_POINT('',(-1.5E0,-5.297872247670E-1,-8.5E-1));
#610=LINE('',#609,#608);
#611=CARTESIAN_POINT('',(-1.45E0,-5.297872247670E-1,8.5E-1));
#612=DIRECTION('',(0.E0,-1.E0,0.E0));
#613=DIRECTION('',(0.E0,0.E0,1.E0));
#614=AXIS2_PLACEMENT_3D('',#611,#612,#613);
#616=DIRECTION('',(1.E0,0.E0,0.E0));
#617=VECTOR('',#616,3.E-1);
#618=CARTESIAN_POINT('',(-1.45E0,-5.297872247670E-1,9.E-1));
#619=LINE('',#618,#617);
#620=CARTESIAN_POINT('',(-1.15E0,-5.297872247670E-1,8.5E-1));
#621=DIRECTION('',(0.E0,-1.E0,0.E0));
#622=DIRECTION('',(1.E0,0.E0,0.E0));
#623=AXIS2_PLACEMENT_3D('',#620,#621,#622);
#625=DIRECTION('',(0.E0,0.E0,1.E0));
#626=VECTOR('',#625,5.5E-1);
#627=CARTESIAN_POINT('',(1.1E0,-5.297872247670E-1,-8.5E-1));
#628=LINE('',#627,#626);
#629=DIRECTION('',(-1.E0,0.E0,0.E0));
#630=VECTOR('',#629,3.019609728144E-2);
#631=CARTESIAN_POINT('',(1.05E0,-5.297872247670E-1,-2.5E-1));
#632=LINE('',#631,#630);
#633=CARTESIAN_POINT('',(0.E0,-5.297872247670E-1,0.E0));
#634=DIRECTION('',(0.E0,-1.E0,0.E0));
#635=DIRECTION('',(9.712418121129E-1,0.E0,-2.380952380952E-1));
#636=AXIS2_PLACEMENT_3D('',#633,#634,#635);
#638=DIRECTION('',(1.E0,0.E0,0.E0));
#639=VECTOR('',#638,3.019609728144E-2);
#640=CARTESIAN_POINT('',(1.019803902719E0,-5.297872247670E-1,2.5E-1));
#641=LINE('',#640,#639);
#642=DIRECTION('',(0.E0,0.E0,1.E0));
#643=VECTOR('',#642,5.5E-1);
#644=CARTESIAN_POINT('',(1.1E0,-5.297872247670E-1,3.E-1));
#645=LINE('',#644,#643);
#646=CARTESIAN_POINT('',(1.15E0,-5.297872247670E-1,8.5E-1));
#647=DIRECTION('',(0.E0,-1.E0,0.E0));
#648=DIRECTION('',(0.E0,0.E0,1.E0));
#649=AXIS2_PLACEMENT_3D('',#646,#647,#648);
#651=DIRECTION('',(1.E0,0.E0,0.E0));
#652=VECTOR('',#651,3.E-1);
#653=CARTESIAN_POINT('',(1.15E0,-5.297872247670E-1,9.E-1));
#654=LINE('',#653,#652);
#655=CARTESIAN_POINT('',(1.45E0,-5.297872247670E-1,8.5E-1));
#656=DIRECTION('',(0.E0,-1.E0,0.E0));
#657=DIRECTION('',(1.E0,0.E0,0.E0));
#658=AXIS2_PLACEMENT_3D('',#655,#656,#657);
#660=DIRECTION('',(0.E0,0.E0,-1.E0));
#661=VECTOR('',#660,1.7E0);
#662=CARTESIAN_POINT('',(1.5E0,-5.297872247670E-1,8.5E-1));
#663=LINE('',#662,#661);
#664=CARTESIAN_POINT('',(1.45E0,-5.297872247670E-1,-8.5E-1));
#665=DIRECTION('',(0.E0,-1.E0,0.E0));
#666=DIRECTION('',(0.E0,0.E0,-1.E0));
#667=AXIS2_PLACEMENT_3D('',#664,#665,#666);
#669=DIRECTION('',(-1.E0,0.E0,0.E0));
#670=VECTOR('',#669,3.E-1);
#671=CARTESIAN_POINT('',(1.45E0,-5.297872247670E-1,-9.E-1));
#672=LINE('',#671,#670);
#673=CARTESIAN_POINT('',(1.15E0,-5.297872247670E-1,-8.5E-1));
#674=DIRECTION('',(0.E0,-1.E0,0.E0));
#675=DIRECTION('',(-1.E0,0.E0,0.E0));
#676=AXIS2_PLACEMENT_3D('',#673,#674,#675);
#678=CARTESIAN_POINT('',(0.E0,-3.297872247670E-1,0.E0));
#679=DIRECTION('',(0.E0,1.E0,0.E0));
#680=DIRECTION('',(-9.557692240748E-1,0.E0,-2.941176470588E-1));
#681=AXIS2_PLACEMENT_3D('',#678,#679,#680);
#683=DIRECTION('',(0.E0,1.E0,0.E0));
#684=VECTOR('',#683,1.5E-1);
#685=CARTESIAN_POINT('',(-1.05E0,-5.297872247670E-1,-2.5E-1));
#686=LINE('',#685,#684);
#687=CARTESIAN_POINT('',(-1.019803902719E0,-5.297872247670E-1,-2.5E-1));
#688=CARTESIAN_POINT('',(-1.011920818130E0,-5.297872247670E-1,-2.5E-1));
#689=CARTESIAN_POINT('',(-9.962570395879E-1,-5.289148117902E-1,-2.5E-1));
#690=CARTESIAN_POINT('',(-9.729165249402E-1,-5.249973728269E-1,-2.5E-1));
#691=CARTESIAN_POINT('',(-9.501872091698E-1,-5.185231161212E-1,-2.5E-1));
#692=CARTESIAN_POINT('',(-9.283620215437E-1,-5.095912869121E-1,-2.5E-1));
#693=CARTESIAN_POINT('',(-9.077580299863E-1,-4.983444810315E-1,-2.5E-1));
#694=CARTESIAN_POINT('',(-8.886580265763E-1,-4.849659811477E-1,-2.5E-1));
#695=CARTESIAN_POINT('',(-8.713144211174E-1,-4.696720953747E-1,-2.5E-1));
#696=CARTESIAN_POINT('',(-8.559395984463E-1,-4.527027783505E-1,-2.5E-1));
#697=CARTESIAN_POINT('',(-8.427044285691E-1,-4.343114100701E-1,-2.5E-1));
#698=CARTESIAN_POINT('',(-8.317386809063E-1,-4.147557984260E-1,-2.5E-1));
#699=CARTESIAN_POINT('',(-8.231346516815E-1,-3.942870062328E-1,-2.5E-1));
#700=CARTESIAN_POINT('',(-8.169534376053E-1,-3.731539923286E-1,-2.5E-1));
#701=CARTESIAN_POINT('',(-8.132320779778E-1,-3.515655890007E-1,-2.5E-1));
#702=CARTESIAN_POINT('',(-8.124038404636E-1,-3.370745233030E-1,-2.5E-1));
#703=CARTESIAN_POINT('',(-8.124038404636E-1,-3.297872247670E-1,-2.5E-1));
#705=DIRECTION('',(1.E0,0.E0,0.E0));
#706=VECTOR('',#705,1.558419960883E-1);
#707=CARTESIAN_POINT('',(-9.682458365519E-1,-2.297872247670E-1,-2.5E-1));
#708=LINE('',#707,#706);
#709=CARTESIAN_POINT('',(-1.05E0,-5.297872247670E-1,-3.E-1));
#710=DIRECTION('',(0.E0,1.E0,0.E0));
#711=DIRECTION('',(-1.E0,0.E0,0.E0));
#712=AXIS2_PLACEMENT_3D('',#709,#710,#711);
#714=CARTESIAN_POINT('',(-1.05E0,-3.797872247670E-1,-3.E-1));
#715=DIRECTION('',(0.E0,-1.E0,0.E0));
#716=DIRECTION('',(0.E0,0.E0,1.E0));
#717=AXIS2_PLACEMENT_3D('',#714,#715,#716);
#719=DIRECTION('',(0.E0,1.E0,0.E0));
#720=VECTOR('',#719,1.5E-1);
#721=CARTESIAN_POINT('',(-1.1E0,-5.297872247670E-1,-3.E-1));
#722=LINE('',#721,#720);
#723=DIRECTION('',(0.E0,-1.E0,0.E0));
#724=VECTOR('',#723,1.5E-1);
#725=CARTESIAN_POINT('',(-1.1E0,-3.797872247670E-1,-8.5E-1));
#726=LINE('',#725,#724);
#727=DIRECTION('',(0.E0,-1.E0,0.E0));
#728=VECTOR('',#727,1.5E-1);
#729=CARTESIAN_POINT('',(-1.15E0,-3.797872247670E-1,-9.E-1));
#730=LINE('',#729,#728);
#731=DIRECTION('',(0.E0,-1.E0,0.E0));
#732=VECTOR('',#731,1.5E-1);
#733=CARTESIAN_POINT('',(-1.45E0,-3.797872247670E-1,-9.E-1));
#734=LINE('',#733,#732);
#735=DIRECTION('',(0.E0,-1.E0,0.E0));
#736=VECTOR('',#735,1.5E-1);
#737=CARTESIAN_POINT('',(-1.5E0,-3.797872247670E-1,-8.5E-1));
#738=LINE('',#737,#736);
#739=DIRECTION('',(0.E0,-1.E0,0.E0));
#740=VECTOR('',#739,1.5E-1);
#741=CARTESIAN_POINT('',(-1.5E0,-3.797872247670E-1,8.5E-1));
#742=LINE('',#741,#740);
#743=DIRECTION('',(0.E0,-1.E0,0.E0));
#744=VECTOR('',#743,1.5E-1);
#745=CARTESIAN_POINT('',(-1.45E0,-3.797872247670E-1,9.E-1));
#746=LINE('',#745,#744);
#747=DIRECTION('',(0.E0,-1.E0,0.E0));
#748=VECTOR('',#747,1.5E-1);
#749=CARTESIAN_POINT('',(-1.15E0,-3.797872247670E-1,9.E-1));
#750=LINE('',#749,#748);
#751=CARTESIAN_POINT('',(-9.539392014169E-1,-1.797872247670E-1,-3.E-1));
#752=CARTESIAN_POINT('',(-9.547016156066E-1,-1.797872247670E-1,
-2.975756773892E-1));
#753=CARTESIAN_POINT('',(-9.562050913140E-1,-1.801391301019E-1,
-2.927301412546E-1));
#754=CARTESIAN_POINT('',(-9.583654528675E-1,-1.817268206527E-1,
-2.855757965493E-1));
#755=CARTESIAN_POINT('',(-9.603611585754E-1,-1.843218903894E-1,
-2.787861769251E-1));
#756=CARTESIAN_POINT('',(-9.621437885186E-1,-1.877831023372E-1,
-2.725659429698E-1));
#757=CARTESIAN_POINT('',(-9.637490933029E-1,-1.921423706823E-1,
-2.668299990826E-1));
#758=CARTESIAN_POINT('',(-9.651314578766E-1,-1.972846888132E-1,
-2.617803546228E-1));
#759=CARTESIAN_POINT('',(-9.662628768684E-1,-2.030291762005E-1,
-2.575675824201E-1));
#760=CARTESIAN_POINT('',(-9.671393132949E-1,-2.092030405522E-1,
-2.542527779978E-1));
#761=CARTESIAN_POINT('',(-9.677804870888E-1,-2.158765871371E-1,
-2.517980867291E-1));
#762=CARTESIAN_POINT('',(-9.681630129466E-1,-2.228196352520E-1,
-2.503211081314E-1));
#763=CARTESIAN_POINT('',(-9.682458365519E-1,-2.274727569214E-1,-2.5E-1));
#764=CARTESIAN_POINT('',(-9.682458365519E-1,-2.297872247670E-1,-2.5E-1));
#766=CARTESIAN_POINT('',(-8.124038404636E-1,-2.297872247670E-1,-2.5E-1));
#767=CARTESIAN_POINT('',(-8.124038404636E-1,-2.274870035017E-1,-2.5E-1));
#768=CARTESIAN_POINT('',(-8.123063471532E-1,-2.228596097099E-1,
-2.503171507744E-1));
#769=CARTESIAN_POINT('',(-8.118548529515E-1,-2.159446814670E-1,
-2.517797778801E-1));
#770=CARTESIAN_POINT('',(-8.110964303002E-1,-2.092881383428E-1,
-2.542155496701E-1));
#771=CARTESIAN_POINT('',(-8.100579773992E-1,-2.031230519112E-1,
-2.575095254761E-1));
#772=CARTESIAN_POINT('',(-8.087159747125E-1,-1.973814510384E-1,
-2.616988897515E-1));
#773=CARTESIAN_POINT('',(-8.070707839247E-1,-1.922255882740E-1,
-2.667350886573E-1));
#774=CARTESIAN_POINT('',(-8.051520651573E-1,-1.878396817469E-1,
-2.724766143062E-1));
#775=CARTESIAN_POINT('',(-8.030111590311E-1,-1.843469417919E-1,
-2.787275736099E-1));
#776=CARTESIAN_POINT('',(-8.006165529649E-1,-1.817391219622E-1,
-2.855373116558E-1));
#777=CARTESIAN_POINT('',(-7.980401012106E-1,-1.801487981738E-1,
-2.926633442265E-1));
#778=CARTESIAN_POINT('',(-7.962235855688E-1,-1.797872247670E-1,
-2.975480953718E-1));
#779=CARTESIAN_POINT('',(-7.952986860293E-1,-1.797872247670E-1,-3.E-1));
#781=CARTESIAN_POINT('',(-1.019803902719E0,-3.797872247670E-1,2.5E-1));
#782=CARTESIAN_POINT('',(-1.017539639810E0,-3.797872247670E-1,2.5E-1));
#783=CARTESIAN_POINT('',(-1.013044452153E0,-3.795004593365E-1,2.5E-1));
#784=CARTESIAN_POINT('',(-1.006331586462E0,-3.781984903420E-1,2.5E-1));
#785=CARTESIAN_POINT('',(-9.998589313845E-1,-3.760450634794E-1,2.5E-1));
#786=CARTESIAN_POINT('',(-9.937498998182E-1,-3.730900816920E-1,2.5E-1));
#787=CARTESIAN_POINT('',(-9.881204008251E-1,-3.693994521220E-1,2.5E-1));
#788=CARTESIAN_POINT('',(-9.830561697119E-1,-3.650459372841E-1,2.5E-1));
#789=CARTESIAN_POINT('',(-9.786175503606E-1,-3.600847270511E-1,2.5E-1));
#790=CARTESIAN_POINT('',(-9.749034864979E-1,-3.546327956675E-1,2.5E-1));
#791=CARTESIAN_POINT('',(-9.719660195447E-1,-3.487931063991E-1,2.5E-1));
#792=CARTESIAN_POINT('',(-9.698372637199E-1,-3.426599172235E-1,2.5E-1));
#793=CARTESIAN_POINT('',(-9.685388820402E-1,-3.362902663799E-1,2.5E-1));
#794=CARTESIAN_POINT('',(-9.682458365519E-1,-3.319716817723E-1,2.5E-1));
#795=CARTESIAN_POINT('',(-9.682458365519E-1,-3.297872247670E-1,2.5E-1));
#797=CARTESIAN_POINT('',(0.E0,-3.797872247670E-1,0.E0));
#798=DIRECTION('',(0.E0,1.E0,0.E0));
#799=DIRECTION('',(-9.712418121129E-1,0.E0,-2.380952380952E-1));
#800=AXIS2_PLACEMENT_3D('',#797,#798,#799);
#802=CARTESIAN_POINT('',(-9.682458365519E-1,-3.297872247670E-1,-2.5E-1));
#803=CARTESIAN_POINT('',(-9.682458365519E-1,-3.319716817723E-1,-2.5E-1));
#804=CARTESIAN_POINT('',(-9.685388820402E-1,-3.362902663799E-1,-2.5E-1));
#805=CARTESIAN_POINT('',(-9.698372637199E-1,-3.426599172235E-1,-2.5E-1));
#806=CARTESIAN_POINT('',(-9.719660195447E-1,-3.487931063991E-1,-2.5E-1));
#807=CARTESIAN_POINT('',(-9.749034864979E-1,-3.546327956675E-1,-2.5E-1));
#808=CARTESIAN_POINT('',(-9.786175503606E-1,-3.600847270511E-1,-2.5E-1));
#809=CARTESIAN_POINT('',(-9.830561697119E-1,-3.650459372841E-1,-2.5E-1));
#810=CARTESIAN_POINT('',(-9.881204008251E-1,-3.693994521220E-1,-2.5E-1));
#811=CARTESIAN_POINT('',(-9.937498998182E-1,-3.730900816920E-1,-2.5E-1));
#812=CARTESIAN_POINT('',(-9.998589313845E-1,-3.760450634794E-1,-2.5E-1));
#813=CARTESIAN_POINT('',(-1.006331586462E0,-3.781984903420E-1,-2.5E-1));
#814=CARTESIAN_POINT('',(-1.013044452153E0,-3.795004593365E-1,-2.5E-1));
#815=CARTESIAN_POINT('',(-1.017539639810E0,-3.797872247670E-1,-2.5E-1));
#816=CARTESIAN_POINT('',(-1.019803902719E0,-3.797872247670E-1,-2.5E-1));
#818=DIRECTION('',(0.E0,1.E0,0.E0));
#819=VECTOR('',#818,1.5E-1);
#820=CARTESIAN_POINT('',(1.1E0,-5.297872247670E-1,-3.E-1));
#821=LINE('',#820,#819);
#822=DIRECTION('',(0.E0,-1.E0,0.E0));
#823=VECTOR('',#822,1.5E-1);
#824=CARTESIAN_POINT('',(1.1E0,-3.797872247670E-1,-8.5E-1));
#825=LINE('',#824,#823);
#826=CARTESIAN_POINT('',(1.05E0,-3.797872247670E-1,-3.E-1));
#827=DIRECTION('',(0.E0,-1.E0,0.E0));
#828=DIRECTION('',(1.E0,0.E0,0.E0));
#829=AXIS2_PLACEMENT_3D('',#826,#827,#828);
#831=CARTESIAN_POINT('',(1.05E0,-5.297872247670E-1,-3.E-1));
#832=DIRECTION('',(0.E0,1.E0,0.E0));
#833=DIRECTION('',(0.E0,0.E0,1.E0));
#834=AXIS2_PLACEMENT_3D('',#831,#832,#833);
#836=DIRECTION('',(0.E0,1.E0,0.E0));
#837=VECTOR('',#836,1.5E-1);
#838=CARTESIAN_POINT('',(1.05E0,-5.297872247670E-1,-2.5E-1));
#839=LINE('',#838,#837);
#840=DIRECTION('',(1.E0,-2.048158568240E-14,0.E0));
#841=VECTOR('',#840,1.558419960883E-1);
#842=CARTESIAN_POINT('',(8.124038404636E-1,-2.297872247670E-1,-2.5E-1));
#843=LINE('',#842,#841);
#844=CARTESIAN_POINT('',(8.124038404636E-1,-3.297872247670E-1,-2.5E-1));
#845=CARTESIAN_POINT('',(8.124038404636E-1,-3.370745233255E-1,-2.5E-1));
#846=CARTESIAN_POINT('',(8.132320779681E-1,-3.515655890811E-1,-2.5E-1));
#847=CARTESIAN_POINT('',(8.169534377467E-1,-3.731539929543E-1,-2.5E-1));
#848=CARTESIAN_POINT('',(8.231346518100E-1,-3.942870066022E-1,-2.5E-1));
#849=CARTESIAN_POINT('',(8.317386813017E-1,-4.147557992795E-1,-2.5E-1));
#850=CARTESIAN_POINT('',(8.427044289434E-1,-4.343114105495E-1,-2.5E-1));
#851=CARTESIAN_POINT('',(8.559395983635E-1,-4.527027784167E-1,-2.5E-1));
#852=CARTESIAN_POINT('',(8.713144238659E-1,-4.696720980808E-1,-2.5E-1));
#853=CARTESIAN_POINT('',(8.886580268632E-1,-4.849659812994E-1,-2.5E-1));
#854=CARTESIAN_POINT('',(9.077580321418E-1,-4.983444824795E-1,-2.5E-1));
#855=CARTESIAN_POINT('',(9.283620238516E-1,-5.095912879250E-1,-2.5E-1));
#856=CARTESIAN_POINT('',(9.501872094298E-1,-5.185231161610E-1,-2.5E-1));
#857=CARTESIAN_POINT('',(9.729165250122E-1,-5.249973728375E-1,-2.5E-1));
#858=CARTESIAN_POINT('',(9.962570391311E-1,-5.289148117287E-1,-2.5E-1));
#859=CARTESIAN_POINT('',(1.011920817923E0,-5.297872247670E-1,-2.5E-1));
#860=CARTESIAN_POINT('',(1.019803902719E0,-5.297872247670E-1,-2.5E-1));
#862=CARTESIAN_POINT('',(9.682458365519E-1,-3.297872247670E-1,2.5E-1));
#863=CARTESIAN_POINT('',(9.682458365519E-1,-3.319716817723E-1,2.5E-1));
#864=CARTESIAN_POINT('',(9.685388820402E-1,-3.362902663799E-1,2.5E-1));
#865=CARTESIAN_POINT('',(9.698372637199E-1,-3.426599172235E-1,2.5E-1));
#866=CARTESIAN_POINT('',(9.719660195447E-1,-3.487931063991E-1,2.5E-1));
#867=CARTESIAN_POINT('',(9.749034864979E-1,-3.546327956675E-1,2.5E-1));
#868=CARTESIAN_POINT('',(9.786175503606E-1,-3.600847270511E-1,2.5E-1));
#869=CARTESIAN_POINT('',(9.830561697119E-1,-3.650459372841E-1,2.5E-1));
#870=CARTESIAN_POINT('',(9.881204008251E-1,-3.693994521220E-1,2.5E-1));
#871=CARTESIAN_POINT('',(9.937498998182E-1,-3.730900816920E-1,2.5E-1));
#872=CARTESIAN_POINT('',(9.998589313845E-1,-3.760450634794E-1,2.5E-1));
#873=CARTESIAN_POINT('',(1.006331586462E0,-3.781984903420E-1,2.5E-1));
#874=CARTESIAN_POINT('',(1.013044452153E0,-3.795004593365E-1,2.5E-1));
#875=CARTESIAN_POINT('',(1.017539639810E0,-3.797872247670E-1,2.5E-1));
#876=CARTESIAN_POINT('',(1.019803902719E0,-3.797872247670E-1,2.5E-1));
#878=CARTESIAN_POINT('',(1.019803902719E0,-3.797872247670E-1,-2.5E-1));
#879=CARTESIAN_POINT('',(1.017539639810E0,-3.797872247670E-1,-2.5E-1));
#880=CARTESIAN_POINT('',(1.013044452153E0,-3.795004593365E-1,-2.5E-1));
#881=CARTESIAN_POINT('',(1.006331586462E0,-3.781984903420E-1,-2.5E-1));
#882=CARTESIAN_POINT('',(9.998589313845E-1,-3.760450634794E-1,-2.5E-1));
#883=CARTESIAN_POINT('',(9.937498998182E-1,-3.730900816920E-1,-2.5E-1));
#884=CARTESIAN_POINT('',(9.881204008251E-1,-3.693994521220E-1,-2.5E-1));
#885=CARTESIAN_POINT('',(9.830561697119E-1,-3.650459372841E-1,-2.5E-1));
#886=CARTESIAN_POINT('',(9.786175503606E-1,-3.600847270511E-1,-2.5E-1));
#887=CARTESIAN_POINT('',(9.749034864979E-1,-3.546327956675E-1,-2.5E-1));
#888=CARTESIAN_POINT('',(9.719660195447E-1,-3.487931063991E-1,-2.5E-1));
#889=CARTESIAN_POINT('',(9.698372637199E-1,-3.426599172235E-1,-2.5E-1));
#890=CARTESIAN_POINT('',(9.685388820402E-1,-3.362902663799E-1,-2.5E-1));
#891=CARTESIAN_POINT('',(9.682458365519E-1,-3.319716817723E-1,-2.5E-1));
#892=CARTESIAN_POINT('',(9.682458365519E-1,-3.297872247670E-1,-2.5E-1));
#894=CARTESIAN_POINT('',(0.E0,-3.797872247670E-1,0.E0));
#895=DIRECTION('',(0.E0,-1.E0,0.E0));
#896=DIRECTION('',(9.712418121129E-1,0.E0,-2.380952380952E-1));
#897=AXIS2_PLACEMENT_3D('',#894,#895,#896);
#899=DIRECTION('',(0.E0,1.E0,0.E0));
#900=VECTOR('',#899,1.5E-1);
#901=CARTESIAN_POINT('',(1.05E0,-5.297872247670E-1,2.5E-1));
#902=LINE('',#901,#900);
#903=CARTESIAN_POINT('',(1.019803902719E0,-5.297872247670E-1,2.5E-1));
#904=CARTESIAN_POINT('',(1.011920818130E0,-5.297872247670E-1,2.5E-1));
#905=CARTESIAN_POINT('',(9.962570395879E-1,-5.289148117902E-1,2.5E-1));
#906=CARTESIAN_POINT('',(9.729165249402E-1,-5.249973728269E-1,2.5E-1));
#907=CARTESIAN_POINT('',(9.501872091698E-1,-5.185231161212E-1,2.5E-1));
#908=CARTESIAN_POINT('',(9.283620215437E-1,-5.095912869121E-1,2.5E-1));
#909=CARTESIAN_POINT('',(9.077580299863E-1,-4.983444810315E-1,2.5E-1));
#910=CARTESIAN_POINT('',(8.886580265763E-1,-4.849659811477E-1,2.5E-1));
#911=CARTESIAN_POINT('',(8.713144211174E-1,-4.696720953747E-1,2.5E-1));
#912=CARTESIAN_POINT('',(8.559395984463E-1,-4.527027783505E-1,2.5E-1));
#913=CARTESIAN_POINT('',(8.427044285691E-1,-4.343114100701E-1,2.5E-1));
#914=CARTESIAN_POINT('',(8.317386809063E-1,-4.147557984260E-1,2.5E-1));
#915=CARTESIAN_POINT('',(8.231346516815E-1,-3.942870062328E-1,2.5E-1));
#916=CARTESIAN_POINT('',(8.169534376053E-1,-3.731539923286E-1,2.5E-1));
#917=CARTESIAN_POINT('',(8.132320779778E-1,-3.515655890007E-1,2.5E-1));
#918=CARTESIAN_POINT('',(8.124038404636E-1,-3.370745233030E-1,2.5E-1));
#919=CARTESIAN_POINT('',(8.124038404636E-1,-3.297872247670E-1,2.5E-1));
#921=DIRECTION('',(-1.E0,-1.282325364463E-14,0.E0));
#922=VECTOR('',#921,1.558419960883E-1);
#923=CARTESIAN_POINT('',(9.682458365519E-1,-2.297872247670E-1,2.5E-1));
#924=LINE('',#923,#922);
#925=CARTESIAN_POINT('',(1.05E0,-5.297872247670E-1,3.E-1));
#926=DIRECTION('',(0.E0,1.E0,0.E0));
#927=DIRECTION('',(1.E0,0.E0,0.E0));
#928=AXIS2_PLACEMENT_3D('',#925,#926,#927);
#930=CARTESIAN_POINT('',(1.05E0,-3.797872247670E-1,3.E-1));
#931=DIRECTION('',(0.E0,-1.E0,0.E0));
#932=DIRECTION('',(0.E0,0.E0,-1.E0));
#933=AXIS2_PLACEMENT_3D('',#930,#931,#932);
#935=DIRECTION('',(0.E0,1.E0,0.E0));
#936=VECTOR('',#935,1.5E-1);
#937=CARTESIAN_POINT('',(1.1E0,-5.297872247670E-1,3.E-1));
#938=LINE('',#937,#936);
#939=DIRECTION('',(0.E0,-1.E0,0.E0));
#940=VECTOR('',#939,1.5E-1);
#941=CARTESIAN_POINT('',(1.1E0,-3.797872247670E-1,8.5E-1));
#942=LINE('',#941,#940);
#943=DIRECTION('',(0.E0,-1.E0,0.E0));
#944=VECTOR('',#943,1.5E-1);
#945=CARTESIAN_POINT('',(1.45E0,-3.797872247670E-1,9.E-1));
#946=LINE('',#945,#944);
#947=DIRECTION('',(0.E0,-1.E0,0.E0));
#948=VECTOR('',#947,1.5E-1);
#949=CARTESIAN_POINT('',(1.15E0,-3.797872247670E-1,9.E-1));
#950=LINE('',#949,#948);
#951=DIRECTION('',(0.E0,-1.E0,0.E0));
#952=VECTOR('',#951,1.5E-1);
#953=CARTESIAN_POINT('',(1.5E0,-3.797872247670E-1,8.5E-1));
#954=LINE('',#953,#952);
#955=DIRECTION('',(0.E0,-1.E0,0.E0));
#956=VECTOR('',#955,1.5E-1);
#957=CARTESIAN_POINT('',(1.5E0,-3.797872247670E-1,-8.5E-1));
#958=LINE('',#957,#956);
#959=DIRECTION('',(0.E0,-1.E0,0.E0));
#960=VECTOR('',#959,1.5E-1);
#961=CARTESIAN_POINT('',(1.45E0,-3.797872247670E-1,-9.E-1));
#962=LINE('',#961,#960);
#963=DIRECTION('',(0.E0,-1.E0,0.E0));
#964=VECTOR('',#963,1.5E-1);
#965=CARTESIAN_POINT('',(1.15E0,-3.797872247670E-1,-9.E-1));
#966=LINE('',#965,#964);
#967=CARTESIAN_POINT('',(0.E0,-3.297872247670E-1,0.E0));
#968=DIRECTION('',(0.E0,-1.E0,0.E0));
#969=DIRECTION('',(9.557692240748E-1,0.E0,-2.941176470588E-1));
#970=AXIS2_PLACEMENT_3D('',#967,#968,#969);
#972=CARTESIAN_POINT('',(9.539392014169E-1,-1.797872247670E-1,3.E-1));
#973=CARTESIAN_POINT('',(9.547016156066E-1,-1.797872247670E-1,
2.975756773892E-1));
#974=CARTESIAN_POINT('',(9.562050913140E-1,-1.801391301019E-1,
2.927301412546E-1));
#975=CARTESIAN_POINT('',(9.583654528675E-1,-1.817268206527E-1,
2.855757965493E-1));
#976=CARTESIAN_POINT('',(9.603611585754E-1,-1.843218903894E-1,
2.787861769251E-1));
#977=CARTESIAN_POINT('',(9.621437885186E-1,-1.877831023372E-1,
2.725659429698E-1));
#978=CARTESIAN_POINT('',(9.637490933029E-1,-1.921423706823E-1,
2.668299990826E-1));
#979=CARTESIAN_POINT('',(9.651314578766E-1,-1.972846888132E-1,
2.617803546228E-1));
#980=CARTESIAN_POINT('',(9.662628768684E-1,-2.030291762005E-1,
2.575675824201E-1));
#981=CARTESIAN_POINT('',(9.671393132949E-1,-2.092030405522E-1,
2.542527779978E-1));
#982=CARTESIAN_POINT('',(9.677804870888E-1,-2.158765871371E-1,
2.517980867291E-1));
#983=CARTESIAN_POINT('',(9.681630129466E-1,-2.228196352520E-1,
2.503211081314E-1));
#984=CARTESIAN_POINT('',(9.682458365519E-1,-2.274727569214E-1,2.5E-1));
#985=CARTESIAN_POINT('',(9.682458365519E-1,-2.297872247670E-1,2.5E-1));
#987=CARTESIAN_POINT('',(8.124038404636E-1,-2.297872247670E-1,2.5E-1));
#988=CARTESIAN_POINT('',(8.124038404636E-1,-2.274904326276E-1,2.5E-1));
#989=CARTESIAN_POINT('',(8.123066307174E-1,-2.228699626361E-1,
2.503162271701E-1));
#990=CARTESIAN_POINT('',(8.118565488626E-1,-2.159657045219E-1,
2.517742926388E-1));
#991=CARTESIAN_POINT('',(8.111003682910E-1,-2.093172902912E-1,
2.542029529930E-1));
#992=CARTESIAN_POINT('',(8.100644998704E-1,-2.031564283410E-1,
2.574889632934E-1));
#993=CARTESIAN_POINT('',(8.087254657463E-1,-1.974167775772E-1,
2.616694932148E-1));
#994=CARTESIAN_POINT('',(8.070840472160E-1,-1.922617746442E-1,
2.666948713039E-1));
#995=CARTESIAN_POINT('',(8.051704451162E-1,-1.878765790005E-1,
2.724221258054E-1));
#996=CARTESIAN_POINT('',(8.030390442474E-1,-1.843858683415E-1,
2.786469889094E-1));
#997=CARTESIAN_POINT('',(8.006450264986E-1,-1.817603205940E-1,
2.854579132415E-1));
#998=CARTESIAN_POINT('',(7.980422620904E-1,-1.801468447092E-1,
2.926579655414E-1));
#999=CARTESIAN_POINT('',(7.962233179474E-1,-1.797872247670E-1,
2.975488048350E-1));
#1000=CARTESIAN_POINT('',(7.952986860293E-1,-1.797872247670E-1,3.E-1));
#1002=CARTESIAN_POINT('',(7.952986860293E-1,-1.797872247670E-1,-3.E-1));
#1003=CARTESIAN_POINT('',(7.962233179474E-1,-1.797872247670E-1,
-2.975488048350E-1));
#1004=CARTESIAN_POINT('',(7.980422620904E-1,-1.801468447092E-1,
-2.926579655414E-1));
#1005=CARTESIAN_POINT('',(8.006450264986E-1,-1.817603205940E-1,
-2.854579132415E-1));
#1006=CARTESIAN_POINT('',(8.030390442474E-1,-1.843858683415E-1,
-2.786469889094E-1));
#1007=CARTESIAN_POINT('',(8.051704451162E-1,-1.878765790005E-1,
-2.724221258054E-1));
#1008=CARTESIAN_POINT('',(8.070840472160E-1,-1.922617746442E-1,
-2.666948713039E-1));
#1009=CARTESIAN_POINT('',(8.087254657463E-1,-1.974167775772E-1,
-2.616694932148E-1));
#1010=CARTESIAN_POINT('',(8.100644998704E-1,-2.031564283410E-1,
-2.574889632934E-1));
#1011=CARTESIAN_POINT('',(8.111003682910E-1,-2.093172902912E-1,
-2.542029529930E-1));
#1012=CARTESIAN_POINT('',(8.118565488626E-1,-2.159657045219E-1,
-2.517742926388E-1));
#1013=CARTESIAN_POINT('',(8.123066307174E-1,-2.228699626361E-1,
-2.503162271701E-1));
#1014=CARTESIAN_POINT('',(8.124038404636E-1,-2.274904326276E-1,-2.5E-1));
#1015=CARTESIAN_POINT('',(8.124038404636E-1,-2.297872247670E-1,-2.5E-1));
#1017=CARTESIAN_POINT('',(9.682458365519E-1,-2.297872247670E-1,-2.5E-1));
#1018=CARTESIAN_POINT('',(9.682458365519E-1,-2.274727569214E-1,-2.5E-1));
#1019=CARTESIAN_POINT('',(9.681630129466E-1,-2.228196352520E-1,
-2.503211081314E-1));
#1020=CARTESIAN_POINT('',(9.677804870888E-1,-2.158765871371E-1,
-2.517980867291E-1));
#1021=CARTESIAN_POINT('',(9.671393132949E-1,-2.092030405522E-1,
-2.542527779978E-1));
#1022=CARTESIAN_POINT('',(9.662628768684E-1,-2.030291762005E-1,
-2.575675824201E-1));
#1023=CARTESIAN_POINT('',(9.651314578766E-1,-1.972846888132E-1,
-2.617803546228E-1));
#1024=CARTESIAN_POINT('',(9.637490933029E-1,-1.921423706823E-1,
-2.668299990826E-1));
#1025=CARTESIAN_POINT('',(9.621437885186E-1,-1.877831023372E-1,
-2.725659429698E-1));
#1026=CARTESIAN_POINT('',(9.603611585754E-1,-1.843218903894E-1,
-2.787861769251E-1));
#1027=CARTESIAN_POINT('',(9.583654528675E-1,-1.817268206527E-1,
-2.855757965493E-1));
#1028=CARTESIAN_POINT('',(9.562050913140E-1,-1.801391301019E-1,
-2.927301412546E-1));
#1029=CARTESIAN_POINT('',(9.547016156066E-1,-1.797872247670E-1,
-2.975756773892E-1));
#1030=CARTESIAN_POINT('',(9.539392014169E-1,-1.797872247670E-1,-3.E-1));
#1032=CARTESIAN_POINT('',(0.E0,-1.897872247670E-1,0.E0));
#1033=DIRECTION('',(0.E0,1.E0,0.E0));
#1034=DIRECTION('',(-3.2E-1,0.E0,9.474175425862E-1));
#1035=AXIS2_PLACEMENT_3D('',#1032,#1033,#1034);
#1037=DIRECTION('',(0.E0,0.E0,1.E0));
#1038=VECTOR('',#1037,5.542088572396E-1);
#1039=CARTESIAN_POINT('',(-3.E-1,-2.297872247670E-1,9.957911427604E-1));
#1040=LINE('',#1039,#1038);
#1041=CARTESIAN_POINT('',(0.E0,-2.297872247670E-1,0.E0));
#1042=DIRECTION('',(0.E0,1.E0,0.E0));
#1043=DIRECTION('',(-2.884615384615E-1,0.E0,9.574914834234E-1));
#1044=AXIS2_PLACEMENT_3D('',#1041,#1042,#1043);
#1046=DIRECTION('',(1.876451252207E-12,0.E0,1.E0));
#1047=VECTOR('',#1046,5.542088588462E-1);
#1048=CARTESIAN_POINT('',(2.999999999990E-1,-2.297872247670E-1,
9.957911411538E-1));
#1049=LINE('',#1048,#1047);
#1050=DIRECTION('',(1.E0,0.E0,0.E0));
#1051=VECTOR('',#1050,6.E-1);
#1052=CARTESIAN_POINT('',(-3.E-1,-2.297872247670E-1,1.55E0));
#1053=LINE('',#1052,#1051);
#1054=DIRECTION('',(0.E0,0.E0,-1.E0));
#1055=VECTOR('',#1054,1.959429402350E-1);
#1056=CARTESIAN_POINT('',(-3.E-1,-2.297872247670E-1,9.957911427604E-1));
#1057=LINE('',#1056,#1055);
#1058=DIRECTION('',(0.E0,1.E0,0.E0));
#1059=VECTOR('',#1058,1.5E-1);
#1060=CARTESIAN_POINT('',(-3.E-1,-3.797872247670E-1,1.55E0));
#1061=LINE('',#1060,#1059);
#1062=DIRECTION('',(-5.307674905754E-12,1.331522394291E-14,1.E0));
#1063=VECTOR('',#1062,1.959429386284E-1);
#1064=CARTESIAN_POINT('',(3.E-1,-2.297872247670E-1,7.998482025254E-1));
#1065=LINE('',#1064,#1063);
#1066=DIRECTION('',(0.E0,1.E0,0.E0));
#1067=VECTOR('',#1066,1.5E-1);
#1068=CARTESIAN_POINT('',(3.E-1,-3.797872247670E-1,1.55E0));
#1069=LINE('',#1068,#1067);
#1070=DIRECTION('',(0.E0,0.E0,1.E0));
#1071=VECTOR('',#1070,5.542088572396E-1);
#1072=CARTESIAN_POINT('',(-3.E-1,-3.797872247670E-1,9.957911427604E-1));
#1073=LINE('',#1072,#1071);
#1074=DIRECTION('',(1.E0,0.E0,0.E0));
#1075=VECTOR('',#1074,6.E-1);
#1076=CARTESIAN_POINT('',(-3.E-1,-3.797872247670E-1,1.55E0));
#1077=LINE('',#1076,#1075);
#1078=DIRECTION('',(0.E0,0.E0,1.E0));
#1079=VECTOR('',#1078,5.542088572396E-1);
#1080=CARTESIAN_POINT('',(3.E-1,-3.797872247670E-1,9.957911427604E-1));
#1081=LINE('',#1080,#1079);
#1082=VERTEX_POINT('',#903);
#1083=VERTEX_POINT('',#919);
#1084=VERTEX_POINT('',#844);
#1085=VERTEX_POINT('',#860);
#1086=VERTEX_POINT('',#862);
#1087=VERTEX_POINT('',#876);
#1088=VERTEX_POINT('',#878);
#1089=VERTEX_POINT('',#892);
#1090=CARTESIAN_POINT('',(-3.E-1,-2.297872247670E-1,1.55E0));
#1091=CARTESIAN_POINT('',(3.E-1,-2.297872247670E-1,1.55E0));
#1092=VERTEX_POINT('',#1090);
#1093=VERTEX_POINT('',#1091);
#1094=CARTESIAN_POINT('',(-3.E-1,-3.797872247670E-1,9.957911427604E-1));
#1095=CARTESIAN_POINT('',(-3.E-1,-3.797872247670E-1,1.55E0));
#1096=VERTEX_POINT('',#1094);
#1097=VERTEX_POINT('',#1095);
#1098=CARTESIAN_POINT('',(3.E-1,-3.797872247670E-1,1.55E0));
#1099=VERTEX_POINT('',#1098);
#1100=CARTESIAN_POINT('',(3.E-1,-3.797872247670E-1,9.957911427604E-1));
#1101=VERTEX_POINT('',#1100);
#1102=CARTESIAN_POINT('',(3.5E-1,-1.797872247670E-1,7.745966692415E-1));
#1103=CARTESIAN_POINT('',(3.5E-1,-1.797872247670E-1,9.367496997598E-1));
#1104=VERTEX_POINT('',#1102);
#1105=VERTEX_POINT('',#1103);
#1106=CARTESIAN_POINT('',(3.E-1,-2.297872247670E-1,7.998482025254E-1));
#1107=CARTESIAN_POINT('',(2.999999999990E-1,-2.297872247670E-1,
9.957911411538E-1));
#1108=VERTEX_POINT('',#1106);
#1109=VERTEX_POINT('',#1107);
#1110=CARTESIAN_POINT('',(-3.499995765005E-1,-1.797872247670E-1,
9.367498601033E-1));
#1111=CARTESIAN_POINT('',(-3.499995765033E-1,-1.797872247670E-1,
7.745968632738E-1));
#1112=VERTEX_POINT('',#1110);
#1113=VERTEX_POINT('',#1111);
#1114=CARTESIAN_POINT('',(-3.E-1,-2.297872247670E-1,9.957911427604E-1));
#1115=CARTESIAN_POINT('',(-3.E-1,-2.297872247670E-1,7.998482025254E-1));
#1116=VERTEX_POINT('',#1114);
#1117=VERTEX_POINT('',#1115);
#1118=CARTESIAN_POINT('',(9.539392014169E-1,-1.797872247670E-1,3.E-1));
#1119=CARTESIAN_POINT('',(7.952986860293E-1,-1.797872247670E-1,3.E-1));
#1120=VERTEX_POINT('',#1118);
#1121=VERTEX_POINT('',#1119);
#1122=CARTESIAN_POINT('',(9.682458365519E-1,-2.297872247670E-1,2.5E-1));
#1123=CARTESIAN_POINT('',(8.124038404636E-1,-2.297872247670E-1,2.5E-1));
#1124=VERTEX_POINT('',#1122);
#1125=VERTEX_POINT('',#1123);
#1126=CARTESIAN_POINT('',(7.952986860293E-1,-1.797872247670E-1,-3.E-1));
#1127=CARTESIAN_POINT('',(9.539392014169E-1,-1.797872247670E-1,-3.E-1));
#1128=VERTEX_POINT('',#1126);
#1129=VERTEX_POINT('',#1127);
#1130=CARTESIAN_POINT('',(8.124038404636E-1,-2.297872247670E-1,-2.5E-1));
#1131=CARTESIAN_POINT('',(9.682458365519E-1,-2.297872247670E-1,-2.5E-1));
#1132=VERTEX_POINT('',#1130);
#1133=VERTEX_POINT('',#1131);
#1134=CARTESIAN_POINT('',(-7.952986860293E-1,-1.797872247670E-1,3.E-1));
#1135=CARTESIAN_POINT('',(-9.539392014169E-1,-1.797872247670E-1,3.E-1));
#1136=VERTEX_POINT('',#1134);
#1137=VERTEX_POINT('',#1135);
#1138=CARTESIAN_POINT('',(-8.124038404636E-1,-2.297872247670E-1,2.5E-1));
#1139=CARTESIAN_POINT('',(-9.682458365519E-1,-2.297872247670E-1,2.5E-1));
#1140=VERTEX_POINT('',#1138);
#1141=VERTEX_POINT('',#1139);
#1142=CARTESIAN_POINT('',(-9.539392014169E-1,-1.797872247670E-1,-3.E-1));
#1143=CARTESIAN_POINT('',(-7.952986860293E-1,-1.797872247670E-1,-3.E-1));
#1144=VERTEX_POINT('',#1142);
#1145=VERTEX_POINT('',#1143);
#1146=CARTESIAN_POINT('',(-9.682458365519E-1,-2.297872247670E-1,-2.5E-1));
#1147=CARTESIAN_POINT('',(-8.124038404636E-1,-2.297872247670E-1,-2.5E-1));
#1148=VERTEX_POINT('',#1146);
#1149=VERTEX_POINT('',#1147);
#1150=VERTEX_POINT('',#225);
#1151=VERTEX_POINT('',#251);
#1152=VERTEX_POINT('',#137);
#1153=VERTEX_POINT('',#163);
#1154=CARTESIAN_POINT('',(1.5E0,-5.297872247670E-1,8.5E-1));
#1155=CARTESIAN_POINT('',(1.45E0,-5.297872247670E-1,9.E-1));
#1156=VERTEX_POINT('',#1154);
#1157=VERTEX_POINT('',#1155);
#1158=CARTESIAN_POINT('',(1.45E0,-3.797872247670E-1,9.E-1));
#1159=VERTEX_POINT('',#1158);
#1160=CARTESIAN_POINT('',(1.5E0,-3.797872247670E-1,8.5E-1));
#1161=VERTEX_POINT('',#1160);
#1162=CARTESIAN_POINT('',(1.15E0,-5.297872247670E-1,9.E-1));
#1163=CARTESIAN_POINT('',(1.1E0,-5.297872247670E-1,8.5E-1));
#1164=VERTEX_POINT('',#1162);
#1165=VERTEX_POINT('',#1163);
#1166=CARTESIAN_POINT('',(1.1E0,-3.797872247670E-1,8.5E-1));
#1167=VERTEX_POINT('',#1166);
#1168=CARTESIAN_POINT('',(1.15E0,-3.797872247670E-1,9.E-1));
#1169=VERTEX_POINT('',#1168);
#1170=CARTESIAN_POINT('',(1.45E0,-5.297872247670E-1,-9.E-1));
#1171=CARTESIAN_POINT('',(1.5E0,-5.297872247670E-1,-8.5E-1));
#1172=VERTEX_POINT('',#1170);
#1173=VERTEX_POINT('',#1171);
#1174=CARTESIAN_POINT('',(1.5E0,-3.797872247670E-1,-8.5E-1));
#1175=VERTEX_POINT('',#1174);
#1176=CARTESIAN_POINT('',(1.45E0,-3.797872247670E-1,-9.E-1));
#1177=VERTEX_POINT('',#1176);
#1178=CARTESIAN_POINT('',(1.1E0,-5.297872247670E-1,-8.5E-1));
#1179=CARTESIAN_POINT('',(1.15E0,-5.297872247670E-1,-9.E-1));
#1180=VERTEX_POINT('',#1178);
#1181=VERTEX_POINT('',#1179);
#1182=CARTESIAN_POINT('',(1.15E0,-3.797872247670E-1,-9.E-1));
#1183=VERTEX_POINT('',#1182);
#1184=CARTESIAN_POINT('',(1.1E0,-3.797872247670E-1,-8.5E-1));
#1185=VERTEX_POINT('',#1184);
#1186=CARTESIAN_POINT('',(-1.15E0,-5.297872247670E-1,-9.E-1));
#1187=CARTESIAN_POINT('',(-1.1E0,-5.297872247670E-1,-8.5E-1));
#1188=VERTEX_POINT('',#1186);
#1189=VERTEX_POINT('',#1187);
#1190=CARTESIAN_POINT('',(-1.1E0,-3.797872247670E-1,-8.5E-1));
#1191=VERTEX_POINT('',#1190);
#1192=CARTESIAN_POINT('',(-1.15E0,-3.797872247670E-1,-9.E-1));
#1193=VERTEX_POINT('',#1192);
#1194=CARTESIAN_POINT('',(-1.5E0,-5.297872247670E-1,-8.5E-1));
#1195=CARTESIAN_POINT('',(-1.45E0,-5.297872247670E-1,-9.E-1));
#1196=VERTEX_POINT('',#1194);
#1197=VERTEX_POINT('',#1195);
#1198=CARTESIAN_POINT('',(-1.45E0,-3.797872247670E-1,-9.E-1));
#1199=VERTEX_POINT('',#1198);
#1200=CARTESIAN_POINT('',(-1.5E0,-3.797872247670E-1,-8.5E-1));
#1201=VERTEX_POINT('',#1200);
#1202=CARTESIAN_POINT('',(-1.45E0,-5.297872247670E-1,9.E-1));
#1203=CARTESIAN_POINT('',(-1.5E0,-5.297872247670E-1,8.5E-1));
#1204=VERTEX_POINT('',#1202);
#1205=VERTEX_POINT('',#1203);
#1206=CARTESIAN_POINT('',(-1.5E0,-3.797872247670E-1,8.5E-1));
#1207=VERTEX_POINT('',#1206);
#1208=CARTESIAN_POINT('',(-1.45E0,-3.797872247670E-1,9.E-1));
#1209=VERTEX_POINT('',#1208);
#1210=CARTESIAN_POINT('',(-1.1E0,-5.297872247670E-1,8.5E-1));
#1211=CARTESIAN_POINT('',(-1.15E0,-5.297872247670E-1,9.E-1));
#1212=VERTEX_POINT('',#1210);
#1213=VERTEX_POINT('',#1211);
#1214=CARTESIAN_POINT('',(-1.15E0,-3.797872247670E-1,9.E-1));
#1215=VERTEX_POINT('',#1214);
#1216=CARTESIAN_POINT('',(-1.1E0,-3.797872247670E-1,8.5E-1));
#1217=VERTEX_POINT('',#1216);
#1218=CARTESIAN_POINT('',(1.1E0,-5.297872247670E-1,3.E-1));
#1219=CARTESIAN_POINT('',(1.1E0,-3.797872247670E-1,3.E-1));
#1220=VERTEX_POINT('',#1218);
#1221=VERTEX_POINT('',#1219);
#1222=CARTESIAN_POINT('',(1.05E0,-5.297872247670E-1,2.5E-1));
#1223=CARTESIAN_POINT('',(1.05E0,-3.797872247670E-1,2.5E-1));
#1224=VERTEX_POINT('',#1222);
#1225=VERTEX_POINT('',#1223);
#1226=CARTESIAN_POINT('',(1.1E0,-3.797872247670E-1,-3.E-1));
#1227=CARTESIAN_POINT('',(1.05E0,-3.797872247670E-1,-2.5E-1));
#1228=VERTEX_POINT('',#1226);
#1229=VERTEX_POINT('',#1227);
#1230=CARTESIAN_POINT('',(1.05E0,-5.297872247670E-1,-2.5E-1));
#1231=CARTESIAN_POINT('',(1.1E0,-5.297872247670E-1,-3.E-1));
#1232=VERTEX_POINT('',#1230);
#1233=VERTEX_POINT('',#1231);
#1234=CARTESIAN_POINT('',(-1.1E0,-3.797872247670E-1,3.E-1));
#1235=CARTESIAN_POINT('',(-1.05E0,-3.797872247670E-1,2.5E-1));
#1236=VERTEX_POINT('',#1234);
#1237=VERTEX_POINT('',#1235);
#1238=CARTESIAN_POINT('',(-1.05E0,-5.297872247670E-1,2.5E-1));
#1239=VERTEX_POINT('',#1238);
#1240=CARTESIAN_POINT('',(-1.1E0,-5.297872247670E-1,3.E-1));
#1241=VERTEX_POINT('',#1240);
#1242=CARTESIAN_POINT('',(-1.1E0,-5.297872247670E-1,-3.E-1));
#1243=CARTESIAN_POINT('',(-1.1E0,-3.797872247670E-1,-3.E-1));
#1244=VERTEX_POINT('',#1242);
#1245=VERTEX_POINT('',#1243);
#1246=CARTESIAN_POINT('',(-1.05E0,-5.297872247670E-1,-2.5E-1));
#1247=CARTESIAN_POINT('',(-1.05E0,-3.797872247670E-1,-2.5E-1));
#1248=VERTEX_POINT('',#1246);
#1249=VERTEX_POINT('',#1247);
#1250=CARTESIAN_POINT('',(-1.019803902719E0,-5.297872247670E-1,-2.5E-1));
#1251=CARTESIAN_POINT('',(-1.019803902719E0,-5.297872247670E-1,2.5E-1));
#1252=VERTEX_POINT('',#1250);
#1253=VERTEX_POINT('',#1251);
#1254=CARTESIAN_POINT('',(-1.019803902719E0,-3.797872247670E-1,-2.5E-1));
#1255=CARTESIAN_POINT('',(-1.019803902719E0,-3.797872247670E-1,2.5E-1));
#1256=VERTEX_POINT('',#1254);
#1257=VERTEX_POINT('',#1255);
#1258=CARTESIAN_POINT('',(-8.124038404636E-1,-3.297872247670E-1,-2.5E-1));
#1259=CARTESIAN_POINT('',(-8.124038404636E-1,-3.297872247670E-1,2.5E-1));
#1260=VERTEX_POINT('',#1258);
#1261=VERTEX_POINT('',#1259);
#1262=VERTEX_POINT('',#795);
#1263=VERTEX_POINT('',#802);
#1264=CARTESIAN_POINT('',(1.E-2,-1.797872247670E-1,-9.999499987499E-1));
#1265=VERTEX_POINT('',#1264);
#1266=CARTESIAN_POINT('',(1.E-2,-1.797872247670E-1,-8.499411744350E-1));
#1267=VERTEX_POINT('',#1266);
#1268=CARTESIAN_POINT('',(-1.E-2,-1.797872247670E-1,-8.499411744350E-1));
#1269=VERTEX_POINT('',#1268);
#1270=CARTESIAN_POINT('',(-1.E-2,-1.797872247670E-1,-9.999499987499E-1));
#1271=VERTEX_POINT('',#1270);
#1272=CARTESIAN_POINT('',(-1.E-2,6.702127752330E-1,-8.499411744350E-1));
#1273=CARTESIAN_POINT('',(1.E-2,6.702127752330E-1,-8.499411744350E-1));
#1274=VERTEX_POINT('',#1272);
#1275=VERTEX_POINT('',#1273);
#1276=CARTESIAN_POINT('',(1.E-2,7.202127752330E-1,-8.999444427297E-1));
#1277=CARTESIAN_POINT('',(-1.E-2,7.202127752330E-1,-8.999444427297E-1));
#1278=VERTEX_POINT('',#1276);
#1279=VERTEX_POINT('',#1277);
#1280=CARTESIAN_POINT('',(-1.E-2,7.202127752330E-1,-9.499473669630E-1));
#1281=CARTESIAN_POINT('',(1.E-2,7.202127752330E-1,-9.499473669630E-1));
#1282=VERTEX_POINT('',#1280);
#1283=VERTEX_POINT('',#1281);
#1284=CARTESIAN_POINT('',(1.E-2,6.202127752330E-1,-9.999499987499E-1));
#1285=CARTESIAN_POINT('',(-1.E-2,6.202127752330E-1,-9.999499987499E-1));
#1286=VERTEX_POINT('',#1284);
#1287=VERTEX_POINT('',#1285);
#1288=CARTESIAN_POINT('',(1.E-2,2.302127752502E-1,-9.999499987499E-1));
#1289=VERTEX_POINT('',#1288);
#1290=CARTESIAN_POINT('',(-1.E-2,2.302127752502E-1,-9.999499987499E-1));
#1291=VERTEX_POINT('',#1290);
#1292=CARTESIAN_POINT('',(1.E-2,1.021277523303E-2,-9.999499987499E-1));
#1293=CARTESIAN_POINT('',(-1.E-2,1.021277523303E-2,-9.999499987499E-1));
#1294=VERTEX_POINT('',#1292);
#1295=VERTEX_POINT('',#1293);
#1296=VERTEX_POINT('',#314);
#1297=VERTEX_POINT('',#331);
#1298=CARTESIAN_POINT('',(-1.E-2,7.021277523303E-2,-9.299462350050E-1));
#1299=VERTEX_POINT('',#1298);
#1300=CARTESIAN_POINT('',(1.E-2,7.021277523303E-2,-9.299462350050E-1));
#1301=VERTEX_POINT('',#1300);
#1302=CARTESIAN_POINT('',(0.E0,7.827127752330E-1,0.E0));
#1303=DIRECTION('',(0.E0,-1.E0,0.E0));
#1304=DIRECTION('',(0.E0,0.E0,1.E0));
#1305=AXIS2_PLACEMENT_3D('',#1302,#1303,#1304);
#1306=CYLINDRICAL_SURFACE('',#1305,8.5E-1);
#1308=ORIENTED_EDGE('',*,*,#1307,.F.);
#1310=ORIENTED_EDGE('',*,*,#1309,.T.);
#1312=ORIENTED_EDGE('',*,*,#1311,.F.);
#1314=ORIENTED_EDGE('',*,*,#1313,.F.);
#1316=ORIENTED_EDGE('',*,*,#1315,.T.);
#1318=ORIENTED_EDGE('',*,*,#1317,.T.);
#1320=ORIENTED_EDGE('',*,*,#1319,.F.);
#1322=ORIENTED_EDGE('',*,*,#1321,.F.);
#1324=ORIENTED_EDGE('',*,*,#1323,.F.);
#1326=ORIENTED_EDGE('',*,*,#1325,.F.);
#1328=ORIENTED_EDGE('',*,*,#1327,.F.);
#1330=ORIENTED_EDGE('',*,*,#1329,.F.);
#1332=ORIENTED_EDGE('',*,*,#1331,.F.);
#1334=ORIENTED_EDGE('',*,*,#1333,.F.);
#1336=ORIENTED_EDGE('',*,*,#1335,.T.);
#1338=ORIENTED_EDGE('',*,*,#1337,.F.);
#1340=ORIENTED_EDGE('',*,*,#1339,.F.);
#1342=ORIENTED_EDGE('',*,*,#1341,.F.);
#1344=ORIENTED_EDGE('',*,*,#1343,.F.);
#1346=ORIENTED_EDGE('',*,*,#1345,.F.);
#1347=EDGE_LOOP('',(#1308,#1310,#1312,#1314,#1316,#1318,#1320,#1322,#1324,#1326,
#1328,#1330,#1332,#1334,#1336,#1338,#1340,#1342,#1344,#1346));
#1348=FACE_OUTER_BOUND('',#1347,.F.);
#1350=CARTESIAN_POINT('',(0.E0,6.702127752330E-1,0.E0));
#1351=DIRECTION('',(0.E0,-1.E0,0.E0));
#1352=DIRECTION('',(1.739434416969E-3,0.E0,-9.999984871828E-1));
#1353=AXIS2_PLACEMENT_3D('',#1350,#1351,#1352);
#1354=TOROIDAL_SURFACE('',#1353,9.E-1,5.E-2);
#1355=ORIENTED_EDGE('',*,*,#1307,.T.);
#1357=ORIENTED_EDGE('',*,*,#1356,.F.);
#1359=ORIENTED_EDGE('',*,*,#1358,.T.);
#1361=ORIENTED_EDGE('',*,*,#1360,.F.);
#1362=EDGE_LOOP('',(#1355,#1357,#1359,#1361));
#1363=FACE_OUTER_BOUND('',#1362,.F.);
#1365=CARTESIAN_POINT('',(1.E-2,-1.797872247670E-1,-1.E0));
#1366=DIRECTION('',(1.E0,0.E0,0.E0));
#1367=DIRECTION('',(0.E0,1.E0,0.E0));
#1368=AXIS2_PLACEMENT_3D('',#1365,#1366,#1367);
#1369=PLANE('',#1368);
#1370=ORIENTED_EDGE('',*,*,#1345,.T.);
#1372=ORIENTED_EDGE('',*,*,#1371,.F.);
#1374=ORIENTED_EDGE('',*,*,#1373,.F.);
#1376=ORIENTED_EDGE('',*,*,#1375,.T.);
#1378=ORIENTED_EDGE('',*,*,#1377,.F.);
#1380=ORIENTED_EDGE('',*,*,#1379,.F.);
#1382=ORIENTED_EDGE('',*,*,#1381,.F.);
#1384=ORIENTED_EDGE('',*,*,#1383,.T.);
#1386=ORIENTED_EDGE('',*,*,#1385,.T.);
#1387=ORIENTED_EDGE('',*,*,#1356,.T.);
#1388=EDGE_LOOP('',(#1370,#1372,#1374,#1376,#1378,#1380,#1382,#1384,#1386,
#1387));
#1389=FACE_OUTER_BOUND('',#1388,.F.);
#1391=CARTESIAN_POINT('',(0.E0,-1.797872247670E-1,0.E0));
#1392=DIRECTION('',(0.E0,-1.E0,0.E0));
#1393=DIRECTION('',(1.E0,0.E0,0.E0));
#1394=AXIS2_PLACEMENT_3D('',#1391,#1392,#1393);
#1395=PLANE('',#1394);
#1397=ORIENTED_EDGE('',*,*,#1396,.T.);
#1399=ORIENTED_EDGE('',*,*,#1398,.T.);
#1401=ORIENTED_EDGE('',*,*,#1400,.T.);
#1402=ORIENTED_EDGE('',*,*,#1331,.T.);
#1403=EDGE_LOOP('',(#1397,#1399,#1401,#1402));
#1404=FACE_OUTER_BOUND('',#1403,.F.);
#1406=CARTESIAN_POINT('',(0.E0,-1.797872247670E-1,0.E0));
#1407=DIRECTION('',(0.E0,-1.E0,0.E0));
#1408=DIRECTION('',(1.E0,0.E0,0.E0));
#1409=AXIS2_PLACEMENT_3D('',#1406,#1407,#1408);
#1410=PLANE('',#1409);
#1412=ORIENTED_EDGE('',*,*,#1411,.T.);
#1413=ORIENTED_EDGE('',*,*,#1323,.T.);
#1415=ORIENTED_EDGE('',*,*,#1414,.T.);
#1417=ORIENTED_EDGE('',*,*,#1416,.T.);
#1418=EDGE_LOOP('',(#1412,#1413,#1415,#1417));
#1419=FACE_OUTER_BOUND('',#1418,.F.);
#1421=CARTESIAN_POINT('',(0.E0,-1.797872247670E-1,0.E0));
#1422=DIRECTION('',(0.E0,-1.E0,0.E0));
#1423=DIRECTION('',(1.E0,0.E0,0.E0));
#1424=AXIS2_PLACEMENT_3D('',#1421,#1422,#1423);
#1425=PLANE('',#1424);
#1427=ORIENTED_EDGE('',*,*,#1426,.F.);
#1428=ORIENTED_EDGE('',*,*,#1371,.T.);
#1429=ORIENTED_EDGE('',*,*,#1343,.T.);
#1431=ORIENTED_EDGE('',*,*,#1430,.T.);
#1432=EDGE_LOOP('',(#1427,#1428,#1429,#1431));
#1433=FACE_OUTER_BOUND('',#1432,.F.);
#1435=CARTESIAN_POINT('',(0.E0,-1.797872247670E-1,0.E0));
#1436=DIRECTION('',(0.E0,-1.E0,0.E0));
#1437=DIRECTION('',(1.E0,0.E0,0.E0));
#1438=AXIS2_PLACEMENT_3D('',#1435,#1436,#1437);
#1439=PLANE('',#1438);
#1440=ORIENTED_EDGE('',*,*,#1311,.T.);
#1442=ORIENTED_EDGE('',*,*,#1441,.F.);
#1444=ORIENTED_EDGE('',*,*,#1443,.F.);
#1446=ORIENTED_EDGE('',*,*,#1445,.T.);
#1447=EDGE_LOOP('',(#1440,#1442,#1444,#1446));
#1448=FACE_OUTER_BOUND('',#1447,.F.);
#1450=CARTESIAN_POINT('',(3.5E-1,-2.297872247670E-1,-1.006778863124E0));
#1451=DIRECTION('',(0.E0,0.E0,1.E0));
#1452=DIRECTION('',(0.E0,1.E0,0.E0));
#1453=AXIS2_PLACEMENT_3D('',#1450,#1451,#1452);
#1454=CYLINDRICAL_SURFACE('',#1453,5.E-2);
#1455=ORIENTED_EDGE('',*,*,#1396,.F.);
#1456=ORIENTED_EDGE('',*,*,#1329,.T.);
#1458=ORIENTED_EDGE('',*,*,#1457,.T.);
#1460=ORIENTED_EDGE('',*,*,#1459,.T.);
#1462=ORIENTED_EDGE('',*,*,#1461,.T.);
#1464=ORIENTED_EDGE('',*,*,#1463,.T.);
#1465=EDGE_LOOP('',(#1455,#1456,#1458,#1460,#1462,#1464));
#1466=FACE_OUTER_BOUND('',#1465,.F.);
#1468=CARTESIAN_POINT('',(0.E0,-1.897872247670E-1,0.E0));
#1469=DIRECTION('',(0.E0,-1.E0,0.E0));
#1470=DIRECTION('',(-3.826834323651E-1,0.E0,9.238795325113E-1));
#1471=AXIS2_PLACEMENT_3D('',#1468,#1469,#1470);
#1472=TOROIDAL_SURFACE('',#1471,1.04E0,1.9E-1);
#1473=ORIENTED_EDGE('',*,*,#1327,.T.);
#1475=ORIENTED_EDGE('',*,*,#1474,.F.);
#1477=ORIENTED_EDGE('',*,*,#1476,.F.);
#1479=ORIENTED_EDGE('',*,*,#1478,.T.);
#1481=ORIENTED_EDGE('',*,*,#1480,.F.);
#1482=ORIENTED_EDGE('',*,*,#1457,.F.);
#1483=EDGE_LOOP('',(#1473,#1475,#1477,#1479,#1481,#1482));
#1484=FACE_OUTER_BOUND('',#1483,.F.);
#1486=CARTESIAN_POINT('',(-3.5E-1,-2.297872247670E-1,1.556922161571E0));
#1487=DIRECTION('',(0.E0,0.E0,-1.E0));
#1488=DIRECTION('',(0.E0,1.E0,0.E0));
#1489=AXIS2_PLACEMENT_3D('',#1486,#1487,#1488);
#1490=CYLINDRICAL_SURFACE('',#1489,5.E-2);
#1491=ORIENTED_EDGE('',*,*,#1411,.F.);
#1493=ORIENTED_EDGE('',*,*,#1492,.T.);
#1495=ORIENTED_EDGE('',*,*,#1494,.T.);
#1497=ORIENTED_EDGE('',*,*,#1496,.T.);
#1498=ORIENTED_EDGE('',*,*,#1474,.T.);
#1499=ORIENTED_EDGE('',*,*,#1325,.T.);
#1500=EDGE_LOOP('',(#1491,#1493,#1495,#1497,#1498,#1499));
#1501=FACE_OUTER_BOUND('',#1500,.F.);
#1503=CARTESIAN_POINT('',(0.E0,7.827127752330E-1,0.E0));
#1504=DIRECTION('',(0.E0,-1.E0,0.E0));
#1505=DIRECTION('',(0.E0,0.E0,1.E0));
#1506=AXIS2_PLACEMENT_3D('',#1503,#1504,#1505);
#1507=CYLINDRICAL_SURFACE('',#1506,1.E0);
#1509=ORIENTED_EDGE('',*,*,#1508,.F.);
#1511=ORIENTED_EDGE('',*,*,#1510,.F.);
#1513=ORIENTED_EDGE('',*,*,#1512,.F.);
#1514=ORIENTED_EDGE('',*,*,#1381,.T.);
#1515=EDGE_LOOP('',(#1509,#1511,#1513,#1514));
#1516=FACE_OUTER_BOUND('',#1515,.F.);
#1518=CARTESIAN_POINT('',(0.E0,7.827127752330E-1,0.E0));
#1519=DIRECTION('',(0.E0,-1.E0,0.E0));
#1520=DIRECTION('',(0.E0,0.E0,1.E0));
#1521=AXIS2_PLACEMENT_3D('',#1518,#1519,#1520);
#1522=CYLINDRICAL_SURFACE('',#1521,1.E0);
#1523=ORIENTED_EDGE('',*,*,#1492,.F.);
#1524=ORIENTED_EDGE('',*,*,#1416,.F.);
#1526=ORIENTED_EDGE('',*,*,#1525,.F.);
#1528=ORIENTED_EDGE('',*,*,#1527,.T.);
#1530=ORIENTED_EDGE('',*,*,#1529,.F.);
#1532=ORIENTED_EDGE('',*,*,#1531,.F.);
#1534=ORIENTED_EDGE('',*,*,#1533,.F.);
#1535=ORIENTED_EDGE('',*,*,#1443,.T.);
#1537=ORIENTED_EDGE('',*,*,#1536,.F.);
#1539=ORIENTED_EDGE('',*,*,#1538,.F.);
#1540=ORIENTED_EDGE('',*,*,#1373,.T.);
#1541=ORIENTED_EDGE('',*,*,#1426,.T.);
#1543=ORIENTED_EDGE('',*,*,#1542,.F.);
#1545=ORIENTED_EDGE('',*,*,#1544,.T.);
#1547=ORIENTED_EDGE('',*,*,#1546,.T.);
#1549=ORIENTED_EDGE('',*,*,#1548,.F.);
#1551=ORIENTED_EDGE('',*,*,#1550,.F.);
#1552=ORIENTED_EDGE('',*,*,#1398,.F.);
#1553=ORIENTED_EDGE('',*,*,#1463,.F.);
#1555=ORIENTED_EDGE('',*,*,#1554,.F.);
#1556=EDGE_LOOP('',(#1523,#1524,#1526,#1528,#1530,#1532,#1534,#1535,#1537,#1539,
#1540,#1541,#1543,#1545,#1547,#1549,#1551,#1552,#1553,#1555));
#1557=FACE_OUTER_BOUND('',#1556,.F.);
#1559=CARTESIAN_POINT('',(0.E0,2.002127752330E-1,0.E0));
#1560=DIRECTION('',(0.E0,1.E0,0.E0));
#1561=DIRECTION('',(1.E0,0.E0,0.E0));
#1562=AXIS2_PLACEMENT_3D('',#1559,#1560,#1561);
#1563=CONICAL_SURFACE('',#1562,9.65E-1,4.939870535500E1);
#1565=ORIENTED_EDGE('',*,*,#1564,.F.);
#1567=ORIENTED_EDGE('',*,*,#1566,.T.);
#1568=ORIENTED_EDGE('',*,*,#1508,.T.);
#1569=ORIENTED_EDGE('',*,*,#1379,.T.);
#1570=EDGE_LOOP('',(#1565,#1567,#1568,#1569));
#1571=FACE_OUTER_BOUND('',#1570,.F.);
#1573=CARTESIAN_POINT('',(0.E0,2.412127752330E-1,0.E0));
#1574=DIRECTION('',(0.E0,-1.E0,0.E0));
#1575=DIRECTION('',(-1.E0,0.E0,0.E0));
#1576=AXIS2_PLACEMENT_3D('',#1573,#1574,#1575);
#1577=CYLINDRICAL_SURFACE('',#1576,9.3E-1);
#1579=ORIENTED_EDGE('',*,*,#1578,.F.);
#1581=ORIENTED_EDGE('',*,*,#1580,.F.);
#1582=ORIENTED_EDGE('',*,*,#1564,.T.);
#1583=ORIENTED_EDGE('',*,*,#1377,.T.);
#1584=EDGE_LOOP('',(#1579,#1581,#1582,#1583));
#1585=FACE_OUTER_BOUND('',#1584,.F.);
#1587=CARTESIAN_POINT('',(0.E0,4.021277523303E-2,0.E0));
#1588=DIRECTION('',(0.E0,-1.E0,0.E0));
#1589=DIRECTION('',(-1.E0,0.E0,0.E0));
#1590=AXIS2_PLACEMENT_3D('',#1587,#1588,#1589);
#1591=CONICAL_SURFACE('',#1590,9.65E-1,4.939870535500E1);
#1592=ORIENTED_EDGE('',*,*,#1538,.T.);
#1594=ORIENTED_EDGE('',*,*,#1593,.F.);
#1595=ORIENTED_EDGE('',*,*,#1578,.T.);
#1596=ORIENTED_EDGE('',*,*,#1375,.F.);
#1597=EDGE_LOOP('',(#1592,#1594,#1595,#1596));
#1598=FACE_OUTER_BOUND('',#1597,.F.);
#1600=CARTESIAN_POINT('',(-1.E-2,7.202127752330E-1,-1.E0));
#1601=DIRECTION('',(-1.E0,0.E0,0.E0));
#1602=DIRECTION('',(0.E0,-1.E0,0.E0));
#1603=AXIS2_PLACEMENT_3D('',#1600,#1601,#1602);
#1604=PLANE('',#1603);
#1606=ORIENTED_EDGE('',*,*,#1605,.T.);
#1607=ORIENTED_EDGE('',*,*,#1510,.T.);
#1608=ORIENTED_EDGE('',*,*,#1566,.F.);
#1609=ORIENTED_EDGE('',*,*,#1580,.T.);
#1610=ORIENTED_EDGE('',*,*,#1593,.T.);
#1611=ORIENTED_EDGE('',*,*,#1536,.T.);
#1612=ORIENTED_EDGE('',*,*,#1441,.T.);
#1613=ORIENTED_EDGE('',*,*,#1309,.F.);
#1614=ORIENTED_EDGE('',*,*,#1360,.T.);
#1616=ORIENTED_EDGE('',*,*,#1615,.F.);
#1617=EDGE_LOOP('',(#1606,#1607,#1608,#1609,#1610,#1611,#1612,#1613,#1614,
#1616));
#1618=FACE_OUTER_BOUND('',#1617,.F.);
#1620=CARTESIAN_POINT('',(0.E0,6.702127752330E-1,0.E0));
#1621=DIRECTION('',(0.E0,-1.E0,0.E0));
#1622=DIRECTION('',(0.E0,0.E0,-1.E0));
#1623=AXIS2_PLACEMENT_3D('',#1620,#1621,#1622);
#1624=CONICAL_SURFACE('',#1623,9.75E-1,2.656505117708E1);
#1626=ORIENTED_EDGE('',*,*,#1625,.T.);
#1627=ORIENTED_EDGE('',*,*,#1383,.F.);
#1628=ORIENTED_EDGE('',*,*,#1512,.T.);
#1629=ORIENTED_EDGE('',*,*,#1605,.F.);
#1630=EDGE_LOOP('',(#1626,#1627,#1628,#1629));
#1631=FACE_OUTER_BOUND('',#1630,.F.);
#1633=CARTESIAN_POINT('',(0.E0,7.202127752330E-1,0.E0));
#1634=DIRECTION('',(0.E0,-1.E0,0.E0));
#1635=DIRECTION('',(0.E0,0.E0,1.E0));
#1636=AXIS2_PLACEMENT_3D('',#1633,#1634,#1635);
#1637=PLANE('',#1636);
#1638=ORIENTED_EDGE('',*,*,#1358,.F.);
#1639=ORIENTED_EDGE('',*,*,#1385,.F.);
#1640=ORIENTED_EDGE('',*,*,#1625,.F.);
#1641=ORIENTED_EDGE('',*,*,#1615,.T.);
#1642=EDGE_LOOP('',(#1638,#1639,#1640,#1641));
#1643=FACE_OUTER_BOUND('',#1642,.F.);
#1645=CARTESIAN_POINT('',(9.715223490965E-1,-2.297872247670E-1,3.E-1));
#1646=DIRECTION('',(-1.E0,0.E0,0.E0));
#1647=DIRECTION('',(0.E0,1.E0,0.E0));
#1648=AXIS2_PLACEMENT_3D('',#1645,#1646,#1647);
#1649=CYLINDRICAL_SURFACE('',#1648,5.E-2);
#1650=ORIENTED_EDGE('',*,*,#1414,.F.);
#1651=ORIENTED_EDGE('',*,*,#1321,.T.);
#1653=ORIENTED_EDGE('',*,*,#1652,.T.);
#1654=ORIENTED_EDGE('',*,*,#1525,.T.);
#1655=EDGE_LOOP('',(#1650,#1651,#1653,#1654));
#1656=FACE_OUTER_BOUND('',#1655,.F.);
#1658=CARTESIAN_POINT('',(-1.1E0,-5.297872247670E-1,2.5E-1));
#1659=DIRECTION('',(0.E0,0.E0,-1.E0));
#1660=DIRECTION('',(1.E0,0.E0,0.E0));
#1661=AXIS2_PLACEMENT_3D('',#1658,#1659,#1660);
#1662=PLANE('',#1661);
#1664=ORIENTED_EDGE('',*,*,#1663,.T.);
#1666=ORIENTED_EDGE('',*,*,#1665,.T.);
#1668=ORIENTED_EDGE('',*,*,#1667,.T.);
#1669=ORIENTED_EDGE('',*,*,#1527,.F.);
#1670=ORIENTED_EDGE('',*,*,#1652,.F.);
#1671=ORIENTED_EDGE('',*,*,#1319,.T.);
#1673=ORIENTED_EDGE('',*,*,#1672,.T.);
#1675=ORIENTED_EDGE('',*,*,#1674,.F.);
#1676=EDGE_LOOP('',(#1664,#1666,#1668,#1669,#1670,#1671,#1673,#1675));
#1677=FACE_OUTER_BOUND('',#1676,.F.);
#1679=CARTESIAN_POINT('',(-1.05E0,-5.313520247670E-1,3.E-1));
#1680=DIRECTION('',(0.E0,1.E0,0.E0));
#1681=DIRECTION('',(0.E0,0.E0,-1.E0));
#1682=AXIS2_PLACEMENT_3D('',#1679,#1680,#1681);
#1683=CYLINDRICAL_SURFACE('',#1682,5.E-2);
#1685=ORIENTED_EDGE('',*,*,#1684,.T.);
#1686=ORIENTED_EDGE('',*,*,#1663,.F.);
#1688=ORIENTED_EDGE('',*,*,#1687,.T.);
#1690=ORIENTED_EDGE('',*,*,#1689,.T.);
#1691=EDGE_LOOP('',(#1685,#1686,#1688,#1690));
#1692=FACE_OUTER_BOUND('',#1691,.F.);
#1694=CARTESIAN_POINT('',(0.E0,-3.797872247670E-1,0.E0));
#1695=DIRECTION('',(0.E0,-1.E0,0.E0));
#1696=DIRECTION('',(0.E0,0.E0,1.E0));
#1697=AXIS2_PLACEMENT_3D('',#1694,#1695,#1696);
#1698=PLANE('',#1697);
#1699=ORIENTED_EDGE('',*,*,#1665,.F.);
#1700=ORIENTED_EDGE('',*,*,#1684,.F.);
#1702=ORIENTED_EDGE('',*,*,#1701,.F.);
#1704=ORIENTED_EDGE('',*,*,#1703,.F.);
#1706=ORIENTED_EDGE('',*,*,#1705,.F.);
#1708=ORIENTED_EDGE('',*,*,#1707,.F.);
#1710=ORIENTED_EDGE('',*,*,#1709,.F.);
#1712=ORIENTED_EDGE('',*,*,#1711,.F.);
#1714=ORIENTED_EDGE('',*,*,#1713,.F.);
#1716=ORIENTED_EDGE('',*,*,#1715,.F.);
#1718=ORIENTED_EDGE('',*,*,#1717,.F.);
#1720=ORIENTED_EDGE('',*,*,#1719,.F.);
#1722=ORIENTED_EDGE('',*,*,#1721,.F.);
#1724=ORIENTED_EDGE('',*,*,#1723,.T.);
#1725=EDGE_LOOP('',(#1699,#1700,#1702,#1704,#1706,#1708,#1710,#1712,#1714,#1716,
#1718,#1720,#1722,#1724));
#1726=FACE_OUTER_BOUND('',#1725,.F.);
#1728=CARTESIAN_POINT('',(0.E0,-3.797872247670E-1,0.E0));
#1729=DIRECTION('',(0.E0,-1.E0,0.E0));
#1730=DIRECTION('',(0.E0,0.E0,1.E0));
#1731=AXIS2_PLACEMENT_3D('',#1728,#1729,#1730);
#1732=PLANE('',#1731);
#1734=ORIENTED_EDGE('',*,*,#1733,.F.);
#1736=ORIENTED_EDGE('',*,*,#1735,.F.);
#1738=ORIENTED_EDGE('',*,*,#1737,.F.);
#1740=ORIENTED_EDGE('',*,*,#1739,.F.);
#1742=ORIENTED_EDGE('',*,*,#1741,.F.);
#1744=ORIENTED_EDGE('',*,*,#1743,.F.);
#1746=ORIENTED_EDGE('',*,*,#1745,.F.);
#1748=ORIENTED_EDGE('',*,*,#1747,.F.);
#1750=ORIENTED_EDGE('',*,*,#1749,.F.);
#1752=ORIENTED_EDGE('',*,*,#1751,.F.);
#1754=ORIENTED_EDGE('',*,*,#1753,.F.);
#1756=ORIENTED_EDGE('',*,*,#1755,.F.);
#1758=ORIENTED_EDGE('',*,*,#1757,.F.);
#1760=ORIENTED_EDGE('',*,*,#1759,.F.);
#1761=EDGE_LOOP('',(#1734,#1736,#1738,#1740,#1742,#1744,#1746,#1748,#1750,#1752,
#1754,#1756,#1758,#1760));
#1762=FACE_OUTER_BOUND('',#1761,.F.);
#1764=CARTESIAN_POINT('',(-1.1E0,-5.297872247670E-1,9.E-1));
#1765=DIRECTION('',(-1.E0,0.E0,0.E0));
#1766=DIRECTION('',(0.E0,0.E0,-1.E0));
#1767=AXIS2_PLACEMENT_3D('',#1764,#1765,#1766);
#1768=PLANE('',#1767);
#1769=ORIENTED_EDGE('',*,*,#1689,.F.);
#1771=ORIENTED_EDGE('',*,*,#1770,.F.);
#1773=ORIENTED_EDGE('',*,*,#1772,.F.);
#1774=ORIENTED_EDGE('',*,*,#1701,.T.);
#1775=EDGE_LOOP('',(#1769,#1771,#1773,#1774));
#1776=FACE_OUTER_BOUND('',#1775,.F.);
#1778=CARTESIAN_POINT('',(0.E0,-5.297872247670E-1,0.E0));
#1779=DIRECTION('',(0.E0,-1.E0,0.E0));
#1780=DIRECTION('',(0.E0,0.E0,1.E0));
#1781=AXIS2_PLACEMENT_3D('',#1778,#1779,#1780);
#1782=PLANE('',#1781);
#1783=ORIENTED_EDGE('',*,*,#1770,.T.);
#1784=ORIENTED_EDGE('',*,*,#1687,.F.);
#1785=ORIENTED_EDGE('',*,*,#1674,.T.);
#1787=ORIENTED_EDGE('',*,*,#1786,.F.);
#1789=ORIENTED_EDGE('',*,*,#1788,.T.);
#1791=ORIENTED_EDGE('',*,*,#1790,.F.);
#1793=ORIENTED_EDGE('',*,*,#1792,.T.);
#1795=ORIENTED_EDGE('',*,*,#1794,.F.);
#1797=ORIENTED_EDGE('',*,*,#1796,.T.);
#1799=ORIENTED_EDGE('',*,*,#1798,.F.);
#1801=ORIENTED_EDGE('',*,*,#1800,.T.);
#1803=ORIENTED_EDGE('',*,*,#1802,.F.);
#1805=ORIENTED_EDGE('',*,*,#1804,.T.);
#1807=ORIENTED_EDGE('',*,*,#1806,.F.);
#1808=EDGE_LOOP('',(#1783,#1784,#1785,#1787,#1789,#1791,#1793,#1795,#1797,#1799,
#1801,#1803,#1805,#1807));
#1809=FACE_OUTER_BOUND('',#1808,.F.);
#1811=CARTESIAN_POINT('',(0.E0,-5.297872247670E-1,0.E0));
#1812=DIRECTION('',(0.E0,-1.E0,0.E0));
#1813=DIRECTION('',(0.E0,0.E0,1.E0));
#1814=AXIS2_PLACEMENT_3D('',#1811,#1812,#1813);
#1815=PLANE('',#1814);
#1817=ORIENTED_EDGE('',*,*,#1816,.T.);
#1819=ORIENTED_EDGE('',*,*,#1818,.F.);
#1821=ORIENTED_EDGE('',*,*,#1820,.T.);
#1823=ORIENTED_EDGE('',*,*,#1822,.T.);
#1825=ORIENTED_EDGE('',*,*,#1824,.T.);
#1827=ORIENTED_EDGE('',*,*,#1826,.F.);
#1829=ORIENTED_EDGE('',*,*,#1828,.T.);
#1831=ORIENTED_EDGE('',*,*,#1830,.F.);
#1833=ORIENTED_EDGE('',*,*,#1832,.T.);
#1835=ORIENTED_EDGE('',*,*,#1834,.F.);
#1837=ORIENTED_EDGE('',*,*,#1836,.T.);
#1839=ORIENTED_EDGE('',*,*,#1838,.F.);
#1841=ORIENTED_EDGE('',*,*,#1840,.T.);
#1843=ORIENTED_EDGE('',*,*,#1842,.F.);
#1844=EDGE_LOOP('',(#1817,#1819,#1821,#1823,#1825,#1827,#1829,#1831,#1833,#1835,
#1837,#1839,#1841,#1843));
#1845=FACE_OUTER_BOUND('',#1844,.F.);
#1847=CARTESIAN_POINT('',(0.E0,-3.297872247670E-1,0.E0));
#1848=DIRECTION('',(0.E0,-1.E0,0.E0));
#1849=DIRECTION('',(0.E0,0.E0,1.E0));
#1850=AXIS2_PLACEMENT_3D('',#1847,#1848,#1849);
#1851=TOROIDAL_SURFACE('',#1850,1.05E0,2.E-1);
#1852=ORIENTED_EDGE('',*,*,#1672,.F.);
#1853=ORIENTED_EDGE('',*,*,#1317,.F.);
#1855=ORIENTED_EDGE('',*,*,#1854,.F.);
#1856=ORIENTED_EDGE('',*,*,#1786,.T.);
#1857=EDGE_LOOP('',(#1852,#1853,#1855,#1856));
#1858=FACE_OUTER_BOUND('',#1857,.F.);
#1860=CARTESIAN_POINT('',(-9.682458365519E-1,-5.297872247670E-1,-2.5E-1));
#1861=DIRECTION('',(0.E0,0.E0,1.E0));
#1862=DIRECTION('',(-1.E0,0.E0,0.E0));
#1863=AXIS2_PLACEMENT_3D('',#1860,#1861,#1862);
#1864=PLANE('',#1863);
#1866=ORIENTED_EDGE('',*,*,#1865,.F.);
#1867=ORIENTED_EDGE('',*,*,#1788,.F.);
#1868=ORIENTED_EDGE('',*,*,#1854,.T.);
#1869=ORIENTED_EDGE('',*,*,#1315,.F.);
#1871=ORIENTED_EDGE('',*,*,#1870,.F.);
#1872=ORIENTED_EDGE('',*,*,#1531,.T.);
#1874=ORIENTED_EDGE('',*,*,#1873,.T.);
#1875=ORIENTED_EDGE('',*,*,#1721,.T.);
#1876=EDGE_LOOP('',(#1866,#1867,#1868,#1869,#1871,#1872,#1874,#1875));
#1877=FACE_OUTER_BOUND('',#1876,.F.);
#1879=CARTESIAN_POINT('',(-1.05E0,-5.313520247670E-1,-3.E-1));
#1880=DIRECTION('',(0.E0,1.E0,0.E0));
#1881=DIRECTION('',(-1.E0,0.E0,0.E0));
#1882=AXIS2_PLACEMENT_3D('',#1879,#1880,#1881);
#1883=CYLINDRICAL_SURFACE('',#1882,5.E-2);
#1885=ORIENTED_EDGE('',*,*,#1884,.F.);
#1886=ORIENTED_EDGE('',*,*,#1790,.T.);
#1887=ORIENTED_EDGE('',*,*,#1865,.T.);
#1888=ORIENTED_EDGE('',*,*,#1719,.T.);
#1889=EDGE_LOOP('',(#1885,#1886,#1887,#1888));
#1890=FACE_OUTER_BOUND('',#1889,.F.);
#1892=CARTESIAN_POINT('',(-1.1E0,-5.297872247670E-1,-2.5E-1));
#1893=DIRECTION('',(-1.E0,0.E0,0.E0));
#1894=DIRECTION('',(0.E0,0.E0,-1.E0));
#1895=AXIS2_PLACEMENT_3D('',#1892,#1893,#1894);
#1896=PLANE('',#1895);
#1897=ORIENTED_EDGE('',*,*,#1884,.T.);
#1898=ORIENTED_EDGE('',*,*,#1717,.T.);
#1900=ORIENTED_EDGE('',*,*,#1899,.T.);
#1901=ORIENTED_EDGE('',*,*,#1792,.F.);
#1902=EDGE_LOOP('',(#1897,#1898,#1900,#1901));
#1903=FACE_OUTER_BOUND('',#1902,.F.);
#1905=CARTESIAN_POINT('',(-1.15E0,-3.784501847670E-1,-8.5E-1));
#1906=DIRECTION('',(0.E0,-1.E0,0.E0));
#1907=DIRECTION('',(0.E0,0.E0,-1.E0));
#1908=AXIS2_PLACEMENT_3D('',#1905,#1906,#1907);
#1909=CYLINDRICAL_SURFACE('',#1908,5.E-2);
#1910=ORIENTED_EDGE('',*,*,#1794,.T.);
#1911=ORIENTED_EDGE('',*,*,#1899,.F.);
#1912=ORIENTED_EDGE('',*,*,#1715,.T.);
#1914=ORIENTED_EDGE('',*,*,#1913,.T.);
#1915=EDGE_LOOP('',(#1910,#1911,#1912,#1914));
#1916=FACE_OUTER_BOUND('',#1915,.F.);
#1918=CARTESIAN_POINT('',(-1.1E0,-5.297872247670E-1,-9.E-1));
#1919=DIRECTION('',(0.E0,0.E0,1.E0));
#1920=DIRECTION('',(-1.E0,0.E0,0.E0));
#1921=AXIS2_PLACEMENT_3D('',#1918,#1919,#1920);
#1922=PLANE('',#1921);
#1923=ORIENTED_EDGE('',*,*,#1913,.F.);
#1924=ORIENTED_EDGE('',*,*,#1713,.T.);
#1926=ORIENTED_EDGE('',*,*,#1925,.T.);
#1927=ORIENTED_EDGE('',*,*,#1796,.F.);
#1928=EDGE_LOOP('',(#1923,#1924,#1926,#1927));
#1929=FACE_OUTER_BOUND('',#1928,.F.);
#1931=CARTESIAN_POINT('',(-1.45E0,-3.784501847670E-1,-8.5E-1));
#1932=DIRECTION('',(0.E0,-1.E0,0.E0));
#1933=DIRECTION('',(-1.E0,0.E0,0.E0));
#1934=AXIS2_PLACEMENT_3D('',#1931,#1932,#1933);
#1935=CYLINDRICAL_SURFACE('',#1934,5.E-2);
#1936=ORIENTED_EDGE('',*,*,#1798,.T.);
#1937=ORIENTED_EDGE('',*,*,#1925,.F.);
#1938=ORIENTED_EDGE('',*,*,#1711,.T.);
#1940=ORIENTED_EDGE('',*,*,#1939,.T.);
#1941=EDGE_LOOP('',(#1936,#1937,#1938,#1940));
#1942=FACE_OUTER_BOUND('',#1941,.F.);
#1944=CARTESIAN_POINT('',(-1.5E0,-5.297872247670E-1,-9.E-1));
#1945=DIRECTION('',(1.E0,0.E0,0.E0));
#1946=DIRECTION('',(0.E0,0.E0,1.E0));
#1947=AXIS2_PLACEMENT_3D('',#1944,#1945,#1946);
#1948=PLANE('',#1947);
#1949=ORIENTED_EDGE('',*,*,#1939,.F.);
#1950=ORIENTED_EDGE('',*,*,#1709,.T.);
#1952=ORIENTED_EDGE('',*,*,#1951,.T.);
#1953=ORIENTED_EDGE('',*,*,#1800,.F.);
#1954=EDGE_LOOP('',(#1949,#1950,#1952,#1953));
#1955=FACE_OUTER_BOUND('',#1954,.F.);
#1957=CARTESIAN_POINT('',(-1.45E0,-3.784501847670E-1,8.5E-1));
#1958=DIRECTION('',(0.E0,-1.E0,0.E0));
#1959=DIRECTION('',(0.E0,0.E0,1.E0));
#1960=AXIS2_PLACEMENT_3D('',#1957,#1958,#1959);
#1961=CYLINDRICAL_SURFACE('',#1960,5.E-2);
#1962=ORIENTED_EDGE('',*,*,#1802,.T.);
#1963=ORIENTED_EDGE('',*,*,#1951,.F.);
#1964=ORIENTED_EDGE('',*,*,#1707,.T.);
#1966=ORIENTED_EDGE('',*,*,#1965,.T.);
#1967=EDGE_LOOP('',(#1962,#1963,#1964,#1966));
#1968=FACE_OUTER_BOUND('',#1967,.F.);
#1970=CARTESIAN_POINT('',(-1.5E0,-5.297872247670E-1,9.E-1));
#1971=DIRECTION('',(0.E0,0.E0,-1.E0));
#1972=DIRECTION('',(1.E0,0.E0,0.E0));
#1973=AXIS2_PLACEMENT_3D('',#1970,#1971,#1972);
#1974=PLANE('',#1973);
#1975=ORIENTED_EDGE('',*,*,#1965,.F.);
#1976=ORIENTED_EDGE('',*,*,#1705,.T.);
#1978=ORIENTED_EDGE('',*,*,#1977,.T.);
#1979=ORIENTED_EDGE('',*,*,#1804,.F.);
#1980=EDGE_LOOP('',(#1975,#1976,#1978,#1979));
#1981=FACE_OUTER_BOUND('',#1980,.F.);
#1983=CARTESIAN_POINT('',(-1.15E0,-3.784501847670E-1,8.5E-1));
#1984=DIRECTION('',(0.E0,-1.E0,0.E0));
#1985=DIRECTION('',(1.E0,0.E0,0.E0));
#1986=AXIS2_PLACEMENT_3D('',#1983,#1984,#1985);
#1987=CYLINDRICAL_SURFACE('',#1986,5.E-2);
#1988=ORIENTED_EDGE('',*,*,#1806,.T.);
#1989=ORIENTED_EDGE('',*,*,#1977,.F.);
#1990=ORIENTED_EDGE('',*,*,#1703,.T.);
#1991=ORIENTED_EDGE('',*,*,#1772,.T.);
#1992=EDGE_LOOP('',(#1988,#1989,#1990,#1991));
#1993=FACE_OUTER_BOUND('',#1992,.F.);
#1995=CARTESIAN_POINT('',(-9.719078147608E-1,-2.297872247670E-1,-3.E-1));
#1996=DIRECTION('',(1.E0,0.E0,0.E0));
#1997=DIRECTION('',(0.E0,1.E0,0.E0));
#1998=AXIS2_PLACEMENT_3D('',#1995,#1996,#1997);
#1999=CYLINDRICAL_SURFACE('',#1998,5.E-2);
#2000=ORIENTED_EDGE('',*,*,#1445,.F.);
#2001=ORIENTED_EDGE('',*,*,#1533,.T.);
#2002=ORIENTED_EDGE('',*,*,#1870,.T.);
#2003=ORIENTED_EDGE('',*,*,#1313,.T.);
#2004=EDGE_LOOP('',(#2000,#2001,#2002,#2003));
#2005=FACE_OUTER_BOUND('',#2004,.F.);
#2007=CARTESIAN_POINT('',(0.E0,-3.297872247670E-1,0.E0));
#2008=DIRECTION('',(0.E0,-1.E0,0.E0));
#2009=DIRECTION('',(0.E0,0.E0,1.E0));
#2010=AXIS2_PLACEMENT_3D('',#2007,#2008,#2009);
#2011=TOROIDAL_SURFACE('',#2010,1.05E0,5.E-2);
#2012=ORIENTED_EDGE('',*,*,#1667,.F.);
#2013=ORIENTED_EDGE('',*,*,#1723,.F.);
#2014=ORIENTED_EDGE('',*,*,#1873,.F.);
#2015=ORIENTED_EDGE('',*,*,#1529,.T.);
#2016=EDGE_LOOP('',(#2012,#2013,#2014,#2015));
#2017=FACE_OUTER_BOUND('',#2016,.F.);
#2019=CARTESIAN_POINT('',(1.1E0,-5.297872247670E-1,-9.E-1));
#2020=DIRECTION('',(1.E0,0.E0,0.E0));
#2021=DIRECTION('',(0.E0,0.E0,1.E0));
#2022=AXIS2_PLACEMENT_3D('',#2019,#2020,#2021);
#2023=PLANE('',#2022);
#2025=ORIENTED_EDGE('',*,*,#2024,.F.);
#2026=ORIENTED_EDGE('',*,*,#1816,.F.);
#2028=ORIENTED_EDGE('',*,*,#2027,.F.);
#2029=ORIENTED_EDGE('',*,*,#1737,.T.);
#2030=EDGE_LOOP('',(#2025,#2026,#2028,#2029));
#2031=FACE_OUTER_BOUND('',#2030,.F.);
#2033=CARTESIAN_POINT('',(1.05E0,-5.313520247670E-1,-3.E-1));
#2034=DIRECTION('',(0.E0,1.E0,0.E0));
#2035=DIRECTION('',(0.E0,0.E0,1.E0));
#2036=AXIS2_PLACEMENT_3D('',#2033,#2034,#2035);
#2037=CYLINDRICAL_SURFACE('',#2036,5.E-2);
#2038=ORIENTED_EDGE('',*,*,#1735,.T.);
#2040=ORIENTED_EDGE('',*,*,#2039,.F.);
#2041=ORIENTED_EDGE('',*,*,#1818,.T.);
#2042=ORIENTED_EDGE('',*,*,#2024,.T.);
#2043=EDGE_LOOP('',(#2038,#2040,#2041,#2042));
#2044=FACE_OUTER_BOUND('',#2043,.F.);
#2046=CARTESIAN_POINT('',(1.1E0,-5.297872247670E-1,-2.5E-1));
#2047=DIRECTION('',(0.E0,0.E0,1.E0));
#2048=DIRECTION('',(-1.E0,0.E0,0.E0));
#2049=AXIS2_PLACEMENT_3D('',#2046,#2047,#2048);
#2050=PLANE('',#2049);
#2051=ORIENTED_EDGE('',*,*,#2039,.T.);
#2052=ORIENTED_EDGE('',*,*,#1733,.T.);
#2054=ORIENTED_EDGE('',*,*,#2053,.T.);
#2055=ORIENTED_EDGE('',*,*,#1544,.F.);
#2057=ORIENTED_EDGE('',*,*,#2056,.F.);
#2058=ORIENTED_EDGE('',*,*,#1339,.T.);
#2060=ORIENTED_EDGE('',*,*,#2059,.T.);
#2061=ORIENTED_EDGE('',*,*,#1820,.F.);
#2062=EDGE_LOOP('',(#2051,#2052,#2054,#2055,#2057,#2058,#2060,#2061));
#2063=FACE_OUTER_BOUND('',#2062,.F.);
#2065=CARTESIAN_POINT('',(0.E0,-3.297872247670E-1,0.E0));
#2066=DIRECTION('',(0.E0,-1.E0,0.E0));
#2067=DIRECTION('',(0.E0,0.E0,1.E0));
#2068=AXIS2_PLACEMENT_3D('',#2065,#2066,#2067);
#2069=TOROIDAL_SURFACE('',#2068,1.05E0,5.E-2);
#2071=ORIENTED_EDGE('',*,*,#2070,.F.);
#2072=ORIENTED_EDGE('',*,*,#1546,.F.);
#2073=ORIENTED_EDGE('',*,*,#2053,.F.);
#2074=ORIENTED_EDGE('',*,*,#1759,.T.);
#2075=EDGE_LOOP('',(#2071,#2072,#2073,#2074));
#2076=FACE_OUTER_BOUND('',#2075,.F.);
#2078=CARTESIAN_POINT('',(9.682458365519E-1,-5.297872247670E-1,2.5E-1));
#2079=DIRECTION('',(0.E0,0.E0,-1.E0));
#2080=DIRECTION('',(1.E0,0.E0,0.E0));
#2081=AXIS2_PLACEMENT_3D('',#2078,#2079,#2080);
#2082=PLANE('',#2081);
#2084=ORIENTED_EDGE('',*,*,#2083,.F.);
#2085=ORIENTED_EDGE('',*,*,#1824,.F.);
#2087=ORIENTED_EDGE('',*,*,#2086,.T.);
#2088=ORIENTED_EDGE('',*,*,#1335,.F.);
#2090=ORIENTED_EDGE('',*,*,#2089,.F.);
#2091=ORIENTED_EDGE('',*,*,#1548,.T.);
#2092=ORIENTED_EDGE('',*,*,#2070,.T.);
#2093=ORIENTED_EDGE('',*,*,#1757,.T.);
#2094=EDGE_LOOP('',(#2084,#2085,#2087,#2088,#2090,#2091,#2092,#2093));
#2095=FACE_OUTER_BOUND('',#2094,.F.);
#2097=CARTESIAN_POINT('',(1.05E0,-5.313520247670E-1,3.E-1));
#2098=DIRECTION('',(0.E0,1.E0,0.E0));
#2099=DIRECTION('',(1.E0,0.E0,0.E0));
#2100=AXIS2_PLACEMENT_3D('',#2097,#2098,#2099);
#2101=CYLINDRICAL_SURFACE('',#2100,5.E-2);
#2103=ORIENTED_EDGE('',*,*,#2102,.F.);
#2104=ORIENTED_EDGE('',*,*,#1826,.T.);
#2105=ORIENTED_EDGE('',*,*,#2083,.T.);
#2106=ORIENTED_EDGE('',*,*,#1755,.T.);
#2107=EDGE_LOOP('',(#2103,#2104,#2105,#2106));
#2108=FACE_OUTER_BOUND('',#2107,.F.);
#2110=CARTESIAN_POINT('',(1.1E0,-5.297872247670E-1,2.5E-1));
#2111=DIRECTION('',(1.E0,0.E0,0.E0));
#2112=DIRECTION('',(0.E0,0.E0,1.E0));
#2113=AXIS2_PLACEMENT_3D('',#2110,#2111,#2112);
#2114=PLANE('',#2113);
#2115=ORIENTED_EDGE('',*,*,#2102,.T.);
#2116=ORIENTED_EDGE('',*,*,#1753,.T.);
#2118=ORIENTED_EDGE('',*,*,#2117,.T.);
#2119=ORIENTED_EDGE('',*,*,#1828,.F.);
#2120=EDGE_LOOP('',(#2115,#2116,#2118,#2119));
#2121=FACE_OUTER_BOUND('',#2120,.F.);
#2123=CARTESIAN_POINT('',(1.15E0,-3.784501847670E-1,8.5E-1));
#2124=DIRECTION('',(0.E0,-1.E0,0.E0));
#2125=DIRECTION('',(0.E0,0.E0,1.E0));
#2126=AXIS2_PLACEMENT_3D('',#2123,#2124,#2125);
#2127=CYLINDRICAL_SURFACE('',#2126,5.E-2);
#2128=ORIENTED_EDGE('',*,*,#1830,.T.);
#2129=ORIENTED_EDGE('',*,*,#2117,.F.);
#2130=ORIENTED_EDGE('',*,*,#1751,.T.);
#2132=ORIENTED_EDGE('',*,*,#2131,.T.);
#2133=EDGE_LOOP('',(#2128,#2129,#2130,#2132));
#2134=FACE_OUTER_BOUND('',#2133,.F.);
#2136=CARTESIAN_POINT('',(1.1E0,-5.297872247670E-1,9.E-1));
#2137=DIRECTION('',(0.E0,0.E0,-1.E0));
#2138=DIRECTION('',(1.E0,0.E0,0.E0));
#2139=AXIS2_PLACEMENT_3D('',#2136,#2137,#2138);
#2140=PLANE('',#2139);
#2142=ORIENTED_EDGE('',*,*,#2141,.T.);
#2143=ORIENTED_EDGE('',*,*,#1832,.F.);
#2144=ORIENTED_EDGE('',*,*,#2131,.F.);
#2145=ORIENTED_EDGE('',*,*,#1749,.T.);
#2146=EDGE_LOOP('',(#2142,#2143,#2144,#2145));
#2147=FACE_OUTER_BOUND('',#2146,.F.);
#2149=CARTESIAN_POINT('',(1.45E0,-3.784501847670E-1,8.5E-1));
#2150=DIRECTION('',(0.E0,-1.E0,0.E0));
#2151=DIRECTION('',(1.E0,0.E0,0.E0));
#2152=AXIS2_PLACEMENT_3D('',#2149,#2150,#2151);
#2153=CYLINDRICAL_SURFACE('',#2152,5.E-2);
#2154=ORIENTED_EDGE('',*,*,#1834,.T.);
#2155=ORIENTED_EDGE('',*,*,#2141,.F.);
#2156=ORIENTED_EDGE('',*,*,#1747,.T.);
#2158=ORIENTED_EDGE('',*,*,#2157,.T.);
#2159=EDGE_LOOP('',(#2154,#2155,#2156,#2158));
#2160=FACE_OUTER_BOUND('',#2159,.F.);
#2162=CARTESIAN_POINT('',(1.5E0,-5.297872247670E-1,9.E-1));
#2163=DIRECTION('',(-1.E0,0.E0,0.E0));
#2164=DIRECTION('',(0.E0,0.E0,-1.E0));
#2165=AXIS2_PLACEMENT_3D('',#2162,#2163,#2164);
#2166=PLANE('',#2165);
#2167=ORIENTED_EDGE('',*,*,#2157,.F.);
#2168=ORIENTED_EDGE('',*,*,#1745,.T.);
#2170=ORIENTED_EDGE('',*,*,#2169,.T.);
#2171=ORIENTED_EDGE('',*,*,#1836,.F.);
#2172=EDGE_LOOP('',(#2167,#2168,#2170,#2171));
#2173=FACE_OUTER_BOUND('',#2172,.F.);
#2175=CARTESIAN_POINT('',(1.45E0,-3.784501847670E-1,-8.5E-1));
#2176=DIRECTION('',(0.E0,-1.E0,0.E0));
#2177=DIRECTION('',(0.E0,0.E0,-1.E0));
#2178=AXIS2_PLACEMENT_3D('',#2175,#2176,#2177);
#2179=CYLINDRICAL_SURFACE('',#2178,5.E-2);
#2180=ORIENTED_EDGE('',*,*,#1838,.T.);
#2181=ORIENTED_EDGE('',*,*,#2169,.F.);
#2182=ORIENTED_EDGE('',*,*,#1743,.T.);
#2184=ORIENTED_EDGE('',*,*,#2183,.T.);
#2185=EDGE_LOOP('',(#2180,#2181,#2182,#2184));
#2186=FACE_OUTER_BOUND('',#2185,.F.);
#2188=CARTESIAN_POINT('',(1.5E0,-5.297872247670E-1,-9.E-1));
#2189=DIRECTION('',(0.E0,0.E0,1.E0));
#2190=DIRECTION('',(-1.E0,0.E0,0.E0));
#2191=AXIS2_PLACEMENT_3D('',#2188,#2189,#2190);
#2192=PLANE('',#2191);
#2193=ORIENTED_EDGE('',*,*,#2183,.F.);
#2194=ORIENTED_EDGE('',*,*,#1741,.T.);
#2196=ORIENTED_EDGE('',*,*,#2195,.T.);
#2197=ORIENTED_EDGE('',*,*,#1840,.F.);
#2198=EDGE_LOOP('',(#2193,#2194,#2196,#2197));
#2199=FACE_OUTER_BOUND('',#2198,.F.);
#2201=CARTESIAN_POINT('',(1.15E0,-3.784501847670E-1,-8.5E-1));
#2202=DIRECTION('',(0.E0,-1.E0,0.E0));
#2203=DIRECTION('',(-1.E0,0.E0,0.E0));
#2204=AXIS2_PLACEMENT_3D('',#2201,#2202,#2203);
#2205=CYLINDRICAL_SURFACE('',#2204,5.E-2);
#2206=ORIENTED_EDGE('',*,*,#1842,.T.);
#2207=ORIENTED_EDGE('',*,*,#2195,.F.);
#2208=ORIENTED_EDGE('',*,*,#1739,.T.);
#2209=ORIENTED_EDGE('',*,*,#2027,.T.);
#2210=EDGE_LOOP('',(#2206,#2207,#2208,#2209));
#2211=FACE_OUTER_BOUND('',#2210,.F.);
#2213=CARTESIAN_POINT('',(0.E0,-3.297872247670E-1,0.E0));
#2214=DIRECTION('',(0.E0,-1.E0,0.E0));
#2215=DIRECTION('',(0.E0,0.E0,1.E0));
#2216=AXIS2_PLACEMENT_3D('',#2213,#2214,#2215);
#2217=TOROIDAL_SURFACE('',#2216,1.05E0,2.E-1);
#2218=ORIENTED_EDGE('',*,*,#2086,.F.);
#2219=ORIENTED_EDGE('',*,*,#1822,.F.);
#2220=ORIENTED_EDGE('',*,*,#2059,.F.);
#2221=ORIENTED_EDGE('',*,*,#1337,.T.);
#2222=EDGE_LOOP('',(#2218,#2219,#2220,#2221));
#2223=FACE_OUTER_BOUND('',#2222,.F.);
#2225=CARTESIAN_POINT('',(9.715223490965E-1,-2.297872247670E-1,3.E-1));
#2226=DIRECTION('',(-1.E0,0.E0,0.E0));
#2227=DIRECTION('',(0.E0,1.E0,0.E0));
#2228=AXIS2_PLACEMENT_3D('',#2225,#2226,#2227);
#2229=CYLINDRICAL_SURFACE('',#2228,5.E-2);
#2230=ORIENTED_EDGE('',*,*,#1400,.F.);
#2231=ORIENTED_EDGE('',*,*,#1550,.T.);
#2232=ORIENTED_EDGE('',*,*,#2089,.T.);
#2233=ORIENTED_EDGE('',*,*,#1333,.T.);
#2234=EDGE_LOOP('',(#2230,#2231,#2232,#2233));
#2235=FACE_OUTER_BOUND('',#2234,.F.);
#2237=CARTESIAN_POINT('',(-9.719078147608E-1,-2.297872247670E-1,-3.E-1));
#2238=DIRECTION('',(1.E0,0.E0,0.E0));
#2239=DIRECTION('',(0.E0,1.E0,0.E0));
#2240=AXIS2_PLACEMENT_3D('',#2237,#2238,#2239);
#2241=CYLINDRICAL_SURFACE('',#2240,5.E-2);
#2242=ORIENTED_EDGE('',*,*,#1430,.F.);
#2243=ORIENTED_EDGE('',*,*,#1341,.T.);
#2244=ORIENTED_EDGE('',*,*,#2056,.T.);
#2245=ORIENTED_EDGE('',*,*,#1542,.T.);
#2246=EDGE_LOOP('',(#2242,#2243,#2244,#2245));
#2247=FACE_OUTER_BOUND('',#2246,.F.);
#2249=CARTESIAN_POINT('',(0.E0,-1.897872247670E-1,0.E0));
#2250=DIRECTION('',(0.E0,-1.E0,0.E0));
#2251=DIRECTION('',(-3.826834323651E-1,0.E0,9.238795325113E-1));
#2252=AXIS2_PLACEMENT_3D('',#2249,#2250,#2251);
#2253=TOROIDAL_SURFACE('',#2252,1.04E0,4.E-2);
#2255=ORIENTED_EDGE('',*,*,#2254,.F.);
#2256=ORIENTED_EDGE('',*,*,#1494,.F.);
#2257=ORIENTED_EDGE('',*,*,#1554,.T.);
#2258=ORIENTED_EDGE('',*,*,#1461,.F.);
#2259=EDGE_LOOP('',(#2255,#2256,#2257,#2258));
#2260=FACE_OUTER_BOUND('',#2259,.F.);
#2262=CARTESIAN_POINT('',(0.E0,-2.297872247670E-1,0.E0));
#2263=DIRECTION('',(0.E0,-1.E0,0.E0));
#2264=DIRECTION('',(-3.826834323651E-1,0.E0,9.238795325113E-1));
#2265=AXIS2_PLACEMENT_3D('',#2262,#2263,#2264);
#2266=PLANE('',#2265);
#2268=ORIENTED_EDGE('',*,*,#2267,.F.);
#2269=ORIENTED_EDGE('',*,*,#2254,.T.);
#2271=ORIENTED_EDGE('',*,*,#2270,.T.);
#2273=ORIENTED_EDGE('',*,*,#2272,.F.);
#2274=EDGE_LOOP('',(#2268,#2269,#2271,#2273));
#2275=FACE_OUTER_BOUND('',#2274,.F.);
#2277=CARTESIAN_POINT('',(-3.E-1,-3.797872247670E-1,7.952986860293E-1));
#2278=DIRECTION('',(1.E0,0.E0,0.E0));
#2279=DIRECTION('',(0.E0,0.E0,1.E0));
#2280=AXIS2_PLACEMENT_3D('',#2277,#2278,#2279);
#2281=PLANE('',#2280);
#2282=ORIENTED_EDGE('',*,*,#1496,.F.);
#2283=ORIENTED_EDGE('',*,*,#2267,.T.);
#2285=ORIENTED_EDGE('',*,*,#2284,.F.);
#2287=ORIENTED_EDGE('',*,*,#2286,.F.);
#2288=ORIENTED_EDGE('',*,*,#1476,.T.);
#2289=EDGE_LOOP('',(#2282,#2283,#2285,#2287,#2288));
#2290=FACE_OUTER_BOUND('',#2289,.F.);
#2292=CARTESIAN_POINT('',(-3.E-1,-3.797872247670E-1,1.55E0));
#2293=DIRECTION('',(0.E0,0.E0,-1.E0));
#2294=DIRECTION('',(1.E0,0.E0,0.E0));
#2295=AXIS2_PLACEMENT_3D('',#2292,#2293,#2294);
#2296=PLANE('',#2295);
#2297=ORIENTED_EDGE('',*,*,#2272,.T.);
#2299=ORIENTED_EDGE('',*,*,#2298,.F.);
#2301=ORIENTED_EDGE('',*,*,#2300,.F.);
#2302=ORIENTED_EDGE('',*,*,#2284,.T.);
#2303=EDGE_LOOP('',(#2297,#2299,#2301,#2302));
#2304=FACE_OUTER_BOUND('',#2303,.F.);
#2306=CARTESIAN_POINT('',(3.E-1,-3.797872247670E-1,1.55E0));
#2307=DIRECTION('',(-1.E0,0.E0,0.E0));
#2308=DIRECTION('',(0.E0,0.E0,-1.E0));
#2309=AXIS2_PLACEMENT_3D('',#2306,#2307,#2308);
#2310=PLANE('',#2309);
#2311=ORIENTED_EDGE('',*,*,#1459,.F.);
#2312=ORIENTED_EDGE('',*,*,#1480,.T.);
#2314=ORIENTED_EDGE('',*,*,#2313,.T.);
#2315=ORIENTED_EDGE('',*,*,#2298,.T.);
#2316=ORIENTED_EDGE('',*,*,#2270,.F.);
#2317=EDGE_LOOP('',(#2311,#2312,#2314,#2315,#2316));
#2318=FACE_OUTER_BOUND('',#2317,.F.);
#2320=CARTESIAN_POINT('',(0.E0,-3.797872247670E-1,0.E0));
#2321=DIRECTION('',(0.E0,-1.E0,0.E0));
#2322=DIRECTION('',(-3.826834323651E-1,0.E0,9.238795325113E-1));
#2323=AXIS2_PLACEMENT_3D('',#2320,#2321,#2322);
#2324=PLANE('',#2323);
#2325=ORIENTED_EDGE('',*,*,#2286,.T.);
#2326=ORIENTED_EDGE('',*,*,#2300,.T.);
#2327=ORIENTED_EDGE('',*,*,#2313,.F.);
#2328=ORIENTED_EDGE('',*,*,#1478,.F.);
#2329=EDGE_LOOP('',(#2325,#2326,#2327,#2328));
#2330=FACE_OUTER_BOUND('',#2329,.F.);
#2332=CLOSED_SHELL('',(#1349,#1364,#1390,#1405,#1420,#1434,#1449,#1467,#1485,
#1502,#1517,#1558,#1572,#1586,#1599,#1619,#1632,#1644,#1657,#1678,#1693,#1727,
#1763,#1777,#1810,#1846,#1859,#1878,#1891,#1904,#1917,#1930,#1943,#1956,#1969,
#1982,#1994,#2006,#2018,#2032,#2045,#2064,#2077,#2096,#2109,#2122,#2135,#2148,
#2161,#2174,#2187,#2200,#2212,#2224,#2236,#2248,#2261,#2276,#2291,#2305,#2319,
#2331));
#2333=MANIFOLD_SOLID_BREP('',#2332);
#2335=DIMENSIONAL_EXPONENTS(0.E0,0.E0,0.E0,0.E0,0.E0,0.E0,0.E0);
#2337=PLANE_ANGLE_MEASURE_WITH_UNIT(PLANE_ANGLE_MEASURE(1.745329251994E-2),
#2336);
#2338=(CONVERSION_BASED_UNIT('DEGREE',#2337)NAMED_UNIT(*)PLANE_ANGLE_UNIT());
#2340=UNCERTAINTY_MEASURE_WITH_UNIT(LENGTH_MEASURE(1.E-4),#2334,'closure',
'Maximum model space distance between geometric entities at asserted connectivities');
#2342=CARTESIAN_POINT('',(0.E0,0.E0,0.E0));
#2343=DIRECTION('',(0.E0,0.E0,1.E0));
#2344=DIRECTION('',(1.E0,0.E0,0.E0));
#2347=APPLICATION_CONTEXT(
'CONFIGURATION CONTROLLED 3D DESIGNS OF MECHANICAL PARTS AND ASSEMBLIES');
#2348=APPLICATION_PROTOCOL_DEFINITION('international standard',
'config_control_design',1994,#2347);
#2349=DESIGN_CONTEXT('',#2347,'design');
#2350=MECHANICAL_CONTEXT('',#2347,'mechanical');
#2351=PRODUCT('MICRO-RFB01-S00-02','MICRO-RFB01-S00-02','NOT SPECIFIED',
(#2350));
#2352=PRODUCT_DEFINITION_FORMATION_WITH_SPECIFIED_SOURCE('12','LAST_VERSION',
#2351,.MADE.);
#2361=CARTESIAN_POINT('',(0.E0,0.E0,0.E0));
#2362=DIRECTION('',(0.E0,0.E0,1.E0));
#2363=DIRECTION('',(1.E0,0.E0,0.E0));
#2364=AXIS2_PLACEMENT_3D('',#2361,#2362,#2363);
#2365=ITEM_DEFINED_TRANSFORMATION('','',#2345,#2364);
#2366=(REPRESENTATION_RELATIONSHIP('','',#2346,#2358)REPRESENTATION_RELATIONSHIP_WITH_TRANSFORMATION(#2365)SHAPE_REPRESENTATION_RELATIONSHIP());
#2367=CONTEXT_DEPENDENT_SHAPE_REPRESENTATION(#2366,#2360);
#2369=CARTESIAN_POINT('',(0.E0,0.E0,0.E0));
#2370=DIRECTION('',(0.E0,0.E0,1.E0));
#2371=DIRECTION('',(0.E0,-1.E0,0.E0));
#2372=AXIS2_PLACEMENT_3D('',#2369,#2370,#2371);
#2374=CARTESIAN_POINT('',(0.E0,0.E0,0.E0));
#2375=DIRECTION('',(0.E0,0.E0,1.E0));
#2376=DIRECTION('',(0.E0,1.E0,0.E0));
#2377=AXIS2_PLACEMENT_3D('',#2374,#2375,#2376);
#2379=DIRECTION('',(0.E0,-1.E0,0.E0));
#2380=VECTOR('',#2379,1.586405153876E-1);
#2381=CARTESIAN_POINT('',(-3.E-1,9.539392014169E-1,0.E0));
#2382=LINE('',#2381,#2380);
#2383=DIRECTION('',(0.E0,1.E0,0.E0));
#2384=VECTOR('',#2383,1.586405153876E-1);
#2385=CARTESIAN_POINT('',(3.E-1,7.952986860293E-1,0.E0));
#2386=LINE('',#2385,#2384);
#2387=DIRECTION('',(1.E0,0.E0,0.E0));
#2388=VECTOR('',#2387,1.621530305183E-1);
#2389=CARTESIAN_POINT('',(-9.367496997598E-1,-3.5E-1,0.E0));
#2390=LINE('',#2389,#2388);
#2391=DIRECTION('',(-1.E0,0.E0,0.E0));
#2392=VECTOR('',#2391,1.621530305183E-1);
#2393=CARTESIAN_POINT('',(-7.745966692415E-1,3.5E-1,0.E0));
#2394=LINE('',#2393,#2392);
#2395=DIRECTION('',(0.E0,-1.E0,0.E0));
#2396=VECTOR('',#2395,1.586405153876E-1);
#2397=CARTESIAN_POINT('',(-3.E-1,-7.952986860293E-1,0.E0));
#2398=LINE('',#2397,#2396);
#2399=DIRECTION('',(0.E0,1.E0,0.E0));
#2400=VECTOR('',#2399,1.586405153876E-1);
#2401=CARTESIAN_POINT('',(3.E-1,-9.539392014169E-1,0.E0));
#2402=LINE('',#2401,#2400);
#2403=CARTESIAN_POINT('',(-1.15E0,1.15E0,0.E0));
#2404=DIRECTION('',(0.E0,0.E0,-1.E0));
#2405=DIRECTION('',(-1.E0,0.E0,0.E0));
#2406=AXIS2_PLACEMENT_3D('',#2403,#2404,#2405);
#2408=DIRECTION('',(0.E0,-1.E0,0.E0));
#2409=VECTOR('',#2408,2.05E0);
#2410=CARTESIAN_POINT('',(-1.3E0,1.15E0,0.E0));
#2411=LINE('',#2410,#2409);
#2412=DIRECTION('',(-7.071067811865E-1,7.071067811865E-1,0.E0));
#2413=VECTOR('',#2412,5.656854249492E-1);
#2414=CARTESIAN_POINT('',(-9.E-1,-1.3E0,0.E0));
#2415=LINE('',#2414,#2413);
#2416=DIRECTION('',(1.E0,0.E0,0.E0));
#2417=VECTOR('',#2416,2.05E0);
#2418=CARTESIAN_POINT('',(-9.E-1,-1.3E0,0.E0));
#2419=LINE('',#2418,#2417);
#2420=CARTESIAN_POINT('',(1.15E0,-1.15E0,0.E0));
#2421=DIRECTION('',(0.E0,0.E0,-1.E0));
#2422=DIRECTION('',(1.E0,0.E0,0.E0));
#2423=AXIS2_PLACEMENT_3D('',#2420,#2421,#2422);
#2425=DIRECTION('',(0.E0,1.E0,0.E0));
#2426=VECTOR('',#2425,2.3E0);
#2427=CARTESIAN_POINT('',(1.3E0,-1.15E0,0.E0));
#2428=LINE('',#2427,#2426);
#2429=CARTESIAN_POINT('',(1.15E0,1.15E0,0.E0));
#2430=DIRECTION('',(0.E0,0.E0,-1.E0));
#2431=DIRECTION('',(0.E0,1.E0,0.E0));
#2432=AXIS2_PLACEMENT_3D('',#2429,#2430,#2431);
#2434=DIRECTION('',(-1.E0,0.E0,0.E0));
#2435=VECTOR('',#2434,2.3E0);
#2436=CARTESIAN_POINT('',(1.15E0,1.3E0,0.E0));
#2437=LINE('',#2436,#2435);
#2438=DIRECTION('',(0.E0,7.071067811865E-1,-7.071067811865E-1));
#2439=VECTOR('',#2438,7.071067811865E-2);
#2440=CARTESIAN_POINT('',(0.E0,-3.E-1,0.E0));
#2441=LINE('',#2440,#2439);
#2442=DIRECTION('',(0.E0,-7.071067811865E-1,-7.071067811865E-1));
#2443=VECTOR('',#2442,7.071067811865E-2);
#2444=CARTESIAN_POINT('',(0.E0,3.E-1,0.E0));
#2445=LINE('',#2444,#2443);
#2446=DIRECTION('',(9.984596232024E-13,0.E0,-1.E0));
#2447=VECTOR('',#2446,2.E-1);
#2448=CARTESIAN_POINT('',(-1.996919246405E-13,2.5E-1,1.5E-1));
#2449=LINE('',#2448,#2447);
#2450=CARTESIAN_POINT('',(0.E0,0.E0,-5.E-2));
#2451=DIRECTION('',(0.E0,0.E0,-1.E0));
#2452=DIRECTION('',(0.E0,-1.E0,0.E0));
#2453=AXIS2_PLACEMENT_3D('',#2450,#2451,#2452);
#2455=DIRECTION('',(9.985088970048E-13,0.E0,1.E0));
#2456=VECTOR('',#2455,2.E-1);
#2457=CARTESIAN_POINT('',(0.E0,-2.5E-1,-5.E-2));
#2458=LINE('',#2457,#2456);
#2459=CARTESIAN_POINT('',(0.E0,0.E0,1.5E-1));
#2460=DIRECTION('',(0.E0,0.E0,-1.E0));
#2461=DIRECTION('',(0.E0,-1.E0,0.E0));
#2462=AXIS2_PLACEMENT_3D('',#2459,#2460,#2461);
#2464=CARTESIAN_POINT('',(0.E0,0.E0,-5.E-2));
#2465=DIRECTION('',(0.E0,0.E0,1.E0));
#2466=DIRECTION('',(0.E0,-1.E0,0.E0));
#2467=AXIS2_PLACEMENT_3D('',#2464,#2465,#2466);
#2469=CARTESIAN_POINT('',(0.E0,0.E0,1.5E-1));
#2470=DIRECTION('',(0.E0,0.E0,-1.E0));
#2471=DIRECTION('',(0.E0,1.E0,0.E0));
#2472=AXIS2_PLACEMENT_3D('',#2469,#2470,#2471);
#2474=CARTESIAN_POINT('',(-2.337453147705E-14,3.E-1,1.5E-1));
#2475=DIRECTION('',(1.E0,7.791510492350E-14,0.E0));
#2476=DIRECTION('',(0.E0,-7.105427357601E-14,1.E0));
#2477=AXIS2_PLACEMENT_3D('',#2474,#2475,#2476);
#2479=DIRECTION('',(1.E0,0.E0,0.E0));
#2480=VECTOR('',#2479,8.527864045E-1);
#2481=CARTESIAN_POINT('',(4.472135955E-1,-3.E-1,2.E-1));
#2482=LINE('',#2481,#2480);
#2483=CARTESIAN_POINT('',(4.472135955E-1,-4.E-1,2.E-1));
#2484=DIRECTION('',(0.E0,0.E0,-1.E0));
#2485=DIRECTION('',(-7.453559924999E-1,6.666666666667E-1,0.E0));
#2486=AXIS2_PLACEMENT_3D('',#2483,#2484,#2485);
#2488=CARTESIAN_POINT('',(0.E0,0.E0,2.E-1));
#2489=DIRECTION('',(0.E0,0.E0,1.E0));
#2490=DIRECTION('',(7.453559924999E-1,6.666666666667E-1,0.E0));
#2491=AXIS2_PLACEMENT_3D('',#2488,#2489,#2490);
#2493=CARTESIAN_POINT('',(4.472135955E-1,4.E-1,2.E-1));
#2494=DIRECTION('',(0.E0,0.E0,-1.E0));
#2495=DIRECTION('',(0.E0,-1.E0,0.E0));
#2496=AXIS2_PLACEMENT_3D('',#2493,#2494,#2495);
#2498=DIRECTION('',(-1.E0,0.E0,0.E0));
#2499=VECTOR('',#2498,8.527864045E-1);
#2500=CARTESIAN_POINT('',(1.3E0,3.E-1,2.E-1));
#2501=LINE('',#2500,#2499);
#2502=CARTESIAN_POINT('',(0.E0,0.E0,2.E-1));
#2503=DIRECTION('',(0.E0,0.E0,-1.E0));
#2504=DIRECTION('',(0.E0,1.E0,0.E0));
#2505=AXIS2_PLACEMENT_3D('',#2502,#2503,#2504);
#2507=CARTESIAN_POINT('',(0.E0,0.E0,2.E-1));
#2508=DIRECTION('',(0.E0,0.E0,-1.E0));
#2509=DIRECTION('',(0.E0,-1.E0,0.E0));
#2510=AXIS2_PLACEMENT_3D('',#2507,#2508,#2509);
#2512=DIRECTION('',(0.E0,0.E0,-1.E0));
#2513=VECTOR('',#2512,3.5E-1);
#2514=CARTESIAN_POINT('',(1.3E0,1.15E0,3.5E-1));
#2515=LINE('',#2514,#2513);
#2516=DIRECTION('',(0.E0,0.E0,-1.E0));
#2517=VECTOR('',#2516,3.5E-1);
#2518=CARTESIAN_POINT('',(1.3E0,-1.15E0,3.5E-1));
#2519=LINE('',#2518,#2517);
#2520=DIRECTION('',(0.E0,0.E0,-1.E0));
#2521=VECTOR('',#2520,1.5E-1);
#2522=CARTESIAN_POINT('',(1.3E0,-3.E-1,3.5E-1));
#2523=LINE('',#2522,#2521);
#2524=DIRECTION('',(0.E0,1.E0,0.E0));
#2525=VECTOR('',#2524,6.E-1);
#2526=CARTESIAN_POINT('',(1.3E0,-3.E-1,2.E-1));
#2527=LINE('',#2526,#2525);
#2528=DIRECTION('',(0.E0,0.E0,-1.E0));
#2529=VECTOR('',#2528,1.5E-1);
#2530=CARTESIAN_POINT('',(1.3E0,3.E-1,3.5E-1));
#2531=LINE('',#2530,#2529);
#2532=CARTESIAN_POINT('',(-1.15E0,1.15E0,3.5E-1));
#2533=DIRECTION('',(0.E0,0.E0,1.E0));
#2534=DIRECTION('',(0.E0,1.E0,0.E0));
#2535=AXIS2_PLACEMENT_3D('',#2532,#2533,#2534);
#2537=DIRECTION('',(-1.E0,0.E0,0.E0));
#2538=VECTOR('',#2537,2.5E-1);
#2539=CARTESIAN_POINT('',(-9.E-1,1.3E0,3.5E-1));
#2540=LINE('',#2539,#2538);
#2541=DIRECTION('',(0.E0,-1.E0,0.E0));
#2542=VECTOR('',#2541,1.5E-1);
#2543=CARTESIAN_POINT('',(-9.E-1,1.3E0,3.5E-1));
#2544=LINE('',#2543,#2542);
#2545=CARTESIAN_POINT('',(-8.5E-1,1.15E0,3.5E-1));
#2546=DIRECTION('',(0.E0,0.E0,1.E0));
#2547=DIRECTION('',(-1.E0,-2.664535259100E-14,0.E0));
#2548=AXIS2_PLACEMENT_3D('',#2545,#2546,#2547);
#2550=DIRECTION('',(1.E0,0.E0,0.E0));
#2551=VECTOR('',#2550,5.5E-1);
#2552=CARTESIAN_POINT('',(-8.5E-1,1.1E0,3.5E-1));
#2553=LINE('',#2552,#2551);
#2554=CARTESIAN_POINT('',(-3.E-1,1.05E0,3.5E-1));
#2555=DIRECTION('',(0.E0,0.E0,1.E0));
#2556=DIRECTION('',(1.E0,0.E0,0.E0));
#2557=AXIS2_PLACEMENT_3D('',#2554,#2555,#2556);
#2559=CARTESIAN_POINT('',(0.E0,0.E0,3.5E-1));
#2560=DIRECTION('',(0.E0,0.E0,1.E0));
#2561=DIRECTION('',(2.380952380952E-1,9.712418121129E-1,0.E0));
#2562=AXIS2_PLACEMENT_3D('',#2559,#2560,#2561);
#2564=CARTESIAN_POINT('',(3.E-1,1.05E0,3.5E-1));
#2565=DIRECTION('',(0.E0,0.E0,1.E0));
#2566=DIRECTION('',(0.E0,1.E0,0.E0));
#2567=AXIS2_PLACEMENT_3D('',#2564,#2565,#2566);
#2569=DIRECTION('',(1.E0,0.E0,0.E0));
#2570=VECTOR('',#2569,5.5E-1);
#2571=CARTESIAN_POINT('',(3.E-1,1.1E0,3.5E-1));
#2572=LINE('',#2571,#2570);
#2573=CARTESIAN_POINT('',(8.5E-1,1.15E0,3.5E-1));
#2574=DIRECTION('',(0.E0,0.E0,1.E0));
#2575=DIRECTION('',(0.E0,-1.E0,0.E0));
#2576=AXIS2_PLACEMENT_3D('',#2573,#2574,#2575);
#2578=DIRECTION('',(0.E0,-1.E0,0.E0));
#2579=VECTOR('',#2578,1.5E-1);
#2580=CARTESIAN_POINT('',(9.E-1,1.3E0,3.5E-1));
#2581=LINE('',#2580,#2579);
#2582=DIRECTION('',(-1.E0,0.E0,0.E0));
#2583=VECTOR('',#2582,2.5E-1);
#2584=CARTESIAN_POINT('',(1.15E0,1.3E0,3.5E-1));
#2585=LINE('',#2584,#2583);
#2586=CARTESIAN_POINT('',(1.15E0,1.15E0,3.5E-1));
#2587=DIRECTION('',(0.E0,0.E0,1.E0));
#2588=DIRECTION('',(1.E0,0.E0,0.E0));
#2589=AXIS2_PLACEMENT_3D('',#2586,#2587,#2588);
#2591=DIRECTION('',(0.E0,1.E0,0.E0));
#2592=VECTOR('',#2591,8.5E-1);
#2593=CARTESIAN_POINT('',(1.3E0,3.E-1,3.5E-1));
#2594=LINE('',#2593,#2592);
#2595=CARTESIAN_POINT('',(3.316624790355E-1,5.E-1,3.5E-1));
#2596=DIRECTION('',(0.E0,0.E0,1.E0));
#2597=DIRECTION('',(-5.527707983926E-1,-8.333333333333E-1,0.E0));
#2598=AXIS2_PLACEMENT_3D('',#2595,#2596,#2597);
#2600=CARTESIAN_POINT('',(0.E0,0.E0,3.5E-1));
#2601=DIRECTION('',(0.E0,0.E0,-1.E0));
#2602=DIRECTION('',(5.527707983926E-1,-8.333333333333E-1,0.E0));
#2603=AXIS2_PLACEMENT_3D('',#2600,#2601,#2602);
#2605=CARTESIAN_POINT('',(3.316624790355E-1,-5.E-1,3.5E-1));
#2606=DIRECTION('',(0.E0,0.E0,1.E0));
#2607=DIRECTION('',(0.E0,1.E0,0.E0));
#2608=AXIS2_PLACEMENT_3D('',#2605,#2606,#2607);
#2610=DIRECTION('',(0.E0,1.E0,0.E0));
#2611=VECTOR('',#2610,8.5E-1);
#2612=CARTESIAN_POINT('',(1.3E0,-1.15E0,3.5E-1));
#2613=LINE('',#2612,#2611);
#2614=CARTESIAN_POINT('',(1.15E0,-1.15E0,3.5E-1));
#2615=DIRECTION('',(0.E0,0.E0,1.E0));
#2616=DIRECTION('',(0.E0,-1.E0,0.E0));
#2617=AXIS2_PLACEMENT_3D('',#2614,#2615,#2616);
#2619=DIRECTION('',(1.E0,0.E0,0.E0));
#2620=VECTOR('',#2619,2.5E-1);
#2621=CARTESIAN_POINT('',(9.E-1,-1.3E0,3.5E-1));
#2622=LINE('',#2621,#2620);
#2623=DIRECTION('',(0.E0,1.E0,0.E0));
#2624=VECTOR('',#2623,1.5E-1);
#2625=CARTESIAN_POINT('',(9.E-1,-1.3E0,3.5E-1));
#2626=LINE('',#2625,#2624);
#2627=CARTESIAN_POINT('',(8.5E-1,-1.15E0,3.5E-1));
#2628=DIRECTION('',(0.E0,0.E0,1.E0));
#2629=DIRECTION('',(1.E0,2.664535259100E-14,0.E0));
#2630=AXIS2_PLACEMENT_3D('',#2627,#2628,#2629);
#2632=DIRECTION('',(-1.E0,0.E0,0.E0));
#2633=VECTOR('',#2632,5.5E-1);
#2634=CARTESIAN_POINT('',(8.5E-1,-1.1E0,3.5E-1));
#2635=LINE('',#2634,#2633);
#2636=CARTESIAN_POINT('',(3.E-1,-1.05E0,3.5E-1));
#2637=DIRECTION('',(0.E0,0.E0,1.E0));
#2638=DIRECTION('',(-1.E0,0.E0,0.E0));
#2639=AXIS2_PLACEMENT_3D('',#2636,#2637,#2638);
#2641=CARTESIAN_POINT('',(0.E0,0.E0,3.5E-1));
#2642=DIRECTION('',(0.E0,0.E0,1.E0));
#2643=DIRECTION('',(-2.380952380952E-1,-9.712418121129E-1,0.E0));
#2644=AXIS2_PLACEMENT_3D('',#2641,#2642,#2643);
#2646=CARTESIAN_POINT('',(-3.E-1,-1.05E0,3.5E-1));
#2647=DIRECTION('',(0.E0,0.E0,1.E0));
#2648=DIRECTION('',(0.E0,-1.E0,0.E0));
#2649=AXIS2_PLACEMENT_3D('',#2646,#2647,#2648);
#2651=DIRECTION('',(-1.E0,0.E0,0.E0));
#2652=VECTOR('',#2651,5.5E-1);
#2653=CARTESIAN_POINT('',(-3.E-1,-1.1E0,3.5E-1));
#2654=LINE('',#2653,#2652);
#2655=CARTESIAN_POINT('',(-8.5E-1,-1.15E0,3.5E-1));
#2656=DIRECTION('',(0.E0,0.E0,1.E0));
#2657=DIRECTION('',(3.619327060278E-13,1.E0,0.E0));
#2658=AXIS2_PLACEMENT_3D('',#2655,#2656,#2657);
#2660=DIRECTION('',(0.E0,1.E0,0.E0));
#2661=VECTOR('',#2660,1.5E-1);
#2662=CARTESIAN_POINT('',(-9.E-1,-1.3E0,3.5E-1));
#2663=LINE('',#2662,#2661);
#2664=DIRECTION('',(7.071067811865E-1,-7.071067811865E-1,0.E0));
#2665=VECTOR('',#2664,5.656854249492E-1);
#2666=CARTESIAN_POINT('',(-1.3E0,-9.E-1,3.5E-1));
#2667=LINE('',#2666,#2665);
#2668=DIRECTION('',(0.E0,-1.E0,0.E0));
#2669=VECTOR('',#2668,2.05E0);
#2670=CARTESIAN_POINT('',(-1.3E0,1.15E0,3.5E-1));
#2671=LINE('',#2670,#2669);
#2672=CARTESIAN_POINT('',(9.E-1,7.5E-1,3.5E-1));
#2673=DIRECTION('',(0.E0,0.E0,-1.E0));
#2674=DIRECTION('',(-1.E0,0.E0,0.E0));
#2675=AXIS2_PLACEMENT_3D('',#2672,#2673,#2674);
#2677=CARTESIAN_POINT('',(9.E-1,7.5E-1,3.5E-1));
#2678=DIRECTION('',(0.E0,0.E0,-1.E0));
#2679=DIRECTION('',(1.E0,0.E0,0.E0));
#2680=AXIS2_PLACEMENT_3D('',#2677,#2678,#2679);
#2682=DIRECTION('',(0.E0,0.E0,-1.E0));
#2683=VECTOR('',#2682,3.5E-1);
#2684=CARTESIAN_POINT('',(-1.15E0,1.3E0,3.5E-1));
#2685=LINE('',#2684,#2683);
#2686=DIRECTION('',(0.E0,0.E0,-1.E0));
#2687=VECTOR('',#2686,3.5E-1);
#2688=CARTESIAN_POINT('',(1.15E0,1.3E0,3.5E-1));
#2689=LINE('',#2688,#2687);
#2690=DIRECTION('',(0.E0,0.E0,-1.E0));
#2691=VECTOR('',#2690,1.5E-1);
#2692=CARTESIAN_POINT('',(9.E-1,1.3E0,3.5E-1));
#2693=LINE('',#2692,#2691);
#2694=DIRECTION('',(1.E0,0.E0,0.E0));
#2695=VECTOR('',#2694,1.8E0);
#2696=CARTESIAN_POINT('',(-9.E-1,1.3E0,2.E-1));
#2697=LINE('',#2696,#2695);
#2698=DIRECTION('',(0.E0,0.E0,-1.E0));
#2699=VECTOR('',#2698,1.5E-1);
#2700=CARTESIAN_POINT('',(-9.E-1,1.3E0,3.5E-1));
#2701=LINE('',#2700,#2699);
#2702=DIRECTION('',(0.E0,0.E0,-1.E0));
#2703=VECTOR('',#2702,1.5E-1);
#2704=CARTESIAN_POINT('',(9.E-1,1.15E0,3.5E-1));
#2705=LINE('',#2704,#2703);
#2706=DIRECTION('',(0.E0,0.E0,-1.E0));
#2707=VECTOR('',#2706,1.5E-1);
#2708=CARTESIAN_POINT('',(8.5E-1,1.1E0,3.5E-1));
#2709=LINE('',#2708,#2707);
#2710=DIRECTION('',(0.E0,0.E0,1.E0));
#2711=VECTOR('',#2710,1.5E-1);
#2712=CARTESIAN_POINT('',(3.E-1,1.1E0,2.E-1));
#2713=LINE('',#2712,#2711);
#2714=CARTESIAN_POINT('',(3.E-1,1.05E0,2.E-1));
#2715=DIRECTION('',(0.E0,0.E0,-1.E0));
#2716=DIRECTION('',(-1.E0,0.E0,0.E0));
#2717=AXIS2_PLACEMENT_3D('',#2714,#2715,#2716);
#2719=DIRECTION('',(0.E0,1.E0,1.567286556566E-14));
#2720=VECTOR('',#2719,1.558419960883E-1);
#2721=CARTESIAN_POINT('',(2.5E-1,8.124038404636E-1,5.E-2));
#2722=LINE('',#2721,#2720);
#2723=DIRECTION('',(0.E0,1.E0,0.E0));
#2724=VECTOR('',#2723,3.019609728146E-2);
#2725=CARTESIAN_POINT('',(2.5E-1,1.019803902719E0,2.E-1));
#2726=LINE('',#2725,#2724);
#2727=DIRECTION('',(0.E0,0.E0,1.E0));
#2728=VECTOR('',#2727,1.5E-1);
#2729=CARTESIAN_POINT('',(2.5E-1,1.05E0,2.E-1));
#2730=LINE('',#2729,#2728);
#2731=DIRECTION('',(0.E0,-1.E0,0.E0));
#2732=VECTOR('',#2731,3.019609728146E-2);
#2733=CARTESIAN_POINT('',(2.5E-1,1.05E0,3.5E-1));
#2734=LINE('',#2733,#2732);
#2735=CARTESIAN_POINT('',(2.5E-1,8.124038404636E-1,5.E-2));
#2736=CARTESIAN_POINT('',(2.5E-1,8.124038404636E-1,4.770320786062E-2));
#2737=CARTESIAN_POINT('',(2.503162271701E-1,8.123066307174E-1,
4.308273786911E-2));
#2738=CARTESIAN_POINT('',(2.517742926388E-1,8.118565488626E-1,
3.617847975488E-2));
#2739=CARTESIAN_POINT('',(2.542029529930E-1,8.111003682910E-1,
2.953006552420E-2));
#2740=CARTESIAN_POINT('',(2.574889632934E-1,8.100644998704E-1,
2.336920357405E-2));
#2741=CARTESIAN_POINT('',(2.616694932148E-1,8.087254657462E-1,
1.762955281020E-2));
#2742=CARTESIAN_POINT('',(2.666948713040E-1,8.070840472160E-1,
1.247454987723E-2));
#2743=CARTESIAN_POINT('',(2.724221258054E-1,8.051704451162E-1,
8.089354233547E-3));
#2744=CARTESIAN_POINT('',(2.786469889094E-1,8.030390442474E-1,
4.598643574496E-3));
#2745=CARTESIAN_POINT('',(2.854579132415E-1,8.006450264986E-1,
1.973095827030E-3));
#2746=CARTESIAN_POINT('',(2.926579655414E-1,7.980422620904E-1,
3.596199421862E-4));
#2747=CARTESIAN_POINT('',(2.975488048350E-1,7.962233179474E-1,0.E0));
#2748=CARTESIAN_POINT('',(3.E-1,7.952986860293E-1,0.E0));
#2750=CARTESIAN_POINT('',(3.E-1,9.539392014169E-1,0.E0));
#2751=CARTESIAN_POINT('',(2.975756773892E-1,9.547016156066E-1,0.E0));
#2752=CARTESIAN_POINT('',(2.927301412546E-1,9.562050913140E-1,
3.519053349129E-4));
#2753=CARTESIAN_POINT('',(2.855757965493E-1,9.583654528675E-1,
1.939595885746E-3));
#2754=CARTESIAN_POINT('',(2.787861769251E-1,9.603611585754E-1,
4.534665622394E-3));
#2755=CARTESIAN_POINT('',(2.725659429698E-1,9.621437885186E-1,
7.995877570190E-3));
#2756=CARTESIAN_POINT('',(2.668299990826E-1,9.637490933029E-1,
1.235514591537E-2));
#2757=CARTESIAN_POINT('',(2.617803546229E-1,9.651314578766E-1,
1.749746404619E-2));
#2758=CARTESIAN_POINT('',(2.575675824201E-1,9.662628768684E-1,
2.324195143356E-2));
#2759=CARTESIAN_POINT('',(2.542527779978E-1,9.671393132949E-1,
2.941581578527E-2));
#2760=CARTESIAN_POINT('',(2.517980867291E-1,9.677804870888E-1,
3.608936237015E-2));
#2761=CARTESIAN_POINT('',(2.503211081314E-1,9.681630129466E-1,
4.303241048502E-2));
#2762=CARTESIAN_POINT('',(2.5E-1,9.682458365519E-1,4.768553215440E-2));
#2763=CARTESIAN_POINT('',(2.5E-1,9.682458365519E-1,5.E-2));
#2765=CARTESIAN_POINT('',(0.E0,0.E0,0.E0));
#2766=DIRECTION('',(0.E0,0.E0,-1.E0));
#2767=DIRECTION('',(-3.529411764706E-1,9.356455129757E-1,0.E0));
#2768=AXIS2_PLACEMENT_3D('',#2765,#2766,#2767);
#2770=DIRECTION('',(0.E0,0.E0,1.E0));
#2771=VECTOR('',#2770,9.999999999999E-2);
#2772=CARTESIAN_POINT('',(2.5E-1,8.124038404636E-1,5.E-2));
#2773=LINE('',#2772,#2771);
#2774=CARTESIAN_POINT('',(0.E0,0.E0,1.5E-1));
#2775=DIRECTION('',(0.E0,0.E0,-1.E0));
#2776=DIRECTION('',(-2.941176470588E-1,9.557692240748E-1,0.E0));
#2777=AXIS2_PLACEMENT_3D('',#2774,#2775,#2776);
#2779=DIRECTION('',(0.E0,0.E0,1.E0));
#2780=VECTOR('',#2779,1.E-1);
#2781=CARTESIAN_POINT('',(-2.5E-1,8.124038404636E-1,5.E-2));
#2782=LINE('',#2781,#2780);
#2783=CARTESIAN_POINT('',(2.5E-1,8.124038404636E-1,1.5E-1));
#2784=CARTESIAN_POINT('',(2.5E-1,8.124038404636E-1,1.566142119654E-1));
#2785=CARTESIAN_POINT('',(2.5E-1,8.130860024918E-1,1.697705176226E-1));
#2786=CARTESIAN_POINT('',(2.5E-1,8.161546045800E-1,1.894007717291E-1));
#2787=CARTESIAN_POINT('',(2.5E-1,8.212258084826E-1,2.085903746012E-1));
#2788=CARTESIAN_POINT('',(2.5E-1,8.282134751678E-1,2.271271120667E-1));
#2789=CARTESIAN_POINT('',(2.5E-1,8.370277720746E-1,2.448670512677E-1));
#2790=CARTESIAN_POINT('',(2.5E-1,8.477477595142E-1,2.619161572847E-1));
#2791=CARTESIAN_POINT('',(2.5E-1,8.604072242933E-1,2.781378768932E-1));
#2792=CARTESIAN_POINT('',(2.5E-1,8.749820811091E-1,2.933373762467E-1));
#2793=CARTESIAN_POINT('',(2.5E-1,8.917601070175E-1,3.075349409026E-1));
#2794=CARTESIAN_POINT('',(2.5E-1,9.105908630834E-1,3.202658814833E-1));
#2795=CARTESIAN_POINT('',(2.5E-1,9.310249551319E-1,3.310296390706E-1));
#2796=CARTESIAN_POINT('',(2.5E-1,9.524747386121E-1,3.394938453964E-1));
#2797=CARTESIAN_POINT('',(2.5E-1,9.748743801388E-1,3.456262525893E-1));
#2798=CARTESIAN_POINT('',(2.5E-1,9.976267806262E-1,3.492419328107E-1));
#2799=CARTESIAN_POINT('',(2.5E-1,1.012438095289E0,3.5E-1));
#2800=CARTESIAN_POINT('',(2.5E-1,1.019803902719E0,3.5E-1));
#2802=CARTESIAN_POINT('',(-2.5E-1,1.019803902719E0,3.5E-1));
#2803=CARTESIAN_POINT('',(-2.5E-1,1.012438095289E0,3.5E-1));
#2804=CARTESIAN_POINT('',(-2.5E-1,9.976267806262E-1,3.492419328107E-1));
#2805=CARTESIAN_POINT('',(-2.5E-1,9.748743801388E-1,3.456262525893E-1));
#2806=CARTESIAN_POINT('',(-2.5E-1,9.524747386121E-1,3.394938453964E-1));
#2807=CARTESIAN_POINT('',(-2.5E-1,9.310249551319E-1,3.310296390706E-1));
#2808=CARTESIAN_POINT('',(-2.5E-1,9.105908630834E-1,3.202658814833E-1));
#2809=CARTESIAN_POINT('',(-2.5E-1,8.917601070175E-1,3.075349409026E-1));
#2810=CARTESIAN_POINT('',(-2.5E-1,8.749820811091E-1,2.933373762467E-1));
#2811=CARTESIAN_POINT('',(-2.5E-1,8.604072242933E-1,2.781378768932E-1));
#2812=CARTESIAN_POINT('',(-2.5E-1,8.477477595142E-1,2.619161572847E-1));
#2813=CARTESIAN_POINT('',(-2.5E-1,8.370277720746E-1,2.448670512677E-1));
#2814=CARTESIAN_POINT('',(-2.5E-1,8.282134751678E-1,2.271271120667E-1));
#2815=CARTESIAN_POINT('',(-2.5E-1,8.212258084826E-1,2.085903746012E-1));
#2816=CARTESIAN_POINT('',(-2.5E-1,8.161546045800E-1,1.894007717291E-1));
#2817=CARTESIAN_POINT('',(-2.5E-1,8.130860024918E-1,1.697705176226E-1));
#2818=CARTESIAN_POINT('',(-2.5E-1,8.124038404636E-1,1.566142119654E-1));
#2819=CARTESIAN_POINT('',(-2.5E-1,8.124038404636E-1,1.5E-1));
#2821=DIRECTION('',(0.E0,-1.E0,0.E0));
#2822=VECTOR('',#2821,1.558419960883E-1);
#2823=CARTESIAN_POINT('',(-2.5E-1,9.682458365519E-1,5.E-2));
#2824=LINE('',#2823,#2822);
#2825=DIRECTION('',(0.E0,1.E0,0.E0));
#2826=VECTOR('',#2825,3.019609728146E-2);
#2827=CARTESIAN_POINT('',(-2.5E-1,1.019803902719E0,3.5E-1));
#2828=LINE('',#2827,#2826);
#2829=DIRECTION('',(0.E0,0.E0,1.E0));
#2830=VECTOR('',#2829,1.5E-1);
#2831=CARTESIAN_POINT('',(-2.5E-1,1.05E0,2.E-1));
#2832=LINE('',#2831,#2830);
#2833=DIRECTION('',(0.E0,-1.E0,0.E0));
#2834=VECTOR('',#2833,3.019609728146E-2);
#2835=CARTESIAN_POINT('',(-2.5E-1,1.05E0,2.E-1));
#2836=LINE('',#2835,#2834);
#2837=CARTESIAN_POINT('',(-2.5E-1,9.682458365519E-1,5.E-2));
#2838=CARTESIAN_POINT('',(-2.5E-1,9.682458365519E-1,4.768553215440E-2));
#2839=CARTESIAN_POINT('',(-2.503211081314E-1,9.681630129466E-1,
4.303241048502E-2));
#2840=CARTESIAN_POINT('',(-2.517980867291E-1,9.677804870888E-1,
3.608936237015E-2));
#2841=CARTESIAN_POINT('',(-2.542527779978E-1,9.671393132949E-1,
2.941581578527E-2));
#2842=CARTESIAN_POINT('',(-2.575675824201E-1,9.662628768684E-1,
2.324195143356E-2));
#2843=CARTESIAN_POINT('',(-2.617803546228E-1,9.651314578766E-1,
1.749746404619E-2));
#2844=CARTESIAN_POINT('',(-2.668299990826E-1,9.637490933029E-1,
1.235514591537E-2));
#2845=CARTESIAN_POINT('',(-2.725659429698E-1,9.621437885186E-1,
7.995877570190E-3));
#2846=CARTESIAN_POINT('',(-2.787861769251E-1,9.603611585754E-1,
4.534665622394E-3));
#2847=CARTESIAN_POINT('',(-2.855757965493E-1,9.583654528675E-1,
1.939595885746E-3));
#2848=CARTESIAN_POINT('',(-2.927301412546E-1,9.562050913140E-1,
3.519053349129E-4));
#2849=CARTESIAN_POINT('',(-2.975756773892E-1,9.547016156066E-1,0.E0));
#2850=CARTESIAN_POINT('',(-3.E-1,9.539392014169E-1,0.E0));
#2852=CARTESIAN_POINT('',(-3.E-1,7.952986860293E-1,0.E0));
#2853=CARTESIAN_POINT('',(-2.975488048350E-1,7.962233179474E-1,0.E0));
#2854=CARTESIAN_POINT('',(-2.926579655414E-1,7.980422620905E-1,
3.596199421863E-4));
#2855=CARTESIAN_POINT('',(-2.854579132415E-1,8.006450264986E-1,
1.973095827030E-3));
#2856=CARTESIAN_POINT('',(-2.786469889094E-1,8.030390442474E-1,
4.598643574496E-3));
#2857=CARTESIAN_POINT('',(-2.724221258054E-1,8.051704451162E-1,
8.089354233548E-3));
#2858=CARTESIAN_POINT('',(-2.666948713039E-1,8.070840472160E-1,
1.247454987723E-2));
#2859=CARTESIAN_POINT('',(-2.616694932148E-1,8.087254657463E-1,
1.762955281020E-2));
#2860=CARTESIAN_POINT('',(-2.574889632934E-1,8.100644998704E-1,
2.336920357405E-2));
#2861=CARTESIAN_POINT('',(-2.542029529930E-1,8.111003682910E-1,
2.953006552420E-2));
#2862=CARTESIAN_POINT('',(-2.517742926388E-1,8.118565488626E-1,
3.617847975488E-2));
#2863=CARTESIAN_POINT('',(-2.503162271701E-1,8.123066307174E-1,
4.308273786911E-2));
#2864=CARTESIAN_POINT('',(-2.5E-1,8.124038404636E-1,4.770320786063E-2));
#2865=CARTESIAN_POINT('',(-2.5E-1,8.124038404636E-1,5.E-2));
#2867=DIRECTION('',(0.E0,0.E0,1.E0));
#2868=VECTOR('',#2867,1.E-1);
#2869=CARTESIAN_POINT('',(2.5E-1,9.682458365519E-1,5.E-2));
#2870=LINE('',#2869,#2868);
#2871=CARTESIAN_POINT('',(0.E0,0.E0,0.E0));
#2872=DIRECTION('',(0.E0,0.E0,1.E0));
#2873=DIRECTION('',(3.E-1,9.539392014169E-1,0.E0));
#2874=AXIS2_PLACEMENT_3D('',#2871,#2872,#2873);
#2876=DIRECTION('',(0.E0,0.E0,1.E0));
#2877=VECTOR('',#2876,1.E-1);
#2878=CARTESIAN_POINT('',(-2.5E-1,9.682458365519E-1,5.E-2));
#2879=LINE('',#2878,#2877);
#2880=CARTESIAN_POINT('',(2.5E-1,1.019803902719E0,2.E-1));
#2881=CARTESIAN_POINT('',(2.5E-1,1.017540213821E0,2.E-1));
#2882=CARTESIAN_POINT('',(2.5E-1,1.013046951991E0,1.997133182428E-1));
#2883=CARTESIAN_POINT('',(2.5E-1,1.006341239253E0,1.984134468488E-1));
#2884=CARTESIAN_POINT('',(2.5E-1,9.998742096678E-1,1.962638098603E-1));
#2885=CARTESIAN_POINT('',(2.5E-1,9.937659114982E-1,1.933120055241E-1));
#2886=CARTESIAN_POINT('',(2.5E-1,9.881310684965E-1,1.896205921886E-1));
#2887=CARTESIAN_POINT('',(2.5E-1,9.830631057663E-1,1.852654552291E-1));
#2888=CARTESIAN_POINT('',(2.5E-1,9.786269844E-1,1.803090471859E-1));
#2889=CARTESIAN_POINT('',(2.5E-1,9.749135961263E-1,1.748626065225E-1));
#2890=CARTESIAN_POINT('',(2.5E-1,9.719725116405E-1,1.690218338546E-1));
#2891=CARTESIAN_POINT('',(2.5E-1,9.698396098995E-1,1.628826295541E-1));
#2892=CARTESIAN_POINT('',(2.5E-1,9.685389544815E-1,1.565054754029E-1));
#2893=CARTESIAN_POINT('',(2.5E-1,9.682458365519E-1,1.521849797028E-1));
#2894=CARTESIAN_POINT('',(2.5E-1,9.682458365519E-1,1.5E-1));
#2896=CARTESIAN_POINT('',(0.E0,0.E0,1.5E-1));
#2897=DIRECTION('',(0.E0,0.E0,-1.E0));
#2898=DIRECTION('',(-2.5E-1,9.682458365519E-1,0.E0));
#2899=AXIS2_PLACEMENT_3D('',#2896,#2897,#2898);
#2901=CARTESIAN_POINT('',(-2.5E-1,9.682458365519E-1,1.5E-1));
#2902=CARTESIAN_POINT('',(-2.5E-1,9.682458365519E-1,1.521849797028E-1));
#2903=CARTESIAN_POINT('',(-2.5E-1,9.685389544815E-1,1.565054754029E-1));
#2904=CARTESIAN_POINT('',(-2.5E-1,9.698396098995E-1,1.628826295541E-1));
#2905=CARTESIAN_POINT('',(-2.5E-1,9.719725116405E-1,1.690218338546E-1));
#2906=CARTESIAN_POINT('',(-2.5E-1,9.749135961263E-1,1.748626065225E-1));
#2907=CARTESIAN_POINT('',(-2.5E-1,9.786269844E-1,1.803090471859E-1));
#2908=CARTESIAN_POINT('',(-2.5E-1,9.830631057663E-1,1.852654552291E-1));
#2909=CARTESIAN_POINT('',(-2.5E-1,9.881310684965E-1,1.896205921886E-1));
#2910=CARTESIAN_POINT('',(-2.5E-1,9.937659114982E-1,1.933120055241E-1));
#2911=CARTESIAN_POINT('',(-2.5E-1,9.998742096679E-1,1.962638098603E-1));
#2912=CARTESIAN_POINT('',(-2.5E-1,1.006341239253E0,1.984134468488E-1));
#2913=CARTESIAN_POINT('',(-2.5E-1,1.013046951991E0,1.997133182428E-1));
#2914=CARTESIAN_POINT('',(-2.5E-1,1.017540213821E0,2.E-1));
#2915=CARTESIAN_POINT('',(-2.5E-1,1.019803902719E0,2.E-1));
#2917=DIRECTION('',(1.E0,0.E0,0.E0));
#2918=VECTOR('',#2917,5.5E-1);
#2919=CARTESIAN_POINT('',(3.E-1,1.1E0,2.E-1));
#2920=LINE('',#2919,#2918);
#2921=CARTESIAN_POINT('',(0.E0,0.E0,2.E-1));
#2922=DIRECTION('',(0.E0,0.E0,-1.E0));
#2923=DIRECTION('',(-2.380952380952E-1,9.712418121129E-1,0.E0));
#2924=AXIS2_PLACEMENT_3D('',#2921,#2922,#2923);
#2926=DIRECTION('',(1.E0,0.E0,0.E0));
#2927=VECTOR('',#2926,5.5E-1);
#2928=CARTESIAN_POINT('',(-8.5E-1,1.1E0,2.E-1));
#2929=LINE('',#2928,#2927);
#2930=CARTESIAN_POINT('',(-8.5E-1,1.15E0,2.E-1));
#2931=DIRECTION('',(0.E0,0.E0,1.E0));
#2932=DIRECTION('',(-1.E0,-2.664535259100E-14,0.E0));
#2933=AXIS2_PLACEMENT_3D('',#2930,#2931,#2932);
#2935=DIRECTION('',(0.E0,-1.E0,0.E0));
#2936=VECTOR('',#2935,1.5E-1);
#2937=CARTESIAN_POINT('',(-9.E-1,1.3E0,2.E-1));
#2938=LINE('',#2937,#2936);
#2939=DIRECTION('',(0.E0,1.E0,0.E0));
#2940=VECTOR('',#2939,1.5E-1);
#2941=CARTESIAN_POINT('',(9.E-1,1.15E0,2.E-1));
#2942=LINE('',#2941,#2940);
#2943=CARTESIAN_POINT('',(8.5E-1,1.15E0,2.E-1));
#2944=DIRECTION('',(0.E0,0.E0,1.E0));
#2945=DIRECTION('',(0.E0,-1.E0,0.E0));
#2946=AXIS2_PLACEMENT_3D('',#2943,#2944,#2945);
#2948=DIRECTION('',(0.E0,-1.E0,0.E0));
#2949=VECTOR('',#2948,1.5E-1);
#2950=CARTESIAN_POINT('',(-9.E-1,-1.15E0,2.E-1));
#2951=LINE('',#2950,#2949);
#2952=CARTESIAN_POINT('',(-8.5E-1,-1.15E0,2.E-1));
#2953=DIRECTION('',(0.E0,0.E0,1.E0));
#2954=DIRECTION('',(3.619327060278E-13,1.E0,0.E0));
#2955=AXIS2_PLACEMENT_3D('',#2952,#2953,#2954);
#2957=DIRECTION('',(-1.E0,0.E0,0.E0));
#2958=VECTOR('',#2957,5.5E-1);
#2959=CARTESIAN_POINT('',(-3.E-1,-1.1E0,2.E-1));
#2960=LINE('',#2959,#2958);
#2961=CARTESIAN_POINT('',(0.E0,0.E0,2.E-1));
#2962=DIRECTION('',(0.E0,0.E0,1.E0));
#2963=DIRECTION('',(-2.380952380952E-1,-9.712418121129E-1,0.E0));
#2964=AXIS2_PLACEMENT_3D('',#2961,#2962,#2963);
#2966=DIRECTION('',(-1.E0,0.E0,0.E0));
#2967=VECTOR('',#2966,5.5E-1);
#2968=CARTESIAN_POINT('',(8.5E-1,-1.1E0,2.E-1));
#2969=LINE('',#2968,#2967);
#2970=CARTESIAN_POINT('',(8.5E-1,-1.15E0,2.E-1));
#2971=DIRECTION('',(0.E0,0.E0,1.E0));
#2972=DIRECTION('',(1.E0,2.664535259100E-14,0.E0));
#2973=AXIS2_PLACEMENT_3D('',#2970,#2971,#2972);
#2975=DIRECTION('',(0.E0,1.E0,0.E0));
#2976=VECTOR('',#2975,1.5E-1);
#2977=CARTESIAN_POINT('',(9.E-1,-1.3E0,2.E-1));
#2978=LINE('',#2977,#2976);
#2979=CARTESIAN_POINT('',(-3.E-1,1.05E0,2.E-1));
#2980=DIRECTION('',(0.E0,0.E0,-1.E0));
#2981=DIRECTION('',(0.E0,1.E0,0.E0));
#2982=AXIS2_PLACEMENT_3D('',#2979,#2980,#2981);
#2984=DIRECTION('',(0.E0,0.E0,1.E0));
#2985=VECTOR('',#2984,1.5E-1);
#2986=CARTESIAN_POINT('',(-3.E-1,1.1E0,2.E-1));
#2987=LINE('',#2986,#2985);
#2988=DIRECTION('',(0.E0,0.E0,-1.E0));
#2989=VECTOR('',#2988,1.5E-1);
#2990=CARTESIAN_POINT('',(-8.5E-1,1.1E0,3.5E-1));
#2991=LINE('',#2990,#2989);
#2992=DIRECTION('',(0.E0,0.E0,-1.E0));
#2993=VECTOR('',#2992,1.5E-1);
#2994=CARTESIAN_POINT('',(-9.E-1,1.15E0,3.5E-1));
#2995=LINE('',#2994,#2993);
#2996=DIRECTION('',(0.E0,0.E0,-1.E0));
#2997=VECTOR('',#2996,1.5E-1);
#2998=CARTESIAN_POINT('',(-9.E-1,-1.3E0,3.5E-1));
#2999=LINE('',#2998,#2997);
#3000=DIRECTION('',(0.E0,0.E0,-1.E0));
#3001=VECTOR('',#3000,1.5E-1);
#3002=CARTESIAN_POINT('',(-9.E-1,-1.15E0,3.5E-1));
#3003=LINE('',#3002,#3001);
#3004=DIRECTION('',(0.E0,0.E0,1.E0));
#3005=VECTOR('',#3004,1.5E-1);
#3006=CARTESIAN_POINT('',(-1.3E0,-3.E-1,5.E-2));
#3007=LINE('',#3006,#3005);
#3008=DIRECTION('',(0.E0,1.E0,0.E0));
#3009=VECTOR('',#3008,6.E-1);
#3010=CARTESIAN_POINT('',(-1.3E0,-3.E-1,2.E-1));
#3011=LINE('',#3010,#3009);
#3012=DIRECTION('',(0.E0,0.E0,1.E0));
#3013=VECTOR('',#3012,1.5E-1);
#3014=CARTESIAN_POINT('',(-1.3E0,3.E-1,5.E-2));
#3015=LINE('',#3014,#3013);
#3016=DIRECTION('',(0.E0,1.E0,0.E0));
#3017=VECTOR('',#3016,6.E-1);
#3018=CARTESIAN_POINT('',(-1.3E0,-3.E-1,5.E-2));
#3019=LINE('',#3018,#3017);
#3020=DIRECTION('',(0.E0,0.E0,-1.E0));
#3021=VECTOR('',#3020,3.5E-1);
#3022=CARTESIAN_POINT('',(-1.3E0,1.15E0,3.5E-1));
#3023=LINE('',#3022,#3021);
#3024=DIRECTION('',(0.E0,0.E0,-1.E0));
#3025=VECTOR('',#3024,3.5E-1);
#3026=CARTESIAN_POINT('',(-1.3E0,-9.E-1,3.5E-1));
#3027=LINE('',#3026,#3025);
#3028=DIRECTION('',(1.E0,0.E0,2.337246736773E-14));
#3029=VECTOR('',#3028,1.959429402350E-1);
#3030=CARTESIAN_POINT('',(-9.957911427604E-1,-3.E-1,5.E-2));
#3031=LINE('',#3030,#3029);
#3032=CARTESIAN_POINT('',(-9.957911427604E-1,-3.E-1,5.E-2));
#3033=CARTESIAN_POINT('',(-9.934042078506E-1,-3.E-1,5.E-2));
#3034=CARTESIAN_POINT('',(-9.887011800667E-1,-2.999975397459E-1,
4.961698240233E-2));
#3035=CARTESIAN_POINT('',(-9.817211238390E-1,-3.000286365279E-1,
4.787429817581E-2));
#3036=CARTESIAN_POINT('',(-9.752296570515E-1,-3.002057074295E-1,
4.508093519358E-2));
#3037=CARTESIAN_POINT('',(-9.691978770401E-1,-3.007050036222E-1,
4.128214253005E-2));
#3038=CARTESIAN_POINT('',(-9.638899997444E-1,-3.017039444962E-1,
3.672986800066E-2));
#3039=CARTESIAN_POINT('',(-9.592596355249E-1,-3.034134430883E-1,
3.154268443908E-2));
#3040=CARTESIAN_POINT('',(-9.554386938557E-1,-3.059306967124E-1,
2.610456740339E-2));
#3041=CARTESIAN_POINT('',(-9.522445318427E-1,-3.094336104029E-1,
2.049619178221E-2));
#3042=CARTESIAN_POINT('',(-9.495912942930E-1,-3.140937485239E-1,
1.493822948172E-2));
#3043=CARTESIAN_POINT('',(-9.481218940210E-1,-3.179146409202E-1,
1.156401930988E-2));
#3044=CARTESIAN_POINT('',(-9.474175425862E-1,-3.2E-1,1.E-2));
#3046=CARTESIAN_POINT('',(-9.474175425862E-1,-3.2E-1,1.E-2));
#3047=CARTESIAN_POINT('',(-9.468547686845E-1,-3.216661933341E-1,
8.750354999422E-3));
#3048=CARTESIAN_POINT('',(-9.456579712491E-1,-3.251808133073E-1,
6.437587897184E-3));
#3049=CARTESIAN_POINT('',(-9.436376243167E-1,-3.310007663348E-1,
3.599349055267E-3));
#3050=CARTESIAN_POINT('',(-9.414681581743E-1,-3.371236944116E-1,
1.542912914241E-3));
#3051=CARTESIAN_POINT('',(-9.391674906163E-1,-3.434823855642E-1,
2.848655948828E-4));
#3052=CARTESIAN_POINT('',(-9.375635528328E-1,-3.478217810805E-1,0.E0));
#3053=CARTESIAN_POINT('',(-9.367496997598E-1,-3.5E-1,0.E0));
#3055=CARTESIAN_POINT('',(-7.745966692415E-1,-3.5E-1,0.E0));
#3056=CARTESIAN_POINT('',(-7.755833879493E-1,-3.478162599299E-1,0.E0));
#3057=CARTESIAN_POINT('',(-7.775272905256E-1,-3.434648497536E-1,
2.853101811984E-4));
#3058=CARTESIAN_POINT('',(-7.803269398421E-1,-3.370541317506E-1,
1.559622177759E-3));
#3059=CARTESIAN_POINT('',(-7.829440881760E-1,-3.309268656705E-1,
3.630525170271E-3));
#3060=CARTESIAN_POINT('',(-7.853634130157E-1,-3.251403543401E-1,
6.462632566902E-3));
#3061=CARTESIAN_POINT('',(-7.867930915727E-1,-3.216516899280E-1,
8.761232554015E-3));
#3062=CARTESIAN_POINT('',(-7.874642849044E-1,-3.2E-1,1.E-2));
#3064=CARTESIAN_POINT('',(-7.874642849044E-1,-3.2E-1,1.E-2));
#3065=CARTESIAN_POINT('',(-7.882970873901E-1,-3.179506180818E-1,
1.153703643866E-2));
#3066=CARTESIAN_POINT('',(-7.898913036492E-1,-3.140792457459E-1,
1.493063346978E-2));
#3067=CARTESIAN_POINT('',(-7.921173725710E-1,-3.090834225537E-1,
2.091824813627E-2));
#3068=CARTESIAN_POINT('',(-7.941697662236E-1,-3.051258370496E-1,
2.750356648927E-2));
#3069=CARTESIAN_POINT('',(-7.961474059635E-1,-3.021806754257E-1,
3.471237037336E-2));
#3070=CARTESIAN_POINT('',(-7.980532876184E-1,-3.003905809595E-1,
4.231941347135E-2));
#3071=CARTESIAN_POINT('',(-7.992608164193E-1,-3.E-1,4.744617213984E-2));
#3072=CARTESIAN_POINT('',(-7.998482025254E-1,-3.E-1,5.E-2));
#3074=CARTESIAN_POINT('',(0.E0,0.E0,1.E-2));
#3075=DIRECTION('',(0.E0,0.E0,1.E0));
#3076=DIRECTION('',(-9.474175425862E-1,3.2E-1,0.E0));
#3077=AXIS2_PLACEMENT_3D('',#3074,#3075,#3076);
#3079=CARTESIAN_POINT('',(0.E0,0.E0,5.E-2));
#3080=DIRECTION('',(0.E0,0.E0,-1.E0));
#3081=DIRECTION('',(-9.574914834234E-1,-2.884615384615E-1,0.E0));
#3082=AXIS2_PLACEMENT_3D('',#3079,#3080,#3081);
#3084=DIRECTION('',(-1.E0,0.E0,0.E0));
#3085=VECTOR('',#3084,3.042088572396E-1);
#3086=CARTESIAN_POINT('',(-9.957911427604E-1,-3.E-1,5.E-2));
#3087=LINE('',#3086,#3085);
#3088=DIRECTION('',(1.E0,0.E0,0.E0));
#3089=VECTOR('',#3088,3.042088572396E-1);
#3090=CARTESIAN_POINT('',(-1.3E0,3.E-1,5.E-2));
#3091=LINE('',#3090,#3089);
#3092=DIRECTION('',(-1.E0,0.E0,-1.211118763600E-14));
#3093=VECTOR('',#3092,1.959429402350E-1);
#3094=CARTESIAN_POINT('',(-7.998482025254E-1,3.E-1,5.E-2));
#3095=LINE('',#3094,#3093);
#3096=CARTESIAN_POINT('',(-7.998482025254E-1,3.E-1,5.E-2));
#3097=CARTESIAN_POINT('',(-7.992608164193E-1,3.E-1,4.744617213983E-2));
#3098=CARTESIAN_POINT('',(-7.980532876184E-1,3.003905809595E-1,
4.231941347135E-2));
#3099=CARTESIAN_POINT('',(-7.961474059635E-1,3.021806754257E-1,
3.471237037336E-2));
#3100=CARTESIAN_POINT('',(-7.941697662236E-1,3.051258370496E-1,
2.750356648927E-2));
#3101=CARTESIAN_POINT('',(-7.921173725710E-1,3.090834225537E-1,
2.091824813627E-2));
#3102=CARTESIAN_POINT('',(-7.898913036492E-1,3.140792457459E-1,
1.493063346978E-2));
#3103=CARTESIAN_POINT('',(-7.882970873901E-1,3.179506180818E-1,
1.153703643866E-2));
#3104=CARTESIAN_POINT('',(-7.874642849044E-1,3.2E-1,1.E-2));
#3106=CARTESIAN_POINT('',(-7.874642849044E-1,3.2E-1,1.E-2));
#3107=CARTESIAN_POINT('',(-7.867930915727E-1,3.216516899280E-1,
8.761232554015E-3));
#3108=CARTESIAN_POINT('',(-7.853634130157E-1,3.251403543401E-1,
6.462632566901E-3));
#3109=CARTESIAN_POINT('',(-7.829440881760E-1,3.309268656705E-1,
3.630525170271E-3));
#3110=CARTESIAN_POINT('',(-7.803269398421E-1,3.370541317506E-1,
1.559622177759E-3));
#3111=CARTESIAN_POINT('',(-7.775272905256E-1,3.434648497536E-1,
2.853101811983E-4));
#3112=CARTESIAN_POINT('',(-7.755833879493E-1,3.478162599299E-1,0.E0));
#3113=CARTESIAN_POINT('',(-7.745966692415E-1,3.5E-1,0.E0));
#3115=CARTESIAN_POINT('',(-9.367496997598E-1,3.5E-1,0.E0));
#3116=CARTESIAN_POINT('',(-9.375631903086E-1,3.478227513504E-1,0.E0));
#3117=CARTESIAN_POINT('',(-9.391667011754E-1,3.434845445136E-1,
2.845826139549E-4));
#3118=CARTESIAN_POINT('',(-9.414679133866E-1,3.371243927848E-1,
1.542631876691E-3));
#3119=CARTESIAN_POINT('',(-9.436379605301E-1,3.309998134585E-1,
3.599693753259E-3));
#3120=CARTESIAN_POINT('',(-9.456582982097E-1,3.251798589061E-1,
6.438155922961E-3));
#3121=CARTESIAN_POINT('',(-9.468549058100E-1,3.216657873496E-1,
8.750659487770E-3));
#3122=CARTESIAN_POINT('',(-9.474175425862E-1,3.2E-1,1.E-2));
#3124=CARTESIAN_POINT('',(-9.474175425862E-1,3.2E-1,1.E-2));
#3125=CARTESIAN_POINT('',(-9.481218557342E-1,3.179147542752E-1,
1.156393429359E-2));
#3126=CARTESIAN_POINT('',(-9.495911870837E-1,3.140939784785E-1,
1.493799057743E-2));
#3127=CARTESIAN_POINT('',(-9.522444850602E-1,3.094336620617E-1,
2.049610697157E-2));
#3128=CARTESIAN_POINT('',(-9.554386420826E-1,3.059307429393E-1,
2.610448466945E-2));
#3129=CARTESIAN_POINT('',(-9.592595925711E-1,3.034134610602E-1,
3.154263305711E-2));
#3130=CARTESIAN_POINT('',(-9.638899730445E-1,3.017039518252E-1,
3.672984127050E-2));
#3131=CARTESIAN_POINT('',(-9.691978365374E-1,3.007050080463E-1,
4.128211457654E-2));
#3132=CARTESIAN_POINT('',(-9.752296602775E-1,3.002057069811E-1,
4.508093697119E-2));
#3133=CARTESIAN_POINT('',(-9.817210928542E-1,3.000286370459E-1,
4.787428823174E-2));
#3134=CARTESIAN_POINT('',(-9.887012089974E-1,2.999975395496E-1,
4.961698941829E-2));
#3135=CARTESIAN_POINT('',(-9.934042202816E-1,3.E-1,5.E-2));
#3136=CARTESIAN_POINT('',(-9.957911427604E-1,3.E-1,5.E-2));
#3138=CARTESIAN_POINT('',(0.E0,0.E0,1.E-2));
#3139=DIRECTION('',(0.E0,0.E0,-1.E0));
#3140=DIRECTION('',(-9.264285704758E-1,-3.764705882353E-1,0.E0));
#3141=AXIS2_PLACEMENT_3D('',#3138,#3139,#3140);
#3143=CARTESIAN_POINT('',(-7.998482025254E-1,3.E-1,5.E-2));
#3144=CARTESIAN_POINT('',(-8.012291279289E-1,3.E-1,5.600396524839E-2));
#3145=CARTESIAN_POINT('',(-8.045907530963E-1,3.E-1,6.780861766335E-2));
#3146=CARTESIAN_POINT('',(-8.114163224964E-1,3.E-1,8.496990531094E-2));
#3147=CARTESIAN_POINT('',(-8.199459866162E-1,3.E-1,1.014224627074E-1));
#3148=CARTESIAN_POINT('',(-8.302849295976E-1,3.E-1,1.172926949371E-1));
#3149=CARTESIAN_POINT('',(-8.424700252737E-1,3.E-1,1.324342220278E-1));
#3150=CARTESIAN_POINT('',(-8.565087825109E-1,3.E-1,1.466777750523E-1));
#3151=CARTESIAN_POINT('',(-8.726561599797E-1,3.E-1,1.600023629775E-1));
#3152=CARTESIAN_POINT('',(-8.907799299750E-1,3.E-1,1.719746951594E-1));
#3153=CARTESIAN_POINT('',(-9.104385861007E-1,3.E-1,1.821085367737E-1));
#3154=CARTESIAN_POINT('',(-9.310715512117E-1,3.E-1,1.900867029500E-1));
#3155=CARTESIAN_POINT('',(-9.526057963041E-1,3.E-1,1.958701609726E-1));
#3156=CARTESIAN_POINT('',(-9.744757961359E-1,3.E-1,1.992835746537E-1));
#3157=CARTESIAN_POINT('',(-9.887117887503E-1,3.E-1,2.E-1));
#3158=CARTESIAN_POINT('',(-9.957911427604E-1,3.E-1,2.E-1));
#3160=CARTESIAN_POINT('',(0.E0,0.E0,2.E-1));
#3161=DIRECTION('',(0.E0,0.E0,-1.E0));
#3162=DIRECTION('',(-9.574914834234E-1,-2.884615384615E-1,0.E0));
#3163=AXIS2_PLACEMENT_3D('',#3160,#3161,#3162);
#3165=CARTESIAN_POINT('',(-9.957911427604E-1,-3.E-1,2.E-1));
#3166=CARTESIAN_POINT('',(-9.887117887503E-1,-3.E-1,2.E-1));
#3167=CARTESIAN_POINT('',(-9.744757961359E-1,-3.E-1,1.992835746537E-1));
#3168=CARTESIAN_POINT('',(-9.526057963041E-1,-3.E-1,1.958701609726E-1));
#3169=CARTESIAN_POINT('',(-9.310715512117E-1,-3.E-1,1.900867029500E-1));
#3170=CARTESIAN_POINT('',(-9.104385861007E-1,-3.E-1,1.821085367737E-1));
#3171=CARTESIAN_POINT('',(-8.907799299750E-1,-3.E-1,1.719746951594E-1));
#3172=CARTESIAN_POINT('',(-8.726561599797E-1,-3.E-1,1.600023629775E-1));
#3173=CARTESIAN_POINT('',(-8.565087825109E-1,-3.E-1,1.466777750523E-1));
#3174=CARTESIAN_POINT('',(-8.424700252737E-1,-3.E-1,1.324342220278E-1));
#3175=CARTESIAN_POINT('',(-8.302849295976E-1,-3.E-1,1.172926949371E-1));
#3176=CARTESIAN_POINT('',(-8.199459866162E-1,-3.E-1,1.014224627074E-1));
#3177=CARTESIAN_POINT('',(-8.114163224964E-1,-3.E-1,8.496990531094E-2));
#3178=CARTESIAN_POINT('',(-8.045907530963E-1,-3.E-1,6.780861766335E-2));
#3179=CARTESIAN_POINT('',(-8.012291279290E-1,-3.E-1,5.600396524839E-2));
#3180=CARTESIAN_POINT('',(-7.998482025254E-1,-3.E-1,5.E-2));
#3182=CARTESIAN_POINT('',(0.E0,0.E0,0.E0));
#3183=DIRECTION('',(0.E0,0.E0,-1.E0));
#3184=DIRECTION('',(-9.112901991076E-1,-4.117647058824E-1,0.E0));
#3185=AXIS2_PLACEMENT_3D('',#3182,#3183,#3184);
#3187=DIRECTION('',(-1.E0,0.E0,0.E0));
#3188=VECTOR('',#3187,3.042088572396E-1);
#3189=CARTESIAN_POINT('',(-9.957911427604E-1,3.E-1,2.E-1));
#3190=LINE('',#3189,#3188);
#3191=DIRECTION('',(1.E0,0.E0,0.E0));
#3192=VECTOR('',#3191,3.042088572396E-1);
#3193=CARTESIAN_POINT('',(-1.3E0,-3.E-1,2.E-1));
#3194=LINE('',#3193,#3192);
#3195=CARTESIAN_POINT('',(0.E0,0.E0,0.E0));
#3196=DIRECTION('',(0.E0,0.E0,1.E0));
#3197=DIRECTION('',(-9.367496997598E-1,3.5E-1,0.E0));
#3198=AXIS2_PLACEMENT_3D('',#3195,#3196,#3197);
#3200=DIRECTION('',(0.E0,0.E0,-1.E0));
#3201=VECTOR('',#3200,3.5E-1);
#3202=CARTESIAN_POINT('',(1.15E0,-1.3E0,3.5E-1));
#3203=LINE('',#3202,#3201);
#3204=DIRECTION('',(0.E0,0.E0,-1.E0));
#3205=VECTOR('',#3204,2.E-1);
#3206=CARTESIAN_POINT('',(-9.E-1,-1.3E0,2.E-1));
#3207=LINE('',#3206,#3205);
#3208=DIRECTION('',(1.E0,0.E0,0.E0));
#3209=VECTOR('',#3208,1.8E0);
#3210=CARTESIAN_POINT('',(-9.E-1,-1.3E0,2.E-1));
#3211=LINE('',#3210,#3209);
#3212=DIRECTION('',(0.E0,0.E0,-1.E0));
#3213=VECTOR('',#3212,1.5E-1);
#3214=CARTESIAN_POINT('',(9.E-1,-1.3E0,3.5E-1));
#3215=LINE('',#3214,#3213);
#3216=DIRECTION('',(0.E0,0.E0,-1.E0));
#3217=VECTOR('',#3216,1.5E-1);
#3218=CARTESIAN_POINT('',(9.E-1,-1.15E0,3.5E-1));
#3219=LINE('',#3218,#3217);
#3220=DIRECTION('',(0.E0,0.E0,1.E0));
#3221=VECTOR('',#3220,1.5E-1);
#3222=CARTESIAN_POINT('',(3.E-1,-1.1E0,2.E-1));
#3223=LINE('',#3222,#3221);
#3224=DIRECTION('',(0.E0,0.E0,-1.E0));
#3225=VECTOR('',#3224,1.5E-1);
#3226=CARTESIAN_POINT('',(8.5E-1,-1.1E0,3.5E-1));
#3227=LINE('',#3226,#3225);
#3228=CARTESIAN_POINT('',(3.E-1,-1.05E0,2.E-1));
#3229=DIRECTION('',(0.E0,0.E0,-1.E0));
#3230=DIRECTION('',(0.E0,-1.E0,0.E0));
#3231=AXIS2_PLACEMENT_3D('',#3228,#3229,#3230);
#3233=DIRECTION('',(0.E0,1.E0,0.E0));
#3234=VECTOR('',#3233,1.558419960883E-1);
#3235=CARTESIAN_POINT('',(2.5E-1,-9.682458365519E-1,5.E-2));
#3236=LINE('',#3235,#3234);
#3237=DIRECTION('',(0.E0,-1.E0,0.E0));
#3238=VECTOR('',#3237,3.019609728146E-2);
#3239=CARTESIAN_POINT('',(2.5E-1,-1.019803902719E0,3.5E-1));
#3240=LINE('',#3239,#3238);
#3241=DIRECTION('',(0.E0,0.E0,1.E0));
#3242=VECTOR('',#3241,1.5E-1);
#3243=CARTESIAN_POINT('',(2.5E-1,-1.05E0,2.E-1));
#3244=LINE('',#3243,#3242);
#3245=DIRECTION('',(0.E0,1.E0,0.E0));
#3246=VECTOR('',#3245,3.019609728146E-2);
#3247=CARTESIAN_POINT('',(2.5E-1,-1.05E0,2.E-1));
#3248=LINE('',#3247,#3246);
#3249=CARTESIAN_POINT('',(2.5E-1,-9.682458365519E-1,5.E-2));
#3250=CARTESIAN_POINT('',(2.5E-1,-9.682458365519E-1,4.768553215440E-2));
#3251=CARTESIAN_POINT('',(2.503211081314E-1,-9.681630129466E-1,
4.303241048502E-2));
#3252=CARTESIAN_POINT('',(2.517980867291E-1,-9.677804870888E-1,
3.608936237015E-2));
#3253=CARTESIAN_POINT('',(2.542527779978E-1,-9.671393132949E-1,
2.941581578527E-2));
#3254=CARTESIAN_POINT('',(2.575675824201E-1,-9.662628768684E-1,
2.324195143356E-2));
#3255=CARTESIAN_POINT('',(2.617803546229E-1,-9.651314578766E-1,
1.749746404619E-2));
#3256=CARTESIAN_POINT('',(2.668299990826E-1,-9.637490933029E-1,
1.235514591537E-2));
#3257=CARTESIAN_POINT('',(2.725659429698E-1,-9.621437885186E-1,
7.995877570190E-3));
#3258=CARTESIAN_POINT('',(2.787861769251E-1,-9.603611585754E-1,
4.534665622394E-3));
#3259=CARTESIAN_POINT('',(2.855757965493E-1,-9.583654528675E-1,
1.939595885746E-3));
#3260=CARTESIAN_POINT('',(2.927301412546E-1,-9.562050913140E-1,
3.519053349130E-4));
#3261=CARTESIAN_POINT('',(2.975756773892E-1,-9.547016156066E-1,0.E0));
#3262=CARTESIAN_POINT('',(3.E-1,-9.539392014169E-1,0.E0));
#3264=CARTESIAN_POINT('',(3.E-1,-7.952986860293E-1,0.E0));
#3265=CARTESIAN_POINT('',(2.975488048350E-1,-7.962233179474E-1,0.E0));
#3266=CARTESIAN_POINT('',(2.926579655414E-1,-7.980422620904E-1,
3.596199421862E-4));
#3267=CARTESIAN_POINT('',(2.854579132415E-1,-8.006450264986E-1,
1.973095827030E-3));
#3268=CARTESIAN_POINT('',(2.786469889094E-1,-8.030390442474E-1,
4.598643574496E-3));
#3269=CARTESIAN_POINT('',(2.724221258054E-1,-8.051704451162E-1,
8.089354233548E-3));
#3270=CARTESIAN_POINT('',(2.666948713040E-1,-8.070840472160E-1,
1.247454987723E-2));
#3271=CARTESIAN_POINT('',(2.616694932148E-1,-8.087254657462E-1,
1.762955281020E-2));
#3272=CARTESIAN_POINT('',(2.574889632934E-1,-8.100644998704E-1,
2.336920357405E-2));
#3273=CARTESIAN_POINT('',(2.542029529930E-1,-8.111003682910E-1,
2.953006552420E-2));
#3274=CARTESIAN_POINT('',(2.517742926388E-1,-8.118565488626E-1,
3.617847975488E-2));
#3275=CARTESIAN_POINT('',(2.503162271701E-1,-8.123066307174E-1,
4.308273786911E-2));
#3276=CARTESIAN_POINT('',(2.5E-1,-8.124038404636E-1,4.770320786063E-2));
#3277=CARTESIAN_POINT('',(2.5E-1,-8.124038404636E-1,5.E-2));
#3279=CARTESIAN_POINT('',(0.E0,0.E0,0.E0));
#3280=DIRECTION('',(0.E0,0.E0,1.E0));
#3281=DIRECTION('',(-3.E-1,-9.539392014169E-1,0.E0));
#3282=AXIS2_PLACEMENT_3D('',#3279,#3280,#3281);
#3284=DIRECTION('',(0.E0,0.E0,1.E0));
#3285=VECTOR('',#3284,1.E-1);
#3286=CARTESIAN_POINT('',(2.5E-1,-9.682458365519E-1,5.E-2));
#3287=LINE('',#3286,#3285);
#3288=DIRECTION('',(0.E0,0.E0,1.E0));
#3289=VECTOR('',#3288,1.E-1);
#3290=CARTESIAN_POINT('',(-2.5E-1,-9.682458365519E-1,5.E-2));
#3291=LINE('',#3290,#3289);
#3292=CARTESIAN_POINT('',(2.5E-1,-9.682458365519E-1,1.5E-1));
#3293=CARTESIAN_POINT('',(2.5E-1,-9.682458365519E-1,1.521849797028E-1));
#3294=CARTESIAN_POINT('',(2.5E-1,-9.685389544815E-1,1.565054754029E-1));
#3295=CARTESIAN_POINT('',(2.5E-1,-9.698396098995E-1,1.628826295541E-1));
#3296=CARTESIAN_POINT('',(2.5E-1,-9.719725116405E-1,1.690218338546E-1));
#3297=CARTESIAN_POINT('',(2.5E-1,-9.749135961263E-1,1.748626065225E-1));
#3298=CARTESIAN_POINT('',(2.5E-1,-9.786269844E-1,1.803090471859E-1));
#3299=CARTESIAN_POINT('',(2.5E-1,-9.830631057663E-1,1.852654552291E-1));
#3300=CARTESIAN_POINT('',(2.5E-1,-9.881310684965E-1,1.896205921886E-1));
#3301=CARTESIAN_POINT('',(2.5E-1,-9.937659114982E-1,1.933120055241E-1));
#3302=CARTESIAN_POINT('',(2.5E-1,-9.998742096678E-1,1.962638098603E-1));
#3303=CARTESIAN_POINT('',(2.5E-1,-1.006341239253E0,1.984134468488E-1));
#3304=CARTESIAN_POINT('',(2.5E-1,-1.013046951991E0,1.997133182428E-1));
#3305=CARTESIAN_POINT('',(2.5E-1,-1.017540213821E0,2.E-1));
#3306=CARTESIAN_POINT('',(2.5E-1,-1.019803902719E0,2.E-1));
#3308=CARTESIAN_POINT('',(-2.5E-1,-1.019803902719E0,2.E-1));
#3309=CARTESIAN_POINT('',(-2.5E-1,-1.017540213821E0,2.E-1));
#3310=CARTESIAN_POINT('',(-2.5E-1,-1.013046951991E0,1.997133182428E-1));
#3311=CARTESIAN_POINT('',(-2.5E-1,-1.006341239253E0,1.984134468488E-1));
#3312=CARTESIAN_POINT('',(-2.5E-1,-9.998742096679E-1,1.962638098603E-1));
#3313=CARTESIAN_POINT('',(-2.5E-1,-9.937659114982E-1,1.933120055241E-1));
#3314=CARTESIAN_POINT('',(-2.5E-1,-9.881310684965E-1,1.896205921886E-1));
#3315=CARTESIAN_POINT('',(-2.5E-1,-9.830631057663E-1,1.852654552291E-1));
#3316=CARTESIAN_POINT('',(-2.5E-1,-9.786269844E-1,1.803090471859E-1));
#3317=CARTESIAN_POINT('',(-2.5E-1,-9.749135961263E-1,1.748626065225E-1));
#3318=CARTESIAN_POINT('',(-2.5E-1,-9.719725116405E-1,1.690218338546E-1));
#3319=CARTESIAN_POINT('',(-2.5E-1,-9.698396098995E-1,1.628826295541E-1));
#3320=CARTESIAN_POINT('',(-2.5E-1,-9.685389544815E-1,1.565054754029E-1));
#3321=CARTESIAN_POINT('',(-2.5E-1,-9.682458365519E-1,1.521849797028E-1));
#3322=CARTESIAN_POINT('',(-2.5E-1,-9.682458365519E-1,1.5E-1));
#3324=CARTESIAN_POINT('',(0.E0,0.E0,1.5E-1));
#3325=DIRECTION('',(0.E0,0.E0,1.E0));
#3326=DIRECTION('',(-2.5E-1,-9.682458365519E-1,0.E0));
#3327=AXIS2_PLACEMENT_3D('',#3324,#3325,#3326);
#3329=DIRECTION('',(0.E0,-1.E0,0.E0));
#3330=VECTOR('',#3329,1.558419960883E-1);
#3331=CARTESIAN_POINT('',(-2.5E-1,-8.124038404636E-1,5.E-2));
#3332=LINE('',#3331,#3330);
#3333=DIRECTION('',(0.E0,-1.E0,0.E0));
#3334=VECTOR('',#3333,3.019609728146E-2);
#3335=CARTESIAN_POINT('',(-2.5E-1,-1.019803902719E0,2.E-1));
#3336=LINE('',#3335,#3334);
#3337=DIRECTION('',(0.E0,0.E0,1.E0));
#3338=VECTOR('',#3337,1.5E-1);
#3339=CARTESIAN_POINT('',(-2.5E-1,-1.05E0,2.E-1));
#3340=LINE('',#3339,#3338);
#3341=DIRECTION('',(0.E0,1.E0,0.E0));
#3342=VECTOR('',#3341,3.019609728146E-2);
#3343=CARTESIAN_POINT('',(-2.5E-1,-1.05E0,3.5E-1));
#3344=LINE('',#3343,#3342);
#3345=CARTESIAN_POINT('',(-2.5E-1,-8.124038404636E-1,5.E-2));
#3346=CARTESIAN_POINT('',(-2.5E-1,-8.124038404636E-1,4.770320786063E-2));
#3347=CARTESIAN_POINT('',(-2.503162271701E-1,-8.123066307174E-1,
4.308273786911E-2));
#3348=CARTESIAN_POINT('',(-2.517742926388E-1,-8.118565488626E-1,
3.617847975488E-2));
#3349=CARTESIAN_POINT('',(-2.542029529930E-1,-8.111003682910E-1,
2.953006552420E-2));
#3350=CARTESIAN_POINT('',(-2.574889632934E-1,-8.100644998704E-1,
2.336920357405E-2));
#3351=CARTESIAN_POINT('',(-2.616694932148E-1,-8.087254657463E-1,
1.762955281020E-2));
#3352=CARTESIAN_POINT('',(-2.666948713039E-1,-8.070840472160E-1,
1.247454987723E-2));
#3353=CARTESIAN_POINT('',(-2.724221258054E-1,-8.051704451162E-1,
8.089354233548E-3));
#3354=CARTESIAN_POINT('',(-2.786469889094E-1,-8.030390442474E-1,
4.598643574496E-3));
#3355=CARTESIAN_POINT('',(-2.854579132415E-1,-8.006450264986E-1,
1.973095827030E-3));
#3356=CARTESIAN_POINT('',(-2.926579655414E-1,-7.980422620905E-1,
3.596199421864E-4));
#3357=CARTESIAN_POINT('',(-2.975488048350E-1,-7.962233179474E-1,0.E0));
#3358=CARTESIAN_POINT('',(-3.E-1,-7.952986860293E-1,0.E0));
#3360=CARTESIAN_POINT('',(-3.E-1,-9.539392014169E-1,0.E0));
#3361=CARTESIAN_POINT('',(-2.975756773892E-1,-9.547016156066E-1,0.E0));
#3362=CARTESIAN_POINT('',(-2.927301412546E-1,-9.562050913140E-1,
3.519053349130E-4));
#3363=CARTESIAN_POINT('',(-2.855757965493E-1,-9.583654528675E-1,
1.939595885746E-3));
#3364=CARTESIAN_POINT('',(-2.787861769251E-1,-9.603611585754E-1,
4.534665622394E-3));
#3365=CARTESIAN_POINT('',(-2.725659429698E-1,-9.621437885186E-1,
7.995877570190E-3));
#3366=CARTESIAN_POINT('',(-2.668299990826E-1,-9.637490933029E-1,
1.235514591537E-2));
#3367=CARTESIAN_POINT('',(-2.617803546228E-1,-9.651314578766E-1,
1.749746404619E-2));
#3368=CARTESIAN_POINT('',(-2.575675824201E-1,-9.662628768684E-1,
2.324195143356E-2));
#3369=CARTESIAN_POINT('',(-2.542527779978E-1,-9.671393132949E-1,
2.941581578527E-2));
#3370=CARTESIAN_POINT('',(-2.517980867291E-1,-9.677804870888E-1,
3.608936237015E-2));
#3371=CARTESIAN_POINT('',(-2.503211081314E-1,-9.681630129466E-1,
4.303241048502E-2));
#3372=CARTESIAN_POINT('',(-2.5E-1,-9.682458365519E-1,4.768553215440E-2));
#3373=CARTESIAN_POINT('',(-2.5E-1,-9.682458365519E-1,5.E-2));
#3375=DIRECTION('',(0.E0,0.E0,1.E0));
#3376=VECTOR('',#3375,9.999999999999E-2);
#3377=CARTESIAN_POINT('',(2.5E-1,-8.124038404636E-1,5.E-2));
#3378=LINE('',#3377,#3376);
#3379=CARTESIAN_POINT('',(0.E0,0.E0,0.E0));
#3380=DIRECTION('',(0.E0,0.E0,-1.E0));
#3381=DIRECTION('',(3.529411764706E-1,-9.356455129757E-1,0.E0));
#3382=AXIS2_PLACEMENT_3D('',#3379,#3380,#3381);
#3384=DIRECTION('',(0.E0,0.E0,1.E0));
#3385=VECTOR('',#3384,1.E-1);
#3386=CARTESIAN_POINT('',(-2.5E-1,-8.124038404636E-1,5.E-2));
#3387=LINE('',#3386,#3385);
#3388=CARTESIAN_POINT('',(0.E0,0.E0,1.5E-1));
#3389=DIRECTION('',(0.E0,0.E0,1.E0));
#3390=DIRECTION('',(-2.941176470588E-1,-9.557692240748E-1,0.E0));
#3391=AXIS2_PLACEMENT_3D('',#3388,#3389,#3390);
#3393=CARTESIAN_POINT('',(2.5E-1,-1.019803902719E0,3.5E-1));
#3394=CARTESIAN_POINT('',(2.5E-1,-1.012438095289E0,3.5E-1));
#3395=CARTESIAN_POINT('',(2.5E-1,-9.976267806262E-1,3.492419328107E-1));
#3396=CARTESIAN_POINT('',(2.5E-1,-9.748743801388E-1,3.456262525893E-1));
#3397=CARTESIAN_POINT('',(2.5E-1,-9.524747386121E-1,3.394938453964E-1));
#3398=CARTESIAN_POINT('',(2.5E-1,-9.310249551319E-1,3.310296390706E-1));
#3399=CARTESIAN_POINT('',(2.5E-1,-9.105908630834E-1,3.202658814833E-1));
#3400=CARTESIAN_POINT('',(2.5E-1,-8.917601070175E-1,3.075349409026E-1));
#3401=CARTESIAN_POINT('',(2.5E-1,-8.749820811091E-1,2.933373762467E-1));
#3402=CARTESIAN_POINT('',(2.5E-1,-8.604072242933E-1,2.781378768932E-1));
#3403=CARTESIAN_POINT('',(2.5E-1,-8.477477595142E-1,2.619161572847E-1));
#3404=CARTESIAN_POINT('',(2.5E-1,-8.370277720746E-1,2.448670512677E-1));
#3405=CARTESIAN_POINT('',(2.5E-1,-8.282134751678E-1,2.271271120667E-1));
#3406=CARTESIAN_POINT('',(2.5E-1,-8.212258084826E-1,2.085903746012E-1));
#3407=CARTESIAN_POINT('',(2.5E-1,-8.161546045800E-1,1.894007717291E-1));
#3408=CARTESIAN_POINT('',(2.5E-1,-8.130860024918E-1,1.697705176226E-1));
#3409=CARTESIAN_POINT('',(2.5E-1,-8.124038404636E-1,1.566142119654E-1));
#3410=CARTESIAN_POINT('',(2.5E-1,-8.124038404636E-1,1.5E-1));
#3412=CARTESIAN_POINT('',(-2.5E-1,-8.124038404636E-1,1.5E-1));
#3413=CARTESIAN_POINT('',(-2.5E-1,-8.124038404636E-1,1.566142119654E-1));
#3414=CARTESIAN_POINT('',(-2.5E-1,-8.130860024918E-1,1.697705176226E-1));
#3415=CARTESIAN_POINT('',(-2.5E-1,-8.161546045800E-1,1.894007717291E-1));
#3416=CARTESIAN_POINT('',(-2.5E-1,-8.212258084826E-1,2.085903746012E-1));
#3417=CARTESIAN_POINT('',(-2.5E-1,-8.282134751678E-1,2.271271120667E-1));
#3418=CARTESIAN_POINT('',(-2.5E-1,-8.370277720746E-1,2.448670512677E-1));
#3419=CARTESIAN_POINT('',(-2.5E-1,-8.477477595142E-1,2.619161572847E-1));
#3420=CARTESIAN_POINT('',(-2.5E-1,-8.604072242933E-1,2.781378768932E-1));
#3421=CARTESIAN_POINT('',(-2.5E-1,-8.749820811091E-1,2.933373762467E-1));
#3422=CARTESIAN_POINT('',(-2.5E-1,-8.917601070175E-1,3.075349409026E-1));
#3423=CARTESIAN_POINT('',(-2.5E-1,-9.105908630834E-1,3.202658814833E-1));
#3424=CARTESIAN_POINT('',(-2.5E-1,-9.310249551319E-1,3.310296390706E-1));
#3425=CARTESIAN_POINT('',(-2.5E-1,-9.524747386121E-1,3.394938453964E-1));
#3426=CARTESIAN_POINT('',(-2.5E-1,-9.748743801388E-1,3.456262525893E-1));
#3427=CARTESIAN_POINT('',(-2.5E-1,-9.976267806262E-1,3.492419328107E-1));
#3428=CARTESIAN_POINT('',(-2.5E-1,-1.012438095289E0,3.5E-1));
#3429=CARTESIAN_POINT('',(-2.5E-1,-1.019803902719E0,3.5E-1));
#3431=CARTESIAN_POINT('',(-3.E-1,-1.05E0,2.E-1));
#3432=DIRECTION('',(0.E0,0.E0,-1.E0));
#3433=DIRECTION('',(1.E0,0.E0,0.E0));
#3434=AXIS2_PLACEMENT_3D('',#3431,#3432,#3433);
#3436=DIRECTION('',(0.E0,0.E0,1.E0));
#3437=VECTOR('',#3436,1.5E-1);
#3438=CARTESIAN_POINT('',(-3.E-1,-1.1E0,2.E-1));
#3439=LINE('',#3438,#3437);
#3440=DIRECTION('',(0.E0,0.E0,-1.E0));
#3441=VECTOR('',#3440,1.5E-1);
#3442=CARTESIAN_POINT('',(-8.5E-1,-1.1E0,3.5E-1));
#3443=LINE('',#3442,#3441);
#3444=DIRECTION('',(0.E0,0.E0,-1.E0));
#3445=VECTOR('',#3444,5.E-2);
#3446=CARTESIAN_POINT('',(3.316624790355E-1,3.E-1,3.5E-1));
#3447=LINE('',#3446,#3445);
#3448=DIRECTION('',(1.E0,0.E0,0.E0));
#3449=VECTOR('',#3448,9.683375209645E-1);
#3450=CARTESIAN_POINT('',(3.316624790355E-1,3.E-1,3.5E-1));
#3451=LINE('',#3450,#3449);
#3452=CARTESIAN_POINT('',(4.472135955E-1,4.E-1,3.E-1));
#3453=DIRECTION('',(0.E0,0.E0,1.E0));
#3454=DIRECTION('',(-7.453559924999E-1,-6.666666666667E-1,0.E0));
#3455=AXIS2_PLACEMENT_3D('',#3452,#3453,#3454);
#3457=DIRECTION('',(0.E0,0.E0,-1.E0));
#3458=VECTOR('',#3457,1.E-1);
#3459=CARTESIAN_POINT('',(4.472135955E-1,3.E-1,3.E-1));
#3460=LINE('',#3459,#3458);
#3461=DIRECTION('',(-1.E0,0.E0,0.E0));
#3462=VECTOR('',#3461,1.155511164644E-1);
#3463=CARTESIAN_POINT('',(4.472135955E-1,-3.E-1,3.E-1));
#3464=LINE('',#3463,#3462);
#3465=CARTESIAN_POINT('',(3.316624790355E-1,-5.E-1,3.E-1));
#3466=DIRECTION('',(0.E0,0.E0,1.E0));
#3467=DIRECTION('',(0.E0,1.E0,0.E0));
#3468=AXIS2_PLACEMENT_3D('',#3465,#3466,#3467);
#3470=CARTESIAN_POINT('',(0.E0,0.E0,3.E-1));
#3471=DIRECTION('',(0.E0,0.E0,-1.E0));
#3472=DIRECTION('',(5.527707983926E-1,-8.333333333333E-1,0.E0));
#3473=AXIS2_PLACEMENT_3D('',#3470,#3471,#3472);
#3475=CARTESIAN_POINT('',(3.316624790355E-1,5.E-1,3.E-1));
#3476=DIRECTION('',(0.E0,0.E0,1.E0));
#3477=DIRECTION('',(-5.527707983926E-1,-8.333333333333E-1,0.E0));
#3478=AXIS2_PLACEMENT_3D('',#3475,#3476,#3477);
#3480=DIRECTION('',(1.E0,0.E0,0.E0));
#3481=VECTOR('',#3480,1.155511164644E-1);
#3482=CARTESIAN_POINT('',(3.316624790355E-1,3.E-1,3.E-1));
#3483=LINE('',#3482,#3481);
#3484=CARTESIAN_POINT('',(0.E0,0.E0,3.E-1));
#3485=DIRECTION('',(0.E0,0.E0,1.E0));
#3486=DIRECTION('',(7.453559924999E-1,6.666666666667E-1,0.E0));
#3487=AXIS2_PLACEMENT_3D('',#3484,#3485,#3486);
#3489=DIRECTION('',(-1.165734175856E-14,1.221245327088E-14,-1.E0));
#3490=VECTOR('',#3489,1.E-1);
#3491=CARTESIAN_POINT('',(3.726779962500E-1,3.333333333333E-1,3.E-1));
#3492=LINE('',#3491,#3490);
#3493=CARTESIAN_POINT('',(4.472135955E-1,-4.E-1,3.E-1));
#3494=DIRECTION('',(0.E0,0.E0,1.E0));
#3495=DIRECTION('',(0.E0,1.E0,0.E0));
#3496=AXIS2_PLACEMENT_3D('',#3493,#3494,#3495);
#3498=DIRECTION('',(0.E0,0.E0,-1.E0));
#3499=VECTOR('',#3498,1.E-1);
#3500=CARTESIAN_POINT('',(3.726779962500E-1,-3.333333333333E-1,3.E-1));
#3501=LINE('',#3500,#3499);
#3502=DIRECTION('',(-1.E0,0.E0,0.E0));
#3503=VECTOR('',#3502,9.683375209645E-1);
#3504=CARTESIAN_POINT('',(1.3E0,-3.E-1,3.5E-1));
#3505=LINE('',#3504,#3503);
#3506=DIRECTION('',(2.386979502944E-14,0.E0,-1.E0));
#3507=VECTOR('',#3506,1.E-1);
#3508=CARTESIAN_POINT('',(4.472135955E-1,-3.E-1,3.E-1));
#3509=LINE('',#3508,#3507);
#3510=DIRECTION('',(0.E0,0.E0,-1.E0));
#3511=VECTOR('',#3510,5.E-2);
#3512=CARTESIAN_POINT('',(3.316624790355E-1,-3.E-1,3.5E-1));
#3513=LINE('',#3512,#3511);
#3514=DIRECTION('',(0.E0,0.E0,-1.E0));
#3515=VECTOR('',#3514,5.E-2);
#3516=CARTESIAN_POINT('',(2.211083193570E-1,-3.333333333333E-1,3.5E-1));
#3517=LINE('',#3516,#3515);
#3518=DIRECTION('',(0.E0,0.E0,-1.E0));
#3519=VECTOR('',#3518,5.E-2);
#3520=CARTESIAN_POINT('',(2.211083193570E-1,3.333333333333E-1,3.5E-1));
#3521=LINE('',#3520,#3519);
#3522=CARTESIAN_POINT('',(9.E-1,7.5E-1,2.75E-1));
#3523=DIRECTION('',(0.E0,0.E0,-1.E0));
#3524=DIRECTION('',(-1.E0,0.E0,0.E0));
#3525=AXIS2_PLACEMENT_3D('',#3522,#3523,#3524);
#3527=DIRECTION('',(-1.736481776669E-1,0.E0,9.848077530122E-1));
#3528=VECTOR('',#3527,7.615699589143E-2);
#3529=CARTESIAN_POINT('',(7.25E-1,7.5E-1,2.75E-1));
#3530=LINE('',#3529,#3528);
#3531=CARTESIAN_POINT('',(9.E-1,7.5E-1,2.75E-1));
#3532=DIRECTION('',(0.E0,0.E0,1.E0));
#3533=DIRECTION('',(-1.E0,0.E0,0.E0));
#3534=AXIS2_PLACEMENT_3D('',#3531,#3532,#3533);
#3536=DIRECTION('',(1.736481776669E-1,0.E0,9.848077530122E-1));
#3537=VECTOR('',#3536,7.615699589143E-2);
#3538=CARTESIAN_POINT('',(1.075E0,7.5E-1,2.75E-1));
#3539=LINE('',#3538,#3537);
#3540=CARTESIAN_POINT('',(2.341096067005E-14,-3.E-1,1.5E-1));
#3541=DIRECTION('',(-1.E0,-7.803653556682E-14,0.E0));
#3542=DIRECTION('',(0.E0,7.105427357601E-14,1.E0));
#3543=AXIS2_PLACEMENT_3D('',#3540,#3541,#3542);
#3545=CARTESIAN_POINT('',(1.3E0,-3.E-1,2.E-1));
#3546=CARTESIAN_POINT('',(1.3E0,3.E-1,2.E-1));
#3547=VERTEX_POINT('',#3545);
#3548=VERTEX_POINT('',#3546);
#3549=CARTESIAN_POINT('',(1.3E0,-3.E-1,3.5E-1));
#3550=VERTEX_POINT('',#3549);
#3551=CARTESIAN_POINT('',(1.3E0,3.E-1,3.5E-1));
#3552=VERTEX_POINT('',#3551);
#3553=CARTESIAN_POINT('',(4.472135955E-1,-3.E-1,2.E-1));
#3554=VERTEX_POINT('',#3553);
#3555=CARTESIAN_POINT('',(4.472135955E-1,3.E-1,2.E-1));
#3556=VERTEX_POINT('',#3555);
#3557=CARTESIAN_POINT('',(0.E0,2.999999986015E-1,2.E-1));
#3558=CARTESIAN_POINT('',(0.E0,-2.999999986015E-1,2.E-1));
#3559=VERTEX_POINT('',#3557);
#3560=VERTEX_POINT('',#3558);
#3561=CARTESIAN_POINT('',(0.E0,2.5E-1,1.5E-1));
#3562=CARTESIAN_POINT('',(0.E0,-2.5E-1,1.5E-1));
#3563=VERTEX_POINT('',#3561);
#3564=VERTEX_POINT('',#3562);
#3565=CARTESIAN_POINT('',(0.E0,2.5E-1,-5.E-2));
#3566=VERTEX_POINT('',#3565);
#3567=CARTESIAN_POINT('',(0.E0,-2.5E-1,-5.E-2));
#3568=VERTEX_POINT('',#3567);
#3569=CARTESIAN_POINT('',(0.E0,-3.E-1,0.E0));
#3570=CARTESIAN_POINT('',(0.E0,3.E-1,0.E0));
#3571=VERTEX_POINT('',#3569);
#3572=VERTEX_POINT('',#3570);
#3573=VERTEX_POINT('',#3292);
#3574=VERTEX_POINT('',#3306);
#3575=VERTEX_POINT('',#3393);
#3576=VERTEX_POINT('',#3410);
#3577=VERTEX_POINT('',#2880);
#3578=VERTEX_POINT('',#2894);
#3579=VERTEX_POINT('',#2783);
#3580=VERTEX_POINT('',#2800);
#3581=CARTESIAN_POINT('',(-2.5E-1,-9.682458365519E-1,1.5E-1));
#3582=VERTEX_POINT('',#3581);
#3583=CARTESIAN_POINT('',(-2.5E-1,-1.019803902719E0,2.E-1));
#3584=VERTEX_POINT('',#3583);
#3585=CARTESIAN_POINT('',(-2.5E-1,-8.124038404636E-1,1.5E-1));
#3586=VERTEX_POINT('',#3585);
#3587=CARTESIAN_POINT('',(-2.5E-1,9.682458365519E-1,1.5E-1));
#3588=VERTEX_POINT('',#3587);
#3589=CARTESIAN_POINT('',(-2.5E-1,1.019803902719E0,2.E-1));
#3590=VERTEX_POINT('',#3589);
#3591=CARTESIAN_POINT('',(-2.5E-1,8.124038404636E-1,1.5E-1));
#3592=VERTEX_POINT('',#3591);
#3593=CARTESIAN_POINT('',(-2.5E-1,-1.019803902719E0,3.5E-1));
#3594=VERTEX_POINT('',#3593);
#3595=CARTESIAN_POINT('',(-2.5E-1,1.019803902719E0,3.5E-1));
#3596=VERTEX_POINT('',#3595);
#3597=CARTESIAN_POINT('',(9.E-1,-1.3E0,3.5E-1));
#3598=CARTESIAN_POINT('',(9.E-1,-1.15E0,3.5E-1));
#3599=VERTEX_POINT('',#3597);
#3600=VERTEX_POINT('',#3598);
#3601=CARTESIAN_POINT('',(9.E-1,-1.3E0,2.E-1));
#3602=VERTEX_POINT('',#3601);
#3603=CARTESIAN_POINT('',(9.E-1,-1.15E0,2.E-1));
#3604=VERTEX_POINT('',#3603);
#3605=CARTESIAN_POINT('',(8.5E-1,-1.1E0,2.E-1));
#3606=VERTEX_POINT('',#3605);
#3607=CARTESIAN_POINT('',(-8.5E-1,-1.1E0,2.E-1));
#3608=CARTESIAN_POINT('',(-9.E-1,-1.15E0,2.E-1));
#3609=VERTEX_POINT('',#3607);
#3610=VERTEX_POINT('',#3608);
#3611=CARTESIAN_POINT('',(8.5E-1,-1.1E0,3.5E-1));
#3612=VERTEX_POINT('',#3611);
#3613=CARTESIAN_POINT('',(-8.5E-1,-1.1E0,3.5E-1));
#3614=CARTESIAN_POINT('',(-9.E-1,-1.15E0,3.5E-1));
#3615=VERTEX_POINT('',#3613);
#3616=VERTEX_POINT('',#3614);
#3617=CARTESIAN_POINT('',(-1.3E0,-3.E-1,5.E-2));
#3618=CARTESIAN_POINT('',(-1.3E0,-3.E-1,2.E-1));
#3619=VERTEX_POINT('',#3617);
#3620=VERTEX_POINT('',#3618);
#3621=CARTESIAN_POINT('',(-1.3E0,3.E-1,5.E-2));
#3622=CARTESIAN_POINT('',(-1.3E0,3.E-1,2.E-1));
#3623=VERTEX_POINT('',#3621);
#3624=VERTEX_POINT('',#3622);
#3625=CARTESIAN_POINT('',(-9.957911427604E-1,-3.E-1,2.E-1));
#3626=CARTESIAN_POINT('',(-9.957911427604E-1,3.E-1,2.E-1));
#3627=VERTEX_POINT('',#3625);
#3628=VERTEX_POINT('',#3626);
#3629=CARTESIAN_POINT('',(3.726779962500E-1,3.333333333333E-1,2.E-1));
#3630=CARTESIAN_POINT('',(3.726779962500E-1,-3.333333333333E-1,2.E-1));
#3631=VERTEX_POINT('',#3629);
#3632=VERTEX_POINT('',#3630);
#3633=CARTESIAN_POINT('',(3.726779962500E-1,3.333333333333E-1,3.E-1));
#3634=CARTESIAN_POINT('',(3.726779962500E-1,-3.333333333333E-1,3.E-1));
#3635=VERTEX_POINT('',#3633);
#3636=VERTEX_POINT('',#3634);
#3637=CARTESIAN_POINT('',(-9.E-1,1.3E0,2.E-1));
#3638=CARTESIAN_POINT('',(9.E-1,1.3E0,2.E-1));
#3639=VERTEX_POINT('',#3637);
#3640=VERTEX_POINT('',#3638);
#3641=CARTESIAN_POINT('',(-9.E-1,1.15E0,2.E-1));
#3642=CARTESIAN_POINT('',(-8.5E-1,1.1E0,2.E-1));
#3643=VERTEX_POINT('',#3641);
#3644=VERTEX_POINT('',#3642);
#3645=CARTESIAN_POINT('',(8.5E-1,1.1E0,2.E-1));
#3646=CARTESIAN_POINT('',(9.E-1,1.15E0,2.E-1));
#3647=VERTEX_POINT('',#3645);
#3648=VERTEX_POINT('',#3646);
#3649=CARTESIAN_POINT('',(-9.E-1,1.3E0,3.5E-1));
#3650=CARTESIAN_POINT('',(-9.E-1,1.15E0,3.5E-1));
#3651=VERTEX_POINT('',#3649);
#3652=VERTEX_POINT('',#3650);
#3653=CARTESIAN_POINT('',(-8.5E-1,1.1E0,3.5E-1));
#3654=VERTEX_POINT('',#3653);
#3655=CARTESIAN_POINT('',(8.5E-1,1.1E0,3.5E-1));
#3656=CARTESIAN_POINT('',(9.E-1,1.15E0,3.5E-1));
#3657=VERTEX_POINT('',#3655);
#3658=VERTEX_POINT('',#3656);
#3659=CARTESIAN_POINT('',(9.E-1,1.3E0,3.5E-1));
#3660=VERTEX_POINT('',#3659);
#3661=CARTESIAN_POINT('',(2.5E-1,-1.05E0,3.5E-1));
#3662=CARTESIAN_POINT('',(3.E-1,-1.1E0,3.5E-1));
#3663=VERTEX_POINT('',#3661);
#3664=VERTEX_POINT('',#3662);
#3665=CARTESIAN_POINT('',(3.E-1,-1.1E0,2.E-1));
#3666=VERTEX_POINT('',#3665);
#3667=CARTESIAN_POINT('',(2.5E-1,-1.05E0,2.E-1));
#3668=VERTEX_POINT('',#3667);
#3669=CARTESIAN_POINT('',(-3.E-1,-1.1E0,3.5E-1));
#3670=CARTESIAN_POINT('',(-2.5E-1,-1.05E0,3.5E-1));
#3671=VERTEX_POINT('',#3669);
#3672=VERTEX_POINT('',#3670);
#3673=CARTESIAN_POINT('',(-2.5E-1,-1.05E0,2.E-1));
#3674=VERTEX_POINT('',#3673);
#3675=CARTESIAN_POINT('',(-3.E-1,-1.1E0,2.E-1));
#3676=VERTEX_POINT('',#3675);
#3677=CARTESIAN_POINT('',(3.E-1,1.1E0,3.5E-1));
#3678=CARTESIAN_POINT('',(2.5E-1,1.05E0,3.5E-1));
#3679=VERTEX_POINT('',#3677);
#3680=VERTEX_POINT('',#3678);
#3681=CARTESIAN_POINT('',(2.5E-1,1.05E0,2.E-1));
#3682=VERTEX_POINT('',#3681);
#3683=CARTESIAN_POINT('',(3.E-1,1.1E0,2.E-1));
#3684=VERTEX_POINT('',#3683);
#3685=CARTESIAN_POINT('',(-2.5E-1,1.05E0,3.5E-1));
#3686=CARTESIAN_POINT('',(-3.E-1,1.1E0,3.5E-1));
#3687=VERTEX_POINT('',#3685);
#3688=VERTEX_POINT('',#3686);
#3689=CARTESIAN_POINT('',(-3.E-1,1.1E0,2.E-1));
#3690=VERTEX_POINT('',#3689);
#3691=CARTESIAN_POINT('',(-2.5E-1,1.05E0,2.E-1));
#3692=VERTEX_POINT('',#3691);
#3693=CARTESIAN_POINT('',(-2.5E-1,9.682458365519E-1,5.E-2));
#3694=CARTESIAN_POINT('',(-2.5E-1,8.124038404636E-1,5.E-2));
#3695=VERTEX_POINT('',#3693);
#3696=VERTEX_POINT('',#3694);
#3697=CARTESIAN_POINT('',(-3.E-1,9.539392014169E-1,0.E0));
#3698=CARTESIAN_POINT('',(-3.E-1,7.952986860293E-1,0.E0));
#3699=VERTEX_POINT('',#3697);
#3700=VERTEX_POINT('',#3698);
#3701=CARTESIAN_POINT('',(2.5E-1,8.124038404636E-1,5.E-2));
#3702=CARTESIAN_POINT('',(2.5E-1,9.682458365519E-1,5.E-2));
#3703=VERTEX_POINT('',#3701);
#3704=VERTEX_POINT('',#3702);
#3705=CARTESIAN_POINT('',(3.E-1,7.952986860293E-1,0.E0));
#3706=CARTESIAN_POINT('',(3.E-1,9.539392014169E-1,0.E0));
#3707=VERTEX_POINT('',#3705);
#3708=VERTEX_POINT('',#3706);
#3709=CARTESIAN_POINT('',(-9.957911427604E-1,-3.E-1,5.E-2));
#3710=CARTESIAN_POINT('',(-7.998482025254E-1,-3.E-1,5.E-2));
#3711=VERTEX_POINT('',#3709);
#3712=VERTEX_POINT('',#3710);
#3713=CARTESIAN_POINT('',(-9.367496997598E-1,-3.5E-1,0.E0));
#3714=CARTESIAN_POINT('',(-7.745966692415E-1,-3.5E-1,0.E0));
#3715=VERTEX_POINT('',#3713);
#3716=VERTEX_POINT('',#3714);
#3717=CARTESIAN_POINT('',(-7.998482025254E-1,3.E-1,5.E-2));
#3718=CARTESIAN_POINT('',(-9.957911427604E-1,3.E-1,5.E-2));
#3719=VERTEX_POINT('',#3717);
#3720=VERTEX_POINT('',#3718);
#3721=CARTESIAN_POINT('',(-7.745966692415E-1,3.5E-1,0.E0));
#3722=CARTESIAN_POINT('',(-9.367496997598E-1,3.5E-1,0.E0));
#3723=VERTEX_POINT('',#3721);
#3724=VERTEX_POINT('',#3722);
#3725=CARTESIAN_POINT('',(-2.5E-1,-8.124038404636E-1,5.E-2));
#3726=CARTESIAN_POINT('',(-2.5E-1,-9.682458365519E-1,5.E-2));
#3727=VERTEX_POINT('',#3725);
#3728=VERTEX_POINT('',#3726);
#3729=CARTESIAN_POINT('',(-3.E-1,-7.952986860293E-1,0.E0));
#3730=CARTESIAN_POINT('',(-3.E-1,-9.539392014169E-1,0.E0));
#3731=VERTEX_POINT('',#3729);
#3732=VERTEX_POINT('',#3730);
#3733=CARTESIAN_POINT('',(2.5E-1,-9.682458365519E-1,5.E-2));
#3734=CARTESIAN_POINT('',(2.5E-1,-8.124038404636E-1,5.E-2));
#3735=VERTEX_POINT('',#3733);
#3736=VERTEX_POINT('',#3734);
#3737=CARTESIAN_POINT('',(3.E-1,-9.539392014169E-1,0.E0));
#3738=CARTESIAN_POINT('',(3.E-1,-7.952986860293E-1,0.E0));
#3739=VERTEX_POINT('',#3737);
#3740=VERTEX_POINT('',#3738);
#3741=VERTEX_POINT('',#3044);
#3742=VERTEX_POINT('',#3062);
#3743=VERTEX_POINT('',#3104);
#3744=VERTEX_POINT('',#3122);
#3745=CARTESIAN_POINT('',(-9.E-1,-1.3E0,0.E0));
#3746=CARTESIAN_POINT('',(-1.3E0,-9.E-1,0.E0));
#3747=VERTEX_POINT('',#3745);
#3748=VERTEX_POINT('',#3746);
#3749=CARTESIAN_POINT('',(-1.3E0,-9.E-1,3.5E-1));
#3750=VERTEX_POINT('',#3749);
#3751=CARTESIAN_POINT('',(-9.E-1,-1.3E0,3.5E-1));
#3752=VERTEX_POINT('',#3751);
#3753=CARTESIAN_POINT('',(-9.E-1,-1.3E0,2.E-1));
#3754=VERTEX_POINT('',#3753);
#3755=CARTESIAN_POINT('',(-1.3E0,1.15E0,0.E0));
#3756=CARTESIAN_POINT('',(-1.15E0,1.3E0,0.E0));
#3757=VERTEX_POINT('',#3755);
#3758=VERTEX_POINT('',#3756);
#3759=CARTESIAN_POINT('',(-1.15E0,1.3E0,3.5E-1));
#3760=VERTEX_POINT('',#3759);
#3761=CARTESIAN_POINT('',(-1.3E0,1.15E0,3.5E-1));
#3762=VERTEX_POINT('',#3761);
#3763=CARTESIAN_POINT('',(1.15E0,1.3E0,0.E0));
#3764=CARTESIAN_POINT('',(1.3E0,1.15E0,0.E0));
#3765=VERTEX_POINT('',#3763);
#3766=VERTEX_POINT('',#3764);
#3767=CARTESIAN_POINT('',(1.3E0,1.15E0,3.5E-1));
#3768=VERTEX_POINT('',#3767);
#3769=CARTESIAN_POINT('',(1.15E0,1.3E0,3.5E-1));
#3770=VERTEX_POINT('',#3769);
#3771=CARTESIAN_POINT('',(1.3E0,-1.15E0,0.E0));
#3772=CARTESIAN_POINT('',(1.15E0,-1.3E0,0.E0));
#3773=VERTEX_POINT('',#3771);
#3774=VERTEX_POINT('',#3772);
#3775=CARTESIAN_POINT('',(1.15E0,-1.3E0,3.5E-1));
#3776=VERTEX_POINT('',#3775);
#3777=CARTESIAN_POINT('',(1.3E0,-1.15E0,3.5E-1));
#3778=VERTEX_POINT('',#3777);
#3779=CARTESIAN_POINT('',(7.25E-1,7.5E-1,2.75E-1));
#3780=CARTESIAN_POINT('',(1.075E0,7.5E-1,2.75E-1));
#3781=VERTEX_POINT('',#3779);
#3782=VERTEX_POINT('',#3780);
#3783=CARTESIAN_POINT('',(7.117754764469E-1,7.5E-1,3.5E-1));
#3784=CARTESIAN_POINT('',(1.088224523553E0,7.5E-1,3.5E-1));
#3785=VERTEX_POINT('',#3783);
#3786=VERTEX_POINT('',#3784);
#3787=CARTESIAN_POINT('',(2.211083193570E-1,-3.333333333333E-1,3.5E-1));
#3788=CARTESIAN_POINT('',(2.211083193570E-1,3.333333333333E-1,3.5E-1));
#3789=VERTEX_POINT('',#3787);
#3790=VERTEX_POINT('',#3788);
#3791=CARTESIAN_POINT('',(2.211083193570E-1,-3.333333333333E-1,3.E-1));
#3792=CARTESIAN_POINT('',(2.211083193570E-1,3.333333333333E-1,3.E-1));
#3793=VERTEX_POINT('',#3791);
#3794=VERTEX_POINT('',#3792);
#3795=CARTESIAN_POINT('',(4.472135955E-1,3.E-1,3.E-1));
#3796=VERTEX_POINT('',#3795);
#3797=CARTESIAN_POINT('',(4.472135955E-1,-3.E-1,3.E-1));
#3798=VERTEX_POINT('',#3797);
#3799=CARTESIAN_POINT('',(3.316624790355E-1,3.E-1,3.E-1));
#3800=VERTEX_POINT('',#3799);
#3801=CARTESIAN_POINT('',(3.316624790355E-1,-3.E-1,3.E-1));
#3802=VERTEX_POINT('',#3801);
#3803=CARTESIAN_POINT('',(3.316624790355E-1,3.E-1,3.5E-1));
#3804=VERTEX_POINT('',#3803);
#3805=CARTESIAN_POINT('',(3.316624790355E-1,-3.E-1,3.5E-1));
#3806=VERTEX_POINT('',#3805);
#3807=CARTESIAN_POINT('',(0.E0,0.E0,0.E0));
#3808=DIRECTION('',(0.E0,0.E0,1.E0));
#3809=DIRECTION('',(-1.E0,0.E0,0.E0));
#3810=AXIS2_PLACEMENT_3D('',#3807,#3808,#3809);
#3811=PLANE('',#3810);
#3813=ORIENTED_EDGE('',*,*,#3812,.F.);
#3815=ORIENTED_EDGE('',*,*,#3814,.T.);
#3817=ORIENTED_EDGE('',*,*,#3816,.F.);
#3819=ORIENTED_EDGE('',*,*,#3818,.T.);
#3821=ORIENTED_EDGE('',*,*,#3820,.F.);
#3823=ORIENTED_EDGE('',*,*,#3822,.T.);
#3825=ORIENTED_EDGE('',*,*,#3824,.F.);
#3827=ORIENTED_EDGE('',*,*,#3826,.T.);
#3828=EDGE_LOOP('',(#3813,#3815,#3817,#3819,#3821,#3823,#3825,#3827));
#3829=FACE_OUTER_BOUND('',#3828,.F.);
#3831=ORIENTED_EDGE('',*,*,#3830,.F.);
#3833=ORIENTED_EDGE('',*,*,#3832,.F.);
#3835=ORIENTED_EDGE('',*,*,#3834,.F.);
#3837=ORIENTED_EDGE('',*,*,#3836,.F.);
#3838=EDGE_LOOP('',(#3831,#3833,#3835,#3837));
#3839=FACE_BOUND('',#3838,.F.);
#3841=ORIENTED_EDGE('',*,*,#3840,.F.);
#3843=ORIENTED_EDGE('',*,*,#3842,.F.);
#3845=ORIENTED_EDGE('',*,*,#3844,.F.);
#3847=ORIENTED_EDGE('',*,*,#3846,.F.);
#3848=EDGE_LOOP('',(#3841,#3843,#3845,#3847));
#3849=FACE_BOUND('',#3848,.F.);
#3851=ORIENTED_EDGE('',*,*,#3850,.F.);
#3853=ORIENTED_EDGE('',*,*,#3852,.F.);
#3855=ORIENTED_EDGE('',*,*,#3854,.F.);
#3857=ORIENTED_EDGE('',*,*,#3856,.F.);
#3858=EDGE_LOOP('',(#3851,#3853,#3855,#3857));
#3859=FACE_BOUND('',#3858,.F.);
#3861=ORIENTED_EDGE('',*,*,#3860,.F.);
#3863=ORIENTED_EDGE('',*,*,#3862,.F.);
#3864=EDGE_LOOP('',(#3861,#3863));
#3865=FACE_BOUND('',#3864,.F.);
#3867=CARTESIAN_POINT('',(0.E0,0.E0,-2.5E-2));
#3868=DIRECTION('',(0.E0,0.E0,1.E0));
#3869=DIRECTION('',(0.E0,1.E0,0.E0));
#3870=AXIS2_PLACEMENT_3D('',#3867,#3868,#3869);
#3871=CONICAL_SURFACE('',#3870,2.75E-1,4.5E1);
#3872=ORIENTED_EDGE('',*,*,#3860,.T.);
#3874=ORIENTED_EDGE('',*,*,#3873,.T.);
#3876=ORIENTED_EDGE('',*,*,#3875,.F.);
#3878=ORIENTED_EDGE('',*,*,#3877,.F.);
#3879=EDGE_LOOP('',(#3872,#3874,#3876,#3878));
#3880=FACE_OUTER_BOUND('',#3879,.F.);
#3882=CARTESIAN_POINT('',(0.E0,0.E0,-2.5E-2));
#3883=DIRECTION('',(0.E0,0.E0,1.E0));
#3884=DIRECTION('',(0.E0,1.E0,0.E0));
#3885=AXIS2_PLACEMENT_3D('',#3882,#3883,#3884);
#3886=CONICAL_SURFACE('',#3885,2.75E-1,4.5E1);
#3887=ORIENTED_EDGE('',*,*,#3862,.T.);
#3888=ORIENTED_EDGE('',*,*,#3877,.T.);
#3890=ORIENTED_EDGE('',*,*,#3889,.T.);
#3891=ORIENTED_EDGE('',*,*,#3873,.F.);
#3892=EDGE_LOOP('',(#3887,#3888,#3890,#3891));
#3893=FACE_OUTER_BOUND('',#3892,.F.);
#3895=CARTESIAN_POINT('',(0.E0,0.E0,3.5E-1));
#3896=DIRECTION('',(0.E0,0.E0,1.E0));
#3897=DIRECTION('',(0.E0,1.E0,0.E0));
#3898=AXIS2_PLACEMENT_3D('',#3895,#3896,#3897);
#3899=CYLINDRICAL_SURFACE('',#3898,2.5E-1);
#3901=ORIENTED_EDGE('',*,*,#3900,.T.);
#3902=ORIENTED_EDGE('',*,*,#3889,.F.);
#3904=ORIENTED_EDGE('',*,*,#3903,.T.);
#3906=ORIENTED_EDGE('',*,*,#3905,.T.);
#3907=EDGE_LOOP('',(#3901,#3902,#3904,#3906));
#3908=FACE_OUTER_BOUND('',#3907,.F.);
#3910=CARTESIAN_POINT('',(0.E0,0.E0,3.5E-1));
#3911=DIRECTION('',(0.E0,0.E0,1.E0));
#3912=DIRECTION('',(0.E0,1.E0,0.E0));
#3913=AXIS2_PLACEMENT_3D('',#3910,#3911,#3912);
#3914=CYLINDRICAL_SURFACE('',#3913,2.5E-1);
#3915=ORIENTED_EDGE('',*,*,#3903,.F.);
#3916=ORIENTED_EDGE('',*,*,#3875,.T.);
#3917=ORIENTED_EDGE('',*,*,#3900,.F.);
#3919=ORIENTED_EDGE('',*,*,#3918,.T.);
#3920=EDGE_LOOP('',(#3915,#3916,#3917,#3919));
#3921=FACE_OUTER_BOUND('',#3920,.F.);
#3923=CARTESIAN_POINT('',(0.E0,0.E0,1.5E-1));
#3924=DIRECTION('',(0.E0,0.E0,1.E0));
#3925=DIRECTION('',(-8.737328826901E-3,9.999618288140E-1,0.E0));
#3926=AXIS2_PLACEMENT_3D('',#3923,#3924,#3925);
#3927=TOROIDAL_SURFACE('',#3926,3.E-1,5.E-2);
#3929=ORIENTED_EDGE('',*,*,#3928,.T.);
#3931=ORIENTED_EDGE('',*,*,#3930,.T.);
#3932=ORIENTED_EDGE('',*,*,#3918,.F.);
#3934=ORIENTED_EDGE('',*,*,#3933,.F.);
#3935=EDGE_LOOP('',(#3929,#3931,#3932,#3934));
#3936=FACE_OUTER_BOUND('',#3935,.F.);
#3938=CARTESIAN_POINT('',(0.E0,0.E0,2.E-1));
#3939=DIRECTION('',(0.E0,0.E0,1.E0));
#3940=DIRECTION('',(0.E0,1.E0,0.E0));
#3941=AXIS2_PLACEMENT_3D('',#3938,#3939,#3940);
#3942=PLANE('',#3941);
#3944=ORIENTED_EDGE('',*,*,#3943,.F.);
#3946=ORIENTED_EDGE('',*,*,#3945,.F.);
#3948=ORIENTED_EDGE('',*,*,#3947,.F.);
#3950=ORIENTED_EDGE('',*,*,#3949,.F.);
#3952=ORIENTED_EDGE('',*,*,#3951,.F.);
#3954=ORIENTED_EDGE('',*,*,#3953,.F.);
#3955=EDGE_LOOP('',(#3944,#3946,#3948,#3950,#3952,#3954));
#3956=FACE_OUTER_BOUND('',#3955,.F.);
#3957=ORIENTED_EDGE('',*,*,#3928,.F.);
#3959=ORIENTED_EDGE('',*,*,#3958,.F.);
#3960=EDGE_LOOP('',(#3957,#3959));
#3961=FACE_BOUND('',#3960,.F.);
#3963=CARTESIAN_POINT('',(1.3E0,-1.3E0,0.E0));
#3964=DIRECTION('',(1.E0,0.E0,0.E0));
#3965=DIRECTION('',(0.E0,1.E0,0.E0));
#3966=AXIS2_PLACEMENT_3D('',#3963,#3964,#3965);
#3967=PLANE('',#3966);
#3969=ORIENTED_EDGE('',*,*,#3968,.T.);
#3970=ORIENTED_EDGE('',*,*,#3822,.F.);
#3972=ORIENTED_EDGE('',*,*,#3971,.F.);
#3974=ORIENTED_EDGE('',*,*,#3973,.T.);
#3976=ORIENTED_EDGE('',*,*,#3975,.T.);
#3977=ORIENTED_EDGE('',*,*,#3943,.T.);
#3979=ORIENTED_EDGE('',*,*,#3978,.F.);
#3981=ORIENTED_EDGE('',*,*,#3980,.T.);
#3982=EDGE_LOOP('',(#3969,#3970,#3972,#3974,#3976,#3977,#3979,#3981));
#3983=FACE_OUTER_BOUND('',#3982,.F.);
#3985=CARTESIAN_POINT('',(1.15E0,1.15E0,8.7144E-1));
#3986=DIRECTION('',(0.E0,0.E0,-1.E0));
#3987=DIRECTION('',(0.E0,1.E0,0.E0));
#3988=AXIS2_PLACEMENT_3D('',#3985,#3986,#3987);
#3989=CYLINDRICAL_SURFACE('',#3988,1.5E-1);
#3990=ORIENTED_EDGE('',*,*,#3824,.T.);
#3991=ORIENTED_EDGE('',*,*,#3968,.F.);
#3993=ORIENTED_EDGE('',*,*,#3992,.T.);
#3995=ORIENTED_EDGE('',*,*,#3994,.T.);
#3996=EDGE_LOOP('',(#3990,#3991,#3993,#3995));
#3997=FACE_OUTER_BOUND('',#3996,.F.);
#3999=CARTESIAN_POINT('',(0.E0,0.E0,3.5E-1));
#4000=DIRECTION('',(0.E0,0.E0,1.E0));
#4001=DIRECTION('',(-1.E0,0.E0,0.E0));
#4002=AXIS2_PLACEMENT_3D('',#3999,#4000,#4001);
#4003=PLANE('',#4002);
#4005=ORIENTED_EDGE('',*,*,#4004,.F.);
#4007=ORIENTED_EDGE('',*,*,#4006,.F.);
#4009=ORIENTED_EDGE('',*,*,#4008,.T.);
#4011=ORIENTED_EDGE('',*,*,#4010,.T.);
#4013=ORIENTED_EDGE('',*,*,#4012,.T.);
#4015=ORIENTED_EDGE('',*,*,#4014,.F.);
#4017=ORIENTED_EDGE('',*,*,#4016,.F.);
#4019=ORIENTED_EDGE('',*,*,#4018,.F.);
#4021=ORIENTED_EDGE('',*,*,#4020,.F.);
#4023=ORIENTED_EDGE('',*,*,#4022,.F.);
#4025=ORIENTED_EDGE('',*,*,#4024,.T.);
#4027=ORIENTED_EDGE('',*,*,#4026,.T.);
#4029=ORIENTED_EDGE('',*,*,#4028,.F.);
#4031=ORIENTED_EDGE('',*,*,#4030,.F.);
#4032=ORIENTED_EDGE('',*,*,#3992,.F.);
#4033=ORIENTED_EDGE('',*,*,#3980,.F.);
#4035=ORIENTED_EDGE('',*,*,#4034,.F.);
#4037=ORIENTED_EDGE('',*,*,#4036,.F.);
#4039=ORIENTED_EDGE('',*,*,#4038,.F.);
#4041=ORIENTED_EDGE('',*,*,#4040,.F.);
#4043=ORIENTED_EDGE('',*,*,#4042,.F.);
#4044=ORIENTED_EDGE('',*,*,#3973,.F.);
#4046=ORIENTED_EDGE('',*,*,#4045,.F.);
#4048=ORIENTED_EDGE('',*,*,#4047,.F.);
#4050=ORIENTED_EDGE('',*,*,#4049,.T.);
#4052=ORIENTED_EDGE('',*,*,#4051,.T.);
#4054=ORIENTED_EDGE('',*,*,#4053,.T.);
#4056=ORIENTED_EDGE('',*,*,#4055,.F.);
#4058=ORIENTED_EDGE('',*,*,#4057,.F.);
#4060=ORIENTED_EDGE('',*,*,#4059,.F.);
#4062=ORIENTED_EDGE('',*,*,#4061,.F.);
#4064=ORIENTED_EDGE('',*,*,#4063,.F.);
#4066=ORIENTED_EDGE('',*,*,#4065,.T.);
#4068=ORIENTED_EDGE('',*,*,#4067,.T.);
#4070=ORIENTED_EDGE('',*,*,#4069,.F.);
#4072=ORIENTED_EDGE('',*,*,#4071,.F.);
#4074=ORIENTED_EDGE('',*,*,#4073,.F.);
#4075=EDGE_LOOP('',(#4005,#4007,#4009,#4011,#4013,#4015,#4017,#4019,#4021,#4023,
#4025,#4027,#4029,#4031,#4032,#4033,#4035,#4037,#4039,#4041,#4043,#4044,#4046,
#4048,#4050,#4052,#4054,#4056,#4058,#4060,#4062,#4064,#4066,#4068,#4070,#4072,
#4074));
#4076=FACE_OUTER_BOUND('',#4075,.F.);
#4078=ORIENTED_EDGE('',*,*,#4077,.F.);
#4080=ORIENTED_EDGE('',*,*,#4079,.F.);
#4081=EDGE_LOOP('',(#4078,#4080));
#4082=FACE_BOUND('',#4081,.F.);
#4084=CARTESIAN_POINT('',(-1.15E0,1.15E0,8.7144E-1));
#4085=DIRECTION('',(0.E0,0.E0,-1.E0));
#4086=DIRECTION('',(-1.E0,0.E0,0.E0));
#4087=AXIS2_PLACEMENT_3D('',#4084,#4085,#4086);
#4088=CYLINDRICAL_SURFACE('',#4087,1.5E-1);
#4089=ORIENTED_EDGE('',*,*,#3812,.T.);
#4091=ORIENTED_EDGE('',*,*,#4090,.F.);
#4092=ORIENTED_EDGE('',*,*,#4004,.T.);
#4094=ORIENTED_EDGE('',*,*,#4093,.T.);
#4095=EDGE_LOOP('',(#4089,#4091,#4092,#4094));
#4096=FACE_OUTER_BOUND('',#4095,.F.);
#4098=CARTESIAN_POINT('',(1.3E0,1.3E0,0.E0));
#4099=DIRECTION('',(0.E0,1.E0,0.E0));
#4100=DIRECTION('',(-1.E0,0.E0,0.E0));
#4101=AXIS2_PLACEMENT_3D('',#4098,#4099,#4100);
#4102=PLANE('',#4101);
#4103=ORIENTED_EDGE('',*,*,#4090,.T.);
#4104=ORIENTED_EDGE('',*,*,#3826,.F.);
#4105=ORIENTED_EDGE('',*,*,#3994,.F.);
#4106=ORIENTED_EDGE('',*,*,#4030,.T.);
#4108=ORIENTED_EDGE('',*,*,#4107,.T.);
#4110=ORIENTED_EDGE('',*,*,#4109,.F.);
#4112=ORIENTED_EDGE('',*,*,#4111,.F.);
#4113=ORIENTED_EDGE('',*,*,#4006,.T.);
#4114=EDGE_LOOP('',(#4103,#4104,#4105,#4106,#4108,#4110,#4112,#4113));
#4115=FACE_OUTER_BOUND('',#4114,.F.);
#4117=CARTESIAN_POINT('',(9.E-1,1.15E0,3.5E-1));
#4118=DIRECTION('',(1.E0,0.E0,0.E0));
#4119=DIRECTION('',(0.E0,1.E0,0.E0));
#4120=AXIS2_PLACEMENT_3D('',#4117,#4118,#4119);
#4121=PLANE('',#4120);
#4122=ORIENTED_EDGE('',*,*,#4028,.T.);
#4124=ORIENTED_EDGE('',*,*,#4123,.T.);
#4126=ORIENTED_EDGE('',*,*,#4125,.T.);
#4127=ORIENTED_EDGE('',*,*,#4107,.F.);
#4128=EDGE_LOOP('',(#4122,#4124,#4126,#4127));
#4129=FACE_OUTER_BOUND('',#4128,.F.);
#4131=CARTESIAN_POINT('',(8.5E-1,1.15E0,3.5E-1));
#4132=DIRECTION('',(0.E0,0.E0,1.E0));
#4133=DIRECTION('',(0.E0,-1.E0,0.E0));
#4134=AXIS2_PLACEMENT_3D('',#4131,#4132,#4133);
#4135=CYLINDRICAL_SURFACE('',#4134,5.E-2);
#4136=ORIENTED_EDGE('',*,*,#4026,.F.);
#4138=ORIENTED_EDGE('',*,*,#4137,.T.);
#4140=ORIENTED_EDGE('',*,*,#4139,.T.);
#4141=ORIENTED_EDGE('',*,*,#4123,.F.);
#4142=EDGE_LOOP('',(#4136,#4138,#4140,#4141));
#4143=FACE_OUTER_BOUND('',#4142,.F.);
#4145=CARTESIAN_POINT('',(2.5E-1,1.1E0,3.5E-1));
#4146=DIRECTION('',(0.E0,-1.E0,0.E0));
#4147=DIRECTION('',(1.E0,0.E0,0.E0));
#4148=AXIS2_PLACEMENT_3D('',#4145,#4146,#4147);
#4149=PLANE('',#4148);
#4151=ORIENTED_EDGE('',*,*,#4150,.F.);
#4153=ORIENTED_EDGE('',*,*,#4152,.T.);
#4154=ORIENTED_EDGE('',*,*,#4137,.F.);
#4155=ORIENTED_EDGE('',*,*,#4024,.F.);
#4156=EDGE_LOOP('',(#4151,#4153,#4154,#4155));
#4157=FACE_OUTER_BOUND('',#4156,.F.);
#4159=CARTESIAN_POINT('',(3.E-1,1.05E0,-5.7144E-1));
#4160=DIRECTION('',(0.E0,0.E0,1.E0));
#4161=DIRECTION('',(0.E0,1.E0,0.E0));
#4162=AXIS2_PLACEMENT_3D('',#4159,#4160,#4161);
#4163=CYLINDRICAL_SURFACE('',#4162,5.E-2);
#4164=ORIENTED_EDGE('',*,*,#4022,.T.);
#4166=ORIENTED_EDGE('',*,*,#4165,.F.);
#4168=ORIENTED_EDGE('',*,*,#4167,.T.);
#4169=ORIENTED_EDGE('',*,*,#4150,.T.);
#4170=EDGE_LOOP('',(#4164,#4166,#4168,#4169));
#4171=FACE_OUTER_BOUND('',#4170,.F.);
#4173=CARTESIAN_POINT('',(2.5E-1,1.15E0,3.5E-1));
#4174=DIRECTION('',(-1.E0,0.E0,0.E0));
#4175=DIRECTION('',(0.E0,-1.E0,0.E0));
#4176=AXIS2_PLACEMENT_3D('',#4173,#4174,#4175);
#4177=PLANE('',#4176);
#4179=ORIENTED_EDGE('',*,*,#4178,.T.);
#4181=ORIENTED_EDGE('',*,*,#4180,.T.);
#4183=ORIENTED_EDGE('',*,*,#4182,.F.);
#4185=ORIENTED_EDGE('',*,*,#4184,.T.);
#4186=ORIENTED_EDGE('',*,*,#4165,.T.);
#4187=ORIENTED_EDGE('',*,*,#4020,.T.);
#4189=ORIENTED_EDGE('',*,*,#4188,.F.);
#4191=ORIENTED_EDGE('',*,*,#4190,.F.);
#4192=EDGE_LOOP('',(#4179,#4181,#4183,#4185,#4186,#4187,#4189,#4191));
#4193=FACE_OUTER_BOUND('',#4192,.F.);
#4195=CARTESIAN_POINT('',(3.E-1,-4.68936E0,5.E-2));
#4196=DIRECTION('',(0.E0,1.E0,0.E0));
#4197=DIRECTION('',(0.E0,0.E0,-1.E0));
#4198=AXIS2_PLACEMENT_3D('',#4195,#4196,#4197);
#4199=CYLINDRICAL_SURFACE('',#4198,5.E-2);
#4200=ORIENTED_EDGE('',*,*,#4178,.F.);
#4202=ORIENTED_EDGE('',*,*,#4201,.T.);
#4203=ORIENTED_EDGE('',*,*,#3834,.T.);
#4205=ORIENTED_EDGE('',*,*,#4204,.T.);
#4206=EDGE_LOOP('',(#4200,#4202,#4203,#4205));
#4207=FACE_OUTER_BOUND('',#4206,.F.);
#4209=CARTESIAN_POINT('',(0.E0,0.E0,-1.75E-2));
#4210=DIRECTION('',(0.E0,0.E0,1.E0));
#4211=DIRECTION('',(-1.E0,0.E0,0.E0));
#4212=AXIS2_PLACEMENT_3D('',#4209,#4210,#4211);
#4213=CYLINDRICAL_SURFACE('',#4212,8.5E-1);
#4214=ORIENTED_EDGE('',*,*,#3836,.T.);
#4215=ORIENTED_EDGE('',*,*,#4201,.F.);
#4216=ORIENTED_EDGE('',*,*,#4190,.T.);
#4218=ORIENTED_EDGE('',*,*,#4217,.F.);
#4220=ORIENTED_EDGE('',*,*,#4219,.F.);
#4222=ORIENTED_EDGE('',*,*,#4221,.F.);
#4223=EDGE_LOOP('',(#4214,#4215,#4216,#4218,#4220,#4222));
#4224=FACE_OUTER_BOUND('',#4223,.F.);
#4226=CARTESIAN_POINT('',(0.E0,0.E0,1.5E-1));
#4227=DIRECTION('',(0.E0,0.E0,1.E0));
#4228=DIRECTION('',(-1.E0,0.E0,0.E0));
#4229=AXIS2_PLACEMENT_3D('',#4226,#4227,#4228);
#4230=TOROIDAL_SURFACE('',#4229,1.05E0,2.E-1);
#4231=ORIENTED_EDGE('',*,*,#4188,.T.);
#4232=ORIENTED_EDGE('',*,*,#4018,.T.);
#4234=ORIENTED_EDGE('',*,*,#4233,.T.);
#4235=ORIENTED_EDGE('',*,*,#4217,.T.);
#4236=EDGE_LOOP('',(#4231,#4232,#4234,#4235));
#4237=FACE_OUTER_BOUND('',#4236,.F.);
#4239=CARTESIAN_POINT('',(-2.5E-1,8.124038404636E-1,3.5E-1));
#4240=DIRECTION('',(1.E0,0.E0,0.E0));
#4241=DIRECTION('',(0.E0,1.E0,0.E0));
#4242=AXIS2_PLACEMENT_3D('',#4239,#4240,#4241);
#4243=PLANE('',#4242);
#4245=ORIENTED_EDGE('',*,*,#4244,.T.);
#4246=ORIENTED_EDGE('',*,*,#4219,.T.);
#4247=ORIENTED_EDGE('',*,*,#4233,.F.);
#4248=ORIENTED_EDGE('',*,*,#4016,.T.);
#4250=ORIENTED_EDGE('',*,*,#4249,.F.);
#4252=ORIENTED_EDGE('',*,*,#4251,.T.);
#4254=ORIENTED_EDGE('',*,*,#4253,.F.);
#4256=ORIENTED_EDGE('',*,*,#4255,.F.);
#4257=EDGE_LOOP('',(#4245,#4246,#4247,#4248,#4250,#4252,#4254,#4256));
#4258=FACE_OUTER_BOUND('',#4257,.F.);
#4260=CARTESIAN_POINT('',(-3.E-1,4.68936E0,5.E-2));
#4261=DIRECTION('',(0.E0,-1.E0,0.E0));
#4262=DIRECTION('',(0.E0,0.E0,-1.E0));
#4263=AXIS2_PLACEMENT_3D('',#4260,#4261,#4262);
#4264=CYLINDRICAL_SURFACE('',#4263,5.E-2);
#4265=ORIENTED_EDGE('',*,*,#4244,.F.);
#4267=ORIENTED_EDGE('',*,*,#4266,.T.);
#4268=ORIENTED_EDGE('',*,*,#3830,.T.);
#4269=ORIENTED_EDGE('',*,*,#4221,.T.);
#4270=EDGE_LOOP('',(#4265,#4267,#4268,#4269));
#4271=FACE_OUTER_BOUND('',#4270,.F.);
#4273=CARTESIAN_POINT('',(0.E0,0.E0,-1.75E-2));
#4274=DIRECTION('',(0.E0,0.E0,1.E0));
#4275=DIRECTION('',(-1.E0,0.E0,0.E0));
#4276=AXIS2_PLACEMENT_3D('',#4273,#4274,#4275);
#4277=CYLINDRICAL_SURFACE('',#4276,1.E0);
#4278=ORIENTED_EDGE('',*,*,#4180,.F.);
#4279=ORIENTED_EDGE('',*,*,#4204,.F.);
#4280=ORIENTED_EDGE('',*,*,#3832,.T.);
#4281=ORIENTED_EDGE('',*,*,#4266,.F.);
#4282=ORIENTED_EDGE('',*,*,#4255,.T.);
#4284=ORIENTED_EDGE('',*,*,#4283,.T.);
#4285=EDGE_LOOP('',(#4278,#4279,#4280,#4281,#4282,#4284));
#4286=FACE_OUTER_BOUND('',#4285,.F.);
#4288=CARTESIAN_POINT('',(0.E0,0.E0,1.5E-1));
#4289=DIRECTION('',(0.E0,0.E0,1.E0));
#4290=DIRECTION('',(-1.E0,0.E0,0.E0));
#4291=AXIS2_PLACEMENT_3D('',#4288,#4289,#4290);
#4292=TOROIDAL_SURFACE('',#4291,1.05E0,5.E-2);
#4293=ORIENTED_EDGE('',*,*,#4182,.T.);
#4294=ORIENTED_EDGE('',*,*,#4283,.F.);
#4295=ORIENTED_EDGE('',*,*,#4253,.T.);
#4297=ORIENTED_EDGE('',*,*,#4296,.T.);
#4298=EDGE_LOOP('',(#4293,#4294,#4295,#4297));
#4299=FACE_OUTER_BOUND('',#4298,.F.);
#4301=CARTESIAN_POINT('',(0.E0,0.E0,2.E-1));
#4302=DIRECTION('',(0.E0,0.E0,1.E0));
#4303=DIRECTION('',(-1.E0,0.E0,0.E0));
#4304=AXIS2_PLACEMENT_3D('',#4301,#4302,#4303);
#4305=PLANE('',#4304);
#4306=ORIENTED_EDGE('',*,*,#4152,.F.);
#4307=ORIENTED_EDGE('',*,*,#4167,.F.);
#4308=ORIENTED_EDGE('',*,*,#4184,.F.);
#4309=ORIENTED_EDGE('',*,*,#4296,.F.);
#4310=ORIENTED_EDGE('',*,*,#4251,.F.);
#4312=ORIENTED_EDGE('',*,*,#4311,.F.);
#4314=ORIENTED_EDGE('',*,*,#4313,.F.);
#4316=ORIENTED_EDGE('',*,*,#4315,.F.);
#4318=ORIENTED_EDGE('',*,*,#4317,.F.);
#4319=ORIENTED_EDGE('',*,*,#4109,.T.);
#4320=ORIENTED_EDGE('',*,*,#4125,.F.);
#4321=ORIENTED_EDGE('',*,*,#4139,.F.);
#4322=EDGE_LOOP('',(#4306,#4307,#4308,#4309,#4310,#4312,#4314,#4316,#4318,#4319,
#4320,#4321));
#4323=FACE_OUTER_BOUND('',#4322,.F.);
#4325=CARTESIAN_POINT('',(0.E0,0.E0,2.E-1));
#4326=DIRECTION('',(0.E0,0.E0,1.E0));
#4327=DIRECTION('',(-1.E0,0.E0,0.E0));
#4328=AXIS2_PLACEMENT_3D('',#4325,#4326,#4327);
#4329=PLANE('',#4328);
#4331=ORIENTED_EDGE('',*,*,#4330,.F.);
#4333=ORIENTED_EDGE('',*,*,#4332,.F.);
#4335=ORIENTED_EDGE('',*,*,#4334,.F.);
#4337=ORIENTED_EDGE('',*,*,#4336,.F.);
#4339=ORIENTED_EDGE('',*,*,#4338,.F.);
#4341=ORIENTED_EDGE('',*,*,#4340,.T.);
#4343=ORIENTED_EDGE('',*,*,#4342,.F.);
#4345=ORIENTED_EDGE('',*,*,#4344,.F.);
#4347=ORIENTED_EDGE('',*,*,#4346,.F.);
#4349=ORIENTED_EDGE('',*,*,#4348,.F.);
#4351=ORIENTED_EDGE('',*,*,#4350,.F.);
#4353=ORIENTED_EDGE('',*,*,#4352,.F.);
#4354=EDGE_LOOP('',(#4331,#4333,#4335,#4337,#4339,#4341,#4343,#4345,#4347,#4349,
#4351,#4353));
#4355=FACE_OUTER_BOUND('',#4354,.F.);
#4357=CARTESIAN_POINT('',(-3.E-1,1.05E0,-5.7144E-1));
#4358=DIRECTION('',(0.E0,0.E0,1.E0));
#4359=DIRECTION('',(1.E0,0.E0,0.E0));
#4360=AXIS2_PLACEMENT_3D('',#4357,#4358,#4359);
#4361=CYLINDRICAL_SURFACE('',#4360,5.E-2);
#4362=ORIENTED_EDGE('',*,*,#4014,.T.);
#4364=ORIENTED_EDGE('',*,*,#4363,.F.);
#4365=ORIENTED_EDGE('',*,*,#4311,.T.);
#4366=ORIENTED_EDGE('',*,*,#4249,.T.);
#4367=EDGE_LOOP('',(#4362,#4364,#4365,#4366));
#4368=FACE_OUTER_BOUND('',#4367,.F.);
#4370=CARTESIAN_POINT('',(-8.5E-1,1.1E0,3.5E-1));
#4371=DIRECTION('',(0.E0,-1.E0,0.E0));
#4372=DIRECTION('',(1.E0,0.E0,0.E0));
#4373=AXIS2_PLACEMENT_3D('',#4370,#4371,#4372);
#4374=PLANE('',#4373);
#4375=ORIENTED_EDGE('',*,*,#4363,.T.);
#4376=ORIENTED_EDGE('',*,*,#4012,.F.);
#4378=ORIENTED_EDGE('',*,*,#4377,.T.);
#4379=ORIENTED_EDGE('',*,*,#4313,.T.);
#4380=EDGE_LOOP('',(#4375,#4376,#4378,#4379));
#4381=FACE_OUTER_BOUND('',#4380,.F.);
#4383=CARTESIAN_POINT('',(-8.5E-1,1.15E0,3.5E-1));
#4384=DIRECTION('',(0.E0,0.E0,1.E0));
#4385=DIRECTION('',(0.E0,-1.E0,0.E0));
#4386=AXIS2_PLACEMENT_3D('',#4383,#4384,#4385);
#4387=CYLINDRICAL_SURFACE('',#4386,5.E-2);
#4388=ORIENTED_EDGE('',*,*,#4010,.F.);
#4390=ORIENTED_EDGE('',*,*,#4389,.T.);
#4391=ORIENTED_EDGE('',*,*,#4315,.T.);
#4392=ORIENTED_EDGE('',*,*,#4377,.F.);
#4393=EDGE_LOOP('',(#4388,#4390,#4391,#4392));
#4394=FACE_OUTER_BOUND('',#4393,.F.);
#4396=CARTESIAN_POINT('',(-9.E-1,1.3E0,3.5E-1));
#4397=DIRECTION('',(-1.E0,0.E0,0.E0));
#4398=DIRECTION('',(0.E0,-1.E0,0.E0));
#4399=AXIS2_PLACEMENT_3D('',#4396,#4397,#4398);
#4400=PLANE('',#4399);
#4401=ORIENTED_EDGE('',*,*,#4008,.F.);
#4402=ORIENTED_EDGE('',*,*,#4111,.T.);
#4403=ORIENTED_EDGE('',*,*,#4317,.T.);
#4404=ORIENTED_EDGE('',*,*,#4389,.F.);
#4405=EDGE_LOOP('',(#4401,#4402,#4403,#4404));
#4406=FACE_OUTER_BOUND('',#4405,.F.);
#4408=CARTESIAN_POINT('',(-9.E-1,-1.15E0,3.5E-1));
#4409=DIRECTION('',(-1.E0,0.E0,0.E0));
#4410=DIRECTION('',(0.E0,-1.E0,0.E0));
#4411=AXIS2_PLACEMENT_3D('',#4408,#4409,#4410);
#4412=PLANE('',#4411);
#4414=ORIENTED_EDGE('',*,*,#4413,.F.);
#4415=ORIENTED_EDGE('',*,*,#4069,.T.);
#4417=ORIENTED_EDGE('',*,*,#4416,.T.);
#4418=ORIENTED_EDGE('',*,*,#4330,.T.);
#4419=EDGE_LOOP('',(#4414,#4415,#4417,#4418));
#4420=FACE_OUTER_BOUND('',#4419,.F.);
#4422=CARTESIAN_POINT('',(-1.1E0,-1.1E0,1.75E-1));
#4423=DIRECTION('',(-7.071067811865E-1,-7.071067811865E-1,0.E0));
#4424=DIRECTION('',(-7.071067811865E-1,7.071067811865E-1,0.E0));
#4425=AXIS2_PLACEMENT_3D('',#4422,#4423,#4424);
#4426=PLANE('',#4425);
#4427=ORIENTED_EDGE('',*,*,#3816,.T.);
#4429=ORIENTED_EDGE('',*,*,#4428,.F.);
#4430=ORIENTED_EDGE('',*,*,#4071,.T.);
#4431=ORIENTED_EDGE('',*,*,#4413,.T.);
#4433=ORIENTED_EDGE('',*,*,#4432,.T.);
#4434=EDGE_LOOP('',(#4427,#4429,#4430,#4431,#4433));
#4435=FACE_OUTER_BOUND('',#4434,.F.);
#4437=CARTESIAN_POINT('',(-1.3E0,1.3E0,0.E0));
#4438=DIRECTION('',(-1.E0,0.E0,0.E0));
#4439=DIRECTION('',(0.E0,-1.E0,0.E0));
#4440=AXIS2_PLACEMENT_3D('',#4437,#4438,#4439);
#4441=PLANE('',#4440);
#4442=ORIENTED_EDGE('',*,*,#4093,.F.);
#4443=ORIENTED_EDGE('',*,*,#4073,.T.);
#4444=ORIENTED_EDGE('',*,*,#4428,.T.);
#4445=ORIENTED_EDGE('',*,*,#3814,.F.);
#4446=EDGE_LOOP('',(#4442,#4443,#4444,#4445));
#4447=FACE_OUTER_BOUND('',#4446,.F.);
#4449=ORIENTED_EDGE('',*,*,#4448,.T.);
#4451=ORIENTED_EDGE('',*,*,#4450,.T.);
#4453=ORIENTED_EDGE('',*,*,#4452,.F.);
#4455=ORIENTED_EDGE('',*,*,#4454,.F.);
#4456=EDGE_LOOP('',(#4449,#4451,#4453,#4455));
#4457=FACE_BOUND('',#4456,.F.);
#4459=CARTESIAN_POINT('',(0.E0,-3.E-1,0.E0));
#4460=DIRECTION('',(0.E0,1.E0,0.E0));
#4461=DIRECTION('',(-1.E0,0.E0,0.E0));
#4462=AXIS2_PLACEMENT_3D('',#4459,#4460,#4461);
#4463=PLANE('',#4462);
#4465=ORIENTED_EDGE('',*,*,#4464,.T.);
#4467=ORIENTED_EDGE('',*,*,#4466,.F.);
#4469=ORIENTED_EDGE('',*,*,#4468,.F.);
#4470=ORIENTED_EDGE('',*,*,#4448,.F.);
#4472=ORIENTED_EDGE('',*,*,#4471,.F.);
#4473=EDGE_LOOP('',(#4465,#4467,#4469,#4470,#4472));
#4474=FACE_OUTER_BOUND('',#4473,.F.);
#4476=CARTESIAN_POINT('',(-5.178027354342E0,-3.5E-1,5.E-2));
#4477=DIRECTION('',(1.E0,0.E0,0.E0));
#4478=DIRECTION('',(0.E0,0.E0,-1.E0));
#4479=AXIS2_PLACEMENT_3D('',#4476,#4477,#4478);
#4480=CYLINDRICAL_SURFACE('',#4479,5.E-2);
#4481=ORIENTED_EDGE('',*,*,#4464,.F.);
#4483=ORIENTED_EDGE('',*,*,#4482,.T.);
#4485=ORIENTED_EDGE('',*,*,#4484,.T.);
#4486=ORIENTED_EDGE('',*,*,#3840,.T.);
#4488=ORIENTED_EDGE('',*,*,#4487,.T.);
#4490=ORIENTED_EDGE('',*,*,#4489,.T.);
#4491=EDGE_LOOP('',(#4481,#4483,#4485,#4486,#4488,#4490));
#4492=FACE_OUTER_BOUND('',#4491,.F.);
#4494=CARTESIAN_POINT('',(0.E0,0.E0,1.E-2));
#4495=DIRECTION('',(0.E0,0.E0,-1.E0));
#4496=DIRECTION('',(9.238795325113E-1,3.826834323651E-1,0.E0));
#4497=AXIS2_PLACEMENT_3D('',#4494,#4495,#4496);
#4498=TOROIDAL_SURFACE('',#4497,1.04E0,4.E-2);
#4500=ORIENTED_EDGE('',*,*,#4499,.T.);
#4502=ORIENTED_EDGE('',*,*,#4501,.F.);
#4504=ORIENTED_EDGE('',*,*,#4503,.T.);
#4505=ORIENTED_EDGE('',*,*,#4482,.F.);
#4506=EDGE_LOOP('',(#4500,#4502,#4504,#4505));
#4507=FACE_OUTER_BOUND('',#4506,.F.);
#4509=CARTESIAN_POINT('',(0.E0,0.E0,5.E-2));
#4510=DIRECTION('',(0.E0,0.E0,-1.E0));
#4511=DIRECTION('',(9.238795325113E-1,3.826834323651E-1,0.E0));
#4512=AXIS2_PLACEMENT_3D('',#4509,#4510,#4511);
#4513=PLANE('',#4512);
#4514=ORIENTED_EDGE('',*,*,#4499,.F.);
#4515=ORIENTED_EDGE('',*,*,#4471,.T.);
#4516=ORIENTED_EDGE('',*,*,#4454,.T.);
#4518=ORIENTED_EDGE('',*,*,#4517,.T.);
#4519=EDGE_LOOP('',(#4514,#4515,#4516,#4518));
#4520=FACE_OUTER_BOUND('',#4519,.F.);
#4522=CARTESIAN_POINT('',(0.E0,3.E-1,0.E0));
#4523=DIRECTION('',(0.E0,1.E0,0.E0));
#4524=DIRECTION('',(-1.E0,0.E0,0.E0));
#4525=AXIS2_PLACEMENT_3D('',#4522,#4523,#4524);
#4526=PLANE('',#4525);
#4528=ORIENTED_EDGE('',*,*,#4527,.T.);
#4529=ORIENTED_EDGE('',*,*,#4517,.F.);
#4530=ORIENTED_EDGE('',*,*,#4452,.T.);
#4532=ORIENTED_EDGE('',*,*,#4531,.F.);
#4534=ORIENTED_EDGE('',*,*,#4533,.F.);
#4535=EDGE_LOOP('',(#4528,#4529,#4530,#4532,#4534));
#4536=FACE_OUTER_BOUND('',#4535,.F.);
#4538=CARTESIAN_POINT('',(4.831903222340E0,3.5E-1,5.E-2));
#4539=DIRECTION('',(-1.E0,0.E0,0.E0));
#4540=DIRECTION('',(0.E0,0.E0,-1.E0));
#4541=AXIS2_PLACEMENT_3D('',#4538,#4539,#4540);
#4542=CYLINDRICAL_SURFACE('',#4541,5.E-2);
#4543=ORIENTED_EDGE('',*,*,#4527,.F.);
#4545=ORIENTED_EDGE('',*,*,#4544,.T.);
#4547=ORIENTED_EDGE('',*,*,#4546,.T.);
#4548=ORIENTED_EDGE('',*,*,#3844,.T.);
#4550=ORIENTED_EDGE('',*,*,#4549,.T.);
#4551=ORIENTED_EDGE('',*,*,#4501,.T.);
#4552=EDGE_LOOP('',(#4543,#4545,#4547,#4548,#4550,#4551));
#4553=FACE_OUTER_BOUND('',#4552,.F.);
#4555=CARTESIAN_POINT('',(0.E0,0.E0,1.E-2));
#4556=DIRECTION('',(0.E0,0.E0,-1.E0));
#4557=DIRECTION('',(9.238795325113E-1,3.826834323651E-1,0.E0));
#4558=AXIS2_PLACEMENT_3D('',#4555,#4556,#4557);
#4559=TOROIDAL_SURFACE('',#4558,1.04E0,1.9E-1);
#4561=ORIENTED_EDGE('',*,*,#4560,.T.);
#4562=ORIENTED_EDGE('',*,*,#4544,.F.);
#4563=ORIENTED_EDGE('',*,*,#4533,.T.);
#4565=ORIENTED_EDGE('',*,*,#4564,.F.);
#4566=ORIENTED_EDGE('',*,*,#4466,.T.);
#4567=ORIENTED_EDGE('',*,*,#4489,.F.);
#4568=EDGE_LOOP('',(#4561,#4562,#4563,#4565,#4566,#4567));
#4569=FACE_OUTER_BOUND('',#4568,.F.);
#4571=CARTESIAN_POINT('',(0.E0,0.E0,2.1E-1));
#4572=DIRECTION('',(0.E0,0.E0,-1.E0));
#4573=DIRECTION('',(9.238795325113E-1,3.826834323651E-1,0.E0));
#4574=AXIS2_PLACEMENT_3D('',#4571,#4572,#4573);
#4575=CYLINDRICAL_SURFACE('',#4574,8.5E-1);
#4576=ORIENTED_EDGE('',*,*,#3846,.T.);
#4577=ORIENTED_EDGE('',*,*,#4546,.F.);
#4578=ORIENTED_EDGE('',*,*,#4560,.F.);
#4579=ORIENTED_EDGE('',*,*,#4487,.F.);
#4580=EDGE_LOOP('',(#4576,#4577,#4578,#4579));
#4581=FACE_OUTER_BOUND('',#4580,.F.);
#4583=CARTESIAN_POINT('',(0.E0,0.E0,2.E-1));
#4584=DIRECTION('',(0.E0,0.E0,-1.E0));
#4585=DIRECTION('',(9.238795325113E-1,3.826834323651E-1,0.E0));
#4586=AXIS2_PLACEMENT_3D('',#4583,#4584,#4585);
#4587=PLANE('',#4586);
#4588=ORIENTED_EDGE('',*,*,#4531,.T.);
#4589=ORIENTED_EDGE('',*,*,#4450,.F.);
#4590=ORIENTED_EDGE('',*,*,#4468,.T.);
#4591=ORIENTED_EDGE('',*,*,#4564,.T.);
#4592=EDGE_LOOP('',(#4588,#4589,#4590,#4591));
#4593=FACE_OUTER_BOUND('',#4592,.F.);
#4595=CARTESIAN_POINT('',(0.E0,0.E0,2.1E-1));
#4596=DIRECTION('',(0.E0,0.E0,-1.E0));
#4597=DIRECTION('',(9.238795325113E-1,3.826834323651E-1,0.E0));
#4598=AXIS2_PLACEMENT_3D('',#4595,#4596,#4597);
#4599=CYLINDRICAL_SURFACE('',#4598,1.E0);
#4600=ORIENTED_EDGE('',*,*,#4503,.F.);
#4601=ORIENTED_EDGE('',*,*,#4549,.F.);
#4602=ORIENTED_EDGE('',*,*,#3842,.T.);
#4603=ORIENTED_EDGE('',*,*,#4484,.F.);
#4604=EDGE_LOOP('',(#4600,#4601,#4602,#4603));
#4605=FACE_OUTER_BOUND('',#4604,.F.);
#4607=CARTESIAN_POINT('',(-1.3E0,-1.3E0,0.E0));
#4608=DIRECTION('',(0.E0,-1.E0,0.E0));
#4609=DIRECTION('',(1.E0,0.E0,0.E0));
#4610=AXIS2_PLACEMENT_3D('',#4607,#4608,#4609);
#4611=PLANE('',#4610);
#4613=ORIENTED_EDGE('',*,*,#4612,.T.);
#4614=ORIENTED_EDGE('',*,*,#3818,.F.);
#4615=ORIENTED_EDGE('',*,*,#4432,.F.);
#4616=ORIENTED_EDGE('',*,*,#4352,.T.);
#4618=ORIENTED_EDGE('',*,*,#4617,.F.);
#4619=ORIENTED_EDGE('',*,*,#4047,.T.);
#4620=EDGE_LOOP('',(#4613,#4614,#4615,#4616,#4618,#4619));
#4621=FACE_OUTER_BOUND('',#4620,.F.);
#4623=CARTESIAN_POINT('',(1.15E0,-1.15E0,8.7144E-1));
#4624=DIRECTION('',(0.E0,0.E0,-1.E0));
#4625=DIRECTION('',(1.E0,0.E0,0.E0));
#4626=AXIS2_PLACEMENT_3D('',#4623,#4624,#4625);
#4627=CYLINDRICAL_SURFACE('',#4626,1.5E-1);
#4628=ORIENTED_EDGE('',*,*,#3820,.T.);
#4629=ORIENTED_EDGE('',*,*,#4612,.F.);
#4630=ORIENTED_EDGE('',*,*,#4045,.T.);
#4631=ORIENTED_EDGE('',*,*,#3971,.T.);
#4632=EDGE_LOOP('',(#4628,#4629,#4630,#4631));
#4633=FACE_OUTER_BOUND('',#4632,.F.);
#4635=CARTESIAN_POINT('',(9.E-1,-1.3E0,3.5E-1));
#4636=DIRECTION('',(1.E0,0.E0,0.E0));
#4637=DIRECTION('',(0.E0,1.E0,0.E0));
#4638=AXIS2_PLACEMENT_3D('',#4635,#4636,#4637);
#4639=PLANE('',#4638);
#4640=ORIENTED_EDGE('',*,*,#4049,.F.);
#4641=ORIENTED_EDGE('',*,*,#4617,.T.);
#4642=ORIENTED_EDGE('',*,*,#4350,.T.);
#4644=ORIENTED_EDGE('',*,*,#4643,.F.);
#4645=EDGE_LOOP('',(#4640,#4641,#4642,#4644));
#4646=FACE_OUTER_BOUND('',#4645,.F.);
#4648=CARTESIAN_POINT('',(8.5E-1,-1.15E0,3.5E-1));
#4649=DIRECTION('',(0.E0,0.E0,1.E0));
#4650=DIRECTION('',(0.E0,-1.E0,0.E0));
#4651=AXIS2_PLACEMENT_3D('',#4648,#4649,#4650);
#4652=CYLINDRICAL_SURFACE('',#4651,5.E-2);
#4653=ORIENTED_EDGE('',*,*,#4051,.F.);
#4654=ORIENTED_EDGE('',*,*,#4643,.T.);
#4655=ORIENTED_EDGE('',*,*,#4348,.T.);
#4657=ORIENTED_EDGE('',*,*,#4656,.F.);
#4658=EDGE_LOOP('',(#4653,#4654,#4655,#4657));
#4659=FACE_OUTER_BOUND('',#4658,.F.);
#4661=CARTESIAN_POINT('',(8.5E-1,-1.1E0,3.5E-1));
#4662=DIRECTION('',(0.E0,1.E0,0.E0));
#4663=DIRECTION('',(-1.E0,0.E0,0.E0));
#4664=AXIS2_PLACEMENT_3D('',#4661,#4662,#4663);
#4665=PLANE('',#4664);
#4667=ORIENTED_EDGE('',*,*,#4666,.T.);
#4668=ORIENTED_EDGE('',*,*,#4053,.F.);
#4669=ORIENTED_EDGE('',*,*,#4656,.T.);
#4670=ORIENTED_EDGE('',*,*,#4346,.T.);
#4671=EDGE_LOOP('',(#4667,#4668,#4669,#4670));
#4672=FACE_OUTER_BOUND('',#4671,.F.);
#4674=CARTESIAN_POINT('',(3.E-1,-1.05E0,-5.7144E-1));
#4675=DIRECTION('',(0.E0,0.E0,1.E0));
#4676=DIRECTION('',(-1.E0,0.E0,0.E0));
#4677=AXIS2_PLACEMENT_3D('',#4674,#4675,#4676);
#4678=CYLINDRICAL_SURFACE('',#4677,5.E-2);
#4679=ORIENTED_EDGE('',*,*,#4055,.T.);
#4680=ORIENTED_EDGE('',*,*,#4666,.F.);
#4681=ORIENTED_EDGE('',*,*,#4344,.T.);
#4683=ORIENTED_EDGE('',*,*,#4682,.T.);
#4684=EDGE_LOOP('',(#4679,#4680,#4681,#4683));
#4685=FACE_OUTER_BOUND('',#4684,.F.);
#4687=CARTESIAN_POINT('',(2.5E-1,-8.124038404636E-1,3.5E-1));
#4688=DIRECTION('',(-1.E0,0.E0,0.E0));
#4689=DIRECTION('',(0.E0,-1.E0,0.E0));
#4690=AXIS2_PLACEMENT_3D('',#4687,#4688,#4689);
#4691=PLANE('',#4690);
#4693=ORIENTED_EDGE('',*,*,#4692,.T.);
#4695=ORIENTED_EDGE('',*,*,#4694,.T.);
#4697=ORIENTED_EDGE('',*,*,#4696,.F.);
#4698=ORIENTED_EDGE('',*,*,#4057,.T.);
#4699=ORIENTED_EDGE('',*,*,#4682,.F.);
#4700=ORIENTED_EDGE('',*,*,#4342,.T.);
#4702=ORIENTED_EDGE('',*,*,#4701,.F.);
#4704=ORIENTED_EDGE('',*,*,#4703,.F.);
#4705=EDGE_LOOP('',(#4693,#4695,#4697,#4698,#4699,#4700,#4702,#4704));
#4706=FACE_OUTER_BOUND('',#4705,.F.);
#4708=CARTESIAN_POINT('',(3.E-1,-4.68936E0,5.E-2));
#4709=DIRECTION('',(0.E0,1.E0,0.E0));
#4710=DIRECTION('',(0.E0,0.E0,-1.E0));
#4711=AXIS2_PLACEMENT_3D('',#4708,#4709,#4710);
#4712=CYLINDRICAL_SURFACE('',#4711,5.E-2);
#4713=ORIENTED_EDGE('',*,*,#4692,.F.);
#4715=ORIENTED_EDGE('',*,*,#4714,.T.);
#4716=ORIENTED_EDGE('',*,*,#3854,.T.);
#4718=ORIENTED_EDGE('',*,*,#4717,.T.);
#4719=EDGE_LOOP('',(#4713,#4715,#4716,#4718));
#4720=FACE_OUTER_BOUND('',#4719,.F.);
#4722=CARTESIAN_POINT('',(0.E0,0.E0,-1.75E-2));
#4723=DIRECTION('',(0.E0,0.E0,1.E0));
#4724=DIRECTION('',(-1.E0,0.E0,0.E0));
#4725=AXIS2_PLACEMENT_3D('',#4722,#4723,#4724);
#4726=CYLINDRICAL_SURFACE('',#4725,1.E0);
#4727=ORIENTED_EDGE('',*,*,#3856,.T.);
#4728=ORIENTED_EDGE('',*,*,#4714,.F.);
#4729=ORIENTED_EDGE('',*,*,#4703,.T.);
#4731=ORIENTED_EDGE('',*,*,#4730,.F.);
#4733=ORIENTED_EDGE('',*,*,#4732,.F.);
#4735=ORIENTED_EDGE('',*,*,#4734,.F.);
#4736=EDGE_LOOP('',(#4727,#4728,#4729,#4731,#4733,#4735));
#4737=FACE_OUTER_BOUND('',#4736,.F.);
#4739=CARTESIAN_POINT('',(0.E0,0.E0,1.5E-1));
#4740=DIRECTION('',(0.E0,0.E0,1.E0));
#4741=DIRECTION('',(-1.E0,0.E0,0.E0));
#4742=AXIS2_PLACEMENT_3D('',#4739,#4740,#4741);
#4743=TOROIDAL_SURFACE('',#4742,1.05E0,5.E-2);
#4744=ORIENTED_EDGE('',*,*,#4701,.T.);
#4745=ORIENTED_EDGE('',*,*,#4340,.F.);
#4747=ORIENTED_EDGE('',*,*,#4746,.T.);
#4748=ORIENTED_EDGE('',*,*,#4730,.T.);
#4749=EDGE_LOOP('',(#4744,#4745,#4747,#4748));
#4750=FACE_OUTER_BOUND('',#4749,.F.);
#4752=CARTESIAN_POINT('',(-2.5E-1,-1.15E0,3.5E-1));
#4753=DIRECTION('',(1.E0,0.E0,0.E0));
#4754=DIRECTION('',(0.E0,1.E0,0.E0));
#4755=AXIS2_PLACEMENT_3D('',#4752,#4753,#4754);
#4756=PLANE('',#4755);
#4758=ORIENTED_EDGE('',*,*,#4757,.T.);
#4759=ORIENTED_EDGE('',*,*,#4732,.T.);
#4760=ORIENTED_EDGE('',*,*,#4746,.F.);
#4761=ORIENTED_EDGE('',*,*,#4338,.T.);
#4763=ORIENTED_EDGE('',*,*,#4762,.T.);
#4764=ORIENTED_EDGE('',*,*,#4061,.T.);
#4766=ORIENTED_EDGE('',*,*,#4765,.F.);
#4768=ORIENTED_EDGE('',*,*,#4767,.F.);
#4769=EDGE_LOOP('',(#4758,#4759,#4760,#4761,#4763,#4764,#4766,#4768));
#4770=FACE_OUTER_BOUND('',#4769,.F.);
#4772=CARTESIAN_POINT('',(-3.E-1,4.68936E0,5.E-2));
#4773=DIRECTION('',(0.E0,-1.E0,0.E0));
#4774=DIRECTION('',(0.E0,0.E0,-1.E0));
#4775=AXIS2_PLACEMENT_3D('',#4772,#4773,#4774);
#4776=CYLINDRICAL_SURFACE('',#4775,5.E-2);
#4777=ORIENTED_EDGE('',*,*,#4757,.F.);
#4779=ORIENTED_EDGE('',*,*,#4778,.T.);
#4780=ORIENTED_EDGE('',*,*,#3850,.T.);
#4781=ORIENTED_EDGE('',*,*,#4734,.T.);
#4782=EDGE_LOOP('',(#4777,#4779,#4780,#4781));
#4783=FACE_OUTER_BOUND('',#4782,.F.);
#4785=CARTESIAN_POINT('',(0.E0,0.E0,-1.75E-2));
#4786=DIRECTION('',(0.E0,0.E0,1.E0));
#4787=DIRECTION('',(-1.E0,0.E0,0.E0));
#4788=AXIS2_PLACEMENT_3D('',#4785,#4786,#4787);
#4789=CYLINDRICAL_SURFACE('',#4788,8.5E-1);
#4790=ORIENTED_EDGE('',*,*,#4694,.F.);
#4791=ORIENTED_EDGE('',*,*,#4717,.F.);
#4792=ORIENTED_EDGE('',*,*,#3852,.T.);
#4793=ORIENTED_EDGE('',*,*,#4778,.F.);
#4794=ORIENTED_EDGE('',*,*,#4767,.T.);
#4796=ORIENTED_EDGE('',*,*,#4795,.T.);
#4797=EDGE_LOOP('',(#4790,#4791,#4792,#4793,#4794,#4796));
#4798=FACE_OUTER_BOUND('',#4797,.F.);
#4800=CARTESIAN_POINT('',(0.E0,0.E0,1.5E-1));
#4801=DIRECTION('',(0.E0,0.E0,1.E0));
#4802=DIRECTION('',(-1.E0,0.E0,0.E0));
#4803=AXIS2_PLACEMENT_3D('',#4800,#4801,#4802);
#4804=TOROIDAL_SURFACE('',#4803,1.05E0,2.E-1);
#4805=ORIENTED_EDGE('',*,*,#4696,.T.);
#4806=ORIENTED_EDGE('',*,*,#4795,.F.);
#4807=ORIENTED_EDGE('',*,*,#4765,.T.);
#4808=ORIENTED_EDGE('',*,*,#4059,.T.);
#4809=EDGE_LOOP('',(#4805,#4806,#4807,#4808));
#4810=FACE_OUTER_BOUND('',#4809,.F.);
#4812=CARTESIAN_POINT('',(-3.E-1,-1.05E0,-5.7144E-1));
#4813=DIRECTION('',(0.E0,0.E0,1.E0));
#4814=DIRECTION('',(0.E0,-1.E0,0.E0));
#4815=AXIS2_PLACEMENT_3D('',#4812,#4813,#4814);
#4816=CYLINDRICAL_SURFACE('',#4815,5.E-2);
#4817=ORIENTED_EDGE('',*,*,#4063,.T.);
#4818=ORIENTED_EDGE('',*,*,#4762,.F.);
#4819=ORIENTED_EDGE('',*,*,#4336,.T.);
#4821=ORIENTED_EDGE('',*,*,#4820,.T.);
#4822=EDGE_LOOP('',(#4817,#4818,#4819,#4821));
#4823=FACE_OUTER_BOUND('',#4822,.F.);
#4825=CARTESIAN_POINT('',(-2.5E-1,-1.1E0,3.5E-1));
#4826=DIRECTION('',(0.E0,1.E0,0.E0));
#4827=DIRECTION('',(-1.E0,0.E0,0.E0));
#4828=AXIS2_PLACEMENT_3D('',#4825,#4826,#4827);
#4829=PLANE('',#4828);
#4830=ORIENTED_EDGE('',*,*,#4820,.F.);
#4831=ORIENTED_EDGE('',*,*,#4334,.T.);
#4833=ORIENTED_EDGE('',*,*,#4832,.F.);
#4834=ORIENTED_EDGE('',*,*,#4065,.F.);
#4835=EDGE_LOOP('',(#4830,#4831,#4833,#4834));
#4836=FACE_OUTER_BOUND('',#4835,.F.);
#4838=CARTESIAN_POINT('',(-8.5E-1,-1.15E0,3.5E-1));
#4839=DIRECTION('',(0.E0,0.E0,1.E0));
#4840=DIRECTION('',(0.E0,-1.E0,0.E0));
#4841=AXIS2_PLACEMENT_3D('',#4838,#4839,#4840);
#4842=CYLINDRICAL_SURFACE('',#4841,5.E-2);
#4843=ORIENTED_EDGE('',*,*,#4067,.F.);
#4844=ORIENTED_EDGE('',*,*,#4832,.T.);
#4845=ORIENTED_EDGE('',*,*,#4332,.T.);
#4846=ORIENTED_EDGE('',*,*,#4416,.F.);
#4847=EDGE_LOOP('',(#4843,#4844,#4845,#4846));
#4848=FACE_OUTER_BOUND('',#4847,.F.);
#4850=CARTESIAN_POINT('',(1.3E0,3.E-1,3.5E-1));
#4851=DIRECTION('',(0.E0,1.E0,0.E0));
#4852=DIRECTION('',(-1.E0,0.E0,0.E0));
#4853=AXIS2_PLACEMENT_3D('',#4850,#4851,#4852);
#4854=PLANE('',#4853);
#4856=ORIENTED_EDGE('',*,*,#4855,.F.);
#4858=ORIENTED_EDGE('',*,*,#4857,.F.);
#4860=ORIENTED_EDGE('',*,*,#4859,.F.);
#4861=ORIENTED_EDGE('',*,*,#4034,.T.);
#4862=ORIENTED_EDGE('',*,*,#3978,.T.);
#4863=ORIENTED_EDGE('',*,*,#3953,.T.);
#4864=EDGE_LOOP('',(#4856,#4858,#4860,#4861,#4862,#4863));
#4865=FACE_OUTER_BOUND('',#4864,.F.);
#4867=CARTESIAN_POINT('',(4.472135955E-1,4.E-1,3.5E-1));
#4868=DIRECTION('',(0.E0,0.E0,1.E0));
#4869=DIRECTION('',(0.E0,1.E0,0.E0));
#4870=AXIS2_PLACEMENT_3D('',#4867,#4868,#4869);
#4871=CYLINDRICAL_SURFACE('',#4870,1.E-1);
#4873=ORIENTED_EDGE('',*,*,#4872,.T.);
#4874=ORIENTED_EDGE('',*,*,#4855,.T.);
#4875=ORIENTED_EDGE('',*,*,#3951,.T.);
#4877=ORIENTED_EDGE('',*,*,#4876,.F.);
#4878=EDGE_LOOP('',(#4873,#4874,#4875,#4877));
#4879=FACE_OUTER_BOUND('',#4878,.F.);
#4881=CARTESIAN_POINT('',(0.E0,0.E0,3.E-1));
#4882=DIRECTION('',(0.E0,0.E0,1.E0));
#4883=DIRECTION('',(0.E0,1.E0,0.E0));
#4884=AXIS2_PLACEMENT_3D('',#4881,#4882,#4883);
#4885=PLANE('',#4884);
#4887=ORIENTED_EDGE('',*,*,#4886,.T.);
#4889=ORIENTED_EDGE('',*,*,#4888,.F.);
#4891=ORIENTED_EDGE('',*,*,#4890,.T.);
#4893=ORIENTED_EDGE('',*,*,#4892,.T.);
#4895=ORIENTED_EDGE('',*,*,#4894,.T.);
#4897=ORIENTED_EDGE('',*,*,#4896,.T.);
#4898=ORIENTED_EDGE('',*,*,#4857,.T.);
#4899=ORIENTED_EDGE('',*,*,#4872,.F.);
#4900=EDGE_LOOP('',(#4887,#4889,#4891,#4893,#4895,#4897,#4898,#4899));
#4901=FACE_OUTER_BOUND('',#4900,.F.);
#4903=CARTESIAN_POINT('',(0.E0,0.E0,3.5E-1));
#4904=DIRECTION('',(0.E0,0.E0,1.E0));
#4905=DIRECTION('',(0.E0,1.E0,0.E0));
#4906=AXIS2_PLACEMENT_3D('',#4903,#4904,#4905);
#4907=CYLINDRICAL_SURFACE('',#4906,5.E-1);
#4908=ORIENTED_EDGE('',*,*,#4886,.F.);
#4909=ORIENTED_EDGE('',*,*,#4876,.T.);
#4910=ORIENTED_EDGE('',*,*,#3949,.T.);
#4912=ORIENTED_EDGE('',*,*,#4911,.F.);
#4913=EDGE_LOOP('',(#4908,#4909,#4910,#4912));
#4914=FACE_OUTER_BOUND('',#4913,.F.);
#4916=CARTESIAN_POINT('',(4.472135955E-1,-4.E-1,3.5E-1));
#4917=DIRECTION('',(0.E0,0.E0,1.E0));
#4918=DIRECTION('',(0.E0,1.E0,0.E0));
#4919=AXIS2_PLACEMENT_3D('',#4916,#4917,#4918);
#4920=CYLINDRICAL_SURFACE('',#4919,1.E-1);
#4921=ORIENTED_EDGE('',*,*,#4888,.T.);
#4922=ORIENTED_EDGE('',*,*,#4911,.T.);
#4923=ORIENTED_EDGE('',*,*,#3947,.T.);
#4925=ORIENTED_EDGE('',*,*,#4924,.F.);
#4926=EDGE_LOOP('',(#4921,#4922,#4923,#4925));
#4927=FACE_OUTER_BOUND('',#4926,.F.);
#4929=CARTESIAN_POINT('',(4.472135955E-1,-3.E-1,3.5E-1));
#4930=DIRECTION('',(0.E0,-1.E0,0.E0));
#4931=DIRECTION('',(1.E0,0.E0,0.E0));
#4932=AXIS2_PLACEMENT_3D('',#4929,#4930,#4931);
#4933=PLANE('',#4932);
#4934=ORIENTED_EDGE('',*,*,#4042,.T.);
#4936=ORIENTED_EDGE('',*,*,#4935,.T.);
#4937=ORIENTED_EDGE('',*,*,#4890,.F.);
#4938=ORIENTED_EDGE('',*,*,#4924,.T.);
#4939=ORIENTED_EDGE('',*,*,#3945,.T.);
#4940=ORIENTED_EDGE('',*,*,#3975,.F.);
#4941=EDGE_LOOP('',(#4934,#4936,#4937,#4938,#4939,#4940));
#4942=FACE_OUTER_BOUND('',#4941,.F.);
#4944=CARTESIAN_POINT('',(3.316624790355E-1,-5.E-1,3.5E-1));
#4945=DIRECTION('',(0.E0,0.E0,1.E0));
#4946=DIRECTION('',(0.E0,1.E0,0.E0));
#4947=AXIS2_PLACEMENT_3D('',#4944,#4945,#4946);
#4948=CYLINDRICAL_SURFACE('',#4947,2.E-1);
#4949=ORIENTED_EDGE('',*,*,#4040,.T.);
#4951=ORIENTED_EDGE('',*,*,#4950,.T.);
#4952=ORIENTED_EDGE('',*,*,#4892,.F.);
#4953=ORIENTED_EDGE('',*,*,#4935,.F.);
#4954=EDGE_LOOP('',(#4949,#4951,#4952,#4953));
#4955=FACE_OUTER_BOUND('',#4954,.F.);
#4957=CARTESIAN_POINT('',(0.E0,0.E0,3.5E-1));
#4958=DIRECTION('',(0.E0,0.E0,1.E0));
#4959=DIRECTION('',(0.E0,1.E0,0.E0));
#4960=AXIS2_PLACEMENT_3D('',#4957,#4958,#4959);
#4961=CYLINDRICAL_SURFACE('',#4960,4.E-1);
#4962=ORIENTED_EDGE('',*,*,#4038,.T.);
#4964=ORIENTED_EDGE('',*,*,#4963,.T.);
#4965=ORIENTED_EDGE('',*,*,#4894,.F.);
#4966=ORIENTED_EDGE('',*,*,#4950,.F.);
#4967=EDGE_LOOP('',(#4962,#4964,#4965,#4966));
#4968=FACE_OUTER_BOUND('',#4967,.F.);
#4970=CARTESIAN_POINT('',(3.316624790355E-1,5.E-1,3.5E-1));
#4971=DIRECTION('',(0.E0,0.E0,1.E0));
#4972=DIRECTION('',(0.E0,1.E0,0.E0));
#4973=AXIS2_PLACEMENT_3D('',#4970,#4971,#4972);
#4974=CYLINDRICAL_SURFACE('',#4973,2.E-1);
#4975=ORIENTED_EDGE('',*,*,#4036,.T.);
#4976=ORIENTED_EDGE('',*,*,#4859,.T.);
#4977=ORIENTED_EDGE('',*,*,#4896,.F.);
#4978=ORIENTED_EDGE('',*,*,#4963,.F.);
#4979=EDGE_LOOP('',(#4975,#4976,#4977,#4978));
#4980=FACE_OUTER_BOUND('',#4979,.F.);
#4982=CARTESIAN_POINT('',(9.E-1,7.5E-1,3.125E-1));
#4983=DIRECTION('',(0.E0,0.E0,1.E0));
#4984=DIRECTION('',(-1.E0,0.E0,0.E0));
#4985=AXIS2_PLACEMENT_3D('',#4982,#4983,#4984);
#4986=CONICAL_SURFACE('',#4985,1.816122617766E-1,1.E1);
#4987=ORIENTED_EDGE('',*,*,#4077,.T.);
#4989=ORIENTED_EDGE('',*,*,#4988,.F.);
#4991=ORIENTED_EDGE('',*,*,#4990,.F.);
#4993=ORIENTED_EDGE('',*,*,#4992,.T.);
#4994=EDGE_LOOP('',(#4987,#4989,#4991,#4993));
#4995=FACE_OUTER_BOUND('',#4994,.F.);
#4997=CARTESIAN_POINT('',(9.E-1,7.5E-1,3.125E-1));
#4998=DIRECTION('',(0.E0,0.E0,1.E0));
#4999=DIRECTION('',(-1.E0,0.E0,0.E0));
#5000=AXIS2_PLACEMENT_3D('',#4997,#4998,#4999);
#5001=CONICAL_SURFACE('',#5000,1.816122617766E-1,1.E1);
#5002=ORIENTED_EDGE('',*,*,#4079,.T.);
#5003=ORIENTED_EDGE('',*,*,#4992,.F.);
#5005=ORIENTED_EDGE('',*,*,#5004,.T.);
#5006=ORIENTED_EDGE('',*,*,#4988,.T.);
#5007=EDGE_LOOP('',(#5002,#5003,#5005,#5006));
#5008=FACE_OUTER_BOUND('',#5007,.F.);
#5010=CARTESIAN_POINT('',(9.E-1,7.5E-1,2.75E-1));
#5011=DIRECTION('',(0.E0,0.E0,-1.E0));
#5012=DIRECTION('',(1.E0,0.E0,0.E0));
#5013=AXIS2_PLACEMENT_3D('',#5010,#5011,#5012);
#5014=PLANE('',#5013);
#5015=ORIENTED_EDGE('',*,*,#5004,.F.);
#5016=ORIENTED_EDGE('',*,*,#4990,.T.);
#5017=EDGE_LOOP('',(#5015,#5016));
#5018=FACE_OUTER_BOUND('',#5017,.F.);
#5020=CARTESIAN_POINT('',(0.E0,0.E0,1.5E-1));
#5021=DIRECTION('',(0.E0,0.E0,1.E0));
#5022=DIRECTION('',(8.737328826901E-3,-9.999618288140E-1,0.E0));
#5023=AXIS2_PLACEMENT_3D('',#5020,#5021,#5022);
#5024=TOROIDAL_SURFACE('',#5023,3.E-1,5.E-2);
#5025=ORIENTED_EDGE('',*,*,#3958,.T.);
#5026=ORIENTED_EDGE('',*,*,#3933,.T.);
#5027=ORIENTED_EDGE('',*,*,#3905,.F.);
#5028=ORIENTED_EDGE('',*,*,#3930,.F.);
#5029=EDGE_LOOP('',(#5025,#5026,#5027,#5028));
#5030=FACE_OUTER_BOUND('',#5029,.F.);
#5032=CLOSED_SHELL('',(#3866,#3881,#3894,#3909,#3922,#3937,#3962,#3984,#3998,
#4083,#4097,#4116,#4130,#4144,#4158,#4172,#4194,#4208,#4225,#4238,#4259,#4272,
#4287,#4300,#4324,#4356,#4369,#4382,#4395,#4407,#4421,#4436,#4458,#4475,#4493,
#4508,#4521,#4537,#4554,#4570,#4582,#4594,#4606,#4622,#4634,#4647,#4660,#4673,
#4686,#4707,#4721,#4738,#4751,#4771,#4784,#4799,#4811,#4824,#4837,#4849,#4866,
#4880,#4902,#4915,#4928,#4943,#4956,#4969,#4981,#4996,#5009,#5019,#5031));
#5033=MANIFOLD_SOLID_BREP('',#5032);
#5035=DIMENSIONAL_EXPONENTS(0.E0,0.E0,0.E0,0.E0,0.E0,0.E0,0.E0);
#5037=PLANE_ANGLE_MEASURE_WITH_UNIT(PLANE_ANGLE_MEASURE(1.745329251994E-2),
#5036);
#5038=(CONVERSION_BASED_UNIT('DEGREE',#5037)NAMED_UNIT(*)PLANE_ANGLE_UNIT());
#5040=UNCERTAINTY_MEASURE_WITH_UNIT(LENGTH_MEASURE(1.E-4),#5034,'closure',
'Maximum model space distance between geometric entities at asserted connectivities');
#5042=CARTESIAN_POINT('',(0.E0,0.E0,0.E0));
#5043=DIRECTION('',(0.E0,0.E0,1.E0));
#5044=DIRECTION('',(1.E0,0.E0,0.E0));
#5047=MECHANICAL_CONTEXT('',#2347,'mechanical');
#5048=PRODUCT('MICRO-RFB01-H00-02','MICRO-RFB01-H00-02','NOT SPECIFIED',
(#5047));
#5049=PRODUCT_DEFINITION_FORMATION_WITH_SPECIFIED_SOURCE('4','LAST_VERSION',
#5048,.MADE.);
#5055=CARTESIAN_POINT('',(0.E0,-1.797872247670E-1,0.E0));
#5056=DIRECTION('',(0.E0,-1.E0,0.E0));
#5057=DIRECTION('',(0.E0,0.E0,-1.E0));
#5058=AXIS2_PLACEMENT_3D('',#5055,#5056,#5057);
#5059=ITEM_DEFINED_TRANSFORMATION('','',#5045,#5058);
#5060=(REPRESENTATION_RELATIONSHIP('','',#5046,#2358)REPRESENTATION_RELATIONSHIP_WITH_TRANSFORMATION(#5059)SHAPE_REPRESENTATION_RELATIONSHIP());
#5061=CONTEXT_DEPENDENT_SHAPE_REPRESENTATION(#5060,#5054);
#5063=DIRECTION('',(0.E0,1.E0,0.E0));
#5064=VECTOR('',#5063,1.102786404500E0);
#5065=CARTESIAN_POINT('',(3.E-1,4.472135955E-1,0.E0));
#5066=LINE('',#5065,#5064);
#5067=DIRECTION('',(-1.E0,0.E0,0.E0));
#5068=VECTOR('',#5067,6.E-1);
#5069=CARTESIAN_POINT('',(3.E-1,1.55E0,0.E0));
#5070=LINE('',#5069,#5068);
#5071=DIRECTION('',(0.E0,-1.E0,0.E0));
#5072=VECTOR('',#5071,1.102786404500E0);
#5073=CARTESIAN_POINT('',(-3.E-1,1.55E0,0.E0));
#5074=LINE('',#5073,#5072);
#5075=CARTESIAN_POINT('',(-4.E-1,4.472135955E-1,0.E0));
#5076=DIRECTION('',(0.E0,0.E0,-1.E0));
#5077=DIRECTION('',(1.E0,0.E0,0.E0));
#5078=AXIS2_PLACEMENT_3D('',#5075,#5076,#5077);
#5080=CARTESIAN_POINT('',(0.E0,0.E0,0.E0));
#5081=DIRECTION('',(0.E0,0.E0,1.E0));
#5082=DIRECTION('',(-6.666666666667E-1,7.453559924999E-1,0.E0));
#5083=AXIS2_PLACEMENT_3D('',#5080,#5081,#5082);
#5085=CARTESIAN_POINT('',(4.E-1,4.472135955E-1,0.E0));
#5086=DIRECTION('',(0.E0,0.E0,-1.E0));
#5087=DIRECTION('',(-6.666666666667E-1,-7.453559924999E-1,0.E0));
#5088=AXIS2_PLACEMENT_3D('',#5085,#5086,#5087);
#5090=CARTESIAN_POINT('',(0.E0,0.E0,0.E0));
#5091=DIRECTION('',(0.E0,0.E0,-1.E0));
#5092=DIRECTION('',(0.E0,-1.E0,0.E0));
#5093=AXIS2_PLACEMENT_3D('',#5090,#5091,#5092);
#5095=CARTESIAN_POINT('',(0.E0,0.E0,0.E0));
#5096=DIRECTION('',(0.E0,0.E0,-1.E0));
#5097=DIRECTION('',(0.E0,1.E0,0.E0));
#5098=AXIS2_PLACEMENT_3D('',#5095,#5096,#5097);
#5100=DIRECTION('',(0.E0,0.E0,1.E0));
#5101=VECTOR('',#5100,1.E-1);
#5102=CARTESIAN_POINT('',(3.E-1,4.472135955E-1,0.E0));
#5103=LINE('',#5102,#5101);
#5104=DIRECTION('',(0.E0,1.E0,0.E0));
#5105=VECTOR('',#5104,1.218337520964E0);
#5106=CARTESIAN_POINT('',(3.E-1,3.316624790355E-1,1.5E-1));
#5107=LINE('',#5106,#5105);
#5108=CARTESIAN_POINT('',(4.E-1,4.472135955E-1,1.E-1));
#5109=DIRECTION('',(0.E0,0.E0,1.E0));
#5110=DIRECTION('',(-1.E0,0.E0,0.E0));
#5111=AXIS2_PLACEMENT_3D('',#5108,#5109,#5110);
#5113=DIRECTION('',(0.E0,0.E0,1.E0));
#5114=VECTOR('',#5113,1.E-1);
#5115=CARTESIAN_POINT('',(3.333333333333E-1,3.726779962500E-1,0.E0));
#5116=LINE('',#5115,#5114);
#5117=DIRECTION('',(0.E0,1.E0,0.E0));
#5118=VECTOR('',#5117,1.155511164644E-1);
#5119=CARTESIAN_POINT('',(-3.E-1,3.316624790355E-1,1.E-1));
#5120=LINE('',#5119,#5118);
#5121=CARTESIAN_POINT('',(-5.E-1,3.316624790355E-1,1.E-1));
#5122=DIRECTION('',(0.E0,0.E0,1.E0));
#5123=DIRECTION('',(8.333333333333E-1,-5.527707983926E-1,0.E0));
#5124=AXIS2_PLACEMENT_3D('',#5121,#5122,#5123);
#5126=CARTESIAN_POINT('',(0.E0,0.E0,1.E-1));
#5127=DIRECTION('',(0.E0,0.E0,-1.E0));
#5128=DIRECTION('',(8.333333333333E-1,5.527707983926E-1,0.E0));
#5129=AXIS2_PLACEMENT_3D('',#5126,#5127,#5128);
#5131=CARTESIAN_POINT('',(5.E-1,3.316624790355E-1,1.E-1));
#5132=DIRECTION('',(0.E0,0.E0,1.E0));
#5133=DIRECTION('',(-1.E0,0.E0,0.E0));
#5134=AXIS2_PLACEMENT_3D('',#5131,#5132,#5133);
#5136=DIRECTION('',(0.E0,-1.E0,0.E0));
#5137=VECTOR('',#5136,1.155511164644E-1);
#5138=CARTESIAN_POINT('',(3.E-1,4.472135955E-1,1.E-1));
#5139=LINE('',#5138,#5137);
#5140=CARTESIAN_POINT('',(0.E0,0.E0,1.E-1));
#5141=DIRECTION('',(0.E0,0.E0,1.E0));
#5142=DIRECTION('',(-6.666666666667E-1,7.453559924999E-1,0.E0));
#5143=AXIS2_PLACEMENT_3D('',#5140,#5141,#5142);
#5145=DIRECTION('',(0.E0,0.E0,1.E0));
#5146=VECTOR('',#5145,1.E-1);
#5147=CARTESIAN_POINT('',(-3.333333333333E-1,3.726779962500E-1,0.E0));
#5148=LINE('',#5147,#5146);
#5149=CARTESIAN_POINT('',(-4.E-1,4.472135955E-1,1.E-1));
#5150=DIRECTION('',(0.E0,0.E0,1.E0));
#5151=DIRECTION('',(6.666666666667E-1,-7.453559924999E-1,0.E0));
#5152=AXIS2_PLACEMENT_3D('',#5149,#5150,#5151);
#5154=DIRECTION('',(0.E0,0.E0,1.E0));
#5155=VECTOR('',#5154,1.E-1);
#5156=CARTESIAN_POINT('',(-3.E-1,4.472135955E-1,0.E0));
#5157=LINE('',#5156,#5155);
#5158=DIRECTION('',(0.E0,-1.E0,0.E0));
#5159=VECTOR('',#5158,1.218337520964E0);
#5160=CARTESIAN_POINT('',(-3.E-1,1.55E0,1.5E-1));
#5161=LINE('',#5160,#5159);
#5162=DIRECTION('',(0.E0,0.E0,-1.E0));
#5163=VECTOR('',#5162,5.E-2);
#5164=CARTESIAN_POINT('',(-3.E-1,3.316624790355E-1,1.5E-1));
#5165=LINE('',#5164,#5163);
#5166=DIRECTION('',(0.E0,0.E0,1.E0));
#5167=VECTOR('',#5166,1.5E-1);
#5168=CARTESIAN_POINT('',(-3.E-1,1.55E0,0.E0));
#5169=LINE('',#5168,#5167);
#5170=CARTESIAN_POINT('',(0.E0,0.E0,1.5E-1));
#5171=DIRECTION('',(0.E0,0.E0,-1.E0));
#5172=DIRECTION('',(0.E0,1.E0,0.E0));
#5173=AXIS2_PLACEMENT_3D('',#5170,#5171,#5172);
#5175=CARTESIAN_POINT('',(0.E0,0.E0,1.5E-1));
#5176=DIRECTION('',(0.E0,0.E0,-1.E0));
#5177=DIRECTION('',(0.E0,-1.E0,0.E0));
#5178=AXIS2_PLACEMENT_3D('',#5175,#5176,#5177);
#5180=CARTESIAN_POINT('',(5.E-1,3.316624790355E-1,1.5E-1));
#5181=DIRECTION('',(0.E0,0.E0,1.E0));
#5182=DIRECTION('',(-1.E0,0.E0,0.E0));
#5183=AXIS2_PLACEMENT_3D('',#5180,#5181,#5182);
#5185=CARTESIAN_POINT('',(0.E0,0.E0,1.5E-1));
#5186=DIRECTION('',(0.E0,0.E0,1.E0));
#5187=DIRECTION('',(-8.333333333333E-1,5.527707983926E-1,0.E0));
#5188=AXIS2_PLACEMENT_3D('',#5185,#5186,#5187);
#5190=CARTESIAN_POINT('',(-5.E-1,3.316624790355E-1,1.5E-1));
#5191=DIRECTION('',(0.E0,0.E0,1.E0));
#5192=DIRECTION('',(8.333333333333E-1,-5.527707983926E-1,0.E0));
#5193=AXIS2_PLACEMENT_3D('',#5190,#5191,#5192);
#5195=DIRECTION('',(-1.E0,0.E0,0.E0));
#5196=VECTOR('',#5195,6.E-1);
#5197=CARTESIAN_POINT('',(3.E-1,1.55E0,1.5E-1));
#5198=LINE('',#5197,#5196);
#5199=CARTESIAN_POINT('',(-8.183540650686E-13,2.5E-1,0.E0));
#5200=DIRECTION('',(1.E0,3.273416260274E-12,0.E0));
#5201=DIRECTION('',(0.E0,-1.533958145690E-13,1.E0));
#5202=AXIS2_PLACEMENT_3D('',#5199,#5200,#5201);
#5204=CARTESIAN_POINT('',(8.183757491120E-13,-2.5E-1,0.E0));
#5205=DIRECTION('',(-1.E0,-3.273502996448E-12,0.E0));
#5206=DIRECTION('',(0.E0,1.535808517398E-13,1.E0));
#5207=AXIS2_PLACEMENT_3D('',#5204,#5205,#5206);
#5209=CARTESIAN_POINT('',(0.E0,0.E0,0.E0));
#5210=DIRECTION('',(0.E0,0.E0,-1.E0));
#5211=DIRECTION('',(0.E0,-1.E0,0.E0));
#5212=AXIS2_PLACEMENT_3D('',#5209,#5210,#5211);
#5214=DIRECTION('',(2.227829142909E-13,0.E0,-1.E0));
#5215=VECTOR('',#5214,8.E-1);
#5216=CARTESIAN_POINT('',(-1.782385779007E-13,1.E-1,0.E0));
#5217=LINE('',#5216,#5215);
#5218=DIRECTION('',(-2.227725820566E-13,0.E0,-1.E0));
#5219=VECTOR('',#5218,8.E-1);
#5220=CARTESIAN_POINT('',(1.782303121132E-13,-1.E-1,0.E0));
#5221=LINE('',#5220,#5219);
#5222=CARTESIAN_POINT('',(0.E0,0.E0,0.E0));
#5223=DIRECTION('',(0.E0,0.E0,-1.E0));
#5224=DIRECTION('',(0.E0,1.E0,0.E0));
#5225=AXIS2_PLACEMENT_3D('',#5222,#5223,#5224);
#5227=CARTESIAN_POINT('',(0.E0,0.E0,-8.E-1));
#5228=DIRECTION('',(0.E0,0.E0,1.E0));
#5229=DIRECTION('',(0.E0,-1.E0,0.E0));
#5230=AXIS2_PLACEMENT_3D('',#5227,#5228,#5229);
#5232=CARTESIAN_POINT('',(0.E0,0.E0,-8.E-1));
#5233=DIRECTION('',(1.E0,0.E0,0.E0));
#5234=DIRECTION('',(0.E0,-1.E0,0.E0));
#5235=AXIS2_PLACEMENT_3D('',#5232,#5233,#5234);
#5237=CARTESIAN_POINT('',(0.E0,0.E0,-8.E-1));
#5238=DIRECTION('',(0.E0,0.E0,-1.E0));
#5239=DIRECTION('',(0.E0,-1.E0,0.E0));
#5240=AXIS2_PLACEMENT_3D('',#5237,#5238,#5239);
#5242=CARTESIAN_POINT('',(0.E0,0.E0,-8.E-1));
#5243=DIRECTION('',(-1.E0,0.E0,0.E0));
#5244=DIRECTION('',(0.E0,1.E0,0.E0));
#5245=AXIS2_PLACEMENT_3D('',#5242,#5243,#5244);
#5247=DIRECTION('',(0.E0,0.E0,-1.E0));
#5248=VECTOR('',#5247,5.E-2);
#5249=CARTESIAN_POINT('',(3.E-1,3.316624790355E-1,1.5E-1));
#5250=LINE('',#5249,#5248);
#5251=DIRECTION('',(1.776356839400E-14,-2.997602166488E-14,-1.E0));
#5252=VECTOR('',#5251,5.E-2);
#5253=CARTESIAN_POINT('',(3.333333333333E-1,2.211083193570E-1,1.5E-1));
#5254=LINE('',#5253,#5252);
#5255=DIRECTION('',(1.665334536938E-14,2.498001805407E-14,-1.E0));
#5256=VECTOR('',#5255,5.E-2);
#5257=CARTESIAN_POINT('',(-3.333333333333E-1,2.211083193570E-1,1.5E-1));
#5258=LINE('',#5257,#5256);
#5259=DIRECTION('',(0.E0,0.E0,1.E0));
#5260=VECTOR('',#5259,1.5E-1);
#5261=CARTESIAN_POINT('',(3.E-1,1.55E0,0.E0));
#5262=LINE('',#5261,#5260);
#5263=CARTESIAN_POINT('',(0.E0,-3.E-1,-5.E-2));
#5264=DIRECTION('',(-1.E0,-2.017309930213E-14,0.E0));
#5265=DIRECTION('',(0.E0,1.665334536938E-14,1.E0));
#5266=AXIS2_PLACEMENT_3D('',#5263,#5264,#5265);
#5268=CARTESIAN_POINT('',(0.E0,3.E-1,-5.E-2));
#5269=DIRECTION('',(1.E0,2.028065215764E-14,0.E0));
#5270=DIRECTION('',(0.E0,-1.554312234475E-14,1.E0));
#5271=AXIS2_PLACEMENT_3D('',#5268,#5269,#5270);
#5273=CARTESIAN_POINT('',(0.E0,0.E0,-5.E-2));
#5274=DIRECTION('',(0.E0,0.E0,-1.E0));
#5275=DIRECTION('',(0.E0,1.E0,0.E0));
#5276=AXIS2_PLACEMENT_3D('',#5273,#5274,#5275);
#5278=CARTESIAN_POINT('',(0.E0,0.E0,-5.E-2));
#5279=DIRECTION('',(0.E0,0.E0,-1.E0));
#5280=DIRECTION('',(0.E0,-1.E0,0.E0));
#5281=AXIS2_PLACEMENT_3D('',#5278,#5279,#5280);
#5283=DIRECTION('',(-1.208159842959E-14,0.E0,-1.E0));
#5284=VECTOR('',#5283,7.5E-1);
#5285=CARTESIAN_POINT('',(0.E0,-2.5E-1,-5.E-2));
#5286=LINE('',#5285,#5284);
#5287=DIRECTION('',(1.210972929550E-14,0.E0,-1.E0));
#5288=VECTOR('',#5287,7.5E-1);
#5289=CARTESIAN_POINT('',(0.E0,2.5E-1,-5.E-2));
#5290=LINE('',#5289,#5288);
#5291=CARTESIAN_POINT('',(0.E0,0.E0,-8.E-1));
#5292=DIRECTION('',(1.E0,0.E0,0.E0));
#5293=DIRECTION('',(0.E0,-1.E0,0.E0));
#5294=AXIS2_PLACEMENT_3D('',#5291,#5292,#5293);
#5296=CARTESIAN_POINT('',(0.E0,0.E0,-8.E-1));
#5297=DIRECTION('',(-1.E0,0.E0,0.E0));
#5298=DIRECTION('',(0.E0,1.E0,0.E0));
#5299=AXIS2_PLACEMENT_3D('',#5296,#5297,#5298);
#5301=CARTESIAN_POINT('',(0.E0,0.E0,-8.E-1));
#5302=DIRECTION('',(0.E0,0.E0,-1.E0));
#5303=DIRECTION('',(0.E0,-1.E0,0.E0));
#5304=AXIS2_PLACEMENT_3D('',#5301,#5302,#5303);
#5306=CARTESIAN_POINT('',(0.E0,0.E0,-8.E-1));
#5307=DIRECTION('',(0.E0,0.E0,1.E0));
#5308=DIRECTION('',(0.E0,-1.E0,0.E0));
#5309=AXIS2_PLACEMENT_3D('',#5306,#5307,#5308);
#5311=CARTESIAN_POINT('',(3.E-1,4.472135955E-1,0.E0));
#5312=CARTESIAN_POINT('',(3.E-1,1.55E0,0.E0));
#5313=VERTEX_POINT('',#5311);
#5314=VERTEX_POINT('',#5312);
#5315=CARTESIAN_POINT('',(-3.E-1,1.55E0,0.E0));
#5316=VERTEX_POINT('',#5315);
#5317=CARTESIAN_POINT('',(-3.E-1,4.472135955E-1,0.E0));
#5318=VERTEX_POINT('',#5317);
#5319=CARTESIAN_POINT('',(-3.333333333333E-1,3.726779962500E-1,0.E0));
#5320=VERTEX_POINT('',#5319);
#5321=CARTESIAN_POINT('',(3.333333333333E-1,3.726779962500E-1,0.E0));
#5322=VERTEX_POINT('',#5321);
#5323=CARTESIAN_POINT('',(3.E-1,1.55E0,1.5E-1));
#5324=CARTESIAN_POINT('',(-3.E-1,1.55E0,1.5E-1));
#5325=VERTEX_POINT('',#5323);
#5326=VERTEX_POINT('',#5324);
#5327=CARTESIAN_POINT('',(0.E0,-2.5E-1,-8.E-1));
#5328=CARTESIAN_POINT('',(0.E0,0.E0,-1.05E0));
#5329=VERTEX_POINT('',#5327);
#5330=VERTEX_POINT('',#5328);
#5331=CARTESIAN_POINT('',(0.E0,2.5E-1,-8.E-1));
#5332=VERTEX_POINT('',#5331);
#5333=CARTESIAN_POINT('',(0.E0,-1.E-1,-8.E-1));
#5334=CARTESIAN_POINT('',(0.E0,0.E0,-9.E-1));
#5335=VERTEX_POINT('',#5333);
#5336=VERTEX_POINT('',#5334);
#5337=CARTESIAN_POINT('',(0.E0,1.E-1,-8.E-1));
#5338=VERTEX_POINT('',#5337);
#5339=CARTESIAN_POINT('',(0.E0,-3.E-1,0.E0));
#5340=CARTESIAN_POINT('',(0.E0,3.E-1,0.E0));
#5341=VERTEX_POINT('',#5339);
#5342=VERTEX_POINT('',#5340);
#5343=CARTESIAN_POINT('',(0.E0,-2.5E-1,-5.E-2));
#5344=CARTESIAN_POINT('',(0.E0,2.5E-1,-5.E-2));
#5345=VERTEX_POINT('',#5343);
#5346=VERTEX_POINT('',#5344);
#5347=CARTESIAN_POINT('',(0.E0,2.5E-1,1.5E-1));
#5348=CARTESIAN_POINT('',(0.E0,-2.5E-1,1.5E-1));
#5349=VERTEX_POINT('',#5347);
#5350=VERTEX_POINT('',#5348);
#5351=CARTESIAN_POINT('',(0.E0,1.E-1,0.E0));
#5352=CARTESIAN_POINT('',(0.E0,-1.E-1,0.E0));
#5353=VERTEX_POINT('',#5351);
#5354=VERTEX_POINT('',#5352);
#5355=CARTESIAN_POINT('',(3.E-1,3.316624790355E-1,1.E-1));
#5356=CARTESIAN_POINT('',(3.333333333333E-1,2.211083193570E-1,1.E-1));
#5357=VERTEX_POINT('',#5355);
#5358=VERTEX_POINT('',#5356);
#5359=CARTESIAN_POINT('',(-3.333333333333E-1,2.211083193570E-1,1.E-1));
#5360=VERTEX_POINT('',#5359);
#5361=CARTESIAN_POINT('',(-3.E-1,3.316624790355E-1,1.E-1));
#5362=VERTEX_POINT('',#5361);
#5363=CARTESIAN_POINT('',(3.E-1,3.316624790355E-1,1.5E-1));
#5364=CARTESIAN_POINT('',(3.333333333333E-1,2.211083193570E-1,1.5E-1));
#5365=VERTEX_POINT('',#5363);
#5366=VERTEX_POINT('',#5364);
#5367=CARTESIAN_POINT('',(-3.333333333333E-1,2.211083193570E-1,1.5E-1));
#5368=VERTEX_POINT('',#5367);
#5369=CARTESIAN_POINT('',(-3.E-1,3.316624790355E-1,1.5E-1));
#5370=VERTEX_POINT('',#5369);
#5371=CARTESIAN_POINT('',(3.E-1,4.472135955E-1,1.E-1));
#5372=CARTESIAN_POINT('',(3.333333333333E-1,3.726779962500E-1,1.E-1));
#5373=VERTEX_POINT('',#5371);
#5374=VERTEX_POINT('',#5372);
#5375=CARTESIAN_POINT('',(-3.333333333333E-1,3.726779962500E-1,1.E-1));
#5376=VERTEX_POINT('',#5375);
#5377=CARTESIAN_POINT('',(-3.E-1,4.472135955E-1,1.E-1));
#5378=VERTEX_POINT('',#5377);
#5379=CARTESIAN_POINT('',(0.E0,0.E0,0.E0));
#5380=DIRECTION('',(0.E0,0.E0,1.E0));
#5381=DIRECTION('',(1.E0,0.E0,0.E0));
#5382=AXIS2_PLACEMENT_3D('',#5379,#5380,#5381);
#5383=PLANE('',#5382);
#5385=ORIENTED_EDGE('',*,*,#5384,.T.);
#5387=ORIENTED_EDGE('',*,*,#5386,.T.);
#5389=ORIENTED_EDGE('',*,*,#5388,.T.);
#5391=ORIENTED_EDGE('',*,*,#5390,.T.);
#5393=ORIENTED_EDGE('',*,*,#5392,.T.);
#5395=ORIENTED_EDGE('',*,*,#5394,.T.);
#5396=EDGE_LOOP('',(#5385,#5387,#5389,#5391,#5393,#5395));
#5397=FACE_OUTER_BOUND('',#5396,.F.);
#5399=ORIENTED_EDGE('',*,*,#5398,.T.);
#5401=ORIENTED_EDGE('',*,*,#5400,.T.);
#5402=EDGE_LOOP('',(#5399,#5401));
#5403=FACE_BOUND('',#5402,.F.);
#5405=CARTESIAN_POINT('',(3.E-1,4.472135955E-1,0.E0));
#5406=DIRECTION('',(1.E0,0.E0,0.E0));
#5407=DIRECTION('',(0.E0,1.E0,0.E0));
#5408=AXIS2_PLACEMENT_3D('',#5405,#5406,#5407);
#5409=PLANE('',#5408);
#5411=ORIENTED_EDGE('',*,*,#5410,.T.);
#5413=ORIENTED_EDGE('',*,*,#5412,.T.);
#5415=ORIENTED_EDGE('',*,*,#5414,.F.);
#5417=ORIENTED_EDGE('',*,*,#5416,.T.);
#5419=ORIENTED_EDGE('',*,*,#5418,.F.);
#5420=ORIENTED_EDGE('',*,*,#5384,.F.);
#5421=EDGE_LOOP('',(#5411,#5413,#5415,#5417,#5419,#5420));
#5422=FACE_OUTER_BOUND('',#5421,.F.);
#5424=CARTESIAN_POINT('',(4.E-1,4.472135955E-1,0.E0));
#5425=DIRECTION('',(0.E0,0.E0,1.E0));
#5426=DIRECTION('',(1.E0,0.E0,0.E0));
#5427=AXIS2_PLACEMENT_3D('',#5424,#5425,#5426);
#5428=CYLINDRICAL_SURFACE('',#5427,1.E-1);
#5430=ORIENTED_EDGE('',*,*,#5429,.F.);
#5431=ORIENTED_EDGE('',*,*,#5410,.F.);
#5432=ORIENTED_EDGE('',*,*,#5394,.F.);
#5434=ORIENTED_EDGE('',*,*,#5433,.T.);
#5435=EDGE_LOOP('',(#5430,#5431,#5432,#5434));
#5436=FACE_OUTER_BOUND('',#5435,.F.);
#5438=CARTESIAN_POINT('',(0.E0,0.E0,1.E-1));
#5439=DIRECTION('',(0.E0,0.E0,1.E0));
#5440=DIRECTION('',(0.E0,-1.E0,0.E0));
#5441=AXIS2_PLACEMENT_3D('',#5438,#5439,#5440);
#5442=PLANE('',#5441);
#5443=ORIENTED_EDGE('',*,*,#5429,.T.);
#5445=ORIENTED_EDGE('',*,*,#5444,.F.);
#5447=ORIENTED_EDGE('',*,*,#5446,.T.);
#5449=ORIENTED_EDGE('',*,*,#5448,.F.);
#5451=ORIENTED_EDGE('',*,*,#5450,.F.);
#5453=ORIENTED_EDGE('',*,*,#5452,.F.);
#5455=ORIENTED_EDGE('',*,*,#5454,.F.);
#5456=ORIENTED_EDGE('',*,*,#5412,.F.);
#5457=EDGE_LOOP('',(#5443,#5445,#5447,#5449,#5451,#5453,#5455,#5456));
#5458=FACE_OUTER_BOUND('',#5457,.F.);
#5460=CARTESIAN_POINT('',(0.E0,0.E0,0.E0));
#5461=DIRECTION('',(0.E0,0.E0,1.E0));
#5462=DIRECTION('',(1.E0,0.E0,0.E0));
#5463=AXIS2_PLACEMENT_3D('',#5460,#5461,#5462);
#5464=CYLINDRICAL_SURFACE('',#5463,5.E-1);
#5465=ORIENTED_EDGE('',*,*,#5444,.T.);
#5466=ORIENTED_EDGE('',*,*,#5433,.F.);
#5467=ORIENTED_EDGE('',*,*,#5392,.F.);
#5469=ORIENTED_EDGE('',*,*,#5468,.T.);
#5470=EDGE_LOOP('',(#5465,#5466,#5467,#5469));
#5471=FACE_OUTER_BOUND('',#5470,.F.);
#5473=CARTESIAN_POINT('',(-4.E-1,4.472135955E-1,0.E0));
#5474=DIRECTION('',(0.E0,0.E0,1.E0));
#5475=DIRECTION('',(1.E0,0.E0,0.E0));
#5476=AXIS2_PLACEMENT_3D('',#5473,#5474,#5475);
#5477=CYLINDRICAL_SURFACE('',#5476,1.E-1);
#5478=ORIENTED_EDGE('',*,*,#5446,.F.);
#5479=ORIENTED_EDGE('',*,*,#5468,.F.);
#5480=ORIENTED_EDGE('',*,*,#5390,.F.);
#5482=ORIENTED_EDGE('',*,*,#5481,.T.);
#5483=EDGE_LOOP('',(#5478,#5479,#5480,#5482));
#5484=FACE_OUTER_BOUND('',#5483,.F.);
#5486=CARTESIAN_POINT('',(-3.E-1,1.55E0,0.E0));
#5487=DIRECTION('',(-1.E0,0.E0,0.E0));
#5488=DIRECTION('',(0.E0,-1.E0,0.E0));
#5489=AXIS2_PLACEMENT_3D('',#5486,#5487,#5488);
#5490=PLANE('',#5489);
#5492=ORIENTED_EDGE('',*,*,#5491,.T.);
#5494=ORIENTED_EDGE('',*,*,#5493,.T.);
#5495=ORIENTED_EDGE('',*,*,#5448,.T.);
#5496=ORIENTED_EDGE('',*,*,#5481,.F.);
#5497=ORIENTED_EDGE('',*,*,#5388,.F.);
#5499=ORIENTED_EDGE('',*,*,#5498,.T.);
#5500=EDGE_LOOP('',(#5492,#5494,#5495,#5496,#5497,#5499));
#5501=FACE_OUTER_BOUND('',#5500,.F.);
#5503=CARTESIAN_POINT('',(0.E0,0.E0,1.5E-1));
#5504=DIRECTION('',(0.E0,0.E0,1.E0));
#5505=DIRECTION('',(1.E0,0.E0,0.E0));
#5506=AXIS2_PLACEMENT_3D('',#5503,#5504,#5505);
#5507=PLANE('',#5506);
#5508=ORIENTED_EDGE('',*,*,#5416,.F.);
#5510=ORIENTED_EDGE('',*,*,#5509,.T.);
#5512=ORIENTED_EDGE('',*,*,#5511,.F.);
#5514=ORIENTED_EDGE('',*,*,#5513,.T.);
#5515=ORIENTED_EDGE('',*,*,#5491,.F.);
#5517=ORIENTED_EDGE('',*,*,#5516,.F.);
#5518=EDGE_LOOP('',(#5508,#5510,#5512,#5514,#5515,#5517));
#5519=FACE_OUTER_BOUND('',#5518,.F.);
#5521=ORIENTED_EDGE('',*,*,#5520,.F.);
#5523=ORIENTED_EDGE('',*,*,#5522,.F.);
#5524=EDGE_LOOP('',(#5521,#5523));
#5525=FACE_BOUND('',#5524,.F.);
#5527=CARTESIAN_POINT('',(0.E0,0.E0,0.E0));
#5528=DIRECTION('',(0.E0,0.E0,1.E0));
#5529=DIRECTION('',(-2.184186295514E-2,9.997614380554E-1,0.E0));
#5530=AXIS2_PLACEMENT_3D('',#5527,#5528,#5529);
#5531=TOROIDAL_SURFACE('',#5530,2.5E-1,1.5E-1);
#5532=ORIENTED_EDGE('',*,*,#5520,.T.);
#5534=ORIENTED_EDGE('',*,*,#5533,.T.);
#5536=ORIENTED_EDGE('',*,*,#5535,.F.);
#5538=ORIENTED_EDGE('',*,*,#5537,.F.);
#5539=EDGE_LOOP('',(#5532,#5534,#5536,#5538));
#5540=FACE_OUTER_BOUND('',#5539,.F.);
#5542=CARTESIAN_POINT('',(0.E0,0.E0,0.E0));
#5543=DIRECTION('',(0.E0,0.E0,1.E0));
#5544=DIRECTION('',(2.184186295514E-2,-9.997614380554E-1,0.E0));
#5545=AXIS2_PLACEMENT_3D('',#5542,#5543,#5544);
#5546=TOROIDAL_SURFACE('',#5545,2.5E-1,1.5E-1);
#5547=ORIENTED_EDGE('',*,*,#5522,.T.);
#5548=ORIENTED_EDGE('',*,*,#5537,.T.);
#5550=ORIENTED_EDGE('',*,*,#5549,.F.);
#5551=ORIENTED_EDGE('',*,*,#5533,.F.);
#5552=EDGE_LOOP('',(#5547,#5548,#5550,#5551));
#5553=FACE_OUTER_BOUND('',#5552,.F.);
#5555=CARTESIAN_POINT('',(0.E0,0.E0,-9.525E-1));
#5556=DIRECTION('',(0.E0,0.E0,1.E0));
#5557=DIRECTION('',(0.E0,1.E0,0.E0));
#5558=AXIS2_PLACEMENT_3D('',#5555,#5556,#5557);
#5559=CYLINDRICAL_SURFACE('',#5558,1.E-1);
#5560=ORIENTED_EDGE('',*,*,#5549,.T.);
#5562=ORIENTED_EDGE('',*,*,#5561,.T.);
#5564=ORIENTED_EDGE('',*,*,#5563,.F.);
#5566=ORIENTED_EDGE('',*,*,#5565,.F.);
#5567=EDGE_LOOP('',(#5560,#5562,#5564,#5566));
#5568=FACE_OUTER_BOUND('',#5567,.F.);
#5570=CARTESIAN_POINT('',(0.E0,0.E0,-9.525E-1));
#5571=DIRECTION('',(0.E0,0.E0,1.E0));
#5572=DIRECTION('',(0.E0,1.E0,0.E0));
#5573=AXIS2_PLACEMENT_3D('',#5570,#5571,#5572);
#5574=CYLINDRICAL_SURFACE('',#5573,1.E-1);
#5575=ORIENTED_EDGE('',*,*,#5535,.T.);
#5576=ORIENTED_EDGE('',*,*,#5565,.T.);
#5578=ORIENTED_EDGE('',*,*,#5577,.T.);
#5579=ORIENTED_EDGE('',*,*,#5561,.F.);
#5580=EDGE_LOOP('',(#5575,#5576,#5578,#5579));
#5581=FACE_OUTER_BOUND('',#5580,.F.);
#5583=CARTESIAN_POINT('',(0.E0,0.E0,-8.E-1));
#5584=DIRECTION('',(0.E0,0.E0,1.E0));
#5585=DIRECTION('',(0.E0,1.E0,0.E0));
#5586=AXIS2_PLACEMENT_3D('',#5583,#5584,#5585);
#5587=SPHERICAL_SURFACE('',#5586,1.E-1);
#5589=ORIENTED_EDGE('',*,*,#5588,.T.);
#5591=ORIENTED_EDGE('',*,*,#5590,.F.);
#5592=ORIENTED_EDGE('',*,*,#5577,.F.);
#5593=EDGE_LOOP('',(#5589,#5591,#5592));
#5594=FACE_OUTER_BOUND('',#5593,.F.);
#5596=CARTESIAN_POINT('',(0.E0,0.E0,-8.E-1));
#5597=DIRECTION('',(0.E0,0.E0,1.E0));
#5598=DIRECTION('',(0.E0,1.E0,0.E0));
#5599=AXIS2_PLACEMENT_3D('',#5596,#5597,#5598);
#5600=SPHERICAL_SURFACE('',#5599,1.E-1);
#5601=ORIENTED_EDGE('',*,*,#5588,.F.);
#5602=ORIENTED_EDGE('',*,*,#5563,.T.);
#5603=ORIENTED_EDGE('',*,*,#5590,.T.);
#5604=EDGE_LOOP('',(#5601,#5602,#5603));
#5605=FACE_OUTER_BOUND('',#5604,.F.);
#5607=CARTESIAN_POINT('',(5.E-1,3.316624790355E-1,1.5E-1));
#5608=DIRECTION('',(0.E0,0.E0,1.E0));
#5609=DIRECTION('',(0.E0,-1.E0,0.E0));
#5610=AXIS2_PLACEMENT_3D('',#5607,#5608,#5609);
#5611=CYLINDRICAL_SURFACE('',#5610,2.E-1);
#5612=ORIENTED_EDGE('',*,*,#5509,.F.);
#5613=ORIENTED_EDGE('',*,*,#5414,.T.);
#5614=ORIENTED_EDGE('',*,*,#5454,.T.);
#5616=ORIENTED_EDGE('',*,*,#5615,.F.);
#5617=EDGE_LOOP('',(#5612,#5613,#5614,#5616));
#5618=FACE_OUTER_BOUND('',#5617,.F.);
#5620=CARTESIAN_POINT('',(0.E0,0.E0,1.5E-1));
#5621=DIRECTION('',(0.E0,0.E0,1.E0));
#5622=DIRECTION('',(0.E0,-1.E0,0.E0));
#5623=AXIS2_PLACEMENT_3D('',#5620,#5621,#5622);
#5624=CYLINDRICAL_SURFACE('',#5623,4.E-1);
#5625=ORIENTED_EDGE('',*,*,#5511,.T.);
#5626=ORIENTED_EDGE('',*,*,#5615,.T.);
#5627=ORIENTED_EDGE('',*,*,#5452,.T.);
#5629=ORIENTED_EDGE('',*,*,#5628,.F.);
#5630=EDGE_LOOP('',(#5625,#5626,#5627,#5629));
#5631=FACE_OUTER_BOUND('',#5630,.F.);
#5633=CARTESIAN_POINT('',(-5.E-1,3.316624790355E-1,1.5E-1));
#5634=DIRECTION('',(0.E0,0.E0,1.E0));
#5635=DIRECTION('',(0.E0,-1.E0,0.E0));
#5636=AXIS2_PLACEMENT_3D('',#5633,#5634,#5635);
#5637=CYLINDRICAL_SURFACE('',#5636,2.E-1);
#5638=ORIENTED_EDGE('',*,*,#5513,.F.);
#5639=ORIENTED_EDGE('',*,*,#5628,.T.);
#5640=ORIENTED_EDGE('',*,*,#5450,.T.);
#5641=ORIENTED_EDGE('',*,*,#5493,.F.);
#5642=EDGE_LOOP('',(#5638,#5639,#5640,#5641));
#5643=FACE_OUTER_BOUND('',#5642,.F.);
#5645=CARTESIAN_POINT('',(3.E-1,1.55E0,0.E0));
#5646=DIRECTION('',(0.E0,1.E0,0.E0));
#5647=DIRECTION('',(-1.E0,0.E0,0.E0));
#5648=AXIS2_PLACEMENT_3D('',#5645,#5646,#5647);
#5649=PLANE('',#5648);
#5650=ORIENTED_EDGE('',*,*,#5386,.F.);
#5651=ORIENTED_EDGE('',*,*,#5418,.T.);
#5652=ORIENTED_EDGE('',*,*,#5516,.T.);
#5653=ORIENTED_EDGE('',*,*,#5498,.F.);
#5654=EDGE_LOOP('',(#5650,#5651,#5652,#5653));
#5655=FACE_OUTER_BOUND('',#5654,.F.);
#5657=CARTESIAN_POINT('',(0.E0,0.E0,-5.E-2));
#5658=DIRECTION('',(0.E0,0.E0,1.E0));
#5659=DIRECTION('',(8.737328826901E-3,-9.999618288140E-1,0.E0));
#5660=AXIS2_PLACEMENT_3D('',#5657,#5658,#5659);
#5661=TOROIDAL_SURFACE('',#5660,3.E-1,5.E-2);
#5662=ORIENTED_EDGE('',*,*,#5398,.F.);
#5664=ORIENTED_EDGE('',*,*,#5663,.T.);
#5666=ORIENTED_EDGE('',*,*,#5665,.T.);
#5668=ORIENTED_EDGE('',*,*,#5667,.F.);
#5669=EDGE_LOOP('',(#5662,#5664,#5666,#5668));
#5670=FACE_OUTER_BOUND('',#5669,.F.);
#5672=CARTESIAN_POINT('',(0.E0,0.E0,-5.E-2));
#5673=DIRECTION('',(0.E0,0.E0,1.E0));
#5674=DIRECTION('',(-8.737328826901E-3,9.999618288140E-1,0.E0));
#5675=AXIS2_PLACEMENT_3D('',#5672,#5673,#5674);
#5676=TOROIDAL_SURFACE('',#5675,3.E-1,5.E-2);
#5677=ORIENTED_EDGE('',*,*,#5400,.F.);
#5678=ORIENTED_EDGE('',*,*,#5667,.T.);
#5680=ORIENTED_EDGE('',*,*,#5679,.T.);
#5681=ORIENTED_EDGE('',*,*,#5663,.F.);
#5682=EDGE_LOOP('',(#5677,#5678,#5680,#5681));
#5683=FACE_OUTER_BOUND('',#5682,.F.);
#5685=CARTESIAN_POINT('',(0.E0,0.E0,-1.1025E0));
#5686=DIRECTION('',(0.E0,0.E0,1.E0));
#5687=DIRECTION('',(0.E0,1.E0,0.E0));
#5688=AXIS2_PLACEMENT_3D('',#5685,#5686,#5687);
#5689=CYLINDRICAL_SURFACE('',#5688,2.5E-1);
#5690=ORIENTED_EDGE('',*,*,#5679,.F.);
#5692=ORIENTED_EDGE('',*,*,#5691,.T.);
#5694=ORIENTED_EDGE('',*,*,#5693,.F.);
#5696=ORIENTED_EDGE('',*,*,#5695,.F.);
#5697=EDGE_LOOP('',(#5690,#5692,#5694,#5696));
#5698=FACE_OUTER_BOUND('',#5697,.F.);
#5700=CARTESIAN_POINT('',(0.E0,0.E0,-1.1025E0));
#5701=DIRECTION('',(0.E0,0.E0,1.E0));
#5702=DIRECTION('',(0.E0,1.E0,0.E0));
#5703=AXIS2_PLACEMENT_3D('',#5700,#5701,#5702);
#5704=CYLINDRICAL_SURFACE('',#5703,2.5E-1);
#5705=ORIENTED_EDGE('',*,*,#5665,.F.);
#5706=ORIENTED_EDGE('',*,*,#5695,.T.);
#5708=ORIENTED_EDGE('',*,*,#5707,.T.);
#5709=ORIENTED_EDGE('',*,*,#5691,.F.);
#5710=EDGE_LOOP('',(#5705,#5706,#5708,#5709));
#5711=FACE_OUTER_BOUND('',#5710,.F.);
#5713=CARTESIAN_POINT('',(0.E0,0.E0,-8.E-1));
#5714=DIRECTION('',(0.E0,0.E0,1.E0));
#5715=DIRECTION('',(0.E0,1.E0,0.E0));
#5716=AXIS2_PLACEMENT_3D('',#5713,#5714,#5715);
#5717=SPHERICAL_SURFACE('',#5716,2.5E-1);
#5719=ORIENTED_EDGE('',*,*,#5718,.T.);
#5721=ORIENTED_EDGE('',*,*,#5720,.F.);
#5722=ORIENTED_EDGE('',*,*,#5707,.F.);
#5723=EDGE_LOOP('',(#5719,#5721,#5722));
#5724=FACE_OUTER_BOUND('',#5723,.F.);
#5726=CARTESIAN_POINT('',(0.E0,0.E0,-8.E-1));
#5727=DIRECTION('',(0.E0,0.E0,1.E0));
#5728=DIRECTION('',(0.E0,1.E0,0.E0));
#5729=AXIS2_PLACEMENT_3D('',#5726,#5727,#5728);
#5730=SPHERICAL_SURFACE('',#5729,2.5E-1);
#5731=ORIENTED_EDGE('',*,*,#5718,.F.);
#5732=ORIENTED_EDGE('',*,*,#5693,.T.);
#5733=ORIENTED_EDGE('',*,*,#5720,.T.);
#5734=EDGE_LOOP('',(#5731,#5732,#5733));
#5735=FACE_OUTER_BOUND('',#5734,.F.);
#5737=CLOSED_SHELL('',(#5404,#5423,#5437,#5459,#5472,#5485,#5502,#5526,#5541,
#5554,#5569,#5582,#5595,#5606,#5619,#5632,#5644,#5656,#5671,#5684,#5699,#5712,
#5725,#5736));
#5738=MANIFOLD_SOLID_BREP('',#5737);
#5740=DIMENSIONAL_EXPONENTS(0.E0,0.E0,0.E0,0.E0,0.E0,0.E0,0.E0);
#5742=PLANE_ANGLE_MEASURE_WITH_UNIT(PLANE_ANGLE_MEASURE(1.745329251994E-2),
#5741);
#5743=(CONVERSION_BASED_UNIT('DEGREE',#5742)NAMED_UNIT(*)PLANE_ANGLE_UNIT());
#5745=UNCERTAINTY_MEASURE_WITH_UNIT(LENGTH_MEASURE(1.E-4),#5739,'closure',
'Maximum model space distance between geometric entities at asserted connectivities');
#5747=CARTESIAN_POINT('',(0.E0,0.E0,0.E0));
#5748=DIRECTION('',(0.E0,0.E0,1.E0));
#5749=DIRECTION('',(1.E0,0.E0,0.E0));
#5752=DESIGN_CONTEXT('',#2347,'design');
#5753=MECHANICAL_CONTEXT('',#2347,'mechanical');
#5754=PRODUCT('MICRO-RFB01-T00-03','MICRO-RFB01-T00-03','NOT SPECIFIED',
(#5753));
#5755=PRODUCT_DEFINITION_FORMATION_WITH_SPECIFIED_SOURCE('3','LAST_VERSION',
#5754,.MADE.);
#5761=CARTESIAN_POINT('',(0.E0,-3.797872247670E-1,0.E0));
#5762=DIRECTION('',(0.E0,-1.E0,0.E0));
#5763=DIRECTION('',(-1.E0,0.E0,0.E0));
#5764=AXIS2_PLACEMENT_3D('',#5761,#5762,#5763);
#5765=ITEM_DEFINED_TRANSFORMATION('','',#5750,#5764);
#5766=(REPRESENTATION_RELATIONSHIP('','',#5751,#2358)REPRESENTATION_RELATIONSHIP_WITH_TRANSFORMATION(#5765)SHAPE_REPRESENTATION_RELATIONSHIP());
#5767=CONTEXT_DEPENDENT_SHAPE_REPRESENTATION(#5766,#5760);
#5769=DIMENSIONAL_EXPONENTS(0.E0,0.E0,0.E0,0.E0,0.E0,0.E0,0.E0);
#5771=PLANE_ANGLE_MEASURE_WITH_UNIT(PLANE_ANGLE_MEASURE(1.745329251994E-2),
#5770);
#5772=(CONVERSION_BASED_UNIT('DEGREE',#5771)NAMED_UNIT(*)PLANE_ANGLE_UNIT());
#5774=UNCERTAINTY_MEASURE_WITH_UNIT(LENGTH_MEASURE(4.640150431825E-4),#5768,
'closure',
'Maximum model space distance between geometric entities at asserted connectivities');
#5776=CARTESIAN_POINT('',(0.E0,0.E0,0.E0));
#5777=DIRECTION('',(0.E0,0.E0,1.E0));
#5778=DIRECTION('',(1.E0,0.E0,0.E0));
#5780=MECHANICAL_CONTEXT('',#2347,'mechanical');
#5781=PRODUCT('MICRO-RFB01-A00-02_ASM','MICRO-RFB01-A00-02_ASM','NOT SPECIFIED',
(#5780));
#5782=PRODUCT_DEFINITION_FORMATION_WITH_SPECIFIED_SOURCE('3','LAST_VERSION',
#5781,.MADE.);
#5784=PRODUCT_CATEGORY('part','');
#5785=PRODUCT_RELATED_PRODUCT_CATEGORY('assembly','',(#5781));
#5786=PRODUCT_CATEGORY_RELATIONSHIP('','',#5784,#5785);
#5787=PRODUCT_CATEGORY('part','');
#5788=PRODUCT_RELATED_PRODUCT_CATEGORY('detail','',(#2351,#5048,#5754));
#5789=PRODUCT_CATEGORY_RELATIONSHIP('','',#5787,#5788);
#5790=SECURITY_CLASSIFICATION_LEVEL('unclassified');
#5791=SECURITY_CLASSIFICATION('','',#5790);
#5792=CC_DESIGN_SECURITY_CLASSIFICATION(#5791,(#2352,#5049,#5755,#5782,#2359,
#5053,#5759));
#5793=APPROVAL_STATUS('approved');
#5794=APPROVAL(#5793,'');
#5795=CC_DESIGN_APPROVAL(#5794,(#5791,#2352,#5049,#5755,#5782,#2353,#5050,#5756,
#5783));
#5796=CALENDAR_DATE(120,27,7);
#5797=COORDINATED_UNIVERSAL_TIME_OFFSET(8,0,.AHEAD.);
#5798=LOCAL_TIME(11,24,3.8E1,#5797);
#5799=DATE_AND_TIME(#5796,#5798);
#5800=APPROVAL_DATE_TIME(#5799,#5794);
#5801=DATE_TIME_ROLE('creation_date');
#5802=CC_DESIGN_DATE_AND_TIME_ASSIGNMENT(#5799,#5801,(#2353,#5050,#5756,#5783));
#5803=DATE_TIME_ROLE('classification_date');
#5804=CC_DESIGN_DATE_AND_TIME_ASSIGNMENT(#5799,#5803,(#5791));
#5805=PERSON('UNSPECIFIED','UNSPECIFIED',$,$,$,$);
#5806=ORGANIZATION('UNSPECIFIED','UNSPECIFIED','UNSPECIFIED');
#5807=PERSON_AND_ORGANIZATION(#5805,#5806);
#5808=APPROVAL_ROLE('approver');
#5809=APPROVAL_PERSON_ORGANIZATION(#5807,#5794,#5808);
#5810=PERSON_AND_ORGANIZATION_ROLE('creator');
#5811=CC_DESIGN_PERSON_AND_ORGANIZATION_ASSIGNMENT(#5807,#5810,(#2352,#5049,
#5755,#5782,#2353,#5050,#5756,#5783));
#5812=PERSON_AND_ORGANIZATION_ROLE('design_supplier');
#5813=CC_DESIGN_PERSON_AND_ORGANIZATION_ASSIGNMENT(#5807,#5812,(#2352,#5049,
#5755,#5782));
#5814=PERSON_AND_ORGANIZATION_ROLE('classification_officer');
#5815=CC_DESIGN_PERSON_AND_ORGANIZATION_ASSIGNMENT(#5807,#5814,(#5791));
#5816=PERSON_AND_ORGANIZATION_ROLE('design_owner');
#5817=CC_DESIGN_PERSON_AND_ORGANIZATION_ASSIGNMENT(#5807,#5816,(#5781,#2351,
#5048,#5754));
#10=CIRCLE('',#9,8.5E-1);
#31=CIRCLE('',#30,8.5E-1);
#40=CIRCLE('',#39,8.5E-1);
#56=B_SPLINE_CURVE_WITH_KNOTS('',3,(#41,#42,#43,#44,#45,#46,#47,#48,#49,#50,#51,
#52,#53,#54,#55),.UNSPECIFIED.,.F.,.F.,(4,1,1,1,1,1,1,1,1,1,1,1,4),(0.E0,
8.333333333333E-2,1.666666666667E-1,2.5E-1,3.333333333333E-1,4.166666666667E-1,
5.E-1,5.833333333333E-1,6.666666666667E-1,7.5E-1,8.333333333333E-1,
9.166666666667E-1,1.E0),.UNSPECIFIED.);
#61=CIRCLE('',#60,9.E-1);
#77=B_SPLINE_CURVE_WITH_KNOTS('',3,(#62,#63,#64,#65,#66,#67,#68,#69,#70,#71,#72,
#73,#74,#75,#76),.UNSPECIFIED.,.F.,.F.,(4,1,1,1,1,1,1,1,1,1,1,1,4),(0.E0,
8.333333333333E-2,1.666666666667E-1,2.5E-1,3.333333333333E-1,4.166666666667E-1,
5.E-1,5.833333333333E-1,6.666666666667E-1,7.5E-1,8.333333333333E-1,
9.166666666667E-1,1.E0),.UNSPECIFIED.);
#86=CIRCLE('',#85,1.E0);
#95=CIRCLE('',#94,8.5E-1);
#104=CIRCLE('',#103,8.5E-1);
#113=CIRCLE('',#112,1.E0);
#138=B_SPLINE_CURVE_WITH_KNOTS('',3,(#130,#131,#132,#133,#134,#135,#136,#137),
.UNSPECIFIED.,.F.,.F.,(4,1,1,1,1,4),(0.E0,2.E-1,4.E-1,6.E-1,8.E-1,1.E0),
.UNSPECIFIED.);
#149=B_SPLINE_CURVE_WITH_KNOTS('',3,(#139,#140,#141,#142,#143,#144,#145,#146,
#147,#148),.UNSPECIFIED.,.F.,.F.,(4,1,1,1,1,1,1,4),(0.E0,1.428571428571E-1,
2.857142857143E-1,4.285714285714E-1,5.714285714286E-1,7.142857142857E-1,
8.571428571429E-1,1.E0),.UNSPECIFIED.);
#164=B_SPLINE_CURVE_WITH_KNOTS('',3,(#150,#151,#152,#153,#154,#155,#156,#157,
#158,#159,#160,#161,#162,#163),.UNSPECIFIED.,.F.,.F.,(4,1,1,1,1,1,1,1,1,1,1,4),(
0.E0,9.090909090909E-2,1.818181818182E-1,2.727272727273E-1,3.636363636364E-1,
4.545454545455E-1,5.454545454545E-1,6.363636363636E-1,7.272727272727E-1,
8.181818181818E-1,9.090909090909E-1,1.E0),.UNSPECIFIED.);
#173=B_SPLINE_CURVE_WITH_KNOTS('',3,(#165,#166,#167,#168,#169,#170,#171,#172),
.UNSPECIFIED.,.F.,.F.,(4,1,1,1,1,4),(0.E0,2.E-1,4.E-1,6.E-1,8.E-1,1.E0),
.UNSPECIFIED.);
#178=CIRCLE('',#177,8.5E-1);
#195=B_SPLINE_CURVE_WITH_KNOTS('',3,(#179,#180,#181,#182,#183,#184,#185,#186,
#187,#188,#189,#190,#191,#192,#193,#194),.UNSPECIFIED.,.F.,.F.,(4,1,1,1,1,1,1,1,
1,1,1,1,1,4),(0.E0,7.692307692308E-2,1.538461538462E-1,2.307692307692E-1,
3.076923076923E-1,3.846153846154E-1,4.615384615385E-1,5.384615384615E-1,
6.153846153846E-1,6.923076923077E-1,7.692307692308E-1,8.461538461538E-1,
9.230769230769E-1,1.E0),.UNSPECIFIED.);
#200=CIRCLE('',#199,1.04E0);
#217=B_SPLINE_CURVE_WITH_KNOTS('',3,(#201,#202,#203,#204,#205,#206,#207,#208,
#209,#210,#211,#212,#213,#214,#215,#216),.UNSPECIFIED.,.F.,.F.,(4,1,1,1,1,1,1,1,
1,1,1,1,1,4),(0.E0,7.692307692308E-2,1.538461538462E-1,2.307692307692E-1,
3.076923076923E-1,3.846153846154E-1,4.615384615385E-1,5.384615384615E-1,
6.153846153846E-1,6.923076923077E-1,7.692307692308E-1,8.461538461538E-1,
9.230769230769E-1,1.E0),.UNSPECIFIED.);
#226=B_SPLINE_CURVE_WITH_KNOTS('',3,(#218,#219,#220,#221,#222,#223,#224,#225),
.UNSPECIFIED.,.F.,.F.,(4,1,1,1,1,4),(0.E0,2.E-1,4.E-1,6.E-1,8.E-1,1.E0),
.UNSPECIFIED.);
#241=B_SPLINE_CURVE_WITH_KNOTS('',3,(#227,#228,#229,#230,#231,#232,#233,#234,
#235,#236,#237,#238,#239,#240),.UNSPECIFIED.,.F.,.F.,(4,1,1,1,1,1,1,1,1,1,1,4),(
0.E0,9.090909090909E-2,1.818181818182E-1,2.727272727273E-1,3.636363636364E-1,
4.545454545455E-1,5.454545454545E-1,6.363636363636E-1,7.272727272727E-1,
8.181818181818E-1,9.090909090909E-1,1.E0),.UNSPECIFIED.);
#252=B_SPLINE_CURVE_WITH_KNOTS('',3,(#242,#243,#244,#245,#246,#247,#248,#249,
#250,#251),.UNSPECIFIED.,.F.,.F.,(4,1,1,1,1,1,1,4),(0.E0,1.428571428571E-1,
2.857142857143E-1,4.285714285714E-1,5.714285714286E-1,7.142857142857E-1,
8.571428571429E-1,1.E0),.UNSPECIFIED.);
#261=B_SPLINE_CURVE_WITH_KNOTS('',3,(#253,#254,#255,#256,#257,#258,#259,#260),
.UNSPECIFIED.,.F.,.F.,(4,1,1,1,1,4),(0.E0,2.E-1,4.E-1,6.E-1,8.E-1,1.E0),
.UNSPECIFIED.);
#278=CIRCLE('',#277,1.E0);
#287=CIRCLE('',#286,1.E0);
#300=CIRCLE('',#299,1.E0);
#309=CIRCLE('',#308,1.E0);
#320=B_SPLINE_CURVE_WITH_KNOTS('',3,(#314,#315,#316,#317,#318,#319),
.UNSPECIFIED.,.F.,.F.,(4,1,1,4),(0.E0,3.333333333333E-1,6.666666666667E-1,1.E0),
.UNSPECIFIED.);
#325=CIRCLE('',#324,1.E0);
#332=B_SPLINE_CURVE_WITH_KNOTS('',3,(#326,#327,#328,#329,#330,#331),
.UNSPECIFIED.,.F.,.F.,(4,1,1,4),(0.E0,3.333333333333E-1,6.666666666667E-1,1.E0),
.UNSPECIFIED.);
#341=CIRCLE('',#340,9.3E-1);
#350=CIRCLE('',#349,1.E0);
#357=B_SPLINE_CURVE_WITH_KNOTS('',3,(#351,#352,#353,#354,#355,#356),
.UNSPECIFIED.,.F.,.F.,(4,1,1,4),(0.E0,3.333333333333E-1,6.666666666667E-1,1.E0),
.UNSPECIFIED.);
#362=CIRCLE('',#361,9.3E-1);
#369=B_SPLINE_CURVE_WITH_KNOTS('',3,(#363,#364,#365,#366,#367,#368),
.UNSPECIFIED.,.F.,.F.,(4,1,1,4),(0.E0,3.333333333333E-1,6.666666666667E-1,1.E0),
.UNSPECIFIED.);
#374=CIRCLE('',#373,9.5E-1);
#381=B_SPLINE_CURVE_WITH_KNOTS('',3,(#375,#376,#377,#378,#379,#380),
.UNSPECIFIED.,.F.,.F.,(4,1,1,4),(0.E0,3.333333333333E-1,6.666666666667E-1,1.E0),
.UNSPECIFIED.);
#386=CIRCLE('',#385,1.E0);
#393=B_SPLINE_CURVE_WITH_KNOTS('',3,(#387,#388,#389,#390,#391,#392),
.UNSPECIFIED.,.F.,.F.,(4,1,1,4),(0.E0,3.333333333333E-1,6.666666666667E-1,1.E0),
.UNSPECIFIED.);
#416=B_SPLINE_CURVE_WITH_KNOTS('',3,(#402,#403,#404,#405,#406,#407,#408,#409,
#410,#411,#412,#413,#414,#415),.UNSPECIFIED.,.F.,.F.,(4,1,1,1,1,1,1,1,1,1,1,4),(
0.E0,9.090909090909E-2,1.818181818182E-1,2.727272727273E-1,3.636363636364E-1,
4.545454545455E-1,5.454545454545E-1,6.363636363636E-1,7.272727272727E-1,
8.181818181818E-1,9.090909090909E-1,1.E0),.UNSPECIFIED.);
#431=B_SPLINE_CURVE_WITH_KNOTS('',3,(#417,#418,#419,#420,#421,#422,#423,#424,
#425,#426,#427,#428,#429,#430),.UNSPECIFIED.,.F.,.F.,(4,1,1,1,1,1,1,1,1,1,1,4),(
0.E0,9.090909090909E-2,1.818181818182E-1,2.727272727273E-1,3.636363636364E-1,
4.545454545455E-1,5.454545454545E-1,6.363636363636E-1,7.272727272727E-1,
8.181818181818E-1,9.090909090909E-1,1.E0),.UNSPECIFIED.);
#457=B_SPLINE_CURVE_WITH_KNOTS('',3,(#440,#441,#442,#443,#444,#445,#446,#447,
#448,#449,#450,#451,#452,#453,#454,#455,#456),.UNSPECIFIED.,.F.,.F.,(4,1,1,1,1,
1,1,1,1,1,1,1,1,1,4),(0.E0,7.142857142857E-2,1.428571428571E-1,
2.142857142857E-1,2.857142857143E-1,3.571428571429E-1,4.285714285714E-1,5.E-1,
5.714285714286E-1,6.428571428571E-1,7.142857142857E-1,7.857142857143E-1,
8.571428571429E-1,9.285714285714E-1,1.E0),.UNSPECIFIED.);
#462=CIRCLE('',#461,5.E-2);
#467=CIRCLE('',#466,5.E-2);
#480=CIRCLE('',#479,5.E-2);
#489=CIRCLE('',#488,5.E-2);
#498=CIRCLE('',#497,5.E-2);
#507=CIRCLE('',#506,5.E-2);
#528=CIRCLE('',#527,5.E-2);
#537=CIRCLE('',#536,5.E-2);
#546=CIRCLE('',#545,5.E-2);
#555=CIRCLE('',#554,5.E-2);
#584=CIRCLE('',#583,1.05E0);
#597=CIRCLE('',#596,5.E-2);
#606=CIRCLE('',#605,5.E-2);
#615=CIRCLE('',#614,5.E-2);
#624=CIRCLE('',#623,5.E-2);
#637=CIRCLE('',#636,1.05E0);
#650=CIRCLE('',#649,5.E-2);
#659=CIRCLE('',#658,5.E-2);
#668=CIRCLE('',#667,5.E-2);
#677=CIRCLE('',#676,5.E-2);
#682=CIRCLE('',#681,8.5E-1);
#704=B_SPLINE_CURVE_WITH_KNOTS('',3,(#687,#688,#689,#690,#691,#692,#693,#694,
#695,#696,#697,#698,#699,#700,#701,#702,#703),.UNSPECIFIED.,.F.,.F.,(4,1,1,1,1,
1,1,1,1,1,1,1,1,1,4),(0.E0,7.142857142857E-2,1.428571428571E-1,
2.142857142857E-1,2.857142857143E-1,3.571428571429E-1,4.285714285714E-1,5.E-1,
5.714285714286E-1,6.428571428571E-1,7.142857142857E-1,7.857142857143E-1,
8.571428571429E-1,9.285714285714E-1,1.E0),.UNSPECIFIED.);
#713=CIRCLE('',#712,5.E-2);
#718=CIRCLE('',#717,5.E-2);
#765=B_SPLINE_CURVE_WITH_KNOTS('',3,(#751,#752,#753,#754,#755,#756,#757,#758,
#759,#760,#761,#762,#763,#764),.UNSPECIFIED.,.F.,.F.,(4,1,1,1,1,1,1,1,1,1,1,4),(
0.E0,9.090909090909E-2,1.818181818182E-1,2.727272727273E-1,3.636363636364E-1,
4.545454545455E-1,5.454545454545E-1,6.363636363636E-1,7.272727272727E-1,
8.181818181818E-1,9.090909090909E-1,1.E0),.UNSPECIFIED.);
#780=B_SPLINE_CURVE_WITH_KNOTS('',3,(#766,#767,#768,#769,#770,#771,#772,#773,
#774,#775,#776,#777,#778,#779),.UNSPECIFIED.,.F.,.F.,(4,1,1,1,1,1,1,1,1,1,1,4),(
0.E0,9.090909090909E-2,1.818181818182E-1,2.727272727273E-1,3.636363636364E-1,
4.545454545455E-1,5.454545454545E-1,6.363636363636E-1,7.272727272727E-1,
8.181818181818E-1,9.090909090909E-1,1.E0),.UNSPECIFIED.);
#796=B_SPLINE_CURVE_WITH_KNOTS('',3,(#781,#782,#783,#784,#785,#786,#787,#788,
#789,#790,#791,#792,#793,#794,#795),.UNSPECIFIED.,.F.,.F.,(4,1,1,1,1,1,1,1,1,1,
1,1,4),(0.E0,8.333333333333E-2,1.666666666667E-1,2.5E-1,3.333333333333E-1,
4.166666666667E-1,5.E-1,5.833333333333E-1,6.666666666667E-1,7.5E-1,
8.333333333333E-1,9.166666666667E-1,1.E0),.UNSPECIFIED.);
#801=CIRCLE('',#800,1.05E0);
#817=B_SPLINE_CURVE_WITH_KNOTS('',3,(#802,#803,#804,#805,#806,#807,#808,#809,
#810,#811,#812,#813,#814,#815,#816),.UNSPECIFIED.,.F.,.F.,(4,1,1,1,1,1,1,1,1,1,
1,1,4),(0.E0,8.333333333333E-2,1.666666666667E-1,2.5E-1,3.333333333333E-1,
4.166666666667E-1,5.E-1,5.833333333333E-1,6.666666666667E-1,7.5E-1,
8.333333333333E-1,9.166666666667E-1,1.E0),.UNSPECIFIED.);
#830=CIRCLE('',#829,5.E-2);
#835=CIRCLE('',#834,5.E-2);
#861=B_SPLINE_CURVE_WITH_KNOTS('',3,(#844,#845,#846,#847,#848,#849,#850,#851,
#852,#853,#854,#855,#856,#857,#858,#859,#860),.UNSPECIFIED.,.F.,.F.,(4,1,1,1,1,
1,1,1,1,1,1,1,1,1,4),(0.E0,7.142857142857E-2,1.428571428571E-1,
2.142857142857E-1,2.857142857143E-1,3.571428571429E-1,4.285714285714E-1,5.E-1,
5.714285714286E-1,6.428571428571E-1,7.142857142857E-1,7.857142857143E-1,
8.571428571429E-1,9.285714285714E-1,1.E0),.UNSPECIFIED.);
#877=B_SPLINE_CURVE_WITH_KNOTS('',3,(#862,#863,#864,#865,#866,#867,#868,#869,
#870,#871,#872,#873,#874,#875,#876),.UNSPECIFIED.,.F.,.F.,(4,1,1,1,1,1,1,1,1,1,
1,1,4),(0.E0,8.333333333333E-2,1.666666666667E-1,2.5E-1,3.333333333333E-1,
4.166666666667E-1,5.E-1,5.833333333333E-1,6.666666666667E-1,7.5E-1,
8.333333333333E-1,9.166666666667E-1,1.E0),.UNSPECIFIED.);
#893=B_SPLINE_CURVE_WITH_KNOTS('',3,(#878,#879,#880,#881,#882,#883,#884,#885,
#886,#887,#888,#889,#890,#891,#892),.UNSPECIFIED.,.F.,.F.,(4,1,1,1,1,1,1,1,1,1,
1,1,4),(0.E0,8.333333333333E-2,1.666666666667E-1,2.5E-1,3.333333333333E-1,
4.166666666667E-1,5.E-1,5.833333333333E-1,6.666666666667E-1,7.5E-1,
8.333333333333E-1,9.166666666667E-1,1.E0),.UNSPECIFIED.);
#898=CIRCLE('',#897,1.05E0);
#920=B_SPLINE_CURVE_WITH_KNOTS('',3,(#903,#904,#905,#906,#907,#908,#909,#910,
#911,#912,#913,#914,#915,#916,#917,#918,#919),.UNSPECIFIED.,.F.,.F.,(4,1,1,1,1,
1,1,1,1,1,1,1,1,1,4),(0.E0,7.142857142857E-2,1.428571428571E-1,
2.142857142857E-1,2.857142857143E-1,3.571428571429E-1,4.285714285714E-1,5.E-1,
5.714285714286E-1,6.428571428571E-1,7.142857142857E-1,7.857142857143E-1,
8.571428571429E-1,9.285714285714E-1,1.E0),.UNSPECIFIED.);
#929=CIRCLE('',#928,5.E-2);
#934=CIRCLE('',#933,5.E-2);
#971=CIRCLE('',#970,8.5E-1);
#986=B_SPLINE_CURVE_WITH_KNOTS('',3,(#972,#973,#974,#975,#976,#977,#978,#979,
#980,#981,#982,#983,#984,#985),.UNSPECIFIED.,.F.,.F.,(4,1,1,1,1,1,1,1,1,1,1,4),(
0.E0,9.090909090909E-2,1.818181818182E-1,2.727272727273E-1,3.636363636364E-1,
4.545454545455E-1,5.454545454545E-1,6.363636363636E-1,7.272727272727E-1,
8.181818181818E-1,9.090909090909E-1,1.E0),.UNSPECIFIED.);
#1001=B_SPLINE_CURVE_WITH_KNOTS('',3,(#987,#988,#989,#990,#991,#992,#993,#994,
#995,#996,#997,#998,#999,#1000),.UNSPECIFIED.,.F.,.F.,(4,1,1,1,1,1,1,1,1,1,1,4),
(0.E0,9.090909090909E-2,1.818181818182E-1,2.727272727273E-1,3.636363636364E-1,
4.545454545455E-1,5.454545454545E-1,6.363636363636E-1,7.272727272727E-1,
8.181818181818E-1,9.090909090909E-1,1.E0),.UNSPECIFIED.);
#1016=B_SPLINE_CURVE_WITH_KNOTS('',3,(#1002,#1003,#1004,#1005,#1006,#1007,#1008,
#1009,#1010,#1011,#1012,#1013,#1014,#1015),.UNSPECIFIED.,.F.,.F.,(4,1,1,1,1,1,1,
1,1,1,1,4),(0.E0,9.090909090909E-2,1.818181818182E-1,2.727272727273E-1,
3.636363636364E-1,4.545454545455E-1,5.454545454545E-1,6.363636363636E-1,
7.272727272727E-1,8.181818181818E-1,9.090909090909E-1,1.E0),.UNSPECIFIED.);
#1031=B_SPLINE_CURVE_WITH_KNOTS('',3,(#1017,#1018,#1019,#1020,#1021,#1022,#1023,
#1024,#1025,#1026,#1027,#1028,#1029,#1030),.UNSPECIFIED.,.F.,.F.,(4,1,1,1,1,1,1,
1,1,1,1,4),(0.E0,9.090909090909E-2,1.818181818182E-1,2.727272727273E-1,
3.636363636364E-1,4.545454545455E-1,5.454545454545E-1,6.363636363636E-1,
7.272727272727E-1,8.181818181818E-1,9.090909090909E-1,1.E0),.UNSPECIFIED.);
#1036=CIRCLE('',#1035,1.E0);
#1045=CIRCLE('',#1044,1.04E0);
#1307=EDGE_CURVE('',#1274,#1275,#40,.T.);
#1309=EDGE_CURVE('',#1274,#1269,#5,.T.);
#1311=EDGE_CURVE('',#1145,#1269,#10,.T.);
#1313=EDGE_CURVE('',#1149,#1145,#780,.T.);
#1315=EDGE_CURVE('',#1149,#1260,#14,.T.);
#1317=EDGE_CURVE('',#1260,#1261,#682,.T.);
#1319=EDGE_CURVE('',#1140,#1261,#18,.T.);
#1321=EDGE_CURVE('',#1136,#1140,#416,.T.);
#1323=EDGE_CURVE('',#1113,#1136,#104,.T.);
#1325=EDGE_CURVE('',#1151,#1113,#261,.T.);
#1327=EDGE_CURVE('',#1152,#1151,#178,.T.);
#1329=EDGE_CURVE('',#1104,#1152,#138,.T.);
#1331=EDGE_CURVE('',#1121,#1104,#95,.T.);
#1333=EDGE_CURVE('',#1125,#1121,#1001,.T.);
#1335=EDGE_CURVE('',#1125,#1083,#22,.T.);
#1337=EDGE_CURVE('',#1084,#1083,#971,.T.);
#1339=EDGE_CURVE('',#1132,#1084,#26,.T.);
#1341=EDGE_CURVE('',#1128,#1132,#1016,.T.);
#1343=EDGE_CURVE('',#1267,#1128,#31,.T.);
#1345=EDGE_CURVE('',#1275,#1267,#35,.T.);
#1349=ADVANCED_FACE('',(#1348),#1306,.F.);
#1356=EDGE_CURVE('',#1278,#1275,#56,.T.);
#1358=EDGE_CURVE('',#1278,#1279,#61,.T.);
#1360=EDGE_CURVE('',#1274,#1279,#77,.T.);
#1364=ADVANCED_FACE('',(#1363),#1354,.T.);
#1371=EDGE_CURVE('',#1265,#1267,#117,.T.);
#1373=EDGE_CURVE('',#1294,#1265,#295,.T.);
#1375=EDGE_CURVE('',#1294,#1301,#369,.T.);
#1377=EDGE_CURVE('',#1297,#1301,#345,.T.);
#1379=EDGE_CURVE('',#1289,#1297,#332,.T.);
#1381=EDGE_CURVE('',#1286,#1289,#269,.T.);
#1383=EDGE_CURVE('',#1286,#1283,#381,.T.);
#1385=EDGE_CURVE('',#1283,#1278,#397,.T.);
#1390=ADVANCED_FACE('',(#1389),#1369,.F.);
#1396=EDGE_CURVE('',#1104,#1105,#81,.T.);
#1398=EDGE_CURVE('',#1105,#1120,#86,.T.);
#1400=EDGE_CURVE('',#1120,#1121,#90,.T.);
#1405=ADVANCED_FACE('',(#1404),#1395,.T.);
#1411=EDGE_CURVE('',#1112,#1113,#99,.T.);
#1414=EDGE_CURVE('',#1136,#1137,#108,.T.);
#1416=EDGE_CURVE('',#1137,#1112,#113,.T.);
#1420=ADVANCED_FACE('',(#1419),#1410,.T.);
#1426=EDGE_CURVE('',#1265,#1129,#300,.T.);
#1430=EDGE_CURVE('',#1128,#1129,#121,.T.);
#1434=ADVANCED_FACE('',(#1433),#1425,.T.);
#1441=EDGE_CURVE('',#1271,#1269,#125,.T.);
#1443=EDGE_CURVE('',#1144,#1271,#287,.T.);
#1445=EDGE_CURVE('',#1144,#1145,#129,.T.);
#1449=ADVANCED_FACE('',(#1448),#1439,.T.);
#1457=EDGE_CURVE('',#1152,#1108,#149,.T.);
#1459=EDGE_CURVE('',#1108,#1109,#1065,.T.);
#1461=EDGE_CURVE('',#1109,#1153,#164,.T.);
#1463=EDGE_CURVE('',#1153,#1105,#173,.T.);
#1467=ADVANCED_FACE('',(#1466),#1454,.F.);
#1474=EDGE_CURVE('',#1117,#1151,#252,.T.);
#1476=EDGE_CURVE('',#1096,#1117,#195,.T.);
#1478=EDGE_CURVE('',#1096,#1101,#200,.T.);
#1480=EDGE_CURVE('',#1108,#1101,#217,.T.);
#1485=ADVANCED_FACE('',(#1484),#1472,.T.);
#1492=EDGE_CURVE('',#1112,#1150,#226,.T.);
#1494=EDGE_CURVE('',#1150,#1116,#241,.T.);
#1496=EDGE_CURVE('',#1116,#1117,#1057,.T.);
#1502=ADVANCED_FACE('',(#1501),#1490,.F.);
#1508=EDGE_CURVE('',#1291,#1289,#325,.T.);
#1510=EDGE_CURVE('',#1287,#1291,#265,.T.);
#1512=EDGE_CURVE('',#1286,#1287,#386,.T.);
#1517=ADVANCED_FACE('',(#1516),#1507,.T.);
#1525=EDGE_CURVE('',#1141,#1137,#431,.T.);
#1527=EDGE_CURVE('',#1141,#1262,#273,.T.);
#1529=EDGE_CURVE('',#1263,#1262,#278,.T.);
#1531=EDGE_CURVE('',#1148,#1263,#282,.T.);
#1533=EDGE_CURVE('',#1144,#1148,#765,.T.);
#1536=EDGE_CURVE('',#1295,#1271,#291,.T.);
#1538=EDGE_CURVE('',#1294,#1295,#350,.T.);
#1542=EDGE_CURVE('',#1133,#1129,#1031,.T.);
#1544=EDGE_CURVE('',#1133,#1089,#304,.T.);
#1546=EDGE_CURVE('',#1089,#1086,#309,.T.);
#1548=EDGE_CURVE('',#1124,#1086,#313,.T.);
#1550=EDGE_CURVE('',#1120,#1124,#986,.T.);
#1554=EDGE_CURVE('',#1150,#1153,#1036,.T.);
#1558=ADVANCED_FACE('',(#1557),#1522,.T.);
#1564=EDGE_CURVE('',#1296,#1297,#341,.T.);
#1566=EDGE_CURVE('',#1296,#1291,#320,.T.);
#1572=ADVANCED_FACE('',(#1571),#1563,.T.);
#1578=EDGE_CURVE('',#1299,#1301,#362,.T.);
#1580=EDGE_CURVE('',#1296,#1299,#336,.T.);
#1586=ADVANCED_FACE('',(#1585),#1577,.T.);
#1593=EDGE_CURVE('',#1299,#1295,#357,.T.);
#1599=ADVANCED_FACE('',(#1598),#1591,.T.);
#1605=EDGE_CURVE('',#1282,#1287,#393,.T.);
#1615=EDGE_CURVE('',#1282,#1279,#401,.T.);
#1619=ADVANCED_FACE('',(#1618),#1604,.F.);
#1625=EDGE_CURVE('',#1282,#1283,#374,.T.);
#1632=ADVANCED_FACE('',(#1631),#1624,.T.);
#1644=ADVANCED_FACE('',(#1643),#1637,.F.);
#1652=EDGE_CURVE('',#1140,#1141,#439,.T.);
#1657=ADVANCED_FACE('',(#1656),#1649,.F.);
#1663=EDGE_CURVE('',#1239,#1237,#435,.T.);
#1665=EDGE_CURVE('',#1237,#1257,#471,.T.);
#1667=EDGE_CURVE('',#1257,#1262,#796,.T.);
#1672=EDGE_CURVE('',#1261,#1253,#457,.T.);
#1674=EDGE_CURVE('',#1239,#1253,#579,.T.);
#1678=ADVANCED_FACE('',(#1677),#1662,.F.);
#1684=EDGE_CURVE('',#1236,#1237,#462,.T.);
#1687=EDGE_CURVE('',#1239,#1241,#467,.T.);
#1689=EDGE_CURVE('',#1241,#1236,#567,.T.);
#1693=ADVANCED_FACE('',(#1692),#1683,.F.);
#1701=EDGE_CURVE('',#1217,#1236,#475,.T.);
#1703=EDGE_CURVE('',#1215,#1217,#480,.T.);
#1705=EDGE_CURVE('',#1209,#1215,#484,.T.);
#1707=EDGE_CURVE('',#1207,#1209,#489,.T.);
#1709=EDGE_CURVE('',#1201,#1207,#493,.T.);
#1711=EDGE_CURVE('',#1199,#1201,#498,.T.);
#1713=EDGE_CURVE('',#1193,#1199,#502,.T.);
#1715=EDGE_CURVE('',#1191,#1193,#507,.T.);
#1717=EDGE_CURVE('',#1245,#1191,#511,.T.);
#1719=EDGE_CURVE('',#1249,#1245,#718,.T.);
#1721=EDGE_CURVE('',#1256,#1249,#515,.T.);
#1723=EDGE_CURVE('',#1256,#1257,#801,.T.);
#1727=ADVANCED_FACE('',(#1726),#1698,.F.);
#1733=EDGE_CURVE('',#1229,#1088,#519,.T.);
#1735=EDGE_CURVE('',#1228,#1229,#830,.T.);
#1737=EDGE_CURVE('',#1185,#1228,#523,.T.);
#1739=EDGE_CURVE('',#1183,#1185,#528,.T.);
#1741=EDGE_CURVE('',#1177,#1183,#532,.T.);
#1743=EDGE_CURVE('',#1175,#1177,#537,.T.);
#1745=EDGE_CURVE('',#1161,#1175,#541,.T.);
#1747=EDGE_CURVE('',#1159,#1161,#546,.T.);
#1749=EDGE_CURVE('',#1169,#1159,#550,.T.);
#1751=EDGE_CURVE('',#1167,#1169,#555,.T.);
#1753=EDGE_CURVE('',#1221,#1167,#559,.T.);
#1755=EDGE_CURVE('',#1225,#1221,#934,.T.);
#1757=EDGE_CURVE('',#1087,#1225,#563,.T.);
#1759=EDGE_CURVE('',#1088,#1087,#898,.T.);
#1763=ADVANCED_FACE('',(#1762),#1732,.F.);
#1770=EDGE_CURVE('',#1212,#1241,#575,.T.);
#1772=EDGE_CURVE('',#1217,#1212,#571,.T.);
#1777=ADVANCED_FACE('',(#1776),#1768,.F.);
#1786=EDGE_CURVE('',#1252,#1253,#584,.T.);
#1788=EDGE_CURVE('',#1252,#1248,#588,.T.);
#1790=EDGE_CURVE('',#1244,#1248,#713,.T.);
#1792=EDGE_CURVE('',#1244,#1189,#592,.T.);
#1794=EDGE_CURVE('',#1188,#1189,#597,.T.);
#1796=EDGE_CURVE('',#1188,#1197,#601,.T.);
#1798=EDGE_CURVE('',#1196,#1197,#606,.T.);
#1800=EDGE_CURVE('',#1196,#1205,#610,.T.);
#1802=EDGE_CURVE('',#1204,#1205,#615,.T.);
#1804=EDGE_CURVE('',#1204,#1213,#619,.T.);
#1806=EDGE_CURVE('',#1212,#1213,#624,.T.);
#1810=ADVANCED_FACE('',(#1809),#1782,.T.);
#1816=EDGE_CURVE('',#1180,#1233,#628,.T.);
#1818=EDGE_CURVE('',#1232,#1233,#835,.T.);
#1820=EDGE_CURVE('',#1232,#1085,#632,.T.);
#1822=EDGE_CURVE('',#1085,#1082,#637,.T.);
#1824=EDGE_CURVE('',#1082,#1224,#641,.T.);
#1826=EDGE_CURVE('',#1220,#1224,#929,.T.);
#1828=EDGE_CURVE('',#1220,#1165,#645,.T.);
#1830=EDGE_CURVE('',#1164,#1165,#650,.T.);
#1832=EDGE_CURVE('',#1164,#1157,#654,.T.);
#1834=EDGE_CURVE('',#1156,#1157,#659,.T.);
#1836=EDGE_CURVE('',#1156,#1173,#663,.T.);
#1838=EDGE_CURVE('',#1172,#1173,#668,.T.);
#1840=EDGE_CURVE('',#1172,#1181,#672,.T.);
#1842=EDGE_CURVE('',#1180,#1181,#677,.T.);
#1846=ADVANCED_FACE('',(#1845),#1815,.T.);
#1854=EDGE_CURVE('',#1252,#1260,#704,.T.);
#1859=ADVANCED_FACE('',(#1858),#1851,.T.);
#1865=EDGE_CURVE('',#1248,#1249,#686,.T.);
#1870=EDGE_CURVE('',#1148,#1149,#708,.T.);
#1873=EDGE_CURVE('',#1263,#1256,#817,.T.);
#1878=ADVANCED_FACE('',(#1877),#1864,.F.);
#1884=EDGE_CURVE('',#1244,#1245,#722,.T.);
#1891=ADVANCED_FACE('',(#1890),#1883,.F.);
#1899=EDGE_CURVE('',#1191,#1189,#726,.T.);
#1904=ADVANCED_FACE('',(#1903),#1896,.F.);
#1913=EDGE_CURVE('',#1193,#1188,#730,.T.);
#1917=ADVANCED_FACE('',(#1916),#1909,.T.);
#1925=EDGE_CURVE('',#1199,#1197,#734,.T.);
#1930=ADVANCED_FACE('',(#1929),#1922,.F.);
#1939=EDGE_CURVE('',#1201,#1196,#738,.T.);
#1943=ADVANCED_FACE('',(#1942),#1935,.T.);
#1951=EDGE_CURVE('',#1207,#1205,#742,.T.);
#1956=ADVANCED_FACE('',(#1955),#1948,.F.);
#1965=EDGE_CURVE('',#1209,#1204,#746,.T.);
#1969=ADVANCED_FACE('',(#1968),#1961,.T.);
#1977=EDGE_CURVE('',#1215,#1213,#750,.T.);
#1982=ADVANCED_FACE('',(#1981),#1974,.F.);
#1994=ADVANCED_FACE('',(#1993),#1987,.T.);
#2006=ADVANCED_FACE('',(#2005),#1999,.F.);
#2018=ADVANCED_FACE('',(#2017),#2011,.F.);
#2024=EDGE_CURVE('',#1233,#1228,#821,.T.);
#2027=EDGE_CURVE('',#1185,#1180,#825,.T.);
#2032=ADVANCED_FACE('',(#2031),#2023,.F.);
#2039=EDGE_CURVE('',#1232,#1229,#839,.T.);
#2045=ADVANCED_FACE('',(#2044),#2037,.F.);
#2053=EDGE_CURVE('',#1088,#1089,#893,.T.);
#2056=EDGE_CURVE('',#1132,#1133,#843,.T.);
#2059=EDGE_CURVE('',#1084,#1085,#861,.T.);
#2064=ADVANCED_FACE('',(#2063),#2050,.F.);
#2070=EDGE_CURVE('',#1086,#1087,#877,.T.);
#2077=ADVANCED_FACE('',(#2076),#2069,.F.);
#2083=EDGE_CURVE('',#1224,#1225,#902,.T.);
#2086=EDGE_CURVE('',#1082,#1083,#920,.T.);
#2089=EDGE_CURVE('',#1124,#1125,#924,.T.);
#2096=ADVANCED_FACE('',(#2095),#2082,.F.);
#2102=EDGE_CURVE('',#1220,#1221,#938,.T.);
#2109=ADVANCED_FACE('',(#2108),#2101,.F.);
#2117=EDGE_CURVE('',#1167,#1165,#942,.T.);
#2122=ADVANCED_FACE('',(#2121),#2114,.F.);
#2131=EDGE_CURVE('',#1169,#1164,#950,.T.);
#2135=ADVANCED_FACE('',(#2134),#2127,.T.);
#2141=EDGE_CURVE('',#1159,#1157,#946,.T.);
#2148=ADVANCED_FACE('',(#2147),#2140,.F.);
#2157=EDGE_CURVE('',#1161,#1156,#954,.T.);
#2161=ADVANCED_FACE('',(#2160),#2153,.T.);
#2169=EDGE_CURVE('',#1175,#1173,#958,.T.);
#2174=ADVANCED_FACE('',(#2173),#2166,.F.);
#2183=EDGE_CURVE('',#1177,#1172,#962,.T.);
#2187=ADVANCED_FACE('',(#2186),#2179,.T.);
#2195=EDGE_CURVE('',#1183,#1181,#966,.T.);
#2200=ADVANCED_FACE('',(#2199),#2192,.F.);
#2212=ADVANCED_FACE('',(#2211),#2205,.T.);
#2224=ADVANCED_FACE('',(#2223),#2217,.T.);
#2236=ADVANCED_FACE('',(#2235),#2229,.F.);
#2248=ADVANCED_FACE('',(#2247),#2241,.F.);
#2254=EDGE_CURVE('',#1116,#1109,#1045,.T.);
#2261=ADVANCED_FACE('',(#2260),#2253,.F.);
#2267=EDGE_CURVE('',#1116,#1092,#1040,.T.);
#2270=EDGE_CURVE('',#1109,#1093,#1049,.T.);
#2272=EDGE_CURVE('',#1092,#1093,#1053,.T.);
#2276=ADVANCED_FACE('',(#2275),#2266,.F.);
#2284=EDGE_CURVE('',#1097,#1092,#1061,.T.);
#2286=EDGE_CURVE('',#1096,#1097,#1073,.T.);
#2291=ADVANCED_FACE('',(#2290),#2281,.F.);
#2298=EDGE_CURVE('',#1099,#1093,#1069,.T.);
#2300=EDGE_CURVE('',#1097,#1099,#1077,.T.);
#2305=ADVANCED_FACE('',(#2304),#2296,.F.);
#2313=EDGE_CURVE('',#1101,#1099,#1081,.T.);
#2319=ADVANCED_FACE('',(#2318),#2310,.F.);
#2331=ADVANCED_FACE('',(#2330),#2324,.T.);
#2334=(LENGTH_UNIT()NAMED_UNIT(*)SI_UNIT(.MILLI.,.METRE.));
#2336=(NAMED_UNIT(*)PLANE_ANGLE_UNIT()SI_UNIT($,.RADIAN.));
#2339=(NAMED_UNIT(*)SI_UNIT($,.STERADIAN.)SOLID_ANGLE_UNIT());
#2341=(GEOMETRIC_REPRESENTATION_CONTEXT(3)GLOBAL_UNCERTAINTY_ASSIGNED_CONTEXT((
#2340))GLOBAL_UNIT_ASSIGNED_CONTEXT((#2334,#2338,#2339))REPRESENTATION_CONTEXT(
'ID1','3'));
#2345=AXIS2_PLACEMENT_3D('',#2342,#2343,#2344);
#2346=ADVANCED_BREP_SHAPE_REPRESENTATION('',(#2345,#2333),#2341);
#2353=PRODUCT_DEFINITION('design','',#2352,#2349);
#2354=PRODUCT_DEFINITION_SHAPE('','SHAPE FOR MICRO-RFB01-S00-02.',#2353);
#2355=SHAPE_DEFINITION_REPRESENTATION(#2354,#2346);
#2356=SHAPE_DEFINITION_REPRESENTATION(#2357,#2358);
#2357=PRODUCT_DEFINITION_SHAPE('','SHAPE FOR MICRO-RFB01-A00-02_ASM.',#5783);
#2358=SHAPE_REPRESENTATION('',(#2364,#5058,#5764,#5779),#5775);
#2359=NEXT_ASSEMBLY_USAGE_OCCURRENCE('0','Next assembly relationship',
'MICRO-RFB01-S00-02',#5783,#2353,$);
#2360=PRODUCT_DEFINITION_SHAPE('Placement #0',
'Placement of MICRO-RFB01-S00-02 with respect to MICRO-RFB01-A00-02_ASM',#2359);
#2373=CIRCLE('',#2372,3.E-1);
#2378=CIRCLE('',#2377,3.E-1);
#2407=CIRCLE('',#2406,1.5E-1);
#2424=CIRCLE('',#2423,1.5E-1);
#2433=CIRCLE('',#2432,1.5E-1);
#2454=CIRCLE('',#2453,2.5E-1);
#2463=CIRCLE('',#2462,2.5E-1);
#2468=CIRCLE('',#2467,2.5E-1);
#2473=CIRCLE('',#2472,2.5E-1);
#2478=CIRCLE('',#2477,5.E-2);
#2487=CIRCLE('',#2486,1.E-1);
#2492=CIRCLE('',#2491,5.E-1);
#2497=CIRCLE('',#2496,1.E-1);
#2506=CIRCLE('',#2505,2.999999986015E-1);
#2511=CIRCLE('',#2510,2.999999986015E-1);
#2536=CIRCLE('',#2535,1.5E-1);
#2549=CIRCLE('',#2548,5.E-2);
#2558=CIRCLE('',#2557,5.E-2);
#2563=CIRCLE('',#2562,1.05E0);
#2568=CIRCLE('',#2567,5.E-2);
#2577=CIRCLE('',#2576,5.E-2);
#2590=CIRCLE('',#2589,1.5E-1);
#2599=CIRCLE('',#2598,2.E-1);
#2604=CIRCLE('',#2603,4.E-1);
#2609=CIRCLE('',#2608,2.E-1);
#2618=CIRCLE('',#2617,1.5E-1);
#2631=CIRCLE('',#2630,5.E-2);
#2640=CIRCLE('',#2639,5.E-2);
#2645=CIRCLE('',#2644,1.05E0);
#2650=CIRCLE('',#2649,5.E-2);
#2659=CIRCLE('',#2658,5.E-2);
#2676=CIRCLE('',#2675,1.882245235531E-1);
#2681=CIRCLE('',#2680,1.882245235531E-1);
#2718=CIRCLE('',#2717,5.E-2);
#2749=B_SPLINE_CURVE_WITH_KNOTS('',3,(#2735,#2736,#2737,#2738,#2739,#2740,#2741,
#2742,#2743,#2744,#2745,#2746,#2747,#2748),.UNSPECIFIED.,.F.,.F.,(4,1,1,1,1,1,1,
1,1,1,1,4),(0.E0,9.090909090909E-2,1.818181818182E-1,2.727272727273E-1,
3.636363636364E-1,4.545454545455E-1,5.454545454545E-1,6.363636363636E-1,
7.272727272727E-1,8.181818181818E-1,9.090909090909E-1,1.E0),.UNSPECIFIED.);
#2764=B_SPLINE_CURVE_WITH_KNOTS('',3,(#2750,#2751,#2752,#2753,#2754,#2755,#2756,
#2757,#2758,#2759,#2760,#2761,#2762,#2763),.UNSPECIFIED.,.F.,.F.,(4,1,1,1,1,1,1,
1,1,1,1,4),(0.E0,9.090909090909E-2,1.818181818182E-1,2.727272727273E-1,
3.636363636364E-1,4.545454545455E-1,5.454545454545E-1,6.363636363636E-1,
7.272727272727E-1,8.181818181818E-1,9.090909090909E-1,1.E0),.UNSPECIFIED.);
#2769=CIRCLE('',#2768,8.5E-1);
#2778=CIRCLE('',#2777,8.5E-1);
#2801=B_SPLINE_CURVE_WITH_KNOTS('',3,(#2783,#2784,#2785,#2786,#2787,#2788,#2789,
#2790,#2791,#2792,#2793,#2794,#2795,#2796,#2797,#2798,#2799,#2800),
.UNSPECIFIED.,.F.,.F.,(4,1,1,1,1,1,1,1,1,1,1,1,1,1,1,4),(0.E0,6.666666666667E-2,
1.333333333333E-1,2.E-1,2.666666666667E-1,3.333333333333E-1,4.E-1,
4.666666666667E-1,5.333333333333E-1,6.E-1,6.666666666667E-1,7.333333333333E-1,
8.E-1,8.666666666667E-1,9.333333333333E-1,1.E0),.UNSPECIFIED.);
#2820=B_SPLINE_CURVE_WITH_KNOTS('',3,(#2802,#2803,#2804,#2805,#2806,#2807,#2808,
#2809,#2810,#2811,#2812,#2813,#2814,#2815,#2816,#2817,#2818,#2819),
.UNSPECIFIED.,.F.,.F.,(4,1,1,1,1,1,1,1,1,1,1,1,1,1,1,4),(0.E0,6.666666666667E-2,
1.333333333333E-1,2.E-1,2.666666666667E-1,3.333333333333E-1,4.E-1,
4.666666666667E-1,5.333333333333E-1,6.E-1,6.666666666667E-1,7.333333333333E-1,
8.E-1,8.666666666667E-1,9.333333333333E-1,1.E0),.UNSPECIFIED.);
#2851=B_SPLINE_CURVE_WITH_KNOTS('',3,(#2837,#2838,#2839,#2840,#2841,#2842,#2843,
#2844,#2845,#2846,#2847,#2848,#2849,#2850),.UNSPECIFIED.,.F.,.F.,(4,1,1,1,1,1,1,
1,1,1,1,4),(0.E0,9.090909090909E-2,1.818181818182E-1,2.727272727273E-1,
3.636363636364E-1,4.545454545455E-1,5.454545454545E-1,6.363636363636E-1,
7.272727272727E-1,8.181818181818E-1,9.090909090909E-1,1.E0),.UNSPECIFIED.);
#2866=B_SPLINE_CURVE_WITH_KNOTS('',3,(#2852,#2853,#2854,#2855,#2856,#2857,#2858,
#2859,#2860,#2861,#2862,#2863,#2864,#2865),.UNSPECIFIED.,.F.,.F.,(4,1,1,1,1,1,1,
1,1,1,1,4),(0.E0,9.090909090909E-2,1.818181818182E-1,2.727272727273E-1,
3.636363636364E-1,4.545454545455E-1,5.454545454545E-1,6.363636363636E-1,
7.272727272727E-1,8.181818181818E-1,9.090909090909E-1,1.E0),.UNSPECIFIED.);
#2875=CIRCLE('',#2874,1.E0);
#2895=B_SPLINE_CURVE_WITH_KNOTS('',3,(#2880,#2881,#2882,#2883,#2884,#2885,#2886,
#2887,#2888,#2889,#2890,#2891,#2892,#2893,#2894),.UNSPECIFIED.,.F.,.F.,(4,1,1,1,
1,1,1,1,1,1,1,1,4),(0.E0,8.333333333333E-2,1.666666666667E-1,2.5E-1,
3.333333333333E-1,4.166666666667E-1,5.E-1,5.833333333333E-1,6.666666666667E-1,
7.5E-1,8.333333333333E-1,9.166666666667E-1,1.E0),.UNSPECIFIED.);
#2900=CIRCLE('',#2899,1.E0);
#2916=B_SPLINE_CURVE_WITH_KNOTS('',3,(#2901,#2902,#2903,#2904,#2905,#2906,#2907,
#2908,#2909,#2910,#2911,#2912,#2913,#2914,#2915),.UNSPECIFIED.,.F.,.F.,(4,1,1,1,
1,1,1,1,1,1,1,1,4),(0.E0,8.333333333333E-2,1.666666666667E-1,2.5E-1,
3.333333333333E-1,4.166666666667E-1,5.E-1,5.833333333333E-1,6.666666666667E-1,
7.5E-1,8.333333333333E-1,9.166666666667E-1,1.E0),.UNSPECIFIED.);
#2925=CIRCLE('',#2924,1.05E0);
#2934=CIRCLE('',#2933,5.E-2);
#2947=CIRCLE('',#2946,5.E-2);
#2956=CIRCLE('',#2955,5.E-2);
#2965=CIRCLE('',#2964,1.05E0);
#2974=CIRCLE('',#2973,5.E-2);
#2983=CIRCLE('',#2982,5.E-2);
#3045=B_SPLINE_CURVE_WITH_KNOTS('',3,(#3032,#3033,#3034,#3035,#3036,#3037,#3038,
#3039,#3040,#3041,#3042,#3043,#3044),.UNSPECIFIED.,.F.,.F.,(4,1,1,1,1,1,1,1,1,1,
4),(0.E0,1.E-1,2.E-1,3.E-1,4.E-1,5.E-1,6.E-1,7.E-1,8.E-1,9.E-1,1.E0),
.UNSPECIFIED.);
#3054=B_SPLINE_CURVE_WITH_KNOTS('',3,(#3046,#3047,#3048,#3049,#3050,#3051,#3052,
#3053),.UNSPECIFIED.,.F.,.F.,(4,1,1,1,1,4),(0.E0,2.E-1,4.E-1,6.E-1,8.E-1,1.E0),
.UNSPECIFIED.);
#3063=B_SPLINE_CURVE_WITH_KNOTS('',3,(#3055,#3056,#3057,#3058,#3059,#3060,#3061,
#3062),.UNSPECIFIED.,.F.,.F.,(4,1,1,1,1,4),(0.E0,2.E-1,4.E-1,6.E-1,8.E-1,1.E0),
.UNSPECIFIED.);
#3073=B_SPLINE_CURVE_WITH_KNOTS('',3,(#3064,#3065,#3066,#3067,#3068,#3069,#3070,
#3071,#3072),.UNSPECIFIED.,.F.,.F.,(4,1,1,1,1,1,4),(0.E0,1.666666666667E-1,
3.333333333333E-1,5.E-1,6.666666666667E-1,8.333333333333E-1,1.E0),
.UNSPECIFIED.);
#3078=CIRCLE('',#3077,1.E0);
#3083=CIRCLE('',#3082,1.04E0);
#3105=B_SPLINE_CURVE_WITH_KNOTS('',3,(#3096,#3097,#3098,#3099,#3100,#3101,#3102,
#3103,#3104),.UNSPECIFIED.,.F.,.F.,(4,1,1,1,1,1,4),(0.E0,1.666666666667E-1,
3.333333333333E-1,5.E-1,6.666666666667E-1,8.333333333333E-1,1.E0),
.UNSPECIFIED.);
#3114=B_SPLINE_CURVE_WITH_KNOTS('',3,(#3106,#3107,#3108,#3109,#3110,#3111,#3112,
#3113),.UNSPECIFIED.,.F.,.F.,(4,1,1,1,1,4),(0.E0,2.E-1,4.E-1,6.E-1,8.E-1,1.E0),
.UNSPECIFIED.);
#3123=B_SPLINE_CURVE_WITH_KNOTS('',3,(#3115,#3116,#3117,#3118,#3119,#3120,#3121,
#3122),.UNSPECIFIED.,.F.,.F.,(4,1,1,1,1,4),(0.E0,2.E-1,4.E-1,6.E-1,8.E-1,1.E0),
.UNSPECIFIED.);
#3137=B_SPLINE_CURVE_WITH_KNOTS('',3,(#3124,#3125,#3126,#3127,#3128,#3129,#3130,
#3131,#3132,#3133,#3134,#3135,#3136),.UNSPECIFIED.,.F.,.F.,(4,1,1,1,1,1,1,1,1,1,
4),(0.E0,1.E-1,2.E-1,3.E-1,4.E-1,5.E-1,6.E-1,7.E-1,8.E-1,9.E-1,1.E0),
.UNSPECIFIED.);
#3142=CIRCLE('',#3141,8.5E-1);
#3159=B_SPLINE_CURVE_WITH_KNOTS('',3,(#3143,#3144,#3145,#3146,#3147,#3148,#3149,
#3150,#3151,#3152,#3153,#3154,#3155,#3156,#3157,#3158),.UNSPECIFIED.,.F.,.F.,(4,
1,1,1,1,1,1,1,1,1,1,1,1,4),(0.E0,7.692307692308E-2,1.538461538462E-1,
2.307692307692E-1,3.076923076923E-1,3.846153846154E-1,4.615384615385E-1,
5.384615384615E-1,6.153846153846E-1,6.923076923077E-1,7.692307692308E-1,
8.461538461538E-1,9.230769230769E-1,1.E0),.UNSPECIFIED.);
#3164=CIRCLE('',#3163,1.04E0);
#3181=B_SPLINE_CURVE_WITH_KNOTS('',3,(#3165,#3166,#3167,#3168,#3169,#3170,#3171,
#3172,#3173,#3174,#3175,#3176,#3177,#3178,#3179,#3180),.UNSPECIFIED.,.F.,.F.,(4,
1,1,1,1,1,1,1,1,1,1,1,1,4),(0.E0,7.692307692308E-2,1.538461538462E-1,
2.307692307692E-1,3.076923076923E-1,3.846153846154E-1,4.615384615385E-1,
5.384615384615E-1,6.153846153846E-1,6.923076923077E-1,7.692307692308E-1,
8.461538461538E-1,9.230769230769E-1,1.E0),.UNSPECIFIED.);
#3186=CIRCLE('',#3185,8.5E-1);
#3199=CIRCLE('',#3198,1.E0);
#3232=CIRCLE('',#3231,5.E-2);
#3263=B_SPLINE_CURVE_WITH_KNOTS('',3,(#3249,#3250,#3251,#3252,#3253,#3254,#3255,
#3256,#3257,#3258,#3259,#3260,#3261,#3262),.UNSPECIFIED.,.F.,.F.,(4,1,1,1,1,1,1,
1,1,1,1,4),(0.E0,9.090909090909E-2,1.818181818182E-1,2.727272727273E-1,
3.636363636364E-1,4.545454545455E-1,5.454545454545E-1,6.363636363636E-1,
7.272727272727E-1,8.181818181818E-1,9.090909090909E-1,1.E0),.UNSPECIFIED.);
#3278=B_SPLINE_CURVE_WITH_KNOTS('',3,(#3264,#3265,#3266,#3267,#3268,#3269,#3270,
#3271,#3272,#3273,#3274,#3275,#3276,#3277),.UNSPECIFIED.,.F.,.F.,(4,1,1,1,1,1,1,
1,1,1,1,4),(0.E0,9.090909090909E-2,1.818181818182E-1,2.727272727273E-1,
3.636363636364E-1,4.545454545455E-1,5.454545454545E-1,6.363636363636E-1,
7.272727272727E-1,8.181818181818E-1,9.090909090909E-1,1.E0),.UNSPECIFIED.);
#3283=CIRCLE('',#3282,1.E0);
#3307=B_SPLINE_CURVE_WITH_KNOTS('',3,(#3292,#3293,#3294,#3295,#3296,#3297,#3298,
#3299,#3300,#3301,#3302,#3303,#3304,#3305,#3306),.UNSPECIFIED.,.F.,.F.,(4,1,1,1,
1,1,1,1,1,1,1,1,4),(0.E0,8.333333333333E-2,1.666666666667E-1,2.5E-1,
3.333333333333E-1,4.166666666667E-1,5.E-1,5.833333333333E-1,6.666666666667E-1,
7.5E-1,8.333333333333E-1,9.166666666667E-1,1.E0),.UNSPECIFIED.);
#3323=B_SPLINE_CURVE_WITH_KNOTS('',3,(#3308,#3309,#3310,#3311,#3312,#3313,#3314,
#3315,#3316,#3317,#3318,#3319,#3320,#3321,#3322),.UNSPECIFIED.,.F.,.F.,(4,1,1,1,
1,1,1,1,1,1,1,1,4),(0.E0,8.333333333333E-2,1.666666666667E-1,2.5E-1,
3.333333333333E-1,4.166666666667E-1,5.E-1,5.833333333333E-1,6.666666666667E-1,
7.5E-1,8.333333333333E-1,9.166666666667E-1,1.E0),.UNSPECIFIED.);
#3328=CIRCLE('',#3327,1.E0);
#3359=B_SPLINE_CURVE_WITH_KNOTS('',3,(#3345,#3346,#3347,#3348,#3349,#3350,#3351,
#3352,#3353,#3354,#3355,#3356,#3357,#3358),.UNSPECIFIED.,.F.,.F.,(4,1,1,1,1,1,1,
1,1,1,1,4),(0.E0,9.090909090909E-2,1.818181818182E-1,2.727272727273E-1,
3.636363636364E-1,4.545454545455E-1,5.454545454545E-1,6.363636363636E-1,
7.272727272727E-1,8.181818181818E-1,9.090909090909E-1,1.E0),.UNSPECIFIED.);
#3374=B_SPLINE_CURVE_WITH_KNOTS('',3,(#3360,#3361,#3362,#3363,#3364,#3365,#3366,
#3367,#3368,#3369,#3370,#3371,#3372,#3373),.UNSPECIFIED.,.F.,.F.,(4,1,1,1,1,1,1,
1,1,1,1,4),(0.E0,9.090909090909E-2,1.818181818182E-1,2.727272727273E-1,
3.636363636364E-1,4.545454545455E-1,5.454545454545E-1,6.363636363636E-1,
7.272727272727E-1,8.181818181818E-1,9.090909090909E-1,1.E0),.UNSPECIFIED.);
#3383=CIRCLE('',#3382,8.5E-1);
#3392=CIRCLE('',#3391,8.5E-1);
#3411=B_SPLINE_CURVE_WITH_KNOTS('',3,(#3393,#3394,#3395,#3396,#3397,#3398,#3399,
#3400,#3401,#3402,#3403,#3404,#3405,#3406,#3407,#3408,#3409,#3410),
.UNSPECIFIED.,.F.,.F.,(4,1,1,1,1,1,1,1,1,1,1,1,1,1,1,4),(0.E0,6.666666666667E-2,
1.333333333333E-1,2.E-1,2.666666666667E-1,3.333333333333E-1,4.E-1,
4.666666666667E-1,5.333333333333E-1,6.E-1,6.666666666667E-1,7.333333333333E-1,
8.E-1,8.666666666667E-1,9.333333333333E-1,1.E0),.UNSPECIFIED.);
#3430=B_SPLINE_CURVE_WITH_KNOTS('',3,(#3412,#3413,#3414,#3415,#3416,#3417,#3418,
#3419,#3420,#3421,#3422,#3423,#3424,#3425,#3426,#3427,#3428,#3429),
.UNSPECIFIED.,.F.,.F.,(4,1,1,1,1,1,1,1,1,1,1,1,1,1,1,4),(0.E0,6.666666666667E-2,
1.333333333333E-1,2.E-1,2.666666666667E-1,3.333333333333E-1,4.E-1,
4.666666666667E-1,5.333333333333E-1,6.E-1,6.666666666667E-1,7.333333333333E-1,
8.E-1,8.666666666667E-1,9.333333333333E-1,1.E0),.UNSPECIFIED.);
#3435=CIRCLE('',#3434,5.E-2);
#3456=CIRCLE('',#3455,1.E-1);
#3469=CIRCLE('',#3468,2.E-1);
#3474=CIRCLE('',#3473,4.E-1);
#3479=CIRCLE('',#3478,2.E-1);
#3488=CIRCLE('',#3487,5.E-1);
#3497=CIRCLE('',#3496,1.E-1);
#3526=CIRCLE('',#3525,1.75E-1);
#3535=CIRCLE('',#3534,1.75E-1);
#3544=CIRCLE('',#3543,5.E-2);
#3812=EDGE_CURVE('',#3757,#3758,#2407,.T.);
#3814=EDGE_CURVE('',#3757,#3748,#2411,.T.);
#3816=EDGE_CURVE('',#3747,#3748,#2415,.T.);
#3818=EDGE_CURVE('',#3747,#3774,#2419,.T.);
#3820=EDGE_CURVE('',#3773,#3774,#2424,.T.);
#3822=EDGE_CURVE('',#3773,#3766,#2428,.T.);
#3824=EDGE_CURVE('',#3765,#3766,#2433,.T.);
#3826=EDGE_CURVE('',#3765,#3758,#2437,.T.);
#3830=EDGE_CURVE('',#3699,#3700,#2382,.T.);
#3832=EDGE_CURVE('',#3708,#3699,#2875,.T.);
#3834=EDGE_CURVE('',#3707,#3708,#2386,.T.);
#3836=EDGE_CURVE('',#3700,#3707,#2769,.T.);
#3840=EDGE_CURVE('',#3715,#3716,#2390,.T.);
#3842=EDGE_CURVE('',#3724,#3715,#3199,.T.);
#3844=EDGE_CURVE('',#3723,#3724,#2394,.T.);
#3846=EDGE_CURVE('',#3716,#3723,#3186,.T.);
#3850=EDGE_CURVE('',#3731,#3732,#2398,.T.);
#3852=EDGE_CURVE('',#3740,#3731,#3383,.T.);
#3854=EDGE_CURVE('',#3739,#3740,#2402,.T.);
#3856=EDGE_CURVE('',#3732,#3739,#3283,.T.);
#3860=EDGE_CURVE('',#3571,#3572,#2373,.T.);
#3862=EDGE_CURVE('',#3572,#3571,#2378,.T.);
#3866=ADVANCED_FACE('',(#3829,#3839,#3849,#3859,#3865),#3811,.F.);
#3873=EDGE_CURVE('',#3572,#3566,#2445,.T.);
#3875=EDGE_CURVE('',#3568,#3566,#2468,.T.);
#3877=EDGE_CURVE('',#3571,#3568,#2441,.T.);
#3881=ADVANCED_FACE('',(#3880),#3871,.T.);
#3889=EDGE_CURVE('',#3568,#3566,#2454,.T.);
#3894=ADVANCED_FACE('',(#3893),#3886,.T.);
#3900=EDGE_CURVE('',#3563,#3566,#2449,.T.);
#3903=EDGE_CURVE('',#3568,#3564,#2458,.T.);
#3905=EDGE_CURVE('',#3564,#3563,#2463,.T.);
#3909=ADVANCED_FACE('',(#3908),#3899,.F.);
#3918=EDGE_CURVE('',#3563,#3564,#2473,.T.);
#3922=ADVANCED_FACE('',(#3921),#3914,.F.);
#3928=EDGE_CURVE('',#3559,#3560,#2506,.T.);
#3930=EDGE_CURVE('',#3560,#3564,#3544,.T.);
#3933=EDGE_CURVE('',#3559,#3563,#2478,.T.);
#3937=ADVANCED_FACE('',(#3936),#3927,.T.);
#3943=EDGE_CURVE('',#3547,#3548,#2527,.T.);
#3945=EDGE_CURVE('',#3554,#3547,#2482,.T.);
#3947=EDGE_CURVE('',#3632,#3554,#2487,.T.);
#3949=EDGE_CURVE('',#3631,#3632,#2492,.T.);
#3951=EDGE_CURVE('',#3556,#3631,#2497,.T.);
#3953=EDGE_CURVE('',#3548,#3556,#2501,.T.);
#3958=EDGE_CURVE('',#3560,#3559,#2511,.T.);
#3962=ADVANCED_FACE('',(#3956,#3961),#3942,.T.);
#3968=EDGE_CURVE('',#3768,#3766,#2515,.T.);
#3971=EDGE_CURVE('',#3778,#3773,#2519,.T.);
#3973=EDGE_CURVE('',#3778,#3550,#2613,.T.);
#3975=EDGE_CURVE('',#3550,#3547,#2523,.T.);
#3978=EDGE_CURVE('',#3552,#3548,#2531,.T.);
#3980=EDGE_CURVE('',#3552,#3768,#2594,.T.);
#3984=ADVANCED_FACE('',(#3983),#3967,.T.);
#3992=EDGE_CURVE('',#3768,#3770,#2590,.T.);
#3994=EDGE_CURVE('',#3770,#3765,#2689,.T.);
#3998=ADVANCED_FACE('',(#3997),#3989,.T.);
#4004=EDGE_CURVE('',#3760,#3762,#2536,.T.);
#4006=EDGE_CURVE('',#3651,#3760,#2540,.T.);
#4008=EDGE_CURVE('',#3651,#3652,#2544,.T.);
#4010=EDGE_CURVE('',#3652,#3654,#2549,.T.);
#4012=EDGE_CURVE('',#3654,#3688,#2553,.T.);
#4014=EDGE_CURVE('',#3687,#3688,#2558,.T.);
#4016=EDGE_CURVE('',#3596,#3687,#2828,.T.);
#4018=EDGE_CURVE('',#3580,#3596,#2563,.T.);
#4020=EDGE_CURVE('',#3680,#3580,#2734,.T.);
#4022=EDGE_CURVE('',#3679,#3680,#2568,.T.);
#4024=EDGE_CURVE('',#3679,#3657,#2572,.T.);
#4026=EDGE_CURVE('',#3657,#3658,#2577,.T.);
#4028=EDGE_CURVE('',#3660,#3658,#2581,.T.);
#4030=EDGE_CURVE('',#3770,#3660,#2585,.T.);
#4034=EDGE_CURVE('',#3804,#3552,#3451,.T.);
#4036=EDGE_CURVE('',#3790,#3804,#2599,.T.);
#4038=EDGE_CURVE('',#3789,#3790,#2604,.T.);
#4040=EDGE_CURVE('',#3806,#3789,#2609,.T.);
#4042=EDGE_CURVE('',#3550,#3806,#3505,.T.);
#4045=EDGE_CURVE('',#3776,#3778,#2618,.T.);
#4047=EDGE_CURVE('',#3599,#3776,#2622,.T.);
#4049=EDGE_CURVE('',#3599,#3600,#2626,.T.);
#4051=EDGE_CURVE('',#3600,#3612,#2631,.T.);
#4053=EDGE_CURVE('',#3612,#3664,#2635,.T.);
#4055=EDGE_CURVE('',#3663,#3664,#2640,.T.);
#4057=EDGE_CURVE('',#3575,#3663,#3240,.T.);
#4059=EDGE_CURVE('',#3594,#3575,#2645,.T.);
#4061=EDGE_CURVE('',#3672,#3594,#3344,.T.);
#4063=EDGE_CURVE('',#3671,#3672,#2650,.T.);
#4065=EDGE_CURVE('',#3671,#3615,#2654,.T.);
#4067=EDGE_CURVE('',#3615,#3616,#2659,.T.);
#4069=EDGE_CURVE('',#3752,#3616,#2663,.T.);
#4071=EDGE_CURVE('',#3750,#3752,#2667,.T.);
#4073=EDGE_CURVE('',#3762,#3750,#2671,.T.);
#4077=EDGE_CURVE('',#3785,#3786,#2676,.T.);
#4079=EDGE_CURVE('',#3786,#3785,#2681,.T.);
#4083=ADVANCED_FACE('',(#4076,#4082),#4003,.T.);
#4090=EDGE_CURVE('',#3760,#3758,#2685,.T.);
#4093=EDGE_CURVE('',#3762,#3757,#3023,.T.);
#4097=ADVANCED_FACE('',(#4096),#4088,.T.);
#4107=EDGE_CURVE('',#3660,#3640,#2693,.T.);
#4109=EDGE_CURVE('',#3639,#3640,#2697,.T.);
#4111=EDGE_CURVE('',#3651,#3639,#2701,.T.);
#4116=ADVANCED_FACE('',(#4115),#4102,.T.);
#4123=EDGE_CURVE('',#3658,#3648,#2705,.T.);
#4125=EDGE_CURVE('',#3648,#3640,#2942,.T.);
#4130=ADVANCED_FACE('',(#4129),#4121,.F.);
#4137=EDGE_CURVE('',#3657,#3647,#2709,.T.);
#4139=EDGE_CURVE('',#3647,#3648,#2947,.T.);
#4144=ADVANCED_FACE('',(#4143),#4135,.F.);
#4150=EDGE_CURVE('',#3684,#3679,#2713,.T.);
#4152=EDGE_CURVE('',#3684,#3647,#2920,.T.);
#4158=ADVANCED_FACE('',(#4157),#4149,.F.);
#4165=EDGE_CURVE('',#3682,#3680,#2730,.T.);
#4167=EDGE_CURVE('',#3682,#3684,#2718,.T.);
#4172=ADVANCED_FACE('',(#4171),#4163,.T.);
#4178=EDGE_CURVE('',#3703,#3704,#2722,.T.);
#4180=EDGE_CURVE('',#3704,#3578,#2870,.T.);
#4182=EDGE_CURVE('',#3577,#3578,#2895,.T.);
#4184=EDGE_CURVE('',#3577,#3682,#2726,.T.);
#4188=EDGE_CURVE('',#3579,#3580,#2801,.T.);
#4190=EDGE_CURVE('',#3703,#3579,#2773,.T.);
#4194=ADVANCED_FACE('',(#4193),#4177,.T.);
#4201=EDGE_CURVE('',#3703,#3707,#2749,.T.);
#4204=EDGE_CURVE('',#3708,#3704,#2764,.T.);
#4208=ADVANCED_FACE('',(#4207),#4199,.T.);
#4217=EDGE_CURVE('',#3592,#3579,#2778,.T.);
#4219=EDGE_CURVE('',#3696,#3592,#2782,.T.);
#4221=EDGE_CURVE('',#3700,#3696,#2866,.T.);
#4225=ADVANCED_FACE('',(#4224),#4213,.T.);
#4233=EDGE_CURVE('',#3596,#3592,#2820,.T.);
#4238=ADVANCED_FACE('',(#4237),#4230,.F.);
#4244=EDGE_CURVE('',#3695,#3696,#2824,.T.);
#4249=EDGE_CURVE('',#3692,#3687,#2832,.T.);
#4251=EDGE_CURVE('',#3692,#3590,#2836,.T.);
#4253=EDGE_CURVE('',#3588,#3590,#2916,.T.);
#4255=EDGE_CURVE('',#3695,#3588,#2879,.T.);
#4259=ADVANCED_FACE('',(#4258),#4243,.T.);
#4266=EDGE_CURVE('',#3695,#3699,#2851,.T.);
#4272=ADVANCED_FACE('',(#4271),#4264,.T.);
#4283=EDGE_CURVE('',#3588,#3578,#2900,.T.);
#4287=ADVANCED_FACE('',(#4286),#4277,.F.);
#4296=EDGE_CURVE('',#3590,#3577,#2925,.T.);
#4300=ADVANCED_FACE('',(#4299),#4292,.T.);
#4311=EDGE_CURVE('',#3690,#3692,#2983,.T.);
#4313=EDGE_CURVE('',#3644,#3690,#2929,.T.);
#4315=EDGE_CURVE('',#3643,#3644,#2934,.T.);
#4317=EDGE_CURVE('',#3639,#3643,#2938,.T.);
#4324=ADVANCED_FACE('',(#4323),#4305,.T.);
#4330=EDGE_CURVE('',#3610,#3754,#2951,.T.);
#4332=EDGE_CURVE('',#3609,#3610,#2956,.T.);
#4334=EDGE_CURVE('',#3676,#3609,#2960,.T.);
#4336=EDGE_CURVE('',#3674,#3676,#3435,.T.);
#4338=EDGE_CURVE('',#3584,#3674,#3336,.T.);
#4340=EDGE_CURVE('',#3584,#3574,#2965,.T.);
#4342=EDGE_CURVE('',#3668,#3574,#3248,.T.);
#4344=EDGE_CURVE('',#3666,#3668,#3232,.T.);
#4346=EDGE_CURVE('',#3606,#3666,#2969,.T.);
#4348=EDGE_CURVE('',#3604,#3606,#2974,.T.);
#4350=EDGE_CURVE('',#3602,#3604,#2978,.T.);
#4352=EDGE_CURVE('',#3754,#3602,#3211,.T.);
#4356=ADVANCED_FACE('',(#4355),#4329,.T.);
#4363=EDGE_CURVE('',#3690,#3688,#2987,.T.);
#4369=ADVANCED_FACE('',(#4368),#4361,.T.);
#4377=EDGE_CURVE('',#3654,#3644,#2991,.T.);
#4382=ADVANCED_FACE('',(#4381),#4374,.F.);
#4389=EDGE_CURVE('',#3652,#3643,#2995,.T.);
#4395=ADVANCED_FACE('',(#4394),#4387,.F.);
#4407=ADVANCED_FACE('',(#4406),#4400,.F.);
#4413=EDGE_CURVE('',#3752,#3754,#2999,.T.);
#4416=EDGE_CURVE('',#3616,#3610,#3003,.T.);
#4421=ADVANCED_FACE('',(#4420),#4412,.F.);
#4428=EDGE_CURVE('',#3750,#3748,#3027,.T.);
#4432=EDGE_CURVE('',#3754,#3747,#3207,.T.);
#4436=ADVANCED_FACE('',(#4435),#4426,.T.);
#4448=EDGE_CURVE('',#3619,#3620,#3007,.T.);
#4450=EDGE_CURVE('',#3620,#3624,#3011,.T.);
#4452=EDGE_CURVE('',#3623,#3624,#3015,.T.);
#4454=EDGE_CURVE('',#3619,#3623,#3019,.T.);
#4458=ADVANCED_FACE('',(#4447,#4457),#4441,.T.);
#4464=EDGE_CURVE('',#3711,#3712,#3031,.T.);
#4466=EDGE_CURVE('',#3627,#3712,#3181,.T.);
#4468=EDGE_CURVE('',#3620,#3627,#3194,.T.);
#4471=EDGE_CURVE('',#3711,#3619,#3087,.T.);
#4475=ADVANCED_FACE('',(#4474),#4463,.T.);
#4482=EDGE_CURVE('',#3711,#3741,#3045,.T.);
#4484=EDGE_CURVE('',#3741,#3715,#3054,.T.);
#4487=EDGE_CURVE('',#3716,#3742,#3063,.T.);
#4489=EDGE_CURVE('',#3742,#3712,#3073,.T.);
#4493=ADVANCED_FACE('',(#4492),#4480,.T.);
#4499=EDGE_CURVE('',#3711,#3720,#3083,.T.);
#4501=EDGE_CURVE('',#3744,#3720,#3137,.T.);
#4503=EDGE_CURVE('',#3744,#3741,#3078,.T.);
#4508=ADVANCED_FACE('',(#4507),#4498,.T.);
#4517=EDGE_CURVE('',#3623,#3720,#3091,.T.);
#4521=ADVANCED_FACE('',(#4520),#4513,.F.);
#4527=EDGE_CURVE('',#3719,#3720,#3095,.T.);
#4531=EDGE_CURVE('',#3628,#3624,#3190,.T.);
#4533=EDGE_CURVE('',#3719,#3628,#3159,.T.);
#4537=ADVANCED_FACE('',(#4536),#4526,.F.);
#4544=EDGE_CURVE('',#3719,#3743,#3105,.T.);
#4546=EDGE_CURVE('',#3743,#3723,#3114,.T.);
#4549=EDGE_CURVE('',#3724,#3744,#3123,.T.);
#4554=ADVANCED_FACE('',(#4553),#4542,.T.);
#4560=EDGE_CURVE('',#3742,#3743,#3142,.T.);
#4564=EDGE_CURVE('',#3627,#3628,#3164,.T.);
#4570=ADVANCED_FACE('',(#4569),#4559,.F.);
#4582=ADVANCED_FACE('',(#4581),#4575,.T.);
#4594=ADVANCED_FACE('',(#4593),#4587,.T.);
#4606=ADVANCED_FACE('',(#4605),#4599,.F.);
#4612=EDGE_CURVE('',#3776,#3774,#3203,.T.);
#4617=EDGE_CURVE('',#3599,#3602,#3215,.T.);
#4622=ADVANCED_FACE('',(#4621),#4611,.T.);
#4634=ADVANCED_FACE('',(#4633),#4627,.T.);
#4643=EDGE_CURVE('',#3600,#3604,#3219,.T.);
#4647=ADVANCED_FACE('',(#4646),#4639,.F.);
#4656=EDGE_CURVE('',#3612,#3606,#3227,.T.);
#4660=ADVANCED_FACE('',(#4659),#4652,.F.);
#4666=EDGE_CURVE('',#3666,#3664,#3223,.T.);
#4673=ADVANCED_FACE('',(#4672),#4665,.F.);
#4682=EDGE_CURVE('',#3668,#3663,#3244,.T.);
#4686=ADVANCED_FACE('',(#4685),#4678,.T.);
#4692=EDGE_CURVE('',#3735,#3736,#3236,.T.);
#4694=EDGE_CURVE('',#3736,#3576,#3378,.T.);
#4696=EDGE_CURVE('',#3575,#3576,#3411,.T.);
#4701=EDGE_CURVE('',#3573,#3574,#3307,.T.);
#4703=EDGE_CURVE('',#3735,#3573,#3287,.T.);
#4707=ADVANCED_FACE('',(#4706),#4691,.T.);
#4714=EDGE_CURVE('',#3735,#3739,#3263,.T.);
#4717=EDGE_CURVE('',#3740,#3736,#3278,.T.);
#4721=ADVANCED_FACE('',(#4720),#4712,.T.);
#4730=EDGE_CURVE('',#3582,#3573,#3328,.T.);
#4732=EDGE_CURVE('',#3728,#3582,#3291,.T.);
#4734=EDGE_CURVE('',#3732,#3728,#3374,.T.);
#4738=ADVANCED_FACE('',(#4737),#4726,.F.);
#4746=EDGE_CURVE('',#3584,#3582,#3323,.T.);
#4751=ADVANCED_FACE('',(#4750),#4743,.T.);
#4757=EDGE_CURVE('',#3727,#3728,#3332,.T.);
#4762=EDGE_CURVE('',#3674,#3672,#3340,.T.);
#4765=EDGE_CURVE('',#3586,#3594,#3430,.T.);
#4767=EDGE_CURVE('',#3727,#3586,#3387,.T.);
#4771=ADVANCED_FACE('',(#4770),#4756,.T.);
#4778=EDGE_CURVE('',#3727,#3731,#3359,.T.);
#4784=ADVANCED_FACE('',(#4783),#4776,.T.);
#4795=EDGE_CURVE('',#3586,#3576,#3392,.T.);
#4799=ADVANCED_FACE('',(#4798),#4789,.T.);
#4811=ADVANCED_FACE('',(#4810),#4804,.F.);
#4820=EDGE_CURVE('',#3676,#3671,#3439,.T.);
#4824=ADVANCED_FACE('',(#4823),#4816,.T.);
#4832=EDGE_CURVE('',#3615,#3609,#3443,.T.);
#4837=ADVANCED_FACE('',(#4836),#4829,.F.);
#4849=ADVANCED_FACE('',(#4848),#4842,.F.);
#4855=EDGE_CURVE('',#3796,#3556,#3460,.T.);
#4857=EDGE_CURVE('',#3800,#3796,#3483,.T.);
#4859=EDGE_CURVE('',#3804,#3800,#3447,.T.);
#4866=ADVANCED_FACE('',(#4865),#4854,.F.);
#4872=EDGE_CURVE('',#3635,#3796,#3456,.T.);
#4876=EDGE_CURVE('',#3635,#3631,#3492,.T.);
#4880=ADVANCED_FACE('',(#4879),#4871,.T.);
#4886=EDGE_CURVE('',#3635,#3636,#3488,.T.);
#4888=EDGE_CURVE('',#3798,#3636,#3497,.T.);
#4890=EDGE_CURVE('',#3798,#3802,#3464,.T.);
#4892=EDGE_CURVE('',#3802,#3793,#3469,.T.);
#4894=EDGE_CURVE('',#3793,#3794,#3474,.T.);
#4896=EDGE_CURVE('',#3794,#3800,#3479,.T.);
#4902=ADVANCED_FACE('',(#4901),#4885,.F.);
#4911=EDGE_CURVE('',#3636,#3632,#3501,.T.);
#4915=ADVANCED_FACE('',(#4914),#4907,.F.);
#4924=EDGE_CURVE('',#3798,#3554,#3509,.T.);
#4928=ADVANCED_FACE('',(#4927),#4920,.T.);
#4935=EDGE_CURVE('',#3806,#3802,#3513,.T.);
#4943=ADVANCED_FACE('',(#4942),#4933,.F.);
#4950=EDGE_CURVE('',#3789,#3793,#3517,.T.);
#4956=ADVANCED_FACE('',(#4955),#4948,.T.);
#4963=EDGE_CURVE('',#3790,#3794,#3521,.T.);
#4969=ADVANCED_FACE('',(#4968),#4961,.F.);
#4981=ADVANCED_FACE('',(#4980),#4974,.T.);
#4988=EDGE_CURVE('',#3782,#3786,#3539,.T.);
#4990=EDGE_CURVE('',#3781,#3782,#3526,.T.);
#4992=EDGE_CURVE('',#3781,#3785,#3530,.T.);
#4996=ADVANCED_FACE('',(#4995),#4986,.F.);
#5004=EDGE_CURVE('',#3781,#3782,#3535,.T.);
#5009=ADVANCED_FACE('',(#5008),#5001,.F.);
#5019=ADVANCED_FACE('',(#5018),#5014,.F.);
#5031=ADVANCED_FACE('',(#5030),#5024,.T.);
#5034=(LENGTH_UNIT()NAMED_UNIT(*)SI_UNIT(.MILLI.,.METRE.));
#5036=(NAMED_UNIT(*)PLANE_ANGLE_UNIT()SI_UNIT($,.RADIAN.));
#5039=(NAMED_UNIT(*)SI_UNIT($,.STERADIAN.)SOLID_ANGLE_UNIT());
#5041=(GEOMETRIC_REPRESENTATION_CONTEXT(3)GLOBAL_UNCERTAINTY_ASSIGNED_CONTEXT((
#5040))GLOBAL_UNIT_ASSIGNED_CONTEXT((#5034,#5038,#5039))REPRESENTATION_CONTEXT(
'ID2','3'));
#5045=AXIS2_PLACEMENT_3D('',#5042,#5043,#5044);
#5046=ADVANCED_BREP_SHAPE_REPRESENTATION('',(#5045,#5033),#5041);
#5050=PRODUCT_DEFINITION('design','',#5049,#2349);
#5051=PRODUCT_DEFINITION_SHAPE('','SHAPE FOR MICRO-RFB01-H00-02.',#5050);
#5052=SHAPE_DEFINITION_REPRESENTATION(#5051,#5046);
#5053=NEXT_ASSEMBLY_USAGE_OCCURRENCE('1','Next assembly relationship',
'MICRO-RFB01-H00-02',#5783,#5050,$);
#5054=PRODUCT_DEFINITION_SHAPE('Placement #1',
'Placement of MICRO-RFB01-H00-02 with respect to MICRO-RFB01-A00-02_ASM',#5053);
#5079=CIRCLE('',#5078,1.E-1);
#5084=CIRCLE('',#5083,5.E-1);
#5089=CIRCLE('',#5088,1.E-1);
#5094=CIRCLE('',#5093,3.E-1);
#5099=CIRCLE('',#5098,3.E-1);
#5112=CIRCLE('',#5111,1.E-1);
#5125=CIRCLE('',#5124,2.E-1);
#5130=CIRCLE('',#5129,4.E-1);
#5135=CIRCLE('',#5134,2.E-1);
#5144=CIRCLE('',#5143,5.E-1);
#5153=CIRCLE('',#5152,1.E-1);
#5174=CIRCLE('',#5173,2.5E-1);
#5179=CIRCLE('',#5178,2.5E-1);
#5184=CIRCLE('',#5183,2.E-1);
#5189=CIRCLE('',#5188,4.E-1);
#5194=CIRCLE('',#5193,2.E-1);
#5203=CIRCLE('',#5202,1.5E-1);
#5208=CIRCLE('',#5207,1.5E-1);
#5213=CIRCLE('',#5212,1.E-1);
#5226=CIRCLE('',#5225,1.E-1);
#5231=CIRCLE('',#5230,1.E-1);
#5236=CIRCLE('',#5235,1.E-1);
#5241=CIRCLE('',#5240,1.E-1);
#5246=CIRCLE('',#5245,1.E-1);
#5267=CIRCLE('',#5266,5.E-2);
#5272=CIRCLE('',#5271,5.E-2);
#5277=CIRCLE('',#5276,2.5E-1);
#5282=CIRCLE('',#5281,2.5E-1);
#5295=CIRCLE('',#5294,2.5E-1);
#5300=CIRCLE('',#5299,2.5E-1);
#5305=CIRCLE('',#5304,2.5E-1);
#5310=CIRCLE('',#5309,2.5E-1);
#5384=EDGE_CURVE('',#5313,#5314,#5066,.T.);
#5386=EDGE_CURVE('',#5314,#5316,#5070,.T.);
#5388=EDGE_CURVE('',#5316,#5318,#5074,.T.);
#5390=EDGE_CURVE('',#5318,#5320,#5079,.T.);
#5392=EDGE_CURVE('',#5320,#5322,#5084,.T.);
#5394=EDGE_CURVE('',#5322,#5313,#5089,.T.);
#5398=EDGE_CURVE('',#5341,#5342,#5094,.T.);
#5400=EDGE_CURVE('',#5342,#5341,#5099,.T.);
#5404=ADVANCED_FACE('',(#5397,#5403),#5383,.F.);
#5410=EDGE_CURVE('',#5313,#5373,#5103,.T.);
#5412=EDGE_CURVE('',#5373,#5357,#5139,.T.);
#5414=EDGE_CURVE('',#5365,#5357,#5250,.T.);
#5416=EDGE_CURVE('',#5365,#5325,#5107,.T.);
#5418=EDGE_CURVE('',#5314,#5325,#5262,.T.);
#5423=ADVANCED_FACE('',(#5422),#5409,.T.);
#5429=EDGE_CURVE('',#5373,#5374,#5112,.T.);
#5433=EDGE_CURVE('',#5322,#5374,#5116,.T.);
#5437=ADVANCED_FACE('',(#5436),#5428,.F.);
#5444=EDGE_CURVE('',#5376,#5374,#5144,.T.);
#5446=EDGE_CURVE('',#5376,#5378,#5153,.T.);
#5448=EDGE_CURVE('',#5362,#5378,#5120,.T.);
#5450=EDGE_CURVE('',#5360,#5362,#5125,.T.);
#5452=EDGE_CURVE('',#5358,#5360,#5130,.T.);
#5454=EDGE_CURVE('',#5357,#5358,#5135,.T.);
#5459=ADVANCED_FACE('',(#5458),#5442,.T.);
#5468=EDGE_CURVE('',#5320,#5376,#5148,.T.);
#5472=ADVANCED_FACE('',(#5471),#5464,.T.);
#5481=EDGE_CURVE('',#5318,#5378,#5157,.T.);
#5485=ADVANCED_FACE('',(#5484),#5477,.F.);
#5491=EDGE_CURVE('',#5326,#5370,#5161,.T.);
#5493=EDGE_CURVE('',#5370,#5362,#5165,.T.);
#5498=EDGE_CURVE('',#5316,#5326,#5169,.T.);
#5502=ADVANCED_FACE('',(#5501),#5490,.T.);
#5509=EDGE_CURVE('',#5365,#5366,#5184,.T.);
#5511=EDGE_CURVE('',#5368,#5366,#5189,.T.);
#5513=EDGE_CURVE('',#5368,#5370,#5194,.T.);
#5516=EDGE_CURVE('',#5325,#5326,#5198,.T.);
#5520=EDGE_CURVE('',#5349,#5350,#5174,.T.);
#5522=EDGE_CURVE('',#5350,#5349,#5179,.T.);
#5526=ADVANCED_FACE('',(#5519,#5525),#5507,.T.);
#5533=EDGE_CURVE('',#5350,#5354,#5208,.T.);
#5535=EDGE_CURVE('',#5353,#5354,#5226,.T.);
#5537=EDGE_CURVE('',#5349,#5353,#5203,.T.);
#5541=ADVANCED_FACE('',(#5540),#5531,.T.);
#5549=EDGE_CURVE('',#5354,#5353,#5213,.T.);
#5554=ADVANCED_FACE('',(#5553),#5546,.T.);
#5561=EDGE_CURVE('',#5353,#5338,#5217,.T.);
#5563=EDGE_CURVE('',#5335,#5338,#5241,.T.);
#5565=EDGE_CURVE('',#5354,#5335,#5221,.T.);
#5569=ADVANCED_FACE('',(#5568),#5559,.F.);
#5577=EDGE_CURVE('',#5335,#5338,#5231,.T.);
#5582=ADVANCED_FACE('',(#5581),#5574,.F.);
#5588=EDGE_CURVE('',#5335,#5336,#5236,.T.);
#5590=EDGE_CURVE('',#5338,#5336,#5246,.T.);
#5595=ADVANCED_FACE('',(#5594),#5587,.F.);
#5606=ADVANCED_FACE('',(#5605),#5600,.F.);
#5615=EDGE_CURVE('',#5366,#5358,#5254,.T.);
#5619=ADVANCED_FACE('',(#5618),#5611,.F.);
#5628=EDGE_CURVE('',#5368,#5360,#5258,.T.);
#5632=ADVANCED_FACE('',(#5631),#5624,.T.);
#5644=ADVANCED_FACE('',(#5643),#5637,.F.);
#5656=ADVANCED_FACE('',(#5655),#5649,.T.);
#5663=EDGE_CURVE('',#5341,#5345,#5267,.T.);
#5665=EDGE_CURVE('',#5345,#5346,#5282,.T.);
#5667=EDGE_CURVE('',#5342,#5346,#5272,.T.);
#5671=ADVANCED_FACE('',(#5670),#5661,.F.);
#5679=EDGE_CURVE('',#5346,#5345,#5277,.T.);
#5684=ADVANCED_FACE('',(#5683),#5676,.F.);
#5691=EDGE_CURVE('',#5346,#5332,#5290,.T.);
#5693=EDGE_CURVE('',#5329,#5332,#5310,.T.);
#5695=EDGE_CURVE('',#5345,#5329,#5286,.T.);
#5699=ADVANCED_FACE('',(#5698),#5689,.T.);
#5707=EDGE_CURVE('',#5329,#5332,#5305,.T.);
#5712=ADVANCED_FACE('',(#5711),#5704,.T.);
#5718=EDGE_CURVE('',#5329,#5330,#5295,.T.);
#5720=EDGE_CURVE('',#5332,#5330,#5300,.T.);
#5725=ADVANCED_FACE('',(#5724),#5717,.T.);
#5736=ADVANCED_FACE('',(#5735),#5730,.T.);
#5739=(LENGTH_UNIT()NAMED_UNIT(*)SI_UNIT(.MILLI.,.METRE.));
#5741=(NAMED_UNIT(*)PLANE_ANGLE_UNIT()SI_UNIT($,.RADIAN.));
#5744=(NAMED_UNIT(*)SI_UNIT($,.STERADIAN.)SOLID_ANGLE_UNIT());
#5746=(GEOMETRIC_REPRESENTATION_CONTEXT(3)GLOBAL_UNCERTAINTY_ASSIGNED_CONTEXT((
#5745))GLOBAL_UNIT_ASSIGNED_CONTEXT((#5739,#5743,#5744))REPRESENTATION_CONTEXT(
'ID3','3'));
#5750=AXIS2_PLACEMENT_3D('',#5747,#5748,#5749);
#5751=ADVANCED_BREP_SHAPE_REPRESENTATION('',(#5750,#5738),#5746);
#5756=PRODUCT_DEFINITION('design','',#5755,#5752);
#5757=PRODUCT_DEFINITION_SHAPE('','SHAPE FOR MICRO-RFB01-T00-03.',#5756);
#5758=SHAPE_DEFINITION_REPRESENTATION(#5757,#5751);
#5759=NEXT_ASSEMBLY_USAGE_OCCURRENCE('2','Next assembly relationship',
'MICRO-RFB01-T00-03',#5783,#5756,$);
#5760=PRODUCT_DEFINITION_SHAPE('Placement #2',
'Placement of MICRO-RFB01-T00-03 with respect to MICRO-RFB01-A00-02_ASM',#5759);
#5768=(LENGTH_UNIT()NAMED_UNIT(*)SI_UNIT(.MILLI.,.METRE.));
#5770=(NAMED_UNIT(*)PLANE_ANGLE_UNIT()SI_UNIT($,.RADIAN.));
#5773=(NAMED_UNIT(*)SI_UNIT($,.STERADIAN.)SOLID_ANGLE_UNIT());
#5775=(GEOMETRIC_REPRESENTATION_CONTEXT(3)GLOBAL_UNCERTAINTY_ASSIGNED_CONTEXT((
#5774))GLOBAL_UNIT_ASSIGNED_CONTEXT((#5768,#5772,#5773))REPRESENTATION_CONTEXT(
'ID4','3'));
#5779=AXIS2_PLACEMENT_3D('',#5776,#5777,#5778);
#5783=PRODUCT_DEFINITION('design','',#5782,#5752);
ENDSEC;
END-ISO-10303-21;
