ISO-10303-21;
HEADER;
FILE_DESCRIPTION (( 'STEP AP214' ),
    '1' );
FILE_NAME ('TYPE-C-6P-CC.STEP',
    '2026-07-06T15:38:29',
    ( '' ),
    ( '' ),
    'SwSTEP 2.0',
    'SolidWorks 2025',
    '' );
FILE_SCHEMA (( 'AUTOMOTIVE_DESIGN' ));
ENDSEC;

DATA;
#1 = EDGE_LOOP ( 'NONE', ( #2032, #9278, #3550, #4170 ) ) ;
#2 = ADVANCED_FACE ( 'NONE', ( #3387 ), #10258, .F. ) ;
#3 = DIRECTION ( 'NONE',  ( 0.000000000000000000, 1.000000000000000000, 0.000000000000000000 ) ) ;
#4 = VERTEX_POINT ( 'NONE', #10317 ) ;
#5 = EDGE_CURVE ( 'NONE', #10948, #3638, #6891, .T. ) ;
#6 = CARTESIAN_POINT ( 'NONE',  ( 0.3600000000000000422, -4.830679945108999895, 5.424999999998999733 ) ) ;
#7 = DIRECTION ( 'NONE',  ( -0.000000000000000000, 1.000000000000000000, 0.000000000000000000 ) ) ;
#8 = AXIS2_PLACEMENT_3D ( 'NONE', #10254, #9625, #2461 ) ;
#9 = AXIS2_PLACEMENT_3D ( 'NONE', #2701, #4649, #284 ) ;
#10 = CARTESIAN_POINT ( 'NONE',  ( 1.280000000000000027, 3.504999999999000249, 2.720678065752000219 ) ) ;
#11 = VECTOR ( 'NONE', #7471, 1000.000000000000000 ) ;
#12 = DIRECTION ( 'NONE',  ( 1.000000000000000000, 0.000000000000000000, 1.215473287538999910E-16 ) ) ;
#13 = VECTOR ( 'NONE', #7053, 1000.000000000000000 ) ;
#14 = ORIENTED_EDGE ( 'NONE', *, *, #6461, .T. ) ;
#15 = CARTESIAN_POINT ( 'NONE',  ( -1.280000000000000027, -5.910051363132999391, 3.399999999998999822 ) ) ;
#16 = CARTESIAN_POINT ( 'NONE',  ( 1.280000000000000027, -2.544188695136999634, 0.2999999999999999889 ) ) ;
#17 = VECTOR ( 'NONE', #6214, 1000.000000000000000 ) ;
#18 = VECTOR ( 'NONE', #7065, 1000.000000000000000 ) ;
#19 = DIRECTION ( 'NONE',  ( -1.215473287538999910E-16, 0.000000000000000000, 1.000000000000000000 ) ) ;
#20 = ORIENTED_EDGE ( 'NONE', *, *, #3581, .T. ) ;
#21 = DIRECTION ( 'NONE',  ( -1.000000000000000000, 0.000000000000000000, 0.000000000000000000 ) ) ;
#22 = LINE ( 'NONE', #4220, #1369 ) ;
#23 = FACE_OUTER_BOUND ( 'NONE', #3033, .T. ) ;
#24 = PLANE ( 'NONE',  #1481 ) ;
#25 = VECTOR ( 'NONE', #1070, 1000.000000000000000 ) ;
#26 = EDGE_CURVE ( 'NONE', #8424, #2355, #5799, .T. ) ;
#27 = VECTOR ( 'NONE', #10758, 1000.000000000000000 ) ;
#28 = ORIENTED_EDGE ( 'NONE', *, *, #7107, .F. ) ;
#29 = CARTESIAN_POINT ( 'NONE',  ( -1.279999999998999716, -3.894999999999999574, 7.799999999998999733 ) ) ;
#30 = EDGE_LOOP ( 'NONE', ( #11278, #8012, #8309, #6572 ) ) ;
#31 = DIRECTION ( 'NONE',  ( 0.000000000000000000, -1.000000000000000000, 0.000000000000000000 ) ) ;
#32 = ORIENTED_EDGE ( 'NONE', *, *, #2941, .T. ) ;
#33 = ORIENTED_EDGE ( 'NONE', *, *, #393, .F. ) ;
#34 = CARTESIAN_POINT ( 'NONE',  ( 1.280000000000000027, 3.504999999999000249, 4.915278589676999488 ) ) ;
#35 = VECTOR ( 'NONE', #6513, 1000.000000000000000 ) ;
#36 = LINE ( 'NONE', #3543, #8470 ) ;
#37 = EDGE_CURVE ( 'NONE', #4374, #6058, #637, .T. ) ;
#38 = EDGE_CURVE ( 'NONE', #10246, #8485, #510, .T. ) ;
#39 = CARTESIAN_POINT ( 'NONE',  ( -0.3600000000000000422, -8.830679945108999007, 3.924999999999999822 ) ) ;
#40 = AXIS2_PLACEMENT_3D ( 'NONE', #8397, #524, #8456 ) ;
#41 = ORIENTED_EDGE ( 'NONE', *, *, #9461, .T. ) ;
#42 = DIRECTION ( 'NONE',  ( 1.000000000000000000, 0.000000000000000000, 1.215473287538999910E-16 ) ) ;
#43 = EDGE_CURVE ( 'NONE', #10943, #2155, #3329, .T. ) ;
#44 = CARTESIAN_POINT ( 'NONE',  ( 0.1000000000000000056, 2.704999999998999982, -1.600000000000000089 ) ) ;
#45 = ORIENTED_EDGE ( 'NONE', *, *, #9461, .F. ) ;
#46 = PLANE ( 'NONE',  #3557 ) ;
#47 = ORIENTED_EDGE ( 'NONE', *, *, #9597, .T. ) ;
#48 = ORIENTED_EDGE ( 'NONE', *, *, #11323, .T. ) ;
#49 = ORIENTED_EDGE ( 'NONE', *, *, #10030, .F. ) ;
#50 = CARTESIAN_POINT ( 'NONE',  ( -1.579999999998999982, -1.110000000000999743, -0.7048473225369999984 ) ) ;
#51 = DIRECTION ( 'NONE',  ( 0.000000000000000000, 1.000000000000000000, 0.000000000000000000 ) ) ;
#52 = ORIENTED_EDGE ( 'NONE', *, *, #327, .F. ) ;
#53 = DIRECTION ( 'NONE',  ( 1.000000000000000000, 0.000000000000000000, 0.000000000000000000 ) ) ;
#54 = CARTESIAN_POINT ( 'NONE',  ( -1.279999999998999716, 2.204999999999000426, -1.899999999998999822 ) ) ;
#55 = CARTESIAN_POINT ( 'NONE',  ( -1.280000000000000027, -8.294999999999999929, 2.249999999998999911 ) ) ;
#56 = DIRECTION ( 'NONE',  ( -1.000000000000000000, 1.510487145370000116E-46, -1.393178489863000032E-31 ) ) ;
#57 = EDGE_CURVE ( 'NONE', #6775, #4115, #11062, .T. ) ;
#58 = CARTESIAN_POINT ( 'NONE',  ( 1.080000000000000071, -2.944999999999999840, 0.000000000000000000 ) ) ;
#59 = VERTEX_POINT ( 'NONE', #5385 ) ;
#60 = VECTOR ( 'NONE', #10920, 1000.000000000000000 ) ;
#61 = LINE ( 'NONE', #10556, #10477 ) ;
#62 = EDGE_CURVE ( 'NONE', #10379, #3587, #1884, .T. ) ;
#63 = VECTOR ( 'NONE', #8457, 1000.000000000000000 ) ;
#64 = VERTEX_POINT ( 'NONE', #1718 ) ;
#65 = LINE ( 'NONE', #8917, #4417 ) ;
#66 = ORIENTED_EDGE ( 'NONE', *, *, #7890, .F. ) ;
#67 = AXIS2_PLACEMENT_3D ( 'NONE', #7543, #6627, #10114 ) ;
#68 = FACE_BOUND ( 'NONE', #11226, .T. ) ;
#69 = FACE_OUTER_BOUND ( 'NONE', #9951, .T. ) ;
#70 = CARTESIAN_POINT ( 'NONE',  ( 0.1000000000000000056, 0.7049999999990003152, 0.000000000000000000 ) ) ;
#71 = PLANE ( 'NONE',  #1677 ) ;
#72 = CONICAL_SURFACE ( 'NONE', #8877, 0.9000000000000000222, 0.7853981633970000820 ) ;
#73 = AXIS2_PLACEMENT_3D ( 'NONE', #3222, #8390, #10212 ) ;
#74 = EDGE_CURVE ( 'NONE', #9324, #6082, #1825, .T. ) ;
#75 = VERTEX_POINT ( 'NONE', #7171 ) ;
#76 = CARTESIAN_POINT ( 'NONE',  ( 1.280000000000000027, -8.294999999999999929, 5.249999999998999911 ) ) ;
#77 = CARTESIAN_POINT ( 'NONE',  ( 1.579999999998999982, 1.554999999999999938, -1.899999999998999822 ) ) ;
#78 = LINE ( 'NONE', #8399, #4598 ) ;
#79 = ORIENTED_EDGE ( 'NONE', *, *, #6817, .T. ) ;
#80 = CARTESIAN_POINT ( 'NONE',  ( 1.280000000000000027, -2.544188695136999634, 0.05000000000000000278 ) ) ;
#81 = CARTESIAN_POINT ( 'NONE',  ( -1.279999999998999716, 2.554188695136000664, 0.2999999999999999889 ) ) ;
#83 = VECTOR ( 'NONE', #4175, 1000.000000000000000 ) ;
#82 = LINE ( 'NONE', #10575, #4210 ) ;
#84 = DIRECTION ( 'NONE',  ( 0.000000000000000000, -1.000000000000000000, 0.000000000000000000 ) ) ;
#85 = VECTOR ( 'NONE', #134, 1000.000000000000000 ) ;
#86 = ORIENTED_EDGE ( 'NONE', *, *, #6859, .F. ) ;
#87 = DIRECTION ( 'NONE',  ( -1.239088197125999924E-16, 1.000000000000000000, 0.000000000000000000 ) ) ;
#88 = VERTEX_POINT ( 'NONE', #6245 ) ;
#89 = DIRECTION ( 'NONE',  ( 1.000000000000000000, 0.000000000000000000, 0.000000000000000000 ) ) ;
#90 = AXIS2_PLACEMENT_3D ( 'NONE', #175, #3682, #6384 ) ;
#91 = EDGE_CURVE ( 'NONE', #10824, #5843, #8030, .T. ) ;
#92 = ORIENTED_EDGE ( 'NONE', *, *, #2253, .F. ) ;
#93 = VERTEX_POINT ( 'NONE', #2571 ) ;
#94 = LINE ( 'NONE', #11279, #4869 ) ;
#95 = CARTESIAN_POINT ( 'NONE',  ( -1.580000000000000071, -6.872895553309999350, 2.600000000000000089 ) ) ;
#96 = CARTESIAN_POINT ( 'NONE',  ( 0.3499999999989999999, -4.830679945108999895, 2.625000000000000000 ) ) ;
#97 = AXIS2_PLACEMENT_3D ( 'NONE', #10417, #3541, #1651 ) ;
#98 = ORIENTED_EDGE ( 'NONE', *, *, #4174, .F. ) ;
#99 = DIRECTION ( 'NONE',  ( 0.000000000000000000, -1.000000000000000000, 2.168404344971000240E-16 ) ) ;
#100 = DIRECTION ( 'NONE',  ( 1.215473287538999910E-16, -2.168404344971000240E-16, -1.000000000000000000 ) ) ;
#101 = EDGE_LOOP ( 'NONE', ( #11066, #5596, #10869, #5195 ) ) ;
#102 = LINE ( 'NONE', #4472, #1167 ) ;
#103 = ADVANCED_FACE ( 'NONE', ( #11338 ), #807, .F. ) ;
#104 = ORIENTED_EDGE ( 'NONE', *, *, #3581, .F. ) ;
#105 = EDGE_LOOP ( 'NONE', ( #3430, #271, #6755, #5630 ) ) ;
#106 = ORIENTED_EDGE ( 'NONE', *, *, #341, .T. ) ;
#107 = FACE_OUTER_BOUND ( 'NONE', #3374, .T. ) ;
#108 = CARTESIAN_POINT ( 'NONE',  ( -1.080000000000000071, 3.504999999999000249, -7.830300121961999871 ) ) ;
#109 = AXIS2_PLACEMENT_3D ( 'NONE', #549, #5718, #2383 ) ;
#110 = EDGE_LOOP ( 'NONE', ( #8023, #2636, #5967, #7005, #2101, #2523, #7030, #6395, #4474, #583, #9075, #10542 ) ) ;
#111 = DIRECTION ( 'NONE',  ( 0.000000000000000000, -0.9969206697117722893, -0.07841669657306082897 ) ) ;
#112 = DIRECTION ( 'NONE',  ( 0.000000000000000000, 0.000000000000000000, 1.000000000000000000 ) ) ;
#113 = FACE_OUTER_BOUND ( 'NONE', #1762, .T. ) ;
#114 = CARTESIAN_POINT ( 'NONE',  ( 1.769807453913999851, -7.947948283939999747, 3.399999999998999822 ) ) ;
#115 = CARTESIAN_POINT ( 'NONE',  ( 0.3600000000000000422, -4.830679945108999895, 6.424999999999999822 ) ) ;
#116 = EDGE_LOOP ( 'NONE', ( #1889, #2765, #1030, #8401, #508, #7116, #8257, #4372, #2663, #5246, #1649, #1370, #1875, #6265, #6905, #1665, #3297, #8573, #10037, #5857, #5349, #10578, #2722, #9280, #5190, #10922, #9038, #6588, #5371, #6152, #5443, #849, #1552, #993, #9115, #8074, #9700, #5500, #6032, #2568, #759, #561, #9904 ) ) ;
#117 = PLANE ( 'NONE',  #4268 ) ;
#118 = EDGE_CURVE ( 'NONE', #276, #7232, #9742, .T. ) ;
#119 = ADVANCED_FACE ( 'NONE', ( #4305 ), #2803, .T. ) ;
#120 = ORIENTED_EDGE ( 'NONE', *, *, #8119, .F. ) ;
#121 = CARTESIAN_POINT ( 'NONE',  ( -0.3499999999989999999, -9.395000000000001350, 1.179999999999000071 ) ) ;
#122 = ORIENTED_EDGE ( 'NONE', *, *, #3149, .T. ) ;
#123 = DIRECTION ( 'NONE',  ( 0.000000000000000000, -1.000000000000000000, 0.000000000000000000 ) ) ;
#124 = CARTESIAN_POINT ( 'NONE',  ( -1.280000000000000027, -8.294999999999999929, 2.599999999999000000 ) ) ;
#125 = ADVANCED_FACE ( 'NONE', ( #2690 ), #971, .F. ) ;
#126 = CARTESIAN_POINT ( 'NONE',  ( 0.3600000000000000422, -8.830679945108999007, 6.125000000000000000 ) ) ;
#127 = VERTEX_POINT ( 'NONE', #6081 ) ;
#128 = DIRECTION ( 'NONE',  ( 0.000000000000000000, 1.000000000000000000, 0.000000000000000000 ) ) ;
#129 = DIRECTION ( 'NONE',  ( -1.000000000000000000, 1.284980352574999780E-16, 0.000000000000000000 ) ) ;
#130 = ADVANCED_FACE ( 'NONE', ( #1659, #7922, #7057, #8673, #7812, #11287, #2745, #4470, #5162, #3438, #2630, #151, #6939 ), #10425, .F. ) ;
#131 = CARTESIAN_POINT ( 'NONE',  ( 1.580000000000000071, -4.337947837308999688, 5.654324757502999788 ) ) ;
#132 = ORIENTED_EDGE ( 'NONE', *, *, #9597, .F. ) ;
#133 = DIRECTION ( 'NONE',  ( -0.4361276865241069944, -0.8956542399572199331, -0.08715574274702139745 ) ) ;
#134 = DIRECTION ( 'NONE',  ( 0.000000000000000000, 0.000000000000000000, 1.000000000000000000 ) ) ;
#135 = PRESENTATION_STYLE_ASSIGNMENT (( #9887 ) ) ;
#136 = ADVANCED_FACE ( 'NONE', ( #860 ), #3608, .F. ) ;
#137 = DIRECTION ( 'NONE',  ( -0.000000000000000000, 1.000000000000000000, 0.000000000000000000 ) ) ;
#138 = ORIENTED_EDGE ( 'NONE', *, *, #6491, .F. ) ;
#139 = FACE_OUTER_BOUND ( 'NONE', #6694, .T. ) ;
#140 = EDGE_LOOP ( 'NONE', ( #7785, #6894, #2170, #1872 ) ) ;
#141 = CARTESIAN_POINT ( 'NONE',  ( -0.09999999999899999992, -0.2950000000009997403, -1.600000000000000089 ) ) ;
#142 = ORIENTED_EDGE ( 'NONE', *, *, #3292, .F. ) ;
#143 = AXIS2_PLACEMENT_3D ( 'NONE', #2898, #1925, #3807 ) ;
#144 = DIRECTION ( 'NONE',  ( 0.000000000000000000, -1.000000000000000000, 0.000000000000000000 ) ) ;
#145 = EDGE_CURVE ( 'NONE', #1388, #8543, #5270, .T. ) ;
#146 = FACE_OUTER_BOUND ( 'NONE', #2368, .T. ) ;
#147 = DIRECTION ( 'NONE',  ( 1.000000000000000000, 0.000000000000000000, 0.000000000000000000 ) ) ;
#148 = VECTOR ( 'NONE', #9207, 1000.000000000000114 ) ;
#149 = VERTEX_POINT ( 'NONE', #44 ) ;
#150 = CARTESIAN_POINT ( 'NONE',  ( -1.430000000000000160, -2.752668290246999661, 4.273192623120999123 ) ) ;
#151 = FACE_BOUND ( 'NONE', #4932, .T. ) ;
#152 = EDGE_LOOP ( 'NONE', ( #10176, #7217, #2991, #8793 ) ) ;
#153 = DIRECTION ( 'NONE',  ( 1.000000000000000000, 0.000000000000000000, 1.215473287538999910E-16 ) ) ;
#154 = ORIENTED_EDGE ( 'NONE', *, *, #10916, .T. ) ;
#155 = EDGE_LOOP ( 'NONE', ( #9005, #98, #4491, #3476 ) ) ;
#156 = ORIENTED_EDGE ( 'NONE', *, *, #6886, .F. ) ;
#157 = CARTESIAN_POINT ( 'NONE',  ( 0.3600000000000000422, -4.830679945108999895, 4.924999999999999822 ) ) ;
#158 = CARTESIAN_POINT ( 'NONE',  ( -1.579999999998999982, -3.894999999999999574, 1.249999999998999911 ) ) ;
#159 = VERTEX_POINT ( 'NONE', #6189 ) ;
#160 = LINE ( 'NONE', #8102, #6688 ) ;
#162 = PLANE ( 'NONE',  #4576 ) ;
#161 = VECTOR ( 'NONE', #3505, 1000.000000000000000 ) ;
#163 = CARTESIAN_POINT ( 'NONE',  ( -1.580000000000000071, 3.804999999999000071, 0.2999999999999999889 ) ) ;
#164 = CARTESIAN_POINT ( 'NONE',  ( -1.579999999998999982, 2.554188695136000664, 0.05000000000000000278 ) ) ;
#165 = DIRECTION ( 'NONE',  ( 1.000000000000000000, 0.000000000000000000, 0.000000000000000000 ) ) ;
#166 = EDGE_CURVE ( 'NONE', #5163, #4213, #7112, .T. ) ;
#167 = ORIENTED_EDGE ( 'NONE', *, *, #2495, .T. ) ;
#168 = CARTESIAN_POINT ( 'NONE',  ( -0.3600000000000000422, -4.830679945108999895, 6.625000000000000000 ) ) ;
#169 = CIRCLE ( 'NONE', #1644, 0.8999999999989997113 ) ;
#170 = ORIENTED_EDGE ( 'NONE', *, *, #3032, .T. ) ;
#171 = ORIENTED_EDGE ( 'NONE', *, *, #7502, .F. ) ;
#172 = CARTESIAN_POINT ( 'NONE',  ( -0.3799999999990000266, -9.544999999998998064, 0.3499999999989999999 ) ) ;
#173 = VERTEX_POINT ( 'NONE', #8945 ) ;
#174 = FACE_OUTER_BOUND ( 'NONE', #2577, .T. ) ;
#175 = CARTESIAN_POINT ( 'NONE',  ( -0.09999999999899999992, -2.944999999999999840, -1.600000000000000089 ) ) ;
#176 = DIRECTION ( 'NONE',  ( 0.000000000000000000, 0.000000000000000000, -1.000000000000000000 ) ) ;
#177 = CARTESIAN_POINT ( 'NONE',  ( -1.279999999998999716, -3.894999999999999574, 0.2999999999999999889 ) ) ;
#178 = CLOSED_SHELL ( 'NONE', ( #5577, #413, #10387, #2799, #5822, #8747 ) ) ;
#179 = ADVANCED_FACE ( 'NONE', ( #1946 ), #9798, .F. ) ;
#180 = EDGE_CURVE ( 'NONE', #2977, #8053, #214, .T. ) ;
#181 = VECTOR ( 'NONE', #8079, 1000.000000000000000 ) ;
#182 = CARTESIAN_POINT ( 'NONE',  ( -1.080000000000000071, 5.724170050214999250, 4.134721410322000246 ) ) ;
#183 = ORIENTED_EDGE ( 'NONE', *, *, #3835, .F. ) ;
#184 = CARTESIAN_POINT ( 'NONE',  ( -0.09999999999899999992, -2.944999999999999840, -1.600000000000000089 ) ) ;
#185 = DIRECTION ( 'NONE',  ( -1.000000000000000000, 1.239088197125999924E-16, 0.000000000000000000 ) ) ;
#186 = DIRECTION ( 'NONE',  ( -2.231344965625815353E-17, 0.1736481776660634968, 0.9848077530123608980 ) ) ;
#187 = VECTOR ( 'NONE', #2531, 1000.000000000000000 ) ;
#188 = ORIENTED_EDGE ( 'NONE', *, *, #166, .T. ) ;
#189 = VECTOR ( 'NONE', #10268, 1000.000000000000000 ) ;
#190 = DIRECTION ( 'NONE',  ( -1.807003620808999850E-16, 0.000000000000000000, -1.000000000000000000 ) ) ;
#191 = FACE_OUTER_BOUND ( 'NONE', #459, .T. ) ;
#192 = AXIS2_PLACEMENT_3D ( 'NONE', #1276, #1445, #6563 ) ;
#193 = CARTESIAN_POINT ( 'NONE',  ( 0.3499999999989999999, -4.830679945108999895, 2.625000000000000000 ) ) ;
#194 = PLANE ( 'NONE',  #4050 ) ;
#195 = EDGE_CURVE ( 'NONE', #3766, #1951, #3717, .T. ) ;
#196 = VECTOR ( 'NONE', #3880, 1000.000000000000000 ) ;
#197 = VECTOR ( 'NONE', #1796, 1000.000000000000000 ) ;
#198 = ADVANCED_FACE ( 'NONE', ( #6433 ), #339, .F. ) ;
#199 = ORIENTED_EDGE ( 'NONE', *, *, #2430, .F. ) ;
#200 = FACE_OUTER_BOUND ( 'NONE', #4747, .T. ) ;
#201 = EDGE_CURVE ( 'NONE', #1100, #5679, #5404, .T. ) ;
#202 = ORIENTED_EDGE ( 'NONE', *, *, #7793, .T. ) ;
#203 = CARTESIAN_POINT ( 'NONE',  ( -0.3599999999990000088, -5.330679945108999007, 3.124999999998999911 ) ) ;
#204 = ORIENTED_EDGE ( 'NONE', *, *, #5180, .T. ) ;
#205 = LINE ( 'NONE', #8082, #2856 ) ;
#206 = AXIS2_PLACEMENT_3D ( 'NONE', #4566, #8135, #9840 ) ;
#207 = VECTOR ( 'NONE', #5911, 1000.000000000000000 ) ;
#208 = DIRECTION ( 'NONE',  ( 1.393178489863000032E-31, -1.084202172484999957E-15, 1.000000000000000000 ) ) ;
#209 = LINE ( 'NONE', #1880, #574 ) ;
#210 = EDGE_CURVE ( 'NONE', #5300, #4363, #230, .T. ) ;
#211 = ORIENTED_EDGE ( 'NONE', *, *, #4208, .T. ) ;
#212 = DIRECTION ( 'NONE',  ( 0.000000000000000000, 0.000000000000000000, -1.000000000000000000 ) ) ;
#213 = EDGE_CURVE ( 'NONE', #2181, #5430, #1962, .T. ) ;
#214 = LINE ( 'NONE', #1082, #1937 ) ;
#215 = ORIENTED_EDGE ( 'NONE', *, *, #5512, .F. ) ;
#216 = DIRECTION ( 'NONE',  ( 0.000000000000000000, 1.000000000000000000, 0.000000000000000000 ) ) ;
#217 = VECTOR ( 'NONE', #8121, 1000.000000000000000 ) ;
#218 = EDGE_LOOP ( 'NONE', ( #235, #1932, #5473, #2974 ) ) ;
#219 = VERTEX_POINT ( 'NONE', #2070 ) ;
#220 = ORIENTED_EDGE ( 'NONE', *, *, #2920, .T. ) ;
#221 = CARTESIAN_POINT ( 'NONE',  ( -0.5396645151600001356, 2.385829949784000537, 4.915278589676999488 ) ) ;
#222 = DIRECTION ( 'NONE',  ( 0.000000000000000000, 1.000000000000000000, 0.000000000000000000 ) ) ;
#223 = LINE ( 'NONE', #7932, #3384 ) ;
#224 = CARTESIAN_POINT ( 'NONE',  ( -1.080000000000000071, 3.504999999999000249, 8.000000000000000000 ) ) ;
#225 = PLANE ( 'NONE',  #10991 ) ;
#226 = LINE ( 'NONE', #8908, #9327 ) ;
#227 = CARTESIAN_POINT ( 'NONE',  ( -1.280000000000000027, -8.294999999999999929, 3.399999999998999822 ) ) ;
#228 = VECTOR ( 'NONE', #9699, 1000.000000000000000 ) ;
#229 = EDGE_LOOP ( 'NONE', ( #4516, #874, #6830, #6721 ) ) ;
#230 = LINE ( 'NONE', #3895, #9265 ) ;
#231 = ORIENTED_EDGE ( 'NONE', *, *, #5512, .T. ) ;
#232 = ORIENTED_EDGE ( 'NONE', *, *, #1316, .F. ) ;
#233 = ORIENTED_EDGE ( 'NONE', *, *, #1297, .T. ) ;
#234 = CARTESIAN_POINT ( 'NONE',  ( 1.580000000000000071, -8.294999999999999929, 6.399999999999000266 ) ) ;
#235 = ORIENTED_EDGE ( 'NONE', *, *, #6888, .T. ) ;
#236 = EDGE_CURVE ( 'NONE', #9213, #10824, #1261, .T. ) ;
#237 = CARTESIAN_POINT ( 'NONE',  ( -0.3599999999990000088, -4.830679945108999895, 2.625000000000000000 ) ) ;
#238 = DIRECTION ( 'NONE',  ( -1.807003620808999850E-16, 0.000000000000000000, 1.000000000000000000 ) ) ;
#239 = DIRECTION ( 'NONE',  ( 4.861730685828999686E-63, 1.000000000000000000, 1.219828459165000025E-15 ) ) ;
#240 = DIRECTION ( 'NONE',  ( 0.000000000000000000, -1.000000000000000000, 1.025596649647999987E-16 ) ) ;
#241 = MANIFOLD_SOLID_BREP ( 'NONE', #10441 ) ;
#242 = LINE ( 'NONE', #2834, #8481 ) ;
#243 = ORIENTED_EDGE ( 'NONE', *, *, #4886, .F. ) ;
#244 = LINE ( 'NONE', #184, #4096 ) ;
#245 = VECTOR ( 'NONE', #9445, 1000.000000000000000 ) ;
#246 = LINE ( 'NONE', #1859, #5914 ) ;
#247 = CARTESIAN_POINT ( 'NONE',  ( -1.580000000000000071, 3.804999999999000071, 4.915278589676999488 ) ) ;
#248 = ORIENTED_EDGE ( 'NONE', *, *, #4757, .F. ) ;
#249 = EDGE_CURVE ( 'NONE', #2089, #8431, #4538, .T. ) ;
#250 = CARTESIAN_POINT ( 'NONE',  ( -1.280000000000000027, -7.894999999999999574, 6.749999999998999911 ) ) ;
#251 = CARTESIAN_POINT ( 'NONE',  ( -1.279999999998999716, 2.555000000000000160, -1.899999999998999822 ) ) ;
#252 = VECTOR ( 'NONE', #128, 1000.000000000000000 ) ;
#253 = LINE ( 'NONE', #7212, #1632 ) ;
#254 = CARTESIAN_POINT ( 'NONE',  ( 1.251501579824999988, -6.198274308341999550, 6.242520405652999926 ) ) ;
#255 = VECTOR ( 'NONE', #4204, 1000.000000000000000 ) ;
#256 = ORIENTED_EDGE ( 'NONE', *, *, #7412, .F. ) ;
#257 = DIRECTION ( 'NONE',  ( 0.000000000000000000, -1.000000000000000000, 0.000000000000000000 ) ) ;
#258 = ORIENTED_EDGE ( 'NONE', *, *, #2444, .F. ) ;
#259 = DIRECTION ( 'NONE',  ( 1.000000000000000000, 0.000000000000000000, -1.215473287538999910E-16 ) ) ;
#260 = VERTEX_POINT ( 'NONE', #168 ) ;
#261 = ADVANCED_FACE ( 'NONE', ( #3839 ), #7360, .T. ) ;
#262 = VECTOR ( 'NONE', #9231, 1000.000000000000000 ) ;
#263 = EDGE_CURVE ( 'NONE', #9008, #4699, #1157, .T. ) ;
#264 = DIRECTION ( 'NONE',  ( 1.704914861736844513E-16, 0.3420201433253704515, -0.9396926207860168967 ) ) ;
#265 = DIRECTION ( 'NONE',  ( 0.000000000000000000, 0.000000000000000000, 1.000000000000000000 ) ) ;
#266 = EDGE_CURVE ( 'NONE', #3845, #1362, #4759, .T. ) ;
#267 = CARTESIAN_POINT ( 'NONE',  ( 1.579999999998999982, 2.554188695136000664, 0.2999999999999999889 ) ) ;
#268 = VECTOR ( 'NONE', #1011, 1000.000000000000000 ) ;
#269 = VERTEX_POINT ( 'NONE', #4597 ) ;
#270 = CARTESIAN_POINT ( 'NONE',  ( 0.3499999999999999778, -8.830679945108999007, 4.924999999999999822 ) ) ;
#271 = ORIENTED_EDGE ( 'NONE', *, *, #3095, .F. ) ;
#272 = CARTESIAN_POINT ( 'NONE',  ( 0.3599999999990000088, -9.330679945108999007, 3.124999999998999911 ) ) ;
#273 = ORIENTED_EDGE ( 'NONE', *, *, #10408, .F. ) ;
#274 = EDGE_CURVE ( 'NONE', #10119, #1079, #8165, .T. ) ;
#275 = EDGE_LOOP ( 'NONE', ( #824, #922, #8618, #3491 ) ) ;
#276 = VERTEX_POINT ( 'NONE', #6264 ) ;
#277 = CARTESIAN_POINT ( 'NONE',  ( 1.580000000000000071, -6.872895553309999350, 5.691832480699999586 ) ) ;
#278 = SURFACE_STYLE_USAGE ( .BOTH. , #6642 ) ;
#279 = DIRECTION ( 'NONE',  ( 1.807003620808999850E-16, 0.000000000000000000, -1.000000000000000000 ) ) ;
#280 = CARTESIAN_POINT ( 'NONE',  ( 0.3499999999999999778, -8.830679945108999007, 6.924999999999999822 ) ) ;
#281 = EDGE_CURVE ( 'NONE', #5316, #867, #10672, .T. ) ;
#282 = AXIS2_PLACEMENT_3D ( 'NONE', #3337, #5983, #11181 ) ;
#283 = ADVANCED_FACE ( 'NONE', ( #2821 ), #3789, .F. ) ;
#284 = DIRECTION ( 'NONE',  ( 0.000000000000000000, 0.000000000000000000, 1.000000000000000000 ) ) ;
#285 = PLANE ( 'NONE',  #8964 ) ;
#286 = ADVANCED_FACE ( 'NONE', ( #5853, #10146, #9348, #11001, #5798, #691 ), #2179, .F. ) ;
#287 =( GEOMETRIC_REPRESENTATION_CONTEXT ( 3 ) GLOBAL_UNCERTAINTY_ASSIGNED_CONTEXT ( ( #5825 ) ) GLOBAL_UNIT_ASSIGNED_CONTEXT ( ( #5740, #3045, #1427 ) ) REPRESENTATION_CONTEXT ( 'NONE', 'WORKASPACE' ) );
#288 = DIRECTION ( 'NONE',  ( 1.000000000000000000, 0.000000000000000000, 0.000000000000000000 ) ) ;
#289 = ORIENTED_EDGE ( 'NONE', *, *, #4920, .F. ) ;
#290 = DIRECTION ( 'NONE',  ( 0.000000000000000000, -1.000000000000000000, 0.000000000000000000 ) ) ;
#291 = VECTOR ( 'NONE', #10809, 1000.000000000000000 ) ;
#292 = VERTEX_POINT ( 'NONE', #457 ) ;
#293 = ORIENTED_EDGE ( 'NONE', *, *, #5950, .F. ) ;
#294 = DIRECTION ( 'NONE',  ( -1.000000000000000000, 0.000000000000000000, 1.215473287538999910E-16 ) ) ;
#295 = ORIENTED_EDGE ( 'NONE', *, *, #8133, .T. ) ;
#296 = PLANE ( 'NONE',  #5208 ) ;
#297 = CARTESIAN_POINT ( 'NONE',  ( 1.280000000000000027, -6.942054513798999515, 2.697883105723999808 ) ) ;
#298 = FILL_AREA_STYLE_COLOUR ( '', #5468 ) ;
#299 = PLANE ( 'NONE',  #9911 ) ;
#300 = MANIFOLD_SOLID_BREP ( 'NONE', #6608 ) ;
#301 = CARTESIAN_POINT ( 'NONE',  ( -1.830000000000000071, 2.385829949784000537, 4.134721410322000246 ) ) ;
#302 = DIRECTION ( 'NONE',  ( -1.284980352574999780E-16, -1.000000000000000000, 0.000000000000000000 ) ) ;
#303 = PLANE ( 'NONE',  #4443 ) ;
#304 = CARTESIAN_POINT ( 'NONE',  ( 1.280000000000000027, -2.544999999999999485, -1.899999999998999822 ) ) ;
#305 = CARTESIAN_POINT ( 'NONE',  ( -0.3600000000000000422, -4.830679945108999895, 4.125000000000000000 ) ) ;
#306 = VERTEX_POINT ( 'NONE', #4930 ) ;
#307 = DIRECTION ( 'NONE',  ( -1.889516252618999683E-47, 1.000000000000000000, 1.084202172484999957E-15 ) ) ;
#308 = CARTESIAN_POINT ( 'NONE',  ( -1.279999999998999716, 2.204999999999000426, -1.899999999998999822 ) ) ;
#309 = CARTESIAN_POINT ( 'NONE',  ( 0.3800000000000000044, -9.544999999998998064, 7.799999999998999733 ) ) ;
#310 = FACE_OUTER_BOUND ( 'NONE', #6889, .T. ) ;
#311 = EDGE_CURVE ( 'NONE', #10526, #6291, #10257, .T. ) ;
#312 = ORIENTED_EDGE ( 'NONE', *, *, #2050, .F. ) ;
#313 = LINE ( 'NONE', #3124, #4829 ) ;
#314 = ORIENTED_EDGE ( 'NONE', *, *, #6593, .T. ) ;
#315 = DIRECTION ( 'NONE',  ( 0.000000000000000000, -1.000000000000000000, 0.000000000000000000 ) ) ;
#316 = ORIENTED_EDGE ( 'NONE', *, *, #7809, .F. ) ;
#317 = DIRECTION ( 'NONE',  ( 0.000000000000000000, -1.000000000000000000, 1.025596649647999987E-16 ) ) ;
#318 = CARTESIAN_POINT ( 'NONE',  ( -1.280000000000000027, -5.910051363132999391, 3.399999999998999822 ) ) ;
#319 = LINE ( 'NONE', #3820, #2958 ) ;
#320 = EDGE_CURVE ( 'NONE', #8597, #4448, #4995, .T. ) ;
#321 = EDGE_CURVE ( 'NONE', #443, #9113, #8440, .T. ) ;
#322 = ORIENTED_EDGE ( 'NONE', *, *, #180, .T. ) ;
#323 = CARTESIAN_POINT ( 'NONE',  ( 0.3499999999989999999, -5.330679945108999007, 3.424999999999000178 ) ) ;
#324 = EDGE_LOOP ( 'NONE', ( #10671, #10366, #10970, #7756 ) ) ;
#325 = CARTESIAN_POINT ( 'NONE',  ( -1.079999999998999982, -3.894999999999999574, 4.383769826401000991 ) ) ;
#326 = ORIENTED_EDGE ( 'NONE', *, *, #5123, .F. ) ;
#327 = EDGE_CURVE ( 'NONE', #5408, #2729, #10944, .T. ) ;
#328 = VERTEX_POINT ( 'NONE', #1371 ) ;
#329 = ORIENTED_EDGE ( 'NONE', *, *, #1247, .F. ) ;
#330 = CARTESIAN_POINT ( 'NONE',  ( -0.3499999999999999778, -3.894999999999999574, 7.870000000000000107 ) ) ;
#331 = DIRECTION ( 'NONE',  ( 1.000000000000000000, 0.000000000000000000, 1.215473287538999910E-16 ) ) ;
#332 = LINE ( 'NONE', #2063, #3294 ) ;
#333 = DIRECTION ( 'NONE',  ( 0.000000000000000000, 1.000000000000000000, 0.000000000000000000 ) ) ;
#334 = LINE ( 'NONE', #4066, #1812 ) ;
#335 = STYLED_ITEM ( 'NONE', ( #5017 ), #7958 ) ;
#336 = LINE ( 'NONE', #2703, #2574 ) ;
#337 = EDGE_CURVE ( 'NONE', #7045, #2456, #4005, .T. ) ;
#338 = ORIENTED_EDGE ( 'NONE', *, *, #4315, .T. ) ;
#339 = PLANE ( 'NONE',  #10173 ) ;
#340 = VERTEX_POINT ( 'NONE', #8560 ) ;
#341 = EDGE_CURVE ( 'NONE', #5330, #5316, #576, .T. ) ;
#342 = AXIS2_PLACEMENT_3D ( 'NONE', #2530, #6037, #5399 ) ;
#343 = ORIENTED_EDGE ( 'NONE', *, *, #5231, .T. ) ;
#344 = CARTESIAN_POINT ( 'NONE',  ( 0.3499999999989999999, -8.830679945108999007, 3.625000000000000000 ) ) ;
#345 = ORIENTED_EDGE ( 'NONE', *, *, #118, .F. ) ;
#346 = DIRECTION ( 'NONE',  ( 1.000000000000000000, 2.818573634768999933E-16, -1.516984776224999952E-32 ) ) ;
#347 = DIRECTION ( 'NONE',  ( -1.239088197125999924E-16, -1.000000000000000000, 0.000000000000000000 ) ) ;
#348 = CARTESIAN_POINT ( 'NONE',  ( -0.3499999999999999778, -8.830679945108999007, 4.125000000000000000 ) ) ;
#349 = DIRECTION ( 'NONE',  ( 1.000000000000000000, 0.000000000000000000, 0.000000000000000000 ) ) ;
#350 = AXIS2_PLACEMENT_3D ( 'NONE', #1526, #8538, #673 ) ;
#351 = CARTESIAN_POINT ( 'NONE',  ( 1.580000000000000071, -2.752668290246999661, 4.776807376878000611 ) ) ;
#352 = EDGE_CURVE ( 'NONE', #7758, #9324, #7639, .T. ) ;
#353 = DIRECTION ( 'NONE',  ( 0.000000000000000000, -1.000000000000000000, 2.167154562174000065E-16 ) ) ;
#354 = DIRECTION ( 'NONE',  ( -1.000000000000000000, 1.284980352574999780E-16, 0.000000000000000000 ) ) ;
#355 = ADVANCED_FACE ( 'NONE', ( #11114 ), #5916, .F. ) ;
#356 = CARTESIAN_POINT ( 'NONE',  ( 0.1000000000000000056, -2.295000000001000018, 0.000000000000000000 ) ) ;
#357 = CARTESIAN_POINT ( 'NONE',  ( 1.280000000000000027, 3.504999999999000249, 4.915278589676999488 ) ) ;
#358 = ORIENTED_EDGE ( 'NONE', *, *, #708, .T. ) ;
#359 = CARTESIAN_POINT ( 'NONE',  ( 1.080000000000000071, 2.385829949784000537, 4.134721410322000246 ) ) ;
#360 = DIRECTION ( 'NONE',  ( 0.000000000000000000, -1.000000000000000000, 2.168404344971000240E-16 ) ) ;
#361 = LINE ( 'NONE', #193, #4551 ) ;
#362 = VECTOR ( 'NONE', #7614, 1000.000000000000000 ) ;
#363 = DIRECTION ( 'NONE',  ( 1.393178489863000032E-31, -1.084202172484999957E-15, 1.000000000000000000 ) ) ;
#364 = ORIENTED_EDGE ( 'NONE', *, *, #9865, .T. ) ;
#365 = DIRECTION ( 'NONE',  ( -1.807003620808999850E-16, 0.000000000000000000, -1.000000000000000000 ) ) ;
#366 = VECTOR ( 'NONE', #9583, 1000.000000000000000 ) ;
#367 = LINE ( 'NONE', #4848, #1530 ) ;
#368 = VECTOR ( 'NONE', #4778, 1000.000000000000000 ) ;
#369 = ORIENTED_EDGE ( 'NONE', *, *, #10705, .T. ) ;
#370 = CARTESIAN_POINT ( 'NONE',  ( 0.000000000000000000, -2.295000000001000018, 0.000000000000000000 ) ) ;
#371 = VERTEX_POINT ( 'NONE', #4875 ) ;
#372 = MANIFOLD_SOLID_BREP ( 'NONE', #4028 ) ;
#373 = CARTESIAN_POINT ( 'NONE',  ( -0.3600000000000000422, -4.830679945108999895, 6.424999999999999822 ) ) ;
#374 = VERTEX_POINT ( 'NONE', #9629 ) ;
#375 = EDGE_CURVE ( 'NONE', #2631, #3587, #8383, .T. ) ;
#376 = VECTOR ( 'NONE', #7594, 1000.000000000000000 ) ;
#378 = CARTESIAN_POINT ( 'NONE',  ( -1.430000000000000160, -4.571077182464999389, 2.719600141541999694 ) ) ;
#377 = AXIS2_PLACEMENT_3D ( 'NONE', #8874, #1014, #7633 ) ;
#379 = AXIS2_PLACEMENT_3D ( 'NONE', #9764, #5409, #1050 ) ;
#380 = DIRECTION ( 'NONE',  ( 1.000000000000000000, 0.000000000000000000, 0.000000000000000000 ) ) ;
#381 = ORIENTED_EDGE ( 'NONE', *, *, #2225, .T. ) ;
#382 = CARTESIAN_POINT ( 'NONE',  ( -1.280000000000000027, -2.979999999999999538, -0.7048473225369999984 ) ) ;
#383 = EDGE_LOOP ( 'NONE', ( #9518, #624, #5992, #3046 ) ) ;
#384 = LINE ( 'NONE', #8032, #10332 ) ;
#385 = VECTOR ( 'NONE', #5322, 1000.000000000000114 ) ;
#386 = EDGE_LOOP ( 'NONE', ( #2918, #4056, #9411, #2380 ) ) ;
#387 = VECTOR ( 'NONE', #2996, 1000.000000000000114 ) ;
#388 = EDGE_LOOP ( 'NONE', ( #5838, #3081, #3611, #11102 ) ) ;
#389 = ORIENTED_EDGE ( 'NONE', *, *, #7916, .F. ) ;
#390 = CARTESIAN_POINT ( 'NONE',  ( 1.280000000000000027, -8.294999999999999929, 6.399999999999000266 ) ) ;
#391 = EDGE_CURVE ( 'NONE', #3943, #93, #10316, .T. ) ;
#392 = CARTESIAN_POINT ( 'NONE',  ( -1.251501579824999988, -6.198274308341999550, 3.242520405653000370 ) ) ;
#393 = EDGE_CURVE ( 'NONE', #2166, #734, #5324, .T. ) ;
#394 = LINE ( 'NONE', #4812, #5511 ) ;
#395 = CARTESIAN_POINT ( 'NONE',  ( -0.3499999999999999778, -4.830679945108999895, 6.424999999999999822 ) ) ;
#396 = MANIFOLD_SOLID_BREP ( 'NONE', #5491 ) ;
#397 = DIRECTION ( 'NONE',  ( 0.000000000000000000, -7.223848540581000097E-16, -1.000000000000000000 ) ) ;
#398 = EDGE_CURVE ( 'NONE', #9340, #11161, #3437, .T. ) ;
#399 = AXIS2_PLACEMENT_3D ( 'NONE', #1192, #2908, #7280 ) ;
#400 = VERTEX_POINT ( 'NONE', #9516 ) ;
#401 = CARTESIAN_POINT ( 'NONE',  ( -1.280000000000000027, 3.504999999999000249, 4.134721410322000246 ) ) ;
#402 = EDGE_LOOP ( 'NONE', ( #980, #4644, #6709, #9586 ) ) ;
#403 = ORIENTED_EDGE ( 'NONE', *, *, #10215, .F. ) ;
#404 = LINE ( 'NONE', #584, #4964 ) ;
#405 = VERTEX_POINT ( 'NONE', #11225 ) ;
#406 = EDGE_CURVE ( 'NONE', #4494, #5330, #7691, .T. ) ;
#407 = CARTESIAN_POINT ( 'NONE',  ( -1.580000000000000071, -2.752668290246999661, 4.273192623120999123 ) ) ;
#408 = ADVANCED_FACE ( 'NONE', ( #4304 ), #746, .F. ) ;
#409 = DIRECTION ( 'NONE',  ( 0.000000000000000000, 0.3420201433253704515, 0.9396926207860168967 ) ) ;
#410 = VECTOR ( 'NONE', #8180, 1000.000000000000114 ) ;
#411 = CARTESIAN_POINT ( 'NONE',  ( -1.579999999998999982, -3.894999999999999574, 0.000000000000000000 ) ) ;
#412 = DIRECTION ( 'NONE',  ( 1.172110456740999793E-16, 1.000000000000000000, -1.025596649647999987E-16 ) ) ;
#413 = ADVANCED_FACE ( 'NONE', ( #6890 ), #3386, .T. ) ;
#414 = DIRECTION ( 'NONE',  ( 0.000000000000000000, -1.000000000000000000, 0.000000000000000000 ) ) ;
#415 = DIRECTION ( 'NONE',  ( -0.03815622842002980297, -0.07835959243506115945, 0.9961946980917784078 ) ) ;
#416 = CARTESIAN_POINT ( 'NONE',  ( -0.3499999999999999778, -5.330679945108999007, 7.125000000000000000 ) ) ;
#417 = CARTESIAN_POINT ( 'NONE',  ( 0.1000000000000000056, -1.295000000000999796, -1.600000000000000089 ) ) ;
#418 = ORIENTED_EDGE ( 'NONE', *, *, #3514, .T. ) ;
#419 = CARTESIAN_POINT ( 'NONE',  ( 1.080000000000000071, 5.724170050214999250, 4.134721410322000246 ) ) ;
#420 = LINE ( 'NONE', #4725, #8169 ) ;
#421 = PLANE ( 'NONE',  #1435 ) ;
#422 = FACE_OUTER_BOUND ( 'NONE', #3221, .T. ) ;
#423 = ADVANCED_FACE ( 'NONE', ( #6937 ), #10424, .F. ) ;
#424 = AXIS2_PLACEMENT_3D ( 'NONE', #6113, #21, #7731 ) ;
#425 = EDGE_LOOP ( 'NONE', ( #3706, #7228, #2224, #582 ) ) ;
#426 = DIRECTION ( 'NONE',  ( -1.000000000000000000, 0.000000000000000000, -2.225651257388000148E-16 ) ) ;
#427 = CARTESIAN_POINT ( 'NONE',  ( 1.279999999998999716, 2.555000000000000160, -1.899999999998999822 ) ) ;
#428 = VECTOR ( 'NONE', #3070, 1000.000000000000000 ) ;
#429 = VERTEX_POINT ( 'NONE', #3607 ) ;
#430 = DIRECTION ( 'NONE',  ( -1.000000000000000000, 1.239088197125999924E-16, 0.000000000000000000 ) ) ;
#431 = AXIS2_PLACEMENT_3D ( 'NONE', #1274, #415, #10956 ) ;
#432 = ORIENTED_EDGE ( 'NONE', *, *, #7235, .F. ) ;
#433 = LINE ( 'NONE', #5833, #5227 ) ;
#434 = VERTEX_POINT ( 'NONE', #9965 ) ;
#435 = VECTOR ( 'NONE', #8295, 1000.000000000000000 ) ;
#436 = DIRECTION ( 'NONE',  ( -1.215473287538999910E-16, 0.000000000000000000, -1.000000000000000000 ) ) ;
#437 = CARTESIAN_POINT ( 'NONE',  ( -1.279999999998999716, -1.545000000000999796, -1.899999999998999822 ) ) ;
#438 = AXIS2_PLACEMENT_3D ( 'NONE', #4410, #6191, #973 ) ;
#439 = ORIENTED_EDGE ( 'NONE', *, *, #3172, .F. ) ;
#440 = EDGE_CURVE ( 'NONE', #10959, #7880, #9001, .T. ) ;
#441 = CIRCLE ( 'NONE', #2277, 1.199999999998999867 ) ;
#442 = FACE_OUTER_BOUND ( 'NONE', #1037, .T. ) ;
#443 = VERTEX_POINT ( 'NONE', #8200 ) ;
#444 = LINE ( 'NONE', #1416, #9424 ) ;
#445 = EDGE_LOOP ( 'NONE', ( #3953, #9451, #183, #1591 ) ) ;
#446 = ORIENTED_EDGE ( 'NONE', *, *, #4498, .F. ) ;
#447 = ORIENTED_EDGE ( 'NONE', *, *, #5339, .T. ) ;
#448 = FACE_OUTER_BOUND ( 'NONE', #2839, .T. ) ;
#449 = CARTESIAN_POINT ( 'NONE',  ( 1.280000000000000027, 3.504999999999000249, -7.830300121961999871 ) ) ;
#450 = CARTESIAN_POINT ( 'NONE',  ( -0.09999999999899999992, 2.304999999999000515, -1.600000000000000089 ) ) ;
#451 = CARTESIAN_POINT ( 'NONE',  ( 0.000000000000000000, -1.695000000000999707, -1.600000000000000089 ) ) ;
#452 = AXIS2_PLACEMENT_3D ( 'NONE', #658, #10599, #9636 ) ;
#453 = DIRECTION ( 'NONE',  ( 1.000000000000000000, 0.000000000000000000, 1.215473287538999910E-16 ) ) ;
#454 = VECTOR ( 'NONE', #5085, 1000.000000000000000 ) ;
#455 = ORIENTED_EDGE ( 'NONE', *, *, #2814, .T. ) ;
#456 = ADVANCED_FACE ( 'NONE', ( #10710 ), #5438, .T. ) ;
#457 = CARTESIAN_POINT ( 'NONE',  ( -1.280000000000000027, 3.504999999999000249, 2.720678065752000219 ) ) ;
#458 = ORIENTED_EDGE ( 'NONE', *, *, #7273, .F. ) ;
#459 = EDGE_LOOP ( 'NONE', ( #6665, #10674, #1511 ) ) ;
#460 = ORIENTED_EDGE ( 'NONE', *, *, #11206, .F. ) ;
#461 = DIRECTION ( 'NONE',  ( 0.000000000000000000, 1.000000000000000000, 0.000000000000000000 ) ) ;
#462 = VECTOR ( 'NONE', #5936, 1000.000000000000114 ) ;
#463 = VERTEX_POINT ( 'NONE', #1197 ) ;
#464 = DIRECTION ( 'NONE',  ( -1.000000000000000000, 0.000000000000000000, 0.000000000000000000 ) ) ;
#465 = DIRECTION ( 'NONE',  ( 1.807003620808999850E-16, 0.000000000000000000, 1.000000000000000000 ) ) ;
#466 = STYLED_ITEM ( 'NONE', ( #1902 ), #241 ) ;
#467 = DIRECTION ( 'NONE',  ( 0.000000000000000000, -1.000000000000000000, 0.000000000000000000 ) ) ;
#468 = LINE ( 'NONE', #2188, #6619 ) ;
#469 = AXIS2_PLACEMENT_3D ( 'NONE', #3038, #1148, #10768 ) ;
#470 = ADVANCED_FACE ( 'NONE', ( #8893 ), #4693, .T. ) ;
#471 = DIRECTION ( 'NONE',  ( 0.000000000000000000, 0.000000000000000000, 1.000000000000000000 ) ) ;
#472 = EDGE_CURVE ( 'NONE', #7288, #5920, #5611, .T. ) ;
#473 = FACE_OUTER_BOUND ( 'NONE', #2986, .T. ) ;
#474 = CARTESIAN_POINT ( 'NONE',  ( 1.579999999998999982, 1.904999999999000382, -0.8999999999990000443 ) ) ;
#475 = DIRECTION ( 'NONE',  ( 0.000000000000000000, 0.000000000000000000, 1.000000000000000000 ) ) ;
#476 = VERTEX_POINT ( 'NONE', #9110 ) ;
#477 = ADVANCED_FACE ( 'NONE', ( #6415 ), #3823, .F. ) ;
#478 = FACE_OUTER_BOUND ( 'NONE', #11135, .T. ) ;
#479 = DIRECTION ( 'NONE',  ( 0.000000000000000000, -1.000000000000000000, 0.000000000000000000 ) ) ;
#480 = SURFACE_STYLE_USAGE ( .BOTH. , #10116 ) ;
#481 = FACE_OUTER_BOUND ( 'NONE', #9769, .T. ) ;
#482 = EDGE_CURVE ( 'NONE', #1292, #1430, #4578, .T. ) ;
#483 = VERTEX_POINT ( 'NONE', #2743 ) ;
#484 = CARTESIAN_POINT ( 'NONE',  ( 0.3800000000000000044, -3.894999999999999574, 7.799999999998999733 ) ) ;
#485 = FACE_OUTER_BOUND ( 'NONE', #10853, .T. ) ;
#486 = EDGE_CURVE ( 'NONE', #5662, #2263, #1081, .T. ) ;
#487 = ORIENTED_EDGE ( 'NONE', *, *, #3373, .F. ) ;
#488 = CARTESIAN_POINT ( 'NONE',  ( -1.580000000000000071, -4.337947837308999688, 2.719600141541999694 ) ) ;
#489 = ORIENTED_EDGE ( 'NONE', *, *, #9830, .F. ) ;
#490 = EDGE_CURVE ( 'NONE', #3076, #2880, #6244, .T. ) ;
#491 = CARTESIAN_POINT ( 'NONE',  ( -1.280000000000000027, 3.504999999999000249, 4.915278589676999488 ) ) ;
#492 = DIRECTION ( 'NONE',  ( 0.000000000000000000, 0.000000000000000000, 1.000000000000000000 ) ) ;
#493 = LINE ( 'NONE', #3078, #2049 ) ;
#494 = CARTESIAN_POINT ( 'NONE',  ( -1.279999999998999716, 2.989999999999000568, -0.7048473225369999984 ) ) ;
#495 = EDGE_LOOP ( 'NONE', ( #8001, #7745, #10628, #10308 ) ) ;
#496 = EDGE_CURVE ( 'NONE', #4213, #9397, #8029, .T. ) ;
#497 = ORIENTED_EDGE ( 'NONE', *, *, #2671, .T. ) ;
#498 = LINE ( 'NONE', #2223, #7595 ) ;
#499 = VERTEX_POINT ( 'NONE', #7339 ) ;
#500 = EDGE_CURVE ( 'NONE', #724, #8424, #6359, .T. ) ;
#501 = VERTEX_POINT ( 'NONE', #2054 ) ;
#502 = EDGE_LOOP ( 'NONE', ( #8408, #3147, #1551, #10470 ) ) ;
#503 = LINE ( 'NONE', #2172, #1942 ) ;
#504 = DIRECTION ( 'NONE',  ( 0.000000000000000000, 0.000000000000000000, 1.000000000000000000 ) ) ;
#505 = DIRECTION ( 'NONE',  ( 0.000000000000000000, 1.000000000000000000, 0.000000000000000000 ) ) ;
#506 = CARTESIAN_POINT ( 'NONE',  ( -1.580000000000000071, -7.894999999999999574, 5.249999999998999911 ) ) ;
#507 = DIRECTION ( 'NONE',  ( 0.000000000000000000, 0.000000000000000000, -1.000000000000000000 ) ) ;
#508 = ORIENTED_EDGE ( 'NONE', *, *, #8757, .T. ) ;
#509 = CARTESIAN_POINT ( 'NONE',  ( -0.3600000000000000422, -4.830679945108999895, 6.924999999999999822 ) ) ;
#510 = LINE ( 'NONE', #11171, #9352 ) ;
#511 = ORIENTED_EDGE ( 'NONE', *, *, #3934, .T. ) ;
#512 = ORIENTED_EDGE ( 'NONE', *, *, #8922, .F. ) ;
#513 = ORIENTED_EDGE ( 'NONE', *, *, #10142, .T. ) ;
#514 = LINE ( 'NONE', #758, #8454 ) ;
#515 = ORIENTED_EDGE ( 'NONE', *, *, #6117, .T. ) ;
#516 = LINE ( 'NONE', #7365, #2828 ) ;
#518 = CARTESIAN_POINT ( 'NONE',  ( -1.080000000000000071, 5.724170050214999250, 4.915278589676999488 ) ) ;
#517 = VECTOR ( 'NONE', #1450, 1000.000000000000000 ) ;
#519 = EDGE_CURVE ( 'NONE', #371, #5051, #3657, .T. ) ;
#520 = EDGE_CURVE ( 'NONE', #6669, #9897, #4638, .T. ) ;
#521 = DIRECTION ( 'NONE',  ( 0.000000000000000000, -1.000000000000000000, 0.000000000000000000 ) ) ;
#522 = CARTESIAN_POINT ( 'NONE',  ( -1.251501579824999988, -6.198274308341999550, 2.600000000000000089 ) ) ;
#523 = ORIENTED_EDGE ( 'NONE', *, *, #10398, .T. ) ;
#524 = DIRECTION ( 'NONE',  ( -0.000000000000000000, 1.000000000000000000, 0.000000000000000000 ) ) ;
#525 = VECTOR ( 'NONE', #8624, 1000.000000000000114 ) ;
#526 = AXIS2_PLACEMENT_3D ( 'NONE', #6137, #9572, #8725 ) ;
#527 = LINE ( 'NONE', #4021, #10691 ) ;
#528 = DIRECTION ( 'NONE',  ( 1.000000000000000000, 1.284980352574999780E-16, 0.000000000000000000 ) ) ;
#529 = CARTESIAN_POINT ( 'NONE',  ( -0.3499999999999999778, -5.330679945108999007, 5.625000000000000000 ) ) ;
#530 = ORIENTED_EDGE ( 'NONE', *, *, #4611, .T. ) ;
#531 = DIRECTION ( 'NONE',  ( 0.000000000000000000, -1.000000000000000000, 0.000000000000000000 ) ) ;
#532 = CARTESIAN_POINT ( 'NONE',  ( -0.3499999999999999778, -4.830679945108999895, 6.424999999999999822 ) ) ;
#533 = EDGE_CURVE ( 'NONE', #4248, #3403, #8090, .T. ) ;
#534 =( LENGTH_UNIT ( ) NAMED_UNIT ( * ) SI_UNIT ( .MILLI., .METRE. ) );
#535 = EDGE_CURVE ( 'NONE', #5642, #434, #5552, .T. ) ;
#536 = VECTOR ( 'NONE', #10886, 1000.000000000000000 ) ;
#537 = DIRECTION ( 'NONE',  ( 0.000000000000000000, 0.000000000000000000, -1.000000000000000000 ) ) ;
#538 = EDGE_CURVE ( 'NONE', #3114, #4335, #9849, .T. ) ;
#539 = UNCERTAINTY_MEASURE_WITH_UNIT (LENGTH_MEASURE( 1.000000000000000082E-05 ), #10839, 'distance_accuracy_value', 'NONE');
#540 = VERTEX_POINT ( 'NONE', #5495 ) ;
#541 = CARTESIAN_POINT ( 'NONE',  ( 0.1000000000000000056, -2.944999999999999840, 0.000000000000000000 ) ) ;
#542 = CARTESIAN_POINT ( 'NONE',  ( 0.9817789317309998376, -6.329612395372000044, 2.757479594345999985 ) ) ;
#543 = VERTEX_POINT ( 'NONE', #8148 ) ;
#544 = LINE ( 'NONE', #6640, #6239 ) ;
#545 = CLOSED_SHELL ( 'NONE', ( #4223, #7498, #1040, #9305, #5956, #8426 ) ) ;
#546 = VERTEX_POINT ( 'NONE', #270 ) ;
#547 = MANIFOLD_SOLID_BREP ( 'NONE', #6412 ) ;
#548 = DIRECTION ( 'NONE',  ( -1.000000000000000000, 1.284980352582123687E-16, 0.000000000000000000 ) ) ;
#549 = CARTESIAN_POINT ( 'NONE',  ( -8.916342335125998947E-31, -2.945000000000006501, 3.399999999999999911 ) ) ;
#550 = VECTOR ( 'NONE', #7046, 1000.000000000000000 ) ;
#551 = DIRECTION ( 'NONE',  ( -1.000000000000000000, 0.000000000000000000, 0.000000000000000000 ) ) ;
#552 = ADVANCED_FACE ( 'NONE', ( #3990, #442 ), #3774, .F. ) ;
#553 = DIRECTION ( 'NONE',  ( 1.000000000000000000, 0.000000000000000000, 1.807003620808999850E-16 ) ) ;
#554 = FACE_OUTER_BOUND ( 'NONE', #8662, .T. ) ;
#555 = EDGE_CURVE ( 'NONE', #10113, #6792, #9165, .T. ) ;
#556 = AXIS2_PLACEMENT_3D ( 'NONE', #7266, #3802, #10626 ) ;
#557 = VERTEX_POINT ( 'NONE', #4801 ) ;
#558 = PRESENTATION_STYLE_ASSIGNMENT (( #5900 ) ) ;
#559 = ORIENTED_EDGE ( 'NONE', *, *, #4940, .T. ) ;
#560 = DIRECTION ( 'NONE',  ( 0.000000000000000000, -1.000000000000000000, 0.000000000000000000 ) ) ;
#561 = ORIENTED_EDGE ( 'NONE', *, *, #3594, .T. ) ;
#562 = ORIENTED_EDGE ( 'NONE', *, *, #7371, .T. ) ;
#563 = ORIENTED_EDGE ( 'NONE', *, *, #8619, .T. ) ;
#564 = LINE ( 'NONE', #2398, #664 ) ;
#565 = VECTOR ( 'NONE', #3506, 1000.000000000000000 ) ;
#566 = AXIS2_PLACEMENT_3D ( 'NONE', #10027, #8017, #84 ) ;
#567 = FACE_OUTER_BOUND ( 'NONE', #3218, .T. ) ;
#568 = VECTOR ( 'NONE', #4504, 1000.000000000000000 ) ;
#569 = CARTESIAN_POINT ( 'NONE',  ( -1.430000000000000160, -2.944999999999999840, 0.000000000000000000 ) ) ;
#570 = DIRECTION ( 'NONE',  ( -0.000000000000000000, 1.000000000000000000, 0.000000000000000000 ) ) ;
#571 = DIRECTION ( 'NONE',  ( -0.000000000000000000, 1.000000000000000000, 0.000000000000000000 ) ) ;
#572 = EDGE_CURVE ( 'NONE', #4979, #5498, #2707, .T. ) ;
#573 = ADVANCED_FACE ( 'NONE', ( #9222 ), #6537, .F. ) ;
#574 = VECTOR ( 'NONE', #1025, 1000.000000000000000 ) ;
#575 = ORIENTED_EDGE ( 'NONE', *, *, #9814, .T. ) ;
#576 = LINE ( 'NONE', #6550, #9627 ) ;
#577 = VECTOR ( 'NONE', #5939, 1000.000000000000000 ) ;
#578 = AXIS2_PLACEMENT_3D ( 'NONE', #2132, #1217, #2243 ) ;
#579 = ORIENTED_EDGE ( 'NONE', *, *, #8003, .F. ) ;
#580 = EDGE_LOOP ( 'NONE', ( #945, #3355, #11000, #7757 ) ) ;
#581 = DIRECTION ( 'NONE',  ( 1.000000000000000000, -1.239088197125999924E-16, 0.000000000000000000 ) ) ;
#582 = ORIENTED_EDGE ( 'NONE', *, *, #6436, .F. ) ;
#583 = ORIENTED_EDGE ( 'NONE', *, *, #337, .F. ) ;
#584 = CARTESIAN_POINT ( 'NONE',  ( -0.3499999999989999999, -9.330679945108999007, 1.625000000000000000 ) ) ;
#585 = ORIENTED_EDGE ( 'NONE', *, *, #8605, .F. ) ;
#586 = FACE_OUTER_BOUND ( 'NONE', #4584, .T. ) ;
#587 = DIRECTION ( 'NONE',  ( -0.4377936234344672606, -0.8990754936489593341, -9.747796034434404752E-16 ) ) ;
#588 = AXIS2_PLACEMENT_3D ( 'NONE', #7850, #11324, #6875 ) ;
#589 = DIRECTION ( 'NONE',  ( 0.000000000000000000, -1.000000000000000000, 0.000000000000000000 ) ) ;
#590 = VECTOR ( 'NONE', #8539, 1000.000000000000000 ) ;
#591 = FACE_OUTER_BOUND ( 'NONE', #5260, .T. ) ;
#592 = ORIENTED_EDGE ( 'NONE', *, *, #7710, .F. ) ;
#593 = LINE ( 'NONE', #7074, #7568 ) ;
#594 = DIRECTION ( 'NONE',  ( 0.000000000000000000, -1.000000000000000000, 0.000000000000000000 ) ) ;
#595 = EDGE_CURVE ( 'NONE', #724, #7251, #4114, .T. ) ;
#596 = CARTESIAN_POINT ( 'NONE',  ( 0.3499999999999999778, -5.330679945108999007, 5.625000000000000000 ) ) ;
#597 = DIRECTION ( 'NONE',  ( 0.000000000000000000, 0.000000000000000000, 1.000000000000000000 ) ) ;
#598 = VECTOR ( 'NONE', #2943, 1000.000000000000000 ) ;
#599 = ORIENTED_EDGE ( 'NONE', *, *, #1254, .T. ) ;
#600 = LINE ( 'NONE', #7605, #435 ) ;
#601 = PLANE ( 'NONE',  #4313 ) ;
#602 = CARTESIAN_POINT ( 'NONE',  ( -1.579999999998999982, 2.989999999999000568, -0.7048473225369999984 ) ) ;
#603 = CARTESIAN_POINT ( 'NONE',  ( -1.429999999999000071, -1.983341451230999697, 4.273192623120999123 ) ) ;
#604 = AXIS2_PLACEMENT_3D ( 'NONE', #5233, #4319, #8741 ) ;
#605 = ORIENTED_EDGE ( 'NONE', *, *, #6088, .T. ) ;
#606 = DIRECTION ( 'NONE',  ( 1.112825628694423101E-16, 0.8660254037843290176, -0.5000000000001900702 ) ) ;
#607 = EDGE_CURVE ( 'NONE', #2928, #10182, #8310, .T. ) ;
#608 = CARTESIAN_POINT ( 'NONE',  ( 1.280000000000000027, -8.294999999999999929, 5.249999999998999911 ) ) ;
#609 = LINE ( 'NONE', #7494, #2756 ) ;
#610 = ORIENTED_EDGE ( 'NONE', *, *, #2744, .F. ) ;
#611 = DIRECTION ( 'NONE',  ( 0.000000000000000000, -1.000000000000000000, 0.000000000000000000 ) ) ;
#612 = DIRECTION ( 'NONE',  ( 1.000000000000000000, 0.000000000000000000, 0.000000000000000000 ) ) ;
#613 = DIRECTION ( 'NONE',  ( -1.000000000000000000, 1.284980352574999780E-16, 0.000000000000000000 ) ) ;
#614 = DIRECTION ( 'NONE',  ( 0.000000000000000000, 0.000000000000000000, -1.000000000000000000 ) ) ;
#615 = AXIS2_PLACEMENT_3D ( 'NONE', #11090, #4789, #8300 ) ;
#616 = EDGE_LOOP ( 'NONE', ( #11341, #6440, #9963, #9164 ) ) ;
#617 = EDGE_CURVE ( 'NONE', #5287, #3662, #10931, .T. ) ;
#618 = DIRECTION ( 'NONE',  ( -1.000000000000000000, 1.284980352574999780E-16, 0.000000000000000000 ) ) ;
#619 = EDGE_CURVE ( 'NONE', #6421, #10209, #9300, .T. ) ;
#620 = ORIENTED_EDGE ( 'NONE', *, *, #1958, .T. ) ;
#621 = CARTESIAN_POINT ( 'NONE',  ( -0.3499999999999999778, -8.830679945108999007, 4.125000000000000000 ) ) ;
#622 = ORIENTED_EDGE ( 'NONE', *, *, #6538, .T. ) ;
#623 = VECTOR ( 'NONE', #4449, 1000.000000000000000 ) ;
#624 = ORIENTED_EDGE ( 'NONE', *, *, #8141, .F. ) ;
#625 = ORIENTED_EDGE ( 'NONE', *, *, #4464, .T. ) ;
#626 = CARTESIAN_POINT ( 'NONE',  ( 0.3600000000000000422, -8.830679945108999007, 5.125000000000000000 ) ) ;
#627 = EDGE_CURVE ( 'NONE', #2456, #1606, #4914, .T. ) ;
#628 = PLANE ( 'NONE',  #4667 ) ;
#629 = VECTOR ( 'NONE', #11340, 1000.000000000000000 ) ;
#630 = DIRECTION ( 'NONE',  ( -1.000000000000000000, 0.000000000000000000, 0.000000000000000000 ) ) ;
#631 = DIRECTION ( 'NONE',  ( -1.807003620808999850E-16, 0.000000000000000000, 1.000000000000000000 ) ) ;
#632 = LINE ( 'NONE', #6662, #3672 ) ;
#633 = VECTOR ( 'NONE', #2829, 1000.000000000000000 ) ;
#634 = ORIENTED_EDGE ( 'NONE', *, *, #5544, .T. ) ;
#635 = DIRECTION ( 'NONE',  ( 0.000000000000000000, 0.000000000000000000, 1.000000000000000000 ) ) ;
#636 = ADVANCED_FACE ( 'NONE', ( #2278 ), #5784, .T. ) ;
#637 = LINE ( 'NONE', #6832, #1654 ) ;
#638 = ORIENTED_EDGE ( 'NONE', *, *, #8515, .T. ) ;
#639 = LINE ( 'NONE', #9469, #410 ) ;
#640 = ORIENTED_EDGE ( 'NONE', *, *, #8251, .F. ) ;
#641 = ORIENTED_EDGE ( 'NONE', *, *, #7209, .T. ) ;
#642 =( NAMED_UNIT ( * ) PLANE_ANGLE_UNIT ( ) SI_UNIT ( $, .RADIAN. ) );
#643 = ORIENTED_EDGE ( 'NONE', *, *, #9360, .T. ) ;
#644 = AXIS2_PLACEMENT_3D ( 'NONE', #2582, #9581, #4190 ) ;
#645 = EDGE_CURVE ( 'NONE', #5069, #9296, #9279, .T. ) ;
#646 = DIRECTION ( 'NONE',  ( 0.000000000000000000, 0.000000000000000000, 1.000000000000000000 ) ) ;
#647 = DIRECTION ( 'NONE',  ( 0.8990754936489593341, -0.4377936234344672051, -4.746567976289071596E-16 ) ) ;
#648 = VECTOR ( 'NONE', #10296, 1000.000000000000000 ) ;
#649 = LINE ( 'NONE', #8512, #7901 ) ;
#650 = CARTESIAN_POINT ( 'NONE',  ( -1.080000000000000071, -3.594999999999999751, 0.4000000000000000222 ) ) ;
#651 = PLANE ( 'NONE',  #5883 ) ;
#652 = ORIENTED_EDGE ( 'NONE', *, *, #2300, .T. ) ;
#653 = CARTESIAN_POINT ( 'NONE',  ( 1.429999999999000071, -1.983341451230999697, 4.776807376878000611 ) ) ;
#654 = VECTOR ( 'NONE', #5226, 1000.000000000000000 ) ;
#655 = DIRECTION ( 'NONE',  ( 0.000000000000000000, -1.000000000000000000, 0.000000000000000000 ) ) ;
#656 = ADVANCED_FACE ( 'NONE', ( #10189 ), #2334, .T. ) ;
#657 = CARTESIAN_POINT ( 'NONE',  ( -1.580000000000000071, -6.872895553309999350, 5.599999999998999556 ) ) ;
#658 = CARTESIAN_POINT ( 'NONE',  ( 0.3600000000000000422, -4.830679945108999895, 4.125000000000000000 ) ) ;
#659 = VERTEX_POINT ( 'NONE', #10243 ) ;
#660 = DIRECTION ( 'NONE',  ( -1.281023473655992504E-16, 0.9969206697117722893, -0.07841669657306082897 ) ) ;
#661 = CARTESIAN_POINT ( 'NONE',  ( 1.580000000000000071, -5.910051363132999391, 3.399999999998999822 ) ) ;
#662 = DIRECTION ( 'NONE',  ( -1.000000000000000000, 0.000000000000000000, 0.000000000000000000 ) ) ;
#663 = CARTESIAN_POINT ( 'NONE',  ( 0.3600000000000000422, -8.830679945108999007, 5.424999999998999733 ) ) ;
#664 = VECTOR ( 'NONE', #8318, 1000.000000000000000 ) ;
#665 = STYLED_ITEM ( 'NONE', ( #7466 ), #300 ) ;
#666 = ORIENTED_EDGE ( 'NONE', *, *, #5741, .F. ) ;
#667 = DIRECTION ( 'NONE',  ( 1.284980352574999780E-16, 1.000000000000000000, 0.000000000000000000 ) ) ;
#668 = DIRECTION ( 'NONE',  ( 0.000000000000000000, 0.000000000000000000, -1.000000000000000000 ) ) ;
#669 = DIRECTION ( 'NONE',  ( 0.000000000000000000, 1.000000000000000000, 0.000000000000000000 ) ) ;
#670 = AXIS2_PLACEMENT_3D ( 'NONE', #6234, #5602, #317 ) ;
#671 = VERTEX_POINT ( 'NONE', #6925 ) ;
#672 = CARTESIAN_POINT ( 'NONE',  ( 0.9817789317309998376, -6.329612395372000044, 3.242520405653000370 ) ) ;
#673 = DIRECTION ( 'NONE',  ( 0.000000000000000000, 0.000000000000000000, -1.000000000000000000 ) ) ;
#674 = PLANE ( 'NONE',  #955 ) ;
#675 = EDGE_CURVE ( 'NONE', #1947, #9786, #899, .T. ) ;
#676 = VERTEX_POINT ( 'NONE', #10361 ) ;
#677 = CYLINDRICAL_SURFACE ( 'NONE', #9290, 0.09999999999899997216 ) ;
#678 = ORIENTED_EDGE ( 'NONE', *, *, #3966, .F. ) ;
#679 = DIRECTION ( 'NONE',  ( 1.889516252618999683E-47, 1.000000000000000000, 1.084202172484999957E-15 ) ) ;
#680 = ORIENTED_EDGE ( 'NONE', *, *, #5269, .F. ) ;
#681 = ORIENTED_EDGE ( 'NONE', *, *, #7220, .T. ) ;
#682 = ORIENTED_EDGE ( 'NONE', *, *, #3053, .T. ) ;
#683 = CARTESIAN_POINT ( 'NONE',  ( -1.579999999998999982, -9.694999999999998508, 8.849999999998999556 ) ) ;
#684 = CARTESIAN_POINT ( 'NONE',  ( -1.251501579824999988, -6.198274308341999550, 6.242520405652999926 ) ) ;
#685 = CARTESIAN_POINT ( 'NONE',  ( -1.313767999309000123, -7.011402213315999887, 2.691134909834999700 ) ) ;
#686 = DIRECTION ( 'NONE',  ( 1.000000000000000000, 1.284980352574999780E-16, 0.000000000000000000 ) ) ;
#687 = ADVANCED_FACE ( 'NONE', ( #5036 ), #10467, .F. ) ;
#688 = ADVANCED_FACE ( 'NONE', ( #4230 ), #677, .T. ) ;
#689 = DIRECTION ( 'NONE',  ( -1.000000000000000000, 0.000000000000000000, -1.807003620808999850E-16 ) ) ;
#690 = ORIENTED_EDGE ( 'NONE', *, *, #7371, .F. ) ;
#691 = FACE_OUTER_BOUND ( 'NONE', #10403, .T. ) ;
#692 = EDGE_CURVE ( 'NONE', #2089, #10426, #6123, .T. ) ;
#693 = ORIENTED_EDGE ( 'NONE', *, *, #3208, .F. ) ;
#694 = ORIENTED_EDGE ( 'NONE', *, *, #4111, .F. ) ;
#695 = CARTESIAN_POINT ( 'NONE',  ( 0.1000000000000000056, -2.944999999999999840, 0.000000000000000000 ) ) ;
#696 = ORIENTED_EDGE ( 'NONE', *, *, #10635, .T. ) ;
#697 = VERTEX_POINT ( 'NONE', #2505 ) ;
#698 = CARTESIAN_POINT ( 'NONE',  ( 1.280000000000000027, -3.894999999999999574, 8.000000000000000000 ) ) ;
#699 = VERTEX_POINT ( 'NONE', #7796 ) ;
#700 = CARTESIAN_POINT ( 'NONE',  ( 0.3499999999999999778, -9.330679945108999007, 3.124999999998999911 ) ) ;
#701 = FACE_OUTER_BOUND ( 'NONE', #386, .T. ) ;
#702 = DIRECTION ( 'NONE',  ( 0.000000000000000000, 1.000000000000000000, 0.000000000000000000 ) ) ;
#703 = CARTESIAN_POINT ( 'NONE',  ( 0.3599999999990000088, -4.829526559172999889, 2.124913496054000372 ) ) ;
#704 = EDGE_CURVE ( 'NONE', #546, #540, #8598, .T. ) ;
#705 = DIRECTION ( 'NONE',  ( 0.000000000000000000, -1.000000000000000000, 0.000000000000000000 ) ) ;
#706 = ORIENTED_EDGE ( 'NONE', *, *, #3496, .F. ) ;
#707 = CARTESIAN_POINT ( 'NONE',  ( 1.279999999998999716, 1.554999999999999938, -1.899999999998999822 ) ) ;
#708 = EDGE_CURVE ( 'NONE', #5482, #2180, #8711, .T. ) ;
#709 = VECTOR ( 'NONE', #112, 1000.000000000000000 ) ;
#710 = CARTESIAN_POINT ( 'NONE',  ( -1.279999999998999716, 1.904999999999000382, -1.899999999998999822 ) ) ;
#711 = DIRECTION ( 'NONE',  ( 0.000000000000000000, -1.000000000000000000, 0.000000000000000000 ) ) ;
#712 = ORIENTED_EDGE ( 'NONE', *, *, #6822, .T. ) ;
#713 = FACE_OUTER_BOUND ( 'NONE', #2209, .T. ) ;
#714 = DIRECTION ( 'NONE',  ( -1.377536392544999984E-16, 0.000000000000000000, 1.000000000000000000 ) ) ;
#715 =( LENGTH_UNIT ( ) NAMED_UNIT ( * ) SI_UNIT ( .MILLI., .METRE. ) );
#716 = LINE ( 'NONE', #8695, #17 ) ;
#717 = VECTOR ( 'NONE', #8862, 1000.000000000000000 ) ;
#718 = EDGE_CURVE ( 'NONE', #1580, #1918, #9193, .T. ) ;
#719 = ADVANCED_FACE ( 'NONE', ( #10303 ), #7044, .F. ) ;
#720 = VERTEX_POINT ( 'NONE', #7739 ) ;
#721 = CARTESIAN_POINT ( 'NONE',  ( -1.580000000000000071, -7.894999999999999574, 3.749999999998999911 ) ) ;
#722 = PLANE ( 'NONE',  #9869 ) ;
#723 = CARTESIAN_POINT ( 'NONE',  ( 0.3600000000000000422, -8.830679945108999007, 5.125000000000000000 ) ) ;
#724 = VERTEX_POINT ( 'NONE', #10525 ) ;
#725 = CARTESIAN_POINT ( 'NONE',  ( 0.3499999999989999999, -4.830679945108999895, 6.625000000000000000 ) ) ;
#726 = MECHANICAL_DESIGN_GEOMETRIC_PRESENTATION_REPRESENTATION (  '', ( #5295 ), #6767 ) ;
#727 = CARTESIAN_POINT ( 'NONE',  ( 1.280000000000000027, -3.494999999999999662, 0.2999999999999999889 ) ) ;
#728 = DIRECTION ( 'NONE',  ( 0.000000000000000000, -1.000000000000000000, 0.000000000000000000 ) ) ;
#729 = FACE_OUTER_BOUND ( 'NONE', #3146, .T. ) ;
#730 = VECTOR ( 'NONE', #4451, 1000.000000000000000 ) ;
#731 = VERTEX_POINT ( 'NONE', #11213 ) ;
#732 = PLANE ( 'NONE',  #588 ) ;
#733 = AXIS2_PLACEMENT_3D ( 'NONE', #5887, #9385, #1695 ) ;
#734 = VERTEX_POINT ( 'NONE', #6983 ) ;
#735 = CARTESIAN_POINT ( 'NONE',  ( -1.580000000000000071, 5.724170050214999250, 4.134721410322000246 ) ) ;
#736 = ADVANCED_FACE ( 'NONE', ( #1706 ), #4290, .F. ) ;
#737 = VERTEX_POINT ( 'NONE', #5090 ) ;
#738 = ORIENTED_EDGE ( 'NONE', *, *, #5231, .F. ) ;
#739 = ORIENTED_EDGE ( 'NONE', *, *, #10439, .F. ) ;
#740 = DIRECTION ( 'NONE',  ( 0.000000000000000000, -1.000000000000000000, 0.000000000000000000 ) ) ;
#741 = CARTESIAN_POINT ( 'NONE',  ( -0.3499999999989999999, -4.830679945108999895, 2.625000000000000000 ) ) ;
#742 = LINE ( 'NONE', #10199, #4618 ) ;
#743 = VECTOR ( 'NONE', #6877, 1000.000000000000000 ) ;
#744 = LINE ( 'NONE', #11223, #4972 ) ;
#745 = ORIENTED_EDGE ( 'NONE', *, *, #5447, .T. ) ;
#746 = PLANE ( 'NONE',  #7596 ) ;
#747 = ORIENTED_EDGE ( 'NONE', *, *, #5965, .F. ) ;
#748 = ORIENTED_EDGE ( 'NONE', *, *, #5211, .F. ) ;
#749 = VECTOR ( 'NONE', #8341, 1000.000000000000114 ) ;
#750 = FACE_OUTER_BOUND ( 'NONE', #10033, .T. ) ;
#751 = VECTOR ( 'NONE', #4141, 1000.000000000000000 ) ;
#752 = ADVANCED_FACE ( 'NONE', ( #5258 ), #732, .F. ) ;
#753 = EDGE_LOOP ( 'NONE', ( #10571, #215, #8767, #1595 ) ) ;
#754 = ADVANCED_FACE ( 'NONE', ( #9502 ), #11274, .F. ) ;
#755 = VERTEX_POINT ( 'NONE', #4392 ) ;
#756 = ORIENTED_EDGE ( 'NONE', *, *, #8541, .F. ) ;
#757 = AXIS2_PLACEMENT_3D ( 'NONE', #11147, #19, #888 ) ;
#758 = CARTESIAN_POINT ( 'NONE',  ( 0.3600000000000000422, -4.830679945108999895, 4.125000000000000000 ) ) ;
#759 = ORIENTED_EDGE ( 'NONE', *, *, #986, .T. ) ;
#760 = DIRECTION ( 'NONE',  ( 1.807003620808999850E-16, 0.000000000000000000, -1.000000000000000000 ) ) ;
#761 = FACE_OUTER_BOUND ( 'NONE', #6108, .T. ) ;
#762 = PLANE ( 'NONE',  #3851 ) ;
#763 = FACE_OUTER_BOUND ( 'NONE', #6207, .T. ) ;
#764 = CARTESIAN_POINT ( 'NONE',  ( 0.3499999999999999778, -8.830679945108999007, 5.424999999998999733 ) ) ;
#765 = AXIS2_PLACEMENT_3D ( 'NONE', #1353, #9160, #7451 ) ;
#766 = AXIS2_PLACEMENT_3D ( 'NONE', #2038, #2149, #2093 ) ;
#767 = VECTOR ( 'NONE', #461, 1000.000000000000000 ) ;
#768 = EDGE_LOOP ( 'NONE', ( #4698, #7701, #1201, #2339 ) ) ;
#769 = DIRECTION ( 'NONE',  ( -0.7071067811865475727, 0.7071067811865475727, 0.000000000000000000 ) ) ;
#770 = EDGE_CURVE ( 'NONE', #543, #7566, #6067, .T. ) ;
#771 = EDGE_CURVE ( 'NONE', #8716, #3828, #1646, .T. ) ;
#772 = ORIENTED_EDGE ( 'NONE', *, *, #6090, .F. ) ;
#773 = DIRECTION ( 'NONE',  ( 0.000000000000000000, 1.000000000000000000, 0.000000000000000000 ) ) ;
#774 = AXIS2_PLACEMENT_3D ( 'NONE', #5540, #87, #7327 ) ;
#775 = VERTEX_POINT ( 'NONE', #3425 ) ;
#776 = AXIS2_PLACEMENT_3D ( 'NONE', #5319, #4401, #2686 ) ;
#777 = CARTESIAN_POINT ( 'NONE',  ( -0.3799999999990000266, -3.894999999999999574, 1.249999999998999911 ) ) ;
#778 = DIRECTION ( 'NONE',  ( -1.000000000000000000, -1.239088197125999924E-16, 0.000000000000000000 ) ) ;
#779 = EDGE_CURVE ( 'NONE', #4346, #4255, #9396, .T. ) ;
#780 = CARTESIAN_POINT ( 'NONE',  ( 1.580000000000000071, 2.385829949784000537, 4.134721410322000246 ) ) ;
#782 = ORIENTED_EDGE ( 'NONE', *, *, #4191, .T. ) ;
#781 = VECTOR ( 'NONE', #2028, 1000.000000000000114 ) ;
#783 = FACE_OUTER_BOUND ( 'NONE', #3482, .T. ) ;
#784 = DIRECTION ( 'NONE',  ( 1.284980352574999780E-16, 1.000000000000000000, 0.000000000000000000 ) ) ;
#785 = EDGE_CURVE ( 'NONE', #5920, #1885, #8075, .T. ) ;
#786 = DIRECTION ( 'NONE',  ( 0.000000000000000000, 1.000000000000000000, 0.000000000000000000 ) ) ;
#787 = ORIENTED_EDGE ( 'NONE', *, *, #538, .F. ) ;
#788 = CARTESIAN_POINT ( 'NONE',  ( -1.280000000000000027, -8.186453928403999214, 3.399999999998999822 ) ) ;
#789 = CARTESIAN_POINT ( 'NONE',  ( -1.279999999998999716, -3.894999999999999574, 4.134721410322000246 ) ) ;
#790 = EDGE_CURVE ( 'NONE', #400, #961, #9727, .T. ) ;
#791 = LINE ( 'NONE', #5086, #3082 ) ;
#792 = EDGE_CURVE ( 'NONE', #6880, #9565, #3811, .T. ) ;
#793 = CIRCLE ( 'NONE', #9033, 1.199999999998999867 ) ;
#794 = ORIENTED_EDGE ( 'NONE', *, *, #4611, .F. ) ;
#795 = DIRECTION ( 'NONE',  ( 0.000000000000000000, -1.000000000000000000, 0.000000000000000000 ) ) ;
#796 = ORIENTED_EDGE ( 'NONE', *, *, #8007, .T. ) ;
#797 = CARTESIAN_POINT ( 'NONE',  ( 0.3600000000000000422, -8.830679945108999007, 6.125000000000000000 ) ) ;
#798 = ORIENTED_EDGE ( 'NONE', *, *, #7019, .T. ) ;
#799 = ORIENTED_EDGE ( 'NONE', *, *, #1385, .F. ) ;
#800 = CARTESIAN_POINT ( 'NONE',  ( 1.430000000000000160, -4.337947837308999688, 2.719600141541999694 ) ) ;
#801 = CARTESIAN_POINT ( 'NONE',  ( 1.580000000000000071, -4.571077182464999389, 3.395675242495999946 ) ) ;
#802 = LINE ( 'NONE', #8720, #10288 ) ;
#803 = DIRECTION ( 'NONE',  ( -1.000000000000000000, -1.299091332659999954E-16, 0.000000000000000000 ) ) ;
#804 = ORIENTED_EDGE ( 'NONE', *, *, #1878, .F. ) ;
#805 = VECTOR ( 'NONE', #1448, 1000.000000000000114 ) ;
#806 = DIRECTION ( 'NONE',  ( 1.000000000000000000, 0.000000000000000000, 1.215473287538999910E-16 ) ) ;
#807 = PLANE ( 'NONE',  #932 ) ;
#808 = ORIENTED_EDGE ( 'NONE', *, *, #3207, .T. ) ;
#809 = ORIENTED_EDGE ( 'NONE', *, *, #375, .T. ) ;
#810 = ORIENTED_EDGE ( 'NONE', *, *, #7573, .T. ) ;
#811 = ORIENTED_EDGE ( 'NONE', *, *, #7652, .T. ) ;
#812 = AXIS2_PLACEMENT_3D ( 'NONE', #8345, #6512, #2140 ) ;
#813 = VERTEX_POINT ( 'NONE', #3705 ) ;
#814 = LINE ( 'NONE', #5113, #6301 ) ;
#815 = DIRECTION ( 'NONE',  ( 1.112825628694423101E-16, -0.8660254037843290176, 0.5000000000001900702 ) ) ;
#816 = LINE ( 'NONE', #3504, #9174 ) ;
#817 = DIRECTION ( 'NONE',  ( 0.000000000000000000, 1.000000000000000000, 0.000000000000000000 ) ) ;
#818 = VECTOR ( 'NONE', #3336, 1000.000000000000000 ) ;
#819 = FACE_OUTER_BOUND ( 'NONE', #1522, .T. ) ;
#820 = EDGE_CURVE ( 'NONE', #5961, #995, #2901, .T. ) ;
#821 = ORIENTED_EDGE ( 'NONE', *, *, #8208, .T. ) ;
#822 = CARTESIAN_POINT ( 'NONE',  ( 1.429999999999000071, -1.983341451230999697, 4.273192623120999123 ) ) ;
#823 = AXIS2_PLACEMENT_3D ( 'NONE', #7804, #11280, #3432 ) ;
#824 = ORIENTED_EDGE ( 'NONE', *, *, #10147, .T. ) ;
#825 = LINE ( 'NONE', #6908, #3310 ) ;
#826 = ORIENTED_EDGE ( 'NONE', *, *, #3912, .F. ) ;
#827 = LINE ( 'NONE', #7832, #1182 ) ;
#828 = LINE ( 'NONE', #1629, #4499 ) ;
#829 = LINE ( 'NONE', #4273, #4563 ) ;
#830 = LINE ( 'NONE', #8802, #3328 ) ;
#831 = ADVANCED_FACE ( 'NONE', ( #4455 ), #7216, .T. ) ;
#832 = EDGE_CURVE ( 'NONE', #3403, #8038, #4512, .T. ) ;
#833 = VECTOR ( 'NONE', #10462, 1000.000000000000000 ) ;
#834 = ORIENTED_EDGE ( 'NONE', *, *, #5663, .F. ) ;
#835 = LINE ( 'NONE', #15, #5202 ) ;
#836 = DIRECTION ( 'NONE',  ( 0.000000000000000000, -1.000000000000000000, 0.000000000000000000 ) ) ;
#837 = ADVANCED_FACE ( 'NONE', ( #139 ), #6287, .F. ) ;
#838 = CARTESIAN_POINT ( 'NONE',  ( -1.280000000000000027, -8.294999999999999929, 6.749999999998999911 ) ) ;
#839 = ORIENTED_EDGE ( 'NONE', *, *, #519, .T. ) ;
#840 = PLANE ( 'NONE',  #9052 ) ;
#841 = DIRECTION ( 'NONE',  ( 1.000000000000000000, 1.239088197125999924E-16, 0.000000000000000000 ) ) ;
#842 = AXIS2_PLACEMENT_3D ( 'NONE', #1436, #587, #9192 ) ;
#843 = CARTESIAN_POINT ( 'NONE',  ( 1.280000000000000027, 2.385829949784000537, -7.830300121961999871 ) ) ;
#844 = EDGE_CURVE ( 'NONE', #10305, #1606, #3597, .T. ) ;
#845 = VECTOR ( 'NONE', #9675, 1000.000000000000000 ) ;
#846 = EDGE_LOOP ( 'NONE', ( #9966, #9171, #9227, #1801, #4513, #5093 ) ) ;
#847 = DIRECTION ( 'NONE',  ( 0.000000000000000000, -1.000000000000000000, 0.000000000000000000 ) ) ;
#848 = ADVANCED_FACE ( 'NONE', ( #8020 ), #8822, .F. ) ;
#849 = ORIENTED_EDGE ( 'NONE', *, *, #6390, .T. ) ;
#850 = LINE ( 'NONE', #8661, #8630 ) ;
#851 = ORIENTED_EDGE ( 'NONE', *, *, #4540, .F. ) ;
#852 = ORIENTED_EDGE ( 'NONE', *, *, #9575, .T. ) ;
#853 = DIRECTION ( 'NONE',  ( 0.000000000000000000, 0.000000000000000000, 1.000000000000000000 ) ) ;
#854 = DIRECTION ( 'NONE',  ( 1.000000000000000000, 0.000000000000000000, 1.807003620808999850E-16 ) ) ;
#855 = DIRECTION ( 'NONE',  ( -1.000000000000000000, 0.000000000000000000, 2.786356979726000501E-31 ) ) ;
#856 = EDGE_CURVE ( 'NONE', #429, #4405, #7155, .T. ) ;
#857 = EDGE_LOOP ( 'NONE', ( #3954, #5556, #5263, #523 ) ) ;
#858 = FILL_AREA_STYLE ('',( #8776 ) ) ;
#859 = EDGE_CURVE ( 'NONE', #4255, #8671, #2043, .T. ) ;
#860 = FACE_OUTER_BOUND ( 'NONE', #10554, .T. ) ;
#861 = EDGE_LOOP ( 'NONE', ( #1608, #10515, #3733, #6197 ) ) ;
#862 = DIRECTION ( 'NONE',  ( 0.000000000000000000, 0.000000000000000000, 1.000000000000000000 ) ) ;
#863 = EDGE_LOOP ( 'NONE', ( #167, #1722, #86, #4310 ) ) ;
#864 = ORIENTED_EDGE ( 'NONE', *, *, #5180, .F. ) ;
#865 = EDGE_LOOP ( 'NONE', ( #10333, #4347, #106, #9417 ) ) ;
#866 = CARTESIAN_POINT ( 'NONE',  ( -0.3799999999990000266, -3.894999999999999574, 0.04999999999899999714 ) ) ;
#867 = VERTEX_POINT ( 'NONE', #10753 ) ;
#868 = CARTESIAN_POINT ( 'NONE',  ( 1.580000000000000071, -2.979999999999999538, -0.7048473225369999984 ) ) ;
#869 = DIRECTION ( 'NONE',  ( 1.000000000000000000, 0.000000000000000000, 0.000000000000000000 ) ) ;
#870 = DIRECTION ( 'NONE',  ( 1.281023473655992504E-16, -0.9969206697117722893, -0.07841669657306082897 ) ) ;
#871 = CARTESIAN_POINT ( 'NONE',  ( 1.580000000000000071, -7.894999999999999574, 5.249999999998999911 ) ) ;
#872 = VECTOR ( 'NONE', #6816, 1000.000000000000114 ) ;
#873 = PLANE ( 'NONE',  #7162 ) ;
#874 = ORIENTED_EDGE ( 'NONE', *, *, #11169, .T. ) ;
#875 = LINE ( 'NONE', #6205, #228 ) ;
#876 = VECTOR ( 'NONE', #6650, 1000.000000000000000 ) ;
#877 = ORIENTED_EDGE ( 'NONE', *, *, #5447, .F. ) ;
#878 = CARTESIAN_POINT ( 'NONE',  ( 1.280000000000000027, -7.894999999999999574, 2.249999999998999911 ) ) ;
#879 = VERTEX_POINT ( 'NONE', #10642 ) ;
#880 = EDGE_CURVE ( 'NONE', #10182, #3814, #7101, .T. ) ;
#881 = FACE_OUTER_BOUND ( 'NONE', #6481, .T. ) ;
#882 = CARTESIAN_POINT ( 'NONE',  ( -0.3499999999999999778, -8.830679945108999007, 6.625000000000000000 ) ) ;
#883 = LINE ( 'NONE', #2431, #11143 ) ;
#884 = CARTESIAN_POINT ( 'NONE',  ( 1.257496438739000189, -3.894999999999999574, 8.000000000000000000 ) ) ;
#885 = VERTEX_POINT ( 'NONE', #10579 ) ;
#886 = LINE ( 'NONE', #4277, #10865 ) ;
#887 = PLANE ( 'NONE',  #10612 ) ;
#888 = DIRECTION ( 'NONE',  ( 1.000000000000000000, 0.000000000000000000, 1.215473287538999910E-16 ) ) ;
#889 = ORIENTED_EDGE ( 'NONE', *, *, #10557, .F. ) ;
#890 = EDGE_CURVE ( 'NONE', #8487, #5518, #9669, .T. ) ;
#891 = ADVANCED_FACE ( 'NONE', ( #200 ), #4679, .F. ) ;
#892 = CARTESIAN_POINT ( 'NONE',  ( 1.079999999998999982, -3.894999999999999574, 4.383769826401000991 ) ) ;
#893 = DIRECTION ( 'NONE',  ( 0.000000000000000000, 1.000000000000000000, 0.000000000000000000 ) ) ;
#894 = CARTESIAN_POINT ( 'NONE',  ( -1.580000000000000071, -8.294999999999999929, 6.749999999998999911 ) ) ;
#895 = VECTOR ( 'NONE', #1165, 1000.000000000000000 ) ;
#896 = CARTESIAN_POINT ( 'NONE',  ( -1.579999999998999982, 1.904999999999000382, -0.8999999999990000443 ) ) ;
#897 = ADVANCED_FACE ( 'NONE', ( #1185 ), #5483, .T. ) ;
#898 = ORIENTED_EDGE ( 'NONE', *, *, #1486, .T. ) ;
#899 = LINE ( 'NONE', #1761, #6360 ) ;
#900 = AXIS2_PLACEMENT_3D ( 'NONE', #1520, #3415, #9492 ) ;
#901 = VECTOR ( 'NONE', #10772, 1000.000000000000000 ) ;
#902 = ORIENTED_EDGE ( 'NONE', *, *, #9338, .T. ) ;
#903 = LINE ( 'NONE', #10469, #743 ) ;
#904 = ORIENTED_EDGE ( 'NONE', *, *, #5997, .T. ) ;
#905 = EDGE_CURVE ( 'NONE', #6068, #7343, #1811, .T. ) ;
#906 = EDGE_LOOP ( 'NONE', ( #8149, #4099, #4595, #4458 ) ) ;
#907 = CARTESIAN_POINT ( 'NONE',  ( 1.580000000000000071, -4.571077182464999389, 5.654324757502999788 ) ) ;
#908 = PLANE ( 'NONE',  #9018 ) ;
#909 = EDGE_CURVE ( 'NONE', #2560, #3215, #313, .T. ) ;
#910 = LINE ( 'NONE', #4404, #10088 ) ;
#911 = AXIS2_PLACEMENT_3D ( 'NONE', #7733, #7097, #4284 ) ;
#912 = VERTEX_POINT ( 'NONE', #2097 ) ;
#913 = DIRECTION ( 'NONE',  ( -1.000000000000000000, 0.000000000000000000, -1.807003620808999850E-16 ) ) ;
#914 = CARTESIAN_POINT ( 'NONE',  ( -0.3599999999990000088, -5.330679945108999007, 1.924999999998999956 ) ) ;
#915 = ORIENTED_EDGE ( 'NONE', *, *, #10488, .F. ) ;
#916 = DIRECTION ( 'NONE',  ( 0.000000000000000000, -1.000000000000000000, 0.000000000000000000 ) ) ;
#917 = VERTEX_POINT ( 'NONE', #10058 ) ;
#918 = VERTEX_POINT ( 'NONE', #2265 ) ;
#919 = ORIENTED_EDGE ( 'NONE', *, *, #10174, .F. ) ;
#920 = CARTESIAN_POINT ( 'NONE',  ( -1.279999999998999716, -3.894999999999999574, 1.249999999998999911 ) ) ;
#921 = DIRECTION ( 'NONE',  ( 1.000000000000000000, 0.000000000000000000, 1.215473287538999910E-16 ) ) ;
#922 = ORIENTED_EDGE ( 'NONE', *, *, #4593, .F. ) ;
#923 = DIRECTION ( 'NONE',  ( -1.000000000000000000, 0.000000000000000000, 1.215473287538999910E-16 ) ) ;
#924 = DIRECTION ( 'NONE',  ( 0.000000000000000000, -5.382100923358999157E-17, -1.000000000000000000 ) ) ;
#925 = AXIS2_PLACEMENT_3D ( 'NONE', #2452, #7567, #1358 ) ;
#926 = EDGE_CURVE ( 'NONE', #1262, #4306, #1237, .T. ) ;
#927 = DIRECTION ( 'NONE',  ( 1.000000000000000000, 0.000000000000000000, 1.215473287538999910E-16 ) ) ;
#928 = DIRECTION ( 'NONE',  ( 1.000000000000000000, 0.000000000000000000, -1.807003620808999850E-16 ) ) ;
#929 = EDGE_CURVE ( 'NONE', #6179, #8614, #6638, .T. ) ;
#930 = DIRECTION ( 'NONE',  ( -0.000000000000000000, 1.000000000000000000, 0.000000000000000000 ) ) ;
#931 = ORIENTED_EDGE ( 'NONE', *, *, #7019, .F. ) ;
#932 = AXIS2_PLACEMENT_3D ( 'NONE', #914, #100, #5325 ) ;
#933 = VECTOR ( 'NONE', #1256, 1000.000000000000000 ) ;
#934 = DIRECTION ( 'NONE',  ( -1.000000000000000000, 0.000000000000000000, 0.000000000000000000 ) ) ;
#935 = VECTOR ( 'NONE', #7376, 1000.000000000000000 ) ;
#936 = ORIENTED_EDGE ( 'NONE', *, *, #2068, .F. ) ;
#937 = DIRECTION ( 'NONE',  ( -1.000000000000000000, 0.000000000000000000, 1.215473287538999910E-16 ) ) ;
#938 = ORIENTED_EDGE ( 'NONE', *, *, #5997, .F. ) ;
#939 = DIRECTION ( 'NONE',  ( -0.000000000000000000, 1.000000000000000000, 0.000000000000000000 ) ) ;
#940 = LINE ( 'NONE', #8861, #5234 ) ;
#941 = VECTOR ( 'NONE', #5343, 1000.000000000000000 ) ;
#942 = VECTOR ( 'NONE', #7514, 1000.000000000000000 ) ;
#943 = LINE ( 'NONE', #4274, #10280 ) ;
#944 = EDGE_CURVE ( 'NONE', #8959, #5331, #4731, .T. ) ;
#945 = ORIENTED_EDGE ( 'NONE', *, *, #5987, .F. ) ;
#946 = DIRECTION ( 'NONE',  ( 0.000000000000000000, 1.000000000000000000, 0.000000000000000000 ) ) ;
#947 = CARTESIAN_POINT ( 'NONE',  ( -0.3600000000000000422, -8.830679945108999007, 4.625000000000000000 ) ) ;
#948 = VECTOR ( 'NONE', #2775, 1000.000000000000000 ) ;
#949 = FACE_OUTER_BOUND ( 'NONE', #2507, .T. ) ;
#950 = VERTEX_POINT ( 'NONE', #9212 ) ;
#951 = LINE ( 'NONE', #2723, #1170 ) ;
#952 = CARTESIAN_POINT ( 'NONE',  ( -1.430000000000000160, -4.571077182464999389, 5.654324757502999788 ) ) ;
#953 = CARTESIAN_POINT ( 'NONE',  ( -0.09999999999899999992, -2.944999999999999840, 0.000000000000000000 ) ) ;
#954 = DIRECTION ( 'NONE',  ( 1.000000000000000000, 0.000000000000000000, 0.000000000000000000 ) ) ;
#955 = AXIS2_PLACEMENT_3D ( 'NONE', #8482, #5031, #5896 ) ;
#956 = ADVANCED_FACE ( 'NONE', ( #1288 ), #8243, .T. ) ;
#957 = ORIENTED_EDGE ( 'NONE', *, *, #7485, .T. ) ;
#958 = CARTESIAN_POINT ( 'NONE',  ( 0.3499999999999999778, -5.330679945108999007, 7.424999999999999822 ) ) ;
#959 = VERTEX_POINT ( 'NONE', #8359 ) ;
#960 = DIRECTION ( 'NONE',  ( -0.000000000000000000, 1.000000000000000000, 0.000000000000000000 ) ) ;
#961 = VERTEX_POINT ( 'NONE', #6525 ) ;
#962 = EDGE_LOOP ( 'NONE', ( #2018, #1456, #1613, #4369 ) ) ;
#963 = PLANE ( 'NONE',  #8542 ) ;
#964 = VECTOR ( 'NONE', #3331, 1000.000000000000000 ) ;
#965 = CARTESIAN_POINT ( 'NONE',  ( 0.3600000000000000422, -5.330679945108999007, 7.424999999999999822 ) ) ;
#966 = DIRECTION ( 'NONE',  ( -0.000000000000000000, 1.000000000000000000, 0.000000000000000000 ) ) ;
#967 = EDGE_CURVE ( 'NONE', #4511, #7288, #3183, .T. ) ;
#968 = EDGE_CURVE ( 'NONE', #8723, #10560, #5650, .T. ) ;
#969 = EDGE_LOOP ( 'NONE', ( #10485, #6009, #6895, #515 ) ) ;
#970 = DIRECTION ( 'NONE',  ( 0.000000000000000000, 0.000000000000000000, -1.000000000000000000 ) ) ;
#971 = PLANE ( 'NONE',  #8809 ) ;
#972 = ORIENTED_EDGE ( 'NONE', *, *, #7517, .F. ) ;
#973 = DIRECTION ( 'NONE',  ( -1.000000000000000000, 0.000000000000000000, 3.530454503147795305E-16 ) ) ;
#974 = ORIENTED_EDGE ( 'NONE', *, *, #3561, .T. ) ;
#975 = EDGE_CURVE ( 'NONE', #2412, #10209, #10008, .T. ) ;
#976 = ORIENTED_EDGE ( 'NONE', *, *, #7589, .F. ) ;
#977 = ORIENTED_EDGE ( 'NONE', *, *, #10773, .T. ) ;
#978 = CARTESIAN_POINT ( 'NONE',  ( -0.3799999999990000266, -3.894999999999999574, 1.249999999998999911 ) ) ;
#979 = CARTESIAN_POINT ( 'NONE',  ( 7.801799543234999691E-31, -2.945000000000005613, 5.599999999999999645 ) ) ;
#980 = ORIENTED_EDGE ( 'NONE', *, *, #5245, .F. ) ;
#981 = FACE_OUTER_BOUND ( 'NONE', #10201, .T. ) ;
#982 = DIRECTION ( 'NONE',  ( 0.000000000000000000, 0.000000000000000000, -1.000000000000000000 ) ) ;
#983 = CARTESIAN_POINT ( 'NONE',  ( 1.430000000000000160, -4.337947837308999688, 2.719600141541999694 ) ) ;
#984 = DIRECTION ( 'NONE',  ( 1.000000000000000000, -1.284980352574999780E-16, 0.000000000000000000 ) ) ;
#985 = CARTESIAN_POINT ( 'NONE',  ( 0.1000000000000000056, 1.304999999999000515, -1.600000000000000089 ) ) ;
#986 = EDGE_CURVE ( 'NONE', #5615, #9170, #4790, .T. ) ;
#987 = ORIENTED_EDGE ( 'NONE', *, *, #7989, .F. ) ;
#988 = AXIS2_PLACEMENT_3D ( 'NONE', #5772, #1343, #3017 ) ;
#989 = DIRECTION ( 'NONE',  ( -0.4361276865241069944, 0.8956542399572199331, 0.08715574274702139745 ) ) ;
#990 = EDGE_CURVE ( 'NONE', #7286, #10496, #9268, .T. ) ;
#991 = AXIS2_PLACEMENT_3D ( 'NONE', #5134, #11260, #6915 ) ;
#992 = EDGE_CURVE ( 'NONE', #5747, #173, #367, .T. ) ;
#993 = ORIENTED_EDGE ( 'NONE', *, *, #6470, .T. ) ;
#994 = CARTESIAN_POINT ( 'NONE',  ( 0.3800000000000000044, -9.694999999999998508, 0.1999999999990000055 ) ) ;
#995 = VERTEX_POINT ( 'NONE', #7442 ) ;
#996 = AXIS2_PLACEMENT_3D ( 'NONE', #11036, #6173, #3420 ) ;
#997 = CARTESIAN_POINT ( 'NONE',  ( -0.1000000000000000056, -2.295000000001000018, -1.600000000000000089 ) ) ;
#998 = CARTESIAN_POINT ( 'NONE',  ( -1.080000000000000071, 3.504999999999000249, 4.915278589676999488 ) ) ;
#999 = DIRECTION ( 'NONE',  ( 1.281023473655992504E-16, -0.9969206697117722893, 0.07841669657306082897 ) ) ;
#1000 = CARTESIAN_POINT ( 'NONE',  ( 1.080000000000000071, -2.944999999999999840, 0.000000000000000000 ) ) ;
#1001 = AXIS2_PLACEMENT_3D ( 'NONE', #5497, #2056, #7341 ) ;
#1002 = MECHANICAL_DESIGN_GEOMETRIC_PRESENTATION_REPRESENTATION (  '', ( #4288 ), #3187 ) ;
#1003 = VECTOR ( 'NONE', #8002, 1000.000000000000000 ) ;
#1004 = ADVANCED_FACE ( 'NONE', ( #2205 ), #3872, .F. ) ;
#1005 = ORIENTED_EDGE ( 'NONE', *, *, #3966, .T. ) ;
#1006 = CARTESIAN_POINT ( 'NONE',  ( -0.09999999999899999992, 2.304999999999000515, 0.000000000000000000 ) ) ;
#1007 = CARTESIAN_POINT ( 'NONE',  ( -0.09999999999899999992, 1.304999999999000515, 0.000000000000000000 ) ) ;
#1008 = DIRECTION ( 'NONE',  ( 0.000000000000000000, 1.000000000000000000, 0.000000000000000000 ) ) ;
#1009 = VERTEX_POINT ( 'NONE', #11032 ) ;
#1010 = DIRECTION ( 'NONE',  ( 0.000000000000000000, 1.734723475976000090E-15, -1.000000000000000000 ) ) ;
#1011 = DIRECTION ( 'NONE',  ( 0.000000000000000000, 0.000000000000000000, -1.000000000000000000 ) ) ;
#1013 = VECTOR ( 'NONE', #1834, 1000.000000000000000 ) ;
#1012 = SURFACE_STYLE_FILL_AREA ( #7151 ) ;
#1014 = DIRECTION ( 'NONE',  ( -1.000000000000000000, 0.000000000000000000, 0.000000000000000000 ) ) ;
#1015 = VECTOR ( 'NONE', #1335, 1000.000000000000000 ) ;
#1016 = EDGE_LOOP ( 'NONE', ( #7391, #8615, #6986, #6493 ) ) ;
#1017 = CARTESIAN_POINT ( 'NONE',  ( 1.580000000000000071, -4.337947837308999688, 6.330399858456999596 ) ) ;
#1018 = ORIENTED_EDGE ( 'NONE', *, *, #2795, .F. ) ;
#1019 = DIRECTION ( 'NONE',  ( 0.000000000000000000, 1.000000000000000000, 0.000000000000000000 ) ) ;
#1020 = AXIS2_PLACEMENT_3D ( 'NONE', #8449, #4715, #4883 ) ;
#1021 = ORIENTED_EDGE ( 'NONE', *, *, #6585, .F. ) ;
#1022 = DIRECTION ( 'NONE',  ( 0.000000000000000000, 0.000000000000000000, -1.000000000000000000 ) ) ;
#1023 = ADVANCED_FACE ( 'NONE', ( #485 ), #4902, .F. ) ;
#1024 = CARTESIAN_POINT ( 'NONE',  ( -0.3600000000000000422, -9.330679945108999007, 7.125000000000000000 ) ) ;
#1025 = DIRECTION ( 'NONE',  ( -1.000000000000000000, 0.000000000000000000, 0.000000000000000000 ) ) ;
#1026 = VECTOR ( 'NONE', #6931, 1000.000000000000000 ) ;
#1027 = VERTEX_POINT ( 'NONE', #542 ) ;
#1028 = DIRECTION ( 'NONE',  ( 1.000000000000000000, 0.000000000000000000, 0.000000000000000000 ) ) ;
#1029 = DIRECTION ( 'NONE',  ( -2.818573634768999933E-16, -1.000000000000000000, 0.000000000000000000 ) ) ;
#1030 = ORIENTED_EDGE ( 'NONE', *, *, #10292, .T. ) ;
#1031 = DIRECTION ( 'NONE',  ( 0.000000000000000000, 1.000000000000000000, -1.025596649647999987E-16 ) ) ;
#1032 = VERTEX_POINT ( 'NONE', #7386 ) ;
#1033 = ORIENTED_EDGE ( 'NONE', *, *, #2660, .F. ) ;
#1034 = ORIENTED_EDGE ( 'NONE', *, *, #3931, .T. ) ;
#1035 = DIRECTION ( 'NONE',  ( 0.000000000000000000, 1.000000000000000000, 0.000000000000000000 ) ) ;
#1036 = LINE ( 'NONE', #9690, #7913 ) ;
#1037 = EDGE_LOOP ( 'NONE', ( #6750, #7597, #4793, #8713, #7849, #1723, #10259, #622 ) ) ;
#1038 = ADVANCED_FACE ( 'NONE', ( #4037 ), #7552, .F. ) ;
#1039 = CARTESIAN_POINT ( 'NONE',  ( -1.279999999998999716, 1.555811304863000011, 0.2999999999999999889 ) ) ;
#1040 = ADVANCED_FACE ( 'NONE', ( #8473 ), #4101, .F. ) ;
#1041 = LINE ( 'NONE', #1955, #7125 ) ;
#1042 = DIRECTION ( 'NONE',  ( -1.172110456740999793E-16, 1.000000000000000000, -1.025596649647999987E-16 ) ) ;
#1043 = DIRECTION ( 'NONE',  ( 0.000000000000000000, 0.000000000000000000, 1.000000000000000000 ) ) ;
#1044 = LINE ( 'NONE', #4536, #1841 ) ;
#1045 = ADVANCED_FACE ( 'NONE', ( #1635 ), #6110, .F. ) ;
#1046 = ORIENTED_EDGE ( 'NONE', *, *, #9428, .F. ) ;
#1047 = DIRECTION ( 'NONE',  ( 0.000000000000000000, 0.000000000000000000, 1.000000000000000000 ) ) ;
#1048 = ORIENTED_EDGE ( 'NONE', *, *, #8626, .T. ) ;
#1049 = ORIENTED_EDGE ( 'NONE', *, *, #2095, .F. ) ;
#1050 = DIRECTION ( 'NONE',  ( -1.000000000000000000, -1.284980352574999780E-16, 0.000000000000000000 ) ) ;
#1051 = ORIENTED_EDGE ( 'NONE', *, *, #6470, .F. ) ;
#1052 = CARTESIAN_POINT ( 'NONE',  ( -0.3600000000000000422, -8.830679945108999007, 6.924999999999999822 ) ) ;
#1053 = ADVANCED_FACE ( 'NONE', ( #7668 ), #722, .T. ) ;
#1054 = LINE ( 'NONE', #4664, #1569 ) ;
#1055 = CARTESIAN_POINT ( 'NONE',  ( -1.579999999998999982, 2.204999999999000426, -1.899999999998999822 ) ) ;
#1056 = LINE ( 'NONE', #177, #9735 ) ;
#1057 = EDGE_CURVE ( 'NONE', #5558, #2130, #8587, .T. ) ;
#1058 = DIRECTION ( 'NONE',  ( 0.000000000000000000, -1.000000000000000000, 0.000000000000000000 ) ) ;
#1059 = ORIENTED_EDGE ( 'NONE', *, *, #675, .T. ) ;
#1060 = CARTESIAN_POINT ( 'NONE',  ( 0.1000000000000000056, 0.7049999999990003152, -1.600000000000000089 ) ) ;
#1061 = CARTESIAN_POINT ( 'NONE',  ( -0.3599999999990000088, -4.829526559172999889, 2.425086503945000249 ) ) ;
#1062 = DIRECTION ( 'NONE',  ( 0.000000000000000000, 0.000000000000000000, -1.000000000000000000 ) ) ;
#1063 = VERTEX_POINT ( 'NONE', #9550 ) ;
#1064 = CARTESIAN_POINT ( 'NONE',  ( 1.579999999998999982, -1.545811304863999647, 0.05000000000000000278 ) ) ;
#1065 = LINE ( 'NONE', #3754, #85 ) ;
#1066 = ADVANCED_FACE ( 'NONE', ( #8534 ), #6969, .T. ) ;
#1067 = DIRECTION ( 'NONE',  ( 0.000000000000000000, -1.000000000000000000, 0.000000000000000000 ) ) ;
#1068 = ADVANCED_FACE ( 'NONE', ( #11261 ), #6056, .F. ) ;
#1069 = ORIENTED_EDGE ( 'NONE', *, *, #74, .T. ) ;
#1070 = DIRECTION ( 'NONE',  ( 0.000000000000000000, 1.000000000000000000, 0.000000000000000000 ) ) ;
#1071 = ORIENTED_EDGE ( 'NONE', *, *, #5787, .T. ) ;
#1072 = DIRECTION ( 'NONE',  ( 1.215473287538999910E-16, 0.000000000000000000, 1.000000000000000000 ) ) ;
#1073 = ORIENTED_EDGE ( 'NONE', *, *, #5, .T. ) ;
#1074 = AXIS2_PLACEMENT_3D ( 'NONE', #1782, #869, #4365 ) ;
#1075 = CARTESIAN_POINT ( 'NONE',  ( -1.580000000000000071, -4.571077182464999389, 3.395675242495999946 ) ) ;
#1076 = CARTESIAN_POINT ( 'NONE',  ( 1.080000000000000071, 3.804999999999000071, 4.915278589676999488 ) ) ;
#1077 = DIRECTION ( 'NONE',  ( -2.487778908865945165E-16, -0.5000000000001899592, -0.8660254037843289066 ) ) ;
#1078 = VECTOR ( 'NONE', #11139, 1000.000000000000000 ) ;
#1079 = VERTEX_POINT ( 'NONE', #7726 ) ;
#1080 = ADVANCED_FACE ( 'NONE', ( #5248 ), #887, .F. ) ;
#1081 = LINE ( 'NONE', #2913, #1905 ) ;
#1082 = CARTESIAN_POINT ( 'NONE',  ( -0.3600000000000000422, -8.830679945108999007, 4.924999999999999822 ) ) ;
#1083 = EDGE_LOOP ( 'NONE', ( #511, #5571, #3601, #7207 ) ) ;
#1084 = CARTESIAN_POINT ( 'NONE',  ( 0.1000000000000000056, -2.944999999999999840, 0.000000000000000000 ) ) ;
#1085 = VERTEX_POINT ( 'NONE', #10231 ) ;
#1086 = VERTEX_POINT ( 'NONE', #2378 ) ;
#1087 = VERTEX_POINT ( 'NONE', #6000 ) ;
#1088 = CARTESIAN_POINT ( 'NONE',  ( 1.279999999998999716, 2.204999999999000426, -1.899999999998999822 ) ) ;
#1089 = DIRECTION ( 'NONE',  ( 0.000000000000000000, 0.000000000000000000, 1.000000000000000000 ) ) ;
#1090 = CARTESIAN_POINT ( 'NONE',  ( -1.279999999998999716, -1.545000000000999796, -1.899999999998999822 ) ) ;
#1092 = CARTESIAN_POINT ( 'NONE',  ( -1.430000000000000160, -4.571077182464999389, 5.654324757502999788 ) ) ;
#1091 = AXIS2_PLACEMENT_3D ( 'NONE', #1785, #6202, #8042 ) ;
#1093 = LINE ( 'NONE', #9810, #3122 ) ;
#1094 = CARTESIAN_POINT ( 'NONE',  ( -0.9817789317309998376, -6.329612395372000044, 3.242520405653000370 ) ) ;
#1095 = FACE_OUTER_BOUND ( 'NONE', #6530, .T. ) ;
#1096 = ORIENTED_EDGE ( 'NONE', *, *, #10871, .F. ) ;
#1097 = ADVANCED_FACE ( 'NONE', ( #6917 ), #11202, .F. ) ;
#1098 = EDGE_CURVE ( 'NONE', #8915, #8834, #10401, .T. ) ;
#1099 = VECTOR ( 'NONE', #9013, 1000.000000000000000 ) ;
#1100 = VERTEX_POINT ( 'NONE', #2546 ) ;
#1101 = ORIENTED_EDGE ( 'NONE', *, *, #5434, .T. ) ;
#1102 = CARTESIAN_POINT ( 'NONE',  ( -1.280000000000000027, -6.942054513798999515, 3.302116894274999659 ) ) ;
#1103 = EDGE_LOOP ( 'NONE', ( #10736, #3184, #3804, #5432 ) ) ;
#1104 = ADVANCED_FACE ( 'NONE', ( #3357 ), #5024, .T. ) ;
#1105 = CARTESIAN_POINT ( 'NONE',  ( -0.3600000000000000422, -4.830679945108999895, 4.125000000000000000 ) ) ;
#1106 = CARTESIAN_POINT ( 'NONE',  ( -0.09999999999899999992, 2.304999999999000515, -1.600000000000000089 ) ) ;
#1107 = PLANE ( 'NONE',  #9373 ) ;
#1108 = CLOSED_SHELL ( 'NONE', ( #9546, #9859, #6277, #125, #10580, #103 ) ) ;
#1109 = AXIS2_PLACEMENT_3D ( 'NONE', #203, #315, #7218 ) ;
#1110 = EDGE_CURVE ( 'NONE', #5852, #9573, #8647, .T. ) ;
#1111 = DIRECTION ( 'NONE',  ( 0.000000000000000000, 0.000000000000000000, -1.000000000000000000 ) ) ;
#1112 = EDGE_CURVE ( 'NONE', #4308, #917, #11091, .T. ) ;
#1113 = ORIENTED_EDGE ( 'NONE', *, *, #1238, .T. ) ;
#1114 = PLANE ( 'NONE',  #8144 ) ;
#1115 = DIRECTION ( 'NONE',  ( 0.8990754936489593341, -0.4377936234344672606, -4.746567976289070610E-16 ) ) ;
#1116 = DIRECTION ( 'NONE',  ( 0.000000000000000000, -1.000000000000000000, 0.000000000000000000 ) ) ;
#1117 = VECTOR ( 'NONE', #4068, 1000.000000000000000 ) ;
#1118 = EDGE_LOOP ( 'NONE', ( #2847, #2104, #1476, #6358 ) ) ;
#1119 = CONICAL_SURFACE ( 'NONE', #6237, 0.9000000000000000222, 0.7853981633970000820 ) ;
#1120 = EDGE_CURVE ( 'NONE', #3539, #4511, #2496, .T. ) ;
#1121 = DIRECTION ( 'NONE',  ( 1.000000000000000000, -1.239088197125999924E-16, 0.000000000000000000 ) ) ;
#1122 = LINE ( 'NONE', #4622, #4117 ) ;
#1123 = VECTOR ( 'NONE', #8458, 1000.000000000000000 ) ;
#1124 = DIRECTION ( 'NONE',  ( 0.000000000000000000, -1.000000000000000000, 0.000000000000000000 ) ) ;
#1125 = LINE ( 'NONE', #4623, #8463 ) ;
#1126 = VECTOR ( 'NONE', #3771, 1000.000000000000000 ) ;
#1127 = VECTOR ( 'NONE', #6570, 1000.000000000000000 ) ;
#1128 = ADVANCED_FACE ( 'NONE', ( #3244 ), #3466, .T. ) ;
#1129 =( GEOMETRIC_REPRESENTATION_CONTEXT ( 3 ) GLOBAL_UNCERTAINTY_ASSIGNED_CONTEXT ( ( #7665 ) ) GLOBAL_UNIT_ASSIGNED_CONTEXT ( ( #5169, #11293, #2580 ) ) REPRESENTATION_CONTEXT ( 'NONE', 'WORKASPACE' ) );
#1130 = EDGE_LOOP ( 'NONE', ( #9538, #8204, #3274, #638 ) ) ;
#1131 = CARTESIAN_POINT ( 'NONE',  ( 1.580000000000000071, -8.294999999999999929, 3.399999999998999822 ) ) ;
#1132 = ORIENTED_EDGE ( 'NONE', *, *, #1737, .T. ) ;
#1133 = DIRECTION ( 'NONE',  ( 1.000000000000000000, 0.000000000000000000, 1.807003620808999850E-16 ) ) ;
#1134 = ORIENTED_EDGE ( 'NONE', *, *, #10495, .T. ) ;
#1135 = EDGE_CURVE ( 'NONE', #9426, #8363, #6804, .T. ) ;
#1136 = LINE ( 'NONE', #8993, #10730 ) ;
#1137 = VECTOR ( 'NONE', #5212, 1000.000000000000114 ) ;
#1138 = CARTESIAN_POINT ( 'NONE',  ( -1.430000000000000160, -4.337947837308999688, 5.654324757502999788 ) ) ;
#1139 = CARTESIAN_POINT ( 'NONE',  ( 1.580000000000000071, -8.294999999999999929, 2.249999999998999911 ) ) ;
#1140 = ORIENTED_EDGE ( 'NONE', *, *, #9161, .F. ) ;
#1141 = DIRECTION ( 'NONE',  ( -1.000000000000000000, 0.000000000000000000, 1.215473287538999910E-16 ) ) ;
#1142 = ORIENTED_EDGE ( 'NONE', *, *, #62, .F. ) ;
#1143 = LINE ( 'NONE', #3825, #5947 ) ;
#1144 = VECTOR ( 'NONE', #129, 1000.000000000000000 ) ;
#1145 = ORIENTED_EDGE ( 'NONE', *, *, #2134, .F. ) ;
#1146 = VERTEX_POINT ( 'NONE', #9035 ) ;
#1147 = ORIENTED_EDGE ( 'NONE', *, *, #8046, .T. ) ;
#1148 = DIRECTION ( 'NONE',  ( 0.000000000000000000, 0.000000000000000000, 1.000000000000000000 ) ) ;
#1149 = DIRECTION ( 'NONE',  ( 1.393178489863000032E-31, -1.084202172484999957E-15, 1.000000000000000000 ) ) ;
#1150 = CARTESIAN_POINT ( 'NONE',  ( -0.3499999999999999778, -4.830679945108999895, 4.125000000000000000 ) ) ;
#1151 = DIRECTION ( 'NONE',  ( 1.075827036997393753E-16, 0.9848077530123608980, 0.1736481776660634968 ) ) ;
#1152 = CARTESIAN_POINT ( 'NONE',  ( 1.280000000000000027, -8.294999999999999929, 6.749999999998999911 ) ) ;
#1153 = CARTESIAN_POINT ( 'NONE',  ( 0.3499999999989999999, -8.831833331044999014, 2.124913496054000372 ) ) ;
#1154 = DIRECTION ( 'NONE',  ( 0.000000000000000000, -0.9969206697117722893, -0.07841669657306082897 ) ) ;
#1155 = VECTOR ( 'NONE', #471, 1000.000000000000000 ) ;
#1156 = ORIENTED_EDGE ( 'NONE', *, *, #1312, .T. ) ;
#1157 = LINE ( 'NONE', #2988, #6337 ) ;
#1158 = ORIENTED_EDGE ( 'NONE', *, *, #10304, .F. ) ;
#1159 = ORIENTED_EDGE ( 'NONE', *, *, #4060, .F. ) ;
#1160 = CARTESIAN_POINT ( 'NONE',  ( 1.430000000000000160, -4.337947837308999688, 6.330399858456999596 ) ) ;
#1161 = ORIENTED_EDGE ( 'NONE', *, *, #10857, .T. ) ;
#1162 = CARTESIAN_POINT ( 'NONE',  ( -0.3799999999990000266, -9.694999999999998508, 1.249999999998999911 ) ) ;
#1163 = DIRECTION ( 'NONE',  ( 1.000000000000000000, 0.000000000000000000, 1.215473287538999910E-16 ) ) ;
#1164 = EDGE_CURVE ( 'NONE', #4527, #2594, #8125, .T. ) ;
#1165 = DIRECTION ( 'NONE',  ( 1.807003620808999850E-16, 0.000000000000000000, 1.000000000000000000 ) ) ;
#1166 = LINE ( 'NONE', #126, #7369 ) ;
#1167 = VECTOR ( 'NONE', #3610, 1000.000000000000000 ) ;
#1168 = FACE_OUTER_BOUND ( 'NONE', #1707, .T. ) ;
#1169 = CARTESIAN_POINT ( 'NONE',  ( -0.3600000000000000422, -9.330679945108999007, 5.924999999999999822 ) ) ;
#1170 = VECTOR ( 'NONE', #9718, 1000.000000000000000 ) ;
#1171 = DIRECTION ( 'NONE',  ( 1.112825628694423101E-16, 0.8660254037843290176, -0.5000000000001900702 ) ) ;
#1172 = CARTESIAN_POINT ( 'NONE',  ( -0.3799999999990000266, -3.894999999999999574, 0.04999999999899999714 ) ) ;
#1173 = ORIENTED_EDGE ( 'NONE', *, *, #1183, .T. ) ;
#1174 = DIRECTION ( 'NONE',  ( 1.075827036997393753E-16, 0.9848077530123608980, 0.1736481776660634968 ) ) ;
#1175 = CARTESIAN_POINT ( 'NONE',  ( 1.280000000000000027, -3.894999999999999574, 8.000000000000000000 ) ) ;
#1176 = VECTOR ( 'NONE', #9908, 1000.000000000000000 ) ;
#1177 = PRESENTATION_LAYER_ASSIGNMENT (  '', '', ( #4288 ) ) ;
#1178 = EDGE_CURVE ( 'NONE', #1492, #5966, #9711, .T. ) ;
#1179 =( NAMED_UNIT ( * ) SI_UNIT ( $, .STERADIAN. ) SOLID_ANGLE_UNIT ( ) );
#1180 = ADVANCED_FACE ( 'NONE', ( #6218 ), #5298, .F. ) ;
#1181 = DIRECTION ( 'NONE',  ( -1.807003620808999850E-16, 0.000000000000000000, -1.000000000000000000 ) ) ;
#1182 = VECTOR ( 'NONE', #9594, 1000.000000000000000 ) ;
#1183 = EDGE_CURVE ( 'NONE', #2044, #9871, #7893, .T. ) ;
#1184 = ORIENTED_EDGE ( 'NONE', *, *, #820, .F. ) ;
#1185 = FACE_OUTER_BOUND ( 'NONE', #1846, .T. ) ;
#1186 = ORIENTED_EDGE ( 'NONE', *, *, #11050, .F. ) ;
#1187 = CARTESIAN_POINT ( 'NONE',  ( 1.280000000000000027, 3.504999999999000249, 8.000000000000000000 ) ) ;
#1188 = ORIENTED_EDGE ( 'NONE', *, *, #4110, .F. ) ;
#1189 = VECTOR ( 'NONE', #3560, 1000.000000000000000 ) ;
#1190 = LINE ( 'NONE', #2853, #10905 ) ;
#1191 = VECTOR ( 'NONE', #8418, 1000.000000000000000 ) ;
#1192 = CARTESIAN_POINT ( 'NONE',  ( 0.000000000000000000, -2.944999999999999840, -1.600000000000000089 ) ) ;
#1193 = CARTESIAN_POINT ( 'NONE',  ( -1.280000000000000027, -8.294999999999999929, 6.749999999998999911 ) ) ;
#1194 = EDGE_CURVE ( 'NONE', #4919, #546, #246, .T. ) ;
#1195 = VECTOR ( 'NONE', #8040, 1000.000000000000000 ) ;
#1196 = EDGE_LOOP ( 'NONE', ( #11286, #5043, #1609, #3812, #9399, #6204, #9554, #8726, #3428, #7050, #6085, #3481 ) ) ;
#1197 = CARTESIAN_POINT ( 'NONE',  ( 0.3599999999990000088, -9.330679945108999007, 1.925000000000000044 ) ) ;
#1198 = ORIENTED_EDGE ( 'NONE', *, *, #10444, .F. ) ;
#1199 = CARTESIAN_POINT ( 'NONE',  ( -0.3499999999989999999, -8.830679945108999007, 2.925000000000000266 ) ) ;
#1200 = ORIENTED_EDGE ( 'NONE', *, *, #10031, .T. ) ;
#1201 = ORIENTED_EDGE ( 'NONE', *, *, #4265, .F. ) ;
#1202 = ORIENTED_EDGE ( 'NONE', *, *, #1894, .T. ) ;
#1203 = DIRECTION ( 'NONE',  ( 0.000000000000000000, 0.000000000000000000, 1.000000000000000000 ) ) ;
#1204 = CARTESIAN_POINT ( 'NONE',  ( 1.579999999998999982, 2.555000000000000160, -1.899999999998999822 ) ) ;
#1205 = LINE ( 'NONE', #4702, #10060 ) ;
#1206 = VECTOR ( 'NONE', #2416, 1000.000000000000000 ) ;
#1207 = DIRECTION ( 'NONE',  ( 1.000000000000000000, 0.000000000000000000, 0.000000000000000000 ) ) ;
#1208 = CARTESIAN_POINT ( 'NONE',  ( 1.580000000000000071, -8.040372661637999130, 3.399999999998999822 ) ) ;
#1209 = COLOUR_RGB ( '',0.7921568627450980005, 0.8196078431372548767, 0.9333333333333333481 ) ;
#1210 = CARTESIAN_POINT ( 'NONE',  ( 1.580000000000000071, -7.894999999999999574, 3.749999999998999911 ) ) ;
#1211 = EDGE_CURVE ( 'NONE', #10709, #7510, #2778, .T. ) ;
#1212 = EDGE_CURVE ( 'NONE', #2155, #1557, #9882, .T. ) ;
#1213 = ORIENTED_EDGE ( 'NONE', *, *, #4617, .T. ) ;
#1214 = VECTOR ( 'NONE', #1952, 1000.000000000000000 ) ;
#1215 = ORIENTED_EDGE ( 'NONE', *, *, #482, .F. ) ;
#1216 = EDGE_LOOP ( 'NONE', ( #2859, #972, #10483, #4935 ) ) ;
#1217 = DIRECTION ( 'NONE',  ( -1.215473287538999910E-16, 0.000000000000000000, 1.000000000000000000 ) ) ;
#1218 = VERTEX_POINT ( 'NONE', #1799 ) ;
#1219 = LINE ( 'NONE', #237, #3911 ) ;
#1220 = DIRECTION ( 'NONE',  ( 1.704914861736844513E-16, 0.3420201433253704515, 0.9396926207860168967 ) ) ;
#1221 = DIRECTION ( 'NONE',  ( 1.172110456740999793E-16, 1.000000000000000000, -1.025596649647999987E-16 ) ) ;
#1222 = DIRECTION ( 'NONE',  ( 1.215473287538999910E-16, 0.000000000000000000, -1.000000000000000000 ) ) ;
#1223 = DIRECTION ( 'NONE',  ( 0.000000000000000000, 0.000000000000000000, 1.000000000000000000 ) ) ;
#1224 = CARTESIAN_POINT ( 'NONE',  ( -1.280000000000000027, 3.504999999999000249, 8.000000000000000000 ) ) ;
#1225 = EDGE_CURVE ( 'NONE', #1492, #9602, #8977, .T. ) ;
#1226 = CARTESIAN_POINT ( 'NONE',  ( 0.3499999999999999778, -4.830679945108999895, 3.924999999999999822 ) ) ;
#1227 = CARTESIAN_POINT ( 'NONE',  ( 1.280000000000000027, -7.894999999999999574, 3.749999999998999911 ) ) ;
#1228 = PLANE ( 'NONE',  #5695 ) ;
#1229 = VERTEX_POINT ( 'NONE', #10744 ) ;
#1230 = LINE ( 'NONE', #2090, #10133 ) ;
#1231 = CARTESIAN_POINT ( 'NONE',  ( 0.3600000000000000422, -4.830679945108999895, 4.424999999998999733 ) ) ;
#1232 = DIRECTION ( 'NONE',  ( -0.8990754936489593341, 0.4377936234344672051, 4.746567976289071596E-16 ) ) ;
#1233 = CARTESIAN_POINT ( 'NONE',  ( 1.580000000000000071, -8.294999999999999929, 3.749999999998999911 ) ) ;
#1234 = VERTEX_POINT ( 'NONE', #8064 ) ;
#1235 = CARTESIAN_POINT ( 'NONE',  ( 1.279999999998999716, 1.555811304863000011, 0.05000000000000000278 ) ) ;
#1236 = ADVANCED_FACE ( 'NONE', ( #9772 ), #7205, .F. ) ;
#1237 = LINE ( 'NONE', #10968, #5938 ) ;
#1238 = EDGE_CURVE ( 'NONE', #3613, #4655, #5420, .T. ) ;
#1239 = VERTEX_POINT ( 'NONE', #8928 ) ;
#1240 = CARTESIAN_POINT ( 'NONE',  ( -1.580000000000000071, -8.294999999999999929, 6.399999999999000266 ) ) ;
#1241 = VERTEX_POINT ( 'NONE', #947 ) ;
#1242 = DIRECTION ( 'NONE',  ( 1.000000000000000000, 0.000000000000000000, 0.000000000000000000 ) ) ;
#1243 = ORIENTED_EDGE ( 'NONE', *, *, #10774, .F. ) ;
#1244 = CARTESIAN_POINT ( 'NONE',  ( 0.3600000000000000422, -5.330679945108999007, 7.125000000000000000 ) ) ;
#1245 = FACE_OUTER_BOUND ( 'NONE', #3489, .T. ) ;
#1246 = VERTEX_POINT ( 'NONE', #10686 ) ;
#1247 = EDGE_CURVE ( 'NONE', #2708, #6382, #7032, .T. ) ;
#1248 = ORIENTED_EDGE ( 'NONE', *, *, #7304, .F. ) ;
#1249 = CARTESIAN_POINT ( 'NONE',  ( 1.280000000000000027, 2.385829949784000537, 4.915278589676999488 ) ) ;
#1250 = ORIENTED_EDGE ( 'NONE', *, *, #1283, .F. ) ;
#1251 = ORIENTED_EDGE ( 'NONE', *, *, #6872, .T. ) ;
#1252 = EDGE_LOOP ( 'NONE', ( #7384, #2597, #4637, #2537 ) ) ;
#1253 = LINE ( 'NONE', #5559, #3040 ) ;
#1254 = EDGE_CURVE ( 'NONE', #3814, #11161, #2719, .T. ) ;
#1255 = CARTESIAN_POINT ( 'NONE',  ( -0.09999999999899999992, -2.944999999999999840, -1.600000000000000089 ) ) ;
#1256 = DIRECTION ( 'NONE',  ( -1.299091332659999954E-16, -1.000000000000000000, 0.000000000000000000 ) ) ;
#1257 = LINE ( 'NONE', #5564, #5484 ) ;
#1258 = AXIS2_PLACEMENT_3D ( 'NONE', #2489, #1630, #7773 ) ;
#1259 = CARTESIAN_POINT ( 'NONE',  ( 1.280000000000000027, -8.294999999999999929, 5.599999999998999556 ) ) ;
#1260 = VERTEX_POINT ( 'NONE', #1007 ) ;
#1261 = LINE ( 'NONE', #10729, #2304 ) ;
#1262 = VERTEX_POINT ( 'NONE', #9829 ) ;
#1263 = VECTOR ( 'NONE', #11128, 1000.000000000000000 ) ;
#1264 = VERTEX_POINT ( 'NONE', #8807 ) ;
#1265 = DIRECTION ( 'NONE',  ( 0.000000000000000000, 1.084202172487689973E-15, -1.000000000000000000 ) ) ;
#1266 = ORIENTED_EDGE ( 'NONE', *, *, #391, .F. ) ;
#1267 = EDGE_CURVE ( 'NONE', #9210, #3827, #4503, .T. ) ;
#1268 = DIRECTION ( 'NONE',  ( 0.000000000000000000, -1.000000000000000000, 0.000000000000000000 ) ) ;
#1269 = LINE ( 'NONE', #7367, #3937 ) ;
#1270 = CARTESIAN_POINT ( 'NONE',  ( 0.3499999999989999999, -9.330679945108999007, 7.125000000000000000 ) ) ;
#1271 = DIRECTION ( 'NONE',  ( -1.000000000000000000, 0.000000000000000000, 1.215473287538999910E-16 ) ) ;
#1272 = VECTOR ( 'NONE', #8210, 1000.000000000000000 ) ;
#1273 = FACE_OUTER_BOUND ( 'NONE', #2002, .T. ) ;
#1274 = CARTESIAN_POINT ( 'NONE',  ( -2.308415123535999758, -7.685679981712000064, 5.599999999998999556 ) ) ;
#1275 = DIRECTION ( 'NONE',  ( 0.03815622842002980297, 0.07835959243506115945, 0.9961946980917784078 ) ) ;
#1276 = CARTESIAN_POINT ( 'NONE',  ( 0.3600000000000000422, -8.830679945108999007, 4.924999999999999822 ) ) ;
#1277 = CARTESIAN_POINT ( 'NONE',  ( 1.279999999998999716, 1.904999999999000382, -1.899999999998999822 ) ) ;
#1278 = ORIENTED_EDGE ( 'NONE', *, *, #1391, .F. ) ;
#1279 = DIRECTION ( 'NONE',  ( 0.000000000000000000, -1.000000000000000000, 0.000000000000000000 ) ) ;
#1280 = LINE ( 'NONE', #9314, #7800 ) ;
#1281 = VECTOR ( 'NONE', #3143, 1000.000000000000114 ) ;
#1282 = LINE ( 'NONE', #6462, #9194 ) ;
#1283 = EDGE_CURVE ( 'NONE', #699, #5163, #4446, .T. ) ;
#1284 = AXIS2_PLACEMENT_3D ( 'NONE', #4368, #10494, #6843 ) ;
#1285 = ORIENTED_EDGE ( 'NONE', *, *, #10495, .F. ) ;
#1286 = CARTESIAN_POINT ( 'NONE',  ( -1.279999999998999716, 1.904999999999000382, -0.8999999999990000443 ) ) ;
#1287 = AXIS2_PLACEMENT_3D ( 'NONE', #10724, #6316, #8158 ) ;
#1288 = FACE_OUTER_BOUND ( 'NONE', #10375, .T. ) ;
#1289 = AXIS2_PLACEMENT_3D ( 'NONE', #7839, #5299, #10459 ) ;
#1290 = VERTEX_POINT ( 'NONE', #6340 ) ;
#1291 = CARTESIAN_POINT ( 'NONE',  ( 0.1000000000000000056, 2.304999999999000515, -1.600000000000000089 ) ) ;
#1292 = VERTEX_POINT ( 'NONE', #10625 ) ;
#1293 = LINE ( 'NONE', #2158, #10547 ) ;
#1294 = ORIENTED_EDGE ( 'NONE', *, *, #10358, .T. ) ;
#1295 = VECTOR ( 'NONE', #2687, 1000.000000000000114 ) ;
#1296 = LINE ( 'NONE', #5659, #9921 ) ;
#1297 = EDGE_CURVE ( 'NONE', #8078, #4395, #3585, .T. ) ;
#1298 = VECTOR ( 'NONE', #8168, 1000.000000000000000 ) ;
#1299 = PLANE ( 'NONE',  #765 ) ;
#1300 = VERTEX_POINT ( 'NONE', #1978 ) ;
#1301 = ORIENTED_EDGE ( 'NONE', *, *, #8284, .T. ) ;
#1302 = CARTESIAN_POINT ( 'NONE',  ( 0.1000000000000000056, -0.2950000000009997403, -1.600000000000000089 ) ) ;
#1303 = EDGE_LOOP ( 'NONE', ( #489, #6954, #643, #7128 ) ) ;
#1304 = VECTOR ( 'NONE', #3701, 1000.000000000000000 ) ;
#1305 = ORIENTED_EDGE ( 'NONE', *, *, #1735, .F. ) ;
#1306 = VERTEX_POINT ( 'NONE', #3692 ) ;
#1307 = PLANE ( 'NONE',  #7445 ) ;
#1308 = CARTESIAN_POINT ( 'NONE',  ( -0.3600000000000000422, -9.330679945108999007, 7.424999999999999822 ) ) ;
#1309 = DIRECTION ( 'NONE',  ( -1.000000000000000000, 0.000000000000000000, 2.265767058393385022E-17 ) ) ;
#1310 = PLANE ( 'NONE',  #9879 ) ;
#1311 = ADVANCED_FACE ( 'NONE', ( #4616 ), #303, .T. ) ;
#1312 = EDGE_CURVE ( 'NONE', #5961, #3814, #5639, .T. ) ;
#1313 = LINE ( 'NONE', #5796, #5509 ) ;
#1314 = AXIS2_PLACEMENT_3D ( 'NONE', #7634, #5157, #3206 ) ;
#1315 = VERTEX_POINT ( 'NONE', #1494 ) ;
#1316 = EDGE_CURVE ( 'NONE', #731, #9895, #10260, .T. ) ;
#1317 = ORIENTED_EDGE ( 'NONE', *, *, #7242, .T. ) ;
#1318 = ORIENTED_EDGE ( 'NONE', *, *, #3065, .T. ) ;
#1319 = ORIENTED_EDGE ( 'NONE', *, *, #6120, .F. ) ;
#1320 = LINE ( 'NONE', #8220, #10274 ) ;
#1321 = ORIENTED_EDGE ( 'NONE', *, *, #1247, .T. ) ;
#1322 = PLANE ( 'NONE',  #6858 ) ;
#1323 = CARTESIAN_POINT ( 'NONE',  ( 0.3600000000000000422, -4.830679945108999895, 6.924999999999999822 ) ) ;
#1324 = AXIS2_PLACEMENT_3D ( 'NONE', #6336, #9826, #1111 ) ;
#1325 = SURFACE_STYLE_USAGE ( .BOTH. , #4716 ) ;
#1326 = ADVANCED_FACE ( 'NONE', ( #8504 ), #3856, .F. ) ;
#1327 = PLANE ( 'NONE',  #1860 ) ;
#1328 = LINE ( 'NONE', #2310, #7202 ) ;
#1329 = EDGE_CURVE ( 'NONE', #3259, #405, #2469, .T. ) ;
#1330 = CARTESIAN_POINT ( 'NONE',  ( 1.080000000000000071, 3.704999999998999982, 0.2999999999999999889 ) ) ;
#1331 = LINE ( 'NONE', #11081, #6426 ) ;
#1332 = DIRECTION ( 'NONE',  ( -1.000000000000000000, 0.000000000000000000, 0.000000000000000000 ) ) ;
#1333 = ORIENTED_EDGE ( 'NONE', *, *, #8284, .F. ) ;
#1334 = CARTESIAN_POINT ( 'NONE',  ( -0.5396645151600001356, 2.385829949784000537, 4.134721410322000246 ) ) ;
#1335 = DIRECTION ( 'NONE',  ( 1.000000000000000000, 0.000000000000000000, 0.000000000000000000 ) ) ;
#1336 = LINE ( 'NONE', #2148, #7496 ) ;
#1337 = DIRECTION ( 'NONE',  ( 0.000000000000000000, -1.000000000000000000, 0.000000000000000000 ) ) ;
#1338 = EDGE_CURVE ( 'NONE', #4937, #5218, #9994, .T. ) ;
#1339 = VECTOR ( 'NONE', #1174, 1000.000000000000114 ) ;
#1340 = EDGE_CURVE ( 'NONE', #10013, #5418, #3269, .T. ) ;
#1341 = EDGE_LOOP ( 'NONE', ( #1251, #7868, #4642, #5976 ) ) ;
#1342 = CARTESIAN_POINT ( 'NONE',  ( -1.257496438739000189, -3.894999999999999574, 8.000000000000000000 ) ) ;
#1343 = DIRECTION ( 'NONE',  ( 0.000000000000000000, 0.000000000000000000, -1.000000000000000000 ) ) ;
#1344 = VERTEX_POINT ( 'NONE', #1553 ) ;
#1345 = DIRECTION ( 'NONE',  ( 0.000000000000000000, 0.3420201433253704515, 0.9396926207860168967 ) ) ;
#1346 = AXIS2_PLACEMENT_3D ( 'NONE', #2545, #667, #5885 ) ;
#1347 = VECTOR ( 'NONE', #7111, 1000.000000000000000 ) ;
#1348 = EDGE_LOOP ( 'NONE', ( #5907, #3267, #446, #8810 ) ) ;
#1349 = FACE_BOUND ( 'NONE', #4287, .T. ) ;
#1350 = LINE ( 'NONE', #8365, #8715 ) ;
#1351 = VECTOR ( 'NONE', #1559, 1000.000000000000000 ) ;
#1352 = LINE ( 'NONE', #9959, #4437 ) ;
#1353 = CARTESIAN_POINT ( 'NONE',  ( -1.280000000000000027, -8.294999999999999929, 3.749999999998999911 ) ) ;
#1354 = ORIENTED_EDGE ( 'NONE', *, *, #7489, .F. ) ;
#1355 = VECTOR ( 'NONE', #8319, 1000.000000000000000 ) ;
#1356 = DIRECTION ( 'NONE',  ( 1.807003620808999850E-16, 0.000000000000000000, -1.000000000000000000 ) ) ;
#1357 = ORIENTED_EDGE ( 'NONE', *, *, #10670, .T. ) ;
#1358 = DIRECTION ( 'NONE',  ( 0.000000000000000000, 1.000000000000000000, 0.000000000000000000 ) ) ;
#1359 = EDGE_CURVE ( 'NONE', #11009, #8304, #5977, .T. ) ;
#1360 = VERTEX_POINT ( 'NONE', #7694 ) ;
#1361 = ORIENTED_EDGE ( 'NONE', *, *, #3008, .F. ) ;
#1362 = VERTEX_POINT ( 'NONE', #2141 ) ;
#1363 = DIRECTION ( 'NONE',  ( -1.807003620808999850E-16, 0.000000000000000000, -1.000000000000000000 ) ) ;
#1364 = DIRECTION ( 'NONE',  ( 0.000000000000000000, 0.000000000000000000, 1.000000000000000000 ) ) ;
#1365 = FACE_OUTER_BOUND ( 'NONE', #861, .T. ) ;
#1366 = DIRECTION ( 'NONE',  ( 0.000000000000000000, 0.000000000000000000, 1.000000000000000000 ) ) ;
#1367 = AXIS2_PLACEMENT_3D ( 'NONE', #3889, #2919, #2118 ) ;
#1368 = CARTESIAN_POINT ( 'NONE',  ( 0.3600000000000000422, -8.830679945108999007, 3.924999999999999822 ) ) ;
#1369 = VECTOR ( 'NONE', #7036, 1000.000000000000000 ) ;
#1370 = ORIENTED_EDGE ( 'NONE', *, *, #4275, .T. ) ;
#1371 = CARTESIAN_POINT ( 'NONE',  ( -1.430000000000000160, -4.337947837308999688, 5.654324757502999788 ) ) ;
#1372 = EDGE_LOOP ( 'NONE', ( #10431, #8898, #8166, #11343 ) ) ;
#1373 = ORIENTED_EDGE ( 'NONE', *, *, #6437, .F. ) ;
#1374 = ADVANCED_FACE ( 'NONE', ( #5856 ), #7374, .F. ) ;
#1375 = EDGE_CURVE ( 'NONE', #1478, #8926, #6774, .T. ) ;
#1376 = ORIENTED_EDGE ( 'NONE', *, *, #3226, .F. ) ;
#1377 = ORIENTED_EDGE ( 'NONE', *, *, #7221, .T. ) ;
#1378 = LINE ( 'NONE', #9130, #11 ) ;
#1379 = VECTOR ( 'NONE', #465, 1000.000000000000000 ) ;
#1380 = EDGE_LOOP ( 'NONE', ( #4570, #10933, #142, #2299 ) ) ;
#1381 = PLANE ( 'NONE',  #5030 ) ;
#1382 = DIRECTION ( 'NONE',  ( 0.000000000000000000, 1.000000000000000000, 0.000000000000000000 ) ) ;
#1383 = VECTOR ( 'NONE', #7413, 1000.000000000000000 ) ;
#1384 = LINE ( 'NONE', #3960, #3284 ) ;
#1385 = EDGE_CURVE ( 'NONE', #3943, #2733, #2410, .T. ) ;
#1386 = DIRECTION ( 'NONE',  ( -4.861730685828999686E-63, 1.000000000000000000, 1.219828459165000025E-15 ) ) ;
#1387 = VECTOR ( 'NONE', #8885, 1000.000000000000000 ) ;
#1388 = VERTEX_POINT ( 'NONE', #1226 ) ;
#1389 = DIRECTION ( 'NONE',  ( 1.000000000000000000, 1.284980352574999780E-16, 0.000000000000000000 ) ) ;
#1390 = CARTESIAN_POINT ( 'NONE',  ( -1.280000000000000027, -2.194999999999999840, -1.899999999998999822 ) ) ;
#1391 = EDGE_CURVE ( 'NONE', #6542, #10076, #639, .T. ) ;
#1392 = FACE_BOUND ( 'NONE', #9671, .T. ) ;
#1393 = CARTESIAN_POINT ( 'NONE',  ( 0.3499999999989999999, -4.830679945108999895, 4.625000000000000000 ) ) ;
#1394 = ORIENTED_EDGE ( 'NONE', *, *, #9187, .F. ) ;
#1395 = DIRECTION ( 'NONE',  ( 1.207486555170306395E-16, -0.9396926207860170077, -0.3420201433253705070 ) ) ;
#1396 = DIRECTION ( 'NONE',  ( 0.000000000000000000, 1.000000000000000000, 0.000000000000000000 ) ) ;
#1397 = DIRECTION ( 'NONE',  ( 0.000000000000000000, 1.000000000000000000, 0.000000000000000000 ) ) ;
#1398 = EDGE_CURVE ( 'NONE', #1229, #11336, #10849, .T. ) ;
#1399 = DIRECTION ( 'NONE',  ( 1.000000000000000000, 0.000000000000000000, 0.000000000000000000 ) ) ;
#1400 = ORIENTED_EDGE ( 'NONE', *, *, #9782, .F. ) ;
#1401 = CARTESIAN_POINT ( 'NONE',  ( 1.579999999998999982, 2.989999999999000568, -0.7048473225369999984 ) ) ;
#1402 = DIRECTION ( 'NONE',  ( 0.000000000000000000, -1.000000000000000000, 0.000000000000000000 ) ) ;
#1403 = VERTEX_POINT ( 'NONE', #3801 ) ;
#1404 = CARTESIAN_POINT ( 'NONE',  ( -1.280000000000000027, -2.194999999999999840, -1.899999999998999822 ) ) ;
#1405 = ORIENTED_EDGE ( 'NONE', *, *, #3700, .F. ) ;
#1406 = CARTESIAN_POINT ( 'NONE',  ( 0.1000000000000000056, 0.7049999999990003152, -1.600000000000000089 ) ) ;
#1407 = CARTESIAN_POINT ( 'NONE',  ( -0.3599999999990000088, -9.330679945108999007, 1.625000000000000000 ) ) ;
#1408 = EDGE_CURVE ( 'NONE', #10966, #8562, #4132, .T. ) ;
#1409 = DIRECTION ( 'NONE',  ( 1.807003620808999850E-16, 0.000000000000000000, -1.000000000000000000 ) ) ;
#1410 = EDGE_CURVE ( 'NONE', #6071, #5917, #7316, .T. ) ;
#1411 = PLANE ( 'NONE',  #2968 ) ;
#1412 = DIRECTION ( 'NONE',  ( -1.215473287538999910E-16, 0.000000000000000000, -1.000000000000000000 ) ) ;
#1413 = VERTEX_POINT ( 'NONE', #4074 ) ;
#1414 = CARTESIAN_POINT ( 'NONE',  ( -1.579999999998999982, -9.694999999999998508, 9.000000000000000000 ) ) ;
#1415 = VERTEX_POINT ( 'NONE', #9939 ) ;
#1416 = CARTESIAN_POINT ( 'NONE',  ( 0.3800000000000000044, -9.544999999998998064, 0.3499999999989999999 ) ) ;
#1417 = ORIENTED_EDGE ( 'NONE', *, *, #7502, .T. ) ;
#1418 = ORIENTED_EDGE ( 'NONE', *, *, #3023, .F. ) ;
#1419 = ORIENTED_EDGE ( 'NONE', *, *, #6153, .F. ) ;
#1420 = CARTESIAN_POINT ( 'NONE',  ( -1.430000000000000160, -9.694999999999998508, 7.799999999998999733 ) ) ;
#1421 = LINE ( 'NONE', #2286, #11246 ) ;
#1422 = DIRECTION ( 'NONE',  ( -1.075827036997393753E-16, -0.9848077530123608980, 0.1736481776660634968 ) ) ;
#1423 = CARTESIAN_POINT ( 'NONE',  ( -7.801799543234999691E-31, -2.945000000000005613, 5.599999999999999645 ) ) ;
#1424 = CARTESIAN_POINT ( 'NONE',  ( 0.3599999999990000088, -8.830679945108999007, 2.625000000000000000 ) ) ;
#1425 = ADVANCED_FACE ( 'NONE', ( #9088 ), #9140, .T. ) ;
#1426 = VERTEX_POINT ( 'NONE', #10205 ) ;
#1427 =( NAMED_UNIT ( * ) SI_UNIT ( $, .STERADIAN. ) SOLID_ANGLE_UNIT ( ) );
#1428 = VERTEX_POINT ( 'NONE', #6027 ) ;
#1429 = ORIENTED_EDGE ( 'NONE', *, *, #9149, .T. ) ;
#1430 = VERTEX_POINT ( 'NONE', #11228 ) ;
#1431 = ORIENTED_EDGE ( 'NONE', *, *, #7501, .T. ) ;
#1432 = DIRECTION ( 'NONE',  ( 0.000000000000000000, 0.5000000000001899592, -0.8660254037843289066 ) ) ;
#1433 = ORIENTED_EDGE ( 'NONE', *, *, #2112, .T. ) ;
#1434 = CARTESIAN_POINT ( 'NONE',  ( 1.251501579824999988, -6.198274308341999550, 2.757479594345999985 ) ) ;
#1436 = CARTESIAN_POINT ( 'NONE',  ( -1.251501579824999988, -6.198274308341999550, 2.600000000000000089 ) ) ;
#1435 = AXIS2_PLACEMENT_3D ( 'NONE', #10170, #7435, #3064 ) ;
#1437 = DIRECTION ( 'NONE',  ( 1.000000000000000000, 0.000000000000000000, 0.000000000000000000 ) ) ;
#1438 = CARTESIAN_POINT ( 'NONE',  ( 1.280000000000000027, -3.894999999999999574, 4.134721410322000246 ) ) ;
#1439 = EDGE_CURVE ( 'NONE', #9698, #7467, #4250, .T. ) ;
#1440 = ORIENTED_EDGE ( 'NONE', *, *, #5320, .T. ) ;
#1441 = FACE_OUTER_BOUND ( 'NONE', #768, .T. ) ;
#1442 = VECTOR ( 'NONE', #5452, 1000.000000000000114 ) ;
#1443 = AXIS2_PLACEMENT_3D ( 'NONE', #10539, #3490, #8837 ) ;
#1444 = CARTESIAN_POINT ( 'NONE',  ( 1.580000000000000071, -2.544188695136999634, 0.05000000000000000278 ) ) ;
#1445 = DIRECTION ( 'NONE',  ( -0.000000000000000000, 1.000000000000000000, 0.000000000000000000 ) ) ;
#1446 = CARTESIAN_POINT ( 'NONE',  ( -1.251501579824999988, -6.198274308341999550, 5.599999999999999645 ) ) ;
#1447 = EDGE_LOOP ( 'NONE', ( #9702, #4878, #5361, #11310 ) ) ;
#1448 = DIRECTION ( 'NONE',  ( -1.075827036997393753E-16, -0.9848077530123608980, 0.1736481776660634968 ) ) ;
#1449 = LINE ( 'NONE', #4783, #5582 ) ;
#1450 = DIRECTION ( 'NONE',  ( 0.000000000000000000, -1.734723475976000090E-15, 1.000000000000000000 ) ) ;
#1451 = VECTOR ( 'NONE', #11111, 1000.000000000000000 ) ;
#1452 = CARTESIAN_POINT ( 'NONE',  ( -1.280000000000000027, -6.942054513798999515, 6.302116894274999659 ) ) ;
#1453 = ADVANCED_FACE ( 'NONE', ( #7754 ), #1610, .F. ) ;
#1454 = ADVANCED_FACE ( 'NONE', ( #750 ), #10376, .F. ) ;
#1455 = UNCERTAINTY_MEASURE_WITH_UNIT (LENGTH_MEASURE( 1.000000000000000082E-05 ), #2036, 'distance_accuracy_value', 'NONE');
#1456 = ORIENTED_EDGE ( 'NONE', *, *, #10162, .F. ) ;
#1457 = DIRECTION ( 'NONE',  ( 0.000000000000000000, -5.382100923358999157E-17, -1.000000000000000000 ) ) ;
#1458 = DIRECTION ( 'NONE',  ( 0.4361276865241069944, 0.8956542399572199331, 0.08715574274702139745 ) ) ;
#1459 = ADVANCED_FACE ( 'NONE', ( #1168 ), #8176, .F. ) ;
#1460 = ORIENTED_EDGE ( 'NONE', *, *, #3594, .F. ) ;
#1461 = DIRECTION ( 'NONE',  ( 1.000000000000000000, 0.000000000000000000, 0.000000000000000000 ) ) ;
#1462 = ORIENTED_EDGE ( 'NONE', *, *, #5366, .T. ) ;
#1463 = FACE_OUTER_BOUND ( 'NONE', #388, .T. ) ;
#1464 = CARTESIAN_POINT ( 'NONE',  ( -1.279999999998999716, 1.904999999999000382, -1.899999999998999822 ) ) ;
#1465 = VECTOR ( 'NONE', #7907, 1000.000000000000000 ) ;
#1466 = CARTESIAN_POINT ( 'NONE',  ( -0.3499999999989999999, -9.330679945108999007, 3.124999999998999911 ) ) ;
#1467 = CARTESIAN_POINT ( 'NONE',  ( -0.9817789317309998376, -6.329612395372000044, 2.600000000000000089 ) ) ;
#1468 = EDGE_CURVE ( 'NONE', #10643, #5287, #9931, .T. ) ;
#1469 = VECTOR ( 'NONE', #4671, 1000.000000000000000 ) ;
#1470 = ADVANCED_FACE ( 'NONE', ( #2026 ), #9992, .F. ) ;
#1471 = ORIENTED_EDGE ( 'NONE', *, *, #9575, .F. ) ;
#1472 = DIRECTION ( 'NONE',  ( 1.000000000000000000, 0.000000000000000000, 0.000000000000000000 ) ) ;
#1473 = EDGE_CURVE ( 'NONE', #5558, #10013, #7372, .T. ) ;
#1474 = EDGE_LOOP ( 'NONE', ( #4696, #799, #11330, #3677 ) ) ;
#1475 = DIRECTION ( 'NONE',  ( -1.000000000000000000, 1.510487145370000116E-46, -1.393178489863000032E-31 ) ) ;
#1476 = ORIENTED_EDGE ( 'NONE', *, *, #2890, .F. ) ;
#1477 = VERTEX_POINT ( 'NONE', #9032 ) ;
#1478 = VERTEX_POINT ( 'NONE', #4718 ) ;
#1479 = FACE_OUTER_BOUND ( 'NONE', #6124, .T. ) ;
#1480 = AXIS2_PLACEMENT_3D ( 'NONE', #11167, #8771, #1547 ) ;
#1481 = AXIS2_PLACEMENT_3D ( 'NONE', #1866, #5047, #2676 ) ;
#1482 = FACE_OUTER_BOUND ( 'NONE', #11247, .T. ) ;
#1483 = DIRECTION ( 'NONE',  ( 0.000000000000000000, 1.000000000000000000, 0.000000000000000000 ) ) ;
#1484 = CARTESIAN_POINT ( 'NONE',  ( -0.3600000000000000422, -4.830679945108999895, 4.625000000000000000 ) ) ;
#1485 = LINE ( 'NONE', #1424, #10990 ) ;
#1486 = EDGE_CURVE ( 'NONE', #4505, #9397, #3689, .T. ) ;
#1487 = CIRCLE ( 'NONE', #4606, 0.1499999999989998778 ) ;
#1488 = VERTEX_POINT ( 'NONE', #301 ) ;
#1489 = CARTESIAN_POINT ( 'NONE',  ( 0.3600000000000000422, -8.830679945108999007, 4.625000000000000000 ) ) ;
#1490 = AXIS2_PLACEMENT_3D ( 'NONE', #8923, #3632, #7311 ) ;
#1491 = AXIS2_PLACEMENT_3D ( 'NONE', #979, #1149, #4530 ) ;
#1492 = VERTEX_POINT ( 'NONE', #5581 ) ;
#1493 = ORIENTED_EDGE ( 'NONE', *, *, #2375, .T. ) ;
#1494 = CARTESIAN_POINT ( 'NONE',  ( -1.430000000000000160, -4.337947837308999688, 2.719600141541999694 ) ) ;
#1495 = ORIENTED_EDGE ( 'NONE', *, *, #8698, .F. ) ;
#1496 = ORIENTED_EDGE ( 'NONE', *, *, #8028, .F. ) ;
#1497 = CARTESIAN_POINT ( 'NONE',  ( -0.3600000000000000422, -5.330679945108999007, 7.424999999999999822 ) ) ;
#1498 = ORIENTED_EDGE ( 'NONE', *, *, #11203, .F. ) ;
#1499 = CARTESIAN_POINT ( 'NONE',  ( 1.280000000000000027, 3.804999999999000071, 0.4000000000000000222 ) ) ;
#1500 = CARTESIAN_POINT ( 'NONE',  ( 0.3800000000000000044, -3.894999999999999574, 8.699999999999000977 ) ) ;
#1501 = VECTOR ( 'NONE', #6404, 1000.000000000000000 ) ;
#1502 = CARTESIAN_POINT ( 'NONE',  ( 1.430000000000000160, -4.571077182464999389, 3.395675242495999946 ) ) ;
#1503 = VECTOR ( 'NONE', #10475, 1000.000000000000000 ) ;
#1504 = FACE_OUTER_BOUND ( 'NONE', #5215, .T. ) ;
#1505 = EDGE_LOOP ( 'NONE', ( #5773, #6527, #3007, #7172 ) ) ;
#1506 = FACE_OUTER_BOUND ( 'NONE', #8019, .T. ) ;
#1507 = LINE ( 'NONE', #8727, #6121 ) ;
#1508 = CARTESIAN_POINT ( 'NONE',  ( 0.3600000000000000422, -4.830679945108999895, 3.924999999999999822 ) ) ;
#1509 = PLANE ( 'NONE',  #2474 ) ;
#1510 = AXIS2_PLACEMENT_3D ( 'NONE', #10906, #8287, #5697 ) ;
#1511 = ORIENTED_EDGE ( 'NONE', *, *, #7412, .T. ) ;
#1512 = EDGE_CURVE ( 'NONE', #10009, #10379, #10681, .T. ) ;
#1513 = DIRECTION ( 'NONE',  ( 0.000000000000000000, -1.000000000000000000, -1.084202172484999957E-15 ) ) ;
#1514 = FACE_OUTER_BOUND ( 'NONE', #6435, .T. ) ;
#1515 = LINE ( 'NONE', #8801, #3815 ) ;
#1516 = DIRECTION ( 'NONE',  ( 0.000000000000000000, -1.000000000000000000, 0.000000000000000000 ) ) ;
#1517 = VECTOR ( 'NONE', #3964, 1000.000000000000000 ) ;
#1518 = VERTEX_POINT ( 'NONE', #4668 ) ;
#1519 = DIRECTION ( 'NONE',  ( 0.000000000000000000, 0.000000000000000000, 1.000000000000000000 ) ) ;
#1520 = CARTESIAN_POINT ( 'NONE',  ( -1.279999999998999716, -2.044999999999999929, -0.8999999999990000443 ) ) ;
#1521 = DIRECTION ( 'NONE',  ( 0.000000000000000000, 1.000000000000000000, 2.168404344971000191E-15 ) ) ;
#1522 = EDGE_LOOP ( 'NONE', ( #7493, #745, #3525, #11044 ) ) ;
#1523 = EDGE_CURVE ( 'NONE', #374, #917, #242, .T. ) ;
#1524 = ADVANCED_FACE ( 'NONE', ( #8227 ), #9880, .T. ) ;
#1525 = CARTESIAN_POINT ( 'NONE',  ( 1.280000000000000027, -8.186453928403999214, 6.399999999999000266 ) ) ;
#1526 = CARTESIAN_POINT ( 'NONE',  ( 0.3800000000000000044, -3.894999999999999574, 1.249999999998999911 ) ) ;
#1527 = CARTESIAN_POINT ( 'NONE',  ( -1.279999999998999716, -3.894999999999999574, 4.383769826401000991 ) ) ;
#1528 = EDGE_CURVE ( 'NONE', #10959, #8855, #3909, .T. ) ;
#1529 = DIRECTION ( 'NONE',  ( 2.818573634768999933E-16, -1.000000000000000000, 0.000000000000000000 ) ) ;
#1530 = VECTOR ( 'NONE', #8301, 1000.000000000000000 ) ;
#1531 = VECTOR ( 'NONE', #2323, 1000.000000000000000 ) ;
#1532 = EDGE_LOOP ( 'NONE', ( #8518, #9339, #4816, #7120 ) ) ;
#1533 = CARTESIAN_POINT ( 'NONE',  ( 1.280000000000000027, -8.294999999999999929, 3.399999999998999822 ) ) ;
#1534 = ORIENTED_EDGE ( 'NONE', *, *, #2620, .F. ) ;
#1535 = LINE ( 'NONE', #5962, #2198 ) ;
#1536 = ORIENTED_EDGE ( 'NONE', *, *, #8698, .T. ) ;
#1537 = VECTOR ( 'NONE', #5764, 1000.000000000000000 ) ;
#1538 = ADVANCED_FACE ( 'NONE', ( #1974 ), #6510, .F. ) ;
#1539 = ORIENTED_EDGE ( 'NONE', *, *, #10699, .T. ) ;
#1540 = ORIENTED_EDGE ( 'NONE', *, *, #7811, .F. ) ;
#1541 = DIRECTION ( 'NONE',  ( -1.000000000000000000, 8.780394934309999745E-32, 0.000000000000000000 ) ) ;
#1542 = CARTESIAN_POINT ( 'NONE',  ( -0.3600000000000000422, -5.330679945108999007, 7.125000000000000000 ) ) ;
#1543 = AXIS2_PLACEMENT_3D ( 'NONE', #3883, #5667, #10879 ) ;
#1544 = CARTESIAN_POINT ( 'NONE',  ( 0.3600000000000000422, -5.330679945108999007, 5.924999999999999822 ) ) ;
#1545 = CARTESIAN_POINT ( 'NONE',  ( 0.3600000000000000422, -9.330679945108999007, 7.125000000000000000 ) ) ;
#1546 = EDGE_CURVE ( 'NONE', #10924, #10009, #3000, .T. ) ;
#1547 = DIRECTION ( 'NONE',  ( -1.807003620808999850E-16, 0.000000000000000000, 1.000000000000000000 ) ) ;
#1548 = AXIS2_PLACEMENT_3D ( 'NONE', #2186, #10155, #8337 ) ;
#1549 = ORIENTED_EDGE ( 'NONE', *, *, #6995, .T. ) ;
#1550 = DIRECTION ( 'NONE',  ( 1.215473287538999910E-16, 0.000000000000000000, 1.000000000000000000 ) ) ;
#1551 = ORIENTED_EDGE ( 'NONE', *, *, #5200, .F. ) ;
#1552 = ORIENTED_EDGE ( 'NONE', *, *, #9379, .T. ) ;
#1553 = CARTESIAN_POINT ( 'NONE',  ( -1.580000000000000071, -5.910051363132999391, 2.599999999999000000 ) ) ;
#1554 = ORIENTED_EDGE ( 'NONE', *, *, #3625, .F. ) ;
#1555 = ORIENTED_EDGE ( 'NONE', *, *, #6388, .F. ) ;
#1556 = FILL_AREA_STYLE ('',( #10210 ) ) ;
#1557 = VERTEX_POINT ( 'NONE', #10742 ) ;
#1558 = VECTOR ( 'NONE', #5909, 1000.000000000000000 ) ;
#1559 = DIRECTION ( 'NONE',  ( 1.000000000000000000, 1.284980352574999780E-16, 0.000000000000000000 ) ) ;
#1560 = CARTESIAN_POINT ( 'NONE',  ( 0.3599999999990000088, -4.830679945108999895, 2.625000000000000000 ) ) ;
#1561 = EDGE_CURVE ( 'NONE', #9296, #9022, #2139, .T. ) ;
#1562 = AXIS2_PLACEMENT_3D ( 'NONE', #6628, #5765, #4951 ) ;
#1563 = DIRECTION ( 'NONE',  ( 0.000000000000000000, 0.000000000000000000, 1.000000000000000000 ) ) ;
#1564 = CARTESIAN_POINT ( 'NONE',  ( 0.3600000000000000422, -9.330679945108999007, 3.424999999999000178 ) ) ;
#1565 = EDGE_CURVE ( 'NONE', #9843, #501, #3056, .T. ) ;
#1566 = FACE_OUTER_BOUND ( 'NONE', #4949, .T. ) ;
#1567 = ORIENTED_EDGE ( 'NONE', *, *, #617, .F. ) ;
#1568 = DIRECTION ( 'NONE',  ( 1.000000000000000000, 0.000000000000000000, 1.215473287538999910E-16 ) ) ;
#1569 = VECTOR ( 'NONE', #1850, 1000.000000000000000 ) ;
#1570 = LINE ( 'NONE', #878, #5321 ) ;
#1571 = CARTESIAN_POINT ( 'NONE',  ( -1.579999999998999982, -1.894999999999999796, -1.899999999998999822 ) ) ;
#1572 = ORIENTED_EDGE ( 'NONE', *, *, #5058, .F. ) ;
#1573 = CARTESIAN_POINT ( 'NONE',  ( -1.280000000000000027, 3.504999999999000249, 2.720678065752000219 ) ) ;
#1574 = DIRECTION ( 'NONE',  ( -1.000000000000000000, 1.284980352575599807E-16, 0.000000000000000000 ) ) ;
#1575 = PLANE ( 'NONE',  #7678 ) ;
#1576 = LINE ( 'NONE', #2542, #9183 ) ;
#1577 = VECTOR ( 'NONE', #10587, 1000.000000000000000 ) ;
#1578 = EDGE_CURVE ( 'NONE', #7191, #1415, #10847, .T. ) ;
#1579 = UNCERTAINTY_MEASURE_WITH_UNIT (LENGTH_MEASURE( 1.000000000000000082E-05 ), #534, 'distance_accuracy_value', 'NONE');
#1580 = VERTEX_POINT ( 'NONE', #10043 ) ;
#1581 = LINE ( 'NONE', #8586, #7775 ) ;
#1582 = DIRECTION ( 'NONE',  ( -1.807003620808999850E-16, 0.000000000000000000, 1.000000000000000000 ) ) ;
#1583 = PLANE ( 'NONE',  #757 ) ;
#1584 = ORIENTED_EDGE ( 'NONE', *, *, #890, .T. ) ;
#1585 = CARTESIAN_POINT ( 'NONE',  ( -0.3600000000000000422, -5.330679945108999007, 3.424999999999000178 ) ) ;
#1586 = CARTESIAN_POINT ( 'NONE',  ( -0.3600000000000000422, -4.830679945108999895, 4.125000000000000000 ) ) ;
#1587 = CARTESIAN_POINT ( 'NONE',  ( -1.280000000000000027, -2.194999999999999840, -0.8999999999990000443 ) ) ;
#1588 = CARTESIAN_POINT ( 'NONE',  ( -0.3499999999989999999, -2.944999999999999840, -6.324512672832001141E-17 ) ) ;
#1589 = EDGE_CURVE ( 'NONE', #4879, #5775, #2888, .T. ) ;
#1590 = ADVANCED_FACE ( 'NONE', ( #1273 ), #4146, .F. ) ;
#1591 = ORIENTED_EDGE ( 'NONE', *, *, #7314, .T. ) ;
#1592 = DIRECTION ( 'NONE',  ( 0.000000000000000000, 0.000000000000000000, 1.000000000000000000 ) ) ;
#1593 = EDGE_LOOP ( 'NONE', ( #7303, #6815, #7981, #8946 ) ) ;
#1594 = CARTESIAN_POINT ( 'NONE',  ( -0.3499999999999999778, -4.830679945108999895, 6.424999999999999822 ) ) ;
#1595 = ORIENTED_EDGE ( 'NONE', *, *, #1973, .T. ) ;
#1596 = EDGE_CURVE ( 'NONE', #5458, #8579, #3283, .T. ) ;
#1597 = ORIENTED_EDGE ( 'NONE', *, *, #352, .T. ) ;
#1598 = ORIENTED_EDGE ( 'NONE', *, *, #3065, .F. ) ;
#1599 = CARTESIAN_POINT ( 'NONE',  ( -0.3600000000000000422, -4.830679945108999895, 4.125000000000000000 ) ) ;
#1600 = DIRECTION ( 'NONE',  ( -1.000000000000000000, 0.000000000000000000, 1.215473287538999910E-16 ) ) ;
#1601 = CARTESIAN_POINT ( 'NONE',  ( -1.280000000000000027, -3.894999999999999574, 7.799999999998999733 ) ) ;
#1602 = FACE_OUTER_BOUND ( 'NONE', #5273, .T. ) ;
#1603 = EDGE_CURVE ( 'NONE', #5430, #10009, #4087, .T. ) ;
#1604 = EDGE_CURVE ( 'NONE', #10776, #4390, #10161, .T. ) ;
#1605 = VECTOR ( 'NONE', #11045, 1000.000000000000000 ) ;
#1606 = VERTEX_POINT ( 'NONE', #8343 ) ;
#1607 = SURFACE_SIDE_STYLE ('',( #6999 ) ) ;
#1608 = ORIENTED_EDGE ( 'NONE', *, *, #7426, .F. ) ;
#1609 = ORIENTED_EDGE ( 'NONE', *, *, #9793, .F. ) ;
#1610 = CYLINDRICAL_SURFACE ( 'NONE', #2426, 0.09999999999999982514 ) ;
#1611 = ADVANCED_FACE ( 'NONE', ( #1506 ), #9252, .F. ) ;
#1612 = ORIENTED_EDGE ( 'NONE', *, *, #1939, .F. ) ;
#1613 = ORIENTED_EDGE ( 'NONE', *, *, #10857, .F. ) ;
#1614 =( NAMED_UNIT ( * ) SI_UNIT ( $, .STERADIAN. ) SOLID_ANGLE_UNIT ( ) );
#1615 = ORIENTED_EDGE ( 'NONE', *, *, #6445, .F. ) ;
#1616 = DIRECTION ( 'NONE',  ( -1.284980352574999780E-16, -1.000000000000000000, 0.000000000000000000 ) ) ;
#1617 = CARTESIAN_POINT ( 'NONE',  ( -1.580000000000000071, -2.544999999999999485, -1.899999999998999822 ) ) ;
#1618 = LINE ( 'NONE', #9477, #2575 ) ;
#1619 = PLANE ( 'NONE',  #2550 ) ;
#1620 = CARTESIAN_POINT ( 'NONE',  ( 0.3800000000000000044, -3.894999999999999574, 1.249999999998999911 ) ) ;
#1621 = EDGE_CURVE ( 'NONE', #7411, #4879, #9306, .T. ) ;
#1622 = ORIENTED_EDGE ( 'NONE', *, *, #7225, .F. ) ;
#1623 = DIRECTION ( 'NONE',  ( 1.000000000000000000, 0.000000000000000000, 0.000000000000000000 ) ) ;
#1624 = EDGE_CURVE ( 'NONE', #7362, #6651, #7655, .T. ) ;
#1625 = EDGE_CURVE ( 'NONE', #1828, #9668, #11018, .T. ) ;
#1626 = DIRECTION ( 'NONE',  ( 0.000000000000000000, 1.000000000000000000, 0.000000000000000000 ) ) ;
#1627 = ORIENTED_EDGE ( 'NONE', *, *, #2941, .F. ) ;
#1628 = DIRECTION ( 'NONE',  ( 1.000000000000000000, 0.000000000000000000, 0.000000000000000000 ) ) ;
#1629 = CARTESIAN_POINT ( 'NONE',  ( 0.3499999999989999999, -9.395000000000001350, 7.870000000000000107 ) ) ;
#1630 = DIRECTION ( 'NONE',  ( 1.000000000000000000, 0.000000000000000000, 0.000000000000000000 ) ) ;
#1631 = CARTESIAN_POINT ( 'NONE',  ( -0.3600000000000000422, -8.830679945108999007, 4.625000000000000000 ) ) ;
#1632 = VECTOR ( 'NONE', #9946, 1000.000000000000000 ) ;
#1633 = VERTEX_POINT ( 'NONE', #8574 ) ;
#1634 = LINE ( 'NONE', #6055, #11234 ) ;
#1635 = FACE_OUTER_BOUND ( 'NONE', #8796, .T. ) ;
#1636 = DIRECTION ( 'NONE',  ( 1.000000000000000000, 0.000000000000000000, 0.000000000000000000 ) ) ;
#1637 = VERTEX_POINT ( 'NONE', #4019 ) ;
#1638 = CARTESIAN_POINT ( 'NONE',  ( 1.580000000000000071, 2.554188695136000664, 0.2999999999999999889 ) ) ;
#1639 = VECTOR ( 'NONE', #8571, 1000.000000000000000 ) ;
#1640 = DIRECTION ( 'NONE',  ( 0.000000000000000000, 0.000000000000000000, -1.000000000000000000 ) ) ;
#1641 = LINE ( 'NONE', #894, #6778 ) ;
#1642 = LINE ( 'NONE', #6754, #5905 ) ;
#1643 = DIRECTION ( 'NONE',  ( 1.000000000000000000, 0.000000000000000000, 0.000000000000000000 ) ) ;
#1644 = AXIS2_PLACEMENT_3D ( 'NONE', #309, #1124, #9041 ) ;
#1645 = EDGE_LOOP ( 'NONE', ( #4603, #739, #2949, #6523 ) ) ;
#1646 = LINE ( 'NONE', #29, #6997 ) ;
#1647 = EDGE_LOOP ( 'NONE', ( #4398, #11329, #9266 ) ) ;
#1648 = PLANE ( 'NONE',  #10435 ) ;
#1649 = ORIENTED_EDGE ( 'NONE', *, *, #5259, .T. ) ;
#1650 = ORIENTED_EDGE ( 'NONE', *, *, #4049, .T. ) ;
#1651 = DIRECTION ( 'NONE',  ( 0.000000000000000000, 0.000000000000000000, -1.000000000000000000 ) ) ;
#1652 = EDGE_CURVE ( 'NONE', #6639, #3766, #2362, .T. ) ;
#1653 = FACE_OUTER_BOUND ( 'NONE', #2338, .T. ) ;
#1654 = VECTOR ( 'NONE', #6025, 1000.000000000000000 ) ;
#1655 = LINE ( 'NONE', #9463, #6956 ) ;
#1656 = AXIS2_PLACEMENT_3D ( 'NONE', #9398, #7507, #560 ) ;
#1657 = CARTESIAN_POINT ( 'NONE',  ( -1.080000000000000071, -2.944999999999999840, 0.000000000000000000 ) ) ;
#1658 = EDGE_LOOP ( 'NONE', ( #5902, #3969, #8992, #9357 ) ) ;
#1659 = FACE_BOUND ( 'NONE', #1593, .T. ) ;
#1660 = ORIENTED_EDGE ( 'NONE', *, *, #7283, .T. ) ;
#1661 = VECTOR ( 'NONE', #412, 1000.000000000000000 ) ;
#1662 = VECTOR ( 'NONE', #8956, 1000.000000000000000 ) ;
#1663 = ORIENTED_EDGE ( 'NONE', *, *, #6508, .T. ) ;
#1664 = ORIENTED_EDGE ( 'NONE', *, *, #7314, .F. ) ;
#1665 = ORIENTED_EDGE ( 'NONE', *, *, #5301, .T. ) ;
#1666 = AXIS2_PLACEMENT_3D ( 'NONE', #6100, #6846, #5012 ) ;
#1667 = EDGE_LOOP ( 'NONE', ( #188, #7584, #10364, #3044 ) ) ;
#1668 = EDGE_CURVE ( 'NONE', #10943, #8136, #6787, .T. ) ;
#1669 = PLANE ( 'NONE',  #5760 ) ;
#1670 = ADVANCED_FACE ( 'NONE', ( #7478 ), #5868, .T. ) ;
#1671 = CARTESIAN_POINT ( 'NONE',  ( -0.9817789317309998376, -6.329612395372000044, 3.242520405653000370 ) ) ;
#1672 = FACE_OUTER_BOUND ( 'NONE', #5224, .T. ) ;
#1673 = DIRECTION ( 'NONE',  ( 0.000000000000000000, 0.000000000000000000, -1.000000000000000000 ) ) ;
#1674 = LINE ( 'NONE', #5230, #6800 ) ;
#1675 = AXIS2_PLACEMENT_3D ( 'NONE', #3195, #10128, #8197 ) ;
#1676 = EDGE_CURVE ( 'NONE', #5598, #9304, #6676, .T. ) ;
#1677 = AXIS2_PLACEMENT_3D ( 'NONE', #7086, #2714, #9707 ) ;
#1678 = VECTOR ( 'NONE', #5931, 1000.000000000000000 ) ;
#1679 = EDGE_LOOP ( 'NONE', ( #4459, #9244, #48, #2071 ) ) ;
#1680 = DIRECTION ( 'NONE',  ( 1.000000000000000000, 0.000000000000000000, -3.530454503147795305E-16 ) ) ;
#1681 = ORIENTED_EDGE ( 'NONE', *, *, #9030, .F. ) ;
#1682 = DIRECTION ( 'NONE',  ( -1.000000000000000000, 1.284980352574999780E-16, 0.000000000000000000 ) ) ;
#1683 = VECTOR ( 'NONE', #1986, 1000.000000000000000 ) ;
#1684 = ORIENTED_EDGE ( 'NONE', *, *, #1398, .T. ) ;
#1685 = AXIS2_PLACEMENT_3D ( 'NONE', #1588, #553, #5087 ) ;
#1686 = PLANE ( 'NONE',  #3740 ) ;
#1687 = EDGE_CURVE ( 'NONE', #918, #1234, #793, .T. ) ;
#1688 = FACE_OUTER_BOUND ( 'NONE', #9571, .T. ) ;
#1689 = CARTESIAN_POINT ( 'NONE',  ( 1.080000000000000071, 3.804999999999000071, 4.134721410322000246 ) ) ;
#1690 = PLANE ( 'NONE',  #2589 ) ;
#1691 = ADVANCED_FACE ( 'NONE', ( #1441 ), #6734, .F. ) ;
#1693 = ORIENTED_EDGE ( 'NONE', *, *, #6786, .F. ) ;
#1692 = VECTOR ( 'NONE', #3853, 1000.000000000000000 ) ;
#1694 = LINE ( 'NONE', #10400, #9049 ) ;
#1695 = DIRECTION ( 'NONE',  ( -1.134441735036999877E-16, 0.000000000000000000, 1.000000000000000000 ) ) ;
#1696 = CARTESIAN_POINT ( 'NONE',  ( -0.3600000000000000422, -8.830679945108999007, 6.424999999999999822 ) ) ;
#1697 = ORIENTED_EDGE ( 'NONE', *, *, #9703, .F. ) ;
#1698 = DIRECTION ( 'NONE',  ( 1.239088197125999924E-16, -1.000000000000000000, 0.000000000000000000 ) ) ;
#1699 = LINE ( 'NONE', #11151, #7427 ) ;
#1700 = PLANE ( 'NONE',  #8617 ) ;
#1701 = EDGE_CURVE ( 'NONE', #4203, #6957, #1328, .T. ) ;
#1702 = VECTOR ( 'NONE', #5812, 1000.000000000000000 ) ;
#1703 = EDGE_CURVE ( 'NONE', #7458, #159, #4832, .T. ) ;
#1704 = CARTESIAN_POINT ( 'NONE',  ( -1.430000000000000160, -2.752668290246999661, 4.776807376878000611 ) ) ;
#1705 = ORIENTED_EDGE ( 'NONE', *, *, #7995, .T. ) ;
#1706 = FACE_OUTER_BOUND ( 'NONE', #8858, .T. ) ;
#1707 = EDGE_LOOP ( 'NONE', ( #7644, #9494, #2668, #1909 ) ) ;
#1708 = CARTESIAN_POINT ( 'NONE',  ( 1.280000000000000027, -8.294999999999999929, 6.749999999998999911 ) ) ;
#1709 = ORIENTED_EDGE ( 'NONE', *, *, #7085, .T. ) ;
#1710 = ORIENTED_EDGE ( 'NONE', *, *, #8836, .F. ) ;
#1711 = PLANE ( 'NONE',  #11272 ) ;
#1712 = CARTESIAN_POINT ( 'NONE',  ( -0.3600000000000000422, -4.830679945108999895, 6.924999999999999822 ) ) ;
#1713 = DIRECTION ( 'NONE',  ( -1.807003620808999850E-16, 0.000000000000000000, -1.000000000000000000 ) ) ;
#1714 = ORIENTED_EDGE ( 'NONE', *, *, #7091, .F. ) ;
#1715 = ADVANCED_FACE ( 'NONE', ( #5757 ), #4887, .T. ) ;
#1716 = VECTOR ( 'NONE', #8234, 1000.000000000000000 ) ;
#1717 = DIRECTION ( 'NONE',  ( 0.000000000000000000, 0.000000000000000000, 1.000000000000000000 ) ) ;
#1718 = CARTESIAN_POINT ( 'NONE',  ( 1.580000000000000071, -6.872895553309999350, 3.308167519298999881 ) ) ;
#1719 = ORIENTED_EDGE ( 'NONE', *, *, #3194, .T. ) ;
#1720 = CARTESIAN_POINT ( 'NONE',  ( 1.280000000000000027, -5.910051363132999391, 2.599999999999000000 ) ) ;
#1721 = ORIENTED_EDGE ( 'NONE', *, *, #6655, .F. ) ;
#1722 = ORIENTED_EDGE ( 'NONE', *, *, #5339, .F. ) ;
#1723 = ORIENTED_EDGE ( 'NONE', *, *, #6388, .T. ) ;
#1724 = DIRECTION ( 'NONE',  ( 0.000000000000000000, -1.000000000000000000, 0.000000000000000000 ) ) ;
#1725 = VECTOR ( 'NONE', #8229, 1000.000000000000114 ) ;
#1726 = VECTOR ( 'NONE', #806, 1000.000000000000000 ) ;
#1727 = EDGE_LOOP ( 'NONE', ( #9269, #6220, #8444, #6141 ) ) ;
#1728 = CARTESIAN_POINT ( 'NONE',  ( 0.1000000000000000056, 1.704999999998999760, 0.000000000000000000 ) ) ;
#1729 = CARTESIAN_POINT ( 'NONE',  ( 1.280000000000000027, -5.910051363132999391, 6.399999999999000266 ) ) ;
#1730 = CARTESIAN_POINT ( 'NONE',  ( 0.3800000000000000044, -3.894999999999999574, 1.249999999998999911 ) ) ;
#1731 = DIRECTION ( 'NONE',  ( 1.000000000000000000, 0.000000000000000000, 0.000000000000000000 ) ) ;
#1732 = VECTOR ( 'NONE', #9986, 1000.000000000000000 ) ;
#1733 = DIRECTION ( 'NONE',  ( -1.299091332659999954E-16, -1.000000000000000000, 0.000000000000000000 ) ) ;
#1734 = EDGE_LOOP ( 'NONE', ( #5800, #804, #1615, #10754 ) ) ;
#1735 = EDGE_CURVE ( 'NONE', #734, #10389, #593, .T. ) ;
#1736 = CARTESIAN_POINT ( 'NONE',  ( 0.5396645151600001356, 2.385829949784000537, 4.915278589676999488 ) ) ;
#1737 = EDGE_CURVE ( 'NONE', #10709, #1477, #61, .T. ) ;
#1738 = AXIS2_PLACEMENT_3D ( 'NONE', #1255, #4752, #8263 ) ;
#1739 = ORIENTED_EDGE ( 'NONE', *, *, #10398, .F. ) ;
#1740 = DIRECTION ( 'NONE',  ( -1.000000000000000000, 1.284980352574999780E-16, 0.000000000000000000 ) ) ;
#1741 = ORIENTED_EDGE ( 'NONE', *, *, #8821, .T. ) ;
#1742 = EDGE_CURVE ( 'NONE', #5998, #3403, #875, .T. ) ;
#1743 = CARTESIAN_POINT ( 'NONE',  ( 1.280000000000000027, -8.186453928403999214, 3.399999999998999822 ) ) ;
#1744 = DIRECTION ( 'NONE',  ( 0.000000000000000000, -1.000000000000000000, 0.000000000000000000 ) ) ;
#1745 =( NAMED_UNIT ( * ) PLANE_ANGLE_UNIT ( ) SI_UNIT ( $, .RADIAN. ) );
#1746 = PLANE ( 'NONE',  #8648 ) ;
#1747 = AXIS2_PLACEMENT_3D ( 'NONE', #3409, #7833, #5187 ) ;
#1748 = ORIENTED_EDGE ( 'NONE', *, *, #7563, .T. ) ;
#1749 = LINE ( 'NONE', #5247, #6487 ) ;
#1750 = CARTESIAN_POINT ( 'NONE',  ( 0.000000000000000000, 1.304999999999000515, -1.600000000000000089 ) ) ;
#1751 = PLANE ( 'NONE',  #10451 ) ;
#1752 = ORIENTED_EDGE ( 'NONE', *, *, #8081, .T. ) ;
#1753 = EDGE_CURVE ( 'NONE', #5388, #4186, #4370, .T. ) ;
#1754 = LINE ( 'NONE', #892, #10315 ) ;
#1755 = CARTESIAN_POINT ( 'NONE',  ( -0.3799999999990000266, -9.694999999999998508, 7.799999999998999733 ) ) ;
#1756 = AXIS2_PLACEMENT_3D ( 'NONE', #10739, #7946, #7257 ) ;
#1757 = PLANE ( 'NONE',  #5674 ) ;
#1758 = CARTESIAN_POINT ( 'NONE',  ( -0.3799999999990000266, 3.804999999999000071, 9.000000000000000000 ) ) ;
#1759 = VECTOR ( 'NONE', #3780, 1000.000000000000000 ) ;
#1760 = VERTEX_POINT ( 'NONE', #2592 ) ;
#1761 = CARTESIAN_POINT ( 'NONE',  ( -1.279999999998999716, 1.904999999999000382, -0.8999999999990000443 ) ) ;
#1762 = EDGE_LOOP ( 'NONE', ( #10645, #8396, #154, #4004 ) ) ;
#1763 = CARTESIAN_POINT ( 'NONE',  ( 1.279999999998999716, 2.554188695136000664, 0.2999999999999999889 ) ) ;
#1764 = ORIENTED_EDGE ( 'NONE', *, *, #10239, .T. ) ;
#1765 = EDGE_CURVE ( 'NONE', #9841, #867, #8629, .T. ) ;
#1766 = EDGE_LOOP ( 'NONE', ( #10432, #919, #9590, #877 ) ) ;
#1767 = DIRECTION ( 'NONE',  ( 0.000000000000000000, 1.000000000000000000, 0.000000000000000000 ) ) ;
#1768 = FACE_OUTER_BOUND ( 'NONE', #8033, .T. ) ;
#1769 = CARTESIAN_POINT ( 'NONE',  ( 1.280000000000000027, -7.894999999999999574, 5.249999999998999911 ) ) ;
#1770 = ORIENTED_EDGE ( 'NONE', *, *, #8925, .F. ) ;
#1771 = DIRECTION ( 'NONE',  ( -1.000000000000000000, 0.000000000000000000, 1.215473287538999910E-16 ) ) ;
#1772 = DIRECTION ( 'NONE',  ( 0.000000000000000000, 0.000000000000000000, 1.000000000000000000 ) ) ;
#1773 = ORIENTED_EDGE ( 'NONE', *, *, #6740, .F. ) ;
#1774 = PLANE ( 'NONE',  #438 ) ;
#1775 = VERTEX_POINT ( 'NONE', #5346 ) ;
#1776 = ORIENTED_EDGE ( 'NONE', *, *, #4971, .F. ) ;
#1777 = VERTEX_POINT ( 'NONE', #6906 ) ;
#1778 = DIRECTION ( 'NONE',  ( 0.000000000000000000, 1.000000000000000000, 0.000000000000000000 ) ) ;
#1779 = LINE ( 'NONE', #3615, #4429 ) ;
#1780 = ORIENTED_EDGE ( 'NONE', *, *, #8163, .F. ) ;
#1781 = FACE_OUTER_BOUND ( 'NONE', #3826, .T. ) ;
#1782 = CARTESIAN_POINT ( 'NONE',  ( 0.1000000000000000056, -2.944999999999999840, -1.600000000000000089 ) ) ;
#1783 = CARTESIAN_POINT ( 'NONE',  ( -0.3499999999999999778, -8.830679945108999007, 6.424999999999999822 ) ) ;
#1784 = ADVANCED_FACE ( 'NONE', ( #8854 ), #7881, .F. ) ;
#1785 = CARTESIAN_POINT ( 'NONE',  ( 1.080000000000000071, 3.804999999999000071, 0.2999999999999999889 ) ) ;
#1786 = DIRECTION ( 'NONE',  ( 0.000000000000000000, 1.000000000000000000, 0.000000000000000000 ) ) ;
#1787 = VERTEX_POINT ( 'NONE', #11245 ) ;
#1788 = DIRECTION ( 'NONE',  ( 0.000000000000000000, -1.000000000000000000, 0.000000000000000000 ) ) ;
#1789 = EDGE_LOOP ( 'NONE', ( #5884, #11100, #8880, #8631 ) ) ;
#1790 = CARTESIAN_POINT ( 'NONE',  ( -0.3799999999990000266, 3.804999999999000071, 7.799999999998999733 ) ) ;
#1791 = EDGE_LOOP ( 'NONE', ( #4626, #9257, #1773, #1965 ) ) ;
#1792 = DIRECTION ( 'NONE',  ( 0.000000000000000000, 1.000000000000000000, 0.000000000000000000 ) ) ;
#1793 = DIRECTION ( 'NONE',  ( -1.270804703590999957E-32, 1.025596649647999987E-16, 1.000000000000000000 ) ) ;
#1794 = ADVANCED_FACE ( 'NONE', ( #5122 ), #117, .F. ) ;
#1795 = LINE ( 'NONE', #5077, #6034 ) ;
#1796 = DIRECTION ( 'NONE',  ( 0.4361276865241069944, -0.8956542399572199331, 0.08715574274702139745 ) ) ;
#1797 = EDGE_LOOP ( 'NONE', ( #9284, #8199, #6498, #1572 ) ) ;
#1798 = LINE ( 'NONE', #4445, #252 ) ;
#1799 = CARTESIAN_POINT ( 'NONE',  ( 0.3600000000000000422, -4.830679945108999895, 4.625000000000000000 ) ) ;
#1800 = DIRECTION ( 'NONE',  ( 0.000000000000000000, 0.000000000000000000, 1.000000000000000000 ) ) ;
#1801 = ORIENTED_EDGE ( 'NONE', *, *, #4407, .T. ) ;
#1802 = CARTESIAN_POINT ( 'NONE',  ( -0.3600000000000000422, -9.330679945108999007, 3.424999999999000178 ) ) ;
#1803 = CARTESIAN_POINT ( 'NONE',  ( -0.3799999999990000266, -9.694999999999998508, 0.04999999999899999714 ) ) ;
#1804 = EDGE_CURVE ( 'NONE', #5747, #7154, #7826, .T. ) ;
#1805 = DIRECTION ( 'NONE',  ( 0.000000000000000000, 0.000000000000000000, -1.000000000000000000 ) ) ;
#1806 = EDGE_CURVE ( 'NONE', #10076, #64, #7997, .T. ) ;
#1807 = VECTOR ( 'NONE', #1232, 1000.000000000000114 ) ;
#1808 = CARTESIAN_POINT ( 'NONE',  ( -1.580000000000000071, -8.294999999999999929, 5.599999999998999556 ) ) ;
#1809 = EDGE_CURVE ( 'NONE', #7154, #9895, #6041, .T. ) ;
#1810 = ORIENTED_EDGE ( 'NONE', *, *, #1883, .T. ) ;
#1811 = LINE ( 'NONE', #8189, #4463 ) ;
#1812 = VECTOR ( 'NONE', #2123, 1000.000000000000000 ) ;
#1813 = ORIENTED_EDGE ( 'NONE', *, *, #3760, .T. ) ;
#1814 = LINE ( 'NONE', #6928, #3668 ) ;
#1815 = ORIENTED_EDGE ( 'NONE', *, *, #486, .T. ) ;
#1816 = ORIENTED_EDGE ( 'NONE', *, *, #2782, .F. ) ;
#1817 = FACE_OUTER_BOUND ( 'NONE', #4582, .T. ) ;
#1818 = ADVANCED_FACE ( 'NONE', ( #5990 ), #3453, .F. ) ;
#1819 = CARTESIAN_POINT ( 'NONE',  ( -0.3799999999990000266, -3.894999999999999574, 8.699999999999000977 ) ) ;
#1820 = CARTESIAN_POINT ( 'NONE',  ( -0.09999999999899999992, 2.304999999999000515, -1.600000000000000089 ) ) ;
#1821 = ADVANCED_FACE ( 'NONE', ( #6154 ), #3624, .F. ) ;
#1822 = VECTOR ( 'NONE', #7038, 1000.000000000000000 ) ;
#1823 = ADVANCED_FACE ( 'NONE', ( #10610 ), #5179, .T. ) ;
#1824 = ORIENTED_EDGE ( 'NONE', *, *, #7793, .F. ) ;
#1825 = LINE ( 'NONE', #7863, #5876 ) ;
#1826 = ORIENTED_EDGE ( 'NONE', *, *, #6522, .F. ) ;
#1827 = DIRECTION ( 'NONE',  ( 1.215473287538999910E-16, 0.000000000000000000, -1.000000000000000000 ) ) ;
#1828 = VERTEX_POINT ( 'NONE', #822 ) ;
#1829 = VERTEX_POINT ( 'NONE', #7018 ) ;
#1830 = ORIENTED_EDGE ( 'NONE', *, *, #5454, .F. ) ;
#1831 = LINE ( 'NONE', #8578, #3929 ) ;
#1832 = PLANE ( 'NONE',  #7399 ) ;
#1833 = VERTEX_POINT ( 'NONE', #2649 ) ;
#1834 = DIRECTION ( 'NONE',  ( 1.000000000000000000, 1.284980352574999780E-16, 0.000000000000000000 ) ) ;
#1835 = CARTESIAN_POINT ( 'NONE',  ( 0.9817789317309998376, -6.329612395372000044, 5.757479594345999985 ) ) ;
#1836 = VECTOR ( 'NONE', #430, 1000.000000000000000 ) ;
#1837 = DIRECTION ( 'NONE',  ( -1.000000000000000000, -8.780394934309999745E-32, 0.000000000000000000 ) ) ;
#1838 = CARTESIAN_POINT ( 'NONE',  ( -1.280000000000000027, -8.294999999999999929, 2.599999999999000000 ) ) ;
#1839 = DIRECTION ( 'NONE',  ( 0.000000000000000000, 1.000000000000000000, 0.000000000000000000 ) ) ;
#1840 = EDGE_CURVE ( 'NONE', #1918, #8716, #3710, .T. ) ;
#1841 = VECTOR ( 'NONE', #8044, 1000.000000000000000 ) ;
#1842 = EDGE_LOOP ( 'NONE', ( #7882, #10094, #4802, #652 ) ) ;
#1843 = VECTOR ( 'NONE', #9287, 1000.000000000000114 ) ;
#1844 = CARTESIAN_POINT ( 'NONE',  ( -1.430000000000000160, -4.337947837308999688, 3.395675242495999946 ) ) ;
#1845 = AXIS2_PLACEMENT_3D ( 'NONE', #10392, #7021, #4323 ) ;
#1846 = EDGE_LOOP ( 'NONE', ( #9102, #7465, #3708, #8151 ) ) ;
#1847 = PLANE ( 'NONE',  #7545 ) ;
#1848 = ORIENTED_EDGE ( 'NONE', *, *, #213, .T. ) ;
#1849 = CARTESIAN_POINT ( 'NONE',  ( 1.280000000000000027, -2.194999999999999840, -0.8999999999990000443 ) ) ;
#1850 = DIRECTION ( 'NONE',  ( 0.000000000000000000, -1.000000000000000000, 0.000000000000000000 ) ) ;
#1851 = AXIS2_PLACEMENT_3D ( 'NONE', #4317, #7824, #1786 ) ;
#1852 = AXIS2_PLACEMENT_3D ( 'NONE', #10521, #137, #954 ) ;
#1853 = FILL_AREA_STYLE ('',( #298 ) ) ;
#1854 = DIRECTION ( 'NONE',  ( -1.215473287538999910E-16, 0.000000000000000000, -1.000000000000000000 ) ) ;
#1855 = VECTOR ( 'NONE', #8609, 1000.000000000000000 ) ;
#1856 = VERTEX_POINT ( 'NONE', #9647 ) ;
#1857 = CARTESIAN_POINT ( 'NONE',  ( 1.280000000000000027, -8.294999999999999929, 2.249999999998999911 ) ) ;
#1858 = EDGE_CURVE ( 'NONE', #7996, #1478, #6101, .T. ) ;
#1859 = CARTESIAN_POINT ( 'NONE',  ( 0.3600000000000000422, -8.830679945108999007, 4.924999999999999822 ) ) ;
#1860 = AXIS2_PLACEMENT_3D ( 'NONE', #9303, #7653, #6560 ) ;
#1861 = CARTESIAN_POINT ( 'NONE',  ( -1.579999999998999982, -1.545000000000999796, -1.899999999998999822 ) ) ;
#1862 = ORIENTED_EDGE ( 'NONE', *, *, #11192, .F. ) ;
#1863 = LINE ( 'NONE', #4506, #4652 ) ;
#1864 = LINE ( 'NONE', #532, #2845 ) ;
#1865 = FILL_AREA_STYLE_COLOUR ( '', #4179 ) ;
#1866 = CARTESIAN_POINT ( 'NONE',  ( -1.280000000000000027, -2.544188695136999634, 0.2999999999999999889 ) ) ;
#1867 = VECTOR ( 'NONE', #9202, 1000.000000000000000 ) ;
#1868 = ORIENTED_EDGE ( 'NONE', *, *, #7926, .T. ) ;
#1869 = EDGE_CURVE ( 'NONE', #5966, #3333, #4431, .T. ) ;
#1870 = CARTESIAN_POINT ( 'NONE',  ( -1.580000000000000071, -8.294999999999999929, 3.749999999998999911 ) ) ;
#1871 = ADVANCED_FACE ( 'NONE', ( #10056 ), #5712, .T. ) ;
#1872 = ORIENTED_EDGE ( 'NONE', *, *, #6153, .T. ) ;
#1873 = LINE ( 'NONE', #6467, #6966 ) ;
#1874 = ORIENTED_EDGE ( 'NONE', *, *, #5592, .F. ) ;
#1875 = ORIENTED_EDGE ( 'NONE', *, *, #2741, .T. ) ;
#1876 = CARTESIAN_POINT ( 'NONE',  ( -0.3799999999990000266, -9.544999999998998064, 7.799999999998999733 ) ) ;
#1877 = VECTOR ( 'NONE', #7265, 1000.000000000000000 ) ;
#1878 = EDGE_CURVE ( 'NONE', #2392, #371, #10120, .T. ) ;
#1879 = DIRECTION ( 'NONE',  ( 0.000000000000000000, 0.000000000000000000, -1.000000000000000000 ) ) ;
#1880 = CARTESIAN_POINT ( 'NONE',  ( 0.000000000000000000, -0.2950000000009997403, -1.600000000000000089 ) ) ;
#1881 = ORIENTED_EDGE ( 'NONE', *, *, #8406, .T. ) ;
#1882 = DIRECTION ( 'NONE',  ( -1.000000000000000000, 1.239088197125999924E-16, 0.000000000000000000 ) ) ;
#1883 = EDGE_CURVE ( 'NONE', #1079, #1488, #9151, .T. ) ;
#1884 = LINE ( 'NONE', #8895, #2940 ) ;
#1885 = VERTEX_POINT ( 'NONE', #1401 ) ;
#1886 = FACE_OUTER_BOUND ( 'NONE', #6666, .T. ) ;
#1887 = ORIENTED_EDGE ( 'NONE', *, *, #7734, .T. ) ;
#1888 = EDGE_LOOP ( 'NONE', ( #1496, #4276, #4539, #8299 ) ) ;
#1889 = ORIENTED_EDGE ( 'NONE', *, *, #10737, .T. ) ;
#1890 = LINE ( 'NONE', #1571, #4852 ) ;
#1891 = EDGE_CURVE ( 'NONE', #4505, #5165, #3182, .T. ) ;
#1892 = DIRECTION ( 'NONE',  ( 0.000000000000000000, 0.000000000000000000, -1.000000000000000000 ) ) ;
#1893 = ORIENTED_EDGE ( 'NONE', *, *, #5769, .F. ) ;
#1894 = EDGE_CURVE ( 'NONE', #10229, #8718, #4633, .T. ) ;
#1895 = CARTESIAN_POINT ( 'NONE',  ( 0.3600000000000000422, -5.330679945108999007, 7.125000000000000000 ) ) ;
#1896 = CARTESIAN_POINT ( 'NONE',  ( -1.430000000000000160, -4.571077182464999389, 3.395675242495999946 ) ) ;
#1897 = PLANE ( 'NONE',  #9 ) ;
#1898 = CARTESIAN_POINT ( 'NONE',  ( 0.3499999999989999999, -4.830679945108999895, 3.625000000000000000 ) ) ;
#1899 = PLANE ( 'NONE',  #6430 ) ;
#1900 = VECTOR ( 'NONE', #3361, 1000.000000000000000 ) ;
#1901 = ORIENTED_EDGE ( 'NONE', *, *, #1578, .F. ) ;
#1902 = PRESENTATION_STYLE_ASSIGNMENT (( #5625 ) ) ;
#1903 = VERTEX_POINT ( 'NONE', #5771 ) ;
#1904 = AXIS2_PLACEMENT_3D ( 'NONE', #9993, #5759, #594 ) ;
#1905 = VECTOR ( 'NONE', #6477, 1000.000000000000000 ) ;
#1906 = ORIENTED_EDGE ( 'NONE', *, *, #5023, .F. ) ;
#1907 = EDGE_CURVE ( 'NONE', #11118, #3169, #5940, .T. ) ;
#1908 = DIRECTION ( 'NONE',  ( 0.000000000000000000, 0.000000000000000000, -1.000000000000000000 ) ) ;
#1909 = ORIENTED_EDGE ( 'NONE', *, *, #595, .T. ) ;
#1910 = VECTOR ( 'NONE', #2770, 1000.000000000000000 ) ;
#1911 = EDGE_CURVE ( 'NONE', #4306, #1085, #3871, .T. ) ;
#1912 = DIRECTION ( 'NONE',  ( 0.000000000000000000, 1.000000000000000000, 0.000000000000000000 ) ) ;
#1913 = DIRECTION ( 'NONE',  ( -1.215473287538999910E-16, 0.000000000000000000, -1.000000000000000000 ) ) ;
#1914 = LINE ( 'NONE', #9932, #10412 ) ;
#1915 = CARTESIAN_POINT ( 'NONE',  ( 0.5396645151600001356, 3.804999999999000071, 4.134721410322000246 ) ) ;
#1916 = VECTOR ( 'NONE', #10764, 1000.000000000000000 ) ;
#1917 = VECTOR ( 'NONE', #3555, 1000.000000000000000 ) ;
#1918 = VERTEX_POINT ( 'NONE', #1342 ) ;
#1919 = CARTESIAN_POINT ( 'NONE',  ( -0.3599999999990000088, -4.830679945108999895, 2.625000000000000000 ) ) ;
#1920 = DIRECTION ( 'NONE',  ( 0.000000000000000000, 1.084202172487689973E-15, -1.000000000000000000 ) ) ;
#1921 = DIRECTION ( 'NONE',  ( 0.000000000000000000, 1.000000000000000000, -1.025596649647999987E-16 ) ) ;
#1922 = ORIENTED_EDGE ( 'NONE', *, *, #8003, .T. ) ;
#1923 = DIRECTION ( 'NONE',  ( 0.000000000000000000, 0.000000000000000000, 1.000000000000000000 ) ) ;
#1924 = LINE ( 'NONE', #2034, #6878 ) ;
#1926 = VECTOR ( 'NONE', #4202, 1000.000000000000114 ) ;
#1925 = DIRECTION ( 'NONE',  ( 1.000000000000000000, 0.000000000000000000, 0.000000000000000000 ) ) ;
#1927 = CARTESIAN_POINT ( 'NONE',  ( -0.3499999999999999778, -9.330679945108999007, 5.625000000000000000 ) ) ;
#1928 = VECTOR ( 'NONE', #2952, 1000.000000000000000 ) ;
#1929 = ADVANCED_FACE ( 'NONE', ( #4901 ), #3243, .F. ) ;
#1930 = VERTEX_POINT ( 'NONE', #2151 ) ;
#1931 = CARTESIAN_POINT ( 'NONE',  ( 0.3600000000000000422, -8.830679945108999007, 4.125000000000000000 ) ) ;
#1932 = ORIENTED_EDGE ( 'NONE', *, *, #1703, .F. ) ;
#1933 = LINE ( 'NONE', #8938, #8989 ) ;
#1934 = AXIS2_PLACEMENT_3D ( 'NONE', #3350, #8581, #9540 ) ;
#1935 = VERTEX_POINT ( 'NONE', #3016 ) ;
#1936 = CARTESIAN_POINT ( 'NONE',  ( -1.279999999998999716, 2.989999999999000568, -0.7048473225369999984 ) ) ;
#1937 = VECTOR ( 'NONE', #5439, 1000.000000000000000 ) ;
#1938 = CARTESIAN_POINT ( 'NONE',  ( -1.280000000000000027, -5.910051363132999391, 5.599999999998999556 ) ) ;
#1939 = EDGE_CURVE ( 'NONE', #93, #7006, #6690, .T. ) ;
#1940 = EDGE_CURVE ( 'NONE', #9190, #3638, #8358, .T. ) ;
#1941 = CARTESIAN_POINT ( 'NONE',  ( -1.279999999998999716, -1.545811304863999647, 0.2999999999999999889 ) ) ;
#1942 = VECTOR ( 'NONE', #1363, 1000.000000000000000 ) ;
#1943 = ORIENTED_EDGE ( 'NONE', *, *, #9679, .F. ) ;
#1944 = DIRECTION ( 'NONE',  ( 1.000000000000000000, 1.284980352574999780E-16, 0.000000000000000000 ) ) ;
#1945 = EDGE_CURVE ( 'NONE', #867, #1488, #10007, .T. ) ;
#1946 = FACE_OUTER_BOUND ( 'NONE', #5094, .T. ) ;
#1947 = VERTEX_POINT ( 'NONE', #1286 ) ;
#1948 = DIRECTION ( 'NONE',  ( -0.000000000000000000, 1.000000000000000000, 0.000000000000000000 ) ) ;
#1949 = ORIENTED_EDGE ( 'NONE', *, *, #4270, .T. ) ;
#1950 = ORIENTED_EDGE ( 'NONE', *, *, #2512, .T. ) ;
#1951 = VERTEX_POINT ( 'NONE', #8472 ) ;
#1952 = DIRECTION ( 'NONE',  ( 0.000000000000000000, 1.000000000000000000, 0.000000000000000000 ) ) ;
#1953 = CARTESIAN_POINT ( 'NONE',  ( -1.279999999998999716, -1.894999999999999796, -1.899999999998999822 ) ) ;
#1954 = DIRECTION ( 'NONE',  ( 1.000000000000000000, 0.000000000000000000, 0.000000000000000000 ) ) ;
#1955 = CARTESIAN_POINT ( 'NONE',  ( 1.280000000000000027, -3.894999999999999574, 8.000000000000000000 ) ) ;
#1956 = PLANE ( 'NONE',  #4596 ) ;
#1957 = LINE ( 'NONE', #5341, #901 ) ;
#1958 = EDGE_CURVE ( 'NONE', #9340, #1009, #3976, .T. ) ;
#1959 = ADVANCED_FACE ( 'NONE', ( #3121, #8409, #9098 ), #4035, .F. ) ;
#1960 = CARTESIAN_POINT ( 'NONE',  ( -0.3499999999999999778, -8.830679945108999007, 4.424999999998999733 ) ) ;
#1961 = VERTEX_POINT ( 'NONE', #7550 ) ;
#1962 = LINE ( 'NONE', #3675, #8356 ) ;
#1963 = ADVANCED_FACE ( 'NONE', ( #11031 ), #10230, .F. ) ;
#1964 = ORIENTED_EDGE ( 'NONE', *, *, #3906, .T. ) ;
#1965 = ORIENTED_EDGE ( 'NONE', *, *, #2633, .T. ) ;
#1966 = LINE ( 'NONE', #4659, #1298 ) ;
#1967 = ORIENTED_EDGE ( 'NONE', *, *, #10147, .F. ) ;
#1968 = DIRECTION ( 'NONE',  ( 0.000000000000000000, 0.000000000000000000, 1.000000000000000000 ) ) ;
#1969 = CARTESIAN_POINT ( 'NONE',  ( -1.080000000000000071, 2.385829949784000537, 4.134721410322000246 ) ) ;
#1970 = LINE ( 'NONE', #5463, #8407 ) ;
#1971 = ADVANCED_FACE ( 'NONE', ( #6747 ), #2377, .T. ) ;
#1972 = CARTESIAN_POINT ( 'NONE',  ( -1.580000000000000071, -4.337947837308999688, 6.330399858456999596 ) ) ;
#1973 = EDGE_CURVE ( 'NONE', #3316, #4750, #10512, .T. ) ;
#1974 = FACE_OUTER_BOUND ( 'NONE', #9215, .T. ) ;
#1975 = ADVANCED_FACE ( 'NONE', ( #9549 ), #2607, .F. ) ;
#1976 = ORIENTED_EDGE ( 'NONE', *, *, #2302, .T. ) ;
#1977 = CARTESIAN_POINT ( 'NONE',  ( -1.279999999998999716, -1.894999999999999796, -1.899999999998999822 ) ) ;
#1978 = CARTESIAN_POINT ( 'NONE',  ( -1.579999999998999982, 3.804999999999000071, 7.799999999998999733 ) ) ;
#1979 = DIRECTION ( 'NONE',  ( -1.000000000000000000, 0.000000000000000000, -1.807003620808999850E-16 ) ) ;
#1980 = ORIENTED_EDGE ( 'NONE', *, *, #2817, .F. ) ;
#1981 = LINE ( 'NONE', #6518, #1716 ) ;
#1982 = CARTESIAN_POINT ( 'NONE',  ( -0.3600000000000000422, -8.830679945108999007, 6.125000000000000000 ) ) ;
#1983 = CARTESIAN_POINT ( 'NONE',  ( -1.280000000000000027, 3.504999999999000249, 8.000000000000000000 ) ) ;
#1984 = LINE ( 'NONE', #3012, #7912 ) ;
#1985 = ORIENTED_EDGE ( 'NONE', *, *, #1164, .T. ) ;
#1986 = DIRECTION ( 'NONE',  ( 4.861730685828999686E-63, 1.000000000000000000, 1.219828459165000025E-15 ) ) ;
#1987 = ORIENTED_EDGE ( 'NONE', *, *, #4464, .F. ) ;
#1988 = CARTESIAN_POINT ( 'NONE',  ( 1.279999999998999716, -1.545811304863999647, 0.05000000000000000278 ) ) ;
#1989 = ORIENTED_EDGE ( 'NONE', *, *, #4340, .T. ) ;
#1990 = VECTOR ( 'NONE', #7381, 1000.000000000000000 ) ;
#1991 = LINE ( 'NONE', #373, #1577 ) ;
#1992 = PLANE ( 'NONE',  #5161 ) ;
#1993 = CARTESIAN_POINT ( 'NONE',  ( 1.279999999998999716, 1.904999999999000382, -0.8999999999990000443 ) ) ;
#1994 = VECTOR ( 'NONE', #7993, 1000.000000000000000 ) ;
#1995 = VERTEX_POINT ( 'NONE', #8533 ) ;
#1996 = CARTESIAN_POINT ( 'NONE',  ( 0.3600000000000000422, -4.830679945108999895, 6.625000000000000000 ) ) ;
#1997 = ORIENTED_EDGE ( 'NONE', *, *, #6224, .F. ) ;
#1998 = DIRECTION ( 'NONE',  ( 1.807003620808999850E-16, 0.000000000000000000, -1.000000000000000000 ) ) ;
#1999 = EDGE_CURVE ( 'NONE', #11215, #6040, #1694, .T. ) ;
#2000 = VERTEX_POINT ( 'NONE', #8646 ) ;
#2001 = EDGE_LOOP ( 'NONE', ( #1536, #3085, #2705, #9444 ) ) ;
#2002 = EDGE_LOOP ( 'NONE', ( #455, #9125, #6183, #4985, #9979, #2322 ) ) ;
#2003 = FACE_OUTER_BOUND ( 'NONE', #1789, .T. ) ;
#2004 = LINE ( 'NONE', #7008, #8315 ) ;
#2005 = CARTESIAN_POINT ( 'NONE',  ( -0.3599999999990000088, -9.330679945108999007, 3.124999999998999911 ) ) ;
#2007 = LINE ( 'NONE', #4481, #2109 ) ;
#2006 = VECTOR ( 'NONE', #2065, 1000.000000000000000 ) ;
#2008 = CARTESIAN_POINT ( 'NONE',  ( 1.279999999998999716, 1.119999999999000240, -0.7048473225369999984 ) ) ;
#2009 = CARTESIAN_POINT ( 'NONE',  ( 0.3600000000000000422, -4.830679945108999895, 3.625000000000000000 ) ) ;
#2010 = CARTESIAN_POINT ( 'NONE',  ( 1.830000000000000071, 3.804999999999000071, 4.134721410322000246 ) ) ;
#2011 = VERTEX_POINT ( 'NONE', #5999 ) ;
#2012 = ORIENTED_EDGE ( 'NONE', *, *, #4541, .F. ) ;
#2013 = EDGE_CURVE ( 'NONE', #4185, #3265, #7667, .T. ) ;
#2014 = VERTEX_POINT ( 'NONE', #11145 ) ;
#2015 = ORIENTED_EDGE ( 'NONE', *, *, #5984, .T. ) ;
#2016 = VECTOR ( 'NONE', #5431, 1000.000000000000000 ) ;
#2017 = DIRECTION ( 'NONE',  ( -1.807003620808999850E-16, 0.000000000000000000, 1.000000000000000000 ) ) ;
#2018 = ORIENTED_EDGE ( 'NONE', *, *, #6436, .T. ) ;
#2019 = CARTESIAN_POINT ( 'NONE',  ( -1.580000000000000071, -6.872895553309999350, 2.691832480700000030 ) ) ;
#2020 = PLANE ( 'NONE',  #3029 ) ;
#2021 = CARTESIAN_POINT ( 'NONE',  ( 0.3499999999999999778, -9.395000000000001350, 1.179999999999000071 ) ) ;
#2022 = EDGE_CURVE ( 'NONE', #5170, #6675, #3356, .T. ) ;
#2023 = DIRECTION ( 'NONE',  ( -1.000000000000000000, 0.000000000000000000, 1.215473287538999910E-16 ) ) ;
#2024 = AXIS2_PLACEMENT_3D ( 'NONE', #8384, #10148, #3214 ) ;
#2025 = VECTOR ( 'NONE', #1626, 1000.000000000000000 ) ;
#2026 = FACE_OUTER_BOUND ( 'NONE', #1341, .T. ) ;
#2027 = CARTESIAN_POINT ( 'NONE',  ( -1.580000000000000071, -2.194999999999999840, -0.8999999999990000443 ) ) ;
#2028 = DIRECTION ( 'NONE',  ( 0.7071067811865474617, -0.7071067811865474617, 0.000000000000000000 ) ) ;
#2029 = EDGE_CURVE ( 'NONE', #2880, #5458, #1749, .T. ) ;
#2030 = PLANE ( 'NONE',  #3126 ) ;
#2031 = VECTOR ( 'NONE', #3093, 1000.000000000000000 ) ;
#2032 = ORIENTED_EDGE ( 'NONE', *, *, #2447, .F. ) ;
#2033 = DIRECTION ( 'NONE',  ( -1.807003620808999850E-16, 0.000000000000000000, -1.000000000000000000 ) ) ;
#2034 = CARTESIAN_POINT ( 'NONE',  ( 0.3599999999990000088, -4.829526559172999889, 2.425086503945000249 ) ) ;
#2035 = COLOUR_RGB ( '',0.7921568627450980005, 0.8196078431372548767, 0.9333333333333333481 ) ;
#2036 =( LENGTH_UNIT ( ) NAMED_UNIT ( * ) SI_UNIT ( .MILLI., .METRE. ) );
#2037 = ADVANCED_FACE ( 'NONE', ( #5080 ), #10347, .F. ) ;
#2038 = CARTESIAN_POINT ( 'NONE',  ( 0.000000000000000000, -0.6950000000009999290, -1.600000000000000089 ) ) ;
#2039 = VECTOR ( 'NONE', #7689, 1000.000000000000000 ) ;
#2040 = VECTOR ( 'NONE', #11309, 1000.000000000000000 ) ;
#2041 = VECTOR ( 'NONE', #2654, 1000.000000000000000 ) ;
#2042 = ORIENTED_EDGE ( 'NONE', *, *, #4824, .F. ) ;
#2043 = LINE ( 'NONE', #1131, #1683 ) ;
#2044 = VERTEX_POINT ( 'NONE', #3298 ) ;
#2045 = DIRECTION ( 'NONE',  ( 0.000000000000000000, 0.000000000000000000, -1.000000000000000000 ) ) ;
#2046 = VERTEX_POINT ( 'NONE', #2494 ) ;
#2047 = LINE ( 'NONE', #5547, #291 ) ;
#2048 = ADVANCED_FACE ( 'NONE', ( #783 ), #8700, .F. ) ;
#2049 = VECTOR ( 'NONE', #10067, 1000.000000000000000 ) ;
#2050 = EDGE_CURVE ( 'NONE', #6305, #9578, #886, .T. ) ;
#2051 = DIRECTION ( 'NONE',  ( 0.000000000000000000, 0.000000000000000000, -1.000000000000000000 ) ) ;
#2052 = CARTESIAN_POINT ( 'NONE',  ( -1.279999999998999716, 3.704999999998999982, 0.3999999999989999888 ) ) ;
#2053 = VERTEX_POINT ( 'NONE', #4381 ) ;
#2054 = CARTESIAN_POINT ( 'NONE',  ( 0.3499999999999999778, -8.831833331044999014, 2.425086503945000249 ) ) ;
#2055 = ORIENTED_EDGE ( 'NONE', *, *, #6372, .T. ) ;
#2056 = DIRECTION ( 'NONE',  ( -1.215473287538999910E-16, 0.000000000000000000, -1.000000000000000000 ) ) ;
#2057 = VECTOR ( 'NONE', #3799, 1000.000000000000000 ) ;
#2058 = EDGE_LOOP ( 'NONE', ( #1321, #1664, #678, #575 ) ) ;
#2059 = ORIENTED_EDGE ( 'NONE', *, *, #3067, .F. ) ;
#2060 = EDGE_LOOP ( 'NONE', ( #10153, #6501, #11005, #8439, #2634, #9002, #9954, #4994, #4713, #2616, #5152, #3175 ) ) ;
#2061 = CARTESIAN_POINT ( 'NONE',  ( -0.09999999999899999992, 2.704999999998999982, 0.000000000000000000 ) ) ;
#2062 = DIRECTION ( 'NONE',  ( 0.000000000000000000, 1.000000000000000000, 0.000000000000000000 ) ) ;
#2063 = CARTESIAN_POINT ( 'NONE',  ( -1.280000000000000027, -2.194999999999999840, -1.899999999998999822 ) ) ;
#2064 = CARTESIAN_POINT ( 'NONE',  ( 1.280000000000000027, -7.894999999999999574, 5.249999999998999911 ) ) ;
#2065 = DIRECTION ( 'NONE',  ( -1.000000000000000000, 0.000000000000000000, 1.215473287538999910E-16 ) ) ;
#2066 = FACE_OUTER_BOUND ( 'NONE', #8008, .T. ) ;
#2067 = VECTOR ( 'NONE', #10442, 1000.000000000000000 ) ;
#2068 = EDGE_CURVE ( 'NONE', #1027, #6982, #1634, .T. ) ;
#2069 = ORIENTED_EDGE ( 'NONE', *, *, #5663, .T. ) ;
#2070 = CARTESIAN_POINT ( 'NONE',  ( 1.280000000000000027, -8.294999999999999929, 2.249999999998999911 ) ) ;
#2071 = ORIENTED_EDGE ( 'NONE', *, *, #9830, .T. ) ;
#2072 = ORIENTED_EDGE ( 'NONE', *, *, #10904, .T. ) ;
#2073 = PRESENTATION_STYLE_ASSIGNMENT (( #5687 ) ) ;
#2074 = EDGE_LOOP ( 'NONE', ( #1498, #4198, #7219, #6565 ) ) ;
#2075 = CARTESIAN_POINT ( 'NONE',  ( -0.3599999999990000088, -4.829526559172999889, 2.425086503945000249 ) ) ;
#2076 = DIRECTION ( 'NONE',  ( -1.299091332659999954E-16, 1.000000000000000000, 0.000000000000000000 ) ) ;
#2077 = CARTESIAN_POINT ( 'NONE',  ( 1.430000000000000160, -4.337947837308999688, 6.330399858456999596 ) ) ;
#2078 = DIRECTION ( 'NONE',  ( 0.000000000000000000, 0.000000000000000000, 1.000000000000000000 ) ) ;
#2079 = EDGE_CURVE ( 'NONE', #737, #4185, #835, .T. ) ;
#2080 = EDGE_CURVE ( 'NONE', #4723, #11033, #9440, .T. ) ;
#2081 = VECTOR ( 'NONE', #8839, 1000.000000000000000 ) ;
#2082 = DIRECTION ( 'NONE',  ( 0.000000000000000000, 0.000000000000000000, -1.000000000000000000 ) ) ;
#2083 = DIRECTION ( 'NONE',  ( 0.000000000000000000, -1.000000000000000000, 2.167154562174000065E-16 ) ) ;
#2084 = VECTOR ( 'NONE', #6343, 1000.000000000000000 ) ;
#2085 = DIRECTION ( 'NONE',  ( 0.8990754936489593341, 0.4377936234344672051, 4.746567976289071596E-16 ) ) ;
#2086 = PRODUCT_DEFINITION ( 'æœ', '', #6812, #8240 ) ;
#2087 = DIRECTION ( 'NONE',  ( -5.043728344356904166E-17, 0.7071067811865475727, -0.7071067811865475727 ) ) ;
#2088 = FACE_OUTER_BOUND ( 'NONE', #5014, .T. ) ;
#2089 = VERTEX_POINT ( 'NONE', #7725 ) ;
#2090 = CARTESIAN_POINT ( 'NONE',  ( 1.280000000000000027, -8.294999999999999929, 6.399999999999000266 ) ) ;
#2091 = DIRECTION ( 'NONE',  ( -1.000000000000000000, 0.000000000000000000, 1.215473287538999910E-16 ) ) ;
#2092 = VECTOR ( 'NONE', #8150, 1000.000000000000000 ) ;
#2093 = DIRECTION ( 'NONE',  ( 1.000000000000000000, 0.000000000000000000, 0.000000000000000000 ) ) ;
#2094 = AXIS2_PLACEMENT_3D ( 'NONE', #5807, #9299, #5690 ) ;
#2095 = EDGE_CURVE ( 'NONE', #2309, #5163, #1581, .T. ) ;
#2096 = ORIENTED_EDGE ( 'NONE', *, *, #9134, .F. ) ;
#2097 = CARTESIAN_POINT ( 'NONE',  ( -0.09999999999899999992, 0.7049999999990003152, 0.000000000000000000 ) ) ;
#2098 = ADVANCED_FACE ( 'NONE', ( #3414 ), #7837, .F. ) ;
#2099 = ORIENTED_EDGE ( 'NONE', *, *, #3985, .T. ) ;
#2100 = LINE ( 'NONE', #5599, #4221 ) ;
#2101 = ORIENTED_EDGE ( 'NONE', *, *, #4958, .F. ) ;
#2102 = VECTOR ( 'NONE', #111, 1000.000000000000114 ) ;
#2103 = CARTESIAN_POINT ( 'NONE',  ( -1.279999999998999716, -3.494999999999999662, 0.2999999999999999889 ) ) ;
#2104 = ORIENTED_EDGE ( 'NONE', *, *, #8162, .F. ) ;
#2105 = VECTOR ( 'NONE', #6004, 1000.000000000000000 ) ;
#2106 = CARTESIAN_POINT ( 'NONE',  ( -0.09999999999899999992, -1.695000000000999707, 0.000000000000000000 ) ) ;
#2107 = CARTESIAN_POINT ( 'NONE',  ( -0.3600000000000000422, -5.330679945108999007, 5.625000000000000000 ) ) ;
#2108 = EDGE_CURVE ( 'NONE', #9298, #8487, #9384, .T. ) ;
#2109 = VECTOR ( 'NONE', #9808, 1000.000000000000000 ) ;
#2110 = ORIENTED_EDGE ( 'NONE', *, *, #8511, .T. ) ;
#2111 = DIRECTION ( 'NONE',  ( 1.000000000000000000, 0.000000000000000000, 0.000000000000000000 ) ) ;
#2112 = EDGE_CURVE ( 'NONE', #5165, #2309, #6968, .T. ) ;
#2113 = ORIENTED_EDGE ( 'NONE', *, *, #7220, .F. ) ;
#2114 = PLANE ( 'NONE',  #1543 ) ;
#2115 = VERTEX_POINT ( 'NONE', #2027 ) ;
#2116 = ORIENTED_EDGE ( 'NONE', *, *, #4636, .T. ) ;
#2117 = ORIENTED_EDGE ( 'NONE', *, *, #9377, .F. ) ;
#2118 = DIRECTION ( 'NONE',  ( 0.000000000000000000, -1.000000000000000000, 0.000000000000000000 ) ) ;
#2119 = FACE_OUTER_BOUND ( 'NONE', #8733, .T. ) ;
#2120 = CARTESIAN_POINT ( 'NONE',  ( -0.3600000000000000422, -4.830679945108999895, 4.924999999999999822 ) ) ;
#2121 = VECTOR ( 'NONE', #10718, 1000.000000000000000 ) ;
#2122 = LINE ( 'NONE', #4754, #11175 ) ;
#2123 = DIRECTION ( 'NONE',  ( -1.000000000000000000, 1.239088197125999924E-16, 0.000000000000000000 ) ) ;
#2124 = VECTOR ( 'NONE', #2763, 1000.000000000000000 ) ;
#2125 = DIRECTION ( 'NONE',  ( 1.000000000000000000, 0.000000000000000000, 0.000000000000000000 ) ) ;
#2126 = ORIENTED_EDGE ( 'NONE', *, *, #6556, .F. ) ;
#2127 = FILL_AREA_STYLE_COLOUR ( '', #5236 ) ;
#2128 = VECTOR ( 'NONE', #10925, 1000.000000000000000 ) ;
#2129 = ORIENTED_EDGE ( 'NONE', *, *, #3934, .F. ) ;
#2130 = VERTEX_POINT ( 'NONE', #8124 ) ;
#2131 = ORIENTED_EDGE ( 'NONE', *, *, #11188, .F. ) ;
#2132 = CARTESIAN_POINT ( 'NONE',  ( -0.3599999999990000088, -5.330679945108999007, 3.124999999998999911 ) ) ;
#2133 = ORIENTED_EDGE ( 'NONE', *, *, #8179, .T. ) ;
#2134 = EDGE_CURVE ( 'NONE', #5929, #1518, #4669, .T. ) ;
#2135 = CARTESIAN_POINT ( 'NONE',  ( 1.430000000000000160, -2.944999999999999396, -2.396835946434999984E-32 ) ) ;
#2136 = PLANE ( 'NONE',  #9809 ) ;
#2137 = LINE ( 'NONE', #10157, #4379 ) ;
#2138 = PLANE ( 'NONE',  #4608 ) ;
#2139 = LINE ( 'NONE', #351, #217 ) ;
#2140 = DIRECTION ( 'NONE',  ( -1.000000000000000000, 0.000000000000000000, 2.265767058393385022E-17 ) ) ;
#2141 = CARTESIAN_POINT ( 'NONE',  ( -0.3799999999990000266, -9.694999999999998508, 0.1999999999990000055 ) ) ;
#2142 = CARTESIAN_POINT ( 'NONE',  ( 1.580000000000000071, -8.294999999999999929, 6.399999999999000266 ) ) ;
#2143 = DIRECTION ( 'NONE',  ( 0.000000000000000000, -1.000000000000000000, 0.000000000000000000 ) ) ;
#2144 = ORIENTED_EDGE ( 'NONE', *, *, #1907, .T. ) ;
#2145 = ADVANCED_FACE ( 'NONE', ( #9828 ), #6392, .F. ) ;
#2146 = FACE_OUTER_BOUND ( 'NONE', #1505, .T. ) ;
#2147 = CARTESIAN_POINT ( 'NONE',  ( -0.09999999999899999992, 1.304999999999000515, -1.600000000000000089 ) ) ;
#2148 = CARTESIAN_POINT ( 'NONE',  ( -1.580000000000000071, 3.804999999999000071, 0.3999999999989999888 ) ) ;
#2149 = DIRECTION ( 'NONE',  ( -0.000000000000000000, 1.000000000000000000, 0.000000000000000000 ) ) ;
#2150 = ORIENTED_EDGE ( 'NONE', *, *, #9703, .T. ) ;
#2151 = CARTESIAN_POINT ( 'NONE',  ( -0.3599999999990000088, -4.829526559172999889, 2.124913496054000372 ) ) ;
#2152 = CARTESIAN_POINT ( 'NONE',  ( -1.279999999998999716, -3.894999999999999574, 1.249999999998999911 ) ) ;
#2153 = ORIENTED_EDGE ( 'NONE', *, *, #2715, .F. ) ;
#2154 = PLANE ( 'NONE',  #8086 ) ;
#2155 = VERTEX_POINT ( 'NONE', #2836 ) ;
#2156 = EDGE_CURVE ( 'NONE', #6801, #7003, #244, .T. ) ;
#2157 = EDGE_CURVE ( 'NONE', #219, #1760, #5528, .T. ) ;
#2158 = CARTESIAN_POINT ( 'NONE',  ( -1.280000000000000027, -7.894999999999999574, 3.749999999998999911 ) ) ;
#2159 = VERTEX_POINT ( 'NONE', #6276 ) ;
#2160 = DIRECTION ( 'NONE',  ( -1.215473287538999910E-16, 0.000000000000000000, 1.000000000000000000 ) ) ;
#2161 = EDGE_CURVE ( 'NONE', #2965, #5843, #9881, .T. ) ;
#2162 = DIRECTION ( 'NONE',  ( -1.000000000000000000, 0.000000000000000000, 0.000000000000000000 ) ) ;
#2163 = ORIENTED_EDGE ( 'NONE', *, *, #6120, .T. ) ;
#2164 = DIRECTION ( 'NONE',  ( 1.000000000000000000, -1.239088197125999924E-16, 0.000000000000000000 ) ) ;
#2165 = VECTOR ( 'NONE', #5894, 1000.000000000000000 ) ;
#2166 = VERTEX_POINT ( 'NONE', #1169 ) ;
#2167 = DIRECTION ( 'NONE',  ( -1.000000000000000000, -1.239088197125999924E-16, 0.000000000000000000 ) ) ;
#2168 = ORIENTED_EDGE ( 'NONE', *, *, #2462, .T. ) ;
#2169 = EDGE_CURVE ( 'NONE', #7263, #8329, #1798, .T. ) ;
#2170 = ORIENTED_EDGE ( 'NONE', *, *, #7565, .T. ) ;
#2171 = VERTEX_POINT ( 'NONE', #76 ) ;
#2172 = CARTESIAN_POINT ( 'NONE',  ( 0.3499999999999999778, -4.830679945108999895, 6.924999999999999822 ) ) ;
#2173 = CARTESIAN_POINT ( 'NONE',  ( 0.3499999999989999999, -5.330679945108999007, 1.624999999998999911 ) ) ;
#2174 = CARTESIAN_POINT ( 'NONE',  ( 0.3499999999999999778, -9.330679945108999007, 5.625000000000000000 ) ) ;
#2175 = FACE_OUTER_BOUND ( 'NONE', #5624, .T. ) ;
#2176 = EDGE_CURVE ( 'NONE', #697, #10389, #3800, .T. ) ;
#2177 = LINE ( 'NONE', #5678, #10450 ) ;
#2178 = ORIENTED_EDGE ( 'NONE', *, *, #5259, .F. ) ;
#2179 = PLANE ( 'NONE',  #9812 ) ;
#2180 = VERTEX_POINT ( 'NONE', #10624 ) ;
#2181 = VERTEX_POINT ( 'NONE', #10743 ) ;
#2182 = AXIS2_PLACEMENT_3D ( 'NONE', #451, #5735, #8435 ) ;
#2183 = ORIENTED_EDGE ( 'NONE', *, *, #6288, .F. ) ;
#2184 = CARTESIAN_POINT ( 'NONE',  ( -1.279999999998999716, -1.545811304863999647, 0.05000000000000000278 ) ) ;
#2185 = ORIENTED_EDGE ( 'NONE', *, *, #8791, .T. ) ;
#2186 = CARTESIAN_POINT ( 'NONE',  ( -0.3600000000000000422, -4.830679945108999895, 6.424999999999999822 ) ) ;
#2187 = CARTESIAN_POINT ( 'NONE',  ( 0.3499999999999999778, -9.330679945108999007, 7.125000000000000000 ) ) ;
#2188 = CARTESIAN_POINT ( 'NONE',  ( 0.3600000000000000422, -9.330679945108999007, 5.924999999999999822 ) ) ;
#2189 = VECTOR ( 'NONE', #613, 1000.000000000000000 ) ;
#2190 = DIRECTION ( 'NONE',  ( 1.215473287538999910E-16, 0.000000000000000000, -1.000000000000000000 ) ) ;
#2191 = CARTESIAN_POINT ( 'NONE',  ( 1.280000000000000027, -3.694999999999999396, 4.283769826401000458 ) ) ;
#2192 = CARTESIAN_POINT ( 'NONE',  ( -0.3599999999990000088, -9.330679945108999007, 1.625000000000000000 ) ) ;
#2193 = DIRECTION ( 'NONE',  ( -1.393178489863000032E-31, -1.084202172484999957E-15, 1.000000000000000000 ) ) ;
#2194 = ORIENTED_EDGE ( 'NONE', *, *, #7096, .T. ) ;
#2195 = FACE_OUTER_BOUND ( 'NONE', #8729, .T. ) ;
#2196 = DIRECTION ( 'NONE',  ( 0.000000000000000000, 1.000000000000000000, 0.000000000000000000 ) ) ;
#2197 = CARTESIAN_POINT ( 'NONE',  ( -1.280000000000000027, -8.294999999999999929, 6.399999999999000266 ) ) ;
#2198 = VECTOR ( 'NONE', #10984, 1000.000000000000000 ) ;
#2199 = PLANE ( 'NONE',  #4974 ) ;
#2200 = EDGE_CURVE ( 'NONE', #8080, #10309, #9770, .T. ) ;
#2201 = VECTOR ( 'NONE', #10388, 1000.000000000000000 ) ;
#2202 = ORIENTED_EDGE ( 'NONE', *, *, #5407, .T. ) ;
#2203 = CARTESIAN_POINT ( 'NONE',  ( 0.3599999999990000088, -5.330679945108999007, 3.124999999998999911 ) ) ;
#2204 = VECTOR ( 'NONE', #10492, 1000.000000000000000 ) ;
#2205 = FACE_OUTER_BOUND ( 'NONE', #6944, .T. ) ;
#2206 = VECTOR ( 'NONE', #7480, 1000.000000000000000 ) ;
#2207 = VERTEX_POINT ( 'NONE', #3584 ) ;
#2208 = LINE ( 'NONE', #4040, #4773 ) ;
#2209 = EDGE_LOOP ( 'NONE', ( #6943, #4766, #8585, #369 ) ) ;
#2210 = LINE ( 'NONE', #4105, #5751 ) ;
#2211 = LINE ( 'NONE', #7448, #10345 ) ;
#2212 = ORIENTED_EDGE ( 'NONE', *, *, #1473, .F. ) ;
#2213 = CIRCLE ( 'NONE', #8094, 1.199999999998999645 ) ;
#2214 = LINE ( 'NONE', #9159, #27 ) ;
#2215 = VECTOR ( 'NONE', #9545, 1000.000000000000000 ) ;
#2216 = VECTOR ( 'NONE', #10277, 1000.000000000000000 ) ;
#2217 = DIRECTION ( 'NONE',  ( 0.000000000000000000, -1.000000000000000000, 0.000000000000000000 ) ) ;
#2218 = ADVANCED_FACE ( 'NONE', ( #3748 ), #7142, .F. ) ;
#2219 = ADVANCED_FACE ( 'NONE', ( #8178 ), #8976, .T. ) ;
#2220 = ORIENTED_EDGE ( 'NONE', *, *, #5088, .T. ) ;
#2221 = CARTESIAN_POINT ( 'NONE',  ( 1.280000000000000027, 3.704999999998999982, 0.4000000000000000222 ) ) ;
#2222 = ORIENTED_EDGE ( 'NONE', *, *, #9391, .F. ) ;
#2223 = CARTESIAN_POINT ( 'NONE',  ( -1.580000000000000071, -7.894999999999999574, 5.249999999998999911 ) ) ;
#2224 = ORIENTED_EDGE ( 'NONE', *, *, #10005, .F. ) ;
#2225 = EDGE_CURVE ( 'NONE', #8136, #1557, #6168, .T. ) ;
#2226 = AXIS2_PLACEMENT_3D ( 'NONE', #10872, #10977, #3935 ) ;
#2227 = ORIENTED_EDGE ( 'NONE', *, *, #6008, .F. ) ;
#2228 = ORIENTED_EDGE ( 'NONE', *, *, #2225, .F. ) ;
#2229 = DIRECTION ( 'NONE',  ( 1.000000000000000000, 0.000000000000000000, 1.215473287538999910E-16 ) ) ;
#2230 = LINE ( 'NONE', #449, #2833 ) ;
#2231 = LINE ( 'NONE', #4704, #7163 ) ;
#2232 = LINE ( 'NONE', #4705, #4567 ) ;
#2233 = CARTESIAN_POINT ( 'NONE',  ( 1.280000000000000027, -8.294999999999999929, 3.749999999998999911 ) ) ;
#2234 = ADVANCED_FACE ( 'NONE', ( #3691 ), #1114, .T. ) ;
#2235 = VECTOR ( 'NONE', #5055, 1000.000000000000000 ) ;
#2236 = VERTEX_POINT ( 'NONE', #1006 ) ;
#2237 = DIRECTION ( 'NONE',  ( -1.000000000000000000, 0.000000000000000000, 1.215473287538999910E-16 ) ) ;
#2238 = EDGE_LOOP ( 'NONE', ( #530, #5867, #2493, #9294 ) ) ;
#2239 = EDGE_LOOP ( 'NONE', ( #9674, #5411, #10415, #8961 ) ) ;
#2240 = ADVANCED_FACE ( 'NONE', ( #6217 ), #9710, .F. ) ;
#2241 = ORIENTED_EDGE ( 'NONE', *, *, #1340, .T. ) ;
#2242 = ORIENTED_EDGE ( 'NONE', *, *, #11015, .F. ) ;
#2243 = DIRECTION ( 'NONE',  ( 1.000000000000000000, 0.000000000000000000, 1.215473287538999910E-16 ) ) ;
#2244 = ORIENTED_EDGE ( 'NONE', *, *, #2603, .F. ) ;
#2245 = PLANE ( 'NONE',  #1548 ) ;
#2246 = DIRECTION ( 'NONE',  ( 0.000000000000000000, -1.000000000000000000, 0.000000000000000000 ) ) ;
#2247 = VECTOR ( 'NONE', #7766, 1000.000000000000000 ) ;
#2248 = CARTESIAN_POINT ( 'NONE',  ( -1.280000000000000027, 3.504999999999000249, 0.000000000000000000 ) ) ;
#2249 = LINE ( 'NONE', #10270, #3493 ) ;
#2250 = CARTESIAN_POINT ( 'NONE',  ( 1.280000000000000027, -5.910051363132999391, 3.399999999998999822 ) ) ;
#2251 = EDGE_CURVE ( 'NONE', #1315, #9065, #5358, .T. ) ;
#2252 = CARTESIAN_POINT ( 'NONE',  ( -0.3600000000000000422, -4.830679945108999895, 5.424999999998999733 ) ) ;
#2253 = EDGE_CURVE ( 'NONE', #7458, #7286, #9658, .T. ) ;
#2254 = CARTESIAN_POINT ( 'NONE',  ( -1.580000000000000071, -2.544188695136999634, 0.2999999999999999889 ) ) ;
#2255 = CARTESIAN_POINT ( 'NONE',  ( 0.1000000000000000056, 2.704999999998999982, 0.000000000000000000 ) ) ;
#2256 = EDGE_LOOP ( 'NONE', ( #132, #5369, #6835, #7490 ) ) ;
#2257 = CARTESIAN_POINT ( 'NONE',  ( 1.280000000000000027, -3.894999999999999574, 0.2999999999999999889 ) ) ;
#2258 = CARTESIAN_POINT ( 'NONE',  ( -0.3599999999990000088, -5.330679945108999007, 1.624999999998999911 ) ) ;
#2259 = CARTESIAN_POINT ( 'NONE',  ( -1.579999999998999982, -1.545811304863999647, 0.2999999999999999889 ) ) ;
#2260 = DIRECTION ( 'NONE',  ( 0.000000000000000000, 0.000000000000000000, -1.000000000000000000 ) ) ;
#2261 = COLOUR_RGB ( '',0.7921568627450980005, 0.8196078431372548767, 0.9333333333333333481 ) ;
#2262 = UNCERTAINTY_MEASURE_WITH_UNIT (LENGTH_MEASURE( 1.000000000000000082E-05 ), #7737, 'distance_accuracy_value', 'NONE');
#2263 = VERTEX_POINT ( 'NONE', #10848 ) ;
#2264 = DIRECTION ( 'NONE',  ( 0.000000000000000000, 0.000000000000000000, 1.000000000000000000 ) ) ;
#2265 = CARTESIAN_POINT ( 'NONE',  ( 0.3800000000000000044, -9.694999999999998508, 0.04999999999899999714 ) ) ;
#2266 = ORIENTED_EDGE ( 'NONE', *, *, #6160, .T. ) ;
#2267 = DIRECTION ( 'NONE',  ( 1.807003620808999850E-16, 0.000000000000000000, 1.000000000000000000 ) ) ;
#2268 = VECTOR ( 'NONE', #4961, 1000.000000000000000 ) ;
#2269 = ORIENTED_EDGE ( 'NONE', *, *, #10490, .T. ) ;
#2270 = DIRECTION ( 'NONE',  ( -2.231344965625815353E-17, -0.1736481776660634968, 0.9848077530123608980 ) ) ;
#2271 = CARTESIAN_POINT ( 'NONE',  ( -1.280000000000000027, -8.294999999999999929, 5.599999999998999556 ) ) ;
#2272 = ADVANCED_FACE ( 'NONE', ( #7479 ), #8289, .F. ) ;
#2273 = VECTOR ( 'NONE', #4714, 1000.000000000000114 ) ;
#2274 = DIRECTION ( 'NONE',  ( 1.239088197125999924E-16, 1.000000000000000000, 0.000000000000000000 ) ) ;
#2275 = FACE_OUTER_BOUND ( 'NONE', #1888, .T. ) ;
#2276 = ORIENTED_EDGE ( 'NONE', *, *, #8332, .F. ) ;
#2277 = AXIS2_PLACEMENT_3D ( 'NONE', #978, #711, #597 ) ;
#2278 = FACE_OUTER_BOUND ( 'NONE', #1380, .T. ) ;
#2279 = ORIENTED_EDGE ( 'NONE', *, *, #572, .F. ) ;
#2280 = DIRECTION ( 'NONE',  ( 1.000000000000000000, 0.000000000000000000, 0.000000000000000000 ) ) ;
#2281 = ORIENTED_EDGE ( 'NONE', *, *, #37, .F. ) ;
#2282 = ORIENTED_EDGE ( 'NONE', *, *, #91, .T. ) ;
#2283 = ORIENTED_EDGE ( 'NONE', *, *, #10557, .T. ) ;
#2284 = CARTESIAN_POINT ( 'NONE',  ( 1.279999999998999716, 2.054999999999000515, -0.8999999999990000443 ) ) ;
#2285 = ADVANCED_FACE ( 'NONE', ( #3110 ), #9087, .F. ) ;
#2286 = CARTESIAN_POINT ( 'NONE',  ( -0.3599999999990000088, -5.330679945108999007, 1.924999999998999956 ) ) ;
#2287 = DIRECTION ( 'NONE',  ( 1.000000000000000000, 0.000000000000000000, 0.000000000000000000 ) ) ;
#2288 = CARTESIAN_POINT ( 'NONE',  ( 0.000000000000000000, -0.6950000000009999290, 0.000000000000000000 ) ) ;
#2289 = CARTESIAN_POINT ( 'NONE',  ( -1.580000000000000071, 3.804999999999000071, 9.000000000000000000 ) ) ;
#2290 = AXIS2_PLACEMENT_3D ( 'NONE', #4387, #8756, #893 ) ;
#2291 = VERTEX_POINT ( 'NONE', #3171 ) ;
#2292 = SURFACE_STYLE_FILL_AREA ( #6664 ) ;
#2293 = DIRECTION ( 'NONE',  ( 1.000000000000000000, 1.284980352574999780E-16, 0.000000000000000000 ) ) ;
#2294 = EDGE_LOOP ( 'NONE', ( #6322, #4758, #1989, #9291 ) ) ;
#2295 = ORIENTED_EDGE ( 'NONE', *, *, #4205, .F. ) ;
#2296 = ORIENTED_EDGE ( 'NONE', *, *, #9737, .F. ) ;
#2297 = CARTESIAN_POINT ( 'NONE',  ( 0.1000000000000000056, 2.304999999999000515, 0.000000000000000000 ) ) ;
#2298 = CIRCLE ( 'NONE', #8175, 1.049999999999999822 ) ;
#2299 = ORIENTED_EDGE ( 'NONE', *, *, #1945, .F. ) ;
#2300 = EDGE_CURVE ( 'NONE', #1777, #8603, #3057, .T. ) ;
#2301 = LINE ( 'NONE', #5748, #1732 ) ;
#2302 = EDGE_CURVE ( 'NONE', #9079, #10399, #6622, .T. ) ;
#2303 = FACE_OUTER_BOUND ( 'NONE', #3083, .T. ) ;
#2304 = VECTOR ( 'NONE', #2929, 1000.000000000000000 ) ;
#2305 = CARTESIAN_POINT ( 'NONE',  ( -0.3599999999990000088, -9.330679945108999007, 1.625000000000000000 ) ) ;
#2306 = CARTESIAN_POINT ( 'NONE',  ( -1.279999999998999716, 1.555811304863000011, 0.05000000000000000278 ) ) ;
#2307 = EDGE_CURVE ( 'NONE', #5079, #292, #10109, .T. ) ;
#2308 = AXIS2_PLACEMENT_3D ( 'NONE', #3203, #9402, #1541 ) ;
#2309 = VERTEX_POINT ( 'NONE', #3855 ) ;
#2310 = CARTESIAN_POINT ( 'NONE',  ( 1.279999999998999716, -1.545811304863999647, 0.2999999999999999889 ) ) ;
#2311 = LINE ( 'NONE', #9254, #63 ) ;
#2312 = LINE ( 'NONE', #2254, #11356 ) ;
#2313 = PLANE ( 'NONE',  #8453 ) ;
#2314 = ORIENTED_EDGE ( 'NONE', *, *, #2381, .T. ) ;
#2315 = DIRECTION ( 'NONE',  ( 0.000000000000000000, 1.000000000000000000, 0.000000000000000000 ) ) ;
#2316 = ADVANCED_FACE ( 'NONE', ( #10045 ), #4719, .T. ) ;
#2317 = DIRECTION ( 'NONE',  ( 0.000000000000000000, 0.000000000000000000, -1.000000000000000000 ) ) ;
#2318 = LINE ( 'NONE', #2259, #517 ) ;
#2319 = CARTESIAN_POINT ( 'NONE',  ( -0.3499999999999999778, -4.830679945108999895, 6.924999999999999822 ) ) ;
#2320 = EDGE_CURVE ( 'NONE', #159, #10696, #7373, .T. ) ;
#2321 = EDGE_CURVE ( 'NONE', #7189, #4788, #2311, .T. ) ;
#2322 = ORIENTED_EDGE ( 'NONE', *, *, #6932, .T. ) ;
#2323 = DIRECTION ( 'NONE',  ( 0.000000000000000000, 1.000000000000000000, 0.000000000000000000 ) ) ;
#2324 = CARTESIAN_POINT ( 'NONE',  ( 1.079999999998999982, -3.694999999999999396, 4.283769826401000458 ) ) ;
#2325 = ORIENTED_EDGE ( 'NONE', *, *, #7563, .F. ) ;
#2326 = LINE ( 'NONE', #3245, #6229 ) ;
#2327 = ORIENTED_EDGE ( 'NONE', *, *, #11346, .F. ) ;
#2328 = CARTESIAN_POINT ( 'NONE',  ( 1.279999999998999716, 2.554188695136000664, 0.2999999999999999889 ) ) ;
#2329 = LINE ( 'NONE', #2120, #8244 ) ;
#2330 = EDGE_CURVE ( 'NONE', #1930, #8868, #527, .T. ) ;
#2331 = CARTESIAN_POINT ( 'NONE',  ( 1.579999999998999982, 3.997956458716000583, 6.546921887134999452 ) ) ;
#2332 = CARTESIAN_POINT ( 'NONE',  ( -1.080000000000000071, 3.804999999999000071, 4.915278589676999488 ) ) ;
#2333 = ORIENTED_EDGE ( 'NONE', *, *, #3732, .F. ) ;
#2334 = CYLINDRICAL_SURFACE ( 'NONE', #4890, 1.199999999998999645 ) ;
#2335 = AXIS2_PLACEMENT_3D ( 'NONE', #6756, #4978, #4055 ) ;
#2336 = ORIENTED_EDGE ( 'NONE', *, *, #2660, .T. ) ;
#2337 = LINE ( 'NONE', #5786, #7709 ) ;
#2338 = EDGE_LOOP ( 'NONE', ( #6480, #9648, #3537, #9910 ) ) ;
#2339 = ORIENTED_EDGE ( 'NONE', *, *, #5131, .F. ) ;
#2340 = ORIENTED_EDGE ( 'NONE', *, *, #5787, .F. ) ;
#2341 = DIRECTION ( 'NONE',  ( 2.226573324198619874E-15, 0.000000000000000000, 1.000000000000000000 ) ) ;
#2342 = DIRECTION ( 'NONE',  ( 0.000000000000000000, -1.000000000000000000, 0.000000000000000000 ) ) ;
#2343 = LINE ( 'NONE', #2402, #4962 ) ;
#2344 = CARTESIAN_POINT ( 'NONE',  ( -1.279999999998999716, -7.894999999999999574, 3.749999999998999911 ) ) ;
#2345 = DIRECTION ( 'NONE',  ( 0.000000000000000000, 0.000000000000000000, -1.000000000000000000 ) ) ;
#2346 = EDGE_LOOP ( 'NONE', ( #6553, #9892, #8764, #4171 ) ) ;
#2347 = EDGE_CURVE ( 'NONE', #5498, #3720, #11019, .T. ) ;
#2348 = SURFACE_STYLE_USAGE ( .BOTH. , #7579 ) ;
#2349 = ORIENTED_EDGE ( 'NONE', *, *, #5913, .T. ) ;
#2350 = ORIENTED_EDGE ( 'NONE', *, *, #9292, .F. ) ;
#2351 = CARTESIAN_POINT ( 'NONE',  ( -1.580000000000000071, -6.872895553309999350, 2.600000000000000089 ) ) ;
#2352 = ORIENTED_EDGE ( 'NONE', *, *, #3123, .F. ) ;
#2353 = VERTEX_POINT ( 'NONE', #6678 ) ;
#2354 = DIRECTION ( 'NONE',  ( -2.786356979726000501E-31, -2.168404344971000191E-15, 1.000000000000000000 ) ) ;
#2355 = VERTEX_POINT ( 'NONE', #1390 ) ;
#2356 = DIRECTION ( 'NONE',  ( 0.000000000000000000, 0.000000000000000000, 1.000000000000000000 ) ) ;
#2358 = CARTESIAN_POINT ( 'NONE',  ( -1.579999999998999982, -9.694999999999998508, 7.799999999998999733 ) ) ;
#2357 = PRESENTATION_LAYER_ASSIGNMENT (  '', '', ( #335 ) ) ;
#2359 = DIRECTION ( 'NONE',  ( 0.000000000000000000, 0.000000000000000000, -1.000000000000000000 ) ) ;
#2360 = ORIENTED_EDGE ( 'NONE', *, *, #7209, .F. ) ;
#2361 = ADVANCED_FACE ( 'NONE', ( #473 ), #3910, .F. ) ;
#2362 = LINE ( 'NONE', #7708, #9937 ) ;
#2363 = EDGE_CURVE ( 'NONE', #3824, #88, #9139, .T. ) ;
#2364 = VECTOR ( 'NONE', #10105, 1000.000000000000000 ) ;
#2365 = CARTESIAN_POINT ( 'NONE',  ( -1.579999999998999982, 2.054999999999000515, -0.8999999999990000443 ) ) ;
#2366 = LINE ( 'NONE', #6515, #368 ) ;
#2367 = CARTESIAN_POINT ( 'NONE',  ( 1.579999999998999982, -3.894999999999999574, 4.383769826401000991 ) ) ;
#2368 = EDGE_LOOP ( 'NONE', ( #9822, #666, #8561, #7611 ) ) ;
#2369 = EDGE_CURVE ( 'NONE', #8826, #2880, #2944, .T. ) ;
#2370 = PLANE ( 'NONE',  #7418 ) ;
#2371 = DIRECTION ( 'NONE',  ( -1.000000000000000000, 0.000000000000000000, 0.000000000000000000 ) ) ;
#2372 = PRESENTATION_STYLE_ASSIGNMENT (( #480 ) ) ;
#2374 = VECTOR ( 'NONE', #7933, 1000.000000000000000 ) ;
#2373 = CARTESIAN_POINT ( 'NONE',  ( -0.3600000000000000422, -4.830679945108999895, 3.924999999999999822 ) ) ;
#2375 = EDGE_CURVE ( 'NONE', #3333, #5178, #9308, .T. ) ;
#2376 = ORIENTED_EDGE ( 'NONE', *, *, #6242, .F. ) ;
#2377 = PLANE ( 'NONE',  #4831 ) ;
#2378 = CARTESIAN_POINT ( 'NONE',  ( 1.579999999998999982, 2.554188695136000664, 0.05000000000000000278 ) ) ;
#2379 = LINE ( 'NONE', #5890, #9355 ) ;
#2380 = ORIENTED_EDGE ( 'NONE', *, *, #10916, .F. ) ;
#2381 = EDGE_CURVE ( 'NONE', #8363, #8603, #4946, .T. ) ;
#2382 = CARTESIAN_POINT ( 'NONE',  ( 1.430000000000000160, -4.337947837308999688, 5.654324757502999788 ) ) ;
#2383 = DIRECTION ( 'NONE',  ( 0.000000000000000000, -1.000000000000000000, -1.084202172484999957E-15 ) ) ;
#2384 = AXIS2_PLACEMENT_3D ( 'NONE', #9336, #6759, #5727 ) ;
#2385 = CARTESIAN_POINT ( 'NONE',  ( 0.3599999999990000088, -9.330679945108999007, 1.625000000000000000 ) ) ;
#2386 = LINE ( 'NONE', #2331, #6821 ) ;
#2387 = LINE ( 'NONE', #5957, #5895 ) ;
#2388 = AXIS2_PLACEMENT_3D ( 'NONE', #10328, #5065, #702 ) ;
#2389 = VECTOR ( 'NONE', #3913, 1000.000000000000000 ) ;
#2390 = EDGE_LOOP ( 'NONE', ( #7333, #2281, #293, #4456 ) ) ;
#2391 = FILL_AREA_STYLE ('',( #11101 ) ) ;
#2392 = VERTEX_POINT ( 'NONE', #6562 ) ;
#2393 = CARTESIAN_POINT ( 'NONE',  ( -1.279999999998999716, 2.554188695136000664, 0.05000000000000000278 ) ) ;
#2394 = ORIENTED_EDGE ( 'NONE', *, *, #6311, .F. ) ;
#2395 = EDGE_CURVE ( 'NONE', #2412, #4444, #3186, .T. ) ;
#2396 = ORIENTED_EDGE ( 'NONE', *, *, #7764, .T. ) ;
#2397 = ORIENTED_EDGE ( 'NONE', *, *, #4894, .F. ) ;
#2398 = CARTESIAN_POINT ( 'NONE',  ( -0.3499999999999999778, -5.330679945108999007, 5.625000000000000000 ) ) ;
#2399 = VECTOR ( 'NONE', #9179, 1000.000000000000000 ) ;
#2400 = VECTOR ( 'NONE', #10577, 1000.000000000000000 ) ;
#2401 = CARTESIAN_POINT ( 'NONE',  ( 0.3800000000000000044, -9.544999999998998064, 7.799999999998999733 ) ) ;
#2402 = CARTESIAN_POINT ( 'NONE',  ( 0.1000000000000000056, 1.304999999999000515, -1.600000000000000089 ) ) ;
#2403 = DIRECTION ( 'NONE',  ( 0.000000000000000000, 0.000000000000000000, -1.000000000000000000 ) ) ;
#2404 = DIRECTION ( 'NONE',  ( -1.807003620808999850E-16, 0.000000000000000000, 1.000000000000000000 ) ) ;
#2405 = ORIENTED_EDGE ( 'NONE', *, *, #2846, .F. ) ;
#2406 = DIRECTION ( 'NONE',  ( -1.000000000000000000, 0.000000000000000000, 0.000000000000000000 ) ) ;
#2407 = VECTOR ( 'NONE', #8072, 1000.000000000000000 ) ;
#2408 = ORIENTED_EDGE ( 'NONE', *, *, #6212, .T. ) ;
#2409 = ORIENTED_EDGE ( 'NONE', *, *, #3579, .F. ) ;
#2410 = LINE ( 'NONE', #4998, #3702 ) ;
#2411 = ORIENTED_EDGE ( 'NONE', *, *, #2564, .T. ) ;
#2412 = VERTEX_POINT ( 'NONE', #6139 ) ;
#2413 = CARTESIAN_POINT ( 'NONE',  ( 1.280000000000000027, -5.910051363132999391, 2.599999999999000000 ) ) ;
#2414 = ORIENTED_EDGE ( 'NONE', *, *, #7941, .T. ) ;
#2415 = CARTESIAN_POINT ( 'NONE',  ( 0.3599999999990000088, -5.330679945108999007, 3.124999999998999911 ) ) ;
#2416 = DIRECTION ( 'NONE',  ( 0.000000000000000000, -1.000000000000000000, 0.000000000000000000 ) ) ;
#2417 = LINE ( 'NONE', #3448, #3494 ) ;
#2418 = EDGE_CURVE ( 'NONE', #7765, #3673, #1507, .T. ) ;
#2419 = PLANE ( 'NONE',  #9513 ) ;
#2420 = VECTOR ( 'NONE', #8348, 1000.000000000000000 ) ;
#2421 = CARTESIAN_POINT ( 'NONE',  ( -1.279999999998999716, -1.545811304863999647, 0.05000000000000000278 ) ) ;
#2422 = EDGE_LOOP ( 'NONE', ( #7692, #5440, #756, #6532 ) ) ;
#2423 = CARTESIAN_POINT ( 'NONE',  ( -1.251501579824999988, -6.198274308341999550, 6.242520405652999926 ) ) ;
#2424 = CARTESIAN_POINT ( 'NONE',  ( -1.579999999998999982, 2.555000000000000160, -1.899999999998999822 ) ) ;
#2425 = CARTESIAN_POINT ( 'NONE',  ( -0.3600000000000000422, -5.330679945108999007, 5.625000000000000000 ) ) ;
#2426 = AXIS2_PLACEMENT_3D ( 'NONE', #5108, #8613, #6893 ) ;
#2427 = ORIENTED_EDGE ( 'NONE', *, *, #6883, .T. ) ;
#2428 = FACE_OUTER_BOUND ( 'NONE', #10623, .T. ) ;
#2429 = PLANE ( 'NONE',  #9263 ) ;
#2430 = EDGE_CURVE ( 'NONE', #2548, #4531, #102, .T. ) ;
#2431 = CARTESIAN_POINT ( 'NONE',  ( 0.3600000000000000422, -5.330679945108999007, 7.424999999999999822 ) ) ;
#2432 = EDGE_CURVE ( 'NONE', #4078, #6351, #5327, .T. ) ;
#2433 = CARTESIAN_POINT ( 'NONE',  ( -0.3600000000000000422, -5.330679945108999007, 7.125000000000000000 ) ) ;
#2434 = EDGE_CURVE ( 'NONE', #2610, #1478, #7980, .T. ) ;
#2435 = ORIENTED_EDGE ( 'NONE', *, *, #3256, .F. ) ;
#2436 = DIRECTION ( 'NONE',  ( -1.000000000000000000, 1.239088197125999924E-16, 0.000000000000000000 ) ) ;
#2437 = CARTESIAN_POINT ( 'NONE',  ( -1.430000000000000160, -2.944999999999999396, -2.396835946434999984E-32 ) ) ;
#2438 = LINE ( 'NONE', #838, #2579 ) ;
#2439 = ORIENTED_EDGE ( 'NONE', *, *, #3920, .F. ) ;
#2440 = CARTESIAN_POINT ( 'NONE',  ( -1.280000000000000027, -7.894999999999999574, 2.249999999998999911 ) ) ;
#2441 = CARTESIAN_POINT ( 'NONE',  ( -1.579999999998999982, -9.694999999999998508, 9.000000000000000000 ) ) ;
#2442 = EDGE_CURVE ( 'NONE', #10676, #1290, #6735, .T. ) ;
#2443 = DIRECTION ( 'NONE',  ( 0.000000000000000000, -1.000000000000000000, 0.000000000000000000 ) ) ;
#2444 = EDGE_CURVE ( 'NONE', #2207, #5112, #3551, .T. ) ;
#2445 = LINE ( 'NONE', #1467, #5710 ) ;
#2446 = VECTOR ( 'NONE', #4968, 1000.000000000000000 ) ;
#2447 = EDGE_CURVE ( 'NONE', #3596, #10765, #2459, .T. ) ;
#2448 = VECTOR ( 'NONE', #10683, 1000.000000000000000 ) ;
#2449 = ORIENTED_EDGE ( 'NONE', *, *, #1183, .F. ) ;
#2450 = DIRECTION ( 'NONE',  ( 0.000000000000000000, -1.000000000000000000, 0.000000000000000000 ) ) ;
#2451 = VERTEX_POINT ( 'NONE', #2573 ) ;
#2452 = CARTESIAN_POINT ( 'NONE',  ( -1.579999999998999982, -3.494999999999999662, 0.4000000000000000222 ) ) ;
#2453 = VERTEX_POINT ( 'NONE', #2692 ) ;
#2454 = VECTOR ( 'NONE', #2611, 1000.000000000000000 ) ;
#2455 = VERTEX_POINT ( 'NONE', #9632 ) ;
#2456 = VERTEX_POINT ( 'NONE', #11289 ) ;
#2457 = CARTESIAN_POINT ( 'NONE',  ( -1.579999999998999982, -4.571077182464999389, 2.719600141541999694 ) ) ;
#2458 = CARTESIAN_POINT ( 'NONE',  ( 0.1000000000000000056, 0.3049999999990000710, -1.600000000000000089 ) ) ;
#2459 = CIRCLE ( 'NONE', #4841, 0.1499999999989998778 ) ;
#2460 = LINE ( 'NONE', #7748, #3470 ) ;
#2461 = DIRECTION ( 'NONE',  ( 1.000000000000000000, 0.000000000000000000, 0.000000000000000000 ) ) ;
#2462 = EDGE_CURVE ( 'NONE', #1079, #9841, #6247, .T. ) ;
#2463 = VECTOR ( 'NONE', #6033, 1000.000000000000000 ) ;
#2464 = ADVANCED_FACE ( 'NONE', ( #9368 ), #72, .F. ) ;
#2465 = ORIENTED_EDGE ( 'NONE', *, *, #6978, .F. ) ;
#2466 = PRESENTATION_STYLE_ASSIGNMENT (( #5104 ) ) ;
#2467 = ORIENTED_EDGE ( 'NONE', *, *, #1742, .F. ) ;
#2468 = EDGE_LOOP ( 'NONE', ( #10731, #2793, #8842, #2635 ) ) ;
#2469 = LINE ( 'NONE', #4670, #2235 ) ;
#2470 = ORIENTED_EDGE ( 'NONE', *, *, #1603, .T. ) ;
#2471 = EDGE_LOOP ( 'NONE', ( #2241, #938, #3648, #8443 ) ) ;
#2472 = SURFACE_STYLE_USAGE ( .BOTH. , #5859 ) ;
#2473 = EDGE_LOOP ( 'NONE', ( #8259, #5610, #9337, #9366 ) ) ;
#2474 = AXIS2_PLACEMENT_3D ( 'NONE', #6847, #8523, #7064 ) ;
#2475 = LINE ( 'NONE', #7648, #4295 ) ;
#2476 = DIRECTION ( 'NONE',  ( 0.000000000000000000, -1.000000000000000000, 0.000000000000000000 ) ) ;
#2477 = AXIS2_PLACEMENT_3D ( 'NONE', #4675, #6222, #10574 ) ;
#2478 = CARTESIAN_POINT ( 'NONE',  ( -1.279999999998999716, 2.385829949784000537, 1.249999999998999911 ) ) ;
#2479 = DIRECTION ( 'NONE',  ( 0.000000000000000000, 1.000000000000000000, 0.000000000000000000 ) ) ;
#2480 = PLANE ( 'NONE',  #1851 ) ;
#2481 = ORIENTED_EDGE ( 'NONE', *, *, #2321, .T. ) ;
#2482 = CARTESIAN_POINT ( 'NONE',  ( -1.279999999998999716, 2.555000000000000160, -1.899999999998999822 ) ) ;
#2483 = VECTOR ( 'NONE', #4440, 1000.000000000000000 ) ;
#2484 = EDGE_CURVE ( 'NONE', #3721, #7693, #10595, .T. ) ;
#2485 = CARTESIAN_POINT ( 'NONE',  ( 1.580000000000000071, 3.704999999998999982, 0.2999999999999999889 ) ) ;
#2486 = ORIENTED_EDGE ( 'NONE', *, *, #2927, .F. ) ;
#2487 = CARTESIAN_POINT ( 'NONE',  ( 0.3599999999990000088, -2.944999999999999840, -6.446060001586000578E-17 ) ) ;
#2488 = FACE_OUTER_BOUND ( 'NONE', #6324, .T. ) ;
#2489 = CARTESIAN_POINT ( 'NONE',  ( 0.1000000000000000056, -2.944999999999999840, -1.600000000000000089 ) ) ;
#2490 = CARTESIAN_POINT ( 'NONE',  ( 1.553081821441999910, -6.817614997863000070, 6.302788191369000259 ) ) ;
#2491 = CIRCLE ( 'NONE', #97, 0.9000000000000000222 ) ;
#2492 = UNCERTAINTY_MEASURE_WITH_UNIT (LENGTH_MEASURE( 1.000000000000000082E-05 ), #7699, 'distance_accuracy_value', 'NONE');
#2493 = ORIENTED_EDGE ( 'NONE', *, *, #5150, .F. ) ;
#2494 = CARTESIAN_POINT ( 'NONE',  ( 0.3800000000000000044, -9.694999999999998508, 9.000000000000000000 ) ) ;
#2495 = EDGE_CURVE ( 'NONE', #1829, #7815, #9574, .T. ) ;
#2496 = LINE ( 'NONE', #9442, #11210 ) ;
#2497 = LINE ( 'NONE', #723, #8998 ) ;
#2498 = ORIENTED_EDGE ( 'NONE', *, *, #6235, .F. ) ;
#2499 = CARTESIAN_POINT ( 'NONE',  ( -1.580000000000000071, -8.294999999999999929, 3.399999999998999822 ) ) ;
#2500 = FACE_OUTER_BOUND ( 'NONE', #10034, .T. ) ;
#2501 = LINE ( 'NONE', #6005, #10611 ) ;
#2502 = DIRECTION ( 'NONE',  ( 0.000000000000000000, 0.000000000000000000, -1.000000000000000000 ) ) ;
#2503 = VERTEX_POINT ( 'NONE', #3492 ) ;
#2504 = EDGE_CURVE ( 'NONE', #2912, #10776, #10541, .T. ) ;
#2505 = CARTESIAN_POINT ( 'NONE',  ( -0.3600000000000000422, -5.330679945108999007, 5.924999999999999822 ) ) ;
#2506 = ADVANCED_FACE ( 'NONE', ( #1886 ), #1774, .T. ) ;
#2507 = EDGE_LOOP ( 'NONE', ( #10972, #5203, #9969, #7578 ) ) ;
#2508 = FACE_OUTER_BOUND ( 'NONE', #2471, .T. ) ;
#2509 = ORIENTED_EDGE ( 'NONE', *, *, #11015, .T. ) ;
#2510 = EDGE_LOOP ( 'NONE', ( #6378, #11342, #6078, #11212 ) ) ;
#2511 = CARTESIAN_POINT ( 'NONE',  ( -0.3499999999989999999, -9.330679945108999007, 3.424999999999000178 ) ) ;
#2512 = EDGE_CURVE ( 'NONE', #2171, #2451, #5387, .T. ) ;
#2513 = CARTESIAN_POINT ( 'NONE',  ( 0.3600000000000000422, -4.830679945108999895, 4.424999999998999733 ) ) ;
#2514 = DIRECTION ( 'NONE',  ( -0.03815622842002983073, 0.07835959243506113170, -0.9961946980917784078 ) ) ;
#2515 = PLANE ( 'NONE',  #4237 ) ;
#2516 = ORIENTED_EDGE ( 'NONE', *, *, #6617, .T. ) ;
#2517 = SURFACE_SIDE_STYLE ('',( #2292 ) ) ;
#2518 = ADVANCED_FACE ( 'NONE', ( #8520 ), #7924, .T. ) ;
#2519 = DIRECTION ( 'NONE',  ( 0.000000000000000000, 1.000000000000000000, 0.000000000000000000 ) ) ;
#2520 = ORIENTED_EDGE ( 'NONE', *, *, #7621, .F. ) ;
#2521 = CARTESIAN_POINT ( 'NONE',  ( -0.3499999999989999999, -3.894999999999999574, 1.179999999999000071 ) ) ;
#2522 = EDGE_LOOP ( 'NONE', ( #7400, #6011, #10362, #1059 ) ) ;
#2523 = ORIENTED_EDGE ( 'NONE', *, *, #6313, .F. ) ;
#2524 = ORIENTED_EDGE ( 'NONE', *, *, #1410, .T. ) ;
#2525 = ORIENTED_EDGE ( 'NONE', *, *, #6437, .T. ) ;
#2526 = ADVANCED_FACE ( 'NONE', ( #9685 ), #46, .F. ) ;
#2527 = CARTESIAN_POINT ( 'NONE',  ( -1.279999999998999716, 2.554188695136000664, 0.2999999999999999889 ) ) ;
#2528 = PLANE ( 'NONE',  #2851 ) ;
#2529 = CYLINDRICAL_SURFACE ( 'NONE', #5886, 1.199999999998999867 ) ;
#2530 = CARTESIAN_POINT ( 'NONE',  ( -0.3599999999990000088, -4.829526559172999889, 2.425086503945000249 ) ) ;
#2531 = DIRECTION ( 'NONE',  ( -1.807003620808999850E-16, 0.000000000000000000, -1.000000000000000000 ) ) ;
#2532 = EDGE_LOOP ( 'NONE', ( #11315, #6820, #7215, #6230 ) ) ;
#2533 = CARTESIAN_POINT ( 'NONE',  ( 1.280000000000000027, -8.294999999999999929, 3.749999999998999911 ) ) ;
#2534 = ORIENTED_EDGE ( 'NONE', *, *, #2620, .T. ) ;
#2535 = EDGE_CURVE ( 'NONE', #9786, #10256, #9783, .T. ) ;
#2536 = DIRECTION ( 'NONE',  ( -2.818573634768999933E-16, 1.000000000000000000, 0.000000000000000000 ) ) ;
#2537 = ORIENTED_EDGE ( 'NONE', *, *, #11269, .T. ) ;
#2538 = ADVANCED_FACE ( 'NONE', ( #9112 ), #2114, .F. ) ;
#2539 = DIRECTION ( 'NONE',  ( 0.000000000000000000, 0.000000000000000000, -1.000000000000000000 ) ) ;
#2540 = CARTESIAN_POINT ( 'NONE',  ( -0.3499999999989999999, -5.330679945108999007, 3.424999999999000178 ) ) ;
#2541 = CARTESIAN_POINT ( 'NONE',  ( 1.280000000000000027, -3.894999999999999574, -7.830300121961999871 ) ) ;
#2542 = CARTESIAN_POINT ( 'NONE',  ( -1.279999999998999716, -3.894999999999999574, 1.249999999998999911 ) ) ;
#2543 = STYLED_ITEM ( 'NONE', ( #2372 ), #7917 ) ;
#2544 = ORIENTED_EDGE ( 'NONE', *, *, #3514, .F. ) ;
#2545 = CARTESIAN_POINT ( 'NONE',  ( -1.279999999998999716, 1.555811304863000011, 0.2999999999999999889 ) ) ;
#2546 = CARTESIAN_POINT ( 'NONE',  ( -1.280000000000000027, -2.544188695136999634, 0.05000000000000000278 ) ) ;
#2547 = CARTESIAN_POINT ( 'NONE',  ( 1.580000000000000071, -8.294999999999999929, 3.749999999998999911 ) ) ;
#2548 = VERTEX_POINT ( 'NONE', #1249 ) ;
#2549 = LINE ( 'NONE', #80, #3905 ) ;
#2550 = AXIS2_PLACEMENT_3D ( 'NONE', #1502, #6093, #5229 ) ;
#2551 = LINE ( 'NONE', #8591, #833 ) ;
#2552 = LINE ( 'NONE', #843, #7513 ) ;
#2553 = ADVANCED_FACE ( 'NONE', ( #4746 ), #10021, .F. ) ;
#2554 = VECTOR ( 'NONE', #7295, 1000.000000000000000 ) ;
#2555 = ORIENTED_EDGE ( 'NONE', *, *, #2512, .F. ) ;
#2556 = CARTESIAN_POINT ( 'NONE',  ( -0.3600000000000000422, -4.830679945108999895, 4.424999999998999733 ) ) ;
#2557 = ORIENTED_EDGE ( 'NONE', *, *, #2363, .T. ) ;
#2558 = LINE ( 'NONE', #6069, #550 ) ;
#2559 = ORIENTED_EDGE ( 'NONE', *, *, #5045, .T. ) ;
#2560 = VERTEX_POINT ( 'NONE', #5613 ) ;
#2561 = DIRECTION ( 'NONE',  ( 0.000000000000000000, 1.000000000000000000, 0.000000000000000000 ) ) ;
#2562 = CARTESIAN_POINT ( 'NONE',  ( 1.280000000000000027, -8.186453928403999214, 2.599999999999000000 ) ) ;
#2563 = PLANE ( 'NONE',  #5877 ) ;
#2564 = EDGE_CURVE ( 'NONE', #9170, #5929, #7397, .T. ) ;
#2565 = EDGE_CURVE ( 'NONE', #10074, #10381, #7173, .T. ) ;
#2566 = VECTOR ( 'NONE', #11328, 1000.000000000000000 ) ;
#2567 = CARTESIAN_POINT ( 'NONE',  ( 0.3499999999999999778, -4.830679945108999895, 5.424999999998999733 ) ) ;
#2568 = ORIENTED_EDGE ( 'NONE', *, *, #10141, .F. ) ;
#2569 = CARTESIAN_POINT ( 'NONE',  ( -1.280000000000000027, -2.544999999999999485, -1.899999999998999822 ) ) ;
#2570 = EDGE_CURVE ( 'NONE', #1885, #1086, #8093, .T. ) ;
#2571 = CARTESIAN_POINT ( 'NONE',  ( -0.09999999999899999992, -0.6950000000009999290, -1.600000000000000089 ) ) ;
#2572 = ORIENTED_EDGE ( 'NONE', *, *, #6166, .T. ) ;
#2573 = CARTESIAN_POINT ( 'NONE',  ( 1.280000000000000027, -7.894999999999999574, 5.249999999998999911 ) ) ;
#2574 = VECTOR ( 'NONE', #1154, 1000.000000000000114 ) ;
#2575 = VECTOR ( 'NONE', #11182, 1000.000000000000000 ) ;
#2576 = ORIENTED_EDGE ( 'NONE', *, *, #7085, .F. ) ;
#2577 = EDGE_LOOP ( 'NONE', ( #6342, #3540, #5668, #6420 ) ) ;
#2578 = VERTEX_POINT ( 'NONE', #9062 ) ;
#2579 = VECTOR ( 'NONE', #3300, 1000.000000000000000 ) ;
#2580 =( NAMED_UNIT ( * ) SI_UNIT ( $, .STERADIAN. ) SOLID_ANGLE_UNIT ( ) );
#2581 = ORIENTED_EDGE ( 'NONE', *, *, #5366, .F. ) ;
#2582 = CARTESIAN_POINT ( 'NONE',  ( 1.280000000000000027, -5.910051363132999391, 3.399999999998999822 ) ) ;
#2583 = LINE ( 'NONE', #1500, #1206 ) ;
#2584 = DIRECTION ( 'NONE',  ( 1.000000000000000000, 0.000000000000000000, 1.215473287538999910E-16 ) ) ;
#2585 = CARTESIAN_POINT ( 'NONE',  ( 1.580000000000000071, -8.294999999999999929, 6.749999999998999911 ) ) ;
#2586 = EDGE_CURVE ( 'NONE', #7251, #7263, #9800, .T. ) ;
#2587 = CARTESIAN_POINT ( 'NONE',  ( -1.430000000000000160, -4.571077182464999389, 6.330399858456999596 ) ) ;
#2588 = VECTOR ( 'NONE', #8999, 1000.000000000000000 ) ;
#2589 = AXIS2_PLACEMENT_3D ( 'NONE', #5189, #1854, #2661 ) ;
#2590 = AXIS2_PLACEMENT_3D ( 'NONE', #4880, #8277, #5572 ) ;
#2591 = ORIENTED_EDGE ( 'NONE', *, *, #7842, .F. ) ;
#2592 = CARTESIAN_POINT ( 'NONE',  ( 1.280000000000000027, -7.894999999999000373, 2.249999999998999911 ) ) ;
#2593 = EDGE_CURVE ( 'NONE', #10817, #7585, #8203, .T. ) ;
#2594 = VERTEX_POINT ( 'NONE', #10656 ) ;
#2595 = PLANE ( 'NONE',  #8819 ) ;
#2596 = AXIS2_PLACEMENT_3D ( 'NONE', #8544, #2450, #6010 ) ;
#2597 = ORIENTED_EDGE ( 'NONE', *, *, #201, .F. ) ;
#2598 = VECTOR ( 'NONE', #3984, 1000.000000000000000 ) ;
#2599 = PLANE ( 'NONE',  #2646 ) ;
#2600 = FACE_OUTER_BOUND ( 'NONE', #8062, .T. ) ;
#2601 = DIRECTION ( 'NONE',  ( 0.000000000000000000, 1.000000000000000000, 0.000000000000000000 ) ) ;
#2602 = CARTESIAN_POINT ( 'NONE',  ( 1.080000000000000071, 3.804999999999000071, 9.000000000000000000 ) ) ;
#2603 = EDGE_CURVE ( 'NONE', #6380, #8676, #8256, .T. ) ;
#2604 = EDGE_CURVE ( 'NONE', #149, #6495, #384, .T. ) ;
#2606 = ORIENTED_EDGE ( 'NONE', *, *, #9645, .T. ) ;
#2605 = AXIS2_PLACEMENT_3D ( 'NONE', #7201, #2190, #414 ) ;
#2607 = PLANE ( 'NONE',  #2626 ) ;
#2608 = CARTESIAN_POINT ( 'NONE',  ( 0.1000000000000000056, 0.3049999999990000710, -1.600000000000000089 ) ) ;
#2609 = LINE ( 'NONE', #4216, #4038 ) ;
#2610 = VERTEX_POINT ( 'NONE', #4695 ) ;
#2611 = DIRECTION ( 'NONE',  ( 0.000000000000000000, 0.000000000000000000, 1.000000000000000000 ) ) ;
#2612 = CARTESIAN_POINT ( 'NONE',  ( -1.280000000000000027, -8.294999999999999929, 3.749999999998999911 ) ) ;
#2613 = DIRECTION ( 'NONE',  ( 0.000000000000000000, 0.000000000000000000, 1.000000000000000000 ) ) ;
#2614 = CARTESIAN_POINT ( 'NONE',  ( 0.3800000000000000044, -3.894999999999999574, 9.000000000000000000 ) ) ;
#2615 = AXIS2_PLACEMENT_3D ( 'NONE', #7940, #1788, #5285 ) ;
#2616 = ORIENTED_EDGE ( 'NONE', *, *, #3795, .F. ) ;
#2617 = DIRECTION ( 'NONE',  ( 1.000000000000000000, 0.000000000000000000, 0.000000000000000000 ) ) ;
#2618 = ORIENTED_EDGE ( 'NONE', *, *, #595, .F. ) ;
#2619 = CARTESIAN_POINT ( 'NONE',  ( 1.280000000000000027, -3.894999999999999574, 8.000000000000000000 ) ) ;
#2620 = EDGE_CURVE ( 'NONE', #10881, #10119, #1143, .T. ) ;
#2621 = VERTEX_POINT ( 'NONE', #1199 ) ;
#2622 = ORIENTED_EDGE ( 'NONE', *, *, #5836, .T. ) ;
#2623 = LINE ( 'NONE', #3431, #9638 ) ;
#2624 = FACE_OUTER_BOUND ( 'NONE', #11076, .T. ) ;
#2625 = DIRECTION ( 'NONE',  ( 0.000000000000000000, 0.000000000000000000, -1.000000000000000000 ) ) ;
#2626 = AXIS2_PLACEMENT_3D ( 'NONE', #10455, #9603, #8751 ) ;
#2627 = ORIENTED_EDGE ( 'NONE', *, *, #10684, .T. ) ;
#2628 = VECTOR ( 'NONE', #7843, 1000.000000000000000 ) ;
#2629 = CARTESIAN_POINT ( 'NONE',  ( 1.579999999998999982, 3.804999999999000071, 9.000000000000000000 ) ) ;
#2630 = FACE_BOUND ( 'NONE', #8371, .T. ) ;
#2631 = VERTEX_POINT ( 'NONE', #6540 ) ;
#2632 = DIRECTION ( 'NONE',  ( 0.000000000000000000, -1.000000000000000000, 0.000000000000000000 ) ) ;
#2633 = EDGE_CURVE ( 'NONE', #476, #10074, #2862, .T. ) ;
#2634 = ORIENTED_EDGE ( 'NONE', *, *, #7938, .F. ) ;
#2635 = ORIENTED_EDGE ( 'NONE', *, *, #4824, .T. ) ;
#2636 = ORIENTED_EDGE ( 'NONE', *, *, #10994, .T. ) ;
#2637 = DIRECTION ( 'NONE',  ( -1.000000000000000000, 1.284980352574999780E-16, 0.000000000000000000 ) ) ;
#2638 = DIRECTION ( 'NONE',  ( 0.000000000000000000, 0.9969206697117722893, -0.07841669657306082897 ) ) ;
#2639 = VECTOR ( 'NONE', #5555, 1000.000000000000000 ) ;
#2640 = AXIS2_PLACEMENT_3D ( 'NONE', #2689, #913, #10373 ) ;
#2641 = ORIENTED_EDGE ( 'NONE', *, *, #535, .T. ) ;
#2642 = FACE_OUTER_BOUND ( 'NONE', #8627, .T. ) ;
#2643 = CARTESIAN_POINT ( 'NONE',  ( -0.3599999999990000088, -9.330679945108999007, 1.925000000000000044 ) ) ;
#2644 = CARTESIAN_POINT ( 'NONE',  ( 0.3499999999999999778, -8.830679945108999007, 3.924999999999999822 ) ) ;
#2645 = LINE ( 'NONE', #2585, #10780 ) ;
#2646 = AXIS2_PLACEMENT_3D ( 'NONE', #777, #939, #4271 ) ;
#2647 = LINE ( 'NONE', #6151, #5143 ) ;
#2648 = ORIENTED_EDGE ( 'NONE', *, *, #2633, .F. ) ;
#2649 = CARTESIAN_POINT ( 'NONE',  ( -1.080000000000000071, 3.504999999999000249, 4.915278589676999488 ) ) ;
#2650 = EDGE_CURVE ( 'NONE', #10673, #6431, #2915, .T. ) ;
#2651 = VECTOR ( 'NONE', #8495, 1000.000000000000000 ) ;
#2652 = ADVANCED_FACE ( 'NONE', ( #10818 ), #6306, .T. ) ;
#2653 = ORIENTED_EDGE ( 'NONE', *, *, #6579, .F. ) ;
#2654 = DIRECTION ( 'NONE',  ( -1.000000000000000000, 0.000000000000000000, 0.000000000000000000 ) ) ;
#2655 = AXIS2_PLACEMENT_3D ( 'NONE', #10012, #5656, #3190 ) ;
#2656 = ORIENTED_EDGE ( 'NONE', *, *, #4327, .T. ) ;
#2657 = CARTESIAN_POINT ( 'NONE',  ( 0.3600000000000000422, -4.830679945108999895, 6.924999999999999822 ) ) ;
#2658 = DIRECTION ( 'NONE',  ( -1.000000000000000000, 0.000000000000000000, 1.215473287538999910E-16 ) ) ;
#2659 = LINE ( 'NONE', #9596, #10590 ) ;
#2660 = EDGE_CURVE ( 'NONE', #1430, #7570, #8947, .T. ) ;
#2661 = DIRECTION ( 'NONE',  ( -1.000000000000000000, 0.000000000000000000, 1.215473287538999910E-16 ) ) ;
#2662 = AXIS2_PLACEMENT_3D ( 'NONE', #6781, #3446, #6950 ) ;
#2663 = ORIENTED_EDGE ( 'NONE', *, *, #8073, .T. ) ;
#2664 = CARTESIAN_POINT ( 'NONE',  ( -1.429999999999000071, -1.983341451230999697, 4.776807376878000611 ) ) ;
#2665 = CARTESIAN_POINT ( 'NONE',  ( 1.280000000000000027, -2.544188695136999634, 0.2999999999999999889 ) ) ;
#2666 = EDGE_CURVE ( 'NONE', #6338, #2746, #2975, .T. ) ;
#2667 = DIRECTION ( 'NONE',  ( 1.000000000000000000, 0.000000000000000000, 1.215473287538999910E-16 ) ) ;
#2668 = ORIENTED_EDGE ( 'NONE', *, *, #500, .F. ) ;
#2669 = CARTESIAN_POINT ( 'NONE',  ( 1.280000000000000027, -8.294999999999999929, 3.399999999998999822 ) ) ;
#2670 = LINE ( 'NONE', #6174, #7055 ) ;
#2671 = EDGE_CURVE ( 'NONE', #2309, #1413, #6417, .T. ) ;
#2672 = AXIS2_PLACEMENT_3D ( 'NONE', #4986, #5908, #10938 ) ;
#2673 = LINE ( 'NONE', #6175, #9153 ) ;
#2674 = EDGE_CURVE ( 'NONE', #8562, #501, #9967, .T. ) ;
#2675 = MECHANICAL_DESIGN_GEOMETRIC_PRESENTATION_REPRESENTATION (  '', ( #466 ), #3768 ) ;
#2676 = DIRECTION ( 'NONE',  ( 0.000000000000000000, -4.336808689942000480E-16, -1.000000000000000000 ) ) ;
#2677 = VECTOR ( 'NONE', #1203, 1000.000000000000000 ) ;
#2678 = ORIENTED_EDGE ( 'NONE', *, *, #2972, .F. ) ;
#2679 = CARTESIAN_POINT ( 'NONE',  ( -1.580000000000000071, 3.704999999998999982, 0.3999999999989999888 ) ) ;
#2680 = ORIENTED_EDGE ( 'NONE', *, *, #1676, .T. ) ;
#2681 = DIRECTION ( 'NONE',  ( -1.284980352574999780E-16, 1.000000000000000000, 0.000000000000000000 ) ) ;
#2682 = ORIENTED_EDGE ( 'NONE', *, *, #5381, .T. ) ;
#2683 = VERTEX_POINT ( 'NONE', #11159 ) ;
#2684 = CARTESIAN_POINT ( 'NONE',  ( 1.279999999998999716, 1.555811304863000011, 0.05000000000000000278 ) ) ;
#2685 = EDGE_CURVE ( 'NONE', #8926, #3845, #444, .T. ) ;
#2686 = DIRECTION ( 'NONE',  ( 0.000000000000000000, -1.000000000000000000, 0.000000000000000000 ) ) ;
#2687 = DIRECTION ( 'NONE',  ( -0.7071067811865474617, -0.7071067811865474617, 0.000000000000000000 ) ) ;
#2688 = EDGE_LOOP ( 'NONE', ( #4501, #6464, #2327, #7751 ) ) ;
#2689 = CARTESIAN_POINT ( 'NONE',  ( -0.3599999999990000088, -2.944999999999999840, -6.446060001586000578E-17 ) ) ;
#2690 = FACE_OUTER_BOUND ( 'NONE', #1791, .T. ) ;
#2691 = VERTEX_POINT ( 'NONE', #621 ) ;
#2692 = CARTESIAN_POINT ( 'NONE',  ( -0.9817789317309998376, -6.329612395372000044, 2.757479594345999985 ) ) ;
#2693 = EDGE_LOOP ( 'NONE', ( #4307, #690, #2509, #1748 ) ) ;
#2694 = ORIENTED_EDGE ( 'NONE', *, *, #9197, .T. ) ;
#2695 = VERTEX_POINT ( 'NONE', #11103 ) ;
#2696 = DIRECTION ( 'NONE',  ( 1.000000000000000000, 1.284980352582123687E-16, 0.000000000000000000 ) ) ;
#2697 = FACE_OUTER_BOUND ( 'NONE', #6476, .T. ) ;
#2698 = ORIENTED_EDGE ( 'NONE', *, *, #11199, .T. ) ;
#2699 = DIRECTION ( 'NONE',  ( 0.000000000000000000, 1.000000000000000000, 0.000000000000000000 ) ) ;
#2700 = FACE_OUTER_BOUND ( 'NONE', #10262, .T. ) ;
#2701 = CARTESIAN_POINT ( 'NONE',  ( -1.430000000000000160, -2.944999999999999840, 0.000000000000000000 ) ) ;
#2702 = LINE ( 'NONE', #1838, #10235 ) ;
#2703 = CARTESIAN_POINT ( 'NONE',  ( 1.280000000000000027, -6.198188976494999558, 5.756394760565000546 ) ) ;
#2704 = EDGE_CURVE ( 'NONE', #10013, #4931, #10306, .T. ) ;
#2705 = ORIENTED_EDGE ( 'NONE', *, *, #6418, .F. ) ;
#2706 = DIRECTION ( 'NONE',  ( 0.000000000000000000, 1.000000000000000000, 0.000000000000000000 ) ) ;
#2707 = CIRCLE ( 'NONE', #7846, 0.09999999999900002767 ) ;
#2708 = VERTEX_POINT ( 'NONE', #9224 ) ;
#2709 = CARTESIAN_POINT ( 'NONE',  ( -0.3499999999999999778, -4.830679945108999895, 4.924999999999999822 ) ) ;
#2710 = ORIENTED_EDGE ( 'NONE', *, *, #6473, .T. ) ;
#2711 = CARTESIAN_POINT ( 'NONE',  ( -1.580000000000000071, -4.571077182464999389, 6.330399858456999596 ) ) ;
#2712 = CARTESIAN_POINT ( 'NONE',  ( -0.09999999999899999992, 1.704999999998999760, -1.600000000000000089 ) ) ;
#2713 = DIRECTION ( 'NONE',  ( 0.000000000000000000, 1.000000000000000000, 0.000000000000000000 ) ) ;
#2714 = DIRECTION ( 'NONE',  ( 1.215473287538999910E-16, 0.000000000000000000, 1.000000000000000000 ) ) ;
#2715 = EDGE_CURVE ( 'NONE', #8676, #1032, #498, .T. ) ;
#2716 = EDGE_CURVE ( 'NONE', #813, #7521, #4116, .T. ) ;
#2717 = ORIENTED_EDGE ( 'NONE', *, *, #2369, .T. ) ;
#2718 = DIRECTION ( 'NONE',  ( 1.000000000000000000, 0.000000000000000000, 0.000000000000000000 ) ) ;
#2719 = LINE ( 'NONE', #5529, #6829 ) ;
#2720 = EDGE_CURVE ( 'NONE', #1947, #4692, #11349, .T. ) ;
#2721 = LINE ( 'NONE', #3694, #10632 ) ;
#2722 = ORIENTED_EDGE ( 'NONE', *, *, #1624, .T. ) ;
#2723 = CARTESIAN_POINT ( 'NONE',  ( 1.279999999998999716, -1.545000000000999796, -1.899999999998999822 ) ) ;
#2724 = LINE ( 'NONE', #6282, #10163 ) ;
#2725 = SURFACE_SIDE_STYLE ('',( #1012 ) ) ;
#2726 = CIRCLE ( 'NONE', #5655, 0.1499999999989998778 ) ;
#2727 = LINE ( 'NONE', #11110, #10272 ) ;
#2728 = EDGE_CURVE ( 'NONE', #3104, #5137, #4020, .T. ) ;
#2729 = VERTEX_POINT ( 'NONE', #8372 ) ;
#2730 = CARTESIAN_POINT ( 'NONE',  ( 1.579999999998999982, 2.989999999999000568, -0.7048473225369999984 ) ) ;
#2731 = EDGE_CURVE ( 'NONE', #4979, #9204, #1535, .T. ) ;
#2732 = VECTOR ( 'NONE', #1437, 1000.000000000000000 ) ;
#2733 = VERTEX_POINT ( 'NONE', #1302 ) ;
#2734 = CARTESIAN_POINT ( 'NONE',  ( -0.3600000000000000422, -8.830679945108999007, 4.924999999999999822 ) ) ;
#2735 = ORIENTED_EDGE ( 'NONE', *, *, #10092, .T. ) ;
#2736 = ORIENTED_EDGE ( 'NONE', *, *, #3447, .T. ) ;
#2737 = LINE ( 'NONE', #9734, #5068 ) ;
#2738 = DIRECTION ( 'NONE',  ( 0.000000000000000000, -1.000000000000000000, 0.000000000000000000 ) ) ;
#2739 = CARTESIAN_POINT ( 'NONE',  ( 1.579999999998999982, -1.983341451230999697, 4.776807376878000611 ) ) ;
#2740 = VECTOR ( 'NONE', #924, 1000.000000000000000 ) ;
#2741 = EDGE_CURVE ( 'NONE', #5300, #6612, #6652, .T. ) ;
#2742 = VERTEX_POINT ( 'NONE', #5903 ) ;
#2743 = CARTESIAN_POINT ( 'NONE',  ( 0.1000000000000000056, 2.304999999999000515, -1.600000000000000089 ) ) ;
#2744 = EDGE_CURVE ( 'NONE', #6338, #5554, #6591, .T. ) ;
#2745 = FACE_BOUND ( 'NONE', #10524, .T. ) ;
#2746 = VERTEX_POINT ( 'NONE', #5841 ) ;
#2747 = DIRECTION ( 'NONE',  ( -1.000000000000000000, 0.000000000000000000, 1.215473287538999910E-16 ) ) ;
#2748 = ORIENTED_EDGE ( 'NONE', *, *, #9802, .F. ) ;
#2749 = EDGE_LOOP ( 'NONE', ( #7684, #10752, #1770, #8314 ) ) ;
#2750 = ORIENTED_EDGE ( 'NONE', *, *, #10978, .F. ) ;
#2751 = DIRECTION ( 'NONE',  ( 0.000000000000000000, 2.168404344971000240E-16, -1.000000000000000000 ) ) ;
#2752 = DIRECTION ( 'NONE',  ( 0.000000000000000000, 0.000000000000000000, -1.000000000000000000 ) ) ;
#2753 = ORIENTED_EDGE ( 'NONE', *, *, #1596, .T. ) ;
#2754 = CARTESIAN_POINT ( 'NONE',  ( 1.580000000000000071, -2.979999999999999538, -0.7048473225369999984 ) ) ;
#2755 = CARTESIAN_POINT ( 'NONE',  ( 0.3600000000000000422, -4.830679945108999895, 4.924999999999999822 ) ) ;
#2756 = VECTOR ( 'NONE', #1521, 1000.000000000000000 ) ;
#2757 = LINE ( 'NONE', #6370, #4227 ) ;
#2758 = CARTESIAN_POINT ( 'NONE',  ( -1.279999999998999716, -3.594999999999999751, 0.4000000000000000222 ) ) ;
#2759 = CARTESIAN_POINT ( 'NONE',  ( -0.3799999999990000266, -3.894999999999999574, 7.799999999998999733 ) ) ;
#2760 = AXIS2_PLACEMENT_3D ( 'NONE', #8625, #705, #9585 ) ;
#2761 = ORIENTED_EDGE ( 'NONE', *, *, #1267, .F. ) ;
#2762 = AXIS2_PLACEMENT_3D ( 'NONE', #3619, #7243, #1837 ) ;
#2763 = DIRECTION ( 'NONE',  ( -1.000000000000000000, 0.000000000000000000, 7.132909029508998382E-17 ) ) ;
#2764 = VECTOR ( 'NONE', #6279, 1000.000000000000000 ) ;
#2765 = ORIENTED_EDGE ( 'NONE', *, *, #7809, .T. ) ;
#2766 = ORIENTED_EDGE ( 'NONE', *, *, #4382, .F. ) ;
#2767 = CARTESIAN_POINT ( 'NONE',  ( -1.279999999998999716, -9.544999999998998064, 7.799999999998999733 ) ) ;
#2768 = ORIENTED_EDGE ( 'NONE', *, *, #9161, .T. ) ;
#2769 = EDGE_CURVE ( 'NONE', #3662, #1518, #7157, .T. ) ;
#2770 = DIRECTION ( 'NONE',  ( -1.807003620808999850E-16, 0.000000000000000000, 1.000000000000000000 ) ) ;
#2771 = CARTESIAN_POINT ( 'NONE',  ( -0.3799999999990000266, -3.894999999999999574, 1.249999999998999911 ) ) ;
#2772 = VECTOR ( 'NONE', #8942, 1000.000000000000000 ) ;
#2773 = DIRECTION ( 'NONE',  ( -1.000000000000000000, 0.000000000000000000, 0.000000000000000000 ) ) ;
#2774 = STYLED_ITEM ( 'NONE', ( #10322 ), #4054 ) ;
#2775 = DIRECTION ( 'NONE',  ( 1.000000000000000000, 0.000000000000000000, 1.215473287538999910E-16 ) ) ;
#2776 = ORIENTED_EDGE ( 'NONE', *, *, #7710, .T. ) ;
#2777 = DIRECTION ( 'NONE',  ( 0.000000000000000000, -1.000000000000000000, 0.000000000000000000 ) ) ;
#2778 = LINE ( 'NONE', #9659, #5356 ) ;
#2779 = AXIS2_PLACEMENT_3D ( 'NONE', #8642, #10343, #5354 ) ;
#2780 = CARTESIAN_POINT ( 'NONE',  ( 0.1000000000000000056, -0.6950000000009999290, -1.600000000000000089 ) ) ;
#2781 = ORIENTED_EDGE ( 'NONE', *, *, #11186, .F. ) ;
#2782 = EDGE_CURVE ( 'NONE', #8485, #4873, #2337, .T. ) ;
#2783 = EDGE_CURVE ( 'NONE', #8579, #5110, #11047, .T. ) ;
#2784 = FACE_OUTER_BOUND ( 'NONE', #10294, .T. ) ;
#2785 = CARTESIAN_POINT ( 'NONE',  ( 1.580000000000000071, -4.571077182464999389, 2.719600141541999694 ) ) ;
#2786 = DIRECTION ( 'NONE',  ( -1.215473287538999910E-16, -2.168404344971000240E-16, -1.000000000000000000 ) ) ;
#2787 = VECTOR ( 'NONE', #6700, 1000.000000000000000 ) ;
#2788 = AXIS2_PLACEMENT_3D ( 'NONE', #8519, #9427, #10276 ) ;
#2789 = ORIENTED_EDGE ( 'NONE', *, *, #9197, .F. ) ;
#2790 = CARTESIAN_POINT ( 'NONE',  ( 1.280000000000000027, -3.894999999999999574, 4.915278589676999488 ) ) ;
#2791 = ORIENTED_EDGE ( 'NONE', *, *, #201, .T. ) ;
#2792 = FACE_OUTER_BOUND ( 'NONE', #10095, .T. ) ;
#2793 = ORIENTED_EDGE ( 'NONE', *, *, #6745, .F. ) ;
#2794 = EDGE_CURVE ( 'NONE', #10776, #4413, #8547, .T. ) ;
#2795 = EDGE_CURVE ( 'NONE', #2928, #5961, #4918, .T. ) ;
#2796 = DIRECTION ( 'NONE',  ( -1.299091332659999954E-16, -1.000000000000000000, 0.000000000000000000 ) ) ;
#2797 = AXIS2_PLACEMENT_3D ( 'NONE', #4774, #5467, #4613 ) ;
#2798 = LINE ( 'NONE', #1938, #6080 ) ;
#2799 = ADVANCED_FACE ( 'NONE', ( #8428 ), #7626, .F. ) ;
#2800 = CARTESIAN_POINT ( 'NONE',  ( 1.080000000000000071, 5.724170050214999250, 4.915278589676999488 ) ) ;
#2801 = ORIENTED_EDGE ( 'NONE', *, *, #8145, .F. ) ;
#2802 = DIRECTION ( 'NONE',  ( -4.861730685828999686E-63, 1.000000000000000000, 1.219828459165000025E-15 ) ) ;
#2803 = PLANE ( 'NONE',  #1443 ) ;
#2804 = ORIENTED_EDGE ( 'NONE', *, *, #8948, .T. ) ;
#2805 = CARTESIAN_POINT ( 'NONE',  ( -0.3499999999999999778, -4.830679945108999895, 4.924999999999999822 ) ) ;
#2806 = ORIENTED_EDGE ( 'NONE', *, *, #6330, .F. ) ;
#2807 = EDGE_CURVE ( 'NONE', #2967, #3160, #6707, .T. ) ;
#2808 = ORIENTED_EDGE ( 'NONE', *, *, #9149, .F. ) ;
#2809 = ORIENTED_EDGE ( 'NONE', *, *, #3157, .T. ) ;
#2810 = DIRECTION ( 'NONE',  ( 1.000000000000000000, 0.000000000000000000, 0.000000000000000000 ) ) ;
#2811 = FACE_OUTER_BOUND ( 'NONE', #10766, .T. ) ;
#2812 = DIRECTION ( 'NONE',  ( 0.000000000000000000, 1.084202172487689973E-15, -1.000000000000000000 ) ) ;
#2813 = FACE_OUTER_BOUND ( 'NONE', #7236, .T. ) ;
#2814 = EDGE_CURVE ( 'NONE', #4475, #5852, #7680, .T. ) ;
#2815 = CARTESIAN_POINT ( 'NONE',  ( -1.430000000000000160, -4.337947837308999688, 6.330399858456999596 ) ) ;
#2816 = DIRECTION ( 'NONE',  ( 4.861730685828999686E-63, 1.000000000000000000, 1.219828459165000025E-15 ) ) ;
#2817 = EDGE_CURVE ( 'NONE', #1344, #4185, #6819, .T. ) ;
#2818 = CARTESIAN_POINT ( 'NONE',  ( 0.3600000000000000422, -8.830679945108999007, 3.625000000000000000 ) ) ;
#2819 = VECTOR ( 'NONE', #1279, 1000.000000000000000 ) ;
#2820 = ORIENTED_EDGE ( 'NONE', *, *, #7475, .T. ) ;
#2821 = FACE_OUTER_BOUND ( 'NONE', #9143, .T. ) ;
#2822 = ORIENTED_EDGE ( 'NONE', *, *, #6667, .T. ) ;
#2823 = AXIS2_PLACEMENT_3D ( 'NONE', #7950, #10568, #7315 ) ;
#2824 = ORIENTED_EDGE ( 'NONE', *, *, #11142, .T. ) ;
#2825 = VERTEX_POINT ( 'NONE', #3538 ) ;
#2826 = DIRECTION ( 'NONE',  ( 1.807003620808999850E-16, 0.000000000000000000, -1.000000000000000000 ) ) ;
#2827 = VERTEX_POINT ( 'NONE', #8714 ) ;
#2828 = VECTOR ( 'NONE', #4938, 1000.000000000000000 ) ;
#2829 = DIRECTION ( 'NONE',  ( 1.000000000000000000, 1.284980352574999780E-16, 0.000000000000000000 ) ) ;
#2830 = DIRECTION ( 'NONE',  ( 0.000000000000000000, 0.000000000000000000, -1.000000000000000000 ) ) ;
#2831 = PRESENTATION_STYLE_ASSIGNMENT (( #4665 ) ) ;
#2832 = LINE ( 'NONE', #7200, #5897 ) ;
#2833 = VECTOR ( 'NONE', #1364, 1000.000000000000000 ) ;
#2834 = CARTESIAN_POINT ( 'NONE',  ( -0.3599999999990000088, -8.830679945108999007, 2.625000000000000000 ) ) ;
#2835 = ORIENTED_EDGE ( 'NONE', *, *, #4438, .F. ) ;
#2836 = CARTESIAN_POINT ( 'NONE',  ( 1.579999999998999982, 1.554999999999999938, -1.899999999998999822 ) ) ;
#2837 = DIRECTION ( 'NONE',  ( -1.000000000000000000, 0.000000000000000000, 1.215473287538999910E-16 ) ) ;
#2838 = CARTESIAN_POINT ( 'NONE',  ( -1.280000000000000027, -8.186453928403999214, 5.599999999998999556 ) ) ;
#2839 = EDGE_LOOP ( 'NONE', ( #6641, #3436, #11244, #1034 ) ) ;
#2840 = CARTESIAN_POINT ( 'NONE',  ( -1.080000000000000071, 3.804999999999000071, 4.134721410322000246 ) ) ;
#2841 = CARTESIAN_POINT ( 'NONE',  ( -0.3599999999990000088, -8.830679945108999007, 2.925000000000000266 ) ) ;
#2843 = VECTOR ( 'NONE', #7402, 1000.000000000000000 ) ;
#2842 = CARTESIAN_POINT ( 'NONE',  ( -0.3600000000000000422, -8.830679945108999007, 6.424999999999999822 ) ) ;
#2844 = DIRECTION ( 'NONE',  ( 0.000000000000000000, 1.000000000000000000, 0.000000000000000000 ) ) ;
#2845 = VECTOR ( 'NONE', #2317, 1000.000000000000000 ) ;
#2846 = EDGE_CURVE ( 'NONE', #9008, #276, #7741, .T. ) ;
#2847 = ORIENTED_EDGE ( 'NONE', *, *, #3897, .T. ) ;
#2848 = DIRECTION ( 'NONE',  ( 1.000000000000000000, 0.000000000000000000, 0.000000000000000000 ) ) ;
#2849 = EDGE_LOOP ( 'NONE', ( #3127, #4557, #4235, #5515 ) ) ;
#2850 = CARTESIAN_POINT ( 'NONE',  ( -1.283359173347000004, -6.948953084893999765, 6.302788191369000259 ) ) ;
#2851 = AXIS2_PLACEMENT_3D ( 'NONE', #10327, #4257, #5925 ) ;
#2852 = ORIENTED_EDGE ( 'NONE', *, *, #4617, .F. ) ;
#2853 = CARTESIAN_POINT ( 'NONE',  ( -1.580000000000000071, -4.571077182464999389, 2.719600141541999694 ) ) ;
#2854 = DIRECTION ( 'NONE',  ( 1.000000000000000000, 0.000000000000000000, 2.225651257388000148E-16 ) ) ;
#2855 = LINE ( 'NONE', #1820, #2772 ) ;
#2856 = VECTOR ( 'NONE', #2796, 1000.000000000000000 ) ;
#2857 = EDGE_CURVE ( 'NONE', #10716, #7034, #5149, .T. ) ;
#2858 = EDGE_CURVE ( 'NONE', #6936, #7816, #6012, .T. ) ;
#2859 = ORIENTED_EDGE ( 'NONE', *, *, #9667, .F. ) ;
#2860 = CARTESIAN_POINT ( 'NONE',  ( -1.580000000000000071, -8.294999999999999929, 6.399999999999000266 ) ) ;
#2861 = VERTEX_POINT ( 'NONE', #3375 ) ;
#2862 = LINE ( 'NONE', #3719, #5394 ) ;
#2863 = ORIENTED_EDGE ( 'NONE', *, *, #6372, .F. ) ;
#2864 = EDGE_CURVE ( 'NONE', #7154, #11277, #850, .T. ) ;
#2865 = ORIENTED_EDGE ( 'NONE', *, *, #6182, .T. ) ;
#2866 = ORIENTED_EDGE ( 'NONE', *, *, #3271, .T. ) ;
#2867 = PLANE ( 'NONE',  #1367 ) ;
#2868 = CARTESIAN_POINT ( 'NONE',  ( -1.580000000000000071, -4.337947837308999688, 3.395675242495999946 ) ) ;
#2869 = CARTESIAN_POINT ( 'NONE',  ( -1.310277351904999943, -7.004233640340999045, 2.600000000000000089 ) ) ;
#2870 = FACE_OUTER_BOUND ( 'NONE', #8217, .T. ) ;
#2871 = DIRECTION ( 'NONE',  ( 0.000000000000000000, 0.000000000000000000, 1.000000000000000000 ) ) ;
#2872 = PLANE ( 'NONE',  #9870 ) ;
#2873 = DIRECTION ( 'NONE',  ( 1.000000000000000000, 1.284980352574999780E-16, 0.000000000000000000 ) ) ;
#2874 = ADVANCED_FACE ( 'NONE', ( #3427 ), #7966, .T. ) ;
#2875 = ORIENTED_EDGE ( 'NONE', *, *, #10759, .T. ) ;
#2876 = SURFACE_SIDE_STYLE ('',( #8960 ) ) ;
#2877 = ORIENTED_EDGE ( 'NONE', *, *, #6021, .F. ) ;
#2878 = EDGE_CURVE ( 'NONE', #7866, #1262, #10363, .T. ) ;
#2879 = ORIENTED_EDGE ( 'NONE', *, *, #975, .F. ) ;
#2880 = VERTEX_POINT ( 'NONE', #9672 ) ;
#2881 = CARTESIAN_POINT ( 'NONE',  ( -1.280000000000000027, -7.894999999999999574, 5.249999999998999911 ) ) ;
#2882 = ORIENTED_EDGE ( 'NONE', *, *, #2013, .T. ) ;
#2883 = DIRECTION ( 'NONE',  ( 0.000000000000000000, 1.000000000000000000, 0.000000000000000000 ) ) ;
#2884 = VECTOR ( 'NONE', #5204, 1000.000000000000114 ) ;
#2885 = CARTESIAN_POINT ( 'NONE',  ( -0.09999999999899999992, -0.6950000000009999290, 0.000000000000000000 ) ) ;
#2886 = LINE ( 'NONE', #2021, #6391 ) ;
#2887 = CARTESIAN_POINT ( 'NONE',  ( -1.580000000000000071, -8.294999999999999929, 2.249999999998999911 ) ) ;
#2888 = LINE ( 'NONE', #4550, #598 ) ;
#2889 = AXIS2_PLACEMENT_3D ( 'NONE', #10019, #7453, #1472 ) ;
#2890 = EDGE_CURVE ( 'NONE', #4233, #4294, #903, .T. ) ;
#2891 = DIRECTION ( 'NONE',  ( -1.000000000000000000, 1.284980352574999780E-16, 0.000000000000000000 ) ) ;
#2892 = CARTESIAN_POINT ( 'NONE',  ( -1.580000000000000071, -6.872895553309999350, 5.599999999998999556 ) ) ;
#2893 = ADVANCED_FACE ( 'NONE', ( #4396 ), #1648, .F. ) ;
#2894 = PLANE ( 'NONE',  #4956 ) ;
#2895 = ORIENTED_EDGE ( 'NONE', *, *, #5188, .F. ) ;
#2896 = CARTESIAN_POINT ( 'NONE',  ( 0.3600000000000000422, -4.830679945108999895, 6.924999999999999822 ) ) ;
#2897 = DIRECTION ( 'NONE',  ( 1.000000000000000000, 0.000000000000000000, 1.215473287538999910E-16 ) ) ;
#2898 = CARTESIAN_POINT ( 'NONE',  ( -1.279999999998999716, -3.494999999999999662, 0.4000000000000000222 ) ) ;
#2899 = CARTESIAN_POINT ( 'NONE',  ( -0.3499999999989999999, -2.944999999999999840, -6.324512672832001141E-17 ) ) ;
#2900 = ORIENTED_EDGE ( 'NONE', *, *, #281, .T. ) ;
#2901 = LINE ( 'NONE', #2790, #5709 ) ;
#2902 = ORIENTED_EDGE ( 'NONE', *, *, #6294, .T. ) ;
#2903 = DIRECTION ( 'NONE',  ( 0.000000000000000000, -1.000000000000000000, 0.000000000000000000 ) ) ;
#2904 = ORIENTED_EDGE ( 'NONE', *, *, #263, .T. ) ;
#2905 = VECTOR ( 'NONE', #662, 1000.000000000000000 ) ;
#2906 = CARTESIAN_POINT ( 'NONE',  ( 1.430000000000000160, -4.571077182464999389, 5.654324757502999788 ) ) ;
#2907 = EDGE_CURVE ( 'NONE', #7566, #6058, #4293, .T. ) ;
#2908 = DIRECTION ( 'NONE',  ( 0.000000000000000000, 0.000000000000000000, -1.000000000000000000 ) ) ;
#2909 = LINE ( 'NONE', #1993, #10819 ) ;
#2910 = AXIS2_PLACEMENT_3D ( 'NONE', #10178, #9321, #4963 ) ;
#2911 = VECTOR ( 'NONE', #8777, 1000.000000000000000 ) ;
#2912 = VERTEX_POINT ( 'NONE', #8600 ) ;
#2913 = CARTESIAN_POINT ( 'NONE',  ( 1.280000000000000027, -2.194999999999999840, -1.899999999998999822 ) ) ;
#2914 = ORIENTED_EDGE ( 'NONE', *, *, #3241, .T. ) ;
#2915 = LINE ( 'NONE', #6362, #8330 ) ;
#2916 = ORIENTED_EDGE ( 'NONE', *, *, #9134, .T. ) ;
#2917 = EDGE_LOOP ( 'NONE', ( #8838, #3426, #7861, #7508 ) ) ;
#2918 = ORIENTED_EDGE ( 'NONE', *, *, #10668, .F. ) ;
#2919 = DIRECTION ( 'NONE',  ( 0.000000000000000000, 0.000000000000000000, -1.000000000000000000 ) ) ;
#2920 = EDGE_CURVE ( 'NONE', #7983, #9324, #1814, .T. ) ;
#2921 = DIRECTION ( 'NONE',  ( -0.000000000000000000, 1.000000000000000000, 0.000000000000000000 ) ) ;
#2922 = ADVANCED_FACE ( 'NONE', ( #2508 ), #3480, .F. ) ;
#2923 = PLANE ( 'NONE',  #6571 ) ;
#2924 = CARTESIAN_POINT ( 'NONE',  ( -0.3600000000000000422, -8.830679945108999007, 6.125000000000000000 ) ) ;
#2925 = LINE ( 'NONE', #4926, #536 ) ;
#2926 = CARTESIAN_POINT ( 'NONE',  ( -1.279999999998999716, 1.555811304863000011, 0.05000000000000000278 ) ) ;
#2927 = EDGE_CURVE ( 'NONE', #10246, #9580, #6125, .T. ) ;
#2928 = VERTEX_POINT ( 'NONE', #8765 ) ;
#2929 = DIRECTION ( 'NONE',  ( -1.000000000000000000, 0.000000000000000000, 1.215473287538999910E-16 ) ) ;
#2930 = ORIENTED_EDGE ( 'NONE', *, *, #393, .T. ) ;
#2931 = ORIENTED_EDGE ( 'NONE', *, *, #10789, .T. ) ;
#2932 = VECTOR ( 'NONE', #9456, 1000.000000000000114 ) ;
#2933 = DIRECTION ( 'NONE',  ( -1.000000000000000000, 0.000000000000000000, 0.000000000000000000 ) ) ;
#2934 = VERTEX_POINT ( 'NONE', #797 ) ;
#2935 = LINE ( 'NONE', #7308, #6679 ) ;
#2936 = EDGE_CURVE ( 'NONE', #8543, #950, #5261, .T. ) ;
#2937 = DIRECTION ( 'NONE',  ( 1.000000000000000000, 0.000000000000000000, 0.000000000000000000 ) ) ;
#2938 = DIRECTION ( 'NONE',  ( 0.000000000000000000, 0.000000000000000000, -1.000000000000000000 ) ) ;
#2939 = CARTESIAN_POINT ( 'NONE',  ( 1.080000000000000071, 3.804999999999000071, 0.2999999999999999889 ) ) ;
#2940 = VECTOR ( 'NONE', #7002, 1000.000000000000000 ) ;
#2941 = EDGE_CURVE ( 'NONE', #7401, #11215, #2558, .T. ) ;
#2942 = AXIS2_PLACEMENT_3D ( 'NONE', #10794, #2087, #2946 ) ;
#2943 = DIRECTION ( 'NONE',  ( 0.000000000000000000, 0.000000000000000000, 1.000000000000000000 ) ) ;
#2944 = LINE ( 'NONE', #5813, #9953 ) ;
#2945 = DIRECTION ( 'NONE',  ( 1.215473287538999910E-16, 0.000000000000000000, 1.000000000000000000 ) ) ;
#2946 = DIRECTION ( 'NONE',  ( -1.000000000000000000, 0.000000000000000000, 7.132909029515129310E-17 ) ) ;
#2947 = CARTESIAN_POINT ( 'NONE',  ( 1.280000000000000027, 3.804999999999000071, 2.720678065752000219 ) ) ;
#2948 = AXIS2_PLACEMENT_3D ( 'NONE', #9289, #7464, #10831 ) ;
#2949 = ORIENTED_EDGE ( 'NONE', *, *, #9737, .T. ) ;
#2950 = VECTOR ( 'NONE', #7296, 1000.000000000000000 ) ;
#2951 = CARTESIAN_POINT ( 'NONE',  ( 1.279999999998999716, 2.204999999999000426, -1.899999999998999822 ) ) ;
#2952 = DIRECTION ( 'NONE',  ( 0.000000000000000000, 0.000000000000000000, 1.000000000000000000 ) ) ;
#2953 = VECTOR ( 'NONE', #4602, 1000.000000000000000 ) ;
#2954 = DIRECTION ( 'NONE',  ( -1.000000000000000000, 1.284980352574999780E-16, 0.000000000000000000 ) ) ;
#2955 = ADVANCED_FACE ( 'NONE', ( #5206 ), #5313, .F. ) ;
#2956 = DIRECTION ( 'NONE',  ( 0.000000000000000000, -1.000000000000000000, -1.084202172484999957E-15 ) ) ;
#2957 = EDGE_CURVE ( 'NONE', #5679, #7251, #4457, .T. ) ;
#2958 = VECTOR ( 'NONE', #4912, 1000.000000000000000 ) ;
#2959 = VECTOR ( 'NONE', #1516, 1000.000000000000000 ) ;
#2960 = VECTOR ( 'NONE', #7181, 1000.000000000000000 ) ;
#2961 = VERTEX_POINT ( 'NONE', #1594 ) ;
#2962 = DIRECTION ( 'NONE',  ( -0.000000000000000000, 1.000000000000000000, 0.000000000000000000 ) ) ;
#2963 = ORIENTED_EDGE ( 'NONE', *, *, #8141, .T. ) ;
#2964 = CARTESIAN_POINT ( 'NONE',  ( 0.3599999999990000088, -5.330679945108999007, 3.124999999998999911 ) ) ;
#2965 = VERTEX_POINT ( 'NONE', #7159 ) ;
#2966 = CARTESIAN_POINT ( 'NONE',  ( -1.579999999998999982, 1.119999999999000240, -0.7048473225369999984 ) ) ;
#2967 = VERTEX_POINT ( 'NONE', #4569 ) ;
#2968 = AXIS2_PLACEMENT_3D ( 'NONE', #11211, #3364, #10186 ) ;
#2969 = DIRECTION ( 'NONE',  ( -1.284980352574999780E-16, -1.000000000000000000, 0.000000000000000000 ) ) ;
#2970 = FACE_OUTER_BOUND ( 'NONE', #6860, .T. ) ;
#2971 = EDGE_LOOP ( 'NONE', ( #7625, #11231, #5743, #2736 ) ) ;
#2972 = EDGE_CURVE ( 'NONE', #959, #2825, #3813, .T. ) ;
#2973 = CARTESIAN_POINT ( 'NONE',  ( 0.3600000000000000422, -5.330679945108999007, 5.625000000000000000 ) ) ;
#2974 = ORIENTED_EDGE ( 'NONE', *, *, #2432, .T. ) ;
#2975 = LINE ( 'NONE', #7233, #2092 ) ;
#2976 = AXIS2_PLACEMENT_3D ( 'NONE', #6393, #1171, #8866 ) ;
#2977 = VERTEX_POINT ( 'NONE', #8192 ) ;
#2978 = ORIENTED_EDGE ( 'NONE', *, *, #4097, .F. ) ;
#2979 = ORIENTED_EDGE ( 'NONE', *, *, #2447, .T. ) ;
#2980 = CARTESIAN_POINT ( 'NONE',  ( -0.1000000000000000056, -2.295000000001000018, 0.000000000000000000 ) ) ;
#2981 = FACE_OUTER_BOUND ( 'NONE', #7928, .T. ) ;
#2982 = CARTESIAN_POINT ( 'NONE',  ( -1.280000000000000027, -7.894999999999999574, 2.249999999998999911 ) ) ;
#2983 = CARTESIAN_POINT ( 'NONE',  ( 1.430000000000000160, -2.752668290246999661, 4.776807376878000611 ) ) ;
#2984 = FACE_OUTER_BOUND ( 'NONE', #2510, .T. ) ;
#2985 = LINE ( 'NONE', #6490, #9541 ) ;
#2986 = EDGE_LOOP ( 'NONE', ( #5974, #7855, #6609, #6320 ) ) ;
#2987 = ADVANCED_FACE ( 'NONE', ( #7277 ), #6407, .F. ) ;
#2988 = CARTESIAN_POINT ( 'NONE',  ( -1.580000000000000071, 3.804999999999000071, 9.000000000000000000 ) ) ;
#2989 = ORIENTED_EDGE ( 'NONE', *, *, #5389, .F. ) ;
#2990 = ORIENTED_EDGE ( 'NONE', *, *, #2169, .T. ) ;
#2991 = ORIENTED_EDGE ( 'NONE', *, *, #5200, .T. ) ;
#2992 = ORIENTED_EDGE ( 'NONE', *, *, #6677, .F. ) ;
#2993 = LINE ( 'NONE', #3958, #7049 ) ;
#2994 = CARTESIAN_POINT ( 'NONE',  ( 0.3599999999990000088, -2.944999999999999840, -6.446060001586000578E-17 ) ) ;
#2995 = DIRECTION ( 'NONE',  ( 0.000000000000000000, 2.168404344971000240E-16, -1.000000000000000000 ) ) ;
#2996 = DIRECTION ( 'NONE',  ( -0.8990754936489593341, 0.4377936234344672051, 4.746567976289071596E-16 ) ) ;
#2997 = AXIS2_PLACEMENT_3D ( 'NONE', #8988, #3761, #7275 ) ;
#2998 = AXIS2_PLACEMENT_3D ( 'NONE', #4214, #9491, #5944 ) ;
#2999 = EDGE_CURVE ( 'NONE', #3638, #5775, #3707, .T. ) ;
#3000 = LINE ( 'NONE', #8974, #6644 ) ;
#3001 = EDGE_CURVE ( 'NONE', #3479, #755, #7388, .T. ) ;
#3002 = DIRECTION ( 'NONE',  ( 1.000000000000000000, 0.000000000000000000, -1.270804703590999957E-32 ) ) ;
#3003 = VECTOR ( 'NONE', #9775, 1000.000000000000000 ) ;
#3004 = DIRECTION ( 'NONE',  ( -1.000000000000000000, 0.000000000000000000, 1.215473287538999910E-16 ) ) ;
#3005 = DIRECTION ( 'NONE',  ( 0.000000000000000000, -4.336808689942000480E-16, -1.000000000000000000 ) ) ;
#3006 = CARTESIAN_POINT ( 'NONE',  ( -1.279999999998999716, -1.545000000000999796, -1.899999999998999822 ) ) ;
#3007 = ORIENTED_EDGE ( 'NONE', *, *, #11186, .T. ) ;
#3008 = EDGE_CURVE ( 'NONE', #7521, #2683, #5370, .T. ) ;
#3009 = LINE ( 'NONE', #10747, #7040 ) ;
#3010 = DIRECTION ( 'NONE',  ( 0.8990754936489593341, -0.4377936234344672051, -4.746567976289071596E-16 ) ) ;
#3011 = VECTOR ( 'NONE', #6479, 1000.000000000000000 ) ;
#3012 = CARTESIAN_POINT ( 'NONE',  ( -0.3499999999999999778, -8.830679945108999007, 4.924999999999999822 ) ) ;
#3013 = AXIS2_PLACEMENT_3D ( 'NONE', #9418, #10382, #8568 ) ;
#3014 = ADVANCED_FACE ( 'NONE', ( #4630 ), #7330, .T. ) ;
#3015 = ORIENTED_EDGE ( 'NONE', *, *, #4757, .T. ) ;
#3016 = CARTESIAN_POINT ( 'NONE',  ( 1.280000000000000027, -8.294999999999999929, 5.599999999998999556 ) ) ;
#3017 = DIRECTION ( 'NONE',  ( 0.000000000000000000, -1.000000000000000000, 0.000000000000000000 ) ) ;
#3018 = ADVANCED_FACE ( 'NONE', ( #8022 ), #5543, .T. ) ;
#3019 = EDGE_LOOP ( 'NONE', ( #7338, #6112, #1132, #1294 ) ) ;
#3020 = DIRECTION ( 'NONE',  ( 0.000000000000000000, 1.000000000000000000, -2.167154562174000065E-16 ) ) ;
#3021 = ORIENTED_EDGE ( 'NONE', *, *, #2864, .F. ) ;
#3022 = VECTOR ( 'NONE', #5046, 1000.000000000000000 ) ;
#3023 = EDGE_CURVE ( 'NONE', #7927, #3539, #5869, .T. ) ;
#3024 = DIRECTION ( 'NONE',  ( -0.4361276865241069944, 0.8956542399572199331, 0.08715574274702139745 ) ) ;
#3025 = VERTEX_POINT ( 'NONE', #8881 ) ;
#3026 = VECTOR ( 'NONE', #5304, 1000.000000000000000 ) ;
#3027 = CARTESIAN_POINT ( 'NONE',  ( -1.580000000000000071, 3.804999999999000071, 4.134721410322000246 ) ) ;
#3028 = LINE ( 'NONE', #4739, #9371 ) ;
#3029 = AXIS2_PLACEMENT_3D ( 'NONE', #3577, #3630, #238 ) ;
#3030 = ORIENTED_EDGE ( 'NONE', *, *, #3450, .F. ) ;
#3031 =( NAMED_UNIT ( * ) SI_UNIT ( $, .STERADIAN. ) SOLID_ANGLE_UNIT ( ) );
#3032 = EDGE_CURVE ( 'NONE', #10188, #9631, #8991, .T. ) ;
#3033 = EDGE_LOOP ( 'NONE', ( #1113, #9251, #418, #10863 ) ) ;
#3034 = DIRECTION ( 'NONE',  ( 0.000000000000000000, 0.000000000000000000, 1.000000000000000000 ) ) ;
#3035 = EDGE_LOOP ( 'NONE', ( #5257, #7506, #4583, #10454 ) ) ;
#3036 = ORIENTED_EDGE ( 'NONE', *, *, #1408, .F. ) ;
#3037 = ORIENTED_EDGE ( 'NONE', *, *, #9381, .T. ) ;
#3038 = CARTESIAN_POINT ( 'NONE',  ( 1.429999999999000071, -1.983341451230999697, 4.776807376878000611 ) ) ;
#3039 = DIRECTION ( 'NONE',  ( 0.000000000000000000, 1.000000000000000000, 0.000000000000000000 ) ) ;
#3040 = VECTOR ( 'NONE', #7238, 1000.000000000000000 ) ;
#3041 = PLANE ( 'NONE',  #566 ) ;
#3042 = DIRECTION ( 'NONE',  ( 1.000000000000000000, 0.000000000000000000, 0.000000000000000000 ) ) ;
#3043 = CARTESIAN_POINT ( 'NONE',  ( 0.3499999999999999778, -8.830679945108999007, 4.125000000000000000 ) ) ;
#3044 = ORIENTED_EDGE ( 'NONE', *, *, #1283, .T. ) ;
#3045 =( NAMED_UNIT ( * ) PLANE_ANGLE_UNIT ( ) SI_UNIT ( $, .RADIAN. ) );
#3046 = ORIENTED_EDGE ( 'NONE', *, *, #5541, .T. ) ;
#3047 = ORIENTED_EDGE ( 'NONE', *, *, #5658, .F. ) ;
#3048 = EDGE_LOOP ( 'NONE', ( #4997, #7291, #6606, #9166, #3159, #2222 ) ) ;
#3049 = PLANE ( 'NONE',  #6434 ) ;
#3050 = ORIENTED_EDGE ( 'NONE', *, *, #8067, .F. ) ;
#3051 = DIRECTION ( 'NONE',  ( 0.000000000000000000, 0.000000000000000000, -1.000000000000000000 ) ) ;
#3052 = DIRECTION ( 'NONE',  ( 1.000000000000000000, 0.000000000000000000, -1.807003620808999850E-16 ) ) ;
#3053 = EDGE_CURVE ( 'NONE', #5110, #10055, #4733, .T. ) ;
#3054 = DIRECTION ( 'NONE',  ( -1.807003620808999850E-16, 0.000000000000000000, 1.000000000000000000 ) ) ;
#3055 = FACE_OUTER_BOUND ( 'NONE', #9295, .T. ) ;
#3056 = LINE ( 'NONE', #3746, #5537 ) ;
#3057 = LINE ( 'NONE', #2252, #7956 ) ;
#3058 = PLANE ( 'NONE',  #192 ) ;
#3059 = LINE ( 'NONE', #1446, #8291 ) ;
#3060 = ORIENTED_EDGE ( 'NONE', *, *, #1375, .T. ) ;
#3061 = CARTESIAN_POINT ( 'NONE',  ( -0.3600000000000000422, -8.830679945108999007, 6.625000000000000000 ) ) ;
#3062 = DIRECTION ( 'NONE',  ( 1.215473287538999910E-16, 0.000000000000000000, 1.000000000000000000 ) ) ;
#3063 = ADVANCED_FACE ( 'NONE', ( #2792 ), #10644, .F. ) ;
#3064 = DIRECTION ( 'NONE',  ( 0.000000000000000000, 0.000000000000000000, -1.000000000000000000 ) ) ;
#3065 = EDGE_CURVE ( 'NONE', #1426, #4523, #1873, .T. ) ;
#3066 = PLANE ( 'NONE',  #11193 ) ;
#3067 = EDGE_CURVE ( 'NONE', #10055, #8826, #2100, .T. ) ;
#3068 = ORIENTED_EDGE ( 'NONE', *, *, #4907, .T. ) ;
#3069 = DIRECTION ( 'NONE',  ( -1.000000000000000000, 0.000000000000000000, 0.000000000000000000 ) ) ;
#3070 = DIRECTION ( 'NONE',  ( 0.000000000000000000, 0.000000000000000000, -1.000000000000000000 ) ) ;
#3071 = ORIENTED_EDGE ( 'NONE', *, *, #7156, .T. ) ;
#3072 = CARTESIAN_POINT ( 'NONE',  ( 1.579999999998999982, 3.528905104725000186, 5.489973182672999386 ) ) ;
#3073 = ORIENTED_EDGE ( 'NONE', *, *, #5402, .T. ) ;
#3074 = FILL_AREA_STYLE_COLOUR ( '', #2261 ) ;
#3075 = LINE ( 'NONE', #9328, #8554 ) ;
#3076 = VERTEX_POINT ( 'NONE', #1240 ) ;
#3077 = EDGE_CURVE ( 'NONE', #3587, #10924, #8246, .T. ) ;
#3078 = CARTESIAN_POINT ( 'NONE',  ( 0.3499999999989999999, -5.330679945108999007, 3.124999999998999911 ) ) ;
#3079 = DIRECTION ( 'NONE',  ( 0.000000000000000000, 0.000000000000000000, 1.000000000000000000 ) ) ;
#3080 = EDGE_CURVE ( 'NONE', #7343, #4444, #10864, .T. ) ;
#3081 = ORIENTED_EDGE ( 'NONE', *, *, #1098, .F. ) ;
#3082 = VECTOR ( 'NONE', #10406, 1000.000000000000114 ) ;
#3083 = EDGE_LOOP ( 'NONE', ( #640, #2325, #1213, #6710 ) ) ;
#3084 = CARTESIAN_POINT ( 'NONE',  ( 1.280000000000000027, 2.385829949784000537, 1.249999999998999911 ) ) ;
#3085 = ORIENTED_EDGE ( 'NONE', *, *, #5541, .F. ) ;
#3086 = ORIENTED_EDGE ( 'NONE', *, *, #5722, .F. ) ;
#3087 = VERTEX_POINT ( 'NONE', #141 ) ;
#3088 = LINE ( 'NONE', #8494, #3412 ) ;
#3089 = LINE ( 'NONE', #4810, #1355 ) ;
#3090 = CARTESIAN_POINT ( 'NONE',  ( 1.279999999998999716, -1.545811304863999647, 0.05000000000000000278 ) ) ;
#3091 = FACE_OUTER_BOUND ( 'NONE', #3600, .T. ) ;
#3092 =( GEOMETRIC_REPRESENTATION_CONTEXT ( 3 ) GLOBAL_UNCERTAINTY_ASSIGNED_CONTEXT ( ( #3296 ) ) GLOBAL_UNIT_ASSIGNED_CONTEXT ( ( #715, #1745, #9487 ) ) REPRESENTATION_CONTEXT ( 'NONE', 'WORKASPACE' ) );
#3093 = DIRECTION ( 'NONE',  ( 2.818573634768999933E-16, 1.000000000000000000, 0.000000000000000000 ) ) ;
#3094 = EDGE_CURVE ( 'NONE', #6762, #7758, #6290, .T. ) ;
#3095 = EDGE_CURVE ( 'NONE', #3169, #4893, #1933, .T. ) ;
#3096 = ORIENTED_EDGE ( 'NONE', *, *, #5888, .T. ) ;
#3097 = CARTESIAN_POINT ( 'NONE',  ( -1.280000000000000027, -8.294999999999999929, 3.749999999998999911 ) ) ;
#3098 = EDGE_LOOP ( 'NONE', ( #9410, #2618, #3501, #2791 ) ) ;
#3099 = VERTEX_POINT ( 'NONE', #10010 ) ;
#3100 = PRESENTATION_LAYER_ASSIGNMENT (  '', '', ( #5295 ) ) ;
#3101 = ORIENTED_EDGE ( 'NONE', *, *, #9934, .T. ) ;
#3102 = ORIENTED_EDGE ( 'NONE', *, *, #1512, .T. ) ;
#3103 = PLANE ( 'NONE',  #2590 ) ;
#3104 = VERTEX_POINT ( 'NONE', #3185 ) ;
#3105 = DIRECTION ( 'NONE',  ( -0.9992672852955356566, 0.000000000000000000, 0.03827391459062639417 ) ) ;
#3106 = LINE ( 'NONE', #2187, #1379 ) ;
#3107 = CARTESIAN_POINT ( 'NONE',  ( -0.3499999999989999999, -4.829526559172999889, 2.124913496054000372 ) ) ;
#3108 = VECTOR ( 'NONE', #2954, 1000.000000000000000 ) ;
#3109 = CARTESIAN_POINT ( 'NONE',  ( -0.1000000000000000056, -2.944999999999999840, -1.600000000000000089 ) ) ;
#3110 = FACE_OUTER_BOUND ( 'NONE', #6087, .T. ) ;
#3111 = EDGE_CURVE ( 'NONE', #11294, #4494, #7669, .T. ) ;
#3112 = CARTESIAN_POINT ( 'NONE',  ( 1.279999999998999716, 2.204999999999000426, -0.8999999999990000443 ) ) ;
#3113 = LINE ( 'NONE', #357, #5144 ) ;
#3114 = VERTEX_POINT ( 'NONE', #9323 ) ;
#3115 = CARTESIAN_POINT ( 'NONE',  ( 0.3600000000000000422, -4.830679945108999895, 4.625000000000000000 ) ) ;
#3116 = FACE_OUTER_BOUND ( 'NONE', #11023, .T. ) ;
#3117 = CARTESIAN_POINT ( 'NONE',  ( 0.3600000000000000422, -4.830679945108999895, 6.424999999999999822 ) ) ;
#3118 = VECTOR ( 'NONE', #9842, 1000.000000000000000 ) ;
#3119 = DIRECTION ( 'NONE',  ( -0.000000000000000000, 1.000000000000000000, 0.000000000000000000 ) ) ;
#3120 = ORIENTED_EDGE ( 'NONE', *, *, #1806, .T. ) ;
#3121 = FACE_BOUND ( 'NONE', #2060, .T. ) ;
#3122 = VECTOR ( 'NONE', #8041, 1000.000000000000000 ) ;
#3123 = EDGE_CURVE ( 'NONE', #671, #8676, #609, .T. ) ;
#3124 = CARTESIAN_POINT ( 'NONE',  ( 0.3600000000000000422, -8.830679945108999007, 6.424999999999999822 ) ) ;
#3125 = ADVANCED_FACE ( 'NONE', ( #10923 ), #4850, .F. ) ;
#3126 = AXIS2_PLACEMENT_3D ( 'NONE', #10570, #8126, #7145 ) ;
#3127 = ORIENTED_EDGE ( 'NONE', *, *, #9955, .T. ) ;
#3128 = LINE ( 'NONE', #10180, #7524 ) ;
#3129 = ORIENTED_EDGE ( 'NONE', *, *, #38, .T. ) ;
#3130 = DIRECTION ( 'NONE',  ( 0.000000000000000000, 0.000000000000000000, -1.000000000000000000 ) ) ;
#3131 = DIRECTION ( 'NONE',  ( 0.000000000000000000, 1.000000000000000000, 0.000000000000000000 ) ) ;
#3132 = ADVANCED_FACE ( 'NONE', ( #10123 ), #5653, .F. ) ;
#3133 = VECTOR ( 'NONE', #10476, 1000.000000000000000 ) ;
#3134 = CARTESIAN_POINT ( 'NONE',  ( 1.580000000000000071, -2.752668290246999661, 4.273192623120999123 ) ) ;
#3135 = VECTOR ( 'NONE', #10788, 1000.000000000000000 ) ;
#3136 = VECTOR ( 'NONE', #1682, 1000.000000000000000 ) ;
#3137 = CARTESIAN_POINT ( 'NONE',  ( 0.3599999999990000088, -9.330679945108999007, 3.124999999998999911 ) ) ;
#3138 = ORIENTED_EDGE ( 'NONE', *, *, #236, .T. ) ;
#3139 = EDGE_CURVE ( 'NONE', #3479, #5662, #8361, .T. ) ;
#3140 = CARTESIAN_POINT ( 'NONE',  ( -1.280000000000000027, -8.294999999999999929, 2.249999999998999911 ) ) ;
#3141 = EDGE_CURVE ( 'NONE', #483, #149, #5025, .T. ) ;
#3142 = ORIENTED_EDGE ( 'NONE', *, *, #4163, .T. ) ;
#3143 = DIRECTION ( 'NONE',  ( 0.000000000000000000, -0.5000000000001899592, 0.8660254037843289066 ) ) ;
#3144 = VERTEX_POINT ( 'NONE', #8535 ) ;
#3145 = AXIS2_PLACEMENT_3D ( 'NONE', #4911, #7620, #4224 ) ;
#3146 = EDGE_LOOP ( 'NONE', ( #3201, #5332, #4357, #4982 ) ) ;
#3147 = ORIENTED_EDGE ( 'NONE', *, *, #3633, .F. ) ;
#3148 = CYLINDRICAL_SURFACE ( 'NONE', #6529, 0.1499999999989998778 ) ;
#3149 = EDGE_CURVE ( 'NONE', #173, #9238, #10971, .T. ) ;
#3150 = CARTESIAN_POINT ( 'NONE',  ( -0.3599999999990000088, -4.829526559172999889, 2.124913496054000372 ) ) ;
#3151 = CARTESIAN_POINT ( 'NONE',  ( 0.9817789317309998376, -6.329612395372000044, 2.600000000000000089 ) ) ;
#3152 = DIRECTION ( 'NONE',  ( 1.000000000000000000, 0.000000000000000000, 0.000000000000000000 ) ) ;
#3153 = CARTESIAN_POINT ( 'NONE',  ( -0.09999999999899999992, 1.304999999999000515, -1.600000000000000089 ) ) ;
#3154 = VECTOR ( 'NONE', #10793, 1000.000000000000000 ) ;
#3155 = ORIENTED_EDGE ( 'NONE', *, *, #905, .T. ) ;
#3156 = FILL_AREA_STYLE_COLOUR ( '', #11088 ) ;
#3157 = EDGE_CURVE ( 'NONE', #2392, #6082, #5830, .T. ) ;
#3158 = ORIENTED_EDGE ( 'NONE', *, *, #4275, .F. ) ;
#3159 = ORIENTED_EDGE ( 'NONE', *, *, #6373, .F. ) ;
#3160 = VERTEX_POINT ( 'NONE', #11092 ) ;
#3161 = ORIENTED_EDGE ( 'NONE', *, *, #9017, .T. ) ;
#3162 = FACE_OUTER_BOUND ( 'NONE', #1016, .T. ) ;
#3163 = ORIENTED_EDGE ( 'NONE', *, *, #1765, .T. ) ;
#3164 = EDGE_CURVE ( 'NONE', #9065, #4186, #3927, .T. ) ;
#3165 = DIRECTION ( 'NONE',  ( -0.03815622842002983073, 0.07835959243506113170, -0.9961946980917784078 ) ) ;
#3166 = FACE_OUTER_BOUND ( 'NONE', #5975, .T. ) ;
#3167 = VECTOR ( 'NONE', #8794, 1000.000000000000000 ) ;
#3168 = CARTESIAN_POINT ( 'NONE',  ( 0.3499999999999999778, -4.830679945108999895, 2.925000000000000266 ) ) ;
#3169 = VERTEX_POINT ( 'NONE', #4102 ) ;
#3170 = CARTESIAN_POINT ( 'NONE',  ( -1.280000000000000027, -7.894999999999999574, 3.749999999998999911 ) ) ;
#3171 = CARTESIAN_POINT ( 'NONE',  ( 0.3499999999989999999, -4.830679945108999895, 6.125000000000000000 ) ) ;
#3172 = EDGE_CURVE ( 'NONE', #11290, #7305, #3128, .T. ) ;
#3173 = CARTESIAN_POINT ( 'NONE',  ( -1.580000000000000071, 3.804999999999000071, 9.000000000000000000 ) ) ;
#3174 = DIRECTION ( 'NONE',  ( 0.000000000000000000, 1.000000000000000000, 0.000000000000000000 ) ) ;
#3175 = ORIENTED_EDGE ( 'NONE', *, *, #2666, .F. ) ;
#3176 = CARTESIAN_POINT ( 'NONE',  ( 0.3599999999990000088, -4.830679945108999895, 2.925000000000000266 ) ) ;
#3177 = CARTESIAN_POINT ( 'NONE',  ( 0.1000000000000000056, 1.704999999998999760, -1.600000000000000089 ) ) ;
#3178 = DIRECTION ( 'NONE',  ( -1.000000000000000000, 0.000000000000000000, 1.215473287538999910E-16 ) ) ;
#3179 = VECTOR ( 'NONE', #7268, 1000.000000000000000 ) ;
#3180 = UNCERTAINTY_MEASURE_WITH_UNIT (LENGTH_MEASURE( 1.000000000000000082E-05 ), #9681, 'distance_accuracy_value', 'NONE');
#3181 = ORIENTED_EDGE ( 'NONE', *, *, #8208, .F. ) ;
#3182 = LINE ( 'NONE', #2203, #9570 ) ;
#3183 = LINE ( 'NONE', #427, #10862 ) ;
#3184 = ORIENTED_EDGE ( 'NONE', *, *, #10142, .F. ) ;
#3185 = CARTESIAN_POINT ( 'NONE',  ( -1.580000000000000071, -3.494999999999999662, 0.2999999999999999889 ) ) ;
#3186 = CIRCLE ( 'NONE', #11055, 0.1000000000000002554 ) ;
#3187 =( GEOMETRIC_REPRESENTATION_CONTEXT ( 3 ) GLOBAL_UNCERTAINTY_ASSIGNED_CONTEXT ( ( #3180 ) ) GLOBAL_UNIT_ASSIGNED_CONTEXT ( ( #9681, #6079, #3548 ) ) REPRESENTATION_CONTEXT ( 'NONE', 'WORKASPACE' ) );
#3188 = ORIENTED_EDGE ( 'NONE', *, *, #7317, .T. ) ;
#3189 = LINE ( 'NONE', #9326, #2446 ) ;
#3190 = DIRECTION ( 'NONE',  ( 1.000000000000000000, 0.000000000000000000, 0.000000000000000000 ) ) ;
#3192 = VECTOR ( 'NONE', #4882, 1000.000000000000114 ) ;
#3191 = LINE ( 'NONE', #2385, #2165 ) ;
#3193 = DIRECTION ( 'NONE',  ( 0.000000000000000000, -1.000000000000000000, 0.000000000000000000 ) ) ;
#3194 = EDGE_CURVE ( 'NONE', #434, #2166, #2326, .T. ) ;
#3195 = CARTESIAN_POINT ( 'NONE',  ( 0.5396645151600001356, 3.804999999999000071, 4.915278589676999488 ) ) ;
#3196 = ORIENTED_EDGE ( 'NONE', *, *, #1546, .T. ) ;
#3197 = AXIS2_PLACEMENT_3D ( 'NONE', #6485, #4924, #6713 ) ;
#3198 = ORIENTED_EDGE ( 'NONE', *, *, #8685, .F. ) ;
#3199 = CARTESIAN_POINT ( 'NONE',  ( -0.9817789317309998376, -6.329612395372000044, 6.242520405652999926 ) ) ;
#3200 = ORIENTED_EDGE ( 'NONE', *, *, #3639, .F. ) ;
#3201 = ORIENTED_EDGE ( 'NONE', *, *, #5605, .F. ) ;
#3202 = ORIENTED_EDGE ( 'NONE', *, *, #5553, .T. ) ;
#3203 = CARTESIAN_POINT ( 'NONE',  ( -0.3599999999990000088, -4.829526559172999889, 2.124913496054000372 ) ) ;
#3204 = DIRECTION ( 'NONE',  ( 0.000000000000000000, 0.000000000000000000, -1.000000000000000000 ) ) ;
#3205 = LINE ( 'NONE', #2983, #942 ) ;
#3206 = DIRECTION ( 'NONE',  ( 0.000000000000000000, 1.000000000000000000, 0.000000000000000000 ) ) ;
#3207 = EDGE_CURVE ( 'NONE', #11215, #1315, #10232, .T. ) ;
#3208 = EDGE_CURVE ( 'NONE', #7288, #3942, #2379, .T. ) ;
#3209 = LINE ( 'NONE', #9977, #10811 ) ;
#3210 = VECTOR ( 'NONE', #7716, 1000.000000000000000 ) ;
#3211 = ORIENTED_EDGE ( 'NONE', *, *, #10504, .F. ) ;
#3212 = DIRECTION ( 'NONE',  ( 0.000000000000000000, 0.000000000000000000, 1.000000000000000000 ) ) ;
#3213 = EDGE_CURVE ( 'NONE', #443, #4919, #2208, .T. ) ;
#3214 = DIRECTION ( 'NONE',  ( 1.000000000000000000, 0.000000000000000000, 0.000000000000000000 ) ) ;
#3215 = VERTEX_POINT ( 'NONE', #9214 ) ;
#3216 = CARTESIAN_POINT ( 'NONE',  ( 1.080000000000000071, 2.385829949784000537, 4.915278589676999488 ) ) ;
#3217 = EDGE_LOOP ( 'NONE', ( #1848, #1650, #10911, #10150 ) ) ;
#3218 = EDGE_LOOP ( 'NONE', ( #1887, #3468, #7698, #10122 ) ) ;
#3219 = PLANE ( 'NONE',  #4784 ) ;
#3220 = VECTOR ( 'NONE', #10383, 1000.000000000000000 ) ;
#3221 = EDGE_LOOP ( 'NONE', ( #2352, #7944, #7117, #9687 ) ) ;
#3222 = CARTESIAN_POINT ( 'NONE',  ( 0.3600000000000000422, -4.830679945108999895, 6.424999999999999822 ) ) ;
#3223 = LINE ( 'NONE', #9359, #7807 ) ;
#3224 = VECTOR ( 'NONE', #3212, 1000.000000000000000 ) ;
#3225 =( NAMED_UNIT ( * ) SI_UNIT ( $, .STERADIAN. ) SOLID_ANGLE_UNIT ( ) );
#3226 = EDGE_CURVE ( 'NONE', #7305, #1426, #6528, .T. ) ;
#3227 = DIRECTION ( 'NONE',  ( 0.000000000000000000, 0.000000000000000000, 1.000000000000000000 ) ) ;
#3228 = CIRCLE ( 'NONE', #9450, 1.199999999998999645 ) ;
#3229 = ORIENTED_EDGE ( 'NONE', *, *, #8267, .T. ) ;
#3230 = CARTESIAN_POINT ( 'NONE',  ( 1.579999999998999982, -3.894999999999999574, 4.383769826401000991 ) ) ;
#3231 = EDGE_CURVE ( 'NONE', #501, #7682, #544, .T. ) ;
#3232 = DIRECTION ( 'NONE',  ( 1.000000000000000000, -1.284980352574999780E-16, 0.000000000000000000 ) ) ;
#3233 = CARTESIAN_POINT ( 'NONE',  ( 1.430000000000000160, -9.694999999999998508, 7.799999999998999733 ) ) ;
#3234 = DIRECTION ( 'NONE',  ( -1.172110456740999793E-16, 1.000000000000000000, -1.025596649647999987E-16 ) ) ;
#3235 = ORIENTED_EDGE ( 'NONE', *, *, #9394, .F. ) ;
#3236 = DIRECTION ( 'NONE',  ( 0.000000000000000000, -1.000000000000000000, 0.000000000000000000 ) ) ;
#3237 = CARTESIAN_POINT ( 'NONE',  ( -0.3799999999990000266, -3.894999999999999574, 1.249999999998999911 ) ) ;
#3238 = SURFACE_STYLE_FILL_AREA ( #7607 ) ;
#3239 = DIRECTION ( 'NONE',  ( 1.000000000000000000, 1.284980352574999780E-16, 0.000000000000000000 ) ) ;
#3240 = ADVANCED_FACE ( 'NONE', ( #4905 ), #2154, .F. ) ;
#3241 = EDGE_CURVE ( 'NONE', #5331, #10594, #9493, .T. ) ;
#3242 = VERTEX_POINT ( 'NONE', #10293 ) ;
#3243 = PLANE ( 'NONE',  #6115 ) ;
#3244 = FACE_OUTER_BOUND ( 'NONE', #10024, .T. ) ;
#3245 = CARTESIAN_POINT ( 'NONE',  ( -0.3600000000000000422, -9.330679945108999007, 5.625000000000000000 ) ) ;
#3246 = ORIENTED_EDGE ( 'NONE', *, *, #8635, .T. ) ;
#3247 = FACE_BOUND ( 'NONE', #9185, .T. ) ;
#3248 = CARTESIAN_POINT ( 'NONE',  ( -0.09999999999899999992, 1.704999999998999760, -1.600000000000000089 ) ) ;
#3249 = FACE_OUTER_BOUND ( 'NONE', #324, .T. ) ;
#3250 = FACE_OUTER_BOUND ( 'NONE', #8949, .T. ) ;
#3251 = ORIENTED_EDGE ( 'NONE', *, *, #11269, .F. ) ;
#3252 = DIRECTION ( 'NONE',  ( 0.000000000000000000, 0.000000000000000000, -1.000000000000000000 ) ) ;
#3253 = MECHANICAL_DESIGN_GEOMETRIC_PRESENTATION_REPRESENTATION (  '', ( #6187 ), #10576 ) ;
#3254 = VERTEX_POINT ( 'NONE', #4447 ) ;
#3255 = CARTESIAN_POINT ( 'NONE',  ( -1.280000000000000027, -8.294999999999999929, 5.599999999998999556 ) ) ;
#3256 = EDGE_CURVE ( 'NONE', #9213, #2965, #8702, .T. ) ;
#3257 = VERTEX_POINT ( 'NONE', #3528 ) ;
#3258 = ORIENTED_EDGE ( 'NONE', *, *, #6578, .T. ) ;
#3259 = VERTEX_POINT ( 'NONE', #6111 ) ;
#3260 = DIRECTION ( 'NONE',  ( 0.000000000000000000, 0.000000000000000000, 1.000000000000000000 ) ) ;
#3261 = LINE ( 'NONE', #9462, #9437 ) ;
#3262 = DIRECTION ( 'NONE',  ( 0.000000000000000000, -1.000000000000000000, 0.000000000000000000 ) ) ;
#3263 = PLANE ( 'NONE',  #3878 ) ;
#3264 = DIRECTION ( 'NONE',  ( -1.000000000000000000, 0.000000000000000000, 0.000000000000000000 ) ) ;
#3265 = VERTEX_POINT ( 'NONE', #10402 ) ;
#3266 = FILL_AREA_STYLE_COLOUR ( '', #1209 ) ;
#3267 = ORIENTED_EDGE ( 'NONE', *, *, #4830, .T. ) ;
#3268 = ORIENTED_EDGE ( 'NONE', *, *, #3366, .T. ) ;
#3269 = LINE ( 'NONE', #4720, #964 ) ;
#3270 = EDGE_CURVE ( 'NONE', #3877, #2503, #8588, .T. ) ;
#3271 = EDGE_CURVE ( 'NONE', #10399, #3417, #11262, .T. ) ;
#3272 = EDGE_LOOP ( 'NONE', ( #10393, #2648, #3443, #447 ) ) ;
#3273 = ORIENTED_EDGE ( 'NONE', *, *, #4697, .T. ) ;
#3274 = ORIENTED_EDGE ( 'NONE', *, *, #8773, .F. ) ;
#3275 = CARTESIAN_POINT ( 'NONE',  ( 1.279999999998999716, 1.904999999999000382, -1.899999999998999822 ) ) ;
#3277 = CARTESIAN_POINT ( 'NONE',  ( 1.279999999998999716, 2.555000000000000160, -1.899999999998999822 ) ) ;
#3276 = VECTOR ( 'NONE', #11308, 1000.000000000000000 ) ;
#3278 = LINE ( 'NONE', #6782, #366 ) ;
#3279 = PLANE ( 'NONE',  #7140 ) ;
#3280 = ADVANCED_FACE ( 'NONE', ( #3467 ), #3359, .T. ) ;
#3281 = LINE ( 'NONE', #3107, #376 ) ;
#3282 = VERTEX_POINT ( 'NONE', #8753 ) ;
#3283 = LINE ( 'NONE', #2423, #9203 ) ;
#3284 = VECTOR ( 'NONE', #1221, 1000.000000000000000 ) ;
#3285 = EDGE_CURVE ( 'NONE', #8597, #7816, #4279, .T. ) ;
#3286 = DIRECTION ( 'NONE',  ( 0.000000000000000000, 0.000000000000000000, -1.000000000000000000 ) ) ;
#3287 = CARTESIAN_POINT ( 'NONE',  ( -1.280000000000000027, -5.910051363132999391, 6.399999999999000266 ) ) ;
#3288 = ORIENTED_EDGE ( 'NONE', *, *, #6712, .T. ) ;
#3289 = PLANE ( 'NONE',  #8697 ) ;
#3290 = CARTESIAN_POINT ( 'NONE',  ( -1.279999999998999716, -1.545811304863999647, 0.2999999999999999889 ) ) ;
#3291 = LINE ( 'NONE', #3460, #9678 ) ;
#3292 = EDGE_CURVE ( 'NONE', #1488, #5330, #6863, .T. ) ;
#3294 = VECTOR ( 'NONE', #9275, 1000.000000000000000 ) ;
#3293 = CARTESIAN_POINT ( 'NONE',  ( -0.3499999999989999999, -5.330679945108999007, 1.624999999998999911 ) ) ;
#3295 = CLOSED_SHELL ( 'NONE', ( #3018, #10711, #8971, #1929, #6868, #6770 ) ) ;
#3296 = UNCERTAINTY_MEASURE_WITH_UNIT (LENGTH_MEASURE( 1.000000000000000082E-05 ), #715, 'distance_accuracy_value', 'NONE');
#3297 = ORIENTED_EDGE ( 'NONE', *, *, #10474, .T. ) ;
#3298 = CARTESIAN_POINT ( 'NONE',  ( -0.3599999999990000088, -4.829526559172999889, 2.425086503945000249 ) ) ;
#3299 = DIRECTION ( 'NONE',  ( 1.000000000000000000, 0.000000000000000000, 0.000000000000000000 ) ) ;
#3300 = DIRECTION ( 'NONE',  ( -1.000000000000000000, 1.284980352574999780E-16, 0.000000000000000000 ) ) ;
#3301 = ORIENTED_EDGE ( 'NONE', *, *, #1338, .F. ) ;
#3302 = LINE ( 'NONE', #6974, #5410 ) ;
#3303 = AXIS2_PLACEMENT_3D ( 'NONE', #10934, #2280, #5039 ) ;
#3304 = ADVANCED_FACE ( 'NONE', ( #949 ), #1583, .F. ) ;
#3305 = CARTESIAN_POINT ( 'NONE',  ( -1.279999999998999716, 2.385829949784000537, 4.915278589676999488 ) ) ;
#3306 = EDGE_CURVE ( 'NONE', #9470, #7866, #10349, .T. ) ;
#3307 = CARTESIAN_POINT ( 'NONE',  ( 0.9817789317309998376, -6.329612395372000044, 2.757479594345999985 ) ) ;
#3308 = VECTOR ( 'NONE', #3961, 1000.000000000000000 ) ;
#3309 = AXIS2_PLACEMENT_3D ( 'NONE', #569, #2287, #4065 ) ;
#3310 = VECTOR ( 'NONE', #5237, 1000.000000000000000 ) ;
#3311 = VERTEX_POINT ( 'NONE', #4384 ) ;
#3312 = CARTESIAN_POINT ( 'NONE',  ( -0.3799999999990000266, -9.694999999999998508, 8.849999999998999556 ) ) ;
#3313 = ORIENTED_EDGE ( 'NONE', *, *, #7565, .F. ) ;
#3314 = CARTESIAN_POINT ( 'NONE',  ( -1.280000000000000027, -3.894999999999999574, 8.000000000000000000 ) ) ;
#3315 = ORIENTED_EDGE ( 'NONE', *, *, #10162, .T. ) ;
#3316 = VERTEX_POINT ( 'NONE', #7033 ) ;
#3317 = VERTEX_POINT ( 'NONE', #5194 ) ;
#3318 = PLANE ( 'NONE',  #4330 ) ;
#3319 = CIRCLE ( 'NONE', #3861, 0.1499999999989998778 ) ;
#3320 = DIRECTION ( 'NONE',  ( 1.000000000000000000, 0.000000000000000000, 1.215473287538999910E-16 ) ) ;
#3321 = PRESENTATION_LAYER_ASSIGNMENT (  '', '', ( #4240 ) ) ;
#3322 = PLANE ( 'NONE',  #4402 ) ;
#3323 = CARTESIAN_POINT ( 'NONE',  ( -1.280000000000000027, -5.910051363132999391, 2.599999999999000000 ) ) ;
#3324 = EDGE_CURVE ( 'NONE', #2159, #8412, #2438, .T. ) ;
#3325 = AXIS2_PLACEMENT_3D ( 'NONE', #9054, #1412, #5607 ) ;
#3326 = ORIENTED_EDGE ( 'NONE', *, *, #4084, .T. ) ;
#3327 = SURFACE_STYLE_USAGE ( .BOTH. , #2517 ) ;
#3328 = VECTOR ( 'NONE', #7774, 1000.000000000000000 ) ;
#3329 = LINE ( 'NONE', #4072, #6423 ) ;
#3330 = ORIENTED_EDGE ( 'NONE', *, *, #7854, .T. ) ;
#3331 = DIRECTION ( 'NONE',  ( -1.000000000000000000, 0.000000000000000000, 0.000000000000000000 ) ) ;
#3332 = ORIENTED_EDGE ( 'NONE', *, *, #844, .T. ) ;
#3333 = VERTEX_POINT ( 'NONE', #4334 ) ;
#3334 =( NAMED_UNIT ( * ) SI_UNIT ( $, .STERADIAN. ) SOLID_ANGLE_UNIT ( ) );
#3335 = ORIENTED_EDGE ( 'NONE', *, *, #2650, .F. ) ;
#3336 = DIRECTION ( 'NONE',  ( 0.000000000000000000, -1.000000000000000000, 0.000000000000000000 ) ) ;
#3337 = CARTESIAN_POINT ( 'NONE',  ( -0.3799999999990000266, -9.544999999998998064, 7.799999999998999733 ) ) ;
#3338 = LINE ( 'NONE', #11297, #7532 ) ;
#3339 = LINE ( 'NONE', #8682, #161 ) ;
#3340 = VECTOR ( 'NONE', #475, 1000.000000000000000 ) ;
#3341 = PLANE ( 'NONE',  #1284 ) ;
#3342 = EDGE_CURVE ( 'NONE', #5855, #5331, #2497, .T. ) ;
#3343 = ORIENTED_EDGE ( 'NONE', *, *, #10046, .T. ) ;
#3344 = CARTESIAN_POINT ( 'NONE',  ( 0.3800000000000000044, -9.694999999999998508, 1.249999999998999911 ) ) ;
#3345 = LINE ( 'NONE', #710, #10084 ) ;
#3346 = CARTESIAN_POINT ( 'NONE',  ( -1.580000000000000071, 3.804999999999000071, 0.2999999999999999889 ) ) ;
#3347 = VECTOR ( 'NONE', #354, 1000.000000000000000 ) ;
#3348 = EDGE_LOOP ( 'NONE', ( #5121, #6250, #2059, #10211, #7141, #4467 ) ) ;
#3349 = DIRECTION ( 'NONE',  ( 0.000000000000000000, -1.000000000000000000, 0.000000000000000000 ) ) ;
#3350 = CARTESIAN_POINT ( 'NONE',  ( -0.09999999999899999992, 0.3049999999990000710, -1.600000000000000089 ) ) ;
#3351 = CARTESIAN_POINT ( 'NONE',  ( 1.280000000000000027, -3.894999999999999574, 7.799999999998999733 ) ) ;
#3352 = LINE ( 'NONE', #6965, #6626 ) ;
#3353 = ADVANCED_FACE ( 'NONE', ( #5082 ), #3416, .F. ) ;
#3354 = EDGE_CURVE ( 'NONE', #697, #5642, #2609, .T. ) ;
#3355 = ORIENTED_EDGE ( 'NONE', *, *, #10092, .F. ) ;
#3356 = LINE ( 'NONE', #3465, #6298 ) ;
#3357 = FACE_OUTER_BOUND ( 'NONE', #4104, .T. ) ;
#3358 = ADVANCED_FACE ( 'NONE', ( #7729 ), #1751, .F. ) ;
#3359 = CYLINDRICAL_SURFACE ( 'NONE', #9720, 0.09999999999900019421 ) ;
#3360 = ORIENTED_EDGE ( 'NONE', *, *, #8643, .T. ) ;
#3361 = DIRECTION ( 'NONE',  ( 0.000000000000000000, 0.000000000000000000, -1.000000000000000000 ) ) ;
#3362 = DIRECTION ( 'NONE',  ( -2.818573634768999933E-16, 1.000000000000000000, 0.000000000000000000 ) ) ;
#3363 = DIRECTION ( 'NONE',  ( -0.000000000000000000, 1.000000000000000000, 0.000000000000000000 ) ) ;
#3364 = DIRECTION ( 'NONE',  ( -0.000000000000000000, 1.000000000000000000, 0.000000000000000000 ) ) ;
#3365 =( GEOMETRIC_REPRESENTATION_CONTEXT ( 3 ) GLOBAL_UNCERTAINTY_ASSIGNED_CONTEXT ( ( #6635 ) ) GLOBAL_UNIT_ASSIGNED_CONTEXT ( ( #10975, #3781, #10183 ) ) REPRESENTATION_CONTEXT ( 'NONE', 'WORKASPACE' ) );
#3366 = EDGE_CURVE ( 'NONE', #6656, #6167, #6170, .T. ) ;
#3367 = AXIS2_PLACEMENT_3D ( 'NONE', #1931, #5429, #2848 ) ;
#3368 = EDGE_CURVE ( 'NONE', #3943, #11009, #7206, .T. ) ;
#3369 = VECTOR ( 'NONE', #3924, 1000.000000000000000 ) ;
#3370 = ORIENTED_EDGE ( 'NONE', *, *, #718, .F. ) ;
#3371 = VECTOR ( 'NONE', #4469, 1000.000000000000000 ) ;
#3372 = DIRECTION ( 'NONE',  ( 1.215473287538999910E-16, 0.000000000000000000, -1.000000000000000000 ) ) ;
#3373 = EDGE_CURVE ( 'NONE', #11094, #1229, #8011, .T. ) ;
#3374 = EDGE_LOOP ( 'NONE', ( #6171, #6243, #4118, #8935 ) ) ;
#3375 = CARTESIAN_POINT ( 'NONE',  ( -1.251501579824999988, -6.198274308341999550, 2.757479594345999985 ) ) ;
#3376 = EDGE_LOOP ( 'NONE', ( #8127, #9981, #7867, #9131 ) ) ;
#3377 = VECTOR ( 'NONE', #8402, 1000.000000000000000 ) ;
#3378 = VERTEX_POINT ( 'NONE', #247 ) ;
#3379 = FACE_OUTER_BOUND ( 'NONE', #4309, .T. ) ;
#3380 = LINE ( 'NONE', #1542, #83 ) ;
#3381 = AXIS2_PLACEMENT_3D ( 'NONE', #7287, #1948, #4581 ) ;
#3382 = DIRECTION ( 'NONE',  ( 0.000000000000000000, -4.336808689942000480E-16, -1.000000000000000000 ) ) ;
#3383 = DIRECTION ( 'NONE',  ( 0.000000000000000000, 1.000000000000000000, 0.000000000000000000 ) ) ;
#3384 = VECTOR ( 'NONE', #3725, 1000.000000000000000 ) ;
#3385 = ORIENTED_EDGE ( 'NONE', *, *, #3698, .T. ) ;
#3386 = PLANE ( 'NONE',  #2640 ) ;
#3387 = FACE_OUTER_BOUND ( 'NONE', #11172, .T. ) ;
#3388 = ORIENTED_EDGE ( 'NONE', *, *, #490, .F. ) ;
#3389 = DIRECTION ( 'NONE',  ( 1.000000000000000000, 0.000000000000000000, 0.000000000000000000 ) ) ;
#3390 = ORIENTED_EDGE ( 'NONE', *, *, #2716, .T. ) ;
#3391 = EDGE_LOOP ( 'NONE', ( #7953, #10810, #5964, #3735 ) ) ;
#3392 = EDGE_LOOP ( 'NONE', ( #9168, #9827, #10882, #8123 ) ) ;
#3393 = VERTEX_POINT ( 'NONE', #1172 ) ;
#3394 = VECTOR ( 'NONE', #3234, 1000.000000000000000 ) ;
#3395 = DIRECTION ( 'NONE',  ( 0.000000000000000000, 0.000000000000000000, 1.000000000000000000 ) ) ;
#3396 = CARTESIAN_POINT ( 'NONE',  ( -1.580000000000000071, -2.979999999999999538, -0.7048473225369999984 ) ) ;
#3397 = VECTOR ( 'NONE', #3971, 1000.000000000000000 ) ;
#3398 = DIRECTION ( 'NONE',  ( 1.000000000000000000, 1.239088197125999924E-16, 0.000000000000000000 ) ) ;
#3399 = PLANE ( 'NONE',  #6215 ) ;
#3400 = CYLINDRICAL_SURFACE ( 'NONE', #9713, 0.9000000000000000222 ) ;
#3401 = ORIENTED_EDGE ( 'NONE', *, *, #4874, .T. ) ;
#3402 = DIRECTION ( 'NONE',  ( 0.000000000000000000, 0.000000000000000000, -1.000000000000000000 ) ) ;
#3403 = VERTEX_POINT ( 'NONE', #131 ) ;
#3404 = VECTOR ( 'NONE', #290, 1000.000000000000000 ) ;
#3405 = CARTESIAN_POINT ( 'NONE',  ( -1.580000000000000071, -8.294999999999999929, 6.749999999998999911 ) ) ;
#3406 = ORIENTED_EDGE ( 'NONE', *, *, #10207, .F. ) ;
#3407 = ADVANCED_FACE ( 'NONE', ( #7092 ), #9712, .T. ) ;
#3408 = DIRECTION ( 'NONE',  ( 0.000000000000000000, -1.000000000000000000, 0.000000000000000000 ) ) ;
#3409 = CARTESIAN_POINT ( 'NONE',  ( 1.280000000000000027, -8.294999999999999929, 6.749999999998999911 ) ) ;
#3410 = CARTESIAN_POINT ( 'NONE',  ( -1.279999999998999716, -9.544999999998998064, 1.249999999998999911 ) ) ;
#3411 = DIRECTION ( 'NONE',  ( 0.000000000000000000, -1.000000000000000000, 0.000000000000000000 ) ) ;
#3412 = VECTOR ( 'NONE', #4923, 1000.000000000000000 ) ;
#3413 = ORIENTED_EDGE ( 'NONE', *, *, #10986, .F. ) ;
#3414 = FACE_OUTER_BOUND ( 'NONE', #2390, .T. ) ;
#3415 = DIRECTION ( 'NONE',  ( -1.000000000000000000, 0.000000000000000000, 0.000000000000000000 ) ) ;
#3416 = PLANE ( 'NONE',  #1289 ) ;
#3417 = VERTEX_POINT ( 'NONE', #9773 ) ;
#3418 = EDGE_CURVE ( 'NONE', #7510, #2291, #8979, .T. ) ;
#3419 = ADVANCED_FACE ( 'NONE', ( #3751 ), #9037, .F. ) ;
#3420 = DIRECTION ( 'NONE',  ( 0.000000000000000000, -1.000000000000000000, 0.000000000000000000 ) ) ;
#3421 = DIRECTION ( 'NONE',  ( 0.000000000000000000, -1.000000000000000000, 0.000000000000000000 ) ) ;
#3422 = CARTESIAN_POINT ( 'NONE',  ( -0.3599999999990000088, -8.830679945108999007, 2.625000000000000000 ) ) ;
#3423 = EDGE_CURVE ( 'NONE', #2044, #1930, #3637, .T. ) ;
#3424 = ORIENTED_EDGE ( 'NONE', *, *, #2395, .T. ) ;
#3425 = CARTESIAN_POINT ( 'NONE',  ( 0.3599999999990000088, -4.830679945108999895, 2.925000000000000266 ) ) ;
#3426 = ORIENTED_EDGE ( 'NONE', *, *, #6182, .F. ) ;
#3427 = FACE_OUTER_BOUND ( 'NONE', #5891, .T. ) ;
#3428 = ORIENTED_EDGE ( 'NONE', *, *, #7695, .T. ) ;
#3429 = ADVANCED_FACE ( 'NONE', ( #8929 ), #2030, .T. ) ;
#3430 = ORIENTED_EDGE ( 'NONE', *, *, #8830, .F. ) ;
#3431 = CARTESIAN_POINT ( 'NONE',  ( 1.579999999998999982, 1.119999999999000240, -0.7048473225369999984 ) ) ;
#3432 = DIRECTION ( 'NONE',  ( -1.807003620808999850E-16, 0.000000000000000000, 1.000000000000000000 ) ) ;
#3433 = FACE_OUTER_BOUND ( 'NONE', #6823, .T. ) ;
#3434 = ADVANCED_FACE ( 'NONE', ( #8065 ), #4556, .F. ) ;
#3435 = CARTESIAN_POINT ( 'NONE',  ( 1.280000000000000027, -8.294999999999999929, 2.249999999998999911 ) ) ;
#3436 = ORIENTED_EDGE ( 'NONE', *, *, #11267, .F. ) ;
#3437 = LINE ( 'NONE', #2629, #5570 ) ;
#3438 = FACE_BOUND ( 'NONE', #10499, .T. ) ;
#3439 = VERTEX_POINT ( 'NONE', #2838 ) ;
#3440 = DIRECTION ( 'NONE',  ( 0.000000000000000000, -1.000000000000000000, 0.000000000000000000 ) ) ;
#3441 = ORIENTED_EDGE ( 'NONE', *, *, #4899, .T. ) ;
#3442 = ORIENTED_EDGE ( 'NONE', *, *, #8704, .F. ) ;
#3443 = ORIENTED_EDGE ( 'NONE', *, *, #7283, .F. ) ;
#3444 = ORIENTED_EDGE ( 'NONE', *, *, #2972, .T. ) ;
#3445 = LINE ( 'NONE', #6146, #10695 ) ;
#3446 = DIRECTION ( 'NONE',  ( 1.000000000000000000, 0.000000000000000000, 0.000000000000000000 ) ) ;
#3447 = EDGE_CURVE ( 'NONE', #1300, #7252, #2721, .T. ) ;
#3448 = CARTESIAN_POINT ( 'NONE',  ( -1.579999999998999982, -7.687861050243999905, 5.627728180294000460 ) ) ;
#3449 = DIRECTION ( 'NONE',  ( -1.000000000000000000, 0.000000000000000000, 0.000000000000000000 ) ) ;
#3450 = EDGE_CURVE ( 'NONE', #10560, #5110, #6219, .T. ) ;
#3451 = CARTESIAN_POINT ( 'NONE',  ( 0.3599999999990000088, -4.829526559172999889, 2.425086503945000249 ) ) ;
#3452 = EDGE_LOOP ( 'NONE', ( #10130, #8193, #9832, #7666, #3370 ) ) ;
#3453 = PLANE ( 'NONE',  #3534 ) ;
#3454 = VECTOR ( 'NONE', #2938, 1000.000000000000000 ) ;
#3455 = ORIENTED_EDGE ( 'NONE', *, *, #4815, .F. ) ;
#3456 = CARTESIAN_POINT ( 'NONE',  ( -0.3600000000000000422, -8.830679945108999007, 3.625000000000000000 ) ) ;
#3457 = ORIENTED_EDGE ( 'NONE', *, *, #11122, .F. ) ;
#3458 = CARTESIAN_POINT ( 'NONE',  ( 0.3599999999990000088, -2.944999999999999840, -6.446060001586000578E-17 ) ) ;
#3459 = LINE ( 'NONE', #8636, #6887 ) ;
#3460 = CARTESIAN_POINT ( 'NONE',  ( -1.579999999998999982, -1.983341451230999697, 4.273192623120999123 ) ) ;
#3461 = LINE ( 'NONE', #5129, #9006 ) ;
#3462 = VECTOR ( 'NONE', #239, 1000.000000000000000 ) ;
#3463 = ADVANCED_FACE ( 'NONE', ( #5531 ), #2894, .F. ) ;
#3464 = EDGE_LOOP ( 'NONE', ( #9801, #6773, #4414, #14 ) ) ;
#3465 = CARTESIAN_POINT ( 'NONE',  ( 0.000000000000000000, 1.704999999998999760, 0.000000000000000000 ) ) ;
#3466 = PLANE ( 'NONE',  #3884 ) ;
#3467 = FACE_OUTER_BOUND ( 'NONE', #6249, .T. ) ;
#3468 = ORIENTED_EDGE ( 'NONE', *, *, #6377, .F. ) ;
#3469 = CARTESIAN_POINT ( 'NONE',  ( 1.279999999998999716, 1.119999999999000240, -0.7048473225369999984 ) ) ;
#3470 = VECTOR ( 'NONE', #6934, 1000.000000000000000 ) ;
#3471 = DIRECTION ( 'NONE',  ( 0.000000000000000000, 0.000000000000000000, 1.000000000000000000 ) ) ;
#3472 = CARTESIAN_POINT ( 'NONE',  ( 0.000000000000000000, -1.295000000000999796, -1.600000000000000089 ) ) ;
#3473 = CARTESIAN_POINT ( 'NONE',  ( 0.3600000000000000422, -4.830679945108999895, 4.424999999998999733 ) ) ;
#3474 = SHAPE_DEFINITION_REPRESENTATION ( #10237, #4420 ) ;
#3475 = EDGE_CURVE ( 'NONE', #5160, #3827, #9883, .T. ) ;
#3476 = ORIENTED_EDGE ( 'NONE', *, *, #3285, .T. ) ;
#3477 = DIRECTION ( 'NONE',  ( 1.000000000000000000, 0.000000000000000000, 0.000000000000000000 ) ) ;
#3478 = VECTOR ( 'NONE', #4514, 1000.000000000000000 ) ;
#3479 = VERTEX_POINT ( 'NONE', #304 ) ;
#3480 = PLANE ( 'NONE',  #10069 ) ;
#3481 = ORIENTED_EDGE ( 'NONE', *, *, #2029, .T. ) ;
#3482 = EDGE_LOOP ( 'NONE', ( #9519, #33, #9490, #3896 ) ) ;
#3483 = LINE ( 'NONE', #10310, #845 ) ;
#3484 = DIRECTION ( 'NONE',  ( -1.000000000000000000, 0.000000000000000000, 0.000000000000000000 ) ) ;
#3485 = VECTOR ( 'NONE', #10220, 1000.000000000000000 ) ;
#3486 = CARTESIAN_POINT ( 'NONE',  ( 0.1000000000000000056, -2.295000000001000018, -1.600000000000000089 ) ) ;
#3487 = ADVANCED_FACE ( 'NONE', ( #5472 ), #7318, .F. ) ;
#3488 = EDGE_CURVE ( 'NONE', #10715, #6801, #6455, .T. ) ;
#3489 = EDGE_LOOP ( 'NONE', ( #6097, #8051, #7394, #839 ) ) ;
#3490 = DIRECTION ( 'NONE',  ( 1.239088197125999924E-16, 1.000000000000000000, 0.000000000000000000 ) ) ;
#3491 = ORIENTED_EDGE ( 'NONE', *, *, #3898, .T. ) ;
#3492 = CARTESIAN_POINT ( 'NONE',  ( 0.3499999999999999778, -9.395000000000001350, 1.179999999999000071 ) ) ;
#3493 = VECTOR ( 'NONE', #9249, 1000.000000000000000 ) ;
#3494 = VECTOR ( 'NONE', #870, 1000.000000000000114 ) ;
#3495 = ORIENTED_EDGE ( 'NONE', *, *, #91, .F. ) ;
#3496 = EDGE_CURVE ( 'NONE', #4448, #260, #9940, .T. ) ;
#3497 = ORIENTED_EDGE ( 'NONE', *, *, #10422, .F. ) ;
#3498 = ORIENTED_EDGE ( 'NONE', *, *, #4174, .T. ) ;
#3499 = VECTOR ( 'NONE', #2826, 1000.000000000000000 ) ;
#3500 = LINE ( 'NONE', #7930, #7593 ) ;
#3501 = ORIENTED_EDGE ( 'NONE', *, *, #8757, .F. ) ;
#3502 = LINE ( 'NONE', #5063, #2463 ) ;
#3503 = DIRECTION ( 'NONE',  ( -1.393178489863000032E-31, -1.084202172484999957E-15, 1.000000000000000000 ) ) ;
#3504 = CARTESIAN_POINT ( 'NONE',  ( 1.430000000000000160, -2.752668290246999661, 4.273192623120999123 ) ) ;
#3505 = DIRECTION ( 'NONE',  ( 0.000000000000000000, -1.734723475976000090E-15, 1.000000000000000000 ) ) ;
#3506 = DIRECTION ( 'NONE',  ( 0.000000000000000000, 0.000000000000000000, 1.000000000000000000 ) ) ;
#3507 = VECTOR ( 'NONE', #8026, 1000.000000000000000 ) ;
#3508 = AXIS2_PLACEMENT_3D ( 'NONE', #1915, #8058, #10680 ) ;
#3509 = EDGE_CURVE ( 'NONE', #8078, #499, #78, .T. ) ;
#3510 = VECTOR ( 'NONE', #1089, 1000.000000000000000 ) ;
#3511 = ORIENTED_EDGE ( 'NONE', *, *, #249, .T. ) ;
#3512 = CARTESIAN_POINT ( 'NONE',  ( -1.279999999998999716, 1.119999999999000240, -0.7048473225369999984 ) ) ;
#3513 = EDGE_CURVE ( 'NONE', #306, #5679, #2312, .T. ) ;
#3514 = EDGE_CURVE ( 'NONE', #2353, #9853, #9255, .T. ) ;
#3515 = ORIENTED_EDGE ( 'NONE', *, *, #10777, .T. ) ;
#3516 = LINE ( 'NONE', #10500, #2041 ) ;
#3517 = ORIENTED_EDGE ( 'NONE', *, *, #7447, .T. ) ;
#3518 = VECTOR ( 'NONE', #9736, 1000.000000000000000 ) ;
#3519 = DIRECTION ( 'NONE',  ( 0.000000000000000000, 1.000000000000000000, 0.000000000000000000 ) ) ;
#3520 = CARTESIAN_POINT ( 'NONE',  ( -0.3599999999990000088, -9.330679945108999007, 1.625000000000000000 ) ) ;
#3521 = LINE ( 'NONE', #5128, #11319 ) ;
#3522 = DIRECTION ( 'NONE',  ( 0.000000000000000000, 0.000000000000000000, -1.000000000000000000 ) ) ;
#3523 = EDGE_CURVE ( 'NONE', #3926, #9238, #4891, .T. ) ;
#3525 = ORIENTED_EDGE ( 'NONE', *, *, #5302, .F. ) ;
#3524 = VECTOR ( 'NONE', #10569, 1000.000000000000000 ) ;
#3526 = DIRECTION ( 'NONE',  ( -1.000000000000000000, 0.000000000000000000, 0.000000000000000000 ) ) ;
#3527 = DIRECTION ( 'NONE',  ( 1.299091332659999954E-16, 1.000000000000000000, 0.000000000000000000 ) ) ;
#3528 = CARTESIAN_POINT ( 'NONE',  ( -0.3599999999990000088, -8.830679945108999007, 2.925000000000000266 ) ) ;
#3529 = ORIENTED_EDGE ( 'NONE', *, *, #3324, .T. ) ;
#3530 = DIRECTION ( 'NONE',  ( 1.000000000000000000, -1.239088197125999924E-16, 0.000000000000000000 ) ) ;
#3531 = LINE ( 'NONE', #7897, #11257 ) ;
#3532 = LINE ( 'NONE', #7789, #1822 ) ;
#3533 = DIRECTION ( 'NONE',  ( 0.000000000000000000, 1.000000000000000000, 0.000000000000000000 ) ) ;
#3534 = AXIS2_PLACEMENT_3D ( 'NONE', #3512, #9533, #1680 ) ;
#3535 = EDGE_LOOP ( 'NONE', ( #6703, #7340, #5151, #231 ) ) ;
#3536 = DIRECTION ( 'NONE',  ( -1.000000000000000000, 1.284980352574999780E-16, 0.000000000000000000 ) ) ;
#3537 = ORIENTED_EDGE ( 'NONE', *, *, #2858, .F. ) ;
#3538 = CARTESIAN_POINT ( 'NONE',  ( 0.3599999999990000088, -9.330679945108999007, 1.625000000000000000 ) ) ;
#3539 = VERTEX_POINT ( 'NONE', #3112 ) ;
#3540 = ORIENTED_EDGE ( 'NONE', *, *, #11199, .F. ) ;
#3541 = DIRECTION ( 'NONE',  ( 0.000000000000000000, -1.000000000000000000, 0.000000000000000000 ) ) ;
#3542 = EDGE_CURVE ( 'NONE', #7919, #7949, #9141, .T. ) ;
#3543 = CARTESIAN_POINT ( 'NONE',  ( 1.579999999998999982, -1.894999999999999796, -1.899999999998999822 ) ) ;
#3544 = CARTESIAN_POINT ( 'NONE',  ( -1.579999999998999982, 1.555811304863000011, 0.05000000000000000278 ) ) ;
#3545 = VECTOR ( 'NONE', #10427, 1000.000000000000114 ) ;
#3546 = VERTEX_POINT ( 'NONE', #10909 ) ;
#3547 = VECTOR ( 'NONE', #2315, 1000.000000000000000 ) ;
#3548 =( NAMED_UNIT ( * ) SI_UNIT ( $, .STERADIAN. ) SOLID_ANGLE_UNIT ( ) );
#3549 = CARTESIAN_POINT ( 'NONE',  ( 0.3499999999989999999, -4.830679945108999895, 3.625000000000000000 ) ) ;
#3550 = ORIENTED_EDGE ( 'NONE', *, *, #3023, .T. ) ;
#3551 = LINE ( 'NONE', #5272, #629 ) ;
#3552 = EDGE_LOOP ( 'NONE', ( #316, #3777, #9387, #5323 ) ) ;
#3553 = ORIENTED_EDGE ( 'NONE', *, *, #7221, .F. ) ;
#3554 = ORIENTED_EDGE ( 'NONE', *, *, #9716, .F. ) ;
#3555 = DIRECTION ( 'NONE',  ( -1.807003620808999850E-16, 0.000000000000000000, -1.000000000000000000 ) ) ;
#3556 = LINE ( 'NONE', #108, #3510 ) ;
#3557 = AXIS2_PLACEMENT_3D ( 'NONE', #10219, #1827, #655 ) ;
#3558 = ORIENTED_EDGE ( 'NONE', *, *, #7720, .F. ) ;
#3559 = EDGE_CURVE ( 'NONE', #10715, #676, #10165, .T. ) ;
#3560 = DIRECTION ( 'NONE',  ( 1.807003620808999850E-16, 0.000000000000000000, -1.000000000000000000 ) ) ;
#3561 = EDGE_CURVE ( 'NONE', #1246, #10379, #5699, .T. ) ;
#3562 = DIRECTION ( 'NONE',  ( -1.807003620808999850E-16, 0.000000000000000000, -1.000000000000000000 ) ) ;
#3563 = FACE_OUTER_BOUND ( 'NONE', #5858, .T. ) ;
#3564 = PLANE ( 'NONE',  #6399 ) ;
#3565 = VECTOR ( 'NONE', #3519, 1000.000000000000000 ) ;
#3566 = DIRECTION ( 'NONE',  ( -1.299091332659999954E-16, 1.000000000000000000, 0.000000000000000000 ) ) ;
#3567 = ADVANCED_FACE ( 'NONE', ( #6623 ), #3058, .F. ) ;
#3568 = ORIENTED_EDGE ( 'NONE', *, *, #4341, .T. ) ;
#3569 = CARTESIAN_POINT ( 'NONE',  ( 1.280000000000000027, -2.544188695136999634, 0.05000000000000000278 ) ) ;
#3570 = VECTOR ( 'NONE', #1600, 1000.000000000000000 ) ;
#3571 = VERTEX_POINT ( 'NONE', #2192 ) ;
#3572 = LINE ( 'NONE', #1160, #6253 ) ;
#3573 = VECTOR ( 'NONE', #5363, 1000.000000000000000 ) ;
#3574 = VERTEX_POINT ( 'NONE', #10047 ) ;
#3575 = LINE ( 'NONE', #7196, #10510 ) ;
#3576 = EDGE_CURVE ( 'NONE', #9668, #5069, #2366, .T. ) ;
#3577 = CARTESIAN_POINT ( 'NONE',  ( -0.3599999999990000088, -2.944999999999999840, -6.446060001586000578E-17 ) ) ;
#3578 = CARTESIAN_POINT ( 'NONE',  ( -1.279999999998999716, -2.044999999999999929, -0.8999999999990000443 ) ) ;
#3579 = EDGE_CURVE ( 'NONE', #5716, #3926, #6736, .T. ) ;
#3580 = CARTESIAN_POINT ( 'NONE',  ( -0.3600000000000000422, -4.830679945108999895, 4.125000000000000000 ) ) ;
#3581 = EDGE_CURVE ( 'NONE', #4266, #5598, #1331, .T. ) ;
#3582 = VECTOR ( 'NONE', #2937, 1000.000000000000000 ) ;
#3583 = EDGE_LOOP ( 'NONE', ( #1980, #3413, #338, #6246 ) ) ;
#3584 = CARTESIAN_POINT ( 'NONE',  ( 0.3600000000000000422, -4.830679945108999895, 5.424999999998999733 ) ) ;
#3585 = LINE ( 'NONE', #7143, #4804 ) ;
#3586 = CARTESIAN_POINT ( 'NONE',  ( 0.000000000000000000, -2.944999999999999840, -1.600000000000000089 ) ) ;
#3587 = VERTEX_POINT ( 'NONE', #416 ) ;
#3588 = LINE ( 'NONE', #5084, #2628 ) ;
#3589 = CARTESIAN_POINT ( 'NONE',  ( -1.579999999998999982, 1.554999999999999938, -1.899999999998999822 ) ) ;
#3590 = CONICAL_SURFACE ( 'NONE', #3947, 0.8999999999989997113, 0.7853981633970000820 ) ;
#3591 = CARTESIAN_POINT ( 'NONE',  ( -1.579999999998999982, -1.983341451230999697, 4.273192623120999123 ) ) ;
#3592 = STYLED_ITEM ( 'NONE', ( #7862 ), #372 ) ;
#3593 = DIRECTION ( 'NONE',  ( 0.4361276865241069944, 0.8956542399572199331, 0.08715574274702139745 ) ) ;
#3594 = EDGE_CURVE ( 'NONE', #9170, #10643, #8347, .T. ) ;
#3595 = VECTOR ( 'NONE', #9051, 1000.000000000000000 ) ;
#3596 = VERTEX_POINT ( 'NONE', #474 ) ;
#3597 = LINE ( 'NONE', #1870, #7187 ) ;
#3598 = ORIENTED_EDGE ( 'NONE', *, *, #3139, .F. ) ;
#3599 = CARTESIAN_POINT ( 'NONE',  ( -1.580000000000000071, -2.544188695136999634, 0.05000000000000000278 ) ) ;
#3600 = EDGE_LOOP ( 'NONE', ( #7670, #1997, #4058, #3810 ) ) ;
#3601 = ORIENTED_EDGE ( 'NONE', *, *, #11285, .F. ) ;
#3602 = CARTESIAN_POINT ( 'NONE',  ( 0.3499999999989999999, -4.829526559172999889, 2.124913496054000372 ) ) ;
#3603 = DIRECTION ( 'NONE',  ( 0.000000000000000000, 1.084202172487689973E-15, -1.000000000000000000 ) ) ;
#3604 = LINE ( 'NONE', #267, #6989 ) ;
#3605 = EDGE_LOOP ( 'NONE', ( #5684, #3120, #11353, #2902 ) ) ;
#3606 = ADVANCED_FACE ( 'NONE', ( #3967, #9995, #4721, #3857, #7429, #1392 ), #10957, .T. ) ;
#3607 = CARTESIAN_POINT ( 'NONE',  ( -0.09999999999899999992, 0.3049999999990000710, -1.600000000000000089 ) ) ;
#3608 = PLANE ( 'NONE',  #7875 ) ;
#3609 = EDGE_LOOP ( 'NONE', ( #5083, #3211, #6134, #10018 ) ) ;
#3610 = DIRECTION ( 'NONE',  ( 0.000000000000000000, 1.000000000000000000, 0.000000000000000000 ) ) ;
#3611 = ORIENTED_EDGE ( 'NONE', *, *, #7486, .T. ) ;
#3612 = ORIENTED_EDGE ( 'NONE', *, *, #7902, .F. ) ;
#3613 = VERTEX_POINT ( 'NONE', #7538 ) ;
#3614 = CARTESIAN_POINT ( 'NONE',  ( 1.280000000000000027, -2.194999999999999840, -1.899999999998999822 ) ) ;
#3615 = CARTESIAN_POINT ( 'NONE',  ( -0.3600000000000000422, -4.830679945108999895, 6.924999999999999822 ) ) ;
#3616 = ORIENTED_EDGE ( 'NONE', *, *, #7831, .F. ) ;
#3617 = CARTESIAN_POINT ( 'NONE',  ( -1.430000000000000160, -9.694999999999998508, 7.799999999998999733 ) ) ;
#3618 = LINE ( 'NONE', #2755, #10969 ) ;
#3619 = CARTESIAN_POINT ( 'NONE',  ( 0.3599999999990000088, -4.829526559172999889, 2.124913496054000372 ) ) ;
#3620 = FACE_OUTER_BOUND ( 'NONE', #6577, .T. ) ;
#3621 = PLANE ( 'NONE',  #8995 ) ;
#3622 = ORIENTED_EDGE ( 'NONE', *, *, #992, .T. ) ;
#3623 = EDGE_CURVE ( 'NONE', #9796, #4012, #5761, .T. ) ;
#3624 = CYLINDRICAL_SURFACE ( 'NONE', #8670, 0.1499999999989998778 ) ;
#3625 = EDGE_CURVE ( 'NONE', #8855, #2827, #9309, .T. ) ;
#3626 = ORIENTED_EDGE ( 'NONE', *, *, #8913, .F. ) ;
#3627 = DIRECTION ( 'NONE',  ( 1.000000000000000000, 1.239088197125999924E-16, 0.000000000000000000 ) ) ;
#3628 = ORIENTED_EDGE ( 'NONE', *, *, #5866, .F. ) ;
#3629 = FACE_OUTER_BOUND ( 'NONE', #7645, .T. ) ;
#3630 = DIRECTION ( 'NONE',  ( 1.000000000000000000, 0.000000000000000000, 1.807003620808999850E-16 ) ) ;
#3631 = CARTESIAN_POINT ( 'NONE',  ( 0.3600000000000000422, -4.830679945108999895, 5.125000000000000000 ) ) ;
#3632 = DIRECTION ( 'NONE',  ( 1.000000000000000000, 0.000000000000000000, 0.000000000000000000 ) ) ;
#3633 = EDGE_CURVE ( 'NONE', #10688, #4308, #7602, .T. ) ;
#3634 = ORIENTED_EDGE ( 'NONE', *, *, #8963, .T. ) ;
#3635 = CARTESIAN_POINT ( 'NONE',  ( -0.3600000000000000422, -5.330679945108999007, 5.924999999999999822 ) ) ;
#3636 = DIRECTION ( 'NONE',  ( 0.000000000000000000, -1.000000000000000000, 0.000000000000000000 ) ) ;
#3637 = LINE ( 'NONE', #5421, #1469 ) ;
#3638 = VERTEX_POINT ( 'NONE', #356 ) ;
#3639 = EDGE_CURVE ( 'NONE', #8967, #4248, #5183, .T. ) ;
#3640 = PLANE ( 'NONE',  #9226 ) ;
#3641 = DIRECTION ( 'NONE',  ( 0.000000000000000000, 0.000000000000000000, -1.000000000000000000 ) ) ;
#3642 = LINE ( 'NONE', #8015, #8050 ) ;
#3643 = CARTESIAN_POINT ( 'NONE',  ( 0.3599999999990000088, -4.829526559172999889, 2.425086503945000249 ) ) ;
#3644 = EDGE_CURVE ( 'NONE', #1760, #4078, #1570, .T. ) ;
#3645 = ORIENTED_EDGE ( 'NONE', *, *, #2604, .F. ) ;
#3646 = DIRECTION ( 'NONE',  ( -1.704914861736844513E-16, 0.3420201433253704515, 0.9396926207860168967 ) ) ;
#3647 = VECTOR ( 'NONE', #10028, 1000.000000000000000 ) ;
#3648 = ORIENTED_EDGE ( 'NONE', *, *, #4042, .F. ) ;
#3649 = CARTESIAN_POINT ( 'NONE',  ( -1.429999999999000071, -1.983341451230999697, 4.273192623120999123 ) ) ;
#3650 = ORIENTED_EDGE ( 'NONE', *, *, #1894, .F. ) ;
#3651 = EDGE_CURVE ( 'NONE', #75, #6421, #7883, .T. ) ;
#3652 = CARTESIAN_POINT ( 'NONE',  ( -0.09999999999899999992, -1.295000000000999796, 0.000000000000000000 ) ) ;
#3653 = LINE ( 'NONE', #1076, #7743 ) ;
#3654 = CARTESIAN_POINT ( 'NONE',  ( -1.279999999998999716, -9.544999999998998064, 1.249999999998999911 ) ) ;
#3655 = VECTOR ( 'NONE', #10664, 1000.000000000000000 ) ;
#3656 = ORIENTED_EDGE ( 'NONE', *, *, #3094, .F. ) ;
#3657 = LINE ( 'NONE', #150, #9778 ) ;
#3658 = CARTESIAN_POINT ( 'NONE',  ( -1.280000000000000027, 3.504999999999000249, -7.830300121961999871 ) ) ;
#3659 = ORIENTED_EDGE ( 'NONE', *, *, #4353, .F. ) ;
#3660 = DIRECTION ( 'NONE',  ( -1.000000000000000000, 0.000000000000000000, 0.000000000000000000 ) ) ;
#3661 = ORIENTED_EDGE ( 'NONE', *, *, #1359, .T. ) ;
#3662 = VERTEX_POINT ( 'NONE', #5072 ) ;
#3663 = ORIENTED_EDGE ( 'NONE', *, *, #5023, .T. ) ;
#3664 = DIRECTION ( 'NONE',  ( 1.000000000000000000, 0.000000000000000000, 0.000000000000000000 ) ) ;
#3665 = CARTESIAN_POINT ( 'NONE',  ( -0.09999999999899999992, -2.944999999999999840, -1.600000000000000089 ) ) ;
#3666 = DIRECTION ( 'NONE',  ( 0.000000000000000000, 0.3420201433253704515, -0.9396926207860168967 ) ) ;
#3667 = DIRECTION ( 'NONE',  ( 0.000000000000000000, 1.000000000000000000, 0.000000000000000000 ) ) ;
#3668 = VECTOR ( 'NONE', #10414, 1000.000000000000000 ) ;
#3669 = LINE ( 'NONE', #55, #9542 ) ;
#3670 = CARTESIAN_POINT ( 'NONE',  ( 1.580000000000000071, -7.894999999999999574, 6.749999999998999911 ) ) ;
#3671 = CARTESIAN_POINT ( 'NONE',  ( 1.579999999998999982, 2.204999999999000426, -0.8999999999990000443 ) ) ;
#3672 = VECTOR ( 'NONE', #10143, 1000.000000000000000 ) ;
#3673 = VERTEX_POINT ( 'NONE', #6158 ) ;
#3674 = VECTOR ( 'NONE', #1422, 1000.000000000000114 ) ;
#3675 = CARTESIAN_POINT ( 'NONE',  ( -0.3600000000000000422, -9.330679945108999007, 7.125000000000000000 ) ) ;
#3676 = VECTOR ( 'NONE', #8231, 1000.000000000000000 ) ;
#3677 = ORIENTED_EDGE ( 'NONE', *, *, #6788, .T. ) ;
#3678 = EDGE_LOOP ( 'NONE', ( #3101, #3181, #7307, #9182 ) ) ;
#3679 = DIRECTION ( 'NONE',  ( 0.000000000000000000, -0.7071067811865474617, -0.7071067811865474617 ) ) ;
#3680 = ORIENTED_EDGE ( 'NONE', *, *, #9563, .T. ) ;
#3681 = CARTESIAN_POINT ( 'NONE',  ( 0.3599999999990000088, -2.944999999999999840, -6.446060001586000578E-17 ) ) ;
#3682 = DIRECTION ( 'NONE',  ( 1.000000000000000000, 0.000000000000000000, 0.000000000000000000 ) ) ;
#3683 = VECTOR ( 'NONE', #1713, 1000.000000000000000 ) ;
#3684 = ADVANCED_FACE ( 'NONE', ( #8577 ), #7829, .T. ) ;
#3685 = FACE_OUTER_BOUND ( 'NONE', #152, .T. ) ;
#3686 = VECTOR ( 'NONE', #6164, 1000.000000000000000 ) ;
#3687 = COLOUR_RGB ( '',0.7921568627450980005, 0.8196078431372548767, 0.9333333333333333481 ) ;
#3688 = DIRECTION ( 'NONE',  ( 1.000000000000000000, -1.299091332659999954E-16, 0.000000000000000000 ) ) ;
#3689 = LINE ( 'NONE', #6389, #10657 ) ;
#3690 = ORIENTED_EDGE ( 'NONE', *, *, #1211, .T. ) ;
#3691 = FACE_OUTER_BOUND ( 'NONE', #4568, .T. ) ;
#3692 = CARTESIAN_POINT ( 'NONE',  ( -1.580000000000000071, -4.337947837308999688, 5.654324757502999788 ) ) ;
#3693 = VECTOR ( 'NONE', #2051, 1000.000000000000000 ) ;
#3694 = CARTESIAN_POINT ( 'NONE',  ( -1.579999999998999982, -3.894999999999999574, 7.799999999998999733 ) ) ;
#3695 = ORIENTED_EDGE ( 'NONE', *, *, #779, .F. ) ;
#3696 = DIRECTION ( 'NONE',  ( 0.000000000000000000, 0.9969206697117722893, 0.07841669657306082897 ) ) ;
#3697 = LINE ( 'NONE', #2841, #9978 ) ;
#3698 = EDGE_CURVE ( 'NONE', #10746, #1777, #7768, .T. ) ;
#3699 = LINE ( 'NONE', #4726, #8795 ) ;
#3700 = EDGE_CURVE ( 'NONE', #6325, #1360, #3345, .T. ) ;
#3701 = DIRECTION ( 'NONE',  ( 0.000000000000000000, 1.000000000000000000, 0.000000000000000000 ) ) ;
#3702 = VECTOR ( 'NONE', #6452, 1000.000000000000000 ) ;
#3703 = EDGE_CURVE ( 'NONE', #9022, #6654, #9483, .T. ) ;
#3704 = ORIENTED_EDGE ( 'NONE', *, *, #4391, .T. ) ;
#3705 = CARTESIAN_POINT ( 'NONE',  ( 1.080000000000000071, 3.504999999999000249, 4.134721410322000246 ) ) ;
#3706 = ORIENTED_EDGE ( 'NONE', *, *, #2593, .F. ) ;
#3707 = LINE ( 'NONE', #370, #2016 ) ;
#3708 = ORIENTED_EDGE ( 'NONE', *, *, #3306, .T. ) ;
#3709 = DIRECTION ( 'NONE',  ( 1.000000000000000000, 1.239088197125999924E-16, 0.000000000000000000 ) ) ;
#3710 = CIRCLE ( 'NONE', #604, 0.8999999999989997113 ) ;
#3711 = EDGE_CURVE ( 'NONE', #8603, #11121, #4267, .T. ) ;
#3712 = DIRECTION ( 'NONE',  ( 1.000000000000000000, 0.000000000000000000, 0.000000000000000000 ) ) ;
#3713 = LINE ( 'NONE', #2739, #7723 ) ;
#3714 = ADVANCED_FACE ( 'NONE', ( #6047 ), #4149, .T. ) ;
#3715 = ORIENTED_EDGE ( 'NONE', *, *, #7902, .T. ) ;
#3716 = CARTESIAN_POINT ( 'NONE',  ( -0.3600000000000000422, -5.330679945108999007, 5.625000000000000000 ) ) ;
#3717 = LINE ( 'NONE', #10712, #5417 ) ;
#3718 = VERTEX_POINT ( 'NONE', #7657 ) ;
#3719 = CARTESIAN_POINT ( 'NONE',  ( -0.3599999999990000088, -5.330679945108999007, 1.624999999998999911 ) ) ;
#3720 = VERTEX_POINT ( 'NONE', #2485 ) ;
#3721 = VERTEX_POINT ( 'NONE', #9430 ) ;
#3722 = ORIENTED_EDGE ( 'NONE', *, *, #11097, .T. ) ;
#3723 = LINE ( 'NONE', #9066, #5060 ) ;
#3724 = CARTESIAN_POINT ( 'NONE',  ( 1.580000000000000071, -4.571077182464999389, 6.330399858456999596 ) ) ;
#3725 = DIRECTION ( 'NONE',  ( 0.000000000000000000, 0.000000000000000000, -1.000000000000000000 ) ) ;
#3726 = CARTESIAN_POINT ( 'NONE',  ( 0.3599999999990000088, -4.830679945108999895, 2.625000000000000000 ) ) ;
#3727 = CARTESIAN_POINT ( 'NONE',  ( 0.1000000000000000056, 2.304999999999000515, -1.600000000000000089 ) ) ;
#3728 = LINE ( 'NONE', #6259, #9147 ) ;
#3729 = CARTESIAN_POINT ( 'NONE',  ( 1.279999999998999716, 1.555811304863000011, 0.2999999999999999889 ) ) ;
#3730 = EDGE_CURVE ( 'NONE', #5182, #5289, #5991, .T. ) ;
#3731 = AXIS2_PLACEMENT_3D ( 'NONE', #2440, #2270, #548 ) ;
#3732 = EDGE_CURVE ( 'NONE', #8412, #3076, #11248, .T. ) ;
#3733 = ORIENTED_EDGE ( 'NONE', *, *, #10635, .F. ) ;
#3734 = DIRECTION ( 'NONE',  ( 0.000000000000000000, 0.000000000000000000, -1.000000000000000000 ) ) ;
#3735 = ORIENTED_EDGE ( 'NONE', *, *, #9732, .T. ) ;
#3736 = VECTOR ( 'NONE', #10290, 1000.000000000000000 ) ;
#3737 = ORIENTED_EDGE ( 'NONE', *, *, #4489, .F. ) ;
#3738 = LINE ( 'NONE', #2881, #7180 ) ;
#3739 = ORIENTED_EDGE ( 'NONE', *, *, #4245, .T. ) ;
#3740 = AXIS2_PLACEMENT_3D ( 'NONE', #3458, #8634, #1792 ) ;
#3741 = CARTESIAN_POINT ( 'NONE',  ( 1.579999999998999982, -1.894999999999999796, -0.8999999999990000443 ) ) ;
#3742 = LINE ( 'NONE', #9026, #9078 ) ;
#3743 = LINE ( 'NONE', #6213, #895 ) ;
#3744 = CARTESIAN_POINT ( 'NONE',  ( 1.080000000000000071, 5.724170050214999250, 4.134721410322000246 ) ) ;
#3745 = VECTOR ( 'NONE', #279, 1000.000000000000000 ) ;
#3746 = CARTESIAN_POINT ( 'NONE',  ( 0.3599999999990000088, -8.831833331044999014, 2.425086503945000249 ) ) ;
#3747 = ORIENTED_EDGE ( 'NONE', *, *, #7878, .F. ) ;
#3748 = FACE_OUTER_BOUND ( 'NONE', #502, .T. ) ;
#3749 = EDGE_CURVE ( 'NONE', #5095, #1260, #825, .T. ) ;
#3750 = DIRECTION ( 'NONE',  ( 1.000000000000000000, 1.284980352574999780E-16, 0.000000000000000000 ) ) ;
#3751 = FACE_OUTER_BOUND ( 'NONE', #7939, .T. ) ;
#3752 = EDGE_LOOP ( 'NONE', ( #9455, #9852, #4018, #6086 ) ) ;
#3753 = PLANE ( 'NONE',  #8691 ) ;
#3754 = CARTESIAN_POINT ( 'NONE',  ( -0.3599999999990000088, -8.831833331044999014, 2.124913496054000372 ) ) ;
#3755 = CARTESIAN_POINT ( 'NONE',  ( -1.280000000000000027, -2.194999999999999840, -1.899999999998999822 ) ) ;
#3756 = CARTESIAN_POINT ( 'NONE',  ( 0.3499999999989999999, -9.330679945108999007, 1.625000000000000000 ) ) ;
#3757 = VECTOR ( 'NONE', #778, 1000.000000000000000 ) ;
#3758 = UNCERTAINTY_MEASURE_WITH_UNIT (LENGTH_MEASURE( 1.000000000000000082E-05 ), #5725, 'distance_accuracy_value', 'NONE');
#3759 = ORIENTED_EDGE ( 'NONE', *, *, #9889, .T. ) ;
#3760 = EDGE_CURVE ( 'NONE', #7362, #5182, #11133, .T. ) ;
#3761 = DIRECTION ( 'NONE',  ( -1.000000000000000000, 0.000000000000000000, 0.000000000000000000 ) ) ;
#3762 = EDGE_CURVE ( 'NONE', #6656, #11069, #6790, .T. ) ;
#3763 = ORIENTED_EDGE ( 'NONE', *, *, #4777, .F. ) ;
#3764 = CARTESIAN_POINT ( 'NONE',  ( 0.3599999999990000088, -5.330679945108999007, 1.624999999998999911 ) ) ;
#3765 = CIRCLE ( 'NONE', #282, 0.8999999999989997113 ) ;
#3766 = VERTEX_POINT ( 'NONE', #6959 ) ;
#3767 = DIRECTION ( 'NONE',  ( 1.000000000000000000, 0.000000000000000000, 1.215473287538999910E-16 ) ) ;
#3768 =( GEOMETRIC_REPRESENTATION_CONTEXT ( 3 ) GLOBAL_UNCERTAINTY_ASSIGNED_CONTEXT ( ( #10054 ) ) GLOBAL_UNIT_ASSIGNED_CONTEXT ( ( #9126, #9867, #6321 ) ) REPRESENTATION_CONTEXT ( 'NONE', 'WORKASPACE' ) );
#3769 = ADVANCED_FACE ( 'NONE', ( #10446 ), #2595, .F. ) ;
#3770 = PLANE ( 'NONE',  #6269 ) ;
#3771 = DIRECTION ( 'NONE',  ( 0.000000000000000000, -1.000000000000000000, 0.000000000000000000 ) ) ;
#3772 = VECTOR ( 'NONE', #10531, 1000.000000000000000 ) ;
#3773 = ORIENTED_EDGE ( 'NONE', *, *, #4349, .F. ) ;
#3774 = PLANE ( 'NONE',  #4354 ) ;
#3775 = ORIENTED_EDGE ( 'NONE', *, *, #3342, .F. ) ;
#3776 = CARTESIAN_POINT ( 'NONE',  ( 0.3499999999989999999, -8.831833331044999014, 2.124913496054000372 ) ) ;
#3777 = ORIENTED_EDGE ( 'NONE', *, *, #8395, .F. ) ;
#3778 = ORIENTED_EDGE ( 'NONE', *, *, #692, .F. ) ;
#3779 = ORIENTED_EDGE ( 'NONE', *, *, #8162, .T. ) ;
#3780 = DIRECTION ( 'NONE',  ( 1.000000000000000000, 1.284980352574999780E-16, 0.000000000000000000 ) ) ;
#3781 =( NAMED_UNIT ( * ) PLANE_ANGLE_UNIT ( ) SI_UNIT ( $, .RADIAN. ) );
#3782 = EDGE_CURVE ( 'NONE', #8718, #1580, #3516, .T. ) ;
#3783 = DIRECTION ( 'NONE',  ( 1.299091332659999954E-16, -1.000000000000000000, 0.000000000000000000 ) ) ;
#3784 = CARTESIAN_POINT ( 'NONE',  ( -0.3499999999999999778, -4.830679945108999895, 4.625000000000000000 ) ) ;
#3785 = CARTESIAN_POINT ( 'NONE',  ( -1.080000000000000071, -3.494999999999999662, 0.2999999999999999889 ) ) ;
#3786 = DIRECTION ( 'NONE',  ( -1.807003620808999850E-16, 0.000000000000000000, -1.000000000000000000 ) ) ;
#3787 = CARTESIAN_POINT ( 'NONE',  ( -0.3600000000000000422, -8.830679945108999007, 5.424999999998999733 ) ) ;
#3788 = ORIENTED_EDGE ( 'NONE', *, *, #3854, .T. ) ;
#3789 = PLANE ( 'NONE',  #7808 ) ;
#3790 = ORIENTED_EDGE ( 'NONE', *, *, #321, .F. ) ;
#3791 = VERTEX_POINT ( 'NONE', #1508 ) ;
#3792 = EDGE_CURVE ( 'NONE', #2455, #5458, #8522, .T. ) ;
#3793 = LINE ( 'NONE', #2709, #7361 ) ;
#3794 = ORIENTED_EDGE ( 'NONE', *, *, #2347, .T. ) ;
#3795 = EDGE_CURVE ( 'NONE', #6380, #10544, #3738, .T. ) ;
#3796 = LINE ( 'NONE', #7134, #4485 ) ;
#3797 = CARTESIAN_POINT ( 'NONE',  ( -0.3499999999989999999, -4.830679945108999895, 2.925000000000000266 ) ) ;
#3798 = CARTESIAN_POINT ( 'NONE',  ( 0.3600000000000000422, -9.330679945108999007, 5.625000000000000000 ) ) ;
#3799 = DIRECTION ( 'NONE',  ( 0.000000000000000000, 1.000000000000000000, 0.000000000000000000 ) ) ;
#3800 = LINE ( 'NONE', #3635, #10498 ) ;
#3801 = CARTESIAN_POINT ( 'NONE',  ( 1.579999999998999982, 1.555811304863000011, 0.05000000000000000278 ) ) ;
#3802 = DIRECTION ( 'NONE',  ( -0.4377936234344672606, -0.8990754936489593341, -9.747796034434404752E-16 ) ) ;
#3803 = DIRECTION ( 'NONE',  ( 0.000000000000000000, -1.000000000000000000, 0.000000000000000000 ) ) ;
#3804 = ORIENTED_EDGE ( 'NONE', *, *, #2330, .F. ) ;
#3805 = FACE_OUTER_BOUND ( 'NONE', #1216, .T. ) ;
#3806 = DIRECTION ( 'NONE',  ( -1.000000000000000000, 1.284980352574999780E-16, 0.000000000000000000 ) ) ;
#3807 = DIRECTION ( 'NONE',  ( 0.000000000000000000, 0.000000000000000000, 1.000000000000000000 ) ) ;
#3808 = DIRECTION ( 'NONE',  ( 1.000000000000000000, 0.000000000000000000, 1.807003620808999850E-16 ) ) ;
#3809 = EDGE_CURVE ( 'NONE', #9796, #1300, #3864, .T. ) ;
#3810 = ORIENTED_EDGE ( 'NONE', *, *, #6726, .T. ) ;
#3811 = LINE ( 'NONE', #958, #25 ) ;
#3812 = ORIENTED_EDGE ( 'NONE', *, *, #5769, .T. ) ;
#3813 = LINE ( 'NONE', #3764, #3478 ) ;
#3814 = VERTEX_POINT ( 'NONE', #5459 ) ;
#3815 = VECTOR ( 'NONE', #2601, 1000.000000000000000 ) ;
#3816 = LINE ( 'NONE', #7106, #9271 ) ;
#3817 = ORIENTED_EDGE ( 'NONE', *, *, #1668, .T. ) ;
#3818 = FACE_OUTER_BOUND ( 'NONE', #5314, .T. ) ;
#3819 = EDGE_CURVE ( 'NONE', #2207, #8089, #4492, .T. ) ;
#3820 = CARTESIAN_POINT ( 'NONE',  ( -0.3499999999989999999, -4.829526559172999889, 2.124913496054000372 ) ) ;
#3821 = AXIS2_PLACEMENT_3D ( 'NONE', #2009, #5507, #9015 ) ;
#3822 = ORIENTED_EDGE ( 'NONE', *, *, #10890, .T. ) ;
#3823 = PLANE ( 'NONE',  #6857 ) ;
#3824 = VERTEX_POINT ( 'NONE', #8114 ) ;
#3825 = CARTESIAN_POINT ( 'NONE',  ( 1.280000000000000027, 3.504999999999000249, 4.134721410322000246 ) ) ;
#3826 = EDGE_LOOP ( 'NONE', ( #1709, #5336, #7452, #1051, #9743, #9225 ) ) ;
#3827 = VERTEX_POINT ( 'NONE', #5517 ) ;
#3828 = VERTEX_POINT ( 'NONE', #2767 ) ;
#3829 = CARTESIAN_POINT ( 'NONE',  ( 0.3499999999989999999, -9.330679945108999007, 1.625000000000000000 ) ) ;
#3830 = CARTESIAN_POINT ( 'NONE',  ( -1.830000000000000071, 3.804999999999000071, 4.915278589676999488 ) ) ;
#3831 = CYLINDRICAL_SURFACE ( 'NONE', #4753, 0.09999999999999982514 ) ;
#3832 = VECTOR ( 'NONE', #728, 1000.000000000000000 ) ;
#3833 = LINE ( 'NONE', #3151, #4036 ) ;
#3834 = DIRECTION ( 'NONE',  ( -1.393178489863000032E-31, -1.084202172484999957E-15, 1.000000000000000000 ) ) ;
#3835 = EDGE_CURVE ( 'NONE', #6708, #10246, #7943, .T. ) ;
#3836 = EDGE_CURVE ( 'NONE', #7274, #11162, #10782, .T. ) ;
#3837 = DIRECTION ( 'NONE',  ( 0.000000000000000000, 0.000000000000000000, -1.000000000000000000 ) ) ;
#3838 = EDGE_LOOP ( 'NONE', ( #5626, #3626, #5921, #809 ) ) ;
#3839 = FACE_OUTER_BOUND ( 'NONE', #5268, .T. ) ;
#3840 = EDGE_CURVE ( 'NONE', #9639, #6880, #65, .T. ) ;
#3841 = ORIENTED_EDGE ( 'NONE', *, *, #9732, .F. ) ;
#3842 = ORIENTED_EDGE ( 'NONE', *, *, #538, .T. ) ;
#3843 = VECTOR ( 'NONE', #1019, 1000.000000000000000 ) ;
#3844 = PLANE ( 'NONE',  #578 ) ;
#3845 = VERTEX_POINT ( 'NONE', #994 ) ;
#3846 = PLANE ( 'NONE',  #9601 ) ;
#3847 = DIRECTION ( 'NONE',  ( -1.000000000000000000, 1.239088197125999924E-16, 0.000000000000000000 ) ) ;
#3848 = CARTESIAN_POINT ( 'NONE',  ( 1.279999999998999716, -1.894999999999999796, -1.899999999998999822 ) ) ;
#3849 = EDGE_CURVE ( 'NONE', #7192, #7194, #9873, .T. ) ;
#3850 = CARTESIAN_POINT ( 'NONE',  ( -0.3499999999999999778, -5.330679945108999007, 5.924999999999999822 ) ) ;
#3851 = AXIS2_PLACEMENT_3D ( 'NONE', #8681, #4258, #7761 ) ;
#3852 = AXIS2_PLACEMENT_3D ( 'NONE', #10110, #528, #4022 ) ;
#3853 = DIRECTION ( 'NONE',  ( 1.000000000000000000, 0.000000000000000000, 0.000000000000000000 ) ) ;
#3854 = EDGE_CURVE ( 'NONE', #8053, #10817, #3793, .T. ) ;
#3855 = CARTESIAN_POINT ( 'NONE',  ( 0.3599999999990000088, -9.330679945108999007, 3.124999999998999911 ) ) ;
#3856 = PLANE ( 'NONE',  #9209 ) ;
#3857 = FACE_BOUND ( 'NONE', #5788, .T. ) ;
#3858 = DIRECTION ( 'NONE',  ( 0.000000000000000000, 0.000000000000000000, 1.000000000000000000 ) ) ;
#3859 = VECTOR ( 'NONE', #3264, 1000.000000000000000 ) ;
#3860 = ORIENTED_EDGE ( 'NONE', *, *, #8367, .T. ) ;
#3861 = AXIS2_PLACEMENT_3D ( 'NONE', #5255, #630, #3262 ) ;
#3862 = CARTESIAN_POINT ( 'NONE',  ( 0.3600000000000000422, -9.330679945108999007, 5.625000000000000000 ) ) ;
#3863 = LINE ( 'NONE', #6741, #6511 ) ;
#3864 = CIRCLE ( 'NONE', #9552, 1.199999999998999645 ) ;
#3865 = CARTESIAN_POINT ( 'NONE',  ( -1.280000000000000027, -2.194999999999999840, -0.8999999999990000443 ) ) ;
#3866 = LINE ( 'NONE', #10858, #7736 ) ;
#3867 = ADVANCED_FACE ( 'NONE', ( #8000 ), #1847, .T. ) ;
#3868 = AXIS2_PLACEMENT_3D ( 'NONE', #11321, #11154, #1643 ) ;
#3869 = AXIS2_PLACEMENT_3D ( 'NONE', #9096, #10750, #10636 ) ;
#3870 = ORIENTED_EDGE ( 'NONE', *, *, #1212, .T. ) ;
#3871 = LINE ( 'NONE', #9267, #3369 ) ;
#3872 = PLANE ( 'NONE',  #8869 ) ;
#3873 = ORIENTED_EDGE ( 'NONE', *, *, #3213, .F. ) ;
#3874 = CARTESIAN_POINT ( 'NONE',  ( -0.3499999999999999778, -5.330679945108999007, 7.125000000000000000 ) ) ;
#3875 = EDGE_LOOP ( 'NONE', ( #579, #8567, #2698, #3360 ) ) ;
#3876 = DIRECTION ( 'NONE',  ( 0.000000000000000000, 1.000000000000000000, 0.000000000000000000 ) ) ;
#3877 = VERTEX_POINT ( 'NONE', #121 ) ;
#3878 = AXIS2_PLACEMENT_3D ( 'NONE', #6766, #854, #631 ) ;
#3879 = CARTESIAN_POINT ( 'NONE',  ( 1.280000000000000027, -8.294999999999999929, 3.749999999998999911 ) ) ;
#3880 = DIRECTION ( 'NONE',  ( 1.000000000000000000, 0.000000000000000000, 1.215473287538999910E-16 ) ) ;
#3881 = ORIENTED_EDGE ( 'NONE', *, *, #3760, .F. ) ;
#3882 = ORIENTED_EDGE ( 'NONE', *, *, #10705, .F. ) ;
#3883 = CARTESIAN_POINT ( 'NONE',  ( -0.3499999999999999778, -9.395000000000001350, 7.870000000000000107 ) ) ;
#3884 = AXIS2_PLACEMENT_3D ( 'NONE', #6748, #668, #4158 ) ;
#3885 = ADVANCED_FACE ( 'NONE', ( #6267 ), #7306, .T. ) ;
#3886 = ORIENTED_EDGE ( 'NONE', *, *, #7764, .F. ) ;
#3887 = ORIENTED_EDGE ( 'NONE', *, *, #5267, .F. ) ;
#3888 = ORIENTED_EDGE ( 'NONE', *, *, #5801, .T. ) ;
#3889 = CARTESIAN_POINT ( 'NONE',  ( 0.000000000000000000, -2.944999999999999840, -1.600000000000000089 ) ) ;
#3890 = DIRECTION ( 'NONE',  ( 0.4361276865241069944, 0.8956542399572199331, -0.08715574274702139745 ) ) ;
#3891 = DIRECTION ( 'NONE',  ( 0.000000000000000000, 1.000000000000000000, 0.000000000000000000 ) ) ;
#3892 = PLANE ( 'NONE',  #2182 ) ;
#3893 = DIRECTION ( 'NONE',  ( -1.000000000000000000, 1.284980352574999780E-16, 0.000000000000000000 ) ) ;
#3894 = ORIENTED_EDGE ( 'NONE', *, *, #4888, .T. ) ;
#3895 = CARTESIAN_POINT ( 'NONE',  ( -1.279999999998999716, -1.110000000000999743, -0.7048473225369999984 ) ) ;
#3896 = ORIENTED_EDGE ( 'NONE', *, *, #10850, .T. ) ;
#3897 = EDGE_CURVE ( 'NONE', #4120, #543, #8797, .T. ) ;
#3898 = EDGE_CURVE ( 'NONE', #8182, #8038, #3572, .T. ) ;
#3899 = ORIENTED_EDGE ( 'NONE', *, *, #4189, .T. ) ;
#3900 = DIRECTION ( 'NONE',  ( 1.807003620808999850E-16, 0.000000000000000000, 1.000000000000000000 ) ) ;
#3901 = ORIENTED_EDGE ( 'NONE', *, *, #3368, .T. ) ;
#3902 = LINE ( 'NONE', #7419, #3192 ) ;
#3903 = DIRECTION ( 'NONE',  ( 0.000000000000000000, 0.000000000000000000, 1.000000000000000000 ) ) ;
#3904 = DIRECTION ( 'NONE',  ( 0.000000000000000000, 0.000000000000000000, 1.000000000000000000 ) ) ;
#3905 = VECTOR ( 'NONE', #11264, 1000.000000000000114 ) ;
#3906 = EDGE_CURVE ( 'NONE', #8414, #10966, #1966, .T. ) ;
#3907 = CARTESIAN_POINT ( 'NONE',  ( -1.279999999998999716, -1.894999999999999796, -1.899999999998999822 ) ) ;
#3908 = VECTOR ( 'NONE', #7089, 1000.000000000000000 ) ;
#3909 = LINE ( 'NONE', #6449, #7750 ) ;
#3910 = PLANE ( 'NONE',  #812 ) ;
#3911 = VECTOR ( 'NONE', #10562, 1000.000000000000000 ) ;
#3912 = EDGE_CURVE ( 'NONE', #4531, #2729, #8052, .T. ) ;
#3913 = DIRECTION ( 'NONE',  ( 1.000000000000000000, 1.510487145370000116E-46, -1.393178489863000032E-31 ) ) ;
#3914 = CARTESIAN_POINT ( 'NONE',  ( -1.579999999998999982, -1.983341451230999697, 4.776807376878000611 ) ) ;
#3915 = ORIENTED_EDGE ( 'NONE', *, *, #9312, .T. ) ;
#3916 = DIRECTION ( 'NONE',  ( 1.000000000000000000, 1.239088197125999924E-16, 0.000000000000000000 ) ) ;
#3917 = DIRECTION ( 'NONE',  ( 0.000000000000000000, 0.000000000000000000, 1.000000000000000000 ) ) ;
#3918 = ADVANCED_FACE ( 'NONE', ( #9649 ), #7132, .T. ) ;
#3919 = VECTOR ( 'NONE', #862, 1000.000000000000000 ) ;
#3920 = EDGE_CURVE ( 'NONE', #1478, #1362, #4543, .T. ) ;
#3921 = CARTESIAN_POINT ( 'NONE',  ( 0.3600000000000000422, -5.330679945108999007, 7.125000000000000000 ) ) ;
#3922 = AXIS2_PLACEMENT_3D ( 'NONE', #1573, #10340, #3408 ) ;
#3923 = VERTEX_POINT ( 'NONE', #1102 ) ;
#3924 = DIRECTION ( 'NONE',  ( 1.000000000000000000, 0.000000000000000000, 1.215473287538999910E-16 ) ) ;
#3925 = CARTESIAN_POINT ( 'NONE',  ( 1.830000000000000071, 2.385829949784000537, 4.915278589676999488 ) ) ;
#3926 = VERTEX_POINT ( 'NONE', #234 ) ;
#3927 = LINE ( 'NONE', #488, #11166 ) ;
#3928 = ORIENTED_EDGE ( 'NONE', *, *, #3639, .T. ) ;
#3929 = VECTOR ( 'NONE', #6143, 1000.000000000000000 ) ;
#3930 = CARTESIAN_POINT ( 'NONE',  ( -0.3600000000000000422, -4.830679945108999895, 5.125000000000000000 ) ) ;
#3931 = EDGE_CURVE ( 'NONE', #879, #2691, #7193, .T. ) ;
#3932 = ORIENTED_EDGE ( 'NONE', *, *, #6841, .F. ) ;
#3933 = VECTOR ( 'NONE', #4854, 1000.000000000000000 ) ;
#3934 = EDGE_CURVE ( 'NONE', #8387, #2236, #7586, .T. ) ;
#3935 = DIRECTION ( 'NONE',  ( 0.000000000000000000, 1.000000000000000000, 0.000000000000000000 ) ) ;
#3936 = FACE_OUTER_BOUND ( 'NONE', #7740, .T. ) ;
#3937 = VECTOR ( 'NONE', #1382, 1000.000000000000000 ) ;
#3938 = ORIENTED_EDGE ( 'NONE', *, *, #9655, .F. ) ;
#3939 = CARTESIAN_POINT ( 'NONE',  ( 1.280000000000000027, -3.494999999999999662, 0.4000000000000000222 ) ) ;
#3940 = EDGE_LOOP ( 'NONE', ( #1598, #7553, #170, #9748 ) ) ;
#3941 = CARTESIAN_POINT ( 'NONE',  ( -1.580000000000000071, -5.910051363132999391, 3.399999999998999822 ) ) ;
#3942 = VERTEX_POINT ( 'NONE', #6500 ) ;
#3943 = VERTEX_POINT ( 'NONE', #4820 ) ;
#3944 = ORIENTED_EDGE ( 'NONE', *, *, #2302, .F. ) ;
#3945 = DIRECTION ( 'NONE',  ( 0.000000000000000000, -1.000000000000000000, 0.000000000000000000 ) ) ;
#3946 = PLANE ( 'NONE',  #3197 ) ;
#3947 = AXIS2_PLACEMENT_3D ( 'NONE', #1876, #4736, #6292 ) ;
#3948 = CARTESIAN_POINT ( 'NONE',  ( 1.279999999998999716, -2.044999999999999929, -0.8999999999990000443 ) ) ;
#3949 = PLANE ( 'NONE',  #4933 ) ;
#3950 = LINE ( 'NONE', #3153, #4411 ) ;
#3951 = EDGE_CURVE ( 'NONE', #7815, #10074, #4011, .T. ) ;
#3952 = ORIENTED_EDGE ( 'NONE', *, *, #7356, .F. ) ;
#3953 = ORIENTED_EDGE ( 'NONE', *, *, #5722, .T. ) ;
#3954 = ORIENTED_EDGE ( 'NONE', *, *, #8621, .T. ) ;
#3955 = ORIENTED_EDGE ( 'NONE', *, *, #10304, .T. ) ;
#3956 = CARTESIAN_POINT ( 'NONE',  ( -1.310277351904999943, -7.004233640340999045, 5.599999999998999556 ) ) ;
#3957 = EDGE_LOOP ( 'NONE', ( #7203, #2992, #11144, #4321 ) ) ;
#3958 = CARTESIAN_POINT ( 'NONE',  ( -1.280000000000000027, -8.294999999999999929, 3.749999999998999911 ) ) ;
#3959 = CARTESIAN_POINT ( 'NONE',  ( -1.430000000000000160, -4.337947837308999688, 2.719600141541999694 ) ) ;
#3960 = CARTESIAN_POINT ( 'NONE',  ( 1.580000000000000071, 3.804999999999000071, 0.2999999999999999889 ) ) ;
#3961 = DIRECTION ( 'NONE',  ( 0.000000000000000000, -1.000000000000000000, 0.000000000000000000 ) ) ;
#3962 = ADVANCED_FACE ( 'NONE', ( #9189 ), #7416, .T. ) ;
#3963 = EDGE_CURVE ( 'NONE', #7401, #6181, #5805, .T. ) ;
#3964 = DIRECTION ( 'NONE',  ( 0.000000000000000000, 1.000000000000000000, 0.000000000000000000 ) ) ;
#3965 = DIRECTION ( 'NONE',  ( 1.075827036997393753E-16, -0.9848077530123608980, 0.1736481776660634968 ) ) ;
#3966 = EDGE_CURVE ( 'NONE', #3242, #6708, #1320, .T. ) ;
#3967 = FACE_OUTER_BOUND ( 'NONE', #7895, .T. ) ;
#3968 = DIRECTION ( 'NONE',  ( 0.000000000000000000, 0.000000000000000000, 1.000000000000000000 ) ) ;
#3969 = ORIENTED_EDGE ( 'NONE', *, *, #2381, .F. ) ;
#3970 = LINE ( 'NONE', #1334, #6492 ) ;
#3971 = DIRECTION ( 'NONE',  ( 0.000000000000000000, 0.000000000000000000, 1.000000000000000000 ) ) ;
#3972 = PLANE ( 'NONE',  #6262 ) ;
#3973 = EDGE_CURVE ( 'NONE', #10381, #1829, #404, .T. ) ;
#3974 = EDGE_CURVE ( 'NONE', #950, #9465, #10099, .T. ) ;
#3975 = ORIENTED_EDGE ( 'NONE', *, *, #7874, .T. ) ;
#3976 = LINE ( 'NONE', #7491, #9416 ) ;
#3977 = DIRECTION ( 'NONE',  ( -2.786356979726000501E-31, 2.168404344971000191E-15, -1.000000000000000000 ) ) ;
#3978 = ADVANCED_FACE ( 'NONE', ( #4765 ), #3844, .F. ) ;
#3979 = ORIENTED_EDGE ( 'NONE', *, *, #1883, .F. ) ;
#3980 = DIRECTION ( 'NONE',  ( 0.000000000000000000, 1.000000000000000000, 0.000000000000000000 ) ) ;
#3981 = ORIENTED_EDGE ( 'NONE', *, *, #3270, .T. ) ;
#3982 = FILL_AREA_STYLE ('',( #3074 ) ) ;
#3983 = FACE_OUTER_BOUND ( 'NONE', #7093, .T. ) ;
#3984 = DIRECTION ( 'NONE',  ( 1.000000000000000000, 1.284980352574999780E-16, 0.000000000000000000 ) ) ;
#3985 = EDGE_CURVE ( 'NONE', #7880, #2827, #1378, .T. ) ;
#3986 = PLANE ( 'NONE',  #1675 ) ;
#3987 = ADVANCED_FACE ( 'NONE', ( #9297 ), #3103, .F. ) ;
#3988 = ADVANCED_FACE ( 'NONE', ( #3162 ), #3049, .F. ) ;
#3989 = ORIENTED_EDGE ( 'NONE', *, *, #6330, .T. ) ;
#3990 = FACE_BOUND ( 'NONE', #8373, .T. ) ;
#3991 = EDGE_CURVE ( 'NONE', #2621, #7020, #6554, .T. ) ;
#3992 = COLOUR_RGB ( '',0.7921568627450980005, 0.8196078431372548767, 0.9333333333333333481 ) ;
#3993 = ORIENTED_EDGE ( 'NONE', *, *, #1589, .F. ) ;
#3994 = DIRECTION ( 'NONE',  ( 0.000000000000000000, -0.7071067811865474617, -0.7071067811865474617 ) ) ;
#3995 = ORIENTED_EDGE ( 'NONE', *, *, #8219, .F. ) ;
#3996 = ORIENTED_EDGE ( 'NONE', *, *, #7811, .T. ) ;
#3997 = ORIENTED_EDGE ( 'NONE', *, *, #9472, .T. ) ;
#3998 = PLANE ( 'NONE',  #2308 ) ;
#3999 = CARTESIAN_POINT ( 'NONE',  ( -0.09999999999899999992, -0.2950000000009997403, -1.600000000000000089 ) ) ;
#4000 = LINE ( 'NONE', #9120, #8638 ) ;
#4001 = CARTESIAN_POINT ( 'NONE',  ( 1.580000000000000071, -3.494999999999999662, 0.4000000000000000222 ) ) ;
#4002 = VECTOR ( 'NONE', #3449, 1000.000000000000000 ) ;
#4003 = CARTESIAN_POINT ( 'NONE',  ( -1.280000000000000027, -8.294999999999999929, 6.399999999999000266 ) ) ;
#4004 = ORIENTED_EDGE ( 'NONE', *, *, #4338, .T. ) ;
#4005 = LINE ( 'NONE', #3097, #8545 ) ;
#4006 = ORIENTED_EDGE ( 'NONE', *, *, #3951, .F. ) ;
#4007 = VERTEX_POINT ( 'NONE', #8388 ) ;
#4008 = AXIS2_PLACEMENT_3D ( 'NONE', #10607, #8850, #984 ) ;
#4009 = VERTEX_POINT ( 'NONE', #4077 ) ;
#4010 = ORIENTED_EDGE ( 'NONE', *, *, #9934, .F. ) ;
#4011 = LINE ( 'NONE', #10896, #5706 ) ;
#4012 = VERTEX_POINT ( 'NONE', #11068 ) ;
#4013 = MANIFOLD_SOLID_BREP ( 'NONE', #7150 ) ;
#4014 = CARTESIAN_POINT ( 'NONE',  ( 0.3499999999989999999, -9.330679945108999007, 5.924999999999999822 ) ) ;
#4015 = PLANE ( 'NONE',  #10355 ) ;
#4016 = DIRECTION ( 'NONE',  ( 1.215473287538999910E-16, 0.000000000000000000, 1.000000000000000000 ) ) ;
#4017 = CARTESIAN_POINT ( 'NONE',  ( 0.3599999999990000088, -4.829526559172999889, 2.124913496054000372 ) ) ;
#4018 = ORIENTED_EDGE ( 'NONE', *, *, #2321, .F. ) ;
#4019 = CARTESIAN_POINT ( 'NONE',  ( 1.080000000000000071, 3.804999999999000071, 4.915278589676999488 ) ) ;
#4020 = CIRCLE ( 'NONE', #925, 0.09999999999900019421 ) ;
#4021 = CARTESIAN_POINT ( 'NONE',  ( -0.3599999999990000088, -4.829526559172999889, 2.124913496054000372 ) ) ;
#4022 = DIRECTION ( 'NONE',  ( -1.284980352574999780E-16, 1.000000000000000000, 0.000000000000000000 ) ) ;
#4023 = LINE ( 'NONE', #305, #10261 ) ;
#4024 = ORIENTED_EDGE ( 'NONE', *, *, #10917, .T. ) ;
#4025 = EDGE_CURVE ( 'NONE', #8333, #3316, #514, .T. ) ;
#4026 = PLANE ( 'NONE',  #5383 ) ;
#4027 = LINE ( 'NONE', #5644, #7975 ) ;
#4028 = CLOSED_SHELL ( 'NONE', ( #3463, #10973, #1611, #573, #3304, #10523 ) ) ;
#4029 = LINE ( 'NONE', #3117, #9503 ) ;
#4030 = AXIS2_PLACEMENT_3D ( 'NONE', #1404, #5774, #4792 ) ;
#4031 = CARTESIAN_POINT ( 'NONE',  ( 0.000000000000000000, -2.944999999999999840, -1.600000000000000089 ) ) ;
#4032 = MANIFOLD_SOLID_BREP ( 'NONE', #6971 ) ;
#4033 = VECTOR ( 'NONE', #5453, 1000.000000000000000 ) ;
#4034 = EDGE_LOOP ( 'NONE', ( #8492, #8943, #1046, #3315 ) ) ;
#4035 = PLANE ( 'NONE',  #615 ) ;
#4036 = VECTOR ( 'NONE', #8434, 1000.000000000000000 ) ;
#4037 = FACE_OUTER_BOUND ( 'NONE', #5002, .T. ) ;
#4038 = VECTOR ( 'NONE', #9606, 1000.000000000000000 ) ;
#4039 = ORIENTED_EDGE ( 'NONE', *, *, #9114, .T. ) ;
#4040 = CARTESIAN_POINT ( 'NONE',  ( 0.3600000000000000422, -8.830679945108999007, 4.924999999999999822 ) ) ;
#4041 = ORIENTED_EDGE ( 'NONE', *, *, #4903, .T. ) ;
#4042 = EDGE_CURVE ( 'NONE', #5558, #429, #9356, .T. ) ;
#4043 = ADVANCED_FACE ( 'NONE', ( #4254 ), #3219, .T. ) ;
#4044 = FACE_OUTER_BOUND ( 'NONE', #2294, .T. ) ;
#4045 = DIRECTION ( 'NONE',  ( -1.000000000000000000, 0.000000000000000000, -1.807003620808999850E-16 ) ) ;
#4046 = PLANE ( 'NONE',  #5102 ) ;
#4047 = VECTOR ( 'NONE', #1077, 1000.000000000000114 ) ;
#4048 = FACE_OUTER_BOUND ( 'NONE', #9762, .T. ) ;
#4049 = EDGE_CURVE ( 'NONE', #5430, #1246, #6777, .T. ) ;
#4050 = AXIS2_PLACEMENT_3D ( 'NONE', #6347, #8986, #10694 ) ;
#4051 = VECTOR ( 'NONE', #4712, 1000.000000000000000 ) ;
#4052 = DIRECTION ( 'NONE',  ( -1.000000000000000000, 1.284980352574999780E-16, 0.000000000000000000 ) ) ;
#4053 = ORIENTED_EDGE ( 'NONE', *, *, #145, .F. ) ;
#4054 = MANIFOLD_SOLID_BREP ( 'NONE', #4217 ) ;
#4055 = DIRECTION ( 'NONE',  ( 0.000000000000000000, 0.000000000000000000, 1.000000000000000000 ) ) ;
#4056 = ORIENTED_EDGE ( 'NONE', *, *, #4684, .F. ) ;
#4057 = DIRECTION ( 'NONE',  ( 0.000000000000000000, 1.000000000000000000, 0.000000000000000000 ) ) ;
#4058 = ORIENTED_EDGE ( 'NONE', *, *, #7195, .F. ) ;
#4059 = AXIS2_PLACEMENT_3D ( 'NONE', #6006, #7560, #10240 ) ;
#4060 = EDGE_CURVE ( 'NONE', #9573, #1775, #9579, .T. ) ;
#4061 = ORIENTED_EDGE ( 'NONE', *, *, #6201, .F. ) ;
#4062 = ORIENTED_EDGE ( 'NONE', *, *, #2731, .T. ) ;
#4063 = DIRECTION ( 'NONE',  ( 1.239088197125999924E-16, -1.000000000000000000, 5.382100923358999157E-17 ) ) ;
#4064 = LINE ( 'NONE', #392, #4302 ) ;
#4065 = DIRECTION ( 'NONE',  ( 0.000000000000000000, 1.000000000000000000, 0.000000000000000000 ) ) ;
#4066 = CARTESIAN_POINT ( 'NONE',  ( 1.280000000000000027, -3.594999999999999751, 4.283769826401000458 ) ) ;
#4067 = ADVANCED_FACE ( 'NONE', ( #5223 ), #8731, .T. ) ;
#4068 = DIRECTION ( 'NONE',  ( 0.000000000000000000, -1.000000000000000000, 0.000000000000000000 ) ) ;
#4069 = VECTOR ( 'NONE', #5192, 1000.000000000000000 ) ;
#4070 = ORIENTED_EDGE ( 'NONE', *, *, #10365, .T. ) ;
#4071 = CARTESIAN_POINT ( 'NONE',  ( 1.080000000000000071, 3.504999999999000249, -7.830300121961999871 ) ) ;
#4072 = CARTESIAN_POINT ( 'NONE',  ( 1.279999999998999716, 1.554999999999999938, -1.899999999998999822 ) ) ;
#4073 = EDGE_LOOP ( 'NONE', ( #7058, #8740, #4344, #3529 ) ) ;
#4074 = CARTESIAN_POINT ( 'NONE',  ( 0.3600000000000000422, -9.330679945108999007, 3.424999999999000178 ) ) ;
#4075 = ORIENTED_EDGE ( 'NONE', *, *, #4573, .T. ) ;
#4076 = ORIENTED_EDGE ( 'NONE', *, *, #607, .T. ) ;
#4077 = CARTESIAN_POINT ( 'NONE',  ( -0.3499999999999999778, -4.830679945108999895, 4.125000000000000000 ) ) ;
#4078 = VERTEX_POINT ( 'NONE', #2413 ) ;
#4079 = LINE ( 'NONE', #7590, #7968 ) ;
#4080 = DIRECTION ( 'NONE',  ( 0.000000000000000000, -1.000000000000000000, 2.167154562174000065E-16 ) ) ;
#4081 = ADVANCED_FACE ( 'NONE', ( #9415 ), #10486, .F. ) ;
#4082 = VECTOR ( 'NONE', #5070, 1000.000000000000000 ) ;
#4083 = PLANE ( 'NONE',  #5478 ) ;
#4084 = EDGE_CURVE ( 'NONE', #2353, #4655, #1036, .T. ) ;
#4085 = DIRECTION ( 'NONE',  ( 0.000000000000000000, -1.000000000000000000, 2.167154562174000065E-16 ) ) ;
#4086 = ORIENTED_EDGE ( 'NONE', *, *, #3762, .T. ) ;
#4087 = LINE ( 'NONE', #5930, #7016 ) ;
#4088 = CARTESIAN_POINT ( 'NONE',  ( 1.580000000000000071, -7.894999999999999574, 3.749999999998999911 ) ) ;
#4089 = DIRECTION ( 'NONE',  ( 0.000000000000000000, 0.000000000000000000, -1.000000000000000000 ) ) ;
#4090 = CARTESIAN_POINT ( 'NONE',  ( 1.580000000000000071, -4.571077182464999389, 2.719600141541999694 ) ) ;
#4091 = ORIENTED_EDGE ( 'NONE', *, *, #7317, .F. ) ;
#4092 = PLANE ( 'NONE',  #10870 ) ;
#4093 = PLANE ( 'NONE',  #5778 ) ;
#4094 = CARTESIAN_POINT ( 'NONE',  ( 1.280000000000000027, 2.385829949784000537, 4.134721410322000246 ) ) ;
#4095 = PLANE ( 'NONE',  #6990 ) ;
#4096 = VECTOR ( 'NONE', #946, 1000.000000000000000 ) ;
#4097 = EDGE_CURVE ( 'NONE', #3942, #6285, #5335, .T. ) ;
#4098 = VECTOR ( 'NONE', #6866, 1000.000000000000000 ) ;
#4099 = ORIENTED_EDGE ( 'NONE', *, *, #856, .T. ) ;
#4100 = CARTESIAN_POINT ( 'NONE',  ( -1.280000000000000027, -2.544188695136999634, 0.05000000000000000278 ) ) ;
#4101 = PLANE ( 'NONE',  #8415 ) ;
#4102 = CARTESIAN_POINT ( 'NONE',  ( 1.279999999998999716, -1.894999999999999796, -0.8999999999990000443 ) ) ;
#4103 = VECTOR ( 'NONE', #10482, 1000.000000000000000 ) ;
#4104 = EDGE_LOOP ( 'NONE', ( #7909, #5652, #7526, #8049 ) ) ;
#4105 = CARTESIAN_POINT ( 'NONE',  ( -1.279999999998999716, -1.110000000000999743, -0.7048473225369999984 ) ) ;
#4106 = DIRECTION ( 'NONE',  ( 1.000000000000000000, 0.000000000000000000, -1.807003620808999850E-16 ) ) ;
#4108 = VECTOR ( 'NONE', #6331, 1000.000000000000000 ) ;
#4107 = CARTESIAN_POINT ( 'NONE',  ( 0.3600000000000000422, -4.830679945108999895, 5.125000000000000000 ) ) ;
#4109 = LINE ( 'NONE', #9393, #590 ) ;
#4110 = EDGE_CURVE ( 'NONE', #4818, #3254, #4646, .T. ) ;
#4111 = EDGE_CURVE ( 'NONE', #4862, #5498, #6312, .T. ) ;
#4112 = ORIENTED_EDGE ( 'NONE', *, *, #5538, .T. ) ;
#4113 = VECTOR ( 'NONE', #8039, 1000.000000000000114 ) ;
#4114 = LINE ( 'NONE', #382, #9123 ) ;
#4115 = VERTEX_POINT ( 'NONE', #6196 ) ;
#4116 = LINE ( 'NONE', #10131, #5569 ) ;
#4117 = VECTOR ( 'NONE', #9886, 1000.000000000000000 ) ;
#4118 = ORIENTED_EDGE ( 'NONE', *, *, #4886, .T. ) ;
#4119 = ADVANCED_FACE ( 'NONE', ( #2811 ), #9750, .F. ) ;
#4120 = VERTEX_POINT ( 'NONE', #8101 ) ;
#4121 = ORIENTED_EDGE ( 'NONE', *, *, #1178, .T. ) ;
#4122 = PLANE ( 'NONE',  #7632 ) ;
#4123 = DIRECTION ( 'NONE',  ( 0.000000000000000000, 0.000000000000000000, -1.000000000000000000 ) ) ;
#4124 = FACE_OUTER_BOUND ( 'NONE', #8066, .T. ) ;
#4125 = LINE ( 'NONE', #5048, #1451 ) ;
#4126 = FACE_OUTER_BOUND ( 'NONE', #8878, .T. ) ;
#4127 = AXIS2_PLACEMENT_3D ( 'NONE', #2771, #10678, #2830 ) ;
#4128 = VERTEX_POINT ( 'NONE', #6144 ) ;
#4129 = DIRECTION ( 'NONE',  ( 1.000000000000000000, 1.284980352574999780E-16, 0.000000000000000000 ) ) ;
#4130 = ORIENTED_EDGE ( 'NONE', *, *, #9250, .T. ) ;
#4131 = ORIENTED_EDGE ( 'NONE', *, *, #9407, .T. ) ;
#4132 = LINE ( 'NONE', #8290, #6095 ) ;
#4133 = ADVANCED_FACE ( 'NONE', ( #4477 ), #7985, .F. ) ;
#4134 = VERTEX_POINT ( 'NONE', #158 ) ;
#4135 = ORIENTED_EDGE ( 'NONE', *, *, #3809, .F. ) ;
#4136 = VECTOR ( 'NONE', #7803, 1000.000000000000000 ) ;
#4137 = ORIENTED_EDGE ( 'NONE', *, *, #2253, .T. ) ;
#4138 = PLANE ( 'NONE',  #9789 ) ;
#4139 = CARTESIAN_POINT ( 'NONE',  ( 0.3800000000000000044, -9.694999999999998508, 7.799999999998999733 ) ) ;
#4140 = PRESENTATION_LAYER_ASSIGNMENT (  '', '', ( #665 ) ) ;
#4141 = DIRECTION ( 'NONE',  ( 0.000000000000000000, 0.000000000000000000, -1.000000000000000000 ) ) ;
#4142 = CARTESIAN_POINT ( 'NONE',  ( 1.080000000000000071, 3.804999999999000071, 0.2999999999999999889 ) ) ;
#4143 = CARTESIAN_POINT ( 'NONE',  ( -1.280000000000000027, -5.910051363132999391, 5.599999999998999556 ) ) ;
#4144 = VECTOR ( 'NONE', #3131, 1000.000000000000000 ) ;
#4145 = ORIENTED_EDGE ( 'NONE', *, *, #5649, .F. ) ;
#4146 = PLANE ( 'NONE',  #2788 ) ;
#4147 = DIRECTION ( 'NONE',  ( 0.000000000000000000, 1.000000000000000000, 2.168404344971000191E-15 ) ) ;
#4148 = EDGE_CURVE ( 'NONE', #10242, #6291, #9637, .T. ) ;
#4149 = PLANE ( 'NONE',  #1666 ) ;
#4150 = LINE ( 'NONE', #5333, #7974 ) ;
#4151 = EDGE_LOOP ( 'NONE', ( #8900, #4819, #4121, #11229 ) ) ;
#4152 = CARTESIAN_POINT ( 'NONE',  ( -1.580000000000000071, 3.804999999999000071, 0.3999999999989999888 ) ) ;
#4153 = DIRECTION ( 'NONE',  ( -1.207486555170305655E-16, -0.9396926207860170077, 0.3420201433253705070 ) ) ;
#4154 = CARTESIAN_POINT ( 'NONE',  ( -1.080000000000000071, 3.804999999999000071, 4.915278589676999488 ) ) ;
#4155 = FACE_OUTER_BOUND ( 'NONE', #9854, .T. ) ;
#4156 = ORIENTED_EDGE ( 'NONE', *, *, #890, .F. ) ;
#4157 = DIRECTION ( 'NONE',  ( -1.000000000000000000, 0.000000000000000000, 0.000000000000000000 ) ) ;
#4158 = DIRECTION ( 'NONE',  ( 0.000000000000000000, -1.000000000000000000, 0.000000000000000000 ) ) ;
#4159 = CARTESIAN_POINT ( 'NONE',  ( 1.280000000000000027, -2.544999999999999485, -1.899999999998999822 ) ) ;
#4160 = ORIENTED_EDGE ( 'NONE', *, *, #10488, .T. ) ;
#4161 = PRESENTATION_STYLE_ASSIGNMENT (( #278 ) ) ;
#4162 = LINE ( 'NONE', #789, #648 ) ;
#4163 = EDGE_CURVE ( 'NONE', #6772, #5775, #5446, .T. ) ;
#4164 = DIRECTION ( 'NONE',  ( -1.000000000000000000, 0.000000000000000000, 0.000000000000000000 ) ) ;
#4165 = FACE_OUTER_BOUND ( 'NONE', #2058, .T. ) ;
#4166 = ORIENTED_EDGE ( 'NONE', *, *, #4548, .F. ) ;
#4167 = DIRECTION ( 'NONE',  ( 0.000000000000000000, 0.000000000000000000, -1.000000000000000000 ) ) ;
#4168 = ORIENTED_EDGE ( 'NONE', *, *, #8077, .T. ) ;
#4169 = DIRECTION ( 'NONE',  ( -1.000000000000000000, 1.284980352574999780E-16, 0.000000000000000000 ) ) ;
#4170 = ORIENTED_EDGE ( 'NONE', *, *, #8806, .T. ) ;
#4171 = ORIENTED_EDGE ( 'NONE', *, *, #909, .T. ) ;
#4172 = ORIENTED_EDGE ( 'NONE', *, *, #770, .T. ) ;
#4173 = CARTESIAN_POINT ( 'NONE',  ( 1.579999999998999982, 1.119999999999000240, -0.7048473225369999984 ) ) ;
#4174 = EDGE_CURVE ( 'NONE', #4448, #10113, #1779, .T. ) ;
#4175 = DIRECTION ( 'NONE',  ( 0.000000000000000000, -1.000000000000000000, 0.000000000000000000 ) ) ;
#4176 = CARTESIAN_POINT ( 'NONE',  ( -1.580000000000000071, 3.704999999998999982, 0.2999999999999999889 ) ) ;
#4177 = DIRECTION ( 'NONE',  ( 1.889516252618999683E-47, 1.000000000000000000, 1.084202172484999957E-15 ) ) ;
#4178 = PLANE ( 'NONE',  #1480 ) ;
#4179 = COLOUR_RGB ( '',0.7921568627450980005, 0.8196078431372548767, 0.9333333333333333481 ) ;
#4180 = EDGE_LOOP ( 'NONE', ( #7066, #2376, #851, #6549 ) ) ;
#4181 = CARTESIAN_POINT ( 'NONE',  ( -1.580000000000000071, 3.804999999999000071, 9.000000000000000000 ) ) ;
#4182 = ORIENTED_EDGE ( 'NONE', *, *, #3703, .T. ) ;
#4183 = ORIENTED_EDGE ( 'NONE', *, *, #6377, .T. ) ;
#4184 = DIRECTION ( 'NONE',  ( 0.000000000000000000, 0.000000000000000000, -1.000000000000000000 ) ) ;
#4185 = VERTEX_POINT ( 'NONE', #8902 ) ;
#4186 = VERTEX_POINT ( 'NONE', #2868 ) ;
#4187 = FILL_AREA_STYLE_COLOUR ( '', #3687 ) ;
#4188 = EDGE_LOOP ( 'NONE', ( #5107, #3656, #11089, #220 ) ) ;
#4189 = EDGE_CURVE ( 'NONE', #10881, #1833, #3556, .T. ) ;
#4190 = DIRECTION ( 'NONE',  ( 1.000000000000000000, 1.284980352574999780E-16, 0.000000000000000000 ) ) ;
#4191 = EDGE_CURVE ( 'NONE', #7965, #9853, #6367, .T. ) ;
#4193 = CARTESIAN_POINT ( 'NONE',  ( 1.580000000000000071, -7.894999999999999574, 5.249999999998999911 ) ) ;
#4192 = PRESENTATION_LAYER_ASSIGNMENT (  '', '', ( #2543 ) ) ;
#4194 = CARTESIAN_POINT ( 'NONE',  ( 0.1000000000000000056, -2.695000000000999485, -1.600000000000000089 ) ) ;
#4195 = LINE ( 'NONE', #7705, #525 ) ;
#4196 = LINE ( 'NONE', #2421, #11173 ) ;
#4197 = ADVANCED_FACE ( 'NONE', ( #8784 ), #1832, .T. ) ;
#4198 = ORIENTED_EDGE ( 'NONE', *, *, #7439, .F. ) ;
#4199 = DIRECTION ( 'NONE',  ( 1.215473287538999910E-16, 0.000000000000000000, -1.000000000000000000 ) ) ;
#4200 = VECTOR ( 'NONE', #589, 1000.000000000000000 ) ;
#4201 = CARTESIAN_POINT ( 'NONE',  ( -0.3499999999999999778, -4.830679945108999895, 5.424999999998999733 ) ) ;
#4202 = DIRECTION ( 'NONE',  ( 0.000000000000000000, 0.3420201433253704515, 0.9396926207860168967 ) ) ;
#4203 = VERTEX_POINT ( 'NONE', #7119 ) ;
#4204 = DIRECTION ( 'NONE',  ( 1.807003620808999850E-16, 0.000000000000000000, 1.000000000000000000 ) ) ;
#4205 = EDGE_CURVE ( 'NONE', #7676, #5998, #5502, .T. ) ;
#4206 = CARTESIAN_POINT ( 'NONE',  ( 0.3499999999999999778, -4.830679945108999895, 4.424999999998999733 ) ) ;
#4207 = CARTESIAN_POINT ( 'NONE',  ( -1.429999999999000071, -1.983341451230999697, 4.776807376878000611 ) ) ;
#4208 = EDGE_CURVE ( 'NONE', #10426, #6689, #2004, .T. ) ;
#4210 = VECTOR ( 'NONE', #8593, 1000.000000000000000 ) ;
#4209 = LINE ( 'NONE', #2490, #197 ) ;
#4211 = EDGE_CURVE ( 'NONE', #9064, #6251, #3500, .T. ) ;
#4212 = AXIS2_PLACEMENT_3D ( 'NONE', #1750, #4383, #3299 ) ;
#4213 = VERTEX_POINT ( 'NONE', #10600 ) ;
#4214 = CARTESIAN_POINT ( 'NONE',  ( -0.3600000000000000422, -9.330679945108999007, 5.625000000000000000 ) ) ;
#4215 = DIRECTION ( 'NONE',  ( 1.000000000000000000, 0.000000000000000000, 1.807003620808999850E-16 ) ) ;
#4216 = CARTESIAN_POINT ( 'NONE',  ( -0.3600000000000000422, -5.330679945108999007, 5.625000000000000000 ) ) ;
#4217 = CLOSED_SHELL ( 'NONE', ( #4393, #897, #5071, #5244, #8859, #2145 ) ) ;
#4218 = ORIENTED_EDGE ( 'NONE', *, *, #929, .F. ) ;
#4219 = CARTESIAN_POINT ( 'NONE',  ( -0.3600000000000000422, -4.830679945108999895, 6.125000000000000000 ) ) ;
#4220 = CARTESIAN_POINT ( 'NONE',  ( -1.279999999998999716, 1.554999999999999938, -1.899999999998999822 ) ) ;
#4221 = VECTOR ( 'NONE', #9101, 1000.000000000000114 ) ;
#4222 = DIRECTION ( 'NONE',  ( 0.000000000000000000, 0.000000000000000000, 1.000000000000000000 ) ) ;
#4223 = ADVANCED_FACE ( 'NONE', ( #2697 ), #8364, .F. ) ;
#4224 = DIRECTION ( 'NONE',  ( 0.000000000000000000, -1.000000000000000000, 0.000000000000000000 ) ) ;
#4225 = DIRECTION ( 'NONE',  ( 1.000000000000000000, -1.239088197125999924E-16, 0.000000000000000000 ) ) ;
#4226 = AXIS2_PLACEMENT_3D ( 'NONE', #8683, #930, #11243 ) ;
#4227 = VECTOR ( 'NONE', #7934, 1000.000000000000000 ) ;
#4228 = VECTOR ( 'NONE', #6970, 1000.000000000000000 ) ;
#4229 = ORIENTED_EDGE ( 'NONE', *, *, #320, .T. ) ;
#4230 = FACE_OUTER_BOUND ( 'NONE', #2074, .T. ) ;
#4231 = ORIENTED_EDGE ( 'NONE', *, *, #10206, .T. ) ;
#4232 = DIRECTION ( 'NONE',  ( -1.807003620808999850E-16, 0.000000000000000000, 1.000000000000000000 ) ) ;
#4233 = VERTEX_POINT ( 'NONE', #1585 ) ;
#4234 = ORIENTED_EDGE ( 'NONE', *, *, #10836, .F. ) ;
#4235 = ORIENTED_EDGE ( 'NONE', *, *, #990, .F. ) ;
#4236 = DIRECTION ( 'NONE',  ( 0.000000000000000000, -1.000000000000000000, 2.168404344971000240E-16 ) ) ;
#4237 = AXIS2_PLACEMENT_3D ( 'NONE', #1657, #803, #11283 ) ;
#4238 = LINE ( 'NONE', #5846, #6870 ) ;
#4239 = VECTOR ( 'NONE', #9148, 1000.000000000000000 ) ;
#4240 = STYLED_ITEM ( 'NONE', ( #2073 ), #4013 ) ;
#4241 = FACE_OUTER_BOUND ( 'NONE', #9076, .T. ) ;
#4242 = CARTESIAN_POINT ( 'NONE',  ( 0.3600000000000000422, -5.330679945108999007, 5.924999999999999822 ) ) ;
#4243 = VECTOR ( 'NONE', #3646, 1000.000000000000114 ) ;
#4244 = EDGE_LOOP ( 'NONE', ( #4922, #2015, #641, #8532 ) ) ;
#4245 = EDGE_CURVE ( 'NONE', #2130, #4405, #10295, .T. ) ;
#4246 = DIRECTION ( 'NONE',  ( -1.000000000000000000, 0.000000000000000000, 0.000000000000000000 ) ) ;
#4247 = AXIS2_PLACEMENT_3D ( 'NONE', #2899, #3808, #5593 ) ;
#4248 = VERTEX_POINT ( 'NONE', #2382 ) ;
#4249 = ORIENTED_EDGE ( 'NONE', *, *, #9660, .T. ) ;
#4250 = LINE ( 'NONE', #2521, #10112 ) ;
#4251 = ORIENTED_EDGE ( 'NONE', *, *, #3306, .F. ) ;
#4252 = VERTEX_POINT ( 'NONE', #491 ) ;
#4253 = VERTEX_POINT ( 'NONE', #9216 ) ;
#4254 = FACE_OUTER_BOUND ( 'NONE', #10307, .T. ) ;
#4255 = VERTEX_POINT ( 'NONE', #7616 ) ;
#4256 = CARTESIAN_POINT ( 'NONE',  ( -0.9817789317309998376, -6.329612395372000044, 6.242520405652999926 ) ) ;
#4257 = DIRECTION ( 'NONE',  ( -0.000000000000000000, 1.000000000000000000, 0.000000000000000000 ) ) ;
#4258 = DIRECTION ( 'NONE',  ( -2.231344965625815353E-17, -0.1736481776660634968, 0.9848077530123608980 ) ) ;
#4259 = CARTESIAN_POINT ( 'NONE',  ( -1.280000000000000027, -2.544999999999999485, -1.899999999998999822 ) ) ;
#4260 = CARTESIAN_POINT ( 'NONE',  ( -1.080000000000000071, 3.804999999999000071, 4.915278589676999488 ) ) ;
#4261 = VECTOR ( 'NONE', #7598, 1000.000000000000000 ) ;
#4262 = ORIENTED_EDGE ( 'NONE', *, *, #10908, .T. ) ;
#4263 = EDGE_CURVE ( 'NONE', #10746, #8363, #3189, .T. ) ;
#4264 = CARTESIAN_POINT ( 'NONE',  ( 1.583490647403999807, -6.880064126286000281, 5.691134909835000144 ) ) ;
#4265 = EDGE_CURVE ( 'NONE', #9354, #4723, #5951, .T. ) ;
#4266 = VERTEX_POINT ( 'NONE', #10064 ) ;
#4267 = LINE ( 'NONE', #4201, #5145 ) ;
#4268 = AXIS2_PLACEMENT_3D ( 'NONE', #6955, #769, #4488 ) ;
#4269 = ORIENTED_EDGE ( 'NONE', *, *, #535, .F. ) ;
#4270 = EDGE_CURVE ( 'NONE', #1290, #2180, #4908, .T. ) ;
#4271 = DIRECTION ( 'NONE',  ( 1.000000000000000000, 0.000000000000000000, 0.000000000000000000 ) ) ;
#4272 = FACE_OUTER_BOUND ( 'NONE', #6015, .T. ) ;
#4273 = CARTESIAN_POINT ( 'NONE',  ( 0.3600000000000000422, -8.830679945108999007, 6.625000000000000000 ) ) ;
#4274 = CARTESIAN_POINT ( 'NONE',  ( -1.580000000000000071, -8.294999999999999929, 2.599999999999000000 ) ) ;
#4275 = EDGE_CURVE ( 'NONE', #9210, #5300, #2210, .T. ) ;
#4276 = ORIENTED_EDGE ( 'NONE', *, *, #5737, .F. ) ;
#4277 = CARTESIAN_POINT ( 'NONE',  ( 1.280000000000000027, -7.688759329998998915, 6.360851883709999655 ) ) ;
#4278 = DIRECTION ( 'NONE',  ( 0.000000000000000000, 0.000000000000000000, -1.000000000000000000 ) ) ;
#4279 = LINE ( 'NONE', #9553, #8445 ) ;
#4280 = ORIENTED_EDGE ( 'NONE', *, *, #74, .F. ) ;
#4281 = ADVANCED_FACE ( 'NONE', ( #3247, #6695, #11095, #1349, #8155, #7671, #6751 ), #8416, .T. ) ;
#4282 = FACE_OUTER_BOUND ( 'NONE', #4851, .T. ) ;
#4283 = DIRECTION ( 'NONE',  ( 0.000000000000000000, -1.000000000000000000, 0.000000000000000000 ) ) ;
#4284 = DIRECTION ( 'NONE',  ( 1.000000000000000000, 0.000000000000000000, 0.000000000000000000 ) ) ;
#4285 = VECTOR ( 'NONE', #9205, 1000.000000000000000 ) ;
#4286 = AXIS2_PLACEMENT_3D ( 'NONE', #10164, #4889, #2083 ) ;
#4287 = EDGE_LOOP ( 'NONE', ( #5487, #5054, #1776, #2336 ) ) ;
#4288 = STYLED_ITEM ( 'NONE', ( #2466 ), #396 ) ;
#4289 = MANIFOLD_SOLID_BREP ( 'NONE', #178 ) ;
#4290 = CYLINDRICAL_SURFACE ( 'NONE', #2596, 0.8999999999989997113 ) ;
#4291 = ADVANCED_FACE ( 'NONE', ( #1463 ), #11149, .T. ) ;
#4292 = VERTEX_POINT ( 'NONE', #6580 ) ;
#4293 = LINE ( 'NONE', #5092, #1465 ) ;
#4294 = VERTEX_POINT ( 'NONE', #4853 ) ;
#4295 = VECTOR ( 'NONE', #7759, 1000.000000000000000 ) ;
#4296 = ADVANCED_FACE ( 'NONE', ( #4044 ), #7556, .T. ) ;
#4297 = ORIENTED_EDGE ( 'NONE', *, *, #7926, .F. ) ;
#4298 = LINE ( 'NONE', #1599, #5600 ) ;
#4299 = DIRECTION ( 'NONE',  ( 0.000000000000000000, -1.000000000000000000, 0.000000000000000000 ) ) ;
#4300 = LINE ( 'NONE', #11057, #207 ) ;
#4301 = LINE ( 'NONE', #6768, #3133 ) ;
#4302 = VECTOR ( 'NONE', #3890, 1000.000000000000000 ) ;
#4303 = ORIENTED_EDGE ( 'NONE', *, *, #3651, .F. ) ;
#4304 = FACE_OUTER_BOUND ( 'NONE', #6403, .T. ) ;
#4305 = FACE_OUTER_BOUND ( 'NONE', #9468, .T. ) ;
#4306 = VERTEX_POINT ( 'NONE', #4219 ) ;
#4307 = ORIENTED_EDGE ( 'NONE', *, *, #5590, .F. ) ;
#4308 = VERTEX_POINT ( 'NONE', #9608 ) ;
#4309 = EDGE_LOOP ( 'NONE', ( #9409, #3882, #3444, #1705 ) ) ;
#4310 = ORIENTED_EDGE ( 'NONE', *, *, #7366, .T. ) ;
#4311 = CARTESIAN_POINT ( 'NONE',  ( 0.3499999999989999999, -4.830679945108999895, 5.424999999998999733 ) ) ;
#4312 = LINE ( 'NONE', #7821, #4682 ) ;
#4313 = AXIS2_PLACEMENT_3D ( 'NONE', #1231, #7484, #9999 ) ;
#4314 = FACE_OUTER_BOUND ( 'NONE', #10702, .T. ) ;
#4315 = EDGE_CURVE ( 'NONE', #9617, #737, #6973, .T. ) ;
#4316 = DIRECTION ( 'NONE',  ( -1.270804703590999957E-32, -1.025596649647999987E-16, -1.000000000000000000 ) ) ;
#4317 = CARTESIAN_POINT ( 'NONE',  ( -0.09999999999899999992, 2.304999999999000515, -1.600000000000000089 ) ) ;
#4318 = ORIENTED_EDGE ( 'NONE', *, *, #8655, .T. ) ;
#4319 = DIRECTION ( 'NONE',  ( 0.000000000000000000, -1.000000000000000000, 0.000000000000000000 ) ) ;
#4320 = VECTOR ( 'NONE', #11195, 1000.000000000000000 ) ;
#4321 = ORIENTED_EDGE ( 'NONE', *, *, #2604, .T. ) ;
#4322 = VECTOR ( 'NONE', #8216, 1000.000000000000000 ) ;
#4323 = DIRECTION ( 'NONE',  ( 0.000000000000000000, -1.000000000000000000, 0.000000000000000000 ) ) ;
#4324 = VERTEX_POINT ( 'NONE', #5196 ) ;
#4325 = DIRECTION ( 'NONE',  ( -1.000000000000000000, 0.000000000000000000, 1.807003620808999850E-16 ) ) ;
#4326 = LINE ( 'NONE', #7886, #3210 ) ;
#4327 = EDGE_CURVE ( 'NONE', #9607, #8253, #6221, .T. ) ;
#4328 = LINE ( 'NONE', #2541, #8228 ) ;
#4329 = LINE ( 'NONE', #7947, #5156 ) ;
#4330 = AXIS2_PLACEMENT_3D ( 'NONE', #10196, #4063, #6596 ) ;
#4331 = ORIENTED_EDGE ( 'NONE', *, *, #1945, .T. ) ;
#4332 = DIRECTION ( 'NONE',  ( -1.000000000000000000, 1.284980352574999780E-16, 0.000000000000000000 ) ) ;
#4333 = DIRECTION ( 'NONE',  ( -1.000000000000000000, 1.284980352574999780E-16, 0.000000000000000000 ) ) ;
#4334 = CARTESIAN_POINT ( 'NONE',  ( 1.580000000000000071, -2.544188695136999634, 0.05000000000000000278 ) ) ;
#4335 = VERTEX_POINT ( 'NONE', #725 ) ;
#4336 = CARTESIAN_POINT ( 'NONE',  ( 1.279999999998999716, -1.545811304863999647, 0.2999999999999999889 ) ) ;
#4337 = CARTESIAN_POINT ( 'NONE',  ( -1.429999999999000071, -1.983341451230999697, 4.776807376878000611 ) ) ;
#4338 = EDGE_CURVE ( 'NONE', #8414, #10659, #5252, .T. ) ;
#4339 = LINE ( 'NONE', #7899, #3832 ) ;
#4340 = EDGE_CURVE ( 'NONE', #1063, #11290, #951, .T. ) ;
#4341 = EDGE_CURVE ( 'NONE', #9548, #10943, #8755, .T. ) ;
#4342 = ORIENTED_EDGE ( 'NONE', *, *, #2570, .T. ) ;
#4343 = DIRECTION ( 'NONE',  ( 0.000000000000000000, -1.000000000000000000, 0.000000000000000000 ) ) ;
#4344 = ORIENTED_EDGE ( 'NONE', *, *, #11325, .T. ) ;
#4345 = DIRECTION ( 'NONE',  ( 0.000000000000000000, 0.000000000000000000, -1.000000000000000000 ) ) ;
#4346 = VERTEX_POINT ( 'NONE', #2669 ) ;
#4347 = ORIENTED_EDGE ( 'NONE', *, *, #406, .T. ) ;
#4348 = DIRECTION ( 'NONE',  ( -1.704914861736844513E-16, 0.3420201433253704515, -0.9396926207860168967 ) ) ;
#4349 = EDGE_CURVE ( 'NONE', #5966, #9866, #2549, .T. ) ;
#4350 = LINE ( 'NONE', #4989, #10804 ) ;
#4351 = CARTESIAN_POINT ( 'NONE',  ( 1.580000000000000071, -8.294999999999999929, 3.749999999998999911 ) ) ;
#4352 = ADVANCED_FACE ( 'NONE', ( #4282 ), #6920, .F. ) ;
#4353 = EDGE_CURVE ( 'NONE', #7343, #5598, #1754, .T. ) ;
#4354 = AXIS2_PLACEMENT_3D ( 'NONE', #1414, #6589, #6704 ) ;
#4355 = ORIENTED_EDGE ( 'NONE', *, *, #1589, .T. ) ;
#4356 = DIRECTION ( 'NONE',  ( 0.000000000000000000, 0.000000000000000000, 1.000000000000000000 ) ) ;
#4357 = ORIENTED_EDGE ( 'NONE', *, *, #5479, .F. ) ;
#4358 = CARTESIAN_POINT ( 'NONE',  ( 0.3800000000000000044, -9.544999999998998064, 1.249999999998999911 ) ) ;
#4359 = ORIENTED_EDGE ( 'NONE', *, *, #2769, .T. ) ;
#4360 = ORIENTED_EDGE ( 'NONE', *, *, #8411, .T. ) ;
#4361 = ORIENTED_EDGE ( 'NONE', *, *, #10668, .T. ) ;
#4362 = SURFACE_STYLE_FILL_AREA ( #1556 ) ;
#4363 = VERTEX_POINT ( 'NONE', #10516 ) ;
#4364 = DIRECTION ( 'NONE',  ( -1.000000000000000000, 1.284980352574999780E-16, 0.000000000000000000 ) ) ;
#4365 = DIRECTION ( 'NONE',  ( 0.000000000000000000, 1.000000000000000000, 0.000000000000000000 ) ) ;
#4366 = PLANE ( 'NONE',  #2388 ) ;
#4367 = DIRECTION ( 'NONE',  ( 0.000000000000000000, -1.000000000000000000, 0.000000000000000000 ) ) ;
#4368 = CARTESIAN_POINT ( 'NONE',  ( 0.3600000000000000422, -4.830679945108999895, 3.625000000000000000 ) ) ;
#4369 = ORIENTED_EDGE ( 'NONE', *, *, #10868, .T. ) ;
#4370 = LINE ( 'NONE', #1844, #3167 ) ;
#4371 = PRESENTATION_LAYER_ASSIGNMENT (  '', '', ( #7130 ) ) ;
#4372 = ORIENTED_EDGE ( 'NONE', *, *, #7791, .T. ) ;
#4373 = DIRECTION ( 'NONE',  ( -1.000000000000000000, 0.000000000000000000, 1.807003620808999850E-16 ) ) ;
#4374 = VERTEX_POINT ( 'NONE', #1802 ) ;
#4375 = FACE_OUTER_BOUND ( 'NONE', #4180, .T. ) ;
#4376 = PLANE ( 'NONE',  #9447 ) ;
#4377 = DIRECTION ( 'NONE',  ( 0.000000000000000000, -1.000000000000000000, 0.000000000000000000 ) ) ;
#4378 = LINE ( 'NONE', #6052, #11002 ) ;
#4379 = VECTOR ( 'NONE', #9135, 1000.000000000000000 ) ;
#4380 = ORIENTED_EDGE ( 'NONE', *, *, #6526, .T. ) ;
#4381 = CARTESIAN_POINT ( 'NONE',  ( 1.430000000000000160, -2.752668290246999661, 4.273192623120999123 ) ) ;
#4382 = EDGE_CURVE ( 'NONE', #11069, #557, #3588, .T. ) ;
#4383 = DIRECTION ( 'NONE',  ( -0.000000000000000000, 1.000000000000000000, 0.000000000000000000 ) ) ;
#4384 = CARTESIAN_POINT ( 'NONE',  ( -1.280000000000000027, 3.504999999999000249, 0.000000000000000000 ) ) ;
#4385 = ORIENTED_EDGE ( 'NONE', *, *, #5965, .T. ) ;
#4386 = DIRECTION ( 'NONE',  ( -1.704914861736844513E-16, 0.3420201433253704515, -0.9396926207860168967 ) ) ;
#4387 = CARTESIAN_POINT ( 'NONE',  ( -0.09999999999899999992, -2.944999999999999840, -1.600000000000000089 ) ) ;
#4388 = DIRECTION ( 'NONE',  ( 0.000000000000000000, -1.000000000000000000, 0.000000000000000000 ) ) ;
#4389 = CARTESIAN_POINT ( 'NONE',  ( -0.3600000000000000422, -5.330679945108999007, 3.424999999999000178 ) ) ;
#4390 = VERTEX_POINT ( 'NONE', #2499 ) ;
#4391 = EDGE_CURVE ( 'NONE', #8275, #813, #8652, .T. ) ;
#4392 = CARTESIAN_POINT ( 'NONE',  ( 1.580000000000000071, -2.544999999999999485, -1.899999999998999822 ) ) ;
#4393 = ADVANCED_FACE ( 'NONE', ( #8590 ), #7094, .F. ) ;
#4394 = VECTOR ( 'NONE', #10527, 1000.000000000000000 ) ;
#4395 = VERTEX_POINT ( 'NONE', #7035 ) ;
#4396 = FACE_OUTER_BOUND ( 'NONE', #1647, .T. ) ;
#4397 = ORIENTED_EDGE ( 'NONE', *, *, #6585, .T. ) ;
#4398 = ORIENTED_EDGE ( 'NONE', *, *, #1840, .T. ) ;
#4399 = CARTESIAN_POINT ( 'NONE',  ( 0.3499999999989999999, -9.395000000000001350, 7.870000000000000107 ) ) ;
#4400 = EDGE_CURVE ( 'NONE', #3828, #7996, #9495, .T. ) ;
#4402 = AXIS2_PLACEMENT_3D ( 'NONE', #1484, #7805, #10419 ) ;
#4401 = DIRECTION ( 'NONE',  ( 0.000000000000000000, 0.000000000000000000, -1.000000000000000000 ) ) ;
#4403 = VECTOR ( 'NONE', #10514, 1000.000000000000000 ) ;
#4404 = CARTESIAN_POINT ( 'NONE',  ( 0.3599999999990000088, -4.830679945108999895, 2.925000000000000266 ) ) ;
#4405 = VERTEX_POINT ( 'NONE', #10404 ) ;
#4406 = CARTESIAN_POINT ( 'NONE',  ( -0.3600000000000000422, -5.330679945108999007, 7.125000000000000000 ) ) ;
#4407 = EDGE_CURVE ( 'NONE', #995, #8275, #8812, .T. ) ;
#4408 = CARTESIAN_POINT ( 'NONE',  ( 0.3499999999999999778, -8.830679945108999007, 4.125000000000000000 ) ) ;
#4409 = VERTEX_POINT ( 'NONE', #1638 ) ;
#4410 = CARTESIAN_POINT ( 'NONE',  ( 1.279999999998999716, -1.110000000000999743, -0.7048473225369999984 ) ) ;
#4411 = VECTOR ( 'NONE', #11058, 1000.000000000000000 ) ;
#4412 = AXIS2_PLACEMENT_3D ( 'NONE', #3948, #1207, #333 ) ;
#4413 = VERTEX_POINT ( 'NONE', #788 ) ;
#4414 = ORIENTED_EDGE ( 'NONE', *, *, #311, .T. ) ;
#4415 = EDGE_LOOP ( 'NONE', ( #6030, #5347, #9347, #5372 ) ) ;
#4416 = CARTESIAN_POINT ( 'NONE',  ( 0.3600000000000000422, -8.830679945108999007, 5.424999999998999733 ) ) ;
#4417 = VECTOR ( 'NONE', #8857, 1000.000000000000000 ) ;
#4418 = DIRECTION ( 'NONE',  ( 0.000000000000000000, -1.000000000000000000, 0.000000000000000000 ) ) ;
#4419 = ORIENTED_EDGE ( 'NONE', *, *, #6155, .F. ) ;
#4420 = ADVANCED_BREP_SHAPE_REPRESENTATION ( 'TYPE-C-6P-CC', ( #7827, #547, #300, #4032, #396, #8198, #8088, #7958, #241, #4054, #372, #7917, #4289, #4013, #3868 ), #9723 ) ;
#4421 = EDGE_CURVE ( 'NONE', #8723, #10055, #8705, .T. ) ;
#4422 = DIRECTION ( 'NONE',  ( 0.000000000000000000, 0.000000000000000000, -1.000000000000000000 ) ) ;
#4423 = LINE ( 'NONE', #7068, #9523 ) ;
#4424 = FACE_OUTER_BOUND ( 'NONE', #8205, .T. ) ;
#4425 = CARTESIAN_POINT ( 'NONE',  ( 0.3599999999990000088, -2.944999999999999840, -6.446060001586000578E-17 ) ) ;
#4426 = DIRECTION ( 'NONE',  ( -1.000000000000000000, 0.000000000000000000, 0.000000000000000000 ) ) ;
#4427 = AXIS2_PLACEMENT_3D ( 'NONE', #437, #3079, #6586 ) ;
#4428 = AXIS2_PLACEMENT_3D ( 'NONE', #6273, #1222, #8226 ) ;
#4429 = VECTOR ( 'NONE', #921, 1000.000000000000000 ) ;
#4430 = ORIENTED_EDGE ( 'NONE', *, *, #3898, .F. ) ;
#4431 = LINE ( 'NONE', #3569, #10669 ) ;
#4432 = ORIENTED_EDGE ( 'NONE', *, *, #4525, .T. ) ;
#4433 = ADVANCED_FACE ( 'NONE', ( #9555 ), #840, .T. ) ;
#4434 = CARTESIAN_POINT ( 'NONE',  ( -0.3499999999989999999, -2.944999999999999840, -6.324512672832001141E-17 ) ) ;
#4435 = AXIS2_PLACEMENT_3D ( 'NONE', #9560, #8763, #3477 ) ;
#4436 = ORIENTED_EDGE ( 'NONE', *, *, #5681, .F. ) ;
#4437 = VECTOR ( 'NONE', #265, 1000.000000000000000 ) ;
#4438 = EDGE_CURVE ( 'NONE', #1856, #7192, #4674, .T. ) ;
#4439 = DIRECTION ( 'NONE',  ( 0.000000000000000000, 0.000000000000000000, -1.000000000000000000 ) ) ;
#4440 = DIRECTION ( 'NONE',  ( 0.000000000000000000, -1.734723475976000090E-15, 1.000000000000000000 ) ) ;
#4441 = DIRECTION ( 'NONE',  ( 0.000000000000000000, -1.000000000000000000, 0.000000000000000000 ) ) ;
#4442 = DIRECTION ( 'NONE',  ( -4.861730685828999686E-63, 1.000000000000000000, 1.219828459165000025E-15 ) ) ;
#4444 = VERTEX_POINT ( 'NONE', #7321 ) ;
#4443 = AXIS2_PLACEMENT_3D ( 'NONE', #5584, #1275, #10319 ) ;
#4445 = CARTESIAN_POINT ( 'NONE',  ( -1.580000000000000071, -2.544999999999999485, -1.899999999998999822 ) ) ;
#4446 = LINE ( 'NONE', #7951, #9567 ) ;
#4447 = CARTESIAN_POINT ( 'NONE',  ( 1.280000000000000027, -6.942054513798999515, 3.302116894274999659 ) ) ;
#4448 = VERTEX_POINT ( 'NONE', #8931 ) ;
#4449 = DIRECTION ( 'NONE',  ( -1.000000000000000000, 0.000000000000000000, 0.000000000000000000 ) ) ;
#4450 = DIRECTION ( 'NONE',  ( -1.000000000000000000, 1.239088197125999924E-16, 0.000000000000000000 ) ) ;
#4451 = DIRECTION ( 'NONE',  ( 0.000000000000000000, 1.000000000000000000, 0.000000000000000000 ) ) ;
#4452 = FACE_OUTER_BOUND ( 'NONE', #1447, .T. ) ;
#4453 = EDGE_CURVE ( 'NONE', #3439, #8723, #3009, .T. ) ;
#4454 = EDGE_LOOP ( 'NONE', ( #9745, #4010, #7320, #2202 ) ) ;
#4455 = FACE_OUTER_BOUND ( 'NONE', #1348, .T. ) ;
#4456 = ORIENTED_EDGE ( 'NONE', *, *, #9452, .T. ) ;
#4457 = LINE ( 'NONE', #3599, #2932 ) ;
#4458 = ORIENTED_EDGE ( 'NONE', *, *, #1057, .F. ) ;
#4459 = ORIENTED_EDGE ( 'NONE', *, *, #6014, .F. ) ;
#4460 = DIRECTION ( 'NONE',  ( 0.000000000000000000, 1.000000000000000000, 0.000000000000000000 ) ) ;
#4461 = DIRECTION ( 'NONE',  ( -1.000000000000000000, 1.239088197125999924E-16, 0.000000000000000000 ) ) ;
#4462 = ADVANCED_FACE ( 'NONE', ( #3805 ), #3640, .T. ) ;
#4463 = VECTOR ( 'NONE', #5310, 1000.000000000000000 ) ;
#4464 = EDGE_CURVE ( 'NONE', #9615, #7931, #8068, .T. ) ;
#4465 = DIRECTION ( 'NONE',  ( 1.000000000000000000, 0.000000000000000000, 0.000000000000000000 ) ) ;
#4466 = AXIS2_PLACEMENT_3D ( 'NONE', #4100, #606, #426 ) ;
#4467 = ORIENTED_EDGE ( 'NONE', *, *, #1596, .F. ) ;
#4468 = VECTOR ( 'NONE', #4418, 1000.000000000000000 ) ;
#4469 = DIRECTION ( 'NONE',  ( 0.000000000000000000, 1.000000000000000000, 0.000000000000000000 ) ) ;
#4470 = FACE_BOUND ( 'NONE', #1667, .T. ) ;
#4471 = ORIENTED_EDGE ( 'NONE', *, *, #8163, .T. ) ;
#4472 = CARTESIAN_POINT ( 'NONE',  ( 1.280000000000000027, 3.504999999999000249, 4.915278589676999488 ) ) ;
#4473 = EDGE_LOOP ( 'NONE', ( #5627, #5038, #2397, #11148 ) ) ;
#4474 = ORIENTED_EDGE ( 'NONE', *, *, #9511, .F. ) ;
#4475 = VERTEX_POINT ( 'NONE', #8870 ) ;
#4476 = PLANE ( 'NONE',  #5400 ) ;
#4477 = FACE_OUTER_BOUND ( 'NONE', #2917, .T. ) ;
#4478 = VECTOR ( 'NONE', #4057, 1000.000000000000000 ) ;
#4479 = EDGE_LOOP ( 'NONE', ( #5390, #6848, #5923, #10217 ) ) ;
#4480 = LINE ( 'NONE', #9916, #10519 ) ;
#4481 = CARTESIAN_POINT ( 'NONE',  ( 1.580000000000000071, -2.194999999999999840, -1.899999999998999822 ) ) ;
#4482 = PLANE ( 'NONE',  #2762 ) ;
#4483 = DIRECTION ( 'NONE',  ( -1.000000000000000000, 0.000000000000000000, 0.000000000000000000 ) ) ;
#4484 = ADVANCED_FACE ( 'NONE', ( #2784 ), #3753, .F. ) ;
#4485 = VECTOR ( 'NONE', #5575, 1000.000000000000000 ) ;
#4486 = PLANE ( 'NONE',  #8270 ) ;
#4487 = ORIENTED_EDGE ( 'NONE', *, *, #11029, .T. ) ;
#4488 = DIRECTION ( 'NONE',  ( 0.000000000000000000, 0.000000000000000000, 1.000000000000000000 ) ) ;
#4489 = EDGE_CURVE ( 'NONE', #2291, #9733, #10689, .T. ) ;
#4490 = VECTOR ( 'NONE', #3666, 1000.000000000000114 ) ;
#4491 = ORIENTED_EDGE ( 'NONE', *, *, #320, .F. ) ;
#4492 = LINE ( 'NONE', #5288, #2953 ) ;
#4493 = VECTOR ( 'NONE', #3641, 1000.000000000000000 ) ;
#4494 = VERTEX_POINT ( 'NONE', #2840 ) ;
#4495 = CARTESIAN_POINT ( 'NONE',  ( 1.580000000000000071, -3.894999999999999574, 1.249999999998999911 ) ) ;
#4496 = DIRECTION ( 'NONE',  ( 0.000000000000000000, 0.000000000000000000, -1.000000000000000000 ) ) ;
#4497 = FACE_OUTER_BOUND ( 'NONE', #8429, .T. ) ;
#4498 = EDGE_CURVE ( 'NONE', #5716, #6305, #1230, .T. ) ;
#4499 = VECTOR ( 'NONE', #714, 1000.000000000000000 ) ;
#4500 = EDGE_CURVE ( 'NONE', #3721, #4292, #5362, .T. ) ;
#4501 = ORIENTED_EDGE ( 'NONE', *, *, #645, .T. ) ;
#4502 = DIRECTION ( 'NONE',  ( 0.000000000000000000, -1.000000000000000000, 0.000000000000000000 ) ) ;
#4503 = LINE ( 'NONE', #4554, #1144 ) ;
#4504 = DIRECTION ( 'NONE',  ( -1.000000000000000000, 0.000000000000000000, 0.000000000000000000 ) ) ;
#4505 = VERTEX_POINT ( 'NONE', #6281 ) ;
#4506 = CARTESIAN_POINT ( 'NONE',  ( -2.039530102007999890, -7.816610196909000940, 2.599999999999000000 ) ) ;
#4507 = LINE ( 'NONE', #1175, #6328 ) ;
#4508 = VECTOR ( 'NONE', #5488, 1000.000000000000000 ) ;
#4509 = DIRECTION ( 'NONE',  ( 0.000000000000000000, -0.9969206697117135585, 0.07841669657380687108 ) ) ;
#4510 = FACE_OUTER_BOUND ( 'NONE', #1252, .T. ) ;
#4511 = VERTEX_POINT ( 'NONE', #2951 ) ;
#4512 = LINE ( 'NONE', #1017, #1501 ) ;
#4513 = ORIENTED_EDGE ( 'NONE', *, *, #11122, .T. ) ;
#4514 = DIRECTION ( 'NONE',  ( 0.000000000000000000, -1.000000000000000000, 2.168404344971000240E-16 ) ) ;
#4515 = EDGE_CURVE ( 'NONE', #1032, #10945, #4621, .T. ) ;
#4516 = ORIENTED_EDGE ( 'NONE', *, *, #11285, .T. ) ;
#4517 = DIRECTION ( 'NONE',  ( -0.8990754936489593341, -0.4377936234344672051, -4.746567976289071596E-16 ) ) ;
#4518 = CARTESIAN_POINT ( 'NONE',  ( -1.580000000000000071, -7.894999999999999574, 2.249999999998999911 ) ) ;
#4519 = CARTESIAN_POINT ( 'NONE',  ( 1.080000000000000071, 3.704999999998999982, 0.4000000000000000222 ) ) ;
#4520 = ORIENTED_EDGE ( 'NONE', *, *, #2846, .T. ) ;
#4521 = DIRECTION ( 'NONE',  ( -1.807003620808999850E-16, 0.000000000000000000, 1.000000000000000000 ) ) ;
#4522 = DIRECTION ( 'NONE',  ( -1.215473287538999910E-16, 2.168404344971000240E-16, 1.000000000000000000 ) ) ;
#4523 = VERTEX_POINT ( 'NONE', #1064 ) ;
#4524 = DIRECTION ( 'NONE',  ( 0.000000000000000000, 0.3420201433253704515, -0.9396926207860168967 ) ) ;
#4525 = EDGE_CURVE ( 'NONE', #1264, #10410, #5588, .T. ) ;
#4526 = ORIENTED_EDGE ( 'NONE', *, *, #6155, .T. ) ;
#4527 = VERTEX_POINT ( 'NONE', #9885 ) ;
#4528 = ORIENTED_EDGE ( 'NONE', *, *, #619, .F. ) ;
#4529 = LINE ( 'NONE', #3829, #8362 ) ;
#4530 = DIRECTION ( 'NONE',  ( 0.000000000000000000, -1.000000000000000000, -1.084202172484999957E-15 ) ) ;
#4531 = VERTEX_POINT ( 'NONE', #5423 ) ;
#4532 = DIRECTION ( 'NONE',  ( 0.8990754936489593341, -0.4377936234344672606, -4.746567976289070610E-16 ) ) ;
#4533 = DIRECTION ( 'NONE',  ( -1.284980352574999780E-16, -1.000000000000000000, -1.734723475976000090E-15 ) ) ;
#4534 = LINE ( 'NONE', #3785, #2950 ) ;
#4535 = LINE ( 'NONE', #7071, #1994 ) ;
#4536 = CARTESIAN_POINT ( 'NONE',  ( -1.280000000000000027, -3.894999999999999574, -7.830300121961999871 ) ) ;
#4537 = ORIENTED_EDGE ( 'NONE', *, *, #4391, .F. ) ;
#4538 = LINE ( 'NONE', #9020, #4322 ) ;
#4539 = ORIENTED_EDGE ( 'NONE', *, *, #4958, .T. ) ;
#4540 = EDGE_CURVE ( 'NONE', #3791, #10536, #9093, .T. ) ;
#4541 = EDGE_CURVE ( 'NONE', #9565, #9607, #9833, .T. ) ;
#4542 = EDGE_LOOP ( 'NONE', ( #6232, #3036, #8442, #6541 ) ) ;
#4543 = LINE ( 'NONE', #172, #5523 ) ;
#4544 = ORIENTED_EDGE ( 'NONE', *, *, #7139, .T. ) ;
#4545 = PLANE ( 'NONE',  #8876 ) ;
#4546 = PLANE ( 'NONE',  #90 ) ;
#4547 = DIRECTION ( 'NONE',  ( -1.000000000000000000, 0.000000000000000000, 0.000000000000000000 ) ) ;
#4548 = EDGE_CURVE ( 'NONE', #5418, #912, #1981, .T. ) ;
#4549 = LINE ( 'NONE', #2887, #8096 ) ;
#4550 = CARTESIAN_POINT ( 'NONE',  ( -0.1000000000000000056, -2.295000000001000018, -1.600000000000000089 ) ) ;
#4551 = VECTOR ( 'NONE', #6398, 1000.000000000000000 ) ;
#4552 = EDGE_LOOP ( 'NONE', ( #11259, #8294, #2678, #3235 ) ) ;
#4553 = DIRECTION ( 'NONE',  ( -0.000000000000000000, 1.000000000000000000, 0.000000000000000000 ) ) ;
#4554 = CARTESIAN_POINT ( 'NONE',  ( -1.279999999998999716, -1.545000000000999796, -1.899999999998999822 ) ) ;
#4555 = ADVANCED_FACE ( 'NONE', ( #8013 ), #5474, .T. ) ;
#4556 = PLANE ( 'NONE',  #7898 ) ;
#4557 = ORIENTED_EDGE ( 'NONE', *, *, #10777, .F. ) ;
#4558 = CARTESIAN_POINT ( 'NONE',  ( 0.3499999999999999778, -4.830679945108999895, 6.125000000000000000 ) ) ;
#4559 = LINE ( 'NONE', #81, #7610 ) ;
#4560 = EDGE_CURVE ( 'NONE', #8834, #1344, #8128, .T. ) ;
#4561 = CARTESIAN_POINT ( 'NONE',  ( -0.3499999999999999778, -8.830679945108999007, 6.924999999999999822 ) ) ;
#4562 = EDGE_CURVE ( 'NONE', #2861, #4937, #1863, .T. ) ;
#4563 = VECTOR ( 'NONE', #7834, 1000.000000000000000 ) ;
#4564 = FACE_OUTER_BOUND ( 'NONE', #6779, .T. ) ;
#4565 = ORIENTED_EDGE ( 'NONE', *, *, #7242, .F. ) ;
#4566 = CARTESIAN_POINT ( 'NONE',  ( -0.3600000000000000422, -5.330679945108999007, 7.424999999999999822 ) ) ;
#4567 = VECTOR ( 'NONE', #6661, 1000.000000000000000 ) ;
#4568 = EDGE_LOOP ( 'NONE', ( #7248, #2113, #3739, #7469 ) ) ;
#4569 = CARTESIAN_POINT ( 'NONE',  ( -1.279999999998999716, 2.554188695136000664, 0.05000000000000000278 ) ) ;
#4570 = ORIENTED_EDGE ( 'NONE', *, *, #281, .F. ) ;
#4571 = DIRECTION ( 'NONE',  ( 0.000000000000000000, 1.000000000000000000, 0.000000000000000000 ) ) ;
#4572 = EDGE_CURVE ( 'NONE', #400, #775, #9144, .T. ) ;
#4573 = EDGE_CURVE ( 'NONE', #6471, #813, #4782, .T. ) ;
#4574 = CARTESIAN_POINT ( 'NONE',  ( 0.3600000000000000422, -2.944999999999999840, -1.215473287539000010E-18 ) ) ;
#4575 = DIRECTION ( 'NONE',  ( 1.000000000000000000, 0.000000000000000000, 0.000000000000000000 ) ) ;
#4576 = AXIS2_PLACEMENT_3D ( 'NONE', #10604, #6257, #9753 ) ;
#4577 = ORIENTED_EDGE ( 'NONE', *, *, #2817, .T. ) ;
#4578 = LINE ( 'NONE', #8944, #1347 ) ;
#4579 = DIRECTION ( 'NONE',  ( 0.000000000000000000, -1.000000000000000000, 0.000000000000000000 ) ) ;
#4580 = ORIENTED_EDGE ( 'NONE', *, *, #4740, .F. ) ;
#4581 = DIRECTION ( 'NONE',  ( 1.000000000000000000, 0.000000000000000000, 0.000000000000000000 ) ) ;
#4582 = EDGE_LOOP ( 'NONE', ( #3899, #8965, #7753, #9760, #6536, #10937, #52, #712, #9784, #7158, #7178, #1534 ) ) ;
#4583 = ORIENTED_EDGE ( 'NONE', *, *, #1940, .T. ) ;
#4584 = EDGE_LOOP ( 'NONE', ( #4380, #8245, #10471, #4760 ) ) ;
#4585 = CARTESIAN_POINT ( 'NONE',  ( -1.280000000000000027, -7.894999999999999574, 3.749999999998999911 ) ) ;
#4586 = CARTESIAN_POINT ( 'NONE',  ( 0.1000000000000000056, 0.3049999999990000710, -1.600000000000000089 ) ) ;
#4587 = CARTESIAN_POINT ( 'NONE',  ( 1.280000000000000027, -6.198188976494999558, 2.756394760565000102 ) ) ;
#4588 = CARTESIAN_POINT ( 'NONE',  ( -1.279999999998999716, -1.545811304863999647, 0.2999999999999999889 ) ) ;
#4589 = VECTOR ( 'NONE', #9729, 1000.000000000000000 ) ;
#4590 = DIRECTION ( 'NONE',  ( -1.239088197125999924E-16, -1.000000000000000000, 0.000000000000000000 ) ) ;
#4591 = LINE ( 'NONE', #7244, #7872 ) ;
#4592 = LINE ( 'NONE', #4651, #7717 ) ;
#4593 = EDGE_CURVE ( 'NONE', #3099, #7676, #6567, .T. ) ;
#4594 = AXIS2_PLACEMENT_3D ( 'NONE', #2759, #6260, #10553 ) ;
#4595 = ORIENTED_EDGE ( 'NONE', *, *, #4245, .F. ) ;
#4596 = AXIS2_PLACEMENT_3D ( 'NONE', #2815, #4590, #5340 ) ;
#4597 = CARTESIAN_POINT ( 'NONE',  ( -0.3499999999989999999, -4.830679945108999895, 3.625000000000000000 ) ) ;
#4598 = VECTOR ( 'NONE', #4947, 1000.000000000000000 ) ;
#4599 = EDGE_LOOP ( 'NONE', ( #4791, #8271, #8565, #3138 ) ) ;
#4600 = ORIENTED_EDGE ( 'NONE', *, *, #8190, .T. ) ;
#4601 = ORIENTED_EDGE ( 'NONE', *, *, #9379, .F. ) ;
#4602 = DIRECTION ( 'NONE',  ( -1.807003620808999850E-16, 0.000000000000000000, -1.000000000000000000 ) ) ;
#4603 = ORIENTED_EDGE ( 'NONE', *, *, #7156, .F. ) ;
#4604 = DIRECTION ( 'NONE',  ( 0.000000000000000000, 0.000000000000000000, -1.000000000000000000 ) ) ;
#4605 = CARTESIAN_POINT ( 'NONE',  ( 1.280000000000000027, -8.294999999999999929, 3.399999999998999822 ) ) ;
#4606 = AXIS2_PLACEMENT_3D ( 'NONE', #9220, #9277, #2217 ) ;
#4607 = CARTESIAN_POINT ( 'NONE',  ( 1.580000000000000071, -8.294999999999999929, 2.599999999999000000 ) ) ;
#4608 = AXIS2_PLACEMENT_3D ( 'NONE', #2939, #8863, #240 ) ;
#4609 = MECHANICAL_DESIGN_GEOMETRIC_PRESENTATION_REPRESENTATION (  '', ( #4240 ), #8649 ) ;
#4610 = DIRECTION ( 'NONE',  ( -1.299091332659999954E-16, -1.000000000000000000, 0.000000000000000000 ) ) ;
#4611 = EDGE_CURVE ( 'NONE', #269, #6167, #8464, .T. ) ;
#4612 = EDGE_CURVE ( 'NONE', #9866, #5178, #11136, .T. ) ;
#4613 = DIRECTION ( 'NONE',  ( -1.000000000000000000, 0.000000000000000000, 7.132909029508998382E-17 ) ) ;
#4614 = ORIENTED_EDGE ( 'NONE', *, *, #5658, .T. ) ;
#4615 = DIRECTION ( 'NONE',  ( 1.000000000000000000, 0.000000000000000000, 1.215473287538999910E-16 ) ) ;
#4616 = FACE_OUTER_BOUND ( 'NONE', #6275, .T. ) ;
#4617 = EDGE_CURVE ( 'NONE', #1218, #443, #10912, .T. ) ;
#4618 = VECTOR ( 'NONE', #2403, 1000.000000000000000 ) ;
#4619 = DIRECTION ( 'NONE',  ( 0.000000000000000000, 0.000000000000000000, -1.000000000000000000 ) ) ;
#4620 = ORIENTED_EDGE ( 'NONE', *, *, #6390, .F. ) ;
#4621 = LINE ( 'NONE', #6396, #9771 ) ;
#4622 = CARTESIAN_POINT ( 'NONE',  ( 0.3800000000000000044, -3.894999999999999574, 0.3499999999989999999 ) ) ;
#4623 = CARTESIAN_POINT ( 'NONE',  ( 0.3499999999999999778, -5.330679945108999007, 5.625000000000000000 ) ) ;
#4624 = EDGE_CURVE ( 'NONE', #5616, #1633, #11024, .T. ) ;
#4625 = VECTOR ( 'NONE', #6278, 1000.000000000000000 ) ;
#4626 = ORIENTED_EDGE ( 'NONE', *, *, #2565, .T. ) ;
#4627 = CARTESIAN_POINT ( 'NONE',  ( 1.580000000000000071, 2.385829949784000537, 4.134721410322000246 ) ) ;
#4628 = ADVANCED_FACE ( 'NONE', ( #2146 ), #9258, .T. ) ;
#4629 = ORIENTED_EDGE ( 'NONE', *, *, #6039, .T. ) ;
#4630 = FACE_OUTER_BOUND ( 'NONE', #1679, .T. ) ;
#4631 = ORIENTED_EDGE ( 'NONE', *, *, #2999, .F. ) ;
#4632 = LINE ( 'NONE', #8139, #10181 ) ;
#4633 = CIRCLE ( 'NONE', #7022, 0.8999999999989997113 ) ;
#4634 = DIRECTION ( 'NONE',  ( 0.000000000000000000, 0.000000000000000000, -1.000000000000000000 ) ) ;
#4635 = DIRECTION ( 'NONE',  ( 0.000000000000000000, 1.000000000000000000, 2.168404344971000191E-15 ) ) ;
#4636 = EDGE_CURVE ( 'NONE', #7949, #8614, #3970, .T. ) ;
#4637 = ORIENTED_EDGE ( 'NONE', *, *, #8769, .F. ) ;
#4638 = LINE ( 'NONE', #7169, #11235 ) ;
#4639 = EDGE_CURVE ( 'NONE', #4203, #5573, #6684, .T. ) ;
#4640 = ORIENTED_EDGE ( 'NONE', *, *, #5651, .T. ) ;
#4641 = DIRECTION ( 'NONE',  ( 2.487778908865945165E-16, -0.5000000000001899592, 0.8660254037843289066 ) ) ;
#4642 = ORIENTED_EDGE ( 'NONE', *, *, #9857, .F. ) ;
#4643 = ORIENTED_EDGE ( 'NONE', *, *, #2108, .T. ) ;
#4644 = ORIENTED_EDGE ( 'NONE', *, *, #1410, .F. ) ;
#4645 = LINE ( 'NONE', #9009, #2677 ) ;
#4646 = LINE ( 'NONE', #9806, #4975 ) ;
#4647 = LINE ( 'NONE', #5337, #3745 ) ;
#4648 = CARTESIAN_POINT ( 'NONE',  ( 0.3499999999999999778, -8.830679945108999007, 2.625000000000000000 ) ) ;
#4649 = DIRECTION ( 'NONE',  ( -1.000000000000000000, 0.000000000000000000, 0.000000000000000000 ) ) ;
#4650 = FACE_OUTER_BOUND ( 'NONE', #8111, .T. ) ;
#4651 = CARTESIAN_POINT ( 'NONE',  ( -1.279999999998999716, -3.594999999999999751, 1.249999999998999911 ) ) ;
#4652 = VECTOR ( 'NONE', #133, 1000.000000000000000 ) ;
#4653 = ORIENTED_EDGE ( 'NONE', *, *, #2704, .F. ) ;
#4654 = CARTESIAN_POINT ( 'NONE',  ( -1.579999999998999982, -9.694999999999998508, 0.1999999999990000055 ) ) ;
#4655 = VERTEX_POINT ( 'NONE', #4838 ) ;
#4656 = VECTOR ( 'NONE', #7536, 1000.000000000000000 ) ;
#4657 =( GEOMETRIC_REPRESENTATION_CONTEXT ( 3 ) GLOBAL_UNCERTAINTY_ASSIGNED_CONTEXT ( ( #9838 ) ) GLOBAL_UNIT_ASSIGNED_CONTEXT ( ( #6024, #5216, #6831 ) ) REPRESENTATION_CONTEXT ( 'NONE', 'WORKASPACE' ) );
#4658 = VERTEX_POINT ( 'NONE', #3061 ) ;
#4659 = CARTESIAN_POINT ( 'NONE',  ( 0.3599999999990000088, -4.829526559172999889, 2.124913496054000372 ) ) ;
#4660 = ORIENTED_EDGE ( 'NONE', *, *, #7144, .T. ) ;
#4661 = ADVANCED_FACE ( 'NONE', ( #6739 ), #4092, .T. ) ;
#4662 = AXIS2_PLACEMENT_3D ( 'NONE', #9929, #123, #4604 ) ;
#4663 = CARTESIAN_POINT ( 'NONE',  ( 1.279999999998999716, 2.554188695136000664, 0.2999999999999999889 ) ) ;
#4664 = CARTESIAN_POINT ( 'NONE',  ( 0.3499999999999999778, -4.830679945108999895, 4.125000000000000000 ) ) ;
#4665 = SURFACE_STYLE_USAGE ( .BOTH. , #5414 ) ;
#4666 = DIRECTION ( 'NONE',  ( 0.000000000000000000, 1.000000000000000000, 2.168404344971000191E-15 ) ) ;
#4667 = AXIS2_PLACEMENT_3D ( 'NONE', #684, #10311, #9403 ) ;
#4668 = CARTESIAN_POINT ( 'NONE',  ( -1.580000000000000071, -3.694999999999999396, 4.383769826401000991 ) ) ;
#4669 = LINE ( 'NONE', #5297, #9599 ) ;
#4670 = CARTESIAN_POINT ( 'NONE',  ( -0.3499999999999999778, -4.830679945108999895, 3.924999999999999822 ) ) ;
#4671 = DIRECTION ( 'NONE',  ( 0.000000000000000000, -7.223848540581000097E-16, -1.000000000000000000 ) ) ;
#4672 = EDGE_LOOP ( 'NONE', ( #1881, #2989, #10321, #7267 ) ) ;
#4673 = EDGE_CURVE ( 'NONE', #4233, #4120, #600, .T. ) ;
#4674 = LINE ( 'NONE', #2896, #5566 ) ;
#4675 = CARTESIAN_POINT ( 'NONE',  ( 1.280000000000000027, -3.894999999999999574, 8.000000000000000000 ) ) ;
#4676 = DIRECTION ( 'NONE',  ( 0.000000000000000000, 1.000000000000000000, 0.000000000000000000 ) ) ;
#4677 = AXIS2_PLACEMENT_3D ( 'NONE', #1755, #3421, #3471 ) ;
#4678 = ORIENTED_EDGE ( 'NONE', *, *, #6045, .F. ) ;
#4679 = PLANE ( 'NONE',  #3367 ) ;
#4680 = ORIENTED_EDGE ( 'NONE', *, *, #1737, .F. ) ;
#4681 = DIRECTION ( 'NONE',  ( -1.000000000000000000, 0.000000000000000000, 0.000000000000000000 ) ) ;
#4682 = VECTOR ( 'NONE', #11126, 1000.000000000000000 ) ;
#4683 = ORIENTED_EDGE ( 'NONE', *, *, #10504, .T. ) ;
#4684 = EDGE_CURVE ( 'NONE', #10966, #9843, #4895, .T. ) ;
#4685 = ADVANCED_FACE ( 'NONE', ( #2195 ), #4026, .T. ) ;
#4686 = LINE ( 'NONE', #6409, #5243 ) ;
#4687 = VECTOR ( 'NONE', #635, 1000.000000000000000 ) ;
#4688 = LINE ( 'NONE', #4738, #2598 ) ;
#4689 = ADVANCED_FACE ( 'NONE', ( #8350 ), #2370, .F. ) ;
#4690 = CARTESIAN_POINT ( 'NONE',  ( -1.579999999998999982, 1.555811304863000011, 0.2999999999999999889 ) ) ;
#4691 = VECTOR ( 'NONE', #10367, 1000.000000000000000 ) ;
#4692 = VERTEX_POINT ( 'NONE', #7660 ) ;
#4693 = PLANE ( 'NONE',  #10324 ) ;
#4694 = ORIENTED_EDGE ( 'NONE', *, *, #6602, .T. ) ;
#4695 = CARTESIAN_POINT ( 'NONE',  ( -0.3799999999990000266, -3.894999999999999574, 0.3499999999989999999 ) ) ;
#4696 = ORIENTED_EDGE ( 'NONE', *, *, #11137, .F. ) ;
#4697 = EDGE_CURVE ( 'NONE', #4, #5218, #5015, .T. ) ;
#4698 = ORIENTED_EDGE ( 'NONE', *, *, #8438, .F. ) ;
#4699 = VERTEX_POINT ( 'NONE', #4152 ) ;
#4700 = LINE ( 'NONE', #330, #2121 ) ;
#4701 = LINE ( 'NONE', #10083, #262 ) ;
#4702 = CARTESIAN_POINT ( 'NONE',  ( -0.3499999999989999999, -8.830679945108999007, 3.625000000000000000 ) ) ;
#4703 = ADVANCED_FACE ( 'NONE', ( #478 ), #3289, .F. ) ;
#4704 = CARTESIAN_POINT ( 'NONE',  ( -0.5396645151600001356, 3.804999999999000071, 4.134721410322000246 ) ) ;
#4705 = CARTESIAN_POINT ( 'NONE',  ( 0.3600000000000000422, -4.830679945108999895, 5.125000000000000000 ) ) ;
#4706 = ADVANCED_FACE ( 'NONE', ( #7945, #68, #881 ), #5291, .F. ) ;
#4707 = DIRECTION ( 'NONE',  ( -1.807003620808999850E-16, 0.000000000000000000, 1.000000000000000000 ) ) ;
#4708 = ORIENTED_EDGE ( 'NONE', *, *, #2484, .T. ) ;
#4709 = DIRECTION ( 'NONE',  ( -1.000000000000000000, 1.284980352574999780E-16, 0.000000000000000000 ) ) ;
#4710 = ORIENTED_EDGE ( 'NONE', *, *, #986, .F. ) ;
#4711 = ORIENTED_EDGE ( 'NONE', *, *, #8007, .F. ) ;
#4712 = DIRECTION ( 'NONE',  ( -1.000000000000000000, 1.239088197125999924E-16, 0.000000000000000000 ) ) ;
#4713 = ORIENTED_EDGE ( 'NONE', *, *, #9482, .F. ) ;
#4714 = DIRECTION ( 'NONE',  ( -0.8990754936489593341, -0.4377936234344672051, -4.746567976289071596E-16 ) ) ;
#4715 = DIRECTION ( 'NONE',  ( 0.000000000000000000, -1.000000000000000000, 0.000000000000000000 ) ) ;
#4716 = SURFACE_SIDE_STYLE ('',( #10214 ) ) ;
#4717 = PLANE ( 'NONE',  #1490 ) ;
#4718 = CARTESIAN_POINT ( 'NONE',  ( -0.3799999999990000266, -9.544999999998998064, 0.3499999999989999999 ) ) ;
#4719 = PLANE ( 'NONE',  #1904 ) ;
#4720 = CARTESIAN_POINT ( 'NONE',  ( 0.1000000000000000056, 0.3049999999990000710, 0.000000000000000000 ) ) ;
#4721 = FACE_BOUND ( 'NONE', #10318, .T. ) ;
#4722 = CARTESIAN_POINT ( 'NONE',  ( -0.3599999999990000088, -4.829526559172999889, 2.124913496054000372 ) ) ;
#4723 = VERTEX_POINT ( 'NONE', #6794 ) ;
#4724 = CARTESIAN_POINT ( 'NONE',  ( 0.3499999999999999778, -5.330679945108999007, 7.125000000000000000 ) ) ;
#4725 = CARTESIAN_POINT ( 'NONE',  ( 1.580000000000000071, -2.544999999999999485, -1.899999999998999822 ) ) ;
#4726 = CARTESIAN_POINT ( 'NONE',  ( 1.280000000000000027, 3.504999999999000249, -7.830300121961999871 ) ) ;
#4727 = CARTESIAN_POINT ( 'NONE',  ( -1.280000000000000027, -7.894999999999999574, 6.749999999998999911 ) ) ;
#4728 = ADVANCED_FACE ( 'NONE', ( #4375 ), #8580, .F. ) ;
#4729 = ORIENTED_EDGE ( 'NONE', *, *, #10618, .T. ) ;
#4730 = DIRECTION ( 'NONE',  ( 1.112825628694423101E-16, -0.8660254037843290176, 0.5000000000001900702 ) ) ;
#4731 = LINE ( 'NONE', #10121, #11230 ) ;
#4732 = ORIENTED_EDGE ( 'NONE', *, *, #6508, .F. ) ;
#4733 = LINE ( 'NONE', #2850, #3118 ) ;
#4734 = EDGE_LOOP ( 'NONE', ( #9872, #5711, #9047, #4183 ) ) ;
#4735 = VECTOR ( 'NONE', #5241, 1000.000000000000000 ) ;
#4736 = DIRECTION ( 'NONE',  ( 0.000000000000000000, -1.000000000000000000, 0.000000000000000000 ) ) ;
#4737 = ORIENTED_EDGE ( 'NONE', *, *, #8806, .F. ) ;
#4738 = CARTESIAN_POINT ( 'NONE',  ( 1.280000000000000027, -7.894999999999999574, 3.749999999998999911 ) ) ;
#4739 = CARTESIAN_POINT ( 'NONE',  ( -1.579999999998999982, 2.989999999999000568, -0.7048473225369999984 ) ) ;
#4740 = EDGE_CURVE ( 'NONE', #8728, #9639, #5993, .T. ) ;
#4741 = ADVANCED_FACE ( 'NONE', ( #2428 ), #1686, .F. ) ;
#4742 = VECTOR ( 'NONE', #11241, 1000.000000000000114 ) ;
#4743 = ORIENTED_EDGE ( 'NONE', *, *, #10789, .F. ) ;
#4744 = CARTESIAN_POINT ( 'NONE',  ( -0.3499999999999999778, -4.830679945108999895, 6.924999999999999822 ) ) ;
#4745 = ORIENTED_EDGE ( 'NONE', *, *, #11192, .T. ) ;
#4746 = FACE_OUTER_BOUND ( 'NONE', #4849, .T. ) ;
#4747 = EDGE_LOOP ( 'NONE', ( #3495, #5133, #9884, #7724 ) ) ;
#4748 = ADVANCED_FACE ( 'NONE', ( #7715 ), #11306, .T. ) ;
#4749 = ORIENTED_EDGE ( 'NONE', *, *, #5741, .T. ) ;
#4750 = VERTEX_POINT ( 'NONE', #9539 ) ;
#4751 = PLANE ( 'NONE',  #6714 ) ;
#4752 = DIRECTION ( 'NONE',  ( 1.000000000000000000, 0.000000000000000000, 0.000000000000000000 ) ) ;
#4753 = AXIS2_PLACEMENT_3D ( 'NONE', #8419, #551, #7619 ) ;
#4754 = CARTESIAN_POINT ( 'NONE',  ( 0.3600000000000000422, -8.830679945108999007, 5.424999999998999733 ) ) ;
#4755 = FACE_OUTER_BOUND ( 'NONE', #8138, .T. ) ;
#4756 = DIRECTION ( 'NONE',  ( 1.000000000000000000, 0.000000000000000000, 1.215473287538999910E-16 ) ) ;
#4757 = EDGE_CURVE ( 'NONE', #10063, #2207, #6962, .T. ) ;
#4758 = ORIENTED_EDGE ( 'NONE', *, *, #8978, .F. ) ;
#4759 = LINE ( 'NONE', #4654, #2124 ) ;
#4760 = ORIENTED_EDGE ( 'NONE', *, *, #9670, .T. ) ;
#4761 = ADVANCED_FACE ( 'NONE', ( #713 ), #8799, .F. ) ;
#4762 = EDGE_LOOP ( 'NONE', ( #10265, #2717, #3388, #931 ) ) ;
#4763 = ORIENTED_EDGE ( 'NONE', *, *, #2807, .F. ) ;
#4764 = VECTOR ( 'NONE', #9787, 1000.000000000000000 ) ;
#4765 = FACE_OUTER_BOUND ( 'NONE', #9395, .T. ) ;
#4766 = ORIENTED_EDGE ( 'NONE', *, *, #6578, .F. ) ;
#4767 = PLANE ( 'NONE',  #73 ) ;
#4768 = CARTESIAN_POINT ( 'NONE',  ( -0.3600000000000000422, -8.830679945108999007, 4.424999999998999733 ) ) ;
#4769 = LINE ( 'NONE', #2305, #2364 ) ;
#4770 = PLANE ( 'NONE',  #4226 ) ;
#4771 = AXIS2_PLACEMENT_3D ( 'NONE', #58, #5067, #1733 ) ;
#4772 = VECTOR ( 'NONE', #505, 1000.000000000000000 ) ;
#4773 = VECTOR ( 'NONE', #2267, 1000.000000000000000 ) ;
#4774 = CARTESIAN_POINT ( 'NONE',  ( -0.3799999999990000266, -3.894999999999999574, 0.3499999999989999999 ) ) ;
#4775 = DIRECTION ( 'NONE',  ( 0.000000000000000000, 1.000000000000000000, 0.000000000000000000 ) ) ;
#4776 = DIRECTION ( 'NONE',  ( 1.284980352574999780E-16, -1.000000000000000000, 0.000000000000000000 ) ) ;
#4777 = EDGE_CURVE ( 'NONE', #11094, #10151, #9433, .T. ) ;
#4778 = DIRECTION ( 'NONE',  ( 1.000000000000000000, 1.239088197125999924E-16, 0.000000000000000000 ) ) ;
#4779 = FACE_OUTER_BOUND ( 'NONE', #1103, .T. ) ;
#4780 = ORIENTED_EDGE ( 'NONE', *, *, #6633, .F. ) ;
#4781 = VECTOR ( 'NONE', #9666, 1000.000000000000000 ) ;
#4782 = LINE ( 'NONE', #419, #7770 ) ;
#4783 = CARTESIAN_POINT ( 'NONE',  ( 0.3499999999999999778, -4.830679945108999895, 4.125000000000000000 ) ) ;
#4784 = AXIS2_PLACEMENT_3D ( 'NONE', #866, #5980, #11120 ) ;
#4785 =( NAMED_UNIT ( * ) PLANE_ANGLE_UNIT ( ) SI_UNIT ( $, .RADIAN. ) );
#4786 = FACE_OUTER_BOUND ( 'NONE', #11200, .T. ) ;
#4787 = VECTOR ( 'NONE', #363, 1000.000000000000000 ) ;
#4788 = VERTEX_POINT ( 'NONE', #6103 ) ;
#4789 = DIRECTION ( 'NONE',  ( -1.000000000000000000, 0.000000000000000000, 0.000000000000000000 ) ) ;
#4790 = LINE ( 'NONE', #2152, #7403 ) ;
#4791 = ORIENTED_EDGE ( 'NONE', *, *, #6961, .F. ) ;
#4792 = DIRECTION ( 'NONE',  ( -1.000000000000000000, 1.284980352574999780E-16, 0.000000000000000000 ) ) ;
#4793 = ORIENTED_EDGE ( 'NONE', *, *, #6014, .T. ) ;
#4794 = CARTESIAN_POINT ( 'NONE',  ( 0.000000000000000000, -1.295000000000999796, 0.000000000000000000 ) ) ;
#4795 = ORIENTED_EDGE ( 'NONE', *, *, #8712, .T. ) ;
#4796 = ADVANCED_FACE ( 'NONE', ( #5935 ), #6910, .T. ) ;
#4797 = AXIS2_PLACEMENT_3D ( 'NONE', #7687, #208, #9676 ) ;
#4798 = LINE ( 'NONE', #3879, #4983 ) ;
#4799 = LINE ( 'NONE', #1193, #10999 ) ;
#4800 = VERTEX_POINT ( 'NONE', #7771 ) ;
#4801 = CARTESIAN_POINT ( 'NONE',  ( -0.3600000000000000422, -4.830679945108999895, 3.924999999999999822 ) ) ;
#4802 = ORIENTED_EDGE ( 'NONE', *, *, #5120, .F. ) ;
#4803 = DIRECTION ( 'NONE',  ( 0.000000000000000000, 1.000000000000000000, 0.000000000000000000 ) ) ;
#4804 = VECTOR ( 'NONE', #185, 1000.000000000000000 ) ;
#4805 = VERTEX_POINT ( 'NONE', #10448 ) ;
#4806 = ORIENTED_EDGE ( 'NONE', *, *, #43, .F. ) ;
#4807 = ORIENTED_EDGE ( 'NONE', *, *, #11097, .F. ) ;
#4808 = CARTESIAN_POINT ( 'NONE',  ( -1.080000000000000071, -2.944999999999999840, 0.000000000000000000 ) ) ;
#4809 = ADVANCED_FACE ( 'NONE', ( #5126 ), #2599, .F. ) ;
#4810 = CARTESIAN_POINT ( 'NONE',  ( -0.3600000000000000422, -4.830679945108999895, 6.125000000000000000 ) ) ;
#4811 = EDGE_CURVE ( 'NONE', #11336, #10468, #11250, .T. ) ;
#4812 = CARTESIAN_POINT ( 'NONE',  ( -0.09999999999899999992, 2.304999999999000515, 0.000000000000000000 ) ) ;
#4813 = DIRECTION ( 'NONE',  ( -1.207486555170305655E-16, -0.9396926207860170077, 0.3420201433253705070 ) ) ;
#4814 = LINE ( 'NONE', #8499, #9899 ) ;
#4815 = EDGE_CURVE ( 'NONE', #8728, #8253, #827, .T. ) ;
#4816 = ORIENTED_EDGE ( 'NONE', *, *, #2685, .F. ) ;
#4817 = ORIENTED_EDGE ( 'NONE', *, *, #1891, .F. ) ;
#4818 = VERTEX_POINT ( 'NONE', #1743 ) ;
#4819 = ORIENTED_EDGE ( 'NONE', *, *, #1225, .F. ) ;
#4820 = CARTESIAN_POINT ( 'NONE',  ( 0.1000000000000000056, -0.6950000000009999290, -1.600000000000000089 ) ) ;
#4821 = ORIENTED_EDGE ( 'NONE', *, *, #9731, .F. ) ;
#4822 = ADVANCED_FACE ( 'NONE', ( #5239 ), #10503, .F. ) ;
#4823 = CARTESIAN_POINT ( 'NONE',  ( -1.430000000000000160, -4.337947837308999688, 6.330399858456999596 ) ) ;
#4824 = EDGE_CURVE ( 'NONE', #4266, #1234, #9025, .T. ) ;
#4825 = LINE ( 'NONE', #9133, #3582 ) ;
#4826 = FILL_AREA_STYLE ('',( #5864 ) ) ;
#4827 = VECTOR ( 'NONE', #2033, 1000.000000000000000 ) ;
#4828 = CARTESIAN_POINT ( 'NONE',  ( -0.3600000000000000422, -8.830679945108999007, 5.125000000000000000 ) ) ;
#4829 = VECTOR ( 'NONE', #6465, 1000.000000000000000 ) ;
#4830 = EDGE_CURVE ( 'NONE', #9238, #6305, #8223, .T. ) ;
#4831 = AXIS2_PLACEMENT_3D ( 'NONE', #1235, #4730, #6109 ) ;
#4832 = LINE ( 'NONE', #2250, #5548 ) ;
#4833 = DIRECTION ( 'NONE',  ( 0.000000000000000000, 0.000000000000000000, -1.000000000000000000 ) ) ;
#4834 = AXIS2_PLACEMENT_3D ( 'NONE', #5075, #1628, #7024 ) ;
#4835 = DIRECTION ( 'NONE',  ( 0.000000000000000000, 0.000000000000000000, 1.000000000000000000 ) ) ;
#4836 = CARTESIAN_POINT ( 'NONE',  ( 1.251501579824999988, -6.198274308341999550, 2.600000000000000089 ) ) ;
#4837 = ORIENTED_EDGE ( 'NONE', *, *, #8411, .F. ) ;
#4838 = CARTESIAN_POINT ( 'NONE',  ( 1.430000000000000160, -9.694999999999998508, 1.249999999998999911 ) ) ;
#4839 = EDGE_CURVE ( 'NONE', #10594, #5112, #6270, .T. ) ;
#4840 = LINE ( 'NONE', #8351, #3757 ) ;
#4841 = AXIS2_PLACEMENT_3D ( 'NONE', #7059, #7114, #2632 ) ;
#4842 = ADVANCED_FACE ( 'NONE', ( #5351 ), #4545, .F. ) ;
#4843 = LINE ( 'NONE', #11086, #10822 ) ;
#4844 = AXIS2_PLACEMENT_3D ( 'NONE', #8734, #646, #7871 ) ;
#4845 = ADVANCED_FACE ( 'NONE', ( #3629 ), #5412, .F. ) ;
#4846 = ORIENTED_EDGE ( 'NONE', *, *, #11271, .T. ) ;
#4847 = CARTESIAN_POINT ( 'NONE',  ( -0.3600000000000000422, -4.830679945108999895, 3.625000000000000000 ) ) ;
#4848 = CARTESIAN_POINT ( 'NONE',  ( 1.580000000000000071, -6.872895553309999350, 5.599999999998999556 ) ) ;
#4849 = EDGE_LOOP ( 'NONE', ( #6499, #9957, #3015, #5057 ) ) ;
#4850 = PLANE ( 'NONE',  #4030 ) ;
#4851 = EDGE_LOOP ( 'NONE', ( #8276, #2340, #6309, #2525 ) ) ;
#4852 = VECTOR ( 'NONE', #2751, 1000.000000000000000 ) ;
#4853 = CARTESIAN_POINT ( 'NONE',  ( -0.3599999999990000088, -5.330679945108999007, 3.124999999998999911 ) ) ;
#4854 = DIRECTION ( 'NONE',  ( 0.000000000000000000, 0.000000000000000000, 1.000000000000000000 ) ) ;
#4855 = VECTOR ( 'NONE', #8479, 1000.000000000000000 ) ;
#4856 = DIRECTION ( 'NONE',  ( -1.000000000000000000, 0.000000000000000000, 1.215473287538999910E-16 ) ) ;
#4857 = CARTESIAN_POINT ( 'NONE',  ( 0.1000000000000000056, 2.304999999999000515, -1.600000000000000089 ) ) ;
#4858 = VECTOR ( 'NONE', #2076, 1000.000000000000000 ) ;
#4859 = ORIENTED_EDGE ( 'NONE', *, *, #5, .F. ) ;
#4860 = DIRECTION ( 'NONE',  ( -1.000000000000000000, 0.000000000000000000, 0.000000000000000000 ) ) ;
#4861 = MECHANICAL_DESIGN_GEOMETRIC_PRESENTATION_REPRESENTATION (  '', ( #665 ), #287 ) ;
#4862 = VERTEX_POINT ( 'NONE', #4663 ) ;
#4863 = DIRECTION ( 'NONE',  ( 1.075827036997393753E-16, 0.9848077530123608980, 0.1736481776660634968 ) ) ;
#4864 = ORIENTED_EDGE ( 'NONE', *, *, #2068, .T. ) ;
#4865 = EDGE_LOOP ( 'NONE', ( #5666, #458, #10478, #5601 ) ) ;
#4866 = ORIENTED_EDGE ( 'NONE', *, *, #8313, .T. ) ;
#4867 = DIRECTION ( 'NONE',  ( 0.000000000000000000, 1.000000000000000000, 0.000000000000000000 ) ) ;
#4868 = LINE ( 'NONE', #3150, #5214 ) ;
#4869 = VECTOR ( 'NONE', #4460, 1000.000000000000000 ) ;
#4870 = FACE_OUTER_BOUND ( 'NONE', #10445, .T. ) ;
#4871 = CARTESIAN_POINT ( 'NONE',  ( 0.3600000000000000422, -5.330679945108999007, 7.125000000000000000 ) ) ;
#4872 = CARTESIAN_POINT ( 'NONE',  ( -1.580000000000000071, 3.804999999999000071, 4.134721410322000246 ) ) ;
#4873 = VERTEX_POINT ( 'NONE', #8055 ) ;
#4874 = EDGE_CURVE ( 'NONE', #1362, #6071, #9429, .T. ) ;
#4875 = CARTESIAN_POINT ( 'NONE',  ( -1.430000000000000160, -2.752668290246999661, 4.273192623120999123 ) ) ;
#4876 = ORIENTED_EDGE ( 'NONE', *, *, #6740, .T. ) ;
#4877 = ORIENTED_EDGE ( 'NONE', *, *, #7734, .F. ) ;
#4878 = ORIENTED_EDGE ( 'NONE', *, *, #7987, .T. ) ;
#4879 = VERTEX_POINT ( 'NONE', #997 ) ;
#4880 = CARTESIAN_POINT ( 'NONE',  ( 1.430000000000000160, -4.571077182464999389, 5.654324757502999788 ) ) ;
#4881 = ORIENTED_EDGE ( 'NONE', *, *, #9878, .F. ) ;
#4882 = DIRECTION ( 'NONE',  ( 0.8990754936489593341, 0.4377936234344672051, 4.746567976289071596E-16 ) ) ;
#4883 = DIRECTION ( 'NONE',  ( 0.000000000000000000, 0.000000000000000000, -1.000000000000000000 ) ) ;
#4884 = DIRECTION ( 'NONE',  ( 1.215473287538999910E-16, 2.167154562174000065E-16, 1.000000000000000000 ) ) ;
#4885 = ORIENTED_EDGE ( 'NONE', *, *, #8077, .F. ) ;
#4886 = EDGE_CURVE ( 'NONE', #8475, #9578, #3575, .T. ) ;
#4887 = PLANE ( 'NONE',  #40 ) ;
#4888 = EDGE_CURVE ( 'NONE', #9113, #546, #8860, .T. ) ;
#4889 = DIRECTION ( 'NONE',  ( -1.215473287538999910E-16, -2.167154562174000065E-16, -1.000000000000000000 ) ) ;
#4890 = AXIS2_PLACEMENT_3D ( 'NONE', #5839, #7624, #3252 ) ;
#4891 = LINE ( 'NONE', #2142, #935 ) ;
#4892 = CARTESIAN_POINT ( 'NONE',  ( 1.280000000000000027, -5.910051363132999391, 6.399999999999000266 ) ) ;
#4893 = VERTEX_POINT ( 'NONE', #3741 ) ;
#4894 = EDGE_CURVE ( 'NONE', #10688, #374, #1219, .T. ) ;
#4895 = LINE ( 'NONE', #9313, #3377 ) ;
#4896 = CARTESIAN_POINT ( 'NONE',  ( -0.3499999999999999778, -4.830679945108999895, 6.625000000000000000 ) ) ;
#4897 = CARTESIAN_POINT ( 'NONE',  ( 0.3600000000000000422, -5.330679945108999007, 5.625000000000000000 ) ) ;
#4898 = LINE ( 'NONE', #9380, #10639 ) ;
#4899 = EDGE_CURVE ( 'NONE', #2594, #4395, #8919, .T. ) ;
#4900 = ORIENTED_EDGE ( 'NONE', *, *, #7517, .T. ) ;
#4901 = FACE_OUTER_BOUND ( 'NONE', #7714, .T. ) ;
#4902 = CYLINDRICAL_SURFACE ( 'NONE', #5477, 0.09999999999999982514 ) ;
#4903 = EDGE_CURVE ( 'NONE', #4658, #8597, #9704, .T. ) ;
#4904 = EDGE_LOOP ( 'NONE', ( #6190, #10935, #11052, #1684 ) ) ;
#4905 = FACE_OUTER_BOUND ( 'NONE', #10193, .T. ) ;
#4906 = ORIENTED_EDGE ( 'NONE', *, *, #4265, .T. ) ;
#4907 = EDGE_CURVE ( 'NONE', #1518, #10643, #10738, .T. ) ;
#4908 = LINE ( 'NONE', #5717, #245 ) ;
#4909 = DIRECTION ( 'NONE',  ( -0.000000000000000000, 1.000000000000000000, 0.000000000000000000 ) ) ;
#4910 = FACE_OUTER_BOUND ( 'NONE', #3552, .T. ) ;
#4911 = CARTESIAN_POINT ( 'NONE',  ( 0.000000000000000000, -2.944999999999999840, -1.600000000000000089 ) ) ;
#4912 = DIRECTION ( 'NONE',  ( 0.000000000000000000, -7.223848540581000097E-16, -1.000000000000000000 ) ) ;
#4913 = ORIENTED_EDGE ( 'NONE', *, *, #3513, .F. ) ;
#4914 = LINE ( 'NONE', #3140, #876 ) ;
#4915 = VECTOR ( 'NONE', #5937, 1000.000000000000000 ) ;
#4916 = ADVANCED_FACE ( 'NONE', ( #174 ), #296, .F. ) ;
#4917 = ORIENTED_EDGE ( 'NONE', *, *, #9307, .T. ) ;
#4918 = LINE ( 'NONE', #3084, #5492 ) ;
#4919 = VERTEX_POINT ( 'NONE', #5519 ) ;
#4920 = EDGE_CURVE ( 'NONE', #11118, #11263, #10677, .T. ) ;
#4921 = ORIENTED_EDGE ( 'NONE', *, *, #3623, .T. ) ;
#4922 = ORIENTED_EDGE ( 'NONE', *, *, #3231, .T. ) ;
#4923 = DIRECTION ( 'NONE',  ( -1.807003620808999850E-16, 0.000000000000000000, 1.000000000000000000 ) ) ;
#4924 = DIRECTION ( 'NONE',  ( -1.239088197125999924E-16, 1.000000000000000000, 0.000000000000000000 ) ) ;
#4925 = DIRECTION ( 'NONE',  ( 1.000000000000000000, 0.000000000000000000, 0.000000000000000000 ) ) ;
#4926 = CARTESIAN_POINT ( 'NONE',  ( 0.5396645151600001356, 3.804999999999000071, 4.915278589676999488 ) ) ;
#4927 = VECTOR ( 'NONE', #10740, 1000.000000000000000 ) ;
#4928 = LINE ( 'NONE', #4872, #8637 ) ;
#4929 = EDGE_LOOP ( 'NONE', ( #7697, #248, #1697, #10615 ) ) ;
#4930 = CARTESIAN_POINT ( 'NONE',  ( -1.580000000000000071, -2.544188695136999634, 0.2999999999999999889 ) ) ;
#4931 = VERTEX_POINT ( 'NONE', #9875 ) ;
#4932 = EDGE_LOOP ( 'NONE', ( #6724, #6329, #2914, #5770 ) ) ;
#4933 = AXIS2_PLACEMENT_3D ( 'NONE', #9235, #1366, #3152 ) ;
#4934 = ORIENTED_EDGE ( 'NONE', *, *, #4515, .F. ) ;
#4935 = ORIENTED_EDGE ( 'NONE', *, *, #9988, .T. ) ;
#4936 = DIRECTION ( 'NONE',  ( 0.000000000000000000, 0.000000000000000000, -1.000000000000000000 ) ) ;
#4937 = VERTEX_POINT ( 'NONE', #2019 ) ;
#4938 = DIRECTION ( 'NONE',  ( 0.000000000000000000, 0.000000000000000000, -1.000000000000000000 ) ) ;
#4939 = CARTESIAN_POINT ( 'NONE',  ( 1.251501579824999988, -6.198274308341999550, 5.757479594345999985 ) ) ;
#4940 = EDGE_CURVE ( 'NONE', #88, #8375, #3796, .T. ) ;
#4941 = LINE ( 'NONE', #411, #6949 ) ;
#4942 = DIRECTION ( 'NONE',  ( 0.000000000000000000, -1.000000000000000000, 0.000000000000000000 ) ) ;
#4943 = ORIENTED_EDGE ( 'NONE', *, *, #11284, .F. ) ;
#4944 = DIRECTION ( 'NONE',  ( 1.000000000000000000, 1.284980352574999780E-16, 0.000000000000000000 ) ) ;
#4945 = VECTOR ( 'NONE', #1475, 1000.000000000000000 ) ;
#4946 = LINE ( 'NONE', #5637, #7037 ) ;
#4947 = DIRECTION ( 'NONE',  ( 0.000000000000000000, 0.000000000000000000, -1.000000000000000000 ) ) ;
#4948 = CARTESIAN_POINT ( 'NONE',  ( 1.580000000000000071, -8.040372661637999130, 6.399999999999000266 ) ) ;
#4949 = EDGE_LOOP ( 'NONE', ( #4526, #9820, #8455, #9970 ) ) ;
#4950 = CARTESIAN_POINT ( 'NONE',  ( 1.280000000000000027, -2.979999999999999538, -0.7048473225369999984 ) ) ;
#4951 = DIRECTION ( 'NONE',  ( 1.000000000000000000, 0.000000000000000000, 0.000000000000000000 ) ) ;
#4952 = VECTOR ( 'NONE', #10374, 1000.000000000000000 ) ;
#4953 = EDGE_CURVE ( 'NONE', #463, #5657, #2935, .T. ) ;
#4954 = PLANE ( 'NONE',  #7488 ) ;
#4955 = EDGE_CURVE ( 'NONE', #8430, #2044, #6441, .T. ) ;
#4956 = AXIS2_PLACEMENT_3D ( 'NONE', #6394, #1979, #8181 ) ;
#4957 = PLANE ( 'NONE',  #7542 ) ;
#4958 = EDGE_CURVE ( 'NONE', #8690, #2912, #2993, .T. ) ;
#4959 = AXIS2_PLACEMENT_3D ( 'NONE', #2289, #571, #7577 ) ;
#4960 = ORIENTED_EDGE ( 'NONE', *, *, #11140, .F. ) ;
#4961 = DIRECTION ( 'NONE',  ( 0.000000000000000000, 0.000000000000000000, 1.000000000000000000 ) ) ;
#4962 = VECTOR ( 'NONE', #6118, 1000.000000000000000 ) ;
#4963 = DIRECTION ( 'NONE',  ( 1.000000000000000000, 1.239088197125999924E-16, 0.000000000000000000 ) ) ;
#4964 = VECTOR ( 'NONE', #5629, 1000.000000000000000 ) ;
#4965 = EDGE_LOOP ( 'NONE', ( #5185, #138, #4678, #4318 ) ) ;
#4966 = CARTESIAN_POINT ( 'NONE',  ( -1.430000000000000160, -2.752668290246999661, 4.776807376878000611 ) ) ;
#4967 = ORIENTED_EDGE ( 'NONE', *, *, #1753, .F. ) ;
#4968 = DIRECTION ( 'NONE',  ( 1.000000000000000000, 0.000000000000000000, 1.215473287538999910E-16 ) ) ;
#4969 = LINE ( 'NONE', #4794, #2128 ) ;
#4970 = DIRECTION ( 'NONE',  ( -1.807003620808999850E-16, 0.000000000000000000, 1.000000000000000000 ) ) ;
#4971 = EDGE_CURVE ( 'NONE', #1430, #9064, #7473, .T. ) ;
#4972 = VECTOR ( 'NONE', #3383, 1000.000000000000000 ) ;
#4973 = FACE_OUTER_BOUND ( 'NONE', #7604, .T. ) ;
#4974 = AXIS2_PLACEMENT_3D ( 'NONE', #9436, #2260, #7608 ) ;
#4975 = VECTOR ( 'NONE', #2638, 1000.000000000000114 ) ;
#4976 = EDGE_CURVE ( 'NONE', #10066, #269, #2301, .T. ) ;
#4977 = ORIENTED_EDGE ( 'NONE', *, *, #8067, .T. ) ;
#4978 = DIRECTION ( 'NONE',  ( -1.000000000000000000, 0.000000000000000000, 0.000000000000000000 ) ) ;
#4979 = VERTEX_POINT ( 'NONE', #1499 ) ;
#4980 = DIRECTION ( 'NONE',  ( 1.000000000000000000, 0.000000000000000000, 0.000000000000000000 ) ) ;
#4981 = VECTOR ( 'NONE', #8659, 1000.000000000000000 ) ;
#4982 = ORIENTED_EDGE ( 'NONE', *, *, #3991, .F. ) ;
#4983 = VECTOR ( 'NONE', #4634, 1000.000000000000000 ) ;
#4984 = ORIENTED_EDGE ( 'NONE', *, *, #11080, .T. ) ;
#4985 = ORIENTED_EDGE ( 'NONE', *, *, #10960, .T. ) ;
#4986 = CARTESIAN_POINT ( 'NONE',  ( 2.308415123535999758, -7.685679981712000064, 6.399999999999000266 ) ) ;
#4987 = CARTESIAN_POINT ( 'NONE',  ( 1.280000000000000027, -8.294999999999999929, 6.749999999998999911 ) ) ;
#4988 = LINE ( 'NONE', #685, #6980 ) ;
#4989 = CARTESIAN_POINT ( 'NONE',  ( -1.280000000000000027, -2.544188695136999634, 0.2999999999999999889 ) ) ;
#4990 = CARTESIAN_POINT ( 'NONE',  ( -1.580000000000000071, 3.804999999999000071, 4.134721410322000246 ) ) ;
#4991 = ADVANCED_FACE ( 'NONE', ( #5003 ), #9246, .T. ) ;
#4992 = ADVANCED_FACE ( 'NONE', ( #586 ), #1322, .T. ) ;
#4993 = VECTOR ( 'NONE', #11117, 1000.000000000000000 ) ;
#4994 = ORIENTED_EDGE ( 'NONE', *, *, #4624, .F. ) ;
#4995 = LINE ( 'NONE', #509, #7079 ) ;
#4996 = CARTESIAN_POINT ( 'NONE',  ( 0.1000000000000000056, -2.295000000001000018, -1.600000000000000089 ) ) ;
#4997 = ORIENTED_EDGE ( 'NONE', *, *, #7841, .F. ) ;
#4998 = CARTESIAN_POINT ( 'NONE',  ( 0.1000000000000000056, -2.944999999999999840, -1.600000000000000089 ) ) ;
#4999 = ORIENTED_EDGE ( 'NONE', *, *, #4407, .F. ) ;
#5000 = EDGE_LOOP ( 'NONE', ( #7518, #5168, #1721, #513 ) ) ;
#5001 = SURFACE_SIDE_STYLE ('',( #4362 ) ) ;
#5002 = EDGE_LOOP ( 'NONE', ( #4643, #9646, #6907, #2163 ) ) ;
#5003 = FACE_OUTER_BOUND ( 'NONE', #10985, .T. ) ;
#5004 = DIRECTION ( 'NONE',  ( -1.000000000000000000, 0.000000000000000000, 0.000000000000000000 ) ) ;
#5005 = VECTOR ( 'NONE', #989, 1000.000000000000000 ) ;
#5006 = DIRECTION ( 'NONE',  ( 0.000000000000000000, 0.000000000000000000, -1.000000000000000000 ) ) ;
#5007 = CARTESIAN_POINT ( 'NONE',  ( 1.429999999999000071, -1.983341451230999697, 4.273192623120999123 ) ) ;
#5008 = ORIENTED_EDGE ( 'NONE', *, *, #11065, .T. ) ;
#5009 = DIRECTION ( 'NONE',  ( -2.231344965625819359E-17, -0.1736481776660634968, -0.9848077530123608980 ) ) ;
#5010 = CARTESIAN_POINT ( 'NONE',  ( 1.280000000000000027, -8.294999999999999929, 5.249999999998999911 ) ) ;
#5011 = ADVANCED_FACE ( 'NONE', ( #5631 ), #1381, .T. ) ;
#5012 = DIRECTION ( 'NONE',  ( 0.000000000000000000, 0.000000000000000000, -1.000000000000000000 ) ) ;
#5013 = CARTESIAN_POINT ( 'NONE',  ( 1.280000000000000027, -8.294999999999999929, 6.749999999998999911 ) ) ;
#5014 = EDGE_LOOP ( 'NONE', ( #10190, #4837, #4614, #898 ) ) ;
#5015 = LINE ( 'NONE', #8525, #6127 ) ;
#5016 = LINE ( 'NONE', #661, #11266 ) ;
#5017 = PRESENTATION_STYLE_ASSIGNMENT (( #5878 ) ) ;
#5018 = DIRECTION ( 'NONE',  ( 1.807003620808999850E-16, 0.000000000000000000, -1.000000000000000000 ) ) ;
#5019 = VECTOR ( 'NONE', #1519, 1000.000000000000000 ) ;
#5020 = VECTOR ( 'NONE', #3916, 1000.000000000000000 ) ;
#5021 = ORIENTED_EDGE ( 'NONE', *, *, #1624, .F. ) ;
#5022 = CARTESIAN_POINT ( 'NONE',  ( 0.3599999999990000088, -5.330679945108999007, 3.124999999998999911 ) ) ;
#5023 = EDGE_CURVE ( 'NONE', #5510, #6769, #3902, .T. ) ;
#5024 = PLANE ( 'NONE',  #8118 ) ;
#5025 = LINE ( 'NONE', #1291, #362 ) ;
#5026 = VECTOR ( 'NONE', #9744, 1000.000000000000000 ) ;
#5027 = ORIENTED_EDGE ( 'NONE', *, *, #4903, .F. ) ;
#5028 = CARTESIAN_POINT ( 'NONE',  ( 1.279999999998999716, 2.554188695136000664, 0.05000000000000000278 ) ) ;
#5030 = AXIS2_PLACEMENT_3D ( 'NONE', #1434, #3165, #3105 ) ;
#5029 = CARTESIAN_POINT ( 'NONE',  ( -1.080000000000000071, 2.385829949784000537, 4.915278589676999488 ) ) ;
#5031 = DIRECTION ( 'NONE',  ( -1.207486555170308614E-16, 0.9396926207860170077, -0.3420201433253705070 ) ) ;
#5032 = PLANE ( 'NONE',  #10453 ) ;
#5033 = ORIENTED_EDGE ( 'NONE', *, *, #6007, .F. ) ;
#5034 = ADVANCED_FACE ( 'NONE', ( #10950 ), #4767, .F. ) ;
#5035 = CIRCLE ( 'NONE', #8890, 0.9000000000000000222 ) ;
#5036 = FACE_OUTER_BOUND ( 'NONE', #3019, .T. ) ;
#5037 = ADVANCED_FACE ( 'NONE', ( #8279 ), #3846, .F. ) ;
#5038 = ORIENTED_EDGE ( 'NONE', *, *, #1523, .F. ) ;
#5039 = DIRECTION ( 'NONE',  ( 0.000000000000000000, 1.000000000000000000, 0.000000000000000000 ) ) ;
#5040 = VECTOR ( 'NONE', #7269, 1000.000000000000000 ) ;
#5041 = ORIENTED_EDGE ( 'NONE', *, *, #5320, .F. ) ;
#5042 = ORIENTED_EDGE ( 'NONE', *, *, #10509, .T. ) ;
#5043 = ORIENTED_EDGE ( 'NONE', *, *, #9391, .T. ) ;
#5044 = DIRECTION ( 'NONE',  ( -0.000000000000000000, 1.000000000000000000, 0.000000000000000000 ) ) ;
#5045 = EDGE_CURVE ( 'NONE', #10078, #4390, #516, .T. ) ;
#5046 = DIRECTION ( 'NONE',  ( 1.807003620808999850E-16, 0.000000000000000000, -1.000000000000000000 ) ) ;
#5047 = DIRECTION ( 'NONE',  ( 1.284980352574999780E-16, 1.000000000000000000, -4.336808689942000480E-16 ) ) ;
#5048 = CARTESIAN_POINT ( 'NONE',  ( -0.3499999999999999778, -3.894999999999999574, 7.870000000000000107 ) ) ;
#5049 = LINE ( 'NONE', #7637, #8644 ) ;
#5050 = AXIS2_PLACEMENT_3D ( 'NONE', #11251, #6911, #1744 ) ;
#5051 = VERTEX_POINT ( 'NONE', #407 ) ;
#5052 = EDGE_CURVE ( 'NONE', #10389, #9223, #6613, .T. ) ;
#5053 = VERTEX_POINT ( 'NONE', #4014 ) ;
#5054 = ORIENTED_EDGE ( 'NONE', *, *, #4211, .F. ) ;
#5055 = DIRECTION ( 'NONE',  ( 0.000000000000000000, 1.000000000000000000, 0.000000000000000000 ) ) ;
#5056 = ORIENTED_EDGE ( 'NONE', *, *, #10836, .T. ) ;
#5057 = ORIENTED_EDGE ( 'NONE', *, *, #2444, .T. ) ;
#5058 = EDGE_CURVE ( 'NONE', #5917, #5482, #8325, .T. ) ;
#5059 = CARTESIAN_POINT ( 'NONE',  ( 0.1000000000000000056, 0.3049999999990000710, -1.600000000000000089 ) ) ;
#5060 = VECTOR ( 'NONE', #6366, 1000.000000000000000 ) ;
#5061 = ORIENTED_EDGE ( 'NONE', *, *, #7573, .F. ) ;
#5062 = EDGE_CURVE ( 'NONE', #328, #4527, #5862, .T. ) ;
#5063 = CARTESIAN_POINT ( 'NONE',  ( -1.280000000000000027, -8.294999999999999929, 5.249999999998999911 ) ) ;
#5064 = LINE ( 'NONE', #7760, #7260 ) ;
#5065 = DIRECTION ( 'NONE',  ( 1.000000000000000000, 0.000000000000000000, 0.000000000000000000 ) ) ;
#5066 = DIRECTION ( 'NONE',  ( 1.000000000000000000, 1.239088197125999924E-16, 0.000000000000000000 ) ) ;
#5067 = DIRECTION ( 'NONE',  ( 1.000000000000000000, -1.299091332659999954E-16, 0.000000000000000000 ) ) ;
#5068 = VECTOR ( 'NONE', #144, 1000.000000000000000 ) ;
#5069 = VERTEX_POINT ( 'NONE', #10102 ) ;
#5070 = DIRECTION ( 'NONE',  ( 0.000000000000000000, 1.000000000000000000, 0.000000000000000000 ) ) ;
#5071 = ADVANCED_FACE ( 'NONE', ( #11010 ), #2245, .F. ) ;
#5072 = CARTESIAN_POINT ( 'NONE',  ( -1.580000000000000071, -3.594999999999999751, 4.283769826401000458 ) ) ;
#5073 = LINE ( 'NONE', #50, #1926 ) ;
#5074 = ORIENTED_EDGE ( 'NONE', *, *, #5188, .T. ) ;
#5075 = CARTESIAN_POINT ( 'NONE',  ( 1.280000000000000027, -3.894999999999999574, 1.249999999998999911 ) ) ;
#5076 = CARTESIAN_POINT ( 'NONE',  ( 1.580000000000000071, -1.545811304863999647, 0.2999999999999999889 ) ) ;
#5077 = CARTESIAN_POINT ( 'NONE',  ( 1.580000000000000071, -3.694999999999999396, 4.383769826401000991 ) ) ;
#5078 = LINE ( 'NONE', #7547, #2959 ) ;
#5079 = VERTEX_POINT ( 'NONE', #8448 ) ;
#5080 = FACE_OUTER_BOUND ( 'NONE', #4904, .T. ) ;
#5081 = DIRECTION ( 'NONE',  ( 1.000000000000000000, -1.284980352574999780E-16, 0.000000000000000000 ) ) ;
#5082 = FACE_OUTER_BOUND ( 'NONE', #2849, .T. ) ;
#5083 = ORIENTED_EDGE ( 'NONE', *, *, #9716, .T. ) ;
#5084 = CARTESIAN_POINT ( 'NONE',  ( -0.3600000000000000422, -4.830679945108999895, 3.924999999999999822 ) ) ;
#5085 = DIRECTION ( 'NONE',  ( 0.000000000000000000, 0.000000000000000000, 1.000000000000000000 ) ) ;
#5086 = CARTESIAN_POINT ( 'NONE',  ( 1.580000000000000071, -7.894999999999999574, 2.249999999998999911 ) ) ;
#5087 = DIRECTION ( 'NONE',  ( -1.807003620808999850E-16, 0.000000000000000000, 1.000000000000000000 ) ) ;
#5088 = EDGE_CURVE ( 'NONE', #6421, #1492, #4079, .T. ) ;
#5089 = EDGE_LOOP ( 'NONE', ( #9507, #6604, #592, #49 ) ) ;
#5090 = CARTESIAN_POINT ( 'NONE',  ( -1.280000000000000027, -5.910051363132999391, 3.399999999998999822 ) ) ;
#5091 = EDGE_LOOP ( 'NONE', ( #8374, #7446, #364, #10581 ) ) ;
#5092 = CARTESIAN_POINT ( 'NONE',  ( -0.3499999999989999999, -9.330679945108999007, 3.124999999998999911 ) ) ;
#5093 = ORIENTED_EDGE ( 'NONE', *, *, #6602, .F. ) ;
#5094 = EDGE_LOOP ( 'NONE', ( #9922, #9332, #10511, #974 ) ) ;
#5095 = VERTEX_POINT ( 'NONE', #6727 ) ;
#5096 = CARTESIAN_POINT ( 'NONE',  ( -1.280000000000000027, 3.504999999999000249, -7.830300121961999871 ) ) ;
#5097 = DIRECTION ( 'NONE',  ( 0.000000000000000000, 0.000000000000000000, 1.000000000000000000 ) ) ;
#5098 = PLANE ( 'NONE',  #10465 ) ;
#5099 = ADVANCED_FACE ( 'NONE', ( #9358 ), #6900, .T. ) ;
#5100 = ADVANCED_FACE ( 'NONE', ( #5171 ), #8620, .F. ) ;
#5101 = CARTESIAN_POINT ( 'NONE',  ( -1.279999999998999716, -6.198188976494999558, 3.243605239434000254 ) ) ;
#5102 = AXIS2_PLACEMENT_3D ( 'NONE', #10185, #4164, #6699 ) ;
#5103 = ORIENTED_EDGE ( 'NONE', *, *, #3974, .F. ) ;
#5104 = SURFACE_STYLE_USAGE ( .BOTH. , #1607 ) ;
#5105 = EDGE_CURVE ( 'NONE', #2746, #6380, #3502, .T. ) ;
#5106 = ORIENTED_EDGE ( 'NONE', *, *, #10974, .T. ) ;
#5107 = ORIENTED_EDGE ( 'NONE', *, *, #352, .F. ) ;
#5108 = CARTESIAN_POINT ( 'NONE',  ( -1.080000000000000071, -3.694999999999999396, 4.283769826401000458 ) ) ;
#5109 = ORIENTED_EDGE ( 'NONE', *, *, #9187, .T. ) ;
#5110 = VERTEX_POINT ( 'NONE', #4256 ) ;
#5111 = DIRECTION ( 'NONE',  ( -1.807003620808999850E-16, 0.000000000000000000, -1.000000000000000000 ) ) ;
#5112 = VERTEX_POINT ( 'NONE', #4311 ) ;
#5113 = CARTESIAN_POINT ( 'NONE',  ( -0.3600000000000000422, -4.830679945108999895, 5.424999999998999733 ) ) ;
#5115 = CARTESIAN_POINT ( 'NONE',  ( -1.579999999998999982, -3.894999999999999574, 1.249999999998999911 ) ) ;
#5114 = VECTOR ( 'NONE', #6385, 1000.000000000000000 ) ;
#5116 = FACE_OUTER_BOUND ( 'NONE', #8241, .T. ) ;
#5117 = CARTESIAN_POINT ( 'NONE',  ( -1.579999999998999982, -8.294999999999999929, 6.749999999998999911 ) ) ;
#5118 = EDGE_CURVE ( 'NONE', #7965, #10229, #9781, .T. ) ;
#5119 = CARTESIAN_POINT ( 'NONE',  ( -0.3600000000000000422, -4.830679945108999895, 4.924999999999999822 ) ) ;
#5120 = EDGE_CURVE ( 'NONE', #1777, #1264, #814, .T. ) ;
#5121 = ORIENTED_EDGE ( 'NONE', *, *, #2029, .F. ) ;
#5122 = FACE_OUTER_BOUND ( 'NONE', #402, .T. ) ;
#5123 = EDGE_CURVE ( 'NONE', #2451, #8375, #11295, .T. ) ;
#5124 = DIRECTION ( 'NONE',  ( -1.075827036997393753E-16, 0.9848077530123608980, 0.1736481776660634968 ) ) ;
#5125 = ORIENTED_EDGE ( 'NONE', *, *, #8477, .T. ) ;
#5126 = FACE_OUTER_BOUND ( 'NONE', #7276, .T. ) ;
#5127 = LINE ( 'NONE', #3520, #10528 ) ;
#5128 = CARTESIAN_POINT ( 'NONE',  ( 2.039530102007999890, -7.816610196909000940, 5.599999999998999556 ) ) ;
#5130 = CIRCLE ( 'NONE', #350, 1.199999999998999867 ) ;
#5129 = CARTESIAN_POINT ( 'NONE',  ( -1.279999999998999716, 1.904999999999000382, -1.899999999998999822 ) ) ;
#5131 = EDGE_CURVE ( 'NONE', #4115, #9354, #2475, .T. ) ;
#5132 = ADVANCED_FACE ( 'NONE', ( #9525 ), #1669, .F. ) ;
#5133 = ORIENTED_EDGE ( 'NONE', *, *, #236, .F. ) ;
#5134 = CARTESIAN_POINT ( 'NONE',  ( -0.3599999999990000088, -9.330679945108999007, 3.124999999998999911 ) ) ;
#5135 = CARTESIAN_POINT ( 'NONE',  ( -1.280000000000000027, -7.894999999999999574, 2.249999999998999911 ) ) ;
#5136 = DIRECTION ( 'NONE',  ( -0.8990754936513339901, 0.4377936234295904949, 0.000000000000000000 ) ) ;
#5137 = VERTEX_POINT ( 'NONE', #5982 ) ;
#5138 = DIRECTION ( 'NONE',  ( 0.000000000000000000, -1.000000000000000000, 0.000000000000000000 ) ) ;
#5139 = DIRECTION ( 'NONE',  ( -1.000000000000000000, 0.000000000000000000, 0.000000000000000000 ) ) ;
#5140 = VECTOR ( 'NONE', #31, 1000.000000000000000 ) ;
#5141 = FACE_OUTER_BOUND ( 'NONE', #5444, .T. ) ;
#5142 = FACE_OUTER_BOUND ( 'NONE', #495, .T. ) ;
#5143 = VECTOR ( 'NONE', #4426, 1000.000000000000000 ) ;
#5144 = VECTOR ( 'NONE', #6624, 1000.000000000000000 ) ;
#5145 = VECTOR ( 'NONE', #7712, 1000.000000000000000 ) ;
#5146 = EDGE_LOOP ( 'NONE', ( #9319, #3841, #9686, #9982 ) ) ;
#5147 = DIRECTION ( 'NONE',  ( 0.000000000000000000, 1.000000000000000000, 0.000000000000000000 ) ) ;
#5148 = ORIENTED_EDGE ( 'NONE', *, *, #7783, .T. ) ;
#5149 = LINE ( 'NONE', #11216, #7889 ) ;
#5150 = EDGE_CURVE ( 'NONE', #10066, #6656, #8679, .T. ) ;
#5151 = ORIENTED_EDGE ( 'NONE', *, *, #9782, .T. ) ;
#5152 = ORIENTED_EDGE ( 'NONE', *, *, #5105, .F. ) ;
#5153 = LINE ( 'NONE', #8719, #1026 ) ;
#5154 = AXIS2_PLACEMENT_3D ( 'NONE', #3435, #9464, #855 ) ;
#5155 = CARTESIAN_POINT ( 'NONE',  ( 0.3600000000000000422, -5.330679945108999007, 5.625000000000000000 ) ) ;
#5156 = VECTOR ( 'NONE', #10397, 1000.000000000000000 ) ;
#5157 = DIRECTION ( 'NONE',  ( -1.000000000000000000, 0.000000000000000000, 0.000000000000000000 ) ) ;
#5158 = CARTESIAN_POINT ( 'NONE',  ( 0.1000000000000000056, -0.6950000000009999290, 0.000000000000000000 ) ) ;
#5159 = VECTOR ( 'NONE', #8936, 1000.000000000000000 ) ;
#5160 = VERTEX_POINT ( 'NONE', #10433 ) ;
#5161 = AXIS2_PLACEMENT_3D ( 'NONE', #8085, #10706, #2854 ) ;
#5162 = FACE_BOUND ( 'NONE', #6733, .T. ) ;
#5163 = VERTEX_POINT ( 'NONE', #700 ) ;
#5164 = EDGE_CURVE ( 'NONE', #5095, #5170, #3445, .T. ) ;
#5165 = VERTEX_POINT ( 'NONE', #2415 ) ;
#5166 = ADVANCED_FACE ( 'NONE', ( #5225 ), #9640, .F. ) ;
#5167 = EDGE_LOOP ( 'NONE', ( #7250, #9942, #7146, #10416 ) ) ;
#5168 = ORIENTED_EDGE ( 'NONE', *, *, #5538, .F. ) ;
#5169 =( LENGTH_UNIT ( ) NAMED_UNIT ( * ) SI_UNIT ( .MILLI., .METRE. ) );
#5170 = VERTEX_POINT ( 'NONE', #1728 ) ;
#5171 = FACE_OUTER_BOUND ( 'NONE', #101, .T. ) ;
#5172 = CARTESIAN_POINT ( 'NONE',  ( -0.3600000000000000422, -4.830679945108999895, 6.625000000000000000 ) ) ;
#5173 = CARTESIAN_POINT ( 'NONE',  ( 0.3499999999999999778, -5.330679945108999007, 3.424999999999000178 ) ) ;
#5174 = CARTESIAN_POINT ( 'NONE',  ( -1.579999999998999982, -1.545811304863999647, 0.05000000000000000278 ) ) ;
#5175 = ADVANCED_FACE ( 'NONE', ( #1781 ), #11123, .F. ) ;
#5176 = LINE ( 'NONE', #2587, #2201 ) ;
#5177 = AXIS2_PLACEMENT_3D ( 'NONE', #7312, #5635, #1223 ) ;
#5178 = VERTEX_POINT ( 'NONE', #868 ) ;
#5179 = PLANE ( 'NONE',  #10118 ) ;
#5180 = EDGE_CURVE ( 'NONE', #4658, #6936, #11347, .T. ) ;
#5181 = ADVANCED_FACE ( 'NONE', ( #2642 ), #4138, .T. ) ;
#5182 = VERTEX_POINT ( 'NONE', #11180 ) ;
#5183 = LINE ( 'NONE', #8632, #2025 ) ;
#5184 = AXIS2_PLACEMENT_3D ( 'NONE', #6573, #6637, #7385 ) ;
#5185 = ORIENTED_EDGE ( 'NONE', *, *, #5315, .T. ) ;
#5186 = CARTESIAN_POINT ( 'NONE',  ( 1.580000000000000071, -6.872895553309999350, 5.599999999998999556 ) ) ;
#5187 = DIRECTION ( 'NONE',  ( 0.000000000000000000, 0.000000000000000000, -1.000000000000000000 ) ) ;
#5188 = EDGE_CURVE ( 'NONE', #6689, #1360, #6838, .T. ) ;
#5189 = CARTESIAN_POINT ( 'NONE',  ( 0.3600000000000000422, -5.330679945108999007, 5.924999999999999822 ) ) ;
#5190 = ORIENTED_EDGE ( 'NONE', *, *, #5595, .T. ) ;
#5191 = CARTESIAN_POINT ( 'NONE',  ( 0.3600000000000000422, -4.830679945108999895, 4.125000000000000000 ) ) ;
#5192 = DIRECTION ( 'NONE',  ( 1.000000000000000000, 0.000000000000000000, 0.000000000000000000 ) ) ;
#5193 = ADVANCED_FACE ( 'NONE', ( #7240 ), #6198, .T. ) ;
#5194 = CARTESIAN_POINT ( 'NONE',  ( -0.09999999999899999992, -0.2950000000009997403, 0.000000000000000000 ) ) ;
#5195 = ORIENTED_EDGE ( 'NONE', *, *, #2807, .T. ) ;
#5196 = CARTESIAN_POINT ( 'NONE',  ( -1.280000000000000027, -3.894999999999999574, 0.000000000000000000 ) ) ;
#5197 = DIRECTION ( 'NONE',  ( 1.134441735036999877E-16, 0.000000000000000000, -1.000000000000000000 ) ) ;
#5198 = EDGE_CURVE ( 'NONE', #10188, #1426, #9807, .T. ) ;
#5199 = PLANE ( 'NONE',  #6599 ) ;
#5200 = EDGE_CURVE ( 'NONE', #6543, #10688, #4647, .T. ) ;
#5201 = VECTOR ( 'NONE', #8478, 1000.000000000000000 ) ;
#5202 = VECTOR ( 'NONE', #4332, 1000.000000000000000 ) ;
#5203 = ORIENTED_EDGE ( 'NONE', *, *, #8909, .F. ) ;
#5204 = DIRECTION ( 'NONE',  ( 1.704914861736844513E-16, 0.3420201433253704515, -0.9396926207860168967 ) ) ;
#5205 = ORIENTED_EDGE ( 'NONE', *, *, #1561, .T. ) ;
#5206 = FACE_OUTER_BOUND ( 'NONE', #4034, .T. ) ;
#5207 = ORIENTED_EDGE ( 'NONE', *, *, #11271, .F. ) ;
#5208 = AXIS2_PLACEMENT_3D ( 'NONE', #3681, #5461, #2883 ) ;
#5209 = ORIENTED_EDGE ( 'NONE', *, *, #5898, .T. ) ;
#5210 = DIRECTION ( 'NONE',  ( 0.000000000000000000, -1.000000000000000000, 0.000000000000000000 ) ) ;
#5211 = EDGE_CURVE ( 'NONE', #4494, #10881, #8156, .T. ) ;
#5212 = DIRECTION ( 'NONE',  ( 0.000000000000000000, -0.5000000000001899592, -0.8660254037843289066 ) ) ;
#5213 = CARTESIAN_POINT ( 'NONE',  ( -0.3499999999989999999, -4.829526559172999889, 2.425086503945000249 ) ) ;
#5214 = VECTOR ( 'NONE', #9972, 1000.000000000000000 ) ;
#5215 = EDGE_LOOP ( 'NONE', ( #4182, #3886, #8987, #5238 ) ) ;
#5216 =( NAMED_UNIT ( * ) PLANE_ANGLE_UNIT ( ) SI_UNIT ( $, .RADIAN. ) );
#5217 = DIRECTION ( 'NONE',  ( 0.000000000000000000, 0.000000000000000000, 1.000000000000000000 ) ) ;
#5218 = VERTEX_POINT ( 'NONE', #10549 ) ;
#5219 = CARTESIAN_POINT ( 'NONE',  ( -1.280000000000000027, 2.385829949784000537, -7.830300121961999871 ) ) ;
#5220 = ORIENTED_EDGE ( 'NONE', *, *, #3213, .T. ) ;
#5221 = ORIENTED_EDGE ( 'NONE', *, *, #7601, .F. ) ;
#5222 = ORIENTED_EDGE ( 'NONE', *, *, #2586, .F. ) ;
#5223 = FACE_OUTER_BOUND ( 'NONE', #9913, .T. ) ;
#5224 = EDGE_LOOP ( 'NONE', ( #7979, #585, #7470, #2296 ) ) ;
#5225 = FACE_OUTER_BOUND ( 'NONE', #218, .T. ) ;
#5226 = DIRECTION ( 'NONE',  ( 1.000000000000000000, 1.284980352574999780E-16, 0.000000000000000000 ) ) ;
#5227 = VECTOR ( 'NONE', #3876, 1000.000000000000000 ) ;
#5228 = CARTESIAN_POINT ( 'NONE',  ( 1.280000000000000027, 3.504999999999000249, 8.000000000000000000 ) ) ;
#5229 = DIRECTION ( 'NONE',  ( 1.000000000000000000, 0.000000000000000000, 0.000000000000000000 ) ) ;
#5230 = CARTESIAN_POINT ( 'NONE',  ( -1.279999999998999716, 2.554188695136000664, 0.2999999999999999889 ) ) ;
#5231 = EDGE_CURVE ( 'NONE', #5178, #755, #10721, .T. ) ;
#5232 = EDGE_LOOP ( 'NONE', ( #4075, #3390, #7864, #4076, #1943, #1096 ) ) ;
#5233 = CARTESIAN_POINT ( 'NONE',  ( -0.3799999999990000266, -3.894999999999999574, 7.799999999998999733 ) ) ;
#5234 = VECTOR ( 'NONE', #8004, 1000.000000000000000 ) ;
#5235 = ORIENTED_EDGE ( 'NONE', *, *, #8830, .T. ) ;
#5236 = COLOUR_RGB ( '',0.7921568627450980005, 0.8196078431372548767, 0.9333333333333333481 ) ;
#5237 = DIRECTION ( 'NONE',  ( -1.000000000000000000, 0.000000000000000000, 0.000000000000000000 ) ) ;
#5238 = ORIENTED_EDGE ( 'NONE', *, *, #9325, .T. ) ;
#5239 = FACE_OUTER_BOUND ( 'NONE', #9186, .T. ) ;
#5240 = LINE ( 'NONE', #9486, #6521 ) ;
#5241 = DIRECTION ( 'NONE',  ( 0.000000000000000000, -1.000000000000000000, 0.000000000000000000 ) ) ;
#5242 = CARTESIAN_POINT ( 'NONE',  ( 1.580000000000000071, -4.571077182464999389, 6.330399858456999596 ) ) ;
#5243 = VECTOR ( 'NONE', #4517, 1000.000000000000114 ) ;
#5244 = ADVANCED_FACE ( 'NONE', ( #981 ), #9692, .F. ) ;
#5245 = EDGE_CURVE ( 'NONE', #5917, #3828, #6314, .T. ) ;
#5246 = ORIENTED_EDGE ( 'NONE', *, *, #2200, .T. ) ;
#5247 = CARTESIAN_POINT ( 'NONE',  ( -1.579999999998999982, -6.197290696738999571, 6.255025175429000051 ) ) ;
#5248 = FACE_OUTER_BOUND ( 'NONE', #3217, .T. ) ;
#5249 = ADVANCED_FACE ( 'NONE', ( #5503 ), #6256, .F. ) ;
#5250 = CARTESIAN_POINT ( 'NONE',  ( -0.3600000000000000422, -5.330679945108999007, 7.125000000000000000 ) ) ;
#5251 = ORIENTED_EDGE ( 'NONE', *, *, #8717, .F. ) ;
#5252 = LINE ( 'NONE', #7954, #6119 ) ;
#5253 = PLANE ( 'NONE',  #2290 ) ;
#5254 = CARTESIAN_POINT ( 'NONE',  ( 0.3499999999999999778, -4.829526559172999889, 2.425086503945000249 ) ) ;
#5255 = CARTESIAN_POINT ( 'NONE',  ( -1.579999999998999982, -2.044999999999999929, -0.8999999999990000443 ) ) ;
#5256 = EDGE_CURVE ( 'NONE', #10778, #1415, #4480, .T. ) ;
#5257 = ORIENTED_EDGE ( 'NONE', *, *, #4163, .F. ) ;
#5258 = FACE_OUTER_BOUND ( 'NONE', #616, .T. ) ;
#5259 = EDGE_CURVE ( 'NONE', #10309, #9210, #5279, .T. ) ;
#5260 = EDGE_LOOP ( 'NONE', ( #2360, #6031, #1964, #7495 ) ) ;
#5261 = LINE ( 'NONE', #11276, #5140 ) ;
#5262 = ORIENTED_EDGE ( 'NONE', *, *, #4639, .F. ) ;
#5263 = ORIENTED_EDGE ( 'NONE', *, *, #2878, .F. ) ;
#5264 = CARTESIAN_POINT ( 'NONE',  ( -1.580000000000000071, -2.752668290246999661, 4.776807376878000611 ) ) ;
#5265 = DIRECTION ( 'NONE',  ( 0.000000000000000000, 1.000000000000000000, 0.000000000000000000 ) ) ;
#5266 = PLANE ( 'NONE',  #8 ) ;
#5267 = EDGE_CURVE ( 'NONE', #6982, #5510, #7988, .T. ) ;
#5268 = EDGE_LOOP ( 'NONE', ( #5041, #4737, #5744, #4749 ) ) ;
#5269 = EDGE_CURVE ( 'NONE', #4862, #4409, #5448, .T. ) ;
#5270 = LINE ( 'NONE', #3549, #2911 ) ;
#5271 = ORIENTED_EDGE ( 'NONE', *, *, #3354, .F. ) ;
#5272 = CARTESIAN_POINT ( 'NONE',  ( 0.3600000000000000422, -4.830679945108999895, 5.424999999998999733 ) ) ;
#5273 = EDGE_LOOP ( 'NONE', ( #8170, #1161, #10460, #3517 ) ) ;
#5274 = ORIENTED_EDGE ( 'NONE', *, *, #5211, .T. ) ;
#5275 = VERTEX_POINT ( 'NONE', #1895 ) ;
#5276 = CARTESIAN_POINT ( 'NONE',  ( 1.280000000000000027, -7.894999999999999574, 6.749999999998999911 ) ) ;
#5277 = CARTESIAN_POINT ( 'NONE',  ( 1.280000000000000027, -3.894999999999999574, 7.799999999998999733 ) ) ;
#5278 = ORIENTED_EDGE ( 'NONE', *, *, #929, .T. ) ;
#5279 = LINE ( 'NONE', #1090, #9612 ) ;
#5280 = LINE ( 'NONE', #8788, #2740 ) ;
#5281 = LINE ( 'NONE', #8789, #9900 ) ;
#5282 = CARTESIAN_POINT ( 'NONE',  ( 1.580000000000000071, -4.337947837308999688, 3.395675242495999946 ) ) ;
#5283 = FACE_OUTER_BOUND ( 'NONE', #5714, .T. ) ;
#5284 = ORIENTED_EDGE ( 'NONE', *, *, #9845, .T. ) ;
#5285 = DIRECTION ( 'NONE',  ( 0.000000000000000000, 0.000000000000000000, 1.000000000000000000 ) ) ;
#5286 = VECTOR ( 'NONE', #8527, 1000.000000000000000 ) ;
#5287 = VERTEX_POINT ( 'NONE', #5396 ) ;
#5288 = CARTESIAN_POINT ( 'NONE',  ( 0.3600000000000000422, -4.830679945108999895, 5.424999999998999733 ) ) ;
#5289 = VERTEX_POINT ( 'NONE', #10769 ) ;
#5290 = EDGE_CURVE ( 'NONE', #3791, #1388, #8786, .T. ) ;
#5291 = PLANE ( 'NONE',  #4834 ) ;
#5292 = FACE_OUTER_BOUND ( 'NONE', #7549, .T. ) ;
#5293 = DIRECTION ( 'NONE',  ( 0.000000000000000000, 0.000000000000000000, 1.000000000000000000 ) ) ;
#5294 = CARTESIAN_POINT ( 'NONE',  ( 1.279999999998999716, -1.110000000000999743, -0.7048473225369999984 ) ) ;
#5295 = STYLED_ITEM ( 'NONE', ( #9302 ), #8198 ) ;
#5296 = EDGE_LOOP ( 'NONE', ( #4600, #3881, #7457, #8218 ) ) ;
#5297 = CARTESIAN_POINT ( 'NONE',  ( -1.579999999998999982, -3.894999999999999574, 4.383769826401000991 ) ) ;
#5298 = PLANE ( 'NONE',  #2976 ) ;
#5299 = DIRECTION ( 'NONE',  ( 0.000000000000000000, 0.000000000000000000, 1.000000000000000000 ) ) ;
#5300 = VERTEX_POINT ( 'NONE', #8904 ) ;
#5301 = EDGE_CURVE ( 'NONE', #1229, #127, #9858, .T. ) ;
#5302 = EDGE_CURVE ( 'NONE', #6068, #3613, #160, .T. ) ;
#5303 = CARTESIAN_POINT ( 'NONE',  ( 1.430000000000000160, -4.571077182464999389, 2.719600141541999694 ) ) ;
#5304 = DIRECTION ( 'NONE',  ( 1.000000000000000000, 0.000000000000000000, 0.000000000000000000 ) ) ;
#5305 = VECTOR ( 'NONE', #6486, 1000.000000000000000 ) ;
#5306 = DIRECTION ( 'NONE',  ( 0.000000000000000000, -1.000000000000000000, 0.000000000000000000 ) ) ;
#5307 = CARTESIAN_POINT ( 'NONE',  ( 0.3599999999990000088, -8.831833331044999014, 2.425086503945000249 ) ) ;
#5308 = EDGE_CURVE ( 'NONE', #9633, #1403, #223, .T. ) ;
#5309 = VERTEX_POINT ( 'NONE', #2005 ) ;
#5310 = DIRECTION ( 'NONE',  ( 0.000000000000000000, 0.000000000000000000, 1.000000000000000000 ) ) ;
#5311 = VECTOR ( 'NONE', #11034, 1000.000000000000000 ) ;
#5312 = ORIENTED_EDGE ( 'NONE', *, *, #6029, .F. ) ;
#5313 = PLANE ( 'NONE',  #8076 ) ;
#5314 = EDGE_LOOP ( 'NONE', ( #3196, #7755, #6466, #8447 ) ) ;
#5315 = EDGE_CURVE ( 'NONE', #6431, #4009, #9012, .T. ) ;
#5316 = VERTEX_POINT ( 'NONE', #3830 ) ;
#5317 = CARTESIAN_POINT ( 'NONE',  ( -1.579999999998999982, 1.904999999999000382, -1.899999999998999822 ) ) ;
#5319 = CARTESIAN_POINT ( 'NONE',  ( 1.279999999998999716, 2.555000000000000160, -1.899999999998999822 ) ) ;
#5318 = VECTOR ( 'NONE', #1042, 1000.000000000000000 ) ;
#5320 = EDGE_CURVE ( 'NONE', #10765, #4253, #9286, .T. ) ;
#5321 = VECTOR ( 'NONE', #5124, 1000.000000000000114 ) ;
#5322 = DIRECTION ( 'NONE',  ( -1.075827036997393753E-16, 0.9848077530123608980, 0.1736481776660634968 ) ) ;
#5323 = ORIENTED_EDGE ( 'NONE', *, *, #9589, .F. ) ;
#5324 = LINE ( 'NONE', #7920, #1726 ) ;
#5325 = DIRECTION ( 'NONE',  ( 0.000000000000000000, -1.000000000000000000, 2.168404344971000240E-16 ) ) ;
#5326 = EDGE_LOOP ( 'NONE', ( #9063, #10567, #8730, #10484 ) ) ;
#5327 = LINE ( 'NONE', #1720, #8507 ) ;
#5328 = VECTOR ( 'NONE', #3227, 1000.000000000000000 ) ;
#5329 = VECTOR ( 'NONE', #1483, 1000.000000000000000 ) ;
#5330 = VERTEX_POINT ( 'NONE', #9118 ) ;
#5331 = VERTEX_POINT ( 'NONE', #5673 ) ;
#5332 = ORIENTED_EDGE ( 'NONE', *, *, #1112, .F. ) ;
#5333 = CARTESIAN_POINT ( 'NONE',  ( -1.283359173347000004, -6.948953084893999765, 3.302788191369000259 ) ) ;
#5334 = VECTOR ( 'NONE', #7253, 1000.000000000000114 ) ;
#5335 = LINE ( 'NONE', #10719, #10826 ) ;
#5336 = ORIENTED_EDGE ( 'NONE', *, *, #7139, .F. ) ;
#5337 = CARTESIAN_POINT ( 'NONE',  ( -0.3599999999990000088, -4.830679945108999895, 2.625000000000000000 ) ) ;
#5338 = LINE ( 'NONE', #3726, #11155 ) ;
#5339 = EDGE_CURVE ( 'NONE', #5978, #7815, #1421, .T. ) ;
#5340 = DIRECTION ( 'NONE',  ( -1.000000000000000000, 1.239088197125999924E-16, 0.000000000000000000 ) ) ;
#5341 = CARTESIAN_POINT ( 'NONE',  ( 1.257496438739000189, -3.894999999999999574, 0.000000000000000000 ) ) ;
#5342 = ADVANCED_FACE ( 'NONE', ( #2119 ), #3946, .F. ) ;
#5343 = DIRECTION ( 'NONE',  ( -1.000000000000000000, 0.000000000000000000, 1.215473287538999910E-16 ) ) ;
#5344 = AXIS2_PLACEMENT_3D ( 'NONE', #7272, #2786, #8238 ) ;
#5345 = ORIENTED_EDGE ( 'NONE', *, *, #6135, .T. ) ;
#5346 = CARTESIAN_POINT ( 'NONE',  ( 1.280000000000000027, -3.894999999999999574, 8.000000000000000000 ) ) ;
#5347 = ORIENTED_EDGE ( 'NONE', *, *, #3840, .F. ) ;
#5348 = CARTESIAN_POINT ( 'NONE',  ( -1.280000000000000027, -8.294999999999999929, 6.749999999998999911 ) ) ;
#5349 = ORIENTED_EDGE ( 'NONE', *, *, #2720, .T. ) ;
#5350 = VECTOR ( 'NONE', #3484, 1000.000000000000000 ) ;
#5351 = FACE_OUTER_BOUND ( 'NONE', #10377, .T. ) ;
#5352 = DIRECTION ( 'NONE',  ( 1.239088197125999924E-16, -1.000000000000000000, 0.000000000000000000 ) ) ;
#5353 = CARTESIAN_POINT ( 'NONE',  ( 0.3600000000000000422, -8.830679945108999007, 6.625000000000000000 ) ) ;
#5354 = DIRECTION ( 'NONE',  ( 0.000000000000000000, 0.000000000000000000, 1.000000000000000000 ) ) ;
#5355 = EDGE_CURVE ( 'NONE', #10716, #7919, #2230, .T. ) ;
#5357 = ORIENTED_EDGE ( 'NONE', *, *, #5120, .T. ) ;
#5356 = VECTOR ( 'NONE', #2837, 1000.000000000000000 ) ;
#5358 = LINE ( 'NONE', #8865, #10323 ) ;
#5359 = DIRECTION ( 'NONE',  ( -1.000000000000000000, 0.000000000000000000, 1.215473287538999910E-16 ) ) ;
#5360 = CARTESIAN_POINT ( 'NONE',  ( -1.279999999998999716, -3.894999999999999574, 0.2999999999999999889 ) ) ;
#5361 = ORIENTED_EDGE ( 'NONE', *, *, #2080, .T. ) ;
#5362 = LINE ( 'NONE', #3862, #9593 ) ;
#5363 = DIRECTION ( 'NONE',  ( 0.000000000000000000, 1.000000000000000000, -2.168404344971000240E-16 ) ) ;
#5364 =( NAMED_UNIT ( * ) PLANE_ANGLE_UNIT ( ) SI_UNIT ( $, .RADIAN. ) );
#5365 = PLANE ( 'NONE',  #377 ) ;
#5366 = EDGE_CURVE ( 'NONE', #3720, #7073, #11070, .T. ) ;
#5367 = ORIENTED_EDGE ( 'NONE', *, *, #5355, .T. ) ;
#5368 = CARTESIAN_POINT ( 'NONE',  ( 0.3599999999990000088, -8.830679945108999007, 2.925000000000000266 ) ) ;
#5369 = ORIENTED_EDGE ( 'NONE', *, *, #2484, .F. ) ;
#5370 = LINE ( 'NONE', #1187, #9708 ) ;
#5371 = ORIENTED_EDGE ( 'NONE', *, *, #7348, .F. ) ;
#5372 = ORIENTED_EDGE ( 'NONE', *, *, #8048, .T. ) ;
#5373 = LINE ( 'NONE', #8248, #4508 ) ;
#5374 = PRESENTATION_LAYER_ASSIGNMENT (  '', '', ( #9958 ) ) ;
#5375 = LINE ( 'NONE', #1024, #1503 ) ;
#5376 = VECTOR ( 'NONE', #257, 1000.000000000000000 ) ;
#5377 = CARTESIAN_POINT ( 'NONE',  ( 0.3599999999990000088, -4.830679945108999895, 2.625000000000000000 ) ) ;
#5378 = VECTOR ( 'NONE', #3965, 1000.000000000000114 ) ;
#5379 = VECTOR ( 'NONE', #1944, 1000.000000000000000 ) ;
#5380 = EDGE_CURVE ( 'NONE', #1930, #340, #4868, .T. ) ;
#5381 = EDGE_CURVE ( 'NONE', #2011, #6669, #7349, .T. ) ;
#5382 = EDGE_LOOP ( 'NONE', ( #6909, #7389, #3200, #2865 ) ) ;
#5383 = AXIS2_PLACEMENT_3D ( 'NONE', #11084, #3236, #10223 ) ;
#5384 = DIRECTION ( 'NONE',  ( 1.000000000000000000, 0.000000000000000000, 1.215473287538999910E-16 ) ) ;
#5385 = CARTESIAN_POINT ( 'NONE',  ( -0.3599999999990000088, -9.330679945108999007, 1.925000000000000044 ) ) ;
#5386 = ORIENTED_EDGE ( 'NONE', *, *, #5651, .F. ) ;
#5387 = LINE ( 'NONE', #5010, #6496 ) ;
#5388 = VERTEX_POINT ( 'NONE', #10827 ) ;
#5389 = EDGE_CURVE ( 'NONE', #3087, #3317, #7574, .T. ) ;
#5390 = ORIENTED_EDGE ( 'NONE', *, *, #844, .F. ) ;
#5391 = EDGE_LOOP ( 'NONE', ( #748, #8710, #889, #6188 ) ) ;
#5392 = PLANE ( 'NONE',  #469 ) ;
#5393 = CARTESIAN_POINT ( 'NONE',  ( -0.1000000000000000056, -2.944999999999999840, 0.000000000000000000 ) ) ;
#5394 = VECTOR ( 'NONE', #153, 1000.000000000000000 ) ;
#5395 = ORIENTED_EDGE ( 'NONE', *, *, #3644, .T. ) ;
#5396 = CARTESIAN_POINT ( 'NONE',  ( -1.279999999998999716, -3.594999999999999751, 4.283769826401000458 ) ) ;
#5397 = LINE ( 'NONE', #1092, #7149 ) ;
#5398 = DIRECTION ( 'NONE',  ( 0.000000000000000000, 0.000000000000000000, 1.000000000000000000 ) ) ;
#5399 = DIRECTION ( 'NONE',  ( 0.000000000000000000, -1.000000000000000000, 2.167154562174000065E-16 ) ) ;
#5400 = AXIS2_PLACEMENT_3D ( 'NONE', #5276, #9749, #2696 ) ;
#5401 = CARTESIAN_POINT ( 'NONE',  ( 0.1000000000000000056, 2.304999999999000515, -1.600000000000000089 ) ) ;
#5402 = EDGE_CURVE ( 'NONE', #4253, #5920, #7404, .T. ) ;
#5403 = ORIENTED_EDGE ( 'NONE', *, *, #10255, .F. ) ;
#5404 = LINE ( 'NONE', #8047, #7262 ) ;
#5405 = VERTEX_POINT ( 'NONE', #10137 ) ;
#5406 = VECTOR ( 'NONE', #3320, 1000.000000000000000 ) ;
#5407 = EDGE_CURVE ( 'NONE', #6066, #1403, #10992, .T. ) ;
#5408 = VERTEX_POINT ( 'NONE', #6597 ) ;
#5409 = DIRECTION ( 'NONE',  ( 1.284980352574999780E-16, -1.000000000000000000, 4.336808689942000480E-16 ) ) ;
#5410 = VECTOR ( 'NONE', #5139, 1000.000000000000000 ) ;
#5411 = ORIENTED_EDGE ( 'NONE', *, *, #5987, .T. ) ;
#5412 = PLANE ( 'NONE',  #4662 ) ;
#5413 = CARTESIAN_POINT ( 'NONE',  ( 0.3599999999990000088, -4.830679945108999895, 2.925000000000000266 ) ) ;
#5414 = SURFACE_SIDE_STYLE ('',( #10679 ) ) ;
#5415 = FACE_OUTER_BOUND ( 'NONE', #5989, .T. ) ;
#5416 = VECTOR ( 'NONE', #409, 1000.000000000000114 ) ;
#5417 = VECTOR ( 'NONE', #3734, 1000.000000000000000 ) ;
#5418 = VERTEX_POINT ( 'NONE', #5733 ) ;
#5419 = DIRECTION ( 'NONE',  ( -1.239088197125999924E-16, -1.000000000000000000, 0.000000000000000000 ) ) ;
#5420 = LINE ( 'NONE', #5471, #781 ) ;
#5421 = CARTESIAN_POINT ( 'NONE',  ( -0.3599999999990000088, -4.829526559172999889, 2.124913496054000372 ) ) ;
#5422 = ORIENTED_EDGE ( 'NONE', *, *, #118, .T. ) ;
#5423 = CARTESIAN_POINT ( 'NONE',  ( 1.280000000000000027, 3.504999999999000249, 4.915278589676999488 ) ) ;
#5424 = DIRECTION ( 'NONE',  ( -1.000000000000000000, 0.000000000000000000, 1.215473287538999910E-16 ) ) ;
#5425 = VECTOR ( 'NONE', #2810, 1000.000000000000000 ) ;
#5426 = CARTESIAN_POINT ( 'NONE',  ( -0.3499999999989999999, -5.330679945108999007, 1.924999999998999956 ) ) ;
#5427 = LINE ( 'NONE', #8186, #4239 ) ;
#5428 = EDGE_LOOP ( 'NONE', ( #7255, #1627, #5647, #4711 ) ) ;
#5429 = DIRECTION ( 'NONE',  ( -0.000000000000000000, 1.000000000000000000, 0.000000000000000000 ) ) ;
#5430 = VERTEX_POINT ( 'NONE', #1308 ) ;
#5431 = DIRECTION ( 'NONE',  ( -1.000000000000000000, 0.000000000000000000, 0.000000000000000000 ) ) ;
#5432 = ORIENTED_EDGE ( 'NONE', *, *, #5380, .T. ) ;
#5433 = LINE ( 'NONE', #8940, #3595 ) ;
#5434 = EDGE_CURVE ( 'NONE', #1415, #6179, #4701, .T. ) ;
#5435 = FACE_OUTER_BOUND ( 'NONE', #3940, .T. ) ;
#5436 = LINE ( 'NONE', #3654, #1295 ) ;
#5437 = ORIENTED_EDGE ( 'NONE', *, *, #5866, .T. ) ;
#5438 = PLANE ( 'NONE',  #9425 ) ;
#5439 = DIRECTION ( 'NONE',  ( 1.000000000000000000, 0.000000000000000000, 1.215473287538999910E-16 ) ) ;
#5440 = ORIENTED_EDGE ( 'NONE', *, *, #6373, .T. ) ;
#5441 = DIRECTION ( 'NONE',  ( 0.000000000000000000, 1.000000000000000000, 0.000000000000000000 ) ) ;
#5442 = ORIENTED_EDGE ( 'NONE', *, *, #9452, .F. ) ;
#5443 = ORIENTED_EDGE ( 'NONE', *, *, #2307, .F. ) ;
#5444 = EDGE_LOOP ( 'NONE', ( #2227, #6255, #11345, #7113 ) ) ;
#5445 = CARTESIAN_POINT ( 'NONE',  ( 0.3499999999999999778, -8.830679945108999007, 4.424999999998999733 ) ) ;
#5446 = LINE ( 'NONE', #5393, #9376 ) ;
#5447 = EDGE_CURVE ( 'NONE', #8926, #3613, #5035, .T. ) ;
#5448 = LINE ( 'NONE', #10602, #8708 ) ;
#5449 = ADVANCED_FACE ( 'NONE', ( #2981 ), #10026, .T. ) ;
#5450 = DIRECTION ( 'NONE',  ( 0.000000000000000000, 0.000000000000000000, -1.000000000000000000 ) ) ;
#5451 = LINE ( 'NONE', #6200, #1662 ) ;
#5452 = DIRECTION ( 'NONE',  ( -2.487778908865945165E-16, -0.5000000000001899592, 0.8660254037843289066 ) ) ;
#5453 = DIRECTION ( 'NONE',  ( 0.000000000000000000, 0.000000000000000000, -1.000000000000000000 ) ) ;
#5454 = EDGE_CURVE ( 'NONE', #4306, #9470, #3089, .T. ) ;
#5455 = ORIENTED_EDGE ( 'NONE', *, *, #1809, .T. ) ;
#5456 = FILL_AREA_STYLE ('',( #2127 ) ) ;
#5457 = ORIENTED_EDGE ( 'NONE', *, *, #9407, .F. ) ;
#5458 = VERTEX_POINT ( 'NONE', #5792 ) ;
#5459 = CARTESIAN_POINT ( 'NONE',  ( 1.579999999998999982, 2.385829949784000537, 4.915278589676999488 ) ) ;
#5460 = VERTEX_POINT ( 'NONE', #5618 ) ;
#5461 = DIRECTION ( 'NONE',  ( -1.000000000000000000, 0.000000000000000000, 1.807003620808999850E-16 ) ) ;
#5462 = DIRECTION ( 'NONE',  ( 0.000000000000000000, -1.000000000000000000, 1.025596649647999987E-16 ) ) ;
#5463 = CARTESIAN_POINT ( 'NONE',  ( -0.09999999999899999992, -1.695000000000999707, -1.600000000000000089 ) ) ;
#5464 = ADVANCED_FACE ( 'NONE', ( #567 ), #8209, .F. ) ;
#5465 = DIRECTION ( 'NONE',  ( 1.000000000000000000, 0.000000000000000000, 0.000000000000000000 ) ) ;
#5466 = EDGE_CURVE ( 'NONE', #5218, #3282, #4064, .T. ) ;
#5467 = DIRECTION ( 'NONE',  ( -7.132909029508998382E-17, 0.000000000000000000, -1.000000000000000000 ) ) ;
#5468 = COLOUR_RGB ( '',0.7921568627450980005, 0.8196078431372548767, 0.9333333333333333481 ) ;
#5469 = ORIENTED_EDGE ( 'NONE', *, *, #880, .T. ) ;
#5470 = DIRECTION ( 'NONE',  ( 0.000000000000000000, 0.000000000000000000, -1.000000000000000000 ) ) ;
#5471 = CARTESIAN_POINT ( 'NONE',  ( 1.280000000000000027, -9.544999999998998064, 1.249999999998999911 ) ) ;
#5472 = FACE_OUTER_BOUND ( 'NONE', #1532, .T. ) ;
#5473 = ORIENTED_EDGE ( 'NONE', *, *, #9169, .F. ) ;
#5474 = PLANE ( 'NONE',  #8514 ) ;
#5475 = CARTESIAN_POINT ( 'NONE',  ( 0.3599999999990000088, -5.330679945108999007, 1.924999999998999956 ) ) ;
#5476 = DIRECTION ( 'NONE',  ( 0.000000000000000000, 0.000000000000000000, -1.000000000000000000 ) ) ;
#5477 = AXIS2_PLACEMENT_3D ( 'NONE', #2324, #7492, #5828 ) ;
#5478 = AXIS2_PLACEMENT_3D ( 'NONE', #10041, #4016, #5692 ) ;
#5479 = EDGE_CURVE ( 'NONE', #7020, #4308, #11164, .T. ) ;
#5480 = CARTESIAN_POINT ( 'NONE',  ( 0.1000000000000000056, 0.3049999999990000710, 0.000000000000000000 ) ) ;
#5481 = ADVANCED_FACE ( 'NONE', ( #8553 ), #628, .T. ) ;
#5482 = VERTEX_POINT ( 'NONE', #11221 ) ;
#5483 = PLANE ( 'NONE',  #2997 ) ;
#5484 = VECTOR ( 'NONE', #7463, 1000.000000000000000 ) ;
#5485 = ORIENTED_EDGE ( 'NONE', *, *, #8313, .F. ) ;
#5486 = CARTESIAN_POINT ( 'NONE',  ( 1.279999999998999716, 2.054999999999000515, -0.8999999999990000443 ) ) ;
#5487 = ORIENTED_EDGE ( 'NONE', *, *, #6286, .T. ) ;
#5488 = DIRECTION ( 'NONE',  ( 1.000000000000000000, 1.239088197125999924E-16, 0.000000000000000000 ) ) ;
#5489 = CARTESIAN_POINT ( 'NONE',  ( -0.3499999999999999778, -9.395000000000001350, 7.870000000000000107 ) ) ;
#5490 = CARTESIAN_POINT ( 'NONE',  ( 1.280000000000000027, -2.194999999999999840, -1.899999999998999822 ) ) ;
#5491 = CLOSED_SHELL ( 'NONE', ( #470, #1080, #3358, #179, #848, #9036 ) ) ;
#5492 = VECTOR ( 'NONE', #10245, 1000.000000000000000 ) ;
#5493 = ORIENTED_EDGE ( 'NONE', *, *, #4560, .T. ) ;
#5494 = EDGE_CURVE ( 'NONE', #2631, #2181, #3380, .T. ) ;
#5495 = CARTESIAN_POINT ( 'NONE',  ( 0.3499999999989999999, -4.830679945108999895, 4.924999999999999822 ) ) ;
#5496 = ORIENTED_EDGE ( 'NONE', *, *, #1340, .F. ) ;
#5497 = CARTESIAN_POINT ( 'NONE',  ( 0.3600000000000000422, -4.830679945108999895, 5.424999999998999733 ) ) ;
#5498 = VERTEX_POINT ( 'NONE', #7747 ) ;
#5499 = EDGE_LOOP ( 'NONE', ( #10247, #8550, #9074, #2753 ) ) ;
#5500 = ORIENTED_EDGE ( 'NONE', *, *, #771, .T. ) ;
#5501 = DIRECTION ( 'NONE',  ( 0.000000000000000000, 0.000000000000000000, 1.000000000000000000 ) ) ;
#5502 = LINE ( 'NONE', #3724, #7410 ) ;
#5503 = FACE_OUTER_BOUND ( 'NONE', #11168, .T. ) ;
#5504 = PLANE ( 'NONE',  #1074 ) ;
#5505 = VECTOR ( 'NONE', #9089, 1000.000000000000000 ) ;
#5506 = CARTESIAN_POINT ( 'NONE',  ( -0.3499999999999999778, -8.830679945108999007, 4.625000000000000000 ) ) ;
#5507 = DIRECTION ( 'NONE',  ( 0.000000000000000000, -1.000000000000000000, 0.000000000000000000 ) ) ;
#5508 = FACE_OUTER_BOUND ( 'NONE', #8370, .T. ) ;
#5509 = VECTOR ( 'NONE', #397, 1000.000000000000000 ) ;
#5510 = VERTEX_POINT ( 'NONE', #2562 ) ;
#5511 = VECTOR ( 'NONE', #3891, 1000.000000000000000 ) ;
#5512 = EDGE_CURVE ( 'NONE', #8333, #6914, #6882, .T. ) ;
#5513 = CARTESIAN_POINT ( 'NONE',  ( 1.279999999998999716, 2.204999999999000426, -1.899999999998999822 ) ) ;
#5514 = VECTOR ( 'NONE', #1921, 1000.000000000000000 ) ;
#5515 = ORIENTED_EDGE ( 'NONE', *, *, #9056, .T. ) ;
#5516 = ORIENTED_EDGE ( 'NONE', *, *, #8511, .F. ) ;
#5517 = CARTESIAN_POINT ( 'NONE',  ( -1.579999999998999982, -1.545000000000999796, -1.899999999998999822 ) ) ;
#5518 = VERTEX_POINT ( 'NONE', #801 ) ;
#5519 = CARTESIAN_POINT ( 'NONE',  ( 0.3600000000000000422, -8.830679945108999007, 4.924999999999999822 ) ) ;
#5520 = CARTESIAN_POINT ( 'NONE',  ( 1.579999999998999982, 3.804999999999000071, 0.3999999999989999888 ) ) ;
#5521 = CARTESIAN_POINT ( 'NONE',  ( -1.430000000000000160, -4.571077182464999389, 6.330399858456999596 ) ) ;
#5522 = AXIS2_PLACEMENT_3D ( 'NONE', #603, #7487, #8528 ) ;
#5523 = VECTOR ( 'NONE', #3679, 1000.000000000000114 ) ;
#5524 = PLANE ( 'NONE',  #3508 ) ;
#5525 = EDGE_CURVE ( 'NONE', #2912, #10078, #10418, .T. ) ;
#5526 = DIRECTION ( 'NONE',  ( 0.000000000000000000, 0.000000000000000000, 1.000000000000000000 ) ) ;
#5527 = ADVANCED_FACE ( 'NONE', ( #1482 ), #10197, .F. ) ;
#5528 = LINE ( 'NONE', #1857, #7405 ) ;
#5529 = CARTESIAN_POINT ( 'NONE',  ( 1.580000000000000071, 5.724170050214999250, 4.915278589676999488 ) ) ;
#5530 = AXIS2_PLACEMENT_3D ( 'NONE', #9219, #9053, #6474 ) ;
#5531 = FACE_OUTER_BOUND ( 'NONE', #1658, .T. ) ;
#5532 = ORIENTED_EDGE ( 'NONE', *, *, #792, .T. ) ;
#5533 = ADVANCED_FACE ( 'NONE', ( #5969 ), #10703, .F. ) ;
#5534 = DIRECTION ( 'NONE',  ( 0.000000000000000000, -1.000000000000000000, 1.025596649647999987E-16 ) ) ;
#5535 = PLANE ( 'NONE',  #2477 ) ;
#5536 = PLANE ( 'NONE',  #4247 ) ;
#5537 = VECTOR ( 'NONE', #6561, 1000.000000000000000 ) ;
#5538 = EDGE_CURVE ( 'NONE', #8430, #720, #11109, .T. ) ;
#5539 = EDGE_LOOP ( 'NONE', ( #2465, #7104, #8781, #8675 ) ) ;
#5540 = CARTESIAN_POINT ( 'NONE',  ( -1.080000000000000071, -3.594999999999999751, 0.2999999999999999889 ) ) ;
#5541 = EDGE_CURVE ( 'NONE', #3877, #9698, #4238, .T. ) ;
#5542 = ORIENTED_EDGE ( 'NONE', *, *, #10903, .F. ) ;
#5543 = PLANE ( 'NONE',  #6611 ) ;
#5544 = EDGE_CURVE ( 'NONE', #7411, #6772, #3261, .T. ) ;
#5545 = ORIENTED_EDGE ( 'NONE', *, *, #3095, .T. ) ;
#5546 = EDGE_CURVE ( 'NONE', #1935, #2171, #9342, .T. ) ;
#5547 = CARTESIAN_POINT ( 'NONE',  ( -0.3599999999990000088, -8.830679945108999007, 2.625000000000000000 ) ) ;
#5548 = VECTOR ( 'NONE', #1389, 1000.000000000000000 ) ;
#5549 = FACE_OUTER_BOUND ( 'NONE', #3583, .T. ) ;
#5550 = DIRECTION ( 'NONE',  ( 0.000000000000000000, 0.000000000000000000, 1.000000000000000000 ) ) ;
#5551 = ORIENTED_EDGE ( 'NONE', *, *, #7348, .T. ) ;
#5552 = LINE ( 'NONE', #3716, #7776 ) ;
#5553 = EDGE_CURVE ( 'NONE', #8424, #7263, #6017, .T. ) ;
#5554 = VERTEX_POINT ( 'NONE', #9509 ) ;
#5555 = DIRECTION ( 'NONE',  ( 0.000000000000000000, -1.000000000000000000, 2.168404344971000240E-16 ) ) ;
#5556 = ORIENTED_EDGE ( 'NONE', *, *, #6117, .F. ) ;
#5557 = ORIENTED_EDGE ( 'NONE', *, *, #785, .T. ) ;
#5558 = VERTEX_POINT ( 'NONE', #2458 ) ;
#5559 = CARTESIAN_POINT ( 'NONE',  ( -1.580000000000000071, -8.294999999999999929, 6.749999999998999911 ) ) ;
#5560 = DIRECTION ( 'NONE',  ( 0.000000000000000000, 0.000000000000000000, 1.000000000000000000 ) ) ;
#5561 = DIRECTION ( 'NONE',  ( -1.000000000000000000, 0.000000000000000000, 1.215473287538999910E-16 ) ) ;
#5562 = AXIS2_PLACEMENT_3D ( 'NONE', #8063, #302, #2891 ) ;
#5563 = CARTESIAN_POINT ( 'NONE',  ( 1.580000000000000071, -2.544188695136999634, 0.2999999999999999889 ) ) ;
#5564 = CARTESIAN_POINT ( 'NONE',  ( -0.3600000000000000422, -4.830679945108999895, 4.424999999998999733 ) ) ;
#5565 = LINE ( 'NONE', #2926, #7531 ) ;
#5566 = VECTOR ( 'NONE', #10630, 1000.000000000000000 ) ;
#5567 = ORIENTED_EDGE ( 'NONE', *, *, #9230, .F. ) ;
#5568 = VERTEX_POINT ( 'NONE', #6764 ) ;
#5569 = VECTOR ( 'NONE', #4980, 1000.000000000000000 ) ;
#5570 = VECTOR ( 'NONE', #970, 1000.000000000000000 ) ;
#5571 = ORIENTED_EDGE ( 'NONE', *, *, #9610, .F. ) ;
#5572 = DIRECTION ( 'NONE',  ( 0.000000000000000000, -1.000000000000000000, 0.000000000000000000 ) ) ;
#5573 = VERTEX_POINT ( 'NONE', #8606 ) ;
#5574 = VECTOR ( 'NONE', #7256, 1000.000000000000000 ) ;
#5575 = DIRECTION ( 'NONE',  ( 0.000000000000000000, 1.000000000000000000, 2.168404344971000191E-15 ) ) ;
#5576 = LINE ( 'NONE', #9082, #10172 ) ;
#5577 = ADVANCED_FACE ( 'NONE', ( #1653 ), #8666, .F. ) ;
#5578 = LINE ( 'NONE', #10564, #3454 ) ;
#5579 = FACE_OUTER_BOUND ( 'NONE', #155, .T. ) ;
#5580 = VECTOR ( 'NONE', #4422, 1000.000000000000000 ) ;
#5581 = CARTESIAN_POINT ( 'NONE',  ( 1.280000000000000027, -2.544188695136999634, 0.2999999999999999889 ) ) ;
#5582 = VECTOR ( 'NONE', #7380, 1000.000000000000000 ) ;
#5583 = CARTESIAN_POINT ( 'NONE',  ( 1.280000000000000027, -8.294999999999999929, 2.599999999999000000 ) ) ;
#5584 = CARTESIAN_POINT ( 'NONE',  ( -1.251501579824999988, -6.198274308341999550, 3.242520405653000370 ) ) ;
#5585 = CARTESIAN_POINT ( 'NONE',  ( -0.3600000000000000422, -4.830679945108999895, 6.924999999999999822 ) ) ;
#5586 = DIRECTION ( 'NONE',  ( -1.284980352574999780E-16, 1.000000000000000000, 0.000000000000000000 ) ) ;
#5587 = EDGE_LOOP ( 'NONE', ( #8778, #9109, #2439, #8678 ) ) ;
#5588 = LINE ( 'NONE', #7379, #2084 ) ;
#5589 = CARTESIAN_POINT ( 'NONE',  ( -1.280000000000000027, 3.504999999999000249, 4.915278589676999488 ) ) ;
#5590 = EDGE_CURVE ( 'NONE', #540, #9242, #6195, .T. ) ;
#5591 = LINE ( 'NONE', #8873, #9138 ) ;
#5592 = EDGE_CURVE ( 'NONE', #8546, #3923, #4150, .T. ) ;
#5593 = DIRECTION ( 'NONE',  ( -1.807003620808999850E-16, 0.000000000000000000, 1.000000000000000000 ) ) ;
#5594 = VECTOR ( 'NONE', #7474, 1000.000000000000000 ) ;
#5595 = EDGE_CURVE ( 'NONE', #11219, #2967, #9431, .T. ) ;
#5596 = ORIENTED_EDGE ( 'NONE', *, *, #6667, .F. ) ;
#5597 = DIRECTION ( 'NONE',  ( 0.000000000000000000, 1.000000000000000000, 0.000000000000000000 ) ) ;
#5598 = VERTEX_POINT ( 'NONE', #2367 ) ;
#5599 = CARTESIAN_POINT ( 'NONE',  ( -1.279999999998999716, -6.198188976494999558, 6.243605239433999365 ) ) ;
#5600 = VECTOR ( 'NONE', #9622, 1000.000000000000000 ) ;
#5601 = ORIENTED_EDGE ( 'NONE', *, *, #11218, .T. ) ;
#5602 = DIRECTION ( 'NONE',  ( -1.270804703590999957E-32, 1.025596649647999987E-16, 1.000000000000000000 ) ) ;
#5603 = VECTOR ( 'NONE', #2237, 1000.000000000000000 ) ;
#5604 = ORIENTED_EDGE ( 'NONE', *, *, #2890, .T. ) ;
#5605 = EDGE_CURVE ( 'NONE', #917, #2621, #9689, .T. ) ;
#5606 = PLANE ( 'NONE',  #8656 ) ;
#5607 = DIRECTION ( 'NONE',  ( -1.000000000000000000, 0.000000000000000000, 1.215473287538999910E-16 ) ) ;
#5608 = AXIS2_PLACEMENT_3D ( 'NONE', #7617, #4045, #9389 ) ;
#5609 = ADVANCED_FACE ( 'NONE', ( #107 ), #1509, .F. ) ;
#5610 = ORIENTED_EDGE ( 'NONE', *, *, #6044, .T. ) ;
#5611 = LINE ( 'NONE', #9059, #5379 ) ;
#5612 = ORIENTED_EDGE ( 'NONE', *, *, #7537, .F. ) ;
#5613 = CARTESIAN_POINT ( 'NONE',  ( 0.3600000000000000422, -8.830679945108999007, 6.424999999999999822 ) ) ;
#5614 = ORIENTED_EDGE ( 'NONE', *, *, #905, .F. ) ;
#5615 = VERTEX_POINT ( 'NONE', #920 ) ;
#5616 = VERTEX_POINT ( 'NONE', #3287 ) ;
#5617 = CARTESIAN_POINT ( 'NONE',  ( 1.430000000000000160, -2.944999999999999840, 0.000000000000000000 ) ) ;
#5618 = CARTESIAN_POINT ( 'NONE',  ( -0.09999999999899999992, 2.704999999998999982, -1.600000000000000089 ) ) ;
#5619 = CARTESIAN_POINT ( 'NONE',  ( 1.280000000000000027, -2.979999999999999538, -0.7048473225369999984 ) ) ;
#5620 = CARTESIAN_POINT ( 'NONE',  ( -1.279999999998999716, 2.989999999999000568, -0.7048473225369999984 ) ) ;
#5621 = CARTESIAN_POINT ( 'NONE',  ( -1.429999999999000071, -1.983341451230999697, 4.273192623120999123 ) ) ;
#5622 = EDGE_CURVE ( 'NONE', #4128, #2046, #1831, .T. ) ;
#5623 = ADVANCED_FACE ( 'NONE', ( #10545 ), #4476, .F. ) ;
#5624 = EDGE_LOOP ( 'NONE', ( #2349, #7415, #4269, #8134 ) ) ;
#5625 = SURFACE_STYLE_USAGE ( .BOTH. , #2876 ) ;
#5626 = ORIENTED_EDGE ( 'NONE', *, *, #3077, .T. ) ;
#5627 = ORIENTED_EDGE ( 'NONE', *, *, #1112, .T. ) ;
#5628 = EDGE_LOOP ( 'NONE', ( #9150, #3273, #3301, #10926, #8845, #3332, #3955, #5493, #4577, #2882, #9128, #2559 ) ) ;
#5629 = DIRECTION ( 'NONE',  ( 0.000000000000000000, 0.000000000000000000, 1.000000000000000000 ) ) ;
#5630 = ORIENTED_EDGE ( 'NONE', *, *, #8978, .T. ) ;
#5631 = FACE_OUTER_BOUND ( 'NONE', #7569, .T. ) ;
#5632 = CARTESIAN_POINT ( 'NONE',  ( -1.280000000000000027, -6.942054513798999515, 2.697883105723999808 ) ) ;
#5633 = DIRECTION ( 'NONE',  ( 0.000000000000000000, 0.000000000000000000, 1.000000000000000000 ) ) ;
#5634 = DIRECTION ( 'NONE',  ( 0.000000000000000000, -1.000000000000000000, 0.000000000000000000 ) ) ;
#5635 = DIRECTION ( 'NONE',  ( -1.000000000000000000, 0.000000000000000000, 0.000000000000000000 ) ) ;
#5636 = PRESENTATION_LAYER_ASSIGNMENT (  '', '', ( #6187 ) ) ;
#5637 = CARTESIAN_POINT ( 'NONE',  ( -0.3499999999999999778, -4.830679945108999895, 5.424999999998999733 ) ) ;
#5638 = EDGE_CURVE ( 'NONE', #4134, #3393, #441, .T. ) ;
#5639 = LINE ( 'NONE', #3216, #7198 ) ;
#5640 = CARTESIAN_POINT ( 'NONE',  ( 0.1000000000000000056, -2.944999999999999840, -1.600000000000000089 ) ) ;
#5641 = LINE ( 'NONE', #417, #7347 ) ;
#5642 = VERTEX_POINT ( 'NONE', #2425 ) ;
#5643 = DIRECTION ( 'NONE',  ( 0.8990754936489593341, 0.4377936234344672606, 4.746567976289070610E-16 ) ) ;
#5644 = CARTESIAN_POINT ( 'NONE',  ( -0.09999999999899999992, -2.944999999999999840, -1.600000000000000089 ) ) ;
#5645 = LINE ( 'NONE', #9146, #148 ) ;
#5646 = CARTESIAN_POINT ( 'NONE',  ( -0.3499999999999999778, -9.330679945108999007, 7.424999999999999822 ) ) ;
#5647 = ORIENTED_EDGE ( 'NONE', *, *, #5851, .F. ) ;
#5648 = CARTESIAN_POINT ( 'NONE',  ( -1.830000000000000071, 2.385829949784000537, 4.915278589676999488 ) ) ;
#5649 = EDGE_CURVE ( 'NONE', #1995, #5160, #1890, .T. ) ;
#5650 = LINE ( 'NONE', #9099, #6296 ) ;
#5651 = EDGE_CURVE ( 'NONE', #3827, #4363, #5073, .T. ) ;
#5652 = ORIENTED_EDGE ( 'NONE', *, *, #5045, .F. ) ;
#5653 = PLANE ( 'NONE',  #10980 ) ;
#5654 = EDGE_LOOP ( 'NONE', ( #9105, #1540, #6583, #1417 ) ) ;
#5655 = AXIS2_PLACEMENT_3D ( 'NONE', #3578, #4547, #4441 ) ;
#5656 = DIRECTION ( 'NONE',  ( -0.000000000000000000, 1.000000000000000000, 0.000000000000000000 ) ) ;
#5657 = VERTEX_POINT ( 'NONE', #7929 ) ;
#5658 = EDGE_CURVE ( 'NONE', #1413, #4505, #7713, .T. ) ;
#5659 = CARTESIAN_POINT ( 'NONE',  ( -1.580000000000000071, 3.804999999999000071, 0.2999999999999999889 ) ) ;
#5660 = PLANE ( 'NONE',  #3325 ) ;
#5661 = VECTOR ( 'NONE', #8738, 1000.000000000000000 ) ;
#5662 = VERTEX_POINT ( 'NONE', #3614 ) ;
#5663 = EDGE_CURVE ( 'NONE', #3104, #306, #5872, .T. ) ;
#5664 = CARTESIAN_POINT ( 'NONE',  ( -1.580000000000000071, -3.594999999999999751, 4.283769826401000458 ) ) ;
#5665 = EDGE_CURVE ( 'NONE', #4692, #10256, #5932, .T. ) ;
#5666 = ORIENTED_EDGE ( 'NONE', *, *, #8222, .F. ) ;
#5667 = DIRECTION ( 'NONE',  ( 0.000000000000000000, 0.000000000000000000, -1.000000000000000000 ) ) ;
#5668 = ORIENTED_EDGE ( 'NONE', *, *, #7423, .F. ) ;
#5669 = ORIENTED_EDGE ( 'NONE', *, *, #6961, .T. ) ;
#5670 = ORIENTED_EDGE ( 'NONE', *, *, #5913, .F. ) ;
#5671 = DIRECTION ( 'NONE',  ( 1.000000000000000000, 0.000000000000000000, 0.000000000000000000 ) ) ;
#5672 = ADVANCED_FACE ( 'NONE', ( #7118 ), #8783, .F. ) ;
#5673 = CARTESIAN_POINT ( 'NONE',  ( 0.3499999999989999999, -8.830679945108999007, 5.125000000000000000 ) ) ;
#5674 = AXIS2_PLACEMENT_3D ( 'NONE', #10518, #11318, #7957 ) ;
#5675 = CARTESIAN_POINT ( 'NONE',  ( -1.280000000000000027, -5.910051363132999391, 2.599999999999000000 ) ) ;
#5676 = CARTESIAN_POINT ( 'NONE',  ( -0.3499999999999999778, -4.830679945108999895, 5.424999999998999733 ) ) ;
#5677 = AXIS2_PLACEMENT_3D ( 'NONE', #10456, #7838, #8701 ) ;
#5678 = CARTESIAN_POINT ( 'NONE',  ( 1.280000000000000027, 3.504999999999000249, 8.000000000000000000 ) ) ;
#5679 = VERTEX_POINT ( 'NONE', #8459 ) ;
#5680 = DIRECTION ( 'NONE',  ( -1.284980352574999780E-16, 1.000000000000000000, 0.000000000000000000 ) ) ;
#5681 = EDGE_CURVE ( 'NONE', #2695, #9298, #11134, .T. ) ;
#5682 = ORIENTED_EDGE ( 'NONE', *, *, #7107, .T. ) ;
#5683 = EDGE_LOOP ( 'NONE', ( #5312, #7358, #3568, #8021 ) ) ;
#5684 = ORIENTED_EDGE ( 'NONE', *, *, #9264, .T. ) ;
#5685 = VECTOR ( 'NONE', #10075, 1000.000000000000114 ) ;
#5686 = EDGE_CURVE ( 'NONE', #10063, #10594, #7603, .T. ) ;
#5687 = SURFACE_STYLE_USAGE ( .BOTH. , #7525 ) ;
#5688 = ORIENTED_EDGE ( 'NONE', *, *, #2434, .T. ) ;
#5689 = ADVANCED_FACE ( 'NONE', ( #11082 ), #6737, .F. ) ;
#5690 = DIRECTION ( 'NONE',  ( 1.000000000000000000, 0.000000000000000000, 0.000000000000000000 ) ) ;
#5691 = CARTESIAN_POINT ( 'NONE',  ( 1.430000000000000160, -4.571077182464999389, 6.330399858456999596 ) ) ;
#5692 = DIRECTION ( 'NONE',  ( 1.000000000000000000, 0.000000000000000000, -1.215473287538999910E-16 ) ) ;
#5693 = LINE ( 'NONE', #5810, #5328 ) ;
#5694 = VECTOR ( 'NONE', #5738, 1000.000000000000000 ) ;
#5695 = AXIS2_PLACEMENT_3D ( 'NONE', #4722, #11021, #8232 ) ;
#5696 = VECTOR ( 'NONE', #1800, 1000.000000000000000 ) ;
#5697 = DIRECTION ( 'NONE',  ( 1.000000000000000000, 0.000000000000000000, -3.530454503147795305E-16 ) ) ;
#5698 = DIRECTION ( 'NONE',  ( 1.000000000000000000, 0.000000000000000000, 0.000000000000000000 ) ) ;
#5699 = LINE ( 'NONE', #9201, #3485 ) ;
#5700 = CARTESIAN_POINT ( 'NONE',  ( 1.279999999998999716, -1.545811304863999647, 0.05000000000000000278 ) ) ;
#5701 = VECTOR ( 'NONE', #4052, 1000.000000000000000 ) ;
#5702 = ORIENTED_EDGE ( 'NONE', *, *, #1604, .F. ) ;
#5703 = AXIS2_PLACEMENT_3D ( 'NONE', #6400, #10004, #2956 ) ;
#5704 = CARTESIAN_POINT ( 'NONE',  ( 1.430000000000000160, -4.571077182464999389, 6.330399858456999596 ) ) ;
#5705 = FACE_OUTER_BOUND ( 'NONE', #10767, .T. ) ;
#5706 = VECTOR ( 'NONE', #4936, 1000.000000000000000 ) ;
#5707 = DIRECTION ( 'NONE',  ( 1.889516252618999683E-47, 1.000000000000000000, 1.084202172484999957E-15 ) ) ;
#5708 = CARTESIAN_POINT ( 'NONE',  ( -0.3600000000000000422, -4.830679945108999895, 3.625000000000000000 ) ) ;
#5709 = VECTOR ( 'NONE', #6178, 1000.000000000000000 ) ;
#5710 = VECTOR ( 'NONE', #5837, 1000.000000000000000 ) ;
#5711 = ORIENTED_EDGE ( 'NONE', *, *, #6728, .F. ) ;
#5712 = PLANE ( 'NONE',  #5184 ) ;
#5713 = DIRECTION ( 'NONE',  ( -1.000000000000000000, 0.000000000000000000, 2.786356979726000501E-31 ) ) ;
#5714 = EDGE_LOOP ( 'NONE', ( #3788, #6457, #10194, #322 ) ) ;
#5715 = DIRECTION ( 'NONE',  ( -1.704914861736844513E-16, 0.3420201433253704515, 0.9396926207860168967 ) ) ;
#5716 = VERTEX_POINT ( 'NONE', #390 ) ;
#5717 = CARTESIAN_POINT ( 'NONE',  ( -0.3799999999990000266, -9.544999999998998064, 8.699999999999000977 ) ) ;
#5718 = DIRECTION ( 'NONE',  ( -1.393178489863000032E-31, -1.084202172484999957E-15, 1.000000000000000000 ) ) ;
#5719 = ORIENTED_EDGE ( 'NONE', *, *, #9466, .T. ) ;
#5720 = VECTOR ( 'NONE', #1582, 1000.000000000000000 ) ;
#5721 = PLANE ( 'NONE',  #5530 ) ;
#5722 = EDGE_CURVE ( 'NONE', #6382, #8485, #9914, .T. ) ;
#5723 = PLANE ( 'NONE',  #9004 ) ;
#5724 = ORIENTED_EDGE ( 'NONE', *, *, #4777, .T. ) ;
#5725 =( LENGTH_UNIT ( ) NAMED_UNIT ( * ) SI_UNIT ( .MILLI., .METRE. ) );
#5726 = ORIENTED_EDGE ( 'NONE', *, *, #3447, .F. ) ;
#5727 = DIRECTION ( 'NONE',  ( 1.000000000000000000, 0.000000000000000000, 0.000000000000000000 ) ) ;
#5728 = AXIS2_PLACEMENT_3D ( 'NONE', #2533, #10497, #6098 ) ;
#5729 = ORIENTED_EDGE ( 'NONE', *, *, #2442, .F. ) ;
#5730 = ORIENTED_EDGE ( 'NONE', *, *, #8875, .F. ) ;
#5731 = ORIENTED_EDGE ( 'NONE', *, *, #3354, .T. ) ;
#5732 = LINE ( 'NONE', #11107, #9085 ) ;
#5733 = CARTESIAN_POINT ( 'NONE',  ( -0.09999999999899999992, 0.3049999999990000710, 0.000000000000000000 ) ) ;
#5734 = CARTESIAN_POINT ( 'NONE',  ( -1.080000000000000071, 3.804999999999000071, 4.134721410322000246 ) ) ;
#5735 = DIRECTION ( 'NONE',  ( -0.000000000000000000, 1.000000000000000000, 0.000000000000000000 ) ) ;
#5736 = ADVANCED_FACE ( 'NONE', ( #2003 ), #2867, .T. ) ;
#5737 = EDGE_CURVE ( 'NONE', #8690, #3265, #7345, .T. ) ;
#5738 = DIRECTION ( 'NONE',  ( -1.000000000000000000, 0.000000000000000000, 0.000000000000000000 ) ) ;
#5739 = ORIENTED_EDGE ( 'NONE', *, *, #3561, .F. ) ;
#5740 =( LENGTH_UNIT ( ) NAMED_UNIT ( * ) SI_UNIT ( .MILLI., .METRE. ) );
#5741 = EDGE_CURVE ( 'NONE', #4511, #4253, #10661, .T. ) ;
#5742 = VERTEX_POINT ( 'NONE', #2061 ) ;
#5743 = ORIENTED_EDGE ( 'NONE', *, *, #3809, .T. ) ;
#5744 = ORIENTED_EDGE ( 'NONE', *, *, #1120, .T. ) ;
#5745 = ORIENTED_EDGE ( 'NONE', *, *, #6841, .T. ) ;
#5746 = DIRECTION ( 'NONE',  ( -1.000000000000000000, 0.000000000000000000, 0.000000000000000000 ) ) ;
#5747 = VERTEX_POINT ( 'NONE', #277 ) ;
#5748 = CARTESIAN_POINT ( 'NONE',  ( -0.3600000000000000422, -4.830679945108999895, 3.625000000000000000 ) ) ;
#5749 = CARTESIAN_POINT ( 'NONE',  ( -0.3499999999989999999, -8.831833331044999014, 2.124913496054000372 ) ) ;
#5750 = CARTESIAN_POINT ( 'NONE',  ( 0.3800000000000000044, -3.894999999999999574, 0.3499999999989999999 ) ) ;
#5751 = VECTOR ( 'NONE', #7293, 1000.000000000000114 ) ;
#5752 = EDGE_CURVE ( 'NONE', #10204, #7828, #4700, .T. ) ;
#5753 = LINE ( 'NONE', #2306, #749 ) ;
#5754 = EDGE_CURVE ( 'NONE', #2548, #6179, #8099, .T. ) ;
#5755 = VECTOR ( 'NONE', #3002, 1000.000000000000000 ) ;
#5756 = EDGE_LOOP ( 'NONE', ( #11291, #7534, #120, #4131 ) ) ;
#5757 = FACE_OUTER_BOUND ( 'NONE', #865, .T. ) ;
#5758 = ADVANCED_FACE ( 'NONE', ( #8207 ), #4751, .T. ) ;
#5759 = DIRECTION ( 'NONE',  ( 0.000000000000000000, 0.000000000000000000, -1.000000000000000000 ) ) ;
#5760 = AXIS2_PLACEMENT_3D ( 'NONE', #8509, #11237, #6780 ) ;
#5761 = LINE ( 'NONE', #3173, #8640 ) ;
#5762 = LINE ( 'NONE', #2255, #2420 ) ;
#5763 = ORIENTED_EDGE ( 'NONE', *, *, #2927, .T. ) ;
#5764 = DIRECTION ( 'NONE',  ( 0.000000000000000000, 1.000000000000000000, -1.025596649647999987E-16 ) ) ;
#5765 = DIRECTION ( 'NONE',  ( -0.000000000000000000, 1.000000000000000000, 0.000000000000000000 ) ) ;
#5766 = CARTESIAN_POINT ( 'NONE',  ( 1.279999999998999716, 2.554188695136000664, 0.05000000000000000278 ) ) ;
#5767 = DIRECTION ( 'NONE',  ( 1.000000000000000000, 0.000000000000000000, -1.215473287538999910E-16 ) ) ;
#5768 = VECTOR ( 'NONE', #5560, 1000.000000000000000 ) ;
#5769 = EDGE_CURVE ( 'NONE', #5554, #671, #1253, .T. ) ;
#5770 = ORIENTED_EDGE ( 'NONE', *, *, #4839, .T. ) ;
#5771 = CARTESIAN_POINT ( 'NONE',  ( -1.280000000000000027, -8.186453928403999214, 2.599999999999000000 ) ) ;
#5772 = CARTESIAN_POINT ( 'NONE',  ( 1.280000000000000027, -2.544999999999999485, -1.899999999998999822 ) ) ;
#5773 = ORIENTED_EDGE ( 'NONE', *, *, #7350, .F. ) ;
#5774 = DIRECTION ( 'NONE',  ( -1.284980352574999780E-16, -1.000000000000000000, 0.000000000000000000 ) ) ;
#5775 = VERTEX_POINT ( 'NONE', #2980 ) ;
#5776 = CARTESIAN_POINT ( 'NONE',  ( 1.280000000000000027, 3.504999999999000249, 8.000000000000000000 ) ) ;
#5777 = FACE_OUTER_BOUND ( 'NONE', #6364, .T. ) ;
#5778 = AXIS2_PLACEMENT_3D ( 'NONE', #8403, #7606, #1396 ) ;
#5779 = CARTESIAN_POINT ( 'NONE',  ( 1.280000000000000027, 3.504999999999000249, 4.134721410322000246 ) ) ;
#5780 = DIRECTION ( 'NONE',  ( 1.000000000000000000, -1.239088197125999924E-16, 0.000000000000000000 ) ) ;
#5781 = CARTESIAN_POINT ( 'NONE',  ( -0.3799999999990000266, -3.894999999999999574, 0.04999999999899999714 ) ) ;
#5782 = VECTOR ( 'NONE', #6672, 1000.000000000000000 ) ;
#5783 = ORIENTED_EDGE ( 'NONE', *, *, #2022, .T. ) ;
#5784 = PLANE ( 'NONE',  #2335 ) ;
#5785 = EDGE_LOOP ( 'NONE', ( #6960, #4419, #11179, #10540, #6552, #9000 ) ) ;
#5786 = CARTESIAN_POINT ( 'NONE',  ( 1.580000000000000071, -8.294999999999999929, 6.749999999998999911 ) ) ;
#5787 = EDGE_CURVE ( 'NONE', #1951, #2695, #6310, .T. ) ;
#5788 = EDGE_LOOP ( 'NONE', ( #8990, #10763, #7009, #4807 ) ) ;
#5789 = ORIENTED_EDGE ( 'NONE', *, *, #8367, .F. ) ;
#5790 = ORIENTED_EDGE ( 'NONE', *, *, #4830, .F. ) ;
#5791 = PLANE ( 'NONE',  #2672 ) ;
#5792 = CARTESIAN_POINT ( 'NONE',  ( -1.580000000000000071, -6.872895553309999350, 6.308167519298999437 ) ) ;
#5793 = AXIS2_PLACEMENT_3D ( 'NONE', #9117, #8260, #10883 ) ;
#5794 = DIRECTION ( 'NONE',  ( -1.000000000000000000, 0.000000000000000000, -1.270804703590999957E-32 ) ) ;
#5795 = DIRECTION ( 'NONE',  ( -1.215473287538999910E-16, 0.000000000000000000, 1.000000000000000000 ) ) ;
#5796 = CARTESIAN_POINT ( 'NONE',  ( 0.3599999999990000088, -4.829526559172999889, 2.124913496054000372 ) ) ;
#5797 = ORIENTED_EDGE ( 'NONE', *, *, #3324, .F. ) ;
#5798 = FACE_BOUND ( 'NONE', #10802, .T. ) ;
#5799 = LINE ( 'NONE', #9293, #11354 ) ;
#5800 = ORIENTED_EDGE ( 'NONE', *, *, #10890, .F. ) ;
#5801 = EDGE_CURVE ( 'NONE', #9602, #3333, #3723, .T. ) ;
#5802 = EDGE_CURVE ( 'NONE', #9897, #5657, #4529, .T. ) ;
#5803 = ORIENTED_EDGE ( 'NONE', *, *, #6743, .T. ) ;
#5804 = ORIENTED_EDGE ( 'NONE', *, *, #26, .F. ) ;
#5805 = LINE ( 'NONE', #9983, #4051 ) ;
#5806 = EDGE_LOOP ( 'NONE', ( #9680, #10325, #403, #6406 ) ) ;
#5807 = CARTESIAN_POINT ( 'NONE',  ( -1.430000000000000160, -4.571077182464999389, 2.719600141541999694 ) ) ;
#5808 = PLANE ( 'NONE',  #842 ) ;
#5809 = EDGE_CURVE ( 'NONE', #6762, #7983, #4645, .T. ) ;
#5810 = CARTESIAN_POINT ( 'NONE',  ( -0.09999999999899999992, 2.704999999998999982, -1.600000000000000089 ) ) ;
#5811 = ORIENTED_EDGE ( 'NONE', *, *, #8061, .F. ) ;
#5812 = DIRECTION ( 'NONE',  ( 7.228014483236000386E-16, 1.000000000000000000, 0.000000000000000000 ) ) ;
#5813 = CARTESIAN_POINT ( 'NONE',  ( -2.039530102007999890, -7.816610196909000940, 6.399999999999000266 ) ) ;
#5814 = ADVANCED_FACE ( 'NONE', ( #6483 ), #5392, .F. ) ;
#5815 = VECTOR ( 'NONE', #5147, 1000.000000000000000 ) ;
#5816 = CARTESIAN_POINT ( 'NONE',  ( -1.279999999998999716, -3.894999999999999574, 4.383769826401000991 ) ) ;
#5817 = LINE ( 'NONE', #7481, #9741 ) ;
#5818 = ORIENTED_EDGE ( 'NONE', *, *, #9200, .T. ) ;
#5819 = CARTESIAN_POINT ( 'NONE',  ( -1.280000000000000027, -7.894999999999999574, 6.749999999998999911 ) ) ;
#5820 = PLANE ( 'NONE',  #9073 ) ;
#5821 = FACE_OUTER_BOUND ( 'NONE', #5683, .T. ) ;
#5822 = ADVANCED_FACE ( 'NONE', ( #9971 ), #9805, .F. ) ;
#5823 = DIRECTION ( 'NONE',  ( 0.000000000000000000, -1.000000000000000000, 0.000000000000000000 ) ) ;
#5824 = AXIS2_PLACEMENT_3D ( 'NONE', #3939, #4860, #10982 ) ;
#5825 = UNCERTAINTY_MEASURE_WITH_UNIT (LENGTH_MEASURE( 1.000000000000000082E-05 ), #5740, 'distance_accuracy_value', 'NONE');
#5826 = ORIENTED_EDGE ( 'NONE', *, *, #2169, .F. ) ;
#5827 = CARTESIAN_POINT ( 'NONE',  ( -0.09999999999899999992, -0.6950000000009999290, -1.600000000000000089 ) ) ;
#5828 = DIRECTION ( 'NONE',  ( 0.000000000000000000, -1.000000000000000000, 0.000000000000000000 ) ) ;
#5829 = EDGE_LOOP ( 'NONE', ( #5345, #8035, #3778, #3511 ) ) ;
#5830 = LINE ( 'NONE', #4966, #1836 ) ;
#5831 = ORIENTED_EDGE ( 'NONE', *, *, #8267, .F. ) ;
#5832 = DIRECTION ( 'NONE',  ( 0.000000000000000000, -1.000000000000000000, 0.000000000000000000 ) ) ;
#5833 = CARTESIAN_POINT ( 'NONE',  ( 0.3499999999999999778, -4.830679945108999895, 6.924999999999999822 ) ) ;
#5834 = EDGE_CURVE ( 'NONE', #292, #2000, #8901, .T. ) ;
#5835 = DIRECTION ( 'NONE',  ( -1.000000000000000000, 0.000000000000000000, 1.215473287538999910E-16 ) ) ;
#5836 = EDGE_CURVE ( 'NONE', #4919, #9628, #8036, .T. ) ;
#5837 = DIRECTION ( 'NONE',  ( -1.393178489863000032E-31, -1.084202172484999957E-15, 1.000000000000000000 ) ) ;
#5838 = ORIENTED_EDGE ( 'NONE', *, *, #4560, .F. ) ;
#5839 = CARTESIAN_POINT ( 'NONE',  ( -0.3799999999990000266, -3.894999999999999574, 7.799999999998999733 ) ) ;
#5840 = ORIENTED_EDGE ( 'NONE', *, *, #3475, .F. ) ;
#5841 = CARTESIAN_POINT ( 'NONE',  ( -1.280000000000000027, -8.294999999999999929, 5.249999999998999911 ) ) ;
#5842 = ORIENTED_EDGE ( 'NONE', *, *, #968, .T. ) ;
#5843 = VERTEX_POINT ( 'NONE', #5445 ) ;
#5844 = ORIENTED_EDGE ( 'NONE', *, *, #8179, .F. ) ;
#5845 = FACE_OUTER_BOUND ( 'NONE', #1, .T. ) ;
#5846 = CARTESIAN_POINT ( 'NONE',  ( -0.3499999999989999999, -9.395000000000001350, 1.179999999999000071 ) ) ;
#5847 = DIRECTION ( 'NONE',  ( 1.000000000000000000, 1.284980352574999780E-16, 0.000000000000000000 ) ) ;
#5848 = DIRECTION ( 'NONE',  ( -1.000000000000000000, 0.000000000000000000, 1.215473287538999910E-16 ) ) ;
#5849 = COLOUR_RGB ( '',0.7921568627450980005, 0.8196078431372548767, 0.9333333333333333481 ) ;
#5850 = FACE_OUTER_BOUND ( 'NONE', #3392, .T. ) ;
#5851 = EDGE_CURVE ( 'NONE', #5388, #7401, #8952, .T. ) ;
#5852 = VERTEX_POINT ( 'NONE', #6711 ) ;
#5853 = FACE_BOUND ( 'NONE', #7851, .T. ) ;
#5854 = ORIENTED_EDGE ( 'NONE', *, *, #6224, .T. ) ;
#5855 = VERTEX_POINT ( 'NONE', #626 ) ;
#5856 = FACE_OUTER_BOUND ( 'NONE', #7642, .T. ) ;
#5857 = ORIENTED_EDGE ( 'NONE', *, *, #10215, .T. ) ;
#5858 = EDGE_LOOP ( 'NONE', ( #7042, #7752, #11327, #4006 ) ) ;
#5859 = SURFACE_SIDE_STYLE ('',( #5922 ) ) ;
#5860 = AXIS2_PLACEMENT_3D ( 'NONE', #9557, #10463, #6062 ) ;
#5861 = ORIENTED_EDGE ( 'NONE', *, *, #5150, .T. ) ;
#5862 = LINE ( 'NONE', #4823, #11059 ) ;
#5863 = CARTESIAN_POINT ( 'NONE',  ( 1.280000000000000027, -7.894999999999999574, 3.749999999998999911 ) ) ;
#5864 = FILL_AREA_STYLE_COLOUR ( '', #5849 ) ;
#5865 = CARTESIAN_POINT ( 'NONE',  ( 0.1000000000000000056, -1.295000000000999796, -1.600000000000000089 ) ) ;
#5866 = EDGE_CURVE ( 'NONE', #7194, #4335, #503, .T. ) ;
#5867 = ORIENTED_EDGE ( 'NONE', *, *, #3366, .F. ) ;
#5868 = PLANE ( 'NONE',  #11028 ) ;
#5869 = CIRCLE ( 'NONE', #10800, 0.1499999999989998778 ) ;
#5870 = DIRECTION ( 'NONE',  ( 0.000000000000000000, 0.000000000000000000, -1.000000000000000000 ) ) ;
#5871 = CARTESIAN_POINT ( 'NONE',  ( -0.3599999999990000088, -4.830679945108999895, 2.625000000000000000 ) ) ;
#5872 = LINE ( 'NONE', #3346, #3394 ) ;
#5873 = EDGE_LOOP ( 'NONE', ( #10548, #3794, #1285, #680 ) ) ;
#5874 = CARTESIAN_POINT ( 'NONE',  ( -7.801799543234999691E-31, -2.945000000000005613, 2.600000000000000089 ) ) ;
#5875 = CARTESIAN_POINT ( 'NONE',  ( 1.079999999998999982, -3.894999999999999574, 4.383769826401000991 ) ) ;
#5876 = VECTOR ( 'NONE', #1029, 1000.000000000000000 ) ;
#5877 = AXIS2_PLACEMENT_3D ( 'NONE', #10369, #2514, #6018 ) ;
#5878 = SURFACE_STYLE_USAGE ( .BOTH. , #10225 ) ;
#5879 = VECTOR ( 'NONE', #1008, 1000.000000000000000 ) ;
#5880 = DIRECTION ( 'NONE',  ( -1.000000000000000000, 0.000000000000000000, 1.215473287538999910E-16 ) ) ;
#5881 = ADVANCED_FACE ( 'NONE', ( #10249 ), #3318, .F. ) ;
#5882 = ADVANCED_FACE ( 'NONE', ( #6825 ), #4122, .T. ) ;
#5883 = AXIS2_PLACEMENT_3D ( 'NONE', #7477, #5634, #2359 ) ;
#5884 = ORIENTED_EDGE ( 'NONE', *, *, #311, .F. ) ;
#5885 = DIRECTION ( 'NONE',  ( 1.000000000000000000, -1.284980352574999780E-16, 0.000000000000000000 ) ) ;
#5886 = AXIS2_PLACEMENT_3D ( 'NONE', #1730, #6036, #8736 ) ;
#5887 = CARTESIAN_POINT ( 'NONE',  ( -0.3499999999999999778, -9.395000000000001350, 7.870000000000000107 ) ) ;
#5888 = EDGE_CURVE ( 'NONE', #260, #6792, #10079, .T. ) ;
#5889 = PRESENTATION_LAYER_ASSIGNMENT (  '', '', ( #7903 ) ) ;
#5890 = CARTESIAN_POINT ( 'NONE',  ( 1.279999999998999716, 2.989999999999000568, -0.7048473225369999984 ) ) ;
#5891 = EDGE_LOOP ( 'NONE', ( #1862, #66, #2055, #8109 ) ) ;
#5892 = CARTESIAN_POINT ( 'NONE',  ( -0.3499999999989999999, -2.944999999999999840, 0.000000000000000000 ) ) ;
#5893 = CARTESIAN_POINT ( 'NONE',  ( -1.280000000000000027, -7.894999999999999574, 5.249999999998999911 ) ) ;
#5894 = DIRECTION ( 'NONE',  ( 0.000000000000000000, 0.000000000000000000, 1.000000000000000000 ) ) ;
#5895 = VECTOR ( 'NONE', #1529, 1000.000000000000000 ) ;
#5896 = DIRECTION ( 'NONE',  ( -1.000000000000000000, 0.000000000000000000, 3.530454503147795305E-16 ) ) ;
#5897 = VECTOR ( 'NONE', #7137, 1000.000000000000000 ) ;
#5898 = EDGE_CURVE ( 'NONE', #2733, #8304, #5732, .T. ) ;
#5899 = ORIENTED_EDGE ( 'NONE', *, *, #4940, .F. ) ;
#5900 = SURFACE_STYLE_USAGE ( .BOTH. , #7564 ) ;
#5901 = ADVANCED_FACE ( 'NONE', ( #5845 ), #3148, .F. ) ;
#5902 = ORIENTED_EDGE ( 'NONE', *, *, #3711, .F. ) ;
#5903 = CARTESIAN_POINT ( 'NONE',  ( -1.579999999998999982, -9.694999999999998508, 1.249999999998999911 ) ) ;
#5904 = ORIENTED_EDGE ( 'NONE', *, *, #990, .T. ) ;
#5905 = VECTOR ( 'NONE', #2502, 1000.000000000000000 ) ;
#5906 = VERTEX_POINT ( 'NONE', #4173 ) ;
#5907 = ORIENTED_EDGE ( 'NONE', *, *, #3523, .T. ) ;
#5908 = DIRECTION ( 'NONE',  ( 0.03815622842002983767, -0.07835959243506120109, -0.9961946980917785188 ) ) ;
#5909 = DIRECTION ( 'NONE',  ( -1.000000000000000000, 1.284980352574999780E-16, 0.000000000000000000 ) ) ;
#5910 = CARTESIAN_POINT ( 'NONE',  ( 0.3499999999989999999, -8.830679945108999007, 6.125000000000000000 ) ) ;
#5911 = DIRECTION ( 'NONE',  ( 0.000000000000000000, 0.000000000000000000, -1.000000000000000000 ) ) ;
#5912 = LINE ( 'NONE', #3323, #7540 ) ;
#5913 = EDGE_CURVE ( 'NONE', #9223, #9968, #564, .T. ) ;
#5914 = VECTOR ( 'NONE', #5359, 1000.000000000000000 ) ;
#5915 = ORIENTED_EDGE ( 'NONE', *, *, #2176, .F. ) ;
#5916 = PLANE ( 'NONE',  #10535 ) ;
#5917 = VERTEX_POINT ( 'NONE', #1420 ) ;
#5918 = ORIENTED_EDGE ( 'NONE', *, *, #6212, .F. ) ;
#5919 = CARTESIAN_POINT ( 'NONE',  ( -1.279999999998999716, 1.555811304863000011, 0.2999999999999999889 ) ) ;
#5920 = VERTEX_POINT ( 'NONE', #11163 ) ;
#5921 = ORIENTED_EDGE ( 'NONE', *, *, #5494, .F. ) ;
#5922 = SURFACE_STYLE_FILL_AREA ( #8616 ) ;
#5923 = ORIENTED_EDGE ( 'NONE', *, *, #337, .T. ) ;
#5924 = CARTESIAN_POINT ( 'NONE',  ( 0.3800000000000000044, -3.894999999999999574, 7.799999999998999733 ) ) ;
#5925 = DIRECTION ( 'NONE',  ( 1.000000000000000000, 0.000000000000000000, 0.000000000000000000 ) ) ;
#5926 = CARTESIAN_POINT ( 'NONE',  ( 0.3599999999990000088, -5.330679945108999007, 1.624999999998999911 ) ) ;
#5927 = LINE ( 'NONE', #11298, #4002 ) ;
#5928 = DIRECTION ( 'NONE',  ( -1.000000000000000000, 1.284980352574999780E-16, 0.000000000000000000 ) ) ;
#5929 = VERTEX_POINT ( 'NONE', #9341 ) ;
#5930 = CARTESIAN_POINT ( 'NONE',  ( -0.3600000000000000422, -9.330679945108999007, 7.424999999999999822 ) ) ;
#5931 = DIRECTION ( 'NONE',  ( -1.807003620808999850E-16, 0.000000000000000000, 1.000000000000000000 ) ) ;
#5932 = LINE ( 'NONE', #10337, #9794 ) ;
#5933 = ORIENTED_EDGE ( 'NONE', *, *, #9232, .F. ) ;
#5934 = ADVANCED_FACE ( 'NONE', ( #448 ), #7572, .F. ) ;
#5935 = FACE_OUTER_BOUND ( 'NONE', #9949, .T. ) ;
#5936 = DIRECTION ( 'NONE',  ( 2.487778908865945165E-16, -0.5000000000001899592, -0.8660254037843289066 ) ) ;
#5937 = DIRECTION ( 'NONE',  ( 0.000000000000000000, 1.000000000000000000, 0.000000000000000000 ) ) ;
#5938 = VECTOR ( 'NONE', #8410, 1000.000000000000000 ) ;
#5939 = DIRECTION ( 'NONE',  ( 1.807003620808999850E-16, 0.000000000000000000, -1.000000000000000000 ) ) ;
#5940 = CIRCLE ( 'NONE', #11043, 0.1499999999989998778 ) ;
#5941 = MECHANICAL_DESIGN_GEOMETRIC_PRESENTATION_REPRESENTATION (  '', ( #3592 ), #4657 ) ;
#5942 = VECTOR ( 'NONE', #611, 1000.000000000000000 ) ;
#5943 = ORIENTED_EDGE ( 'NONE', *, *, #4097, .T. ) ;
#5944 = DIRECTION ( 'NONE',  ( 1.000000000000000000, 0.000000000000000000, 0.000000000000000000 ) ) ;
#5945 = CARTESIAN_POINT ( 'NONE',  ( -0.3499999999999999778, -8.830679945108999007, 5.424999999998999733 ) ) ;
#5946 = DIRECTION ( 'NONE',  ( 1.807003620808999850E-16, 0.000000000000000000, 1.000000000000000000 ) ) ;
#5947 = VECTOR ( 'NONE', #3660, 1000.000000000000000 ) ;
#5948 = ORIENTED_EDGE ( 'NONE', *, *, #9857, .T. ) ;
#5949 = ADVANCED_FACE ( 'NONE', ( #1479 ), #5791, .F. ) ;
#5950 = EDGE_CURVE ( 'NONE', #5309, #4374, #3088, .T. ) ;
#5951 = LINE ( 'NONE', #5776, #5942 ) ;
#5952 = DIRECTION ( 'NONE',  ( 1.000000000000000000, -1.284980352574999780E-16, 0.000000000000000000 ) ) ;
#5954 = AXIS2_PLACEMENT_3D ( 'NONE', #11194, #3349, #8693 ) ;
#5953 = CARTESIAN_POINT ( 'NONE',  ( 0.3600000000000000422, -4.830679945108999895, 4.924999999999999822 ) ) ;
#5955 = CARTESIAN_POINT ( 'NONE',  ( 0.3600000000000000422, -4.830679945108999895, 6.125000000000000000 ) ) ;
#5956 = ADVANCED_FACE ( 'NONE', ( #11053 ), #3998, .F. ) ;
#5957 = CARTESIAN_POINT ( 'NONE',  ( 1.429999999999000071, -1.983341451230999697, 4.776807376878000611 ) ) ;
#5958 = ORIENTED_EDGE ( 'NONE', *, *, #166, .F. ) ;
#5959 = AXIS2_PLACEMENT_3D ( 'NONE', #9067, #6659, #7461 ) ;
#5960 = DIRECTION ( 'NONE',  ( 0.000000000000000000, -1.000000000000000000, 0.000000000000000000 ) ) ;
#5961 = VERTEX_POINT ( 'NONE', #10136 ) ;
#5962 = CARTESIAN_POINT ( 'NONE',  ( 1.280000000000000027, 3.804999999999000071, 0.000000000000000000 ) ) ;
#5963 = CIRCLE ( 'NONE', #7254, 0.9000000000000000222 ) ;
#5964 = ORIENTED_EDGE ( 'NONE', *, *, #3488, .F. ) ;
#5965 = EDGE_CURVE ( 'NONE', #5482, #10676, #8552, .T. ) ;
#5966 = VERTEX_POINT ( 'NONE', #7685 ) ;
#5967 = ORIENTED_EDGE ( 'NONE', *, *, #2794, .F. ) ;
#5968 = CARTESIAN_POINT ( 'NONE',  ( -1.430000000000000160, -9.694999999999998508, 1.249999999998999911 ) ) ;
#5969 = FACE_OUTER_BOUND ( 'NONE', #6575, .T. ) ;
#5970 = FACE_OUTER_BOUND ( 'NONE', #962, .T. ) ;
#5971 = ADVANCED_FACE ( 'NONE', ( #9172 ), #1307, .T. ) ;
#5972 = LINE ( 'NONE', #5213, #2039 ) ;
#5973 = AXIS2_PLACEMENT_3D ( 'NONE', #2994, #3052, #6442 ) ;
#5974 = ORIENTED_EDGE ( 'NONE', *, *, #7720, .T. ) ;
#5975 = EDGE_LOOP ( 'NONE', ( #2269, #6663, #2808, #7817 ) ) ;
#5976 = ORIENTED_EDGE ( 'NONE', *, *, #37, .T. ) ;
#5977 = LINE ( 'NONE', #695, #4993 ) ;
#5978 = VERTEX_POINT ( 'NONE', #9285 ) ;
#5979 = ORIENTED_EDGE ( 'NONE', *, *, #7356, .T. ) ;
#5980 = DIRECTION ( 'NONE',  ( 0.000000000000000000, 0.000000000000000000, -1.000000000000000000 ) ) ;
#5981 = ORIENTED_EDGE ( 'NONE', *, *, #1329, .T. ) ;
#5982 = CARTESIAN_POINT ( 'NONE',  ( -1.580000000000000071, -3.594999999999999751, 0.4000000000000000222 ) ) ;
#5983 = DIRECTION ( 'NONE',  ( 0.000000000000000000, -1.000000000000000000, 0.000000000000000000 ) ) ;
#5984 = EDGE_CURVE ( 'NONE', #7682, #10659, #7051, .T. ) ;
#5985 = CARTESIAN_POINT ( 'NONE',  ( -0.3600000000000000422, -8.830679945108999007, 4.125000000000000000 ) ) ;
#5986 = CARTESIAN_POINT ( 'NONE',  ( 1.430000000000000160, -4.571077182464999389, 2.719600141541999694 ) ) ;
#5987 = EDGE_CURVE ( 'NONE', #9465, #1388, #94, .T. ) ;
#5988 = CARTESIAN_POINT ( 'NONE',  ( -0.9817789317309998376, -6.329612395372000044, 5.757479594345999985 ) ) ;
#5989 = EDGE_LOOP ( 'NONE', ( #3457, #3704, #7906, #6551 ) ) ;
#5990 = FACE_OUTER_BOUND ( 'NONE', #5829, .T. ) ;
#5991 = LINE ( 'NONE', #2424, #7533 ) ;
#5992 = ORIENTED_EDGE ( 'NONE', *, *, #3270, .F. ) ;
#5993 = LINE ( 'NONE', #9485, #255 ) ;
#5994 = PLANE ( 'NONE',  #6697 ) ;
#5995 = CARTESIAN_POINT ( 'NONE',  ( -0.3499999999999999778, -8.830679945108999007, 4.924999999999999822 ) ) ;
#5996 = LINE ( 'NONE', #9029, #387 ) ;
#5997 = EDGE_CURVE ( 'NONE', #429, #5418, #5153, .T. ) ;
#5998 = VERTEX_POINT ( 'NONE', #907 ) ;
#5999 = CARTESIAN_POINT ( 'NONE',  ( 0.3499999999999999778, -5.330679945108999007, 1.924999999998999956 ) ) ;
#6000 = CARTESIAN_POINT ( 'NONE',  ( 0.1000000000000000056, -2.695000000000999485, -1.600000000000000089 ) ) ;
#6001 = DIRECTION ( 'NONE',  ( 1.807003620808999850E-16, 0.000000000000000000, 1.000000000000000000 ) ) ;
#6002 = ORIENTED_EDGE ( 'NONE', *, *, #1753, .T. ) ;
#6003 = DIRECTION ( 'NONE',  ( -1.000000000000000000, 0.000000000000000000, 1.215473287538999910E-16 ) ) ;
#6004 = DIRECTION ( 'NONE',  ( -2.818573634768999933E-16, -1.000000000000000000, 0.000000000000000000 ) ) ;
#6005 = CARTESIAN_POINT ( 'NONE',  ( -1.580000000000000071, 5.724170050214999250, 4.915278589676999488 ) ) ;
#6006 = CARTESIAN_POINT ( 'NONE',  ( 1.280000000000000027, -3.894999999999999574, 8.000000000000000000 ) ) ;
#6007 = EDGE_CURVE ( 'NONE', #4324, #3311, #11331, .T. ) ;
#6008 = EDGE_CURVE ( 'NONE', #7780, #1306, #8768, .T. ) ;
#6009 = ORIENTED_EDGE ( 'NONE', *, *, #1911, .F. ) ;
#6010 = DIRECTION ( 'NONE',  ( 0.000000000000000000, 0.000000000000000000, -1.000000000000000000 ) ) ;
#6011 = ORIENTED_EDGE ( 'NONE', *, *, #5665, .F. ) ;
#6012 = LINE ( 'NONE', #10582, #6061 ) ;
#6013 = ORIENTED_EDGE ( 'NONE', *, *, #8018, .T. ) ;
#6014 = EDGE_CURVE ( 'NONE', #1009, #2046, #3228, .T. ) ;
#6015 = EDGE_LOOP ( 'NONE', ( #3860, #2409, #10946, #11046 ) ) ;
#6016 = CARTESIAN_POINT ( 'NONE',  ( -1.580000000000000071, -4.571077182464999389, 5.654324757502999788 ) ) ;
#6017 = LINE ( 'NONE', #6826, #1558 ) ;
#6018 = DIRECTION ( 'NONE',  ( -0.9992672852955356566, 0.000000000000000000, 0.03827391459062639417 ) ) ;
#6019 = CARTESIAN_POINT ( 'NONE',  ( -1.580000000000000071, -5.910051363132999391, 6.399999999999000266 ) ) ;
#6020 = EDGE_CURVE ( 'NONE', #2683, #292, #3483, .T. ) ;
#6021 = EDGE_CURVE ( 'NONE', #7056, #10204, #10472, .T. ) ;
#6022 = VECTOR ( 'NONE', #2443, 1000.000000000000000 ) ;
#6023 = ORIENTED_EDGE ( 'NONE', *, *, #4976, .F. ) ;
#6024 =( LENGTH_UNIT ( ) NAMED_UNIT ( * ) SI_UNIT ( .MILLI., .METRE. ) );
#6025 = DIRECTION ( 'NONE',  ( 1.000000000000000000, 0.000000000000000000, 1.215473287538999910E-16 ) ) ;
#6026 = ORIENTED_EDGE ( 'NONE', *, *, #3450, .T. ) ;
#6027 = CARTESIAN_POINT ( 'NONE',  ( 1.580000000000000071, -3.594999999999999751, 4.283769826401000458 ) ) ;
#6028 = ORIENTED_EDGE ( 'NONE', *, *, #3208, .T. ) ;
#6029 = EDGE_CURVE ( 'NONE', #5906, #2155, #2623, .T. ) ;
#6030 = ORIENTED_EDGE ( 'NONE', *, *, #792, .F. ) ;
#6031 = ORIENTED_EDGE ( 'NONE', *, *, #4338, .F. ) ;
#6032 = ORIENTED_EDGE ( 'NONE', *, *, #4400, .T. ) ;
#6033 = DIRECTION ( 'NONE',  ( 0.000000000000000000, 1.000000000000000000, 2.168404344971000191E-15 ) ) ;
#6035 = FACE_OUTER_BOUND ( 'NONE', #1727, .T. ) ;
#6034 = VECTOR ( 'NONE', #8582, 1000.000000000000000 ) ;
#6036 = DIRECTION ( 'NONE',  ( 0.000000000000000000, -1.000000000000000000, 0.000000000000000000 ) ) ;
#6037 = DIRECTION ( 'NONE',  ( 1.215473287538999910E-16, -2.167154562174000065E-16, -1.000000000000000000 ) ) ;
#6038 = CARTESIAN_POINT ( 'NONE',  ( -0.3499999999989999999, -8.831833331044999014, 2.124913496054000372 ) ) ;
#6039 = EDGE_CURVE ( 'NONE', #4252, #6998, #8604, .T. ) ;
#6040 = VERTEX_POINT ( 'NONE', #2457 ) ;
#6041 = LINE ( 'NONE', #10390, #2247 ) ;
#6042 = VECTOR ( 'NONE', #8379, 1000.000000000000000 ) ;
#6043 = EDGE_CURVE ( 'NONE', #8278, #6068, #2491, .T. ) ;
#6044 = EDGE_CURVE ( 'NONE', #9506, #6639, #6988, .T. ) ;
#6045 = EDGE_CURVE ( 'NONE', #4788, #2578, #4298, .T. ) ;
#6046 = ORIENTED_EDGE ( 'NONE', *, *, #1806, .F. ) ;
#6047 = FACE_OUTER_BOUND ( 'NONE', #6555, .T. ) ;
#6048 = ORIENTED_EDGE ( 'NONE', *, *, #7664, .T. ) ;
#6049 = DIRECTION ( 'NONE',  ( 0.000000000000000000, 1.084202172487689973E-15, -1.000000000000000000 ) ) ;
#6050 = DIRECTION ( 'NONE',  ( 1.000000000000000000, 0.000000000000000000, 1.215473287538999910E-16 ) ) ;
#6051 = LINE ( 'NONE', #7662, #1078 ) ;
#6053 = VECTOR ( 'NONE', #1151, 1000.000000000000114 ) ;
#6052 = CARTESIAN_POINT ( 'NONE',  ( -0.3599999999990000088, -8.831833331044999014, 2.124913496054000372 ) ) ;
#6054 = EDGE_LOOP ( 'NONE', ( #9521, #7794, #3747, #28 ) ) ;
#6055 = CARTESIAN_POINT ( 'NONE',  ( 0.9817789317309998376, -6.329612395372000044, 2.757479594345999985 ) ) ;
#6056 = PLANE ( 'NONE',  #4212 ) ;
#6057 = DIRECTION ( 'NONE',  ( 1.000000000000000000, 0.000000000000000000, 1.215473287538999910E-16 ) ) ;
#6058 = VERTEX_POINT ( 'NONE', #2511 ) ;
#6059 = DIRECTION ( 'NONE',  ( -1.393178489863000032E-31, -1.084202172484999957E-15, 1.000000000000000000 ) ) ;
#6060 = PLANE ( 'NONE',  #6133 ) ;
#6061 = VECTOR ( 'NONE', #4232, 1000.000000000000000 ) ;
#6062 = DIRECTION ( 'NONE',  ( 0.000000000000000000, 0.000000000000000000, -1.000000000000000000 ) ) ;
#6063 = VECTOR ( 'NONE', #4756, 1000.000000000000000 ) ;
#6064 = AXIS2_PLACEMENT_3D ( 'NONE', #8104, #10771, #2871 ) ;
#6065 = VECTOR ( 'NONE', #11020, 1000.000000000000114 ) ;
#6066 = VERTEX_POINT ( 'NONE', #2684 ) ;
#6067 = LINE ( 'NONE', #7905, #4981 ) ;
#6068 = VERTEX_POINT ( 'NONE', #6072 ) ;
#6069 = CARTESIAN_POINT ( 'NONE',  ( -1.430000000000000160, -4.571077182464999389, 2.719600141541999694 ) ) ;
#6070 = ORIENTED_EDGE ( 'NONE', *, *, #9056, .F. ) ;
#6071 = VERTEX_POINT ( 'NONE', #5968 ) ;
#6072 = CARTESIAN_POINT ( 'NONE',  ( 1.280000000000000027, -3.894999999999999574, 1.249999999998999911 ) ) ;
#6073 = VECTOR ( 'NONE', #4635, 1000.000000000000000 ) ;
#6074 = ADVANCED_FACE ( 'NONE', ( #1817 ), #1711, .F. ) ;
#6075 = AXIS2_PLACEMENT_3D ( 'NONE', #3744, #2078, #5465 ) ;
#6076 = LINE ( 'NONE', #9510, #11014 ) ;
#6077 = CARTESIAN_POINT ( 'NONE',  ( -0.3599999999990000088, -2.944999999999999840, -6.446060001586000578E-17 ) ) ;
#6078 = ORIENTED_EDGE ( 'NONE', *, *, #7300, .F. ) ;
#6079 =( NAMED_UNIT ( * ) PLANE_ANGLE_UNIT ( ) SI_UNIT ( $, .RADIAN. ) );
#6080 = VECTOR ( 'NONE', #7857, 1000.000000000000000 ) ;
#6081 = CARTESIAN_POINT ( 'NONE',  ( -1.279999999998999716, 1.555811304863000011, 0.05000000000000000278 ) ) ;
#6082 = VERTEX_POINT ( 'NONE', #5264 ) ;
#6083 = CARTESIAN_POINT ( 'NONE',  ( -0.3499999999989999999, -5.330679945108999007, 1.924999999998999956 ) ) ;
#6084 = ORIENTED_EDGE ( 'NONE', *, *, #11050, .T. ) ;
#6085 = ORIENTED_EDGE ( 'NONE', *, *, #490, .T. ) ;
#6086 = ORIENTED_EDGE ( 'NONE', *, *, #11267, .T. ) ;
#6087 = EDGE_LOOP ( 'NONE', ( #7063, #10613, #4361, #2516 ) ) ;
#6088 = EDGE_CURVE ( 'NONE', #7629, #961, #11220, .T. ) ;
#6089 = CARTESIAN_POINT ( 'NONE',  ( 1.280000000000000027, -7.894999999999999574, 5.249999999998999911 ) ) ;
#6090 = EDGE_CURVE ( 'NONE', #1360, #9786, #6184, .T. ) ;
#6091 = LINE ( 'NONE', #1729, #654 ) ;
#6092 = FACE_OUTER_BOUND ( 'NONE', #2468, .T. ) ;
#6093 = DIRECTION ( 'NONE',  ( 0.000000000000000000, 0.000000000000000000, 1.000000000000000000 ) ) ;
#6094 = LINE ( 'NONE', #10438, #8083 ) ;
#6095 = VECTOR ( 'NONE', #3004, 1000.000000000000000 ) ;
#6096 = ADVANCED_FACE ( 'NONE', ( #3379 ), #963, .F. ) ;
#6097 = ORIENTED_EDGE ( 'NONE', *, *, #7475, .F. ) ;
#6098 = DIRECTION ( 'NONE',  ( 0.000000000000000000, 0.000000000000000000, -1.000000000000000000 ) ) ;
#6099 = ORIENTED_EDGE ( 'NONE', *, *, #3749, .F. ) ;
#6100 = CARTESIAN_POINT ( 'NONE',  ( 0.5396645151600001356, 2.385829949784000537, 4.915278589676999488 ) ) ;
#6101 = CIRCLE ( 'NONE', #2615, 0.9000000000000000222 ) ;
#6102 = ORIENTED_EDGE ( 'NONE', *, *, #8054, .T. ) ;
#6103 = CARTESIAN_POINT ( 'NONE',  ( -0.3600000000000000422, -4.830679945108999895, 4.424999999998999733 ) ) ;
#6104 = ADVANCED_FACE ( 'NONE', ( #9508 ), #8664, .T. ) ;
#6105 = PLANE ( 'NONE',  #1747 ) ;
#6106 = CARTESIAN_POINT ( 'NONE',  ( -0.09999999999899999992, -1.695000000000999707, -1.600000000000000089 ) ) ;
#6107 = ADVANCED_FACE ( 'NONE', ( #7222 ), #3590, .F. ) ;
#6108 = EDGE_LOOP ( 'NONE', ( #9728, #3775, #2150, #6300 ) ) ;
#6109 = DIRECTION ( 'NONE',  ( -1.000000000000000000, -1.284980352575841889E-16, 0.000000000000000000 ) ) ;
#6110 = CYLINDRICAL_SURFACE ( 'NONE', #900, 0.1499999999989998778 ) ;
#6111 = CARTESIAN_POINT ( 'NONE',  ( -0.3499999999999999778, -8.830679945108999007, 3.924999999999999822 ) ) ;
#6112 = ORIENTED_EDGE ( 'NONE', *, *, #1211, .F. ) ;
#6113 = CARTESIAN_POINT ( 'NONE',  ( -0.3499999999999999778, -2.944999999999999840, 0.000000000000000000 ) ) ;
#6114 = DIRECTION ( 'NONE',  ( 1.284980352574999780E-16, 1.000000000000000000, 0.000000000000000000 ) ) ;
#6115 = AXIS2_PLACEMENT_3D ( 'NONE', #4847, #8242, #7612 ) ;
#6116 = DIRECTION ( 'NONE',  ( 0.000000000000000000, -1.000000000000000000, 0.000000000000000000 ) ) ;
#6117 = EDGE_CURVE ( 'NONE', #1262, #2961, #1991, .T. ) ;
#6118 = DIRECTION ( 'NONE',  ( 0.000000000000000000, 0.000000000000000000, 1.000000000000000000 ) ) ;
#6119 = VECTOR ( 'NONE', #6003, 1000.000000000000000 ) ;
#6120 = EDGE_CURVE ( 'NONE', #9506, #9298, #5373, .T. ) ;
#6121 = VECTOR ( 'NONE', #1031, 1000.000000000000000 ) ;
#6122 = EDGE_LOOP ( 'NONE', ( #8316, #3068, #1460, #2411 ) ) ;
#6123 = LINE ( 'NONE', #9453, #2884 ) ;
#6124 = EDGE_LOOP ( 'NONE', ( #5403, #232, #3406, #312, #5790, #7628 ) ) ;
#6125 = LINE ( 'NONE', #1708, #7337 ) ;
#6126 = EDGE_LOOP ( 'NONE', ( #11288, #5670, #11106, #1305 ) ) ;
#6127 = VECTOR ( 'NONE', #660, 1000.000000000000114 ) ;
#6128 = EDGE_LOOP ( 'NONE', ( #5103, #9621, #977, #2735 ) ) ;
#6129 = CARTESIAN_POINT ( 'NONE',  ( -1.280000000000000027, -3.894999999999999574, 0.000000000000000000 ) ) ;
#6130 = CARTESIAN_POINT ( 'NONE',  ( 0.3800000000000000044, -9.544999999998998064, 0.3499999999989999999 ) ) ;
#6131 = LINE ( 'NONE', #1769, #385 ) ;
#6132 = VECTOR ( 'NONE', #10939, 1000.000000000000000 ) ;
#6133 = AXIS2_PLACEMENT_3D ( 'NONE', #2612, #6114, #5952 ) ;
#6134 = ORIENTED_EDGE ( 'NONE', *, *, #11169, .F. ) ;
#6135 = EDGE_CURVE ( 'NONE', #8431, #6689, #9956, .T. ) ;
#6136 = DIRECTION ( 'NONE',  ( -1.000000000000000000, 0.000000000000000000, 0.000000000000000000 ) ) ;
#6137 = CARTESIAN_POINT ( 'NONE',  ( 0.3499999999989999999, -9.395000000000001350, 7.870000000000000107 ) ) ;
#6138 = ORIENTED_EDGE ( 'NONE', *, *, #4541, .T. ) ;
#6139 = CARTESIAN_POINT ( 'NONE',  ( 1.280000000000000027, -3.594999999999999751, 4.283769826401000458 ) ) ;
#6140 = EDGE_LOOP ( 'NONE', ( #1101, #5278, #4487, #10501 ) ) ;
#6141 = ORIENTED_EDGE ( 'NONE', *, *, #4612, .T. ) ;
#6142 = ORIENTED_EDGE ( 'NONE', *, *, #6235, .T. ) ;
#6143 = DIRECTION ( 'NONE',  ( 1.000000000000000000, 0.000000000000000000, 0.000000000000000000 ) ) ;
#6144 = CARTESIAN_POINT ( 'NONE',  ( -0.3800000000000000044, -9.694999999999998508, 9.000000000000000000 ) ) ;
#6145 = EDGE_LOOP ( 'NONE', ( #10591, #8853, #796, #6002 ) ) ;
#6146 = CARTESIAN_POINT ( 'NONE',  ( 0.1000000000000000056, -2.944999999999999840, 0.000000000000000000 ) ) ;
#6147 = LINE ( 'NONE', #7241, #2374 ) ;
#6148 = VECTOR ( 'NONE', #2091, 1000.000000000000000 ) ;
#6149 = LINE ( 'NONE', #5985, #10812 ) ;
#6150 = CARTESIAN_POINT ( 'NONE',  ( 1.280000000000000027, -8.294999999999999929, 6.749999999998999911 ) ) ;
#6151 = CARTESIAN_POINT ( 'NONE',  ( 0.1000000000000000056, 2.704999999998999982, -1.600000000000000089 ) ) ;
#6152 = ORIENTED_EDGE ( 'NONE', *, *, #5834, .F. ) ;
#6153 = EDGE_CURVE ( 'NONE', #6181, #6040, #1190, .T. ) ;
#6154 = FACE_OUTER_BOUND ( 'NONE', #2522, .T. ) ;
#6155 = EDGE_CURVE ( 'NONE', #7982, #5408, #205, .T. ) ;
#6156 = VECTOR ( 'NONE', #5004, 1000.000000000000000 ) ;
#6157 = ORIENTED_EDGE ( 'NONE', *, *, #2769, .F. ) ;
#6158 = CARTESIAN_POINT ( 'NONE',  ( -1.279999999998999716, 3.704999999998999982, 0.2999999999999999889 ) ) ;
#6159 = VERTEX_POINT ( 'NONE', #2103 ) ;
#6160 = EDGE_CURVE ( 'NONE', #7467, #10204, #10704, .T. ) ;
#6161 = DIRECTION ( 'NONE',  ( 0.8990754936489593341, 0.4377936234344672606, 4.746567976289070610E-16 ) ) ;
#6162 = CARTESIAN_POINT ( 'NONE',  ( 0.3499999999989999999, -9.395000000000001350, 7.870000000000000107 ) ) ;
#6163 = CARTESIAN_POINT ( 'NONE',  ( 1.579999999998999982, 4.232482135711000737, 3.565369422040000291 ) ) ;
#6164 = DIRECTION ( 'NONE',  ( 0.000000000000000000, 0.000000000000000000, -1.000000000000000000 ) ) ;
#6165 = VECTOR ( 'NONE', #9898, 1000.000000000000000 ) ;
#6166 = EDGE_CURVE ( 'NONE', #659, #7305, #3816, .T. ) ;
#6167 = VERTEX_POINT ( 'NONE', #6354 ) ;
#6168 = LINE ( 'NONE', #7204, #3908 ) ;
#6169 = CARTESIAN_POINT ( 'NONE',  ( -1.430000000000000160, -4.337947837308999688, 6.330399858456999596 ) ) ;
#6170 = LINE ( 'NONE', #8808, #7721 ) ;
#6171 = ORIENTED_EDGE ( 'NONE', *, *, #9865, .F. ) ;
#6172 = EDGE_CURVE ( 'NONE', #4335, #11113, #1136, .T. ) ;
#6173 = DIRECTION ( 'NONE',  ( 0.000000000000000000, 0.000000000000000000, -1.000000000000000000 ) ) ;
#6174 = CARTESIAN_POINT ( 'NONE',  ( 1.429999999999000071, -1.983341451230999697, 4.273192623120999123 ) ) ;
#6175 = CARTESIAN_POINT ( 'NONE',  ( 1.280000000000000027, -9.544999999998998064, 1.249999999998999911 ) ) ;
#6176 = DIRECTION ( 'NONE',  ( 0.000000000000000000, 1.000000000000000000, 0.000000000000000000 ) ) ;
#6177 = ORIENTED_EDGE ( 'NONE', *, *, #8273, .T. ) ;
#6178 = DIRECTION ( 'NONE',  ( 0.000000000000000000, 1.000000000000000000, 0.000000000000000000 ) ) ;
#6179 = VERTEX_POINT ( 'NONE', #9790 ) ;
#6180 = CARTESIAN_POINT ( 'NONE',  ( 0.1000000000000000056, 0.3049999999990000710, -1.600000000000000089 ) ) ;
#6181 = VERTEX_POINT ( 'NONE', #1075 ) ;
#6182 = EDGE_CURVE ( 'NONE', #8967, #5998, #9844, .T. ) ;
#6183 = ORIENTED_EDGE ( 'NONE', *, *, #4060, .T. ) ;
#6184 = LINE ( 'NONE', #5317, #8914 ) ;
#6185 = DIRECTION ( 'NONE',  ( -1.215473287538999910E-16, 0.000000000000000000, 1.000000000000000000 ) ) ;
#6186 = FACE_OUTER_BOUND ( 'NONE', #5756, .T. ) ;
#6187 = STYLED_ITEM ( 'NONE', ( #558 ), #547 ) ;
#6188 = ORIENTED_EDGE ( 'NONE', *, *, #4189, .F. ) ;
#6189 = CARTESIAN_POINT ( 'NONE',  ( 1.580000000000000071, -5.910051363132999391, 3.399999999998999822 ) ) ;
#6190 = ORIENTED_EDGE ( 'NONE', *, *, #4811, .T. ) ;
#6191 = DIRECTION ( 'NONE',  ( -1.207486555170308614E-16, 0.9396926207860170077, -0.3420201433253705070 ) ) ;
#6192 = ORIENTED_EDGE ( 'NONE', *, *, #1439, .F. ) ;
#6193 = ORIENTED_EDGE ( 'NONE', *, *, #11124, .F. ) ;
#6194 = ORIENTED_EDGE ( 'NONE', *, *, #8717, .T. ) ;
#6195 = LINE ( 'NONE', #10278, #1917 ) ;
#6196 = CARTESIAN_POINT ( 'NONE',  ( -1.280000000000000027, 3.504999999999000249, 8.000000000000000000 ) ) ;
#6197 = ORIENTED_EDGE ( 'NONE', *, *, #5062, .F. ) ;
#6198 = PLANE ( 'NONE',  #9071 ) ;
#6199 = LINE ( 'NONE', #224, #709 ) ;
#6200 = CARTESIAN_POINT ( 'NONE',  ( -1.580000000000000071, -2.194999999999999840, -1.899999999998999822 ) ) ;
#6201 = EDGE_CURVE ( 'NONE', #6543, #7020, #4632, .T. ) ;
#6202 = DIRECTION ( 'NONE',  ( -1.270804703590999957E-32, -1.025596649647999987E-16, -1.000000000000000000 ) ) ;
#6203 = DIRECTION ( 'NONE',  ( 1.000000000000000000, 0.000000000000000000, 1.807003620808999850E-16 ) ) ;
#6204 = ORIENTED_EDGE ( 'NONE', *, *, #2715, .T. ) ;
#6205 = CARTESIAN_POINT ( 'NONE',  ( 1.580000000000000071, -4.571077182464999389, 5.654324757502999788 ) ) ;
#6206 = MECHANICAL_DESIGN_GEOMETRIC_PRESENTATION_REPRESENTATION (  '', ( #335 ), #3092 ) ;
#6207 = EDGE_LOOP ( 'NONE', ( #1584, #1373, #6818, #8684 ) ) ;
#6208 = DIRECTION ( 'NONE',  ( 1.000000000000000000, 0.000000000000000000, 1.807003620808999850E-16 ) ) ;
#6209 = EDGE_LOOP ( 'NONE', ( #3102, #5739, #7836, #2470 ) ) ;
#6210 = CARTESIAN_POINT ( 'NONE',  ( 2.308415123535999758, -7.685679981712000064, 6.399999999999000266 ) ) ;
#6211 = CARTESIAN_POINT ( 'NONE',  ( 1.579999999998999982, -1.545811304863999647, 0.2999999999999999889 ) ) ;
#6212 = EDGE_CURVE ( 'NONE', #8671, #4818, #4686, .T. ) ;
#6213 = CARTESIAN_POINT ( 'NONE',  ( 0.3600000000000000422, -8.830679945108999007, 6.924999999999999822 ) ) ;
#6214 = DIRECTION ( 'NONE',  ( 1.000000000000000000, 1.510487145370000116E-46, -1.393178489863000032E-31 ) ) ;
#6215 = AXIS2_PLACEMENT_3D ( 'NONE', #6903, #4367, #8513 ) ;
#6216 = ORIENTED_EDGE ( 'NONE', *, *, #5546, .F. ) ;
#6217 = FACE_OUTER_BOUND ( 'NONE', #5806, .T. ) ;
#6218 = FACE_OUTER_BOUND ( 'NONE', #7522, .T. ) ;
#6219 = LINE ( 'NONE', #9831, #7165 ) ;
#6220 = ORIENTED_EDGE ( 'NONE', *, *, #1869, .F. ) ;
#6221 = LINE ( 'NONE', #10573, #6849 ) ;
#6222 = DIRECTION ( 'NONE',  ( 0.000000000000000000, -1.000000000000000000, 0.000000000000000000 ) ) ;
#6223 = AXIS2_PLACEMENT_3D ( 'NONE', #4588, #4533, #9860 ) ;
#6224 = EDGE_CURVE ( 'NONE', #11219, #7942, #8024, .T. ) ;
#6225 = LINE ( 'NONE', #2614, #8818 ) ;
#6226 = EDGE_CURVE ( 'NONE', #374, #3257, #2047, .T. ) ;
#6227 = EDGE_LOOP ( 'NONE', ( #9335, #10597, #9154, #2822 ) ) ;
#6228 = DIRECTION ( 'NONE',  ( 1.000000000000000000, 1.510487145370000116E-46, -1.393178489863000032E-31 ) ) ;
#6229 = VECTOR ( 'NONE', #9270, 1000.000000000000000 ) ;
#6230 = ORIENTED_EDGE ( 'NONE', *, *, #9080, .T. ) ;
#6231 = CARTESIAN_POINT ( 'NONE',  ( 1.280000000000000027, -3.894999999999999574, 4.383769826401000991 ) ) ;
#6232 = ORIENTED_EDGE ( 'NONE', *, *, #2674, .F. ) ;
#6233 = ORIENTED_EDGE ( 'NONE', *, *, #2442, .T. ) ;
#6234 = CARTESIAN_POINT ( 'NONE',  ( -1.080000000000000071, 3.804999999999000071, 0.2999999999999999889 ) ) ;
#6235 = EDGE_CURVE ( 'NONE', #1428, #3144, #5433, .T. ) ;
#6236 = VECTOR ( 'NONE', #3566, 1000.000000000000000 ) ;
#6238 = CARTESIAN_POINT ( 'NONE',  ( 1.279999999998999716, 1.554999999999999938, -1.899999999998999822 ) ) ;
#6237 = AXIS2_PLACEMENT_3D ( 'NONE', #9996, #2143, #9142 ) ;
#6239 = VECTOR ( 'NONE', #3020, 1000.000000000000000 ) ;
#6240 = CARTESIAN_POINT ( 'NONE',  ( -1.430000000000000160, -4.571077182464999389, 2.719600141541999694 ) ) ;
#6241 = ADVANCED_FACE ( 'NONE', ( #8194 ), #9104, .F. ) ;
#6242 = EDGE_CURVE ( 'NONE', #10536, #885, #2737, .T. ) ;
#6243 = ORIENTED_EDGE ( 'NONE', *, *, #7334, .T. ) ;
#6244 = LINE ( 'NONE', #2860, #8322 ) ;
#6245 = CARTESIAN_POINT ( 'NONE',  ( 1.580000000000000071, -8.294999999999999929, 5.249999999998999911 ) ) ;
#6246 = ORIENTED_EDGE ( 'NONE', *, *, #2079, .T. ) ;
#6247 = LINE ( 'NONE', #5219, #3919 ) ;
#6248 = AXIS2_PLACEMENT_3D ( 'NONE', #4519, #4575, #8087 ) ;
#6249 = EDGE_LOOP ( 'NONE', ( #4528, #4303, #3198, #10430 ) ) ;
#6250 = ORIENTED_EDGE ( 'NONE', *, *, #2369, .F. ) ;
#6251 = VERTEX_POINT ( 'NONE', #3652 ) ;
#6252 = DIRECTION ( 'NONE',  ( -1.000000000000000000, 0.000000000000000000, 1.215473287538999910E-16 ) ) ;
#6253 = VECTOR ( 'NONE', #3627, 1000.000000000000000 ) ;
#6254 = DIRECTION ( 'NONE',  ( 1.284980352574999780E-16, 1.000000000000000000, 2.168404344971000240E-16 ) ) ;
#6255 = ORIENTED_EDGE ( 'NONE', *, *, #6680, .F. ) ;
#6256 = PLANE ( 'NONE',  #8336 ) ;
#6257 = DIRECTION ( 'NONE',  ( -1.000000000000000000, 0.000000000000000000, 0.000000000000000000 ) ) ;
#6258 = LINE ( 'NONE', #163, #5318 ) ;
#6259 = CARTESIAN_POINT ( 'NONE',  ( -1.280000000000000027, -8.294999999999999929, 5.599999999998999556 ) ) ;
#6260 = DIRECTION ( 'NONE',  ( 0.000000000000000000, -1.000000000000000000, 0.000000000000000000 ) ) ;
#6261 = ADVANCED_FACE ( 'NONE', ( #7161 ), #10646, .F. ) ;
#6262 = AXIS2_PLACEMENT_3D ( 'NONE', #10117, #6687, #10285 ) ;
#6263 = EDGE_LOOP ( 'NONE', ( #7962, #8750, #7378, #6539 ) ) ;
#6264 = CARTESIAN_POINT ( 'NONE',  ( -1.580000000000000071, 2.385829949784000537, 4.134721410322000246 ) ) ;
#6265 = ORIENTED_EDGE ( 'NONE', *, *, #6945, .T. ) ;
#6266 = ORIENTED_EDGE ( 'NONE', *, *, #8549, .T. ) ;
#6267 = FACE_OUTER_BOUND ( 'NONE', #3376, .T. ) ;
#6268 = ORIENTED_EDGE ( 'NONE', *, *, #10908, .F. ) ;
#6269 = AXIS2_PLACEMENT_3D ( 'NONE', #318, #2969, #6584 ) ;
#6270 = LINE ( 'NONE', #7082, #10330 ) ;
#6271 = FACE_OUTER_BOUND ( 'NONE', #4672, .T. ) ;
#6272 = CARTESIAN_POINT ( 'NONE',  ( 1.579999999998999982, 3.294379427730000032, 2.508420717577999781 ) ) ;
#6273 = CARTESIAN_POINT ( 'NONE',  ( -0.3600000000000000422, -4.830679945108999895, 6.924999999999999822 ) ) ;
#6275 = EDGE_LOOP ( 'NONE', ( #10423, #6363, #9504, #1874, #1622, #6899 ) ) ;
#6274 = VECTOR ( 'NONE', #5526, 1000.000000000000000 ) ;
#6276 = CARTESIAN_POINT ( 'NONE',  ( -1.280000000000000027, -8.294999999999999929, 6.749999999998999911 ) ) ;
#6277 = ADVANCED_FACE ( 'NONE', ( #3983 ), #9274, .F. ) ;
#6278 = DIRECTION ( 'NONE',  ( -1.000000000000000000, 1.239088197125999924E-16, 0.000000000000000000 ) ) ;
#6279 = DIRECTION ( 'NONE',  ( 0.000000000000000000, 0.000000000000000000, 1.000000000000000000 ) ) ;
#6280 = ORIENTED_EDGE ( 'NONE', *, *, #1194, .F. ) ;
#6281 = CARTESIAN_POINT ( 'NONE',  ( 0.3600000000000000422, -5.330679945108999007, 3.424999999999000178 ) ) ;
#6282 = CARTESIAN_POINT ( 'NONE',  ( 0.3499999999999999778, -8.830679945108999007, 6.424999999999999822 ) ) ;
#6283 = FACE_OUTER_BOUND ( 'NONE', #8152, .T. ) ;
#6284 = CARTESIAN_POINT ( 'NONE',  ( 1.280000000000000027, -2.979999999999999538, -0.7048473225369999984 ) ) ;
#6285 = VERTEX_POINT ( 'NONE', #5028 ) ;
#6286 = EDGE_CURVE ( 'NONE', #7570, #6251, #4969, .T. ) ;
#6287 = PLANE ( 'NONE',  #774 ) ;
#6288 = EDGE_CURVE ( 'NONE', #3257, #6543, #10236, .T. ) ;
#6289 = ORIENTED_EDGE ( 'NONE', *, *, #3963, .T. ) ;
#6290 = LINE ( 'NONE', #3649, #4764 ) ;
#6291 = VERTEX_POINT ( 'NONE', #7557 ) ;
#6292 = DIRECTION ( 'NONE',  ( 0.000000000000000000, 0.000000000000000000, -1.000000000000000000 ) ) ;
#6293 = VECTOR ( 'NONE', #4386, 1000.000000000000114 ) ;
#6294 = EDGE_CURVE ( 'NONE', #6595, #10756, #3075, .T. ) ;
#6295 = DIRECTION ( 'NONE',  ( 0.8990754936489593341, -0.4377936234344672606, -4.746567976289070610E-16 ) ) ;
#6296 = VECTOR ( 'NONE', #1458, 1000.000000000000000 ) ;
#6297 = LINE ( 'NONE', #3544, #4047 ) ;
#6298 = VECTOR ( 'NONE', #4157, 1000.000000000000000 ) ;
#6299 = VECTOR ( 'NONE', #7977, 1000.000000000000114 ) ;
#6300 = ORIENTED_EDGE ( 'NONE', *, *, #5686, .T. ) ;
#6301 = VECTOR ( 'NONE', #760, 1000.000000000000000 ) ;
#6302 = CARTESIAN_POINT ( 'NONE',  ( -0.3499999999989999999, -2.944999999999999840, -6.324512672832001141E-17 ) ) ;
#6303 = ADVANCED_FACE ( 'NONE', ( #8305 ), #10125, .T. ) ;
#6304 = CARTESIAN_POINT ( 'NONE',  ( -0.3600000000000000422, -5.330679945108999007, 7.125000000000000000 ) ) ;
#6305 = VERTEX_POINT ( 'NONE', #1525 ) ;
#6306 = PLANE ( 'NONE',  #3381 ) ;
#6307 = ORIENTED_EDGE ( 'NONE', *, *, #2050, .T. ) ;
#6308 = EDGE_LOOP ( 'NONE', ( #5061, #794, #2117, #9709 ) ) ;
#6309 = ORIENTED_EDGE ( 'NONE', *, *, #195, .F. ) ;
#6310 = LINE ( 'NONE', #9855, #7998 ) ;
#6311 = EDGE_CURVE ( 'NONE', #3215, #7510, #11037, .T. ) ;
#6312 = LINE ( 'NONE', #10662, #18 ) ;
#6313 = EDGE_CURVE ( 'NONE', #737, #8690, #1293, .T. ) ;
#6314 = LINE ( 'NONE', #3617, #4113 ) ;
#6315 = CARTESIAN_POINT ( 'NONE',  ( -1.280000000000000027, 3.804999999999000071, 0.000000000000000000 ) ) ;
#6316 = DIRECTION ( 'NONE',  ( 0.8990754936489593341, 0.4377936234344672606, 4.746567976289070610E-16 ) ) ;
#6317 = CARTESIAN_POINT ( 'NONE',  ( -0.3599999999990000088, -8.831833331044999014, 2.425086503945000249 ) ) ;
#6318 = VECTOR ( 'NONE', #3783, 1000.000000000000000 ) ;
#6319 = DIRECTION ( 'NONE',  ( 1.807003620808999850E-16, 0.000000000000000000, 1.000000000000000000 ) ) ;
#6320 = ORIENTED_EDGE ( 'NONE', *, *, #9802, .T. ) ;
#6321 =( NAMED_UNIT ( * ) SI_UNIT ( $, .STERADIAN. ) SOLID_ANGLE_UNIT ( ) );
#6322 = ORIENTED_EDGE ( 'NONE', *, *, #6166, .F. ) ;
#6323 = VECTOR ( 'NONE', #6252, 1000.000000000000000 ) ;
#6324 = EDGE_LOOP ( 'NONE', ( #5981, #6607, #2766, #9803 ) ) ;
#6325 = VERTEX_POINT ( 'NONE', #1464 ) ;
#6326 = ADVANCED_FACE ( 'NONE', ( #6643 ), #7497, .T. ) ;
#6327 = CARTESIAN_POINT ( 'NONE',  ( 1.280000000000000027, -7.894999999999999574, 6.749999999998999911 ) ) ;
#6328 = VECTOR ( 'NONE', #10748, 1000.000000000000000 ) ;
#6329 = ORIENTED_EDGE ( 'NONE', *, *, #944, .T. ) ;
#6330 = EDGE_CURVE ( 'NONE', #10179, #7194, #433, .T. ) ;
#6331 = DIRECTION ( 'NONE',  ( 0.000000000000000000, -1.000000000000000000, 0.000000000000000000 ) ) ;
#6332 = LINE ( 'NONE', #4605, #10723 ) ;
#6333 = LINE ( 'NONE', #7199, #717 ) ;
#6334 = FACE_OUTER_BOUND ( 'NONE', #2256, .T. ) ;
#6335 = AXIS2_PLACEMENT_3D ( 'NONE', #5413, #1913, #2658 ) ;
#6336 = CARTESIAN_POINT ( 'NONE',  ( 1.279999999998999716, 1.555811304863000011, 0.2999999999999999889 ) ) ;
#6337 = VECTOR ( 'NONE', #6494, 1000.000000000000000 ) ;
#6338 = VERTEX_POINT ( 'NONE', #2271 ) ;
#6339 = DIRECTION ( 'NONE',  ( -7.228014483236000386E-16, 1.000000000000000000, 0.000000000000000000 ) ) ;
#6340 = CARTESIAN_POINT ( 'NONE',  ( 0.3800000000000000044, -9.544999999998998064, 8.699999999999000977 ) ) ;
#6341 = DIRECTION ( 'NONE',  ( 0.000000000000000000, -1.000000000000000000, 0.000000000000000000 ) ) ;
#6342 = ORIENTED_EDGE ( 'NONE', *, *, #10820, .F. ) ;
#6343 = DIRECTION ( 'NONE',  ( 0.000000000000000000, -1.000000000000000000, 0.000000000000000000 ) ) ;
#6344 = DIRECTION ( 'NONE',  ( 0.000000000000000000, 0.000000000000000000, 1.000000000000000000 ) ) ;
#6345 = AXIS2_PLACEMENT_3D ( 'NONE', #7279, #1242, #10757 ) ;
#6346 = LINE ( 'NONE', #3865, #3108 ) ;
#6347 = CARTESIAN_POINT ( 'NONE',  ( 1.279999999998999716, 2.554188695136000664, 0.05000000000000000278 ) ) ;
#6348 = ADVANCED_FACE ( 'NONE', ( #5777 ), #10867, .F. ) ;
#6349 = ORIENTED_EDGE ( 'NONE', *, *, #5595, .F. ) ;
#6350 = DIRECTION ( 'NONE',  ( 0.000000000000000000, 0.000000000000000000, 1.000000000000000000 ) ) ;
#6351 = VERTEX_POINT ( 'NONE', #9157 ) ;
#6352 = CARTESIAN_POINT ( 'NONE',  ( -0.3499999999989999999, -2.944999999999999840, -6.324512672832001141E-17 ) ) ;
#6353 = ORIENTED_EDGE ( 'NONE', *, *, #4270, .F. ) ;
#6354 = CARTESIAN_POINT ( 'NONE',  ( -0.3499999999989999999, -8.830679945108999007, 3.625000000000000000 ) ) ;
#6355 = CARTESIAN_POINT ( 'NONE',  ( 0.3499999999989999999, -5.330679945108999007, 5.924999999999999822 ) ) ;
#6356 = EDGE_CURVE ( 'NONE', #1264, #11121, #6582, .T. ) ;
#6357 = DIRECTION ( 'NONE',  ( 0.000000000000000000, 0.000000000000000000, 1.000000000000000000 ) ) ;
#6358 = ORIENTED_EDGE ( 'NONE', *, *, #4673, .T. ) ;
#6359 = LINE ( 'NONE', #9740, #6299 ) ;
#6360 = VECTOR ( 'NONE', #3536, 1000.000000000000000 ) ;
#6361 = ORIENTED_EDGE ( 'NONE', *, *, #4888, .F. ) ;
#6362 = CARTESIAN_POINT ( 'NONE',  ( -0.3499999999999999778, -4.830679945108999895, 4.424999999998999733 ) ) ;
#6363 = ORIENTED_EDGE ( 'NONE', *, *, #6995, .F. ) ;
#6364 = EDGE_LOOP ( 'NONE', ( #1714, #3455, #6876, #7582 ) ) ;
#6365 = EDGE_LOOP ( 'NONE', ( #5745, #5422, #1354, #4601 ) ) ;
#6366 = DIRECTION ( 'NONE',  ( 0.000000000000000000, -4.336808689942000480E-16, -1.000000000000000000 ) ) ;
#6367 = LINE ( 'NONE', #5277, #4468 ) ;
#6368 = DIRECTION ( 'NONE',  ( 0.000000000000000000, 0.000000000000000000, 1.000000000000000000 ) ) ;
#6369 = LINE ( 'NONE', #6315, #7069 ) ;
#6370 = CARTESIAN_POINT ( 'NONE',  ( 1.280000000000000027, -8.294999999999999929, 2.599999999999000000 ) ) ;
#6371 = FACE_OUTER_BOUND ( 'NONE', #7623, .T. ) ;
#6372 = EDGE_CURVE ( 'NONE', #6285, #4862, #6696, .T. ) ;
#6373 = EDGE_CURVE ( 'NONE', #3574, #3439, #2211, .T. ) ;
#6374 = VECTOR ( 'NONE', #1356, 1000.000000000000000 ) ;
#6375 = PLANE ( 'NONE',  #10080 ) ;
#6376 = ORIENTED_EDGE ( 'NONE', *, *, #8273, .F. ) ;
#6377 = EDGE_CURVE ( 'NONE', #7003, #6675, #6752, .T. ) ;
#6378 = ORIENTED_EDGE ( 'NONE', *, *, #4971, .T. ) ;
#6379 = ORIENTED_EDGE ( 'NONE', *, *, #6045, .T. ) ;
#6380 = VERTEX_POINT ( 'NONE', #5893 ) ;
#6381 = CARTESIAN_POINT ( 'NONE',  ( 0.3599999999990000088, -4.830679945108999895, 2.625000000000000000 ) ) ;
#6382 = VERTEX_POINT ( 'NONE', #9217 ) ;
#6383 = DIRECTION ( 'NONE',  ( -1.215473287538999910E-16, 0.000000000000000000, 1.000000000000000000 ) ) ;
#6384 = DIRECTION ( 'NONE',  ( 0.000000000000000000, 1.000000000000000000, 0.000000000000000000 ) ) ;
#6385 = DIRECTION ( 'NONE',  ( -1.000000000000000000, 0.000000000000000000, 0.000000000000000000 ) ) ;
#6386 = EDGE_CURVE ( 'NONE', #4405, #912, #1350, .T. ) ;
#6387 = LINE ( 'NONE', #8972, #10457 ) ;
#6388 = EDGE_CURVE ( 'NONE', #7252, #2742, #6810, .T. ) ;
#6389 = CARTESIAN_POINT ( 'NONE',  ( 0.3600000000000000422, -5.330679945108999007, 3.424999999999000178 ) ) ;
#6390 = EDGE_CURVE ( 'NONE', #5079, #10700, #4162, .T. ) ;
#6391 = VECTOR ( 'NONE', #2713, 1000.000000000000000 ) ;
#6392 = PLANE ( 'NONE',  #2823 ) ;
#6393 = CARTESIAN_POINT ( 'NONE',  ( -1.279999999998999716, 1.555811304863000011, 0.05000000000000000278 ) ) ;
#6394 = CARTESIAN_POINT ( 'NONE',  ( -0.3499999999989999999, -2.944999999999999840, -6.324512672832001141E-17 ) ) ;
#6395 = ORIENTED_EDGE ( 'NONE', *, *, #7486, .F. ) ;
#6396 = CARTESIAN_POINT ( 'NONE',  ( -1.580000000000000071, -5.910051363132999391, 6.399999999999000266 ) ) ;
#6397 = LINE ( 'NONE', #2785, #8530 ) ;
#6398 = DIRECTION ( 'NONE',  ( -1.807003620808999850E-16, 0.000000000000000000, -1.000000000000000000 ) ) ;
#6399 = AXIS2_PLACEMENT_3D ( 'NONE', #10552, #4483, #1043 ) ;
#6400 = CARTESIAN_POINT ( 'NONE',  ( 7.801799543234999691E-31, -2.945000000000005613, 2.600000000000000089 ) ) ;
#6401 = CLOSED_SHELL ( 'NONE', ( #3885, #7060, #3978, #2987, #1470, #2098 ) ) ;
#6402 = ADVANCED_FACE ( 'NONE', ( #9446 ), #6060, .T. ) ;
#6403 = EDGE_LOOP ( 'NONE', ( #2806, #3616, #11115, #8357 ) ) ;
#6404 = DIRECTION ( 'NONE',  ( 0.000000000000000000, 0.000000000000000000, 1.000000000000000000 ) ) ;
#6405 = VECTOR ( 'NONE', #9288, 1000.000000000000000 ) ;
#6406 = ORIENTED_EDGE ( 'NONE', *, *, #3700, .T. ) ;
#6407 = PLANE ( 'NONE',  #1109 ) ;
#6408 = ORIENTED_EDGE ( 'NONE', *, *, #10978, .T. ) ;
#6409 = CARTESIAN_POINT ( 'NONE',  ( 2.308415123535999758, -7.685679981712000064, 3.399999999998999822 ) ) ;
#6410 = FACE_OUTER_BOUND ( 'NONE', #9044, .T. ) ;
#6411 = DIRECTION ( 'NONE',  ( 1.393178489863000032E-31, -1.084202172484999957E-15, 1.000000000000000000 ) ) ;
#6412 = CLOSED_SHELL ( 'NONE', ( #9092, #8195, #477, #2218, #2526, #7777 ) ) ;
#6413 = VECTOR ( 'NONE', #4803, 1000.000000000000000 ) ;
#6414 = ORIENTED_EDGE ( 'NONE', *, *, #1267, .T. ) ;
#6415 = FACE_OUTER_BOUND ( 'NONE', #4473, .T. ) ;
#6416 = ORIENTED_EDGE ( 'NONE', *, *, #1668, .F. ) ;
#6417 = LINE ( 'NONE', #272, #3011 ) ;
#6418 = EDGE_CURVE ( 'NONE', #10834, #3877, #3531, .T. ) ;
#6419 = ORIENTED_EDGE ( 'NONE', *, *, #832, .T. ) ;
#6420 = ORIENTED_EDGE ( 'NONE', *, *, #4572, .F. ) ;
#6421 = VERTEX_POINT ( 'NONE', #727 ) ;
#6422 = DIRECTION ( 'NONE',  ( 0.000000000000000000, 0.000000000000000000, -1.000000000000000000 ) ) ;
#6423 = VECTOR ( 'NONE', #7581, 1000.000000000000000 ) ;
#6424 = DIRECTION ( 'NONE',  ( -0.000000000000000000, 0.7071067811865475727, 0.7071067811865475727 ) ) ;
#6425 = CARTESIAN_POINT ( 'NONE',  ( 0.000000000000000000, -2.944999999999999840, 9.000000000000000000 ) ) ;
#6426 = VECTOR ( 'NONE', #4835, 1000.000000000000000 ) ;
#6427 = DIRECTION ( 'NONE',  ( 0.000000000000000000, 1.000000000000000000, 2.168404344971000191E-15 ) ) ;
#6428 = LINE ( 'NONE', #9919, #2006 ) ;
#6429 = LINE ( 'NONE', #8958, #941 ) ;
#6430 = AXIS2_PLACEMENT_3D ( 'NONE', #8910, #288, #7299 ) ;
#6431 = VERTEX_POINT ( 'NONE', #10405 ) ;
#6432 = VECTOR ( 'NONE', #3533, 1000.000000000000000 ) ;
#6433 = FACE_OUTER_BOUND ( 'NONE', #383, .T. ) ;
#6434 = AXIS2_PLACEMENT_3D ( 'NONE', #2184, #8446, #1432 ) ;
#6435 = EDGE_LOOP ( 'NONE', ( #10988, #6649, #10097, #904 ) ) ;
#6436 = EDGE_CURVE ( 'NONE', #7585, #9564, #1699, .T. ) ;
#6437 = EDGE_CURVE ( 'NONE', #3766, #5518, #6921, .T. ) ;
#6438 = ORIENTED_EDGE ( 'NONE', *, *, #832, .F. ) ;
#6439 = FILL_AREA_STYLE ('',( #9077 ) ) ;
#6440 = ORIENTED_EDGE ( 'NONE', *, *, #8643, .F. ) ;
#6441 = LINE ( 'NONE', #2075, #8521 ) ;
#6442 = DIRECTION ( 'NONE',  ( -1.807003620808999850E-16, 0.000000000000000000, -1.000000000000000000 ) ) ;
#6443 = VECTOR ( 'NONE', #10979, 1000.000000000000000 ) ;
#6444 = CARTESIAN_POINT ( 'NONE',  ( 1.279999999998999716, 1.904999999999000382, -1.899999999998999822 ) ) ;
#6445 = EDGE_CURVE ( 'NONE', #7983, #2392, #7732, .T. ) ;
#6446 = AXIS2_PLACEMENT_3D ( 'NONE', #4031, #537, #1337 ) ;
#6447 = AXIS2_PLACEMENT_3D ( 'NONE', #7869, #2354, #7646 ) ;
#6448 = CARTESIAN_POINT ( 'NONE',  ( -1.580000000000000071, -8.294999999999999929, 2.599999999999000000 ) ) ;
#6449 = CARTESIAN_POINT ( 'NONE',  ( 0.3600000000000000422, -5.330679945108999007, 5.924999999999999822 ) ) ;
#6450 = AXIS2_PLACEMENT_3D ( 'NONE', #7964, #9893, #8879 ) ;
#6451 = DIRECTION ( 'NONE',  ( -0.8990754936489593341, 0.4377936234344672051, 4.746567976289071596E-16 ) ) ;
#6452 = DIRECTION ( 'NONE',  ( 0.000000000000000000, 1.000000000000000000, 0.000000000000000000 ) ) ;
#6453 = CIRCLE ( 'NONE', #1314, 0.09999999999999982514 ) ;
#6454 = EDGE_CURVE ( 'NONE', #676, #7003, #3302, .T. ) ;
#6455 = LINE ( 'NONE', #7952, #568 ) ;
#6456 = CARTESIAN_POINT ( 'NONE',  ( 0.3600000000000000422, -5.330679945108999007, 3.424999999999000178 ) ) ;
#6457 = ORIENTED_EDGE ( 'NONE', *, *, #9466, .F. ) ;
#6458 = DIRECTION ( 'NONE',  ( 0.000000000000000000, 0.000000000000000000, 1.000000000000000000 ) ) ;
#6459 = LINE ( 'NONE', #5475, #6148 ) ;
#6460 = CARTESIAN_POINT ( 'NONE',  ( -0.3499999999999999778, -3.894999999999999574, 7.870000000000000107 ) ) ;
#6461 = EDGE_CURVE ( 'NONE', #6291, #6251, #7844, .T. ) ;
#6462 = CARTESIAN_POINT ( 'NONE',  ( 0.3600000000000000422, -4.830679945108999895, 3.924999999999999822 ) ) ;
#6463 = AXIS2_PLACEMENT_3D ( 'NONE', #10218, #4199, #10954 ) ;
#6464 = ORIENTED_EDGE ( 'NONE', *, *, #10618, .F. ) ;
#6465 = DIRECTION ( 'NONE',  ( -1.000000000000000000, 0.000000000000000000, 1.215473287538999910E-16 ) ) ;
#6466 = ORIENTED_EDGE ( 'NONE', *, *, #213, .F. ) ;
#6467 = CARTESIAN_POINT ( 'NONE',  ( 1.579999999998999982, -1.545811304863999647, 0.05000000000000000278 ) ) ;
#6468 = ORIENTED_EDGE ( 'NONE', *, *, #9845, .F. ) ;
#6469 = CARTESIAN_POINT ( 'NONE',  ( 0.3499999999989999999, -3.894999999999999574, 7.870000000000000107 ) ) ;
#6470 = EDGE_CURVE ( 'NONE', #7615, #4252, #9556, .T. ) ;
#6471 = VERTEX_POINT ( 'NONE', #6867 ) ;
#6472 = VECTOR ( 'NONE', #7129, 1000.000000000000000 ) ;
#6473 = EDGE_CURVE ( 'NONE', #10209, #3144, #7787, .T. ) ;
#6474 = DIRECTION ( 'NONE',  ( 1.000000000000000000, 0.000000000000000000, 0.000000000000000000 ) ) ;
#6475 = DIRECTION ( 'NONE',  ( 1.704914861736844513E-16, 0.3420201433253704515, 0.9396926207860168967 ) ) ;
#6476 = EDGE_LOOP ( 'NONE', ( #2750, #10983, #1198, #5207 ) ) ;
#6477 = DIRECTION ( 'NONE',  ( 1.000000000000000000, 1.284980352574999780E-16, 0.000000000000000000 ) ) ;
#6478 = ORIENTED_EDGE ( 'NONE', *, *, #3625, .T. ) ;
#6479 = DIRECTION ( 'NONE',  ( 1.807003620808999850E-16, 0.000000000000000000, 1.000000000000000000 ) ) ;
#6480 = ORIENTED_EDGE ( 'NONE', *, *, #555, .F. ) ;
#6481 = EDGE_LOOP ( 'NONE', ( #8206, #9739, #2879, #3424, #8502, #5614, #10338, #8674, #11249, #256, #1159, #4262, #1184, #1018, #3497, #6720, #1147, #6972, #7769, #694, #2863, #2978, #693, #8471, #10806, #1418, #5567, #6416, #8937, #8703, #1243, #5262, #9129, #10781, #11177, #9372, #10987, #9620, #2781, #3598, #8249, #3773, #9726 ) ) ;
#6482 = ORIENTED_EDGE ( 'NONE', *, *, #8925, .T. ) ;
#6483 = FACE_OUTER_BOUND ( 'NONE', #2688, .T. ) ;
#6484 = VECTOR ( 'NONE', #1402, 1000.000000000000000 ) ;
#6485 = CARTESIAN_POINT ( 'NONE',  ( 1.429999999999000071, -1.983341451230999697, 4.776807376878000611 ) ) ;
#6486 = DIRECTION ( 'NONE',  ( -1.000000000000000000, 0.000000000000000000, 1.215473287538999910E-16 ) ) ;
#6487 = VECTOR ( 'NONE', #6861, 1000.000000000000114 ) ;
#6488 = DIRECTION ( 'NONE',  ( -2.231344965625816278E-17, 0.1736481776660634968, -0.9848077530123608980 ) ) ;
#6489 = DIRECTION ( 'NONE',  ( 0.000000000000000000, 1.000000000000000000, 0.000000000000000000 ) ) ;
#6490 = CARTESIAN_POINT ( 'NONE',  ( 1.280000000000000027, -6.942054513798999515, 2.600000000000000089 ) ) ;
#6491 = EDGE_CURVE ( 'NONE', #2578, #4009, #11208, .T. ) ;
#6492 = VECTOR ( 'NONE', #10168, 1000.000000000000000 ) ;
#6493 = ORIENTED_EDGE ( 'NONE', *, *, #210, .T. ) ;
#6494 = DIRECTION ( 'NONE',  ( 0.000000000000000000, 0.000000000000000000, -1.000000000000000000 ) ) ;
#6495 = VERTEX_POINT ( 'NONE', #9496 ) ;
#6496 = VECTOR ( 'NONE', #4147, 1000.000000000000000 ) ;
#6497 = VECTOR ( 'NONE', #4246, 1000.000000000000000 ) ;
#6498 = ORIENTED_EDGE ( 'NONE', *, *, #708, .F. ) ;
#6499 = ORIENTED_EDGE ( 'NONE', *, *, #4839, .F. ) ;
#6500 = CARTESIAN_POINT ( 'NONE',  ( 1.279999999998999716, 2.989999999999000568, -0.7048473225369999984 ) ) ;
#6501 = ORIENTED_EDGE ( 'NONE', *, *, #4453, .T. ) ;
#6502 = AXIS2_PLACEMENT_3D ( 'NONE', #6557, #10038, #2356 ) ;
#6503 = DIRECTION ( 'NONE',  ( -2.818573634768999933E-16, 1.000000000000000000, 0.000000000000000000 ) ) ;
#6504 = FACE_OUTER_BOUND ( 'NONE', #275, .T. ) ;
#6505 =( NAMED_UNIT ( * ) PLANE_ANGLE_UNIT ( ) SI_UNIT ( $, .RADIAN. ) );
#6506 = DIRECTION ( 'NONE',  ( 0.000000000000000000, -1.000000000000000000, 0.000000000000000000 ) ) ;
#6507 = EDGE_CURVE ( 'NONE', #4128, #7252, #10708, .T. ) ;
#6508 = EDGE_CURVE ( 'NONE', #3393, #10391, #2551, .T. ) ;
#6509 = AXIS2_PLACEMENT_3D ( 'NONE', #2401, #2342, #7631 ) ;
#6510 = PLANE ( 'NONE',  #2797 ) ;
#6511 = VECTOR ( 'NONE', #479, 1000.000000000000000 ) ;
#6512 = DIRECTION ( 'NONE',  ( -2.231344965625816278E-17, 0.1736481776660634968, -0.9848077530123608980 ) ) ;
#6513 = DIRECTION ( 'NONE',  ( -1.393178489863000032E-31, -1.084202172484999957E-15, 1.000000000000000000 ) ) ;
#6514 = ADVANCED_FACE ( 'NONE', ( #2500 ), #5253, .F. ) ;
#6515 = CARTESIAN_POINT ( 'NONE',  ( 1.429999999999000071, -1.983341451230999697, 4.776807376878000611 ) ) ;
#6516 = DIRECTION ( 'NONE',  ( 1.000000000000000000, 1.284980352574999780E-16, 0.000000000000000000 ) ) ;
#6517 = ORIENTED_EDGE ( 'NONE', *, *, #4353, .T. ) ;
#6518 = CARTESIAN_POINT ( 'NONE',  ( -0.09999999999899999992, 0.3049999999990000710, 0.000000000000000000 ) ) ;
#6519 = DIRECTION ( 'NONE',  ( 0.000000000000000000, 1.000000000000000000, 0.000000000000000000 ) ) ;
#6520 = DIRECTION ( 'NONE',  ( -1.807003620808999850E-16, 0.000000000000000000, 1.000000000000000000 ) ) ;
#6521 = VECTOR ( 'NONE', #11138, 1000.000000000000000 ) ;
#6522 = EDGE_CURVE ( 'NONE', #10426, #6325, #22, .T. ) ;
#6523 = ORIENTED_EDGE ( 'NONE', *, *, #1528, .T. ) ;
#6524 = CARTESIAN_POINT ( 'NONE',  ( 0.5396645151600001356, 2.385829949784000537, 4.134721410322000246 ) ) ;
#6525 = CARTESIAN_POINT ( 'NONE',  ( 0.3499999999999999778, -8.830679945108999007, 2.925000000000000266 ) ) ;
#6526 = EDGE_CURVE ( 'NONE', #2053, #1828, #2670, .T. ) ;
#6527 = ORIENTED_EDGE ( 'NONE', *, *, #486, .F. ) ;
#6528 = LINE ( 'NONE', #9386, #10993 ) ;
#6529 = AXIS2_PLACEMENT_3D ( 'NONE', #2284, #6763, #4867 ) ;
#6530 = EDGE_LOOP ( 'NONE', ( #4086, #10660, #1200, #5861 ) ) ;
#6531 = DIRECTION ( 'NONE',  ( -1.075827036997393753E-16, -0.9848077530123608980, 0.1736481776660634968 ) ) ;
#6532 = ORIENTED_EDGE ( 'NONE', *, *, #2744, .T. ) ;
#6533 = CARTESIAN_POINT ( 'NONE',  ( 0.3600000000000000422, -4.830679945108999895, 4.924999999999999822 ) ) ;
#6534 = DIRECTION ( 'NONE',  ( -0.000000000000000000, 1.000000000000000000, 0.000000000000000000 ) ) ;
#6535 = AXIS2_PLACEMENT_3D ( 'NONE', #7390, #4106, #11096 ) ;
#6536 = ORIENTED_EDGE ( 'NONE', *, *, #7783, .F. ) ;
#6537 = PLANE ( 'NONE',  #2889 ) ;
#6538 = EDGE_CURVE ( 'NONE', #1961, #918, #9664, .T. ) ;
#6539 = ORIENTED_EDGE ( 'NONE', *, *, #2857, .T. ) ;
#6540 = CARTESIAN_POINT ( 'NONE',  ( -0.3600000000000000422, -5.330679945108999007, 7.125000000000000000 ) ) ;
#6541 = ORIENTED_EDGE ( 'NONE', *, *, #1565, .T. ) ;
#6542 = VERTEX_POINT ( 'NONE', #672 ) ;
#6543 = VERTEX_POINT ( 'NONE', #7672 ) ;
#6544 = CARTESIAN_POINT ( 'NONE',  ( -1.280000000000000027, 3.504999999999000249, 2.720678065752000219 ) ) ;
#6545 = CARTESIAN_POINT ( 'NONE',  ( 1.579999999998999982, 3.704999999998999982, 0.4000000000000000222 ) ) ;
#6546 = CARTESIAN_POINT ( 'NONE',  ( -0.3499999999989999999, -3.894999999999999574, 1.179999999999000071 ) ) ;
#6547 = CARTESIAN_POINT ( 'NONE',  ( -1.251501579824999988, -6.198274308341999550, 6.242520405652999926 ) ) ;
#6548 = LINE ( 'NONE', #10029, #6063 ) ;
#6549 = ORIENTED_EDGE ( 'NONE', *, *, #9923, .F. ) ;
#6550 = CARTESIAN_POINT ( 'NONE',  ( -1.830000000000000071, 3.804999999999000071, 4.915278589676999488 ) ) ;
#6551 = ORIENTED_EDGE ( 'NONE', *, *, #10239, .F. ) ;
#6552 = ORIENTED_EDGE ( 'NONE', *, *, #4636, .F. ) ;
#6553 = ORIENTED_EDGE ( 'NONE', *, *, #6598, .F. ) ;
#6554 = LINE ( 'NONE', #10036, #767 ) ;
#6555 = EDGE_LOOP ( 'NONE', ( #2168, #3163, #4331, #3979 ) ) ;
#6556 = EDGE_CURVE ( 'NONE', #5518, #2695, #6397, .T. ) ;
#6557 = CARTESIAN_POINT ( 'NONE',  ( -0.3799999999990000266, -9.694999999999998508, 7.799999999998999733 ) ) ;
#6558 = LINE ( 'NONE', #6614, #5416 ) ;
#6559 = FACE_OUTER_BOUND ( 'NONE', #6896, .T. ) ;
#6560 = DIRECTION ( 'NONE',  ( 0.000000000000000000, -1.000000000000000000, 0.000000000000000000 ) ) ;
#6561 = DIRECTION ( 'NONE',  ( -1.000000000000000000, 0.000000000000000000, 1.215473287538999910E-16 ) ) ;
#6562 = CARTESIAN_POINT ( 'NONE',  ( -1.430000000000000160, -2.752668290246999661, 4.776807376878000611 ) ) ;
#6563 = DIRECTION ( 'NONE',  ( 1.000000000000000000, 0.000000000000000000, 0.000000000000000000 ) ) ;
#6564 = LINE ( 'NONE', #5700, #11198 ) ;
#6565 = ORIENTED_EDGE ( 'NONE', *, *, #9660, .F. ) ;
#6566 = ADVANCED_FACE ( 'NONE', ( #191 ), #5535, .F. ) ;
#6567 = LINE ( 'NONE', #5704, #5020 ) ;
#6568 = DIRECTION ( 'NONE',  ( 0.000000000000000000, 1.000000000000000000, 0.000000000000000000 ) ) ;
#6569 = CARTESIAN_POINT ( 'NONE',  ( 1.279999999998999716, 1.904999999999000382, -0.8999999999990000443 ) ) ;
#6570 = DIRECTION ( 'NONE',  ( 1.000000000000000000, 0.000000000000000000, 1.215473287538999910E-16 ) ) ;
#6571 = AXIS2_PLACEMENT_3D ( 'NONE', #6425, #9917, #6116 ) ;
#6572 = ORIENTED_EDGE ( 'NONE', *, *, #5737, .T. ) ;
#6573 = CARTESIAN_POINT ( 'NONE',  ( 0.000000000000000000, -9.395000000000001350, 0.000000000000000000 ) ) ;
#6574 = CARTESIAN_POINT ( 'NONE',  ( 1.280000000000000027, -3.594999999999999751, 1.249999999998999911 ) ) ;
#6575 = EDGE_LOOP ( 'NONE', ( #6233, #11224, #2544, #3553 ) ) ;
#6576 = CARTESIAN_POINT ( 'NONE',  ( -1.430000000000000160, -4.571077182464999389, 2.719600141541999694 ) ) ;
#6577 = EDGE_LOOP ( 'NONE', ( #6048, #8167, #5148, #4906, #6940, #10487, #5367, #10609 ) ) ;
#6578 = EDGE_CURVE ( 'NONE', #5568, #2011, #6459, .T. ) ;
#6579 = EDGE_CURVE ( 'NONE', #10229, #1918, #4507, .T. ) ;
#6580 = CARTESIAN_POINT ( 'NONE',  ( 0.3600000000000000422, -9.330679945108999007, 5.924999999999999822 ) ) ;
#6581 =( GEOMETRIC_REPRESENTATION_CONTEXT ( 3 ) GLOBAL_UNCERTAINTY_ASSIGNED_CONTEXT ( ( #1579 ) ) GLOBAL_UNIT_ASSIGNED_CONTEXT ( ( #534, #4785, #9261 ) ) REPRESENTATION_CONTEXT ( 'NONE', 'WORKASPACE' ) );
#6582 = LINE ( 'NONE', #3930, #1191 ) ;
#6583 = ORIENTED_EDGE ( 'NONE', *, *, #7791, .F. ) ;
#6584 = DIRECTION ( 'NONE',  ( -1.000000000000000000, 1.284980352574999780E-16, 0.000000000000000000 ) ) ;
#6585 = EDGE_CURVE ( 'NONE', #5657, #2011, #10631, .T. ) ;
#6586 = DIRECTION ( 'NONE',  ( 1.000000000000000000, 0.000000000000000000, 0.000000000000000000 ) ) ;
#6587 = AXIS2_PLACEMENT_3D ( 'NONE', #3848, #7368, #2995 ) ;
#6588 = ORIENTED_EDGE ( 'NONE', *, *, #11203, .T. ) ;
#6589 = DIRECTION ( 'NONE',  ( -0.000000000000000000, 1.000000000000000000, 0.000000000000000000 ) ) ;
#6590 = EDGE_LOOP ( 'NONE', ( #2435, #8930, #10835, #1400 ) ) ;
#6591 = LINE ( 'NONE', #3255, #4945 ) ;
#6592 = ORIENTED_EDGE ( 'NONE', *, *, #6418, .T. ) ;
#6593 = EDGE_CURVE ( 'NONE', #3257, #2621, #3697, .T. ) ;
#6594 = ORIENTED_EDGE ( 'NONE', *, *, #859, .F. ) ;
#6595 = VERTEX_POINT ( 'NONE', #7211 ) ;
#6596 = DIRECTION ( 'NONE',  ( 0.000000000000000000, -5.382100923358999157E-17, -1.000000000000000000 ) ) ;
#6597 = CARTESIAN_POINT ( 'NONE',  ( 1.080000000000000071, 3.504999999999000249, 4.134721410322000246 ) ) ;
#6598 = EDGE_CURVE ( 'NONE', #9733, #3215, #2724, .T. ) ;
#6599 = AXIS2_PLACEMENT_3D ( 'NONE', #3472, #6922, #9611 ) ;
#6600 = LINE ( 'NONE', #5619, #1843 ) ;
#6601 = PLANE ( 'NONE',  #10420 ) ;
#6602 = EDGE_CURVE ( 'NONE', #11161, #1637, #9776, .T. ) ;
#6603 = CARTESIAN_POINT ( 'NONE',  ( -1.080000000000000071, 3.504999999999000249, 4.134721410322000246 ) ) ;
#6604 = ORIENTED_EDGE ( 'NONE', *, *, #8621, .F. ) ;
#6605 = CARTESIAN_POINT ( 'NONE',  ( 0.3600000000000000422, -4.830679945108999895, 4.125000000000000000 ) ) ;
#6606 = ORIENTED_EDGE ( 'NONE', *, *, #968, .F. ) ;
#6607 = ORIENTED_EDGE ( 'NONE', *, *, #10046, .F. ) ;
#6608 = CLOSED_SHELL ( 'NONE', ( #6261, #10932, #10572, #2955, #8761, #4845 ) ) ;
#6609 = ORIENTED_EDGE ( 'NONE', *, *, #3644, .F. ) ;
#6610 = EDGE_LOOP ( 'NONE', ( #6408, #2449, #10530, #4112 ) ) ;
#6611 = AXIS2_PLACEMENT_3D ( 'NONE', #6352, #1133, #9048 ) ;
#6612 = VERTEX_POINT ( 'NONE', #8982 ) ;
#6613 = LINE ( 'NONE', #10841, #9237 ) ;
#6614 = CARTESIAN_POINT ( 'NONE',  ( 1.279999999998999716, -1.110000000000999743, -0.7048473225369999984 ) ) ;
#6615 = EDGE_CURVE ( 'NONE', #9470, #3546, #9834, .T. ) ;
#6616 = CARTESIAN_POINT ( 'NONE',  ( -0.3799999999990000266, -9.694999999999998508, 1.249999999998999911 ) ) ;
#6617 = EDGE_CURVE ( 'NONE', #9763, #7682, #1924, .T. ) ;
#6618 = LINE ( 'NONE', #522, #8452 ) ;
#6619 = VECTOR ( 'NONE', #1271, 1000.000000000000000 ) ;
#6620 = VECTOR ( 'NONE', #2536, 1000.000000000000000 ) ;
#6621 = DIRECTION ( 'NONE',  ( 0.4361276865241069944, 0.8956542399572199331, -0.08715574274702139745 ) ) ;
#6622 = LINE ( 'NONE', #5583, #4656 ) ;
#6623 = FACE_OUTER_BOUND ( 'NONE', #8882, .T. ) ;
#6624 = DIRECTION ( 'NONE',  ( 1.000000000000000000, 0.000000000000000000, 0.000000000000000000 ) ) ;
#6625 = ORIENTED_EDGE ( 'NONE', *, *, #5802, .F. ) ;
#6626 = VECTOR ( 'NONE', #8749, 1000.000000000000000 ) ;
#6627 = DIRECTION ( 'NONE',  ( -1.284980352574999780E-16, 1.000000000000000000, 0.000000000000000000 ) ) ;
#6628 = CARTESIAN_POINT ( 'NONE',  ( -0.3600000000000000422, -8.830679945108999007, 3.625000000000000000 ) ) ;
#6629 =( GEOMETRIC_REPRESENTATION_CONTEXT ( 3 ) GLOBAL_UNCERTAINTY_ASSIGNED_CONTEXT ( ( #2492 ) ) GLOBAL_UNIT_ASSIGNED_CONTEXT ( ( #7699, #642, #3334 ) ) REPRESENTATION_CONTEXT ( 'NONE', 'WORKASPACE' ) );
#6630 = FILL_AREA_STYLE_COLOUR ( '', #3992 ) ;
#6631 = DIRECTION ( 'NONE',  ( -1.215473287538999910E-16, 0.000000000000000000, -1.000000000000000000 ) ) ;
#6632 = VECTOR ( 'NONE', #9785, 1000.000000000000000 ) ;
#6633 = EDGE_CURVE ( 'NONE', #8278, #8926, #1122, .T. ) ;
#6634 = AXIS2_PLACEMENT_3D ( 'NONE', #6238, #1879, #2738 ) ;
#6635 = UNCERTAINTY_MEASURE_WITH_UNIT (LENGTH_MEASURE( 1.000000000000000082E-05 ), #10975, 'distance_accuracy_value', 'NONE');
#6636 = ORIENTED_EDGE ( 'NONE', *, *, #1212, .F. ) ;
#6637 = DIRECTION ( 'NONE',  ( 0.000000000000000000, -1.000000000000000000, 0.000000000000000000 ) ) ;
#6638 = LINE ( 'NONE', #3925, #428 ) ;
#6639 = VERTEX_POINT ( 'NONE', #8184 ) ;
#6640 = CARTESIAN_POINT ( 'NONE',  ( 0.3499999999989999999, -4.829526559172999889, 2.425086503945000249 ) ) ;
#6641 = ORIENTED_EDGE ( 'NONE', *, *, #8219, .T. ) ;
#6642 = SURFACE_SIDE_STYLE ('',( #9388 ) ) ;
#6643 = FACE_OUTER_BOUND ( 'NONE', #11185, .T. ) ;
#6644 = VECTOR ( 'NONE', #8060, 1000.000000000000000 ) ;
#6645 = PLANE ( 'NONE',  #10647 ) ;
#6646 = FACE_OUTER_BOUND ( 'NONE', #6725, .T. ) ;
#6647 = EDGE_CURVE ( 'NONE', #4692, #7362, #7095, .T. ) ;
#6648 = EDGE_CURVE ( 'NONE', #9580, #5716, #8129, .T. ) ;
#6649 = ORIENTED_EDGE ( 'NONE', *, *, #6386, .F. ) ;
#6650 = DIRECTION ( 'NONE',  ( -1.000000000000000000, 1.284980352574999780E-16, 0.000000000000000000 ) ) ;
#6651 = VERTEX_POINT ( 'NONE', #251 ) ;
#6652 = LINE ( 'NONE', #10191, #1281 ) ;
#6653 = VECTOR ( 'NONE', #1457, 1000.000000000000000 ) ;
#6654 = VERTEX_POINT ( 'NONE', #8014 ) ;
#6655 = EDGE_CURVE ( 'NONE', #8868, #8430, #1065, .T. ) ;
#6656 = VERTEX_POINT ( 'NONE', #9719 ) ;
#6657 = ORIENTED_EDGE ( 'NONE', *, *, #8483, .T. ) ;
#6658 = DIRECTION ( 'NONE',  ( -1.299091332659999954E-16, 1.000000000000000000, 0.000000000000000000 ) ) ;
#6659 = DIRECTION ( 'NONE',  ( -1.239088197125999924E-16, -1.000000000000000000, 0.000000000000000000 ) ) ;
#6660 = CARTESIAN_POINT ( 'NONE',  ( 0.3499999999999999778, -5.330679945108999007, 7.125000000000000000 ) ) ;
#6661 = DIRECTION ( 'NONE',  ( 0.000000000000000000, -1.000000000000000000, 0.000000000000000000 ) ) ;
#6662 = CARTESIAN_POINT ( 'NONE',  ( -0.3600000000000000422, -4.830679945108999895, 4.625000000000000000 ) ) ;
#6663 = ORIENTED_EDGE ( 'NONE', *, *, #7225, .T. ) ;
#6664 = FILL_AREA_STYLE ('',( #3156 ) ) ;
#6665 = ORIENTED_EDGE ( 'NONE', *, *, #5118, .T. ) ;
#6666 = EDGE_LOOP ( 'NONE', ( #1376, #439, #4660, #10289 ) ) ;
#6667 = EDGE_CURVE ( 'NONE', #7765, #1239, #4559, .T. ) ;
#6668 = ORIENTED_EDGE ( 'NONE', *, *, #10301, .T. ) ;
#6669 = VERTEX_POINT ( 'NONE', #7322 ) ;
#6670 = ORIENTED_EDGE ( 'NONE', *, *, #8704, .T. ) ;
#6671 = CARTESIAN_POINT ( 'NONE',  ( -1.279999999998999716, 2.555000000000000160, -1.899999999998999822 ) ) ;
#6672 = DIRECTION ( 'NONE',  ( 0.000000000000000000, 1.000000000000000000, 0.000000000000000000 ) ) ;
#6673 = LINE ( 'NONE', #3907, #8261 ) ;
#6674 = VECTOR ( 'NONE', #9938, 1000.000000000000114 ) ;
#6675 = VERTEX_POINT ( 'NONE', #7148 ) ;
#6676 = LINE ( 'NONE', #3230, #1702 ) ;
#6677 = EDGE_CURVE ( 'NONE', #483, #8387, #8069, .T. ) ;
#6678 = CARTESIAN_POINT ( 'NONE',  ( 1.430000000000000160, -9.694999999999998508, 7.799999999998999733 ) ) ;
#6679 = VECTOR ( 'NONE', #10784, 1000.000000000000000 ) ;
#6680 = EDGE_CURVE ( 'NONE', #499, #7780, #8813, .T. ) ;
#6681 = DIRECTION ( 'NONE',  ( 1.000000000000000000, 0.000000000000000000, 0.000000000000000000 ) ) ;
#6682 = DIRECTION ( 'NONE',  ( 1.393178489863000032E-31, -1.084202172484999957E-15, 1.000000000000000000 ) ) ;
#6683 = VERTEX_POINT ( 'NONE', #7955 ) ;
#6684 = LINE ( 'NONE', #2257, #1537 ) ;
#6685 = LINE ( 'NONE', #2258, #9795 ) ;
#6686 = FACE_OUTER_BOUND ( 'NONE', #7237, .T. ) ;
#6687 = DIRECTION ( 'NONE',  ( -1.000000000000000000, 0.000000000000000000, 1.807003620808999850E-16 ) ) ;
#6688 = VECTOR ( 'NONE', #10663, 1000.000000000000000 ) ;
#6689 = VERTEX_POINT ( 'NONE', #3589 ) ;
#6690 = LINE ( 'NONE', #5827, #2268 ) ;
#6691 = CARTESIAN_POINT ( 'NONE',  ( 1.280000000000000027, -8.294999999999999929, 3.749999999998999911 ) ) ;
#6692 = ORIENTED_EDGE ( 'NONE', *, *, #1940, .F. ) ;
#6693 = CARTESIAN_POINT ( 'NONE',  ( 0.3599999999990000088, -9.330679945108999007, 1.625000000000000000 ) ) ;
#6694 = EDGE_LOOP ( 'NONE', ( #9111, #10796, #295, #7967 ) ) ;
#6695 = FACE_BOUND ( 'NONE', #10011, .T. ) ;
#6696 = LINE ( 'NONE', #2328, #3933 ) ;
#6697 = AXIS2_PLACEMENT_3D ( 'NONE', #5875, #10449, #9595 ) ;
#6698 = EDGE_CURVE ( 'NONE', #2961, #1085, #1864, .T. ) ;
#6699 = DIRECTION ( 'NONE',  ( 0.000000000000000000, 0.000000000000000000, 1.000000000000000000 ) ) ;
#6700 = DIRECTION ( 'NONE',  ( 0.000000000000000000, -1.000000000000000000, 0.000000000000000000 ) ) ;
#6701 = CARTESIAN_POINT ( 'NONE',  ( -0.3600000000000000422, -8.830679945108999007, 4.424999999998999733 ) ) ;
#6702 = AXIS2_PLACEMENT_3D ( 'NONE', #8680, #815, #8569 ) ;
#6703 = ORIENTED_EDGE ( 'NONE', *, *, #8712, .F. ) ;
#6704 = DIRECTION ( 'NONE',  ( 1.000000000000000000, 0.000000000000000000, 0.000000000000000000 ) ) ;
#6705 = PRESENTATION_LAYER_ASSIGNMENT (  '', '', ( #466 ) ) ;
#6706 = ORIENTED_EDGE ( 'NONE', *, *, #4263, .F. ) ;
#6707 = LINE ( 'NONE', #2393, #9888 ) ;
#6708 = VERTEX_POINT ( 'NONE', #7544 ) ;
#6709 = ORIENTED_EDGE ( 'NONE', *, *, #11108, .F. ) ;
#6710 = ORIENTED_EDGE ( 'NONE', *, *, #321, .T. ) ;
#6711 = CARTESIAN_POINT ( 'NONE',  ( -1.280000000000000027, 3.504999999999000249, 8.000000000000000000 ) ) ;
#6712 = EDGE_CURVE ( 'NONE', #755, #2263, #420, .T. ) ;
#6713 = DIRECTION ( 'NONE',  ( 1.000000000000000000, 1.239088197125999924E-16, 0.000000000000000000 ) ) ;
#6714 = AXIS2_PLACEMENT_3D ( 'NONE', #5617, #3664, #10025 ) ;
#6715 = PLANE ( 'NONE',  #10081 ) ;
#6716 = LINE ( 'NONE', #10252, #1137 ) ;
#6717 = LINE ( 'NONE', #5621, #2031 ) ;
#6718 = ORIENTED_EDGE ( 'NONE', *, *, #9679, .T. ) ;
#6719 = DIRECTION ( 'NONE',  ( 1.000000000000000000, 0.000000000000000000, -1.215473287538999910E-16 ) ) ;
#6720 = ORIENTED_EDGE ( 'NONE', *, *, #3008, .T. ) ;
#6721 = ORIENTED_EDGE ( 'NONE', *, *, #3141, .F. ) ;
#6722 = DIRECTION ( 'NONE',  ( 2.226573324198619874E-15, 0.000000000000000000, 1.000000000000000000 ) ) ;
#6723 = ORIENTED_EDGE ( 'NONE', *, *, #1359, .F. ) ;
#6724 = ORIENTED_EDGE ( 'NONE', *, *, #11042, .T. ) ;
#6725 = EDGE_LOOP ( 'NONE', ( #5958, #1049, #497, #4360 ) ) ;
#6726 = EDGE_CURVE ( 'NONE', #6651, #5289, #1280, .T. ) ;
#6727 = CARTESIAN_POINT ( 'NONE',  ( 0.1000000000000000056, 1.304999999999000515, 0.000000000000000000 ) ) ;
#6728 = EDGE_CURVE ( 'NONE', #676, #5170, #10115, .T. ) ;
#6729 = DIRECTION ( 'NONE',  ( 0.000000000000000000, 0.000000000000000000, 1.000000000000000000 ) ) ;
#6730 = FACE_OUTER_BOUND ( 'NONE', #105, .T. ) ;
#6731 = CARTESIAN_POINT ( 'NONE',  ( -1.579999999998999982, 1.555811304863000011, 0.05000000000000000278 ) ) ;
#6732 = ADVANCED_FACE ( 'NONE', ( #3116 ), #5820, .F. ) ;
#6733 = EDGE_LOOP ( 'NONE', ( #8559, #5532, #6138, #2656 ) ) ;
#6734 = PLANE ( 'NONE',  #8489 ) ;
#6735 = LINE ( 'NONE', #7865, #3545 ) ;
#6736 = LINE ( 'NONE', #8292, #2389 ) ;
#6737 = PLANE ( 'NONE',  #6874 ) ;
#6738 = ORIENTED_EDGE ( 'NONE', *, *, #3292, .T. ) ;
#6739 = FACE_OUTER_BOUND ( 'NONE', #7679, .T. ) ;
#6740 = EDGE_CURVE ( 'NONE', #476, #3571, #6685, .T. ) ;
#6741 = CARTESIAN_POINT ( 'NONE',  ( 0.3800000000000000044, -3.894999999999999574, 0.04999999999899999714 ) ) ;
#6742 = DIRECTION ( 'NONE',  ( 0.000000000000000000, 0.3420201433253704515, -0.9396926207860168967 ) ) ;
#6743 = EDGE_CURVE ( 'NONE', #6914, #4750, #1449, .T. ) ;
#6744 = CARTESIAN_POINT ( 'NONE',  ( -1.280000000000000027, 3.504999999999000249, 4.134721410322000246 ) ) ;
#6745 = EDGE_CURVE ( 'NONE', #10391, #918, #3863, .T. ) ;
#6746 = ORIENTED_EDGE ( 'NONE', *, *, #6888, .F. ) ;
#6747 = FACE_OUTER_BOUND ( 'NONE', #9912, .T. ) ;
#6748 = CARTESIAN_POINT ( 'NONE',  ( -1.430000000000000160, -4.571077182464999389, 3.395675242495999946 ) ) ;
#6749 = CARTESIAN_POINT ( 'NONE',  ( -1.080000000000000071, 3.804999999999000071, 4.915278589676999488 ) ) ;
#6750 = ORIENTED_EDGE ( 'NONE', *, *, #1687, .T. ) ;
#6751 = FACE_OUTER_BOUND ( 'NONE', #6263, .T. ) ;
#6752 = LINE ( 'NONE', #3248, #4855 ) ;
#6753 = CARTESIAN_POINT ( 'NONE',  ( 0.3499999999989999999, -4.830679945108999895, 6.424999999999999822 ) ) ;
#6754 = CARTESIAN_POINT ( 'NONE',  ( 1.579999999998999982, 3.804999999999000071, 9.000000000000000000 ) ) ;
#6755 = ORIENTED_EDGE ( 'NONE', *, *, #7208, .T. ) ;
#6756 = CARTESIAN_POINT ( 'NONE',  ( -1.830000000000000071, -2.944999999999999840, 0.000000000000000000 ) ) ;
#6757 = MECHANICAL_DESIGN_GEOMETRIC_PRESENTATION_REPRESENTATION (  '', ( #2543 ), #6581 ) ;
#6758 = ORIENTED_EDGE ( 'NONE', *, *, #3973, .T. ) ;
#6759 = DIRECTION ( 'NONE',  ( -0.000000000000000000, 1.000000000000000000, 0.000000000000000000 ) ) ;
#6760 = EDGE_LOOP ( 'NONE', ( #5205, #8950, #8045, #4729 ) ) ;
#6761 = ORIENTED_EDGE ( 'NONE', *, *, #8887, .F. ) ;
#6762 = VERTEX_POINT ( 'NONE', #10855 ) ;
#6763 = DIRECTION ( 'NONE',  ( 1.000000000000000000, 0.000000000000000000, 0.000000000000000000 ) ) ;
#6764 = CARTESIAN_POINT ( 'NONE',  ( 0.3599999999990000088, -5.330679945108999007, 1.924999999998999956 ) ) ;
#6765 = LINE ( 'NONE', #10251, #4787 ) ;
#6766 = CARTESIAN_POINT ( 'NONE',  ( -0.3599999999990000088, -2.944999999999999840, -6.446060001586000578E-17 ) ) ;
#6767 =( GEOMETRIC_REPRESENTATION_CONTEXT ( 3 ) GLOBAL_UNCERTAINTY_ASSIGNED_CONTEXT ( ( #8584 ) ) GLOBAL_UNIT_ASSIGNED_CONTEXT ( ( #11074, #6505, #3225 ) ) REPRESENTATION_CONTEXT ( 'NONE', 'WORKASPACE' ) );
#6768 = CARTESIAN_POINT ( 'NONE',  ( 0.3599999999990000088, -5.330679945108999007, 1.924999999998999956 ) ) ;
#6769 = VERTEX_POINT ( 'NONE', #10224 ) ;
#6770 = ADVANCED_FACE ( 'NONE', ( #5705 ), #10962, .F. ) ;
#6771 = DIRECTION ( 'NONE',  ( 0.000000000000000000, 0.000000000000000000, -1.000000000000000000 ) ) ;
#6772 = VERTEX_POINT ( 'NONE', #10169 ) ;
#6773 = ORIENTED_EDGE ( 'NONE', *, *, #9307, .F. ) ;
#6774 = LINE ( 'NONE', #8230, #8665 ) ;
#6775 = VERTEX_POINT ( 'NONE', #5589 ) ;
#6776 = ORIENTED_EDGE ( 'NONE', *, *, #1385, .T. ) ;
#6777 = LINE ( 'NONE', #1497, #7728 ) ;
#6778 = VECTOR ( 'NONE', #4388, 1000.000000000000000 ) ;
#6779 = EDGE_LOOP ( 'NONE', ( #8092, #11176, #5943, #9127 ) ) ;
#6780 = DIRECTION ( 'NONE',  ( 1.000000000000000000, 1.239088197125999924E-16, 0.000000000000000000 ) ) ;
#6781 = CARTESIAN_POINT ( 'NONE',  ( 0.3599999999990000088, -2.944999999999999840, -1.215473287539000010E-18 ) ) ;
#6782 = CARTESIAN_POINT ( 'NONE',  ( -0.3499999999989999999, -4.830679945108999895, 3.625000000000000000 ) ) ;
#6783 = FACE_OUTER_BOUND ( 'NONE', #11006, .T. ) ;
#6784 = CARTESIAN_POINT ( 'NONE',  ( -0.3599999999990000088, -5.330679945108999007, 3.124999999998999911 ) ) ;
#6785 = ORIENTED_EDGE ( 'NONE', *, *, #2671, .F. ) ;
#6786 = EDGE_CURVE ( 'NONE', #4800, #1903, #10051, .T. ) ;
#6787 = LINE ( 'NONE', #707, #1517 ) ;
#6788 = EDGE_CURVE ( 'NONE', #93, #3087, #4027, .T. ) ;
#6789 = VECTOR ( 'NONE', #8303, 1000.000000000000114 ) ;
#6790 = LINE ( 'NONE', #3456, #1678 ) ;
#6791 = DIRECTION ( 'NONE',  ( -2.487778908865945165E-16, -0.5000000000001899592, 0.8660254037843289066 ) ) ;
#6792 = VERTEX_POINT ( 'NONE', #4896 ) ;
#6793 = EDGE_CURVE ( 'NONE', #7816, #10113, #8465, .T. ) ;
#6794 = CARTESIAN_POINT ( 'NONE',  ( 1.280000000000000027, -3.894999999999999574, 8.000000000000000000 ) ) ;
#6795 = LINE ( 'NONE', #10282, #462 ) ;
#6796 = AXIS2_PLACEMENT_3D ( 'NONE', #10910, #1332, #3174 ) ;
#6797 = VECTOR ( 'NONE', #8689, 1000.000000000000000 ) ;
#6798 = CARTESIAN_POINT ( 'NONE',  ( -1.579999999998999982, -8.294999999999999929, 3.749999999998999911 ) ) ;
#6799 = ADVANCED_FACE ( 'NONE', ( #9206 ), #601, .F. ) ;
#6800 = VECTOR ( 'NONE', #7706, 1000.000000000000000 ) ;
#6801 = VERTEX_POINT ( 'NONE', #2147 ) ;
#6802 = DIRECTION ( 'NONE',  ( 0.000000000000000000, 0.9969206697117722893, -0.07841669657306082897 ) ) ;
#6803 = VECTOR ( 'NONE', #8496, 1000.000000000000000 ) ;
#6804 = LINE ( 'NONE', #5945, #5720 ) ;
#6805 = VECTOR ( 'NONE', #294, 1000.000000000000000 ) ;
#6806 = DIRECTION ( 'NONE',  ( 1.000000000000000000, 0.000000000000000000, 1.215473287538999910E-16 ) ) ;
#6807 = ORIENTED_EDGE ( 'NONE', *, *, #5407, .F. ) ;
#6808 = ADVANCED_FACE ( 'NONE', ( #9145 ), #4093, .F. ) ;
#6809 = DIRECTION ( 'NONE',  ( 0.000000000000000000, 0.000000000000000000, 1.000000000000000000 ) ) ;
#6810 = LINE ( 'NONE', #2441, #11078 ) ;
#6811 = LINE ( 'NONE', #10297, #1099 ) ;
#6812 = PRODUCT_DEFINITION_FORMATION_WITH_SPECIFIED_SOURCE ( 'ä»', '', #7788, .NOT_KNOWN. ) ;
#6813 = DIRECTION ( 'NONE',  ( -1.281023473655992504E-16, 0.9969206697117722893, 0.07841669657306082897 ) ) ;
#6814 = VECTOR ( 'NONE', #1386, 1000.000000000000000 ) ;
#6815 = ORIENTED_EDGE ( 'NONE', *, *, #4489, .T. ) ;
#6816 = DIRECTION ( 'NONE',  ( 0.000000000000000000, 0.7071067811865474617, -0.7071067811865474617 ) ) ;
#6817 = EDGE_CURVE ( 'NONE', #5615, #2610, #5963, .T. ) ;
#6818 = ORIENTED_EDGE ( 'NONE', *, *, #1652, .F. ) ;
#6819 = LINE ( 'NONE', #3941, #10443 ) ;
#6820 = ORIENTED_EDGE ( 'NONE', *, *, #1391, .T. ) ;
#6821 = VECTOR ( 'NONE', #6813, 1000.000000000000114 ) ;
#6822 = EDGE_CURVE ( 'NONE', #5408, #7919, #7434, .T. ) ;
#6823 = EDGE_LOOP ( 'NONE', ( #902, #2481, #6379, #9116 ) ) ;
#6824 = ORIENTED_EDGE ( 'NONE', *, *, #5590, .T. ) ;
#6825 = FACE_OUTER_BOUND ( 'NONE', #2532, .T. ) ;
#6826 = CARTESIAN_POINT ( 'NONE',  ( -1.280000000000000027, -2.544999999999999485, -1.899999999998999822 ) ) ;
#6827 = LINE ( 'NONE', #10312, #7921 ) ;
#6828 = PLANE ( 'NONE',  #9909 ) ;
#6829 = VECTOR ( 'NONE', #3527, 1000.000000000000000 ) ;
#6830 = ORIENTED_EDGE ( 'NONE', *, *, #10670, .F. ) ;
#6831 =( NAMED_UNIT ( * ) SI_UNIT ( $, .STERADIAN. ) SOLID_ANGLE_UNIT ( ) );
#6832 = CARTESIAN_POINT ( 'NONE',  ( -0.3600000000000000422, -9.330679945108999007, 3.424999999999000178 ) ) ;
#6833 = ORIENTED_EDGE ( 'NONE', *, *, #6020, .T. ) ;
#6834 = DIRECTION ( 'NONE',  ( 1.000000000000000000, 0.000000000000000000, -1.215473287538999910E-16 ) ) ;
#6835 = ORIENTED_EDGE ( 'NONE', *, *, #4500, .T. ) ;
#6836 = ORIENTED_EDGE ( 'NONE', *, *, #6020, .F. ) ;
#6837 = ORIENTED_EDGE ( 'NONE', *, *, #7028, .T. ) ;
#6838 = LINE ( 'NONE', #10326, #7054 ) ;
#6839 = LINE ( 'NONE', #5115, #9984 ) ;
#6840 = LINE ( 'NONE', #5926, #751 ) ;
#6841 = EDGE_CURVE ( 'NONE', #10700, #276, #4840, .T. ) ;
#6842 = CARTESIAN_POINT ( 'NONE',  ( 0.3600000000000000422, -4.830679945108999895, 4.424999999998999733 ) ) ;
#6843 = DIRECTION ( 'NONE',  ( 1.000000000000000000, 0.000000000000000000, -1.215473287538999910E-16 ) ) ;
#6844 = ORIENTED_EDGE ( 'NONE', *, *, #6172, .F. ) ;
#6845 = DIRECTION ( 'NONE',  ( 0.000000000000000000, -1.000000000000000000, 0.000000000000000000 ) ) ;
#6846 = DIRECTION ( 'NONE',  ( 0.000000000000000000, -1.000000000000000000, 0.000000000000000000 ) ) ;
#6847 = CARTESIAN_POINT ( 'NONE',  ( 1.310277351904999943, -7.004233640340999045, 5.599999999998999556 ) ) ;
#6848 = ORIENTED_EDGE ( 'NONE', *, *, #8515, .F. ) ;
#6849 = VECTOR ( 'NONE', #5138, 1000.000000000000000 ) ;
#6850 = CARTESIAN_POINT ( 'NONE',  ( -1.279999999998999716, -1.545811304863999647, 0.2999999999999999889 ) ) ;
#6851 = FACE_OUTER_BOUND ( 'NONE', #6365, .T. ) ;
#6852 = ADVANCED_FACE ( 'NONE', ( #2600 ), #5994, .T. ) ;
#6853 = CARTESIAN_POINT ( 'NONE',  ( -1.430000000000000160, -4.337947837308999688, 2.719600141541999694 ) ) ;
#6854 = ADVANCED_FACE ( 'NONE', ( #4272 ), #6105, .F. ) ;
#6855 = FACE_OUTER_BOUND ( 'NONE', #3875, .T. ) ;
#6856 = VECTOR ( 'NONE', #9198, 1000.000000000000000 ) ;
#6857 = AXIS2_PLACEMENT_3D ( 'NONE', #10762, #10816, #5384 ) ;
#6858 = AXIS2_PLACEMENT_3D ( 'NONE', #2135, #346, #6503 ) ;
#6859 = EDGE_CURVE ( 'NONE', #59, #5978, #4326, .T. ) ;
#6860 = EDGE_LOOP ( 'NONE', ( #3915, #2283, #3246, #2900, #9532, #3997 ) ) ;
#6861 = DIRECTION ( 'NONE',  ( -1.281023473655992504E-16, 0.9969206697117722893, -0.07841669657306082897 ) ) ;
#6862 = DIRECTION ( 'NONE',  ( -1.000000000000000000, 2.818573634768999933E-16, -1.516984776224999952E-32 ) ) ;
#6863 = LINE ( 'NONE', #9443, #4403 ) ;
#6864 = VECTOR ( 'NONE', #4524, 1000.000000000000114 ) ;
#6865 = EDGE_LOOP ( 'NONE', ( #7364, #1317, #4041, #4229 ) ) ;
#6866 = DIRECTION ( 'NONE',  ( 0.000000000000000000, 0.000000000000000000, -1.000000000000000000 ) ) ;
#6867 = CARTESIAN_POINT ( 'NONE',  ( 1.080000000000000071, 3.804999999999000071, 4.134721410322000246 ) ) ;
#6868 = ADVANCED_FACE ( 'NONE', ( #2488 ), #7772, .F. ) ;
#6870 = VECTOR ( 'NONE', #10368, 1000.000000000000000 ) ;
#6869 = DIRECTION ( 'NONE',  ( 1.000000000000000000, 0.000000000000000000, 0.000000000000000000 ) ) ;
#6871 = PLANE ( 'NONE',  #9558 ) ;
#6872 = EDGE_CURVE ( 'NONE', #6058, #4120, #10395, .T. ) ;
#6873 = ORIENTED_EDGE ( 'NONE', *, *, #1625, .F. ) ;
#6874 = AXIS2_PLACEMENT_3D ( 'NONE', #5013, #10825, #6422 ) ;
#6875 = DIRECTION ( 'NONE',  ( 1.000000000000000000, 0.000000000000000000, 0.000000000000000000 ) ) ;
#6876 = ORIENTED_EDGE ( 'NONE', *, *, #4740, .T. ) ;
#6877 = DIRECTION ( 'NONE',  ( 1.807003620808999850E-16, 0.000000000000000000, -1.000000000000000000 ) ) ;
#6878 = VECTOR ( 'NONE', #5424, 1000.000000000000000 ) ;
#6879 = ORIENTED_EDGE ( 'NONE', *, *, #9230, .T. ) ;
#6880 = VERTEX_POINT ( 'NONE', #9434 ) ;
#6881 = DIRECTION ( 'NONE',  ( 0.000000000000000000, 0.000000000000000000, 1.000000000000000000 ) ) ;
#6882 = LINE ( 'NONE', #2513, #3570 ) ;
#6883 = EDGE_CURVE ( 'NONE', #3571, #10381, #5127, .T. ) ;
#6884 = FACE_OUTER_BOUND ( 'NONE', #8098, .T. ) ;
#6885 = CARTESIAN_POINT ( 'NONE',  ( 1.580000000000000071, -7.894999999999999574, 2.249999999998999911 ) ) ;
#6886 = EDGE_CURVE ( 'NONE', #1557, #3596, #5240, .T. ) ;
#6887 = VECTOR ( 'NONE', #2371, 1000.000000000000000 ) ;
#6888 = EDGE_CURVE ( 'NONE', #6351, #159, #5016, .T. ) ;
#6889 = EDGE_LOOP ( 'NONE', ( #1021, #9662, #5106, #3258 ) ) ;
#6890 = FACE_OUTER_BOUND ( 'NONE', #6865, .T. ) ;
#6891 = LINE ( 'NONE', #4996, #4952 ) ;
#6892 = ORIENTED_EDGE ( 'NONE', *, *, #10845, .F. ) ;
#6893 = DIRECTION ( 'NONE',  ( 0.000000000000000000, 1.000000000000000000, 0.000000000000000000 ) ) ;
#6894 = ORIENTED_EDGE ( 'NONE', *, *, #3164, .T. ) ;
#6895 = ORIENTED_EDGE ( 'NONE', *, *, #926, .F. ) ;
#6896 = EDGE_LOOP ( 'NONE', ( #3737, #7853, #2768, #6668 ) ) ;
#6897 = DIRECTION ( 'NONE',  ( 0.000000000000000000, 1.000000000000000000, 0.000000000000000000 ) ) ;
#6898 = AXIS2_PLACEMENT_3D ( 'NONE', #8376, #5044, #5671 ) ;
#6899 = ORIENTED_EDGE ( 'NONE', *, *, #5466, .F. ) ;
#6900 = PLANE ( 'NONE',  #3013 ) ;
#6901 = DIRECTION ( 'NONE',  ( 0.000000000000000000, -1.000000000000000000, 0.000000000000000000 ) ) ;
#6902 = DIRECTION ( 'NONE',  ( -1.000000000000000000, 0.000000000000000000, 0.000000000000000000 ) ) ;
#6903 = CARTESIAN_POINT ( 'NONE',  ( 0.3599999999990000088, -4.830679945108999895, 2.625000000000000000 ) ) ;
#6904 = DIRECTION ( 'NONE',  ( 0.000000000000000000, -1.000000000000000000, 0.000000000000000000 ) ) ;
#6905 = ORIENTED_EDGE ( 'NONE', *, *, #3373, .T. ) ;
#6906 = CARTESIAN_POINT ( 'NONE',  ( -0.3600000000000000422, -4.830679945108999895, 5.424999999998999733 ) ) ;
#6907 = ORIENTED_EDGE ( 'NONE', *, *, #6044, .F. ) ;
#6908 = CARTESIAN_POINT ( 'NONE',  ( 0.000000000000000000, 1.304999999999000515, 0.000000000000000000 ) ) ;
#6909 = ORIENTED_EDGE ( 'NONE', *, *, #1742, .T. ) ;
#6910 = PLANE ( 'NONE',  #3922 ) ;
#6911 = DIRECTION ( 'NONE',  ( 1.215473287538999910E-16, 0.000000000000000000, -1.000000000000000000 ) ) ;
#6912 = DIRECTION ( 'NONE',  ( 1.000000000000000000, 0.000000000000000000, 0.000000000000000000 ) ) ;
#6913 = CARTESIAN_POINT ( 'NONE',  ( 0.3499999999989999999, -3.894999999999999574, 7.870000000000000107 ) ) ;
#6914 = VERTEX_POINT ( 'NONE', #4206 ) ;
#6915 = DIRECTION ( 'NONE',  ( 1.000000000000000000, 0.000000000000000000, 0.000000000000000000 ) ) ;
#6916 = ADVANCED_FACE ( 'NONE', ( #1514 ), #8746, .F. ) ;
#6917 = FACE_OUTER_BOUND ( 'NONE', #2001, .T. ) ;
#6918 = CARTESIAN_POINT ( 'NONE',  ( 0.3600000000000000422, -8.830679945108999007, 4.125000000000000000 ) ) ;
#6919 = EDGE_LOOP ( 'NONE', ( #4231, #2557, #7234, #6216 ) ) ;
#6920 = PLANE ( 'NONE',  #8140 ) ;
#6921 = LINE ( 'NONE', #8706, #11073 ) ;
#6922 = DIRECTION ( 'NONE',  ( -0.000000000000000000, 1.000000000000000000, 0.000000000000000000 ) ) ;
#6923 = ORIENTED_EDGE ( 'NONE', *, *, #7580, .T. ) ;
#6924 = ADVANCED_FACE ( 'NONE', ( #1688 ), #2429, .F. ) ;
#6925 = CARTESIAN_POINT ( 'NONE',  ( -1.580000000000000071, -8.294999999999999929, 5.249999999998999911 ) ) ;
#6926 = EDGE_CURVE ( 'NONE', #2503, #7056, #828, .T. ) ;
#6927 = ORIENTED_EDGE ( 'NONE', *, *, #5315, .F. ) ;
#6928 = CARTESIAN_POINT ( 'NONE',  ( -1.429999999999000071, -1.983341451230999697, 4.776807376878000611 ) ) ;
#6929 = ORIENTED_EDGE ( 'NONE', *, *, #3077, .F. ) ;
#6930 = ORIENTED_EDGE ( 'NONE', *, *, #274, .F. ) ;
#6931 = DIRECTION ( 'NONE',  ( 0.000000000000000000, 0.000000000000000000, 1.000000000000000000 ) ) ;
#6932 = EDGE_CURVE ( 'NONE', #1918, #4475, #3459, .T. ) ;
#6933 = CARTESIAN_POINT ( 'NONE',  ( -0.3599999999990000088, -8.831833331044999014, 2.425086503945000249 ) ) ;
#6934 = DIRECTION ( 'NONE',  ( 0.000000000000000000, 1.000000000000000000, 0.000000000000000000 ) ) ;
#6935 = CARTESIAN_POINT ( 'NONE',  ( 1.280000000000000027, -3.894999999999999574, 8.000000000000000000 ) ) ;
#6936 = VERTEX_POINT ( 'NONE', #882 ) ;
#6937 = FACE_OUTER_BOUND ( 'NONE', #9484, .T. ) ;
#6938 = ADVANCED_FACE ( 'NONE', ( #6963 ), #4376, .F. ) ;
#6939 = FACE_OUTER_BOUND ( 'NONE', #8034, .T. ) ;
#6940 = ORIENTED_EDGE ( 'NONE', *, *, #7987, .F. ) ;
#6941 = CARTESIAN_POINT ( 'NONE',  ( 0.3600000000000000422, -9.330679945108999007, 5.625000000000000000 ) ) ;
#6942 = ORIENTED_EDGE ( 'NONE', *, *, #10101, .T. ) ;
#6943 = ORIENTED_EDGE ( 'NONE', *, *, #5381, .F. ) ;
#6944 = EDGE_LOOP ( 'NONE', ( #559, #326, #2555, #9501 ) ) ;
#6945 = EDGE_CURVE ( 'NONE', #6612, #11094, #8526, .T. ) ;
#6946 = EDGE_LOOP ( 'NONE', ( #7168, #6482, #6592, #3981 ) ) ;
#6947 = EDGE_CURVE ( 'NONE', #6066, #9548, #6795, .T. ) ;
#6948 = DIRECTION ( 'NONE',  ( 0.000000000000000000, 1.000000000000000000, 0.000000000000000000 ) ) ;
#6950 = DIRECTION ( 'NONE',  ( 0.000000000000000000, 1.000000000000000000, 0.000000000000000000 ) ) ;
#6949 = VECTOR ( 'NONE', #3904, 1000.000000000000000 ) ;
#6951 = CARTESIAN_POINT ( 'NONE',  ( -0.3799999999990000266, -3.894999999999999574, 9.000000000000000000 ) ) ;
#6952 = CARTESIAN_POINT ( 'NONE',  ( -1.580000000000000071, -2.194999999999999840, -1.899999999998999822 ) ) ;
#6953 = DIRECTION ( 'NONE',  ( 0.000000000000000000, -1.000000000000000000, 0.000000000000000000 ) ) ;
#6954 = ORIENTED_EDGE ( 'NONE', *, *, #3623, .F. ) ;
#6955 = CARTESIAN_POINT ( 'NONE',  ( -1.279999999998999716, -9.544999999998998064, 1.249999999998999911 ) ) ;
#6956 = VECTOR ( 'NONE', #5848, 1000.000000000000000 ) ;
#6957 = VERTEX_POINT ( 'NONE', #5076 ) ;
#6958 = ADVANCED_FACE ( 'NONE', ( #6851 ), #10341, .F. ) ;
#6959 = CARTESIAN_POINT ( 'NONE',  ( 1.430000000000000160, -4.571077182464999389, 3.395675242495999946 ) ) ;
#6960 = ORIENTED_EDGE ( 'NONE', *, *, #6822, .F. ) ;
#6961 = EDGE_CURVE ( 'NONE', #4750, #10824, #1054, .T. ) ;
#6962 = LINE ( 'NONE', #6, #3565 ) ;
#6963 = FACE_OUTER_BOUND ( 'NONE', #2346, .T. ) ;
#6964 = CARTESIAN_POINT ( 'NONE',  ( -1.580000000000000071, -8.294999999999999929, 3.749999999998999911 ) ) ;
#6965 = CARTESIAN_POINT ( 'NONE',  ( 1.279999999998999716, 1.119999999999000240, -0.7048473225369999984 ) ) ;
#6966 = VECTOR ( 'NONE', #9952, 1000.000000000000114 ) ;
#6967 = ORIENTED_EDGE ( 'NONE', *, *, #8605, .T. ) ;
#6968 = LINE ( 'NONE', #5022, #7587 ) ;
#6969 = PLANE ( 'NONE',  #5677 ) ;
#6970 = DIRECTION ( 'NONE',  ( 0.000000000000000000, 0.000000000000000000, -1.000000000000000000 ) ) ;
#6971 = CLOSED_SHELL ( 'NONE', ( #1823, #10751, #8657, #11258, #10409, #2048 ) ) ;
#6972 = ORIENTED_EDGE ( 'NONE', *, *, #2731, .F. ) ;
#6973 = LINE ( 'NONE', #10461, #2454 ) ;
#6974 = CARTESIAN_POINT ( 'NONE',  ( 0.000000000000000000, 1.704999999998999760, -1.600000000000000089 ) ) ;
#6975 = VECTOR ( 'NONE', #11189, 1000.000000000000000 ) ;
#6976 = CARTESIAN_POINT ( 'NONE',  ( 1.580000000000000071, -4.571077182464999389, 6.330399858456999596 ) ) ;
#6977 = CARTESIAN_POINT ( 'NONE',  ( 1.280000000000000027, -5.910051363132999391, 5.599999999998999556 ) ) ;
#6978 = EDGE_CURVE ( 'NONE', #4523, #6957, #7083, .T. ) ;
#6979 = VECTOR ( 'NONE', #2345, 1000.000000000000000 ) ;
#6980 = VECTOR ( 'NONE', #3593, 1000.000000000000000 ) ;
#6981 = VECTOR ( 'NONE', #5746, 1000.000000000000000 ) ;
#6982 = VERTEX_POINT ( 'NONE', #297 ) ;
#6983 = CARTESIAN_POINT ( 'NONE',  ( -0.3499999999999999778, -9.330679945108999007, 5.924999999999999822 ) ) ;
#6984 = ORIENTED_EDGE ( 'NONE', *, *, #7366, .F. ) ;
#6985 = CARTESIAN_POINT ( 'NONE',  ( -0.3600000000000000422, -4.830679945108999895, 6.424999999999999822 ) ) ;
#6986 = ORIENTED_EDGE ( 'NONE', *, *, #2741, .F. ) ;
#6987 = ORIENTED_EDGE ( 'NONE', *, *, #3001, .F. ) ;
#6988 = LINE ( 'NONE', #800, #11093 ) ;
#6989 = VECTOR ( 'NONE', #10533, 1000.000000000000000 ) ;
#6990 = AXIS2_PLACEMENT_3D ( 'NONE', #8354, #3119, #1399 ) ;
#6991 = AXIS2_PLACEMENT_3D ( 'NONE', #3956, #9243, #1265 ) ;
#6992 = APPLICATION_CONTEXT ( 'automotive_design' ) ;
#6993 = CARTESIAN_POINT ( 'NONE',  ( -1.579999999998999982, -1.545811304863999647, 0.05000000000000000278 ) ) ;
#6994 = ADVANCED_FACE ( 'NONE', ( #69 ), #9824, .F. ) ;
#6995 = EDGE_CURVE ( 'NONE', #4413, #4, #8117, .T. ) ;
#6996 = CARTESIAN_POINT ( 'NONE',  ( 1.279999999998999716, 1.554999999999999938, -1.899999999998999822 ) ) ;
#6997 = VECTOR ( 'NONE', #795, 1000.000000000000000 ) ;
#6998 = VERTEX_POINT ( 'NONE', #998 ) ;
#6999 = SURFACE_STYLE_FILL_AREA ( #858 ) ;
#7000 = ADVANCED_FACE ( 'NONE', ( #9652 ), #10563, .F. ) ;
#7001 = AXIS2_PLACEMENT_3D ( 'NONE', #4574, #3712, #5265 ) ;
#7002 = DIRECTION ( 'NONE',  ( 1.807003620808999850E-16, 0.000000000000000000, -1.000000000000000000 ) ) ;
#7003 = VERTEX_POINT ( 'NONE', #2712 ) ;
#7004 = CARTESIAN_POINT ( 'NONE',  ( -1.280000000000000027, -8.294999999999999929, 3.749999999998999911 ) ) ;
#7005 = ORIENTED_EDGE ( 'NONE', *, *, #2504, .F. ) ;
#7006 = VERTEX_POINT ( 'NONE', #2885 ) ;
#7007 = ORIENTED_EDGE ( 'NONE', *, *, #4562, .F. ) ;
#7008 = CARTESIAN_POINT ( 'NONE',  ( -1.279999999998999716, 1.554999999999999938, -1.899999999998999822 ) ) ;
#7009 = ORIENTED_EDGE ( 'NONE', *, *, #645, .F. ) ;
#7010 = CARTESIAN_POINT ( 'NONE',  ( -0.3600000000000000422, -8.830679945108999007, 6.625000000000000000 ) ) ;
#7011 = LINE ( 'NONE', #2643, #10039 ) ;
#7012 = CARTESIAN_POINT ( 'NONE',  ( 1.580000000000000071, 3.804999999999000071, 0.2999999999999999889 ) ) ;
#7013 = LINE ( 'NONE', #5986, #7503 ) ;
#7014 = ADVANCED_FACE ( 'NONE', ( #6271 ), #4546, .F. ) ;
#7015 = DIRECTION ( 'NONE',  ( 0.000000000000000000, 0.000000000000000000, -1.000000000000000000 ) ) ;
#7016 = VECTOR ( 'NONE', #1568, 1000.000000000000000 ) ;
#7017 = VERTEX_POINT ( 'NONE', #1106 ) ;
#7018 = CARTESIAN_POINT ( 'NONE',  ( -0.3499999999989999999, -9.330679945108999007, 1.925000000000000044 ) ) ;
#7019 = EDGE_CURVE ( 'NONE', #10878, #3076, #940, .T. ) ;
#7020 = VERTEX_POINT ( 'NONE', #3797 ) ;
#7021 = DIRECTION ( 'NONE',  ( 0.000000000000000000, 0.000000000000000000, -1.000000000000000000 ) ) ;
#7022 = AXIS2_PLACEMENT_3D ( 'NONE', #484, #10177, #2264 ) ;
#7023 = EDGE_LOOP ( 'NONE', ( #10601, #1156, #8602, #10428 ) ) ;
#7024 = DIRECTION ( 'NONE',  ( 0.000000000000000000, 1.000000000000000000, 0.000000000000000000 ) ) ;
#7025 = DIRECTION ( 'NONE',  ( 0.000000000000000000, 0.000000000000000000, 1.000000000000000000 ) ) ;
#7026 = FACE_OUTER_BOUND ( 'NONE', #9349, .T. ) ;
#7027 = LINE ( 'NONE', #2602, #3686 ) ;
#7028 = EDGE_CURVE ( 'NONE', #4346, #4818, #6332, .T. ) ;
#7029 = ADVANCED_FACE ( 'NONE', ( #9705 ), #9767, .F. ) ;
#7030 = ORIENTED_EDGE ( 'NONE', *, *, #4315, .F. ) ;
#7031 = DIRECTION ( 'NONE',  ( -1.000000000000000000, 0.000000000000000000, 1.215473287538999910E-16 ) ) ;
#7032 = LINE ( 'NONE', #8010, #3524 ) ;
#7033 = CARTESIAN_POINT ( 'NONE',  ( 0.3600000000000000422, -4.830679945108999895, 4.125000000000000000 ) ) ;
#7034 = VERTEX_POINT ( 'NONE', #8920 ) ;
#7035 = CARTESIAN_POINT ( 'NONE',  ( -1.580000000000000071, -4.571077182464999389, 6.330399858456999596 ) ) ;
#7036 = DIRECTION ( 'NONE',  ( 0.000000000000000000, 1.000000000000000000, 0.000000000000000000 ) ) ;
#7037 = VECTOR ( 'NONE', #4775, 1000.000000000000000 ) ;
#7038 = DIRECTION ( 'NONE',  ( 0.000000000000000000, 0.000000000000000000, 1.000000000000000000 ) ) ;
#7039 = CARTESIAN_POINT ( 'NONE',  ( 0.000000000000000000, -2.695000000000999485, 0.000000000000000000 ) ) ;
#7040 = VECTOR ( 'NONE', #3696, 1000.000000000000114 ) ;
#7041 = VECTOR ( 'NONE', #2167, 1000.000000000000000 ) ;
#7042 = ORIENTED_EDGE ( 'NONE', *, *, #2495, .F. ) ;
#7043 = VECTOR ( 'NONE', #212, 1000.000000000000000 ) ;
#7044 = PLANE ( 'NONE',  #10832 ) ;
#7045 = VERTEX_POINT ( 'NONE', #124 ) ;
#7046 = DIRECTION ( 'NONE',  ( 0.000000000000000000, 0.000000000000000000, -1.000000000000000000 ) ) ;
#7047 = ADVANCED_FACE ( 'NONE', ( #10505 ), #8969, .F. ) ;
#7048 = ORIENTED_EDGE ( 'NONE', *, *, #1512, .F. ) ;
#7049 = VECTOR ( 'NONE', #1268, 1000.000000000000000 ) ;
#7050 = ORIENTED_EDGE ( 'NONE', *, *, #3732, .T. ) ;
#7051 = LINE ( 'NONE', #3602, #4136 ) ;
#7052 = CARTESIAN_POINT ( 'NONE',  ( -1.280000000000000027, -8.186453928403999214, 6.399999999999000266 ) ) ;
#7053 = DIRECTION ( 'NONE',  ( 1.299091332659999954E-16, -1.000000000000000000, 0.000000000000000000 ) ) ;
#7054 = VECTOR ( 'NONE', #2699, 1000.000000000000000 ) ;
#7055 = VECTOR ( 'NONE', #3362, 1000.000000000000000 ) ;
#7056 = VERTEX_POINT ( 'NONE', #6162 ) ;
#7057 = FACE_BOUND ( 'NONE', #10893, .T. ) ;
#7058 = ORIENTED_EDGE ( 'NONE', *, *, #7695, .F. ) ;
#7059 = CARTESIAN_POINT ( 'NONE',  ( 1.579999999998999982, 2.054999999999000515, -0.8999999999990000443 ) ) ;
#7060 = ADVANCED_FACE ( 'NONE', ( #5292 ), #2020, .F. ) ;
#7061 = VERTEX_POINT ( 'NONE', #8800 ) ;
#7062 = EDGE_LOOP ( 'NONE', ( #47, #3071, #6478, #11067 ) ) ;
#7063 = ORIENTED_EDGE ( 'NONE', *, *, #3231, .F. ) ;
#7064 = DIRECTION ( 'NONE',  ( 0.000000000000000000, 1.084202172487689973E-15, -1.000000000000000000 ) ) ;
#7065 = DIRECTION ( 'NONE',  ( 0.000000000000000000, 1.000000000000000000, -1.025596649647999987E-16 ) ) ;
#7066 = ORIENTED_EDGE ( 'NONE', *, *, #10773, .F. ) ;
#7067 = CARTESIAN_POINT ( 'NONE',  ( -1.080000000000000071, 3.804999999999000071, 4.134721410322000246 ) ) ;
#7068 = CARTESIAN_POINT ( 'NONE',  ( 0.3600000000000000422, -4.830679945108999895, 3.625000000000000000 ) ) ;
#7069 = VECTOR ( 'NONE', #982, 1000.000000000000000 ) ;
#7070 = CARTESIAN_POINT ( 'NONE',  ( 0.3499999999989999999, -5.330679945108999007, 7.424999999999999822 ) ) ;
#7071 = CARTESIAN_POINT ( 'NONE',  ( -1.280000000000000027, -3.894999999999999574, 8.000000000000000000 ) ) ;
#7072 = LINE ( 'NONE', #6038, #565 ) ;
#7073 = VERTEX_POINT ( 'NONE', #5520 ) ;
#7074 = CARTESIAN_POINT ( 'NONE',  ( -0.3499999999999999778, -5.330679945108999007, 5.924999999999999822 ) ) ;
#7075 = VECTOR ( 'NONE', #3945, 1000.000000000000000 ) ;
#7076 = EDGE_CURVE ( 'NONE', #5642, #9223, #3742, .T. ) ;
#7077 = ADVANCED_FACE ( 'NONE', ( #8172 ), #7135, .T. ) ;
#7078 = EDGE_LOOP ( 'NONE', ( #8360, #2748, #10583, #8115 ) ) ;
#7079 = VECTOR ( 'NONE', #8327, 1000.000000000000000 ) ;
#7080 = DIRECTION ( 'NONE',  ( 1.075827036997393753E-16, 0.9848077530123608980, 0.1736481776660634968 ) ) ;
#7081 = ORIENTED_EDGE ( 'NONE', *, *, #11137, .T. ) ;
#7082 = CARTESIAN_POINT ( 'NONE',  ( 0.3499999999999999778, -4.830679945108999895, 5.424999999998999733 ) ) ;
#7083 = LINE ( 'NONE', #6211, #2483 ) ;
#7084 =( LENGTH_UNIT ( ) NAMED_UNIT ( * ) SI_UNIT ( .MILLI., .METRE. ) );
#7085 = EDGE_CURVE ( 'NONE', #3378, #7931, #4825, .T. ) ;
#7086 = CARTESIAN_POINT ( 'NONE',  ( 0.3599999999990000088, -4.830679945108999895, 2.625000000000000000 ) ) ;
#7087 = AXIS2_PLACEMENT_3D ( 'NONE', #1407, #4909, #612 ) ;
#7088 = ORIENTED_EDGE ( 'NONE', *, *, #10917, .F. ) ;
#7089 = DIRECTION ( 'NONE',  ( 1.000000000000000000, 1.284980352574999780E-16, 0.000000000000000000 ) ) ;
#7090 = DIRECTION ( 'NONE',  ( 0.000000000000000000, 1.000000000000000000, 0.000000000000000000 ) ) ;
#7091 = EDGE_CURVE ( 'NONE', #8253, #6880, #3106, .T. ) ;
#7092 = FACE_OUTER_BOUND ( 'NONE', #6054, .T. ) ;
#7093 = EDGE_LOOP ( 'NONE', ( #6758, #6984, #5831, #2427 ) ) ;
#7094 = PLANE ( 'NONE',  #424 ) ;
#7095 = LINE ( 'NONE', #308, #268 ) ;
#7096 = EDGE_CURVE ( 'NONE', #8387, #6495, #8280, .T. ) ;
#7097 = DIRECTION ( 'NONE',  ( 0.000000000000000000, 0.000000000000000000, 1.000000000000000000 ) ) ;
#7098 = ADVANCED_FACE ( 'NONE', ( #10952 ), #10785, .T. ) ;
#7099 = PLANE ( 'NONE',  #1852 ) ;
#7100 = ORIENTED_EDGE ( 'NONE', *, *, #9080, .F. ) ;
#7101 = LINE ( 'NONE', #4627, #8107 ) ;
#7102 = ORIENTED_EDGE ( 'NONE', *, *, #5802, .T. ) ;
#7103 = DIRECTION ( 'NONE',  ( 1.000000000000000000, 0.000000000000000000, 0.000000000000000000 ) ) ;
#7104 = ORIENTED_EDGE ( 'NONE', *, *, #9245, .F. ) ;
#7105 = ORIENTED_EDGE ( 'NONE', *, *, #7273, .T. ) ;
#7106 = CARTESIAN_POINT ( 'NONE',  ( 1.579999999998999982, -1.545000000000999796, -1.899999999998999822 ) ) ;
#7107 = EDGE_CURVE ( 'NONE', #1087, #10948, #7420, .T. ) ;
#7108 = LINE ( 'NONE', #8025, #3518 ) ;
#7109 = CARTESIAN_POINT ( 'NONE',  ( 1.280000000000000027, -2.194999999999999840, -0.8999999999990000443 ) ) ;
#7110 = VERTEX_POINT ( 'NONE', #5749 ) ;
#7111 = DIRECTION ( 'NONE',  ( 0.000000000000000000, 0.000000000000000000, 1.000000000000000000 ) ) ;
#7112 = LINE ( 'NONE', #10593, #9329 ) ;
#7113 = ORIENTED_EDGE ( 'NONE', *, *, #8887, .T. ) ;
#7114 = DIRECTION ( 'NONE',  ( -1.000000000000000000, 0.000000000000000000, 0.000000000000000000 ) ) ;
#7115 = ORIENTED_EDGE ( 'NONE', *, *, #2095, .T. ) ;
#7116 = ORIENTED_EDGE ( 'NONE', *, *, #500, .T. ) ;
#7117 = ORIENTED_EDGE ( 'NONE', *, *, #5105, .T. ) ;
#7118 = FACE_OUTER_BOUND ( 'NONE', #753, .T. ) ;
#7119 = CARTESIAN_POINT ( 'NONE',  ( 1.279999999998999716, -1.545811304863999647, 0.2999999999999999889 ) ) ;
#7120 = ORIENTED_EDGE ( 'NONE', *, *, #1375, .F. ) ;
#7121 = CARTESIAN_POINT ( 'NONE',  ( 1.279999999998999716, -1.110000000000999743, -0.7048473225369999984 ) ) ;
#7122 = CARTESIAN_POINT ( 'NONE',  ( 1.280000000000000027, -3.894999999999999574, 4.383769826401000991 ) ) ;
#7123 = FACE_OUTER_BOUND ( 'NONE', #3605, .T. ) ;
#7124 = FACE_OUTER_BOUND ( 'NONE', #5873, .T. ) ;
#7125 = VECTOR ( 'NONE', #5450, 1000.000000000000000 ) ;
#7126 = FACE_OUTER_BOUND ( 'NONE', #3452, .T. ) ;
#7127 = ADVANCED_FACE ( 'NONE', ( #6504 ), #2136, .F. ) ;
#7128 = ORIENTED_EDGE ( 'NONE', *, *, #5622, .T. ) ;
#7129 = DIRECTION ( 'NONE',  ( -1.000000000000000000, 0.000000000000000000, 0.000000000000000000 ) ) ;
#7130 = STYLED_ITEM ( 'NONE', ( #2831 ), #8088 ) ;
#7131 = ORIENTED_EDGE ( 'NONE', *, *, #5267, .T. ) ;
#7132 = PLANE ( 'NONE',  #379 ) ;
#7133 = ORIENTED_EDGE ( 'NONE', *, *, #8073, .F. ) ;
#7134 = CARTESIAN_POINT ( 'NONE',  ( 1.580000000000000071, -8.294999999999999929, 5.249999999998999911 ) ) ;
#7135 = PLANE ( 'NONE',  #10897 ) ;
#7136 = LINE ( 'NONE', #7310, #5114 ) ;
#7137 = DIRECTION ( 'NONE',  ( -1.000000000000000000, 0.000000000000000000, 1.215473287538999910E-16 ) ) ;
#7138 = ADVANCED_FACE ( 'NONE', ( #9247 ), #9987, .T. ) ;
#7139 = EDGE_CURVE ( 'NONE', #6998, #7931, #9930, .T. ) ;
#7140 = AXIS2_PLACEMENT_3D ( 'NONE', #10329, #1731, #2479 ) ;
#7141 = ORIENTED_EDGE ( 'NONE', *, *, #2783, .F. ) ;
#7142 = PLANE ( 'NONE',  #8320 ) ;
#7143 = CARTESIAN_POINT ( 'NONE',  ( -1.430000000000000160, -4.571077182464999389, 6.330399858456999596 ) ) ;
#7144 = EDGE_CURVE ( 'NONE', #11290, #10188, #6558, .T. ) ;
#7145 = DIRECTION ( 'NONE',  ( 1.000000000000000000, -1.284980352574999780E-16, 0.000000000000000000 ) ) ;
#7146 = ORIENTED_EDGE ( 'NONE', *, *, #4572, .T. ) ;
#7147 = CARTESIAN_POINT ( 'NONE',  ( -1.080000000000000071, 3.804999999999000071, 0.2999999999999999889 ) ) ;
#7148 = CARTESIAN_POINT ( 'NONE',  ( -0.09999999999899999992, 1.704999999998999760, 0.000000000000000000 ) ) ;
#7149 = VECTOR ( 'NONE', #3667, 1000.000000000000000 ) ;
#7150 = CLOSED_SHELL ( 'NONE', ( #1053, #11337, #2316, #2219, #10057, #9656, #119, #5099, #9534, #7711, #9588, #9060, #1128, #7077, #4991, #5949, #8774, #5011, #7848, #3240, #1311, #5481, #2272, #6303, #4689, #7170, #8888, #5193, #7383, #8564, #3419, #1236, #3962, #8823, #9891, #9500, #5882, #4703, #831, #4081, #4748, #1425, #5609, #3867, #4462, #7656, #9441, #9943, #2518, #11281, #1670, #8994, #4291, #4067, #1104, #11012, #2361, #5166, #3434, #3353, #1784, #1004, #9682, #9180, #5623, #2, #6854, #11130, #688, #3280, #7551, #1023, #1453, #7681, #5533, #2464, #5249, #3487, #6107, #9318, #1794, #5100, #10787, #8641, #5037, #8540, #1821, #2240, #6994, #1818, #1180, #2037, #7432, #3988, #6924, #11332, #4119, #1045, #3125, #423, #1459, #1963, #9746, #1971, #7948, #8894, #5181, #5901, #261, #8856, #9162, #10001, #2874, #1524, #3918, #7282, #4661, #956, #4628, #9613, #8239, #4296, #2506, #8924, #4433, #4992, #5342, #5814, #5881, #10537, #7395, #5132, #7127, #4133, #3987, #5758, #1038, #8331, #4352, #10720, #4796, #10351, #10384, #3684, #4555, #5449, #6852, #5971, #1454, #5175, #6958, #8672, #837, #1590, #2893, #6566, #9107, #1538, #10633, #736, #136, #10734, #7000, #656, #3014, #4043, #7138, #9454, #552, #7636, #4809, #4706, #10370, #8059, #10921, #8462, #8394, #7047, #6241, #4484, #1959, #5689, #1326, #3429, #6402, #3606, #286 ) ) ;
#7151 = FILL_AREA_STYLE ('',( #1865 ) ) ;
#7152 = PLANE ( 'NONE',  #3869 ) ;
#7153 = EDGE_CURVE ( 'NONE', #8182, #3099, #10103, .T. ) ;
#7154 = VERTEX_POINT ( 'NONE', #4939 ) ;
#7155 = LINE ( 'NONE', #10805, #6632 ) ;
#7156 = EDGE_CURVE ( 'NONE', #5053, #8855, #1269, .T. ) ;
#7157 = CIRCLE ( 'NONE', #3303, 0.09999999999999982514 ) ;
#7158 = ORIENTED_EDGE ( 'NONE', *, *, #8268, .F. ) ;
#7159 = CARTESIAN_POINT ( 'NONE',  ( 0.3600000000000000422, -8.830679945108999007, 4.424999999998999733 ) ) ;
#7160 = EDGE_LOOP ( 'NONE', ( #3142, #3993, #8884, #634 ) ) ;
#7161 = FACE_OUTER_BOUND ( 'NONE', #425, .T. ) ;
#7162 = AXIS2_PLACEMENT_3D ( 'NONE', #5119, #9530, #6953 ) ;
#7164 = FACE_OUTER_BOUND ( 'NONE', #10682, .T. ) ;
#7163 = VECTOR ( 'NONE', #4925, 1000.000000000000000 ) ;
#7165 = VECTOR ( 'NONE', #8867, 1000.000000000000000 ) ;
#7166 = LINE ( 'NONE', #2800, #3507 ) ;
#7167 = ADVANCED_FACE ( 'NONE', ( #2303 ), #4015, .F. ) ;
#7168 = ORIENTED_EDGE ( 'NONE', *, *, #6926, .T. ) ;
#7169 = CARTESIAN_POINT ( 'NONE',  ( 0.3499999999989999999, -5.330679945108999007, 1.624999999998999911 ) ) ;
#7170 = ADVANCED_FACE ( 'NONE', ( #3166 ), #5808, .F. ) ;
#7171 = CARTESIAN_POINT ( 'NONE',  ( 1.580000000000000071, -3.494999999999999662, 0.2999999999999999889 ) ) ;
#7172 = ORIENTED_EDGE ( 'NONE', *, *, #4920, .T. ) ;
#7173 = LINE ( 'NONE', #9851, #2639 ) ;
#7174 = VECTOR ( 'NONE', #2162, 1000.000000000000000 ) ;
#7175 = ORIENTED_EDGE ( 'NONE', *, *, #7350, .T. ) ;
#7176 = VECTOR ( 'NONE', #1181, 1000.000000000000000 ) ;
#7177 = VERTEX_POINT ( 'NONE', #5632 ) ;
#7178 = ORIENTED_EDGE ( 'NONE', *, *, #9819, .T. ) ;
#7179 = DIRECTION ( 'NONE',  ( 1.075827036997393753E-16, -0.9848077530123608980, 0.1736481776660634968 ) ) ;
#7180 = VECTOR ( 'NONE', #7080, 1000.000000000000114 ) ;
#7181 = DIRECTION ( 'NONE',  ( 0.000000000000000000, 1.000000000000000000, 0.000000000000000000 ) ) ;
#7182 = DIRECTION ( 'NONE',  ( 0.000000000000000000, 1.000000000000000000, 0.000000000000000000 ) ) ;
#7183 = CARTESIAN_POINT ( 'NONE',  ( -0.3600000000000000422, -4.830679945108999895, 4.924999999999999822 ) ) ;
#7184 = DIRECTION ( 'NONE',  ( -0.000000000000000000, 1.000000000000000000, 0.000000000000000000 ) ) ;
#7185 = LINE ( 'NONE', #114, #11326 ) ;
#7186 = CARTESIAN_POINT ( 'NONE',  ( -0.3599999999990000088, -4.830679945108999895, 2.625000000000000000 ) ) ;
#7187 = VECTOR ( 'NONE', #10698, 1000.000000000000000 ) ;
#7188 = VECTOR ( 'NONE', #4461, 1000.000000000000000 ) ;
#7189 = VERTEX_POINT ( 'NONE', #4768 ) ;
#7190 = DIRECTION ( 'NONE',  ( 1.284980352574999780E-16, -1.000000000000000000, 0.000000000000000000 ) ) ;
#7191 = VERTEX_POINT ( 'NONE', #7309 ) ;
#7192 = VERTEX_POINT ( 'NONE', #1323 ) ;
#7193 = LINE ( 'NONE', #10675, #8274 ) ;
#7194 = VERTEX_POINT ( 'NONE', #8338 ) ;
#7195 = EDGE_CURVE ( 'NONE', #6651, #11219, #5576, .T. ) ;
#7196 = CARTESIAN_POINT ( 'NONE',  ( 1.280000000000000027, -6.942054513798999515, 5.599999999998999556 ) ) ;
#7197 = DIRECTION ( 'NONE',  ( -1.889516252618999683E-47, 1.000000000000000000, 1.084202172484999957E-15 ) ) ;
#7198 = VECTOR ( 'NONE', #581, 1000.000000000000000 ) ;
#7199 = CARTESIAN_POINT ( 'NONE',  ( 0.3499999999989999999, -4.830679945108999895, 2.925000000000000266 ) ) ;
#7200 = CARTESIAN_POINT ( 'NONE',  ( 0.3600000000000000422, -4.830679945108999895, 6.125000000000000000 ) ) ;
#7201 = CARTESIAN_POINT ( 'NONE',  ( -0.3600000000000000422, -5.330679945108999007, 3.424999999999000178 ) ) ;
#7203 = ORIENTED_EDGE ( 'NONE', *, *, #7096, .F. ) ;
#7202 = VECTOR ( 'NONE', #4944, 1000.000000000000000 ) ;
#7204 = CARTESIAN_POINT ( 'NONE',  ( 1.279999999998999716, 1.904999999999000382, -1.899999999998999822 ) ) ;
#7205 = PLANE ( 'NONE',  #9392 ) ;
#7206 = LINE ( 'NONE', #2780, #2764 ) ;
#7207 = ORIENTED_EDGE ( 'NONE', *, *, #6677, .T. ) ;
#7208 = EDGE_CURVE ( 'NONE', #3169, #1063, #8224, .T. ) ;
#7209 = EDGE_CURVE ( 'NONE', #10659, #8562, #3223, .T. ) ;
#7210 = DIRECTION ( 'NONE',  ( -2.231344965625819359E-17, -0.1736481776660634968, -0.9848077530123608980 ) ) ;
#7211 = CARTESIAN_POINT ( 'NONE',  ( 1.580000000000000071, -6.872895553309999350, 2.691832480700000030 ) ) ;
#7212 = CARTESIAN_POINT ( 'NONE',  ( 0.3600000000000000422, -8.830679945108999007, 6.924999999999999822 ) ) ;
#7213 = LINE ( 'NONE', #1233, #9551 ) ;
#7214 = ADVANCED_FACE ( 'NONE', ( #761 ), #2528, .F. ) ;
#7215 = ORIENTED_EDGE ( 'NONE', *, *, #9264, .F. ) ;
#7216 = PLANE ( 'NONE',  #6450 ) ;
#7217 = ORIENTED_EDGE ( 'NONE', *, *, #6288, .T. ) ;
#7218 = DIRECTION ( 'NONE',  ( 0.000000000000000000, 0.000000000000000000, -1.000000000000000000 ) ) ;
#7219 = ORIENTED_EDGE ( 'NONE', *, *, #8737, .F. ) ;
#7220 = EDGE_CURVE ( 'NONE', #2130, #4931, #5064, .T. ) ;
#7221 = EDGE_CURVE ( 'NONE', #10676, #2353, #2298, .T. ) ;
#7222 = FACE_OUTER_BOUND ( 'NONE', #1797, .T. ) ;
#7223 = MECHANICAL_DESIGN_GEOMETRIC_PRESENTATION_REPRESENTATION (  '', ( #9958 ), #3365 ) ;
#7224 = PLANE ( 'NONE',  #776 ) ;
#7225 = EDGE_CURVE ( 'NONE', #3282, #8546, #10267, .T. ) ;
#7226 = CARTESIAN_POINT ( 'NONE',  ( -1.080000000000000071, 5.724170050214999250, 4.134721410322000246 ) ) ;
#7227 = VECTOR ( 'NONE', #7428, 1000.000000000000000 ) ;
#7228 = ORIENTED_EDGE ( 'NONE', *, *, #3854, .F. ) ;
#7229 = AXIS2_PLACEMENT_3D ( 'NONE', #2487, #4325, #8745 ) ;
#7230 = DIRECTION ( 'NONE',  ( 0.000000000000000000, -1.000000000000000000, 0.000000000000000000 ) ) ;
#7231 = DIRECTION ( 'NONE',  ( 1.807003620808999850E-16, 0.000000000000000000, 1.000000000000000000 ) ) ;
#7232 = VERTEX_POINT ( 'NONE', #9476 ) ;
#7233 = CARTESIAN_POINT ( 'NONE',  ( -1.280000000000000027, -8.294999999999999929, 6.749999999998999911 ) ) ;
#7234 = ORIENTED_EDGE ( 'NONE', *, *, #8288, .F. ) ;
#7235 = EDGE_CURVE ( 'NONE', #8375, #2708, #9419, .T. ) ;
#7236 = EDGE_LOOP ( 'NONE', ( #3928, #9515, #8385, #3037 ) ) ;
#7237 = EDGE_LOOP ( 'NONE', ( #7819, #10275, #8975, #6670 ) ) ;
#7238 = DIRECTION ( 'NONE',  ( 0.000000000000000000, 0.000000000000000000, -1.000000000000000000 ) ) ;
#7239 = DIRECTION ( 'NONE',  ( 0.000000000000000000, 0.000000000000000000, -1.000000000000000000 ) ) ;
#7240 = FACE_OUTER_BOUND ( 'NONE', #10149, .T. ) ;
#7241 = CARTESIAN_POINT ( 'NONE',  ( -1.280000000000000027, 3.704999999998999982, 0.2999999999999999889 ) ) ;
#7242 = EDGE_CURVE ( 'NONE', #260, #4658, #8622, .T. ) ;
#7243 = DIRECTION ( 'NONE',  ( 8.780394934309999745E-32, -1.000000000000000000, 7.223848540581000097E-16 ) ) ;
#7244 = CARTESIAN_POINT ( 'NONE',  ( -1.280000000000000027, -8.294999999999999929, 5.249999999998999911 ) ) ;
#7245 = VECTOR ( 'NONE', #7658, 1000.000000000000000 ) ;
#7246 = EDGE_CURVE ( 'NONE', #2180, #3828, #3765, .T. ) ;
#7247 = LINE ( 'NONE', #10727, #9173 ) ;
#7248 = ORIENTED_EDGE ( 'NONE', *, *, #8188, .F. ) ;
#7249 = DIRECTION ( 'NONE',  ( -1.000000000000000000, 1.284980352574999780E-16, 0.000000000000000000 ) ) ;
#7250 = ORIENTED_EDGE ( 'NONE', *, *, #8081, .F. ) ;
#7251 = VERTEX_POINT ( 'NONE', #3396 ) ;
#7252 = VERTEX_POINT ( 'NONE', #2358 ) ;
#7253 = DIRECTION ( 'NONE',  ( 1.075827036997393753E-16, -0.9848077530123608980, 0.1736481776660634968 ) ) ;
#7254 = AXIS2_PLACEMENT_3D ( 'NONE', #3237, #8296, #3917 ) ;
#7255 = ORIENTED_EDGE ( 'NONE', *, *, #3207, .F. ) ;
#7256 = DIRECTION ( 'NONE',  ( 1.000000000000000000, 1.239088197125999924E-16, 0.000000000000000000 ) ) ;
#7257 = DIRECTION ( 'NONE',  ( 1.000000000000000000, 0.000000000000000000, 0.000000000000000000 ) ) ;
#7258 = CARTESIAN_POINT ( 'NONE',  ( 0.000000000000000000, -0.2950000000009997403, 0.000000000000000000 ) ) ;
#7259 = FACE_OUTER_BOUND ( 'NONE', #5232, .T. ) ;
#7260 = VECTOR ( 'NONE', #6729, 1000.000000000000000 ) ;
#7261 = CARTESIAN_POINT ( 'NONE',  ( -0.5396645151600001356, 3.804999999999000071, 4.915278589676999488 ) ) ;
#7262 = VECTOR ( 'NONE', #4709, 1000.000000000000000 ) ;
#7263 = VERTEX_POINT ( 'NONE', #1617 ) ;
#7264 = DIRECTION ( 'NONE',  ( -1.000000000000000000, 1.239088197125999924E-16, 0.000000000000000000 ) ) ;
#7265 = DIRECTION ( 'NONE',  ( 0.000000000000000000, -4.336808689942000480E-16, -1.000000000000000000 ) ) ;
#7266 = CARTESIAN_POINT ( 'NONE',  ( -1.251501579824999988, -6.198274308341999550, 5.599999999999999645 ) ) ;
#7267 = ORIENTED_EDGE ( 'NONE', *, *, #1939, .T. ) ;
#7268 = DIRECTION ( 'NONE',  ( 0.000000000000000000, -1.000000000000000000, 0.000000000000000000 ) ) ;
#7269 = DIRECTION ( 'NONE',  ( -1.000000000000000000, 0.000000000000000000, 0.000000000000000000 ) ) ;
#7270 = VECTOR ( 'NONE', #3709, 1000.000000000000000 ) ;
#7271 = DIRECTION ( 'NONE',  ( 0.000000000000000000, 0.000000000000000000, 1.000000000000000000 ) ) ;
#7272 = CARTESIAN_POINT ( 'NONE',  ( 0.3599999999990000088, -5.330679945108999007, 1.924999999998999956 ) ) ;
#7273 = EDGE_CURVE ( 'NONE', #4134, #2742, #6839, .T. ) ;
#7274 = VERTEX_POINT ( 'NONE', #1560 ) ;
#7275 = DIRECTION ( 'NONE',  ( 0.000000000000000000, 0.000000000000000000, 1.000000000000000000 ) ) ;
#7276 = EDGE_LOOP ( 'NONE', ( #2653, #1202, #7455, #8187 ) ) ;
#7277 = FACE_OUTER_BOUND ( 'NONE', #1118, .T. ) ;
#7278 = ORIENTED_EDGE ( 'NONE', *, *, #4211, .T. ) ;
#7279 = CARTESIAN_POINT ( 'NONE',  ( 0.3599999999990000088, -2.944999999999999840, -1.215473287539000010E-18 ) ) ;
#7280 = DIRECTION ( 'NONE',  ( 0.000000000000000000, -1.000000000000000000, 0.000000000000000000 ) ) ;
#7281 = LINE ( 'NONE', #10707, #8281 ) ;
#7282 = ADVANCED_FACE ( 'NONE', ( #6035 ), #9526, .T. ) ;
#7283 = EDGE_CURVE ( 'NONE', #5978, #476, #4312, .T. ) ;
#7284 = ORIENTED_EDGE ( 'NONE', *, *, #210, .F. ) ;
#7285 = DIRECTION ( 'NONE',  ( 1.000000000000000000, 1.239088197125999924E-16, 0.000000000000000000 ) ) ;
#7286 = VERTEX_POINT ( 'NONE', #5863 ) ;
#7287 = CARTESIAN_POINT ( 'NONE',  ( 0.1000000000000000056, 2.704999999998999982, -1.600000000000000089 ) ) ;
#7288 = VERTEX_POINT ( 'NONE', #3277 ) ;
#7289 = ADVANCED_FACE ( 'NONE', ( #701 ), #11296, .T. ) ;
#7290 = ORIENTED_EDGE ( 'NONE', *, *, #3094, .T. ) ;
#7291 = ORIENTED_EDGE ( 'NONE', *, *, #10286, .F. ) ;
#7292 = DIRECTION ( 'NONE',  ( 1.000000000000000000, 1.239088197125999924E-16, 0.000000000000000000 ) ) ;
#7293 = DIRECTION ( 'NONE',  ( 0.000000000000000000, 0.3420201433253704515, 0.9396926207860168967 ) ) ;
#7294 = CARTESIAN_POINT ( 'NONE',  ( -0.3600000000000000422, -8.830679945108999007, 6.424999999999999822 ) ) ;
#7295 = DIRECTION ( 'NONE',  ( 1.807003620808999850E-16, 0.000000000000000000, 1.000000000000000000 ) ) ;
#7296 = DIRECTION ( 'NONE',  ( -1.000000000000000000, -1.239088197125999924E-16, 0.000000000000000000 ) ) ;
#7297 = CARTESIAN_POINT ( 'NONE',  ( 1.280000000000000027, -6.942054513798999515, 5.697883105724000252 ) ) ;
#7298 = VECTOR ( 'NONE', #9333, 1000.000000000000000 ) ;
#7299 = DIRECTION ( 'NONE',  ( 0.000000000000000000, 1.000000000000000000, 0.000000000000000000 ) ) ;
#7300 = EDGE_CURVE ( 'NONE', #1292, #10242, #10213, .T. ) ;
#7301 = EDGE_LOOP ( 'NONE', ( #1394, #3645, #1357, #4683 ) ) ;
#7302 = DIRECTION ( 'NONE',  ( 0.000000000000000000, -1.000000000000000000, 0.000000000000000000 ) ) ;
#7303 = ORIENTED_EDGE ( 'NONE', *, *, #3418, .T. ) ;
#7304 = EDGE_CURVE ( 'NONE', #8718, #1290, #2583, .T. ) ;
#7305 = VERTEX_POINT ( 'NONE', #9582 ) ;
#7306 = PLANE ( 'NONE',  #9365 ) ;
#7307 = ORIENTED_EDGE ( 'NONE', *, *, #1701, .F. ) ;
#7308 = CARTESIAN_POINT ( 'NONE',  ( 0.3599999999990000088, -9.330679945108999007, 1.925000000000000044 ) ) ;
#7309 = CARTESIAN_POINT ( 'NONE',  ( 1.080000000000000071, 3.804999999999000071, 4.915278589676999488 ) ) ;
#7310 = CARTESIAN_POINT ( 'NONE',  ( 0.000000000000000000, -2.695000000000999485, -1.600000000000000089 ) ) ;
#7311 = DIRECTION ( 'NONE',  ( 0.000000000000000000, 1.000000000000000000, 0.000000000000000000 ) ) ;
#7312 = CARTESIAN_POINT ( 'NONE',  ( -1.279999999998999716, -3.694999999999999396, 4.283769826401000458 ) ) ;
#7313 = COLOUR_RGB ( '',0.7921568627450980005, 0.8196078431372548767, 0.9333333333333333481 ) ;
#7314 = EDGE_CURVE ( 'NONE', #6708, #6382, #6091, .T. ) ;
#7315 = DIRECTION ( 'NONE',  ( 0.000000000000000000, 0.000000000000000000, -1.000000000000000000 ) ) ;
#7316 = LINE ( 'NONE', #7643, #3154 ) ;
#7317 = EDGE_CURVE ( 'NONE', #10410, #10746, #8735, .T. ) ;
#7318 = PLANE ( 'NONE',  #2942 ) ;
#7319 = DIRECTION ( 'NONE',  ( -1.000000000000000000, 0.000000000000000000, 1.215473287538999910E-16 ) ) ;
#7320 = ORIENTED_EDGE ( 'NONE', *, *, #10774, .T. ) ;
#7321 = CARTESIAN_POINT ( 'NONE',  ( 1.280000000000000027, -3.694999999999999396, 4.383769826401000991 ) ) ;
#7322 = CARTESIAN_POINT ( 'NONE',  ( 0.3499999999999999778, -5.330679945108999007, 1.624999999998999911 ) ) ;
#7323 = VECTOR ( 'NONE', #176, 1000.000000000000000 ) ;
#7324 = PLANE ( 'NONE',  #5703 ) ;
#7325 = AXIS2_PLACEMENT_3D ( 'NONE', #6304, #4579, #8091 ) ;
#7326 = ORIENTED_EDGE ( 'NONE', *, *, #2593, .T. ) ;
#7327 = DIRECTION ( 'NONE',  ( 1.000000000000000000, 1.239088197125999924E-16, 0.000000000000000000 ) ) ;
#7328 = VECTOR ( 'NONE', #10749, 1000.000000000000000 ) ;
#7329 = ORIENTED_EDGE ( 'NONE', *, *, #6593, .F. ) ;
#7330 = CYLINDRICAL_SURFACE ( 'NONE', #9345, 1.199999999998999645 ) ;
#7331 = ORIENTED_EDGE ( 'NONE', *, *, #3782, .F. ) ;
#7332 = DIRECTION ( 'NONE',  ( 0.000000000000000000, -1.000000000000000000, 0.000000000000000000 ) ) ;
#7333 = ORIENTED_EDGE ( 'NONE', *, *, #2907, .T. ) ;
#7334 = EDGE_CURVE ( 'NONE', #11277, #8475, #11072, .T. ) ;
#7335 = CARTESIAN_POINT ( 'NONE',  ( 0.3499999999989999999, -4.830679945108999895, 5.125000000000000000 ) ) ;
#7336 = CARTESIAN_POINT ( 'NONE',  ( 0.9817789317309998376, -6.329612395372000044, 5.757479594345999985 ) ) ;
#7337 = VECTOR ( 'NONE', #7799, 1000.000000000000000 ) ;
#7338 = ORIENTED_EDGE ( 'NONE', *, *, #3418, .F. ) ;
#7339 = CARTESIAN_POINT ( 'NONE',  ( -1.430000000000000160, -4.571077182464999389, 5.654324757502999788 ) ) ;
#7340 = ORIENTED_EDGE ( 'NONE', *, *, #2161, .F. ) ;
#7341 = DIRECTION ( 'NONE',  ( -1.000000000000000000, 0.000000000000000000, 1.215473287538999910E-16 ) ) ;
#7342 = EDGE_LOOP ( 'NONE', ( #9818, #5979, #4544, #1987 ) ) ;
#7343 = VERTEX_POINT ( 'NONE', #7122 ) ;
#7344 = VERTEX_POINT ( 'NONE', #10491 ) ;
#7345 = LINE ( 'NONE', #4585, #2843 ) ;
#7346 = VECTOR ( 'NONE', #5217, 1000.000000000000000 ) ;
#7347 = VECTOR ( 'NONE', #3858, 1000.000000000000000 ) ;
#7348 = EDGE_CURVE ( 'NONE', #2000, #7061, #6369, .T. ) ;
#7349 = LINE ( 'NONE', #2173, #10335 ) ;
#7350 = EDGE_CURVE ( 'NONE', #2263, #11263, #2007, .T. ) ;
#7351 = LINE ( 'NONE', #9330, #6022 ) ;
#7352 = VECTOR ( 'NONE', #9369, 1000.000000000000000 ) ;
#7353 = CARTESIAN_POINT ( 'NONE',  ( 1.429999999999000071, -1.983341451230999697, 4.776807376878000611 ) ) ;
#7354 = LINE ( 'NONE', #395, #10964 ) ;
#7355 = CARTESIAN_POINT ( 'NONE',  ( 0.3600000000000000422, -4.830679945108999895, 6.625000000000000000 ) ) ;
#7356 = EDGE_CURVE ( 'NONE', #6683, #6998, #6199, .T. ) ;
#7357 = VECTOR ( 'NONE', #8739, 1000.000000000000000 ) ;
#7358 = ORIENTED_EDGE ( 'NONE', *, *, #10226, .F. ) ;
#7359 = VECTOR ( 'NONE', #10436, 1000.000000000000000 ) ;
#7360 = PLANE ( 'NONE',  #10726 ) ;
#7361 = VECTOR ( 'NONE', #10559, 1000.000000000000000 ) ;
#7362 = VERTEX_POINT ( 'NONE', #54 ) ;
#7363 = ORIENTED_EDGE ( 'NONE', *, *, #5754, .F. ) ;
#7364 = ORIENTED_EDGE ( 'NONE', *, *, #3496, .T. ) ;
#7365 = CARTESIAN_POINT ( 'NONE',  ( -1.580000000000000071, -8.294999999999999929, 3.749999999998999911 ) ) ;
#7366 = EDGE_CURVE ( 'NONE', #59, #1829, #7011, .T. ) ;
#7367 = CARTESIAN_POINT ( 'NONE',  ( 0.3499999999999999778, -5.330679945108999007, 5.924999999999999822 ) ) ;
#7368 = DIRECTION ( 'NONE',  ( 1.284980352574999780E-16, -1.000000000000000000, -2.168404344971000240E-16 ) ) ;
#7369 = VECTOR ( 'NONE', #2023, 1000.000000000000000 ) ;
#7370 = CARTESIAN_POINT ( 'NONE',  ( 0.3800000000000000044, -3.894999999999999574, 0.04999999999899999714 ) ) ;
#7371 = EDGE_CURVE ( 'NONE', #9628, #540, #3618, .T. ) ;
#7372 = LINE ( 'NONE', #9137, #6274 ) ;
#7373 = LINE ( 'NONE', #4088, #1725 ) ;
#7374 = PLANE ( 'NONE',  #7559 ) ;
#7375 = AXIS2_PLACEMENT_3D ( 'NONE', #4892, #5586, #6516 ) ;
#7376 = DIRECTION ( 'NONE',  ( 4.861730685828999686E-63, 1.000000000000000000, 1.219828459165000025E-15 ) ) ;
#7377 = CARTESIAN_POINT ( 'NONE',  ( 0.3600000000000000422, -8.830679945108999007, 4.125000000000000000 ) ) ;
#7378 = ORIENTED_EDGE ( 'NONE', *, *, #8268, .T. ) ;
#7379 = CARTESIAN_POINT ( 'NONE',  ( -0.3600000000000000422, -4.830679945108999895, 5.125000000000000000 ) ) ;
#7380 = DIRECTION ( 'NONE',  ( -1.807003620808999850E-16, 0.000000000000000000, -1.000000000000000000 ) ) ;
#7381 = DIRECTION ( 'NONE',  ( -1.000000000000000000, 0.000000000000000000, 0.000000000000000000 ) ) ;
#7382 = LINE ( 'NONE', #4727, #2407 ) ;
#7383 = ADVANCED_FACE ( 'NONE', ( #8103 ), #9641, .T. ) ;
#7384 = ORIENTED_EDGE ( 'NONE', *, *, #3513, .T. ) ;
#7385 = DIRECTION ( 'NONE',  ( 0.000000000000000000, 0.000000000000000000, -1.000000000000000000 ) ) ;
#7386 = CARTESIAN_POINT ( 'NONE',  ( -1.580000000000000071, -5.910051363132999391, 5.599999999998999556 ) ) ;
#7387 = ORIENTED_EDGE ( 'NONE', *, *, #5118, .F. ) ;
#7388 = LINE ( 'NONE', #10755, #181 ) ;
#7389 = ORIENTED_EDGE ( 'NONE', *, *, #533, .F. ) ;
#7390 = CARTESIAN_POINT ( 'NONE',  ( 0.3599999999990000088, -2.944999999999999840, -6.446060001586000578E-17 ) ) ;
#7391 = ORIENTED_EDGE ( 'NONE', *, *, #8332, .T. ) ;
#7392 = CARTESIAN_POINT ( 'NONE',  ( 1.430000000000000160, -4.571077182464999389, 5.654324757502999788 ) ) ;
#7393 = CARTESIAN_POINT ( 'NONE',  ( -1.280000000000000027, -2.544188695136999634, 0.2999999999999999889 ) ) ;
#7394 = ORIENTED_EDGE ( 'NONE', *, *, #1878, .T. ) ;
#7395 = ADVANCED_FACE ( 'NONE', ( #2813 ), #162, .F. ) ;
#7396 = ORIENTED_EDGE ( 'NONE', *, *, #10158, .F. ) ;
#7397 = LINE ( 'NONE', #325, #7041 ) ;
#7398 = ORIENTED_EDGE ( 'NONE', *, *, #8054, .F. ) ;
#7399 = AXIS2_PLACEMENT_3D ( 'NONE', #4586, #10546, #222 ) ;
#7400 = ORIENTED_EDGE ( 'NONE', *, *, #2535, .T. ) ;
#7401 = VERTEX_POINT ( 'NONE', #1896 ) ;
#7402 = DIRECTION ( 'NONE',  ( -1.000000000000000000, 1.284980352574999780E-16, 0.000000000000000000 ) ) ;
#7403 = VECTOR ( 'NONE', #9152, 1000.000000000000000 ) ;
#7404 = LINE ( 'NONE', #1204, #7424 ) ;
#7405 = VECTOR ( 'NONE', #9034, 1000.000000000000000 ) ;
#7406 = LINE ( 'NONE', #9974, #4772 ) ;
#7407 = AXIS2_PLACEMENT_3D ( 'NONE', #2569, #1717, #2111 ) ;
#7408 = CARTESIAN_POINT ( 'NONE',  ( 1.830000000000000071, 2.385829949784000537, 4.134721410322000246 ) ) ;
#7409 = CARTESIAN_POINT ( 'NONE',  ( -0.3499999999999999778, -9.395000000000001350, 7.870000000000000107 ) ) ;
#7410 = VECTOR ( 'NONE', #7239, 1000.000000000000000 ) ;
#7411 = VERTEX_POINT ( 'NONE', #8905 ) ;
#7412 = EDGE_CURVE ( 'NONE', #1775, #7965, #1041, .T. ) ;
#7413 = DIRECTION ( 'NONE',  ( 0.000000000000000000, -1.000000000000000000, 0.000000000000000000 ) ) ;
#7414 = ORIENTED_EDGE ( 'NONE', *, *, #8737, .T. ) ;
#7415 = ORIENTED_EDGE ( 'NONE', *, *, #10850, .F. ) ;
#7416 = PLANE ( 'NONE',  #6991 ) ;
#7417 = EDGE_LOOP ( 'NONE', ( #2394, #9007, #2414, #3690 ) ) ;
#7418 = AXIS2_PLACEMENT_3D ( 'NONE', #5874, #9374, #1513 ) ;
#7419 = CARTESIAN_POINT ( 'NONE',  ( 2.039530102007999890, -7.816610196909000940, 2.599999999999000000 ) ) ;
#7420 = LINE ( 'NONE', #10900, #5782 ) ;
#7421 = LINE ( 'NONE', #10901, #4200 ) ;
#7422 = LINE ( 'NONE', #10159, #1661 ) ;
#7423 = EDGE_CURVE ( 'NONE', #775, #7274, #5338, .T. ) ;
#7424 = VECTOR ( 'NONE', #3039, 1000.000000000000000 ) ;
#7425 = DIRECTION ( 'NONE',  ( -1.000000000000000000, 0.000000000000000000, 1.215473287538999910E-16 ) ) ;
#7426 = EDGE_CURVE ( 'NONE', #499, #328, #5397, .T. ) ;
#7427 = VECTOR ( 'NONE', #4283, 1000.000000000000000 ) ;
#7428 = DIRECTION ( 'NONE',  ( 0.000000000000000000, 0.000000000000000000, -1.000000000000000000 ) ) ;
#7429 = FACE_BOUND ( 'NONE', #7825, .T. ) ;
#7430 = DIRECTION ( 'NONE',  ( 1.000000000000000000, 1.284980352574999780E-16, 0.000000000000000000 ) ) ;
#7431 = ORIENTED_EDGE ( 'NONE', *, *, #3576, .F. ) ;
#7432 = ADVANCED_FACE ( 'NONE', ( #2700 ), #8848, .F. ) ;
#7433 = DIRECTION ( 'NONE',  ( 0.000000000000000000, 0.3420201433253704515, -0.9396926207860168967 ) ) ;
#7434 = LINE ( 'NONE', #10913, #1015 ) ;
#7435 = DIRECTION ( 'NONE',  ( 0.000000000000000000, -1.000000000000000000, 0.000000000000000000 ) ) ;
#7436 = PLANE ( 'NONE',  #6446 ) ;
#7437 = VECTOR ( 'NONE', #2246, 1000.000000000000000 ) ;
#7438 = PRESENTATION_LAYER_ASSIGNMENT (  '', '', ( #3592 ) ) ;
#7439 = EDGE_CURVE ( 'NONE', #9799, #3673, #6147, .T. ) ;
#7440 = ORIENTED_EDGE ( 'NONE', *, *, #3985, .F. ) ;
#7441 = CARTESIAN_POINT ( 'NONE',  ( 1.279999999998999716, -2.044999999999999929, -0.8999999999990000443 ) ) ;
#7442 = CARTESIAN_POINT ( 'NONE',  ( 1.280000000000000027, 3.504999999999000249, 4.915278589676999488 ) ) ;
#7443 = ORIENTED_EDGE ( 'NONE', *, *, #9472, .F. ) ;
#7444 = DIRECTION ( 'NONE',  ( 1.000000000000000000, 1.284980352574999780E-16, 0.000000000000000000 ) ) ;
#7445 = AXIS2_PLACEMENT_3D ( 'NONE', #4808, #7460, #6658 ) ;
#7446 = ORIENTED_EDGE ( 'NONE', *, *, #2864, .T. ) ;
#7447 = EDGE_CURVE ( 'NONE', #2977, #3718, #10722, .T. ) ;
#7448 = CARTESIAN_POINT ( 'NONE',  ( -2.308415123535999758, -7.685679981712000064, 5.599999999998999556 ) ) ;
#7449 = ORIENTED_EDGE ( 'NONE', *, *, #9605, .F. ) ;
#7450 = LINE ( 'NONE', #1244, #10106 ) ;
#7451 = DIRECTION ( 'NONE',  ( 0.000000000000000000, -1.000000000000000000, 0.000000000000000000 ) ) ;
#7452 = ORIENTED_EDGE ( 'NONE', *, *, #6039, .F. ) ;
#7453 = DIRECTION ( 'NONE',  ( -0.000000000000000000, 1.000000000000000000, 0.000000000000000000 ) ) ;
#7454 = ADVANCED_FACE ( 'NONE', ( #2870 ), #5504, .T. ) ;
#7455 = ORIENTED_EDGE ( 'NONE', *, *, #3782, .T. ) ;
#7456 = CARTESIAN_POINT ( 'NONE',  ( 0.1000000000000000056, 0.3049999999990000710, 0.000000000000000000 ) ) ;
#7457 = ORIENTED_EDGE ( 'NONE', *, *, #6647, .F. ) ;
#7458 = VERTEX_POINT ( 'NONE', #7873 ) ;
#7459 = EDGE_LOOP ( 'NONE', ( #2824, #4168, #6594, #1186, #8326, #10875, #6746, #3558, #2131, #9240, #4471, #8980 ) ) ;
#7460 = DIRECTION ( 'NONE',  ( -1.000000000000000000, -1.299091332659999954E-16, 0.000000000000000000 ) ) ;
#7461 = DIRECTION ( 'NONE',  ( -1.000000000000000000, 1.239088197125999924E-16, 0.000000000000000000 ) ) ;
#7462 = CARTESIAN_POINT ( 'NONE',  ( 0.3600000000000000422, -4.830679945108999895, 4.924999999999999822 ) ) ;
#7463 = DIRECTION ( 'NONE',  ( 1.000000000000000000, 0.000000000000000000, 1.215473287538999910E-16 ) ) ;
#7464 = DIRECTION ( 'NONE',  ( -1.112825628694422115E-16, -0.8660254037843290176, -0.5000000000001900702 ) ) ;
#7465 = ORIENTED_EDGE ( 'NONE', *, *, #5454, .T. ) ;
#7466 = PRESENTATION_STYLE_ASSIGNMENT (( #2348 ) ) ;
#7467 = VERTEX_POINT ( 'NONE', #11348 ) ;
#7468 = ORIENTED_EDGE ( 'NONE', *, *, #3835, .T. ) ;
#7469 = ORIENTED_EDGE ( 'NONE', *, *, #6386, .T. ) ;
#7470 = ORIENTED_EDGE ( 'NONE', *, *, #440, .F. ) ;
#7471 = DIRECTION ( 'NONE',  ( -1.000000000000000000, 0.000000000000000000, 1.215473287538999910E-16 ) ) ;
#7472 = ORIENTED_EDGE ( 'NONE', *, *, #266, .T. ) ;
#7473 = LINE ( 'NONE', #9132, #9964 ) ;
#7474 = DIRECTION ( 'NONE',  ( 0.000000000000000000, 1.000000000000000000, 0.000000000000000000 ) ) ;
#7475 = EDGE_CURVE ( 'NONE', #6082, #5051, #5280, .T. ) ;
#7476 = CARTESIAN_POINT ( 'NONE',  ( -0.3599999999990000088, -2.944999999999999840, -6.446060001586000578E-17 ) ) ;
#7477 = CARTESIAN_POINT ( 'NONE',  ( -0.3600000000000000422, -4.830679945108999895, 5.424999999998999733 ) ) ;
#7478 = FACE_OUTER_BOUND ( 'NONE', #30, .T. ) ;
#7479 = FACE_OUTER_BOUND ( 'NONE', #3048, .T. ) ;
#7480 = DIRECTION ( 'NONE',  ( 0.000000000000000000, 1.000000000000000000, 0.000000000000000000 ) ) ;
#7481 = CARTESIAN_POINT ( 'NONE',  ( 0.3600000000000000422, -8.830679945108999007, 6.424999999999999822 ) ) ;
#7482 = ORIENTED_EDGE ( 'NONE', *, *, #3226, .T. ) ;
#7483 = CARTESIAN_POINT ( 'NONE',  ( 1.280000000000000027, -2.979999999999999538, -0.7048473225369999984 ) ) ;
#7484 = DIRECTION ( 'NONE',  ( -1.215473287538999910E-16, 0.000000000000000000, -1.000000000000000000 ) ) ;
#7485 = EDGE_CURVE ( 'NONE', #10536, #8543, #4423, .T. ) ;
#7486 = EDGE_CURVE ( 'NONE', #8915, #9617, #11098, .T. ) ;
#7487 = DIRECTION ( 'NONE',  ( 0.000000000000000000, 0.000000000000000000, 1.000000000000000000 ) ) ;
#7488 = AXIS2_PLACEMENT_3D ( 'NONE', #8467, #10856, #6742 ) ;
#7489 = EDGE_CURVE ( 'NONE', #7615, #7232, #9973, .T. ) ;
#7490 = ORIENTED_EDGE ( 'NONE', *, *, #10439, .T. ) ;
#7491 = CARTESIAN_POINT ( 'NONE',  ( 1.580000000000000071, -3.894999999999999574, 7.799999999998999733 ) ) ;
#7492 = DIRECTION ( 'NONE',  ( -1.000000000000000000, 0.000000000000000000, 0.000000000000000000 ) ) ;
#7493 = ORIENTED_EDGE ( 'NONE', *, *, #6633, .T. ) ;
#7494 = CARTESIAN_POINT ( 'NONE',  ( -1.580000000000000071, -8.294999999999999929, 5.249999999998999911 ) ) ;
#7495 = ORIENTED_EDGE ( 'NONE', *, *, #1408, .T. ) ;
#7496 = VECTOR ( 'NONE', #8404, 1000.000000000000000 ) ;
#7497 = PLANE ( 'NONE',  #6535 ) ;
#7498 = ADVANCED_FACE ( 'NONE', ( #3249 ), #4046, .T. ) ;
#7499 = FACE_OUTER_BOUND ( 'NONE', #2238, .T. ) ;
#7500 = FACE_OUTER_BOUND ( 'NONE', #580, .T. ) ;
#7501 = EDGE_CURVE ( 'NONE', #8089, #8959, #8480, .T. ) ;
#7502 = EDGE_CURVE ( 'NONE', #2355, #8329, #332, .T. ) ;
#7503 = VECTOR ( 'NONE', #817, 1000.000000000000000 ) ;
#7504 = ORIENTED_EDGE ( 'NONE', *, *, #8791, .F. ) ;
#7505 = DIRECTION ( 'NONE',  ( -1.000000000000000000, 0.000000000000000000, 0.000000000000000000 ) ) ;
#7506 = ORIENTED_EDGE ( 'NONE', *, *, #9754, .F. ) ;
#7507 = DIRECTION ( 'NONE',  ( -1.000000000000000000, 0.000000000000000000, 0.000000000000000000 ) ) ;
#7508 = ORIENTED_EDGE ( 'NONE', *, *, #4593, .T. ) ;
#7509 = ORIENTED_EDGE ( 'NONE', *, *, #9043, .F. ) ;
#7510 = VERTEX_POINT ( 'NONE', #6753 ) ;
#7511 = DIRECTION ( 'NONE',  ( -0.4377936234344672606, 0.8990754936489593341, 9.747796034434406725E-16 ) ) ;
#7512 = CARTESIAN_POINT ( 'NONE',  ( 0.3800000000000000044, -9.544999999998998064, 1.249999999998999911 ) ) ;
#7513 = VECTOR ( 'NONE', #2613, 1000.000000000000000 ) ;
#7514 = DIRECTION ( 'NONE',  ( 0.000000000000000000, -5.382100923358999157E-17, -1.000000000000000000 ) ) ;
#7515 = DIRECTION ( 'NONE',  ( 1.000000000000000000, 0.000000000000000000, 0.000000000000000000 ) ) ;
#7516 = PLANE ( 'NONE',  #4959 ) ;
#7517 = EDGE_CURVE ( 'NONE', #5616, #10945, #7558, .T. ) ;
#7518 = ORIENTED_EDGE ( 'NONE', *, *, #10566, .T. ) ;
#7519 = DIRECTION ( 'NONE',  ( 0.000000000000000000, 0.000000000000000000, -1.000000000000000000 ) ) ;
#7520 = ORIENTED_EDGE ( 'NONE', *, *, #10003, .F. ) ;
#7521 = VERTEX_POINT ( 'NONE', #5779 ) ;
#7522 = EDGE_LOOP ( 'NONE', ( #7730, #9467, #9804, #1539 ) ) ;
#7523 = ORIENTED_EDGE ( 'NONE', *, *, #1398, .F. ) ;
#7524 = VECTOR ( 'NONE', #7444, 1000.000000000000000 ) ;
#7525 = SURFACE_SIDE_STYLE ('',( #9927 ) ) ;
#7526 = ORIENTED_EDGE ( 'NONE', *, *, #5525, .F. ) ;
#7527 = DIRECTION ( 'NONE',  ( 0.000000000000000000, 0.000000000000000000, 1.000000000000000000 ) ) ;
#7528 = CARTESIAN_POINT ( 'NONE',  ( 1.430000000000000160, -4.571077182464999389, 6.330399858456999596 ) ) ;
#7529 = PLANE ( 'NONE',  #10603 ) ;
#7530 = CARTESIAN_POINT ( 'NONE',  ( 1.580000000000000071, -8.294999999999999929, 2.599999999999000000 ) ) ;
#7531 = VECTOR ( 'NONE', #8214, 1000.000000000000000 ) ;
#7532 = VECTOR ( 'NONE', #11127, 1000.000000000000000 ) ;
#7533 = VECTOR ( 'NONE', #773, 1000.000000000000000 ) ;
#7534 = ORIENTED_EDGE ( 'NONE', *, *, #5544, .F. ) ;
#7535 = CARTESIAN_POINT ( 'NONE',  ( -1.280000000000000027, -8.294999999999999929, 3.399999999998999822 ) ) ;
#7536 = DIRECTION ( 'NONE',  ( 1.000000000000000000, 1.510487145370000116E-46, -1.393178489863000032E-31 ) ) ;
#7537 = EDGE_CURVE ( 'NONE', #3718, #2014, #2329, .T. ) ;
#7538 = CARTESIAN_POINT ( 'NONE',  ( 1.280000000000000027, -9.544999999998998064, 1.249999999998999911 ) ) ;
#7539 = CARTESIAN_POINT ( 'NONE',  ( 1.580000000000000071, -4.337947837308999688, 2.719600141541999694 ) ) ;
#7540 = VECTOR ( 'NONE', #9406, 1000.000000000000000 ) ;
#7541 = ORIENTED_EDGE ( 'NONE', *, *, #8685, .T. ) ;
#7542 = AXIS2_PLACEMENT_3D ( 'NONE', #3921, #7663, #5767 ) ;
#7543 = CARTESIAN_POINT ( 'NONE',  ( 1.280000000000000027, -2.194999999999999840, -1.899999999998999822 ) ) ;
#7544 = CARTESIAN_POINT ( 'NONE',  ( 1.280000000000000027, -5.910051363132999391, 6.399999999999000266 ) ) ;
#7545 = AXIS2_PLACEMENT_3D ( 'NONE', #5348, #1908, #9821 ) ;
#7546 = LINE ( 'NONE', #5766, #5286 ) ;
#7547 = CARTESIAN_POINT ( 'NONE',  ( -0.3499999999999999778, -4.830679945108999895, 6.125000000000000000 ) ) ;
#7548 = AXIS2_PLACEMENT_3D ( 'NONE', #9901, #2160, #8250 ) ;
#7549 = EDGE_LOOP ( 'NONE', ( #9747, #5948, #5604, #5042 ) ) ;
#7550 = CARTESIAN_POINT ( 'NONE',  ( -0.3799999999990000266, -9.694999999999998508, 0.04999999999899999714 ) ) ;
#7551 = ADVANCED_FACE ( 'NONE', ( #4910 ), #3831, .T. ) ;
#7552 = PLANE ( 'NONE',  #2910 ) ;
#7553 = ORIENTED_EDGE ( 'NONE', *, *, #5198, .F. ) ;
#7554 = DIRECTION ( 'NONE',  ( -0.03815622842002980297, -0.07835959243506115945, 0.9961946980917784078 ) ) ;
#7555 = ORIENTED_EDGE ( 'NONE', *, *, #1135, .T. ) ;
#7556 = PLANE ( 'NONE',  #996 ) ;
#7557 = CARTESIAN_POINT ( 'NONE',  ( -0.09999999999899999992, -1.295000000000999796, -1.600000000000000089 ) ) ;
#7558 = LINE ( 'NONE', #9390, #2189 ) ;
#7559 = AXIS2_PLACEMENT_3D ( 'NONE', #11174, #2945, #6834 ) ;
#7560 = DIRECTION ( 'NONE',  ( 0.000000000000000000, -1.000000000000000000, 0.000000000000000000 ) ) ;
#7561 = CARTESIAN_POINT ( 'NONE',  ( 0.3800000000000000044, 3.804999999999000071, 7.799999999998999733 ) ) ;
#7562 = ORIENTED_EDGE ( 'NONE', *, *, #8130, .T. ) ;
#7563 = EDGE_CURVE ( 'NONE', #1218, #9242, #10828, .T. ) ;
#7564 = SURFACE_SIDE_STYLE ('',( #8486 ) ) ;
#7565 = EDGE_CURVE ( 'NONE', #4186, #6181, #7351, .T. ) ;
#7566 = VERTEX_POINT ( 'NONE', #1466 ) ;
#7567 = DIRECTION ( 'NONE',  ( -1.000000000000000000, 0.000000000000000000, 0.000000000000000000 ) ) ;
#7568 = VECTOR ( 'NONE', #2706, 1000.000000000000000 ) ;
#7569 = EDGE_LOOP ( 'NONE', ( #5811, #1906, #3887, #936, #7100, #10360 ) ) ;
#7570 = VERTEX_POINT ( 'NONE', #10238 ) ;
#7571 = ORIENTED_EDGE ( 'NONE', *, *, #2936, .F. ) ;
#7572 = PLANE ( 'NONE',  #6898 ) ;
#7573 = EDGE_CURVE ( 'NONE', #6167, #3259, #1205, .T. ) ;
#7574 = LINE ( 'NONE', #3999, #5768 ) ;
#7575 = FACE_OUTER_BOUND ( 'NONE', #1372, .T. ) ;
#7576 = CARTESIAN_POINT ( 'NONE',  ( 0.000000000000000000, -2.295000000001000018, -1.600000000000000089 ) ) ;
#7577 = DIRECTION ( 'NONE',  ( 1.000000000000000000, 0.000000000000000000, 0.000000000000000000 ) ) ;
#7578 = ORIENTED_EDGE ( 'NONE', *, *, #6356, .T. ) ;
#7579 = SURFACE_SIDE_STYLE ('',( #10892 ) ) ;
#7580 = EDGE_CURVE ( 'NONE', #2825, #463, #3191, .T. ) ;
#7581 = DIRECTION ( 'NONE',  ( 1.000000000000000000, 1.284980352574999780E-16, 0.000000000000000000 ) ) ;
#7582 = ORIENTED_EDGE ( 'NONE', *, *, #3840, .T. ) ;
#7583 = CARTESIAN_POINT ( 'NONE',  ( 1.251501579824999988, -6.198274308341999550, 5.599999999999999645 ) ) ;
#7584 = ORIENTED_EDGE ( 'NONE', *, *, #496, .T. ) ;
#7585 = VERTEX_POINT ( 'NONE', #3784 ) ;
#7586 = LINE ( 'NONE', #2297, #6981 ) ;
#7587 = VECTOR ( 'NONE', #2777, 1000.000000000000000 ) ;
#7588 = ORIENTED_EDGE ( 'NONE', *, *, #10904, .F. ) ;
#7589 = EDGE_CURVE ( 'NONE', #10391, #4266, #5130, .T. ) ;
#7590 = CARTESIAN_POINT ( 'NONE',  ( 1.280000000000000027, -3.894999999999999574, 0.2999999999999999889 ) ) ;
#7591 = DIRECTION ( 'NONE',  ( -1.807003620808999850E-16, 0.000000000000000000, 1.000000000000000000 ) ) ;
#7592 = CARTESIAN_POINT ( 'NONE',  ( 1.280000000000000027, -8.294999999999999929, 5.249999999998999911 ) ) ;
#7593 = VECTOR ( 'NONE', #51, 1000.000000000000000 ) ;
#7594 = DIRECTION ( 'NONE',  ( 0.000000000000000000, -1.000000000000000000, 2.167154562174000065E-16 ) ) ;
#7595 = VECTOR ( 'NONE', #4863, 1000.000000000000114 ) ;
#7596 = AXIS2_PLACEMENT_3D ( 'NONE', #10479, #11170, #1771 ) ;
#7597 = ORIENTED_EDGE ( 'NONE', *, *, #8821, .F. ) ;
#7598 = DIRECTION ( 'NONE',  ( -1.000000000000000000, 1.510487145370000116E-46, -1.393178489863000032E-31 ) ) ;
#7599 = CARTESIAN_POINT ( 'NONE',  ( -1.280000000000000027, -8.294999999999999929, 6.749999999998999911 ) ) ;
#7600 = VECTOR ( 'NONE', #10281, 1000.000000000000000 ) ;
#7601 = EDGE_CURVE ( 'NONE', #3160, #1239, #7673, .T. ) ;
#7602 = LINE ( 'NONE', #5871, #3676 ) ;
#7603 = LINE ( 'NONE', #4416, #6323 ) ;
#7604 = EDGE_LOOP ( 'NONE', ( #8566, #11217, #6028, #6942 ) ) ;
#7605 = CARTESIAN_POINT ( 'NONE',  ( -0.3600000000000000422, -5.330679945108999007, 3.424999999999000178 ) ) ;
#7606 = DIRECTION ( 'NONE',  ( 1.000000000000000000, 0.000000000000000000, 0.000000000000000000 ) ) ;
#7607 = FILL_AREA_STYLE ('',( #9378 ) ) ;
#7608 = DIRECTION ( 'NONE',  ( 0.000000000000000000, -1.000000000000000000, 0.000000000000000000 ) ) ;
#7609 = AXIS2_PLACEMENT_3D ( 'NONE', #6545, #8433, #2062 ) ;
#7610 = VECTOR ( 'NONE', #3806, 1000.000000000000000 ) ;
#7611 = ORIENTED_EDGE ( 'NONE', *, *, #472, .T. ) ;
#7612 = DIRECTION ( 'NONE',  ( 0.000000000000000000, 0.000000000000000000, -1.000000000000000000 ) ) ;
#7613 = CARTESIAN_POINT ( 'NONE',  ( -0.3599999999990000088, -8.831833331044999014, 2.124913496054000372 ) ) ;
#7614 = DIRECTION ( 'NONE',  ( 0.000000000000000000, 1.000000000000000000, 0.000000000000000000 ) ) ;
#7615 = VERTEX_POINT ( 'NONE', #3305 ) ;
#7616 = CARTESIAN_POINT ( 'NONE',  ( 1.580000000000000071, -8.294999999999999929, 3.399999999998999822 ) ) ;
#7617 = CARTESIAN_POINT ( 'NONE',  ( -0.3499999999989999999, -2.944999999999999840, -6.324512672832001141E-17 ) ) ;
#7618 = VECTOR ( 'NONE', #7649, 1000.000000000000114 ) ;
#7619 = DIRECTION ( 'NONE',  ( 0.000000000000000000, -1.000000000000000000, 0.000000000000000000 ) ) ;
#7620 = DIRECTION ( 'NONE',  ( 0.000000000000000000, 0.000000000000000000, -1.000000000000000000 ) ) ;
#7621 = EDGE_CURVE ( 'NONE', #219, #3417, #6811, .T. ) ;
#7622 = VECTOR ( 'NONE', #7591, 1000.000000000000000 ) ;
#7623 = EDGE_LOOP ( 'NONE', ( #4053, #8215, #8762, #957 ) ) ;
#7624 = DIRECTION ( 'NONE',  ( 0.000000000000000000, -1.000000000000000000, 0.000000000000000000 ) ) ;
#7625 = ORIENTED_EDGE ( 'NONE', *, *, #6507, .F. ) ;
#7626 = PLANE ( 'NONE',  #2384 ) ;
#7627 = ORIENTED_EDGE ( 'NONE', *, *, #6859, .T. ) ;
#7628 = ORIENTED_EDGE ( 'NONE', *, *, #3149, .F. ) ;
#7629 = VERTEX_POINT ( 'NONE', #4648 ) ;
#7630 = CARTESIAN_POINT ( 'NONE',  ( 1.251501579824999988, -6.198274308341999550, 2.600000000000000089 ) ) ;
#7631 = DIRECTION ( 'NONE',  ( 0.000000000000000000, 0.000000000000000000, -1.000000000000000000 ) ) ;
#7632 = AXIS2_PLACEMENT_3D ( 'NONE', #7630, #7511, #2341 ) ;
#7633 = DIRECTION ( 'NONE',  ( 0.000000000000000000, 0.000000000000000000, 1.000000000000000000 ) ) ;
#7634 = CARTESIAN_POINT ( 'NONE',  ( -1.580000000000000071, 3.704999999998999982, 0.3999999999989999888 ) ) ;
#7635 = EDGE_CURVE ( 'NONE', #11113, #10179, #8157, .T. ) ;
#7636 = ADVANCED_FACE ( 'NONE', ( #10770 ), #2923, .F. ) ;
#7637 = CARTESIAN_POINT ( 'NONE',  ( 1.080000000000000071, 3.804999999999000071, 4.915278589676999488 ) ) ;
#7638 = ORIENTED_EDGE ( 'NONE', *, *, #704, .F. ) ;
#7639 = LINE ( 'NONE', #8501, #4687 ) ;
#7640 = ADVANCED_FACE ( 'NONE', ( #9448 ), #5199, .T. ) ;
#7641 = ORIENTED_EDGE ( 'NONE', *, *, #3509, .T. ) ;
#7642 = EDGE_LOOP ( 'NONE', ( #9471, #7440, #6967, #4708 ) ) ;
#7643 = CARTESIAN_POINT ( 'NONE',  ( -1.430000000000000160, -9.694999999999998508, 9.000000000000000000 ) ) ;
#7644 = ORIENTED_EDGE ( 'NONE', *, *, #2586, .T. ) ;
#7645 = EDGE_LOOP ( 'NONE', ( #7326, #10350, #5612, #5719 ) ) ;
#7646 = DIRECTION ( 'NONE',  ( 0.000000000000000000, -1.000000000000000000, -2.168404344971000191E-15 ) ) ;
#7647 = EDGE_LOOP ( 'NONE', ( #9850, #6070, #92, #10195 ) ) ;
#7648 = CARTESIAN_POINT ( 'NONE',  ( -1.280000000000000027, 3.504999999999000249, 8.000000000000000000 ) ) ;
#7649 = DIRECTION ( 'NONE',  ( -1.075827036997393753E-16, 0.9848077530123608980, 0.1736481776660634968 ) ) ;
#7650 = LINE ( 'NONE', #4194, #189 ) ;
#7651 = LINE ( 'NONE', #9478, #1263 ) ;
#7652 = EDGE_CURVE ( 'NONE', #6792, #6936, #4339, .T. ) ;
#7653 = DIRECTION ( 'NONE',  ( 1.215473287538999910E-16, 0.000000000000000000, -1.000000000000000000 ) ) ;
#7654 = EDGE_LOOP ( 'NONE', ( #8508, #987, #7884, #8027 ) ) ;
#7655 = LINE ( 'NONE', #2482, #4082 ) ;
#7656 = ADVANCED_FACE ( 'NONE', ( #7845 ), #1757, .T. ) ;
#7657 = CARTESIAN_POINT ( 'NONE',  ( -0.3600000000000000422, -4.830679945108999895, 4.924999999999999822 ) ) ;
#7658 = DIRECTION ( 'NONE',  ( -1.807003620808999850E-16, 0.000000000000000000, 1.000000000000000000 ) ) ;
#7659 = EDGE_LOOP ( 'NONE', ( #9383, #5842, #6026, #682 ) ) ;
#7660 = CARTESIAN_POINT ( 'NONE',  ( -1.279999999998999716, 2.204999999999000426, -0.8999999999990000443 ) ) ;
#7661 = DIRECTION ( 'NONE',  ( 1.000000000000000000, 0.000000000000000000, 0.000000000000000000 ) ) ;
#7662 = CARTESIAN_POINT ( 'NONE',  ( 0.3599999999990000088, -9.330679945108999007, 1.625000000000000000 ) ) ;
#7663 = DIRECTION ( 'NONE',  ( 1.215473287538999910E-16, 0.000000000000000000, 1.000000000000000000 ) ) ;
#7664 = EDGE_CURVE ( 'NONE', #7949, #2548, #2552, .T. ) ;
#7665 = UNCERTAINTY_MEASURE_WITH_UNIT (LENGTH_MEASURE( 1.000000000000000082E-05 ), #5169, 'distance_accuracy_value', 'NONE');
#7666 = ORIENTED_EDGE ( 'NONE', *, *, #1840, .F. ) ;
#7667 = LINE ( 'NONE', #721, #10138 ) ;
#7668 = FACE_OUTER_BOUND ( 'NONE', #1734, .T. ) ;
#7669 = LINE ( 'NONE', #6749, #5311 ) ;
#7670 = ORIENTED_EDGE ( 'NONE', *, *, #11284, .T. ) ;
#7671 = FACE_BOUND ( 'NONE', #10558, .T. ) ;
#7672 = CARTESIAN_POINT ( 'NONE',  ( -0.3599999999990000088, -4.830679945108999895, 2.925000000000000266 ) ) ;
#7673 = LINE ( 'NONE', #11152, #8043 ) ;
#7674 = PLANE ( 'NONE',  #7375 ) ;
#7675 =( NAMED_UNIT ( * ) PLANE_ANGLE_UNIT ( ) SI_UNIT ( $, .RADIAN. ) );
#7676 = VERTEX_POINT ( 'NONE', #6976 ) ;
#7677 = CARTESIAN_POINT ( 'NONE',  ( 0.3499999999999999778, -4.830679945108999895, 4.924999999999999822 ) ) ;
#7678 = AXIS2_PLACEMENT_3D ( 'NONE', #8639, #10506, #6912 ) ;
#7679 = EDGE_LOOP ( 'NONE', ( #738, #8221, #2606, #10930 ) ) ;
#7680 = LINE ( 'NONE', #3314, #6413 ) ;
#7681 = ADVANCED_FACE ( 'NONE', ( #23 ), #8654, .F. ) ;
#7682 = VERTEX_POINT ( 'NONE', #5254 ) ;
#7683 = VERTEX_POINT ( 'NONE', #1587 ) ;
#7684 = ORIENTED_EDGE ( 'NONE', *, *, #5752, .T. ) ;
#7685 = CARTESIAN_POINT ( 'NONE',  ( 1.280000000000000027, -2.544188695136999634, 0.05000000000000000278 ) ) ;
#7686 = CARTESIAN_POINT ( 'NONE',  ( -1.280000000000000027, -8.294999999999999929, 3.749999999998999911 ) ) ;
#7687 = CARTESIAN_POINT ( 'NONE',  ( 8.916342335125998947E-31, -2.945000000000006501, 3.399999999999999911 ) ) ;
#7688 = CIRCLE ( 'NONE', #8237, 1.199999999998999867 ) ;
#7689 = DIRECTION ( 'NONE',  ( 0.000000000000000000, 1.000000000000000000, -2.167154562174000065E-16 ) ) ;
#7690 = ORIENTED_EDGE ( 'NONE', *, *, #7878, .T. ) ;
#7691 = LINE ( 'NONE', #10538, #9600 ) ;
#7692 = ORIENTED_EDGE ( 'NONE', *, *, #9793, .T. ) ;
#7693 = VERTEX_POINT ( 'NONE', #8758 ) ;
#7694 = CARTESIAN_POINT ( 'NONE',  ( -1.579999999998999982, 1.904999999999000382, -1.899999999998999822 ) ) ;
#7695 = EDGE_CURVE ( 'NONE', #3025, #8412, #1641, .T. ) ;
#7696 = EDGE_CURVE ( 'NONE', #3613, #9853, #2673, .T. ) ;
#7697 = ORIENTED_EDGE ( 'NONE', *, *, #3819, .F. ) ;
#7698 = ORIENTED_EDGE ( 'NONE', *, *, #2156, .F. ) ;
#7699 =( LENGTH_UNIT ( ) NAMED_UNIT ( * ) SI_UNIT ( .MILLI., .METRE. ) );
#7700 = VECTOR ( 'NONE', #5561, 1000.000000000000000 ) ;
#7701 = ORIENTED_EDGE ( 'NONE', *, *, #2080, .F. ) ;
#7702 = DIRECTION ( 'NONE',  ( 1.000000000000000000, 1.284980352574999780E-16, 0.000000000000000000 ) ) ;
#7703 = DIRECTION ( 'NONE',  ( 0.000000000000000000, 1.000000000000000000, 0.000000000000000000 ) ) ;
#7704 = CARTESIAN_POINT ( 'NONE',  ( -0.3499999999999999778, -8.830679945108999007, 5.125000000000000000 ) ) ;
#7705 = CARTESIAN_POINT ( 'NONE',  ( -1.579999999998999982, -7.687861050243999905, 2.627728180294000015 ) ) ;
#7706 = DIRECTION ( 'NONE',  ( 0.000000000000000000, 0.000000000000000000, 1.000000000000000000 ) ) ;
#7707 = ORIENTED_EDGE ( 'NONE', *, *, #2564, .F. ) ;
#7708 = CARTESIAN_POINT ( 'NONE',  ( 1.430000000000000160, -4.571077182464999389, 3.395675242495999946 ) ) ;
#7709 = VECTOR ( 'NONE', #8488, 1000.000000000000000 ) ;
#7710 = EDGE_CURVE ( 'NONE', #3546, #9457, #3532, .T. ) ;
#7711 = ADVANCED_FACE ( 'NONE', ( #5141 ), #9665, .T. ) ;
#7712 = DIRECTION ( 'NONE',  ( 1.807003620808999850E-16, 0.000000000000000000, -1.000000000000000000 ) ) ;
#7713 = LINE ( 'NONE', #11190, #11256 ) ;
#7714 = EDGE_LOOP ( 'NONE', ( #11232, #6023, #9091, #3343 ) ) ;
#7715 = FACE_OUTER_BOUND ( 'NONE', #9156, .T. ) ;
#7716 = DIRECTION ( 'NONE',  ( 0.000000000000000000, 1.000000000000000000, -2.168404344971000240E-16 ) ) ;
#7717 = VECTOR ( 'NONE', #9758, 1000.000000000000000 ) ;
#7718 = VECTOR ( 'NONE', #9642, 1000.000000000000000 ) ;
#7719 = FACE_OUTER_BOUND ( 'NONE', #11083, .T. ) ;
#7720 = EDGE_CURVE ( 'NONE', #11030, #6351, #791, .T. ) ;
#7721 = VECTOR ( 'NONE', #6806, 1000.000000000000000 ) ;
#7722 = CARTESIAN_POINT ( 'NONE',  ( -1.579999999998999982, -1.545811304863999647, 0.2999999999999999889 ) ) ;
#7723 = VECTOR ( 'NONE', #6357, 1000.000000000000000 ) ;
#7724 = ORIENTED_EDGE ( 'NONE', *, *, #2161, .T. ) ;
#7725 = CARTESIAN_POINT ( 'NONE',  ( -1.279999999998999716, 1.119999999999000240, -0.7048473225369999984 ) ) ;
#7726 = CARTESIAN_POINT ( 'NONE',  ( -1.280000000000000027, 2.385829949784000537, 4.134721410322000246 ) ) ;
#7727 = ADVANCED_FACE ( 'NONE', ( #10356 ), #1700, .F. ) ;
#7728 = VECTOR ( 'NONE', #6897, 1000.000000000000000 ) ;
#7729 = FACE_OUTER_BOUND ( 'NONE', #3838, .T. ) ;
#7730 = ORIENTED_EDGE ( 'NONE', *, *, #11124, .T. ) ;
#7731 = DIRECTION ( 'NONE',  ( 0.000000000000000000, 0.000000000000000000, 1.000000000000000000 ) ) ;
#7732 = LINE ( 'NONE', #4337, #2105 ) ;
#7733 = CARTESIAN_POINT ( 'NONE',  ( -1.430000000000000160, -4.571077182464999389, 5.654324757502999788 ) ) ;
#7734 = EDGE_CURVE ( 'NONE', #1260, #6675, #8815, .T. ) ;
#7735 = CARTESIAN_POINT ( 'NONE',  ( -1.580000000000000071, -4.337947837308999688, 2.719600141541999694 ) ) ;
#7736 = VECTOR ( 'NONE', #2844, 1000.000000000000000 ) ;
#7737 =( LENGTH_UNIT ( ) NAMED_UNIT ( * ) SI_UNIT ( .MILLI., .METRE. ) );
#7738 = ORIENTED_EDGE ( 'NONE', *, *, #398, .F. ) ;
#7739 = CARTESIAN_POINT ( 'NONE',  ( -0.3499999999989999999, -8.831833331044999014, 2.425086503945000249 ) ) ;
#7740 = EDGE_LOOP ( 'NONE', ( #8601, #2761, #2178, #4160 ) ) ;
#7741 = LINE ( 'NONE', #735, #4394 ) ;
#7742 = ORIENTED_EDGE ( 'NONE', *, *, #5836, .F. ) ;
#7743 = VECTOR ( 'NONE', #8941, 1000.000000000000000 ) ;
#7744 = ORIENTED_EDGE ( 'NONE', *, *, #9511, .T. ) ;
#7745 = ORIENTED_EDGE ( 'NONE', *, *, #3559, .F. ) ;
#7746 = CARTESIAN_POINT ( 'NONE',  ( 0.3800000000000000044, -9.694999999999998508, 7.799999999998999733 ) ) ;
#7747 = CARTESIAN_POINT ( 'NONE',  ( 1.280000000000000027, 3.704999999998999982, 0.2999999999999999889 ) ) ;
#7748 = CARTESIAN_POINT ( 'NONE',  ( 0.3499999999999999778, -4.830679945108999895, 4.424999999998999733 ) ) ;
#7749 = LINE ( 'NONE', #10421, #1855 ) ;
#7750 = VECTOR ( 'NONE', #7425, 1000.000000000000000 ) ;
#7751 = ORIENTED_EDGE ( 'NONE', *, *, #3576, .T. ) ;
#7752 = ORIENTED_EDGE ( 'NONE', *, *, #3973, .F. ) ;
#7753 = ORIENTED_EDGE ( 'NONE', *, *, #57, .T. ) ;
#7754 = FACE_OUTER_BOUND ( 'NONE', #9634, .T. ) ;
#7755 = ORIENTED_EDGE ( 'NONE', *, *, #1603, .F. ) ;
#7756 = ORIENTED_EDGE ( 'NONE', *, *, #6655, .T. ) ;
#7757 = ORIENTED_EDGE ( 'NONE', *, *, #5290, .T. ) ;
#7758 = VERTEX_POINT ( 'NONE', #3591 ) ;
#7759 = DIRECTION ( 'NONE',  ( 1.000000000000000000, 0.000000000000000000, 0.000000000000000000 ) ) ;
#7760 = CARTESIAN_POINT ( 'NONE',  ( 0.1000000000000000056, 0.7049999999990003152, -1.600000000000000089 ) ) ;
#7761 = DIRECTION ( 'NONE',  ( -1.000000000000000000, 1.284980352582123687E-16, 0.000000000000000000 ) ) ;
#7762 = FACE_OUTER_BOUND ( 'NONE', #6610, .T. ) ;
#7763 = DIRECTION ( 'NONE',  ( 1.000000000000000000, 1.239088197125999924E-16, 0.000000000000000000 ) ) ;
#7764 = EDGE_CURVE ( 'NONE', #1828, #6654, #82, .T. ) ;
#7765 = VERTEX_POINT ( 'NONE', #8707 ) ;
#7766 = DIRECTION ( 'NONE',  ( 1.393178489863000032E-31, -1.084202172484999957E-15, 1.000000000000000000 ) ) ;
#7767 = EDGE_LOOP ( 'NONE', ( #6084, #3695, #11017, #3515 ) ) ;
#7768 = LINE ( 'NONE', #8743, #6975 ) ;
#7769 = ORIENTED_EDGE ( 'NONE', *, *, #572, .T. ) ;
#7770 = VECTOR ( 'NONE', #10961, 1000.000000000000000 ) ;
#7771 = CARTESIAN_POINT ( 'NONE',  ( -1.580000000000000071, -8.040372661637999130, 2.599999999999000000 ) ) ;
#7772 = PLANE ( 'NONE',  #5050 ) ;
#7773 = DIRECTION ( 'NONE',  ( 0.000000000000000000, 1.000000000000000000, 0.000000000000000000 ) ) ;
#7774 = DIRECTION ( 'NONE',  ( 1.000000000000000000, 0.000000000000000000, 1.215473287538999910E-16 ) ) ;
#7775 = VECTOR ( 'NONE', #7031, 1000.000000000000000 ) ;
#7776 = VECTOR ( 'NONE', #7230, 1000.000000000000000 ) ;
#7777 = ADVANCED_FACE ( 'NONE', ( #11268 ), #11209, .F. ) ;
#7778 = EDGE_CURVE ( 'NONE', #7232, #3378, #2501, .T. ) ;
#7779 = AXIS2_PLACEMENT_3D ( 'NONE', #1162, #1912, #1968 ) ;
#7780 = VERTEX_POINT ( 'NONE', #10799 ) ;
#7781 = CARTESIAN_POINT ( 'NONE',  ( 1.257496438739000189, -3.894999999999999574, 8.000000000000000000 ) ) ;
#7782 = DIRECTION ( 'NONE',  ( 0.000000000000000000, 1.000000000000000000, 0.000000000000000000 ) ) ;
#7783 = EDGE_CURVE ( 'NONE', #4531, #9354, #3699, .T. ) ;
#7784 = DIRECTION ( 'NONE',  ( -1.000000000000000000, 0.000000000000000000, 1.215473287538999910E-16 ) ) ;
#7785 = ORIENTED_EDGE ( 'NONE', *, *, #10003, .T. ) ;
#7786 = CARTESIAN_POINT ( 'NONE',  ( -1.280000000000000027, -6.942054513798999515, 5.599999999998999556 ) ) ;
#7787 = LINE ( 'NONE', #11265, #8344 ) ;
#7788 = PRODUCT ( 'TYPE-C-6P-CC', 'TYPE-C-6P-CC', '', ( #7792 ) ) ;
#7790 = VECTOR ( 'NONE', #10250, 1000.000000000000000 ) ;
#7789 = CARTESIAN_POINT ( 'NONE',  ( -0.3499999999999999778, -8.830679945108999007, 6.424999999999999822 ) ) ;
#7791 = EDGE_CURVE ( 'NONE', #2355, #7683, #8984, .T. ) ;
#7792 = PRODUCT_CONTEXT ( 'NONE', #6992, 'mechanical' ) ;
#7793 = EDGE_CURVE ( 'NONE', #10440, #11162, #361, .T. ) ;
#7794 = ORIENTED_EDGE ( 'NONE', *, *, #1621, .T. ) ;
#7795 = VECTOR ( 'NONE', #7179, 1000.000000000000114 ) ;
#7796 = CARTESIAN_POINT ( 'NONE',  ( 0.3499999999989999999, -5.330679945108999007, 3.124999999998999911 ) ) ;
#7797 = EDGE_CURVE ( 'NONE', #9853, #1290, #169, .T. ) ;
#7798 = ORIENTED_EDGE ( 'NONE', *, *, #4263, .T. ) ;
#7799 = DIRECTION ( 'NONE',  ( 0.000000000000000000, -1.000000000000000000, 0.000000000000000000 ) ) ;
#7800 = VECTOR ( 'NONE', #11025, 1000.000000000000000 ) ;
#7801 = ORIENTED_EDGE ( 'NONE', *, *, #8251, .T. ) ;
#7802 = ORIENTED_EDGE ( 'NONE', *, *, #3651, .T. ) ;
#7803 = DIRECTION ( 'NONE',  ( 0.000000000000000000, -7.223848540581000097E-16, -1.000000000000000000 ) ) ;
#7804 = CARTESIAN_POINT ( 'NONE',  ( -0.3499999999989999999, -2.944999999999999840, -6.324512672832001141E-17 ) ) ;
#7805 = DIRECTION ( 'NONE',  ( -1.215473287538999910E-16, 0.000000000000000000, 1.000000000000000000 ) ) ;
#7806 = LINE ( 'NONE', #2567, #3683 ) ;
#7807 = VECTOR ( 'NONE', #4080, 1000.000000000000000 ) ;
#7808 = AXIS2_PLACEMENT_3D ( 'NONE', #9816, #7302, #7519 ) ;
#7809 = EDGE_CURVE ( 'NONE', #8536, #6159, #8070, .T. ) ;
#7810 = ORIENTED_EDGE ( 'NONE', *, *, #6615, .T. ) ;
#7811 = EDGE_CURVE ( 'NONE', #7683, #2115, #6346, .T. ) ;
#7812 = FACE_BOUND ( 'NONE', #4244, .T. ) ;
#7813 = ORIENTED_EDGE ( 'NONE', *, *, #6445, .T. ) ;
#7814 = DIRECTION ( 'NONE',  ( -1.000000000000000000, 0.000000000000000000, 0.000000000000000000 ) ) ;
#7815 = VERTEX_POINT ( 'NONE', #5426 ) ;
#7816 = VERTEX_POINT ( 'NONE', #4561 ) ;
#7817 = ORIENTED_EDGE ( 'NONE', *, *, #7842, .T. ) ;
#7818 = VECTOR ( 'NONE', #264, 1000.000000000000114 ) ;
#7819 = ORIENTED_EDGE ( 'NONE', *, *, #9031, .F. ) ;
#7820 = CARTESIAN_POINT ( 'NONE',  ( -0.3600000000000000422, -4.830679945108999895, 3.625000000000000000 ) ) ;
#7821 = CARTESIAN_POINT ( 'NONE',  ( -0.3599999999990000088, -5.330679945108999007, 1.624999999998999911 ) ) ;
#7822 = DIRECTION ( 'NONE',  ( -1.807003620808999850E-16, 0.000000000000000000, 1.000000000000000000 ) ) ;
#7823 = LINE ( 'NONE', #650, #8787 ) ;
#7824 = DIRECTION ( 'NONE',  ( 1.000000000000000000, 0.000000000000000000, 0.000000000000000000 ) ) ;
#7825 = EDGE_LOOP ( 'NONE', ( #2467, #2295, #1967, #6438 ) ) ;
#7826 = LINE ( 'NONE', #4264, #5005 ) ;
#7827 = MANIFOLD_SOLID_BREP ( 'NONE', #8628 ) ;
#7828 = VERTEX_POINT ( 'NONE', #6460 ) ;
#7829 = PLANE ( 'NONE',  #1845 ) ;
#7830 = ORIENTED_EDGE ( 'NONE', *, *, #2108, .F. ) ;
#7831 = EDGE_CURVE ( 'NONE', #1856, #10179, #253, .T. ) ;
#7832 = CARTESIAN_POINT ( 'NONE',  ( 0.3600000000000000422, -9.330679945108999007, 7.125000000000000000 ) ) ;
#7833 = DIRECTION ( 'NONE',  ( 1.284980352574999780E-16, -1.000000000000000000, 0.000000000000000000 ) ) ;
#7834 = DIRECTION ( 'NONE',  ( -1.000000000000000000, 0.000000000000000000, 1.215473287538999910E-16 ) ) ;
#7835 = CARTESIAN_POINT ( 'NONE',  ( 1.280000000000000027, -3.594999999999999751, 0.4000000000000000222 ) ) ;
#7836 = ORIENTED_EDGE ( 'NONE', *, *, #4049, .F. ) ;
#7837 = PLANE ( 'NONE',  #991 ) ;
#7838 = DIRECTION ( 'NONE',  ( 0.000000000000000000, 0.000000000000000000, 1.000000000000000000 ) ) ;
#7839 = CARTESIAN_POINT ( 'NONE',  ( 1.280000000000000027, -8.294999999999999929, 3.749999999998999911 ) ) ;
#7840 = ORIENTED_EDGE ( 'NONE', *, *, #533, .T. ) ;
#7841 = EDGE_CURVE ( 'NONE', #4007, #2455, #5591, .T. ) ;
#7842 = EDGE_CURVE ( 'NONE', #2453, #2861, #8071, .T. ) ;
#7843 = DIRECTION ( 'NONE',  ( 0.000000000000000000, 1.000000000000000000, 0.000000000000000000 ) ) ;
#7844 = LINE ( 'NONE', #10517, #454 ) ;
#7845 = FACE_OUTER_BOUND ( 'NONE', #10124, .T. ) ;
#7846 = AXIS2_PLACEMENT_3D ( 'NONE', #2221, #7505, #10072 ) ;
#7847 = FACE_BOUND ( 'NONE', #11303, .T. ) ;
#7848 = ADVANCED_FACE ( 'NONE', ( #6283 ), #8236, .F. ) ;
#7849 = ORIENTED_EDGE ( 'NONE', *, *, #6507, .T. ) ;
#7850 = CARTESIAN_POINT ( 'NONE',  ( 0.3599999999990000088, -8.830679945108999007, 2.625000000000000000 ) ) ;
#7851 = EDGE_LOOP ( 'NONE', ( #6013, #1597, #1069, #2820 ) ) ;
#7852 = DIRECTION ( 'NONE',  ( 1.000000000000000000, 1.284980352574999780E-16, 0.000000000000000000 ) ) ;
#7853 = ORIENTED_EDGE ( 'NONE', *, *, #10358, .F. ) ;
#7854 = EDGE_CURVE ( 'NONE', #9204, #2000, #9779, .T. ) ;
#7855 = ORIENTED_EDGE ( 'NONE', *, *, #2432, .F. ) ;
#7856 = CARTESIAN_POINT ( 'NONE',  ( 0.3499999999989999999, -8.830679945108999007, 2.625000000000000000 ) ) ;
#7857 = DIRECTION ( 'NONE',  ( -1.000000000000000000, 1.284980352574999780E-16, 0.000000000000000000 ) ) ;
#7858 = EDGE_CURVE ( 'NONE', #6639, #8487, #3642, .T. ) ;
#7859 = DIRECTION ( 'NONE',  ( 0.000000000000000000, 0.000000000000000000, -1.000000000000000000 ) ) ;
#7860 = VECTOR ( 'NONE', #5707, 1000.000000000000000 ) ;
#7861 = ORIENTED_EDGE ( 'NONE', *, *, #9381, .F. ) ;
#7862 = PRESENTATION_STYLE_ASSIGNMENT (( #3327 ) ) ;
#7863 = CARTESIAN_POINT ( 'NONE',  ( -1.579999999998999982, -1.983341451230999697, 4.776807376878000611 ) ) ;
#7864 = ORIENTED_EDGE ( 'NONE', *, *, #10422, .T. ) ;
#7865 = CARTESIAN_POINT ( 'NONE',  ( 0.3800000000000000044, -9.694999999999998508, 8.849999999998999556 ) ) ;
#7866 = VERTEX_POINT ( 'NONE', #2842 ) ;
#7867 = ORIENTED_EDGE ( 'NONE', *, *, #3897, .F. ) ;
#7868 = ORIENTED_EDGE ( 'NONE', *, *, #4673, .F. ) ;
#7869 = CARTESIAN_POINT ( 'NONE',  ( -1.280000000000000027, -8.294999999999999929, 2.249999999998999911 ) ) ;
#7870 = ORIENTED_EDGE ( 'NONE', *, *, #5605, .T. ) ;
#7871 = DIRECTION ( 'NONE',  ( 1.000000000000000000, 0.000000000000000000, 0.000000000000000000 ) ) ;
#7873 = CARTESIAN_POINT ( 'NONE',  ( 1.280000000000000027, -5.910051363132999391, 3.399999999998999822 ) ) ;
#7872 = VECTOR ( 'NONE', #10725, 1000.000000000000000 ) ;
#7874 = EDGE_CURVE ( 'NONE', #5852, #4252, #9835, .T. ) ;
#7875 = AXIS2_PLACEMENT_3D ( 'NONE', #9630, #1772, #7978 ) ;
#7876 = PLANE ( 'NONE',  #8084 ) ;
#7877 = CARTESIAN_POINT ( 'NONE',  ( 0.1000000000000000056, 2.304999999999000515, 0.000000000000000000 ) ) ;
#7878 = EDGE_CURVE ( 'NONE', #10948, #4879, #10914, .T. ) ;
#7879 = LINE ( 'NONE', #4260, #6236 ) ;
#7880 = VERTEX_POINT ( 'NONE', #4897 ) ;
#7881 = PLANE ( 'NONE',  #5728 ) ;
#7882 = ORIENTED_EDGE ( 'NONE', *, *, #3711, .T. ) ;
#7883 = LINE ( 'NONE', #10336, #6797 ) ;
#7884 = ORIENTED_EDGE ( 'NONE', *, *, #8145, .T. ) ;
#7885 = DIRECTION ( 'NONE',  ( 0.000000000000000000, 1.084202172487689973E-15, -1.000000000000000000 ) ) ;
#7886 = CARTESIAN_POINT ( 'NONE',  ( -0.3599999999990000088, -5.330679945108999007, 1.924999999998999956 ) ) ;
#7887 = LINE ( 'NONE', #10, #4915 ) ;
#7888 = CARTESIAN_POINT ( 'NONE',  ( 0.3499999999999999778, -8.830679945108999007, 6.924999999999999822 ) ) ;
#7889 = VECTOR ( 'NONE', #8825, 1000.000000000000000 ) ;
#7890 = EDGE_CURVE ( 'NONE', #6285, #1086, #7546, .T. ) ;
#7891 = ORIENTED_EDGE ( 'NONE', *, *, #6043, .T. ) ;
#7892 = DIRECTION ( 'NONE',  ( 0.4361276865241069944, -0.8956542399572199331, -0.08715574274702139745 ) ) ;
#7893 = LINE ( 'NONE', #1061, #10473 ) ;
#7894 = DIRECTION ( 'NONE',  ( -1.215473287538999910E-16, 0.000000000000000000, 1.000000000000000000 ) ) ;
#7895 = EDGE_LOOP ( 'NONE', ( #6142, #7541, #41, #3888, #1493, #343, #3288, #7175, #10132, #5235, #2572, #7482, #1318, #8775, #821, #8820, #2694, #8095, #3870, #10160, #2979, #1440, #3073, #5557, #4342, #4745, #1134, #1462, #9473, #6718, #5469, #599, #7738, #620, #1741, #2042, #20, #2680, #4130 ) ) ;
#7896 = CARTESIAN_POINT ( 'NONE',  ( 1.080000000000000071, 3.504999999999000249, 8.000000000000000000 ) ) ;
#7897 = CARTESIAN_POINT ( 'NONE',  ( -0.3499999999999999778, -9.395000000000001350, 7.870000000000000107 ) ) ;
#7898 = AXIS2_PLACEMENT_3D ( 'NONE', #1227, #186, #10745 ) ;
#7899 = CARTESIAN_POINT ( 'NONE',  ( -0.3499999999999999778, -4.830679945108999895, 6.625000000000000000 ) ) ;
#7900 = LINE ( 'NONE', #3473, #9724 ) ;
#7901 = VECTOR ( 'NONE', #927, 1000.000000000000000 ) ;
#7902 = EDGE_CURVE ( 'NONE', #7073, #4979, #1336, .T. ) ;
#7903 = STYLED_ITEM ( 'NONE', ( #11233 ), #4032 ) ;
#7904 = ORIENTED_EDGE ( 'NONE', *, *, #10791, .T. ) ;
#7905 = CARTESIAN_POINT ( 'NONE',  ( -0.3499999999989999999, -5.330679945108999007, 3.124999999998999911 ) ) ;
#7906 = ORIENTED_EDGE ( 'NONE', *, *, #4573, .F. ) ;
#7907 = DIRECTION ( 'NONE',  ( -1.807003620808999850E-16, 0.000000000000000000, 1.000000000000000000 ) ) ;
#7908 = ORIENTED_EDGE ( 'NONE', *, *, #9878, .T. ) ;
#7909 = ORIENTED_EDGE ( 'NONE', *, *, #1604, .T. ) ;
#7910 = DIRECTION ( 'NONE',  ( 0.000000000000000000, 1.000000000000000000, 0.000000000000000000 ) ) ;
#7911 = AXIS2_PLACEMENT_3D ( 'NONE', #3137, #6534, #380 ) ;
#7912 = VECTOR ( 'NONE', #6520, 1000.000000000000000 ) ;
#7913 = VECTOR ( 'NONE', #2752, 1000.000000000000000 ) ;
#7914 = CARTESIAN_POINT ( 'NONE',  ( -0.3600000000000000422, -4.830679945108999895, 6.125000000000000000 ) ) ;
#7915 = DIRECTION ( 'NONE',  ( -1.000000000000000000, 0.000000000000000000, 1.215473287538999910E-16 ) ) ;
#7916 = EDGE_CURVE ( 'NONE', #1903, #7177, #5645, .T. ) ;
#7917 = MANIFOLD_SOLID_BREP ( 'NONE', #3295 ) ;
#7918 = ADVANCED_FACE ( 'NONE', ( #6686 ), #421, .F. ) ;
#7919 = VERTEX_POINT ( 'NONE', #8352 ) ;
#7920 = CARTESIAN_POINT ( 'NONE',  ( -0.3600000000000000422, -9.330679945108999007, 5.924999999999999822 ) ) ;
#7921 = VECTOR ( 'NONE', #4177, 1000.000000000000000 ) ;
#7922 = FACE_BOUND ( 'NONE', #2239, .T. ) ;
#7923 = ORIENTED_EDGE ( 'NONE', *, *, #3819, .T. ) ;
#7924 = PLANE ( 'NONE',  #8517 ) ;
#7925 = ORIENTED_EDGE ( 'NONE', *, *, #1911, .T. ) ;
#7926 = EDGE_CURVE ( 'NONE', #8939, #10151, #2318, .T. ) ;
#7927 = VERTEX_POINT ( 'NONE', #6569 ) ;
#7928 = EDGE_LOOP ( 'NONE', ( #2498, #9401, #10320, #2710 ) ) ;
#7929 = CARTESIAN_POINT ( 'NONE',  ( 0.3499999999999999778, -9.330679945108999007, 1.925000000000000044 ) ) ;
#7930 = CARTESIAN_POINT ( 'NONE',  ( -0.09999999999899999992, -2.944999999999999840, 0.000000000000000000 ) ) ;
#7931 = VERTEX_POINT ( 'NONE', #4154 ) ;
#7932 = CARTESIAN_POINT ( 'NONE',  ( 1.579999999998999982, 1.555811304863000011, 0.2999999999999999889 ) ) ;
#7933 = DIRECTION ( 'NONE',  ( 1.000000000000000000, 0.000000000000000000, 1.270804703590999957E-32 ) ) ;
#7934 = DIRECTION ( 'NONE',  ( -1.889516252618999683E-47, 1.000000000000000000, 1.084202172484999957E-15 ) ) ;
#7935 = DIRECTION ( 'NONE',  ( -0.4361276865241069944, 0.8956542399572199331, -0.08715574274702139745 ) ) ;
#7936 = LINE ( 'NONE', #11352, #187 ) ;
#7937 = VECTOR ( 'NONE', #11077, 1000.000000000000000 ) ;
#7938 = EDGE_CURVE ( 'NONE', #10878, #8826, #10963, .T. ) ;
#7939 = EDGE_LOOP ( 'NONE', ( #3030, #8744, #9650, #8113 ) ) ;
#7940 = CARTESIAN_POINT ( 'NONE',  ( -0.3799999999990000266, -9.544999999998998064, 1.249999999998999911 ) ) ;
#7941 = EDGE_CURVE ( 'NONE', #2560, #10709, #4029, .T. ) ;
#7942 = VERTEX_POINT ( 'NONE', #602 ) ;
#7943 = LINE ( 'NONE', #6327, #5334 ) ;
#7944 = ORIENTED_EDGE ( 'NONE', *, *, #8549, .F. ) ;
#7945 = FACE_BOUND ( 'NONE', #9684, .T. ) ;
#7946 = DIRECTION ( 'NONE',  ( 0.000000000000000000, 0.000000000000000000, 1.000000000000000000 ) ) ;
#7947 = CARTESIAN_POINT ( 'NONE',  ( 1.769807453913999851, -7.947948283939999747, 6.399999999999000266 ) ) ;
#7948 = ADVANCED_FACE ( 'NONE', ( #5821 ), #4954, .T. ) ;
#7949 = VERTEX_POINT ( 'NONE', #4094 ) ;
#7950 = CARTESIAN_POINT ( 'NONE',  ( -0.3600000000000000422, -4.830679945108999895, 6.424999999999999822 ) ) ;
#7951 = CARTESIAN_POINT ( 'NONE',  ( 0.3499999999989999999, -5.330679945108999007, 3.124999999998999911 ) ) ;
#7952 = CARTESIAN_POINT ( 'NONE',  ( 0.000000000000000000, 1.304999999999000515, -1.600000000000000089 ) ) ;
#7953 = ORIENTED_EDGE ( 'NONE', *, *, #3749, .T. ) ;
#7954 = CARTESIAN_POINT ( 'NONE',  ( 0.3599999999990000088, -4.829526559172999889, 2.124913496054000372 ) ) ;
#7955 = CARTESIAN_POINT ( 'NONE',  ( -1.080000000000000071, 3.504999999999000249, 4.134721410322000246 ) ) ;
#7956 = VECTOR ( 'NONE', #8398, 1000.000000000000000 ) ;
#7957 = DIRECTION ( 'NONE',  ( -1.000000000000000000, 1.284980352574999780E-16, 0.000000000000000000 ) ) ;
#7958 = MANIFOLD_SOLID_BREP ( 'NONE', #1108 ) ;
#7959 = LINE ( 'NONE', #7039, #6803 ) ;
#7960 = VECTOR ( 'NONE', #6059, 1000.000000000000000 ) ;
#7961 = VECTOR ( 'NONE', #216, 1000.000000000000000 ) ;
#7962 = ORIENTED_EDGE ( 'NONE', *, *, #8476, .T. ) ;
#7963 = VECTOR ( 'NONE', #42, 1000.000000000000000 ) ;
#7964 = CARTESIAN_POINT ( 'NONE',  ( 8.916342335125998947E-31, -2.945000000000006501, 6.400000000000000355 ) ) ;
#7965 = VERTEX_POINT ( 'NONE', #3351 ) ;
#7966 = PLANE ( 'NONE',  #8436 ) ;
#7967 = ORIENTED_EDGE ( 'NONE', *, *, #8395, .T. ) ;
#7968 = VECTOR ( 'NONE', #11071, 1000.000000000000000 ) ;
#7969 = ORIENTED_EDGE ( 'NONE', *, *, #1735, .T. ) ;
#7970 = CARTESIAN_POINT ( 'NONE',  ( 0.3599999999990000088, -5.330679945108999007, 1.624999999998999911 ) ) ;
#7971 = EDGE_CURVE ( 'NONE', #10834, #7828, #1515, .T. ) ;
#7972 = PLANE ( 'NONE',  #8108 ) ;
#7973 = FACE_OUTER_BOUND ( 'NONE', #9925, .T. ) ;
#7974 = VECTOR ( 'NONE', #10221, 1000.000000000000000 ) ;
#7975 = VECTOR ( 'NONE', #6519, 1000.000000000000000 ) ;
#7976 = EDGE_LOOP ( 'NONE', ( #8903, #2408, #10947, #11275 ) ) ;
#7977 = DIRECTION ( 'NONE',  ( 0.000000000000000000, 0.3420201433253704515, -0.9396926207860168967 ) ) ;
#7978 = DIRECTION ( 'NONE',  ( 1.000000000000000000, 0.000000000000000000, 0.000000000000000000 ) ) ;
#7979 = ORIENTED_EDGE ( 'NONE', *, *, #4500, .F. ) ;
#7980 = LINE ( 'NONE', #8779, #2081 ) ;
#7981 = ORIENTED_EDGE ( 'NONE', *, *, #6598, .T. ) ;
#7982 = VERTEX_POINT ( 'NONE', #1689 ) ;
#7983 = VERTEX_POINT ( 'NONE', #4207 ) ;
#7984 = DIRECTION ( 'NONE',  ( 0.000000000000000000, 1.000000000000000000, 0.000000000000000000 ) ) ;
#7985 = PLANE ( 'NONE',  #9915 ) ;
#7986 = ORIENTED_EDGE ( 'NONE', *, *, #3991, .T. ) ;
#7987 = EDGE_CURVE ( 'NONE', #7034, #4723, #4328, .T. ) ;
#7988 = LINE ( 'NONE', #4587, #2102 ) ;
#7989 = EDGE_CURVE ( 'NONE', #8146, #11113, #829, .T. ) ;
#7990 = DIRECTION ( 'NONE',  ( -1.000000000000000000, 0.000000000000000000, 1.215473287538999910E-16 ) ) ;
#7991 = AXIS2_PLACEMENT_3D ( 'NONE', #9876, #1793, #5462 ) ;
#7992 = LINE ( 'NONE', #9695, #9715 ) ;
#7993 = DIRECTION ( 'NONE',  ( 0.000000000000000000, 1.000000000000000000, 0.000000000000000000 ) ) ;
#7994 = CARTESIAN_POINT ( 'NONE',  ( 1.430000000000000160, -4.571077182464999389, 2.719600141541999694 ) ) ;
#7995 = EDGE_CURVE ( 'NONE', #2825, #9897, #6051, .T. ) ;
#7996 = VERTEX_POINT ( 'NONE', #3410 ) ;
#7997 = LINE ( 'NONE', #11301, #2067 ) ;
#7998 = VECTOR ( 'NONE', #7292, 1000.000000000000000 ) ;
#7999 = ORIENTED_EDGE ( 'NONE', *, *, #5592, .T. ) ;
#8000 = FACE_OUTER_BOUND ( 'NONE', #4073, .T. ) ;
#8001 = ORIENTED_EDGE ( 'NONE', *, *, #6454, .F. ) ;
#8002 = DIRECTION ( 'NONE',  ( 1.807003620808999850E-16, 0.000000000000000000, 1.000000000000000000 ) ) ;
#8003 = EDGE_CURVE ( 'NONE', #11162, #7629, #2659, .T. ) ;
#8004 = DIRECTION ( 'NONE',  ( -1.000000000000000000, 1.510487145370000116E-46, -1.393178489863000032E-31 ) ) ;
#8005 =( NAMED_UNIT ( * ) PLANE_ANGLE_UNIT ( ) SI_UNIT ( $, .RADIAN. ) );
#8006 = PLANE ( 'NONE',  #6075 ) ;
#8007 = EDGE_CURVE ( 'NONE', #1315, #5388, #11196, .T. ) ;
#8008 = EDGE_LOOP ( 'NONE', ( #11004, #1319, #10895, #1071 ) ) ;
#8009 = CARTESIAN_POINT ( 'NONE',  ( 0.3600000000000000422, -8.830679945108999007, 4.424999999998999733 ) ) ;
#8010 = CARTESIAN_POINT ( 'NONE',  ( 1.580000000000000071, -5.910051363132999391, 6.399999999999000266 ) ) ;
#8011 = LINE ( 'NONE', #5360, #5514 ) ;
#8012 = ORIENTED_EDGE ( 'NONE', *, *, #2079, .F. ) ;
#8013 = FACE_OUTER_BOUND ( 'NONE', #7023, .T. ) ;
#8014 = CARTESIAN_POINT ( 'NONE',  ( 1.579999999998999982, -1.983341451230999697, 4.273192623120999123 ) ) ;
#8015 = CARTESIAN_POINT ( 'NONE',  ( 1.430000000000000160, -4.337947837308999688, 3.395675242495999946 ) ) ;
#8016 = ADVANCED_FACE ( 'NONE', ( #7719 ), #10342, .T. ) ;
#8017 = DIRECTION ( 'NONE',  ( 0.000000000000000000, 0.000000000000000000, -1.000000000000000000 ) ) ;
#8018 = EDGE_CURVE ( 'NONE', #5051, #7758, #3291, .T. ) ;
#8019 = EDGE_LOOP ( 'NONE', ( #2314, #8503, #8658, #7798 ) ) ;
#8020 = FACE_OUTER_BOUND ( 'NONE', #6209, .T. ) ;
#8021 = ORIENTED_EDGE ( 'NONE', *, *, #43, .T. ) ;
#8022 = FACE_OUTER_BOUND ( 'NONE', #6308, .T. ) ;
#8023 = ORIENTED_EDGE ( 'NONE', *, *, #10520, .T. ) ;
#8024 = LINE ( 'NONE', #1936, #6165 ) ;
#8025 = CARTESIAN_POINT ( 'NONE',  ( -0.3600000000000000422, -8.830679945108999007, 5.125000000000000000 ) ) ;
#8026 = DIRECTION ( 'NONE',  ( 1.299091332659999954E-16, 1.000000000000000000, 0.000000000000000000 ) ) ;
#8027 = ORIENTED_EDGE ( 'NONE', *, *, #7831, .T. ) ;
#8028 = EDGE_CURVE ( 'NONE', #3265, #10078, #10284, .T. ) ;
#8029 = LINE ( 'NONE', #323, #3371 ) ;
#8030 = LINE ( 'NONE', #4408, #10621 ) ;
#8031 = ORIENTED_EDGE ( 'NONE', *, *, #3368, .F. ) ;
#8032 = CARTESIAN_POINT ( 'NONE',  ( 0.1000000000000000056, 2.704999999998999982, -1.600000000000000089 ) ) ;
#8033 = EDGE_LOOP ( 'NONE', ( #6636, #4806, #3817, #381 ) ) ;
#8034 = EDGE_LOOP ( 'NONE', ( #2266, #2877, #11131, #2963 ) ) ;
#8035 = ORIENTED_EDGE ( 'NONE', *, *, #4208, .F. ) ;
#8036 = LINE ( 'NONE', #157, #1214 ) ;
#8037 = DIRECTION ( 'NONE',  ( 0.000000000000000000, 2.168404344971000240E-16, -1.000000000000000000 ) ) ;
#8038 = VERTEX_POINT ( 'NONE', #8748 ) ;
#8039 = DIRECTION ( 'NONE',  ( 0.7071067811865474617, 0.7071067811865474617, 0.000000000000000000 ) ) ;
#8040 = DIRECTION ( 'NONE',  ( 0.4361276865241069944, -0.8956542399572199331, -0.08715574274702139745 ) ) ;
#8041 = DIRECTION ( 'NONE',  ( 0.000000000000000000, 1.000000000000000000, 0.000000000000000000 ) ) ;
#8042 = DIRECTION ( 'NONE',  ( 0.000000000000000000, -1.000000000000000000, 1.025596649647999987E-16 ) ) ;
#8043 = VECTOR ( 'NONE', #9068, 1000.000000000000000 ) ;
#8044 = DIRECTION ( 'NONE',  ( 0.000000000000000000, 0.000000000000000000, 1.000000000000000000 ) ) ;
#8045 = ORIENTED_EDGE ( 'NONE', *, *, #9670, .F. ) ;
#8046 = EDGE_CURVE ( 'NONE', #2683, #9204, #7887, .T. ) ;
#8047 = CARTESIAN_POINT ( 'NONE',  ( -1.280000000000000027, -2.544188695136999634, 0.05000000000000000278 ) ) ;
#8048 = EDGE_CURVE ( 'NONE', #8864, #9565, #883, .T. ) ;
#8049 = ORIENTED_EDGE ( 'NONE', *, *, #2504, .T. ) ;
#8050 = VECTOR ( 'NONE', #8933, 1000.000000000000000 ) ;
#8051 = ORIENTED_EDGE ( 'NONE', *, *, #3157, .F. ) ;
#8052 = LINE ( 'NONE', #8966, #8100 ) ;
#8053 = VERTEX_POINT ( 'NONE', #5995 ) ;
#8054 = EDGE_CURVE ( 'NONE', #10032, #4805, #3521, .T. ) ;
#8055 = CARTESIAN_POINT ( 'NONE',  ( 1.580000000000000071, -8.294999999999999929, 6.749999999998999911 ) ) ;
#8056 = DIRECTION ( 'NONE',  ( -0.8990754936489593341, 0.4377936234344672051, 4.746567976289071596E-16 ) ) ;
#8057 = LINE ( 'NONE', #7258, #4927 ) ;
#8058 = DIRECTION ( 'NONE',  ( 0.000000000000000000, 0.000000000000000000, -1.000000000000000000 ) ) ;
#8059 = ADVANCED_FACE ( 'NONE', ( #7026 ), #1575, .F. ) ;
#8060 = DIRECTION ( 'NONE',  ( -1.807003620808999850E-16, 0.000000000000000000, 1.000000000000000000 ) ) ;
#8061 = EDGE_CURVE ( 'NONE', #6769, #6595, #10396, .T. ) ;
#8062 = EDGE_LOOP ( 'NONE', ( #8302, #4977, #10006, #3659 ) ) ;
#8063 = CARTESIAN_POINT ( 'NONE',  ( -1.279999999998999716, 1.904999999999000382, -1.899999999998999822 ) ) ;
#8064 = CARTESIAN_POINT ( 'NONE',  ( 1.580000000000000071, -9.694999999999998508, 1.249999999998999911 ) ) ;
#8065 = FACE_OUTER_BOUND ( 'NONE', #7647, .T. ) ;
#8066 = EDGE_LOOP ( 'NONE', ( #7627, #1660, #4876, #3229 ) ) ;
#8067 = EDGE_CURVE ( 'NONE', #4444, #9304, #1795, .T. ) ;
#8068 = LINE ( 'NONE', #10797, #3003 ) ;
#8069 = LINE ( 'NONE', #10798, #1928 ) ;
#8070 = CIRCLE ( 'NONE', #143, 0.09999999999900002767 ) ;
#8071 = LINE ( 'NONE', #10634, #1807 ) ;
#8072 = DIRECTION ( 'NONE',  ( -1.000000000000000000, 1.284980352574999780E-16, 0.000000000000000000 ) ) ;
#8073 = EDGE_CURVE ( 'NONE', #7683, #8080, #2726, .T. ) ;
#8074 = ORIENTED_EDGE ( 'NONE', *, *, #2814, .F. ) ;
#8075 = LINE ( 'NONE', #2730, #4243 ) ;
#8076 = AXIS2_PLACEMENT_3D ( 'NONE', #2734, #960, #7103 ) ;
#8077 = EDGE_CURVE ( 'NONE', #64, #8671, #8970, .T. ) ;
#8078 = VERTEX_POINT ( 'NONE', #5521 ) ;
#8079 = DIRECTION ( 'NONE',  ( 1.000000000000000000, 1.284980352574999780E-16, 0.000000000000000000 ) ) ;
#8080 = VERTEX_POINT ( 'NONE', #9706 ) ;
#8081 = EDGE_CURVE ( 'NONE', #961, #10440, #6333, .T. ) ;
#8082 = CARTESIAN_POINT ( 'NONE',  ( 1.080000000000000071, 3.804999999999000071, 4.134721410322000246 ) ) ;
#8083 = VECTOR ( 'NONE', #7763, 1000.000000000000000 ) ;
#8085 = CARTESIAN_POINT ( 'NONE',  ( 1.279999999998999716, -1.545811304863999647, 0.05000000000000000278 ) ) ;
#8084 = AXIS2_PLACEMENT_3D ( 'NONE', #9420, #6902, #1563 ) ;
#8086 = AXIS2_PLACEMENT_3D ( 'NONE', #8413, #7554, #5136 ) ;
#8087 = DIRECTION ( 'NONE',  ( 0.000000000000000000, 0.000000000000000000, -1.000000000000000000 ) ) ;
#8088 = MANIFOLD_SOLID_BREP ( 'NONE', #6401 ) ;
#8089 = VERTEX_POINT ( 'NONE', #3631 ) ;
#8090 = LINE ( 'NONE', #9906, #10692 ) ;
#8091 = DIRECTION ( 'NONE',  ( 0.000000000000000000, 0.000000000000000000, -1.000000000000000000 ) ) ;
#8092 = ORIENTED_EDGE ( 'NONE', *, *, #2570, .F. ) ;
#8093 = LINE ( 'NONE', #9167, #10874 ) ;
#8094 = AXIS2_PLACEMENT_3D ( 'NONE', #7561, #10068, #11040 ) ;
#8095 = ORIENTED_EDGE ( 'NONE', *, *, #6029, .T. ) ;
#8096 = VECTOR ( 'NONE', #4666, 1000.000000000000000 ) ;
#8097 = ORIENTED_EDGE ( 'NONE', *, *, #8575, .F. ) ;
#8098 = EDGE_LOOP ( 'NONE', ( #2096, #7398, #10866, #10413, #3021, #8311 ) ) ;
#8099 = LINE ( 'NONE', #221, #5425 ) ;
#8100 = VECTOR ( 'NONE', #2933, 1000.000000000000000 ) ;
#8101 = CARTESIAN_POINT ( 'NONE',  ( -0.3499999999989999999, -5.330679945108999007, 3.424999999999000178 ) ) ;
#8102 = CARTESIAN_POINT ( 'NONE',  ( 1.280000000000000027, -3.894999999999999574, 1.249999999998999911 ) ) ;
#8103 = FACE_OUTER_BOUND ( 'NONE', #4762, .T. ) ;
#8104 = CARTESIAN_POINT ( 'NONE',  ( -0.3499999999989999999, -2.944999999999999840, 0.000000000000000000 ) ) ;
#8105 = LINE ( 'NONE', #6150, #8417 ) ;
#8106 = FACE_OUTER_BOUND ( 'NONE', #9322, .T. ) ;
#8107 = VECTOR ( 'NONE', #6350, 1000.000000000000000 ) ;
#8108 = AXIS2_PLACEMENT_3D ( 'NONE', #95, #6295, #3603 ) ;
#8109 = ORIENTED_EDGE ( 'NONE', *, *, #5269, .T. ) ;
#8110 = DIRECTION ( 'NONE',  ( 1.000000000000000000, 0.000000000000000000, 0.000000000000000000 ) ) ;
#8111 = EDGE_LOOP ( 'NONE', ( #2242, #7742, #3873, #2852 ) ) ;
#8112 = ORIENTED_EDGE ( 'NONE', *, *, #2200, .F. ) ;
#8113 = ORIENTED_EDGE ( 'NONE', *, *, #2783, .T. ) ;
#8114 = CARTESIAN_POINT ( 'NONE',  ( 1.580000000000000071, -8.294999999999999929, 5.599999999998999556 ) ) ;
#8115 = ORIENTED_EDGE ( 'NONE', *, *, #7621, .T. ) ;
#8116 = CARTESIAN_POINT ( 'NONE',  ( 0.3499999999999999778, -8.830679945108999007, 4.924999999999999822 ) ) ;
#8117 = LINE ( 'NONE', #10617, #8355 ) ;
#8118 = AXIS2_PLACEMENT_3D ( 'NONE', #8752, #784, #5081 ) ;
#8119 = EDGE_CURVE ( 'NONE', #1087, #7411, #7136, .T. ) ;
#8120 = DIRECTION ( 'NONE',  ( -0.000000000000000000, 1.000000000000000000, 0.000000000000000000 ) ) ;
#8121 = DIRECTION ( 'NONE',  ( 0.000000000000000000, -5.382100923358999157E-17, -1.000000000000000000 ) ) ;
#8123 = ORIENTED_EDGE ( 'NONE', *, *, #9623, .F. ) ;
#8122 = VECTOR ( 'NONE', #3069, 1000.000000000000000 ) ;
#8124 = CARTESIAN_POINT ( 'NONE',  ( 0.1000000000000000056, 0.7049999999990003152, -1.600000000000000089 ) ) ;
#8125 = LINE ( 'NONE', #6169, #4625 ) ;
#8126 = DIRECTION ( 'NONE',  ( 1.284980352574999780E-16, 1.000000000000000000, 0.000000000000000000 ) ) ;
#8127 = ORIENTED_EDGE ( 'NONE', *, *, #2907, .F. ) ;
#8128 = LINE ( 'NONE', #10854, #1339 ) ;
#8129 = LINE ( 'NONE', #8932, #4493 ) ;
#8130 = EDGE_CURVE ( 'NONE', #10242, #9064, #1970, .T. ) ;
#8131 = CARTESIAN_POINT ( 'NONE',  ( -1.280000000000000027, 3.804999999999000071, 2.720678065752000219 ) ) ;
#8132 = FACE_OUTER_BOUND ( 'NONE', #9559, .T. ) ;
#8133 = EDGE_CURVE ( 'NONE', #3662, #5137, #5578, .T. ) ;
#8134 = ORIENTED_EDGE ( 'NONE', *, *, #7076, .T. ) ;
#8135 = DIRECTION ( 'NONE',  ( 1.215473287538999910E-16, 0.000000000000000000, -1.000000000000000000 ) ) ;
#8136 = VERTEX_POINT ( 'NONE', #6444 ) ;
#8137 = DIRECTION ( 'NONE',  ( 0.000000000000000000, -1.000000000000000000, 0.000000000000000000 ) ) ;
#8138 = EDGE_LOOP ( 'NONE', ( #4631, #4859, #7690, #4355 ) ) ;
#8139 = CARTESIAN_POINT ( 'NONE',  ( -0.3599999999990000088, -4.830679945108999895, 2.925000000000000266 ) ) ;
#8140 = AXIS2_PLACEMENT_3D ( 'NONE', #5303, #1698, #9663 ) ;
#8141 = EDGE_CURVE ( 'NONE', #2503, #7467, #2886, .T. ) ;
#8142 = CARTESIAN_POINT ( 'NONE',  ( -1.280000000000000027, -8.294999999999999929, 6.749999999998999911 ) ) ;
#8143 = LINE ( 'NONE', #1139, #6073 ) ;
#8144 = AXIS2_PLACEMENT_3D ( 'NONE', #1060, #4553, #2718 ) ;
#8145 = EDGE_CURVE ( 'NONE', #8146, #1856, #3743, .T. ) ;
#8146 = VERTEX_POINT ( 'NONE', #5353 ) ;
#8147 = VECTOR ( 'NONE', #10616, 1000.000000000000000 ) ;
#8148 = CARTESIAN_POINT ( 'NONE',  ( -0.3499999999989999999, -5.330679945108999007, 3.124999999998999911 ) ) ;
#8149 = ORIENTED_EDGE ( 'NONE', *, *, #4042, .T. ) ;
#8150 = DIRECTION ( 'NONE',  ( 0.000000000000000000, 0.000000000000000000, -1.000000000000000000 ) ) ;
#8151 = ORIENTED_EDGE ( 'NONE', *, *, #2878, .T. ) ;
#8152 = EDGE_LOOP ( 'NONE', ( #6046, #1278, #5516, #1188, #5918, #4885 ) ) ;
#8153 = EDGE_LOOP ( 'NONE', ( #11191, #9050, #5027, #204 ) ) ;
#8154 = CARTESIAN_POINT ( 'NONE',  ( 1.580000000000000071, -7.894999999999999574, 6.749999999998999911 ) ) ;
#8155 = FACE_BOUND ( 'NONE', #10233, .T. ) ;
#8156 = LINE ( 'NONE', #7067, #6318 ) ;
#8157 = LINE ( 'NONE', #280, #2554 ) ;
#8158 = DIRECTION ( 'NONE',  ( 0.000000000000000000, 1.084202172487689973E-15, -1.000000000000000000 ) ) ;
#8159 = FACE_OUTER_BOUND ( 'NONE', #2422, .T. ) ;
#8160 = AXIS2_PLACEMENT_3D ( 'NONE', #5155, #4299, #4123 ) ;
#8161 = CARTESIAN_POINT ( 'NONE',  ( 1.251501579824999988, -6.198274308341999550, 2.757479594345999985 ) ) ;
#8162 = EDGE_CURVE ( 'NONE', #4294, #543, #1914, .T. ) ;
#8163 = EDGE_CURVE ( 'NONE', #10399, #6769, #10619, .T. ) ;
#8164 = ORIENTED_EDGE ( 'NONE', *, *, #7501, .F. ) ;
#8165 = LINE ( 'NONE', #401, #1383 ) ;
#8166 = ORIENTED_EDGE ( 'NONE', *, *, #11065, .F. ) ;
#8167 = ORIENTED_EDGE ( 'NONE', *, *, #2430, .T. ) ;
#8168 = DIRECTION ( 'NONE',  ( 0.000000000000000000, -1.000000000000000000, 2.167154562174000065E-16 ) ) ;
#8169 = VECTOR ( 'NONE', #6568, 1000.000000000000000 ) ;
#8170 = ORIENTED_EDGE ( 'NONE', *, *, #7537, .T. ) ;
#8171 = DIRECTION ( 'NONE',  ( 1.393178489863000032E-31, -1.084202172484999957E-15, 1.000000000000000000 ) ) ;
#8172 = FACE_OUTER_BOUND ( 'NONE', #6145, .T. ) ;
#8173 =( NAMED_UNIT ( * ) SI_UNIT ( $, .STERADIAN. ) SOLID_ANGLE_UNIT ( ) );
#8174 = CARTESIAN_POINT ( 'NONE',  ( -1.279999999998999716, -1.894999999999999796, -1.899999999998999822 ) ) ;
#8175 = AXIS2_PLACEMENT_3D ( 'NONE', #4139, #7703, #11238 ) ;
#8176 = PLANE ( 'NONE',  #1510 ) ;
#8177 = VECTOR ( 'NONE', #2406, 1000.000000000000000 ) ;
#8178 = FACE_OUTER_BOUND ( 'NONE', #4188, .T. ) ;
#8179 = EDGE_CURVE ( 'NONE', #8304, #3317, #8057, .T. ) ;
#8180 = DIRECTION ( 'NONE',  ( 0.8990754936489593341, 0.4377936234344672051, 4.746567976289071596E-16 ) ) ;
#8181 = DIRECTION ( 'NONE',  ( -1.807003620808999850E-16, 0.000000000000000000, 1.000000000000000000 ) ) ;
#8182 = VERTEX_POINT ( 'NONE', #2077 ) ;
#8183 = DIRECTION ( 'NONE',  ( 0.000000000000000000, -0.9848077530123608980, 0.1736481776660634968 ) ) ;
#8184 = CARTESIAN_POINT ( 'NONE',  ( 1.430000000000000160, -4.337947837308999688, 3.395675242495999946 ) ) ;
#8185 = VECTOR ( 'NONE', #1035, 1000.000000000000000 ) ;
#8186 = CARTESIAN_POINT ( 'NONE',  ( 1.279999999998999716, 1.555811304863000011, 0.2999999999999999889 ) ) ;
#8187 = ORIENTED_EDGE ( 'NONE', *, *, #718, .T. ) ;
#8188 = EDGE_CURVE ( 'NONE', #4931, #912, #9083, .T. ) ;
#8189 = CARTESIAN_POINT ( 'NONE',  ( 1.280000000000000027, -3.894999999999999574, 1.249999999998999911 ) ) ;
#8190 = EDGE_CURVE ( 'NONE', #10256, #5182, #8921, .T. ) ;
#8191 = ORIENTED_EDGE ( 'NONE', *, *, #8018, .F. ) ;
#8192 = CARTESIAN_POINT ( 'NONE',  ( -0.3600000000000000422, -8.830679945108999007, 4.924999999999999822 ) ) ;
#8193 = ORIENTED_EDGE ( 'NONE', *, *, #7246, .T. ) ;
#8194 = FACE_OUTER_BOUND ( 'NONE', #6227, .T. ) ;
#8195 = ADVANCED_FACE ( 'NONE', ( #3685 ), #7529, .F. ) ;
#8196 = PLANE ( 'NONE',  #7548 ) ;
#8197 = DIRECTION ( 'NONE',  ( 1.000000000000000000, 0.000000000000000000, 0.000000000000000000 ) ) ;
#8198 = MANIFOLD_SOLID_BREP ( 'NONE', #545 ) ;
#8199 = ORIENTED_EDGE ( 'NONE', *, *, #7246, .F. ) ;
#8200 = CARTESIAN_POINT ( 'NONE',  ( 0.3600000000000000422, -8.830679945108999007, 4.625000000000000000 ) ) ;
#8201 = EDGE_CURVE ( 'NONE', #3316, #9213, #8339, .T. ) ;
#8202 = EDGE_LOOP ( 'NONE', ( #3995, #1333, #6927, #3335 ) ) ;
#8203 = LINE ( 'NONE', #2805, #9055 ) ;
#8204 = ORIENTED_EDGE ( 'NONE', *, *, #6786, .T. ) ;
#8205 = EDGE_LOOP ( 'NONE', ( #8785, #6761, #8633, #1985 ) ) ;
#8206 = ORIENTED_EDGE ( 'NONE', *, *, #5088, .F. ) ;
#8207 = FACE_OUTER_BOUND ( 'NONE', #2473, .T. ) ;
#8208 = EDGE_CURVE ( 'NONE', #6957, #9633, #1384, .T. ) ;
#8209 = PLANE ( 'NONE',  #1738 ) ;
#8210 = DIRECTION ( 'NONE',  ( -1.000000000000000000, -1.239088197125999924E-16, 0.000000000000000000 ) ) ;
#8211 = CARTESIAN_POINT ( 'NONE',  ( 1.580000000000000071, 1.555811304863000011, 0.2999999999999999889 ) ) ;
#8212 = CARTESIAN_POINT ( 'NONE',  ( -0.3600000000000000422, -8.830679945108999007, 6.924999999999999822 ) ) ;
#8213 = COLOUR_RGB ( '',0.7921568627450980005, 0.8196078431372548767, 0.9333333333333333481 ) ;
#8214 = DIRECTION ( 'NONE',  ( -1.000000000000000000, 1.284980352574999780E-16, 0.000000000000000000 ) ) ;
#8215 = ORIENTED_EDGE ( 'NONE', *, *, #5290, .F. ) ;
#8216 = DIRECTION ( 'NONE',  ( -1.000000000000000000, 1.284980352574999780E-16, 0.000000000000000000 ) ) ;
#8217 = EDGE_LOOP ( 'NONE', ( #1033, #1215, #5818, #4917 ) ) ;
#8218 = ORIENTED_EDGE ( 'NONE', *, *, #5665, .T. ) ;
#8219 = EDGE_CURVE ( 'NONE', #2691, #10673, #8225, .T. ) ;
#8220 = CARTESIAN_POINT ( 'NONE',  ( 1.280000000000000027, -5.910051363132999391, 6.399999999999000266 ) ) ;
#8221 = ORIENTED_EDGE ( 'NONE', *, *, #4612, .F. ) ;
#8222 = EDGE_CURVE ( 'NONE', #2742, #1961, #7688, .T. ) ;
#8223 = LINE ( 'NONE', #6210, #2273 ) ;
#8224 = LINE ( 'NONE', #10842, #3220 ) ;
#8225 = LINE ( 'NONE', #348, #8973 ) ;
#8226 = DIRECTION ( 'NONE',  ( 0.000000000000000000, -1.000000000000000000, 0.000000000000000000 ) ) ;
#8227 = FACE_OUTER_BOUND ( 'NONE', #4454, .T. ) ;
#8228 = VECTOR ( 'NONE', #5293, 1000.000000000000000 ) ;
#8229 = DIRECTION ( 'NONE',  ( 1.075827036997393753E-16, -0.9848077530123608980, 0.1736481776660634968 ) ) ;
#8230 = CARTESIAN_POINT ( 'NONE',  ( -0.3799999999990000266, -9.544999999998998064, 0.3499999999989999999 ) ) ;
#8231 = DIRECTION ( 'NONE',  ( 1.000000000000000000, 0.000000000000000000, 1.215473287538999910E-16 ) ) ;
#8232 = DIRECTION ( 'NONE',  ( 0.000000000000000000, -1.000000000000000000, 2.167154562174000065E-16 ) ) ;
#8233 = ORIENTED_EDGE ( 'NONE', *, *, #5164, .T. ) ;
#8234 = DIRECTION ( 'NONE',  ( 0.000000000000000000, 1.000000000000000000, 0.000000000000000000 ) ) ;
#8235 = CARTESIAN_POINT ( 'NONE',  ( 0.3600000000000000422, -4.830679945108999895, 6.625000000000000000 ) ) ;
#8236 = PLANE ( 'NONE',  #9863 ) ;
#8237 = AXIS2_PLACEMENT_3D ( 'NONE', #6616, #521, #5633 ) ;
#8238 = DIRECTION ( 'NONE',  ( 0.000000000000000000, -1.000000000000000000, 2.168404344971000240E-16 ) ) ;
#8239 = ADVANCED_FACE ( 'NONE', ( #6730 ), #10844, .T. ) ;
#8240 = PRODUCT_DEFINITION_CONTEXT ( 'detailed design', #8669, 'design' ) ;
#8241 = EDGE_LOOP ( 'NONE', ( #2153, #2244, #8780, #10263 ) ) ;
#8242 = DIRECTION ( 'NONE',  ( 0.000000000000000000, -1.000000000000000000, 0.000000000000000000 ) ) ;
#8243 = PLANE ( 'NONE',  #988 ) ;
#8244 = VECTOR ( 'NONE', #1409, 1000.000000000000000 ) ;
#8245 = ORIENTED_EDGE ( 'NONE', *, *, #1625, .T. ) ;
#8246 = LINE ( 'NONE', #3874, #4589 ) ;
#8247 = ORIENTED_EDGE ( 'NONE', *, *, #7778, .F. ) ;
#8248 = CARTESIAN_POINT ( 'NONE',  ( 1.430000000000000160, -4.337947837308999688, 2.719600141541999694 ) ) ;
#8249 = ORIENTED_EDGE ( 'NONE', *, *, #9645, .F. ) ;
#8250 = DIRECTION ( 'NONE',  ( 1.000000000000000000, 0.000000000000000000, 1.215473287538999910E-16 ) ) ;
#8251 = EDGE_CURVE ( 'NONE', #9242, #9113, #2137, .T. ) ;
#8252 = DIRECTION ( 'NONE',  ( 0.000000000000000000, -1.000000000000000000, 0.000000000000000000 ) ) ;
#8253 = VERTEX_POINT ( 'NONE', #1270 ) ;
#8254 = CARTESIAN_POINT ( 'NONE',  ( 1.080000000000000071, 2.385829949784000537, 4.134721410322000246 ) ) ;
#8255 = ORIENTED_EDGE ( 'NONE', *, *, #3139, .T. ) ;
#8256 = LINE ( 'NONE', #10714, #1916 ) ;
#8257 = ORIENTED_EDGE ( 'NONE', *, *, #26, .T. ) ;
#8258 = ORIENTED_EDGE ( 'NONE', *, *, #3931, .F. ) ;
#8259 = ORIENTED_EDGE ( 'NONE', *, *, #8366, .T. ) ;
#8260 = DIRECTION ( 'NONE',  ( -1.215473287538999910E-16, 0.000000000000000000, 1.000000000000000000 ) ) ;
#8261 = VECTOR ( 'NONE', #9136, 1000.000000000000000 ) ;
#8262 = VECTOR ( 'NONE', #2584, 1000.000000000000000 ) ;
#8263 = DIRECTION ( 'NONE',  ( 0.000000000000000000, 1.000000000000000000, 0.000000000000000000 ) ) ;
#8264 = VECTOR ( 'NONE', #3286, 1000.000000000000000 ) ;
#8265 = DIRECTION ( 'NONE',  ( 1.807003620808999850E-16, 0.000000000000000000, 1.000000000000000000 ) ) ;
#8266 = CARTESIAN_POINT ( 'NONE',  ( 0.3600000000000000422, -5.330679945108999007, 5.625000000000000000 ) ) ;
#8267 = EDGE_CURVE ( 'NONE', #3571, #59, #4769, .T. ) ;
#8268 = EDGE_CURVE ( 'NONE', #3311, #10716, #8282, .T. ) ;
#8269 = DIRECTION ( 'NONE',  ( 0.000000000000000000, 0.000000000000000000, -1.000000000000000000 ) ) ;
#8270 = AXIS2_PLACEMENT_3D ( 'NONE', #7994, #3837, #9072 ) ;
#8271 = ORIENTED_EDGE ( 'NONE', *, *, #1973, .F. ) ;
#8272 = VECTOR ( 'NONE', #5847, 1000.000000000000000 ) ;
#8273 = EDGE_CURVE ( 'NONE', #4134, #5929, #4941, .T. ) ;
#8274 = VECTOR ( 'NONE', #10152, 1000.000000000000000 ) ;
#8275 = VERTEX_POINT ( 'NONE', #8450 ) ;
#8276 = ORIENTED_EDGE ( 'NONE', *, *, #6556, .T. ) ;
#8277 = DIRECTION ( 'NONE',  ( 0.000000000000000000, 0.000000000000000000, -1.000000000000000000 ) ) ;
#8278 = VERTEX_POINT ( 'NONE', #5750 ) ;
#8279 = FACE_OUTER_BOUND ( 'NONE', #10100, .T. ) ;
#8280 = LINE ( 'NONE', #9301, #5594 ) ;
#8281 = VECTOR ( 'NONE', #6411, 1000.000000000000000 ) ;
#8282 = LINE ( 'NONE', #2248, #2732 ) ;
#8283 = VECTOR ( 'NONE', #4942, 1000.000000000000000 ) ;
#8284 = EDGE_CURVE ( 'NONE', #4009, #2691, #7421, .T. ) ;
#8285 = FACE_OUTER_BOUND ( 'NONE', #7654, .T. ) ;
#8286 = ADVANCED_FACE ( 'NONE', ( #6559 ), #4083, .F. ) ;
#8287 = DIRECTION ( 'NONE',  ( 1.207486555170308614E-16, 0.9396926207860170077, 0.3420201433253705070 ) ) ;
#8288 = EDGE_CURVE ( 'NONE', #2171, #88, #11013, .T. ) ;
#8289 = PLANE ( 'NONE',  #431 ) ;
#8290 = CARTESIAN_POINT ( 'NONE',  ( 0.3599999999990000088, -8.831833331044999014, 2.124913496054000372 ) ) ;
#8291 = VECTOR ( 'NONE', #2193, 1000.000000000000000 ) ;
#8292 = CARTESIAN_POINT ( 'NONE',  ( 1.280000000000000027, -8.294999999999999929, 6.399999999999000266 ) ) ;
#8293 = DIRECTION ( 'NONE',  ( -1.215473287538999910E-16, 0.000000000000000000, -1.000000000000000000 ) ) ;
#8294 = ORIENTED_EDGE ( 'NONE', *, *, #7580, .F. ) ;
#8295 = DIRECTION ( 'NONE',  ( 1.000000000000000000, 0.000000000000000000, 1.215473287538999910E-16 ) ) ;
#8296 = DIRECTION ( 'NONE',  ( 0.000000000000000000, -1.000000000000000000, 0.000000000000000000 ) ) ;
#8297 = CARTESIAN_POINT ( 'NONE',  ( 0.3600000000000000422, -4.830679945108999895, 6.924999999999999822 ) ) ;
#8298 = AXIS2_PLACEMENT_3D ( 'NONE', #182, #2082, #1058 ) ;
#8299 = ORIENTED_EDGE ( 'NONE', *, *, #5525, .T. ) ;
#8300 = DIRECTION ( 'NONE',  ( 0.000000000000000000, 0.000000000000000000, 1.000000000000000000 ) ) ;
#8301 = DIRECTION ( 'NONE',  ( 1.393178489863000032E-31, -1.084202172484999957E-15, 1.000000000000000000 ) ) ;
#8302 = ORIENTED_EDGE ( 'NONE', *, *, #3080, .T. ) ;
#8303 = DIRECTION ( 'NONE',  ( 1.281023473655992504E-16, -0.9969206697117722893, 0.07841669657306082897 ) ) ;
#8304 = VERTEX_POINT ( 'NONE', #11183 ) ;
#8305 = FACE_OUTER_BOUND ( 'NONE', #9432, .T. ) ;
#8306 = ORIENTED_EDGE ( 'NONE', *, *, #10292, .F. ) ;
#8307 = PLANE ( 'NONE',  #2226 ) ;
#8308 = DIRECTION ( 'NONE',  ( 0.000000000000000000, -1.000000000000000000, 0.000000000000000000 ) ) ;
#8309 = ORIENTED_EDGE ( 'NONE', *, *, #6313, .T. ) ;
#8310 = LINE ( 'NONE', #8254, #11125 ) ;
#8311 = ORIENTED_EDGE ( 'NONE', *, *, #1804, .F. ) ;
#8312 = DIRECTION ( 'NONE',  ( 0.000000000000000000, 0.000000000000000000, 1.000000000000000000 ) ) ;
#8313 = EDGE_CURVE ( 'NONE', #6683, #5079, #5927, .T. ) ;
#8314 = ORIENTED_EDGE ( 'NONE', *, *, #6021, .T. ) ;
#8315 = VECTOR ( 'NONE', #9011, 1000.000000000000000 ) ;
#8316 = ORIENTED_EDGE ( 'NONE', *, *, #2134, .T. ) ;
#8317 = ORIENTED_EDGE ( 'NONE', *, *, #10255, .T. ) ;
#8318 = DIRECTION ( 'NONE',  ( 0.000000000000000000, -1.000000000000000000, 0.000000000000000000 ) ) ;
#8319 = DIRECTION ( 'NONE',  ( 0.000000000000000000, -1.000000000000000000, 0.000000000000000000 ) ) ;
#8320 = AXIS2_PLACEMENT_3D ( 'NONE', #1919, #4502, #5470 ) ;
#8321 = LINE ( 'NONE', #11056, #3674 ) ;
#8322 = VECTOR ( 'NONE', #2802, 1000.000000000000000 ) ;
#8323 = FACE_OUTER_BOUND ( 'NONE', #6122, .T. ) ;
#8324 = LINE ( 'NONE', #9346, #10627 ) ;
#8325 = CIRCLE ( 'NONE', #6502, 1.049999999999999822 ) ;
#8326 = ORIENTED_EDGE ( 'NONE', *, *, #9955, .F. ) ;
#8327 = DIRECTION ( 'NONE',  ( 0.000000000000000000, 1.000000000000000000, 0.000000000000000000 ) ) ;
#8328 = ORIENTED_EDGE ( 'NONE', *, *, #555, .T. ) ;
#8329 = VERTEX_POINT ( 'NONE', #6952 ) ;
#8330 = VECTOR ( 'NONE', #5441, 1000.000000000000000 ) ;
#8331 = ADVANCED_FACE ( 'NONE', ( #763 ), #1619, .F. ) ;
#8332 = EDGE_CURVE ( 'NONE', #4363, #8939, #10493, .T. ) ;
#8333 = VERTEX_POINT ( 'NONE', #6842 ) ;
#8334 = DIRECTION ( 'NONE',  ( 0.000000000000000000, 0.000000000000000000, 1.000000000000000000 ) ) ;
#8335 = EDGE_LOOP ( 'NONE', ( #6692, #5457, #5682, #1073 ) ) ;
#8336 = AXIS2_PLACEMENT_3D ( 'NONE', #8847, #6424, #53 ) ;
#8337 = DIRECTION ( 'NONE',  ( 0.000000000000000000, -1.000000000000000000, 0.000000000000000000 ) ) ;
#8338 = CARTESIAN_POINT ( 'NONE',  ( 0.3499999999989999999, -4.830679945108999895, 6.924999999999999822 ) ) ;
#8339 = LINE ( 'NONE', #9989, #10052 ) ;
#8340 = EDGE_CURVE ( 'NONE', #4475, #8716, #9528, .T. ) ;
#8341 = DIRECTION ( 'NONE',  ( -2.487778908865945165E-16, -0.5000000000001899592, -0.8660254037843289066 ) ) ;
#8342 = VECTOR ( 'NONE', #1778, 1000.000000000000000 ) ;
#8343 = CARTESIAN_POINT ( 'NONE',  ( -1.580000000000000071, -8.294999999999999929, 2.249999999998999911 ) ) ;
#8344 = VECTOR ( 'NONE', #8653, 1000.000000000000000 ) ;
#8345 = CARTESIAN_POINT ( 'NONE',  ( 1.280000000000000027, -7.894999999999999574, 2.249999999998999911 ) ) ;
#8346 = ADVANCED_FACE ( 'NONE', ( #9584 ), #3279, .T. ) ;
#8347 = LINE ( 'NONE', #5816, #1123 ) ;
#8348 = DIRECTION ( 'NONE',  ( -1.000000000000000000, 0.000000000000000000, 0.000000000000000000 ) ) ;
#8349 = ORIENTED_EDGE ( 'NONE', *, *, #8421, .F. ) ;
#8350 = FACE_OUTER_BOUND ( 'NONE', #1130, .T. ) ;
#8351 = CARTESIAN_POINT ( 'NONE',  ( -1.080000000000000071, 2.385829949784000537, 4.134721410322000246 ) ) ;
#8352 = CARTESIAN_POINT ( 'NONE',  ( 1.280000000000000027, 3.504999999999000249, 4.134721410322000246 ) ) ;
#8353 = EDGE_CURVE ( 'NONE', #9631, #4203, #3339, .T. ) ;
#8354 = CARTESIAN_POINT ( 'NONE',  ( 0.3599999999990000088, -8.831833331044999014, 2.124913496054000372 ) ) ;
#8355 = VECTOR ( 'NONE', #8056, 1000.000000000000114 ) ;
#8356 = VECTOR ( 'NONE', #8912, 1000.000000000000000 ) ;
#8357 = ORIENTED_EDGE ( 'NONE', *, *, #3849, .T. ) ;
#8358 = LINE ( 'NONE', #541, #1531 ) ;
#8359 = CARTESIAN_POINT ( 'NONE',  ( 0.3599999999990000088, -5.330679945108999007, 1.624999999998999911 ) ) ;
#8360 = ORIENTED_EDGE ( 'NONE', *, *, #11188, .T. ) ;
#8361 = LINE ( 'NONE', #4159, #10253 ) ;
#8362 = VECTOR ( 'NONE', #5501, 1000.000000000000000 ) ;
#8363 = VERTEX_POINT ( 'NONE', #10437 ) ;
#8364 = PLANE ( 'NONE',  #10502 ) ;
#8365 = CARTESIAN_POINT ( 'NONE',  ( -0.09999999999899999992, 0.7049999999990003152, -1.600000000000000089 ) ) ;
#8366 = EDGE_CURVE ( 'NONE', #1951, #9506, #7013, .T. ) ;
#8367 = EDGE_CURVE ( 'NONE', #4873, #3926, #2645, .T. ) ;
#8368 = PLANE ( 'NONE',  #399 ) ;
#8369 = PLANE ( 'NONE',  #4427 ) ;
#8370 = EDGE_LOOP ( 'NONE', ( #5125, #4763, #6349, #5854 ) ) ;
#8371 = EDGE_LOOP ( 'NONE', ( #2282, #4795, #5803, #5669 ) ) ;
#8372 = CARTESIAN_POINT ( 'NONE',  ( 1.080000000000000071, 3.504999999999000249, 4.915278589676999488 ) ) ;
#8373 = EDGE_LOOP ( 'NONE', ( #1377, #3326, #8386, #7472, #3401, #2524, #10838, #4385 ) ) ;
#8374 = ORIENTED_EDGE ( 'NONE', *, *, #1809, .F. ) ;
#8375 = VERTEX_POINT ( 'NONE', #871 ) ;
#8376 = CARTESIAN_POINT ( 'NONE',  ( -0.3600000000000000422, -8.830679945108999007, 4.125000000000000000 ) ) ;
#8377 = DIRECTION ( 'NONE',  ( 0.000000000000000000, 0.000000000000000000, -1.000000000000000000 ) ) ;
#8378 = PLANE ( 'NONE',  #3309 ) ;
#8379 = DIRECTION ( 'NONE',  ( 0.000000000000000000, -1.000000000000000000, 0.000000000000000000 ) ) ;
#8380 = FACE_OUTER_BOUND ( 'NONE', #9400, .T. ) ;
#8381 = ADVANCED_FACE ( 'NONE', ( #6783 ), #3399, .F. ) ;
#8382 = ORIENTED_EDGE ( 'NONE', *, *, #3730, .F. ) ;
#8383 = LINE ( 'NONE', #4406, #7963 ) ;
#8384 = CARTESIAN_POINT ( 'NONE',  ( 1.280000000000000027, -8.294999999999999929, 6.749999999998999911 ) ) ;
#8385 = ORIENTED_EDGE ( 'NONE', *, *, #7153, .T. ) ;
#8386 = ORIENTED_EDGE ( 'NONE', *, *, #10174, .T. ) ;
#8387 = VERTEX_POINT ( 'NONE', #7877 ) ;
#8388 = CARTESIAN_POINT ( 'NONE',  ( -1.251501579824999988, -6.198274308341999550, 5.757479594345999985 ) ) ;
#8389 = ORIENTED_EDGE ( 'NONE', *, *, #8477, .F. ) ;
#8390 = DIRECTION ( 'NONE',  ( -1.215473287538999910E-16, 0.000000000000000000, -1.000000000000000000 ) ) ;
#8391 = DIRECTION ( 'NONE',  ( 1.000000000000000000, 0.000000000000000000, 0.000000000000000000 ) ) ;
#8392 = DIRECTION ( 'NONE',  ( -1.807003620808999850E-16, 0.000000000000000000, 1.000000000000000000 ) ) ;
#8393 = LINE ( 'NONE', #11016, #6814 ) ;
#8394 = ADVANCED_FACE ( 'NONE', ( #11351 ), #2419, .T. ) ;
#8395 = EDGE_CURVE ( 'NONE', #5137, #8536, #7823, .T. ) ;
#8396 = ORIENTED_EDGE ( 'NONE', *, *, #6617, .F. ) ;
#8397 = CARTESIAN_POINT ( 'NONE',  ( 0.5396645151600001356, 3.804999999999000071, 4.915278589676999488 ) ) ;
#8398 = DIRECTION ( 'NONE',  ( 1.000000000000000000, 0.000000000000000000, 1.215473287538999910E-16 ) ) ;
#8399 = CARTESIAN_POINT ( 'NONE',  ( -1.430000000000000160, -4.571077182464999389, 6.330399858456999596 ) ) ;
#8400 = LINE ( 'NONE', #4836, #8811 ) ;
#8401 = ORIENTED_EDGE ( 'NONE', *, *, #8769, .T. ) ;
#8402 = DIRECTION ( 'NONE',  ( 0.000000000000000000, 0.000000000000000000, 1.000000000000000000 ) ) ;
#8403 = CARTESIAN_POINT ( 'NONE',  ( -0.1000000000000000056, -2.944999999999999840, -1.600000000000000089 ) ) ;
#8404 = DIRECTION ( 'NONE',  ( -1.000000000000000000, 0.000000000000000000, 1.270804703590999957E-32 ) ) ;
#8405 = CARTESIAN_POINT ( 'NONE',  ( 1.251501579824999988, -6.198274308341999550, 3.242520405653000370 ) ) ;
#8406 = EDGE_CURVE ( 'NONE', #7006, #3317, #7651, .T. ) ;
#8407 = VECTOR ( 'NONE', #10786, 1000.000000000000000 ) ;
#8408 = ORIENTED_EDGE ( 'NONE', *, *, #5479, .T. ) ;
#8409 = FACE_BOUND ( 'NONE', #110, .T. ) ;
#8410 = DIRECTION ( 'NONE',  ( 0.000000000000000000, 0.000000000000000000, -1.000000000000000000 ) ) ;
#8411 = EDGE_CURVE ( 'NONE', #1413, #4213, #9421, .T. ) ;
#8412 = VERTEX_POINT ( 'NONE', #5117 ) ;
#8413 = CARTESIAN_POINT ( 'NONE',  ( -2.308415123535999758, -7.685679981712000064, 2.599999999999000000 ) ) ;
#8414 = VERTEX_POINT ( 'NONE', #703 ) ;
#8415 = AXIS2_PLACEMENT_3D ( 'NONE', #7613, #2962, #9950 ) ;
#8416 = PLANE ( 'NONE',  #9422 ) ;
#8417 = VECTOR ( 'NONE', #8790, 1000.000000000000000 ) ;
#8418 = DIRECTION ( 'NONE',  ( 1.000000000000000000, 0.000000000000000000, 1.215473287538999910E-16 ) ) ;
#8419 = CARTESIAN_POINT ( 'NONE',  ( -1.080000000000000071, -3.494999999999999662, 0.4000000000000000222 ) ) ;
#8420 = DIRECTION ( 'NONE',  ( -0.8990754936489593341, -0.4377936234344672051, -4.746567976289071596E-16 ) ) ;
#8421 = EDGE_CURVE ( 'NONE', #4937, #4800, #4195, .T. ) ;
#8422 = PLANE ( 'NONE',  #7911 ) ;
#8423 = CIRCLE ( 'NONE', #11334, 0.09999999999900019421 ) ;
#8424 = VERTEX_POINT ( 'NONE', #4259 ) ;
#8425 = CARTESIAN_POINT ( 'NONE',  ( 1.579999999998999982, -1.983341451230999697, 4.776807376878000611 ) ) ;
#8426 = ADVANCED_FACE ( 'NONE', ( #7762 ), #10386, .F. ) ;
#8427 = ORIENTED_EDGE ( 'NONE', *, *, #1194, .T. ) ;
#8428 = FACE_OUTER_BOUND ( 'NONE', #8153, .T. ) ;
#8429 = EDGE_LOOP ( 'NONE', ( #45, #7802, #2220, #10732 ) ) ;
#8430 = VERTEX_POINT ( 'NONE', #6317 ) ;
#8431 = VERTEX_POINT ( 'NONE', #10666 ) ;
#8432 = DIRECTION ( 'NONE',  ( 1.000000000000000000, 0.000000000000000000, 0.000000000000000000 ) ) ;
#8433 = DIRECTION ( 'NONE',  ( 1.000000000000000000, 0.000000000000000000, 0.000000000000000000 ) ) ;
#8434 = DIRECTION ( 'NONE',  ( 1.393178489863000032E-31, -1.084202172484999957E-15, 1.000000000000000000 ) ) ;
#8435 = DIRECTION ( 'NONE',  ( 1.000000000000000000, 0.000000000000000000, 0.000000000000000000 ) ) ;
#8436 = AXIS2_PLACEMENT_3D ( 'NONE', #1763, #2681, #7852 ) ;
#8437 = LINE ( 'NONE', #7355, #1117 ) ;
#8438 = EDGE_CURVE ( 'NONE', #11033, #4115, #4535, .T. ) ;
#8439 = ORIENTED_EDGE ( 'NONE', *, *, #3067, .T. ) ;
#8440 = LINE ( 'NONE', #1489, #5603 ) ;
#8441 = DIRECTION ( 'NONE',  ( 1.000000000000000000, 1.284980352574999780E-16, 0.000000000000000000 ) ) ;
#8442 = ORIENTED_EDGE ( 'NONE', *, *, #4684, .T. ) ;
#8443 = ORIENTED_EDGE ( 'NONE', *, *, #1473, .T. ) ;
#8444 = ORIENTED_EDGE ( 'NONE', *, *, #4349, .T. ) ;
#8445 = VECTOR ( 'NONE', #6057, 1000.000000000000000 ) ;
#8446 = DIRECTION ( 'NONE',  ( -1.112825628694422115E-16, -0.8660254037843290176, -0.5000000000001900702 ) ) ;
#8447 = ORIENTED_EDGE ( 'NONE', *, *, #8913, .T. ) ;
#8448 = CARTESIAN_POINT ( 'NONE',  ( -1.280000000000000027, 3.504999999999000249, 4.134721410322000246 ) ) ;
#8449 = CARTESIAN_POINT ( 'NONE',  ( -0.3799999999990000266, -3.894999999999999574, 1.249999999998999911 ) ) ;
#8450 = CARTESIAN_POINT ( 'NONE',  ( 1.080000000000000071, 3.504999999999000249, 4.915278589676999488 ) ) ;
#8451 = CARTESIAN_POINT ( 'NONE',  ( -1.279999999998999716, 1.554999999999999938, -1.899999999998999822 ) ) ;
#8452 = VECTOR ( 'NONE', #10107, 1000.000000000000000 ) ;
#8453 = AXIS2_PLACEMENT_3D ( 'NONE', #6456, #8293, #7319 ) ;
#8454 = VECTOR ( 'NONE', #5111, 1000.000000000000000 ) ;
#8455 = ORIENTED_EDGE ( 'NONE', *, *, #8875, .T. ) ;
#8456 = DIRECTION ( 'NONE',  ( 1.000000000000000000, 0.000000000000000000, 0.000000000000000000 ) ) ;
#8457 = DIRECTION ( 'NONE',  ( 0.000000000000000000, 1.000000000000000000, 0.000000000000000000 ) ) ;
#8458 = DIRECTION ( 'NONE',  ( 0.000000000000000000, 1.000000000000000000, 0.000000000000000000 ) ) ;
#8459 = CARTESIAN_POINT ( 'NONE',  ( -1.580000000000000071, -2.544188695136999634, 0.05000000000000000278 ) ) ;
#8460 = VECTOR ( 'NONE', #7859, 1000.000000000000000 ) ;
#8461 = ORIENTED_EDGE ( 'NONE', *, *, #7995, .F. ) ;
#8462 = ADVANCED_FACE ( 'NONE', ( #7124 ), #9643, .T. ) ;
#8463 = VECTOR ( 'NONE', #5823, 1000.000000000000000 ) ;
#8464 = LINE ( 'NONE', #10050, #2819 ) ;
#8465 = LINE ( 'NONE', #9094, #10889 ) ;
#8466 = AXIS2_PLACEMENT_3D ( 'NONE', #1953, #6254, #8037 ) ;
#8467 = CARTESIAN_POINT ( 'NONE',  ( 1.279999999998999716, 1.119999999999000240, -0.7048473225369999984 ) ) ;
#8468 = FACE_OUTER_BOUND ( 'NONE', #1474, .T. ) ;
#8469 = AXIS2_PLACEMENT_3D ( 'NONE', #9616, #847, #1592 ) ;
#8470 = VECTOR ( 'NONE', #8886, 1000.000000000000000 ) ;
#8471 = ORIENTED_EDGE ( 'NONE', *, *, #967, .F. ) ;
#8472 = CARTESIAN_POINT ( 'NONE',  ( 1.430000000000000160, -4.571077182464999389, 2.719600141541999694 ) ) ;
#8473 = FACE_OUTER_BOUND ( 'NONE', #5000, .T. ) ;
#8474 = DIRECTION ( 'NONE',  ( 0.000000000000000000, 0.000000000000000000, 1.000000000000000000 ) ) ;
#8475 = VERTEX_POINT ( 'NONE', #7297 ) ;
#8476 = EDGE_CURVE ( 'NONE', #7034, #4324, #1957, .T. ) ;
#8477 = EDGE_CURVE ( 'NONE', #7942, #3160, #9811, .T. ) ;
#8478 = DIRECTION ( 'NONE',  ( -1.000000000000000000, 0.000000000000000000, 0.000000000000000000 ) ) ;
#8479 = DIRECTION ( 'NONE',  ( 0.000000000000000000, 0.000000000000000000, 1.000000000000000000 ) ) ;
#8480 = LINE ( 'NONE', #4107, #5305 ) ;
#8481 = VECTOR ( 'NONE', #10790, 1000.000000000000000 ) ;
#8482 = CARTESIAN_POINT ( 'NONE',  ( 1.279999999998999716, 2.989999999999000568, -0.7048473225369999984 ) ) ;
#8483 = EDGE_CURVE ( 'NONE', #3824, #4805, #226, .T. ) ;
#8484 = DIRECTION ( 'NONE',  ( 1.239088197125999924E-16, 1.000000000000000000, -5.382100923358999157E-17 ) ) ;
#8485 = VERTEX_POINT ( 'NONE', #3670 ) ;
#8486 = SURFACE_STYLE_FILL_AREA ( #2391 ) ;
#8487 = VERTEX_POINT ( 'NONE', #5282 ) ;
#8488 = DIRECTION ( 'NONE',  ( 0.000000000000000000, -1.000000000000000000, 0.000000000000000000 ) ) ;
#8489 = AXIS2_PLACEMENT_3D ( 'NONE', #9367, #10334, #9196 ) ;
#8490 = ORIENTED_EDGE ( 'NONE', *, *, #2251, .T. ) ;
#8491 = EDGE_CURVE ( 'NONE', #9580, #4873, #8105, .T. ) ;
#8492 = ORIENTED_EDGE ( 'NONE', *, *, #10005, .T. ) ;
#8493 = ORIENTED_EDGE ( 'NONE', *, *, #1057, .T. ) ;
#8494 = CARTESIAN_POINT ( 'NONE',  ( -0.3599999999990000088, -9.330679945108999007, 3.124999999998999911 ) ) ;
#8495 = DIRECTION ( 'NONE',  ( 0.000000000000000000, 0.000000000000000000, -1.000000000000000000 ) ) ;
#8496 = DIRECTION ( 'NONE',  ( -1.000000000000000000, 0.000000000000000000, 0.000000000000000000 ) ) ;
#8497 = CARTESIAN_POINT ( 'NONE',  ( -1.280000000000000027, -6.942054513798999515, 5.697883105724000252 ) ) ;
#8498 = ADVANCED_FACE ( 'NONE', ( #4650 ), #2872, .T. ) ;
#8499 = CARTESIAN_POINT ( 'NONE',  ( -0.3600000000000000422, -9.330679945108999007, 5.625000000000000000 ) ) ;
#8500 = ORIENTED_EDGE ( 'NONE', *, *, #6817, .F. ) ;
#8501 = CARTESIAN_POINT ( 'NONE',  ( -1.579999999998999982, -1.983341451230999697, 4.776807376878000611 ) ) ;
#8502 = ORIENTED_EDGE ( 'NONE', *, *, #3080, .F. ) ;
#8503 = ORIENTED_EDGE ( 'NONE', *, *, #2300, .F. ) ;
#8504 = FACE_OUTER_BOUND ( 'NONE', #10859, .T. ) ;
#8505 = EDGE_LOOP ( 'NONE', ( #4653, #2212, #8493, #681 ) ) ;
#8506 = ORIENTED_EDGE ( 'NONE', *, *, #3523, .F. ) ;
#8507 = VECTOR ( 'NONE', #8897, 1000.000000000000000 ) ;
#8508 = ORIENTED_EDGE ( 'NONE', *, *, #7635, .F. ) ;
#8509 = CARTESIAN_POINT ( 'NONE',  ( 1.430000000000000160, -4.337947837308999688, 6.330399858456999596 ) ) ;
#8510 = CARTESIAN_POINT ( 'NONE',  ( -0.3600000000000000422, -8.830679945108999007, 5.424999999998999733 ) ) ;
#8511 = EDGE_CURVE ( 'NONE', #3254, #6542, #7185, .T. ) ;
#8512 = CARTESIAN_POINT ( 'NONE',  ( -0.3600000000000000422, -4.830679945108999895, 4.924999999999999822 ) ) ;
#8513 = DIRECTION ( 'NONE',  ( 0.000000000000000000, 0.000000000000000000, -1.000000000000000000 ) ) ;
#8514 = AXIS2_PLACEMENT_3D ( 'NONE', #359, #8981, #1121 ) ;
#8515 = EDGE_CURVE ( 'NONE', #7045, #10305, #2702, .T. ) ;
#8516 = DIRECTION ( 'NONE',  ( 0.000000000000000000, 0.000000000000000000, -1.000000000000000000 ) ) ;
#8517 = AXIS2_PLACEMENT_3D ( 'NONE', #7599, #11079, #3232 ) ;
#8518 = ORIENTED_EDGE ( 'NONE', *, *, #3920, .T. ) ;
#8519 = CARTESIAN_POINT ( 'NONE',  ( 0.000000000000000000, -2.944999999999999840, 8.000000000000000000 ) ) ;
#8520 = FACE_OUTER_BOUND ( 'NONE', #9691, .T. ) ;
#8521 = VECTOR ( 'NONE', #9081, 1000.000000000000000 ) ;
#8522 = LINE ( 'NONE', #657, #2216 ) ;
#8523 = DIRECTION ( 'NONE',  ( 0.8990754936489593341, 0.4377936234344672606, 4.746567976289070610E-16 ) ) ;
#8524 = EDGE_LOOP ( 'NONE', ( #4280, #10023, #7813, #2809 ) ) ;
#8525 = CARTESIAN_POINT ( 'NONE',  ( -1.579999999998999982, -6.197290696738999571, 3.255025175429000051 ) ) ;
#8526 = LINE ( 'NONE', #3290, #4320 ) ;
#8527 = DIRECTION ( 'NONE',  ( 1.000000000000000000, 1.284980352574999780E-16, 0.000000000000000000 ) ) ;
#8528 = DIRECTION ( 'NONE',  ( 1.000000000000000000, 0.000000000000000000, 0.000000000000000000 ) ) ;
#8529 = VECTOR ( 'NONE', #3204, 1000.000000000000000 ) ;
#8530 = VECTOR ( 'NONE', #9945, 1000.000000000000000 ) ;
#8531 = ADVANCED_FACE ( 'NONE', ( #3620 ), #3564, .F. ) ;
#8532 = ORIENTED_EDGE ( 'NONE', *, *, #2674, .T. ) ;
#8533 = CARTESIAN_POINT ( 'NONE',  ( -1.579999999998999982, -1.894999999999999796, -0.8999999999990000443 ) ) ;
#8534 = FACE_OUTER_BOUND ( 'NONE', #9311, .T. ) ;
#8535 = CARTESIAN_POINT ( 'NONE',  ( 1.580000000000000071, -3.594999999999999751, 0.4000000000000000222 ) ) ;
#8536 = VERTEX_POINT ( 'NONE', #2758 ) ;
#8537 = DIRECTION ( 'NONE',  ( 0.000000000000000000, 1.000000000000000000, 0.000000000000000000 ) ) ;
#8538 = DIRECTION ( 'NONE',  ( 0.000000000000000000, -1.000000000000000000, 0.000000000000000000 ) ) ;
#8539 = DIRECTION ( 'NONE',  ( 0.000000000000000000, 0.000000000000000000, 1.000000000000000000 ) ) ;
#8540 = ADVANCED_FACE ( 'NONE', ( #8957 ), #9696, .F. ) ;
#8541 = EDGE_CURVE ( 'NONE', #6338, #3439, #3728, .T. ) ;
#8542 = AXIS2_PLACEMENT_3D ( 'NONE', #7970, #9460, #4236 ) ;
#8543 = VERTEX_POINT ( 'NONE', #1898 ) ;
#8544 = CARTESIAN_POINT ( 'NONE',  ( 0.3800000000000000044, -3.894999999999999574, 7.799999999998999733 ) ) ;
#8545 = VECTOR ( 'NONE', #6771, 1000.000000000000000 ) ;
#8546 = VERTEX_POINT ( 'NONE', #1094 ) ;
#8547 = LINE ( 'NONE', #9281, #9163 ) ;
#8548 = ORIENTED_EDGE ( 'NONE', *, *, #5851, .T. ) ;
#8549 = EDGE_CURVE ( 'NONE', #2746, #671, #4591, .T. ) ;
#8550 = ORIENTED_EDGE ( 'NONE', *, *, #7841, .T. ) ;
#8551 = ORIENTED_EDGE ( 'NONE', *, *, #398, .T. ) ;
#8552 = LINE ( 'NONE', #683, #9817 ) ;
#8553 = FACE_OUTER_BOUND ( 'NONE', #3348, .T. ) ;
#8554 = VECTOR ( 'NONE', #3024, 1000.000000000000000 ) ;
#8555 = LINE ( 'NONE', #1808, #4781 ) ;
#8556 = DIRECTION ( 'NONE',  ( 1.000000000000000000, 0.000000000000000000, -7.132909029508998382E-17 ) ) ;
#8557 = FACE_OUTER_BOUND ( 'NONE', #7078, .T. ) ;
#8558 = ADVANCED_FACE ( 'NONE', ( #6371 ), #9862, .F. ) ;
#8559 = ORIENTED_EDGE ( 'NONE', *, *, #7091, .T. ) ;
#8560 = CARTESIAN_POINT ( 'NONE',  ( -0.3499999999989999999, -4.829526559172999889, 2.124913496054000372 ) ) ;
#8561 = ORIENTED_EDGE ( 'NONE', *, *, #967, .T. ) ;
#8562 = VERTEX_POINT ( 'NONE', #1153 ) ;
#8563 = CARTESIAN_POINT ( 'NONE',  ( 1.280000000000000027, -8.294999999999999929, 3.749999999998999911 ) ) ;
#8564 = ADVANCED_FACE ( 'NONE', ( #8159 ), #285, .F. ) ;
#8565 = ORIENTED_EDGE ( 'NONE', *, *, #8201, .T. ) ;
#8566 = ORIENTED_EDGE ( 'NONE', *, *, #785, .F. ) ;
#8567 = ORIENTED_EDGE ( 'NONE', *, *, #3836, .F. ) ;
#8568 = DIRECTION ( 'NONE',  ( 0.000000000000000000, -1.000000000000000000, 0.000000000000000000 ) ) ;
#8569 = DIRECTION ( 'NONE',  ( -1.000000000000000000, -1.284980352575841889E-16, 0.000000000000000000 ) ) ;
#8570 = LINE ( 'NONE', #6951, #7718 ) ;
#8571 = DIRECTION ( 'NONE',  ( -1.000000000000000000, 0.000000000000000000, 1.215473287538999910E-16 ) ) ;
#8572 = FACE_OUTER_BOUND ( 'NONE', #3272, .T. ) ;
#8573 = ORIENTED_EDGE ( 'NONE', *, *, #692, .T. ) ;
#8574 = CARTESIAN_POINT ( 'NONE',  ( -1.279999999998999716, -7.894999999999999574, 6.749999999998999911 ) ) ;
#8575 = EDGE_CURVE ( 'NONE', #1428, #2412, #334, .T. ) ;
#8576 = ADVANCED_FACE ( 'NONE', ( #2984 ), #3892, .F. ) ;
#8577 = FACE_OUTER_BOUND ( 'NONE', #846, .T. ) ;
#8578 = CARTESIAN_POINT ( 'NONE',  ( -1.579999999998999982, -9.694999999999998508, 9.000000000000000000 ) ) ;
#8579 = VERTEX_POINT ( 'NONE', #6547 ) ;
#8580 = PLANE ( 'NONE',  #7229 ) ;
#8581 = DIRECTION ( 'NONE',  ( 1.000000000000000000, 0.000000000000000000, 0.000000000000000000 ) ) ;
#8582 = DIRECTION ( 'NONE',  ( 1.000000000000000000, -1.239088197125999924E-16, 0.000000000000000000 ) ) ;
#8583 = LINE ( 'NONE', #2373, #1127 ) ;
#8584 = UNCERTAINTY_MEASURE_WITH_UNIT (LENGTH_MEASURE( 1.000000000000000082E-05 ), #11074, 'distance_accuracy_value', 'NONE');
#8585 = ORIENTED_EDGE ( 'NONE', *, *, #9394, .T. ) ;
#8586 = CARTESIAN_POINT ( 'NONE',  ( 0.3599999999990000088, -9.330679945108999007, 3.124999999998999911 ) ) ;
#8587 = LINE ( 'NONE', #2608, #10779 ) ;
#8588 = LINE ( 'NONE', #11204, #9176 ) ;
#8589 = ORIENTED_EDGE ( 'NONE', *, *, #6491, .T. ) ;
#8590 = FACE_OUTER_BOUND ( 'NONE', #5089, .T. ) ;
#8591 = CARTESIAN_POINT ( 'NONE',  ( -0.3799999999990000266, -3.894999999999999574, 0.04999999999899999714 ) ) ;
#8592 = ADVANCED_FACE ( 'NONE', ( #4755 ), #10941, .T. ) ;
#8593 = DIRECTION ( 'NONE',  ( 1.000000000000000000, 1.239088197125999924E-16, 0.000000000000000000 ) ) ;
#8594 = AXIS2_PLACEMENT_3D ( 'NONE', #3422, #3363, #6869 ) ;
#8595 = CARTESIAN_POINT ( 'NONE',  ( 0.3499999999989999999, -8.830679945108999007, 4.625000000000000000 ) ) ;
#8596 =( NAMED_UNIT ( * ) SI_UNIT ( $, .STERADIAN. ) SOLID_ANGLE_UNIT ( ) );
#8597 = VERTEX_POINT ( 'NONE', #8212 ) ;
#8598 = LINE ( 'NONE', #7677, #5815 ) ;
#8599 = ORIENTED_EDGE ( 'NONE', *, *, #9889, .F. ) ;
#8600 = CARTESIAN_POINT ( 'NONE',  ( -1.280000000000000027, -8.294999999999999929, 3.749999999998999911 ) ) ;
#8601 = ORIENTED_EDGE ( 'NONE', *, *, #3475, .T. ) ;
#8602 = ORIENTED_EDGE ( 'NONE', *, *, #880, .F. ) ;
#8603 = VERTEX_POINT ( 'NONE', #5676 ) ;
#8604 = LINE ( 'NONE', #34, #4691 ) ;
#8605 = EDGE_CURVE ( 'NONE', #7880, #3721, #9070, .T. ) ;
#8606 = CARTESIAN_POINT ( 'NONE',  ( 1.280000000000000027, 1.555811304863000011, 0.2999999999999999889 ) ) ;
#8607 = LINE ( 'NONE', #11222, #9199 ) ;
#8608 = AXIS2_PLACEMENT_3D ( 'NONE', #7576, #570, #3042 ) ;
#8609 = DIRECTION ( 'NONE',  ( -1.807003620808999850E-16, 0.000000000000000000, -1.000000000000000000 ) ) ;
#8610 = EDGE_LOOP ( 'NONE', ( #8918, #8164, #563, #10134 ) ) ;
#8611 = EDGE_LOOP ( 'NONE', ( #1893, #610, #9272, #6266 ) ) ;
#8612 = ORIENTED_EDGE ( 'NONE', *, *, #6726, .F. ) ;
#8613 = DIRECTION ( 'NONE',  ( 1.000000000000000000, 0.000000000000000000, 0.000000000000000000 ) ) ;
#8614 = VERTEX_POINT ( 'NONE', #7408 ) ;
#8615 = ORIENTED_EDGE ( 'NONE', *, *, #10584, .F. ) ;
#8616 = FILL_AREA_STYLE ('',( #4187 ) ) ;
#8617 = AXIS2_PLACEMENT_3D ( 'NONE', #5953, #5306, #1805 ) ;
#8618 = ORIENTED_EDGE ( 'NONE', *, *, #7153, .F. ) ;
#8619 = EDGE_CURVE ( 'NONE', #8089, #5855, #2232, .T. ) ;
#8620 = PLANE ( 'NONE',  #10876 ) ;
#8621 = EDGE_CURVE ( 'NONE', #9457, #2961, #7354, .T. ) ;
#8622 = LINE ( 'NONE', #5172, #8722 ) ;
#8623 = CARTESIAN_POINT ( 'NONE',  ( 1.580000000000000071, 3.804999999999000071, 7.799999999998999733 ) ) ;
#8624 = DIRECTION ( 'NONE',  ( 1.281023473655992504E-16, -0.9969206697117722893, -0.07841669657306082897 ) ) ;
#8625 = CARTESIAN_POINT ( 'NONE',  ( -0.3599999999990000088, -5.330679945108999007, 1.624999999998999911 ) ) ;
#8626 = EDGE_CURVE ( 'NONE', #5275, #8728, #9975, .T. ) ;
#8627 = EDGE_LOOP ( 'NONE', ( #156, #2228, #6879, #4984 ) ) ;
#8628 = CLOSED_SHELL ( 'NONE', ( #9948, #8759, #4842, #10192, #719, #5934 ) ) ;
#8629 = LINE ( 'NONE', #1736, #6472 ) ;
#8630 = VECTOR ( 'NONE', #9505, 1000.000000000000114 ) ;
#8631 = ORIENTED_EDGE ( 'NONE', *, *, #4148, .T. ) ;
#8632 = CARTESIAN_POINT ( 'NONE',  ( 1.430000000000000160, -4.571077182464999389, 5.654324757502999788 ) ) ;
#8633 = ORIENTED_EDGE ( 'NONE', *, *, #5062, .T. ) ;
#8634 = DIRECTION ( 'NONE',  ( -1.000000000000000000, 0.000000000000000000, 1.807003620808999850E-16 ) ) ;
#8635 = EDGE_CURVE ( 'NONE', #11294, #5316, #2925, .T. ) ;
#8636 = CARTESIAN_POINT ( 'NONE',  ( 1.280000000000000027, -3.894999999999999574, 8.000000000000000000 ) ) ;
#8637 = VECTOR ( 'NONE', #2125, 1000.000000000000000 ) ;
#8638 = VECTOR ( 'NONE', #5794, 1000.000000000000000 ) ;
#8639 = CARTESIAN_POINT ( 'NONE',  ( 1.280000000000000027, 3.504999999999000249, 8.000000000000000000 ) ) ;
#8640 = VECTOR ( 'NONE', #6681, 1000.000000000000000 ) ;
#8641 = ADVANCED_FACE ( 'NONE', ( #3091 ), #1310, .F. ) ;
#8642 = CARTESIAN_POINT ( 'NONE',  ( 0.3800000000000000044, -9.694999999999998508, 1.249999999998999911 ) ) ;
#8643 = EDGE_CURVE ( 'NONE', #5405, #7629, #6428, .T. ) ;
#8644 = VECTOR ( 'NONE', #2625, 1000.000000000000000 ) ;
#8645 = ORIENTED_EDGE ( 'NONE', *, *, #8133, .F. ) ;
#8646 = CARTESIAN_POINT ( 'NONE',  ( -1.280000000000000027, 3.804999999999000071, 2.720678065752000219 ) ) ;
#8647 = LINE ( 'NONE', #11313, #4069 ) ;
#8648 = AXIS2_PLACEMENT_3D ( 'NONE', #3580, #3411, #3522 ) ;
#8649 =( GEOMETRIC_REPRESENTATION_CONTEXT ( 3 ) GLOBAL_UNCERTAINTY_ASSIGNED_CONTEXT ( ( #539 ) ) GLOBAL_UNIT_ASSIGNED_CONTEXT ( ( #10839, #11008, #1614 ) ) REPRESENTATION_CONTEXT ( 'NONE', 'WORKASPACE' ) );
#8650 = CARTESIAN_POINT ( 'NONE',  ( 1.080000000000000071, -3.494999999999999662, 0.4000000000000000222 ) ) ;
#8651 = ORIENTED_EDGE ( 'NONE', *, *, #7941, .F. ) ;
#8652 = LINE ( 'NONE', #7896, #4098 ) ;
#8653 = DIRECTION ( 'NONE',  ( 1.000000000000000000, -1.239088197125999924E-16, 0.000000000000000000 ) ) ;
#8654 = PLANE ( 'NONE',  #5860 ) ;
#8655 = EDGE_CURVE ( 'NONE', #4788, #6431, #1257, .T. ) ;
#8656 = AXIS2_PLACEMENT_3D ( 'NONE', #6533, #436, #10813 ) ;
#8657 = ADVANCED_FACE ( 'NONE', ( #2175 ), #6601, .F. ) ;
#8658 = ORIENTED_EDGE ( 'NONE', *, *, #3698, .F. ) ;
#8659 = DIRECTION ( 'NONE',  ( 0.000000000000000000, -1.000000000000000000, 0.000000000000000000 ) ) ;
#8660 = ORIENTED_EDGE ( 'NONE', *, *, #4498, .T. ) ;
#8661 = CARTESIAN_POINT ( 'NONE',  ( 0.9817789317309998376, -6.329612395372000044, 5.757479594345999985 ) ) ;
#8662 = EDGE_LOOP ( 'NONE', ( #8754, #10652, #5271, #10378 ) ) ;
#8663 = EDGE_LOOP ( 'NONE', ( #2534, #8840, #1810, #6738, #8782, #5274 ) ) ;
#8664 = PLANE ( 'NONE',  #6345 ) ;
#8665 = VECTOR ( 'NONE', #9351, 1000.000000000000000 ) ;
#8666 = PLANE ( 'NONE',  #823 ) ;
#8667 = DIRECTION ( 'NONE',  ( 0.000000000000000000, 0.000000000000000000, 1.000000000000000000 ) ) ;
#8668 = CARTESIAN_POINT ( 'NONE',  ( -1.280000000000000027, -3.894999999999999574, 8.000000000000000000 ) ) ;
#8669 = APPLICATION_CONTEXT ( 'automotive_design' ) ;
#8670 = AXIS2_PLACEMENT_3D ( 'NONE', #9587, #934, #11355 ) ;
#8671 = VERTEX_POINT ( 'NONE', #1208 ) ;
#8672 = ADVANCED_FACE ( 'NONE', ( #8323 ), #3949, .F. ) ;
#8673 = FACE_BOUND ( 'NONE', #7062, .T. ) ;
#8674 = ORIENTED_EDGE ( 'NONE', *, *, #7696, .T. ) ;
#8675 = ORIENTED_EDGE ( 'NONE', *, *, #1701, .T. ) ;
#8676 = VERTEX_POINT ( 'NONE', #506 ) ;
#8677 = ORIENTED_EDGE ( 'NONE', *, *, #7304, .T. ) ;
#8678 = ORIENTED_EDGE ( 'NONE', *, *, #1858, .F. ) ;
#8679 = LINE ( 'NONE', #7820, #818 ) ;
#8680 = CARTESIAN_POINT ( 'NONE',  ( 1.280000000000000027, -2.544188695136999634, 0.05000000000000000278 ) ) ;
#8681 = CARTESIAN_POINT ( 'NONE',  ( -1.280000000000000027, -7.894999999999999574, 5.249999999998999911 ) ) ;
#8682 = CARTESIAN_POINT ( 'NONE',  ( 1.279999999998999716, -1.545811304863999647, 0.2999999999999999889 ) ) ;
#8683 = CARTESIAN_POINT ( 'NONE',  ( 0.3600000000000000422, -8.830679945108999007, 6.924999999999999822 ) ) ;
#8684 = ORIENTED_EDGE ( 'NONE', *, *, #7858, .T. ) ;
#8685 = EDGE_CURVE ( 'NONE', #3144, #75, #8423, .T. ) ;
#8686 = DIRECTION ( 'NONE',  ( 0.000000000000000000, 1.000000000000000000, 0.000000000000000000 ) ) ;
#8687 = EDGE_CURVE ( 'NONE', #11009, #7006, #10140, .T. ) ;
#8688 = EDGE_LOOP ( 'NONE', ( #6419, #4430, #7509, #7840 ) ) ;
#8689 = DIRECTION ( 'NONE',  ( -1.000000000000000000, 1.239088197125999924E-16, 0.000000000000000000 ) ) ;
#8690 = VERTEX_POINT ( 'NONE', #2344 ) ;
#8691 = AXIS2_PLACEMENT_3D ( 'NONE', #7147, #9944, #5534 ) ;
#8692 = PRODUCT_RELATED_PRODUCT_CATEGORY ( 'part', '', ( #7788 ) ) ;
#8693 = DIRECTION ( 'NONE',  ( 0.000000000000000000, 0.000000000000000000, -1.000000000000000000 ) ) ;
#8694 = CARTESIAN_POINT ( 'NONE',  ( -1.279999999998999716, -1.110000000000999743, -0.7048473225369999984 ) ) ;
#8695 = CARTESIAN_POINT ( 'NONE',  ( 1.280000000000000027, -8.294999999999999929, 5.599999999998999556 ) ) ;
#8696 = VECTOR ( 'NONE', #3526, 1000.000000000000000 ) ;
#8697 = AXIS2_PLACEMENT_3D ( 'NONE', #9998, #5643, #6049 ) ;
#8698 = EDGE_CURVE ( 'NONE', #7828, #9698, #4125, .T. ) ;
#8699 = ORIENTED_EDGE ( 'NONE', *, *, #1546, .F. ) ;
#8700 = PLANE ( 'NONE',  #2998 ) ;
#8701 = DIRECTION ( 'NONE',  ( 1.000000000000000000, 0.000000000000000000, 0.000000000000000000 ) ) ;
#8702 = LINE ( 'NONE', #6918, #8814 ) ;
#8703 = ORIENTED_EDGE ( 'NONE', *, *, #6947, .F. ) ;
#8704 = EDGE_CURVE ( 'NONE', #5165, #699, #1655, .T. ) ;
#8705 = LINE ( 'NONE', #7786, #7960 ) ;
#8706 = CARTESIAN_POINT ( 'NONE',  ( 1.430000000000000160, -4.571077182464999389, 3.395675242495999946 ) ) ;
#8708 = VECTOR ( 'NONE', #9752, 1000.000000000000000 ) ;
#8707 = CARTESIAN_POINT ( 'NONE',  ( -1.279999999998999716, 2.554188695136000664, 0.2999999999999999889 ) ) ;
#8709 = APPLICATION_PROTOCOL_DEFINITION ( 'draft international standard', 'automotive_design', 1998, #8669 ) ;
#8710 = ORIENTED_EDGE ( 'NONE', *, *, #3111, .F. ) ;
#8711 = LINE ( 'NONE', #3312, #872 ) ;
#8712 = EDGE_CURVE ( 'NONE', #5843, #6914, #2460, .T. ) ;
#8713 = ORIENTED_EDGE ( 'NONE', *, *, #5622, .F. ) ;
#8714 = CARTESIAN_POINT ( 'NONE',  ( 0.3499999999999999778, -5.330679945108999007, 5.625000000000000000 ) ) ;
#8715 = VECTOR ( 'NONE', #492, 1000.000000000000000 ) ;
#8716 = VERTEX_POINT ( 'NONE', #1601 ) ;
#8717 = EDGE_CURVE ( 'NONE', #1300, #3378, #742, .T. ) ;
#8718 = VERTEX_POINT ( 'NONE', #11165 ) ;
#8719 = CARTESIAN_POINT ( 'NONE',  ( -0.09999999999899999992, 0.3049999999990000710, -1.600000000000000089 ) ) ;
#8720 = CARTESIAN_POINT ( 'NONE',  ( -0.3799999999990000266, -3.894999999999999574, 0.3499999999989999999 ) ) ;
#8721 = LINE ( 'NONE', #4351, #8460 ) ;
#8722 = VECTOR ( 'NONE', #2476, 1000.000000000000000 ) ;
#8723 = VERTEX_POINT ( 'NONE', #8497 ) ;
#8724 = CARTESIAN_POINT ( 'NONE',  ( 0.000000000000000000, -0.6950000000009999290, -1.600000000000000089 ) ) ;
#8725 = DIRECTION ( 'NONE',  ( -1.377536392544999984E-16, 0.000000000000000000, 1.000000000000000000 ) ) ;
#8726 = ORIENTED_EDGE ( 'NONE', *, *, #9667, .T. ) ;
#8727 = CARTESIAN_POINT ( 'NONE',  ( -1.279999999998999716, -3.894999999999999574, 0.2999999999999999889 ) ) ;
#8728 = VERTEX_POINT ( 'NONE', #1545 ) ;
#8729 = EDGE_LOOP ( 'NONE', ( #11051, #2116, #4218, #7363 ) ) ;
#8730 = ORIENTED_EDGE ( 'NONE', *, *, #10490, .F. ) ;
#8731 = PLANE ( 'NONE',  #6447 ) ;
#8732 = VECTOR ( 'NONE', #7910, 1000.000000000000000 ) ;
#8733 = EDGE_LOOP ( 'NONE', ( #3722, #7431, #6873, #2396 ) ) ;
#8734 = CARTESIAN_POINT ( 'NONE',  ( -1.080000000000000071, 5.724170050214999250, 4.915278589676999488 ) ) ;
#8735 = LINE ( 'NONE', #8510, #7622 ) ;
#8736 = DIRECTION ( 'NONE',  ( 0.000000000000000000, 0.000000000000000000, -1.000000000000000000 ) ) ;
#8737 = EDGE_CURVE ( 'NONE', #4699, #9799, #6453, .T. ) ;
#8738 = DIRECTION ( 'NONE',  ( 1.000000000000000000, 1.284980352574999780E-16, 0.000000000000000000 ) ) ;
#8739 = DIRECTION ( 'NONE',  ( 0.000000000000000000, 1.000000000000000000, -2.167154562174000065E-16 ) ) ;
#8740 = ORIENTED_EDGE ( 'NONE', *, *, #9988, .F. ) ;
#8741 = DIRECTION ( 'NONE',  ( 0.000000000000000000, 0.000000000000000000, 1.000000000000000000 ) ) ;
#8742 = ORIENTED_EDGE ( 'NONE', *, *, #7797, .T. ) ;
#8743 = CARTESIAN_POINT ( 'NONE',  ( -0.3600000000000000422, -4.830679945108999895, 5.424999999998999733 ) ) ;
#8744 = ORIENTED_EDGE ( 'NONE', *, *, #10286, .T. ) ;
#8745 = DIRECTION ( 'NONE',  ( 0.000000000000000000, 1.000000000000000000, 0.000000000000000000 ) ) ;
#8746 = PLANE ( 'NONE',  #1934 ) ;
#8747 = ADVANCED_FACE ( 'NONE', ( #4241 ), #5098, .F. ) ;
#8748 = CARTESIAN_POINT ( 'NONE',  ( 1.580000000000000071, -4.337947837308999688, 6.330399858456999596 ) ) ;
#8749 = DIRECTION ( 'NONE',  ( 1.000000000000000000, 1.284980352574999780E-16, 0.000000000000000000 ) ) ;
#8750 = ORIENTED_EDGE ( 'NONE', *, *, #6007, .T. ) ;
#8751 = DIRECTION ( 'NONE',  ( 1.000000000000000000, 0.000000000000000000, -1.215473287538999910E-16 ) ) ;
#8752 = CARTESIAN_POINT ( 'NONE',  ( -1.280000000000000027, -8.294999999999999929, 3.749999999998999911 ) ) ;
#8753 = CARTESIAN_POINT ( 'NONE',  ( -1.251501579824999988, -6.198274308341999550, 3.242520405653000370 ) ) ;
#8754 = ORIENTED_EDGE ( 'NONE', *, *, #5052, .T. ) ;
#8755 = LINE ( 'NONE', #3469, #6293 ) ;
#8756 = DIRECTION ( 'NONE',  ( 1.000000000000000000, 0.000000000000000000, 0.000000000000000000 ) ) ;
#8757 = EDGE_CURVE ( 'NONE', #1100, #724, #6716, .T. ) ;
#8758 = CARTESIAN_POINT ( 'NONE',  ( 0.3499999999989999999, -9.330679945108999007, 5.625000000000000000 ) ) ;
#8759 = ADVANCED_FACE ( 'NONE', ( #3433 ), #3263, .F. ) ;
#8760 = LINE ( 'NONE', #4389, #5329 ) ;
#8761 = ADVANCED_FACE ( 'NONE', ( #5970 ), #3322, .F. ) ;
#8762 = ORIENTED_EDGE ( 'NONE', *, *, #4540, .T. ) ;
#8763 = DIRECTION ( 'NONE',  ( -0.000000000000000000, 1.000000000000000000, 0.000000000000000000 ) ) ;
#8764 = ORIENTED_EDGE ( 'NONE', *, *, #9232, .T. ) ;
#8765 = CARTESIAN_POINT ( 'NONE',  ( 1.280000000000000027, 2.385829949784000537, 4.134721410322000246 ) ) ;
#8766 = ORIENTED_EDGE ( 'NONE', *, *, #9017, .F. ) ;
#8767 = ORIENTED_EDGE ( 'NONE', *, *, #4025, .T. ) ;
#8768 = LINE ( 'NONE', #6016, #10534 ) ;
#8769 = EDGE_CURVE ( 'NONE', #1146, #1100, #4350, .T. ) ;
#8770 = LINE ( 'NONE', #1138, #7188 ) ;
#8771 = DIRECTION ( 'NONE',  ( -1.000000000000000000, 0.000000000000000000, -1.807003620808999850E-16 ) ) ;
#8772 = EDGE_CURVE ( 'NONE', #9968, #734, #8607, .T. ) ;
#8773 = EDGE_CURVE ( 'NONE', #7045, #1903, #6827, .T. ) ;
#8774 = ADVANCED_FACE ( 'NONE', ( #6884 ), #2563, .T. ) ;
#8775 = ORIENTED_EDGE ( 'NONE', *, *, #6978, .T. ) ;
#8776 = FILL_AREA_STYLE_COLOUR ( '', #9962 ) ;
#8777 = DIRECTION ( 'NONE',  ( -1.807003620808999850E-16, 0.000000000000000000, -1.000000000000000000 ) ) ;
#8778 = ORIENTED_EDGE ( 'NONE', *, *, #11108, .T. ) ;
#8779 = CARTESIAN_POINT ( 'NONE',  ( -0.3799999999990000266, -3.894999999999999574, 0.3499999999989999999 ) ) ;
#8780 = ORIENTED_EDGE ( 'NONE', *, *, #3795, .T. ) ;
#8781 = ORIENTED_EDGE ( 'NONE', *, *, #8353, .T. ) ;
#8782 = ORIENTED_EDGE ( 'NONE', *, *, #406, .F. ) ;
#8783 = PLANE ( 'NONE',  #452 ) ;
#8784 = FACE_OUTER_BOUND ( 'NONE', #8505, .T. ) ;
#8785 = ORIENTED_EDGE ( 'NONE', *, *, #10365, .F. ) ;
#8786 = LINE ( 'NONE', #8954, #10344 ) ;
#8788 = CARTESIAN_POINT ( 'NONE',  ( -1.580000000000000071, -2.752668290246999661, 4.776807376878000611 ) ) ;
#8787 = VECTOR ( 'NONE', #5066, 1000.000000000000000 ) ;
#8789 = CARTESIAN_POINT ( 'NONE',  ( 0.3600000000000000422, -8.830679945108999007, 3.625000000000000000 ) ) ;
#8790 = DIRECTION ( 'NONE',  ( 1.000000000000000000, 1.284980352574999780E-16, 0.000000000000000000 ) ) ;
#8791 = EDGE_CURVE ( 'NONE', #2610, #8278, #802, .T. ) ;
#8792 = CARTESIAN_POINT ( 'NONE',  ( 0.3499999999999999778, -4.829526559172999889, 2.124913496054000372 ) ) ;
#8793 = ORIENTED_EDGE ( 'NONE', *, *, #4894, .T. ) ;
#8794 = DIRECTION ( 'NONE',  ( -1.000000000000000000, 1.239088197125999924E-16, 0.000000000000000000 ) ) ;
#8795 = VECTOR ( 'NONE', #7271, 1000.000000000000000 ) ;
#8796 = EDGE_LOOP ( 'NONE', ( #5284, #6892, #7133, #3996 ) ) ;
#8797 = LINE ( 'NONE', #9023, #3499 ) ;
#8798 = ORIENTED_EDGE ( 'NONE', *, *, #3730, .T. ) ;
#8799 = PLANE ( 'NONE',  #5954 ) ;
#8800 = CARTESIAN_POINT ( 'NONE',  ( -1.280000000000000027, 3.804999999999000071, 0.3999999999989999888 ) ) ;
#8801 = CARTESIAN_POINT ( 'NONE',  ( -0.3499999999999999778, -9.395000000000001350, 7.870000000000000107 ) ) ;
#8802 = CARTESIAN_POINT ( 'NONE',  ( -0.3600000000000000422, -8.830679945108999007, 3.924999999999999822 ) ) ;
#8803 = VECTOR ( 'NONE', #10807, 1000.000000000000114 ) ;
#8804 = EDGE_LOOP ( 'NONE', ( #7870, #7329, #9158, #9414 ) ) ;
#8805 = DIRECTION ( 'NONE',  ( 0.000000000000000000, 2.168404344971000240E-16, -1.000000000000000000 ) ) ;
#8806 = EDGE_CURVE ( 'NONE', #3539, #10765, #6076, .T. ) ;
#8807 = CARTESIAN_POINT ( 'NONE',  ( -0.3600000000000000422, -4.830679945108999895, 5.125000000000000000 ) ) ;
#8808 = CARTESIAN_POINT ( 'NONE',  ( -0.3600000000000000422, -8.830679945108999007, 3.625000000000000000 ) ) ;
#8809 = AXIS2_PLACEMENT_3D ( 'NONE', #10480, #4522, #9517 ) ;
#8810 = ORIENTED_EDGE ( 'NONE', *, *, #3579, .T. ) ;
#8811 = VECTOR ( 'NONE', #6682, 1000.000000000000000 ) ;
#8812 = LINE ( 'NONE', #10353, #623 ) ;
#8813 = LINE ( 'NONE', #952, #8891 ) ;
#8814 = VECTOR ( 'NONE', #5946, 1000.000000000000000 ) ;
#8815 = LINE ( 'NONE', #953, #730 ) ;
#8816 = CARTESIAN_POINT ( 'NONE',  ( 1.280000000000000027, -7.894999999999999574, 2.249999999998999911 ) ) ;
#8817 = VECTOR ( 'NONE', #6319, 1000.000000000000000 ) ;
#8818 = VECTOR ( 'NONE', #9614, 1000.000000000000000 ) ;
#8819 = AXIS2_PLACEMENT_3D ( 'NONE', #9591, #4373, #3 ) ;
#8820 = ORIENTED_EDGE ( 'NONE', *, *, #5308, .T. ) ;
#8821 = EDGE_CURVE ( 'NONE', #1009, #1234, #4300, .T. ) ;
#8822 = PLANE ( 'NONE',  #206 ) ;
#8823 = ADVANCED_FACE ( 'NONE', ( #9405 ), #11282, .T. ) ;
#8824 = ORIENTED_EDGE ( 'NONE', *, *, #10845, .T. ) ;
#8825 = DIRECTION ( 'NONE',  ( 0.000000000000000000, -1.000000000000000000, 0.000000000000000000 ) ) ;
#8826 = VERTEX_POINT ( 'NONE', #7052 ) ;
#8827 = ORIENTED_EDGE ( 'NONE', *, *, #4811, .F. ) ;
#8828 = DIRECTION ( 'NONE',  ( 0.000000000000000000, 0.000000000000000000, 1.000000000000000000 ) ) ;
#8829 = AXIS2_PLACEMENT_3D ( 'NONE', #2052, #147, #5550 ) ;
#8830 = EDGE_CURVE ( 'NONE', #4893, #659, #36, .T. ) ;
#8831 = CIRCLE ( 'NONE', #2779, 1.050000000000000044 ) ;
#8832 = DIRECTION ( 'NONE',  ( 1.000000000000000000, 0.000000000000000000, 1.215473287538999910E-16 ) ) ;
#8833 = CARTESIAN_POINT ( 'NONE',  ( 0.000000000000000000, -2.695000000000999485, -1.600000000000000089 ) ) ;
#8834 = VERTEX_POINT ( 'NONE', #4518 ) ;
#8835 = VECTOR ( 'NONE', #9941, 1000.000000000000114 ) ;
#8836 = EDGE_CURVE ( 'NONE', #1580, #2180, #10532, .T. ) ;
#8837 = DIRECTION ( 'NONE',  ( 1.000000000000000000, -1.239088197125999924E-16, 0.000000000000000000 ) ) ;
#8838 = ORIENTED_EDGE ( 'NONE', *, *, #4205, .T. ) ;
#8839 = DIRECTION ( 'NONE',  ( 0.000000000000000000, -1.000000000000000000, 0.000000000000000000 ) ) ;
#8840 = ORIENTED_EDGE ( 'NONE', *, *, #274, .T. ) ;
#8841 = ORIENTED_EDGE ( 'NONE', *, *, #2112, .F. ) ;
#8842 = ORIENTED_EDGE ( 'NONE', *, *, #7589, .T. ) ;
#8843 = CARTESIAN_POINT ( 'NONE',  ( -1.279999999998999716, 2.554188695136000664, 0.05000000000000000278 ) ) ;
#8844 = DIRECTION ( 'NONE',  ( 2.487778908865945165E-16, -0.5000000000001899592, 0.8660254037843289066 ) ) ;
#8845 = ORIENTED_EDGE ( 'NONE', *, *, #10273, .F. ) ;
#8846 = ADVANCED_FACE ( 'NONE', ( #2624 ), #11333, .T. ) ;
#8847 = CARTESIAN_POINT ( 'NONE',  ( -0.3799999999990000266, -9.544999999998998064, 8.699999999999000977 ) ) ;
#8848 = PLANE ( 'NONE',  #6223 ) ;
#8849 = PLANE ( 'NONE',  #1287 ) ;
#8850 = DIRECTION ( 'NONE',  ( 1.284980352574999780E-16, 1.000000000000000000, 0.000000000000000000 ) ) ;
#8851 = CARTESIAN_POINT ( 'NONE',  ( -0.3599999999990000088, -2.944999999999999840, -6.446060001586000578E-17 ) ) ;
#8852 = VECTOR ( 'NONE', #4333, 1000.000000000000000 ) ;
#8853 = ORIENTED_EDGE ( 'NONE', *, *, #2251, .F. ) ;
#8854 = FACE_OUTER_BOUND ( 'NONE', #7767, .T. ) ;
#8855 = VERTEX_POINT ( 'NONE', #6355 ) ;
#8856 = ADVANCED_FACE ( 'NONE', ( #146 ), #7224, .T. ) ;
#8857 = DIRECTION ( 'NONE',  ( -1.000000000000000000, 0.000000000000000000, 1.215473287538999910E-16 ) ) ;
#8858 = EDGE_LOOP ( 'NONE', ( #782, #8742, #1248, #3650, #7387 ) ) ;
#8859 = ADVANCED_FACE ( 'NONE', ( #7164 ), #908, .F. ) ;
#8860 = LINE ( 'NONE', #8116, #1003 ) ;
#8861 = CARTESIAN_POINT ( 'NONE',  ( -1.280000000000000027, -8.294999999999999929, 6.399999999999000266 ) ) ;
#8862 = DIRECTION ( 'NONE',  ( 0.000000000000000000, 1.000000000000000000, 0.000000000000000000 ) ) ;
#8863 = DIRECTION ( 'NONE',  ( -1.270804703590999957E-32, -1.025596649647999987E-16, -1.000000000000000000 ) ) ;
#8864 = VERTEX_POINT ( 'NONE', #965 ) ;
#8865 = CARTESIAN_POINT ( 'NONE',  ( -1.430000000000000160, -4.337947837308999688, 2.719600141541999694 ) ) ;
#8866 = DIRECTION ( 'NONE',  ( -1.000000000000000000, 0.000000000000000000, -2.225651257388000148E-16 ) ) ;
#8867 = DIRECTION ( 'NONE',  ( -1.393178489863000032E-31, -1.084202172484999957E-15, 1.000000000000000000 ) ) ;
#8868 = VERTEX_POINT ( 'NONE', #8997 ) ;
#8869 = AXIS2_PLACEMENT_3D ( 'NONE', #608, #3977, #5713 ) ;
#8870 = CARTESIAN_POINT ( 'NONE',  ( -1.280000000000000027, -3.894999999999999574, 8.000000000000000000 ) ) ;
#8871 = CARTESIAN_POINT ( 'NONE',  ( -1.580000000000000071, 3.804999999999000071, 4.915278589676999488 ) ) ;
#8872 = AXIS2_PLACEMENT_3D ( 'NONE', #2664, #5419, #8927 ) ;
#8873 = CARTESIAN_POINT ( 'NONE',  ( -2.039530102007999890, -7.816610196909000940, 5.599999999998999556 ) ) ;
#8874 = CARTESIAN_POINT ( 'NONE',  ( -0.3599999999990000088, -2.944999999999999840, -1.215473287539000010E-18 ) ) ;
#8875 = EDGE_CURVE ( 'NONE', #2729, #7191, #3653, .T. ) ;
#8876 = AXIS2_PLACEMENT_3D ( 'NONE', #1105, #6383, #9766 ) ;
#8877 = AXIS2_PLACEMENT_3D ( 'NONE', #4358, #916, #5870 ) ;
#8878 = EDGE_LOOP ( 'NONE', ( #5357, #4432, #3188, #3385 ) ) ;
#8879 = DIRECTION ( 'NONE',  ( 0.000000000000000000, -1.000000000000000000, -1.084202172484999957E-15 ) ) ;
#8880 = ORIENTED_EDGE ( 'NONE', *, *, #7300, .T. ) ;
#8881 = CARTESIAN_POINT ( 'NONE',  ( -1.580000000000000071, -7.894999999999999574, 6.749999999998999911 ) ) ;
#8882 = EDGE_LOOP ( 'NONE', ( #6361, #3790, #5220, #8427 ) ) ;
#8883 = AXIS2_PLACEMENT_3D ( 'NONE', #5186, #6161, #7885 ) ;
#8884 = ORIENTED_EDGE ( 'NONE', *, *, #1621, .F. ) ;
#8885 = DIRECTION ( 'NONE',  ( -1.377536392544999984E-16, 0.000000000000000000, 1.000000000000000000 ) ) ;
#8886 = DIRECTION ( 'NONE',  ( 0.000000000000000000, 2.168404344971000240E-16, -1.000000000000000000 ) ) ;
#8887 = EDGE_CURVE ( 'NONE', #328, #1306, #8770, .T. ) ;
#8888 = ADVANCED_FACE ( 'NONE', ( #9624 ), #7972, .F. ) ;
#8889 = DIRECTION ( 'NONE',  ( 1.000000000000000000, 1.284980352574999780E-16, 0.000000000000000000 ) ) ;
#8890 = AXIS2_PLACEMENT_3D ( 'NONE', #7512, #10884, #504 ) ;
#8891 = VECTOR ( 'NONE', #4450, 1000.000000000000000 ) ;
#8892 = ORIENTED_EDGE ( 'NONE', *, *, #5546, .T. ) ;
#8893 = FACE_OUTER_BOUND ( 'NONE', #10129, .T. ) ;
#8894 = ADVANCED_FACE ( 'NONE', ( #1768 ), #9791, .T. ) ;
#8895 = CARTESIAN_POINT ( 'NONE',  ( -0.3499999999999999778, -5.330679945108999007, 7.125000000000000000 ) ) ;
#8896 = ORIENTED_EDGE ( 'NONE', *, *, #7485, .F. ) ;
#8897 = DIRECTION ( 'NONE',  ( 1.000000000000000000, 1.284980352574999780E-16, 0.000000000000000000 ) ) ;
#8898 = ORIENTED_EDGE ( 'NONE', *, *, #9814, .F. ) ;
#8899 = ORIENTED_EDGE ( 'NONE', *, *, #2157, .T. ) ;
#8900 = ORIENTED_EDGE ( 'NONE', *, *, #5801, .F. ) ;
#8901 = LINE ( 'NONE', #6544, #8185 ) ;
#8902 = CARTESIAN_POINT ( 'NONE',  ( -1.580000000000000071, -5.910051363132999391, 3.399999999998999822 ) ) ;
#8903 = ORIENTED_EDGE ( 'NONE', *, *, #859, .T. ) ;
#8904 = CARTESIAN_POINT ( 'NONE',  ( -1.279999999998999716, -1.110000000000999743, -0.7048473225369999984 ) ) ;
#8905 = CARTESIAN_POINT ( 'NONE',  ( -0.1000000000000000056, -2.695000000000999485, -1.600000000000000089 ) ) ;
#8906 = AXIS2_PLACEMENT_3D ( 'NONE', #1969, #5352, #4496 ) ;
#8907 = DIRECTION ( 'NONE',  ( -1.000000000000000000, 0.000000000000000000, 1.215473287538999910E-16 ) ) ;
#8908 = CARTESIAN_POINT ( 'NONE',  ( 1.580000000000000071, -8.294999999999999929, 5.599999999998999556 ) ) ;
#8909 = EDGE_CURVE ( 'NONE', #10410, #9426, #7108, .T. ) ;
#8910 = CARTESIAN_POINT ( 'NONE',  ( -0.3600000000000000422, -2.944999999999999840, -1.215473287539000010E-18 ) ) ;
#8911 = ORIENTED_EDGE ( 'NONE', *, *, #2307, .T. ) ;
#8912 = DIRECTION ( 'NONE',  ( -1.807003620808999850E-16, 0.000000000000000000, 1.000000000000000000 ) ) ;
#8913 = EDGE_CURVE ( 'NONE', #2181, #10924, #5375, .T. ) ;
#8914 = VECTOR ( 'NONE', #8828, 1000.000000000000000 ) ;
#8915 = VERTEX_POINT ( 'NONE', #10649 ) ;
#8916 = ORIENTED_EDGE ( 'NONE', *, *, #6615, .F. ) ;
#8917 = CARTESIAN_POINT ( 'NONE',  ( 0.3600000000000000422, -9.330679945108999007, 7.424999999999999822 ) ) ;
#8918 = ORIENTED_EDGE ( 'NONE', *, *, #944, .F. ) ;
#8919 = LINE ( 'NONE', #2711, #8147 ) ;
#8920 = CARTESIAN_POINT ( 'NONE',  ( 1.280000000000000027, -3.894999999999999574, 0.000000000000000000 ) ) ;
#8921 = LINE ( 'NONE', #1055, #7323 ) ;
#8922 = EDGE_CURVE ( 'NONE', #10544, #1032, #2798, .T. ) ;
#8923 = CARTESIAN_POINT ( 'NONE',  ( 1.830000000000000071, -2.944999999999999840, 0.000000000000000000 ) ) ;
#8924 = ADVANCED_FACE ( 'NONE', ( #5435 ), #1992, .T. ) ;
#8925 = EDGE_CURVE ( 'NONE', #7056, #10834, #9846, .T. ) ;
#8926 = VERTEX_POINT ( 'NONE', #6130 ) ;
#8927 = DIRECTION ( 'NONE',  ( -1.000000000000000000, 1.239088197125999924E-16, 0.000000000000000000 ) ) ;
#8928 = CARTESIAN_POINT ( 'NONE',  ( -1.579999999998999982, 2.554188695136000664, 0.2999999999999999889 ) ) ;
#8929 = FACE_OUTER_BOUND ( 'NONE', #8611, .T. ) ;
#8930 = ORIENTED_EDGE ( 'NONE', *, *, #8201, .F. ) ;
#8931 = CARTESIAN_POINT ( 'NONE',  ( -0.3600000000000000422, -4.830679945108999895, 6.924999999999999822 ) ) ;
#8932 = CARTESIAN_POINT ( 'NONE',  ( 1.280000000000000027, -8.294999999999999929, 6.749999999998999911 ) ) ;
#8933 = DIRECTION ( 'NONE',  ( 1.000000000000000000, 1.239088197125999924E-16, 0.000000000000000000 ) ) ;
#8934 = FACE_OUTER_BOUND ( 'NONE', #8202, .T. ) ;
#8935 = ORIENTED_EDGE ( 'NONE', *, *, #10207, .T. ) ;
#8936 = DIRECTION ( 'NONE',  ( -1.000000000000000000, 0.000000000000000000, 1.215473287538999910E-16 ) ) ;
#8937 = ORIENTED_EDGE ( 'NONE', *, *, #4341, .F. ) ;
#8938 = CARTESIAN_POINT ( 'NONE',  ( 1.279999999998999716, -1.894999999999999796, -0.8999999999990000443 ) ) ;
#8939 = VERTEX_POINT ( 'NONE', #6993 ) ;
#8940 = CARTESIAN_POINT ( 'NONE',  ( 1.580000000000000071, -3.594999999999999751, 0.2999999999999999889 ) ) ;
#8941 = DIRECTION ( 'NONE',  ( 1.299091332659999954E-16, 1.000000000000000000, 0.000000000000000000 ) ) ;
#8942 = DIRECTION ( 'NONE',  ( 0.000000000000000000, 1.000000000000000000, 0.000000000000000000 ) ) ;
#8943 = ORIENTED_EDGE ( 'NONE', *, *, #180, .F. ) ;
#8944 = CARTESIAN_POINT ( 'NONE',  ( 0.1000000000000000056, -1.695000000000999707, -1.600000000000000089 ) ) ;
#8945 = CARTESIAN_POINT ( 'NONE',  ( 1.580000000000000071, -6.872895553309999350, 6.308167519298999437 ) ) ;
#8946 = ORIENTED_EDGE ( 'NONE', *, *, #6311, .T. ) ;
#8947 = LINE ( 'NONE', #1084, #7961 ) ;
#8948 = EDGE_CURVE ( 'NONE', #2159, #10878, #10015, .T. ) ;
#8949 = EDGE_LOOP ( 'NONE', ( #104, #976, #4732, #11322, #6177, #7707, #4710, #79, #2185, #7891, #3155, #6517 ) ) ;
#8950 = ORIENTED_EDGE ( 'NONE', *, *, #9325, .F. ) ;
#8951 = ORIENTED_EDGE ( 'NONE', *, *, #9563, .F. ) ;
#8952 = LINE ( 'NONE', #9229, #7075 ) ;
#8953 = DIRECTION ( 'NONE',  ( 0.000000000000000000, 1.000000000000000000, 0.000000000000000000 ) ) ;
#8954 = CARTESIAN_POINT ( 'NONE',  ( 0.3600000000000000422, -4.830679945108999895, 3.924999999999999822 ) ) ;
#8955 = CARTESIAN_POINT ( 'NONE',  ( -8.916342335125998947E-31, -2.945000000000006501, 6.400000000000000355 ) ) ;
#8956 = DIRECTION ( 'NONE',  ( 0.000000000000000000, 0.000000000000000000, 1.000000000000000000 ) ) ;
#8957 = FACE_OUTER_BOUND ( 'NONE', #5296, .T. ) ;
#8958 = CARTESIAN_POINT ( 'NONE',  ( 0.3599999999990000088, -5.330679945108999007, 1.624999999998999911 ) ) ;
#8959 = VERTEX_POINT ( 'NONE', #7335 ) ;
#8960 = SURFACE_STYLE_FILL_AREA ( #5456 ) ;
#8961 = ORIENTED_EDGE ( 'NONE', *, *, #2936, .T. ) ;
#8962 = ADVANCED_FACE ( 'NONE', ( #9276 ), #5606, .F. ) ;
#8963 = EDGE_CURVE ( 'NONE', #10496, #4346, #4798, .T. ) ;
#8964 = AXIS2_PLACEMENT_3D ( 'NONE', #1423, #3834, #10830 ) ;
#8965 = ORIENTED_EDGE ( 'NONE', *, *, #9312, .F. ) ;
#8966 = CARTESIAN_POINT ( 'NONE',  ( -1.280000000000000027, 3.504999999999000249, 4.915278589676999488 ) ) ;
#8967 = VERTEX_POINT ( 'NONE', #7392 ) ;
#8968 = DIRECTION ( 'NONE',  ( 0.000000000000000000, 1.000000000000000000, 0.000000000000000000 ) ) ;
#8969 = PLANE ( 'NONE',  #7991 ) ;
#8970 = LINE ( 'NONE', #6272, #10407 ) ;
#8971 = ADVANCED_FACE ( 'NONE', ( #7499 ), #8196, .F. ) ;
#8972 = CARTESIAN_POINT ( 'NONE',  ( -0.3499999999999999778, -4.830679945108999895, 5.125000000000000000 ) ) ;
#8973 = VECTOR ( 'NONE', #8392, 1000.000000000000000 ) ;
#8974 = CARTESIAN_POINT ( 'NONE',  ( -0.3499999999999999778, -9.330679945108999007, 7.125000000000000000 ) ) ;
#8975 = ORIENTED_EDGE ( 'NONE', *, *, #1891, .T. ) ;
#8976 = PLANE ( 'NONE',  #8872 ) ;
#8977 = LINE ( 'NONE', #16, #10298 ) ;
#8978 = EDGE_CURVE ( 'NONE', #1063, #659, #2214, .T. ) ;
#8979 = LINE ( 'NONE', #10687, #9894 ) ;
#8980 = ORIENTED_EDGE ( 'NONE', *, *, #8061, .T. ) ;
#8981 = DIRECTION ( 'NONE',  ( 1.239088197125999924E-16, 1.000000000000000000, 0.000000000000000000 ) ) ;
#8982 = CARTESIAN_POINT ( 'NONE',  ( -1.279999999998999716, -1.545811304863999647, 0.05000000000000000278 ) ) ;
#8983 = PRESENTATION_LAYER_ASSIGNMENT (  '', '', ( #10951 ) ) ;
#8984 = LINE ( 'NONE', #3755, #7328 ) ;
#8985 = ADVANCED_FACE ( 'NONE', ( #9106 ), #8307, .T. ) ;
#8986 = DIRECTION ( 'NONE',  ( -1.112825628694423101E-16, 0.8660254037843290176, 0.5000000000001900702 ) ) ;
#8987 = ORIENTED_EDGE ( 'NONE', *, *, #6526, .F. ) ;
#8988 = CARTESIAN_POINT ( 'NONE',  ( -0.3600000000000000422, -2.944999999999999840, -1.215473287539000010E-18 ) ) ;
#8989 = VECTOR ( 'NONE', #9155, 1000.000000000000000 ) ;
#8990 = ORIENTED_EDGE ( 'NONE', *, *, #3703, .F. ) ;
#8991 = LINE ( 'NONE', #1988, #8803 ) ;
#8992 = ORIENTED_EDGE ( 'NONE', *, *, #1135, .F. ) ;
#8993 = CARTESIAN_POINT ( 'NONE',  ( 0.3499999999999999778, -4.830679945108999895, 6.625000000000000000 ) ) ;
#8994 = ADVANCED_FACE ( 'NONE', ( #5549 ), #3770, .T. ) ;
#8995 = AXIS2_PLACEMENT_3D ( 'NONE', #8851, #6203, #4707 ) ;
#8997 = CARTESIAN_POINT ( 'NONE',  ( -0.3599999999990000088, -8.831833331044999014, 2.124913496054000372 ) ) ;
#8996 = VECTOR ( 'NONE', #10940, 1000.000000000000000 ) ;
#8998 = VECTOR ( 'NONE', #7784, 1000.000000000000000 ) ;
#8999 = DIRECTION ( 'NONE',  ( 0.000000000000000000, 0.000000000000000000, 1.000000000000000000 ) ) ;
#9000 = ORIENTED_EDGE ( 'NONE', *, *, #3542, .F. ) ;
#9001 = LINE ( 'NONE', #2973, #7043 ) ;
#9002 = ORIENTED_EDGE ( 'NONE', *, *, #8948, .F. ) ;
#9003 = CARTESIAN_POINT ( 'NONE',  ( -1.580000000000000071, -2.979999999999999538, -0.7048473225369999984 ) ) ;
#9004 = AXIS2_PLACEMENT_3D ( 'NONE', #2107, #8252, #10873 ) ;
#9005 = ORIENTED_EDGE ( 'NONE', *, *, #6793, .T. ) ;
#9006 = VECTOR ( 'NONE', #11197, 1000.000000000000000 ) ;
#9007 = ORIENTED_EDGE ( 'NONE', *, *, #909, .F. ) ;
#9008 = VERTEX_POINT ( 'NONE', #3027 ) ;
#9009 = CARTESIAN_POINT ( 'NONE',  ( -1.429999999999000071, -1.983341451230999697, 4.776807376878000611 ) ) ;
#9010 = VECTOR ( 'NONE', #1724, 1000.000000000000000 ) ;
#9011 = DIRECTION ( 'NONE',  ( -1.000000000000000000, 1.284980352574999780E-16, 0.000000000000000000 ) ) ;
#9012 = LINE ( 'NONE', #1150, #1189 ) ;
#9013 = DIRECTION ( 'NONE',  ( 1.000000000000000000, 1.284980352574999780E-16, 0.000000000000000000 ) ) ;
#9014 = FACE_OUTER_BOUND ( 'NONE', #5428, .T. ) ;
#9015 = DIRECTION ( 'NONE',  ( 0.000000000000000000, 0.000000000000000000, -1.000000000000000000 ) ) ;
#9016 = PLANE ( 'NONE',  #2948 ) ;
#9017 = EDGE_CURVE ( 'NONE', #5275, #9607, #7450, .T. ) ;
#9018 = AXIS2_PLACEMENT_3D ( 'NONE', #7914, #6185, #8832 ) ;
#9019 = ORIENTED_EDGE ( 'NONE', *, *, #3836, .T. ) ;
#9020 = CARTESIAN_POINT ( 'NONE',  ( -1.279999999998999716, 1.119999999999000240, -0.7048473225369999984 ) ) ;
#9021 = ORIENTED_EDGE ( 'NONE', *, *, #9474, .F. ) ;
#9022 = VERTEX_POINT ( 'NONE', #3134 ) ;
#9023 = CARTESIAN_POINT ( 'NONE',  ( -0.3499999999989999999, -5.330679945108999007, 3.124999999998999911 ) ) ;
#9024 = ORIENTED_EDGE ( 'NONE', *, *, #10871, .T. ) ;
#9025 = LINE ( 'NONE', #4495, #4108 ) ;
#9026 = CARTESIAN_POINT ( 'NONE',  ( -0.3600000000000000422, -5.330679945108999007, 5.625000000000000000 ) ) ;
#9027 = VECTOR ( 'NONE', #836, 1000.000000000000000 ) ;
#9028 = DIRECTION ( 'NONE',  ( 1.000000000000000000, 0.000000000000000000, 1.215473287538999910E-16 ) ) ;
#9029 = CARTESIAN_POINT ( 'NONE',  ( -1.251501579824999988, -6.198274308341999550, 5.757479594345999985 ) ) ;
#9030 = EDGE_CURVE ( 'NONE', #1239, #9799, #1296, .T. ) ;
#9031 = EDGE_CURVE ( 'NONE', #9397, #699, #493, .T. ) ;
#9032 = CARTESIAN_POINT ( 'NONE',  ( 0.3600000000000000422, -4.830679945108999895, 6.125000000000000000 ) ) ;
#9033 = AXIS2_PLACEMENT_3D ( 'NONE', #3344, #6845, #10108 ) ;
#9034 = DIRECTION ( 'NONE',  ( 0.000000000000000000, 1.000000000000000000, 2.168404344971000191E-15 ) ) ;
#9035 = CARTESIAN_POINT ( 'NONE',  ( -1.280000000000000027, -2.544188695136999634, 0.2999999999999999889 ) ) ;
#9036 = ADVANCED_FACE ( 'NONE', ( #3818 ), #5721, .F. ) ;
#9037 = PLANE ( 'NONE',  #556 ) ;
#9038 = ORIENTED_EDGE ( 'NONE', *, *, #2418, .T. ) ;
#9039 = CARTESIAN_POINT ( 'NONE',  ( 0.3600000000000000422, -4.830679945108999895, 3.625000000000000000 ) ) ;
#9040 = DIRECTION ( 'NONE',  ( 1.000000000000000000, 0.000000000000000000, 1.215473287538999910E-16 ) ) ;
#9041 = DIRECTION ( 'NONE',  ( 0.000000000000000000, 0.000000000000000000, 1.000000000000000000 ) ) ;
#9042 = CARTESIAN_POINT ( 'NONE',  ( -0.3499999999989999999, -4.829526559172999889, 2.425086503945000249 ) ) ;
#9043 = EDGE_CURVE ( 'NONE', #4248, #8182, #1352, .T. ) ;
#9044 = EDGE_LOOP ( 'NONE', ( #1419, #9592, #32, #9097 ) ) ;
#9045 = CARTESIAN_POINT ( 'NONE',  ( 1.580000000000000071, -4.571077182464999389, 3.395675242495999946 ) ) ;
#9046 = ADVANCED_FACE ( 'NONE', ( #10126 ), #8368, .T. ) ;
#9047 = ORIENTED_EDGE ( 'NONE', *, *, #6454, .T. ) ;
#9048 = DIRECTION ( 'NONE',  ( -1.807003620808999850E-16, 0.000000000000000000, 1.000000000000000000 ) ) ;
#9049 = VECTOR ( 'NONE', #2436, 1000.000000000000000 ) ;
#9050 = ORIENTED_EDGE ( 'NONE', *, *, #3285, .F. ) ;
#9051 = DIRECTION ( 'NONE',  ( 0.000000000000000000, 0.000000000000000000, -1.000000000000000000 ) ) ;
#9052 = AXIS2_PLACEMENT_3D ( 'NONE', #4336, #11316, #1010 ) ;
#9053 = DIRECTION ( 'NONE',  ( -0.000000000000000000, 1.000000000000000000, 0.000000000000000000 ) ) ;
#9054 = CARTESIAN_POINT ( 'NONE',  ( 0.3600000000000000422, -4.830679945108999895, 3.924999999999999822 ) ) ;
#9055 = VECTOR ( 'NONE', #1998, 1000.000000000000000 ) ;
#9056 = EDGE_CURVE ( 'NONE', #7286, #10696, #4688, .T. ) ;
#9057 = ORIENTED_EDGE ( 'NONE', *, *, #1999, .F. ) ;
#9058 = AXIS2_PLACEMENT_3D ( 'NONE', #2657, #9651, #4439 ) ;
#9059 = CARTESIAN_POINT ( 'NONE',  ( 1.279999999998999716, 2.555000000000000160, -1.899999999998999822 ) ) ;
#9060 = ADVANCED_FACE ( 'NONE', ( #6410 ), #6645, .T. ) ;
#9061 = ORIENTED_EDGE ( 'NONE', *, *, #6172, .T. ) ;
#9062 = CARTESIAN_POINT ( 'NONE',  ( -0.3600000000000000422, -4.830679945108999895, 4.125000000000000000 ) ) ;
#9063 = ORIENTED_EDGE ( 'NONE', *, *, #1338, .T. ) ;
#9064 = VERTEX_POINT ( 'NONE', #2106 ) ;
#9065 = VERTEX_POINT ( 'NONE', #7735 ) ;
#9066 = CARTESIAN_POINT ( 'NONE',  ( 1.580000000000000071, -2.544188695136999634, 0.2999999999999999889 ) ) ;
#9067 = CARTESIAN_POINT ( 'NONE',  ( 1.080000000000000071, -3.594999999999999751, 0.2999999999999999889 ) ) ;
#9068 = DIRECTION ( 'NONE',  ( 0.000000000000000000, 0.000000000000000000, 1.000000000000000000 ) ) ;
#9069 = CYLINDRICAL_SURFACE ( 'NONE', #4412, 0.1499999999989998778 ) ;
#9070 = LINE ( 'NONE', #8266, #3647 ) ;
#9071 = AXIS2_PLACEMENT_3D ( 'NONE', #2869, #4532, #2812 ) ;
#9072 = DIRECTION ( 'NONE',  ( 0.000000000000000000, -1.000000000000000000, 0.000000000000000000 ) ) ;
#9073 = AXIS2_PLACEMENT_3D ( 'NONE', #8235, #3062, #11085 ) ;
#9074 = ORIENTED_EDGE ( 'NONE', *, *, #3792, .T. ) ;
#9075 = ORIENTED_EDGE ( 'NONE', *, *, #8773, .T. ) ;
#9076 = EDGE_LOOP ( 'NONE', ( #8328, #10894, #706, #3498 ) ) ;
#9077 = FILL_AREA_STYLE_COLOUR ( '', #2035 ) ;
#9078 = VECTOR ( 'NONE', #1163, 1000.000000000000000 ) ;
#9079 = VERTEX_POINT ( 'NONE', #10357 ) ;
#9080 = EDGE_CURVE ( 'NONE', #10756, #1027, #11099, .T. ) ;
#9081 = DIRECTION ( 'NONE',  ( 0.000000000000000000, 1.000000000000000000, -2.167154562174000065E-16 ) ) ;
#9082 = CARTESIAN_POINT ( 'NONE',  ( -1.279999999998999716, 2.989999999999000568, -0.7048473225369999984 ) ) ;
#9083 = LINE ( 'NONE', #70, #9693 ) ;
#9084 = PLANE ( 'NONE',  #4428 ) ;
#9085 = VECTOR ( 'NONE', #3260, 1000.000000000000000 ) ;
#9086 = CARTESIAN_POINT ( 'NONE',  ( -0.3499999999999999778, -5.330679945108999007, 7.424999999999999822 ) ) ;
#9087 = PLANE ( 'NONE',  #4286 ) ;
#9088 = FACE_OUTER_BOUND ( 'NONE', #5091, .T. ) ;
#9089 = DIRECTION ( 'NONE',  ( 1.807003620808999850E-16, 0.000000000000000000, -1.000000000000000000 ) ) ;
#9090 = CARTESIAN_POINT ( 'NONE',  ( 1.580000000000000071, -3.694999999999999396, 4.383769826401000991 ) ) ;
#9091 = ORIENTED_EDGE ( 'NONE', *, *, #10031, .F. ) ;
#9092 = ADVANCED_FACE ( 'NONE', ( #729 ), #9499, .T. ) ;
#9093 = LINE ( 'NONE', #9039, #4827 ) ;
#9094 = CARTESIAN_POINT ( 'NONE',  ( -0.3499999999999999778, -4.830679945108999895, 6.924999999999999822 ) ) ;
#9095 = DIRECTION ( 'NONE',  ( -0.4361276865241069944, -0.8956542399572199331, -0.08715574274702139745 ) ) ;
#9096 = CARTESIAN_POINT ( 'NONE',  ( -1.280000000000000027, -8.294999999999999929, 5.249999999998999911 ) ) ;
#9097 = ORIENTED_EDGE ( 'NONE', *, *, #1999, .T. ) ;
#9098 = FACE_OUTER_BOUND ( 'NONE', #116, .T. ) ;
#9099 = CARTESIAN_POINT ( 'NONE',  ( -1.313767999309000123, -7.011402213315999887, 5.691134909835000144 ) ) ;
#9100 = ORIENTED_EDGE ( 'NONE', *, *, #5380, .F. ) ;
#9101 = DIRECTION ( 'NONE',  ( 0.000000000000000000, -0.9969206697117722893, 0.07841669657306082897 ) ) ;
#9102 = ORIENTED_EDGE ( 'NONE', *, *, #926, .T. ) ;
#9103 = ADVANCED_FACE ( 'NONE', ( #4048 ), #1411, .T. ) ;
#9104 = PLANE ( 'NONE',  #670 ) ;
#9105 = ORIENTED_EDGE ( 'NONE', *, *, #9474, .T. ) ;
#9106 = FACE_OUTER_BOUND ( 'NONE', #8335, .T. ) ;
#9107 = ADVANCED_FACE ( 'NONE', ( #3250 ), #9449, .F. ) ;
#9108 = LINE ( 'NONE', #5781, #6443 ) ;
#9109 = ORIENTED_EDGE ( 'NONE', *, *, #4874, .F. ) ;
#9110 = CARTESIAN_POINT ( 'NONE',  ( -0.3599999999990000088, -5.330679945108999007, 1.624999999998999911 ) ) ;
#9111 = ORIENTED_EDGE ( 'NONE', *, *, #10737, .F. ) ;
#9112 = FACE_OUTER_BOUND ( 'NONE', #2749, .T. ) ;
#9113 = VERTEX_POINT ( 'NONE', #8595 ) ;
#9114 = EDGE_CURVE ( 'NONE', #1787, #7073, #1642, .T. ) ;
#9115 = ORIENTED_EDGE ( 'NONE', *, *, #7874, .F. ) ;
#9116 = ORIENTED_EDGE ( 'NONE', *, *, #9292, .T. ) ;
#9117 = CARTESIAN_POINT ( 'NONE',  ( -0.3600000000000000422, -4.830679945108999895, 6.625000000000000000 ) ) ;
#9118 = CARTESIAN_POINT ( 'NONE',  ( -1.830000000000000071, 3.804999999999000071, 4.134721410322000246 ) ) ;
#9119 = ADVANCED_FACE ( 'NONE', ( #5142 ), #11153, .T. ) ;
#9120 = CARTESIAN_POINT ( 'NONE',  ( -1.580000000000000071, 3.804999999999000071, 0.3999999999989999888 ) ) ;
#9121 = DIRECTION ( 'NONE',  ( -1.000000000000000000, 1.284980352575599807E-16, 0.000000000000000000 ) ) ;
#9122 = ADVANCED_FACE ( 'NONE', ( #10299 ), #6871, .F. ) ;
#9123 = VECTOR ( 'NONE', #618, 1000.000000000000000 ) ;
#9124 = LINE ( 'NONE', #1259, #2399 ) ;
#9125 = ORIENTED_EDGE ( 'NONE', *, *, #1110, .T. ) ;
#9126 =( LENGTH_UNIT ( ) NAMED_UNIT ( * ) SI_UNIT ( .MILLI., .METRE. ) );
#9127 = ORIENTED_EDGE ( 'NONE', *, *, #7890, .T. ) ;
#9128 = ORIENTED_EDGE ( 'NONE', *, *, #8028, .T. ) ;
#9129 = ORIENTED_EDGE ( 'NONE', *, *, #8353, .F. ) ;
#9130 = CARTESIAN_POINT ( 'NONE',  ( 0.3600000000000000422, -5.330679945108999007, 5.625000000000000000 ) ) ;
#9131 = ORIENTED_EDGE ( 'NONE', *, *, #6872, .F. ) ;
#9132 = CARTESIAN_POINT ( 'NONE',  ( 0.000000000000000000, -1.695000000000999707, 0.000000000000000000 ) ) ;
#9133 = CARTESIAN_POINT ( 'NONE',  ( -1.580000000000000071, 3.804999999999000071, 4.915278589676999488 ) ) ;
#9134 = EDGE_CURVE ( 'NONE', #4805, #5747, #2386, .T. ) ;
#9135 = DIRECTION ( 'NONE',  ( 0.000000000000000000, -1.000000000000000000, 0.000000000000000000 ) ) ;
#9136 = DIRECTION ( 'NONE',  ( -1.000000000000000000, 1.284980352574999780E-16, 0.000000000000000000 ) ) ;
#9137 = CARTESIAN_POINT ( 'NONE',  ( 0.1000000000000000056, 0.3049999999990000710, -1.600000000000000089 ) ) ;
#9138 = VECTOR ( 'NONE', #9095, 1000.000000000000000 ) ;
#9139 = LINE ( 'NONE', #10792, #7227 ) ;
#9140 = PLANE ( 'NONE',  #9759 ) ;
#9141 = LINE ( 'NONE', #10851, #7352 ) ;
#9142 = DIRECTION ( 'NONE',  ( 0.000000000000000000, 0.000000000000000000, -1.000000000000000000 ) ) ;
#9143 = EDGE_LOOP ( 'NONE', ( #9283, #258, #7923, #1431 ) ) ;
#9144 = LINE ( 'NONE', #3176, #3547 ) ;
#9145 = FACE_OUTER_BOUND ( 'NONE', #7160, .T. ) ;
#9146 = CARTESIAN_POINT ( 'NONE',  ( -1.279999999998999716, -7.688759329998998915, 2.639148116289000257 ) ) ;
#9147 = VECTOR ( 'NONE', #9756, 1000.000000000000000 ) ;
#9148 = DIRECTION ( 'NONE',  ( 1.000000000000000000, 1.284980352574999780E-16, 0.000000000000000000 ) ) ;
#9149 = EDGE_CURVE ( 'NONE', #2453, #8546, #2445, .T. ) ;
#9150 = ORIENTED_EDGE ( 'NONE', *, *, #10408, .T. ) ;
#9151 = LINE ( 'NONE', #6524, #8122 ) ;
#9152 = DIRECTION ( 'NONE',  ( 0.000000000000000000, 0.000000000000000000, 1.000000000000000000 ) ) ;
#9153 = VECTOR ( 'NONE', #4222, 1000.000000000000000 ) ;
#9154 = ORIENTED_EDGE ( 'NONE', *, *, #2418, .F. ) ;
#9155 = DIRECTION ( 'NONE',  ( 1.000000000000000000, 1.284980352574999780E-16, 0.000000000000000000 ) ) ;
#9156 = EDGE_LOOP ( 'NONE', ( #9673, #10823, #5455, #8317 ) ) ;
#9157 = CARTESIAN_POINT ( 'NONE',  ( 1.580000000000000071, -5.910051363132999391, 2.599999999999000000 ) ) ;
#9158 = ORIENTED_EDGE ( 'NONE', *, *, #6226, .F. ) ;
#9159 = CARTESIAN_POINT ( 'NONE',  ( 1.279999999998999716, -1.894999999999999796, -1.899999999998999822 ) ) ;
#9160 = DIRECTION ( 'NONE',  ( 0.000000000000000000, 0.000000000000000000, -1.000000000000000000 ) ) ;
#9161 = EDGE_CURVE ( 'NONE', #1477, #2934, #9331, .T. ) ;
#9162 = ADVANCED_FACE ( 'NONE', ( #4973 ), #674, .T. ) ;
#9163 = VECTOR ( 'NONE', #679, 1000.000000000000000 ) ;
#9164 = ORIENTED_EDGE ( 'NONE', *, *, #790, .T. ) ;
#9165 = LINE ( 'NONE', #4744, #6374 ) ;
#9166 = ORIENTED_EDGE ( 'NONE', *, *, #4453, .F. ) ;
#9167 = CARTESIAN_POINT ( 'NONE',  ( 1.579999999998999982, 2.554188695136000664, 0.05000000000000000278 ) ) ;
#9168 = ORIENTED_EDGE ( 'NONE', *, *, #10997, .F. ) ;
#9169 = EDGE_CURVE ( 'NONE', #4078, #7458, #4109, .T. ) ;
#9170 = VERTEX_POINT ( 'NONE', #1527 ) ;
#9171 = ORIENTED_EDGE ( 'NONE', *, *, #1312, .F. ) ;
#9172 = FACE_OUTER_BOUND ( 'NONE', #7342, .T. ) ;
#9173 = VECTOR ( 'NONE', #2873, 1000.000000000000000 ) ;
#9174 = VECTOR ( 'NONE', #3398, 1000.000000000000000 ) ;
#9175 = CARTESIAN_POINT ( 'NONE',  ( 1.279999999998999716, 1.555811304863000011, 0.05000000000000000278 ) ) ;
#9176 = VECTOR ( 'NONE', #1636, 1000.000000000000000 ) ;
#9177 = LINE ( 'NONE', #10085, #933 ) ;
#9178 = CARTESIAN_POINT ( 'NONE',  ( -0.3600000000000000422, -5.330679945108999007, 5.625000000000000000 ) ) ;
#9179 = DIRECTION ( 'NONE',  ( -1.889516252618999683E-47, 1.000000000000000000, 1.084202172484999957E-15 ) ) ;
#9180 = ADVANCED_FACE ( 'NONE', ( #4165 ), #7674, .F. ) ;
#9181 = CIRCLE ( 'NONE', #8829, 0.1000000000000000472 ) ;
#9182 = ORIENTED_EDGE ( 'NONE', *, *, #4639, .T. ) ;
#9183 = VECTOR ( 'NONE', #10507, 1000.000000000000000 ) ;
#9184 = PRESENTATION_LAYER_ASSIGNMENT (  '', '', ( #2774 ) ) ;
#9185 = EDGE_LOOP ( 'NONE', ( #3554, #2129, #2194, #5109 ) ) ;
#9186 = EDGE_LOOP ( 'NONE', ( #3628, #10203, #3759, #3842 ) ) ;
#9187 = EDGE_CURVE ( 'NONE', #6495, #5742, #5762, .T. ) ;
#9188 = EDGE_LOOP ( 'NONE', ( #9688, #9868, #10655, #8500 ) ) ;
#9189 = FACE_OUTER_BOUND ( 'NONE', #7659, .T. ) ;
#9190 = VERTEX_POINT ( 'NONE', #10795 ) ;
#9191 = DIRECTION ( 'NONE',  ( 1.000000000000000000, 0.000000000000000000, 0.000000000000000000 ) ) ;
#9192 = DIRECTION ( 'NONE',  ( -0.8990754936489593341, 0.4377936234344672606, 0.000000000000000000 ) ) ;
#9193 = CIRCLE ( 'NONE', #8469, 0.8999999999989997113 ) ;
#9194 = VECTOR ( 'NONE', #4676, 1000.000000000000000 ) ;
#9195 = LINE ( 'NONE', #6784, #3308 ) ;
#9196 = DIRECTION ( 'NONE',  ( 0.000000000000000000, -1.000000000000000000, 0.000000000000000000 ) ) ;
#9197 = EDGE_CURVE ( 'NONE', #1403, #5906, #10111, .T. ) ;
#9198 = DIRECTION ( 'NONE',  ( 0.000000000000000000, 0.000000000000000000, -1.000000000000000000 ) ) ;
#9199 = VECTOR ( 'NONE', #8667, 1000.000000000000000 ) ;
#9200 = EDGE_CURVE ( 'NONE', #1292, #10526, #10048, .T. ) ;
#9201 = CARTESIAN_POINT ( 'NONE',  ( -0.3600000000000000422, -5.330679945108999007, 7.424999999999999822 ) ) ;
#9202 = DIRECTION ( 'NONE',  ( 0.000000000000000000, 1.000000000000000000, 0.000000000000000000 ) ) ;
#9203 = VECTOR ( 'NONE', #6621, 1000.000000000000000 ) ;
#9204 = VERTEX_POINT ( 'NONE', #2947 ) ;
#9205 = DIRECTION ( 'NONE',  ( 1.000000000000000000, 1.284980352574999780E-16, 0.000000000000000000 ) ) ;
#9206 = FACE_OUTER_BOUND ( 'NONE', #3535, .T. ) ;
#9207 = DIRECTION ( 'NONE',  ( 0.000000000000000000, 0.9969206697117722893, 0.07841669657306082897 ) ) ;
#9208 = FACE_OUTER_BOUND ( 'NONE', #4415, .T. ) ;
#9209 = AXIS2_PLACEMENT_3D ( 'NONE', #8563, #4776, #4184 ) ;
#9210 = VERTEX_POINT ( 'NONE', #3006 ) ;
#9211 = DIRECTION ( 'NONE',  ( 0.000000000000000000, -1.000000000000000000, 0.000000000000000000 ) ) ;
#9212 = CARTESIAN_POINT ( 'NONE',  ( 0.3499999999999999778, -8.830679945108999007, 3.625000000000000000 ) ) ;
#9213 = VERTEX_POINT ( 'NONE', #7377 ) ;
#9214 = CARTESIAN_POINT ( 'NONE',  ( 0.3499999999999999778, -8.830679945108999007, 6.424999999999999822 ) ) ;
#9215 = EDGE_LOOP ( 'NONE', ( #5688, #3060, #4780, #7504 ) ) ;
#9216 = CARTESIAN_POINT ( 'NONE',  ( 1.579999999998999982, 2.204999999999000426, -1.899999999998999822 ) ) ;
#9217 = CARTESIAN_POINT ( 'NONE',  ( 1.580000000000000071, -5.910051363132999391, 6.399999999999000266 ) ) ;
#9218 = EDGE_CURVE ( 'NONE', #4007, #8579, #3059, .T. ) ;
#9219 = CARTESIAN_POINT ( 'NONE',  ( -0.3600000000000000422, -9.330679945108999007, 7.125000000000000000 ) ) ;
#9220 = CARTESIAN_POINT ( 'NONE',  ( 1.579999999998999982, -2.044999999999999929, -0.8999999999990000443 ) ) ;
#9221 = ORIENTED_EDGE ( 'NONE', *, *, #10561, .F. ) ;
#9222 = FACE_OUTER_BOUND ( 'NONE', #10821, .T. ) ;
#9223 = VERTEX_POINT ( 'NONE', #529 ) ;
#9224 = CARTESIAN_POINT ( 'NONE',  ( 1.580000000000000071, -5.910051363132999391, 5.599999999998999556 ) ) ;
#9225 = ORIENTED_EDGE ( 'NONE', *, *, #7778, .T. ) ;
#9226 = AXIS2_PLACEMENT_3D ( 'NONE', #250, #7210, #8183 ) ;
#9227 = ORIENTED_EDGE ( 'NONE', *, *, #820, .T. ) ;
#9228 = ORIENTED_EDGE ( 'NONE', *, *, #1164, .F. ) ;
#9229 = CARTESIAN_POINT ( 'NONE',  ( -1.430000000000000160, -4.571077182464999389, 3.395675242495999946 ) ) ;
#9230 = EDGE_CURVE ( 'NONE', #8136, #7927, #10166, .T. ) ;
#9231 = DIRECTION ( 'NONE',  ( 0.000000000000000000, -1.000000000000000000, 0.000000000000000000 ) ) ;
#9232 = EDGE_CURVE ( 'NONE', #2934, #2560, #5817, .T. ) ;
#9233 = VECTOR ( 'NONE', #8805, 1000.000000000000000 ) ;
#9234 = CARTESIAN_POINT ( 'NONE',  ( 0.3600000000000000422, -9.330679945108999007, 7.424999999999999822 ) ) ;
#9235 = CARTESIAN_POINT ( 'NONE',  ( -1.079999999998999982, -3.894999999999999574, 4.383769826401000991 ) ) ;
#9236 = LINE ( 'NONE', #4990, #5694 ) ;
#9237 = VECTOR ( 'NONE', #3051, 1000.000000000000000 ) ;
#9238 = VERTEX_POINT ( 'NONE', #4948 ) ;
#9239 = ORIENTED_EDGE ( 'NONE', *, *, #5834, .T. ) ;
#9240 = ORIENTED_EDGE ( 'NONE', *, *, #3271, .F. ) ;
#9241 = ORIENTED_EDGE ( 'NONE', *, *, #8687, .T. ) ;
#9242 = VERTEX_POINT ( 'NONE', #1393 ) ;
#9243 = DIRECTION ( 'NONE',  ( 0.8990754936489593341, -0.4377936234344672606, -4.746567976289070610E-16 ) ) ;
#9244 = ORIENTED_EDGE ( 'NONE', *, *, #1958, .F. ) ;
#9245 = EDGE_CURVE ( 'NONE', #9631, #4523, #6564, .T. ) ;
#9246 = PLANE ( 'NONE',  #2094 ) ;
#9247 = FACE_OUTER_BOUND ( 'NONE', #4865, .T. ) ;
#9248 = DIRECTION ( 'NONE',  ( 1.000000000000000000, 0.000000000000000000, 1.807003620808999850E-16 ) ) ;
#9249 = DIRECTION ( 'NONE',  ( -1.393178489863000032E-31, -1.084202172484999957E-15, 1.000000000000000000 ) ) ;
#9250 = EDGE_CURVE ( 'NONE', #9304, #1428, #10629, .T. ) ;
#9251 = ORIENTED_EDGE ( 'NONE', *, *, #4084, .F. ) ;
#9252 = PLANE ( 'NONE',  #6463 ) ;
#9253 = VECTOR ( 'NONE', #3010, 1000.000000000000114 ) ;
#9254 = CARTESIAN_POINT ( 'NONE',  ( -0.3600000000000000422, -4.830679945108999895, 4.424999999998999733 ) ) ;
#9255 = LINE ( 'NONE', #3233, #6065 ) ;
#9256 = CARTESIAN_POINT ( 'NONE',  ( 1.579999999998999982, 1.555811304863000011, 0.05000000000000000278 ) ) ;
#9257 = ORIENTED_EDGE ( 'NONE', *, *, #6883, .F. ) ;
#9258 = PLANE ( 'NONE',  #67 ) ;
#9259 = ADVANCED_FACE ( 'NONE', ( #2088 ), #2313, .F. ) ;
#9260 = CARTESIAN_POINT ( 'NONE',  ( -2.308415123535999758, -7.685679981712000064, 2.599999999999000000 ) ) ;
#9261 =( NAMED_UNIT ( * ) SI_UNIT ( $, .STERADIAN. ) SOLID_ANGLE_UNIT ( ) );
#9262 = PLANE ( 'NONE',  #5522 ) ;
#9263 = AXIS2_PLACEMENT_3D ( 'NONE', #8694, #4153, #1574 ) ;
#9264 = EDGE_CURVE ( 'NONE', #10756, #10076, #8400, .T. ) ;
#9265 = VECTOR ( 'NONE', #7249, 1000.000000000000000 ) ;
#9266 = ORIENTED_EDGE ( 'NONE', *, *, #6932, .F. ) ;
#9267 = CARTESIAN_POINT ( 'NONE',  ( -0.3600000000000000422, -4.830679945108999895, 6.125000000000000000 ) ) ;
#9268 = LINE ( 'NONE', #6691, #6484 ) ;
#9269 = ORIENTED_EDGE ( 'NONE', *, *, #2375, .F. ) ;
#9270 = DIRECTION ( 'NONE',  ( 0.000000000000000000, 0.000000000000000000, 1.000000000000000000 ) ) ;
#9271 = VECTOR ( 'NONE', #4571, 1000.000000000000000 ) ;
#9272 = ORIENTED_EDGE ( 'NONE', *, *, #2666, .T. ) ;
#9273 = DIRECTION ( 'NONE',  ( -1.000000000000000000, 0.000000000000000000, 0.000000000000000000 ) ) ;
#9274 = PLANE ( 'NONE',  #7087 ) ;
#9275 = DIRECTION ( 'NONE',  ( -1.000000000000000000, 1.284980352574999780E-16, 0.000000000000000000 ) ) ;
#9276 = FACE_OUTER_BOUND ( 'NONE', #10713, .T. ) ;
#9277 = DIRECTION ( 'NONE',  ( -1.000000000000000000, 0.000000000000000000, 0.000000000000000000 ) ) ;
#9278 = ORIENTED_EDGE ( 'NONE', *, *, #11080, .F. ) ;
#9279 = LINE ( 'NONE', #8425, #1605 ) ;
#9280 = ORIENTED_EDGE ( 'NONE', *, *, #7195, .T. ) ;
#9281 = CARTESIAN_POINT ( 'NONE',  ( -1.280000000000000027, -8.294999999999999929, 3.399999999998999822 ) ) ;
#9282 = ORIENTED_EDGE ( 'NONE', *, *, #5754, .T. ) ;
#9283 = ORIENTED_EDGE ( 'NONE', *, *, #11042, .F. ) ;
#9284 = ORIENTED_EDGE ( 'NONE', *, *, #5245, .T. ) ;
#9285 = CARTESIAN_POINT ( 'NONE',  ( -0.3599999999990000088, -5.330679945108999007, 1.924999999998999956 ) ) ;
#9286 = LINE ( 'NONE', #11054, #8529 ) ;
#9287 = DIRECTION ( 'NONE',  ( 0.000000000000000000, 0.3420201433253704515, -0.9396926207860168967 ) ) ;
#9288 = DIRECTION ( 'NONE',  ( -1.000000000000000000, 0.000000000000000000, 0.000000000000000000 ) ) ;
#9289 = CARTESIAN_POINT ( 'NONE',  ( -1.279999999998999716, 2.554188695136000664, 0.05000000000000000278 ) ) ;
#9290 = AXIS2_PLACEMENT_3D ( 'NONE', #2679, #2617, #4167 ) ;
#9291 = ORIENTED_EDGE ( 'NONE', *, *, #3172, .T. ) ;
#9292 = EDGE_CURVE ( 'NONE', #2578, #879, #4023, .T. ) ;
#9293 = CARTESIAN_POINT ( 'NONE',  ( -1.280000000000000027, -2.544999999999999485, -1.899999999998999822 ) ) ;
#9294 = ORIENTED_EDGE ( 'NONE', *, *, #4976, .T. ) ;
#9295 = EDGE_LOOP ( 'NONE', ( #7969, #5915, #4881, #2930 ) ) ;
#9296 = VERTEX_POINT ( 'NONE', #10958 ) ;
#9297 = FACE_OUTER_BOUND ( 'NONE', #5382, .T. ) ;
#9298 = VERTEX_POINT ( 'NONE', #7539 ) ;
#9299 = DIRECTION ( 'NONE',  ( 0.000000000000000000, 0.000000000000000000, 1.000000000000000000 ) ) ;
#9300 = CIRCLE ( 'NONE', #5824, 0.09999999999900002767 ) ;
#9301 = CARTESIAN_POINT ( 'NONE',  ( 0.1000000000000000056, 2.304999999999000515, 0.000000000000000000 ) ) ;
#9302 = PRESENTATION_STYLE_ASSIGNMENT (( #1325 ) ) ;
#9303 = CARTESIAN_POINT ( 'NONE',  ( -0.3600000000000000422, -5.330679945108999007, 5.924999999999999822 ) ) ;
#9304 = VERTEX_POINT ( 'NONE', #9090 ) ;
#9305 = ADVANCED_FACE ( 'NONE', ( #4779 ), #1228, .F. ) ;
#9306 = LINE ( 'NONE', #3109, #7937 ) ;
#9307 = EDGE_CURVE ( 'NONE', #10526, #7570, #5641, .T. ) ;
#9308 = LINE ( 'NONE', #1444, #6674 ) ;
#9309 = LINE ( 'NONE', #596, #10264 ) ;
#9310 = CARTESIAN_POINT ( 'NONE',  ( 0.1000000000000000056, -2.944999999999999840, -1.600000000000000089 ) ) ;
#9311 = EDGE_LOOP ( 'NONE', ( #826, #199, #9282, #11035, #1901, #5730 ) ) ;
#9312 = EDGE_CURVE ( 'NONE', #6775, #1833, #3113, .T. ) ;
#9313 = CARTESIAN_POINT ( 'NONE',  ( 0.3599999999990000088, -8.831833331044999014, 2.124913496054000372 ) ) ;
#9314 = CARTESIAN_POINT ( 'NONE',  ( -1.279999999998999716, 2.555000000000000160, -1.899999999998999822 ) ) ;
#9315 = CARTESIAN_POINT ( 'NONE',  ( 0.000000000000000000, -2.295000000001000018, -1.600000000000000089 ) ) ;
#9316 = CARTESIAN_POINT ( 'NONE',  ( 1.280000000000000027, -8.186453928403999214, 5.599999999998999556 ) ) ;
#9317 = MECHANICAL_DESIGN_GEOMETRIC_PRESENTATION_REPRESENTATION (  '', ( #7130 ), #10044 ) ;
#9318 = ADVANCED_FACE ( 'NONE', ( #10852 ), #1119, .F. ) ;
#9319 = ORIENTED_EDGE ( 'NONE', *, *, #5164, .F. ) ;
#9320 = DIRECTION ( 'NONE',  ( 0.000000000000000000, 0.000000000000000000, -1.000000000000000000 ) ) ;
#9321 = DIRECTION ( 'NONE',  ( -1.239088197125999924E-16, 1.000000000000000000, 0.000000000000000000 ) ) ;
#9322 = EDGE_LOOP ( 'NONE', ( #1719, #7908, #5731, #2641 ) ) ;
#9323 = CARTESIAN_POINT ( 'NONE',  ( 0.3600000000000000422, -4.830679945108999895, 6.625000000000000000 ) ) ;
#9324 = VERTEX_POINT ( 'NONE', #3914 ) ;
#9325 = EDGE_CURVE ( 'NONE', #2053, #9022, #816, .T. ) ;
#9326 = CARTESIAN_POINT ( 'NONE',  ( -0.3600000000000000422, -8.830679945108999007, 5.424999999998999733 ) ) ;
#9327 = VECTOR ( 'NONE', #2816, 1000.000000000000000 ) ;
#9328 = CARTESIAN_POINT ( 'NONE',  ( 1.583490647403999807, -6.880064126286000281, 2.691134909834999700 ) ) ;
#9329 = VECTOR ( 'NONE', #7231, 1000.000000000000000 ) ;
#9330 = CARTESIAN_POINT ( 'NONE',  ( -1.580000000000000071, -4.571077182464999389, 3.395675242495999946 ) ) ;
#9331 = LINE ( 'NONE', #5955, #2787 ) ;
#9332 = ORIENTED_EDGE ( 'NONE', *, *, #375, .F. ) ;
#9333 = DIRECTION ( 'NONE',  ( -1.000000000000000000, -1.239088197125999924E-16, 0.000000000000000000 ) ) ;
#9334 = ADVANCED_FACE ( 'NONE', ( #4314 ), #4366, .F. ) ;
#9335 = ORIENTED_EDGE ( 'NONE', *, *, #9030, .T. ) ;
#9336 = CARTESIAN_POINT ( 'NONE',  ( -0.3600000000000000422, -8.830679945108999007, 6.924999999999999822 ) ) ;
#9337 = ORIENTED_EDGE ( 'NONE', *, *, #1652, .T. ) ;
#9338 = EDGE_CURVE ( 'NONE', #879, #7189, #6149, .T. ) ;
#9339 = ORIENTED_EDGE ( 'NONE', *, *, #266, .F. ) ;
#9340 = VERTEX_POINT ( 'NONE', #8623 ) ;
#9341 = CARTESIAN_POINT ( 'NONE',  ( -1.579999999998999982, -3.894999999999999574, 4.383769826401000991 ) ) ;
#9342 = LINE ( 'NONE', #4987, #2651 ) ;
#9343 = CARTESIAN_POINT ( 'NONE',  ( -1.280000000000000027, 2.385829949784000537, 4.915278589676999488 ) ) ;
#9344 = DIRECTION ( 'NONE',  ( 0.000000000000000000, -1.000000000000000000, 0.000000000000000000 ) ) ;
#9345 = AXIS2_PLACEMENT_3D ( 'NONE', #9896, #2903, #2045 ) ;
#9346 = CARTESIAN_POINT ( 'NONE',  ( -1.580000000000000071, -4.571077182464999389, 6.330399858456999596 ) ) ;
#9347 = ORIENTED_EDGE ( 'NONE', *, *, #9655, .T. ) ;
#9348 = FACE_BOUND ( 'NONE', #5628, .T. ) ;
#9349 = EDGE_LOOP ( 'NONE', ( #6836, #1361, #11205, #4537, #4999, #6268, #9413, #3975, #4629, #3952, #4866, #8911 ) ) ;
#9350 = ORIENTED_EDGE ( 'NONE', *, *, #9250, .F. ) ;
#9351 = DIRECTION ( 'NONE',  ( 1.000000000000000000, 0.000000000000000000, -7.132909029508998382E-17 ) ) ;
#9352 = VECTOR ( 'NONE', #8441, 1000.000000000000000 ) ;
#9353 = EDGE_LOOP ( 'NONE', ( #4846, #9100, #11156, #1173 ) ) ;
#9354 = VERTEX_POINT ( 'NONE', #5228 ) ;
#9355 = VECTOR ( 'NONE', #5715, 1000.000000000000114 ) ;
#9356 = LINE ( 'NONE', #5059, #9725 ) ;
#9357 = ORIENTED_EDGE ( 'NONE', *, *, #10300, .F. ) ;
#9358 = FACE_OUTER_BOUND ( 'NONE', #9848, .T. ) ;
#9359 = CARTESIAN_POINT ( 'NONE',  ( 0.3499999999989999999, -4.829526559172999889, 2.124913496054000372 ) ) ;
#9360 = EDGE_CURVE ( 'NONE', #9796, #4128, #8570, .T. ) ;
#9361 = DIRECTION ( 'NONE',  ( 0.000000000000000000, -1.000000000000000000, 1.025596649647999987E-16 ) ) ;
#9362 = CARTESIAN_POINT ( 'NONE',  ( 0.3600000000000000422, -4.830679945108999895, 3.625000000000000000 ) ) ;
#9363 = AXIS2_PLACEMENT_3D ( 'NONE', #5007, #8516, #10902 ) ;
#9364 = VECTOR ( 'NONE', #10139, 1000.000000000000000 ) ;
#9365 = AXIS2_PLACEMENT_3D ( 'NONE', #4434, #6208, #2017 ) ;
#9366 = ORIENTED_EDGE ( 'NONE', *, *, #195, .T. ) ;
#9367 = CARTESIAN_POINT ( 'NONE',  ( 0.000000000000000000, -2.944999999999999840, 8.000000000000000000 ) ) ;
#9368 = FACE_OUTER_BOUND ( 'NONE', #1766, .T. ) ;
#9369 = DIRECTION ( 'NONE',  ( 0.000000000000000000, -1.000000000000000000, 0.000000000000000000 ) ) ;
#9370 = CARTESIAN_POINT ( 'NONE',  ( -0.3499999999989999999, -8.830679945108999007, 2.625000000000000000 ) ) ;
#9371 = VECTOR ( 'NONE', #6475, 1000.000000000000114 ) ;
#9372 = ORIENTED_EDGE ( 'NONE', *, *, #4340, .F. ) ;
#9373 = AXIS2_PLACEMENT_3D ( 'NONE', #1000, #3688, #4610 ) ;
#9374 = DIRECTION ( 'NONE',  ( -1.393178489863000032E-31, -1.084202172484999957E-15, 1.000000000000000000 ) ) ;
#9375 = CARTESIAN_POINT ( 'NONE',  ( 0.3600000000000000422, -8.830679945108999007, 6.424999999999999822 ) ) ;
#9376 = VECTOR ( 'NONE', #8953, 1000.000000000000000 ) ;
#9377 = EDGE_CURVE ( 'NONE', #405, #269, #3278, .T. ) ;
#9378 = FILL_AREA_STYLE_COLOUR ( '', #7313 ) ;
#9379 = EDGE_CURVE ( 'NONE', #10700, #7615, #9527, .T. ) ;
#9380 = CARTESIAN_POINT ( 'NONE',  ( -0.3600000000000000422, -4.830679945108999895, 3.625000000000000000 ) ) ;
#9381 = EDGE_CURVE ( 'NONE', #3099, #8967, #3338, .T. ) ;
#9382 = VECTOR ( 'NONE', #10588, 1000.000000000000000 ) ;
#9383 = ORIENTED_EDGE ( 'NONE', *, *, #4421, .F. ) ;
#9384 = LINE ( 'NONE', #11311, #5019 ) ;
#9385 = DIRECTION ( 'NONE',  ( 1.000000000000000000, 0.000000000000000000, 1.134441735036999877E-16 ) ) ;
#9386 = CARTESIAN_POINT ( 'NONE',  ( 1.579999999998999982, -1.110000000000999743, -0.7048473225369999984 ) ) ;
#9387 = ORIENTED_EDGE ( 'NONE', *, *, #2728, .F. ) ;
#9388 = SURFACE_STYLE_FILL_AREA ( #3982 ) ;
#9389 = DIRECTION ( 'NONE',  ( -1.807003620808999850E-16, 0.000000000000000000, 1.000000000000000000 ) ) ;
#9390 = CARTESIAN_POINT ( 'NONE',  ( -1.280000000000000027, -5.910051363132999391, 6.399999999999000266 ) ) ;
#9391 = EDGE_CURVE ( 'NONE', #2455, #3574, #2417, .T. ) ;
#9392 = AXIS2_PLACEMENT_3D ( 'NONE', #2892, #1115, #1920 ) ;
#9393 = CARTESIAN_POINT ( 'NONE',  ( 1.280000000000000027, -5.910051363132999391, 3.399999999998999822 ) ) ;
#9394 = EDGE_CURVE ( 'NONE', #5568, #959, #6840, .T. ) ;
#9395 = EDGE_LOOP ( 'NONE', ( #4172, #5442, #11305, #3779 ) ) ;
#9396 = LINE ( 'NONE', #1533, #10104 ) ;
#9397 = VERTEX_POINT ( 'NONE', #5173 ) ;
#9398 = CARTESIAN_POINT ( 'NONE',  ( -1.279999999998999716, 2.054999999999000515, -0.8999999999990000443 ) ) ;
#9399 = ORIENTED_EDGE ( 'NONE', *, *, #3123, .T. ) ;
#9400 = EDGE_LOOP ( 'NONE', ( #5551, #4249, #11104, #4234, #625, #2576, #5251, #4135, #4921, #10815, #8551, #4694, #1764, #9024, #4039, #3715, #4062, #3330 ) ) ;
#9401 = ORIENTED_EDGE ( 'NONE', *, *, #8575, .T. ) ;
#9402 = DIRECTION ( 'NONE',  ( -8.780394934309999745E-32, -1.000000000000000000, 7.223848540581000097E-16 ) ) ;
#9403 = DIRECTION ( 'NONE',  ( 0.8990754936513339901, -0.4377936234295904949, 0.000000000000000000 ) ) ;
#9404 = LINE ( 'NONE', #1544, #6432 ) ;
#9405 = FACE_OUTER_BOUND ( 'NONE', #7976, .T. ) ;
#9406 = DIRECTION ( 'NONE',  ( -1.000000000000000000, 1.284980352574999780E-16, 0.000000000000000000 ) ) ;
#9407 = EDGE_CURVE ( 'NONE', #1087, #9190, #7650, .T. ) ;
#9408 = ADVANCED_FACE ( 'NONE', ( #1672 ), #7876, .F. ) ;
#9409 = ORIENTED_EDGE ( 'NONE', *, *, #520, .F. ) ;
#9410 = ORIENTED_EDGE ( 'NONE', *, *, #2957, .T. ) ;
#9411 = ORIENTED_EDGE ( 'NONE', *, *, #3906, .F. ) ;
#9412 = CARTESIAN_POINT ( 'NONE',  ( 1.251501579824999988, -6.198274308341999550, 6.242520405652999926 ) ) ;
#9413 = ORIENTED_EDGE ( 'NONE', *, *, #1110, .F. ) ;
#9414 = ORIENTED_EDGE ( 'NONE', *, *, #1523, .T. ) ;
#9415 = FACE_OUTER_BOUND ( 'NONE', #11300, .T. ) ;
#9416 = VECTOR ( 'NONE', #10967, 1000.000000000000000 ) ;
#9417 = ORIENTED_EDGE ( 'NONE', *, *, #8635, .F. ) ;
#9418 = CARTESIAN_POINT ( 'NONE',  ( -1.430000000000000160, -4.571077182464999389, 6.330399858456999596 ) ) ;
#9419 = LINE ( 'NONE', #4193, #7618 ) ;
#9420 = CARTESIAN_POINT ( 'NONE',  ( 0.3600000000000000422, -2.944999999999999840, -1.215473287539000010E-18 ) ) ;
#9421 = LINE ( 'NONE', #1564, #1639 ) ;
#9422 = AXIS2_PLACEMENT_3D ( 'NONE', #10234, #3130, #5832 ) ;
#9423 = PLANE ( 'NONE',  #4771 ) ;
#9424 = VECTOR ( 'NONE', #3994, 1000.000000000000114 ) ;
#9425 = AXIS2_PLACEMENT_3D ( 'NONE', #10653, #9797, #1028 ) ;
#9426 = VERTEX_POINT ( 'NONE', #7704 ) ;
#9427 = DIRECTION ( 'NONE',  ( 0.000000000000000000, 0.000000000000000000, 1.000000000000000000 ) ) ;
#9428 = EDGE_CURVE ( 'NONE', #1241, #2977, #1618, .T. ) ;
#9429 = CIRCLE ( 'NONE', #7779, 1.050000000000000044 ) ;
#9430 = CARTESIAN_POINT ( 'NONE',  ( 0.3600000000000000422, -9.330679945108999007, 5.625000000000000000 ) ) ;
#9431 = LINE ( 'NONE', #8843, #10887 ) ;
#9432 = EDGE_LOOP ( 'NONE', ( #10466, #1549, #273, #5702 ) ) ;
#9433 = LINE ( 'NONE', #6850, #7600 ) ;
#9434 = CARTESIAN_POINT ( 'NONE',  ( 0.3499999999989999999, -9.330679945108999007, 7.424999999999999822 ) ) ;
#9435 = DIRECTION ( 'NONE',  ( 0.8990754936489593341, 0.4377936234344672051, 4.746567976289071596E-16 ) ) ;
#9436 = CARTESIAN_POINT ( 'NONE',  ( 0.000000000000000000, -2.944999999999999840, -1.600000000000000089 ) ) ;
#9437 = VECTOR ( 'NONE', #5097, 1000.000000000000000 ) ;
#9438 = VECTOR ( 'NONE', #9040, 1000.000000000000000 ) ;
#9439 = ORIENTED_EDGE ( 'NONE', *, *, #8190, .F. ) ;
#9440 = LINE ( 'NONE', #7781, #8696 ) ;
#9441 = ADVANCED_FACE ( 'NONE', ( #5116 ), #762, .T. ) ;
#9442 = CARTESIAN_POINT ( 'NONE',  ( 1.279999999998999716, 2.204999999999000426, -1.899999999998999822 ) ) ;
#9443 = CARTESIAN_POINT ( 'NONE',  ( -1.830000000000000071, 3.804999999999000071, 4.134721410322000246 ) ) ;
#9444 = ORIENTED_EDGE ( 'NONE', *, *, #7971, .T. ) ;
#9445 = DIRECTION ( 'NONE',  ( -1.000000000000000000, 0.000000000000000000, 0.000000000000000000 ) ) ;
#9446 = FACE_OUTER_BOUND ( 'NONE', #4479, .T. ) ;
#9447 = AXIS2_PLACEMENT_3D ( 'NONE', #9375, #7, #7661 ) ;
#9448 = FACE_OUTER_BOUND ( 'NONE', #3464, .T. ) ;
#9449 = PLANE ( 'NONE',  #4059 ) ;
#9450 = AXIS2_PLACEMENT_3D ( 'NONE', #7746, #740, #853 ) ;
#9451 = ORIENTED_EDGE ( 'NONE', *, *, #38, .F. ) ;
#9452 = EDGE_CURVE ( 'NONE', #5309, #7566, #11239, .T. ) ;
#9453 = CARTESIAN_POINT ( 'NONE',  ( -1.279999999998999716, 1.119999999999000240, -0.7048473225369999984 ) ) ;
#9454 = ADVANCED_FACE ( 'NONE', ( #6092 ), #2529, .T. ) ;
#9455 = ORIENTED_EDGE ( 'NONE', *, *, #2650, .T. ) ;
#9456 = DIRECTION ( 'NONE',  ( 0.000000000000000000, -0.5000000000001899592, -0.8660254037843289066 ) ) ;
#9457 = VERTEX_POINT ( 'NONE', #1783 ) ;
#9458 = ORIENTED_EDGE ( 'NONE', *, *, #9819, .F. ) ;
#9459 = ORIENTED_EDGE ( 'NONE', *, *, #4815, .T. ) ;
#9460 = DIRECTION ( 'NONE',  ( 1.215473287538999910E-16, 2.168404344971000240E-16, 1.000000000000000000 ) ) ;
#9461 = EDGE_CURVE ( 'NONE', #75, #9602, #11350, .T. ) ;
#9462 = CARTESIAN_POINT ( 'NONE',  ( -0.1000000000000000056, -2.695000000000999485, -1.600000000000000089 ) ) ;
#9463 = CARTESIAN_POINT ( 'NONE',  ( 0.3599999999990000088, -5.330679945108999007, 3.124999999998999911 ) ) ;
#9464 = DIRECTION ( 'NONE',  ( -2.786356979726000501E-31, 2.168404344971000191E-15, -1.000000000000000000 ) ) ;
#9465 = VERTEX_POINT ( 'NONE', #2644 ) ;
#9466 = EDGE_CURVE ( 'NONE', #3718, #10817, #649, .T. ) ;
#9467 = ORIENTED_EDGE ( 'NONE', *, *, #249, .F. ) ;
#9468 = EDGE_LOOP ( 'NONE', ( #11160, #10891, #7641, #9926 ) ) ;
#9469 = CARTESIAN_POINT ( 'NONE',  ( 1.251501579824999988, -6.198274308341999550, 3.242520405653000370 ) ) ;
#9470 = VERTEX_POINT ( 'NONE', #2924 ) ;
#9471 = ORIENTED_EDGE ( 'NONE', *, *, #10014, .F. ) ;
#9472 = EDGE_CURVE ( 'NONE', #9841, #6775, #1093, .T. ) ;
#9473 = ORIENTED_EDGE ( 'NONE', *, *, #9114, .F. ) ;
#9474 = EDGE_CURVE ( 'NONE', #8329, #2115, #5451, .T. ) ;
#9475 = DIRECTION ( 'NONE',  ( 0.000000000000000000, -1.000000000000000000, 0.000000000000000000 ) ) ;
#9476 = CARTESIAN_POINT ( 'NONE',  ( -1.580000000000000071, 2.385829949784000537, 4.915278589676999488 ) ) ;
#9477 = CARTESIAN_POINT ( 'NONE',  ( -0.3600000000000000422, -8.830679945108999007, 4.924999999999999822 ) ) ;
#9478 = CARTESIAN_POINT ( 'NONE',  ( -0.09999999999899999992, -2.944999999999999840, 0.000000000000000000 ) ) ;
#9479 = PLANE ( 'NONE',  #2760 ) ;
#9480 = VERTEX_POINT ( 'NONE', #9918 ) ;
#9481 = CARTESIAN_POINT ( 'NONE',  ( -0.3499999999999999778, -2.944999999999999840, 0.000000000000000000 ) ) ;
#9482 = EDGE_CURVE ( 'NONE', #10544, #5616, #7992, .T. ) ;
#9483 = LINE ( 'NONE', #11304, #6620 ) ;
#9484 = EDGE_LOOP ( 'NONE', ( #2990, #171, #5804, #3202 ) ) ;
#9485 = CARTESIAN_POINT ( 'NONE',  ( 0.3600000000000000422, -9.330679945108999007, 7.125000000000000000 ) ) ;
#9486 = CARTESIAN_POINT ( 'NONE',  ( 1.579999999998999982, 1.904999999999000382, -1.899999999998999822 ) ) ;
#9487 =( NAMED_UNIT ( * ) SI_UNIT ( $, .STERADIAN. ) SOLID_ANGLE_UNIT ( ) );
#9488 = LINE ( 'NONE', #5242, #2040 ) ;
#9489 = UNCERTAINTY_MEASURE_WITH_UNIT (LENGTH_MEASURE( 1.000000000000000082E-05 ), #7084, 'distance_accuracy_value', 'NONE');
#9490 = ORIENTED_EDGE ( 'NONE', *, *, #3194, .F. ) ;
#9491 = DIRECTION ( 'NONE',  ( -0.000000000000000000, 1.000000000000000000, 0.000000000000000000 ) ) ;
#9492 = DIRECTION ( 'NONE',  ( 0.000000000000000000, -1.000000000000000000, 0.000000000000000000 ) ) ;
#9493 = LINE ( 'NONE', #11314, #11178 ) ;
#9494 = ORIENTED_EDGE ( 'NONE', *, *, #5553, .F. ) ;
#9495 = LINE ( 'NONE', #11207, #1900 ) ;
#9496 = CARTESIAN_POINT ( 'NONE',  ( 0.1000000000000000056, 2.704999999998999982, 0.000000000000000000 ) ) ;
#9497 = DIRECTION ( 'NONE',  ( -1.299091332659999954E-16, 1.000000000000000000, 0.000000000000000000 ) ) ;
#9498 =( GEOMETRIC_REPRESENTATION_CONTEXT ( 3 ) GLOBAL_UNCERTAINTY_ASSIGNED_CONTEXT ( ( #1455 ) ) GLOBAL_UNIT_ASSIGNED_CONTEXT ( ( #2036, #5364, #1179 ) ) REPRESENTATION_CONTEXT ( 'NONE', 'WORKASPACE' ) );
#9499 = PLANE ( 'NONE',  #1685 ) ;
#9500 = ADVANCED_FACE ( 'NONE', ( #7123 ), #8849, .T. ) ;
#9501 = ORIENTED_EDGE ( 'NONE', *, *, #8288, .T. ) ;
#9502 = FACE_OUTER_BOUND ( 'NONE', #6128, .T. ) ;
#9503 = VECTOR ( 'NONE', #1397, 1000.000000000000000 ) ;
#9504 = ORIENTED_EDGE ( 'NONE', *, *, #10994, .F. ) ;
#9505 = DIRECTION ( 'NONE',  ( -0.8990754936489593341, -0.4377936234344672051, -4.746567976289071596E-16 ) ) ;
#9506 = VERTEX_POINT ( 'NONE', #983 ) ;
#9507 = ORIENTED_EDGE ( 'NONE', *, *, #6698, .F. ) ;
#9508 = FACE_OUTER_BOUND ( 'NONE', #4552, .T. ) ;
#9509 = CARTESIAN_POINT ( 'NONE',  ( -1.580000000000000071, -8.294999999999999929, 5.599999999998999556 ) ) ;
#9510 = CARTESIAN_POINT ( 'NONE',  ( 1.279999999998999716, 2.204999999999000426, -0.8999999999990000443 ) ) ;
#9511 = EDGE_CURVE ( 'NONE', #2456, #8915, #3669, .T. ) ;
#9512 = EDGE_CURVE ( 'NONE', #885, #950, #5281, .T. ) ;
#9513 = AXIS2_PLACEMENT_3D ( 'NONE', #4142, #4316, #9361 ) ;
#9514 = LINE ( 'NONE', #5101, #9547 ) ;
#9515 = ORIENTED_EDGE ( 'NONE', *, *, #9043, .T. ) ;
#9516 = CARTESIAN_POINT ( 'NONE',  ( 0.3599999999990000088, -8.830679945108999007, 2.925000000000000266 ) ) ;
#9517 = DIRECTION ( 'NONE',  ( 0.000000000000000000, -1.000000000000000000, 2.168404344971000240E-16 ) ) ;
#9518 = ORIENTED_EDGE ( 'NONE', *, *, #1439, .T. ) ;
#9519 = ORIENTED_EDGE ( 'NONE', *, *, #8772, .T. ) ;
#9520 = ORIENTED_EDGE ( 'NONE', *, *, #2957, .F. ) ;
#9521 = ORIENTED_EDGE ( 'NONE', *, *, #8119, .T. ) ;
#9522 = DIRECTION ( 'NONE',  ( -1.000000000000000000, 0.000000000000000000, 0.000000000000000000 ) ) ;
#9523 = VECTOR ( 'NONE', #5835, 1000.000000000000000 ) ;
#9524 = ORIENTED_EDGE ( 'NONE', *, *, #8046, .F. ) ;
#9525 = FACE_OUTER_BOUND ( 'NONE', #8688, .T. ) ;
#9526 = PLANE ( 'NONE',  #6702 ) ;
#9527 = LINE ( 'NONE', #2478, #7359 ) ;
#9528 = LINE ( 'NONE', #10269, #11150 ) ;
#9529 = ADVANCED_FACE ( 'NONE', ( #113 ), #4482, .F. ) ;
#9530 = DIRECTION ( 'NONE',  ( 1.215473287538999910E-16, 0.000000000000000000, -1.000000000000000000 ) ) ;
#9531 = ADVANCED_FACE ( 'NONE', ( #10605 ), #225, .F. ) ;
#9532 = ORIENTED_EDGE ( 'NONE', *, *, #1765, .F. ) ;
#9533 = DIRECTION ( 'NONE',  ( 1.207486555170308614E-16, 0.9396926207860170077, 0.3420201433253705070 ) ) ;
#9534 = ADVANCED_FACE ( 'NONE', ( #4424 ), #1956, .T. ) ;
#9535 = AXIS2_PLACEMENT_3D ( 'NONE', #2964, #1072, #259 ) ;
#9536 = ORIENTED_EDGE ( 'NONE', *, *, #6538, .F. ) ;
#9537 = CARTESIAN_POINT ( 'NONE',  ( -1.279999999998999716, 2.204999999999000426, -1.899999999998999822 ) ) ;
#9538 = ORIENTED_EDGE ( 'NONE', *, *, #10273, .T. ) ;
#9539 = CARTESIAN_POINT ( 'NONE',  ( 0.3499999999999999778, -4.830679945108999895, 4.125000000000000000 ) ) ;
#9540 = DIRECTION ( 'NONE',  ( 0.000000000000000000, 1.000000000000000000, 0.000000000000000000 ) ) ;
#9541 = VECTOR ( 'NONE', #10998, 1000.000000000000000 ) ;
#9542 = VECTOR ( 'NONE', #6427, 1000.000000000000000 ) ;
#9543 = DIRECTION ( 'NONE',  ( 2.818573634768999933E-16, 1.000000000000000000, 0.000000000000000000 ) ) ;
#9544 = AXIS2_PLACEMENT_3D ( 'NONE', #3586, #1062, #1116 ) ;
#9545 = DIRECTION ( 'NONE',  ( 1.000000000000000000, 0.000000000000000000, 1.215473287538999910E-16 ) ) ;
#9546 = ADVANCED_FACE ( 'NONE', ( #3563 ), #9861, .F. ) ;
#9547 = VECTOR ( 'NONE', #9569, 1000.000000000000114 ) ;
#9548 = VERTEX_POINT ( 'NONE', #2008 ) ;
#9549 = FACE_OUTER_BOUND ( 'NONE', #8610, .T. ) ;
#9550 = CARTESIAN_POINT ( 'NONE',  ( 1.279999999998999716, -1.894999999999999796, -1.899999999998999822 ) ) ;
#9551 = VECTOR ( 'NONE', #1067, 1000.000000000000000 ) ;
#9552 = AXIS2_PLACEMENT_3D ( 'NONE', #1790, #10735, #9701 ) ;
#9553 = CARTESIAN_POINT ( 'NONE',  ( -0.3600000000000000422, -8.830679945108999007, 6.924999999999999822 ) ) ;
#9554 = ORIENTED_EDGE ( 'NONE', *, *, #4515, .T. ) ;
#9555 = FACE_OUTER_BOUND ( 'NONE', #5539, .T. ) ;
#9556 = LINE ( 'NONE', #11317, #9619 ) ;
#9557 = CARTESIAN_POINT ( 'NONE',  ( 1.280000000000000027, -9.544999999998998064, 1.249999999998999911 ) ) ;
#9558 = AXIS2_PLACEMENT_3D ( 'NONE', #11039, #3193, #614 ) ;
#9559 = EDGE_LOOP ( 'NONE', ( #3680, #3663, #1780, #3944 ) ) ;
#9560 = CARTESIAN_POINT ( 'NONE',  ( 0.3600000000000000422, -8.830679945108999007, 3.625000000000000000 ) ) ;
#9561 = EDGE_LOOP ( 'NONE', ( #811, #864, #4565, #3096 ) ) ;
#9562 = DIRECTION ( 'NONE',  ( 0.000000000000000000, -1.000000000000000000, 0.000000000000000000 ) ) ;
#9563 = EDGE_CURVE ( 'NONE', #9079, #5510, #2757, .T. ) ;
#9564 = VERTEX_POINT ( 'NONE', #5506 ) ;
#9565 = VERTEX_POINT ( 'NONE', #7070 ) ;
#9566 = DIRECTION ( 'NONE',  ( 0.000000000000000000, 0.000000000000000000, -1.000000000000000000 ) ) ;
#9567 = VECTOR ( 'NONE', #3636, 1000.000000000000000 ) ;
#9568 = DIRECTION ( 'NONE',  ( 0.000000000000000000, 0.000000000000000000, -1.000000000000000000 ) ) ;
#9569 = DIRECTION ( 'NONE',  ( 0.000000000000000000, -0.9969206697117722893, 0.07841669657306082897 ) ) ;
#9570 = VECTOR ( 'NONE', #365, 1000.000000000000000 ) ;
#9571 = EDGE_LOOP ( 'NONE', ( #4640, #7284, #3158, #6414 ) ) ;
#9572 = DIRECTION ( 'NONE',  ( -1.000000000000000000, 0.000000000000000000, -1.377536392544999984E-16 ) ) ;
#9573 = VERTEX_POINT ( 'NONE', #10551 ) ;
#9574 = LINE ( 'NONE', #6083, #5026 ) ;
#9575 = EDGE_CURVE ( 'NONE', #10151, #11336, #6258, .T. ) ;
#9576 = ORIENTED_EDGE ( 'NONE', *, *, #6745, .T. ) ;
#9577 = ORIENTED_EDGE ( 'NONE', *, *, #8687, .F. ) ;
#9578 = VERTEX_POINT ( 'NONE', #9755 ) ;
#9579 = LINE ( 'NONE', #698, #9010 ) ;
#9580 = VERTEX_POINT ( 'NONE', #1152 ) ;
#9581 = DIRECTION ( 'NONE',  ( -1.284980352574999780E-16, 1.000000000000000000, 0.000000000000000000 ) ) ;
#9582 = CARTESIAN_POINT ( 'NONE',  ( 1.579999999998999982, -1.545000000000999796, -1.899999999998999822 ) ) ;
#9583 = DIRECTION ( 'NONE',  ( 1.807003620808999850E-16, 0.000000000000000000, -1.000000000000000000 ) ) ;
#9584 = FACE_OUTER_BOUND ( 'NONE', #5146, .T. ) ;
#9585 = DIRECTION ( 'NONE',  ( 0.000000000000000000, 0.000000000000000000, -1.000000000000000000 ) ) ;
#9586 = ORIENTED_EDGE ( 'NONE', *, *, #4400, .F. ) ;
#9587 = CARTESIAN_POINT ( 'NONE',  ( -1.279999999998999716, 2.054999999999000515, -0.8999999999990000443 ) ) ;
#9588 = ADVANCED_FACE ( 'NONE', ( #9014 ), #1897, .T. ) ;
#9589 = EDGE_CURVE ( 'NONE', #6159, #3104, #4534, .T. ) ;
#9590 = ORIENTED_EDGE ( 'NONE', *, *, #1238, .F. ) ;
#9591 = CARTESIAN_POINT ( 'NONE',  ( 0.3599999999990000088, -2.944999999999999840, -6.446060001586000578E-17 ) ) ;
#9592 = ORIENTED_EDGE ( 'NONE', *, *, #3963, .F. ) ;
#9593 = VECTOR ( 'NONE', #1923, 1000.000000000000000 ) ;
#9594 = DIRECTION ( 'NONE',  ( -1.000000000000000000, 0.000000000000000000, 1.215473287538999910E-16 ) ) ;
#9595 = DIRECTION ( 'NONE',  ( 0.000000000000000000, -1.000000000000000000, 0.000000000000000000 ) ) ;
#9596 = CARTESIAN_POINT ( 'NONE',  ( 0.3499999999989999999, -4.830679945108999895, 2.625000000000000000 ) ) ;
#9597 = EDGE_CURVE ( 'NONE', #7693, #5053, #10995, .T. ) ;
#9598 = CARTESIAN_POINT ( 'NONE',  ( -1.579999999998999982, 2.204999999999000426, -0.8999999999990000443 ) ) ;
#9599 = VECTOR ( 'NONE', #6339, 1000.000000000000000 ) ;
#9600 = VECTOR ( 'NONE', #6136, 1000.000000000000000 ) ;
#9601 = AXIS2_PLACEMENT_3D ( 'NONE', #6671, #10899, #9191 ) ;
#9602 = VERTEX_POINT ( 'NONE', #5563 ) ;
#9603 = DIRECTION ( 'NONE',  ( 1.215473287538999910E-16, 0.000000000000000000, 1.000000000000000000 ) ) ;
#9604 = DIRECTION ( 'NONE',  ( -1.516984776224999952E-32, 0.000000000000000000, 1.000000000000000000 ) ) ;
#9605 = EDGE_CURVE ( 'NONE', #1027, #6542, #3833, .T. ) ;
#9606 = DIRECTION ( 'NONE',  ( 0.000000000000000000, 0.000000000000000000, -1.000000000000000000 ) ) ;
#9607 = VERTEX_POINT ( 'NONE', #6660 ) ;
#9608 = CARTESIAN_POINT ( 'NONE',  ( -0.3499999999989999999, -4.830679945108999895, 2.625000000000000000 ) ) ;
#9609 = DIRECTION ( 'NONE',  ( 0.000000000000000000, 1.000000000000000000, 0.000000000000000000 ) ) ;
#9610 = EDGE_CURVE ( 'NONE', #7017, #2236, #10829, .T. ) ;
#9612 = VECTOR ( 'NONE', #7182, 1000.000000000000000 ) ;
#9611 = DIRECTION ( 'NONE',  ( 1.000000000000000000, 0.000000000000000000, 0.000000000000000000 ) ) ;
#9613 = ADVANCED_FACE ( 'NONE', ( #4870 ), #9069, .F. ) ;
#9614 = DIRECTION ( 'NONE',  ( 0.000000000000000000, -1.000000000000000000, 0.000000000000000000 ) ) ;
#9615 = VERTEX_POINT ( 'NONE', #5734 ) ;
#9616 = CARTESIAN_POINT ( 'NONE',  ( -0.3799999999990000266, -3.894999999999999574, 7.799999999998999733 ) ) ;
#9617 = VERTEX_POINT ( 'NONE', #5675 ) ;
#9618 = DIRECTION ( 'NONE',  ( -0.000000000000000000, 1.000000000000000000, 0.000000000000000000 ) ) ;
#9619 = VECTOR ( 'NONE', #9609, 1000.000000000000000 ) ;
#9620 = ORIENTED_EDGE ( 'NONE', *, *, #1907, .F. ) ;
#9621 = ORIENTED_EDGE ( 'NONE', *, *, #9512, .F. ) ;
#9622 = DIRECTION ( 'NONE',  ( 1.807003620808999850E-16, 0.000000000000000000, -1.000000000000000000 ) ) ;
#9623 = EDGE_CURVE ( 'NONE', #7982, #10778, #2231, .T. ) ;
#9624 = FACE_OUTER_BOUND ( 'NONE', #5326, .T. ) ;
#9625 = DIRECTION ( 'NONE',  ( -0.000000000000000000, 1.000000000000000000, 0.000000000000000000 ) ) ;
#9626 = VECTOR ( 'NONE', #647, 1000.000000000000114 ) ;
#9627 = VECTOR ( 'NONE', #11061, 1000.000000000000000 ) ;
#9628 = VERTEX_POINT ( 'NONE', #7462 ) ;
#9629 = CARTESIAN_POINT ( 'NONE',  ( -0.3599999999990000088, -8.830679945108999007, 2.625000000000000000 ) ) ;
#9630 = CARTESIAN_POINT ( 'NONE',  ( -0.3799999999990000266, -3.894999999999999574, 8.699999999999000977 ) ) ;
#9631 = VERTEX_POINT ( 'NONE', #3090 ) ;
#9632 = CARTESIAN_POINT ( 'NONE',  ( -1.580000000000000071, -6.872895553309999350, 5.691832480699999586 ) ) ;
#9633 = VERTEX_POINT ( 'NONE', #8211 ) ;
#9634 = EDGE_LOOP ( 'NONE', ( #9657, #10314, #6157, #1567 ) ) ;
#9635 = ORIENTED_EDGE ( 'NONE', *, *, #4953, .T. ) ;
#9636 = DIRECTION ( 'NONE',  ( 0.000000000000000000, 0.000000000000000000, -1.000000000000000000 ) ) ;
#9637 = LINE ( 'NONE', #3665, #2960 ) ;
#9638 = VECTOR ( 'NONE', #4348, 1000.000000000000114 ) ;
#9639 = VERTEX_POINT ( 'NONE', #9234 ) ;
#9640 = PLANE ( 'NONE',  #644 ) ;
#9641 = PLANE ( 'NONE',  #10241 ) ;
#9642 = DIRECTION ( 'NONE',  ( 0.000000000000000000, -1.000000000000000000, 0.000000000000000000 ) ) ;
#9643 = PLANE ( 'NONE',  #1091 ) ;
#9644 = FACE_OUTER_BOUND ( 'NONE', #3609, .T. ) ;
#9645 = EDGE_CURVE ( 'NONE', #9866, #3479, #6600, .T. ) ;
#9646 = ORIENTED_EDGE ( 'NONE', *, *, #7858, .F. ) ;
#9647 = CARTESIAN_POINT ( 'NONE',  ( 0.3600000000000000422, -8.830679945108999007, 6.924999999999999822 ) ) ;
#9648 = ORIENTED_EDGE ( 'NONE', *, *, #6793, .F. ) ;
#9649 = FACE_OUTER_BOUND ( 'NONE', #4151, .T. ) ;
#9650 = ORIENTED_EDGE ( 'NONE', *, *, #9218, .T. ) ;
#9651 = DIRECTION ( 'NONE',  ( 0.000000000000000000, -1.000000000000000000, 0.000000000000000000 ) ) ;
#9652 = FACE_OUTER_BOUND ( 'NONE', #9188, .T. ) ;
#9653 = DIRECTION ( 'NONE',  ( -1.281023473655992504E-16, 0.9969206697117722893, 0.07841669657306082897 ) ) ;
#9654 = CARTESIAN_POINT ( 'NONE',  ( 1.280000000000000027, -7.894999999999999574, 6.749999999998999911 ) ) ;
#9655 = EDGE_CURVE ( 'NONE', #9639, #8864, #7406, .T. ) ;
#9656 = ADVANCED_FACE ( 'NONE', ( #1365 ), #8378, .F. ) ;
#9657 = ORIENTED_EDGE ( 'NONE', *, *, #1468, .F. ) ;
#9658 = LINE ( 'NONE', #10907, #5378 ) ;
#9659 = CARTESIAN_POINT ( 'NONE',  ( 0.3600000000000000422, -4.830679945108999895, 6.424999999999999822 ) ) ;
#9660 = EDGE_CURVE ( 'NONE', #7061, #4699, #4000, .T. ) ;
#9661 = DIRECTION ( 'NONE',  ( 1.000000000000000000, 0.000000000000000000, 0.000000000000000000 ) ) ;
#9662 = ORIENTED_EDGE ( 'NONE', *, *, #4953, .F. ) ;
#9663 = DIRECTION ( 'NONE',  ( 0.000000000000000000, 0.000000000000000000, -1.000000000000000000 ) ) ;
#9664 = LINE ( 'NONE', #1803, #3026 ) ;
#9665 = PLANE ( 'NONE',  #911 ) ;
#9666 = DIRECTION ( 'NONE',  ( -4.861730685828999686E-63, 1.000000000000000000, 1.219828459165000025E-15 ) ) ;
#9667 = EDGE_CURVE ( 'NONE', #10945, #3025, #8321, .T. ) ;
#9668 = VERTEX_POINT ( 'NONE', #7353 ) ;
#9669 = LINE ( 'NONE', #9045, #5376 ) ;
#9670 = EDGE_CURVE ( 'NONE', #7344, #2053, #3205, .T. ) ;
#9671 = EDGE_LOOP ( 'NONE', ( #4436, #2126, #4156, #7830 ) ) ;
#9672 = CARTESIAN_POINT ( 'NONE',  ( -1.580000000000000071, -8.040372661637999130, 6.399999999999000266 ) ) ;
#9673 = ORIENTED_EDGE ( 'NONE', *, *, #992, .F. ) ;
#9674 = ORIENTED_EDGE ( 'NONE', *, *, #3974, .T. ) ;
#9675 = DIRECTION ( 'NONE',  ( -1.000000000000000000, 0.000000000000000000, 0.000000000000000000 ) ) ;
#9676 = DIRECTION ( 'NONE',  ( 0.000000000000000000, -1.000000000000000000, -1.084202172484999957E-15 ) ) ;
#9677 = PLANE ( 'NONE',  #10637 ) ;
#9678 = VECTOR ( 'NONE', #9543, 1000.000000000000000 ) ;
#9679 = EDGE_CURVE ( 'NONE', #1787, #10182, #9177, .T. ) ;
#9680 = ORIENTED_EDGE ( 'NONE', *, *, #6090, .T. ) ;
#9681 =( LENGTH_UNIT ( ) NAMED_UNIT ( * ) SI_UNIT ( .MILLI., .METRE. ) );
#9682 = ADVANCED_FACE ( 'NONE', ( #7575 ), #6715, .F. ) ;
#9683 = DIRECTION ( 'NONE',  ( 1.807003620808999850E-16, 0.000000000000000000, 1.000000000000000000 ) ) ;
#9684 = EDGE_LOOP ( 'NONE', ( #243, #2627, #7588, #8892, #1950, #5008, #1005, #7468, #5763, #11105, #8660, #6307 ) ) ;
#9685 = FACE_OUTER_BOUND ( 'NONE', #10529, .T. ) ;
#9686 = ORIENTED_EDGE ( 'NONE', *, *, #3559, .T. ) ;
#9687 = ORIENTED_EDGE ( 'NONE', *, *, #2603, .T. ) ;
#9688 = ORIENTED_EDGE ( 'NONE', *, *, #10141, .T. ) ;
#9689 = LINE ( 'NONE', #9370, #7245 ) ;
#9690 = CARTESIAN_POINT ( 'NONE',  ( 1.430000000000000160, -9.694999999999998508, 9.000000000000000000 ) ) ;
#9691 = EDGE_LOOP ( 'NONE', ( #798, #2333, #5797, #2804 ) ) ;
#9692 = PLANE ( 'NONE',  #9976 ) ;
#9694 = DIRECTION ( 'NONE',  ( 0.000000000000000000, -1.000000000000000000, -1.084202172484999957E-15 ) ) ;
#9693 = VECTOR ( 'NONE', #2773, 1000.000000000000000 ) ;
#9695 = CARTESIAN_POINT ( 'NONE',  ( -1.280000000000000027, -5.910051363132999391, 6.399999999999000266 ) ) ;
#9696 = PLANE ( 'NONE',  #4008 ) ;
#9697 = FACE_OUTER_BOUND ( 'NONE', #3957, .T. ) ;
#9698 = VERTEX_POINT ( 'NONE', #6546 ) ;
#9699 = DIRECTION ( 'NONE',  ( 0.000000000000000000, 1.000000000000000000, 0.000000000000000000 ) ) ;
#9700 = ORIENTED_EDGE ( 'NONE', *, *, #8340, .T. ) ;
#9701 = DIRECTION ( 'NONE',  ( 0.000000000000000000, 0.000000000000000000, 1.000000000000000000 ) ) ;
#9702 = ORIENTED_EDGE ( 'NONE', *, *, #8476, .F. ) ;
#9703 = EDGE_CURVE ( 'NONE', #5855, #10063, #2122, .T. ) ;
#9704 = LINE ( 'NONE', #1052, #1910 ) ;
#9705 = FACE_OUTER_BOUND ( 'NONE', #5167, .T. ) ;
#9706 = CARTESIAN_POINT ( 'NONE',  ( -1.279999999998999716, -1.894999999999999796, -0.8999999999990000443 ) ) ;
#9707 = DIRECTION ( 'NONE',  ( 1.000000000000000000, 0.000000000000000000, -1.215473287538999910E-16 ) ) ;
#9708 = VECTOR ( 'NONE', #10701, 1000.000000000000000 ) ;
#9709 = ORIENTED_EDGE ( 'NONE', *, *, #1329, .F. ) ;
#9710 = PLANE ( 'NONE',  #5562 ) ;
#9711 = LINE ( 'NONE', #2665, #1877 ) ;
#9712 = PLANE ( 'NONE',  #9544 ) ;
#9713 = AXIS2_PLACEMENT_3D ( 'NONE', #1620, #6904, #7015 ) ;
#9714 = ORIENTED_EDGE ( 'NONE', *, *, #4148, .F. ) ;
#9715 = VECTOR ( 'NONE', #5398, 1000.000000000000000 ) ;
#9716 = EDGE_CURVE ( 'NONE', #2236, #5742, #394, .T. ) ;
#9717 = ADVANCED_FACE ( 'NONE', ( #10885 ), #3041, .T. ) ;
#9718 = DIRECTION ( 'NONE',  ( 0.000000000000000000, 1.000000000000000000, 0.000000000000000000 ) ) ;
#9719 = CARTESIAN_POINT ( 'NONE',  ( -0.3600000000000000422, -8.830679945108999007, 3.625000000000000000 ) ) ;
#9720 = AXIS2_PLACEMENT_3D ( 'NONE', #8650, #9661, #786 ) ;
#9721 = CARTESIAN_POINT ( 'NONE',  ( 2.308415123535999758, -7.685679981712000064, 3.399999999998999822 ) ) ;
#9722 = CARTESIAN_POINT ( 'NONE',  ( 1.280000000000000027, -9.544999999998998064, 7.799999999998999733 ) ) ;
#9723 =( GEOMETRIC_REPRESENTATION_CONTEXT ( 3 ) GLOBAL_UNCERTAINTY_ASSIGNED_CONTEXT ( ( #2262 ) ) GLOBAL_UNIT_ASSIGNED_CONTEXT ( ( #7737, #7675, #8596 ) ) REPRESENTATION_CONTEXT ( 'NONE', 'WORKASPACE' ) );
#9724 = VECTOR ( 'NONE', #6176, 1000.000000000000000 ) ;
#9725 = VECTOR ( 'NONE', #9522, 1000.000000000000000 ) ;
#9726 = ORIENTED_EDGE ( 'NONE', *, *, #1178, .F. ) ;
#9727 = LINE ( 'NONE', #5368, #5159 ) ;
#9728 = ORIENTED_EDGE ( 'NONE', *, *, #3241, .F. ) ;
#9729 = DIRECTION ( 'NONE',  ( 0.000000000000000000, -1.000000000000000000, 0.000000000000000000 ) ) ;
#9730 = ORIENTED_EDGE ( 'NONE', *, *, #9512, .T. ) ;
#9731 = EDGE_CURVE ( 'NONE', #7177, #2453, #4988, .T. ) ;
#9732 = EDGE_CURVE ( 'NONE', #10715, #5095, #2343, .T. ) ;
#9733 = VERTEX_POINT ( 'NONE', #5910 ) ;
#9734 = CARTESIAN_POINT ( 'NONE',  ( 0.3600000000000000422, -4.830679945108999895, 3.625000000000000000 ) ) ;
#9735 = VECTOR ( 'NONE', #10741, 1000.000000000000000 ) ;
#9736 = DIRECTION ( 'NONE',  ( 1.000000000000000000, 0.000000000000000000, 1.215473287538999910E-16 ) ) ;
#9737 = EDGE_CURVE ( 'NONE', #4292, #10959, #9404, .T. ) ;
#9738 = CARTESIAN_POINT ( 'NONE',  ( -0.3499999999999999778, -4.830679945108999895, 5.125000000000000000 ) ) ;
#9739 = ORIENTED_EDGE ( 'NONE', *, *, #619, .T. ) ;
#9740 = CARTESIAN_POINT ( 'NONE',  ( -1.280000000000000027, -2.979999999999999538, -0.7048473225369999984 ) ) ;
#9741 = VECTOR ( 'NONE', #3968, 1000.000000000000000 ) ;
#9742 = LINE ( 'NONE', #10654, #7346 ) ;
#9743 = ORIENTED_EDGE ( 'NONE', *, *, #7489, .T. ) ;
#9744 = DIRECTION ( 'NONE',  ( 0.000000000000000000, 1.000000000000000000, -2.168404344971000240E-16 ) ) ;
#9745 = ORIENTED_EDGE ( 'NONE', *, *, #5308, .F. ) ;
#9746 = ADVANCED_FACE ( 'NONE', ( #4510 ), #24, .F. ) ;
#9747 = ORIENTED_EDGE ( 'NONE', *, *, #5950, .T. ) ;
#9748 = ORIENTED_EDGE ( 'NONE', *, *, #9245, .T. ) ;
#9749 = DIRECTION ( 'NONE',  ( -2.231344965625815353E-17, 0.1736481776660634968, 0.9848077530123608980 ) ) ;
#9750 = PLANE ( 'NONE',  #8466 ) ;
#9751 = ORIENTED_EDGE ( 'NONE', *, *, #2462, .F. ) ;
#9752 = DIRECTION ( 'NONE',  ( 1.000000000000000000, 1.284980352574999780E-16, 0.000000000000000000 ) ) ;
#9753 = DIRECTION ( 'NONE',  ( 0.000000000000000000, 0.000000000000000000, 1.000000000000000000 ) ) ;
#9754 = EDGE_CURVE ( 'NONE', #9190, #6772, #7959, .T. ) ;
#9755 = CARTESIAN_POINT ( 'NONE',  ( 1.280000000000000027, -6.942054513798999515, 6.302116894274999659 ) ) ;
#9756 = DIRECTION ( 'NONE',  ( 1.889516252618999683E-47, 1.000000000000000000, 1.084202172484999957E-15 ) ) ;
#9757 = ADVANCED_FACE ( 'NONE', ( #7847, #4452 ), #7099, .F. ) ;
#9758 = DIRECTION ( 'NONE',  ( 0.000000000000000000, 0.000000000000000000, -1.000000000000000000 ) ) ;
#9759 = AXIS2_PLACEMENT_3D ( 'NONE', #7583, #11064, #6722 ) ;
#9760 = ORIENTED_EDGE ( 'NONE', *, *, #5131, .T. ) ;
#9761 = CARTESIAN_POINT ( 'NONE',  ( -1.830000000000000071, 3.804999999999000071, 4.915278589676999488 ) ) ;
#9762 = EDGE_LOOP ( 'NONE', ( #5844, #10096, #7081, #10918 ) ) ;
#9763 = VERTEX_POINT ( 'NONE', #3643 ) ;
#9764 = CARTESIAN_POINT ( 'NONE',  ( 1.280000000000000027, -2.544188695136999634, 0.2999999999999999889 ) ) ;
#9765 = ORIENTED_EDGE ( 'NONE', *, *, #440, .T. ) ;
#9766 = DIRECTION ( 'NONE',  ( 1.000000000000000000, 0.000000000000000000, 1.215473287538999910E-16 ) ) ;
#9767 = PLANE ( 'NONE',  #6335 ) ;
#9768 = FACE_OUTER_BOUND ( 'NONE', #8663, .T. ) ;
#9769 = EDGE_LOOP ( 'NONE', ( #6785, #8841, #4817, #3047 ) ) ;
#9770 = LINE ( 'NONE', #1977, #9233 ) ;
#9771 = VECTOR ( 'NONE', #6458, 1000.000000000000000 ) ;
#9772 = FACE_OUTER_BOUND ( 'NONE', #5499, .T. ) ;
#9773 = CARTESIAN_POINT ( 'NONE',  ( 1.580000000000000071, -8.294999999999999929, 2.249999999998999911 ) ) ;
#9774 = ORIENTED_EDGE ( 'NONE', *, *, #6461, .F. ) ;
#9775 = DIRECTION ( 'NONE',  ( 0.000000000000000000, 0.000000000000000000, 1.000000000000000000 ) ) ;
#9776 = LINE ( 'NONE', #8871, #5040 ) ;
#9777 = VECTOR ( 'NONE', #9320, 1000.000000000000000 ) ;
#9778 = VECTOR ( 'NONE', #1882, 1000.000000000000000 ) ;
#9779 = LINE ( 'NONE', #8131, #1990 ) ;
#9780 = PLANE ( 'NONE',  #5344 ) ;
#9781 = CIRCLE ( 'NONE', #11242, 0.8999999999989997113 ) ;
#9782 = EDGE_CURVE ( 'NONE', #2965, #8333, #7900, .T. ) ;
#9783 = CIRCLE ( 'NONE', #10508, 0.1499999999989998778 ) ;
#9784 = ORIENTED_EDGE ( 'NONE', *, *, #5355, .F. ) ;
#9785 = DIRECTION ( 'NONE',  ( 0.000000000000000000, 1.000000000000000000, 0.000000000000000000 ) ) ;
#9786 = VERTEX_POINT ( 'NONE', #896 ) ;
#9787 = DIRECTION ( 'NONE',  ( -1.000000000000000000, 1.239088197125999924E-16, 0.000000000000000000 ) ) ;
#9788 = ORIENTED_EDGE ( 'NONE', *, *, #8048, .F. ) ;
#9789 = AXIS2_PLACEMENT_3D ( 'NONE', #3275, #10266, #7702 ) ;
#9790 = CARTESIAN_POINT ( 'NONE',  ( 1.830000000000000071, 2.385829949784000537, 4.915278589676999488 ) ) ;
#9791 = PLANE ( 'NONE',  #6634 ) ;
#9792 = CYLINDRICAL_SURFACE ( 'NONE', #6248, 0.09999999999900002767 ) ;
#9793 = EDGE_CURVE ( 'NONE', #5554, #3574, #8555, .T. ) ;
#9794 = VECTOR ( 'NONE', #2637, 1000.000000000000000 ) ;
#9795 = VECTOR ( 'NONE', #360, 1000.000000000000000 ) ;
#9796 = VERTEX_POINT ( 'NONE', #1758 ) ;
#9797 = DIRECTION ( 'NONE',  ( -0.000000000000000000, 1.000000000000000000, 0.000000000000000000 ) ) ;
#9798 = PLANE ( 'NONE',  #7325 ) ;
#9799 = VERTEX_POINT ( 'NONE', #4176 ) ;
#9800 = LINE ( 'NONE', #9003, #6864 ) ;
#9801 = ORIENTED_EDGE ( 'NONE', *, *, #6286, .F. ) ;
#9802 = EDGE_CURVE ( 'NONE', #1760, #11030, #11320, .T. ) ;
#9803 = ORIENTED_EDGE ( 'NONE', *, *, #10158, .T. ) ;
#9804 = ORIENTED_EDGE ( 'NONE', *, *, #10474, .F. ) ;
#9805 = PLANE ( 'NONE',  #5793 ) ;
#9806 = CARTESIAN_POINT ( 'NONE',  ( 1.280000000000000027, -7.688759329998998915, 3.360851883710000543 ) ) ;
#9807 = LINE ( 'NONE', #7121, #1013 ) ;
#9808 = DIRECTION ( 'NONE',  ( 0.000000000000000000, 0.000000000000000000, 1.000000000000000000 ) ) ;
#9809 = AXIS2_PLACEMENT_3D ( 'NONE', #7528, #3903, #8391 ) ;
#9810 = CARTESIAN_POINT ( 'NONE',  ( -1.280000000000000027, 3.504999999999000249, 4.915278589676999488 ) ) ;
#9811 = LINE ( 'NONE', #164, #1442 ) ;
#9812 = AXIS2_PLACEMENT_3D ( 'NONE', #4181, #4129, #5680 ) ;
#9813 = LINE ( 'NONE', #3729, #4033 ) ;
#9814 = EDGE_CURVE ( 'NONE', #3242, #2708, #10198, .T. ) ;
#9815 = ORIENTED_EDGE ( 'NONE', *, *, #704, .T. ) ;
#9816 = CARTESIAN_POINT ( 'NONE',  ( 0.3600000000000000422, -4.830679945108999895, 5.424999999998999733 ) ) ;
#9817 = VECTOR ( 'NONE', #8432, 1000.000000000000000 ) ;
#9818 = ORIENTED_EDGE ( 'NONE', *, *, #11140, .T. ) ;
#9819 = EDGE_CURVE ( 'NONE', #3311, #10119, #2727, .T. ) ;
#9820 = ORIENTED_EDGE ( 'NONE', *, *, #327, .T. ) ;
#9821 = DIRECTION ( 'NONE',  ( 0.000000000000000000, -1.000000000000000000, 0.000000000000000000 ) ) ;
#9822 = ORIENTED_EDGE ( 'NONE', *, *, #5402, .F. ) ;
#9823 = CARTESIAN_POINT ( 'NONE',  ( -1.279999999998999716, -3.694999999999999396, 4.383769826401000991 ) ) ;
#9824 = PLANE ( 'NONE',  #1756 ) ;
#9825 = CARTESIAN_POINT ( 'NONE',  ( -0.3499999999999999778, -5.330679945108999007, 7.424999999999999822 ) ) ;
#9826 = DIRECTION ( 'NONE',  ( 1.284980352574999780E-16, -1.000000000000000000, 0.000000000000000000 ) ) ;
#9827 = ORIENTED_EDGE ( 'NONE', *, *, #1578, .T. ) ;
#9828 = FACE_OUTER_BOUND ( 'NONE', #969, .T. ) ;
#9829 = CARTESIAN_POINT ( 'NONE',  ( -0.3600000000000000422, -4.830679945108999895, 6.424999999999999822 ) ) ;
#9830 = EDGE_CURVE ( 'NONE', #4012, #2046, #6225, .T. ) ;
#9831 = CARTESIAN_POINT ( 'NONE',  ( -0.9817789317309998376, -6.329612395372000044, 5.599999999999999645 ) ) ;
#9832 = ORIENTED_EDGE ( 'NONE', *, *, #771, .F. ) ;
#9833 = LINE ( 'NONE', #4724, #11049 ) ;
#9834 = LINE ( 'NONE', #1982, #9438 ) ;
#9835 = LINE ( 'NONE', #1983, #10228 ) ;
#9836 = LINE ( 'NONE', #10801, #1304 ) ;
#9837 = AXIS2_PLACEMENT_3D ( 'NONE', #10411, #5960, #11157 ) ;
#9838 = UNCERTAINTY_MEASURE_WITH_UNIT (LENGTH_MEASURE( 1.000000000000000082E-05 ), #6024, 'distance_accuracy_value', 'NONE');
#9839 = ORIENTED_EDGE ( 'NONE', *, *, #2782, .T. ) ;
#9840 = DIRECTION ( 'NONE',  ( 0.000000000000000000, -1.000000000000000000, 0.000000000000000000 ) ) ;
#9841 = VERTEX_POINT ( 'NONE', #9343 ) ;
#9842 = DIRECTION ( 'NONE',  ( -0.4361276865241069944, -0.8956542399572199331, 0.08715574274702139745 ) ) ;
#9843 = VERTEX_POINT ( 'NONE', #5307 ) ;
#9844 = LINE ( 'NONE', #2906, #7270 ) ;
#9845 = EDGE_CURVE ( 'NONE', #2115, #1995, #3319, .T. ) ;
#9846 = LINE ( 'NONE', #5489, #5350 ) ;
#9847 = LINE ( 'NONE', #5490, #2588 ) ;
#9848 = EDGE_LOOP ( 'NONE', ( #11227, #9228, #696, #233 ) ) ;
#9849 = LINE ( 'NONE', #1996, #11302 ) ;
#9850 = ORIENTED_EDGE ( 'NONE', *, *, #2320, .T. ) ;
#9851 = CARTESIAN_POINT ( 'NONE',  ( -0.3499999999989999999, -5.330679945108999007, 1.624999999998999911 ) ) ;
#9852 = ORIENTED_EDGE ( 'NONE', *, *, #8655, .F. ) ;
#9853 = VERTEX_POINT ( 'NONE', #9722 ) ;
#9854 = EDGE_LOOP ( 'NONE', ( #9907, #8766, #1048, #9459 ) ) ;
#9855 = CARTESIAN_POINT ( 'NONE',  ( 1.430000000000000160, -4.571077182464999389, 2.719600141541999694 ) ) ;
#9856 = CARTESIAN_POINT ( 'NONE',  ( 1.430000000000000160, -4.571077182464999389, 6.330399858456999596 ) ) ;
#9857 = EDGE_CURVE ( 'NONE', #4374, #4233, #8760, .T. ) ;
#9858 = LINE ( 'NONE', #1039, #5580 ) ;
#9859 = ADVANCED_FACE ( 'NONE', ( #4124 ), #5365, .T. ) ;
#9860 = DIRECTION ( 'NONE',  ( 0.000000000000000000, 1.734723475976000090E-15, -1.000000000000000000 ) ) ;
#9861 = PLANE ( 'NONE',  #6064 ) ;
#9862 = PLANE ( 'NONE',  #3821 ) ;
#9863 = AXIS2_PLACEMENT_3D ( 'NONE', #9721, #10693, #4509 ) ;
#9864 = CARTESIAN_POINT ( 'NONE',  ( -1.279999999998999716, 2.385829949784000537, 4.134721410322000246 ) ) ;
#9865 = EDGE_CURVE ( 'NONE', #11277, #731, #6765, .T. ) ;
#9866 = VERTEX_POINT ( 'NONE', #6284 ) ;
#9867 =( NAMED_UNIT ( * ) PLANE_ANGLE_UNIT ( ) SI_UNIT ( $, .RADIAN. ) );
#9868 = ORIENTED_EDGE ( 'NONE', *, *, #1858, .T. ) ;
#9869 = AXIS2_PLACEMENT_3D ( 'NONE', #2437, #6862, #9604 ) ;
#9870 = AXIS2_PLACEMENT_3D ( 'NONE', #4425, #928, #3786 ) ;
#9871 = VERTEX_POINT ( 'NONE', #9042 ) ;
#9872 = ORIENTED_EDGE ( 'NONE', *, *, #2022, .F. ) ;
#9873 = LINE ( 'NONE', #10614, #10458 ) ;
#9874 = ORIENTED_EDGE ( 'NONE', *, *, #1528, .F. ) ;
#9875 = CARTESIAN_POINT ( 'NONE',  ( 0.1000000000000000056, 0.7049999999990003152, 0.000000000000000000 ) ) ;
#9876 = CARTESIAN_POINT ( 'NONE',  ( -1.080000000000000071, 3.804999999999000071, 0.2999999999999999889 ) ) ;
#9877 = LINE ( 'NONE', #1972, #3135 ) ;
#9878 = EDGE_CURVE ( 'NONE', #2166, #697, #9836, .T. ) ;
#9879 = AXIS2_PLACEMENT_3D ( 'NONE', #5620, #4813, #9121 ) ;
#9880 = PLANE ( 'NONE',  #1324 ) ;
#9881 = LINE ( 'NONE', #8009, #2448 ) ;
#9882 = LINE ( 'NONE', #77, #11022 ) ;
#9883 = LINE ( 'NONE', #1861, #5879 ) ;
#9884 = ORIENTED_EDGE ( 'NONE', *, *, #3256, .T. ) ;
#9885 = CARTESIAN_POINT ( 'NONE',  ( -1.430000000000000160, -4.337947837308999688, 6.330399858456999596 ) ) ;
#9886 = DIRECTION ( 'NONE',  ( 0.000000000000000000, -1.000000000000000000, 0.000000000000000000 ) ) ;
#9887 = SURFACE_STYLE_USAGE ( .BOTH. , #2725 ) ;
#9888 = VECTOR ( 'NONE', #4169, 1000.000000000000000 ) ;
#9889 = EDGE_CURVE ( 'NONE', #7192, #3114, #9890, .T. ) ;
#9890 = LINE ( 'NONE', #8297, #7176 ) ;
#9891 = ADVANCED_FACE ( 'NONE', ( #8132 ), #7324, .F. ) ;
#9892 = ORIENTED_EDGE ( 'NONE', *, *, #10301, .F. ) ;
#9893 = DIRECTION ( 'NONE',  ( 1.393178489863000032E-31, -1.084202172484999957E-15, 1.000000000000000000 ) ) ;
#9894 = VECTOR ( 'NONE', #4619, 1000.000000000000000 ) ;
#9895 = VERTEX_POINT ( 'NONE', #254 ) ;
#9896 = CARTESIAN_POINT ( 'NONE',  ( 0.3800000000000000044, -3.894999999999999574, 7.799999999998999733 ) ) ;
#9897 = VERTEX_POINT ( 'NONE', #3756 ) ;
#9898 = DIRECTION ( 'NONE',  ( -1.000000000000000000, 1.284980352574999780E-16, 0.000000000000000000 ) ) ;
#9899 = VECTOR ( 'NONE', #453, 1000.000000000000000 ) ;
#9901 = CARTESIAN_POINT ( 'NONE',  ( -0.3600000000000000422, -4.830679945108999895, 3.625000000000000000 ) ) ;
#9900 = VECTOR ( 'NONE', #8907, 1000.000000000000000 ) ;
#9902 = VECTOR ( 'NONE', #3900, 1000.000000000000000 ) ;
#9903 = LINE ( 'NONE', #5377, #1126 ) ;
#9904 = ORIENTED_EDGE ( 'NONE', *, *, #1468, .T. ) ;
#9905 = ADVANCED_FACE ( 'NONE', ( #310 ), #9780, .F. ) ;
#9906 = CARTESIAN_POINT ( 'NONE',  ( 1.430000000000000160, -4.337947837308999688, 5.654324757502999788 ) ) ;
#9907 = ORIENTED_EDGE ( 'NONE', *, *, #4327, .F. ) ;
#9908 = DIRECTION ( 'NONE',  ( 0.000000000000000000, 0.000000000000000000, 1.000000000000000000 ) ) ;
#9909 = AXIS2_PLACEMENT_3D ( 'NONE', #6077, #689, #2404 ) ;
#9910 = ORIENTED_EDGE ( 'NONE', *, *, #7652, .F. ) ;
#9911 = AXIS2_PLACEMENT_3D ( 'NONE', #3798, #8120, #349 ) ;
#9912 = EDGE_LOOP ( 'NONE', ( #2789, #6807, #10936, #10733 ) ) ;
#9913 = EDGE_LOOP ( 'NONE', ( #1158, #10302, #7744, #10808 ) ) ;
#9914 = LINE ( 'NONE', #8154, #7795 ) ;
#9915 = AXIS2_PLACEMENT_3D ( 'NONE', #9856, #11344, #1892 ) ;
#9916 = CARTESIAN_POINT ( 'NONE',  ( 1.830000000000000071, 3.804999999999000071, 4.915278589676999488 ) ) ;
#9917 = DIRECTION ( 'NONE',  ( 0.000000000000000000, 0.000000000000000000, -1.000000000000000000 ) ) ;
#9918 = CARTESIAN_POINT ( 'NONE',  ( 1.580000000000000071, -8.294999999999999929, 3.749999999998999911 ) ) ;
#9919 = CARTESIAN_POINT ( 'NONE',  ( 0.3599999999990000088, -8.830679945108999007, 2.625000000000000000 ) ) ;
#9920 = CARTESIAN_POINT ( 'NONE',  ( 1.280000000000000027, 3.504999999999000249, 0.000000000000000000 ) ) ;
#9921 = VECTOR ( 'NONE', #10927, 1000.000000000000000 ) ;
#9922 = ORIENTED_EDGE ( 'NONE', *, *, #62, .T. ) ;
#9923 = EDGE_CURVE ( 'NONE', #10840, #3791, #1282, .T. ) ;
#9924 = CARTESIAN_POINT ( 'NONE',  ( -0.3499999999989999999, -9.395000000000001350, 1.179999999999000071 ) ) ;
#9925 = EDGE_LOOP ( 'NONE', ( #2279, #3612, #2581, #10658 ) ) ;
#9926 = ORIENTED_EDGE ( 'NONE', *, *, #6680, .T. ) ;
#9927 = SURFACE_STYLE_FILL_AREA ( #6439 ) ;
#9928 = ORIENTED_EDGE ( 'NONE', *, *, #6008, .T. ) ;
#9929 = CARTESIAN_POINT ( 'NONE',  ( -0.3600000000000000422, -4.830679945108999895, 4.924999999999999822 ) ) ;
#9930 = LINE ( 'NONE', #518, #4858 ) ;
#9931 = CIRCLE ( 'NONE', #5177, 0.1000000000000002554 ) ;
#9932 = CARTESIAN_POINT ( 'NONE',  ( -0.3599999999990000088, -5.330679945108999007, 3.124999999998999911 ) ) ;
#9933 = CARTESIAN_POINT ( 'NONE',  ( -0.3499999999989999999, -9.330679945108999007, 1.625000000000000000 ) ) ;
#9934 = EDGE_CURVE ( 'NONE', #5573, #9633, #5427, .T. ) ;
#9935 = DIRECTION ( 'NONE',  ( -1.000000000000000000, 0.000000000000000000, 1.215473287538999910E-16 ) ) ;
#9936 = ADVANCED_FACE ( 'NONE', ( #4786 ), #9947, .F. ) ;
#9937 = VECTOR ( 'NONE', #11132, 1000.000000000000000 ) ;
#9938 = DIRECTION ( 'NONE',  ( 0.000000000000000000, -0.5000000000001899592, -0.8660254037843289066 ) ) ;
#9939 = CARTESIAN_POINT ( 'NONE',  ( 1.830000000000000071, 3.804999999999000071, 4.915278589676999488 ) ) ;
#9940 = LINE ( 'NONE', #5585, #5505 ) ;
#9941 = DIRECTION ( 'NONE',  ( 2.487778908865945165E-16, -0.5000000000001899592, -0.8660254037843289066 ) ) ;
#9942 = ORIENTED_EDGE ( 'NONE', *, *, #790, .F. ) ;
#9943 = ADVANCED_FACE ( 'NONE', ( #422 ), #7152, .T. ) ;
#9944 = DIRECTION ( 'NONE',  ( -1.270804703590999957E-32, 1.025596649647999987E-16, 1.000000000000000000 ) ) ;
#9945 = DIRECTION ( 'NONE',  ( 0.000000000000000000, 0.000000000000000000, -1.000000000000000000 ) ) ;
#9946 = DIRECTION ( 'NONE',  ( -1.000000000000000000, 0.000000000000000000, 1.215473287538999910E-16 ) ) ;
#9947 = PLANE ( 'NONE',  #766 ) ;
#9948 = ADVANCED_FACE ( 'NONE', ( #8934 ), #5536, .T. ) ;
#9949 = EDGE_LOOP ( 'NONE', ( #10447, #9524, #6833, #9239 ) ) ;
#9950 = DIRECTION ( 'NONE',  ( 1.000000000000000000, 0.000000000000000000, 0.000000000000000000 ) ) ;
#9951 = EDGE_LOOP ( 'NONE', ( #5074, #1405, #1826, #211 ) ) ;
#9952 = DIRECTION ( 'NONE',  ( 0.000000000000000000, -0.5000000000001899592, 0.8660254037843289066 ) ) ;
#9953 = VECTOR ( 'NONE', #6451, 1000.000000000000114 ) ;
#9954 = ORIENTED_EDGE ( 'NONE', *, *, #11325, .F. ) ;
#9955 = EDGE_CURVE ( 'NONE', #10696, #9480, #7213, .T. ) ;
#9956 = LINE ( 'NONE', #2966, #7818 ) ;
#9957 = ORIENTED_EDGE ( 'NONE', *, *, #5686, .F. ) ;
#9958 = STYLED_ITEM ( 'NONE', ( #4161 ), #4289 ) ;
#9959 = CARTESIAN_POINT ( 'NONE',  ( 1.430000000000000160, -4.337947837308999688, 6.330399858456999596 ) ) ;
#9960 = CARTESIAN_POINT ( 'NONE',  ( 1.279999999998999716, -1.545000000000999796, -1.899999999998999822 ) ) ;
#9961 = VECTOR ( 'NONE', #2747, 1000.000000000000000 ) ;
#9962 = COLOUR_RGB ( '',0.7921568627450980005, 0.8196078431372548767, 0.9333333333333333481 ) ;
#9963 = ORIENTED_EDGE ( 'NONE', *, *, #10820, .T. ) ;
#9964 = VECTOR ( 'NONE', #464, 1000.000000000000000 ) ;
#9965 = CARTESIAN_POINT ( 'NONE',  ( -0.3600000000000000422, -9.330679945108999007, 5.625000000000000000 ) ) ;
#9966 = ORIENTED_EDGE ( 'NONE', *, *, #1254, .F. ) ;
#9967 = LINE ( 'NONE', #3776, #1176 ) ;
#9968 = VERTEX_POINT ( 'NONE', #1927 ) ;
#9969 = ORIENTED_EDGE ( 'NONE', *, *, #4525, .F. ) ;
#9970 = ORIENTED_EDGE ( 'NONE', *, *, #10997, .T. ) ;
#9971 = FACE_OUTER_BOUND ( 'NONE', #9561, .T. ) ;
#9972 = DIRECTION ( 'NONE',  ( 1.000000000000000000, 0.000000000000000000, 1.215473287538999910E-16 ) ) ;
#9973 = LINE ( 'NONE', #5029, #1272 ) ;
#9974 = CARTESIAN_POINT ( 'NONE',  ( 0.3600000000000000422, -5.330679945108999007, 7.424999999999999822 ) ) ;
#9975 = LINE ( 'NONE', #4871, #6042 ) ;
#9976 = AXIS2_PLACEMENT_3D ( 'NONE', #7294, #2921, #1954 ) ;
#9977 = CARTESIAN_POINT ( 'NONE',  ( -1.279999999998999716, -1.894999999999999796, -0.8999999999990000443 ) ) ;
#9978 = VECTOR ( 'NONE', #2897, 1000.000000000000000 ) ;
#9979 = ORIENTED_EDGE ( 'NONE', *, *, #6579, .T. ) ;
#9980 = DIRECTION ( 'NONE',  ( 0.000000000000000000, 0.000000000000000000, -1.000000000000000000 ) ) ;
#9981 = ORIENTED_EDGE ( 'NONE', *, *, #770, .F. ) ;
#9982 = ORIENTED_EDGE ( 'NONE', *, *, #6728, .T. ) ;
#9983 = CARTESIAN_POINT ( 'NONE',  ( -1.430000000000000160, -4.571077182464999389, 3.395675242495999946 ) ) ;
#9984 = VECTOR ( 'NONE', #6901, 1000.000000000000000 ) ;
#9985 = ORIENTED_EDGE ( 'NONE', *, *, #6712, .F. ) ;
#9986 = DIRECTION ( 'NONE',  ( 1.000000000000000000, 0.000000000000000000, 1.215473287538999910E-16 ) ) ;
#9987 = CYLINDRICAL_SURFACE ( 'NONE', #1020, 1.199999999998999867 ) ;
#9988 = EDGE_CURVE ( 'NONE', #1633, #3025, #7382, .T. ) ;
#9989 = CARTESIAN_POINT ( 'NONE',  ( 0.3600000000000000422, -4.830679945108999895, 4.125000000000000000 ) ) ;
#9990 = FACE_OUTER_BOUND ( 'NONE', #6140, .T. ) ;
#9991 = VECTOR ( 'NONE', #1767, 1000.000000000000000 ) ;
#9992 = PLANE ( 'NONE',  #2605 ) ;
#9993 = CARTESIAN_POINT ( 'NONE',  ( -1.429999999999000071, -1.983341451230999697, 4.776807376878000611 ) ) ;
#9994 = LINE ( 'NONE', #2351, #35 ) ;
#9995 = FACE_BOUND ( 'NONE', #7459, .T. ) ;
#9996 = CARTESIAN_POINT ( 'NONE',  ( -0.3799999999990000266, -9.544999999998998064, 1.249999999998999911 ) ) ;
#9997 = EDGE_LOOP ( 'NONE', ( #2012, #9788, #10596, #3161 ) ) ;
#9998 = CARTESIAN_POINT ( 'NONE',  ( 1.310277351904999943, -7.004233640340999045, 2.600000000000000089 ) ) ;
#9999 = DIRECTION ( 'NONE',  ( -1.000000000000000000, 0.000000000000000000, 1.215473287538999910E-16 ) ) ;
#10000 = VECTOR ( 'NONE', #8537, 1000.000000000000000 ) ;
#10001 = ADVANCED_FACE ( 'NONE', ( #4564 ), #194, .T. ) ;
#10002 = SURFACE_STYLE_FILL_AREA ( #11026 ) ;
#10003 = EDGE_CURVE ( 'NONE', #6040, #9065, #3866, .T. ) ;
#10004 = DIRECTION ( 'NONE',  ( 1.393178489863000032E-31, -1.084202172484999957E-15, 1.000000000000000000 ) ) ;
#10005 = EDGE_CURVE ( 'NONE', #9564, #8053, #1984, .T. ) ;
#10006 = ORIENTED_EDGE ( 'NONE', *, *, #1676, .F. ) ;
#10007 = LINE ( 'NONE', #5648, #9777 ) ;
#10008 = LINE ( 'NONE', #6574, #60 ) ;
#10009 = VERTEX_POINT ( 'NONE', #5646 ) ;
#10010 = CARTESIAN_POINT ( 'NONE',  ( 1.430000000000000160, -4.571077182464999389, 6.330399858456999596 ) ) ;
#10011 = EDGE_LOOP ( 'NONE', ( #4166, #5496, #10145, #10898 ) ) ;
#10012 = CARTESIAN_POINT ( 'NONE',  ( 0.3600000000000000422, -9.330679945108999007, 7.125000000000000000 ) ) ;
#10013 = VERTEX_POINT ( 'NONE', #5480 ) ;
#10014 = EDGE_CURVE ( 'NONE', #2827, #7693, #1125, .T. ) ;
#10015 = LINE ( 'NONE', #8142, #3693 ) ;
#10016 = LINE ( 'NONE', #4857, #7174 ) ;
#10017 = ADVANCED_FACE ( 'NONE', ( #9208 ), #3066, .F. ) ;
#10018 = ORIENTED_EDGE ( 'NONE', *, *, #9610, .T. ) ;
#10019 = CARTESIAN_POINT ( 'NONE',  ( -0.3600000000000000422, -8.830679945108999007, 5.424999999998999733 ) ) ;
#10020 = ORIENTED_EDGE ( 'NONE', *, *, #8909, .T. ) ;
#10021 = PLANE ( 'NONE',  #1001 ) ;
#10022 = EDGE_LOOP ( 'NONE', ( #4397, #2682, #10783, #7102 ) ) ;
#10023 = ORIENTED_EDGE ( 'NONE', *, *, #2920, .F. ) ;
#10024 = EDGE_LOOP ( 'NONE', ( #3313, #4967, #8548, #6289 ) ) ;
#10025 = DIRECTION ( 'NONE',  ( 0.000000000000000000, 1.000000000000000000, 0.000000000000000000 ) ) ;
#10026 = PLANE ( 'NONE',  #5959 ) ;
#10027 = CARTESIAN_POINT ( 'NONE',  ( -0.5396645151600001356, 3.804999999999000071, 4.134721410322000246 ) ) ;
#10028 = DIRECTION ( 'NONE',  ( 0.000000000000000000, -1.000000000000000000, 0.000000000000000000 ) ) ;
#10029 = CARTESIAN_POINT ( 'NONE',  ( -0.3600000000000000422, -4.830679945108999895, 4.625000000000000000 ) ) ;
#10030 = EDGE_CURVE ( 'NONE', #1085, #3546, #5078, .T. ) ;
#10031 = EDGE_CURVE ( 'NONE', #557, #10066, #4898, .T. ) ;
#10032 = VERTEX_POINT ( 'NONE', #9316 ) ;
#10033 = EDGE_LOOP ( 'NONE', ( #5056, #4520, #3932, #4620, #5485, #4960 ) ) ;
#10034 = EDGE_LOOP ( 'NONE', ( #7278, #9774, #9714, #7562 ) ) ;
#10035 = ORIENTED_EDGE ( 'NONE', *, *, #7989, .T. ) ;
#10036 = CARTESIAN_POINT ( 'NONE',  ( -0.3499999999989999999, -4.830679945108999895, 2.925000000000000266 ) ) ;
#10037 = ORIENTED_EDGE ( 'NONE', *, *, #6522, .T. ) ;
#10038 = DIRECTION ( 'NONE',  ( 0.000000000000000000, 1.000000000000000000, 0.000000000000000000 ) ) ;
#10040 = DIRECTION ( 'NONE',  ( 1.215473287538999910E-16, 0.000000000000000000, 1.000000000000000000 ) ) ;
#10039 = VECTOR ( 'NONE', #10550, 1000.000000000000000 ) ;
#10041 = CARTESIAN_POINT ( 'NONE',  ( 0.3600000000000000422, -4.830679945108999895, 6.125000000000000000 ) ) ;
#10042 = PLANE ( 'NONE',  #10271 ) ;
#10043 = CARTESIAN_POINT ( 'NONE',  ( -0.3799999999990000266, -3.894999999999999574, 8.699999999999000977 ) ) ;
#10044 =( GEOMETRIC_REPRESENTATION_CONTEXT ( 3 ) GLOBAL_UNCERTAINTY_ASSIGNED_CONTEXT ( ( #9489 ) ) GLOBAL_UNIT_ASSIGNED_CONTEXT ( ( #7084, #8005, #8173 ) ) REPRESENTATION_CONTEXT ( 'NONE', 'WORKASPACE' ) );
#10045 = FACE_OUTER_BOUND ( 'NONE', #8524, .T. ) ;
#10046 = EDGE_CURVE ( 'NONE', #557, #405, #8583, .T. ) ;
#10047 = CARTESIAN_POINT ( 'NONE',  ( -1.580000000000000071, -8.040372661637999130, 5.599999999998999556 ) ) ;
#10048 = LINE ( 'NONE', #9310, #1867 ) ;
#10049 = ORIENTED_EDGE ( 'NONE', *, *, #6242, .T. ) ;
#10050 = CARTESIAN_POINT ( 'NONE',  ( -0.3499999999989999999, -4.830679945108999895, 3.625000000000000000 ) ) ;
#10051 = LINE ( 'NONE', #9260, #9253 ) ;
#10052 = VECTOR ( 'NONE', #467, 1000.000000000000000 ) ;
#10053 = FACE_OUTER_BOUND ( 'NONE', #906, .T. ) ;
#10054 = UNCERTAINTY_MEASURE_WITH_UNIT (LENGTH_MEASURE( 1.000000000000000082E-05 ), #9126, 'distance_accuracy_value', 'NONE');
#10055 = VERTEX_POINT ( 'NONE', #1452 ) ;
#10056 = FACE_OUTER_BOUND ( 'NONE', #6946, .T. ) ;
#10057 = ADVANCED_FACE ( 'NONE', ( #11027 ), #9262, .T. ) ;
#10058 = CARTESIAN_POINT ( 'NONE',  ( -0.3499999999989999999, -8.830679945108999007, 2.625000000000000000 ) ) ;
#10059 = ADVANCED_FACE ( 'NONE', ( #10053 ), #2199, .T. ) ;
#10060 = VECTOR ( 'NONE', #4970, 1000.000000000000000 ) ;
#10061 = ORIENTED_EDGE ( 'NONE', *, *, #8626, .F. ) ;
#10062 = DIRECTION ( 'NONE',  ( -0.000000000000000000, 1.000000000000000000, 0.000000000000000000 ) ) ;
#10063 = VERTEX_POINT ( 'NONE', #663 ) ;
#10064 = CARTESIAN_POINT ( 'NONE',  ( 1.579999999998999982, -3.894999999999999574, 1.249999999998999911 ) ) ;
#10065 = DIRECTION ( 'NONE',  ( 0.8990754936489593341, -0.4377936234344672051, -4.746567976289071596E-16 ) ) ;
#10066 = VERTEX_POINT ( 'NONE', #5708 ) ;
#10067 = DIRECTION ( 'NONE',  ( -1.807003620808999850E-16, 0.000000000000000000, -1.000000000000000000 ) ) ;
#10068 = DIRECTION ( 'NONE',  ( 0.000000000000000000, -1.000000000000000000, 0.000000000000000000 ) ) ;
#10069 = AXIS2_PLACEMENT_3D ( 'NONE', #6180, #9618, #89 ) ;
#10070 = ORIENTED_EDGE ( 'NONE', *, *, #11254, .F. ) ;
#10071 = ADVANCED_FACE ( 'NONE', ( #4155 ), #4957, .F. ) ;
#10072 = DIRECTION ( 'NONE',  ( 0.000000000000000000, 0.000000000000000000, -1.000000000000000000 ) ) ;
#10073 = ADVANCED_FACE ( 'NONE', ( #11141 ), #4095, .F. ) ;
#10074 = VERTEX_POINT ( 'NONE', #3293 ) ;
#10075 = DIRECTION ( 'NONE',  ( 0.8990754936489593341, -0.4377936234344672051, -4.746567976289071596E-16 ) ) ;
#10076 = VERTEX_POINT ( 'NONE', #8405 ) ;
#10077 = ORIENTED_EDGE ( 'NONE', *, *, #6945, .F. ) ;
#10078 = VERTEX_POINT ( 'NONE', #6798 ) ;
#10079 = LINE ( 'NONE', #10989, #10359 ) ;
#10080 = AXIS2_PLACEMENT_3D ( 'NONE', #5401, #165, #1839 ) ;
#10081 = AXIS2_PLACEMENT_3D ( 'NONE', #2064, #6488, #1309 ) ;
#10082 = ADVANCED_FACE ( 'NONE', ( #8468 ), #7436, .T. ) ;
#10083 = CARTESIAN_POINT ( 'NONE',  ( 1.830000000000000071, 3.804999999999000071, 4.915278589676999488 ) ) ;
#10084 = VECTOR ( 'NONE', #1740, 1000.000000000000000 ) ;
#10085 = CARTESIAN_POINT ( 'NONE',  ( 1.580000000000000071, 5.724170050214999250, 4.134721410322000246 ) ) ;
#10086 = DIRECTION ( 'NONE',  ( 1.000000000000000000, 0.000000000000000000, 1.215473287538999910E-16 ) ) ;
#10087 = LINE ( 'NONE', #2233, #6979 ) ;
#10088 = VECTOR ( 'NONE', #7915, 1000.000000000000000 ) ;
#10089 = ORIENTED_EDGE ( 'NONE', *, *, #8406, .F. ) ;
#10090 = CARTESIAN_POINT ( 'NONE',  ( 0.000000000000000000, -1.295000000000999796, -1.600000000000000089 ) ) ;
#10091 = VECTOR ( 'NONE', #3239, 1000.000000000000000 ) ;
#10092 = EDGE_CURVE ( 'NONE', #10840, #9465, #4843, .T. ) ;
#10093 = MECHANICAL_DESIGN_GEOMETRIC_PRESENTATION_REPRESENTATION (  '', ( #7903 ), #6629 ) ;
#10094 = ORIENTED_EDGE ( 'NONE', *, *, #6356, .F. ) ;
#10095 = EDGE_LOOP ( 'NONE', ( #1250, #3442, #1433, #7115 ) ) ;
#10096 = ORIENTED_EDGE ( 'NONE', *, *, #5898, .F. ) ;
#10097 = ORIENTED_EDGE ( 'NONE', *, *, #856, .F. ) ;
#10098 = ADVANCED_FACE ( 'NONE', ( #481 ), #3972, .F. ) ;
#10099 = LINE ( 'NONE', #344, #9902 ) ;
#10100 = EDGE_LOOP ( 'NONE', ( #8798, #8612, #5021, #1813 ) ) ;
#10101 = EDGE_CURVE ( 'NONE', #3942, #1885, #10171, .T. ) ;
#10102 = CARTESIAN_POINT ( 'NONE',  ( 1.579999999998999982, -1.983341451230999697, 4.776807376878000611 ) ) ;
#10103 = LINE ( 'NONE', #5691, #7437 ) ;
#10104 = VECTOR ( 'NONE', #6228, 1000.000000000000000 ) ;
#10105 = DIRECTION ( 'NONE',  ( 0.000000000000000000, 0.000000000000000000, 1.000000000000000000 ) ) ;
#10106 = VECTOR ( 'NONE', #4856, 1000.000000000000000 ) ;
#10107 = DIRECTION ( 'NONE',  ( -1.393178489863000032E-31, -1.084202172484999957E-15, 1.000000000000000000 ) ) ;
#10108 = DIRECTION ( 'NONE',  ( 0.000000000000000000, 0.000000000000000000, -1.000000000000000000 ) ) ;
#10109 = LINE ( 'NONE', #1224, #6856 ) ;
#10110 = CARTESIAN_POINT ( 'NONE',  ( 1.579999999998999982, 3.804999999999000071, 9.000000000000000000 ) ) ;
#10111 = LINE ( 'NONE', #9256, #8835 ) ;
#10112 = VECTOR ( 'NONE', #3389, 1000.000000000000000 ) ;
#10113 = VERTEX_POINT ( 'NONE', #2319 ) ;
#10114 = DIRECTION ( 'NONE',  ( 1.000000000000000000, 1.284980352574999780E-16, 0.000000000000000000 ) ) ;
#10115 = LINE ( 'NONE', #3177, #3397 ) ;
#10116 = SURFACE_SIDE_STYLE ('',( #10002 ) ) ;
#10117 = CARTESIAN_POINT ( 'NONE',  ( 0.3599999999990000088, -2.944999999999999840, -6.446060001586000578E-17 ) ) ;
#10118 = AXIS2_PLACEMENT_3D ( 'NONE', #9481, #1623, #8686 ) ;
#10119 = VERTEX_POINT ( 'NONE', #6744 ) ;
#10120 = LINE ( 'NONE', #10919, #6653 ) ;
#10121 = CARTESIAN_POINT ( 'NONE',  ( 0.3499999999999999778, -4.830679945108999895, 5.125000000000000000 ) ) ;
#10122 = ORIENTED_EDGE ( 'NONE', *, *, #10837, .T. ) ;
#10123 = FACE_OUTER_BOUND ( 'NONE', #11060, .T. ) ;
#10124 = EDGE_LOOP ( 'NONE', ( #4934, #512, #10728, #4900 ) ) ;
#10125 = PLANE ( 'NONE',  #109 ) ;
#10126 = FACE_OUTER_BOUND ( 'NONE', #229, .T. ) ;
#10127 = EDGE_CURVE ( 'NONE', #1246, #2631, #10227, .T. ) ;
#10128 = DIRECTION ( 'NONE',  ( 0.000000000000000000, 0.000000000000000000, 1.000000000000000000 ) ) ;
#10129 = EDGE_LOOP ( 'NONE', ( #8699, #6929, #1142, #7048 ) ) ;
#10130 = ORIENTED_EDGE ( 'NONE', *, *, #8836, .T. ) ;
#10131 = CARTESIAN_POINT ( 'NONE',  ( 1.280000000000000027, 3.504999999999000249, 4.134721410322000246 ) ) ;
#10132 = ORIENTED_EDGE ( 'NONE', *, *, #11254, .T. ) ;
#10133 = VECTOR ( 'NONE', #307, 1000.000000000000000 ) ;
#10134 = ORIENTED_EDGE ( 'NONE', *, *, #3342, .T. ) ;
#10135 = ORIENTED_EDGE ( 'NONE', *, *, #5649, .T. ) ;
#10136 = CARTESIAN_POINT ( 'NONE',  ( 1.280000000000000027, 2.385829949784000537, 4.915278589676999488 ) ) ;
#10137 = CARTESIAN_POINT ( 'NONE',  ( 0.3599999999990000088, -8.830679945108999007, 2.625000000000000000 ) ) ;
#10138 = VECTOR ( 'NONE', #11201, 1000.000000000000114 ) ;
#10139 = DIRECTION ( 'NONE',  ( 0.000000000000000000, 0.000000000000000000, 1.000000000000000000 ) ) ;
#10140 = LINE ( 'NONE', #2288, #6405 ) ;
#10141 = EDGE_CURVE ( 'NONE', #5615, #7996, #1576, .T. ) ;
#10142 = EDGE_CURVE ( 'NONE', #8868, #7110, #4378, .T. ) ;
#10143 = DIRECTION ( 'NONE',  ( 0.000000000000000000, -1.000000000000000000, 0.000000000000000000 ) ) ;
#10144 = VECTOR ( 'NONE', #2539, 1000.000000000000000 ) ;
#10145 = ORIENTED_EDGE ( 'NONE', *, *, #2704, .T. ) ;
#10146 = FACE_BOUND ( 'NONE', #140, .T. ) ;
#10147 = EDGE_CURVE ( 'NONE', #8038, #7676, #9488, .T. ) ;
#10148 = DIRECTION ( 'NONE',  ( 0.000000000000000000, 0.000000000000000000, 1.000000000000000000 ) ) ;
#10149 = EDGE_LOOP ( 'NONE', ( #1429, #7999, #11273, #10372 ) ) ;
#10150 = ORIENTED_EDGE ( 'NONE', *, *, #5494, .T. ) ;
#10151 = VERTEX_POINT ( 'NONE', #7722 ) ;
#10152 = DIRECTION ( 'NONE',  ( 1.000000000000000000, 0.000000000000000000, 1.215473287538999910E-16 ) ) ;
#10153 = ORIENTED_EDGE ( 'NONE', *, *, #8541, .T. ) ;
#10154 = VECTOR ( 'NONE', #10489, 1000.000000000000000 ) ;
#10155 = DIRECTION ( 'NONE',  ( 1.215473287538999910E-16, 0.000000000000000000, -1.000000000000000000 ) ) ;
#10156 = DIRECTION ( 'NONE',  ( 1.000000000000000000, 0.000000000000000000, -1.215473287538999910E-16 ) ) ;
#10157 = CARTESIAN_POINT ( 'NONE',  ( 0.3499999999999999778, -4.830679945108999895, 4.625000000000000000 ) ) ;
#10158 = EDGE_CURVE ( 'NONE', #11069, #3259, #830, .T. ) ;
#10159 = CARTESIAN_POINT ( 'NONE',  ( 1.580000000000000071, 3.804999999999000071, 0.2999999999999999889 ) ) ;
#10160 = ORIENTED_EDGE ( 'NONE', *, *, #6886, .T. ) ;
#10161 = LINE ( 'NONE', #7535, #4261 ) ;
#10162 = EDGE_CURVE ( 'NONE', #1241, #9564, #10452, .T. ) ;
#10163 = VECTOR ( 'NONE', #6344, 1000.000000000000000 ) ;
#10164 = CARTESIAN_POINT ( 'NONE',  ( 0.3599999999990000088, -4.829526559172999889, 2.425086503945000249 ) ) ;
#10165 = LINE ( 'NONE', #5640, #2206 ) ;
#10166 = LINE ( 'NONE', #1277, #3340 ) ;
#10167 = ORIENTED_EDGE ( 'NONE', *, *, #2728, .T. ) ;
#10168 = DIRECTION ( 'NONE',  ( 1.000000000000000000, 0.000000000000000000, 0.000000000000000000 ) ) ;
#10169 = CARTESIAN_POINT ( 'NONE',  ( -0.1000000000000000056, -2.695000000000999485, 0.000000000000000000 ) ) ;
#10170 = CARTESIAN_POINT ( 'NONE',  ( 0.3599999999990000088, -5.330679945108999007, 3.124999999998999911 ) ) ;
#10171 = LINE ( 'NONE', #10915, #10091 ) ;
#10172 = VECTOR ( 'NONE', #1220, 1000.000000000000114 ) ;
#10173 = AXIS2_PLACEMENT_3D ( 'NONE', #9924, #1047, #8110 ) ;
#10174 = EDGE_CURVE ( 'NONE', #4655, #3845, #8831, .T. ) ;
#10175 = ADVANCED_FACE ( 'NONE', ( #11255 ), #1690, .F. ) ;
#10176 = ORIENTED_EDGE ( 'NONE', *, *, #6226, .T. ) ;
#10177 = DIRECTION ( 'NONE',  ( 0.000000000000000000, -1.000000000000000000, 0.000000000000000000 ) ) ;
#10178 = CARTESIAN_POINT ( 'NONE',  ( 1.430000000000000160, -4.337947837308999688, 2.719600141541999694 ) ) ;
#10179 = VERTEX_POINT ( 'NONE', #7888 ) ;
#10180 = CARTESIAN_POINT ( 'NONE',  ( 1.279999999998999716, -1.545000000000999796, -1.899999999998999822 ) ) ;
#10181 = VECTOR ( 'NONE', #3767, 1000.000000000000000 ) ;
#10182 = VERTEX_POINT ( 'NONE', #780 ) ;
#10183 =( NAMED_UNIT ( * ) SI_UNIT ( $, .STERADIAN. ) SOLID_ANGLE_UNIT ( ) );
#10184 = CARTESIAN_POINT ( 'NONE',  ( -0.3599999999990000088, -4.830679945108999895, 2.925000000000000266 ) ) ;
#10185 = CARTESIAN_POINT ( 'NONE',  ( -0.3599999999990000088, -2.944999999999999840, -1.215473287539000010E-18 ) ) ;
#10186 = DIRECTION ( 'NONE',  ( 1.000000000000000000, 0.000000000000000000, 0.000000000000000000 ) ) ;
#10187 = CARTESIAN_POINT ( 'NONE',  ( 1.580000000000000071, -2.194999999999999840, -0.8999999999990000443 ) ) ;
#10188 = VERTEX_POINT ( 'NONE', #5294 ) ;
#10189 = FACE_OUTER_BOUND ( 'NONE', #2971, .T. ) ;
#10190 = ORIENTED_EDGE ( 'NONE', *, *, #496, .F. ) ;
#10191 = CARTESIAN_POINT ( 'NONE',  ( -1.279999999998999716, -1.545811304863999647, 0.05000000000000000278 ) ) ;
#10192 = ADVANCED_FACE ( 'NONE', ( #10565 ), #1746, .F. ) ;
#10193 = EDGE_LOOP ( 'NONE', ( #7007, #2591, #4821, #389, #1693, #8349 ) ) ;
#10194 = ORIENTED_EDGE ( 'NONE', *, *, #7447, .F. ) ;
#10195 = ORIENTED_EDGE ( 'NONE', *, *, #1703, .T. ) ;
#10196 = CARTESIAN_POINT ( 'NONE',  ( 1.430000000000000160, -2.752668290246999661, 4.776807376878000611 ) ) ;
#10197 = PLANE ( 'NONE',  #8160 ) ;
#10198 = LINE ( 'NONE', #6977, #8272 ) ;
#10199 = CARTESIAN_POINT ( 'NONE',  ( -1.580000000000000071, 3.804999999999000071, 9.000000000000000000 ) ) ;
#10200 = CARTESIAN_POINT ( 'NONE',  ( -0.3499999999999999778, -9.330679945108999007, 7.125000000000000000 ) ) ;
#10201 = EDGE_LOOP ( 'NONE', ( #2776, #1739, #4251, #7810 ) ) ;
#10202 = FILL_AREA_STYLE ('',( #3266 ) ) ;
#10203 = ORIENTED_EDGE ( 'NONE', *, *, #3849, .F. ) ;
#10204 = VERTEX_POINT ( 'NONE', #6913 ) ;
#10205 = CARTESIAN_POINT ( 'NONE',  ( 1.579999999998999982, -1.110000000000999743, -0.7048473225369999984 ) ) ;
#10206 = EDGE_CURVE ( 'NONE', #1935, #3824, #716, .T. ) ;
#10207 = EDGE_CURVE ( 'NONE', #9578, #731, #4329, .T. ) ;
#10208 = ORIENTED_EDGE ( 'NONE', *, *, #2535, .F. ) ;
#10209 = VERTEX_POINT ( 'NONE', #7835 ) ;
#10210 = FILL_AREA_STYLE_COLOUR ( '', #11003 ) ;
#10211 = ORIENTED_EDGE ( 'NONE', *, *, #3053, .F. ) ;
#10212 = DIRECTION ( 'NONE',  ( -1.000000000000000000, 0.000000000000000000, 1.215473287538999910E-16 ) ) ;
#10213 = LINE ( 'NONE', #10434, #6156 ) ;
#10214 = SURFACE_STYLE_FILL_AREA ( #4826 ) ;
#10215 = EDGE_CURVE ( 'NONE', #6325, #1947, #3461, .T. ) ;
#10216 = FACE_OUTER_BOUND ( 'NONE', #1842, .T. ) ;
#10217 = ORIENTED_EDGE ( 'NONE', *, *, #627, .T. ) ;
#10218 = CARTESIAN_POINT ( 'NONE',  ( -0.3600000000000000422, -4.830679945108999895, 5.424999999998999733 ) ) ;
#10219 = CARTESIAN_POINT ( 'NONE',  ( -0.3599999999990000088, -4.830679945108999895, 2.925000000000000266 ) ) ;
#10220 = DIRECTION ( 'NONE',  ( 1.000000000000000000, 0.000000000000000000, 1.215473287538999910E-16 ) ) ;
#10221 = DIRECTION ( 'NONE',  ( -0.4361276865241069944, -0.8956542399572199331, 0.08715574274702139745 ) ) ;
#10222 = ORIENTED_EDGE ( 'NONE', *, *, #3762, .F. ) ;
#10223 = DIRECTION ( 'NONE',  ( 0.000000000000000000, 0.000000000000000000, -1.000000000000000000 ) ) ;
#10224 = CARTESIAN_POINT ( 'NONE',  ( 1.580000000000000071, -8.040372661637999130, 2.599999999999000000 ) ) ;
#10225 = SURFACE_SIDE_STYLE ('',( #3238 ) ) ;
#10226 = EDGE_CURVE ( 'NONE', #9548, #5906, #3352, .T. ) ;
#10227 = LINE ( 'NONE', #2433, #577 ) ;
#10228 = VECTOR ( 'NONE', #5476, 1000.000000000000000 ) ;
#10229 = VERTEX_POINT ( 'NONE', #884 ) ;
#10230 = PLANE ( 'NONE',  #4466 ) ;
#10231 = CARTESIAN_POINT ( 'NONE',  ( -0.3499999999999999778, -4.830679945108999895, 6.125000000000000000 ) ) ;
#10232 = LINE ( 'NONE', #6576, #10622 ) ;
#10233 = EDGE_LOOP ( 'NONE', ( #2133, #10089, #9577, #3661 ) ) ;
#10234 = CARTESIAN_POINT ( 'NONE',  ( 0.000000000000000000, -2.944999999999999840, 0.000000000000000000 ) ) ;
#10235 = VECTOR ( 'NONE', #56, 1000.000000000000000 ) ;
#10236 = LINE ( 'NONE', #10184, #10000 ) ;
#10237 = PRODUCT_DEFINITION_SHAPE ( 'NONE', 'NONE',  #2086 ) ;
#10238 = CARTESIAN_POINT ( 'NONE',  ( 0.1000000000000000056, -1.295000000000999796, 0.000000000000000000 ) ) ;
#10239 = EDGE_CURVE ( 'NONE', #1637, #6471, #7027, .T. ) ;
#10240 = DIRECTION ( 'NONE',  ( 0.000000000000000000, 0.000000000000000000, -1.000000000000000000 ) ) ;
#10241 = AXIS2_PLACEMENT_3D ( 'NONE', #8955, #3503, #9694 ) ;
#10242 = VERTEX_POINT ( 'NONE', #6106 ) ;
#10243 = CARTESIAN_POINT ( 'NONE',  ( 1.579999999998999982, -1.894999999999999796, -1.899999999998999822 ) ) ;
#10244 = ORIENTED_EDGE ( 'NONE', *, *, #9589, .T. ) ;
#10245 = DIRECTION ( 'NONE',  ( 0.000000000000000000, 0.000000000000000000, 1.000000000000000000 ) ) ;
#10246 = VERTEX_POINT ( 'NONE', #9654 ) ;
#10247 = ORIENTED_EDGE ( 'NONE', *, *, #9218, .F. ) ;
#10248 = ORIENTED_EDGE ( 'NONE', *, *, #10584, .T. ) ;
#10249 = FACE_OUTER_BOUND ( 'NONE', #6760, .T. ) ;
#10250 = DIRECTION ( 'NONE',  ( -1.000000000000000000, 1.284980352574999780E-16, 0.000000000000000000 ) ) ;
#10251 = CARTESIAN_POINT ( 'NONE',  ( 0.9817789317309998376, -6.329612395372000044, 5.599999999999999645 ) ) ;
#10252 = CARTESIAN_POINT ( 'NONE',  ( -1.280000000000000027, -2.544188695136999634, 0.05000000000000000278 ) ) ;
#10253 = VECTOR ( 'NONE', #3980, 1000.000000000000000 ) ;
#10254 = CARTESIAN_POINT ( 'NONE',  ( -0.5396645151600001356, 3.804999999999000071, 4.915278589676999488 ) ) ;
#10255 = EDGE_CURVE ( 'NONE', #9895, #173, #4209, .T. ) ;
#10256 = VERTEX_POINT ( 'NONE', #9598 ) ;
#10257 = LINE ( 'NONE', #10090, #8177 ) ;
#10258 = PLANE ( 'NONE',  #2024 ) ;
#10259 = ORIENTED_EDGE ( 'NONE', *, *, #8222, .T. ) ;
#10260 = LINE ( 'NONE', #9412, #10843 ) ;
#10261 = VECTOR ( 'NONE', #3803, 1000.000000000000000 ) ;
#10262 = EDGE_LOOP ( 'NONE', ( #1868, #3763, #10077, #10248 ) ) ;
#10263 = ORIENTED_EDGE ( 'NONE', *, *, #8922, .T. ) ;
#10264 = VECTOR ( 'NONE', #4089, 1000.000000000000000 ) ;
#10265 = ORIENTED_EDGE ( 'NONE', *, *, #7938, .T. ) ;
#10266 = DIRECTION ( 'NONE',  ( -1.284980352574999780E-16, 1.000000000000000000, 0.000000000000000000 ) ) ;
#10267 = LINE ( 'NONE', #1671, #9626 ) ;
#10268 = DIRECTION ( 'NONE',  ( 0.000000000000000000, 0.000000000000000000, 1.000000000000000000 ) ) ;
#10269 = CARTESIAN_POINT ( 'NONE',  ( -1.280000000000000027, -3.894999999999999574, 8.000000000000000000 ) ) ;
#10270 = CARTESIAN_POINT ( 'NONE',  ( -1.280000000000000027, -6.942054513798999515, 2.600000000000000089 ) ) ;
#10271 = AXIS2_PLACEMENT_3D ( 'NONE', #4017, #4884, #4085 ) ;
#10272 = VECTOR ( 'NONE', #10464, 1000.000000000000000 ) ;
#10273 = EDGE_CURVE ( 'NONE', #10305, #4800, #943, .T. ) ;
#10274 = VECTOR ( 'NONE', #8334, 1000.000000000000000 ) ;
#10275 = ORIENTED_EDGE ( 'NONE', *, *, #1486, .F. ) ;
#10276 = DIRECTION ( 'NONE',  ( 1.000000000000000000, 0.000000000000000000, 0.000000000000000000 ) ) ;
#10277 = DIRECTION ( 'NONE',  ( -1.393178489863000032E-31, -1.084202172484999957E-15, 1.000000000000000000 ) ) ;
#10278 = CARTESIAN_POINT ( 'NONE',  ( 0.3499999999999999778, -4.830679945108999895, 4.924999999999999822 ) ) ;
#10279 = ORIENTED_EDGE ( 'NONE', *, *, #10206, .F. ) ;
#10280 = VECTOR ( 'NONE', #4442, 1000.000000000000000 ) ;
#10281 = DIRECTION ( 'NONE',  ( -1.000000000000000000, 1.284980352574999780E-16, 0.000000000000000000 ) ) ;
#10282 = CARTESIAN_POINT ( 'NONE',  ( 1.279999999998999716, 1.555811304863000011, 0.05000000000000000278 ) ) ;
#10283 = ADVANCED_FACE ( 'NONE', ( #6855 ), #71, .F. ) ;
#10284 = LINE ( 'NONE', #6964, #4735 ) ;
#10285 = DIRECTION ( 'NONE',  ( 0.000000000000000000, 1.000000000000000000, 0.000000000000000000 ) ) ;
#10286 = EDGE_CURVE ( 'NONE', #10560, #4007, #5996, .T. ) ;
#10287 = ADVANCED_FACE ( 'NONE', ( #9768 ), #5524, .T. ) ;
#10288 = VECTOR ( 'NONE', #8556, 1000.000000000000000 ) ;
#10289 = ORIENTED_EDGE ( 'NONE', *, *, #5198, .T. ) ;
#10290 = DIRECTION ( 'NONE',  ( -1.000000000000000000, 0.000000000000000000, 1.215473287538999910E-16 ) ) ;
#10291 = DIRECTION ( 'NONE',  ( -1.807003620808999850E-16, 0.000000000000000000, 1.000000000000000000 ) ) ;
#10292 = EDGE_CURVE ( 'NONE', #6159, #1146, #1056, .T. ) ;
#10293 = CARTESIAN_POINT ( 'NONE',  ( 1.280000000000000027, -5.910051363132999391, 5.599999999998999556 ) ) ;
#10294 = EDGE_LOOP ( 'NONE', ( #7523, #487, #5724, #852 ) ) ;
#10295 = LINE ( 'NONE', #1406, #5201 ) ;
#10296 = DIRECTION ( 'NONE',  ( 0.000000000000000000, -1.000000000000000000, 0.000000000000000000 ) ) ;
#10297 = CARTESIAN_POINT ( 'NONE',  ( 1.280000000000000027, -8.294999999999999929, 2.249999999998999911 ) ) ;
#10298 = VECTOR ( 'NONE', #3750, 1000.000000000000000 ) ;
#10299 = FACE_OUTER_BOUND ( 'NONE', #9997, .T. ) ;
#10300 = EDGE_CURVE ( 'NONE', #11121, #9426, #6387, .T. ) ;
#10301 = EDGE_CURVE ( 'NONE', #2934, #9733, #1166, .T. ) ;
#10302 = ORIENTED_EDGE ( 'NONE', *, *, #627, .F. ) ;
#10303 = FACE_OUTER_BOUND ( 'NONE', #3752, .T. ) ;
#10304 = EDGE_CURVE ( 'NONE', #1606, #8834, #4549, .T. ) ;
#10305 = VERTEX_POINT ( 'NONE', #6448 ) ;
#10306 = LINE ( 'NONE', #7456, #4478 ) ;
#10307 = EDGE_LOOP ( 'NONE', ( #9536, #11236, #1663, #9576 ) ) ;
#10308 = ORIENTED_EDGE ( 'NONE', *, *, #2156, .T. ) ;
#10309 = VERTEX_POINT ( 'NONE', #8174 ) ;
#10310 = CARTESIAN_POINT ( 'NONE',  ( -1.280000000000000027, 3.504999999999000249, 2.720678065752000219 ) ) ;
#10311 = DIRECTION ( 'NONE',  ( 0.03815622842002980297, 0.07835959243506115945, 0.9961946980917784078 ) ) ;
#10312 = CARTESIAN_POINT ( 'NONE',  ( -1.280000000000000027, -8.294999999999999929, 2.599999999999000000 ) ) ;
#10313 = PLANE ( 'NONE',  #5154 ) ;
#10314 = ORIENTED_EDGE ( 'NONE', *, *, #4907, .F. ) ;
#10315 = VECTOR ( 'NONE', #3530, 1000.000000000000000 ) ;
#10316 = LINE ( 'NONE', #8724, #6497 ) ;
#10317 = CARTESIAN_POINT ( 'NONE',  ( -1.580000000000000071, -8.040372661637999130, 3.399999999998999822 ) ) ;
#10318 = EDGE_LOOP ( 'NONE', ( #6657, #2916, #3622, #122, #8506, #5789, #1816, #3086, #329, #432, #5899, #11119 ) ) ;
#10319 = DIRECTION ( 'NONE',  ( 0.8990754936513339901, -0.4377936234295904949, 0.000000000000000000 ) ) ;
#10320 = ORIENTED_EDGE ( 'NONE', *, *, #975, .T. ) ;
#10321 = ORIENTED_EDGE ( 'NONE', *, *, #6788, .F. ) ;
#10322 = PRESENTATION_STYLE_ASSIGNMENT (( #10380 ) ) ;
#10323 = VECTOR ( 'NONE', #7264, 1000.000000000000000 ) ;
#10324 = AXIS2_PLACEMENT_3D ( 'NONE', #6302, #10592, #4521 ) ;
#10325 = ORIENTED_EDGE ( 'NONE', *, *, #675, .F. ) ;
#10326 = CARTESIAN_POINT ( 'NONE',  ( -1.579999999998999982, 1.554999999999999938, -1.899999999998999822 ) ) ;
#10327 = CARTESIAN_POINT ( 'NONE',  ( 0.3600000000000000422, -8.830679945108999007, 5.424999999998999733 ) ) ;
#10328 = CARTESIAN_POINT ( 'NONE',  ( -1.280000000000000027, -3.894999999999999574, -7.830300121961999871 ) ) ;
#10329 = CARTESIAN_POINT ( 'NONE',  ( 0.1000000000000000056, -2.944999999999999840, -1.600000000000000089 ) ) ;
#10330 = VECTOR ( 'NONE', #8968, 1000.000000000000000 ) ;
#10331 = CARTESIAN_POINT ( 'NONE',  ( -1.279999999998999716, -3.694999999999999396, 4.383769826401000991 ) ) ;
#10332 = VECTOR ( 'NONE', #3034, 1000.000000000000000 ) ;
#10333 = ORIENTED_EDGE ( 'NONE', *, *, #3111, .T. ) ;
#10334 = DIRECTION ( 'NONE',  ( 0.000000000000000000, 0.000000000000000000, -1.000000000000000000 ) ) ;
#10335 = VECTOR ( 'NONE', #8377, 1000.000000000000000 ) ;
#10336 = CARTESIAN_POINT ( 'NONE',  ( 1.080000000000000071, -3.494999999999999662, 0.2999999999999999889 ) ) ;
#10337 = CARTESIAN_POINT ( 'NONE',  ( -1.279999999998999716, 2.204999999999000426, -0.8999999999990000443 ) ) ;
#10338 = ORIENTED_EDGE ( 'NONE', *, *, #5302, .T. ) ;
#10339 = ADVANCED_FACE ( 'NONE', ( #6334 ), #299, .F. ) ;
#10340 = DIRECTION ( 'NONE',  ( 0.000000000000000000, 0.000000000000000000, -1.000000000000000000 ) ) ;
#10341 = PLANE ( 'NONE',  #8906 ) ;
#10342 = PLANE ( 'NONE',  #1258 ) ;
#10343 = DIRECTION ( 'NONE',  ( 0.000000000000000000, 1.000000000000000000, 0.000000000000000000 ) ) ;
#10344 = VECTOR ( 'NONE', #923, 1000.000000000000000 ) ;
#10345 = VECTOR ( 'NONE', #10065, 1000.000000000000114 ) ;
#10346 = ORIENTED_EDGE ( 'NONE', *, *, #7635, .T. ) ;
#10347 = PLANE ( 'NONE',  #1346 ) ;
#10348 = CARTESIAN_POINT ( 'NONE',  ( -0.3499999999989999999, -4.830679945108999895, 2.625000000000000000 ) ) ;
#10349 = LINE ( 'NONE', #1696, #5696 ) ;
#10350 = ORIENTED_EDGE ( 'NONE', *, *, #10868, .F. ) ;
#10351 = ADVANCED_FACE ( 'NONE', ( #5415 ), #1107, .T. ) ;
#10352 = ADVANCED_FACE ( 'NONE', ( #9990 ), #4717, .T. ) ;
#10353 = CARTESIAN_POINT ( 'NONE',  ( 1.280000000000000027, 3.504999999999000249, 4.915278589676999488 ) ) ;
#10354 = DIRECTION ( 'NONE',  ( 1.000000000000000000, 0.000000000000000000, 1.215473287538999910E-16 ) ) ;
#10355 = AXIS2_PLACEMENT_3D ( 'NONE', #11011, #10040, #10156 ) ;
#10356 = FACE_OUTER_BOUND ( 'NONE', #2693, .T. ) ;
#10357 = CARTESIAN_POINT ( 'NONE',  ( 1.280000000000000027, -8.294999999999999929, 2.599999999999000000 ) ) ;
#10358 = EDGE_CURVE ( 'NONE', #1477, #2291, #2832, .T. ) ;
#10359 = VECTOR ( 'NONE', #2229, 1000.000000000000000 ) ;
#10360 = ORIENTED_EDGE ( 'NONE', *, *, #6294, .F. ) ;
#10361 = CARTESIAN_POINT ( 'NONE',  ( 0.1000000000000000056, 1.704999999998999760, -1.600000000000000089 ) ) ;
#10362 = ORIENTED_EDGE ( 'NONE', *, *, #2720, .F. ) ;
#10363 = LINE ( 'NONE', #6985, #2566 ) ;
#10364 = ORIENTED_EDGE ( 'NONE', *, *, #9031, .T. ) ;
#10365 = EDGE_CURVE ( 'NONE', #1306, #2594, #9877, .T. ) ;
#10366 = ORIENTED_EDGE ( 'NONE', *, *, #3423, .T. ) ;
#10367 = DIRECTION ( 'NONE',  ( 1.000000000000000000, 0.000000000000000000, 0.000000000000000000 ) ) ;
#10368 = DIRECTION ( 'NONE',  ( 0.000000000000000000, 1.000000000000000000, 0.000000000000000000 ) ) ;
#10369 = CARTESIAN_POINT ( 'NONE',  ( 1.251501579824999988, -6.198274308341999550, 5.757479594345999985 ) ) ;
#10370 = ADVANCED_FACE ( 'NONE', ( #4497 ), #2138, .T. ) ;
#10371 = FACE_OUTER_BOUND ( 'NONE', #5391, .T. ) ;
#10372 = ORIENTED_EDGE ( 'NONE', *, *, #9731, .T. ) ;
#10373 = DIRECTION ( 'NONE',  ( -1.807003620808999850E-16, 0.000000000000000000, 1.000000000000000000 ) ) ;
#10374 = DIRECTION ( 'NONE',  ( 0.000000000000000000, 0.000000000000000000, 1.000000000000000000 ) ) ;
#10375 = EDGE_LOOP ( 'NONE', ( #9985, #6987, #8255, #1815 ) ) ;
#10376 = PLANE ( 'NONE',  #8298 ) ;
#10377 = EDGE_LOOP ( 'NONE', ( #1301, #8258, #2350, #8589 ) ) ;
#10378 = ORIENTED_EDGE ( 'NONE', *, *, #2176, .T. ) ;
#10379 = VERTEX_POINT ( 'NONE', #9825 ) ;
#10380 = SURFACE_STYLE_USAGE ( .BOTH. , #5001 ) ;
#10381 = VERTEX_POINT ( 'NONE', #9933 ) ;
#10382 = DIRECTION ( 'NONE',  ( 0.000000000000000000, 0.000000000000000000, -1.000000000000000000 ) ) ;
#10383 = DIRECTION ( 'NONE',  ( 0.000000000000000000, 2.168404344971000240E-16, -1.000000000000000000 ) ) ;
#10384 = ADVANCED_FACE ( 'NONE', ( #7259 ), #8006, .T. ) ;
#10385 = CARTESIAN_POINT ( 'NONE',  ( -0.3599999999990000088, -9.330679945108999007, 3.124999999998999911 ) ) ;
#10386 = PLANE ( 'NONE',  #342 ) ;
#10387 = ADVANCED_FACE ( 'NONE', ( #5579 ), #9084, .F. ) ;
#10388 = DIRECTION ( 'NONE',  ( 0.000000000000000000, -1.000000000000000000, 0.000000000000000000 ) ) ;
#10389 = VERTEX_POINT ( 'NONE', #3850 ) ;
#10390 = CARTESIAN_POINT ( 'NONE',  ( 1.251501579824999988, -6.198274308341999550, 5.599999999999999645 ) ) ;
#10391 = VERTEX_POINT ( 'NONE', #7370 ) ;
#10392 = CARTESIAN_POINT ( 'NONE',  ( 1.080000000000000071, 5.724170050214999250, 4.915278589676999488 ) ) ;
#10393 = ORIENTED_EDGE ( 'NONE', *, *, #3951, .T. ) ;
#10394 = CARTESIAN_POINT ( 'NONE',  ( -1.579999999998999982, 1.555811304863000011, 0.2999999999999999889 ) ) ;
#10395 = LINE ( 'NONE', #2540, #11087 ) ;
#10396 = LINE ( 'NONE', #6163, #10955 ) ;
#10397 = DIRECTION ( 'NONE',  ( -0.4361276865241069944, 0.8956542399572199331, -0.08715574274702139745 ) ) ;
#10398 = EDGE_CURVE ( 'NONE', #7866, #9457, #10846, .T. ) ;
#10399 = VERTEX_POINT ( 'NONE', #7530 ) ;
#10400 = CARTESIAN_POINT ( 'NONE',  ( -1.430000000000000160, -4.571077182464999389, 2.719600141541999694 ) ) ;
#10401 = LINE ( 'NONE', #5135, #8852 ) ;
#10402 = CARTESIAN_POINT ( 'NONE',  ( -1.580000000000000071, -7.894999999999999574, 3.749999999998999911 ) ) ;
#10403 = EDGE_LOOP ( 'NONE', ( #834, #10167, #8645, #4359, #1145, #6376, #7105, #1555, #5726, #6194, #8247, #345, #2405, #2904, #7414, #1681, #5221, #8389, #4943, #8382, #9439, #10208, #772, #2895, #11116, #6193, #8827, #1471, #4297, #2276, #5386, #5840, #4145, #6468, #9021, #5826, #5222, #9520, #4913 ) ) ;
#10404 = CARTESIAN_POINT ( 'NONE',  ( -0.09999999999899999992, 0.7049999999990003152, -1.600000000000000089 ) ) ;
#10405 = CARTESIAN_POINT ( 'NONE',  ( -0.3499999999999999778, -4.830679945108999895, 4.424999999998999733 ) ) ;
#10406 = DIRECTION ( 'NONE',  ( -1.075827036997393753E-16, 0.9848077530123608980, 0.1736481776660634968 ) ) ;
#10407 = VECTOR ( 'NONE', #999, 1000.000000000000114 ) ;
#10408 = EDGE_CURVE ( 'NONE', #4390, #4, #8393, .T. ) ;
#10409 = ADVANCED_FACE ( 'NONE', ( #3055 ), #1327, .F. ) ;
#10410 = VERTEX_POINT ( 'NONE', #4828 ) ;
#10411 = CARTESIAN_POINT ( 'NONE',  ( 0.3600000000000000422, -4.830679945108999895, 6.424999999999999822 ) ) ;
#10412 = VECTOR ( 'NONE', #9028, 1000.000000000000000 ) ;
#10413 = ORIENTED_EDGE ( 'NONE', *, *, #7334, .F. ) ;
#10414 = DIRECTION ( 'NONE',  ( -1.000000000000000000, 1.239088197125999924E-16, 0.000000000000000000 ) ) ;
#10415 = ORIENTED_EDGE ( 'NONE', *, *, #145, .T. ) ;
#10416 = ORIENTED_EDGE ( 'NONE', *, *, #11206, .T. ) ;
#10417 = CARTESIAN_POINT ( 'NONE',  ( 0.3800000000000000044, -3.894999999999999574, 1.249999999998999911 ) ) ;
#10418 = LINE ( 'NONE', #7686, #7790 ) ;
#10419 = DIRECTION ( 'NONE',  ( 1.000000000000000000, 0.000000000000000000, 1.215473287538999910E-16 ) ) ;
#10420 = AXIS2_PLACEMENT_3D ( 'NONE', #9178, #5795, #10086 ) ;
#10421 = CARTESIAN_POINT ( 'NONE',  ( 0.3600000000000000422, -4.830679945108999895, 4.924999999999999822 ) ) ;
#10422 = EDGE_CURVE ( 'NONE', #7521, #2928, #11129, .T. ) ;
#10423 = ORIENTED_EDGE ( 'NONE', *, *, #4697, .F. ) ;
#10424 = PLANE ( 'NONE',  #7407 ) ;
#10425 = PLANE ( 'NONE',  #526 ) ;
#10426 = VERTEX_POINT ( 'NONE', #8451 ) ;
#10427 = DIRECTION ( 'NONE',  ( 0.000000000000000000, 0.7071067811865474617, -0.7071067811865474617 ) ) ;
#10428 = ORIENTED_EDGE ( 'NONE', *, *, #607, .F. ) ;
#10429 = ADVANCED_FACE ( 'NONE', ( #591 ), #10042, .F. ) ;
#10430 = ORIENTED_EDGE ( 'NONE', *, *, #6473, .F. ) ;
#10431 = ORIENTED_EDGE ( 'NONE', *, *, #7235, .T. ) ;
#10432 = ORIENTED_EDGE ( 'NONE', *, *, #2685, .T. ) ;
#10433 = CARTESIAN_POINT ( 'NONE',  ( -1.579999999998999982, -1.894999999999999796, -1.899999999998999822 ) ) ;
#10434 = CARTESIAN_POINT ( 'NONE',  ( 0.000000000000000000, -1.695000000000999707, -1.600000000000000089 ) ) ;
#10435 = AXIS2_PLACEMENT_3D ( 'NONE', #2619, #9562, #4345 ) ;
#10436 = DIRECTION ( 'NONE',  ( 0.000000000000000000, 0.000000000000000000, 1.000000000000000000 ) ) ;
#10437 = CARTESIAN_POINT ( 'NONE',  ( -0.3499999999999999778, -8.830679945108999007, 5.424999999998999733 ) ) ;
#10438 = CARTESIAN_POINT ( 'NONE',  ( 1.430000000000000160, -2.752668290246999661, 4.776807376878000611 ) ) ;
#10439 = EDGE_CURVE ( 'NONE', #4292, #5053, #468, .T. ) ;
#10440 = VERTEX_POINT ( 'NONE', #3168 ) ;
#10441 = CLOSED_SHELL ( 'NONE', ( #9046, #10697, #2652, #10651, #9531, #10059, #4197, #2234, #6916, #2922, #9119, #5464, #1068, #8346, #456, #10082, #7014, #9936, #8016, #9103, #5736, #6514, #8576, #7454, #7640, #3407, #8985, #8592, #6808, #11214, #636, #1715, #10287, #3714, #11252, #11041, #10352, #10928, #4685, #9717, #1066, #10638, #8846, #5034, #6938, #8286, #687, #7098, #2553, #7214, #1975, #283, #4728, #10648, #8558, #11312, #754, #3769, #355, #5672, #6799, #891, #4916, #10283, #8381, #7029, #752, #8498, #8962, #3567, #7167, #7727, #9408, #1374, #5527, #10175, #10339, #4741, #10071, #9122, #10017, #6348, #7289, #10073, #10429, #9529, #2285, #10098, #3063, #7918, #9259, #11240, #6104, #3132, #6096, #4761, #9905, #6326, #408, #10555, #6732, #4822, #1871, #198, #1097, #2538, #1691, #8531, #6074, #9334, #9757, #130, #4281 ) ) ;
#10442 = DIRECTION ( 'NONE',  ( 0.4361276865241069944, -0.8956542399572199331, 0.08715574274702139745 ) ) ;
#10443 = VECTOR ( 'NONE', #8312, 1000.000000000000000 ) ;
#10444 = EDGE_CURVE ( 'NONE', #340, #7110, #3281, .T. ) ;
#10445 = EDGE_LOOP ( 'NONE', ( #10070, #289, #2144, #5545 ) ) ;
#10446 = FACE_OUTER_BOUND ( 'NONE', #6590, .T. ) ;
#10447 = ORIENTED_EDGE ( 'NONE', *, *, #7854, .F. ) ;
#10448 = CARTESIAN_POINT ( 'NONE',  ( 1.580000000000000071, -8.040372661637999130, 5.599999999998999556 ) ) ;
#10449 = DIRECTION ( 'NONE',  ( 0.000000000000000000, 0.000000000000000000, -1.000000000000000000 ) ) ;
#10450 = VECTOR ( 'NONE', #8269, 1000.000000000000000 ) ;
#10451 = AXIS2_PLACEMENT_3D ( 'NONE', #5250, #7894, #2667 ) ;
#10452 = LINE ( 'NONE', #1631, #2215 ) ;
#10453 = AXIS2_PLACEMENT_3D ( 'NONE', #1704, #8484, #4225 ) ;
#10454 = ORIENTED_EDGE ( 'NONE', *, *, #2999, .T. ) ;
#10455 = CARTESIAN_POINT ( 'NONE',  ( 0.3600000000000000422, -4.830679945108999895, 5.125000000000000000 ) ) ;
#10456 = CARTESIAN_POINT ( 'NONE',  ( -0.5396645151600001356, 3.804999999999000071, 4.915278589676999488 ) ) ;
#10457 = VECTOR ( 'NONE', #6506, 1000.000000000000000 ) ;
#10458 = VECTOR ( 'NONE', #937, 1000.000000000000000 ) ;
#10459 = DIRECTION ( 'NONE',  ( 1.000000000000000000, 0.000000000000000000, 0.000000000000000000 ) ) ;
#10460 = ORIENTED_EDGE ( 'NONE', *, *, #9428, .T. ) ;
#10461 = CARTESIAN_POINT ( 'NONE',  ( -1.280000000000000027, -5.910051363132999391, 3.399999999998999822 ) ) ;
#10462 = DIRECTION ( 'NONE',  ( 1.000000000000000000, 0.000000000000000000, 0.000000000000000000 ) ) ;
#10463 = DIRECTION ( 'NONE',  ( 0.7071067811865475727, 0.7071067811865475727, 0.000000000000000000 ) ) ;
#10464 = DIRECTION ( 'NONE',  ( 0.000000000000000000, 0.000000000000000000, 1.000000000000000000 ) ) ;
#10465 = AXIS2_PLACEMENT_3D ( 'NONE', #1712, #9344, #9568 ) ;
#10466 = ORIENTED_EDGE ( 'NONE', *, *, #2794, .T. ) ;
#10467 = PLANE ( 'NONE',  #9837 ) ;
#10468 = VERTEX_POINT ( 'NONE', #6731 ) ;
#10469 = CARTESIAN_POINT ( 'NONE',  ( -0.3599999999990000088, -5.330679945108999007, 3.124999999998999911 ) ) ;
#10470 = ORIENTED_EDGE ( 'NONE', *, *, #6201, .T. ) ;
#10471 = ORIENTED_EDGE ( 'NONE', *, *, #11346, .T. ) ;
#10472 = LINE ( 'NONE', #4399, #8732 ) ;
#10473 = VECTOR ( 'NONE', #10513, 1000.000000000000000 ) ;
#10474 = EDGE_CURVE ( 'NONE', #127, #2089, #5753, .T. ) ;
#10475 = DIRECTION ( 'NONE',  ( 1.000000000000000000, 0.000000000000000000, 1.215473287538999910E-16 ) ) ;
#10476 = DIRECTION ( 'NONE',  ( 0.000000000000000000, 1.000000000000000000, -2.168404344971000240E-16 ) ) ;
#10477 = VECTOR ( 'NONE', #3402, 1000.000000000000000 ) ;
#10478 = ORIENTED_EDGE ( 'NONE', *, *, #5638, .T. ) ;
#10479 = CARTESIAN_POINT ( 'NONE',  ( 0.3600000000000000422, -4.830679945108999895, 6.924999999999999822 ) ) ;
#10480 = CARTESIAN_POINT ( 'NONE',  ( -0.3599999999990000088, -5.330679945108999007, 1.624999999998999911 ) ) ;
#10481 = ORIENTED_EDGE ( 'NONE', *, *, #9169, .T. ) ;
#10482 = DIRECTION ( 'NONE',  ( 0.000000000000000000, 0.000000000000000000, -1.000000000000000000 ) ) ;
#10483 = ORIENTED_EDGE ( 'NONE', *, *, #4624, .T. ) ;
#10484 = ORIENTED_EDGE ( 'NONE', *, *, #4562, .T. ) ;
#10485 = ORIENTED_EDGE ( 'NONE', *, *, #6698, .T. ) ;
#10486 = PLANE ( 'NONE',  #1491 ) ;
#10487 = ORIENTED_EDGE ( 'NONE', *, *, #2857, .F. ) ;
#10488 = EDGE_CURVE ( 'NONE', #10309, #5160, #6673, .T. ) ;
#10489 = DIRECTION ( 'NONE',  ( 1.000000000000000000, 0.000000000000000000, 1.215473287538999910E-16 ) ) ;
#10490 = EDGE_CURVE ( 'NONE', #2861, #3282, #6618, .T. ) ;
#10491 = CARTESIAN_POINT ( 'NONE',  ( 1.430000000000000160, -2.752668290246999661, 4.776807376878000611 ) ) ;
#10492 = DIRECTION ( 'NONE',  ( 1.172110456740999793E-16, 1.000000000000000000, -1.025596649647999987E-16 ) ) ;
#10493 = LINE ( 'NONE', #5174, #4742 ) ;
#10494 = DIRECTION ( 'NONE',  ( 1.215473287538999910E-16, 0.000000000000000000, 1.000000000000000000 ) ) ;
#10495 = EDGE_CURVE ( 'NONE', #4409, #3720, #7422, .T. ) ;
#10496 = VERTEX_POINT ( 'NONE', #11075 ) ;
#10497 = DIRECTION ( 'NONE',  ( 1.284980352574999780E-16, -1.000000000000000000, 0.000000000000000000 ) ) ;
#10498 = VECTOR ( 'NONE', #4615, 1000.000000000000000 ) ;
#10499 = EDGE_LOOP ( 'NONE', ( #6824, #7801, #3894, #9815 ) ) ;
#10500 = CARTESIAN_POINT ( 'NONE',  ( -0.3799999999990000266, -3.894999999999999574, 8.699999999999000977 ) ) ;
#10501 = ORIENTED_EDGE ( 'NONE', *, *, #5256, .T. ) ;
#10502 = AXIS2_PLACEMENT_3D ( 'NONE', #5892, #9273, #6809 ) ;
#10503 = PLANE ( 'NONE',  #9058 ) ;
#10504 = EDGE_CURVE ( 'NONE', #5460, #5742, #5693, .T. ) ;
#10505 = FACE_OUTER_BOUND ( 'NONE', #10641, .T. ) ;
#10506 = DIRECTION ( 'NONE',  ( -0.000000000000000000, 1.000000000000000000, 0.000000000000000000 ) ) ;
#10507 = DIRECTION ( 'NONE',  ( 0.000000000000000000, -1.000000000000000000, 0.000000000000000000 ) ) ;
#10508 = AXIS2_PLACEMENT_3D ( 'NONE', #2365, #7814, #3440 ) ;
#10509 = EDGE_CURVE ( 'NONE', #4294, #5309, #9195, .T. ) ;
#10510 = VECTOR ( 'NONE', #8171, 1000.000000000000000 ) ;
#10511 = ORIENTED_EDGE ( 'NONE', *, *, #10127, .F. ) ;
#10512 = LINE ( 'NONE', #5191, #3736 ) ;
#10513 = DIRECTION ( 'NONE',  ( 1.000000000000000000, 0.000000000000000000, 1.215473287538999910E-16 ) ) ;
#10514 = DIRECTION ( 'NONE',  ( 0.000000000000000000, 1.000000000000000000, 0.000000000000000000 ) ) ;
#10515 = ORIENTED_EDGE ( 'NONE', *, *, #3509, .F. ) ;
#10516 = CARTESIAN_POINT ( 'NONE',  ( -1.579999999998999982, -1.110000000000999743, -0.7048473225369999984 ) ) ;
#10517 = CARTESIAN_POINT ( 'NONE',  ( -0.09999999999899999992, -1.295000000000999796, -1.600000000000000089 ) ) ;
#10519 = VECTOR ( 'NONE', #6368, 1000.000000000000000 ) ;
#10518 = CARTESIAN_POINT ( 'NONE',  ( -1.280000000000000027, -5.910051363132999391, 6.399999999999000266 ) ) ;
#10520 = EDGE_CURVE ( 'NONE', #7177, #3923, #2249, .T. ) ;
#10521 = CARTESIAN_POINT ( 'NONE',  ( 1.257496438739000189, -3.894999999999999574, -7.830300121961999871 ) ) ;
#10522 = VECTOR ( 'NONE', #10354, 1000.000000000000000 ) ;
#10523 = ADVANCED_FACE ( 'NONE', ( #10216 ), #651, .F. ) ;
#10524 = EDGE_LOOP ( 'NONE', ( #5437, #9061, #10346, #3989 ) ) ;
#10525 = CARTESIAN_POINT ( 'NONE',  ( -1.280000000000000027, -2.979999999999999538, -0.7048473225369999984 ) ) ;
#10526 = VERTEX_POINT ( 'NONE', #5865 ) ;
#10527 = DIRECTION ( 'NONE',  ( 1.299091332659999954E-16, -1.000000000000000000, 0.000000000000000000 ) ) ;
#10528 = VECTOR ( 'NONE', #6050, 1000.000000000000000 ) ;
#10529 = EDGE_LOOP ( 'NONE', ( #7986, #4061, #2183, #314 ) ) ;
#10530 = ORIENTED_EDGE ( 'NONE', *, *, #4955, .F. ) ;
#10531 = DIRECTION ( 'NONE',  ( 1.807003620808999850E-16, 0.000000000000000000, 1.000000000000000000 ) ) ;
#10532 = LINE ( 'NONE', #1819, #9382 ) ;
#10533 = DIRECTION ( 'NONE',  ( 0.000000000000000000, 0.000000000000000000, 1.000000000000000000 ) ) ;
#10534 = VECTOR ( 'NONE', #2561, 1000.000000000000000 ) ;
#10535 = AXIS2_PLACEMENT_3D ( 'NONE', #6605, #1550, #6719 ) ;
#10536 = VERTEX_POINT ( 'NONE', #9362 ) ;
#10537 = ADVANCED_FACE ( 'NONE', ( #1504 ), #10953, .F. ) ;
#10538 = CARTESIAN_POINT ( 'NONE',  ( 0.5396645151600001356, 3.804999999999000071, 4.134721410322000246 ) ) ;
#10539 = CARTESIAN_POINT ( 'NONE',  ( -1.430000000000000160, -4.571077182464999389, 6.330399858456999596 ) ) ;
#10540 = ORIENTED_EDGE ( 'NONE', *, *, #11029, .F. ) ;
#10541 = LINE ( 'NONE', #7004, #4103 ) ;
#10542 = ORIENTED_EDGE ( 'NONE', *, *, #7916, .T. ) ;
#10543 = ORIENTED_EDGE ( 'NONE', *, *, #5752, .F. ) ;
#10544 = VERTEX_POINT ( 'NONE', #4143 ) ;
#10545 = FACE_OUTER_BOUND ( 'NONE', #445, .T. ) ;
#10546 = DIRECTION ( 'NONE',  ( 1.000000000000000000, 0.000000000000000000, 0.000000000000000000 ) ) ;
#10547 = VECTOR ( 'NONE', #6531, 1000.000000000000114 ) ;
#10548 = ORIENTED_EDGE ( 'NONE', *, *, #4111, .T. ) ;
#10549 = CARTESIAN_POINT ( 'NONE',  ( -1.580000000000000071, -6.872895553309999350, 3.308167519298999881 ) ) ;
#10550 = DIRECTION ( 'NONE',  ( 1.000000000000000000, 0.000000000000000000, 1.215473287538999910E-16 ) ) ;
#10551 = CARTESIAN_POINT ( 'NONE',  ( 1.280000000000000027, 3.504999999999000249, 8.000000000000000000 ) ) ;
#10552 = CARTESIAN_POINT ( 'NONE',  ( 1.280000000000000027, 3.504999999999000249, -7.830300121961999871 ) ) ;
#10553 = DIRECTION ( 'NONE',  ( 0.000000000000000000, 0.000000000000000000, -1.000000000000000000 ) ) ;
#10554 = EDGE_LOOP ( 'NONE', ( #8677, #1949, #1710, #7331 ) ) ;
#10555 = ADVANCED_FACE ( 'NONE', ( #8285 ), #4770, .F. ) ;
#10556 = CARTESIAN_POINT ( 'NONE',  ( 0.3600000000000000422, -4.830679945108999895, 6.424999999999999822 ) ) ;
#10557 = EDGE_CURVE ( 'NONE', #1833, #11294, #7879, .T. ) ;
#10558 = EDGE_LOOP ( 'NONE', ( #5783, #4877, #6099, #8233 ) ) ;
#10559 = DIRECTION ( 'NONE',  ( 0.000000000000000000, 1.000000000000000000, 0.000000000000000000 ) ) ;
#10560 = VERTEX_POINT ( 'NONE', #5988 ) ;
#10561 = EDGE_CURVE ( 'NONE', #8864, #5275, #7936, .T. ) ;
#10562 = DIRECTION ( 'NONE',  ( 0.000000000000000000, -1.000000000000000000, 0.000000000000000000 ) ) ;
#10563 = CYLINDRICAL_SURFACE ( 'NONE', #4127, 0.9000000000000000222 ) ;
#10564 = CARTESIAN_POINT ( 'NONE',  ( -1.580000000000000071, -3.594999999999999751, 0.2999999999999999889 ) ) ;
#10565 = FACE_OUTER_BOUND ( 'NONE', #4965, .T. ) ;
#10566 = EDGE_CURVE ( 'NONE', #7110, #720, #7072, .T. ) ;
#10567 = ORIENTED_EDGE ( 'NONE', *, *, #5466, .T. ) ;
#10568 = DIRECTION ( 'NONE',  ( 0.000000000000000000, -1.000000000000000000, 0.000000000000000000 ) ) ;
#10569 = DIRECTION ( 'NONE',  ( 0.000000000000000000, 0.000000000000000000, 1.000000000000000000 ) ) ;
#10570 = CARTESIAN_POINT ( 'NONE',  ( -1.280000000000000027, -8.294999999999999929, 6.749999999998999911 ) ) ;
#10571 = ORIENTED_EDGE ( 'NONE', *, *, #6743, .F. ) ;
#10572 = ADVANCED_FACE ( 'NONE', ( #5283 ), #873, .F. ) ;
#10573 = CARTESIAN_POINT ( 'NONE',  ( 0.3499999999999999778, -5.330679945108999007, 7.125000000000000000 ) ) ;
#10574 = DIRECTION ( 'NONE',  ( 0.000000000000000000, 0.000000000000000000, -1.000000000000000000 ) ) ;
#10575 = CARTESIAN_POINT ( 'NONE',  ( 1.429999999999000071, -1.983341451230999697, 4.273192623120999123 ) ) ;
#10576 =( GEOMETRIC_REPRESENTATION_CONTEXT ( 3 ) GLOBAL_UNCERTAINTY_ASSIGNED_CONTEXT ( ( #3758 ) ) GLOBAL_UNIT_ASSIGNED_CONTEXT ( ( #5725, #10877, #3031 ) ) REPRESENTATION_CONTEXT ( 'NONE', 'WORKASPACE' ) );
#10577 = DIRECTION ( 'NONE',  ( 1.000000000000000000, 1.284980352574999780E-16, 0.000000000000000000 ) ) ;
#10578 = ORIENTED_EDGE ( 'NONE', *, *, #6647, .T. ) ;
#10579 = CARTESIAN_POINT ( 'NONE',  ( 0.3600000000000000422, -8.830679945108999007, 3.625000000000000000 ) ) ;
#10580 = ADVANCED_FACE ( 'NONE', ( #8572 ), #9479, .F. ) ;
#10581 = ORIENTED_EDGE ( 'NONE', *, *, #1316, .T. ) ;
#10582 = CARTESIAN_POINT ( 'NONE',  ( -0.3499999999999999778, -8.830679945108999007, 6.924999999999999822 ) ) ;
#10583 = ORIENTED_EDGE ( 'NONE', *, *, #2157, .F. ) ;
#10584 = EDGE_CURVE ( 'NONE', #6612, #8939, #4196, .T. ) ;
#10585 = MECHANICAL_DESIGN_GEOMETRIC_PRESENTATION_REPRESENTATION (  '', ( #10951 ), #9498 ) ;
#10586 = ORIENTED_EDGE ( 'NONE', *, *, #6160, .F. ) ;
#10587 = DIRECTION ( 'NONE',  ( 1.000000000000000000, 0.000000000000000000, 1.215473287538999910E-16 ) ) ;
#10588 = DIRECTION ( 'NONE',  ( 0.000000000000000000, -1.000000000000000000, 0.000000000000000000 ) ) ;
#10589 = LINE ( 'NONE', #7226, #13 ) ;
#10590 = VECTOR ( 'NONE', #4377, 1000.000000000000000 ) ;
#10591 = ORIENTED_EDGE ( 'NONE', *, *, #3164, .F. ) ;
#10592 = DIRECTION ( 'NONE',  ( 1.000000000000000000, 0.000000000000000000, 1.807003620808999850E-16 ) ) ;
#10593 = CARTESIAN_POINT ( 'NONE',  ( 0.3499999999989999999, -9.330679945108999007, 3.124999999998999911 ) ) ;
#10594 = VERTEX_POINT ( 'NONE', #764 ) ;
#10595 = LINE ( 'NONE', #6941, #9961 ) ;
#10596 = ORIENTED_EDGE ( 'NONE', *, *, #10561, .T. ) ;
#10597 = ORIENTED_EDGE ( 'NONE', *, *, #7439, .T. ) ;
#10598 = ORIENTED_EDGE ( 'NONE', *, *, #2395, .F. ) ;
#10599 = DIRECTION ( 'NONE',  ( 0.000000000000000000, -1.000000000000000000, 0.000000000000000000 ) ) ;
#10600 = CARTESIAN_POINT ( 'NONE',  ( 0.3499999999999999778, -9.330679945108999007, 3.424999999999000178 ) ) ;
#10601 = ORIENTED_EDGE ( 'NONE', *, *, #2795, .T. ) ;
#10602 = CARTESIAN_POINT ( 'NONE',  ( 1.279999999998999716, 2.554188695136000664, 0.2999999999999999889 ) ) ;
#10604 = CARTESIAN_POINT ( 'NONE',  ( 1.430000000000000160, -2.944999999999999840, 0.000000000000000000 ) ) ;
#10603 = AXIS2_PLACEMENT_3D ( 'NONE', #7476, #9248, #3054 ) ;
#10605 = FACE_OUTER_BOUND ( 'NONE', #1083, .T. ) ;
#10606 = EDGE_CURVE ( 'NONE', #2967, #7765, #1674, .T. ) ;
#10607 = CARTESIAN_POINT ( 'NONE',  ( -1.279999999998999716, 2.204999999999000426, -1.899999999998999822 ) ) ;
#10608 = CYLINDRICAL_SURFACE ( 'NONE', #4594, 0.8999999999989997113 ) ;
#10609 = ORIENTED_EDGE ( 'NONE', *, *, #3542, .T. ) ;
#10610 = FACE_OUTER_BOUND ( 'NONE', #6126, .T. ) ;
#10611 = VECTOR ( 'NONE', #9497, 1000.000000000000000 ) ;
#10612 = AXIS2_PLACEMENT_3D ( 'NONE', #11146, #4215, #10291 ) ;
#10613 = ORIENTED_EDGE ( 'NONE', *, *, #1565, .F. ) ;
#10614 = CARTESIAN_POINT ( 'NONE',  ( 0.3600000000000000422, -4.830679945108999895, 6.924999999999999822 ) ) ;
#10615 = ORIENTED_EDGE ( 'NONE', *, *, #8619, .F. ) ;
#10616 = DIRECTION ( 'NONE',  ( 0.000000000000000000, -1.000000000000000000, 0.000000000000000000 ) ) ;
#10617 = CARTESIAN_POINT ( 'NONE',  ( -2.039530102007999890, -7.816610196909000940, 3.399999999998999822 ) ) ;
#10618 = EDGE_CURVE ( 'NONE', #7344, #9296, #6094, .T. ) ;
#10619 = LINE ( 'NONE', #4607, #3462 ) ;
#10620 = CARTESIAN_POINT ( 'NONE',  ( -0.3600000000000000422, -8.830679945108999007, 6.424999999999999822 ) ) ;
#10621 = VECTOR ( 'NONE', #9683, 1000.000000000000000 ) ;
#10622 = VECTOR ( 'NONE', #669, 1000.000000000000000 ) ;
#10623 = EDGE_LOOP ( 'NONE', ( #4580, #10061, #9221, #3938 ) ) ;
#10624 = CARTESIAN_POINT ( 'NONE',  ( -0.3799999999990000266, -9.544999999998998064, 8.699999999999000977 ) ) ;
#10625 = CARTESIAN_POINT ( 'NONE',  ( 0.1000000000000000056, -1.695000000000999707, -1.600000000000000089 ) ) ;
#10626 = DIRECTION ( 'NONE',  ( -0.8990754936489593341, 0.4377936234344672606, 0.000000000000000000 ) ) ;
#10627 = VECTOR ( 'NONE', #507, 1000.000000000000000 ) ;
#10628 = ORIENTED_EDGE ( 'NONE', *, *, #3488, .T. ) ;
#10629 = CIRCLE ( 'NONE', #6796, 0.09999999999999982514 ) ;
#10630 = DIRECTION ( 'NONE',  ( 0.000000000000000000, 1.000000000000000000, 0.000000000000000000 ) ) ;
#10631 = LINE ( 'NONE', #10690, #3573 ) ;
#10632 = VECTOR ( 'NONE', #6341, 1000.000000000000000 ) ;
#10633 = ADVANCED_FACE ( 'NONE', ( #819 ), #3400, .F. ) ;
#10634 = CARTESIAN_POINT ( 'NONE',  ( -1.251501579824999988, -6.198274308341999550, 2.757479594345999985 ) ) ;
#10635 = EDGE_CURVE ( 'NONE', #4527, #8078, #5176, .T. ) ;
#10636 = DIRECTION ( 'NONE',  ( 0.000000000000000000, -1.000000000000000000, -2.168404344971000191E-15 ) ) ;
#10637 = AXIS2_PLACEMENT_3D ( 'NONE', #8833, #966, #4465 ) ;
#10638 = ADVANCED_FACE ( 'NONE', ( #1566 ), #9423, .F. ) ;
#10639 = VECTOR ( 'NONE', #5018, 1000.000000000000000 ) ;
#10640 = MECHANICAL_DESIGN_GEOMETRIC_PRESENTATION_REPRESENTATION (  '', ( #2774 ), #1129 ) ;
#10641 = EDGE_LOOP ( 'NONE', ( #8306, #10244, #2069, #3251 ) ) ;
#10642 = CARTESIAN_POINT ( 'NONE',  ( -0.3600000000000000422, -8.830679945108999007, 4.125000000000000000 ) ) ;
#10643 = VERTEX_POINT ( 'NONE', #10331 ) ;
#10644 = PLANE ( 'NONE',  #9535 ) ;
#10645 = ORIENTED_EDGE ( 'NONE', *, *, #5984, .F. ) ;
#10646 = PLANE ( 'NONE',  #5608 ) ;
#10647 = AXIS2_PLACEMENT_3D ( 'NONE', #378, #2274, #5780 ) ;
#10648 = ADVANCED_FACE ( 'NONE', ( #11184 ), #3341, .F. ) ;
#10649 = CARTESIAN_POINT ( 'NONE',  ( -1.280000000000000027, -7.894999999999999574, 2.249999999998999911 ) ) ;
#10650 = CARTESIAN_POINT ( 'NONE',  ( 1.580000000000000071, 3.804999999999000071, 4.915278589676999488 ) ) ;
#10651 = ADVANCED_FACE ( 'NONE', ( #9644 ), #2480, .F. ) ;
#10652 = ORIENTED_EDGE ( 'NONE', *, *, #7076, .F. ) ;
#10653 = CARTESIAN_POINT ( 'NONE',  ( 0.000000000000000000, 1.704999999998999760, -1.600000000000000089 ) ) ;
#10654 = CARTESIAN_POINT ( 'NONE',  ( -1.580000000000000071, 2.385829949784000537, 4.134721410322000246 ) ) ;
#10655 = ORIENTED_EDGE ( 'NONE', *, *, #2434, .F. ) ;
#10656 = CARTESIAN_POINT ( 'NONE',  ( -1.580000000000000071, -4.337947837308999688, 6.330399858456999596 ) ) ;
#10657 = VECTOR ( 'NONE', #9935, 1000.000000000000000 ) ;
#10658 = ORIENTED_EDGE ( 'NONE', *, *, #2347, .F. ) ;
#10659 = VERTEX_POINT ( 'NONE', #8792 ) ;
#10660 = ORIENTED_EDGE ( 'NONE', *, *, #4382, .T. ) ;
#10661 = LINE ( 'NONE', #1088, #1759 ) ;
#10662 = CARTESIAN_POINT ( 'NONE',  ( 1.280000000000000027, -3.894999999999999574, 0.2999999999999999889 ) ) ;
#10663 = DIRECTION ( 'NONE',  ( 0.000000000000000000, -1.000000000000000000, 0.000000000000000000 ) ) ;
#10664 = DIRECTION ( 'NONE',  ( 0.000000000000000000, 1.000000000000000000, 0.000000000000000000 ) ) ;
#10665 = DIRECTION ( 'NONE',  ( 1.000000000000000000, 0.000000000000000000, 0.000000000000000000 ) ) ;
#10666 = CARTESIAN_POINT ( 'NONE',  ( -1.579999999998999982, 1.119999999999000240, -0.7048473225369999984 ) ) ;
#10667 = LINE ( 'NONE', #2818, #8817 ) ;
#10668 = EDGE_CURVE ( 'NONE', #9843, #9763, #11299, .T. ) ;
#10669 = VECTOR ( 'NONE', #2293, 1000.000000000000000 ) ;
#10670 = EDGE_CURVE ( 'NONE', #149, #5460, #2647, .T. ) ;
#10671 = ORIENTED_EDGE ( 'NONE', *, *, #4955, .T. ) ;
#10672 = LINE ( 'NONE', #9761, #3404 ) ;
#10673 = VERTEX_POINT ( 'NONE', #1960 ) ;
#10674 = ORIENTED_EDGE ( 'NONE', *, *, #10960, .F. ) ;
#10675 = CARTESIAN_POINT ( 'NONE',  ( -0.3600000000000000422, -8.830679945108999007, 4.125000000000000000 ) ) ;
#10676 = VERTEX_POINT ( 'NONE', #10775 ) ;
#10677 = LINE ( 'NONE', #1849, #633 ) ;
#10678 = DIRECTION ( 'NONE',  ( 0.000000000000000000, -1.000000000000000000, 0.000000000000000000 ) ) ;
#10679 = SURFACE_STYLE_FILL_AREA ( #1853 ) ;
#10680 = DIRECTION ( 'NONE',  ( 0.000000000000000000, -1.000000000000000000, 0.000000000000000000 ) ) ;
#10681 = LINE ( 'NONE', #9086, #2057 ) ;
#10682 = EDGE_LOOP ( 'NONE', ( #11292, #8916, #1830, #7925 ) ) ;
#10683 = DIRECTION ( 'NONE',  ( -1.000000000000000000, 0.000000000000000000, 1.215473287538999910E-16 ) ) ;
#10684 = EDGE_CURVE ( 'NONE', #8475, #10032, #336, .T. ) ;
#10685 = VECTOR ( 'NONE', #531, 1000.000000000000000 ) ;
#10686 = CARTESIAN_POINT ( 'NONE',  ( -0.3600000000000000422, -5.330679945108999007, 7.424999999999999822 ) ) ;
#10687 = CARTESIAN_POINT ( 'NONE',  ( 0.3499999999999999778, -4.830679945108999895, 6.424999999999999822 ) ) ;
#10688 = VERTEX_POINT ( 'NONE', #7186 ) ;
#10689 = LINE ( 'NONE', #4558, #3179 ) ;
#10690 = CARTESIAN_POINT ( 'NONE',  ( 0.3499999999989999999, -5.330679945108999007, 1.924999999998999956 ) ) ;
#10691 = VECTOR ( 'NONE', #353, 1000.000000000000000 ) ;
#10692 = VECTOR ( 'NONE', #7285, 1000.000000000000000 ) ;
#10693 = DIRECTION ( 'NONE',  ( 0.03815622842002983767, -0.07835959243506120109, -0.9961946980917785188 ) ) ;
#10694 = DIRECTION ( 'NONE',  ( 1.000000000000000000, 0.000000000000000000, 2.225651257388000148E-16 ) ) ;
#10695 = VECTOR ( 'NONE', #6948, 1000.000000000000000 ) ;
#10696 = VERTEX_POINT ( 'NONE', #1210 ) ;
#10697 = ADVANCED_FACE ( 'NONE', ( #9697 ), #6375, .T. ) ;
#10698 = DIRECTION ( 'NONE',  ( 0.000000000000000000, 0.000000000000000000, -1.000000000000000000 ) ) ;
#10699 = EDGE_CURVE ( 'NONE', #127, #10468, #5565, .T. ) ;
#10700 = VERTEX_POINT ( 'NONE', #9864 ) ;
#10701 = DIRECTION ( 'NONE',  ( 0.000000000000000000, 0.000000000000000000, -1.000000000000000000 ) ) ;
#10702 = EDGE_LOOP ( 'NONE', ( #10717, #7443, #9751, #6930, #9458, #5033, #2875, #11007 ) ) ;
#10703 = CONICAL_SURFACE ( 'NONE', #6509, 0.8999999999989997113, 0.7853981633970000820 ) ;
#10704 = LINE ( 'NONE', #6469, #1387 ) ;
#10705 = EDGE_CURVE ( 'NONE', #959, #6669, #6429, .T. ) ;
#10706 = DIRECTION ( 'NONE',  ( -1.112825628694423101E-16, 0.8660254037843290176, 0.5000000000001900702 ) ) ;
#10707 = CARTESIAN_POINT ( 'NONE',  ( 1.580000000000000071, -6.872895553309999350, 2.600000000000000089 ) ) ;
#10708 = CIRCLE ( 'NONE', #4677, 1.199999999998999645 ) ;
#10709 = VERTEX_POINT ( 'NONE', #115 ) ;
#10710 = FACE_OUTER_BOUND ( 'NONE', #4734, .T. ) ;
#10711 = ADVANCED_FACE ( 'NONE', ( #1095 ), #3621, .F. ) ;
#10712 = CARTESIAN_POINT ( 'NONE',  ( 1.430000000000000160, -4.571077182464999389, 2.719600141541999694 ) ) ;
#10713 = EDGE_LOOP ( 'NONE', ( #7638, #6280, #2622, #562 ) ) ;
#10714 = CARTESIAN_POINT ( 'NONE',  ( -1.280000000000000027, -7.894999999999999574, 5.249999999998999911 ) ) ;
#10715 = VERTEX_POINT ( 'NONE', #985 ) ;
#10716 = VERTEX_POINT ( 'NONE', #9920 ) ;
#10717 = ORIENTED_EDGE ( 'NONE', *, *, #57, .F. ) ;
#10718 = DIRECTION ( 'NONE',  ( -1.000000000000000000, 0.000000000000000000, 0.000000000000000000 ) ) ;
#10719 = CARTESIAN_POINT ( 'NONE',  ( 1.279999999998999716, 2.554188695136000664, 0.05000000000000000278 ) ) ;
#10720 = ADVANCED_FACE ( 'NONE', ( #2066 ), #4486, .F. ) ;
#10721 = LINE ( 'NONE', #2754, #4490 ) ;
#10722 = LINE ( 'NONE', #7183, #3655 ) ;
#10723 = VECTOR ( 'NONE', #7197, 1000.000000000000000 ) ;
#10724 = CARTESIAN_POINT ( 'NONE',  ( 1.580000000000000071, -6.872895553309999350, 2.600000000000000089 ) ) ;
#10725 = DIRECTION ( 'NONE',  ( -1.000000000000000000, 1.284980352574999780E-16, 0.000000000000000000 ) ) ;
#10726 = AXIS2_PLACEMENT_3D ( 'NONE', #5513, #7190, #9980 ) ;
#10727 = CARTESIAN_POINT ( 'NONE',  ( 1.280000000000000027, -8.294999999999999929, 3.749999999998999911 ) ) ;
#10728 = ORIENTED_EDGE ( 'NONE', *, *, #9482, .T. ) ;
#10729 = CARTESIAN_POINT ( 'NONE',  ( 0.3600000000000000422, -8.830679945108999007, 4.125000000000000000 ) ) ;
#10730 = VECTOR ( 'NONE', #7332, 1000.000000000000000 ) ;
#10731 = ORIENTED_EDGE ( 'NONE', *, *, #1687, .F. ) ;
#10732 = ORIENTED_EDGE ( 'NONE', *, *, #1225, .T. ) ;
#10733 = ORIENTED_EDGE ( 'NONE', *, *, #10226, .T. ) ;
#10734 = ADVANCED_FACE ( 'NONE', ( #7126 ), #10608, .F. ) ;
#10735 = DIRECTION ( 'NONE',  ( 0.000000000000000000, -1.000000000000000000, 0.000000000000000000 ) ) ;
#10736 = ORIENTED_EDGE ( 'NONE', *, *, #10444, .T. ) ;
#10737 = EDGE_CURVE ( 'NONE', #5287, #8536, #4592, .T. ) ;
#10738 = LINE ( 'NONE', #9823, #5574 ) ;
#10739 = CARTESIAN_POINT ( 'NONE',  ( -1.279999999998999716, 1.554999999999999938, -1.899999999998999822 ) ) ;
#10740 = DIRECTION ( 'NONE',  ( -1.000000000000000000, 0.000000000000000000, 0.000000000000000000 ) ) ;
#10741 = DIRECTION ( 'NONE',  ( 0.000000000000000000, 1.000000000000000000, -1.025596649647999987E-16 ) ) ;
#10742 = CARTESIAN_POINT ( 'NONE',  ( 1.579999999998999982, 1.904999999999000382, -1.899999999998999822 ) ) ;
#10743 = CARTESIAN_POINT ( 'NONE',  ( -0.3600000000000000422, -9.330679945108999007, 7.125000000000000000 ) ) ;
#10744 = CARTESIAN_POINT ( 'NONE',  ( -1.279999999998999716, 1.555811304863000011, 0.2999999999999999889 ) ) ;
#10745 = DIRECTION ( 'NONE',  ( 1.000000000000000000, 1.284980352582123687E-16, 0.000000000000000000 ) ) ;
#10746 = VERTEX_POINT ( 'NONE', #3787 ) ;
#10747 = CARTESIAN_POINT ( 'NONE',  ( -1.279999999998999716, -7.688759329998998915, 5.639148116288999368 ) ) ;
#10748 = DIRECTION ( 'NONE',  ( -1.000000000000000000, 0.000000000000000000, 0.000000000000000000 ) ) ;
#10749 = DIRECTION ( 'NONE',  ( 0.000000000000000000, 0.000000000000000000, 1.000000000000000000 ) ) ;
#10750 = DIRECTION ( 'NONE',  ( -2.786356979726000501E-31, -2.168404344971000191E-15, 1.000000000000000000 ) ) ;
#10751 = ADVANCED_FACE ( 'NONE', ( #8106 ), #1899, .F. ) ;
#10752 = ORIENTED_EDGE ( 'NONE', *, *, #7971, .F. ) ;
#10753 = CARTESIAN_POINT ( 'NONE',  ( -1.830000000000000071, 2.385829949784000537, 4.915278589676999488 ) ) ;
#10754 = ORIENTED_EDGE ( 'NONE', *, *, #5809, .F. ) ;
#10755 = CARTESIAN_POINT ( 'NONE',  ( 1.280000000000000027, -2.544999999999999485, -1.899999999998999822 ) ) ;
#10756 = VERTEX_POINT ( 'NONE', #8161 ) ;
#10757 = DIRECTION ( 'NONE',  ( 0.000000000000000000, 1.000000000000000000, 0.000000000000000000 ) ) ;
#10758 = DIRECTION ( 'NONE',  ( 1.000000000000000000, 1.284980352574999780E-16, 0.000000000000000000 ) ) ;
#10759 = EDGE_CURVE ( 'NONE', #4324, #11033, #1044, .T. ) ;
#10760 = CARTESIAN_POINT ( 'NONE',  ( 0.3499999999989999999, -8.830679945108999007, 6.625000000000000000 ) ) ;
#10761 = ORIENTED_EDGE ( 'NONE', *, *, #8483, .F. ) ;
#10762 = CARTESIAN_POINT ( 'NONE',  ( -0.3599999999990000088, -4.830679945108999895, 2.625000000000000000 ) ) ;
#10763 = ORIENTED_EDGE ( 'NONE', *, *, #1561, .F. ) ;
#10764 = DIRECTION ( 'NONE',  ( -1.000000000000000000, 1.284980352574999780E-16, 0.000000000000000000 ) ) ;
#10765 = VERTEX_POINT ( 'NONE', #3671 ) ;
#10766 = EDGE_LOOP ( 'NONE', ( #10135, #915, #8112, #8824 ) ) ;
#10767 = EDGE_LOOP ( 'NONE', ( #810, #7396, #10222, #3268 ) ) ;
#10768 = DIRECTION ( 'NONE',  ( 1.000000000000000000, 0.000000000000000000, 0.000000000000000000 ) ) ;
#10769 = CARTESIAN_POINT ( 'NONE',  ( -1.579999999998999982, 2.555000000000000160, -1.899999999998999822 ) ) ;
#10770 = FACE_OUTER_BOUND ( 'NONE', #1303, .T. ) ;
#10771 = DIRECTION ( 'NONE',  ( -1.000000000000000000, 0.000000000000000000, 0.000000000000000000 ) ) ;
#10772 = DIRECTION ( 'NONE',  ( -1.000000000000000000, 0.000000000000000000, 0.000000000000000000 ) ) ;
#10773 = EDGE_CURVE ( 'NONE', #885, #10840, #10667, .T. ) ;
#10774 = EDGE_CURVE ( 'NONE', #5573, #6066, #9813, .T. ) ;
#10775 = CARTESIAN_POINT ( 'NONE',  ( 0.3800000000000000044, -9.694999999999998508, 8.849999999998999556 ) ) ;
#10776 = VERTEX_POINT ( 'NONE', #227 ) ;
#10777 = EDGE_CURVE ( 'NONE', #10496, #9480, #7247, .T. ) ;
#10778 = VERTEX_POINT ( 'NONE', #2010 ) ;
#10779 = VECTOR ( 'NONE', #7782, 1000.000000000000000 ) ;
#10780 = VECTOR ( 'NONE', #5006, 1000.000000000000000 ) ;
#10781 = ORIENTED_EDGE ( 'NONE', *, *, #3032, .F. ) ;
#10782 = LINE ( 'NONE', #6381, #6805 ) ;
#10783 = ORIENTED_EDGE ( 'NONE', *, *, #520, .T. ) ;
#10784 = DIRECTION ( 'NONE',  ( -1.000000000000000000, 0.000000000000000000, 1.215473287538999910E-16 ) ) ;
#10785 = PLANE ( 'NONE',  #5973 ) ;
#10786 = DIRECTION ( 'NONE',  ( 0.000000000000000000, 0.000000000000000000, 1.000000000000000000 ) ) ;
#10787 = ADVANCED_FACE ( 'NONE', ( #5508 ), #9016, .F. ) ;
#10788 = DIRECTION ( 'NONE',  ( 0.000000000000000000, 0.000000000000000000, 1.000000000000000000 ) ) ;
#10789 = EDGE_CURVE ( 'NONE', #6982, #3254, #2985, .T. ) ;
#10790 = DIRECTION ( 'NONE',  ( 1.000000000000000000, 0.000000000000000000, 1.215473287538999910E-16 ) ) ;
#10791 = EDGE_CURVE ( 'NONE', #4395, #7780, #8324, .T. ) ;
#10792 = CARTESIAN_POINT ( 'NONE',  ( 1.580000000000000071, -8.294999999999999929, 6.749999999998999911 ) ) ;
#10793 = DIRECTION ( 'NONE',  ( 0.000000000000000000, 0.000000000000000000, 1.000000000000000000 ) ) ;
#10794 = CARTESIAN_POINT ( 'NONE',  ( -0.3799999999990000266, -9.544999999998998064, 0.3499999999989999999 ) ) ;
#10795 = CARTESIAN_POINT ( 'NONE',  ( 0.1000000000000000056, -2.695000000000999485, 0.000000000000000000 ) ) ;
#10796 = ORIENTED_EDGE ( 'NONE', *, *, #617, .T. ) ;
#10797 = CARTESIAN_POINT ( 'NONE',  ( -1.080000000000000071, 3.804999999999000071, 9.000000000000000000 ) ) ;
#10798 = CARTESIAN_POINT ( 'NONE',  ( 0.1000000000000000056, 2.304999999999000515, -1.600000000000000089 ) ) ;
#10799 = CARTESIAN_POINT ( 'NONE',  ( -1.579999999998999982, -4.571077182464999389, 5.654324757502999788 ) ) ;
#10800 = AXIS2_PLACEMENT_3D ( 'NONE', #5486, #4681, #8137 ) ;
#10801 = CARTESIAN_POINT ( 'NONE',  ( -0.3600000000000000422, -5.330679945108999007, 5.924999999999999822 ) ) ;
#10802 = EDGE_LOOP ( 'NONE', ( #9928, #4070, #3441, #7904 ) ) ;
#10803 = VECTOR ( 'NONE', #4356, 1000.000000000000000 ) ;
#10804 = VECTOR ( 'NONE', #3382, 1000.000000000000000 ) ;
#10805 = CARTESIAN_POINT ( 'NONE',  ( -0.09999999999899999992, 0.3049999999990000710, -1.600000000000000089 ) ) ;
#10806 = ORIENTED_EDGE ( 'NONE', *, *, #1120, .F. ) ;
#10807 = DIRECTION ( 'NONE',  ( 0.000000000000000000, -0.5000000000001899592, 0.8660254037843289066 ) ) ;
#10808 = ORIENTED_EDGE ( 'NONE', *, *, #1098, .T. ) ;
#10809 = DIRECTION ( 'NONE',  ( -1.807003620808999850E-16, 0.000000000000000000, 1.000000000000000000 ) ) ;
#10810 = ORIENTED_EDGE ( 'NONE', *, *, #10837, .F. ) ;
#10811 = VECTOR ( 'NONE', #3893, 1000.000000000000000 ) ;
#10813 = DIRECTION ( 'NONE',  ( -1.000000000000000000, 0.000000000000000000, 1.215473287538999910E-16 ) ) ;
#10812 = VECTOR ( 'NONE', #7822, 1000.000000000000000 ) ;
#10814 = LINE ( 'NONE', #7393, #5701 ) ;
#10815 = ORIENTED_EDGE ( 'NONE', *, *, #11323, .F. ) ;
#10816 = DIRECTION ( 'NONE',  ( -1.215473287538999910E-16, 0.000000000000000000, 1.000000000000000000 ) ) ;
#10817 = VERTEX_POINT ( 'NONE', #10888 ) ;
#10818 = FACE_OUTER_BOUND ( 'NONE', #7301, .T. ) ;
#10819 = VECTOR ( 'NONE', #8889, 1000.000000000000000 ) ;
#10820 = EDGE_CURVE ( 'NONE', #5405, #400, #1485, .T. ) ;
#10821 = EDGE_LOOP ( 'NONE', ( #7555, #6706, #4091, #10020 ) ) ;
#10822 = VECTOR ( 'NONE', #3178, 1000.000000000000000 ) ;
#10823 = ORIENTED_EDGE ( 'NONE', *, *, #1804, .T. ) ;
#10824 = VERTEX_POINT ( 'NONE', #3043 ) ;
#10825 = DIRECTION ( 'NONE',  ( 1.284980352574999780E-16, -1.000000000000000000, 0.000000000000000000 ) ) ;
#10826 = VECTOR ( 'NONE', #8844, 1000.000000000000114 ) ;
#10827 = CARTESIAN_POINT ( 'NONE',  ( -1.430000000000000160, -4.337947837308999688, 3.395675242495999946 ) ) ;
#10828 = LINE ( 'NONE', #11038, #7700 ) ;
#10829 = LINE ( 'NONE', #450, #9364 ) ;
#10830 = DIRECTION ( 'NONE',  ( 0.000000000000000000, -1.000000000000000000, -1.084202172484999957E-15 ) ) ;
#10831 = DIRECTION ( 'NONE',  ( 0.000000000000000000, 0.5000000000001899592, -0.8660254037843289066 ) ) ;
#10832 = AXIS2_PLACEMENT_3D ( 'NONE', #2556, #3372, #4343 ) ;
#10833 = VECTOR ( 'NONE', #8420, 1000.000000000000114 ) ;
#10834 = VERTEX_POINT ( 'NONE', #7409 ) ;
#10835 = ORIENTED_EDGE ( 'NONE', *, *, #4025, .F. ) ;
#10836 = EDGE_CURVE ( 'NONE', #9615, #9008, #9236, .T. ) ;
#10837 = EDGE_CURVE ( 'NONE', #6801, #1260, #3950, .T. ) ;
#10838 = ORIENTED_EDGE ( 'NONE', *, *, #5058, .T. ) ;
#10839 =( LENGTH_UNIT ( ) NAMED_UNIT ( * ) SI_UNIT ( .MILLI., .METRE. ) );
#10840 = VERTEX_POINT ( 'NONE', #1368 ) ;
#10841 = CARTESIAN_POINT ( 'NONE',  ( -0.3499999999999999778, -5.330679945108999007, 5.625000000000000000 ) ) ;
#10842 = CARTESIAN_POINT ( 'NONE',  ( 1.279999999998999716, -1.894999999999999796, -1.899999999998999822 ) ) ;
#10843 = VECTOR ( 'NONE', #2085, 1000.000000000000114 ) ;
#10844 = PLANE ( 'NONE',  #6587 ) ;
#10845 = EDGE_CURVE ( 'NONE', #8080, #1995, #3209, .T. ) ;
#10846 = LINE ( 'NONE', #10620, #948 ) ;
#10847 = LINE ( 'NONE', #7261, #1692 ) ;
#10848 = CARTESIAN_POINT ( 'NONE',  ( 1.580000000000000071, -2.194999999999999840, -1.899999999998999822 ) ) ;
#10849 = LINE ( 'NONE', #5919, #3347 ) ;
#10850 = EDGE_CURVE ( 'NONE', #434, #9968, #4814, .T. ) ;
#10851 = CARTESIAN_POINT ( 'NONE',  ( 1.280000000000000027, 3.504999999999000249, 4.134721410322000246 ) ) ;
#10852 = FACE_OUTER_BOUND ( 'NONE', #5587, .T. ) ;
#10853 = EDGE_LOOP ( 'NONE', ( #10598, #8097, #9350, #3050 ) ) ;
#10854 = CARTESIAN_POINT ( 'NONE',  ( -1.580000000000000071, -7.894999999999999574, 2.249999999998999911 ) ) ;
#10855 = CARTESIAN_POINT ( 'NONE',  ( -1.429999999999000071, -1.983341451230999697, 4.273192623120999123 ) ) ;
#10856 = DIRECTION ( 'NONE',  ( 1.207486555170306395E-16, -0.9396926207860170077, -0.3420201433253705070 ) ) ;
#10857 = EDGE_CURVE ( 'NONE', #2014, #1241, #632, .T. ) ;
#10858 = CARTESIAN_POINT ( 'NONE',  ( -1.580000000000000071, -4.571077182464999389, 2.719600141541999694 ) ) ;
#10859 = EDGE_LOOP ( 'NONE', ( #1976, #2866, #2520, #7088 ) ) ;
#10860 = DIRECTION ( 'NONE',  ( -1.000000000000000000, 0.000000000000000000, 0.000000000000000000 ) ) ;
#10861 = DIRECTION ( 'NONE',  ( 0.000000000000000000, -1.000000000000000000, 0.000000000000000000 ) ) ;
#10862 = VECTOR ( 'NONE', #5597, 1000.000000000000000 ) ;
#10863 = ORIENTED_EDGE ( 'NONE', *, *, #7696, .F. ) ;
#10864 = LINE ( 'NONE', #6231, #3843 ) ;
#10865 = VECTOR ( 'NONE', #6802, 1000.000000000000114 ) ;
#10866 = ORIENTED_EDGE ( 'NONE', *, *, #10684, .F. ) ;
#10867 = PLANE ( 'NONE',  #2655 ) ;
#10868 = EDGE_CURVE ( 'NONE', #2014, #7585, #6548, .T. ) ;
#10869 = ORIENTED_EDGE ( 'NONE', *, *, #10606, .F. ) ;
#10870 = AXIS2_PLACEMENT_3D ( 'NONE', #4950, #1395, #7433 ) ;
#10871 = EDGE_CURVE ( 'NONE', #6471, #1787, #4928, .T. ) ;
#10872 = CARTESIAN_POINT ( 'NONE',  ( 0.1000000000000000056, -2.944999999999999840, -1.600000000000000089 ) ) ;
#10873 = DIRECTION ( 'NONE',  ( 0.000000000000000000, 0.000000000000000000, -1.000000000000000000 ) ) ;
#10874 = VECTOR ( 'NONE', #4641, 1000.000000000000114 ) ;
#10875 = ORIENTED_EDGE ( 'NONE', *, *, #2320, .F. ) ;
#10876 = AXIS2_PLACEMENT_3D ( 'NONE', #2527, #1616, #4364 ) ;
#10877 =( NAMED_UNIT ( * ) PLANE_ANGLE_UNIT ( ) SI_UNIT ( $, .RADIAN. ) );
#10878 = VERTEX_POINT ( 'NONE', #4003 ) ;
#10879 = DIRECTION ( 'NONE',  ( 0.000000000000000000, -1.000000000000000000, 0.000000000000000000 ) ) ;
#10880 = EDGE_LOOP ( 'NONE', ( #8191, #11048, #3822, #7290 ) ) ;
#10881 = VERTEX_POINT ( 'NONE', #6603 ) ;
#10882 = ORIENTED_EDGE ( 'NONE', *, *, #5256, .F. ) ;
#10883 = DIRECTION ( 'NONE',  ( 1.000000000000000000, 0.000000000000000000, 1.215473287538999910E-16 ) ) ;
#10884 = DIRECTION ( 'NONE',  ( 0.000000000000000000, -1.000000000000000000, 0.000000000000000000 ) ) ;
#10885 = FACE_OUTER_BOUND ( 'NONE', #5785, .T. ) ;
#10886 = DIRECTION ( 'NONE',  ( -1.000000000000000000, 0.000000000000000000, 0.000000000000000000 ) ) ;
#10887 = VECTOR ( 'NONE', #6791, 1000.000000000000114 ) ;
#10888 = CARTESIAN_POINT ( 'NONE',  ( -0.3499999999999999778, -4.830679945108999895, 4.924999999999999822 ) ) ;
#10889 = VECTOR ( 'NONE', #2196, 1000.000000000000000 ) ;
#10890 = EDGE_CURVE ( 'NONE', #371, #6762, #6717, .T. ) ;
#10891 = ORIENTED_EDGE ( 'NONE', *, *, #1297, .F. ) ;
#10892 = SURFACE_STYLE_FILL_AREA ( #10202 ) ;
#10893 = EDGE_LOOP ( 'NONE', ( #605, #1752, #202, #1922 ) ) ;
#10894 = ORIENTED_EDGE ( 'NONE', *, *, #5888, .F. ) ;
#10895 = ORIENTED_EDGE ( 'NONE', *, *, #8366, .F. ) ;
#10896 = CARTESIAN_POINT ( 'NONE',  ( -0.3499999999989999999, -5.330679945108999007, 1.624999999998999911 ) ) ;
#10897 = AXIS2_PLACEMENT_3D ( 'NONE', #3959, #347, #3847 ) ;
#10898 = ORIENTED_EDGE ( 'NONE', *, *, #8188, .T. ) ;
#10899 = DIRECTION ( 'NONE',  ( 0.000000000000000000, 0.000000000000000000, 1.000000000000000000 ) ) ;
#10900 = CARTESIAN_POINT ( 'NONE',  ( 0.1000000000000000056, -2.944999999999999840, -1.600000000000000089 ) ) ;
#10901 = CARTESIAN_POINT ( 'NONE',  ( -0.3499999999999999778, -4.830679945108999895, 4.125000000000000000 ) ) ;
#10902 = DIRECTION ( 'NONE',  ( 0.000000000000000000, -1.000000000000000000, 0.000000000000000000 ) ) ;
#10903 = EDGE_CURVE ( 'NONE', #3114, #8146, #8437, .T. ) ;
#10904 = EDGE_CURVE ( 'NONE', #1935, #10032, #9124, .T. ) ;
#10905 = VECTOR ( 'NONE', #1022, 1000.000000000000000 ) ;
#10906 = CARTESIAN_POINT ( 'NONE',  ( -1.280000000000000027, -2.979999999999999538, -0.7048473225369999984 ) ) ;
#10907 = CARTESIAN_POINT ( 'NONE',  ( 1.280000000000000027, -7.894999999999999574, 3.749999999998999911 ) ) ;
#10908 = EDGE_CURVE ( 'NONE', #9573, #995, #2177, .T. ) ;
#10909 = CARTESIAN_POINT ( 'NONE',  ( -0.3499999999999999778, -8.830679945108999007, 6.125000000000000000 ) ) ;
#10910 = CARTESIAN_POINT ( 'NONE',  ( 1.580000000000000071, -3.694999999999999396, 4.283769826401000458 ) ) ;
#10911 = ORIENTED_EDGE ( 'NONE', *, *, #10127, .T. ) ;
#10912 = LINE ( 'NONE', #3115, #10685 ) ;
#10913 = CARTESIAN_POINT ( 'NONE',  ( -1.280000000000000027, 3.504999999999000249, 4.134721410322000246 ) ) ;
#10914 = LINE ( 'NONE', #9315, #2905 ) ;
#10915 = CARTESIAN_POINT ( 'NONE',  ( 1.279999999998999716, 2.989999999999000568, -0.7048473225369999984 ) ) ;
#10916 = EDGE_CURVE ( 'NONE', #9763, #8414, #1313, .T. ) ;
#10917 = EDGE_CURVE ( 'NONE', #9079, #219, #10087, .T. ) ;
#10918 = ORIENTED_EDGE ( 'NONE', *, *, #5389, .T. ) ;
#10919 = CARTESIAN_POINT ( 'NONE',  ( -1.430000000000000160, -2.752668290246999661, 4.776807376878000611 ) ) ;
#10920 = DIRECTION ( 'NONE',  ( 0.000000000000000000, 0.000000000000000000, -1.000000000000000000 ) ) ;
#10921 = ADVANCED_FACE ( 'NONE', ( #8380 ), #7516, .T. ) ;
#10922 = ORIENTED_EDGE ( 'NONE', *, *, #10606, .T. ) ;
#10923 = FACE_OUTER_BOUND ( 'NONE', #5654, .T. ) ;
#10924 = VERTEX_POINT ( 'NONE', #10200 ) ;
#10925 = DIRECTION ( 'NONE',  ( -1.000000000000000000, 0.000000000000000000, 0.000000000000000000 ) ) ;
#10926 = ORIENTED_EDGE ( 'NONE', *, *, #8421, .T. ) ;
#10927 = DIRECTION ( 'NONE',  ( -1.172110456740999793E-16, 1.000000000000000000, -1.025596649647999987E-16 ) ) ;
#10928 = ADVANCED_FACE ( 'NONE', ( #5850 ), #5266, .T. ) ;
#10929 = LINE ( 'NONE', #6701, #196 ) ;
#10930 = ORIENTED_EDGE ( 'NONE', *, *, #3001, .T. ) ;
#10931 = LINE ( 'NONE', #5664, #7298 ) ;
#10932 = ADVANCED_FACE ( 'NONE', ( #1602 ), #4178, .T. ) ;
#10933 = ORIENTED_EDGE ( 'NONE', *, *, #341, .F. ) ;
#10934 = CARTESIAN_POINT ( 'NONE',  ( -1.579999999998999982, -3.694999999999999396, 4.283769826401000458 ) ) ;
#10935 = ORIENTED_EDGE ( 'NONE', *, *, #10699, .F. ) ;
#10936 = ORIENTED_EDGE ( 'NONE', *, *, #6947, .T. ) ;
#10937 = ORIENTED_EDGE ( 'NONE', *, *, #3912, .T. ) ;
#10938 = DIRECTION ( 'NONE',  ( 0.000000000000000000, -0.9969206697117135585, 0.07841669657380687108 ) ) ;
#10939 = DIRECTION ( 'NONE',  ( 1.000000000000000000, 1.284980352574999780E-16, 0.000000000000000000 ) ) ;
#10940 = DIRECTION ( 'NONE',  ( 0.000000000000000000, 0.000000000000000000, 1.000000000000000000 ) ) ;
#10941 = PLANE ( 'NONE',  #8608 ) ;
#10942 = DIRECTION ( 'NONE',  ( 1.807003620808999850E-16, 0.000000000000000000, 1.000000000000000000 ) ) ;
#10943 = VERTEX_POINT ( 'NONE', #6996 ) ;
#10944 = LINE ( 'NONE', #4071, #3224 ) ;
#10945 = VERTEX_POINT ( 'NONE', #6019 ) ;
#10946 = ORIENTED_EDGE ( 'NONE', *, *, #6648, .F. ) ;
#10947 = ORIENTED_EDGE ( 'NONE', *, *, #7028, .F. ) ;
#10948 = VERTEX_POINT ( 'NONE', #3486 ) ;
#10949 = EDGE_LOOP ( 'NONE', ( #7571, #8896, #10049, #9730 ) ) ;
#10950 = FACE_OUTER_BOUND ( 'NONE', #7417, .T. ) ;
#10952 = FACE_OUTER_BOUND ( 'NONE', #4929, .T. ) ;
#10951 = STYLED_ITEM ( 'NONE', ( #135 ), #7827 ) ;
#10953 = PLANE ( 'NONE',  #9363 ) ;
#10954 = DIRECTION ( 'NONE',  ( 0.000000000000000000, -1.000000000000000000, 0.000000000000000000 ) ) ;
#10955 = VECTOR ( 'NONE', #9653, 1000.000000000000114 ) ;
#10956 = DIRECTION ( 'NONE',  ( -0.8990754936513339901, 0.4377936234295904949, 0.000000000000000000 ) ) ;
#10957 = PLANE ( 'NONE',  #3852 ) ;
#10958 = CARTESIAN_POINT ( 'NONE',  ( 1.580000000000000071, -2.752668290246999661, 4.776807376878000611 ) ) ;
#10959 = VERTEX_POINT ( 'NONE', #4242 ) ;
#10960 = EDGE_CURVE ( 'NONE', #1775, #10229, #11112, .T. ) ;
#10961 = DIRECTION ( 'NONE',  ( -1.299091332659999954E-16, -1.000000000000000000, 0.000000000000000000 ) ) ;
#10962 = PLANE ( 'NONE',  #1562 ) ;
#10963 = LINE ( 'NONE', #2197, #7860 ) ;
#10964 = VECTOR ( 'NONE', #6489, 1000.000000000000000 ) ;
#10965 = CARTESIAN_POINT ( 'NONE',  ( 0.3600000000000000422, -5.330679945108999007, 7.424999999999999822 ) ) ;
#10966 = VERTEX_POINT ( 'NONE', #11335 ) ;
#10967 = DIRECTION ( 'NONE',  ( 0.000000000000000000, -1.000000000000000000, 0.000000000000000000 ) ) ;
#10968 = CARTESIAN_POINT ( 'NONE',  ( -0.3600000000000000422, -4.830679945108999895, 6.424999999999999822 ) ) ;
#10969 = VECTOR ( 'NONE', #7990, 1000.000000000000000 ) ;
#10970 = ORIENTED_EDGE ( 'NONE', *, *, #2330, .T. ) ;
#10971 = LINE ( 'NONE', #3072, #6789 ) ;
#10972 = ORIENTED_EDGE ( 'NONE', *, *, #10300, .T. ) ;
#10973 = ADVANCED_FACE ( 'NONE', ( #4126 ), #6828, .T. ) ;
#10974 = EDGE_CURVE ( 'NONE', #463, #5568, #4301, .T. ) ;
#10975 =( LENGTH_UNIT ( ) NAMED_UNIT ( * ) SI_UNIT ( .MILLI., .METRE. ) );
#10976 = CARTESIAN_POINT ( 'NONE',  ( 0.3499999999999999778, -4.830679945108999895, 6.424999999999999822 ) ) ;
#10977 = DIRECTION ( 'NONE',  ( 1.000000000000000000, 0.000000000000000000, 0.000000000000000000 ) ) ;
#10978 = EDGE_CURVE ( 'NONE', #720, #9871, #5972, .T. ) ;
#10979 = DIRECTION ( 'NONE',  ( 0.000000000000000000, -1.000000000000000000, 0.000000000000000000 ) ) ;
#10980 = AXIS2_PLACEMENT_3D ( 'NONE', #6693, #10062, #1461 ) ;
#10981 = ORIENTED_EDGE ( 'NONE', *, *, #7423, .T. ) ;
#10982 = DIRECTION ( 'NONE',  ( 0.000000000000000000, 0.000000000000000000, -1.000000000000000000 ) ) ;
#10983 = ORIENTED_EDGE ( 'NONE', *, *, #10566, .F. ) ;
#10984 = DIRECTION ( 'NONE',  ( 0.000000000000000000, 0.000000000000000000, 1.000000000000000000 ) ) ;
#10985 = EDGE_LOOP ( 'NONE', ( #7520, #9057, #808, #8490 ) ) ;
#10986 = EDGE_CURVE ( 'NONE', #9617, #1344, #5912, .T. ) ;
#10987 = ORIENTED_EDGE ( 'NONE', *, *, #7208, .F. ) ;
#10988 = ORIENTED_EDGE ( 'NONE', *, *, #4548, .T. ) ;
#10989 = CARTESIAN_POINT ( 'NONE',  ( -0.3600000000000000422, -4.830679945108999895, 6.625000000000000000 ) ) ;
#10990 = VECTOR ( 'NONE', #10942, 1000.000000000000000 ) ;
#10991 = AXIS2_PLACEMENT_3D ( 'NONE', #3727, #7184, #10665 ) ;
#10992 = LINE ( 'NONE', #9175, #6132 ) ;
#10993 = VECTOR ( 'NONE', #1345, 1000.000000000000114 ) ;
#10994 = EDGE_CURVE ( 'NONE', #3923, #4413, #9514, .T. ) ;
#10995 = LINE ( 'NONE', #2174, #8996 ) ;
#10996 = DIRECTION ( 'NONE',  ( 0.000000000000000000, 1.000000000000000000, 0.000000000000000000 ) ) ;
#10997 = EDGE_CURVE ( 'NONE', #7191, #7982, #5049, .T. ) ;
#10998 = DIRECTION ( 'NONE',  ( 1.393178489863000032E-31, -1.084202172484999957E-15, 1.000000000000000000 ) ) ;
#10999 = VECTOR ( 'NONE', #8308, 1000.000000000000000 ) ;
#11000 = ORIENTED_EDGE ( 'NONE', *, *, #9923, .T. ) ;
#11001 = FACE_BOUND ( 'NONE', #1196, .T. ) ;
#11002 = VECTOR ( 'NONE', #12, 1000.000000000000000 ) ;
#11003 = COLOUR_RGB ( '',0.7921568627450980005, 0.8196078431372548767, 0.9333333333333333481 ) ;
#11004 = ORIENTED_EDGE ( 'NONE', *, *, #5681, .T. ) ;
#11005 = ORIENTED_EDGE ( 'NONE', *, *, #4421, .T. ) ;
#11006 = EDGE_LOOP ( 'NONE', ( #1824, #460, #10981, #9019 ) ) ;
#11007 = ORIENTED_EDGE ( 'NONE', *, *, #8438, .T. ) ;
#11008 =( NAMED_UNIT ( * ) PLANE_ANGLE_UNIT ( ) SI_UNIT ( $, .RADIAN. ) );
#11009 = VERTEX_POINT ( 'NONE', #5158 ) ;
#11010 = FACE_OUTER_BOUND ( 'NONE', #857, .T. ) ;
#11011 = CARTESIAN_POINT ( 'NONE',  ( 0.3600000000000000422, -4.830679945108999895, 4.625000000000000000 ) ) ;
#11012 = ADVANCED_FACE ( 'NONE', ( #8557 ), #10313, .F. ) ;
#11013 = LINE ( 'NONE', #7592, #5661 ) ;
#11014 = VECTOR ( 'NONE', #686, 1000.000000000000000 ) ;
#11015 = EDGE_CURVE ( 'NONE', #9628, #1218, #7749, .T. ) ;
#11016 = CARTESIAN_POINT ( 'NONE',  ( -1.580000000000000071, -8.294999999999999929, 3.399999999998999822 ) ) ;
#11017 = ORIENTED_EDGE ( 'NONE', *, *, #8963, .F. ) ;
#11018 = LINE ( 'NONE', #653, #1155 ) ;
#11019 = LINE ( 'NONE', #1330, #5755 ) ;
#11020 = DIRECTION ( 'NONE',  ( -0.7071067811865474617, 0.7071067811865474617, 0.000000000000000000 ) ) ;
#11021 = DIRECTION ( 'NONE',  ( -1.215473287538999910E-16, 2.167154562174000065E-16, 1.000000000000000000 ) ) ;
#11022 = VECTOR ( 'NONE', #7090, 1000.000000000000000 ) ;
#11023 = EDGE_LOOP ( 'NONE', ( #6844, #787, #11339, #10035 ) ) ;
#11024 = LINE ( 'NONE', #5819, #805 ) ;
#11025 = DIRECTION ( 'NONE',  ( -1.000000000000000000, 1.284980352574999780E-16, 0.000000000000000000 ) ) ;
#11026 = FILL_AREA_STYLE ('',( #6630 ) ) ;
#11027 = FACE_OUTER_BOUND ( 'NONE', #10880, .T. ) ;
#11028 = AXIS2_PLACEMENT_3D ( 'NONE', #3170, #5009, #11187 ) ;
#11029 = EDGE_CURVE ( 'NONE', #8614, #10778, #744, .T. ) ;
#11030 = VERTEX_POINT ( 'NONE', #6885 ) ;
#11031 = FACE_OUTER_BOUND ( 'NONE', #3098, .T. ) ;
#11032 = CARTESIAN_POINT ( 'NONE',  ( 1.580000000000000071, -9.694999999999998508, 7.799999999998999733 ) ) ;
#11033 = VERTEX_POINT ( 'NONE', #8668 ) ;
#11034 = DIRECTION ( 'NONE',  ( 0.000000000000000000, 0.000000000000000000, -1.000000000000000000 ) ) ;
#11035 = ORIENTED_EDGE ( 'NONE', *, *, #5434, .F. ) ;
#11036 = CARTESIAN_POINT ( 'NONE',  ( 1.279999999998999716, -1.545000000000999796, -1.899999999998999822 ) ) ;
#11037 = LINE ( 'NONE', #10976, #4144 ) ;
#11038 = CARTESIAN_POINT ( 'NONE',  ( 0.3600000000000000422, -4.830679945108999895, 4.625000000000000000 ) ) ;
#11039 = CARTESIAN_POINT ( 'NONE',  ( 0.3600000000000000422, -5.330679945108999007, 7.125000000000000000 ) ) ;
#11040 = DIRECTION ( 'NONE',  ( 0.000000000000000000, 0.000000000000000000, 1.000000000000000000 ) ) ;
#11041 = ADVANCED_FACE ( 'NONE', ( #10371 ), #2515, .F. ) ;
#11042 = EDGE_CURVE ( 'NONE', #5112, #8959, #7806, .T. ) ;
#11043 = AXIS2_PLACEMENT_3D ( 'NONE', #7441, #10860, #9211 ) ;
#11044 = ORIENTED_EDGE ( 'NONE', *, *, #6043, .F. ) ;
#11045 = DIRECTION ( 'NONE',  ( 2.818573634768999933E-16, -1.000000000000000000, 0.000000000000000000 ) ) ;
#11046 = ORIENTED_EDGE ( 'NONE', *, *, #8491, .T. ) ;
#11047 = LINE ( 'NONE', #3199, #5685 ) ;
#11048 = ORIENTED_EDGE ( 'NONE', *, *, #519, .F. ) ;
#11049 = VECTOR ( 'NONE', #190, 1000.000000000000000 ) ;
#11050 = EDGE_CURVE ( 'NONE', #9480, #4255, #8721, .T. ) ;
#11051 = ORIENTED_EDGE ( 'NONE', *, *, #7664, .F. ) ;
#11052 = ORIENTED_EDGE ( 'NONE', *, *, #5301, .F. ) ;
#11053 = FACE_OUTER_BOUND ( 'NONE', #9353, .T. ) ;
#11054 = CARTESIAN_POINT ( 'NONE',  ( 1.579999999998999982, 2.204999999999000426, -1.899999999998999822 ) ) ;
#11055 = AXIS2_PLACEMENT_3D ( 'NONE', #2191, #5698, #4833 ) ;
#11056 = CARTESIAN_POINT ( 'NONE',  ( -1.580000000000000071, -7.894999999999999574, 6.749999999998999911 ) ) ;
#11057 = CARTESIAN_POINT ( 'NONE',  ( 1.580000000000000071, -9.694999999999998508, 9.000000000000000000 ) ) ;
#11058 = DIRECTION ( 'NONE',  ( 0.000000000000000000, 0.000000000000000000, 1.000000000000000000 ) ) ;
#11059 = VECTOR ( 'NONE', #7527, 1000.000000000000000 ) ;
#11060 = EDGE_LOOP ( 'NONE', ( #6625, #8461, #6923, #9635 ) ) ;
#11061 = DIRECTION ( 'NONE',  ( 0.000000000000000000, 0.000000000000000000, 1.000000000000000000 ) ) ;
#11062 = LINE ( 'NONE', #3658, #10803 ) ;
#11063 = ORIENTED_EDGE ( 'NONE', *, *, #8491, .F. ) ;
#11064 = DIRECTION ( 'NONE',  ( -0.4377936234344672606, 0.8990754936489593341, 9.747796034434406725E-16 ) ) ;
#11065 = EDGE_CURVE ( 'NONE', #2451, #3242, #6131, .T. ) ;
#11066 = ORIENTED_EDGE ( 'NONE', *, *, #7601, .T. ) ;
#11067 = ORIENTED_EDGE ( 'NONE', *, *, #10014, .T. ) ;
#11068 = CARTESIAN_POINT ( 'NONE',  ( 0.3800000000000000044, 3.804999999999000071, 9.000000000000000000 ) ) ;
#11069 = VERTEX_POINT ( 'NONE', #39 ) ;
#11070 = CIRCLE ( 'NONE', #7609, 0.09999999999999982514 ) ;
#11071 = DIRECTION ( 'NONE',  ( 0.000000000000000000, 1.000000000000000000, -1.025596649647999987E-16 ) ) ;
#11072 = LINE ( 'NONE', #1835, #1195 ) ;
#11073 = VECTOR ( 'NONE', #841, 1000.000000000000000 ) ;
#11074 =( LENGTH_UNIT ( ) NAMED_UNIT ( * ) SI_UNIT ( .MILLI., .METRE. ) );
#11075 = CARTESIAN_POINT ( 'NONE',  ( 1.280000000000000027, -8.294999999999999929, 3.749999999998999911 ) ) ;
#11076 = EDGE_LOOP ( 'NONE', ( #4680, #8651, #5933, #1140 ) ) ;
#11077 = DIRECTION ( 'NONE',  ( 0.000000000000000000, 1.000000000000000000, 0.000000000000000000 ) ) ;
#11078 = VECTOR ( 'NONE', #1640, 1000.000000000000000 ) ;
#11079 = DIRECTION ( 'NONE',  ( 1.284980352574999780E-16, 1.000000000000000000, 0.000000000000000000 ) ) ;
#11080 = EDGE_CURVE ( 'NONE', #7927, #3596, #2909, .T. ) ;
#11081 = CARTESIAN_POINT ( 'NONE',  ( 1.579999999998999982, -3.894999999999999574, 0.000000000000000000 ) ) ;
#11082 = FACE_OUTER_BOUND ( 'NONE', #6919, .T. ) ;
#11083 = EDGE_LOOP ( 'NONE', ( #6723, #8031, #6776, #5209 ) ) ;
#11084 = CARTESIAN_POINT ( 'NONE',  ( -0.5396645151600001356, 2.385829949784000537, 4.915278589676999488 ) ) ;
#11085 = DIRECTION ( 'NONE',  ( 1.000000000000000000, 0.000000000000000000, -1.215473287538999910E-16 ) ) ;
#11086 = CARTESIAN_POINT ( 'NONE',  ( 0.3600000000000000422, -8.830679945108999007, 3.924999999999999822 ) ) ;
#11087 = VECTOR ( 'NONE', #11307, 1000.000000000000000 ) ;
#11088 = COLOUR_RGB ( '',0.7921568627450980005, 0.8196078431372548767, 0.9333333333333333481 ) ;
#11089 = ORIENTED_EDGE ( 'NONE', *, *, #5809, .T. ) ;
#11090 = CARTESIAN_POINT ( 'NONE',  ( -1.279999999998999716, -3.894999999999999574, 1.249999999998999911 ) ) ;
#11091 = LINE ( 'NONE', #10348, #9027 ) ;
#11092 = CARTESIAN_POINT ( 'NONE',  ( -1.579999999998999982, 2.554188695136000664, 0.05000000000000000278 ) ) ;
#11093 = VECTOR ( 'NONE', #6881, 1000.000000000000000 ) ;
#11094 = VERTEX_POINT ( 'NONE', #1941 ) ;
#11095 = FACE_BOUND ( 'NONE', #3035, .T. ) ;
#11096 = DIRECTION ( 'NONE',  ( -1.807003620808999850E-16, 0.000000000000000000, -1.000000000000000000 ) ) ;
#11097 = EDGE_CURVE ( 'NONE', #6654, #5069, #3713, .T. ) ;
#11098 = LINE ( 'NONE', #2982, #6053 ) ;
#11099 = LINE ( 'NONE', #3307, #10833 ) ;
#11100 = ORIENTED_EDGE ( 'NONE', *, *, #9200, .F. ) ;
#11101 = FILL_AREA_STYLE_COLOUR ( '', #8213 ) ;
#11102 = ORIENTED_EDGE ( 'NONE', *, *, #10986, .T. ) ;
#11103 = CARTESIAN_POINT ( 'NONE',  ( 1.580000000000000071, -4.571077182464999389, 2.719600141541999694 ) ) ;
#11104 = ORIENTED_EDGE ( 'NONE', *, *, #263, .F. ) ;
#11105 = ORIENTED_EDGE ( 'NONE', *, *, #6648, .T. ) ;
#11106 = ORIENTED_EDGE ( 'NONE', *, *, #5052, .F. ) ;
#11107 = CARTESIAN_POINT ( 'NONE',  ( 0.1000000000000000056, -0.2950000000009997403, -1.600000000000000089 ) ) ;
#11108 = EDGE_CURVE ( 'NONE', #7996, #6071, #5436, .T. ) ;
#11109 = LINE ( 'NONE', #6933, #5406 ) ;
#11110 = CARTESIAN_POINT ( 'NONE',  ( -1.280000000000000027, 3.504999999999000249, -7.830300121961999871 ) ) ;
#11111 = DIRECTION ( 'NONE',  ( 1.134441735036999877E-16, 0.000000000000000000, -1.000000000000000000 ) ) ;
#11112 = LINE ( 'NONE', #6935, #3859 ) ;
#11113 = VERTEX_POINT ( 'NONE', #10760 ) ;
#11114 = FACE_OUTER_BOUND ( 'NONE', #4599, .T. ) ;
#11115 = ORIENTED_EDGE ( 'NONE', *, *, #4438, .T. ) ;
#11116 = ORIENTED_EDGE ( 'NONE', *, *, #6135, .F. ) ;
#11117 = DIRECTION ( 'NONE',  ( 0.000000000000000000, 1.000000000000000000, 0.000000000000000000 ) ) ;
#11118 = VERTEX_POINT ( 'NONE', #7109 ) ;
#11119 = ORIENTED_EDGE ( 'NONE', *, *, #2363, .F. ) ;
#11120 = DIRECTION ( 'NONE',  ( 0.000000000000000000, -1.000000000000000000, 0.000000000000000000 ) ) ;
#11121 = VERTEX_POINT ( 'NONE', #9738 ) ;
#11122 = EDGE_CURVE ( 'NONE', #8275, #1637, #7166, .T. ) ;
#11123 = PLANE ( 'NONE',  #4844 ) ;
#11124 = EDGE_CURVE ( 'NONE', #10468, #8431, #6297, .T. ) ;
#11125 = VECTOR ( 'NONE', #2164, 1000.000000000000000 ) ;
#11126 = DIRECTION ( 'NONE',  ( 0.000000000000000000, 0.000000000000000000, -1.000000000000000000 ) ) ;
#11127 = DIRECTION ( 'NONE',  ( 0.000000000000000000, 0.000000000000000000, -1.000000000000000000 ) ) ;
#11128 = DIRECTION ( 'NONE',  ( 0.000000000000000000, 1.000000000000000000, 0.000000000000000000 ) ) ;
#11129 = LINE ( 'NONE', #1438, #8283 ) ;
#11130 = ADVANCED_FACE ( 'NONE', ( #7973 ), #9792, .T. ) ;
#11131 = ORIENTED_EDGE ( 'NONE', *, *, #6926, .F. ) ;
#11132 = DIRECTION ( 'NONE',  ( 0.000000000000000000, -1.000000000000000000, 0.000000000000000000 ) ) ;
#11133 = LINE ( 'NONE', #9537, #3136 ) ;
#11134 = LINE ( 'NONE', #4090, #8342 ) ;
#11135 = EDGE_LOOP ( 'NONE', ( #2931, #2110, #7449, #4864 ) ) ;
#11136 = LINE ( 'NONE', #7483, #4285 ) ;
#11137 = EDGE_CURVE ( 'NONE', #2733, #3087, #209, .T. ) ;
#11138 = DIRECTION ( 'NONE',  ( 0.000000000000000000, 0.000000000000000000, 1.000000000000000000 ) ) ;
#11139 = DIRECTION ( 'NONE',  ( -1.000000000000000000, 0.000000000000000000, 1.215473287538999910E-16 ) ) ;
#11140 = EDGE_CURVE ( 'NONE', #9615, #6683, #10589, .T. ) ;
#11141 = FACE_OUTER_BOUND ( 'NONE', #4542, .T. ) ;
#11142 = EDGE_CURVE ( 'NONE', #6595, #64, #7281, .T. ) ;
#11143 = VECTOR ( 'NONE', #11253, 1000.000000000000000 ) ;
#11144 = ORIENTED_EDGE ( 'NONE', *, *, #3141, .T. ) ;
#11145 = CARTESIAN_POINT ( 'NONE',  ( -0.3600000000000000422, -4.830679945108999895, 4.625000000000000000 ) ) ;
#11146 = CARTESIAN_POINT ( 'NONE',  ( -0.3599999999990000088, -2.944999999999999840, -6.446060001586000578E-17 ) ) ;
#11147 = CARTESIAN_POINT ( 'NONE',  ( -0.3600000000000000422, -4.830679945108999895, 5.125000000000000000 ) ) ;
#11148 = ORIENTED_EDGE ( 'NONE', *, *, #3633, .T. ) ;
#11149 = PLANE ( 'NONE',  #3731 ) ;
#11150 = VECTOR ( 'NONE', #1673, 1000.000000000000000 ) ;
#11151 = CARTESIAN_POINT ( 'NONE',  ( -0.3499999999999999778, -4.830679945108999895, 4.625000000000000000 ) ) ;
#11152 = CARTESIAN_POINT ( 'NONE',  ( -1.579999999998999982, 2.554188695136000664, 0.2999999999999999889 ) ) ;
#11153 = PLANE ( 'NONE',  #3145 ) ;
#11154 = DIRECTION ( 'NONE',  ( 0.000000000000000000, 0.000000000000000000, 1.000000000000000000 ) ) ;
#11155 = VECTOR ( 'NONE', #3562, 1000.000000000000000 ) ;
#11156 = ORIENTED_EDGE ( 'NONE', *, *, #3423, .F. ) ;
#11157 = DIRECTION ( 'NONE',  ( 0.000000000000000000, 0.000000000000000000, -1.000000000000000000 ) ) ;
#11158 = ORIENTED_EDGE ( 'NONE', *, *, #4110, .T. ) ;
#11159 = CARTESIAN_POINT ( 'NONE',  ( 1.280000000000000027, 3.504999999999000249, 2.720678065752000219 ) ) ;
#11160 = ORIENTED_EDGE ( 'NONE', *, *, #10791, .F. ) ;
#11161 = VERTEX_POINT ( 'NONE', #10650 ) ;
#11162 = VERTEX_POINT ( 'NONE', #96 ) ;
#11163 = CARTESIAN_POINT ( 'NONE',  ( 1.579999999998999982, 2.555000000000000160, -1.899999999998999822 ) ) ;
#11164 = LINE ( 'NONE', #741, #3022 ) ;
#11165 = CARTESIAN_POINT ( 'NONE',  ( 0.3800000000000000044, -3.894999999999999574, 8.699999999999000977 ) ) ;
#11166 = VECTOR ( 'NONE', #8474, 1000.000000000000000 ) ;
#11167 = CARTESIAN_POINT ( 'NONE',  ( -0.3599999999990000088, -2.944999999999999840, -6.446060001586000578E-17 ) ) ;
#11168 = EDGE_LOOP ( 'NONE', ( #358, #6353, #5729, #747 ) ) ;
#11169 = EDGE_CURVE ( 'NONE', #7017, #5460, #2855, .T. ) ;
#11170 = DIRECTION ( 'NONE',  ( -1.215473287538999910E-16, 0.000000000000000000, -1.000000000000000000 ) ) ;
#11171 = CARTESIAN_POINT ( 'NONE',  ( 1.280000000000000027, -7.894999999999999574, 6.749999999998999911 ) ) ;
#11172 = EDGE_LOOP ( 'NONE', ( #9839, #11063, #2486, #3129 ) ) ;
#11173 = VECTOR ( 'NONE', #5928, 1000.000000000000000 ) ;
#11174 = CARTESIAN_POINT ( 'NONE',  ( 0.3600000000000000422, -5.330679945108999007, 5.625000000000000000 ) ) ;
#11175 = VECTOR ( 'NONE', #8265, 1000.000000000000000 ) ;
#11176 = ORIENTED_EDGE ( 'NONE', *, *, #10101, .F. ) ;
#11177 = ORIENTED_EDGE ( 'NONE', *, *, #7144, .F. ) ;
#11178 = VECTOR ( 'NONE', #6001, 1000.000000000000000 ) ;
#11179 = ORIENTED_EDGE ( 'NONE', *, *, #9623, .T. ) ;
#11180 = CARTESIAN_POINT ( 'NONE',  ( -1.579999999998999982, 2.204999999999000426, -1.899999999998999822 ) ) ;
#11181 = DIRECTION ( 'NONE',  ( 0.000000000000000000, 0.000000000000000000, 1.000000000000000000 ) ) ;
#11182 = DIRECTION ( 'NONE',  ( -1.807003620808999850E-16, 0.000000000000000000, 1.000000000000000000 ) ) ;
#11183 = CARTESIAN_POINT ( 'NONE',  ( 0.1000000000000000056, -0.2950000000009997403, 0.000000000000000000 ) ) ;
#11184 = FACE_OUTER_BOUND ( 'NONE', #10949, .T. ) ;
#11185 = EDGE_LOOP ( 'NONE', ( #8599, #2835, #2801, #5542 ) ) ;
#11186 = EDGE_CURVE ( 'NONE', #5662, #11118, #9847, .T. ) ;
#11187 = DIRECTION ( 'NONE',  ( 0.000000000000000000, -0.9848077530123608980, 0.1736481776660634968 ) ) ;
#11188 = EDGE_CURVE ( 'NONE', #3417, #11030, #8143, .T. ) ;
#11189 = DIRECTION ( 'NONE',  ( 0.000000000000000000, 1.000000000000000000, 0.000000000000000000 ) ) ;
#11190 = CARTESIAN_POINT ( 'NONE',  ( 0.3600000000000000422, -5.330679945108999007, 3.424999999999000178 ) ) ;
#11191 = ORIENTED_EDGE ( 'NONE', *, *, #2858, .T. ) ;
#11192 = EDGE_CURVE ( 'NONE', #1086, #4409, #3604, .T. ) ;
#11193 = AXIS2_PLACEMENT_3D ( 'NONE', #10965, #6631, #5880 ) ;
#11194 = CARTESIAN_POINT ( 'NONE',  ( 0.3599999999990000088, -5.330679945108999007, 1.624999999998999911 ) ) ;
#11195 = DIRECTION ( 'NONE',  ( 0.000000000000000000, -1.734723475976000090E-15, 1.000000000000000000 ) ) ;
#11196 = LINE ( 'NONE', #6853, #3276 ) ;
#11197 = DIRECTION ( 'NONE',  ( 0.000000000000000000, 0.000000000000000000, 1.000000000000000000 ) ) ;
#11198 = VECTOR ( 'NONE', #7430, 1000.000000000000000 ) ;
#11199 = EDGE_CURVE ( 'NONE', #7274, #5405, #9903, .T. ) ;
#11200 = EDGE_LOOP ( 'NONE', ( #9241, #1612, #1266, #3901 ) ) ;
#11201 = DIRECTION ( 'NONE',  ( -1.075827036997393753E-16, -0.9848077530123608980, 0.1736481776660634968 ) ) ;
#11202 = PLANE ( 'NONE',  #733 ) ;
#11203 = EDGE_CURVE ( 'NONE', #3673, #7061, #9181, .T. ) ;
#11204 = CARTESIAN_POINT ( 'NONE',  ( -0.3499999999989999999, -9.395000000000001350, 1.179999999999000071 ) ) ;
#11205 = ORIENTED_EDGE ( 'NONE', *, *, #2716, .F. ) ;
#11206 = EDGE_CURVE ( 'NONE', #775, #10440, #910, .T. ) ;
#11207 = CARTESIAN_POINT ( 'NONE',  ( -1.279999999998999716, -9.544999999998998064, 1.249999999998999911 ) ) ;
#11208 = LINE ( 'NONE', #1586, #10522 ) ;
#11209 = PLANE ( 'NONE',  #8594 ) ;
#11210 = VECTOR ( 'NONE', #4278, 1000.000000000000000 ) ;
#11211 = CARTESIAN_POINT ( 'NONE',  ( 0.000000000000000000, -0.2950000000009997403, -1.600000000000000089 ) ) ;
#11212 = ORIENTED_EDGE ( 'NONE', *, *, #482, .T. ) ;
#11213 = CARTESIAN_POINT ( 'NONE',  ( 0.9817789317309998376, -6.329612395372000044, 6.242520405652999926 ) ) ;
#11214 = ADVANCED_FACE ( 'NONE', ( #6186 ), #9677, .F. ) ;
#11215 = VERTEX_POINT ( 'NONE', #6240 ) ;
#11216 = CARTESIAN_POINT ( 'NONE',  ( 1.280000000000000027, 3.504999999999000249, 0.000000000000000000 ) ) ;
#11217 = ORIENTED_EDGE ( 'NONE', *, *, #472, .F. ) ;
#11218 = EDGE_CURVE ( 'NONE', #3393, #1961, #9108, .T. ) ;
#11219 = VERTEX_POINT ( 'NONE', #494 ) ;
#11220 = LINE ( 'NONE', #7856, #3772 ) ;
#11221 = CARTESIAN_POINT ( 'NONE',  ( -0.3799999999990000266, -9.694999999999998508, 8.849999999998999556 ) ) ;
#11222 = CARTESIAN_POINT ( 'NONE',  ( -0.3499999999999999778, -9.330679945108999007, 5.625000000000000000 ) ) ;
#11223 = CARTESIAN_POINT ( 'NONE',  ( 1.830000000000000071, 3.804999999999000071, 4.134721410322000246 ) ) ;
#11224 = ORIENTED_EDGE ( 'NONE', *, *, #7797, .F. ) ;
#11225 = CARTESIAN_POINT ( 'NONE',  ( -0.3499999999999999778, -4.830679945108999895, 3.924999999999999822 ) ) ;
#11226 = EDGE_LOOP ( 'NONE', ( #6837, #11158, #4743, #7131, #8951, #4024, #8899, #5395, #10481, #4137, #5904, #3634 ) ) ;
#11227 = ORIENTED_EDGE ( 'NONE', *, *, #4899, .F. ) ;
#11228 = CARTESIAN_POINT ( 'NONE',  ( 0.1000000000000000056, -1.695000000000999707, 0.000000000000000000 ) ) ;
#11229 = ORIENTED_EDGE ( 'NONE', *, *, #1869, .T. ) ;
#11230 = VECTOR ( 'NONE', #10861, 1000.000000000000000 ) ;
#11231 = ORIENTED_EDGE ( 'NONE', *, *, #9360, .F. ) ;
#11232 = ORIENTED_EDGE ( 'NONE', *, *, #9377, .T. ) ;
#11233 = PRESENTATION_STYLE_ASSIGNMENT (( #2472 ) ) ;
#11234 = VECTOR ( 'NONE', #7892, 1000.000000000000000 ) ;
#11235 = VECTOR ( 'NONE', #99, 1000.000000000000000 ) ;
#11236 = ORIENTED_EDGE ( 'NONE', *, *, #11218, .F. ) ;
#11237 = DIRECTION ( 'NONE',  ( -1.239088197125999924E-16, 1.000000000000000000, 0.000000000000000000 ) ) ;
#11238 = DIRECTION ( 'NONE',  ( 0.000000000000000000, 0.000000000000000000, 1.000000000000000000 ) ) ;
#11239 = LINE ( 'NONE', #10385, #8262 ) ;
#11240 = ADVANCED_FACE ( 'NONE', ( #6646 ), #8422, .F. ) ;
#11241 = DIRECTION ( 'NONE',  ( 0.000000000000000000, -0.5000000000001899592, 0.8660254037843289066 ) ) ;
#11242 = AXIS2_PLACEMENT_3D ( 'NONE', #5924, #9475, #3395 ) ;
#11243 = DIRECTION ( 'NONE',  ( 1.000000000000000000, 0.000000000000000000, 0.000000000000000000 ) ) ;
#11244 = ORIENTED_EDGE ( 'NONE', *, *, #9338, .F. ) ;
#11245 = CARTESIAN_POINT ( 'NONE',  ( 1.580000000000000071, 3.804999999999000071, 4.134721410322000246 ) ) ;
#11246 = VECTOR ( 'NONE', #331, 1000.000000000000000 ) ;
#11247 = EDGE_LOOP ( 'NONE', ( #1554, #9874, #9765, #2099 ) ) ;
#11248 = LINE ( 'NONE', #3405, #8264 ) ;
#11249 = ORIENTED_EDGE ( 'NONE', *, *, #4191, .F. ) ;
#11250 = LINE ( 'NONE', #10394, #10144 ) ;
#11251 = CARTESIAN_POINT ( 'NONE',  ( -0.3600000000000000422, -4.830679945108999895, 3.924999999999999822 ) ) ;
#11252 = ADVANCED_FACE ( 'NONE', ( #2970 ), #3986, .T. ) ;
#11253 = DIRECTION ( 'NONE',  ( -1.000000000000000000, 0.000000000000000000, 1.215473287538999910E-16 ) ) ;
#11254 = EDGE_CURVE ( 'NONE', #11263, #4893, #1487, .T. ) ;
#11255 = FACE_OUTER_BOUND ( 'NONE', #1645, .T. ) ;
#11256 = VECTOR ( 'NONE', #7984, 1000.000000000000000 ) ;
#11257 = VECTOR ( 'NONE', #5197, 1000.000000000000000 ) ;
#11258 = ADVANCED_FACE ( 'NONE', ( #554 ), #5723, .F. ) ;
#11259 = ORIENTED_EDGE ( 'NONE', *, *, #10974, .F. ) ;
#11260 = DIRECTION ( 'NONE',  ( -0.000000000000000000, 1.000000000000000000, 0.000000000000000000 ) ) ;
#11261 = FACE_OUTER_BOUND ( 'NONE', #3391, .T. ) ;
#11262 = LINE ( 'NONE', #2547, #4228 ) ;
#11263 = VERTEX_POINT ( 'NONE', #10187 ) ;
#11264 = DIRECTION ( 'NONE',  ( 0.000000000000000000, -0.5000000000001899592, -0.8660254037843289066 ) ) ;
#11265 = CARTESIAN_POINT ( 'NONE',  ( 1.080000000000000071, -3.594999999999999751, 0.4000000000000000222 ) ) ;
#11266 = VECTOR ( 'NONE', #7025, 1000.000000000000000 ) ;
#11267 = EDGE_CURVE ( 'NONE', #7189, #10673, #10929, .T. ) ;
#11268 = FACE_OUTER_BOUND ( 'NONE', #8804, .T. ) ;
#11269 = EDGE_CURVE ( 'NONE', #1146, #306, #10814, .T. ) ;
#11270 = APPLICATION_PROTOCOL_DEFINITION ( 'draft international standard', 'automotive_design', 1998, #6992 ) ;
#11271 = EDGE_CURVE ( 'NONE', #9871, #340, #319, .T. ) ;
#11272 = AXIS2_PLACEMENT_3D ( 'NONE', #5096, #5210, #9566 ) ;
#11273 = ORIENTED_EDGE ( 'NONE', *, *, #10520, .F. ) ;
#11274 = PLANE ( 'NONE',  #4435 ) ;
#11275 = ORIENTED_EDGE ( 'NONE', *, *, #779, .T. ) ;
#11276 = CARTESIAN_POINT ( 'NONE',  ( 0.3499999999989999999, -4.830679945108999895, 3.625000000000000000 ) ) ;
#11277 = VERTEX_POINT ( 'NONE', #7336 ) ;
#11278 = ORIENTED_EDGE ( 'NONE', *, *, #2013, .F. ) ;
#11279 = CARTESIAN_POINT ( 'NONE',  ( 0.3499999999999999778, -4.830679945108999895, 3.924999999999999822 ) ) ;
#11280 = DIRECTION ( 'NONE',  ( -1.000000000000000000, 0.000000000000000000, -1.807003620808999850E-16 ) ) ;
#11281 = ADVANCED_FACE ( 'NONE', ( #2275 ), #1299, .T. ) ;
#11282 = PLANE ( 'NONE',  #4797 ) ;
#11283 = DIRECTION ( 'NONE',  ( -1.299091332659999954E-16, 1.000000000000000000, 0.000000000000000000 ) ) ;
#11284 = EDGE_CURVE ( 'NONE', #5289, #7942, #3028, .T. ) ;
#11285 = EDGE_CURVE ( 'NONE', #483, #7017, #10016, .T. ) ;
#11286 = ORIENTED_EDGE ( 'NONE', *, *, #3792, .F. ) ;
#11287 = FACE_BOUND ( 'NONE', #10022, .T. ) ;
#11288 = ORIENTED_EDGE ( 'NONE', *, *, #8772, .F. ) ;
#11289 = CARTESIAN_POINT ( 'NONE',  ( -1.280000000000000027, -8.294999999999999929, 2.249999999998999911 ) ) ;
#11290 = VERTEX_POINT ( 'NONE', #9960 ) ;
#11291 = ORIENTED_EDGE ( 'NONE', *, *, #9754, .T. ) ;
#11292 = ORIENTED_EDGE ( 'NONE', *, *, #10030, .T. ) ;
#11293 =( NAMED_UNIT ( * ) PLANE_ANGLE_UNIT ( ) SI_UNIT ( $, .RADIAN. ) );
#11294 = VERTEX_POINT ( 'NONE', #2332 ) ;
#11295 = LINE ( 'NONE', #6089, #1351 ) ;
#11296 = PLANE ( 'NONE',  #2662 ) ;
#11297 = CARTESIAN_POINT ( 'NONE',  ( 1.430000000000000160, -4.571077182464999389, 6.330399858456999596 ) ) ;
#11298 = CARTESIAN_POINT ( 'NONE',  ( 1.280000000000000027, 3.504999999999000249, 4.134721410322000246 ) ) ;
#11299 = LINE ( 'NONE', #3451, #7357 ) ;
#11300 = EDGE_LOOP ( 'NONE', ( #2072, #6102, #10761, #10279 ) ) ;
#11301 = CARTESIAN_POINT ( 'NONE',  ( 1.553081821441999910, -6.817614997863000070, 3.302788191369000259 ) ) ;
#11302 = VECTOR ( 'NONE', #1141, 1000.000000000000000 ) ;
#11303 = EDGE_LOOP ( 'NONE', ( #10586, #6192, #1495, #10543 ) ) ;
#11304 = CARTESIAN_POINT ( 'NONE',  ( 1.579999999998999982, -1.983341451230999697, 4.273192623120999123 ) ) ;
#11305 = ORIENTED_EDGE ( 'NONE', *, *, #10509, .F. ) ;
#11306 = PLANE ( 'NONE',  #8883 ) ;
#11307 = DIRECTION ( 'NONE',  ( 0.000000000000000000, 1.000000000000000000, 0.000000000000000000 ) ) ;
#11308 = DIRECTION ( 'NONE',  ( 0.000000000000000000, 0.000000000000000000, 1.000000000000000000 ) ) ;
#11309 = DIRECTION ( 'NONE',  ( 0.000000000000000000, -1.000000000000000000, 0.000000000000000000 ) ) ;
#11310 = ORIENTED_EDGE ( 'NONE', *, *, #10759, .F. ) ;
#11311 = CARTESIAN_POINT ( 'NONE',  ( 1.580000000000000071, -4.337947837308999688, 2.719600141541999694 ) ) ;
#11312 = ADVANCED_FACE ( 'NONE', ( #7500 ), #5660, .F. ) ;
#11313 = CARTESIAN_POINT ( 'NONE',  ( 1.280000000000000027, 3.504999999999000249, 8.000000000000000000 ) ) ;
#11314 = CARTESIAN_POINT ( 'NONE',  ( 0.3499999999999999778, -8.830679945108999007, 5.424999999998999733 ) ) ;
#11315 = ORIENTED_EDGE ( 'NONE', *, *, #9605, .T. ) ;
#11316 = DIRECTION ( 'NONE',  ( -1.284980352574999780E-16, 1.000000000000000000, 1.734723475976000090E-15 ) ) ;
#11317 = CARTESIAN_POINT ( 'NONE',  ( -1.279999999998999716, -3.894999999999999574, 4.915278589676999488 ) ) ;
#11318 = DIRECTION ( 'NONE',  ( -1.284980352574999780E-16, -1.000000000000000000, 0.000000000000000000 ) ) ;
#11319 = VECTOR ( 'NONE', #9435, 1000.000000000000114 ) ;
#11320 = LINE ( 'NONE', #8816, #2400 ) ;
#11321 = CARTESIAN_POINT ( 'NONE',  ( 0.000000000000000000, 0.000000000000000000, 0.000000000000000000 ) ) ;
#11322 = ORIENTED_EDGE ( 'NONE', *, *, #5638, .F. ) ;
#11323 = EDGE_CURVE ( 'NONE', #9340, #4012, #2213, .T. ) ;
#11324 = DIRECTION ( 'NONE',  ( -0.000000000000000000, 1.000000000000000000, 0.000000000000000000 ) ) ;
#11325 = EDGE_CURVE ( 'NONE', #1633, #2159, #4799, .T. ) ;
#11326 = VECTOR ( 'NONE', #7935, 1000.000000000000000 ) ;
#11327 = ORIENTED_EDGE ( 'NONE', *, *, #2565, .F. ) ;
#11328 = DIRECTION ( 'NONE',  ( 0.000000000000000000, 1.000000000000000000, 0.000000000000000000 ) ) ;
#11329 = ORIENTED_EDGE ( 'NONE', *, *, #8340, .F. ) ;
#11330 = ORIENTED_EDGE ( 'NONE', *, *, #391, .T. ) ;
#11331 = LINE ( 'NONE', #6129, #9991 ) ;
#11332 = ADVANCED_FACE ( 'NONE', ( #3936 ), #8369, .F. ) ;
#11333 = PLANE ( 'NONE',  #7001 ) ;
#11334 = AXIS2_PLACEMENT_3D ( 'NONE', #4001, #7515, #10996 ) ;
#11335 = CARTESIAN_POINT ( 'NONE',  ( 0.3599999999990000088, -8.831833331044999014, 2.124913496054000372 ) ) ;
#11336 = VERTEX_POINT ( 'NONE', #4690 ) ;
#11337 = ADVANCED_FACE ( 'NONE', ( #1245 ), #5032, .T. ) ;
#11338 = FACE_OUTER_BOUND ( 'NONE', #863, .T. ) ;
#11339 = ORIENTED_EDGE ( 'NONE', *, *, #10903, .T. ) ;
#11340 = DIRECTION ( 'NONE',  ( -1.000000000000000000, 0.000000000000000000, 1.215473287538999910E-16 ) ) ;
#11341 = ORIENTED_EDGE ( 'NONE', *, *, #6088, .F. ) ;
#11342 = ORIENTED_EDGE ( 'NONE', *, *, #8130, .F. ) ;
#11343 = ORIENTED_EDGE ( 'NONE', *, *, #5123, .T. ) ;
#11344 = DIRECTION ( 'NONE',  ( 1.239088197125999924E-16, -1.000000000000000000, 0.000000000000000000 ) ) ;
#11345 = ORIENTED_EDGE ( 'NONE', *, *, #7426, .T. ) ;
#11346 = EDGE_CURVE ( 'NONE', #9668, #7344, #2387, .T. ) ;
#11347 = LINE ( 'NONE', #7010, #10154 ) ;
#11348 = CARTESIAN_POINT ( 'NONE',  ( 0.3499999999999999778, -3.894999999999999574, 1.179999999999000071 ) ) ;
#11349 = CIRCLE ( 'NONE', #1656, 0.1499999999989998778 ) ;
#11350 = LINE ( 'NONE', #7012, #2204 ) ;
#11351 = FACE_OUTER_BOUND ( 'NONE', #3678, .T. ) ;
#11352 = CARTESIAN_POINT ( 'NONE',  ( 0.3600000000000000422, -5.330679945108999007, 7.125000000000000000 ) ) ;
#11353 = ORIENTED_EDGE ( 'NONE', *, *, #11142, .F. ) ;
#11354 = VECTOR ( 'NONE', #2519, 1000.000000000000000 ) ;
#11355 = DIRECTION ( 'NONE',  ( 0.000000000000000000, -1.000000000000000000, 0.000000000000000000 ) ) ;
#11356 = VECTOR ( 'NONE', #3005, 1000.000000000000000 ) ;
ENDSEC;
END-ISO-10303-21;
