ISO-10303-21;
HEADER;
FILE_DESCRIPTION (( 'STEP AP214' ),
    '1' );
FILE_NAME ('USB-C-SMD_TYPE-C-24P-QT.STEP',
    '2026-07-02T16:14:28',
    ( '' ),
    ( '' ),
    'SwSTEP 2.0',
    'SolidWorks 2025',
    '' );
FILE_SCHEMA (( 'AUTOMOTIVE_DESIGN' ));
ENDSEC;

DATA;
#1 = LINE ( 'NONE', #10854, #11890 ) ;
#2 = LINE ( 'NONE', #4949, #10352 ) ;
#3 = AXIS2_PLACEMENT_3D ( 'NONE', #3700, #8627, #2733 ) ;
#4 = DIRECTION ( 'NONE',  ( 0.000000000000000000, -1.000000000000000000, -2.891205793294678622E-15 ) ) ;
#5 = VECTOR ( 'NONE', #4299, 1000.000000000000000 ) ;
#6 = EDGE_CURVE ( 'NONE', #11740, #11731, #10115, .T. ) ;
#7 = LINE ( 'NONE', #9901, #3307 ) ;
#8 = DIRECTION ( 'NONE',  ( 0.000000000000000000, 3.491481338843000432E-15, -1.000000000000000000 ) ) ;
#9 = ORIENTED_EDGE ( 'NONE', *, *, #8935, .T. ) ;
#10 = CARTESIAN_POINT ( 'NONE',  ( 0.5809832317070000585, -0.7179812471039999089, 0.05000000000099998065 ) ) ;
#11 = ORIENTED_EDGE ( 'NONE', *, *, #911, .T. ) ;
#12 = AXIS2_PLACEMENT_3D ( 'NONE', #3995, #7766, #6803 ) ;
#13 = ORIENTED_EDGE ( 'NONE', *, *, #353, .T. ) ;
#14 = PLANE ( 'NONE',  #3546 ) ;
#15 = AXIS2_PLACEMENT_3D ( 'NONE', #11982, #429, #9021 ) ;
#16 = CARTESIAN_POINT ( 'NONE',  ( -0.7046622837769999093, -1.486057298329999776, 0.07000000000100004005 ) ) ;
#17 = CARTESIAN_POINT ( 'NONE',  ( -1.963414634146000148, -1.608225149542999999, 0.07000000000100004005 ) ) ;
#18 = CARTESIAN_POINT ( 'NONE',  ( -2.024999999999999911, -9.116756773326001095, 0.04999999999999991257 ) ) ;
#19 = EDGE_CURVE ( 'NONE', #9203, #114, #4575, .T. ) ;
#20 = ORIENTED_EDGE ( 'NONE', *, *, #10501, .T. ) ;
#21 = CARTESIAN_POINT ( 'NONE',  ( -4.169999999998999840, 1.199999999999000089, 1.630000000000010996 ) ) ;
#22 = CARTESIAN_POINT ( 'NONE',  ( -1.451219512195000005, -0.7179812471039999089, 0.05000000000099998065 ) ) ;
#23 = VECTOR ( 'NONE', #4465, 1000.000000000000000 ) ;
#24 = ORIENTED_EDGE ( 'NONE', *, *, #4049, .F. ) ;
#25 = EDGE_LOOP ( 'NONE', ( #6601, #4975, #5563, #703, #12118, #5009, #7340, #11989, #7095, #3057, #3884, #4272, #6701, #3001, #10240, #5295, #6134, #12134, #1361, #5982, #24, #11590, #3147, #1213, #10098, #10690, #10863, #83 ) ) ;
#26 = CARTESIAN_POINT ( 'NONE',  ( -3.791532678427130598, 1.901573364647546338, 2.718856448511130619 ) ) ;
#27 = DIRECTION ( 'NONE',  ( 0.000000000000000000, 3.491481338843000432E-15, -1.000000000000000000 ) ) ;
#28 = ORIENTED_EDGE ( 'NONE', *, *, #8232, .F. ) ;
#29 = CARTESIAN_POINT ( 'NONE',  ( -5.750624847485999780, 1.999999999999000355, 2.709999999999999520 ) ) ;
#30 = EDGE_LOOP ( 'NONE', ( #296, #2173, #4549, #8246 ) ) ;
#31 = AXIS2_PLACEMENT_3D ( 'NONE', #4951, #3934, #71 ) ;
#32 = EDGE_CURVE ( 'NONE', #11731, #11740, #7851, .T. ) ;
#33 = ADVANCED_FACE ( 'NONE', ( #1278 ), #10966, .T. ) ;
#34 = ORIENTED_EDGE ( 'NONE', *, *, #1566, .T. ) ;
#35 = CARTESIAN_POINT ( 'NONE',  ( -1.357790657095000020, -1.202569641329999994, 0.07000000000100004005 ) ) ;
#36 = LINE ( 'NONE', #9863, #5355 ) ;
#37 = CARTESIAN_POINT ( 'NONE',  ( 4.169999999998999840, -4.149999999999000266, 1.500000000000000000 ) ) ;
#38 = ORIENTED_EDGE ( 'NONE', *, *, #10131, .F. ) ;
#39 = CARTESIAN_POINT ( 'NONE',  ( 0.08536585365800000713, -1.608225149542999999, 0.07000000000100004005 ) ) ;
#40 = ORIENTED_EDGE ( 'NONE', *, *, #3679, .F. ) ;
#41 = DIRECTION ( 'NONE',  ( -1.000000000000000000, 0.000000000000000000, 0.000000000000000000 ) ) ;
#42 = CIRCLE ( 'NONE', #3341, 0.1499999999989998778 ) ;
#43 = CARTESIAN_POINT ( 'NONE',  ( -5.750624847485999780, 2.000000000000000444, 1.709999999999999964 ) ) ;
#44 = VECTOR ( 'NONE', #7094, 1000.000000000000000 ) ;
#45 = ORIENTED_EDGE ( 'NONE', *, *, #3229, .F. ) ;
#46 = ORIENTED_EDGE ( 'NONE', *, *, #801, .F. ) ;
#47 = DIRECTION ( 'NONE',  ( 0.000000000000000000, 3.491481338843000432E-15, -1.000000000000000000 ) ) ;
#48 = CARTESIAN_POINT ( 'NONE',  ( -3.219999999998999662, 1.800000000000000044, -0.5499999999990000665 ) ) ;
#49 = VERTEX_POINT ( 'NONE', #3070 ) ;
#50 = CARTESIAN_POINT ( 'NONE',  ( 2.474999999998999556, 1.800000000000000044, -0.5499999999990000665 ) ) ;
#51 = DIRECTION ( 'NONE',  ( 1.000000000000000000, 0.000000000000000000, 0.000000000000000000 ) ) ;
#52 = EDGE_CURVE ( 'NONE', #2152, #8801, #8073, .T. ) ;
#53 = ORIENTED_EDGE ( 'NONE', *, *, #6873, .F. ) ;
#54 = CARTESIAN_POINT ( 'NONE',  ( -3.219999999998999662, 1.799999999998999956, 2.660000000000000142 ) ) ;
#55 = COLOUR_RGB ( '',0.7921568627450980005, 0.8196078431372548767, 0.9333333333333333481 ) ;
#56 = DIRECTION ( 'NONE',  ( 1.000000000000000000, 0.000000000000000000, 0.000000000000000000 ) ) ;
#57 = DIRECTION ( 'NONE',  ( 0.000000000000000000, -1.000000000000000000, -3.491481338843000432E-15 ) ) ;
#58 = DIRECTION ( 'NONE',  ( 0.000000000000000000, 3.491481338843000432E-15, -1.000000000000000000 ) ) ;
#59 = DIRECTION ( 'NONE',  ( 0.000000000000000000, 3.491481338843000432E-15, -1.000000000000000000 ) ) ;
#60 = DIRECTION ( 'NONE',  ( 1.000000000000000000, 0.000000000000000000, 0.000000000000000000 ) ) ;
#61 = EDGE_CURVE ( 'NONE', #10808, #5049, #6978, .T. ) ;
#62 = DIRECTION ( 'NONE',  ( 0.000000000000000000, 1.000000000000000000, 3.523657060582293621E-15 ) ) ;
#63 = VECTOR ( 'NONE', #1840, 1000.000000000000000 ) ;
#64 = VERTEX_POINT ( 'NONE', #1147 ) ;
#65 = VERTEX_POINT ( 'NONE', #5952 ) ;
#66 = CARTESIAN_POINT ( 'NONE',  ( -2.999999999998999911, -5.299999999998999733, 1.629999999999988125 ) ) ;
#67 = CARTESIAN_POINT ( 'NONE',  ( 4.294988731353699407, 1.199999999998998090, 2.599471377186670651 ) ) ;
#68 = CARTESIAN_POINT ( 'NONE',  ( 4.469999999998999662, -3.949999999998999645, 1.300000000000000044 ) ) ;
#69 = EDGE_CURVE ( 'NONE', #8157, #6339, #3144, .T. ) ;
#70 = EDGE_CURVE ( 'NONE', #3681, #79, #10130, .T. ) ;
#71 = DIRECTION ( 'NONE',  ( -1.000000000000000000, 0.000000000000000000, 0.000000000000000000 ) ) ;
#72 = LINE ( 'NONE', #7901, #3098 ) ;
#73 = DIRECTION ( 'NONE',  ( 1.000000000000000000, 0.000000000000000000, 0.000000000000000000 ) ) ;
#74 = VERTEX_POINT ( 'NONE', #3008 ) ;
#75 = FACE_OUTER_BOUND ( 'NONE', #6249, .T. ) ;
#76 = ORIENTED_EDGE ( 'NONE', *, *, #11146, .T. ) ;
#77 = FACE_OUTER_BOUND ( 'NONE', #6640, .T. ) ;
#78 = EDGE_CURVE ( 'NONE', #11796, #6760, #2237, .T. ) ;
#79 = VERTEX_POINT ( 'NONE', #2177 ) ;
#80 = CARTESIAN_POINT ( 'NONE',  ( -1.231707317073000185, -1.097554417834999851, 0.07000000000100004005 ) ) ;
#81 = LINE ( 'NONE', #8806, #10448 ) ;
#82 = CARTESIAN_POINT ( 'NONE',  ( 4.469999999998999662, -3.608578643761999771, -0.4914213562370001176 ) ) ;
#83 = ORIENTED_EDGE ( 'NONE', *, *, #3839, .T. ) ;
#84 = DIRECTION ( 'NONE',  ( -1.000000000000000000, 0.000000000000000000, 0.000000000000000000 ) ) ;
#85 = CARTESIAN_POINT ( 'NONE',  ( 0.9696887895300000393, -1.206217909059999815, 0.07000000000100004005 ) ) ;
#86 = VERTEX_POINT ( 'NONE', #6146 ) ;
#87 = ORIENTED_EDGE ( 'NONE', *, *, #3029, .F. ) ;
#88 = CARTESIAN_POINT ( 'NONE',  ( -3.749610316648861907, 1.951273335040586643, 2.748805401925356495 ) ) ;
#89 = EDGE_CURVE ( 'NONE', #2716, #3959, #8991, .T. ) ;
#90 = DIRECTION ( 'NONE',  ( 0.000000000000000000, -1.000000000000000000, -3.491481338843000432E-15 ) ) ;
#91 = VERTEX_POINT ( 'NONE', #9162 ) ;
#92 = EDGE_CURVE ( 'NONE', #9926, #10083, #374, .T. ) ;
#93 =( NAMED_UNIT ( * ) SI_UNIT ( $, .STERADIAN. ) SOLID_ANGLE_UNIT ( ) );
#94 = LINE ( 'NONE', #10887, #11839 ) ;
#95 = ORIENTED_EDGE ( 'NONE', *, *, #11611, .F. ) ;
#96 = VERTEX_POINT ( 'NONE', #9030 ) ;
#97 = CARTESIAN_POINT ( 'NONE',  ( 5.500000000000000000, -1.949999999999994182, 0.000000000000000000 ) ) ;
#98 = AXIS2_PLACEMENT_3D ( 'NONE', #9358, #699, #9232 ) ;
#99 = CARTESIAN_POINT ( 'NONE',  ( 0.6254447318229999775, -0.7189423515299999679, 0.05000000000099998065 ) ) ;
#100 = LINE ( 'NONE', #5349, #8704 ) ;
#101 = ORIENTED_EDGE ( 'NONE', *, *, #7993, .T. ) ;
#102 = PLANE ( 'NONE',  #11461 ) ;
#103 = ORIENTED_EDGE ( 'NONE', *, *, #9499, .F. ) ;
#104 = CARTESIAN_POINT ( 'NONE',  ( -3.833426691583635026, 1.267209121161772867, 2.685459111005252808 ) ) ;
#105 = DIRECTION ( 'NONE',  ( 0.000000000000000000, 1.000000000000000000, 3.641026466082000599E-15 ) ) ;
#106 = ADVANCED_FACE ( 'NONE', ( #242 ), #11991, .F. ) ;
#107 = ADVANCED_FACE ( 'NONE', ( #309 ), #4230, .F. ) ;
#108 = CIRCLE ( 'NONE', #2576, 0.1999999999990000332 ) ;
#109 = EDGE_LOOP ( 'NONE', ( #4011, #12168, #10563, #8380 ) ) ;
#111 = DIRECTION ( 'NONE',  ( 3.652049423112911354E-15, 3.652049423112911354E-15, -1.000000000000000000 ) ) ;
#110 = VECTOR ( 'NONE', #2462, 1000.000000000000000 ) ;
#112 = DIRECTION ( 'NONE',  ( 0.000000000000000000, 3.491481338843000432E-15, -1.000000000000000000 ) ) ;
#113 = FACE_OUTER_BOUND ( 'NONE', #4577, .T. ) ;
#114 = VERTEX_POINT ( 'NONE', #3266 ) ;
#115 = VECTOR ( 'NONE', #7303, 1000.000000000000000 ) ;
#116 = CARTESIAN_POINT ( 'NONE',  ( -3.811283382820769283, 1.305094469731574502, 2.703572973177199135 ) ) ;
#117 = CARTESIAN_POINT ( 'NONE',  ( -0.8229534399419998758, -1.620174216993999883, 0.05000000000099998065 ) ) ;
#118 = ORIENTED_EDGE ( 'NONE', *, *, #11611, .T. ) ;
#119 = LINE ( 'NONE', #10841, #7820 ) ;
#120 = CARTESIAN_POINT ( 'NONE',  ( 2.469999999999000106, -2.249999999998999911, 0.04999999999999991257 ) ) ;
#121 = CARTESIAN_POINT ( 'NONE',  ( 0.000000000000000000, 2.000000000000000444, 0.05000000000099998065 ) ) ;
#122 = VECTOR ( 'NONE', #12354, 1000.000000000000000 ) ;
#123 = CIRCLE ( 'NONE', #4439, 1.249999999999000133 ) ;
#124 = DIRECTION ( 'NONE',  ( 0.000000000000000000, 1.000000000000000000, 2.891205793294679017E-15 ) ) ;
#125 = DIRECTION ( 'NONE',  ( 0.000000000000000000, 3.491481338843000432E-15, -1.000000000000000000 ) ) ;
#126 = VECTOR ( 'NONE', #5656, 1000.000000000000000 ) ;
#127 = CARTESIAN_POINT ( 'NONE',  ( -0.02499999999899999922, 2.200000000000000178, 0.1000000000010001083 ) ) ;
#128 = EDGE_CURVE ( 'NONE', #3182, #10737, #9873, .T. ) ;
#129 = ORIENTED_EDGE ( 'NONE', *, *, #2496, .F. ) ;
#130 = ORIENTED_EDGE ( 'NONE', *, *, #9655, .F. ) ;
#131 = DIRECTION ( 'NONE',  ( 1.000000000000000000, 0.000000000000000000, 0.000000000000000000 ) ) ;
#132 = LINE ( 'NONE', #10725, #5729 ) ;
#133 = DIRECTION ( 'NONE',  ( 0.000000000000000000, 3.491481338843000432E-15, -1.000000000000000000 ) ) ;
#134 = EDGE_CURVE ( 'NONE', #6108, #9061, #5058, .T. ) ;
#135 = DIRECTION ( 'NONE',  ( 1.000000000000000000, 0.000000000000000000, 0.000000000000000000 ) ) ;
#136 = CARTESIAN_POINT ( 'NONE',  ( 1.525000000000000133, 0.3783882181409999323, 1.000068083900629290E-12 ) ) ;
#137 = LINE ( 'NONE', #8926, #4123 ) ;
#138 = CARTESIAN_POINT ( 'NONE',  ( 0.8370994272960000648, -0.6620715205879997844, 0.05000000000099998065 ) ) ;
#139 = EDGE_LOOP ( 'NONE', ( #8951, #2532, #189, #3177, #3742, #9165, #9501, #7549, #4765, #793, #10954, #1360 ) ) ;
#140 = DIRECTION ( 'NONE',  ( 0.000000000000000000, 1.000000000000000000, 3.252606517456513696E-15 ) ) ;
#141 = ADVANCED_FACE ( 'NONE', ( #3331 ), #4703, .T. ) ;
#142 = ADVANCED_FACE ( 'NONE', ( #438 ), #11504, .T. ) ;
#143 = ORIENTED_EDGE ( 'NONE', *, *, #8687, .F. ) ;
#144 = FACE_OUTER_BOUND ( 'NONE', #5928, .T. ) ;
#145 = VERTEX_POINT ( 'NONE', #3685 ) ;
#146 = CARTESIAN_POINT ( 'NONE',  ( 0.7249999999989999999, 0.6000000000000003109, 0.3500000000010001222 ) ) ;
#147 = DIRECTION ( 'NONE',  ( -1.000000000000000000, 0.000000000000000000, 0.000000000000000000 ) ) ;
#148 = FACE_OUTER_BOUND ( 'NONE', #7536, .T. ) ;
#149 = ORIENTED_EDGE ( 'NONE', *, *, #1374, .T. ) ;
#150 = DIRECTION ( 'NONE',  ( -5.421010862426999550E-16, 1.000000000000000000, 3.491481338843000432E-15 ) ) ;
#151 = EDGE_CURVE ( 'NONE', #2009, #4978, #2718, .T. ) ;
#152 = CARTESIAN_POINT ( 'NONE',  ( 3.624999999998999467, 0.9000000000000002442, -0.1767949192430001704 ) ) ;
#153 = ORIENTED_EDGE ( 'NONE', *, *, #1876, .F. ) ;
#154 = ORIENTED_EDGE ( 'NONE', *, *, #9887, .T. ) ;
#155 = CARTESIAN_POINT ( 'NONE',  ( -3.524138126513999936, 1.999999999999000355, 2.859999999999999876 ) ) ;
#156 = ADVANCED_FACE ( 'NONE', ( #2488 ), #1756, .F. ) ;
#157 = EDGE_CURVE ( 'NONE', #3900, #3107, #12231, .T. ) ;
#158 = DIRECTION ( 'NONE',  ( -1.000000000000000000, 0.000000000000000000, 0.000000000000000000 ) ) ;
#159 = VERTEX_POINT ( 'NONE', #8613 ) ;
#160 = PLANE ( 'NONE',  #6920 ) ;
#161 = VERTEX_POINT ( 'NONE', #6333 ) ;
#162 = ORIENTED_EDGE ( 'NONE', *, *, #477, .T. ) ;
#163 = DIRECTION ( 'NONE',  ( -0.5000000000001899592, -0.8660254037843289066, -3.023711536278149615E-15 ) ) ;
#164 = EDGE_CURVE ( 'NONE', #11184, #12409, #9220, .T. ) ;
#165 = CARTESIAN_POINT ( 'NONE',  ( 0.5767911585359999371, -0.6082251495429997767, 0.07000000000100004005 ) ) ;
#166 = VERTEX_POINT ( 'NONE', #12516 ) ;
#167 = CARTESIAN_POINT ( 'NONE',  ( -0.8427354277690000117, -0.7062572662909999410, 0.05000000000099998065 ) ) ;
#168 = ORIENTED_EDGE ( 'NONE', *, *, #2639, .T. ) ;
#169 = CARTESIAN_POINT ( 'NONE',  ( -3.803095189483999938, 1.349999999999000000, 2.709999999999999520 ) ) ;
#170 = CARTESIAN_POINT ( 'NONE',  ( 1.025000000000000133, 0.1000000000000002554, 0.1000000000010001083 ) ) ;
#171 = ORIENTED_EDGE ( 'NONE', *, *, #11832, .F. ) ;
#172 = DIRECTION ( 'NONE',  ( -1.000000000000000000, 0.000000000000000000, 0.000000000000000000 ) ) ;
#173 = CYLINDRICAL_SURFACE ( 'NONE', #951, 0.9499999999990003108 ) ;
#174 = DIRECTION ( 'NONE',  ( -1.000000000000000000, 0.000000000000000000, 0.000000000000000000 ) ) ;
#175 = ORIENTED_EDGE ( 'NONE', *, *, #6361, .F. ) ;
#176 = FACE_OUTER_BOUND ( 'NONE', #1849, .T. ) ;
#177 = CARTESIAN_POINT ( 'NONE',  ( 0.06097560975599999877, -1.169200759298999914, 0.07000000000100004005 ) ) ;
#178 = ORIENTED_EDGE ( 'NONE', *, *, #9943, .F. ) ;
#179 = DIRECTION ( 'NONE',  ( 0.000000000000000000, -3.491481338843000432E-15, 1.000000000000000000 ) ) ;
#180 = ADVANCED_FACE ( 'NONE', ( #3391 ), #5435, .T. ) ;
#181 = LINE ( 'NONE', #2431, #4114 ) ;
#182 = CARTESIAN_POINT ( 'NONE',  ( -3.924999999998999733, 0.7999999999999999334, -0.5499999999990000665 ) ) ;
#183 = PLANE ( 'NONE',  #9246 ) ;
#184 = CARTESIAN_POINT ( 'NONE',  ( 0.7750000000000000222, -9.116756773326001095, 0.04999999999999991257 ) ) ;
#185 = DIRECTION ( 'NONE',  ( 0.000000000000000000, 3.491481338843000432E-15, -1.000000000000000000 ) ) ;
#186 = CARTESIAN_POINT ( 'NONE',  ( -0.9535090837479999193, -0.7118147781030000898, 0.05000000000099998065 ) ) ;
#187 = CIRCLE ( 'NONE', #10859, 0.9499999999990003108 ) ;
#188 = EDGE_LOOP ( 'NONE', ( #10776, #7816, #4488, #1062 ) ) ;
#189 = ORIENTED_EDGE ( 'NONE', *, *, #6090, .T. ) ;
#190 = DIRECTION ( 'NONE',  ( 0.000000000000000000, -1.000000000000000000, -3.491481338843000432E-15 ) ) ;
#191 = DIRECTION ( 'NONE',  ( -1.000000000000000000, 0.000000000000000000, 0.000000000000000000 ) ) ;
#192 = DIRECTION ( 'NONE',  ( 0.000000000000000000, -1.000000000000000000, -3.491481338843000432E-15 ) ) ;
#193 = CARTESIAN_POINT ( 'NONE',  ( 0.000000000000000000, 0.1000000000000002554, 0.05000000000099998065 ) ) ;
#194 = DIRECTION ( 'NONE',  ( -5.421010862426999550E-16, -1.000000000000000000, -3.491481338843000432E-15 ) ) ;
#195 = EDGE_CURVE ( 'NONE', #8752, #2297, #518, .T. ) ;
#196 = CIRCLE ( 'NONE', #5720, 0.9499999999990003108 ) ;
#197 = DIRECTION ( 'NONE',  ( 1.000000000000000000, 0.000000000000000000, 0.000000000000000000 ) ) ;
#198 = ADVANCED_FACE ( 'NONE', ( #10319 ), #1814, .T. ) ;
#199 = AXIS2_PLACEMENT_3D ( 'NONE', #1241, #3361, #6368 ) ;
#200 = CARTESIAN_POINT ( 'NONE',  ( -4.294933154639624107, 1.199999999998998312, 2.599572951561512912 ) ) ;
#201 = CIRCLE ( 'NONE', #620, 0.7999999999990000665 ) ;
#202 = DIRECTION ( 'NONE',  ( 1.241634702107148136E-29, 1.000000000000000000, 3.491481338843000432E-15 ) ) ;
#203 = DIRECTION ( 'NONE',  ( 1.000000000000000000, 0.000000000000000000, 0.000000000000000000 ) ) ;
#204 = VECTOR ( 'NONE', #3518, 1000.000000000000000 ) ;
#205 = ORIENTED_EDGE ( 'NONE', *, *, #4224, .F. ) ;
#206 = CARTESIAN_POINT ( 'NONE',  ( 0.000000000000000000, 1.400000000000000133, 0.05000000000099998065 ) ) ;
#207 = VECTOR ( 'NONE', #6552, 1000.000000000000000 ) ;
#208 = DIRECTION ( 'NONE',  ( 0.000000000000000000, -3.491481338843000432E-15, 1.000000000000000000 ) ) ;
#209 = AXIS2_PLACEMENT_3D ( 'NONE', #7247, #12000, #5195 ) ;
#210 = CARTESIAN_POINT ( 'NONE',  ( 4.169999999998999840, -2.849999999999000000, -0.5500000000000001554 ) ) ;
#211 = LINE ( 'NONE', #3946, #6882 ) ;
#212 = EDGE_CURVE ( 'NONE', #1786, #4981, #11565, .T. ) ;
#213 = VERTEX_POINT ( 'NONE', #2424 ) ;
#214 = DIRECTION ( 'NONE',  ( -1.000000000000000000, -5.421010862426999550E-16, -1.892735826383000338E-30 ) ) ;
#215 = CARTESIAN_POINT ( 'NONE',  ( -4.469999999998999662, -2.932842712473999747, -0.3500000000000000333 ) ) ;
#216 = CIRCLE ( 'NONE', #10063, 0.7999999999990000665 ) ;
#217 = VERTEX_POINT ( 'NONE', #10255 ) ;
#218 = VERTEX_POINT ( 'NONE', #1469 ) ;
#219 = CARTESIAN_POINT ( 'NONE',  ( 0.8142546660489999866, -0.7765424616709999395, 0.05000000000099998065 ) ) ;
#220 = VECTOR ( 'NONE', #2296, 1000.000000000000000 ) ;
#221 = CARTESIAN_POINT ( 'NONE',  ( 3.219999999998999662, 2.000000000000000444, 1.300000000000999911 ) ) ;
#222 = EDGE_CURVE ( 'NONE', #5618, #9802, #4036, .T. ) ;
#223 = EDGE_LOOP ( 'NONE', ( #3129, #10466, #3353, #4578 ) ) ;
#224 = DIRECTION ( 'NONE',  ( -1.000000000000000000, 0.000000000000000000, 0.000000000000000000 ) ) ;
#225 = ORIENTED_EDGE ( 'NONE', *, *, #6304, .F. ) ;
#226 = AXIS2_PLACEMENT_3D ( 'NONE', #9043, #2374, #7183 ) ;
#227 = EDGE_CURVE ( 'NONE', #6480, #4923, #9287, .T. ) ;
#228 = ORIENTED_EDGE ( 'NONE', *, *, #5799, .F. ) ;
#229 = EDGE_CURVE ( 'NONE', #10122, #11471, #11157, .T. ) ;
#230 = VECTOR ( 'NONE', #1188, 1000.000000000000000 ) ;
#231 = CARTESIAN_POINT ( 'NONE',  ( 0.02500000000000000139, 0.3783882181409999323, 0.8000000000009999113 ) ) ;
#232 = DIRECTION ( 'NONE',  ( 1.000000000000000000, 0.000000000000000000, 0.000000000000000000 ) ) ;
#233 = ADVANCED_FACE ( 'NONE', ( #10540 ), #9644, .F. ) ;
#234 = EDGE_LOOP ( 'NONE', ( #10216, #7868, #10134, #1195 ) ) ;
#235 = CARTESIAN_POINT ( 'NONE',  ( -0.7408525662920000254, -0.7214001752769998443, 0.05000000000099998065 ) ) ;
#236 = ORIENTED_EDGE ( 'NONE', *, *, #5799, .T. ) ;
#237 = CARTESIAN_POINT ( 'NONE',  ( 4.169999999998999840, -3.949999999998999645, 1.300000000000000044 ) ) ;
#238 = LINE ( 'NONE', #10127, #4572 ) ;
#239 = ORIENTED_EDGE ( 'NONE', *, *, #701, .T. ) ;
#240 = VECTOR ( 'NONE', #6426, 1000.000000000000227 ) ;
#241 = ORIENTED_EDGE ( 'NONE', *, *, #9244, .F. ) ;
#242 = FACE_OUTER_BOUND ( 'NONE', #2321, .T. ) ;
#243 = EDGE_CURVE ( 'NONE', #6059, #1782, #3734, .T. ) ;
#244 = CARTESIAN_POINT ( 'NONE',  ( 3.219999999998999662, 2.000000000000000444, 0.3500000000010001222 ) ) ;
#245 = CARTESIAN_POINT ( 'NONE',  ( -0.2926829268289999897, -1.169200759298999914, 0.07000000000100004005 ) ) ;
#246 = ORIENTED_EDGE ( 'NONE', *, *, #2279, .T. ) ;
#247 = CARTESIAN_POINT ( 'NONE',  ( -4.469999999998999662, -4.150000000000000355, 1.500000000000000000 ) ) ;
#248 = LINE ( 'NONE', #10910, #6262 ) ;
#249 = ORIENTED_EDGE ( 'NONE', *, *, #6813, .F. ) ;
#250 = CARTESIAN_POINT ( 'NONE',  ( 3.219999999998999662, 1.799999999998999956, 2.660000000000000142 ) ) ;
#251 = CYLINDRICAL_SURFACE ( 'NONE', #5136, 0.9499999999990003108 ) ;
#252 = CARTESIAN_POINT ( 'NONE',  ( 4.169999999998999840, -0.2999999999999999334, 0.05000000000099998065 ) ) ;
#253 = VECTOR ( 'NONE', #1350, 1000.000000000000000 ) ;
#254 = AXIS2_PLACEMENT_3D ( 'NONE', #2361, #12170, #3389 ) ;
#255 = PLANE ( 'NONE',  #11911 ) ;
#256 = DIRECTION ( 'NONE',  ( -5.421010862426999550E-16, 1.000000000000000000, 3.491481338843000432E-15 ) ) ;
#257 = CARTESIAN_POINT ( 'NONE',  ( 0.06097560975599999877, -1.059444661738000004, 0.07000000000100004005 ) ) ;
#258 = SURFACE_STYLE_USAGE ( .BOTH. , #1225 ) ;
#259 = AXIS2_PLACEMENT_3D ( 'NONE', #3657, #10515, #1728 ) ;
#260 = EDGE_CURVE ( 'NONE', #3372, #618, #12577, .T. ) ;
#261 = ORIENTED_EDGE ( 'NONE', *, *, #8593, .F. ) ;
#262 = ORIENTED_EDGE ( 'NONE', *, *, #10473, .T. ) ;
#263 = EDGE_CURVE ( 'NONE', #3188, #3491, #3875, .T. ) ;
#264 = DIRECTION ( 'NONE',  ( 0.000000000000000000, -1.000000000000000000, -3.252606517456511724E-15 ) ) ;
#265 = CARTESIAN_POINT ( 'NONE',  ( 0.7750000000000000222, 2.200000000000000178, 1.000068083900629290E-12 ) ) ;
#266 = VECTOR ( 'NONE', #9152, 1000.000000000000000 ) ;
#267 = ORIENTED_EDGE ( 'NONE', *, *, #2757, .T. ) ;
#268 = VECTOR ( 'NONE', #1706, 1000.000000000000000 ) ;
#269 = PLANE ( 'NONE',  #5124 ) ;
#270 = LINE ( 'NONE', #3230, #3735 ) ;
#271 = DIRECTION ( 'NONE',  ( 0.000000000000000000, 3.491481338843000432E-15, -1.000000000000000000 ) ) ;
#272 = AXIS2_PLACEMENT_3D ( 'NONE', #2974, #5025, #11891 ) ;
#273 = LINE ( 'NONE', #6113, #1255 ) ;
#274 = CARTESIAN_POINT ( 'NONE',  ( 4.169999999998999840, -2.449999999999999734, 1.500000000000000000 ) ) ;
#275 = DIRECTION ( 'NONE',  ( 1.000000000000000000, 0.000000000000000000, 0.000000000000000000 ) ) ;
#276 = STYLED_ITEM ( 'NONE', ( #8214 ), #10378 ) ;
#277 = VECTOR ( 'NONE', #11853, 1000.000000000000000 ) ;
#278 = ORIENTED_EDGE ( 'NONE', *, *, #2656, .T. ) ;
#279 = CARTESIAN_POINT ( 'NONE',  ( -3.219999999998999662, 1.800000000000000044, 0.1000000000010001083 ) ) ;
#280 = EDGE_CURVE ( 'NONE', #5704, #3638, #5987, .T. ) ;
#281 = EDGE_CURVE ( 'NONE', #4478, #11712, #2908, .T. ) ;
#282 = EDGE_LOOP ( 'NONE', ( #674, #7067, #7040, #6535, #6130, #2784 ) ) ;
#283 = LINE ( 'NONE', #4199, #5920 ) ;
#284 = DIRECTION ( 'NONE',  ( 0.000000000000000000, 3.610065951458000973E-15, -1.000000000000000000 ) ) ;
#285 = CARTESIAN_POINT ( 'NONE',  ( -3.624999999998999467, 0.9000000000000002442, 0.3500000000010001222 ) ) ;
#286 = VECTOR ( 'NONE', #517, 1000.000000000000000 ) ;
#287 = FACE_OUTER_BOUND ( 'NONE', #3591, .T. ) ;
#288 = CARTESIAN_POINT ( 'NONE',  ( -4.169999999998999840, 0.6000000000000003109, 0.1000000000010001083 ) ) ;
#289 = EDGE_LOOP ( 'NONE', ( #457, #329, #7756, #11022, #9315, #788 ) ) ;
#290 = ORIENTED_EDGE ( 'NONE', *, *, #4443, .T. ) ;
#291 = CARTESIAN_POINT ( 'NONE',  ( 0.02500000000000000139, 0.1000000000000002554, 0.1000000000010001083 ) ) ;
#292 = DIRECTION ( 'NONE',  ( 0.000000000000000000, 3.491481338843000432E-15, -1.000000000000000000 ) ) ;
#293 = ORIENTED_EDGE ( 'NONE', *, *, #5056, .F. ) ;
#294 = EDGE_CURVE ( 'NONE', #6320, #4834, #7862, .T. ) ;
#295 = DIRECTION ( 'NONE',  ( -5.421010862426999550E-16, -1.000000000000000000, 0.000000000000000000 ) ) ;
#296 = ORIENTED_EDGE ( 'NONE', *, *, #804, .T. ) ;
#297 = ORIENTED_EDGE ( 'NONE', *, *, #4574, .T. ) ;
#298 = DIRECTION ( 'NONE',  ( -1.000000000000000000, 0.000000000000000000, 0.000000000000000000 ) ) ;
#299 = PLANE ( 'NONE',  #15 ) ;
#300 = ORIENTED_EDGE ( 'NONE', *, *, #2981, .F. ) ;
#301 = CARTESIAN_POINT ( 'NONE',  ( 3.219999999998999662, 2.000000000000000444, 0.3500000000010001222 ) ) ;
#302 = ORIENTED_EDGE ( 'NONE', *, *, #2583, .T. ) ;
#303 = CARTESIAN_POINT ( 'NONE',  ( -3.925455437035629380, 1.203114749750179513, 2.596669356138665563 ) ) ;
#304 = DIRECTION ( 'NONE',  ( -5.421010862426999550E-16, 1.000000000000000000, 3.491481338843000432E-15 ) ) ;
#305 = ORIENTED_EDGE ( 'NONE', *, *, #513, .F. ) ;
#306 = EDGE_CURVE ( 'NONE', #5008, #8692, #8871, .T. ) ;
#307 = EDGE_CURVE ( 'NONE', #3732, #4075, #2527, .T. ) ;
#308 = ORIENTED_EDGE ( 'NONE', *, *, #11414, .T. ) ;
#309 = FACE_OUTER_BOUND ( 'NONE', #12041, .T. ) ;
#310 = DIRECTION ( 'NONE',  ( 0.000000000000000000, -1.000000000000000000, -3.491481338843000432E-15 ) ) ;
#311 = CARTESIAN_POINT ( 'NONE',  ( -4.469999999998999662, -5.900000000000000355, 1.959999999998999876 ) ) ;
#312 = VERTEX_POINT ( 'NONE', #7970 ) ;
#313 = VECTOR ( 'NONE', #2624, 1000.000000000000000 ) ;
#314 = FACE_OUTER_BOUND ( 'NONE', #1683, .T. ) ;
#316 = ORIENTED_EDGE ( 'NONE', *, *, #8691, .T. ) ;
#315 = VECTOR ( 'NONE', #2962, 1000.000000000000000 ) ;
#317 = LINE ( 'NONE', #11164, #10697 ) ;
#318 = DIRECTION ( 'NONE',  ( 0.000000000000000000, 3.491481338843000432E-15, -1.000000000000000000 ) ) ;
#319 = DIRECTION ( 'NONE',  ( 1.000000000000000000, 0.000000000000000000, 0.000000000000000000 ) ) ;
#320 = DIRECTION ( 'NONE',  ( 0.000000000000000000, 3.491481338843000432E-15, -1.000000000000000000 ) ) ;
#321 = CARTESIAN_POINT ( 'NONE',  ( 3.399999999998999822, 0.000000000000000000, -0.4499999999989998112 ) ) ;
#322 = ADVANCED_FACE ( 'NONE', ( #3113 ), #10739, .F. ) ;
#323 = CARTESIAN_POINT ( 'NONE',  ( 3.924999999998999733, 0.9000000000000002442, -0.1767949192430001704 ) ) ;
#324 = DIRECTION ( 'NONE',  ( 0.000000000000000000, 1.000000000000000000, 3.491481338843000432E-15 ) ) ;
#325 = CIRCLE ( 'NONE', #9130, 0.7999999999990000665 ) ;
#326 = AXIS2_PLACEMENT_3D ( 'NONE', #5318, #5263, #12298 ) ;
#327 = EDGE_CURVE ( 'NONE', #7178, #4981, #7265, .T. ) ;
#328 = VECTOR ( 'NONE', #51, 1000.000000000000000 ) ;
#329 = ORIENTED_EDGE ( 'NONE', *, *, #8244, .T. ) ;
#330 = ORIENTED_EDGE ( 'NONE', *, *, #2269, .F. ) ;
#331 = DIRECTION ( 'NONE',  ( -5.421010862426999550E-16, -1.000000000000000000, -3.491481338843000432E-15 ) ) ;
#332 = LINE ( 'NONE', #12249, #7195 ) ;
#333 = ORIENTED_EDGE ( 'NONE', *, *, #711, .F. ) ;
#334 = DIRECTION ( 'NONE',  ( 0.000000000000000000, 3.491481338843000432E-15, -1.000000000000000000 ) ) ;
#335 = CARTESIAN_POINT ( 'NONE',  ( 0.5865091463410000427, -1.498469051981999867, 0.05000000000099998065 ) ) ;
#336 = VECTOR ( 'NONE', #7618, 1000.000000000000000 ) ;
#337 = CIRCLE ( 'NONE', #8731, 1.249999999999000133 ) ;
#338 = CARTESIAN_POINT ( 'NONE',  ( -0.2926829268289999897, -1.169200759298999914, 0.07000000000100004005 ) ) ;
#339 = AXIS2_PLACEMENT_3D ( 'NONE', #6185, #11066, #4265 ) ;
#340 = CARTESIAN_POINT ( 'NONE',  ( 1.641092033899999914, -1.420141813263999797, 0.07000000000100004005 ) ) ;
#341 = CARTESIAN_POINT ( 'NONE',  ( 0.2250000000000000056, 0.6000000000000003109, 0.3500000000010001222 ) ) ;
#342 = EDGE_CURVE ( 'NONE', #2745, #3784, #7912, .T. ) ;
#343 = CARTESIAN_POINT ( 'NONE',  ( -1.225936129109999939, -1.187015687735999858, 0.07000000000100004005 ) ) ;
#344 = AXIS2_PLACEMENT_3D ( 'NONE', #12591, #4656, #3828 ) ;
#345 = ORIENTED_EDGE ( 'NONE', *, *, #3897, .T. ) ;
#346 = VECTOR ( 'NONE', #11107, 1000.000000000000114 ) ;
#347 = DIRECTION ( 'NONE',  ( 0.000000000000000000, -1.000000000000000000, -3.491481338843000432E-15 ) ) ;
#348 = DIRECTION ( 'NONE',  ( 0.000000000000000000, -1.000000000000000000, -3.491481338843000432E-15 ) ) ;
#349 = DIRECTION ( 'NONE',  ( 0.000000000000000000, -1.000000000000000000, -3.491481338843000432E-15 ) ) ;
#350 = CARTESIAN_POINT ( 'NONE',  ( -4.169999999998999840, 1.850000000000000089, 1.560000000000999920 ) ) ;
#351 = DIRECTION ( 'NONE',  ( 0.000000000000000000, -1.000000000000000000, -3.491481338843000432E-15 ) ) ;
#352 = CARTESIAN_POINT ( 'NONE',  ( -0.9749999999989999999, 0.9000000000000002442, 0.1000000000010001083 ) ) ;
#353 = EDGE_CURVE ( 'NONE', #7341, #5252, #6054, .T. ) ;
#354 = CARTESIAN_POINT ( 'NONE',  ( -4.469999999998999662, 1.349999999999000000, 1.859999999999999876 ) ) ;
#355 = ORIENTED_EDGE ( 'NONE', *, *, #7504, .T. ) ;
#356 = ORIENTED_EDGE ( 'NONE', *, *, #8041, .T. ) ;
#357 = PLANE ( 'NONE',  #7235 ) ;
#358 = DIRECTION ( 'NONE',  ( 0.000000000000000000, 1.000000000000000000, 3.491481338843000432E-15 ) ) ;
#359 = ORIENTED_EDGE ( 'NONE', *, *, #12043, .T. ) ;
#360 = DIRECTION ( 'NONE',  ( -1.000000000000000000, 0.000000000000000000, 0.000000000000000000 ) ) ;
#361 = ORIENTED_EDGE ( 'NONE', *, *, #11685, .F. ) ;
#362 = VERTEX_POINT ( 'NONE', #1881 ) ;
#363 = CARTESIAN_POINT ( 'NONE',  ( 1.975000000000000089, 2.200000000000000178, 0.1000000000010001083 ) ) ;
#364 = ADVANCED_FACE ( 'NONE', ( #4830 ), #1184, .T. ) ;
#365 = CARTESIAN_POINT ( 'NONE',  ( -3.219999999998999662, -1.199999999999999956, 0.3500000000010001222 ) ) ;
#366 = EDGE_LOOP ( 'NONE', ( #8928, #7717, #9332, #3952 ) ) ;
#367 = CARTESIAN_POINT ( 'NONE',  ( -4.169999999998999840, -2.049999999999000178, 1.300000000000000044 ) ) ;
#368 = ORIENTED_EDGE ( 'NONE', *, *, #8275, .F. ) ;
#369 = CARTESIAN_POINT ( 'NONE',  ( -4.169999999998999840, -2.449999999998999645, -0.06715728752500009502 ) ) ;
#370 = VECTOR ( 'NONE', #2720, 1000.000000000000000 ) ;
#371 = CARTESIAN_POINT ( 'NONE',  ( 3.924999999998999733, 0.7999999999999999334, -0.8662277660160003778 ) ) ;
#372 = ORIENTED_EDGE ( 'NONE', *, *, #8357, .F. ) ;
#373 = ORIENTED_EDGE ( 'NONE', *, *, #7663, .T. ) ;
#374 = LINE ( 'NONE', #5185, #10028 ) ;
#375 = LINE ( 'NONE', #2365, #9972 ) ;
#376 = LINE ( 'NONE', #9222, #11080 ) ;
#377 = ORIENTED_EDGE ( 'NONE', *, *, #11564, .T. ) ;
#378 = DIRECTION ( 'NONE',  ( 0.000000000000000000, 0.000000000000000000, 1.000000000000000000 ) ) ;
#379 = EDGE_LOOP ( 'NONE', ( #390, #2411, #2641, #11754, #9569, #9787 ) ) ;
#380 = CARTESIAN_POINT ( 'NONE',  ( -0.6219512195119999420, -1.446639783688999925, 0.07000000000100004005 ) ) ;
#381 = ADVANCED_FACE ( 'NONE', ( #1247 ), #6242, .T. ) ;
#382 = DIRECTION ( 'NONE',  ( 0.000000000000000000, 1.000000000000000000, 3.491481338843000432E-15 ) ) ;
#383 = DIRECTION ( 'NONE',  ( 0.000000000000000000, 1.000000000000000000, 3.491481338843000432E-15 ) ) ;
#384 = CARTESIAN_POINT ( 'NONE',  ( -3.624999999998999467, 0.7999999999999999334, 0.3500000000010001222 ) ) ;
#385 = UNCERTAINTY_MEASURE_WITH_UNIT (LENGTH_MEASURE( 1.000000000000000082E-05 ), #3895, 'distance_accuracy_value', 'NONE');
#386 = PLANE ( 'NONE',  #4241 ) ;
#387 = LINE ( 'NONE', #5321, #10167 ) ;
#388 = CARTESIAN_POINT ( 'NONE',  ( 4.469999999998999662, 0.4999999999989999666, 2.799999999999999822 ) ) ;
#389 = ORIENTED_EDGE ( 'NONE', *, *, #11162, .T. ) ;
#390 = ORIENTED_EDGE ( 'NONE', *, *, #6330, .F. ) ;
#391 = CARTESIAN_POINT ( 'NONE',  ( -0.9749999999989999999, 0.9000000000000002442, 0.1000000000010001083 ) ) ;
#392 = LINE ( 'NONE', #522, #9439 ) ;
#393 = ORIENTED_EDGE ( 'NONE', *, *, #7082, .F. ) ;
#394 = FACE_OUTER_BOUND ( 'NONE', #5905, .T. ) ;
#395 = ADVANCED_FACE ( 'NONE', ( #6183 ), #2448, .T. ) ;
#396 = CARTESIAN_POINT ( 'NONE',  ( -2.269999999998999929, -2.249999999998999911, 0.04999999999999991257 ) ) ;
#397 = ADVANCED_FACE ( 'NONE', ( #2457 ), #8996, .T. ) ;
#398 = DIRECTION ( 'NONE',  ( 0.000000000000000000, 1.000000000000000000, 3.523657060582293621E-15 ) ) ;
#399 = EDGE_CURVE ( 'NONE', #10688, #11029, #9191, .T. ) ;
#400 = AXIS2_PLACEMENT_3D ( 'NONE', #1378, #10033, #10293 ) ;
#401 = CARTESIAN_POINT ( 'NONE',  ( -4.169999999998999840, 2.000000000000000444, 1.300000000000999911 ) ) ;
#402 = DIRECTION ( 'NONE',  ( 1.000000000000000000, 0.000000000000000000, -3.469446951956389401E-15 ) ) ;
#403 = CARTESIAN_POINT ( 'NONE',  ( -3.219999999998999662, -5.900000000000000355, 1.959999999998999876 ) ) ;
#404 = ORIENTED_EDGE ( 'NONE', *, *, #11177, .F. ) ;
#405 = CARTESIAN_POINT ( 'NONE',  ( -4.469999999998999662, 1.849999999999000000, 2.709999999999999520 ) ) ;
#406 = DIRECTION ( 'NONE',  ( 0.000000000000000000, 3.491481338843000432E-15, -1.000000000000000000 ) ) ;
#407 = EDGE_CURVE ( 'NONE', #7771, #3937, #5284, .T. ) ;
#408 = DIRECTION ( 'NONE',  ( -1.000000000000000000, -5.421010862426999550E-16, -1.892735826383000338E-30 ) ) ;
#409 = VECTOR ( 'NONE', #7208, 1000.000000000000114 ) ;
#410 = VECTOR ( 'NONE', #817, 1000.000000000000000 ) ;
#411 = DIRECTION ( 'NONE',  ( 0.000000000000000000, 3.790571593321000372E-15, -1.000000000000000000 ) ) ;
#412 = CARTESIAN_POINT ( 'NONE',  ( 0.7750000000000000222, 1.678388218141000365, 1.000068083900629290E-12 ) ) ;
#413 = DIRECTION ( 'NONE',  ( 0.000000000000000000, 1.000000000000000000, 3.491481338843000432E-15 ) ) ;
#414 = VERTEX_POINT ( 'NONE', #3301 ) ;
#415 = ORIENTED_EDGE ( 'NONE', *, *, #3142, .T. ) ;
#416 = CARTESIAN_POINT ( 'NONE',  ( 0.02500000000000000139, 0.9000000000000002442, 0.1000000000010001083 ) ) ;
#417 = VECTOR ( 'NONE', #3733, 1000.000000000000000 ) ;
#418 = CARTESIAN_POINT ( 'NONE',  ( -3.220000000000000195, -5.899999999998999378, 0.3499999999999998113 ) ) ;
#419 = ORIENTED_EDGE ( 'NONE', *, *, #1442, .F. ) ;
#420 = VECTOR ( 'NONE', #4045, 1000.000000000000000 ) ;
#421 = ADVANCED_FACE ( 'NONE', ( #4326 ), #6307, .T. ) ;
#422 = EDGE_CURVE ( 'NONE', #4253, #3959, #6120, .T. ) ;
#423 = DIRECTION ( 'NONE',  ( 1.000000000000000000, 0.000000000000000000, 0.000000000000000000 ) ) ;
#424 = ORIENTED_EDGE ( 'NONE', *, *, #6105, .T. ) ;
#425 = ORIENTED_EDGE ( 'NONE', *, *, #10617, .F. ) ;
#426 = AXIS2_PLACEMENT_3D ( 'NONE', #6937, #5979, #6737 ) ;
#427 = CARTESIAN_POINT ( 'NONE',  ( -0.2926829268289999897, -0.7179812471039999089, 0.05000000000099998065 ) ) ;
#428 = VECTOR ( 'NONE', #1733, 1000.000000000000000 ) ;
#429 = DIRECTION ( 'NONE',  ( 0.9353882635801437084, 0.3536223923290543469, 1.234665983814190733E-15 ) ) ;
#430 = ORIENTED_EDGE ( 'NONE', *, *, #5934, .T. ) ;
#431 = B_SPLINE_SURFACE_WITH_KNOTS ( 'NONE', 3, 1, ( 
 ( #10456, #524 ),
 ( #4436, #9365 ),
 ( #5512, #6540 ),
 ( #5578, #709 ),
 ( #583, #9426 ),
 ( #648, #4616 ),
 ( #3660, #767 ),
 ( #1674, #12435 ),
 ( #4494, #3538 ),
 ( #12251, #5636 ),
 ( #12375, #3472 ),
 ( #7564, #10519 ),
 ( #1490, #2692 ),
 ( #7379, #8284 ),
 ( #6603, #1731 ),
 ( #1611, #7445 ),
 ( #12193, #11239 ),
 ( #11300, #4555 ),
 ( #11359, #8344 ) ),
 .UNSPECIFIED., .F., .F., .F.,
 ( 4, 1, 1, 1, 1, 1, 1, 1, 1, 1, 1, 1, 1, 1, 1, 1, 4 ),
 ( 2, 2 ),
 ( 0.000000000000000000, 0.06863117867599999311, 0.1345664660379999877, 0.1983281540100000073, 0.2607897666399999759, 0.3219991514839999902, 0.3827217465029999488, 0.4435374740349999900, 0.5051334294839999739, 0.5662138747639999803, 0.6261058646170000186, 0.6853493221599999963, 0.7449958703469999888, 0.8054158418139999442, 0.8676362663450000179, 0.9323077823019999544, 1.000000000000000000 ),
 ( 0.000000000000000000, 1.000000000000000000 ),
 .UNSPECIFIED. ) ;
#432 = CARTESIAN_POINT ( 'NONE',  ( -0.5250000000000000222, 1.400000000000000133, 0.1000000000010001083 ) ) ;
#433 = ORIENTED_EDGE ( 'NONE', *, *, #9805, .F. ) ;
#434 = CARTESIAN_POINT ( 'NONE',  ( 0.06097560975599999877, -1.169200759298999914, 0.07000000000100004005 ) ) ;
#435 = CARTESIAN_POINT ( 'NONE',  ( -3.399999999998999822, 0.2000000000000000944, -0.4499999999989998112 ) ) ;
#436 = EDGE_LOOP ( 'NONE', ( #7346, #9523, #8242, #11537 ) ) ;
#437 = VECTOR ( 'NONE', #2316, 1000.000000000000000 ) ;
#438 = FACE_OUTER_BOUND ( 'NONE', #3014, .T. ) ;
#439 = CIRCLE ( 'NONE', #8225, 0.9499999999990003108 ) ;
#440 = LINE ( 'NONE', #7299, #2603 ) ;
#441 = EDGE_CURVE ( 'NONE', #1893, #5236, #3174, .T. ) ;
#442 = EDGE_CURVE ( 'NONE', #2418, #6894, #283, .T. ) ;
#443 = DIRECTION ( 'NONE',  ( 0.000000000000000000, 1.000000000000000000, 3.252606517456511724E-15 ) ) ;
#444 = EDGE_CURVE ( 'NONE', #5591, #3951, #10226, .T. ) ;
#445 = VERTEX_POINT ( 'NONE', #8106 ) ;
#446 = CARTESIAN_POINT ( 'NONE',  ( 0.000000000000000000, 1.400000000000000133, 0.05000000000099998065 ) ) ;
#447 = VERTEX_POINT ( 'NONE', #1435 ) ;
#448 = DIRECTION ( 'NONE',  ( -1.000000000000000000, 0.000000000000000000, 0.000000000000000000 ) ) ;
#449 = DIRECTION ( 'NONE',  ( 0.000000000000000000, -0.7071067811865475727, 0.7071067811865475727 ) ) ;
#450 = CARTESIAN_POINT ( 'NONE',  ( 0.000000000000000000, -4.149999999999000266, 1.300000000000000044 ) ) ;
#451 = CARTESIAN_POINT ( 'NONE',  ( -0.7551392631009999912, -0.6099026940379999040, 0.07000000000100004005 ) ) ;
#452 = CARTESIAN_POINT ( 'NONE',  ( -1.231429497222999991, -1.082933212139999934, 0.05000000000099998065 ) ) ;
#453 = AXIS2_PLACEMENT_3D ( 'NONE', #8493, #11446, #9209 ) ;
#454 = CARTESIAN_POINT ( 'NONE',  ( 4.469999999998999662, 1.199999999999000089, 1.709999999999999964 ) ) ;
#455 = DIRECTION ( 'NONE',  ( 1.000000000000000000, 0.000000000000000000, 0.000000000000000000 ) ) ;
#456 = B_SPLINE_CURVE_WITH_KNOTS ( 'NONE', 3,
 ( #3977, #1089, #9941, #116, #4997, #7880, #5893, #4040, #9035, #7942 ),
 .UNSPECIFIED., .F., .F.,
 ( 4, 2, 2, 2, 4 ),
 ( 0.000000000000000000, 0.1250000000000001943, 0.2500000000000003886, 0.5000000000000012212, 1.000000000000000000 ),
 .UNSPECIFIED. ) ;
#457 = ORIENTED_EDGE ( 'NONE', *, *, #1847, .T. ) ;
#458 = EDGE_LOOP ( 'NONE', ( #3483, #1204, #10652, #3581 ) ) ;
#459 = FACE_OUTER_BOUND ( 'NONE', #3756, .T. ) ;
#460 = EDGE_CURVE ( 'NONE', #5096, #5450, #10163, .T. ) ;
#461 = DIRECTION ( 'NONE',  ( 1.000000000000000000, 0.000000000000000000, 0.000000000000000000 ) ) ;
#462 = ORIENTED_EDGE ( 'NONE', *, *, #7663, .F. ) ;
#463 = LINE ( 'NONE', #3097, #12477 ) ;
#464 = VECTOR ( 'NONE', #194, 1000.000000000000000 ) ;
#465 = DIRECTION ( 'NONE',  ( 0.000000000000000000, -1.000000000000000000, -3.491481338843000432E-15 ) ) ;
#466 = PLANE ( 'NONE',  #8107 ) ;
#467 = EDGE_CURVE ( 'NONE', #6614, #8757, #8235, .T. ) ;
#468 = CARTESIAN_POINT ( 'NONE',  ( -1.474999999999000000, 0.6000000000000003109, 0.1000000000010001083 ) ) ;
#469 = DIRECTION ( 'NONE',  ( 0.000000000000000000, 3.491481338843000432E-15, -1.000000000000000000 ) ) ;
#470 = VECTOR ( 'NONE', #5453, 1000.000000000000000 ) ;
#471 = B_SPLINE_CURVE_WITH_KNOTS ( 'NONE', 3,
 ( #7364, #5504, #6592, #9413, #7435, #10508, #7309, #12364, #6471, #8335, #9357, #3649, #10445, #2681, #4366, #11350, #3527, #3588, #12241 ),
 .UNSPECIFIED., .F., .F.,
 ( 4, 1, 1, 1, 1, 1, 1, 1, 1, 1, 1, 1, 1, 1, 1, 1, 4 ),
 ( 0.000000000000000000, 0.07430379644199999745, 0.1443936103640000024, 0.2104994961029999778, 0.2735426065029999965, 0.3338247445790000212, 0.3925296724080000188, 0.4500874545990000142, 0.5078206115550000233, 0.5654649127760000837, 0.6231487223330000047, 0.6812971927900000058, 0.7409134981559999389, 0.8018557521950000488, 0.8652412377199999449, 0.9309416570459999596, 1.000000000000000000 ),
 .UNSPECIFIED. ) ;
#472 = FACE_OUTER_BOUND ( 'NONE', #3434, .T. ) ;
#473 = VECTOR ( 'NONE', #11861, 1000.000000000000000 ) ;
#474 = VECTOR ( 'NONE', #7220, 1000.000000000000000 ) ;
#475 = VERTEX_POINT ( 'NONE', #3365 ) ;
#476 = FACE_OUTER_BOUND ( 'NONE', #6681, .T. ) ;
#477 = EDGE_CURVE ( 'NONE', #8056, #12585, #4387, .T. ) ;
#478 = EDGE_CURVE ( 'NONE', #11655, #8423, #12204, .T. ) ;
#479 = DIRECTION ( 'NONE',  ( 0.000000000000000000, 1.000000000000000000, 3.491481338843000432E-15 ) ) ;
#480 = CARTESIAN_POINT ( 'NONE',  ( -1.974999999999000222, 0.1000000000000002554, 0.05000000000099998065 ) ) ;
#481 = AXIS2_PLACEMENT_3D ( 'NONE', #416, #4335, #12156 ) ;
#482 = DIRECTION ( 'NONE',  ( 0.000000000000000000, 3.491481338843000432E-15, -1.000000000000000000 ) ) ;
#483 = CARTESIAN_POINT ( 'NONE',  ( -0.7749999999990000443, 0.3783882181409999323, 1.000068083900629290E-12 ) ) ;
#484 = EDGE_LOOP ( 'NONE', ( #533, #7892, #4021, #9447 ) ) ;
#485 = ORIENTED_EDGE ( 'NONE', *, *, #11527, .F. ) ;
#486 = LINE ( 'NONE', #12215, #3152 ) ;
#487 = EDGE_CURVE ( 'NONE', #5022, #6206, #7143, .T. ) ;
#488 = ORIENTED_EDGE ( 'NONE', *, *, #9566, .F. ) ;
#489 = AXIS2_PLACEMENT_3D ( 'NONE', #3532, #2563, #8460 ) ;
#490 = FACE_OUTER_BOUND ( 'NONE', #5773, .T. ) ;
#491 = ORIENTED_EDGE ( 'NONE', *, *, #768, .F. ) ;
#492 = EDGE_LOOP ( 'NONE', ( #9502, #1389, #12384, #8477 ) ) ;
#493 = DIRECTION ( 'NONE',  ( 0.000000000000000000, -3.491481338843000432E-15, 1.000000000000000000 ) ) ;
#494 = LINE ( 'NONE', #8313, #7794 ) ;
#495 = ORIENTED_EDGE ( 'NONE', *, *, #11315, .F. ) ;
#496 = CARTESIAN_POINT ( 'NONE',  ( 4.469999999998999662, -4.150000000000000355, 1.500000000000000000 ) ) ;
#497 = ORIENTED_EDGE ( 'NONE', *, *, #9706, .T. ) ;
#498 = CARTESIAN_POINT ( 'NONE',  ( -0.7046622837769999093, -1.486057298329999776, 0.05000000000099998065 ) ) ;
#499 = EDGE_CURVE ( 'NONE', #5110, #6339, #4263, .T. ) ;
#500 = DIRECTION ( 'NONE',  ( 0.000000000000000000, -3.491481338843000432E-15, 1.000000000000000000 ) ) ;
#501 = ORIENTED_EDGE ( 'NONE', *, *, #4645, .F. ) ;
#502 = DIRECTION ( 'NONE',  ( 0.000000000000000000, 3.491481338843000432E-15, -1.000000000000000000 ) ) ;
#503 = CARTESIAN_POINT ( 'NONE',  ( -4.168729004600279175, -0.2303186335519037398, 1.251772985140083394 ) ) ;
#504 = DIRECTION ( 'NONE',  ( -1.000000000000000000, 0.000000000000000000, 0.000000000000000000 ) ) ;
#505 = EDGE_LOOP ( 'NONE', ( #1033, #9049, #11901, #9242 ) ) ;
#506 = CARTESIAN_POINT ( 'NONE',  ( -0.2926829268289999897, -1.498469051981999867, 0.05000000000099998065 ) ) ;
#507 = ORIENTED_EDGE ( 'NONE', *, *, #8619, .T. ) ;
#508 = LINE ( 'NONE', #6526, #4761 ) ;
#509 = CARTESIAN_POINT ( 'NONE',  ( 1.641092033899999914, -1.420141813263999797, 0.07000000000100004005 ) ) ;
#510 = PLANE ( 'NONE',  #2859 ) ;
#511 = DIRECTION ( 'NONE',  ( -1.000000000000000000, 0.000000000000000000, 0.000000000000000000 ) ) ;
#512 = DIRECTION ( 'NONE',  ( 0.000000000000000000, 1.000000000000000000, 3.252606517456511724E-15 ) ) ;
#513 = EDGE_CURVE ( 'NONE', #5760, #9879, #11130, .T. ) ;
#514 = EDGE_CURVE ( 'NONE', #5252, #4233, #2338, .T. ) ;
#515 = B_SPLINE_CURVE_WITH_KNOTS ( 'NONE', 3,
 ( #2572, #6358, #5399, #10340, #1550, #12312 ),
 .UNSPECIFIED., .F., .F.,
 ( 4, 2, 4 ),
 ( 0.000000000000000000, 0.5000000000000000000, 1.000000000000000000 ),
 .UNSPECIFIED. ) ;
#516 = CARTESIAN_POINT ( 'NONE',  ( 3.219999999998999662, 1.999999999999000355, 3.209999999999999964 ) ) ;
#517 = DIRECTION ( 'NONE',  ( -1.000000000000000000, 0.000000000000000000, 0.000000000000000000 ) ) ;
#518 = CIRCLE ( 'NONE', #7665, 0.2000000000000000944 ) ;
#519 = ORIENTED_EDGE ( 'NONE', *, *, #6647, .F. ) ;
#520 = ORIENTED_EDGE ( 'NONE', *, *, #4877, .F. ) ;
#521 = PLANE ( 'NONE',  #10570 ) ;
#522 = CARTESIAN_POINT ( 'NONE',  ( -1.224999999999000000, 1.400000000000000133, 1.000068083900629290E-12 ) ) ;
#523 = EDGE_LOOP ( 'NONE', ( #719, #10299, #4392, #7647 ) ) ;
#524 = CARTESIAN_POINT ( 'NONE',  ( 0.5870807926820000855, -1.608225149542999999, 0.05000000000099998065 ) ) ;
#525 = CARTESIAN_POINT ( 'NONE',  ( -3.399999999998999822, 0.000000000000000000, -0.4999999999989999666 ) ) ;
#526 = LINE ( 'NONE', #2636, #10927 ) ;
#527 = VECTOR ( 'NONE', #5819, 1000.000000000000000 ) ;
#528 = FACE_OUTER_BOUND ( 'NONE', #1002, .T. ) ;
#529 = CARTESIAN_POINT ( 'NONE',  ( -4.148708781049999850, -0.2999999999999999334, 1.100000000000999956 ) ) ;
#530 = ADVANCED_FACE ( 'NONE', ( #1561 ), #593, .F. ) ;
#531 = CARTESIAN_POINT ( 'NONE',  ( 2.225000000000000089, 0.9000000000000002442, 0.1000000000010001083 ) ) ;
#532 = ORIENTED_EDGE ( 'NONE', *, *, #4420, .F. ) ;
#533 = ORIENTED_EDGE ( 'NONE', *, *, #6163, .F. ) ;
#534 = DIRECTION ( 'NONE',  ( 0.000000000000000000, 1.000000000000000000, 3.491481338843000432E-15 ) ) ;
#535 = VECTOR ( 'NONE', #964, 1000.000000000000000 ) ;
#536 = AXIS2_PLACEMENT_3D ( 'NONE', #10169, #1075, #4985 ) ;
#537 = VECTOR ( 'NONE', #11698, 1000.000000000000000 ) ;
#538 = CARTESIAN_POINT ( 'NONE',  ( -4.165572545514119263, 1.975739101959401278, 2.777614770871090766 ) ) ;
#539 = DIRECTION ( 'NONE',  ( 1.000000000000000000, 0.000000000000000000, 0.000000000000000000 ) ) ;
#540 = EDGE_CURVE ( 'NONE', #4640, #11945, #6617, .T. ) ;
#541 = PLANE ( 'NONE',  #9217 ) ;
#542 = ADVANCED_FACE ( 'NONE', ( #9440 ), #2586, .F. ) ;
#543 = EDGE_LOOP ( 'NONE', ( #8399, #7944, #8184, #815 ) ) ;
#544 = VECTOR ( 'NONE', #3468, 1000.000000000000000 ) ;
#545 = ORIENTED_EDGE ( 'NONE', *, *, #11942, .F. ) ;
#546 = AXIS2_PLACEMENT_3D ( 'NONE', #12200, #7323, #9616 ) ;
#547 = DIRECTION ( 'NONE',  ( 0.000000000000000000, 3.641026466082000599E-15, -1.000000000000000000 ) ) ;
#548 = EDGE_LOOP ( 'NONE', ( #6941, #7162, #7486, #10118 ) ) ;
#549 = CARTESIAN_POINT ( 'NONE',  ( -1.274999999999000044, 0.6000000000000003109, 0.05000000000099998065 ) ) ;
#550 = DIRECTION ( 'NONE',  ( 0.000000000000000000, 1.000000000000000000, 2.891205793313955622E-15 ) ) ;
#551 = ORIENTED_EDGE ( 'NONE', *, *, #10322, .T. ) ;
#552 = EDGE_CURVE ( 'NONE', #8610, #1910, #10531, .T. ) ;
#553 = VERTEX_POINT ( 'NONE', #8354 ) ;
#554 = CARTESIAN_POINT ( 'NONE',  ( -0.6219512195119999420, -1.446639783688999925, 0.07000000000100004005 ) ) ;
#555 = EDGE_CURVE ( 'NONE', #11513, #2008, #12324, .T. ) ;
#556 = LINE ( 'NONE', #4466, #11904 ) ;
#557 = ORIENTED_EDGE ( 'NONE', *, *, #3513, .F. ) ;
#558 = CARTESIAN_POINT ( 'NONE',  ( -3.219999999998999662, -5.900000000000000355, 2.909999999998999609 ) ) ;
#559 = ORIENTED_EDGE ( 'NONE', *, *, #1108, .F. ) ;
#560 = CARTESIAN_POINT ( 'NONE',  ( -0.8246881367339999880, -1.510188709883000024, 0.07000000000100004005 ) ) ;
#561 = CARTESIAN_POINT ( 'NONE',  ( -0.8786204268289999897, -0.7057861251529998770, 0.05000000000099998065 ) ) ;
#562 = ORIENTED_EDGE ( 'NONE', *, *, #10758, .T. ) ;
#563 = CARTESIAN_POINT ( 'NONE',  ( 1.474999999999000000, 1.400000000000000133, 0.1000000000010001083 ) ) ;
#564 = DIRECTION ( 'NONE',  ( -1.000000000000000000, 0.000000000000000000, 0.000000000000000000 ) ) ;
#565 = DIRECTION ( 'NONE',  ( 0.000000000000000000, 3.491481338843000432E-15, -1.000000000000000000 ) ) ;
#566 = ORIENTED_EDGE ( 'NONE', *, *, #2820, .T. ) ;
#567 = VECTOR ( 'NONE', #6626, 1000.000000000000000 ) ;
#568 = CARTESIAN_POINT ( 'NONE',  ( -2.974999999998999556, 0.9000000000000002442, 0.1000000000010001083 ) ) ;
#569 = EDGE_CURVE ( 'NONE', #10590, #3888, #663, .T. ) ;
#570 = VERTEX_POINT ( 'NONE', #1743 ) ;
#571 = CARTESIAN_POINT ( 'NONE',  ( -0.2926829268289999897, -1.169200759298999914, 0.05000000000099998065 ) ) ;
#572 = CARTESIAN_POINT ( 'NONE',  ( 3.624999999998999467, 0.7999999999999999334, 0.3500000000010001222 ) ) ;
#573 = CARTESIAN_POINT ( 'NONE',  ( 1.182926829268000191, -0.6082251495429997767, 0.05000000000099998065 ) ) ;
#574 = VECTOR ( 'NONE', #3763, 1000.000000000000000 ) ;
#575 = PLANE ( 'NONE',  #4332 ) ;
#576 = DIRECTION ( 'NONE',  ( 0.000000000000000000, -1.000000000000000000, -3.491481338843000432E-15 ) ) ;
#577 = DIRECTION ( 'NONE',  ( 1.000000000000000000, 0.000000000000000000, 0.000000000000000000 ) ) ;
#578 = ORIENTED_EDGE ( 'NONE', *, *, #2223, .T. ) ;
#579 = ORIENTED_EDGE ( 'NONE', *, *, #8667, .T. ) ;
#580 = LINE ( 'NONE', #9304, #544 ) ;
#581 = CARTESIAN_POINT ( 'NONE',  ( 1.607660060975000027, -1.416151978810999967, 0.07000000000100004005 ) ) ;
#582 = ORIENTED_EDGE ( 'NONE', *, *, #1269, .F. ) ;
#583 = CARTESIAN_POINT ( 'NONE',  ( 0.7446947095660001459, -1.590330133826999948, 0.07000000000100004005 ) ) ;
#584 = EDGE_CURVE ( 'NONE', #12177, #12217, #2763, .T. ) ;
#585 = CARTESIAN_POINT ( 'NONE',  ( 1.474999999999000000, 1.678388218141000365, 1.000068083900629290E-12 ) ) ;
#586 = CARTESIAN_POINT ( 'NONE',  ( -1.103896141848000001, -1.564169320947999875, 0.05000000000099998065 ) ) ;
#587 = DIRECTION ( 'NONE',  ( 0.000000000000000000, 1.000000000000000000, 3.252606517456513696E-15 ) ) ;
#588 = CARTESIAN_POINT ( 'NONE',  ( 0.7249999999999999778, 0.3783882181409999323, 0.8000000000009999113 ) ) ;
#589 = DIRECTION ( 'NONE',  ( 0.000000000000000000, -1.000000000000000000, -3.491481338843000432E-15 ) ) ;
#590 = CARTESIAN_POINT ( 'NONE',  ( -1.334887178074000147, -0.8886342540099999576, 0.05000000000099998065 ) ) ;
#591 = ORIENTED_EDGE ( 'NONE', *, *, #10582, .T. ) ;
#592 = ORIENTED_EDGE ( 'NONE', *, *, #9910, .F. ) ;
#593 = PLANE ( 'NONE',  #11449 ) ;
#594 = ADVANCED_FACE ( 'NONE', ( #1504 ), #5411, .F. ) ;
#595 = ADVANCED_FACE ( 'NONE', ( #4505 ), #9316, .T. ) ;
#596 = PRODUCT_DEFINITION ( 'æœ', '', #10581, #5769 ) ;
#597 = LINE ( 'NONE', #12508, #11119 ) ;
#598 = VECTOR ( 'NONE', #1404, 1000.000000000000000 ) ;
#599 = DIRECTION ( 'NONE',  ( 0.000000000000000000, 1.000000000000000000, 2.891205793313955622E-15 ) ) ;
#600 = CARTESIAN_POINT ( 'NONE',  ( 4.087467578643999566, 1.999999999999000355, 2.859999999999999876 ) ) ;
#601 = ORIENTED_EDGE ( 'NONE', *, *, #2598, .F. ) ;
#602 = VERTEX_POINT ( 'NONE', #8540 ) ;
#603 = CARTESIAN_POINT ( 'NONE',  ( 4.169999999998999840, -3.467157287524999632, -0.3500000000000000333 ) ) ;
#604 = ORIENTED_EDGE ( 'NONE', *, *, #243, .F. ) ;
#605 = CARTESIAN_POINT ( 'NONE',  ( 4.219999999998999662, 1.999999999999000355, 2.709999999999999520 ) ) ;
#606 = CARTESIAN_POINT ( 'NONE',  ( -0.8836316649020000691, -0.5961880314020000515, 0.05000000000099998065 ) ) ;
#607 = CIRCLE ( 'NONE', #8793, 0.2000000000000000944 ) ;
#608 = EDGE_CURVE ( 'NONE', #3471, #4334, #4449, .T. ) ;
#609 = CARTESIAN_POINT ( 'NONE',  ( -0.7749999999990000443, 0.9000000000000002442, 0.1000000000010001083 ) ) ;
#610 = ORIENTED_EDGE ( 'NONE', *, *, #5813, .T. ) ;
#611 = CARTESIAN_POINT ( 'NONE',  ( -0.6219512195119999420, -1.580786125152999988, 0.05000000000099998065 ) ) ;
#612 = CARTESIAN_POINT ( 'NONE',  ( -1.274999999999000044, 0.9000000000000002442, 0.1000000000010001083 ) ) ;
#613 = VECTOR ( 'NONE', #6057, 1000.000000000000000 ) ;
#614 = AXIS2_PLACEMENT_3D ( 'NONE', #5700, #3479, #1619 ) ;
#615 = EDGE_LOOP ( 'NONE', ( #1198, #10762, #8787, #591 ) ) ;
#616 = EDGE_CURVE ( 'NONE', #12605, #4348, #3672, .T. ) ;
#617 = CARTESIAN_POINT ( 'NONE',  ( -0.6496072608750000921, -0.7542333276209999271, 0.05000000000099998065 ) ) ;
#618 = VERTEX_POINT ( 'NONE', #8419 ) ;
#619 = CARTESIAN_POINT ( 'NONE',  ( 0.000000000000000000, -2.449999999998999645, -0.06715728752500009502 ) ) ;
#620 = AXIS2_PLACEMENT_3D ( 'NONE', #9107, #319, #10012 ) ;
#621 = EDGE_CURVE ( 'NONE', #6550, #3560, #7392, .T. ) ;
#622 = DIRECTION ( 'NONE',  ( 0.2588190451020520033, 2.998362435887599892E-15, -0.9659258262891938784 ) ) ;
#623 = VERTEX_POINT ( 'NONE', #8480 ) ;
#624 = VECTOR ( 'NONE', #1280, 1000.000000000000227 ) ;
#625 = DIRECTION ( 'NONE',  ( -1.000000000000000000, 0.000000000000000000, 0.000000000000000000 ) ) ;
#626 = ADVANCED_FACE ( 'NONE', ( #781 ), #4690, .T. ) ;
#627 = PLANE ( 'NONE',  #8599 ) ;
#628 = EDGE_CURVE ( 'NONE', #11172, #8363, #2644, .T. ) ;
#629 = ORIENTED_EDGE ( 'NONE', *, *, #1110, .F. ) ;
#630 = DIRECTION ( 'NONE',  ( 0.000000000000000000, 1.000000000000000000, 3.491481338843000432E-15 ) ) ;
#631 = VECTOR ( 'NONE', #1095, 1000.000000000000114 ) ;
#632 = ORIENTED_EDGE ( 'NONE', *, *, #4403, .T. ) ;
#633 = LINE ( 'NONE', #1477, #3138 ) ;
#634 = CARTESIAN_POINT ( 'NONE',  ( 1.628292183807000137, -1.478586556060000001, 0.07000000000100004005 ) ) ;
#635 = CARTESIAN_POINT ( 'NONE',  ( -3.219999999998999662, 1.799999999998999956, 3.209999999999999964 ) ) ;
#636 = CARTESIAN_POINT ( 'NONE',  ( -4.469999999999999751, -0.2999999999999999334, 0.05000000000099998065 ) ) ;
#637 = CARTESIAN_POINT ( 'NONE',  ( 3.624999999998999467, 0.7999999999999999334, -0.1767949192430001704 ) ) ;
#638 = VECTOR ( 'NONE', #10277, 1000.000000000000000 ) ;
#639 = CARTESIAN_POINT ( 'NONE',  ( 1.975000000000000089, 1.800000000000000044, 0.05000000000099998065 ) ) ;
#640 = VECTOR ( 'NONE', #2031, 1000.000000000000000 ) ;
#641 = ADVANCED_FACE ( 'NONE', ( #10470 ), #2525, .T. ) ;
#642 = ORIENTED_EDGE ( 'NONE', *, *, #4441, .T. ) ;
#643 = ORIENTED_EDGE ( 'NONE', *, *, #6857, .F. ) ;
#644 = LINE ( 'NONE', #5509, #5457 ) ;
#645 = CARTESIAN_POINT ( 'NONE',  ( 1.073560338185000074, -0.9113285573969996944, 0.05000000000099998065 ) ) ;
#646 = VERTEX_POINT ( 'NONE', #68 ) ;
#647 = CARTESIAN_POINT ( 'NONE',  ( -1.974999999999000222, 0.3783882181409999323, 1.000068083900629290E-12 ) ) ;
#648 = CARTESIAN_POINT ( 'NONE',  ( 0.7928008365959999804, -1.575891635097000032, 0.07000000000100004005 ) ) ;
#649 = CARTESIAN_POINT ( 'NONE',  ( -3.220000000000000195, 2.000000000000000444, 0.05000000000099998065 ) ) ;
#650 = CARTESIAN_POINT ( 'NONE',  ( -1.285877509320999978, -1.396231506941999934, 0.05000000000099998065 ) ) ;
#651 = CARTESIAN_POINT ( 'NONE',  ( -4.169999999998999840, -3.467157287524999632, -0.5500000000000001554 ) ) ;
#652 = VECTOR ( 'NONE', #5925, 1000.000000000000114 ) ;
#653 = CARTESIAN_POINT ( 'NONE',  ( -1.231707317073000185, -1.097554417834999851, 0.05000000000099998065 ) ) ;
#654 = PLANE ( 'NONE',  #12214 ) ;
#655 = CARTESIAN_POINT ( 'NONE',  ( -1.205682198047000053, -0.6993000087839998935, 0.07000000000100004005 ) ) ;
#656 = EDGE_CURVE ( 'NONE', #7893, #74, #8791, .T. ) ;
#657 = EDGE_CURVE ( 'NONE', #7008, #8416, #9896, .T. ) ;
#658 = ORIENTED_EDGE ( 'NONE', *, *, #5040, .T. ) ;
#659 = ORIENTED_EDGE ( 'NONE', *, *, #779, .T. ) ;
#660 = CARTESIAN_POINT ( 'NONE',  ( 2.999999999998999911, -5.299999999998999733, 1.629999999999988125 ) ) ;
#661 = B_SPLINE_SURFACE_WITH_KNOTS ( 'NONE', 3, 1, ( 
 ( #7772, #2905 ),
 ( #6812, #5858 ),
 ( #11889, #3108 ),
 ( #3238, #10032 ),
 ( #5216, #7141 ),
 ( #11060, #1181 ),
 ( #2396, #7013 ),
 ( #5152, #11129 ),
 ( #12082, #9975 ),
 ( #12026, #2272 ),
 ( #9128, #3298 ) ),
 .UNSPECIFIED., .F., .F., .F.,
 ( 4, 1, 1, 1, 1, 1, 1, 1, 4 ),
 ( 2, 2 ),
 ( 0.000000000000000000, 0.1451868664719999924, 0.2834426109189999710, 0.4165243659280000177, 0.5431811235350000322, 0.6651530826370000149, 0.7813602063119999830, 0.8927566556410000409, 0.9999999999990000221 ),
 ( 0.000000000000000000, 1.000000000000000000 ),
 .UNSPECIFIED. ) ;
#662 = AXIS2_PLACEMENT_3D ( 'NONE', #3015, #8907, #5001 ) ;
#663 = LINE ( 'NONE', #12387, #4409 ) ;
#664 = CARTESIAN_POINT ( 'NONE',  ( 0.000000000000000000, -0.2999999999999999334, 0.05000000000099998065 ) ) ;
#665 = LINE ( 'NONE', #12263, #6260 ) ;
#666 = CARTESIAN_POINT ( 'NONE',  ( 4.169999999998999840, -3.891421356236999696, -0.2085786437620001377 ) ) ;
#667 = VECTOR ( 'NONE', #10327, 1000.000000000000000 ) ;
#668 = EDGE_LOOP ( 'NONE', ( #12090, #4674, #10431, #3064 ) ) ;
#669 = VECTOR ( 'NONE', #871, 1000.000000000000000 ) ;
#670 = ORIENTED_EDGE ( 'NONE', *, *, #12500, .F. ) ;
#671 = CARTESIAN_POINT ( 'NONE',  ( -1.208061749044999855, -0.9361929113990000717, 0.07000000000100004005 ) ) ;
#672 = EDGE_CURVE ( 'NONE', #7968, #1155, #8729, .T. ) ;
#673 = EDGE_CURVE ( 'NONE', #9802, #8555, #11748, .T. ) ;
#674 = ORIENTED_EDGE ( 'NONE', *, *, #7947, .T. ) ;
#675 = CARTESIAN_POINT ( 'NONE',  ( -1.724999999999000000, 1.400000000000000133, 0.05000000000099998065 ) ) ;
#676 = DIRECTION ( 'NONE',  ( -0.3393303772742736757, -0.9406672605437583767, -3.284322186250651097E-15 ) ) ;
#677 = CYLINDRICAL_SURFACE ( 'NONE', #8351, 1.249999999999000133 ) ;
#678 = AXIS2_PLACEMENT_3D ( 'NONE', #1694, #1927, #62 ) ;
#679 = ORIENTED_EDGE ( 'NONE', *, *, #4164, .T. ) ;
#680 = DIRECTION ( 'NONE',  ( 0.000000000000000000, 1.000000000000000000, 0.000000000000000000 ) ) ;
#681 = DIRECTION ( 'NONE',  ( 0.000000000000000000, 4.336808689942000381E-15, -1.000000000000000000 ) ) ;
#682 = VERTEX_POINT ( 'NONE', #1868 ) ;
#683 = LINE ( 'NONE', #3804, #4692 ) ;
#684 = ORIENTED_EDGE ( 'NONE', *, *, #7134, .T. ) ;
#685 = CARTESIAN_POINT ( 'NONE',  ( -0.8561356707309999425, -1.510664173932999788, 0.05000000000099998065 ) ) ;
#686 = ADVANCED_FACE ( 'NONE', ( #12566 ), #3027, .F. ) ;
#687 = CARTESIAN_POINT ( 'NONE',  ( -2.724999999999000000, 2.200000000000000178, 0.1000000000010001083 ) ) ;
#688 = VECTOR ( 'NONE', #5506, 1000.000000000000000 ) ;
#689 = EDGE_LOOP ( 'NONE', ( #4608, #3120, #10904, #488 ) ) ;
#690 = CARTESIAN_POINT ( 'NONE',  ( -4.168318111641805324, -0.2394139908339592837, 1.243442481202482464 ) ) ;
#691 = CARTESIAN_POINT ( 'NONE',  ( 3.832813752066083435, 1.266367305553443012, 2.686046546344633246 ) ) ;
#692 = ORIENTED_EDGE ( 'NONE', *, *, #1637, .F. ) ;
#693 = DIRECTION ( 'NONE',  ( -1.000000000000000000, 0.000000000000000000, 0.000000000000000000 ) ) ;
#694 = EDGE_LOOP ( 'NONE', ( #5162, #175, #9052, #11716 ) ) ;
#695 = DIRECTION ( 'NONE',  ( 1.000000000000000000, -5.421010862426999550E-16, -1.892735826383000338E-30 ) ) ;
#696 = CARTESIAN_POINT ( 'NONE',  ( 1.224999999999999867, 0.3783882181409999323, 0.8000000000009999113 ) ) ;
#697 = CARTESIAN_POINT ( 'NONE',  ( 1.275000000000000133, 1.400000000000000133, 1.000068083900629290E-12 ) ) ;
#698 = DIRECTION ( 'NONE',  ( 0.000000000000000000, 1.000000000000000000, 3.491481338843000432E-15 ) ) ;
#699 = DIRECTION ( 'NONE',  ( 0.000000000000000000, 1.000000000000000000, 3.491481338843000432E-15 ) ) ;
#700 = EDGE_CURVE ( 'NONE', #6495, #8836, #4612, .T. ) ;
#701 = EDGE_CURVE ( 'NONE', #3337, #1332, #9766, .T. ) ;
#702 = DIRECTION ( 'NONE',  ( 0.000000000000000000, -3.491481338843000432E-15, 1.000000000000000000 ) ) ;
#703 = ORIENTED_EDGE ( 'NONE', *, *, #9625, .F. ) ;
#704 = ORIENTED_EDGE ( 'NONE', *, *, #9270, .F. ) ;
#705 = PLANE ( 'NONE',  #8124 ) ;
#706 = CARTESIAN_POINT ( 'NONE',  ( 1.108560574761000117, -1.064890570256999736, 0.07000000000100004005 ) ) ;
#707 = ORIENTED_EDGE ( 'NONE', *, *, #10902, .T. ) ;
#708 = DIRECTION ( 'NONE',  ( 0.000000000000000000, 3.491481338843000432E-15, -1.000000000000000000 ) ) ;
#709 = CARTESIAN_POINT ( 'NONE',  ( 0.6942988665560000383, -1.600913803635999999, 0.05000000000099998065 ) ) ;
#710 = CARTESIAN_POINT ( 'NONE',  ( -3.924999999998999733, 0.7999999999999999334, 0.3500000000010001222 ) ) ;
#711 = EDGE_CURVE ( 'NONE', #6538, #11561, #1107, .T. ) ;
#712 = CARTESIAN_POINT ( 'NONE',  ( -1.222789633654999930, -1.474974642749999898, 0.05000000000099998065 ) ) ;
#713 = DIRECTION ( 'NONE',  ( 1.000000000000000000, 0.000000000000000000, 0.000000000000000000 ) ) ;
#714 = DIRECTION ( 'NONE',  ( 1.000000000000000000, 0.000000000000000000, 0.000000000000000000 ) ) ;
#715 = CARTESIAN_POINT ( 'NONE',  ( -3.500000000000000000, -1.949999999999994182, 0.000000000000000000 ) ) ;
#716 = CARTESIAN_POINT ( 'NONE',  ( -1.334887178074000147, -0.8886342540099999576, 0.07000000000100004005 ) ) ;
#717 = ORIENTED_EDGE ( 'NONE', *, *, #12641, .T. ) ;
#718 = VERTEX_POINT ( 'NONE', #3863 ) ;
#719 = ORIENTED_EDGE ( 'NONE', *, *, #9258, .F. ) ;
#720 = FACE_OUTER_BOUND ( 'NONE', #1321, .T. ) ;
#721 = DIRECTION ( 'NONE',  ( 0.000000000000000000, 3.491481338843000432E-15, -1.000000000000000000 ) ) ;
#722 = LINE ( 'NONE', #7394, #7302 ) ;
#723 = AXIS2_PLACEMENT_3D ( 'NONE', #11411, #8514, #3344 ) ;
#724 = EDGE_CURVE ( 'NONE', #916, #4052, #6862, .T. ) ;
#725 = CARTESIAN_POINT ( 'NONE',  ( 0.7750000000000000222, 2.200000000000000178, 1.000068083900629290E-12 ) ) ;
#726 = ORIENTED_EDGE ( 'NONE', *, *, #1805, .F. ) ;
#727 = VERTEX_POINT ( 'NONE', #1933 ) ;
#728 = CARTESIAN_POINT ( 'NONE',  ( -0.4749999999989999999, 0.6000000000000003109, 0.3500000000010001222 ) ) ;
#729 = AXIS2_PLACEMENT_3D ( 'NONE', #11386, #2601, #6508 ) ;
#730 = VERTEX_POINT ( 'NONE', #8920 ) ;
#731 = AXIS2_PLACEMENT_3D ( 'NONE', #3587, #3460, #7307 ) ;
#732 = PLANE ( 'NONE',  #10541 ) ;
#733 = CARTESIAN_POINT ( 'NONE',  ( -0.7122760812669999275, -0.6204629528479999045, 0.05000000000099998065 ) ) ;
#734 = AXIS2_PLACEMENT_3D ( 'NONE', #7116, #4236, #8203 ) ;
#735 = CARTESIAN_POINT ( 'NONE',  ( 0.9159416319499998904, -1.349670499381000033, 0.07000000000100004005 ) ) ;
#736 = EDGE_CURVE ( 'NONE', #11923, #6876, #2, .T. ) ;
#737 = VERTEX_POINT ( 'NONE', #9628 ) ;
#738 = LINE ( 'NONE', #5726, #1482 ) ;
#739 = CIRCLE ( 'NONE', #3417, 0.2000000000000000944 ) ;
#740 = AXIS2_PLACEMENT_3D ( 'NONE', #5082, #9187, #1372 ) ;
#741 = DIRECTION ( 'NONE',  ( 0.000000000000000000, -1.000000000000000000, -4.336808689942017736E-15 ) ) ;
#742 = AXIS2_PLACEMENT_3D ( 'NONE', #4895, #8999, #8807 ) ;
#743 = ORIENTED_EDGE ( 'NONE', *, *, #8441, .T. ) ;
#744 = VERTEX_POINT ( 'NONE', #9701 ) ;
#745 = CARTESIAN_POINT ( 'NONE',  ( 0.9752646400770000890, -1.102560595843999902, 0.07000000000100004005 ) ) ;
#746 = CARTESIAN_POINT ( 'NONE',  ( -0.9484103147529999722, -0.5971743138419999264, 0.05000000000099998065 ) ) ;
#747 = VERTEX_POINT ( 'NONE', #11617 ) ;
#748 = CARTESIAN_POINT ( 'NONE',  ( 0.000000000000000000, 1.800000000000000044, 0.05000000000099998065 ) ) ;
#749 = VECTOR ( 'NONE', #7365, 1000.000000000000000 ) ;
#750 = LINE ( 'NONE', #12533, #3084 ) ;
#751 = VERTEX_POINT ( 'NONE', #7831 ) ;
#752 = LINE ( 'NONE', #8874, #12408 ) ;
#753 = ADVANCED_FACE ( 'NONE', ( #1037 ), #8665, .F. ) ;
#754 = EDGE_LOOP ( 'NONE', ( #7012, #4771, #3003, #11415 ) ) ;
#755 = LINE ( 'NONE', #7360, #7020 ) ;
#756 = LINE ( 'NONE', #12239, #1845 ) ;
#757 = FACE_OUTER_BOUND ( 'NONE', #1569, .T. ) ;
#758 = DIRECTION ( 'NONE',  ( 0.000000000000000000, -1.000000000000000000, -3.491481338843000432E-15 ) ) ;
#759 = DIRECTION ( 'NONE',  ( 0.000000000000000000, 0.7071067811865474617, -0.7071067811865474617 ) ) ;
#760 = CARTESIAN_POINT ( 'NONE',  ( 2.524999999999999911, 0.9000000000000002442, 0.1000000000010001083 ) ) ;
#761 = VERTEX_POINT ( 'NONE', #2893 ) ;
#762 = ORIENTED_EDGE ( 'NONE', *, *, #10577, .T. ) ;
#763 = DIRECTION ( 'NONE',  ( 0.000000000000000000, -1.000000000000000000, -3.491481338843000432E-15 ) ) ;
#764 = FACE_OUTER_BOUND ( 'NONE', #11571, .T. ) ;
#765 = ORIENTED_EDGE ( 'NONE', *, *, #1193, .T. ) ;
#766 = DIRECTION ( 'NONE',  ( 0.000000000000000000, -4.336808689942000381E-15, 1.000000000000000000 ) ) ;
#767 = CARTESIAN_POINT ( 'NONE',  ( 0.8386729706450000155, -1.557446610551999955, 0.05000000000099998065 ) ) ;
#768 = EDGE_CURVE ( 'NONE', #4478, #8157, #3186, .T. ) ;
#769 = CARTESIAN_POINT ( 'NONE',  ( -4.169999999998999840, 1.849999999999000000, 1.709999999999999964 ) ) ;
#770 = DIRECTION ( 'NONE',  ( -1.000000000000000000, 0.000000000000000000, 0.000000000000000000 ) ) ;
#771 = CARTESIAN_POINT ( 'NONE',  ( 4.169999999998999840, 0.9000000000000002442, -0.5499999999990000665 ) ) ;
#772 = PLANE ( 'NONE',  #11900 ) ;
#773 = CARTESIAN_POINT ( 'NONE',  ( -1.152269957355999797, -1.370327147261999778, 0.05000000000099998065 ) ) ;
#774 = CARTESIAN_POINT ( 'NONE',  ( 1.939024390243000218, -0.6082251495429997767, 0.07000000000100004005 ) ) ;
#775 = ORIENTED_EDGE ( 'NONE', *, *, #3652, .T. ) ;
#776 = VECTOR ( 'NONE', #12272, 1000.000000000000000 ) ;
#777 = ORIENTED_EDGE ( 'NONE', *, *, #10439, .T. ) ;
#778 = VERTEX_POINT ( 'NONE', #975 ) ;
#779 = EDGE_CURVE ( 'NONE', #9149, #5178, #3096, .T. ) ;
#780 = PLANE ( 'NONE',  #4111 ) ;
#781 = FACE_OUTER_BOUND ( 'NONE', #11051, .T. ) ;
#782 = EDGE_CURVE ( 'NONE', #4915, #6693, #1804, .T. ) ;
#783 = ADVANCED_FACE ( 'NONE', ( #6799 ), #4754, .T. ) ;
#784 = DIRECTION ( 'NONE',  ( -1.000000000000000000, 0.000000000000000000, 0.000000000000000000 ) ) ;
#785 = DIRECTION ( 'NONE',  ( 0.000000000000000000, 1.000000000000000000, 3.252606517456518824E-15 ) ) ;
#786 = ORIENTED_EDGE ( 'NONE', *, *, #11447, .T. ) ;
#787 = ORIENTED_EDGE ( 'NONE', *, *, #12685, .F. ) ;
#788 = ORIENTED_EDGE ( 'NONE', *, *, #5418, .F. ) ;
#789 = CYLINDRICAL_SURFACE ( 'NONE', #10704, 0.1499999999989998778 ) ;
#790 = EDGE_CURVE ( 'NONE', #11311, #12322, #12633, .T. ) ;
#791 = DIRECTION ( 'NONE',  ( 1.000000000000000000, 0.000000000000000000, 0.000000000000000000 ) ) ;
#792 = PLANE ( 'NONE',  #7535 ) ;
#793 = ORIENTED_EDGE ( 'NONE', *, *, #6163, .T. ) ;
#794 = CARTESIAN_POINT ( 'NONE',  ( -4.469999999998999662, 1.999999999999000355, 1.959999999999999964 ) ) ;
#795 = CARTESIAN_POINT ( 'NONE',  ( 0.8940383648959998597, -1.378195216146000046, 0.05000000000099998065 ) ) ;
#796 = AXIS2_PLACEMENT_3D ( 'NONE', #5089, #479, #9064 ) ;
#797 = ORIENTED_EDGE ( 'NONE', *, *, #10412, .F. ) ;
#798 = EDGE_LOOP ( 'NONE', ( #4794, #7599, #5915, #10543 ) ) ;
#799 = CARTESIAN_POINT ( 'NONE',  ( 0.9176502025770000293, -0.8808186156719999271, 0.07000000000100004005 ) ) ;
#800 = AXIS2_PLACEMENT_3D ( 'NONE', #9866, #11023, #6139 ) ;
#801 = EDGE_CURVE ( 'NONE', #5730, #5252, #9268, .T. ) ;
#802 = FACE_OUTER_BOUND ( 'NONE', #10440, .T. ) ;
#803 = VERTEX_POINT ( 'NONE', #9959 ) ;
#804 = EDGE_CURVE ( 'NONE', #9160, #11918, #8984, .T. ) ;
#805 = DIRECTION ( 'NONE',  ( 0.000000000000000000, 0.000000000000000000, 1.000000000000000000 ) ) ;
#806 = CARTESIAN_POINT ( 'NONE',  ( -2.274999999999000266, 0.1000000000000002554, 0.1000000000010001083 ) ) ;
#807 = ORIENTED_EDGE ( 'NONE', *, *, #8740, .F. ) ;
#808 = ORIENTED_EDGE ( 'NONE', *, *, #10264, .T. ) ;
#809 = CIRCLE ( 'NONE', #6350, 0.8499999999989999999 ) ;
#810 = AXIS2_PLACEMENT_3D ( 'NONE', #5281, #9125, #11244 ) ;
#811 = CARTESIAN_POINT ( 'NONE',  ( -1.146120521755999988, -1.538968572058999840, 0.07000000000100004005 ) ) ;
#812 = AXIS2_PLACEMENT_3D ( 'NONE', #3228, #8094, #2259 ) ;
#813 = CARTESIAN_POINT ( 'NONE',  ( 0.8443646979670000885, -0.7980282808829999297, 0.07000000000100004005 ) ) ;
#814 = DIRECTION ( 'NONE',  ( 0.000000000000000000, 3.491481338843000432E-15, -1.000000000000000000 ) ) ;
#815 = ORIENTED_EDGE ( 'NONE', *, *, #3617, .F. ) ;
#816 = B_SPLINE_CURVE_WITH_KNOTS ( 'NONE', 3,
 ( #8895, #6908, #11090, #3262, #10962, #1142, #7165, #7935, #8133, #2300, #9091 ),
 .UNSPECIFIED., .F., .F.,
 ( 4, 1, 1, 1, 1, 1, 1, 1, 4 ),
 ( 0.000000000000000000, 0.1352946047629999815, 0.2667656579239999770, 0.3948160188350000044, 0.5200516544339999214, 0.6421757029699999286, 0.7626518205579999599, 0.8818340043800000361, 1.000000000000000000 ),
 .UNSPECIFIED. ) ;
#817 = DIRECTION ( 'NONE',  ( 0.000000000000000000, 3.491481338843000432E-15, -1.000000000000000000 ) ) ;
#818 = ORIENTED_EDGE ( 'NONE', *, *, #11664, .T. ) ;
#819 = CARTESIAN_POINT ( 'NONE',  ( -1.974999999999000222, 0.6000000000000003109, 0.3500000000010001222 ) ) ;
#820 = FACE_OUTER_BOUND ( 'NONE', #10600, .T. ) ;
#821 = VECTOR ( 'NONE', #11643, 1000.000000000000000 ) ;
#822 = EDGE_CURVE ( 'NONE', #751, #10326, #4458, .T. ) ;
#823 = ADVANCED_FACE ( 'NONE', ( #4581 ), #12269, .F. ) ;
#824 = VECTOR ( 'NONE', #5140, 1000.000000000000000 ) ;
#825 = EDGE_CURVE ( 'NONE', #10385, #7893, #2536, .T. ) ;
#826 = VERTEX_POINT ( 'NONE', #10421 ) ;
#827 = ORIENTED_EDGE ( 'NONE', *, *, #5402, .T. ) ;
#828 = VECTOR ( 'NONE', #318, 1000.000000000000000 ) ;
#829 = DIRECTION ( 'NONE',  ( -5.421010862426999550E-16, -1.000000000000000000, 0.000000000000000000 ) ) ;
#830 = CARTESIAN_POINT ( 'NONE',  ( 1.109352230358000124, -1.101913784548999908, 0.07000000000100004005 ) ) ;
#831 = VERTEX_POINT ( 'NONE', #675 ) ;
#832 = DIRECTION ( 'NONE',  ( -1.000000000000000000, -5.421010862426999550E-16, -1.892735826383000338E-30 ) ) ;
#833 = PLANE ( 'NONE',  #8720 ) ;
#834 = CARTESIAN_POINT ( 'NONE',  ( -0.6219512195119999420, -0.6600544178349998514, 0.05000000000099998065 ) ) ;
#835 = CARTESIAN_POINT ( 'NONE',  ( -1.256483208145999786, -1.437272816729999958, 0.05000000000099998065 ) ) ;
#836 = CARTESIAN_POINT ( 'NONE',  ( 0.02500000000000000139, 0.1000000000000002554, 0.1000000000010001083 ) ) ;
#837 = AXIS2_PLACEMENT_3D ( 'NONE', #7515, #2637, #6546 ) ;
#838 = CARTESIAN_POINT ( 'NONE',  ( 1.052547431779000009, -1.364330529189999863, 0.07000000000100004005 ) ) ;
#839 = CIRCLE ( 'NONE', #3311, 0.7999999999990000665 ) ;
#840 = CARTESIAN_POINT ( 'NONE',  ( -0.4749999999989999999, 0.3783882181409999323, 1.000068083900629290E-12 ) ) ;
#841 = DIRECTION ( 'NONE',  ( 0.000000000000000000, 3.491481338849700228E-15, -1.000000000000000000 ) ) ;
#842 = ADVANCED_FACE ( 'NONE', ( #8366 ), #732, .F. ) ;
#843 = VERTEX_POINT ( 'NONE', #3500 ) ;
#844 = EDGE_LOOP ( 'NONE', ( #12162, #8762, #3150, #9527 ) ) ;
#845 = VERTEX_POINT ( 'NONE', #549 ) ;
#846 = LINE ( 'NONE', #8664, #6955 ) ;
#847 = AXIS2_PLACEMENT_3D ( 'NONE', #1414, #12002, #4242 ) ;
#848 = CARTESIAN_POINT ( 'NONE',  ( 1.775000000000000133, 2.200000000000000178, 1.000068083900629290E-12 ) ) ;
#849 = VECTOR ( 'NONE', #4270, 1000.000000000000000 ) ;
#850 = LINE ( 'NONE', #11434, #8518 ) ;
#851 = DIRECTION ( 'NONE',  ( 0.000000000000000000, 1.000000000000000000, 3.491481338843000432E-15 ) ) ;
#852 = DIRECTION ( 'NONE',  ( 1.000000000000000000, 0.000000000000000000, 0.000000000000000000 ) ) ;
#853 = ORIENTED_EDGE ( 'NONE', *, *, #12568, .T. ) ;
#854 = ORIENTED_EDGE ( 'NONE', *, *, #3628, .T. ) ;
#855 = EDGE_CURVE ( 'NONE', #10326, #4992, #4517, .T. ) ;
#856 = EDGE_CURVE ( 'NONE', #10722, #9930, #12190, .T. ) ;
#857 = AXIS2_PLACEMENT_3D ( 'NONE', #4138, #2083, #11067 ) ;
#858 = ORIENTED_EDGE ( 'NONE', *, *, #5099, .F. ) ;
#859 = CYLINDRICAL_SURFACE ( 'NONE', #11324, 0.1999999999999996503 ) ;
#860 = DIRECTION ( 'NONE',  ( 0.000000000000000000, -1.000000000000000000, -3.491481338843000432E-15 ) ) ;
#861 = FACE_OUTER_BOUND ( 'NONE', #1770, .T. ) ;
#862 = ORIENTED_EDGE ( 'NONE', *, *, #3881, .T. ) ;
#863 = VECTOR ( 'NONE', #10520, 1000.000000000000000 ) ;
#864 = VECTOR ( 'NONE', #6331, 1000.000000000000000 ) ;
#865 = LINE ( 'NONE', #12462, #12126 ) ;
#866 = EDGE_CURVE ( 'NONE', #4233, #12230, #3682, .T. ) ;
#867 = CARTESIAN_POINT ( 'NONE',  ( 0.9345014634499999584, -1.318257970951999924, 0.07000000000100004005 ) ) ;
#868 = ORIENTED_EDGE ( 'NONE', *, *, #2354, .F. ) ;
#869 = EDGE_LOOP ( 'NONE', ( #1780, #9740, #7128, #7697 ) ) ;
#870 = CYLINDRICAL_SURFACE ( 'NONE', #8261, 0.2000000000000000944 ) ;
#871 = DIRECTION ( 'NONE',  ( 0.000000000000000000, 3.703032982253999642E-15, -1.000000000000000000 ) ) ;
#872 = ORIENTED_EDGE ( 'NONE', *, *, #10657, .F. ) ;
#873 = VECTOR ( 'NONE', #7799, 1000.000000000000000 ) ;
#874 = VECTOR ( 'NONE', #8162, 1000.000000000000000 ) ;
#875 = CARTESIAN_POINT ( 'NONE',  ( -1.724999999999000000, 2.200000000000000178, 0.1000000000010001083 ) ) ;
#876 = LINE ( 'NONE', #12593, #11623 ) ;
#877 = EDGE_LOOP ( 'NONE', ( #6211, #11436, #4237, #610, #8534, #4670 ) ) ;
#878 = EDGE_LOOP ( 'NONE', ( #7685, #11203, #3116, #10109, #11276, #3714, #2087, #8958, #3104, #9239, #7149, #7318, #7547, #11833, #1899, #1467 ) ) ;
#879 = SURFACE_STYLE_USAGE ( .BOTH. , #5679 ) ;
#880 = ADVANCED_FACE ( 'NONE', ( #5604 ), #11442, .T. ) ;
#881 = PLANE ( 'NONE',  #11294 ) ;
#882 = FACE_OUTER_BOUND ( 'NONE', #6062, .T. ) ;
#883 = ORIENTED_EDGE ( 'NONE', *, *, #2820, .F. ) ;
#884 = VECTOR ( 'NONE', #1994, 1000.000000000000000 ) ;
#885 = DIRECTION ( 'NONE',  ( -1.000000000000000000, 0.000000000000000000, 0.000000000000000000 ) ) ;
#886 = ORIENTED_EDGE ( 'NONE', *, *, #8574, .T. ) ;
#887 = CARTESIAN_POINT ( 'NONE',  ( 0.000000000000000000, 1.800000000000000044, 0.05000000000099998065 ) ) ;
#888 = DIRECTION ( 'NONE',  ( 0.000000000000000000, 1.000000000000000000, 3.491481338843000432E-15 ) ) ;
#889 = ORIENTED_EDGE ( 'NONE', *, *, #10358, .T. ) ;
#890 = VERTEX_POINT ( 'NONE', #5540 ) ;
#891 = DIRECTION ( 'NONE',  ( -0.7071067811865474617, -0.7071067811865474617, -2.468850131083908146E-15 ) ) ;
#892 = DIRECTION ( 'NONE',  ( -1.000000000000000000, 0.000000000000000000, 0.000000000000000000 ) ) ;
#893 = VERTEX_POINT ( 'NONE', #10361 ) ;
#894 = AXIS2_PLACEMENT_3D ( 'NONE', #12303, #11232, #3651 ) ;
#895 = CARTESIAN_POINT ( 'NONE',  ( 1.474999999999000000, -9.116756773326001095, 0.04999999999999991257 ) ) ;
#896 = CARTESIAN_POINT ( 'NONE',  ( 0.8814046045549999153, -0.6861058462499998178, 0.07000000000100004005 ) ) ;
#897 = ORIENTED_EDGE ( 'NONE', *, *, #4235, .F. ) ;
#898 = PLANE ( 'NONE',  #1080 ) ;
#899 = EDGE_CURVE ( 'NONE', #6386, #8417, #5838, .T. ) ;
#900 = CARTESIAN_POINT ( 'NONE',  ( 2.469999999999000106, -2.249999999998999911, 0.3499999999999998113 ) ) ;
#901 = CARTESIAN_POINT ( 'NONE',  ( -3.220000000000000195, -2.049999999999000178, 0.04999999999999991257 ) ) ;
#902 = DIRECTION ( 'NONE',  ( -1.000000000000000000, 0.000000000000000000, 0.000000000000000000 ) ) ;
#903 = CARTESIAN_POINT ( 'NONE',  ( -1.225936129109999939, -1.187015687735999858, 0.07000000000100004005 ) ) ;
#904 = CARTESIAN_POINT ( 'NONE',  ( -2.274999999999000266, 0.3783882181409999323, 0.8000000000009999113 ) ) ;
#905 = ORIENTED_EDGE ( 'NONE', *, *, #1167, .T. ) ;
#906 = VERTEX_POINT ( 'NONE', #1577 ) ;
#907 = ORIENTED_EDGE ( 'NONE', *, *, #3415, .T. ) ;
#908 = DIRECTION ( 'NONE',  ( 0.000000000000000000, 3.491481338843000432E-15, -1.000000000000000000 ) ) ;
#909 = DIRECTION ( 'NONE',  ( 1.000000000000000000, 0.000000000000000000, 0.000000000000000000 ) ) ;
#910 = CYLINDRICAL_SURFACE ( 'NONE', #4353, 0.1499999999989998778 ) ;
#911 = EDGE_CURVE ( 'NONE', #682, #9208, #12398, .T. ) ;
#912 = CARTESIAN_POINT ( 'NONE',  ( -4.469999999998999662, 1.199999999999000089, 1.859999999999999876 ) ) ;
#913 = CYLINDRICAL_SURFACE ( 'NONE', #939, 0.9499999999990003108 ) ;
#914 = ORIENTED_EDGE ( 'NONE', *, *, #6636, .F. ) ;
#915 = PLANE ( 'NONE',  #8187 ) ;
#916 = VERTEX_POINT ( 'NONE', #5478 ) ;
#917 = ADVANCED_FACE ( 'NONE', ( #3627 ), #9386, .T. ) ;
#918 = ORIENTED_EDGE ( 'NONE', *, *, #9794, .F. ) ;
#919 = DIRECTION ( 'NONE',  ( 0.000000000000000000, 3.491481338843000432E-15, -1.000000000000000000 ) ) ;
#920 = DIRECTION ( 'NONE',  ( 0.000000000000000000, 1.000000000000000000, 3.523657060582293621E-15 ) ) ;
#921 = AXIS2_PLACEMENT_3D ( 'NONE', #9451, #6507, #6446 ) ;
#922 = CARTESIAN_POINT ( 'NONE',  ( 0.2250000000000000056, 0.6000000000000003109, 0.1000000000010001083 ) ) ;
#923 = ADVANCED_FACE ( 'NONE', ( #1754 ), #789, .T. ) ;
#924 = ORIENTED_EDGE ( 'NONE', *, *, #2413, .F. ) ;
#925 = CARTESIAN_POINT ( 'NONE',  ( -2.974999999998999556, 0.6000000000000003109, 0.1000000000010001083 ) ) ;
#926 = CARTESIAN_POINT ( 'NONE',  ( 0.8687948164700000087, -1.403504788543999959, 0.05000000000099998065 ) ) ;
#927 = ORIENTED_EDGE ( 'NONE', *, *, #7371, .T. ) ;
#928 = AXIS2_PLACEMENT_3D ( 'NONE', #5139, #3284, #12132 ) ;
#929 = ORIENTED_EDGE ( 'NONE', *, *, #2422, .F. ) ;
#930 = VECTOR ( 'NONE', #9137, 1000.000000000000000 ) ;
#931 = CARTESIAN_POINT ( 'NONE',  ( -2.269999999998999929, -2.249999999998999911, 1.300000000000000044 ) ) ;
#932 = CARTESIAN_POINT ( 'NONE',  ( -1.089142849635000188, -0.6291144553100000980, 0.05000000000099998065 ) ) ;
#933 = ORIENTED_EDGE ( 'NONE', *, *, #9693, .F. ) ;
#934 = EDGE_CURVE ( 'NONE', #12676, #845, #10482, .T. ) ;
#935 = CARTESIAN_POINT ( 'NONE',  ( -4.148708781049999850, -0.2999999999999999334, 1.100000000000999956 ) ) ;
#936 = DIRECTION ( 'NONE',  ( 0.000000000000000000, -3.491481338843000432E-15, 1.000000000000000000 ) ) ;
#937 = ORIENTED_EDGE ( 'NONE', *, *, #12260, .T. ) ;
#938 = VECTOR ( 'NONE', #6536, 1000.000000000000000 ) ;
#939 = AXIS2_PLACEMENT_3D ( 'NONE', #11687, #6872, #1044 ) ;
#940 = EDGE_CURVE ( 'NONE', #1501, #5397, #1514, .T. ) ;
#941 = ORIENTED_EDGE ( 'NONE', *, *, #11506, .F. ) ;
#942 = VECTOR ( 'NONE', #7367, 1000.000000000000000 ) ;
#943 = FACE_OUTER_BOUND ( 'NONE', #7506, .T. ) ;
#944 = DIRECTION ( 'NONE',  ( 1.000000000000000000, 0.000000000000000000, 0.000000000000000000 ) ) ;
#945 = CARTESIAN_POINT ( 'NONE',  ( -4.469999999998999662, 1.999999999999000355, 2.709999999999999520 ) ) ;
#946 = ORIENTED_EDGE ( 'NONE', *, *, #4877, .T. ) ;
#947 = CARTESIAN_POINT ( 'NONE',  ( -3.219999999998999662, 1.799999999998999956, 2.910000000000000142 ) ) ;
#948 = ORIENTED_EDGE ( 'NONE', *, *, #10017, .F. ) ;
#949 = CARTESIAN_POINT ( 'NONE',  ( -0.9535090837479999193, -0.7118147781030000898, 0.05000000000099998065 ) ) ;
#950 = DIRECTION ( 'NONE',  ( -1.000000000000000000, 0.000000000000000000, 0.000000000000000000 ) ) ;
#951 = AXIS2_PLACEMENT_3D ( 'NONE', #10132, #8964, #3204 ) ;
#952 = CIRCLE ( 'NONE', #8125, 0.1999999999999996503 ) ;
#953 = ORIENTED_EDGE ( 'NONE', *, *, #4657, .F. ) ;
#954 = ORIENTED_EDGE ( 'NONE', *, *, #8607, .T. ) ;
#955 = ADVANCED_FACE ( 'NONE', ( #8548 ), #7648, .T. ) ;
#956 = LINE ( 'NONE', #12548, #10999 ) ;
#957 = CARTESIAN_POINT ( 'NONE',  ( 4.469999999998999662, -3.949999999998999645, -0.06715728752500009502 ) ) ;
#958 = VERTEX_POINT ( 'NONE', #11757 ) ;
#959 = CARTESIAN_POINT ( 'NONE',  ( -0.6219512195119999420, -1.446639783688999925, 0.05000000000099998065 ) ) ;
#960 = CARTESIAN_POINT ( 'NONE',  ( 1.630850875081000240, -1.464402036403999796, 0.05000000000099998065 ) ) ;
#961 = ORIENTED_EDGE ( 'NONE', *, *, #243, .T. ) ;
#962 = DIRECTION ( 'NONE',  ( 0.000000000000000000, -1.000000000000000000, -3.491481338843000432E-15 ) ) ;
#963 = CARTESIAN_POINT ( 'NONE',  ( 0.1097560975600000016, -0.7179812471039999089, 0.07000000000100004005 ) ) ;
#964 = DIRECTION ( 'NONE',  ( 1.000000000000000000, 0.000000000000000000, 0.000000000000000000 ) ) ;
#965 = CARTESIAN_POINT ( 'NONE',  ( 0.7446947095660001459, -1.590330133826999948, 0.07000000000100004005 ) ) ;
#966 = CARTESIAN_POINT ( 'NONE',  ( -1.127661367580000018, -1.399290251038999955, 0.07000000000100004005 ) ) ;
#967 = CARTESIAN_POINT ( 'NONE',  ( -4.469073981842105248, -0.2319900306483948793, 1.250898000577406188 ) ) ;
#968 = PLANE ( 'NONE',  #6422 ) ;
#969 = ORIENTED_EDGE ( 'NONE', *, *, #7284, .T. ) ;
#970 = VERTEX_POINT ( 'NONE', #7967 ) ;
#971 = ORIENTED_EDGE ( 'NONE', *, *, #5402, .F. ) ;
#972 = EDGE_CURVE ( 'NONE', #6847, #7838, #9777, .T. ) ;
#973 = CARTESIAN_POINT ( 'NONE',  ( 4.148708781049999850, -0.2999999999999999334, 1.100000000000999956 ) ) ;
#974 = CARTESIAN_POINT ( 'NONE',  ( 4.469999999998999662, -3.467157287524999632, -0.3500000000000000333 ) ) ;
#975 = CARTESIAN_POINT ( 'NONE',  ( -1.829268292681999863, -0.7179812471039999089, 0.07000000000100004005 ) ) ;
#976 = CARTESIAN_POINT ( 'NONE',  ( -0.8572789634140000059, -1.620420271493999920, 0.07000000000100004005 ) ) ;
#977 = VECTOR ( 'NONE', #7353, 1000.000000000000000 ) ;
#978 = FACE_OUTER_BOUND ( 'NONE', #2359, .T. ) ;
#979 = DIRECTION ( 'NONE',  ( 0.000000000000000000, -1.000000000000000000, -3.491481338843000432E-15 ) ) ;
#980 = VECTOR ( 'NONE', #2159, 1000.000000000000000 ) ;
#981 = ORIENTED_EDGE ( 'NONE', *, *, #8753, .T. ) ;
#982 = DIRECTION ( 'NONE',  ( 0.000000000000000000, 1.000000000000000000, 3.491481338843000432E-15 ) ) ;
#983 = ORIENTED_EDGE ( 'NONE', *, *, #11619, .F. ) ;
#984 = VERTEX_POINT ( 'NONE', #2077 ) ;
#985 = DIRECTION ( 'NONE',  ( 0.000000000000000000, 3.664953686440000749E-15, -1.000000000000000000 ) ) ;
#986 = EDGE_CURVE ( 'NONE', #7175, #11172, #11823, .T. ) ;
#987 = EDGE_CURVE ( 'NONE', #11631, #11654, #10493, .T. ) ;
#988 = CARTESIAN_POINT ( 'NONE',  ( -1.226225334985999949, -1.012700664422999663, 0.07000000000100004005 ) ) ;
#989 = CARTESIAN_POINT ( 'NONE',  ( -1.274999999999000044, 0.3783882181409999323, 0.8000000000009999113 ) ) ;
#990 = PLANE ( 'NONE',  #742 ) ;
#991 = VERTEX_POINT ( 'NONE', #5986 ) ;
#992 = CARTESIAN_POINT ( 'NONE',  ( 0.9749999999989999999, 1.800000000000000044, -0.5499999999990000665 ) ) ;
#993 = CARTESIAN_POINT ( 'NONE',  ( 0.6691949388869999904, -1.493150046375999906, 0.07000000000100004005 ) ) ;
#994 = ORIENTED_EDGE ( 'NONE', *, *, #11784, .F. ) ;
#995 = VERTEX_POINT ( 'NONE', #9711 ) ;
#996 = CARTESIAN_POINT ( 'NONE',  ( 0.9752646400770000890, -1.102560595843999902, 0.05000000000099998065 ) ) ;
#997 = CARTESIAN_POINT ( 'NONE',  ( 4.169999999998999840, 0.7000000000000000666, 1.300000000000999911 ) ) ;
#998 = ORIENTED_EDGE ( 'NONE', *, *, #4618, .T. ) ;
#999 = ADVANCED_FACE ( 'NONE', ( #3037 ), #9907, .F. ) ;
#1000 = DIRECTION ( 'NONE',  ( -1.000000000000000000, 0.000000000000000000, 0.000000000000000000 ) ) ;
#1001 = LINE ( 'NONE', #4906, #821 ) ;
#1002 = EDGE_LOOP ( 'NONE', ( #5703, #11019, #4432, #262 ) ) ;
#1003 = ORIENTED_EDGE ( 'NONE', *, *, #8314, .F. ) ;
#1004 = SURFACE_STYLE_FILL_AREA ( #7865 ) ;
#1005 = ADVANCED_FACE ( 'NONE', ( #144 ), #2836, .T. ) ;
#1006 = CARTESIAN_POINT ( 'NONE',  ( 0.9616542217779999735, -0.9881819606109999432, 0.05000000000099998065 ) ) ;
#1007 = DIRECTION ( 'NONE',  ( -5.421010862426999550E-16, 1.000000000000000000, 3.491481338843000432E-15 ) ) ;
#1008 = ORIENTED_EDGE ( 'NONE', *, *, #4246, .F. ) ;
#1009 = CARTESIAN_POINT ( 'NONE',  ( 1.724999999999999867, -9.116756773326001095, 0.04999999999999991257 ) ) ;
#1010 = ORIENTED_EDGE ( 'NONE', *, *, #4784, .T. ) ;
#1011 = LINE ( 'NONE', #7554, #11180 ) ;
#1012 = DIRECTION ( 'NONE',  ( 0.000000000000000000, 1.000000000000000000, 3.252606517472775670E-15 ) ) ;
#1013 = ADVANCED_FACE ( 'NONE', ( #8934 ), #859, .F. ) ;
#1014 = ADVANCED_FACE ( 'NONE', ( #9641 ), #14, .T. ) ;
#1015 = ORIENTED_EDGE ( 'NONE', *, *, #7327, .T. ) ;
#1016 = ORIENTED_EDGE ( 'NONE', *, *, #5791, .T. ) ;
#1017 = CARTESIAN_POINT ( 'NONE',  ( -4.469999999998999662, -2.449999999998999645, 1.300000000000000044 ) ) ;
#1018 = DIRECTION ( 'NONE',  ( 0.000000000000000000, -3.491481338843000432E-15, 1.000000000000000000 ) ) ;
#1019 = VECTOR ( 'NONE', #7475, 1000.000000000000000 ) ;
#1020 = EDGE_LOOP ( 'NONE', ( #9435, #8897, #11896, #6278 ) ) ;
#1021 = LINE ( 'NONE', #4929, #9211 ) ;
#1022 = CARTESIAN_POINT ( 'NONE',  ( -2.474999999998999556, 0.9000000000000002442, 1.000068083900629290E-12 ) ) ;
#1023 = ORIENTED_EDGE ( 'NONE', *, *, #2312, .T. ) ;
#1024 = FACE_OUTER_BOUND ( 'NONE', #3160, .T. ) ;
#1025 = DIRECTION ( 'NONE',  ( -1.734723475978195095E-15, 3.642919299554209739E-15, -1.000000000000000000 ) ) ;
#1026 = CARTESIAN_POINT ( 'NONE',  ( -2.469999999999000106, -4.349999999998999556, 0.04999999999999991257 ) ) ;
#1027 = DIRECTION ( 'NONE',  ( 0.000000000000000000, 3.491481338843000432E-15, -1.000000000000000000 ) ) ;
#1028 = CARTESIAN_POINT ( 'NONE',  ( -1.040294406025000118, -1.467660947978999930, 0.05000000000099998065 ) ) ;
#1029 = EDGE_CURVE ( 'NONE', #10418, #5408, #10738, .T. ) ;
#1030 = DIRECTION ( 'NONE',  ( -0.7071067811865475727, -0.7071067811865475727, -2.468850131083908541E-15 ) ) ;
#1031 = DIRECTION ( 'NONE',  ( 0.000000000000000000, -1.000000000000000000, -3.491481338843000432E-15 ) ) ;
#1032 = VECTOR ( 'NONE', #3431, 1000.000000000000000 ) ;
#1033 = ORIENTED_EDGE ( 'NONE', *, *, #1304, .F. ) ;
#1034 = EDGE_LOOP ( 'NONE', ( #9314, #3287 ) ) ;
#1035 = CARTESIAN_POINT ( 'NONE',  ( -1.974999999999000222, -9.116756773326001095, 0.04999999999999991257 ) ) ;
#1036 = FACE_OUTER_BOUND ( 'NONE', #3988, .T. ) ;
#1037 = FACE_OUTER_BOUND ( 'NONE', #1091, .T. ) ;
#1038 = VECTOR ( 'NONE', #12290, 1000.000000000000000 ) ;
#1039 = VECTOR ( 'NONE', #8098, 1000.000000000000000 ) ;
#1040 = CARTESIAN_POINT ( 'NONE',  ( 3.399999999998999822, 0.000000000000000000, -0.4999999999989999666 ) ) ;
#1041 = CIRCLE ( 'NONE', #1657, 1.249999999999000133 ) ;
#1042 = EDGE_CURVE ( 'NONE', #906, #1066, #10802, .T. ) ;
#1043 = DIRECTION ( 'NONE',  ( 1.000000000000000000, 0.000000000000000000, 0.000000000000000000 ) ) ;
#1044 = DIRECTION ( 'NONE',  ( -1.000000000000000000, 0.000000000000000000, 0.000000000000000000 ) ) ;
#1045 = EDGE_CURVE ( 'NONE', #5361, #8061, #8674, .T. ) ;
#1046 = EDGE_LOOP ( 'NONE', ( #1485, #11624, #1165, #11093 ) ) ;
#1047 = CARTESIAN_POINT ( 'NONE',  ( 0.1097560975600000016, -0.6082251495429997767, 0.07000000000100004005 ) ) ;
#1048 = ORIENTED_EDGE ( 'NONE', *, *, #8470, .F. ) ;
#1049 = AXIS2_PLACEMENT_3D ( 'NONE', #1160, #11938, #3155 ) ;
#1050 = ORIENTED_EDGE ( 'NONE', *, *, #6688, .F. ) ;
#1051 = FACE_OUTER_BOUND ( 'NONE', #9824, .T. ) ;
#1052 = VECTOR ( 'NONE', #1395, 1000.000000000000000 ) ;
#1053 = CARTESIAN_POINT ( 'NONE',  ( -1.208061749044999855, -0.9361929113990000717, 0.07000000000100004005 ) ) ;
#1054 = DIRECTION ( 'NONE',  ( 0.000000000000000000, 1.000000000000000000, 3.523657060582293621E-15 ) ) ;
#1055 = CARTESIAN_POINT ( 'NONE',  ( -4.069999999999000195, -1.300000000000999911, 1.959999999999999964 ) ) ;
#1056 = ORIENTED_EDGE ( 'NONE', *, *, #616, .T. ) ;
#1057 = DIRECTION ( 'NONE',  ( 0.000000000000000000, -3.491481338843000432E-15, 1.000000000000000000 ) ) ;
#1058 = EDGE_CURVE ( 'NONE', #1838, #3552, #6743, .T. ) ;
#1059 = EDGE_CURVE ( 'NONE', #10122, #7574, #4828, .T. ) ;
#1060 = DIRECTION ( 'NONE',  ( 1.000000000000000000, 0.000000000000000000, 0.000000000000000000 ) ) ;
#1061 = AXIS2_PLACEMENT_3D ( 'NONE', #6629, #5865, #2980 ) ;
#1062 = ORIENTED_EDGE ( 'NONE', *, *, #11928, .F. ) ;
#1063 = ORIENTED_EDGE ( 'NONE', *, *, #8276, .T. ) ;
#1064 = FACE_OUTER_BOUND ( 'NONE', #188, .T. ) ;
#1065 = DIRECTION ( 'NONE',  ( 0.000000000000000000, 3.491481338843000432E-15, -1.000000000000000000 ) ) ;
#1066 = VERTEX_POINT ( 'NONE', #7843 ) ;
#1067 = CARTESIAN_POINT ( 'NONE',  ( 0.000000000000000000, 0.000000000000000000, 0.000000000000000000 ) ) ;
#1068 = DIRECTION ( 'NONE',  ( 0.000000000000000000, -1.000000000000000000, -3.491481338843000432E-15 ) ) ;
#1069 = ORIENTED_EDGE ( 'NONE', *, *, #5463, .F. ) ;
#1070 = ORIENTED_EDGE ( 'NONE', *, *, #11189, .F. ) ;
#1071 = CARTESIAN_POINT ( 'NONE',  ( -1.012163064413999836, -1.600753840222999935, 0.07000000000100004005 ) ) ;
#1072 = ADVANCED_FACE ( 'NONE', ( #1051 ), #2972, .T. ) ;
#1073 = VECTOR ( 'NONE', #4643, 1000.000000000000000 ) ;
#1074 = FACE_OUTER_BOUND ( 'NONE', #9674, .T. ) ;
#1075 = DIRECTION ( 'NONE',  ( -1.000000000000000000, 0.000000000000000000, 0.000000000000000000 ) ) ;
#1076 = ORIENTED_EDGE ( 'NONE', *, *, #8426, .T. ) ;
#1077 = CARTESIAN_POINT ( 'NONE',  ( 2.225000000000000089, 0.6000000000000003109, 0.05000000000099998065 ) ) ;
#1078 = ORIENTED_EDGE ( 'NONE', *, *, #6721, .T. ) ;
#1079 = PLANE ( 'NONE',  #2166 ) ;
#1080 = AXIS2_PLACEMENT_3D ( 'NONE', #5960, #8651, #5829 ) ;
#1081 = DIRECTION ( 'NONE',  ( 0.000000000000000000, 3.491481338843000432E-15, -1.000000000000000000 ) ) ;
#1082 = AXIS2_PLACEMENT_3D ( 'NONE', #4018, #12038, #292 ) ;
#1083 = EDGE_CURVE ( 'NONE', #4029, #2231, #8739, .T. ) ;
#1084 = ORIENTED_EDGE ( 'NONE', *, *, #4048, .T. ) ;
#1085 = CARTESIAN_POINT ( 'NONE',  ( 3.399999999998999822, 0.000000000000000000, -0.4999999999989999666 ) ) ;
#1086 = LINE ( 'NONE', #4167, #6486 ) ;
#1087 = CARTESIAN_POINT ( 'NONE',  ( -3.219999999998999662, -0.2999999999999999334, 0.3500000000010001222 ) ) ;
#1088 = ORIENTED_EDGE ( 'NONE', *, *, #8667, .F. ) ;
#1089 = CARTESIAN_POINT ( 'NONE',  ( -3.803179799444549758, 1.338422541582770853, 2.709934219116099108 ) ) ;
#1090 = CARTESIAN_POINT ( 'NONE',  ( -0.2926829268289999897, -1.059444661738000004, 0.07000000000100004005 ) ) ;
#1091 = EDGE_LOOP ( 'NONE', ( #8808, #10601, #2185, #6020, #4585, #8433, #11138, #10356, #12330, #3939, #7908, #2664, #10395, #954, #12373, #6863, #5603, #4448, #10232, #1285, #8698, #9461, #5454, #12385, #11213, #8292, #5045, #373, #9227, #3561, #4514, #12629, #8642, #9660, #4283, #7326, #629, #9087, #11971, #937, #1103, #12490, #9390, #5589, #7404, #10770, #9382, #5073, #8130, #3971, #2236, #497 ) ) ;
#1092 = FACE_OUTER_BOUND ( 'NONE', #6369, .T. ) ;
#1093 = AXIS2_PLACEMENT_3D ( 'NONE', #9047, #10081, #12068 ) ;
#1094 = ADVANCED_FACE ( 'NONE', ( #77 ), #661, .T. ) ;
#1095 = DIRECTION ( 'NONE',  ( -0.7071067811865474617, 0.7071067811865474617, 2.468850131083908146E-15 ) ) ;
#1096 = CARTESIAN_POINT ( 'NONE',  ( 1.525000000000000133, 0.1000000000000002554, 0.1000000000010001083 ) ) ;
#1097 = EDGE_CURVE ( 'NONE', #7850, #7429, #10225, .T. ) ;
#1098 = CARTESIAN_POINT ( 'NONE',  ( 0.9228928625050000223, -1.507374630228000001, 0.07000000000100004005 ) ) ;
#1099 = CARTESIAN_POINT ( 'NONE',  ( -3.220000000000000195, 2.000000000000000444, 0.05000000000099998065 ) ) ;
#1100 = CARTESIAN_POINT ( 'NONE',  ( -4.469999999998999662, -0.09999999999999982514, 1.300000000000999911 ) ) ;
#1101 = CARTESIAN_POINT ( 'NONE',  ( -1.082060473926000022, -0.7647572411549998783, 0.07000000000100004005 ) ) ;
#1102 = AXIS2_PLACEMENT_3D ( 'NONE', #7107, #105, #11988 ) ;
#1103 = ORIENTED_EDGE ( 'NONE', *, *, #2939, .F. ) ;
#1104 = ORIENTED_EDGE ( 'NONE', *, *, #1598, .F. ) ;
#1105 = FACE_OUTER_BOUND ( 'NONE', #2642, .T. ) ;
#1106 = CARTESIAN_POINT ( 'NONE',  ( 3.219999999998999662, -1.300000000000000044, 1.300000000000999911 ) ) ;
#1107 = LINE ( 'NONE', #5707, #7668 ) ;
#1108 = EDGE_CURVE ( 'NONE', #166, #4280, #9062, .T. ) ;
#1109 = CARTESIAN_POINT ( 'NONE',  ( -3.924999999998999733, 0.9000000000000002442, -0.5499999999990000665 ) ) ;
#1110 = EDGE_CURVE ( 'NONE', #11820, #4019, #5342, .T. ) ;
#1111 = LINE ( 'NONE', #10858, #7225 ) ;
#1112 = ADVANCED_FACE ( 'NONE', ( #3173 ), #12147, .T. ) ;
#1113 = LINE ( 'NONE', #2003, #12112 ) ;
#1114 = FACE_OUTER_BOUND ( 'NONE', #7253, .T. ) ;
#1115 = ORIENTED_EDGE ( 'NONE', *, *, #1045, .F. ) ;
#1116 = CARTESIAN_POINT ( 'NONE',  ( -4.169999999998999840, 0.5000000000000000000, 1.100000000000999956 ) ) ;
#1117 = ORIENTED_EDGE ( 'NONE', *, *, #9627, .F. ) ;
#1118 = CARTESIAN_POINT ( 'NONE',  ( 2.269999999998999929, -4.149999999999000266, 1.300000000000000044 ) ) ;
#1119 = CARTESIAN_POINT ( 'NONE',  ( 4.469999999998999662, 2.000000000000000444, 1.709999999999999964 ) ) ;
#1120 = EDGE_CURVE ( 'NONE', #3259, #2292, #10938, .T. ) ;
#1121 = DIRECTION ( 'NONE',  ( 5.421010862434297499E-16, -1.000000000000000000, -3.523657060582293621E-15 ) ) ;
#1122 = CARTESIAN_POINT ( 'NONE',  ( 2.774999999999999911, 1.678388218141000365, 1.000068083900629290E-12 ) ) ;
#1123 = VERTEX_POINT ( 'NONE', #4131 ) ;
#1124 = LINE ( 'NONE', #3474, #4537 ) ;
#1125 = FACE_OUTER_BOUND ( 'NONE', #2571, .T. ) ;
#1126 = ORIENTED_EDGE ( 'NONE', *, *, #3652, .F. ) ;
#1127 = ORIENTED_EDGE ( 'NONE', *, *, #11633, .T. ) ;
#1128 = CARTESIAN_POINT ( 'NONE',  ( 0.9355317127360001095, -0.9140379111630000386, 0.05000000000099998065 ) ) ;
#1129 = CARTESIAN_POINT ( 'NONE',  ( 0.2750000000000000222, 1.678388218141000365, 1.000068083900629290E-12 ) ) ;
#1130 = ORIENTED_EDGE ( 'NONE', *, *, #11480, .T. ) ;
#1131 = VECTOR ( 'NONE', #10726, 1000.000000000000000 ) ;
#1132 = EDGE_CURVE ( 'NONE', #1829, #12311, #1244, .T. ) ;
#1133 = LINE ( 'NONE', #2927, #5287 ) ;
#1134 = ORIENTED_EDGE ( 'NONE', *, *, #11508, .T. ) ;
#1135 = ORIENTED_EDGE ( 'NONE', *, *, #11033, .F. ) ;
#1136 = DIRECTION ( 'NONE',  ( 5.421010862427522170E-16, 1.000000000000000000, 3.523657060577889805E-15 ) ) ;
#1137 = AXIS2_PLACEMENT_3D ( 'NONE', #9669, #10566, #7674 ) ;
#1138 = DIRECTION ( 'NONE',  ( -5.421010862426999550E-16, 1.000000000000000000, 0.000000000000000000 ) ) ;
#1139 = ORIENTED_EDGE ( 'NONE', *, *, #10834, .F. ) ;
#1140 = DIRECTION ( 'NONE',  ( 0.000000000000000000, -1.000000000000000000, -3.491481338843000432E-15 ) ) ;
#1141 = ORIENTED_EDGE ( 'NONE', *, *, #10649, .F. ) ;
#1142 = CARTESIAN_POINT ( 'NONE',  ( -0.7408525662920000254, -0.7214001752769998443, 0.07000000000100004005 ) ) ;
#1143 = CARTESIAN_POINT ( 'NONE',  ( 4.469999999998999662, 0.9000000000000002442, -0.3499999999989999999 ) ) ;
#1144 = VECTOR ( 'NONE', #7894, 1000.000000000000000 ) ;
#1145 = VERTEX_POINT ( 'NONE', #10099 ) ;
#1147 = CARTESIAN_POINT ( 'NONE',  ( 0.4390243902429999956, -1.498469051981999867, 0.07000000000100004005 ) ) ;
#1146 = VECTOR ( 'NONE', #4788, 1000.000000000000000 ) ;
#1148 = DIRECTION ( 'NONE',  ( -1.000000000000000000, 0.000000000000000000, 0.000000000000000000 ) ) ;
#1149 = EDGE_CURVE ( 'NONE', #362, #12230, #9254, .T. ) ;
#1150 = LINE ( 'NONE', #1981, #4108 ) ;
#1151 = ORIENTED_EDGE ( 'NONE', *, *, #8356, .F. ) ;
#1152 = VECTOR ( 'NONE', #5562, 1000.000000000000000 ) ;
#1153 = CARTESIAN_POINT ( 'NONE',  ( 3.650109788693631341, 1.990428337651675594, 2.807170408988751920 ) ) ;
#1154 = CARTESIAN_POINT ( 'NONE',  ( 3.924999999998999733, 0.9000000000000002442, -0.8662277660160003778 ) ) ;
#1155 = VERTEX_POINT ( 'NONE', #8168 ) ;
#1156 = DIRECTION ( 'NONE',  ( -1.000000000000000000, 0.000000000000000000, 0.000000000000000000 ) ) ;
#1157 = CARTESIAN_POINT ( 'NONE',  ( 2.725000000000000089, 0.6000000000000003109, 0.1000000000010001083 ) ) ;
#1158 = FACE_OUTER_BOUND ( 'NONE', #8503, .T. ) ;
#1159 = VECTOR ( 'NONE', #8838, 1000.000000000000000 ) ;
#1160 = CARTESIAN_POINT ( 'NONE',  ( -3.399999999998999822, 0.000000000000000000, -0.4499999999989998112 ) ) ;
#1161 = DIRECTION ( 'NONE',  ( -1.000000000000000000, 0.000000000000000000, 0.000000000000000000 ) ) ;
#1162 = AXIS2_PLACEMENT_3D ( 'NONE', #350, #10103, #3429 ) ;
#1163 = LINE ( 'NONE', #9174, #5530 ) ;
#1164 = VERTEX_POINT ( 'NONE', #1376 ) ;
#1165 = ORIENTED_EDGE ( 'NONE', *, *, #2770, .F. ) ;
#1166 = DIRECTION ( 'NONE',  ( 1.000000000000000000, 0.000000000000000000, 0.000000000000000000 ) ) ;
#1167 = EDGE_CURVE ( 'NONE', #7103, #6151, #7729, .T. ) ;
#1168 = CARTESIAN_POINT ( 'NONE',  ( 4.316585609973000004, 1.199999999999000089, 2.559999999999999609 ) ) ;
#1169 = CARTESIAN_POINT ( 'NONE',  ( -2.774999999999000266, 0.1000000000000002554, 1.000068083900629290E-12 ) ) ;
#1170 = CARTESIAN_POINT ( 'NONE',  ( -3.624999999998999467, 0.7999999999999999334, -0.8662277660160003778 ) ) ;
#1171 = LINE ( 'NONE', #8666, #2903 ) ;
#1172 = CARTESIAN_POINT ( 'NONE',  ( 3.220000000000000195, 2.000000000000000444, 0.05000000000099998065 ) ) ;
#1173 = EDGE_CURVE ( 'NONE', #3730, #7283, #7205, .T. ) ;
#1174 = CARTESIAN_POINT ( 'NONE',  ( 1.626905487803999906, -1.486273930030999946, 0.07000000000100004005 ) ) ;
#1175 = DIRECTION ( 'NONE',  ( 0.000000000000000000, 3.491481338843000432E-15, -1.000000000000000000 ) ) ;
#1176 = ORIENTED_EDGE ( 'NONE', *, *, #9605, .T. ) ;
#1177 = ADVANCED_FACE ( 'NONE', ( #8104, #476 ), #10160, .T. ) ;
#1178 = CARTESIAN_POINT ( 'NONE',  ( 0.08536585365800000713, -1.608225149542999999, 0.07000000000100004005 ) ) ;
#1179 = EDGE_CURVE ( 'NONE', #730, #3491, #5988, .T. ) ;
#1180 = ORIENTED_EDGE ( 'NONE', *, *, #2312, .F. ) ;
#1181 = CARTESIAN_POINT ( 'NONE',  ( -0.7276656665049999750, -1.610753487273999918, 0.05000000000099998065 ) ) ;
#1182 = EDGE_CURVE ( 'NONE', #6843, #9917, #1295, .T. ) ;
#1183 = EDGE_CURVE ( 'NONE', #7175, #4213, #3536, .T. ) ;
#1184 = PLANE ( 'NONE',  #5311 ) ;
#1185 = DIRECTION ( 'NONE',  ( 0.000000000000000000, -3.491481338843000432E-15, 1.000000000000000000 ) ) ;
#1186 = DIRECTION ( 'NONE',  ( 0.000000000000000000, -1.000000000000000000, -4.336808689942017736E-15 ) ) ;
#1187 = EDGE_LOOP ( 'NONE', ( #8606, #5599, #9509, #1339, #5598, #3795 ) ) ;
#1188 = DIRECTION ( 'NONE',  ( 0.000000000000000000, 3.491481338843000432E-15, -1.000000000000000000 ) ) ;
#1189 = DIRECTION ( 'NONE',  ( 0.5000000000001899592, -0.8660254037843289066, -3.023711536278149615E-15 ) ) ;
#1190 = ORIENTED_EDGE ( 'NONE', *, *, #4395, .T. ) ;
#1191 = ORIENTED_EDGE ( 'NONE', *, *, #5376, .F. ) ;
#1192 = CARTESIAN_POINT ( 'NONE',  ( -3.773149841152741324, 1.929003562530544613, 2.732369382291105708 ) ) ;
#1193 = EDGE_CURVE ( 'NONE', #11211, #7341, #9575, .T. ) ;
#1194 = FACE_OUTER_BOUND ( 'NONE', #2156, .T. ) ;
#1195 = ORIENTED_EDGE ( 'NONE', *, *, #1314, .F. ) ;
#1196 = CARTESIAN_POINT ( 'NONE',  ( -3.219999999998999662, -5.900000000000000355, 3.209999999999000320 ) ) ;
#1197 = ORIENTED_EDGE ( 'NONE', *, *, #7752, .F. ) ;
#1198 = ORIENTED_EDGE ( 'NONE', *, *, #8794, .F. ) ;
#1199 = LINE ( 'NONE', #11844, #1894 ) ;
#1200 = CARTESIAN_POINT ( 'NONE',  ( 3.219999999998999662, 1.799999999998999956, 2.910000000000000142 ) ) ;
#1201 = EDGE_LOOP ( 'NONE', ( #6939, #9872, #8712, #3376 ) ) ;
#1202 = EDGE_CURVE ( 'NONE', #4351, #10528, #2747, .T. ) ;
#1203 = FACE_OUTER_BOUND ( 'NONE', #4614, .T. ) ;
#1204 = ORIENTED_EDGE ( 'NONE', *, *, #6570, .T. ) ;
#1205 = CARTESIAN_POINT ( 'NONE',  ( 3.219999999998999662, 2.000000000000000444, 1.300000000000999911 ) ) ;
#1206 = EDGE_CURVE ( 'NONE', #6706, #1433, #1788, .T. ) ;
#1207 = DIRECTION ( 'NONE',  ( 0.000000000000000000, 1.000000000000000000, 3.491481338843000432E-15 ) ) ;
#1208 = ORIENTED_EDGE ( 'NONE', *, *, #10017, .T. ) ;
#1209 = EDGE_LOOP ( 'NONE', ( #2566, #4502, #9345, #9385 ) ) ;
#1210 = DIRECTION ( 'NONE',  ( 1.000000000000000000, 0.000000000000000000, 0.000000000000000000 ) ) ;
#1211 = CARTESIAN_POINT ( 'NONE',  ( 4.169999999998999840, -5.899999999998999378, 1.300000000000000044 ) ) ;
#1212 = LINE ( 'NONE', #2426, #5727 ) ;
#1213 = ORIENTED_EDGE ( 'NONE', *, *, #6814, .T. ) ;
#1214 = CARTESIAN_POINT ( 'NONE',  ( 3.762671824785196240, 1.940002370764242423, 2.739780415794892399 ) ) ;
#1215 = LINE ( 'NONE', #9166, #5241 ) ;
#1216 = ORIENTED_EDGE ( 'NONE', *, *, #7284, .F. ) ;
#1217 = DIRECTION ( 'NONE',  ( -1.000000000000000000, 0.000000000000000000, 0.000000000000000000 ) ) ;
#1218 = LINE ( 'NONE', #6342, #10661 ) ;
#1219 = CARTESIAN_POINT ( 'NONE',  ( 0.2250000000000000056, 0.6000000000000003109, 0.05000000000099998065 ) ) ;
#1220 = FACE_OUTER_BOUND ( 'NONE', #25, .T. ) ;
#1221 = LINE ( 'NONE', #5132, #3006 ) ;
#1222 = EDGE_CURVE ( 'NONE', #3597, #12246, #12310, .T. ) ;
#1223 = ADVANCED_FACE ( 'NONE', ( #764 ), #7409, .T. ) ;
#1224 = DIRECTION ( 'NONE',  ( 0.000000000000000000, -3.491481338843000432E-15, 1.000000000000000000 ) ) ;
#1225 = SURFACE_SIDE_STYLE ('',( #4304 ) ) ;
#1226 = VECTOR ( 'NONE', #758, 1000.000000000000000 ) ;
#1227 = ORIENTED_EDGE ( 'NONE', *, *, #229, .F. ) ;
#1228 = ORIENTED_EDGE ( 'NONE', *, *, #9452, .T. ) ;
#1229 = CARTESIAN_POINT ( 'NONE',  ( 3.220000000000000195, -2.049999999999000178, 0.3499999999999998113 ) ) ;
#1230 = DIRECTION ( 'NONE',  ( 0.000000000000000000, -3.491481338843000432E-15, 1.000000000000000000 ) ) ;
#1231 = ORIENTED_EDGE ( 'NONE', *, *, #6528, .F. ) ;
#1232 = DIRECTION ( 'NONE',  ( -1.000000000000000000, 0.000000000000000000, 0.000000000000000000 ) ) ;
#1233 = CARTESIAN_POINT ( 'NONE',  ( -3.924999999998999733, 0.9000000000000002442, 0.3500000000010001222 ) ) ;
#1234 = VECTOR ( 'NONE', #12374, 1000.000000000000000 ) ;
#1235 = LINE ( 'NONE', #5147, #3342 ) ;
#1236 = AXIS2_PLACEMENT_3D ( 'NONE', #11807, #2954, #841 ) ;
#1237 = CARTESIAN_POINT ( 'NONE',  ( 1.638243466998000164, -1.429249324850999869, 0.05000000000099998065 ) ) ;
#1238 = AXIS2_PLACEMENT_3D ( 'NONE', #9982, #5095, #9003 ) ;
#1239 = PLANE ( 'NONE',  #8117 ) ;
#1240 = EDGE_CURVE ( 'NONE', #11707, #1332, #9271, .T. ) ;
#1241 = CARTESIAN_POINT ( 'NONE',  ( 4.469999999999999751, 0.5000000000000000000, 1.100000000000999956 ) ) ;
#1242 = CIRCLE ( 'NONE', #5130, 0.2000000000000000944 ) ;
#1243 = VERTEX_POINT ( 'NONE', #5633 ) ;
#1244 = LINE ( 'NONE', #7267, #4963 ) ;
#1245 = VECTOR ( 'NONE', #9700, 1000.000000000000000 ) ;
#1246 = EDGE_CURVE ( 'NONE', #11712, #11326, #11657, .T. ) ;
#1247 = FACE_OUTER_BOUND ( 'NONE', #12410, .T. ) ;
#1248 = AXIS2_PLACEMENT_3D ( 'NONE', #9040, #449, #10976 ) ;
#1249 = CARTESIAN_POINT ( 'NONE',  ( -4.469999999998999662, 2.000000000000000444, 1.709999999999999964 ) ) ;
#1250 = DIRECTION ( 'NONE',  ( 0.000000000000000000, -3.491481338843000432E-15, 1.000000000000000000 ) ) ;
#1251 = DIRECTION ( 'NONE',  ( 0.000000000000000000, 3.491481338843000432E-15, -1.000000000000000000 ) ) ;
#1252 = ADVANCED_FACE ( 'NONE', ( #8839 ), #4995, .T. ) ;
#1253 = CARTESIAN_POINT ( 'NONE',  ( 1.224999999999999867, 0.9000000000000002442, 0.1000000000010001083 ) ) ;
#1254 = EDGE_CURVE ( 'NONE', #11419, #11910, #3132, .T. ) ;
#1255 = VECTOR ( 'NONE', #5081, 1000.000000000000000 ) ;
#1256 = VERTEX_POINT ( 'NONE', #12671 ) ;
#1257 = VERTEX_POINT ( 'NONE', #5955 ) ;
#1258 = DIRECTION ( 'NONE',  ( 0.000000000000000000, 0.000000000000000000, 1.000000000000000000 ) ) ;
#1259 = VECTOR ( 'NONE', #6968, 1000.000000000000000 ) ;
#1260 = DIRECTION ( 'NONE',  ( -5.421010862426999550E-16, 1.000000000000000000, 0.000000000000000000 ) ) ;
#1261 = ORIENTED_EDGE ( 'NONE', *, *, #11646, .F. ) ;
#1262 = CARTESIAN_POINT ( 'NONE',  ( 0.5870807926820000855, -1.608225149542999999, 0.07000000000100004005 ) ) ;
#1263 = EDGE_LOOP ( 'NONE', ( #11070, #7984, #12413, #8888 ) ) ;
#1264 = ADVANCED_FACE ( 'NONE', ( #9875 ), #8901, .F. ) ;
#1265 = ORIENTED_EDGE ( 'NONE', *, *, #11696, .F. ) ;
#1266 = CIRCLE ( 'NONE', #8629, 0.2000000000000000944 ) ;
#1267 = CARTESIAN_POINT ( 'NONE',  ( -2.724999999999000000, 1.400000000000000133, 0.1000000000010001083 ) ) ;
#1268 = PLANE ( 'NONE',  #2685 ) ;
#1269 = EDGE_CURVE ( 'NONE', #6467, #3764, #9809, .T. ) ;
#1270 = ORIENTED_EDGE ( 'NONE', *, *, #8459, .T. ) ;
#1271 = CARTESIAN_POINT ( 'NONE',  ( 4.469999999998999662, 0.7000000000000000666, 1.100000000000999956 ) ) ;
#1272 = EDGE_LOOP ( 'NONE', ( #8944, #4084, #9303, #1655, #11089, #5051 ) ) ;
#1273 = DIRECTION ( 'NONE',  ( -1.000000000000000000, 0.000000000000000000, 0.000000000000000000 ) ) ;
#1274 = CARTESIAN_POINT ( 'NONE',  ( 1.275000000000000133, -9.116756773326001095, 0.04999999999999991257 ) ) ;
#1275 = ORIENTED_EDGE ( 'NONE', *, *, #2438, .F. ) ;
#1276 = AXIS2_PLACEMENT_3D ( 'NONE', #525, #4437, #8469 ) ;
#1277 = ORIENTED_EDGE ( 'NONE', *, *, #11804, .T. ) ;
#1278 = FACE_OUTER_BOUND ( 'NONE', #10851, .T. ) ;
#1279 = FACE_OUTER_BOUND ( 'NONE', #7617, .T. ) ;
#1280 = DIRECTION ( 'NONE',  ( -0.3390537954853609093, -0.9407669869670017837, -3.284670379197499410E-15 ) ) ;
#1281 = VERTEX_POINT ( 'NONE', #2873 ) ;
#1282 = DIRECTION ( 'NONE',  ( 0.000000000000000000, 3.491481338843000432E-15, -1.000000000000000000 ) ) ;
#1283 = DIRECTION ( 'NONE',  ( 0.000000000000000000, -1.000000000000000000, -3.491481338843000432E-15 ) ) ;
#1284 = ADVANCED_FACE ( 'NONE', ( #113 ), #10907, .F. ) ;
#1285 = ORIENTED_EDGE ( 'NONE', *, *, #2119, .T. ) ;
#1286 = LINE ( 'NONE', #10137, #5785 ) ;
#1287 = LINE ( 'NONE', #2372, #2871 ) ;
#1288 = PLANE ( 'NONE',  #7375 ) ;
#1289 =( GEOMETRIC_REPRESENTATION_CONTEXT ( 3 ) GLOBAL_UNCERTAINTY_ASSIGNED_CONTEXT ( ( #385 ) ) GLOBAL_UNIT_ASSIGNED_CONTEXT ( ( #3895, #1776, #9663 ) ) REPRESENTATION_CONTEXT ( 'NONE', 'WORKASPACE' ) );
#1290 = AXIS2_PLACEMENT_3D ( 'NONE', #1824, #8751, #3697 ) ;
#1291 = DIRECTION ( 'NONE',  ( -1.000000000000000000, 0.000000000000000000, 0.000000000000000000 ) ) ;
#1292 = LINE ( 'NONE', #12066, #5866 ) ;
#1293 = PLANE ( 'NONE',  #10559 ) ;
#1294 = PLANE ( 'NONE',  #1093 ) ;
#1295 = CIRCLE ( 'NONE', #8043, 0.1999999999990000332 ) ;
#1296 = ORIENTED_EDGE ( 'NONE', *, *, #9477, .F. ) ;
#1297 = ORIENTED_EDGE ( 'NONE', *, *, #280, .F. ) ;
#1298 = DIRECTION ( 'NONE',  ( 0.000000000000000000, -3.790571593321000372E-15, 1.000000000000000000 ) ) ;
#1299 = LINE ( 'NONE', #5207, #2673 ) ;
#1300 = VECTOR ( 'NONE', #6202, 1000.000000000000000 ) ;
#1301 = ORIENTED_EDGE ( 'NONE', *, *, #3179, .T. ) ;
#1302 = CIRCLE ( 'NONE', #11338, 0.1999999999999996503 ) ;
#1303 = CARTESIAN_POINT ( 'NONE',  ( -0.02500000000000000139, 1.800000000000000044, 0.1000000000010001083 ) ) ;
#1304 = EDGE_CURVE ( 'NONE', #11731, #10309, #6779, .T. ) ;
#1305 = CARTESIAN_POINT ( 'NONE',  ( 1.695121951219000112, -1.608225149542999999, 0.07000000000100004005 ) ) ;
#1306 = CARTESIAN_POINT ( 'NONE',  ( -3.924999999998999733, 0.9000000000000002442, 0.3500000000010001222 ) ) ;
#1307 = LINE ( 'NONE', #10093, #6765 ) ;
#1308 = CARTESIAN_POINT ( 'NONE',  ( 0.5959318755150000424, -0.6085714549189998879, 0.05000000000099998065 ) ) ;
#1309 = CARTESIAN_POINT ( 'NONE',  ( -1.206377465836000251, -1.267651626271000032, 0.07000000000100004005 ) ) ;
#1310 = VECTOR ( 'NONE', #6444, 1000.000000000000000 ) ;
#1311 = ORIENTED_EDGE ( 'NONE', *, *, #4755, .T. ) ;
#1312 = CARTESIAN_POINT ( 'NONE',  ( 3.219999999998999662, -1.300000000000000044, 0.4500000000009999335 ) ) ;
#1313 = CARTESIAN_POINT ( 'NONE',  ( 2.774999999999999911, 1.400000000000000133, 0.1000000000010001083 ) ) ;
#1314 = EDGE_CURVE ( 'NONE', #11145, #3730, #3010, .T. ) ;
#1315 = LINE ( 'NONE', #8044, #613 ) ;
#1316 = CARTESIAN_POINT ( 'NONE',  ( -4.145228483042874501, 1.988237140343438236, 2.800579406847488961 ) ) ;
#1317 = VECTOR ( 'NONE', #455, 1000.000000000000000 ) ;
#1318 = LINE ( 'NONE', #9136, #9651 ) ;
#1319 = LINE ( 'NONE', #5223, #1753 ) ;
#1320 = CARTESIAN_POINT ( 'NONE',  ( -3.219999999998999662, 1.800000000000000044, 0.1000000000010001083 ) ) ;
#1321 = EDGE_LOOP ( 'NONE', ( #4580, #2170, #6296, #3960 ) ) ;
#1322 = VERTEX_POINT ( 'NONE', #2943 ) ;
#1323 = DIRECTION ( 'NONE',  ( 0.000000000000000000, 1.000000000000000000, 3.491481338843000432E-15 ) ) ;
#1324 = PLANE ( 'NONE',  #1082 ) ;
#1325 = ORIENTED_EDGE ( 'NONE', *, *, #3229, .T. ) ;
#1326 = EDGE_CURVE ( 'NONE', #1066, #10789, #9939, .T. ) ;
#1327 = CARTESIAN_POINT ( 'NONE',  ( -1.474999999999000000, 0.1000000000000002554, 0.1000000000010001083 ) ) ;
#1328 = VERTEX_POINT ( 'NONE', #5824 ) ;
#1329 = ORIENTED_EDGE ( 'NONE', *, *, #9638, .F. ) ;
#1330 = LINE ( 'NONE', #10120, #10710 ) ;
#1331 = CARTESIAN_POINT ( 'NONE',  ( 4.469999999998999662, -5.899999999998999378, 1.300000000000000044 ) ) ;
#1332 = VERTEX_POINT ( 'NONE', #6982 ) ;
#1333 = CARTESIAN_POINT ( 'NONE',  ( 3.725000000000000089, 0.9000000000000002442, -0.5499999999990000665 ) ) ;
#1334 = VERTEX_POINT ( 'NONE', #9678 ) ;
#1335 = CARTESIAN_POINT ( 'NONE',  ( -3.847245554372231702, 1.251456051021900606, 2.673544842464732785 ) ) ;
#1336 = PLANE ( 'NONE',  #3966 ) ;
#1337 = VERTEX_POINT ( 'NONE', #957 ) ;
#1338 = EDGE_CURVE ( 'NONE', #4834, #10964, #3910, .T. ) ;
#1339 = ORIENTED_EDGE ( 'NONE', *, *, #8956, .F. ) ;
#1340 = DIRECTION ( 'NONE',  ( -1.000000000000000000, 0.000000000000000000, 0.000000000000000000 ) ) ;
#1341 = FACE_OUTER_BOUND ( 'NONE', #8876, .T. ) ;
#1342 = EDGE_CURVE ( 'NONE', #4527, #3764, #8008, .T. ) ;
#1343 = DIRECTION ( 'NONE',  ( 0.000000000000000000, 3.491481338843000432E-15, -1.000000000000000000 ) ) ;
#1344 = EDGE_CURVE ( 'NONE', #12673, #6949, #6846, .T. ) ;
#1345 = ORIENTED_EDGE ( 'NONE', *, *, #11329, .F. ) ;
#1346 = VECTOR ( 'NONE', #8440, 1000.000000000000000 ) ;
#1347 = CARTESIAN_POINT ( 'NONE',  ( -1.774999999999000044, 0.1000000000000002554, 0.05000000000099998065 ) ) ;
#1349 = ORIENTED_EDGE ( 'NONE', *, *, #12361, .T. ) ;
#1348 = AXIS2_PLACEMENT_3D ( 'NONE', #6867, #10792, #133 ) ;
#1350 = DIRECTION ( 'NONE',  ( 1.000000000000000000, 0.000000000000000000, 0.000000000000000000 ) ) ;
#1351 = CARTESIAN_POINT ( 'NONE',  ( -0.2926829268289999897, -1.498469051981999867, 0.07000000000100004005 ) ) ;
#1352 = FACE_OUTER_BOUND ( 'NONE', #11102, .T. ) ;
#1353 = LINE ( 'NONE', #4179, #437 ) ;
#1354 = CARTESIAN_POINT ( 'NONE',  ( 3.624999999998999467, 0.9000000000000002442, 0.3500000000010001222 ) ) ;
#1355 = FACE_OUTER_BOUND ( 'NONE', #7789, .T. ) ;
#1356 = AXIS2_PLACEMENT_3D ( 'NONE', #12631, #1362, #9050 ) ;
#1357 = CIRCLE ( 'NONE', #2986, 0.9499999999990003108 ) ;
#1358 = EDGE_CURVE ( 'NONE', #11389, #6206, #1150, .T. ) ;
#1359 = VECTOR ( 'NONE', #11661, 1000.000000000000000 ) ;
#1360 = ORIENTED_EDGE ( 'NONE', *, *, #3433, .T. ) ;
#1361 = ORIENTED_EDGE ( 'NONE', *, *, #3991, .F. ) ;
#1362 = DIRECTION ( 'NONE',  ( 0.000000000000000000, 1.000000000000000000, 3.491481338843000432E-15 ) ) ;
#1363 = DIRECTION ( 'NONE',  ( 0.000000000000000000, 3.491481338843000432E-15, -1.000000000000000000 ) ) ;
#1364 = VERTEX_POINT ( 'NONE', #3975 ) ;
#1365 = PLANE ( 'NONE',  #5327 ) ;
#1366 = DIRECTION ( 'NONE',  ( 0.000000000000000000, -1.000000000000000000, -3.641026466082000599E-15 ) ) ;
#1367 = VECTOR ( 'NONE', #4037, 1000.000000000000000 ) ;
#1368 = VECTOR ( 'NONE', #6491, 1000.000000000000000 ) ;
#1369 = CARTESIAN_POINT ( 'NONE',  ( 4.219999999998999662, 1.849999999999000000, 2.709999999999999520 ) ) ;
#1370 = VECTOR ( 'NONE', #7146, 1000.000000000000000 ) ;
#1371 = CARTESIAN_POINT ( 'NONE',  ( 1.638243466998000164, -1.429249324850999869, 0.07000000000100004005 ) ) ;
#1372 = DIRECTION ( 'NONE',  ( 0.000000000000000000, -1.000000000000000000, -3.523657060582293621E-15 ) ) ;
#1373 = LINE ( 'NONE', #6302, #6745 ) ;
#1374 = EDGE_CURVE ( 'NONE', #10064, #8703, #7878, .T. ) ;
#1375 = ORIENTED_EDGE ( 'NONE', *, *, #6032, .T. ) ;
#1376 = CARTESIAN_POINT ( 'NONE',  ( -0.5249999999990000443, 2.200000000000000178, 0.1000000000010001083 ) ) ;
#1377 = CIRCLE ( 'NONE', #1137, 0.1499999999989998778 ) ;
#1378 = CARTESIAN_POINT ( 'NONE',  ( -2.024999999999999911, 1.400000000000000133, 0.1000000000010001083 ) ) ;
#1379 = LINE ( 'NONE', #7017, #8396 ) ;
#1380 = LINE ( 'NONE', #11192, #10785 ) ;
#1381 = DIRECTION ( 'NONE',  ( -1.000000000000000000, 0.000000000000000000, 0.000000000000000000 ) ) ;
#1382 = LINE ( 'NONE', #6247, #9649 ) ;
#1383 = ORIENTED_EDGE ( 'NONE', *, *, #513, .T. ) ;
#1384 = ORIENTED_EDGE ( 'NONE', *, *, #6572, .T. ) ;
#1385 = CARTESIAN_POINT ( 'NONE',  ( -2.474999999998999556, 0.9000000000000002442, 0.1000000000010001083 ) ) ;
#1386 = EDGE_CURVE ( 'NONE', #10355, #2412, #9847, .T. ) ;
#1387 = EDGE_CURVE ( 'NONE', #11271, #4280, #7782, .T. ) ;
#1388 = CARTESIAN_POINT ( 'NONE',  ( 0.9749999999989999999, -9.116756773326001095, 0.04999999999999991257 ) ) ;
#1389 = ORIENTED_EDGE ( 'NONE', *, *, #9394, .F. ) ;
#1390 = LINE ( 'NONE', #5360, #4460 ) ;
#1391 = ORIENTED_EDGE ( 'NONE', *, *, #1407, .T. ) ;
#1392 = ORIENTED_EDGE ( 'NONE', *, *, #8041, .F. ) ;
#1393 = LINE ( 'NONE', #8889, #1300 ) ;
#1394 = AXIS2_PLACEMENT_3D ( 'NONE', #1529, #860, #11278 ) ;
#1395 = DIRECTION ( 'NONE',  ( 0.000000000000000000, -3.491481338843000432E-15, 1.000000000000000000 ) ) ;
#1396 = ORIENTED_EDGE ( 'NONE', *, *, #5949, .F. ) ;
#1397 = CARTESIAN_POINT ( 'NONE',  ( 4.469999999998999662, -4.349999999998999556, 1.300000000000000044 ) ) ;
#1398 = ORIENTED_EDGE ( 'NONE', *, *, #9481, .T. ) ;
#1399 = DIRECTION ( 'NONE',  ( -1.000000000000000000, 0.000000000000000000, 0.000000000000000000 ) ) ;
#1400 = ADVANCED_FACE ( 'NONE', ( #8708 ), #2239, .T. ) ;
#1401 = VECTOR ( 'NONE', #11710, 1000.000000000000000 ) ;
#1402 = CARTESIAN_POINT ( 'NONE',  ( -1.974999999999000222, 0.9000000000000002442, 0.1000000000010001083 ) ) ;
#1403 = ORIENTED_EDGE ( 'NONE', *, *, #7203, .F. ) ;
#1404 = DIRECTION ( 'NONE',  ( 0.000000000000000000, 3.491481338843000432E-15, -1.000000000000000000 ) ) ;
#1405 = CARTESIAN_POINT ( 'NONE',  ( 4.169999999998999840, -4.149999999999000266, 1.300000000000000044 ) ) ;
#1406 = CARTESIAN_POINT ( 'NONE',  ( -0.2926829268289999897, -0.7179812471039999089, 0.07000000000100004005 ) ) ;
#1407 = EDGE_CURVE ( 'NONE', #8423, #3968, #5119, .T. ) ;
#1408 = ORIENTED_EDGE ( 'NONE', *, *, #9145, .T. ) ;
#1409 = LINE ( 'NONE', #9224, #6067 ) ;
#1410 = EDGE_LOOP ( 'NONE', ( #11081, #10955, #6987, #5496 ) ) ;
#1411 = CARTESIAN_POINT ( 'NONE',  ( -4.169999999998999840, -4.349999999998999556, 1.300000000000000044 ) ) ;
#1412 = DIRECTION ( 'NONE',  ( 1.000000000000000000, 0.000000000000000000, 0.000000000000000000 ) ) ;
#1413 = DIRECTION ( 'NONE',  ( 0.000000000000000000, 3.491481338843000432E-15, -1.000000000000000000 ) ) ;
#1414 = CARTESIAN_POINT ( 'NONE',  ( -3.220000000000000195, 1.999999999999000355, 3.209999999999999964 ) ) ;
#1415 = CARTESIAN_POINT ( 'NONE',  ( -4.169999999998999840, -3.950000000000000178, 1.500000000000000000 ) ) ;
#1416 = EDGE_CURVE ( 'NONE', #7283, #11326, #11221, .T. ) ;
#1417 = ADVANCED_FACE ( 'NONE', ( #4292 ), #11159, .T. ) ;
#1418 = CARTESIAN_POINT ( 'NONE',  ( -4.169999999998999840, -5.899999999998999378, 1.300000000000000044 ) ) ;
#1419 = LINE ( 'NONE', #11868, #9079 ) ;
#1420 = ORIENTED_EDGE ( 'NONE', *, *, #12097, .T. ) ;
#1421 = VERTEX_POINT ( 'NONE', #10068 ) ;
#1422 = DIRECTION ( 'NONE',  ( -1.000000000000000000, 0.000000000000000000, 0.000000000000000000 ) ) ;
#1423 = CARTESIAN_POINT ( 'NONE',  ( 4.169999999998999840, 2.000000000000000444, 1.709999999999999964 ) ) ;
#1424 = ORIENTED_EDGE ( 'NONE', *, *, #6884, .F. ) ;
#1425 = CARTESIAN_POINT ( 'NONE',  ( -0.02500000000000000139, 1.678388218141000365, 0.8000000000009999113 ) ) ;
#1426 = FACE_OUTER_BOUND ( 'NONE', #9653, .T. ) ;
#1427 = EDGE_CURVE ( 'NONE', #8046, #5924, #1212, .T. ) ;
#1428 = CARTESIAN_POINT ( 'NONE',  ( -2.974999999998999556, 0.6000000000000003109, 0.3500000000010001222 ) ) ;
#1429 = VECTOR ( 'NONE', #7079, 1000.000000000000000 ) ;
#1430 = CARTESIAN_POINT ( 'NONE',  ( -0.2249999999989999999, 2.200000000000000178, 1.000068083900629290E-12 ) ) ;
#1431 = CARTESIAN_POINT ( 'NONE',  ( -4.469999999998999662, 2.000000000000000444, 1.709999999999999964 ) ) ;
#1432 = DIRECTION ( 'NONE',  ( 0.000000000000000000, -0.7071067811865474617, -0.7071067811865474617 ) ) ;
#1433 = VERTEX_POINT ( 'NONE', #10968 ) ;
#1434 = DIRECTION ( 'NONE',  ( -1.000000000000000000, 0.000000000000000000, 0.000000000000000000 ) ) ;
#1435 = CARTESIAN_POINT ( 'NONE',  ( 4.169999999998999840, -3.949999999998999645, -0.06715728752500009502 ) ) ;
#1436 = LINE ( 'NONE', #8967, #4098 ) ;
#1437 = VECTOR ( 'NONE', #3912, 1000.000000000000000 ) ;
#1438 = VECTOR ( 'NONE', #11689, 1000.000000000000000 ) ;
#1439 = EDGE_CURVE ( 'NONE', #9802, #1421, #1242, .T. ) ;
#1440 = CARTESIAN_POINT ( 'NONE',  ( -4.171143117408282031, 1.971264685968997288, 2.771128761651092454 ) ) ;
#1441 = AXIS2_PLACEMENT_3D ( 'NONE', #8454, #11409, #10266 ) ;
#1442 = EDGE_CURVE ( 'NONE', #2229, #4463, #2179, .T. ) ;
#1443 = DIRECTION ( 'NONE',  ( 1.445602896647000101E-15, 1.000000000000000000, 3.491481338843000432E-15 ) ) ;
#1444 = DIRECTION ( 'NONE',  ( 0.000000000000000000, -1.000000000000000000, -4.336808689942017736E-15 ) ) ;
#1445 = VERTEX_POINT ( 'NONE', #311 ) ;
#1446 = VECTOR ( 'NONE', #7240, 1000.000000000000000 ) ;
#1447 = ORIENTED_EDGE ( 'NONE', *, *, #6438, .T. ) ;
#1448 = DIRECTION ( 'NONE',  ( 0.000000000000000000, -1.000000000000000000, -3.491481338843000432E-15 ) ) ;
#1449 = AXIS2_PLACEMENT_3D ( 'NONE', #974, #3992, #4055 ) ;
#1450 = FACE_OUTER_BOUND ( 'NONE', #11358, .T. ) ;
#1451 = VERTEX_POINT ( 'NONE', #5377 ) ;
#1452 = VECTOR ( 'NONE', #9295, 1000.000000000000000 ) ;
#1453 = CARTESIAN_POINT ( 'NONE',  ( 0.9495739938099999611, -1.283803631005000057, 0.07000000000100004005 ) ) ;
#1454 = ORIENTED_EDGE ( 'NONE', *, *, #6087, .T. ) ;
#1455 = ADVANCED_FACE ( 'NONE', ( #6335 ), #11993, .F. ) ;
#1456 = ADVANCED_FACE ( 'NONE', ( #1472 ), #6276, .F. ) ;
#1457 = ORIENTED_EDGE ( 'NONE', *, *, #4701, .F. ) ;
#1458 = AXIS2_PLACEMENT_3D ( 'NONE', #11485, #8531, #2698 ) ;
#1459 = DIRECTION ( 'NONE',  ( 0.000000000000000000, -1.000000000000000000, -3.491481338843000432E-15 ) ) ;
#1460 = AXIS2_PLACEMENT_3D ( 'NONE', #9458, #7716, #11635 ) ;
#1461 = CARTESIAN_POINT ( 'NONE',  ( 0.000000000000000000, 1.800000000000000044, 0.05000000000099998065 ) ) ;
#1462 = EDGE_LOOP ( 'NONE', ( #6700, #5474, #4813, #10145 ) ) ;
#1463 = CARTESIAN_POINT ( 'NONE',  ( 3.399999999998999822, 0.000000000000000000, -0.4999999999989999666 ) ) ;
#1464 = EDGE_LOOP ( 'NONE', ( #8300, #3172, #8735, #6102 ) ) ;
#1465 = CARTESIAN_POINT ( 'NONE',  ( 1.775000000000000133, 1.800000000000000044, -0.5499999999990000665 ) ) ;
#1466 = CARTESIAN_POINT ( 'NONE',  ( -5.750624847485999780, 1.349999999999000000, 1.709999999999999964 ) ) ;
#1467 = ORIENTED_EDGE ( 'NONE', *, *, #3919, .F. ) ;
#1468 = VECTOR ( 'NONE', #320, 1000.000000000000000 ) ;
#1469 = CARTESIAN_POINT ( 'NONE',  ( -2.024999999998999822, 1.800000000000000044, 0.1000000000010001083 ) ) ;
#1470 = AXIS2_PLACEMENT_3D ( 'NONE', #215, #2280, #6188 ) ;
#1471 = CARTESIAN_POINT ( 'NONE',  ( -4.169999999998999840, -0.09999999999999982514, 1.300000000000999911 ) ) ;
#1472 = FACE_OUTER_BOUND ( 'NONE', #844, .T. ) ;
#1473 = ORIENTED_EDGE ( 'NONE', *, *, #8535, .T. ) ;
#1474 = LINE ( 'NONE', #8329, #9967 ) ;
#1475 = EDGE_CURVE ( 'NONE', #1066, #7175, #8075, .T. ) ;
#1476 = ORIENTED_EDGE ( 'NONE', *, *, #327, .T. ) ;
#1477 = CARTESIAN_POINT ( 'NONE',  ( 0.06097560975599999877, -1.169200759298999914, 0.05000000000099998065 ) ) ;
#1478 = CARTESIAN_POINT ( 'NONE',  ( -4.219999999998999662, 1.999999999999000355, 2.709999999999999520 ) ) ;
#1479 = LINE ( 'NONE', #7433, #11674 ) ;
#1480 = LINE ( 'NONE', #12425, #5109 ) ;
#1481 = DIRECTION ( 'NONE',  ( 1.000000000000000000, 0.000000000000000000, 0.000000000000000000 ) ) ;
#1482 = VECTOR ( 'NONE', #7852, 1000.000000000000114 ) ;
#1483 = CARTESIAN_POINT ( 'NONE',  ( 2.474999999998999556, 1.400000000000000133, 0.1000000000010001083 ) ) ;
#1484 = DIRECTION ( 'NONE',  ( 1.000000000000000000, 0.000000000000000000, 0.000000000000000000 ) ) ;
#1485 = ORIENTED_EDGE ( 'NONE', *, *, #1542, .F. ) ;
#1486 = ORIENTED_EDGE ( 'NONE', *, *, #342, .F. ) ;
#1487 = CARTESIAN_POINT ( 'NONE',  ( -2.524999999998999822, 2.200000000000000178, 0.1000000000010001083 ) ) ;
#1488 = DIRECTION ( 'NONE',  ( 1.734723475978195095E-15, 3.642919299554209739E-15, -1.000000000000000000 ) ) ;
#1489 = ORIENTED_EDGE ( 'NONE', *, *, #399, .F. ) ;
#1490 = CARTESIAN_POINT ( 'NONE',  ( 1.052547431779000009, -1.364330529189999863, 0.07000000000100004005 ) ) ;
#1491 = EDGE_CURVE ( 'NONE', #11561, #8056, #2307, .T. ) ;
#1492 = EDGE_CURVE ( 'NONE', #4100, #1145, #11034, .T. ) ;
#1493 = VECTOR ( 'NONE', #8732, 1000.000000000000000 ) ;
#1494 = CARTESIAN_POINT ( 'NONE',  ( -3.500000000000000000, -4.433974596214999231, 1.979999999998999893 ) ) ;
#1495 = CARTESIAN_POINT ( 'NONE',  ( -4.469999999999999751, 0.5000000000000000000, 1.100000000000999956 ) ) ;
#1496 = CARTESIAN_POINT ( 'NONE',  ( -3.219999999998999662, 1.999999999999000355, 2.910000000000000142 ) ) ;
#1497 = PLANE ( 'NONE',  #9544 ) ;
#1498 = CARTESIAN_POINT ( 'NONE',  ( -3.219999999998999662, 1.799999999998999956, 2.910000000000000142 ) ) ;
#1499 = VECTOR ( 'NONE', #10442, 1000.000000000000000 ) ;
#1500 = VECTOR ( 'NONE', #9120, 1000.000000000000000 ) ;
#1501 = VERTEX_POINT ( 'NONE', #3333 ) ;
#1502 = VERTEX_POINT ( 'NONE', #12117 ) ;
#1503 = EDGE_CURVE ( 'NONE', #2985, #8252, #5310, .T. ) ;
#1504 = FACE_OUTER_BOUND ( 'NONE', #2302, .T. ) ;
#1505 = EDGE_CURVE ( 'NONE', #12273, #7008, #376, .T. ) ;
#1506 = DIRECTION ( 'NONE',  ( -1.000000000000000000, 0.000000000000000000, 0.000000000000000000 ) ) ;
#1507 = VECTOR ( 'NONE', #11836, 1000.000000000000000 ) ;
#1508 = DIRECTION ( 'NONE',  ( 0.000000000000000000, 3.491481338843000432E-15, -1.000000000000000000 ) ) ;
#1509 = DIRECTION ( 'NONE',  ( 1.000000000000000000, 0.000000000000000000, 0.000000000000000000 ) ) ;
#1510 = ORIENTED_EDGE ( 'NONE', *, *, #7468, .F. ) ;
#1511 = VERTEX_POINT ( 'NONE', #4356 ) ;
#1512 = CARTESIAN_POINT ( 'NONE',  ( -1.724999999999000000, 1.400000000000000133, 0.1000000000010001083 ) ) ;
#1513 = ORIENTED_EDGE ( 'NONE', *, *, #2423, .F. ) ;
#1514 = LINE ( 'NONE', #4698, #10304 ) ;
#1515 = EDGE_CURVE ( 'NONE', #12230, #3136, #7113, .T. ) ;
#1516 = VECTOR ( 'NONE', #7312, 1000.000000000000000 ) ;
#1517 = DIRECTION ( 'NONE',  ( -1.000000000000000000, 0.000000000000000000, 0.000000000000000000 ) ) ;
#1518 = ORIENTED_EDGE ( 'NONE', *, *, #11061, .F. ) ;
#1519 = ORIENTED_EDGE ( 'NONE', *, *, #4170, .F. ) ;
#1520 = LINE ( 'NONE', #554, #10480 ) ;
#1521 = PLANE ( 'NONE',  #3922 ) ;
#1522 = VERTEX_POINT ( 'NONE', #3393 ) ;
#1523 = LINE ( 'NONE', #5428, #2453 ) ;
#1524 = ORIENTED_EDGE ( 'NONE', *, *, #10273, .F. ) ;
#1525 = CARTESIAN_POINT ( 'NONE',  ( -1.451219512195000005, -0.7179812471039999089, 0.07000000000100004005 ) ) ;
#1526 = CARTESIAN_POINT ( 'NONE',  ( -4.169999999998999840, 0.7000000000000000666, -0.5499999999990000665 ) ) ;
#1527 = VERTEX_POINT ( 'NONE', #9099 ) ;
#1528 = EDGE_CURVE ( 'NONE', #5049, #843, #12234, .T. ) ;
#1529 = CARTESIAN_POINT ( 'NONE',  ( -4.469999999998999662, 1.199999999999000089, 1.709999999999999964 ) ) ;
#1530 = DIRECTION ( 'NONE',  ( 1.000000000000000000, 0.000000000000000000, 0.000000000000000000 ) ) ;
#1531 = CARTESIAN_POINT ( 'NONE',  ( 3.804844181593027841, 1.327125943845755662, 2.708648174042905143 ) ) ;
#1532 = ORIENTED_EDGE ( 'NONE', *, *, #5919, .T. ) ;
#1533 = CARTESIAN_POINT ( 'NONE',  ( -0.6461398537289999577, -1.590604825071000095, 0.05000000000099998065 ) ) ;
#1534 = ORIENTED_EDGE ( 'NONE', *, *, #3706, .T. ) ;
#1535 = CARTESIAN_POINT ( 'NONE',  ( -4.169999999998999840, 0.5000000000000000000, 1.300000000000999911 ) ) ;
#1536 = CARTESIAN_POINT ( 'NONE',  ( 1.939024390243000218, -0.6082251495429997767, 0.07000000000100004005 ) ) ;
#1537 = LINE ( 'NONE', #5444, #11077 ) ;
#1538 = DIRECTION ( 'NONE',  ( 0.000000000000000000, -1.000000000000000000, -3.523657060582293621E-15 ) ) ;
#1539 = DIRECTION ( 'NONE',  ( 1.000000000000000000, 0.000000000000000000, 0.000000000000000000 ) ) ;
#1540 = PLANE ( 'NONE',  #10942 ) ;
#1541 = EDGE_CURVE ( 'NONE', #11820, #12273, #6584, .T. ) ;
#1542 = EDGE_CURVE ( 'NONE', #6520, #3907, #6364, .T. ) ;
#1543 = EDGE_CURVE ( 'NONE', #6155, #1511, #7381, .T. ) ;
#1544 = ORIENTED_EDGE ( 'NONE', *, *, #9554, .F. ) ;
#1545 = ORIENTED_EDGE ( 'NONE', *, *, #7315, .T. ) ;
#1546 = FACE_OUTER_BOUND ( 'NONE', #4851, .T. ) ;
#1547 = AXIS2_PLACEMENT_3D ( 'NONE', #11556, #7524, #3484 ) ;
#1548 = LINE ( 'NONE', #10214, #1664 ) ;
#1549 = ORIENTED_EDGE ( 'NONE', *, *, #11137, .T. ) ;
#1550 = CARTESIAN_POINT ( 'NONE',  ( 4.159882827381229831, -0.2999999999999989897, 1.151887174747248554 ) ) ;
#1551 = CARTESIAN_POINT ( 'NONE',  ( -4.169999999998999840, -2.249999999998999911, 1.300000000000000044 ) ) ;
#1552 = CARTESIAN_POINT ( 'NONE',  ( -3.219999999998999662, 2.000000000000000444, 1.300000000000999911 ) ) ;
#1553 = CARTESIAN_POINT ( 'NONE',  ( -4.169999999998999840, 0.6000000000000003109, 0.1000000000010001083 ) ) ;
#1554 = AXIS2_PLACEMENT_3D ( 'NONE', #7248, #11166, #2373 ) ;
#1555 = CARTESIAN_POINT ( 'NONE',  ( -1.127661367580000018, -1.399290251038999955, 0.05000000000099998065 ) ) ;
#1556 = CARTESIAN_POINT ( 'NONE',  ( -4.169999999998999840, -3.949999999998999645, -0.1499999999999999667 ) ) ;
#1557 = CARTESIAN_POINT ( 'NONE',  ( -1.205682198047000053, -0.6993000087839998935, 0.05000000000099998065 ) ) ;
#1558 = ADVANCED_FACE ( 'NONE', ( #12472, #5495, #1654 ), #8384, .T. ) ;
#1559 = ORIENTED_EDGE ( 'NONE', *, *, #1110, .T. ) ;
#1560 = EDGE_LOOP ( 'NONE', ( #5271, #5884, #10619, #305 ) ) ;
#1561 = FACE_OUTER_BOUND ( 'NONE', #2283, .T. ) ;
#1562 = VECTOR ( 'NONE', #8026, 1000.000000000000000 ) ;
#1563 = VECTOR ( 'NONE', #1661, 1000.000000000000000 ) ;
#1564 = CIRCLE ( 'NONE', #7288, 1.249999999999000133 ) ;
#1565 = DIRECTION ( 'NONE',  ( 0.000000000000000000, 1.000000000000000000, 3.641026466082000599E-15 ) ) ;
#1566 = EDGE_CURVE ( 'NONE', #2651, #5110, #5536, .T. ) ;
#1567 = CARTESIAN_POINT ( 'NONE',  ( 1.775000000000000133, 2.200000000000000178, 0.1000000000010001083 ) ) ;
#1568 = CARTESIAN_POINT ( 'NONE',  ( 3.399999999998999822, 0.2000000000000000944, -0.4999999999989999666 ) ) ;
#1569 = EDGE_LOOP ( 'NONE', ( #3239, #4401, #3928, #8376 ) ) ;
#1570 = AXIS2_PLACEMENT_3D ( 'NONE', #6714, #10632, #1846 ) ;
#1571 = ORIENTED_EDGE ( 'NONE', *, *, #9557, .T. ) ;
#1572 = CIRCLE ( 'NONE', #3217, 0.7999999999990000665 ) ;
#1573 = CARTESIAN_POINT ( 'NONE',  ( 2.774999999999999911, 1.400000000000000133, 0.1000000000010001083 ) ) ;
#1574 = EDGE_CURVE ( 'NONE', #8416, #6585, #12287, .T. ) ;
#1575 = ADVANCED_FACE ( 'NONE', ( #10323 ), #5675, .T. ) ;
#1576 = ORIENTED_EDGE ( 'NONE', *, *, #4680, .T. ) ;
#1577 = CARTESIAN_POINT ( 'NONE',  ( -0.2926829268289999897, -1.059444661738000004, 0.07000000000100004005 ) ) ;
#1578 = CARTESIAN_POINT ( 'NONE',  ( -4.469999999998999662, 1.999999999999000355, 2.709999999999999520 ) ) ;
#1579 = CARTESIAN_POINT ( 'NONE',  ( -0.7459426937460000850, -0.6116081032859997935, 0.07000000000100004005 ) ) ;
#1580 = EDGE_LOOP ( 'NONE', ( #9485, #5669, #12235, #8770 ) ) ;
#1581 = ORIENTED_EDGE ( 'NONE', *, *, #6504, .F. ) ;
#1582 = FACE_OUTER_BOUND ( 'NONE', #3511, .T. ) ;
#1583 = EDGE_CURVE ( 'NONE', #5991, #6729, #12418, .T. ) ;
#1584 = CARTESIAN_POINT ( 'NONE',  ( -3.399999999998999822, 0.2000000000000000944, 0.05000000000099998065 ) ) ;
#1585 = ORIENTED_EDGE ( 'NONE', *, *, #1304, .T. ) ;
#1586 = CARTESIAN_POINT ( 'NONE',  ( -0.6789218193299999538, -0.7414702392339999060, 0.05000000000099998065 ) ) ;
#1587 = ORIENTED_EDGE ( 'NONE', *, *, #227, .F. ) ;
#1588 = LINE ( 'NONE', #619, #3592 ) ;
#1589 = LINE ( 'NONE', #8499, #6400 ) ;
#1590 = EDGE_LOOP ( 'NONE', ( #143, #3781, #8249, #1228 ) ) ;
#1591 = PLANE ( 'NONE',  #11197 ) ;
#1592 = CARTESIAN_POINT ( 'NONE',  ( 3.956545993131999950, 1.199999999999000089, 2.559999999999999609 ) ) ;
#1593 = ORIENTED_EDGE ( 'NONE', *, *, #1475, .T. ) ;
#1594 = VECTOR ( 'NONE', #5373, 1000.000000000000000 ) ;
#1595 = DIRECTION ( 'NONE',  ( 0.000000000000000000, 3.491481338843000432E-15, -1.000000000000000000 ) ) ;
#1596 = VERTEX_POINT ( 'NONE', #11341 ) ;
#1597 = DIRECTION ( 'NONE',  ( -1.000000000000000000, 0.000000000000000000, 0.000000000000000000 ) ) ;
#1598 = EDGE_CURVE ( 'NONE', #312, #7679, #4718, .T. ) ;
#1599 = EDGE_CURVE ( 'NONE', #3552, #8252, #4477, .T. ) ;
#1600 = FACE_OUTER_BOUND ( 'NONE', #6314, .T. ) ;
#1601 = CARTESIAN_POINT ( 'NONE',  ( 2.774999999999999911, 2.200000000000000178, 0.1000000000010001083 ) ) ;
#1602 = VECTOR ( 'NONE', #7280, 1000.000000000000000 ) ;
#1603 = CARTESIAN_POINT ( 'NONE',  ( -1.474999999999000000, 0.3783882181409999323, 0.8000000000009999113 ) ) ;
#1604 = CARTESIAN_POINT ( 'NONE',  ( -1.230886921609000151, -1.054378342346000030, 0.05000000000099998065 ) ) ;
#1605 = LINE ( 'NONE', #12244, #688 ) ;
#1606 = ORIENTED_EDGE ( 'NONE', *, *, #1120, .T. ) ;
#1607 = VERTEX_POINT ( 'NONE', #1773 ) ;
#1608 = DIRECTION ( 'NONE',  ( 0.000000000000000000, 3.491481338843000432E-15, -1.000000000000000000 ) ) ;
#1609 = CARTESIAN_POINT ( 'NONE',  ( 0.7406154072600000804, -0.6268435799119999041, 0.07000000000100004005 ) ) ;
#1610 = VERTEX_POINT ( 'NONE', #5559 ) ;
#1611 = CARTESIAN_POINT ( 'NONE',  ( 1.101307458670999884, -1.226061370969000031, 0.07000000000100004005 ) ) ;
#1612 = CARTESIAN_POINT ( 'NONE',  ( 3.219999999998999662, -5.900000000000000355, 2.909999999998999609 ) ) ;
#1613 = ADVANCED_FACE ( 'NONE', ( #2615 ), #627, .T. ) ;
#1614 = EDGE_CURVE ( 'NONE', #3439, #12563, #4597, .T. ) ;
#1615 = CARTESIAN_POINT ( 'NONE',  ( -0.9627109506329999400, -1.612127741711000040, 0.05000000000099998065 ) ) ;
#1616 = CARTESIAN_POINT ( 'NONE',  ( -5.750624847485999780, 1.349999999999000000, 2.709999999999999520 ) ) ;
#1617 = CARTESIAN_POINT ( 'NONE',  ( -1.206377465836000251, -1.267651626271000032, 0.05000000000099998065 ) ) ;
#1618 = FACE_OUTER_BOUND ( 'NONE', #5366, .T. ) ;
#1619 = DIRECTION ( 'NONE',  ( 0.000000000000000000, -0.7071067811865475727, 0.7071067811865475727 ) ) ;
#1620 = ORIENTED_EDGE ( 'NONE', *, *, #2625, .T. ) ;
#1621 = VERTEX_POINT ( 'NONE', #2671 ) ;
#1622 = LINE ( 'NONE', #11492, #8589 ) ;
#1623 = DIRECTION ( 'NONE',  ( 0.000000000000000000, 1.000000000000000000, 3.585759788624000327E-15 ) ) ;
#1624 = CARTESIAN_POINT ( 'NONE',  ( -1.103896141848000001, -1.564169320947999875, 0.07000000000100004005 ) ) ;
#1625 = ADVANCED_FACE ( 'NONE', ( #1711 ), #9529, .T. ) ;
#1626 = CARTESIAN_POINT ( 'NONE',  ( -1.974999999999000222, 0.1000000000000002554, 0.1000000000010001083 ) ) ;
#1627 = PLANE ( 'NONE',  #6354 ) ;
#1628 = ORIENTED_EDGE ( 'NONE', *, *, #5418, .T. ) ;
#1629 = ORIENTED_EDGE ( 'NONE', *, *, #1762, .T. ) ;
#1630 = CARTESIAN_POINT ( 'NONE',  ( 2.024999999999999911, 0.1000000000000002554, 1.000068083900629290E-12 ) ) ;
#1631 = EDGE_CURVE ( 'NONE', #4253, #7527, #750, .T. ) ;
#1632 = ORIENTED_EDGE ( 'NONE', *, *, #8071, .F. ) ;
#1633 = CARTESIAN_POINT ( 'NONE',  ( 1.974999999999000222, 1.678388218141000365, 0.8000000000009999113 ) ) ;
#1634 = CARTESIAN_POINT ( 'NONE',  ( -0.8571598582249999598, -0.5964985011389998260, 0.05000000000099998065 ) ) ;
#1635 = VECTOR ( 'NONE', #2007, 1000.000000000000000 ) ;
#1636 = DIRECTION ( 'NONE',  ( 0.000000000000000000, 1.000000000000000000, 3.491481338843000432E-15 ) ) ;
#1637 = EDGE_CURVE ( 'NONE', #7391, #7429, #11280, .T. ) ;
#1638 = ORIENTED_EDGE ( 'NONE', *, *, #7555, .F. ) ;
#1639 = EDGE_CURVE ( 'NONE', #10022, #114, #3829, .T. ) ;
#1640 = CARTESIAN_POINT ( 'NONE',  ( 4.469999999998999662, 1.999999999999000355, 1.959999999999999964 ) ) ;
#1641 = DIRECTION ( 'NONE',  ( 0.000000000000000000, 1.000000000000000000, 3.491481338843000432E-15 ) ) ;
#1642 = VECTOR ( 'NONE', #2145, 1000.000000000000000 ) ;
#1643 = VECTOR ( 'NONE', #11738, 1000.000000000000000 ) ;
#1644 = ORIENTED_EDGE ( 'NONE', *, *, #3869, .T. ) ;
#1645 = PLANE ( 'NONE',  #7359 ) ;
#1646 = EDGE_LOOP ( 'NONE', ( #10136, #1457, #12203, #7540 ) ) ;
#1647 = CARTESIAN_POINT ( 'NONE',  ( 0.9756097560969999583, -1.117943137347999771, 0.07000000000100004005 ) ) ;
#1648 = VECTOR ( 'NONE', #2464, 1000.000000000000000 ) ;
#1649 = CARTESIAN_POINT ( 'NONE',  ( -2.974999999998999556, 0.9000000000000002442, 0.1000000000010001083 ) ) ;
#1650 = ORIENTED_EDGE ( 'NONE', *, *, #294, .T. ) ;
#1651 = VECTOR ( 'NONE', #4864, 1000.000000000000000 ) ;
#1652 = EDGE_CURVE ( 'NONE', #6494, #12519, #1001, .T. ) ;
#1653 = CARTESIAN_POINT ( 'NONE',  ( 2.274999999999999911, 1.678388218141000365, 0.8000000000009999113 ) ) ;
#1654 = FACE_OUTER_BOUND ( 'NONE', #798, .T. ) ;
#1655 = ORIENTED_EDGE ( 'NONE', *, *, #700, .T. ) ;
#1656 = DIRECTION ( 'NONE',  ( 0.000000000000000000, 3.491481338843000432E-15, -1.000000000000000000 ) ) ;
#1657 = AXIS2_PLACEMENT_3D ( 'NONE', #4805, #5898, #8908 ) ;
#1658 = ORIENTED_EDGE ( 'NONE', *, *, #9327, .F. ) ;
#1659 = DIRECTION ( 'NONE',  ( 1.000000000000000000, 0.000000000000000000, 0.000000000000000000 ) ) ;
#1660 = CARTESIAN_POINT ( 'NONE',  ( -0.7122760812669999275, -0.6204629528479999045, 0.07000000000100004005 ) ) ;
#1661 = DIRECTION ( 'NONE',  ( 0.000000000000000000, 3.491481338843000432E-15, -1.000000000000000000 ) ) ;
#1662 = DIRECTION ( 'NONE',  ( 0.000000000000000000, 3.491481338843000432E-15, -1.000000000000000000 ) ) ;
#1663 = LINE ( 'NONE', #6415, #313 ) ;
#1664 = VECTOR ( 'NONE', #7255, 1000.000000000000000 ) ;
#1665 = DIRECTION ( 'NONE',  ( 0.000000000000000000, 1.000000000000000000, 3.794707603699000462E-15 ) ) ;
#1666 = AXIS2_PLACEMENT_3D ( 'NONE', #8254, #5175, #3383 ) ;
#1667 = ORIENTED_EDGE ( 'NONE', *, *, #9126, .F. ) ;
#1668 = EDGE_LOOP ( 'NONE', ( #7988, #2722, #8819, #1130 ) ) ;
#1669 = EDGE_CURVE ( 'NONE', #5971, #1987, #5874, .T. ) ;
#1670 = CARTESIAN_POINT ( 'NONE',  ( -0.2749999999989999888, 0.9000000000000002442, 0.1000000000010001083 ) ) ;
#1671 = CARTESIAN_POINT ( 'NONE',  ( 1.026541192411000170, -0.8235263050239997051, 0.07000000000100004005 ) ) ;
#1672 = VERTEX_POINT ( 'NONE', #7725 ) ;
#1673 = CARTESIAN_POINT ( 'NONE',  ( 2.774999999999999911, 1.800000000000000044, -0.5499999999990000665 ) ) ;
#1674 = CARTESIAN_POINT ( 'NONE',  ( 0.8818789584499999723, -1.534339918826999938, 0.07000000000100004005 ) ) ;
#1675 = DIRECTION ( 'NONE',  ( 0.000000000000000000, 3.491481338843000432E-15, -1.000000000000000000 ) ) ;
#1676 = CARTESIAN_POINT ( 'NONE',  ( 1.474999999999000000, 1.678388218141000365, 0.8000000000009999113 ) ) ;
#1677 = DIRECTION ( 'NONE',  ( -1.000000000000000000, 0.000000000000000000, 0.000000000000000000 ) ) ;
#1678 = VECTOR ( 'NONE', #6324, 1000.000000000000000 ) ;
#1679 = CARTESIAN_POINT ( 'NONE',  ( 0.7249999999989999999, 0.6000000000000003109, 0.05000000000099998065 ) ) ;
#1680 = CARTESIAN_POINT ( 'NONE',  ( 0.5250000000000000222, 0.9000000000000002442, 0.1000000000010001083 ) ) ;
#1681 = DIRECTION ( 'NONE',  ( 0.000000000000000000, -1.000000000000000000, -3.491481338843000432E-15 ) ) ;
#1682 = ORIENTED_EDGE ( 'NONE', *, *, #3999, .T. ) ;
#1683 = EDGE_LOOP ( 'NONE', ( #5165, #355, #6644, #6459, #3654, #562 ) ) ;
#1684 = EDGE_CURVE ( 'NONE', #9914, #2832, #1133, .T. ) ;
#1685 = DIRECTION ( 'NONE',  ( 0.000000000000000000, 1.000000000000000000, 2.891205793313955622E-15 ) ) ;
#1686 = VECTOR ( 'NONE', #10152, 1000.000000000000000 ) ;
#1687 = DIRECTION ( 'NONE',  ( 0.000000000000000000, 3.491481338843000432E-15, -1.000000000000000000 ) ) ;
#1688 = CARTESIAN_POINT ( 'NONE',  ( -1.185911678932000113, -1.509148149250999937, 0.07000000000100004005 ) ) ;
#1689 = CARTESIAN_POINT ( 'NONE',  ( 3.219999999998999662, 1.199999999999000089, 1.959999999999999964 ) ) ;
#1690 = PRESENTATION_LAYER_ASSIGNMENT (  '', '', ( #5579 ) ) ;
#1691 = ORIENTED_EDGE ( 'NONE', *, *, #8608, .T. ) ;
#1692 = VECTOR ( 'NONE', #271, 1000.000000000000000 ) ;
#1693 = ORIENTED_EDGE ( 'NONE', *, *, #1925, .T. ) ;
#1694 = CARTESIAN_POINT ( 'NONE',  ( -2.774999999999000266, 0.3783882181409999323, 0.8000000000009999113 ) ) ;
#1695 = VERTEX_POINT ( 'NONE', #4782 ) ;
#1696 = CARTESIAN_POINT ( 'NONE',  ( -4.169999999998999840, -2.932842712473999747, -0.3500000000000000333 ) ) ;
#1697 = EDGE_CURVE ( 'NONE', #2862, #682, #1897, .T. ) ;
#1698 = CARTESIAN_POINT ( 'NONE',  ( -4.469999999998999662, 1.350000000000000089, 1.709999999999999964 ) ) ;
#1699 = CARTESIAN_POINT ( 'NONE',  ( -0.6804671483440000168, -0.6315674614579998014, 0.05000000000099998065 ) ) ;
#1700 = ORIENTED_EDGE ( 'NONE', *, *, #3212, .T. ) ;
#1701 = DIRECTION ( 'NONE',  ( 1.000000000000000000, 0.000000000000000000, 0.000000000000000000 ) ) ;
#1702 = DIRECTION ( 'NONE',  ( 0.000000000000000000, -1.000000000000000000, -3.491481338843000432E-15 ) ) ;
#1703 = VERTEX_POINT ( 'NONE', #5041 ) ;
#1704 = ORIENTED_EDGE ( 'NONE', *, *, #7833, .T. ) ;
#1705 = CARTESIAN_POINT ( 'NONE',  ( 0.9355317127360001095, -0.9140379111630000386, 0.07000000000100004005 ) ) ;
#1706 = DIRECTION ( 'NONE',  ( 1.000000000000000000, 0.000000000000000000, 0.000000000000000000 ) ) ;
#1707 = AXIS2_PLACEMENT_3D ( 'NONE', #2626, #1665, #3405 ) ;
#1708 = ORIENTED_EDGE ( 'NONE', *, *, #3110, .T. ) ;
#1709 = EDGE_CURVE ( 'NONE', #12605, #12245, #6510, .T. ) ;
#1710 = PLANE ( 'NONE',  #1771 ) ;
#1711 = FACE_OUTER_BOUND ( 'NONE', #11983, .T. ) ;
#1712 = ORIENTED_EDGE ( 'NONE', *, *, #8769, .T. ) ;
#1713 = CARTESIAN_POINT ( 'NONE',  ( -4.469999999998999662, 2.000000000000000444, 1.560000000000999920 ) ) ;
#1714 = ORIENTED_EDGE ( 'NONE', *, *, #10179, .F. ) ;
#1715 = CARTESIAN_POINT ( 'NONE',  ( 4.169999999998999840, 0.6000000000000003109, 0.05000000000099998065 ) ) ;
#1716 = CARTESIAN_POINT ( 'NONE',  ( -4.169999999998999840, 1.350000000000000089, 0.05000000000099998065 ) ) ;
#1717 = CARTESIAN_POINT ( 'NONE',  ( 1.224999999999999867, -9.116756773326001095, 0.04999999999999991257 ) ) ;
#1718 = ADVANCED_FACE ( 'NONE', ( #12657 ), #2851, .T. ) ;
#1719 = FACE_OUTER_BOUND ( 'NONE', #5382, .T. ) ;
#1720 = CARTESIAN_POINT ( 'NONE',  ( -2.974999999998999556, 0.9000000000000002442, 1.000068083900629290E-12 ) ) ;
#1721 = EDGE_CURVE ( 'NONE', #1725, #5104, #4848, .T. ) ;
#1722 = DIRECTION ( 'NONE',  ( 0.000000000000000000, 1.000000000000000000, 3.523657060577889805E-15 ) ) ;
#1723 = EDGE_CURVE ( 'NONE', #10373, #3914, #12637, .T. ) ;
#1724 = EDGE_CURVE ( 'NONE', #3048, #1811, #4020, .T. ) ;
#1725 = VERTEX_POINT ( 'NONE', #6898 ) ;
#1726 = ORIENTED_EDGE ( 'NONE', *, *, #552, .T. ) ;
#1727 = DIRECTION ( 'NONE',  ( 0.000000000000000000, -1.000000000000000000, -3.641026466082000599E-15 ) ) ;
#1728 = DIRECTION ( 'NONE',  ( -1.000000000000000000, 0.000000000000000000, 0.000000000000000000 ) ) ;
#1729 = EDGE_LOOP ( 'NONE', ( #4651, #9719, #889, #10318 ) ) ;
#1730 = DIRECTION ( 'NONE',  ( 0.000000000000000000, 1.000000000000000000, 3.491481338843000432E-15 ) ) ;
#1731 = CARTESIAN_POINT ( 'NONE',  ( 1.089782644519000199, -1.274928128916000158, 0.05000000000099998065 ) ) ;
#1732 = CARTESIAN_POINT ( 'NONE',  ( 0.5865091463410000427, -1.498469051981999867, 0.07000000000100004005 ) ) ;
#1733 = DIRECTION ( 'NONE',  ( 0.000000000000000000, -1.000000000000000000, -3.491481338843000432E-15 ) ) ;
#1734 = CARTESIAN_POINT ( 'NONE',  ( 1.474999999999000000, 1.400000000000000133, 0.05000000000099998065 ) ) ;
#1735 = DIRECTION ( 'NONE',  ( -1.000000000000000000, 0.000000000000000000, 0.000000000000000000 ) ) ;
#1736 = CARTESIAN_POINT ( 'NONE',  ( -1.007191975557999886, -1.483514978325000122, 0.07000000000100004005 ) ) ;
#1737 = EDGE_CURVE ( 'NONE', #6094, #11707, #10819, .T. ) ;
#1738 = CARTESIAN_POINT ( 'NONE',  ( -1.348835811492000269, -0.9349713696030000909, 0.05000000000099998065 ) ) ;
#1739 = EDGE_LOOP ( 'NONE', ( #7085, #3448, #11810, #2367 ) ) ;
#1740 = VERTEX_POINT ( 'NONE', #10687 ) ;
#1741 = ORIENTED_EDGE ( 'NONE', *, *, #3056, .T. ) ;
#1742 = DIRECTION ( 'NONE',  ( 1.000000000000000000, 0.000000000000000000, 0.000000000000000000 ) ) ;
#1743 = CARTESIAN_POINT ( 'NONE',  ( 2.725000000000000089, 0.3783882181409999323, 1.000068083900629290E-12 ) ) ;
#1744 = CARTESIAN_POINT ( 'NONE',  ( -1.365853658535999937, -1.089360820273999941, 0.05000000000099998065 ) ) ;
#1745 = VECTOR ( 'NONE', #5389, 1000.000000000000114 ) ;
#1746 = CYLINDRICAL_SURFACE ( 'NONE', #7899, 0.1499999999989998778 ) ;
#1747 = EDGE_CURVE ( 'NONE', #7114, #3038, #2813, .T. ) ;
#1748 = VERTEX_POINT ( 'NONE', #9857 ) ;
#1749 = ORIENTED_EDGE ( 'NONE', *, *, #4462, .F. ) ;
#1750 = B_SPLINE_CURVE_WITH_KNOTS ( 'NONE', 3,
 ( #4792, #12426, #2800, #4858, #4729, #8766, #5685, #6593, #12606, #8701, #12665 ),
 .UNSPECIFIED., .F., .F.,
 ( 4, 1, 1, 1, 1, 1, 1, 1, 4 ),
 ( 0.000000000000000000, 0.1252796967350000013, 0.2494199707419999801, 0.3733567994920000133, 0.4966812787820000241, 0.6202029157430000161, 0.7450863201609999598, 0.8712691950190000201, 1.000000000000000000 ),
 .UNSPECIFIED. ) ;
#1751 = AXIS2_PLACEMENT_3D ( 'NONE', #11735, #5899, #7629 ) ;
#1752 = VERTEX_POINT ( 'NONE', #9659 ) ;
#1753 = VECTOR ( 'NONE', #8296, 1000.000000000000000 ) ;
#1754 = FACE_OUTER_BOUND ( 'NONE', #11079, .T. ) ;
#1755 = VECTOR ( 'NONE', #3158, 1000.000000000000000 ) ;
#1756 = CYLINDRICAL_SURFACE ( 'NONE', #6728, 0.9499999999990003108 ) ;
#1757 = CARTESIAN_POINT ( 'NONE',  ( 1.609171484905000060, -1.420709856817999883, 0.05000000000099998065 ) ) ;
#1758 = ORIENTED_EDGE ( 'NONE', *, *, #2877, .T. ) ;
#1759 = CARTESIAN_POINT ( 'NONE',  ( -2.524999999999999911, -9.116756773326001095, 0.04999999999999991257 ) ) ;
#1760 = VECTOR ( 'NONE', #564, 1000.000000000000000 ) ;
#1761 = CIRCLE ( 'NONE', #10571, 0.7999999999990000665 ) ;
#1762 = EDGE_CURVE ( 'NONE', #845, #3593, #94, .T. ) ;
#1763 = EDGE_CURVE ( 'NONE', #6495, #8724, #876, .T. ) ;
#1764 = CARTESIAN_POINT ( 'NONE',  ( 0.9746450037319999149, -1.163036901192999961, 0.07000000000100004005 ) ) ;
#1765 = CIRCLE ( 'NONE', #8937, 0.7999999999990000665 ) ;
#1766 = EDGE_LOOP ( 'NONE', ( #10429, #4156, #8143, #7024 ) ) ;
#1767 = ORIENTED_EDGE ( 'NONE', *, *, #1697, .T. ) ;
#1768 = CARTESIAN_POINT ( 'NONE',  ( -3.824999999998999645, 0.7999999999999999334, -0.5499999999990000665 ) ) ;
#1769 = CARTESIAN_POINT ( 'NONE',  ( -1.130828880893999910, -0.6479915330089999204, 0.05000000000099998065 ) ) ;
#1770 = EDGE_LOOP ( 'NONE', ( #1749, #10876, #5864, #7373 ) ) ;
#1771 = AXIS2_PLACEMENT_3D ( 'NONE', #8754, #11577, #2731 ) ;
#1772 = PLANE ( 'NONE',  #344 ) ;
#1773 = CARTESIAN_POINT ( 'NONE',  ( -4.069999999999000195, -1.300000000000000044, 1.300000000000999911 ) ) ;
#1774 = ORIENTED_EDGE ( 'NONE', *, *, #11830, .F. ) ;
#1775 = VERTEX_POINT ( 'NONE', #7925 ) ;
#1776 =( NAMED_UNIT ( * ) PLANE_ANGLE_UNIT ( ) SI_UNIT ( $, .RADIAN. ) );
#1777 = EDGE_CURVE ( 'NONE', #145, #12177, #2092, .T. ) ;
#1778 = LINE ( 'NONE', #2559, #7386 ) ;
#1779 = CARTESIAN_POINT ( 'NONE',  ( 3.500000000000000000, -5.299999999998999733, 1.279999999999999805 ) ) ;
#1780 = ORIENTED_EDGE ( 'NONE', *, *, #11527, .T. ) ;
#1781 = CARTESIAN_POINT ( 'NONE',  ( -3.219999999998999662, 2.000000000000000444, -0.5499999999990000665 ) ) ;
#1782 = VERTEX_POINT ( 'NONE', #11840 ) ;
#1783 = DIRECTION ( 'NONE',  ( 0.000000000000000000, 3.491481338843000432E-15, -1.000000000000000000 ) ) ;
#1784 = CARTESIAN_POINT ( 'NONE',  ( 1.525000000000000133, 0.9000000000000002442, 1.000068083900629290E-12 ) ) ;
#1785 = ORIENTED_EDGE ( 'NONE', *, *, #10294, .T. ) ;
#1786 = VERTEX_POINT ( 'NONE', #5809 ) ;
#1787 = DIRECTION ( 'NONE',  ( 0.000000000000000000, 1.000000000000000000, 4.336808689942015369E-15 ) ) ;
#1788 = LINE ( 'NONE', #5690, #1891 ) ;
#1789 = ORIENTED_EDGE ( 'NONE', *, *, #11909, .T. ) ;
#1790 = DIRECTION ( 'NONE',  ( -5.421010862426999550E-16, -1.000000000000000000, -3.491481338843000432E-15 ) ) ;
#1791 = CARTESIAN_POINT ( 'NONE',  ( 1.634510659027999857, -1.444968384424999863, 0.05000000000099998065 ) ) ;
#1792 = LINE ( 'NONE', #11663, #12530 ) ;
#1793 = ADVANCED_FACE ( 'NONE', ( #3054 ), #9922, .F. ) ;
#1794 = LINE ( 'NONE', #2635, #4518 ) ;
#1795 = CARTESIAN_POINT ( 'NONE',  ( 0.6414747223700000278, -1.607012758878999970, 0.05000000000099998065 ) ) ;
#1796 = EDGE_CURVE ( 'NONE', #11560, #7190, #7156, .T. ) ;
#1797 = CARTESIAN_POINT ( 'NONE',  ( 2.774999999999999911, 1.678388218141000365, 1.000068083900629290E-12 ) ) ;
#1798 = CARTESIAN_POINT ( 'NONE',  ( -2.474999999998999556, 0.3783882181409999323, 0.8000000000009999113 ) ) ;
#1799 = CARTESIAN_POINT ( 'NONE',  ( 3.854914532961728924, 1.244137521329283125, 2.666761894598713933 ) ) ;
#1800 = VERTEX_POINT ( 'NONE', #1196 ) ;
#1801 = ORIENTED_EDGE ( 'NONE', *, *, #1937, .T. ) ;
#1802 = ORIENTED_EDGE ( 'NONE', *, *, #7397, .T. ) ;
#1803 = CARTESIAN_POINT ( 'NONE',  ( 0.06097560975599999877, -1.059444661738000004, 0.05000000000099998065 ) ) ;
#1804 = LINE ( 'NONE', #848, #2976 ) ;
#1805 = EDGE_CURVE ( 'NONE', #9782, #11117, #1390, .T. ) ;
#1806 = CARTESIAN_POINT ( 'NONE',  ( -1.146120521755999988, -1.538968572058999840, 0.05000000000099998065 ) ) ;
#1807 = EDGE_CURVE ( 'NONE', #2759, #5361, #12098, .T. ) ;
#1808 = DIRECTION ( 'NONE',  ( -1.000000000000000000, 0.000000000000000000, 0.000000000000000000 ) ) ;
#1809 = CARTESIAN_POINT ( 'NONE',  ( -2.269999999998999929, -2.249999999998999911, 1.300000000000000044 ) ) ;
#1810 = VERTEX_POINT ( 'NONE', #1262 ) ;
#1811 = VERTEX_POINT ( 'NONE', #4340 ) ;
#1812 = ORIENTED_EDGE ( 'NONE', *, *, #2119, .F. ) ;
#1813 = CARTESIAN_POINT ( 'NONE',  ( -4.169999999998999840, 0.6000000000000003109, 0.05000000000099998065 ) ) ;
#1814 = PLANE ( 'NONE',  #9317 ) ;
#1815 = EDGE_CURVE ( 'NONE', #1501, #5936, #9204, .T. ) ;
#1816 = CARTESIAN_POINT ( 'NONE',  ( -0.8183645892939999111, -0.5996714841510000227, 0.07000000000100004005 ) ) ;
#1817 = ORIENTED_EDGE ( 'NONE', *, *, #10043, .F. ) ;
#1818 = CARTESIAN_POINT ( 'NONE',  ( -2.269999999998999929, -4.149999999999000266, 1.300000000000000044 ) ) ;
#1819 = DIRECTION ( 'NONE',  ( 0.000000000000000000, 1.000000000000000000, 3.491481338843000432E-15 ) ) ;
#1820 = ORIENTED_EDGE ( 'NONE', *, *, #6388, .F. ) ;
#1821 = ORIENTED_EDGE ( 'NONE', *, *, #7210, .T. ) ;
#1822 = DIRECTION ( 'NONE',  ( 1.000000000000000000, 0.000000000000000000, 0.000000000000000000 ) ) ;
#1823 = AXIS2_PLACEMENT_3D ( 'NONE', #8799, #4824, #1874 ) ;
#1824 = CARTESIAN_POINT ( 'NONE',  ( 0.000000000000000000, -1.949999999999994404, 0.06999999999999996503 ) ) ;
#1825 = EDGE_LOOP ( 'NONE', ( #3237, #632, #9811, #2305, #1180, #5789, #6998, #9395 ) ) ;
#1826 = FACE_OUTER_BOUND ( 'NONE', #5352, .T. ) ;
#1827 = EDGE_CURVE ( 'NONE', #4063, #12673, #8248, .T. ) ;
#1828 = CARTESIAN_POINT ( 'NONE',  ( 4.469999999998999662, 0.5000000000000000000, 1.100000000000999956 ) ) ;
#1829 = VERTEX_POINT ( 'NONE', #6071 ) ;
#1830 = ORIENTED_EDGE ( 'NONE', *, *, #1763, .T. ) ;
#1831 = CIRCLE ( 'NONE', #11267, 0.7999999999990000665 ) ;
#1832 = CARTESIAN_POINT ( 'NONE',  ( -2.224999999999000000, 1.678388218141000365, 0.8000000000009999113 ) ) ;
#1833 = VECTOR ( 'NONE', #7003, 1000.000000000000000 ) ;
#1834 = CARTESIAN_POINT ( 'NONE',  ( 0.8142546660489999866, -0.7765424616709999395, 0.07000000000100004005 ) ) ;
#1835 = DIRECTION ( 'NONE',  ( -5.421010862426999550E-16, 1.000000000000000000, 3.491481338843000432E-15 ) ) ;
#1836 = ORIENTED_EDGE ( 'NONE', *, *, #11696, .T. ) ;
#1837 = CARTESIAN_POINT ( 'NONE',  ( -1.365541110044000028, -1.071239354577999903, 0.07000000000100004005 ) ) ;
#1838 = VERTEX_POINT ( 'NONE', #10180 ) ;
#1839 = DIRECTION ( 'NONE',  ( -1.000000000000000000, 0.000000000000000000, 0.000000000000000000 ) ) ;
#1840 = DIRECTION ( 'NONE',  ( 0.000000000000000000, 3.491481338843000432E-15, -1.000000000000000000 ) ) ;
#1841 = VECTOR ( 'NONE', #7811, 1000.000000000000000 ) ;
#1842 = VECTOR ( 'NONE', #3026, 1000.000000000000000 ) ;
#1843 = ORIENTED_EDGE ( 'NONE', *, *, #4313, .F. ) ;
#1844 = EDGE_LOOP ( 'NONE', ( #5933, #9424, #8387, #971, #8756, #983 ) ) ;
#1845 = VECTOR ( 'NONE', #6469, 1000.000000000000000 ) ;
#1846 = DIRECTION ( 'NONE',  ( 0.000000000000000000, 1.000000000000000000, 3.523657060582293621E-15 ) ) ;
#1847 = EDGE_CURVE ( 'NONE', #6075, #6393, #2290, .T. ) ;
#1848 = DIRECTION ( 'NONE',  ( 0.000000000000000000, 1.000000000000000000, 4.336808689942015369E-15 ) ) ;
#1849 = EDGE_LOOP ( 'NONE', ( #3965, #491, #7090, #7454 ) ) ;
#1850 = FACE_OUTER_BOUND ( 'NONE', #10159, .T. ) ;
#1851 = CARTESIAN_POINT ( 'NONE',  ( 1.626905487803999906, -1.486273930030999946, 0.05000000000099998065 ) ) ;
#1852 = VERTEX_POINT ( 'NONE', #5102 ) ;
#1853 = DIRECTION ( 'NONE',  ( 1.000000000000000000, 0.000000000000000000, 0.000000000000000000 ) ) ;
#1854 = DIRECTION ( 'NONE',  ( -1.000000000000000000, -5.421010862426999550E-16, -1.892735826383000338E-30 ) ) ;
#1855 = DIRECTION ( 'NONE',  ( 1.000000000000000000, 0.000000000000000000, 0.000000000000000000 ) ) ;
#1856 = VECTOR ( 'NONE', #8227, 1000.000000000000000 ) ;
#1857 = CARTESIAN_POINT ( 'NONE',  ( 1.101307458670999884, -1.226061370969000031, 0.07000000000100004005 ) ) ;
#1858 = CIRCLE ( 'NONE', #7393, 0.7999999999990000665 ) ;
#1859 = CARTESIAN_POINT ( 'NONE',  ( 0.4390243902429999956, -1.498469051981999867, 0.07000000000100004005 ) ) ;
#1860 = CARTESIAN_POINT ( 'NONE',  ( -4.469421238650941319, -0.2168022014827062083, 1.264458967159524772 ) ) ;
#1861 = B_SPLINE_CURVE_WITH_KNOTS ( 'NONE', 3,
 ( #1369, #8987, #4257, #2069, #4058, #5080, #2330, #10994, #10025, #3232 ),
 .UNSPECIFIED., .F., .F.,
 ( 4, 2, 2, 2, 4 ),
 ( 0.000000000000000000, 0.2499999999999994449, 0.3749999999999991673, 0.4999999999999988898, 1.000000000000000000 ),
 .UNSPECIFIED. ) ;
#1862 = ORIENTED_EDGE ( 'NONE', *, *, #8356, .T. ) ;
#1863 = ORIENTED_EDGE ( 'NONE', *, *, #8740, .T. ) ;
#1864 = ORIENTED_EDGE ( 'NONE', *, *, #9100, .F. ) ;
#1865 = ADVANCED_FACE ( 'NONE', ( #9989 ), #9013, .T. ) ;
#1866 = CARTESIAN_POINT ( 'NONE',  ( 2.024999999999999911, 0.9000000000000002442, 0.1000000000010001083 ) ) ;
#1867 = AXIS2_PLACEMENT_3D ( 'NONE', #6160, #11106, #6033 ) ;
#1868 = CARTESIAN_POINT ( 'NONE',  ( 4.169999999998999840, -0.09999999999999982514, 1.300000000000999911 ) ) ;
#1869 = VECTOR ( 'NONE', #84, 1000.000000000000000 ) ;
#1870 = CARTESIAN_POINT ( 'NONE',  ( 3.219999999998999662, -2.049999999999000178, 0.3500000000010001222 ) ) ;
#1871 = DIRECTION ( 'NONE',  ( -1.000000000000000000, 0.000000000000000000, 0.000000000000000000 ) ) ;
#1872 = FACE_OUTER_BOUND ( 'NONE', #6928, .T. ) ;
#1873 = ORIENTED_EDGE ( 'NONE', *, *, #8975, .T. ) ;
#1874 = DIRECTION ( 'NONE',  ( 0.000000000000000000, 1.000000000000000000, 2.168404344971007685E-15 ) ) ;
#1875 = ORIENTED_EDGE ( 'NONE', *, *, #2662, .T. ) ;
#1876 = EDGE_CURVE ( 'NONE', #6393, #11627, #6321, .T. ) ;
#1877 = ORIENTED_EDGE ( 'NONE', *, *, #7796, .T. ) ;
#1878 = CARTESIAN_POINT ( 'NONE',  ( -4.469999999999999751, -0.2999999999999999334, 1.300000000000999911 ) ) ;
#1879 = EDGE_CURVE ( 'NONE', #9930, #12166, #5296, .T. ) ;
#1880 = EDGE_CURVE ( 'NONE', #3194, #2668, #3315, .T. ) ;
#1881 = CARTESIAN_POINT ( 'NONE',  ( 1.792873475609000122, -0.9984690519819999777, 0.07000000000100004005 ) ) ;
#1882 = DIRECTION ( 'NONE',  ( 0.000000000000000000, 3.491481338843000432E-15, -1.000000000000000000 ) ) ;
#1883 = ORIENTED_EDGE ( 'NONE', *, *, #8040, .F. ) ;
#1884 = VECTOR ( 'NONE', #179, 1000.000000000000000 ) ;
#1885 = DIRECTION ( 'NONE',  ( -1.000000000000000000, 0.000000000000000000, 0.000000000000000000 ) ) ;
#1886 = FACE_OUTER_BOUND ( 'NONE', #5839, .T. ) ;
#1887 = VERTEX_POINT ( 'NONE', #11017 ) ;
#1888 = ORIENTED_EDGE ( 'NONE', *, *, #2480, .F. ) ;
#1889 = CARTESIAN_POINT ( 'NONE',  ( 0.9698564991360000276, -1.029110323831999851, 0.07000000000100004005 ) ) ;
#1890 = ADVANCED_FACE ( 'NONE', ( #2224 ), #3254, .F. ) ;
#1891 = VECTOR ( 'NONE', #6600, 1000.000000000000000 ) ;
#1892 = CARTESIAN_POINT ( 'NONE',  ( -1.239067176038999962, -0.7307874998169997527, 0.05000000000099998065 ) ) ;
#1893 = VERTEX_POINT ( 'NONE', #11078 ) ;
#1894 = VECTOR ( 'NONE', #298, 1000.000000000000000 ) ;
#1895 = CIRCLE ( 'NONE', #2315, 0.7999999999990000665 ) ;
#1896 = DIRECTION ( 'NONE',  ( 0.3779644730095159111, 0.6546536707078938200, -0.6546536707078938200 ) ) ;
#1897 = LINE ( 'NONE', #7861, #8551 ) ;
#1898 = ORIENTED_EDGE ( 'NONE', *, *, #4072, .T. ) ;
#1899 = ORIENTED_EDGE ( 'NONE', *, *, #9080, .T. ) ;
#1900 = CARTESIAN_POINT ( 'NONE',  ( -1.330764114351999927, -1.305194529465000031, 0.07000000000100004005 ) ) ;
#1901 = CARTESIAN_POINT ( 'NONE',  ( 0.9503392029510000505, -0.9497732005079998485, 0.05000000000099998065 ) ) ;
#1902 = CARTESIAN_POINT ( 'NONE',  ( -1.224999999999000000, 1.678388218141000365, 1.000068083900629290E-12 ) ) ;
#1903 = ORIENTED_EDGE ( 'NONE', *, *, #70, .T. ) ;
#1904 = VECTOR ( 'NONE', #10042, 1000.000000000000000 ) ;
#1905 = CARTESIAN_POINT ( 'NONE',  ( -1.044919053397999953, -0.6141753809980000645, 0.07000000000100004005 ) ) ;
#1906 = EDGE_LOOP ( 'NONE', ( #2889, #302, #10513, #9198 ) ) ;
#1907 = CARTESIAN_POINT ( 'NONE',  ( -0.9885255540599999780, -0.7199641882489999922, 0.05000000000099998065 ) ) ;
#1908 = ADVANCED_FACE ( 'NONE', ( #10239 ), #160, .T. ) ;
#1909 = CARTESIAN_POINT ( 'NONE',  ( -1.224999999999000000, 1.400000000000000133, 0.1000000000010001083 ) ) ;
#1910 = VERTEX_POINT ( 'NONE', #2350 ) ;
#1911 = ORIENTED_EDGE ( 'NONE', *, *, #8758, .F. ) ;
#1912 = FACE_OUTER_BOUND ( 'NONE', #2542, .T. ) ;
#1913 = CARTESIAN_POINT ( 'NONE',  ( -0.2926829268289999897, -0.7179812471039999089, 0.07000000000100004005 ) ) ;
#1914 = ORIENTED_EDGE ( 'NONE', *, *, #8159, .F. ) ;
#1915 = AXIS2_PLACEMENT_3D ( 'NONE', #7497, #11412, #10447 ) ;
#1916 = DIRECTION ( 'NONE',  ( 0.000000000000000000, 3.790571593321000372E-15, -1.000000000000000000 ) ) ;
#1917 = DIRECTION ( 'NONE',  ( 1.000000000000000000, 0.000000000000000000, 0.000000000000000000 ) ) ;
#1918 = ORIENTED_EDGE ( 'NONE', *, *, #11344, .T. ) ;
#1919 = DIRECTION ( 'NONE',  ( 0.000000000000000000, 1.000000000000000000, 3.252606517472775670E-15 ) ) ;
#1920 = CARTESIAN_POINT ( 'NONE',  ( -0.6219512195119999420, -0.7698105153960000946, 0.07000000000100004005 ) ) ;
#1921 = CYLINDRICAL_SURFACE ( 'NONE', #3604, 0.2000000000000000944 ) ;
#1922 = CARTESIAN_POINT ( 'NONE',  ( -0.2926829268289999897, -1.059444661738000004, 0.05000000000099998065 ) ) ;
#1923 = LINE ( 'NONE', #6664, #3202 ) ;
#1924 = EDGE_CURVE ( 'NONE', #3937, #4029, #3377, .T. ) ;
#1925 = EDGE_CURVE ( 'NONE', #5924, #11627, #7945, .T. ) ;
#1926 = DIRECTION ( 'NONE',  ( 1.000000000000000000, 0.000000000000000000, 0.000000000000000000 ) ) ;
#1927 = DIRECTION ( 'NONE',  ( 1.000000000000000000, 0.000000000000000000, 0.000000000000000000 ) ) ;
#1928 = ORIENTED_EDGE ( 'NONE', *, *, #7736, .F. ) ;
#1929 = ORIENTED_EDGE ( 'NONE', *, *, #10104, .F. ) ;
#1930 = ORIENTED_EDGE ( 'NONE', *, *, #7211, .F. ) ;
#1931 = CARTESIAN_POINT ( 'NONE',  ( -0.02500000000000000139, -9.116756773326001095, 0.04999999999999991257 ) ) ;
#1932 = DIRECTION ( 'NONE',  ( 0.2588190451020520033, 3.372511997194675020E-15, -0.9659258262891938784 ) ) ;
#1933 = CARTESIAN_POINT ( 'NONE',  ( -2.269999999998999929, -4.149999999999000266, 0.04999999999999991257 ) ) ;
#1934 = CARTESIAN_POINT ( 'NONE',  ( -5.750624847485999780, 1.349999999999000000, 2.559999999999999609 ) ) ;
#1935 = CARTESIAN_POINT ( 'NONE',  ( -2.024999999998999822, 2.200000000000000178, 1.000068083900629290E-12 ) ) ;
#1936 = PLANE ( 'NONE',  #8323 ) ;
#1937 = EDGE_CURVE ( 'NONE', #984, #1752, #2449, .T. ) ;
#1938 = ORIENTED_EDGE ( 'NONE', *, *, #10280, .T. ) ;
#1939 = CARTESIAN_POINT ( 'NONE',  ( -4.169999999998999840, -5.899999999998999378, 1.300000000000000044 ) ) ;
#1940 = ORIENTED_EDGE ( 'NONE', *, *, #7695, .F. ) ;
#1941 = EDGE_LOOP ( 'NONE', ( #2628, #171, #10502, #11742 ) ) ;
#1942 = DIRECTION ( 'NONE',  ( -1.000000000000000000, 0.000000000000000000, 0.000000000000000000 ) ) ;
#1943 = CARTESIAN_POINT ( 'NONE',  ( -1.230886921609000151, -1.054378342346000030, 0.07000000000100004005 ) ) ;
#1944 = VECTOR ( 'NONE', #2232, 1000.000000000000000 ) ;
#1945 = VECTOR ( 'NONE', #12506, 1000.000000000000000 ) ;
#1946 = PLANE ( 'NONE',  #5481 ) ;
#1947 = DIRECTION ( 'NONE',  ( 0.000000000000000000, -3.252606517456000542E-15, 1.000000000000000000 ) ) ;
#1948 = ORIENTED_EDGE ( 'NONE', *, *, #6303, .F. ) ;
#1949 = DIRECTION ( 'NONE',  ( 5.421010862427522170E-16, 1.000000000000000000, 3.523657060577889805E-15 ) ) ;
#1950 = ADVANCED_FACE ( 'NONE', ( #12460 ), #12323, .T. ) ;
#1951 = DIRECTION ( 'NONE',  ( -1.000000000000000000, 0.000000000000000000, 0.000000000000000000 ) ) ;
#1952 = EDGE_CURVE ( 'NONE', #5192, #11152, #8490, .T. ) ;
#1953 = ORIENTED_EDGE ( 'NONE', *, *, #1222, .T. ) ;
#1954 = AXIS2_PLACEMENT_3D ( 'NONE', #6853, #6608, #7688 ) ;
#1955 = VERTEX_POINT ( 'NONE', #5544 ) ;
#1956 = VECTOR ( 'NONE', #4423, 1000.000000000000000 ) ;
#1957 = CARTESIAN_POINT ( 'NONE',  ( 0.8717330928199999995, -0.8227033415949998041, 0.05000000000099998065 ) ) ;
#1958 = VECTOR ( 'NONE', #10015, 1000.000000000000000 ) ;
#1959 = CARTESIAN_POINT ( 'NONE',  ( -3.956545993131999950, 1.199999999999000089, 2.559999999999999609 ) ) ;
#1960 = ORIENTED_EDGE ( 'NONE', *, *, #2732, .T. ) ;
#1961 = APPLICATION_PROTOCOL_DEFINITION ( 'draft international standard', 'automotive_design', 1998, #4467 ) ;
#1962 = CARTESIAN_POINT ( 'NONE',  ( -3.220000000000000195, -0.2999999999999999334, 0.3500000000010001222 ) ) ;
#1963 = EDGE_LOOP ( 'NONE', ( #1996, #10192, #2091, #11406, #3873, #6534 ) ) ;
#1964 = AXIS2_PLACEMENT_3D ( 'NONE', #11297, #7316, #11236 ) ;
#1965 = AXIS2_PLACEMENT_3D ( 'NONE', #7263, #5018, #6301 ) ;
#1966 = ADVANCED_FACE ( 'NONE', ( #11262 ), #6385, .T. ) ;
#1967 = ORIENTED_EDGE ( 'NONE', *, *, #5737, .F. ) ;
#1968 = VECTOR ( 'NONE', #2340, 1000.000000000000000 ) ;
#1969 = PRESENTATION_STYLE_ASSIGNMENT (( #879 ) ) ;
#1970 = CARTESIAN_POINT ( 'NONE',  ( 0.9745940671919999243, -1.072671762462000133, 0.07000000000100004005 ) ) ;
#1971 = LINE ( 'NONE', #9799, #12597 ) ;
#1972 = VERTEX_POINT ( 'NONE', #609 ) ;
#1973 = LINE ( 'NONE', #8636, #6736 ) ;
#1974 = ORIENTED_EDGE ( 'NONE', *, *, #11506, .T. ) ;
#1975 = DIRECTION ( 'NONE',  ( 0.000000000000000000, 3.491481338843000432E-15, -1.000000000000000000 ) ) ;
#1976 = CARTESIAN_POINT ( 'NONE',  ( 4.169999999998999840, 1.850000000000000089, 1.560000000000999920 ) ) ;
#1977 = VECTOR ( 'NONE', #9221, 1000.000000000000000 ) ;
#1978 = VERTEX_POINT ( 'NONE', #9272 ) ;
#1979 = ORIENTED_EDGE ( 'NONE', *, *, #12111, .T. ) ;
#1980 = CARTESIAN_POINT ( 'NONE',  ( 4.169999999998999840, 0.7000000000000000666, -0.5499999999990000665 ) ) ;
#1981 = CARTESIAN_POINT ( 'NONE',  ( -0.2926829268289999897, -1.169200759298999914, 0.07000000000100004005 ) ) ;
#1982 = ORIENTED_EDGE ( 'NONE', *, *, #11372, .F. ) ;
#1983 = ADVANCED_FACE ( 'NONE', ( #6448 ), #677, .T. ) ;
#1984 = CARTESIAN_POINT ( 'NONE',  ( 0.3048780487799999661, -1.608225149542999999, 0.07000000000100004005 ) ) ;
#1985 = CARTESIAN_POINT ( 'NONE',  ( 4.169999999998999840, 1.199999999999000089, 1.630000000000010996 ) ) ;
#1986 = EDGE_CURVE ( 'NONE', #12586, #2412, #4459, .T. ) ;
#1987 = VERTEX_POINT ( 'NONE', #7406 ) ;
#1988 = CARTESIAN_POINT ( 'NONE',  ( -1.829268292681999863, -0.7179812471039999089, 0.05000000000099998065 ) ) ;
#1989 = DIRECTION ( 'NONE',  ( -6.208173510535740679E-30, 1.000000000000000000, 3.491481338843000432E-15 ) ) ;
#1990 = DIRECTION ( 'NONE',  ( 1.000000000000000000, 0.000000000000000000, 0.000000000000000000 ) ) ;
#1991 = CARTESIAN_POINT ( 'NONE',  ( 1.108576406371999834, -1.174373369881999807, 0.07000000000100004005 ) ) ;
#1992 = DIRECTION ( 'NONE',  ( 1.000000000000000000, 0.000000000000000000, 0.000000000000000000 ) ) ;
#1993 = FACE_OUTER_BOUND ( 'NONE', #10937, .T. ) ;
#1994 = DIRECTION ( 'NONE',  ( 0.000000000000000000, 1.000000000000000000, 3.491481338843000432E-15 ) ) ;
#1995 = EDGE_LOOP ( 'NONE', ( #10822, #551, #10746, #2523, #12131, #948 ) ) ;
#1996 = ORIENTED_EDGE ( 'NONE', *, *, #5498, .F. ) ;
#1997 = DIRECTION ( 'NONE',  ( 0.000000000000000000, -3.491481338843000432E-15, 1.000000000000000000 ) ) ;
#1998 = LINE ( 'NONE', #3352, #10658 ) ;
#1999 = CARTESIAN_POINT ( 'NONE',  ( 1.224999999999999867, 0.9000000000000002442, 0.1000000000010001083 ) ) ;
#2000 = EDGE_CURVE ( 'NONE', #5008, #4527, #7470, .T. ) ;
#2001 = ADVANCED_FACE ( 'NONE', ( #490 ), #7523, .T. ) ;
#2002 = CARTESIAN_POINT ( 'NONE',  ( 1.000000000000000000, -1.949999999999994404, 0.1000000000000000472 ) ) ;
#2003 = CARTESIAN_POINT ( 'NONE',  ( 2.524999999999999911, 0.6000000000000003109, 0.3500000000010001222 ) ) ;
#2004 = CARTESIAN_POINT ( 'NONE',  ( 2.024999999999999911, 0.3783882181409999323, 0.8000000000009999113 ) ) ;
#2005 = AXIS2_PLACEMENT_3D ( 'NONE', #5233, #9148, #10049 ) ;
#2006 = VERTEX_POINT ( 'NONE', #7847 ) ;
#2007 = DIRECTION ( 'NONE',  ( -1.000000000000000000, 0.000000000000000000, 0.000000000000000000 ) ) ;
#2008 = VERTEX_POINT ( 'NONE', #9645 ) ;
#2009 = VERTEX_POINT ( 'NONE', #11630 ) ;
#2010 = DIRECTION ( 'NONE',  ( 0.000000000000000000, -1.000000000000000000, -3.252606517456518824E-15 ) ) ;
#2011 = ORIENTED_EDGE ( 'NONE', *, *, #6254, .F. ) ;
#2012 = CARTESIAN_POINT ( 'NONE',  ( -0.8561356707309999425, -1.510664173932999788, 0.07000000000100004005 ) ) ;
#2013 = EDGE_CURVE ( 'NONE', #3593, #7407, #9578, .T. ) ;
#2014 = CARTESIAN_POINT ( 'NONE',  ( -0.8971036585359999371, -0.5960300275919998558, 0.05000000000099998065 ) ) ;
#2015 = FACE_OUTER_BOUND ( 'NONE', #869, .T. ) ;
#2016 = VERTEX_POINT ( 'NONE', #11826 ) ;
#2017 = LINE ( 'NONE', #7021, #6390 ) ;
#2018 = CARTESIAN_POINT ( 'NONE',  ( -4.169999999998999840, -2.249999999998999911, 1.300000000000000044 ) ) ;
#2019 = VERTEX_POINT ( 'NONE', #2777 ) ;
#2020 = EDGE_LOOP ( 'NONE', ( #11775, #495, #9668, #4972 ) ) ;
#2021 = DIRECTION ( 'NONE',  ( -1.000000000000000000, 0.000000000000000000, 0.000000000000000000 ) ) ;
#2022 = FACE_OUTER_BOUND ( 'NONE', #6395, .T. ) ;
#2023 = ORIENTED_EDGE ( 'NONE', *, *, #2352, .T. ) ;
#2024 = ADVANCED_FACE ( 'NONE', ( #861 ), #6685, .T. ) ;
#2025 = DIRECTION ( 'NONE',  ( 1.000000000000000000, 0.000000000000000000, 0.000000000000000000 ) ) ;
#2026 = ADVANCED_FACE ( 'NONE', ( #8676 ), #792, .F. ) ;
#2027 = ORIENTED_EDGE ( 'NONE', *, *, #1631, .F. ) ;
#2028 = ORIENTED_EDGE ( 'NONE', *, *, #5013, .T. ) ;
#2029 = VECTOR ( 'NONE', #12028, 1000.000000000000000 ) ;
#2030 = CARTESIAN_POINT ( 'NONE',  ( -4.169999999998999840, -3.891421356236999696, -0.2085786437620001377 ) ) ;
#2031 = DIRECTION ( 'NONE',  ( 0.000000000000000000, 1.000000000000000000, 3.491481338843000432E-15 ) ) ;
#2032 = DIRECTION ( 'NONE',  ( 0.000000000000000000, -1.000000000000000000, -3.491481338843000432E-15 ) ) ;
#2033 = ORIENTED_EDGE ( 'NONE', *, *, #9655, .T. ) ;
#2034 = DIRECTION ( 'NONE',  ( -1.000000000000000000, 0.000000000000000000, 0.000000000000000000 ) ) ;
#2035 = VERTEX_POINT ( 'NONE', #8614 ) ;
#2036 = DIRECTION ( 'NONE',  ( -5.421010862426999550E-16, 1.000000000000000000, 3.491481338843000432E-15 ) ) ;
#2037 = CARTESIAN_POINT ( 'NONE',  ( -2.224999999999000000, 1.800000000000000044, 0.1000000000010001083 ) ) ;
#2038 = EDGE_CURVE ( 'NONE', #737, #10355, #9713, .T. ) ;
#2039 = EDGE_LOOP ( 'NONE', ( #3223, #1785, #1392, #11457, #4091, #1489 ) ) ;
#2040 = DIRECTION ( 'NONE',  ( 0.000000000000000000, 1.000000000000000000, 2.891205793294678622E-15 ) ) ;
#2041 = DIRECTION ( 'NONE',  ( 0.000000000000000000, -1.000000000000000000, -3.491481338843000432E-15 ) ) ;
#2042 = EDGE_CURVE ( 'NONE', #4734, #3732, #12517, .T. ) ;
#2043 = DIRECTION ( 'NONE',  ( -1.000000000000000000, 0.000000000000000000, 0.000000000000000000 ) ) ;
#2044 = VECTOR ( 'NONE', #2400, 1000.000000000000000 ) ;
#2045 = VECTOR ( 'NONE', #9460, 1000.000000000000000 ) ;
#2046 = VERTEX_POINT ( 'NONE', #922 ) ;
#2047 = CARTESIAN_POINT ( 'NONE',  ( -4.469999999998999662, -3.467157287524999632, -0.3500000000000000333 ) ) ;
#2048 = CARTESIAN_POINT ( 'NONE',  ( 1.109756097560000043, -1.120801369054999830, 0.07000000000100004005 ) ) ;
#2049 = VECTOR ( 'NONE', #57, 1000.000000000000000 ) ;
#2050 = ORIENTED_EDGE ( 'NONE', *, *, #2148, .T. ) ;
#2051 = DIRECTION ( 'NONE',  ( 1.000000000000000000, 0.000000000000000000, 0.000000000000000000 ) ) ;
#2052 = CARTESIAN_POINT ( 'NONE',  ( -0.2749999999989999888, 0.1000000000000002554, 0.05000000000099998065 ) ) ;
#2053 = CARTESIAN_POINT ( 'NONE',  ( 3.803095189483999938, 1.999999999999000355, 2.709999999999999520 ) ) ;
#2054 = CARTESIAN_POINT ( 'NONE',  ( -4.469999999998999662, 1.199999999999000089, 1.959999999999999964 ) ) ;
#2055 = CARTESIAN_POINT ( 'NONE',  ( -0.8561356707309999425, -1.510664173932999788, 0.07000000000100004005 ) ) ;
#2056 = VECTOR ( 'NONE', #4815, 1000.000000000000000 ) ;
#2057 = CARTESIAN_POINT ( 'NONE',  ( -2.474999999998999556, 0.9000000000000002442, 0.1000000000010001083 ) ) ;
#2058 = CARTESIAN_POINT ( 'NONE',  ( -1.194223643855999883, -0.9014319053219999045, 0.07000000000100004005 ) ) ;
#2059 = AXIS2_PLACEMENT_3D ( 'NONE', #12211, #4331, #10416 ) ;
#2060 = EDGE_CURVE ( 'NONE', #12311, #4063, #4005, .T. ) ;
#2061 = ORIENTED_EDGE ( 'NONE', *, *, #5878, .F. ) ;
#2062 = EDGE_LOOP ( 'NONE', ( #787, #10921, #7169, #1802 ) ) ;
#2063 = DIRECTION ( 'NONE',  ( 0.000000000000000000, -1.000000000000000000, -3.491481338843000432E-15 ) ) ;
#2064 = DIRECTION ( 'NONE',  ( 0.000000000000000000, 1.000000000000000000, 3.491481338843000432E-15 ) ) ;
#2065 = DIRECTION ( 'NONE',  ( 0.000000000000000000, -3.491481338843000432E-15, 1.000000000000000000 ) ) ;
#2066 = VECTOR ( 'NONE', #2507, 1000.000000000000000 ) ;
#2067 = CARTESIAN_POINT ( 'NONE',  ( 0.000000000000000000, 0.1000000000000002554, 0.05000000000099998065 ) ) ;
#2068 = AXIS2_PLACEMENT_3D ( 'NONE', #11862, #9752, #3082 ) ;
#2069 = CARTESIAN_POINT ( 'NONE',  ( 4.204456218699281322, 1.925406710701560886, 2.730313712709510288 ) ) ;
#2070 = DIRECTION ( 'NONE',  ( 0.000000000000000000, 3.491481338843000432E-15, -1.000000000000000000 ) ) ;
#2071 = DIRECTION ( 'NONE',  ( 0.000000000000000000, 1.000000000000000000, 3.523657060582293621E-15 ) ) ;
#2072 = ORIENTED_EDGE ( 'NONE', *, *, #7413, .T. ) ;
#2073 = LINE ( 'NONE', #4064, #3684 ) ;
#2074 = ADVANCED_FACE ( 'NONE', ( #9843 ), #4964, .T. ) ;
#2075 = VECTOR ( 'NONE', #4807, 1000.000000000000000 ) ;
#2076 = VERTEX_POINT ( 'NONE', #5795 ) ;
#2077 = CARTESIAN_POINT ( 'NONE',  ( 0.9756097560969999583, -1.117943137347999771, 0.07000000000100004005 ) ) ;
#2078 = CIRCLE ( 'NONE', #5144, 0.2000000000000000111 ) ;
#2079 = CARTESIAN_POINT ( 'NONE',  ( -0.9535090837479999193, -0.7118147781030000898, 0.07000000000100004005 ) ) ;
#2080 = PLANE ( 'NONE',  #2661 ) ;
#2081 = LINE ( 'NONE', #5990, #7500 ) ;
#2082 = ORIENTED_EDGE ( 'NONE', *, *, #6884, .T. ) ;
#2083 = DIRECTION ( 'NONE',  ( -1.000000000000000000, 0.000000000000000000, 0.000000000000000000 ) ) ;
#2084 = DIRECTION ( 'NONE',  ( 0.000000000000000000, 1.000000000000000000, 3.641026466082000599E-15 ) ) ;
#2085 = CIRCLE ( 'NONE', #1061, 0.7999999999990000665 ) ;
#2086 = ORIENTED_EDGE ( 'NONE', *, *, #4657, .T. ) ;
#2087 = ORIENTED_EDGE ( 'NONE', *, *, #3778, .F. ) ;
#2088 = CARTESIAN_POINT ( 'NONE',  ( -3.711831257370186599, 1.972072529738363889, 2.772785001669171301 ) ) ;
#2089 = ADVANCED_FACE ( 'NONE', ( #6749 ), #1946, .T. ) ;
#2090 = LINE ( 'NONE', #1129, #8049 ) ;
#2091 = ORIENTED_EDGE ( 'NONE', *, *, #7990, .T. ) ;
#2092 = LINE ( 'NONE', #7662, #574 ) ;
#2093 = ORIENTED_EDGE ( 'NONE', *, *, #9442, .F. ) ;
#2094 = VECTOR ( 'NONE', #2694, 1000.000000000000000 ) ;
#2095 = EDGE_LOOP ( 'NONE', ( #8266, #8547, #162, #7502 ) ) ;
#2096 = FACE_OUTER_BOUND ( 'NONE', #4174, .T. ) ;
#2097 = VECTOR ( 'NONE', #7561, 1000.000000000000000 ) ;
#2098 = CARTESIAN_POINT ( 'NONE',  ( 2.024999999999999911, 0.3783882181409999323, 0.8000000000009999113 ) ) ;
#2099 = FACE_OUTER_BOUND ( 'NONE', #877, .T. ) ;
#2100 = EDGE_LOOP ( 'NONE', ( #4826, #807, #12575, #10538 ) ) ;
#2101 = DIRECTION ( 'NONE',  ( 0.000000000000000000, 1.000000000000000000, 3.252606517456511724E-15 ) ) ;
#2102 = ORIENTED_EDGE ( 'NONE', *, *, #2743, .F. ) ;
#2103 = PLANE ( 'NONE',  #7279 ) ;
#2104 = ADVANCED_FACE ( 'NONE', ( #4832 ), #8743, .T. ) ;
#2105 = VECTOR ( 'NONE', #3705, 1000.000000000000000 ) ;
#2106 = DIRECTION ( 'NONE',  ( -1.445602896647000101E-15, 1.000000000000000000, 3.491481338843000432E-15 ) ) ;
#2107 = VECTOR ( 'NONE', #500, 1000.000000000000000 ) ;
#2108 = ORIENTED_EDGE ( 'NONE', *, *, #2193, .F. ) ;
#2109 = CARTESIAN_POINT ( 'NONE',  ( -3.924999999998999733, 0.7999999999999999334, -0.8662277660160003778 ) ) ;
#2110 = LINE ( 'NONE', #6022, #122 ) ;
#2111 = CARTESIAN_POINT ( 'NONE',  ( -3.219999999998999662, 1.999999999999000355, 1.959999999999999964 ) ) ;
#2112 = VECTOR ( 'NONE', #12644, 1000.000000000000000 ) ;
#2113 = ORIENTED_EDGE ( 'NONE', *, *, #11745, .F. ) ;
#2114 = CARTESIAN_POINT ( 'NONE',  ( 3.685626706798579733, 1.981625826742974272, 2.788070903538607315 ) ) ;
#2115 = DIRECTION ( 'NONE',  ( 0.000000000000000000, 1.000000000000000000, 3.491481338843000432E-15 ) ) ;
#2116 = ORIENTED_EDGE ( 'NONE', *, *, #1815, .F. ) ;
#2117 = DIRECTION ( 'NONE',  ( 0.000000000000000000, 3.491481338843000432E-15, -1.000000000000000000 ) ) ;
#2118 = AXIS2_PLACEMENT_3D ( 'NONE', #5732, #11452, #4712 ) ;
#2119 = EDGE_CURVE ( 'NONE', #6463, #12036, #8873, .T. ) ;
#2120 = CARTESIAN_POINT ( 'NONE',  ( 4.469999999998999662, 1.349999999999000000, 2.709999999999999520 ) ) ;
#2121 = DIRECTION ( 'NONE',  ( 1.000000000000000000, 0.000000000000000000, 0.000000000000000000 ) ) ;
#2122 = CARTESIAN_POINT ( 'NONE',  ( 0.4749999999989999999, 1.400000000000000133, 0.05000000000099998065 ) ) ;
#2123 = CARTESIAN_POINT ( 'NONE',  ( 3.000000000000000000, -1.949999999999994404, 0.1000000000000000472 ) ) ;
#2124 = EDGE_CURVE ( 'NONE', #3914, #12473, #81, .T. ) ;
#2125 = EDGE_CURVE ( 'NONE', #96, #1281, #11762, .T. ) ;
#2126 = CARTESIAN_POINT ( 'NONE',  ( -4.468367817554448784, -0.2465580478937116349, 1.236134184720052875 ) ) ;
#2127 = LINE ( 'NONE', #11045, #7444 ) ;
#2128 = CIRCLE ( 'NONE', #1707, 0.9499999999990003108 ) ;
#2129 = ORIENTED_EDGE ( 'NONE', *, *, #260, .T. ) ;
#2130 = EDGE_LOOP ( 'NONE', ( #7291, #6551, #3023, #8403 ) ) ;
#2131 = CARTESIAN_POINT ( 'NONE',  ( 0.3048780487799999661, -0.6082251495429997767, 0.05000000000099998065 ) ) ;
#2132 = CARTESIAN_POINT ( 'NONE',  ( -4.169999999998999840, -5.900000000000000355, 1.959999999998999876 ) ) ;
#2133 = CARTESIAN_POINT ( 'NONE',  ( 1.612438620540999956, -1.430562291575999900, 0.05000000000099998065 ) ) ;
#2134 = FACE_OUTER_BOUND ( 'NONE', #10307, .T. ) ;
#2135 = CARTESIAN_POINT ( 'NONE',  ( -0.8753401403840000983, -1.620000046481000044, 0.05000000000099998065 ) ) ;
#2136 = ADVANCED_FACE ( 'NONE', ( #10805 ), #8108, .F. ) ;
#2137 = LINE ( 'NONE', #1306, #11127 ) ;
#2138 = DIRECTION ( 'NONE',  ( 0.000000000000000000, 1.000000000000000000, 3.252606517456518824E-15 ) ) ;
#2139 = CARTESIAN_POINT ( 'NONE',  ( 0.9961806419720000694, -0.7838997799269999955, 0.05000000000099998065 ) ) ;
#2140 = EDGE_LOOP ( 'NONE', ( #9401, #10019, #2153, #3551 ) ) ;
#2141 = DIRECTION ( 'NONE',  ( -1.000000000000000000, 0.000000000000000000, 0.000000000000000000 ) ) ;
#2142 = ORIENTED_EDGE ( 'NONE', *, *, #5772, .F. ) ;
#2143 = CARTESIAN_POINT ( 'NONE',  ( 1.792873475609000122, -0.9984690519819999777, 0.07000000000100004005 ) ) ;
#2144 = DIRECTION ( 'NONE',  ( 1.000000000000000000, 0.000000000000000000, 0.000000000000000000 ) ) ;
#2145 = DIRECTION ( 'NONE',  ( 0.000000000000000000, -3.491481338843000432E-15, 1.000000000000000000 ) ) ;
#2146 = ADVANCED_FACE ( 'NONE', ( #8236 ), #6121, .F. ) ;
#2147 = CARTESIAN_POINT ( 'NONE',  ( 3.399999999998999822, 0.000000000000000000, -0.4999999999989999666 ) ) ;
#2148 = EDGE_CURVE ( 'NONE', #1607, #11145, #809, .T. ) ;
#2149 = ORIENTED_EDGE ( 'NONE', *, *, #1097, .F. ) ;
#2150 = CARTESIAN_POINT ( 'NONE',  ( -4.469999999998999662, 2.000000000000000444, 1.300000000000999911 ) ) ;
#2151 = DIRECTION ( 'NONE',  ( 0.000000000000000000, 1.000000000000000000, 3.523657060577889805E-15 ) ) ;
#2152 = VERTEX_POINT ( 'NONE', #7972 ) ;
#2153 = ORIENTED_EDGE ( 'NONE', *, *, #4003, .F. ) ;
#2154 = CARTESIAN_POINT ( 'NONE',  ( 0.5809832317070000585, -0.7179812471039999089, 0.05000000000099998065 ) ) ;
#2155 = LINE ( 'NONE', #11014, #6413 ) ;
#2156 = EDGE_LOOP ( 'NONE', ( #9562, #4158, #1135, #11570 ) ) ;
#2157 = VECTOR ( 'NONE', #9505, 1000.000000000000000 ) ;
#2158 = DIRECTION ( 'NONE',  ( 1.000000000000000000, 0.000000000000000000, 0.000000000000000000 ) ) ;
#2159 = DIRECTION ( 'NONE',  ( 1.000000000000000000, 0.000000000000000000, 0.000000000000000000 ) ) ;
#2160 = EDGE_LOOP ( 'NONE', ( #6125, #8500, #11718, #5913, #8322, #3755, #10653, #5648 ) ) ;
#2161 = EDGE_CURVE ( 'NONE', #11579, #4840, #2213, .T. ) ;
#2162 = ADVANCED_FACE ( 'NONE', ( #3366 ), #7144, .T. ) ;
#2163 = EDGE_LOOP ( 'NONE', ( #2995, #8748, #1056, #6453 ) ) ;
#2164 = ADVANCED_FACE ( 'NONE', ( #11894 ), #5090, .F. ) ;
#2165 = PLANE ( 'NONE',  #9068 ) ;
#2166 = AXIS2_PLACEMENT_3D ( 'NONE', #8959, #6207, #11919 ) ;
#2167 = CARTESIAN_POINT ( 'NONE',  ( -1.274999999999000044, 0.6000000000000003109, 0.3500000000010001222 ) ) ;
#2168 = ORIENTED_EDGE ( 'NONE', *, *, #12678, .F. ) ;
#2169 = DIRECTION ( 'NONE',  ( 1.000000000000000000, 0.000000000000000000, 0.000000000000000000 ) ) ;
#2170 = ORIENTED_EDGE ( 'NONE', *, *, #10758, .F. ) ;
#2171 = DIRECTION ( 'NONE',  ( 0.000000000000000000, 1.000000000000000000, 3.491481338843000432E-15 ) ) ;
#2172 = CARTESIAN_POINT ( 'NONE',  ( 0.000000000000000000, 1.800000000000000044, 0.05000000000099998065 ) ) ;
#2173 = ORIENTED_EDGE ( 'NONE', *, *, #9518, .T. ) ;
#2174 = VECTOR ( 'NONE', #3475, 1000.000000000000000 ) ;
#2175 = EDGE_LOOP ( 'NONE', ( #4721, #9000, #7804, #8686 ) ) ;
#2177 = CARTESIAN_POINT ( 'NONE',  ( 0.02500000000000000139, 0.1000000000000002554, 0.05000000000099998065 ) ) ;
#2176 = AXIS2_PLACEMENT_3D ( 'NONE', #9864, #4269, #3368 ) ;
#2178 = DIRECTION ( 'NONE',  ( 0.000000000000000000, 0.000000000000000000, 1.000000000000000000 ) ) ;
#2179 = LINE ( 'NONE', #10133, #4513 ) ;
#2180 = ORIENTED_EDGE ( 'NONE', *, *, #8197, .F. ) ;
#2181 = VECTOR ( 'NONE', #693, 1000.000000000000000 ) ;
#2182 = CARTESIAN_POINT ( 'NONE',  ( 4.469999999998999662, -2.932842712473999747, -0.5500000000000001554 ) ) ;
#2183 = CARTESIAN_POINT ( 'NONE',  ( -0.6989319970239999957, -1.605400727881999723, 0.05000000000099998065 ) ) ;
#2184 = EDGE_CURVE ( 'NONE', #3816, #2254, #7269, .T. ) ;
#2185 = ORIENTED_EDGE ( 'NONE', *, *, #7695, .T. ) ;
#2186 = PLANE ( 'NONE',  #11318 ) ;
#2187 = CARTESIAN_POINT ( 'NONE',  ( -2.474999999998999556, 0.9000000000000002442, 0.1000000000010001083 ) ) ;
#2188 = DIRECTION ( 'NONE',  ( 0.000000000000000000, 3.491481338843000432E-15, -1.000000000000000000 ) ) ;
#2189 = VECTOR ( 'NONE', #4671, 1000.000000000000000 ) ;
#2190 = AXIS2_PLACEMENT_3D ( 'NONE', #1798, #7822, #5770 ) ;
#2191 = PLANE ( 'NONE',  #847 ) ;
#2192 = DIRECTION ( 'NONE',  ( 0.000000000000000000, 1.000000000000000000, 3.252606517456518824E-15 ) ) ;
#2193 = EDGE_CURVE ( 'NONE', #4089, #213, #8997, .T. ) ;
#2194 = DIRECTION ( 'NONE',  ( 0.000000000000000000, -1.000000000000000000, -3.252606517456511724E-15 ) ) ;
#2195 = CARTESIAN_POINT ( 'NONE',  ( 3.500000000000000000, -1.949999999999994182, 0.000000000000000000 ) ) ;
#2196 = ORIENTED_EDGE ( 'NONE', *, *, #9794, .T. ) ;
#2197 = ORIENTED_EDGE ( 'NONE', *, *, #8691, .F. ) ;
#2198 = DIRECTION ( 'NONE',  ( 0.000000000000000000, -1.000000000000000000, -3.491481338843000432E-15 ) ) ;
#2199 = CARTESIAN_POINT ( 'NONE',  ( -4.469999999998999662, 1.349999999999000000, 1.859999999999999876 ) ) ;
#2200 = ORIENTED_EDGE ( 'NONE', *, *, #1386, .T. ) ;
#2201 = LINE ( 'NONE', #6109, #5940 ) ;
#2202 = EDGE_CURVE ( 'NONE', #1972, #11175, #1315, .T. ) ;
#2203 = ADVANCED_FACE ( 'NONE', ( #5220 ), #4135, .T. ) ;
#2204 = LINE ( 'NONE', #9183, #6399 ) ;
#2205 = DIRECTION ( 'NONE',  ( 0.000000000000000000, 0.000000000000000000, 1.000000000000000000 ) ) ;
#2206 = FACE_OUTER_BOUND ( 'NONE', #2855, .T. ) ;
#2207 = FACE_OUTER_BOUND ( 'NONE', #2904, .T. ) ;
#2208 = CARTESIAN_POINT ( 'NONE',  ( -1.127661367580000018, -1.399290251038999955, 0.07000000000100004005 ) ) ;
#2209 = ORIENTED_EDGE ( 'NONE', *, *, #9521, .F. ) ;
#2210 = DIRECTION ( 'NONE',  ( 0.000000000000000000, 1.000000000000000000, 6.505213034913023449E-15 ) ) ;
#2211 = EDGE_CURVE ( 'NONE', #8663, #12322, #2856, .T. ) ;
#2212 = DIRECTION ( 'NONE',  ( 0.000000000000000000, 3.491481338843000432E-15, -1.000000000000000000 ) ) ;
#2213 = LINE ( 'NONE', #7081, #3485 ) ;
#2214 = CARTESIAN_POINT ( 'NONE',  ( 3.803095189483999938, 1.349999999999000000, 2.709999999999999520 ) ) ;
#2215 = VECTOR ( 'NONE', #10604, 1000.000000000000000 ) ;
#2216 = CARTESIAN_POINT ( 'NONE',  ( 2.474999999998999556, 1.678388218141000365, 0.8000000000009999113 ) ) ;
#2217 = DIRECTION ( 'NONE',  ( 1.000000000000000000, 0.000000000000000000, 0.000000000000000000 ) ) ;
#2218 = ORIENTED_EDGE ( 'NONE', *, *, #4246, .T. ) ;
#2219 = ORIENTED_EDGE ( 'NONE', *, *, #9206, .F. ) ;
#2220 = DIRECTION ( 'NONE',  ( 0.000000000000000000, -1.000000000000000000, -3.491481338843000432E-15 ) ) ;
#2221 = CARTESIAN_POINT ( 'NONE',  ( -0.7749999999990000443, 0.9000000000000002442, 1.000068083900629290E-12 ) ) ;
#2222 = ORIENTED_EDGE ( 'NONE', *, *, #2422, .T. ) ;
#2223 = EDGE_CURVE ( 'NONE', #1522, #7114, #9132, .T. ) ;
#2224 = FACE_OUTER_BOUND ( 'NONE', #4165, .T. ) ;
#2225 = ORIENTED_EDGE ( 'NONE', *, *, #5529, .T. ) ;
#2226 = ORIENTED_EDGE ( 'NONE', *, *, #11258, .T. ) ;
#2227 = CARTESIAN_POINT ( 'NONE',  ( -5.750624847485999780, 2.000000000000000444, 1.709999999999999964 ) ) ;
#2228 = LINE ( 'NONE', #365, #12115 ) ;
#2229 = VERTEX_POINT ( 'NONE', #4264 ) ;
#2230 = LINE ( 'NONE', #10058, #10035 ) ;
#2231 = VERTEX_POINT ( 'NONE', #3114 ) ;
#2232 = DIRECTION ( 'NONE',  ( 0.000000000000000000, 3.491481338843000432E-15, -1.000000000000000000 ) ) ;
#2233 = DIRECTION ( 'NONE',  ( 0.000000000000000000, -1.000000000000000000, -2.891205793294678622E-15 ) ) ;
#2234 = VERTEX_POINT ( 'NONE', #8171 ) ;
#2235 = ADVANCED_FACE ( 'NONE', ( #12085 ), #2080, .T. ) ;
#2236 = ORIENTED_EDGE ( 'NONE', *, *, #5602, .T. ) ;
#2237 = LINE ( 'NONE', #2109, #7348 ) ;
#2238 = LINE ( 'NONE', #9874, #7907 ) ;
#2239 = PLANE ( 'NONE',  #9629 ) ;
#2240 = ORIENTED_EDGE ( 'NONE', *, *, #9805, .T. ) ;
#2241 = LINE ( 'NONE', #6152, #3683 ) ;
#2242 = DIRECTION ( 'NONE',  ( 1.000000000000000000, 0.000000000000000000, 0.000000000000000000 ) ) ;
#2243 = ORIENTED_EDGE ( 'NONE', *, *, #10043, .T. ) ;
#2244 = VECTOR ( 'NONE', #8324, 1000.000000000000000 ) ;
#2245 = DIRECTION ( 'NONE',  ( 1.000000000000000000, 0.000000000000000000, 0.000000000000000000 ) ) ;
#2246 = CARTESIAN_POINT ( 'NONE',  ( -1.829268292681999863, -0.7179812471039999089, 0.07000000000100004005 ) ) ;
#2247 = DIRECTION ( 'NONE',  ( -5.421010862426999550E-16, -1.000000000000000000, -3.491481338843000432E-15 ) ) ;
#2248 = CARTESIAN_POINT ( 'NONE',  ( -0.02499999999899999922, 2.200000000000000178, 1.000068083900629290E-12 ) ) ;
#2249 = DIRECTION ( 'NONE',  ( 0.000000000000000000, 1.000000000000000000, 4.336808689942017736E-15 ) ) ;
#2250 = CARTESIAN_POINT ( 'NONE',  ( -0.6219512195119999420, -1.580786125152999988, 0.07000000000100004005 ) ) ;
#2251 = DIRECTION ( 'NONE',  ( 0.3536223923290543469, -0.9353882635801437084, -3.265890666862498411E-15 ) ) ;
#2252 = EDGE_CURVE ( 'NONE', #10200, #5951, #3303, .T. ) ;
#2253 = VECTOR ( 'NONE', #2482, 1000.000000000000000 ) ;
#2254 = VERTEX_POINT ( 'NONE', #4068 ) ;
#2255 = EDGE_LOOP ( 'NONE', ( #1345, #1682, #3848, #6038, #11263, #10827, #4931, #6972 ) ) ;
#2256 = CARTESIAN_POINT ( 'NONE',  ( -3.219999999998999662, 0.7000000000000000666, -0.5499999999990000665 ) ) ;
#2257 = DIRECTION ( 'NONE',  ( -3.822356821508764806E-32, -1.000000000000000000, -3.642919299551000653E-15 ) ) ;
#2258 = ORIENTED_EDGE ( 'NONE', *, *, #9521, .T. ) ;
#2259 = DIRECTION ( 'NONE',  ( -5.421010862426999550E-16, -1.000000000000000000, 0.000000000000000000 ) ) ;
#2260 = EDGE_CURVE ( 'NONE', #737, #8216, #1379, .T. ) ;
#2261 = CARTESIAN_POINT ( 'NONE',  ( -0.2249999999989999999, 2.200000000000000178, 0.1000000000010001083 ) ) ;
#2262 = CIRCLE ( 'NONE', #9416, 0.2000000000000000944 ) ;
#2263 = DIRECTION ( 'NONE',  ( -5.421010862426999550E-16, -1.000000000000000000, -3.491481338843000432E-15 ) ) ;
#2264 = VECTOR ( 'NONE', #12383, 1000.000000000000000 ) ;
#2265 = CYLINDRICAL_SURFACE ( 'NONE', #5343, 0.1999999999999996503 ) ;
#2266 = CARTESIAN_POINT ( 'NONE',  ( 0.7406154072600000804, -0.6268435799119999041, 0.05000000000099998065 ) ) ;
#2267 = CARTESIAN_POINT ( 'NONE',  ( -1.451219512195000005, -0.6082251495429997767, 0.05000000000099998065 ) ) ;
#2268 = EDGE_CURVE ( 'NONE', #11047, #10965, #10940, .T. ) ;
#2269 = EDGE_CURVE ( 'NONE', #9761, #9160, #11190, .T. ) ;
#2270 = AXIS2_PLACEMENT_3D ( 'NONE', #4659, #8563, #8502 ) ;
#2271 = VERTEX_POINT ( 'NONE', #4739 ) ;
#2272 = CARTESIAN_POINT ( 'NONE',  ( -0.6299113430219999143, -1.584017314782999897, 0.05000000000099998065 ) ) ;
#2273 = DIRECTION ( 'NONE',  ( 0.000000000000000000, 1.000000000000000000, 3.491481338843000432E-15 ) ) ;
#2274 = AXIS2_PLACEMENT_3D ( 'NONE', #10342, #12314, #9429 ) ;
#2275 = DIRECTION ( 'NONE',  ( 1.000000000000000000, 0.000000000000000000, 0.000000000000000000 ) ) ;
#2276 = CARTESIAN_POINT ( 'NONE',  ( 1.224999999999999867, 0.6000000000000003109, 0.3500000000010001222 ) ) ;
#2277 = B_SPLINE_SURFACE_WITH_KNOTS ( 'NONE', 3, 1, ( 
 ( #4984, #7866 ),
 ( #2930, #3769 ),
 ( #8890, #99 ),
 ( #4027, #11845 ),
 ( #11647, #5680 ),
 ( #3832, #8760 ),
 ( #10894, #12660 ),
 ( #1834, #9594 ),
 ( #813, #4724 ),
 ( #10691, #7669 ),
 ( #12601, #10622 ),
 ( #5814, #5745 ),
 ( #8827, #7730 ),
 ( #2860, #1901 ),
 ( #7800, #1006 ),
 ( #11714, #10760 ),
 ( #1970, #4913 ),
 ( #3258, #7102 ),
 ( #6203, #12046 ) ),
 .UNSPECIFIED., .F., .F., .F.,
 ( 4, 1, 1, 1, 1, 1, 1, 1, 1, 1, 1, 1, 1, 1, 1, 1, 4 ),
 ( 2, 2 ),
 ( 0.000000000000000000, 0.07082657255500000859, 0.1381690332790000142, 0.2024753315329999859, 0.2639737544130000280, 0.3233803205979999817, 0.3817976227129999955, 0.4393900745190000290, 0.4969027245450000074, 0.5546621696089999443, 0.6127418784920000139, 0.6715388363909999825, 0.7316557220899999603, 0.7942978116129999488, 0.8594822049789999641, 0.9276813254519999941, 1.000000000000000000 ),
 ( 0.000000000000000000, 1.000000000000000000 ),
 .UNSPECIFIED. ) ;
#2278 = LINE ( 'NONE', #9001, #652 ) ;
#2279 = EDGE_CURVE ( 'NONE', #2234, #9914, #1831, .T. ) ;
#2280 = DIRECTION ( 'NONE',  ( 1.000000000000000000, 0.000000000000000000, 0.000000000000000000 ) ) ;
#2281 = VECTOR ( 'NONE', #3469, 1000.000000000000000 ) ;
#2282 = EDGE_LOOP ( 'NONE', ( #8064, #3631, #10348, #1447 ) ) ;
#2283 = EDGE_LOOP ( 'NONE', ( #2011, #12550, #872, #8594, #3044, #10651 ) ) ;
#2284 = CARTESIAN_POINT ( 'NONE',  ( 3.219999999998999662, -5.900000000000000355, 3.209999999999000320 ) ) ;
#2285 = VECTOR ( 'NONE', #11915, 1000.000000000000000 ) ;
#2286 = EDGE_CURVE ( 'NONE', #10249, #11160, #8582, .T. ) ;
#2287 = EDGE_CURVE ( 'NONE', #11655, #9034, #8467, .T. ) ;
#2288 = CARTESIAN_POINT ( 'NONE',  ( -1.365541110044000028, -1.071239354577999903, 0.05000000000099998065 ) ) ;
#2289 = EDGE_LOOP ( 'NONE', ( #579, #5687, #3760, #9139 ) ) ;
#2290 = LINE ( 'NONE', #10114, #11026 ) ;
#2291 = ORIENTED_EDGE ( 'NONE', *, *, #10671, .T. ) ;
#2292 = VERTEX_POINT ( 'NONE', #5761 ) ;
#2293 = CIRCLE ( 'NONE', #4925, 0.7999999999999999334 ) ;
#2294 = CARTESIAN_POINT ( 'NONE',  ( 1.275000000000000133, 1.800000000000000044, 0.1000000000010001083 ) ) ;
#2295 = EDGE_CURVE ( 'NONE', #7645, #5184, #8524, .T. ) ;
#2296 = DIRECTION ( 'NONE',  ( -1.000000000000000000, 0.000000000000000000, 0.000000000000000000 ) ) ;
#2297 = VERTEX_POINT ( 'NONE', #9551 ) ;
#2298 = FACE_OUTER_BOUND ( 'NONE', #8038, .T. ) ;
#2299 = EDGE_LOOP ( 'NONE', ( #5716, #11626, #5650, #6052 ) ) ;
#2300 = CARTESIAN_POINT ( 'NONE',  ( -0.6311435496409999457, -0.7646329612180000623, 0.07000000000100004005 ) ) ;
#2301 = LINE ( 'NONE', #4287, #4383 ) ;
#2302 = EDGE_LOOP ( 'NONE', ( #7140, #10082, #11394, #8821, #6963 ) ) ;
#2303 = VECTOR ( 'NONE', #2051, 1000.000000000000000 ) ;
#2304 = ORIENTED_EDGE ( 'NONE', *, *, #2970, .T. ) ;
#2305 = ORIENTED_EDGE ( 'NONE', *, *, #5346, .T. ) ;
#2306 = PLANE ( 'NONE',  #2993 ) ;
#2307 = LINE ( 'NONE', #10005, #9428 ) ;
#2308 = ORIENTED_EDGE ( 'NONE', *, *, #10044, .T. ) ;
#2309 = CARTESIAN_POINT ( 'NONE',  ( 2.269999999998999929, -2.250000000000000000, 1.629999999999998783 ) ) ;
#2310 = VERTEX_POINT ( 'NONE', #10455 ) ;
#2311 = DIRECTION ( 'NONE',  ( 0.000000000000000000, 1.000000000000000000, 3.491481338843000432E-15 ) ) ;
#2312 = EDGE_CURVE ( 'NONE', #4527, #2254, #5577, .T. ) ;
#2313 = DIRECTION ( 'NONE',  ( 0.000000000000000000, -1.000000000000000000, -3.491481338843000432E-15 ) ) ;
#2314 = DIRECTION ( 'NONE',  ( -0.3779644730095159111, -0.6546536707078938200, -0.6546536707078938200 ) ) ;
#2315 = AXIS2_PLACEMENT_3D ( 'NONE', #4904, #7658, #11574 ) ;
#2316 = DIRECTION ( 'NONE',  ( 1.000000000000000000, 0.000000000000000000, 0.000000000000000000 ) ) ;
#2317 = CARTESIAN_POINT ( 'NONE',  ( -0.5249999999990000443, 2.200000000000000178, 0.1000000000010001083 ) ) ;
#2318 = DIRECTION ( 'NONE',  ( 0.000000000000000000, 3.491481338843000432E-15, -1.000000000000000000 ) ) ;
#2319 = CARTESIAN_POINT ( 'NONE',  ( -0.9166866776630000491, -0.7067672087949997684, 0.07000000000100004005 ) ) ;
#2320 = EDGE_LOOP ( 'NONE', ( #10572, #10237, #10006, #7732, #5661, #7158 ) ) ;
#2321 = EDGE_LOOP ( 'NONE', ( #11990, #1486, #9464, #9945 ) ) ;
#2322 = FACE_OUTER_BOUND ( 'NONE', #10302, .T. ) ;
#2323 = CARTESIAN_POINT ( 'NONE',  ( -0.7749999999990000443, 0.1000000000000002554, 0.1000000000010001083 ) ) ;
#2324 = EDGE_LOOP ( 'NONE', ( #8167, #10742, #6984, #3024, #11007 ) ) ;
#2325 = AXIS2_PLACEMENT_3D ( 'NONE', #6895, #8053, #11973 ) ;
#2326 = FACE_OUTER_BOUND ( 'NONE', #1410, .T. ) ;
#2327 = CARTESIAN_POINT ( 'NONE',  ( 3.219999999998999662, 0.7000000000000000666, -0.5499999999990000665 ) ) ;
#2328 = EDGE_CURVE ( 'NONE', #2613, #4275, #11603, .T. ) ;
#2329 = ADVANCED_FACE ( 'NONE', ( #1850 ), #9425, .T. ) ;
#2330 = CARTESIAN_POINT ( 'NONE',  ( 4.183468999259605248, 1.958891756426334174, 2.756436071767892848 ) ) ;
#2331 = CARTESIAN_POINT ( 'NONE',  ( -4.234537944099899143, 1.267079115234253317, 2.691043388053247831 ) ) ;
#2332 = CARTESIAN_POINT ( 'NONE',  ( 1.109352230358000124, -1.101913784548999908, 0.05000000000099998065 ) ) ;
#2333 = CARTESIAN_POINT ( 'NONE',  ( -4.469999999998999662, 1.199999999999000089, 1.859999999999999876 ) ) ;
#2334 = AXIS2_PLACEMENT_3D ( 'NONE', #371, #2106, #6208 ) ;
#2335 = AXIS2_PLACEMENT_3D ( 'NONE', #4095, #4166, #2040 ) ;
#2336 = ORIENTED_EDGE ( 'NONE', *, *, #8872, .T. ) ;
#2337 = DIRECTION ( 'NONE',  ( 1.000000000000000000, 0.000000000000000000, 0.000000000000000000 ) ) ;
#2338 = LINE ( 'NONE', #7457, #4293 ) ;
#2339 = DIRECTION ( 'NONE',  ( 0.000000000000000000, -0.7071067811865475727, 0.7071067811865475727 ) ) ;
#2340 = DIRECTION ( 'NONE',  ( 0.000000000000000000, -1.000000000000000000, -3.491481338843000432E-15 ) ) ;
#2341 = ADVANCED_FACE ( 'NONE', ( #2691 ), #3598, .T. ) ;
#2342 = DIRECTION ( 'NONE',  ( 0.000000000000000000, -1.000000000000000000, -3.491481338843000432E-15 ) ) ;
#2343 = CARTESIAN_POINT ( 'NONE',  ( -4.219999999998999662, 1.849999999999000000, 2.709999999999999520 ) ) ;
#2344 = ORIENTED_EDGE ( 'NONE', *, *, #2769, .F. ) ;
#2345 = ORIENTED_EDGE ( 'NONE', *, *, #306, .T. ) ;
#2346 = DIRECTION ( 'NONE',  ( -1.000000000000000000, 0.000000000000000000, 0.000000000000000000 ) ) ;
#2347 = DIRECTION ( 'NONE',  ( 1.000000000000000000, 0.000000000000000000, 0.000000000000000000 ) ) ;
#2348 = VERTEX_POINT ( 'NONE', #3782 ) ;
#2349 = B_SPLINE_CURVE_WITH_KNOTS ( 'NONE', 3,
 ( #5036, #8118, #9985, #26, #8946, #8881, #1192, #10748, #88, #7856, #5098, #2088, #3953, #6000, #2987, #9006, #155 ),
 .UNSPECIFIED., .F., .F.,
 ( 4, 2, 2, 2, 2, 1, 2, 2, 4 ),
 ( 0.000000000000000000, 0.1249999999999988898, 0.1874999999999992784, 0.2499999999999996669, 0.3749999999999991673, 0.4374999999999988898, 0.4687499999999981681, 0.4999999999999974465, 1.000000000000000000 ),
 .UNSPECIFIED. ) ;
#2350 = CARTESIAN_POINT ( 'NONE',  ( 1.424733231707000058, -0.8887129544209999565, 0.07000000000100004005 ) ) ;
#2351 = ORIENTED_EDGE ( 'NONE', *, *, #6679, .F. ) ;
#2352 = EDGE_CURVE ( 'NONE', #2849, #3902, #7507, .T. ) ;
#2353 = EDGE_LOOP ( 'NONE', ( #3466, #12465, #8565, #8070 ) ) ;
#2354 = EDGE_CURVE ( 'NONE', #778, #10668, #10227, .T. ) ;
#2355 = LINE ( 'NONE', #6076, #3549 ) ;
#2356 = DIRECTION ( 'NONE',  ( 1.000000000000000000, 0.000000000000000000, 0.000000000000000000 ) ) ;
#2357 = VERTEX_POINT ( 'NONE', #11477 ) ;
#2358 = CARTESIAN_POINT ( 'NONE',  ( 2.774999999999999911, 2.200000000000000178, 1.000068083900629290E-12 ) ) ;
#2359 = EDGE_LOOP ( 'NONE', ( #1297, #3825, #10181, #9990 ) ) ;
#2360 = PLANE ( 'NONE',  #3749 ) ;
#2361 = CARTESIAN_POINT ( 'NONE',  ( 3.219999999998999662, -1.300000000000999911, 1.959999999999999964 ) ) ;
#2362 = ORIENTED_EDGE ( 'NONE', *, *, #4602, .F. ) ;
#2363 = CARTESIAN_POINT ( 'NONE',  ( -0.6219512195119999420, -1.446639783688999925, 0.07000000000100004005 ) ) ;
#2364 = EDGE_CURVE ( 'NONE', #5008, #86, #196, .T. ) ;
#2365 = CARTESIAN_POINT ( 'NONE',  ( -3.219999999998999662, -9.116756773326001095, 0.04999999999999991257 ) ) ;
#2366 = DIRECTION ( 'NONE',  ( 0.000000000000000000, 3.491481338843000432E-15, -1.000000000000000000 ) ) ;
#2367 = ORIENTED_EDGE ( 'NONE', *, *, #4475, .T. ) ;
#2368 = VECTOR ( 'NONE', #9868, 1000.000000000000000 ) ;
#2369 = LINE ( 'NONE', #5063, #4626 ) ;
#2370 = ORIENTED_EDGE ( 'NONE', *, *, #12554, .F. ) ;
#2371 = CARTESIAN_POINT ( 'NONE',  ( 0.1097560975600000016, -0.6082251495429997767, 0.05000000000099998065 ) ) ;
#2372 = CARTESIAN_POINT ( 'NONE',  ( 0.06097560975599999877, -1.059444661738000004, 0.05000000000099998065 ) ) ;
#2373 = DIRECTION ( 'NONE',  ( -0.3222024856060888287, 0.9466707760722615772, 0.000000000000000000 ) ) ;
#2374 = DIRECTION ( 'NONE',  ( 0.000000000000000000, 1.000000000000000000, 3.491481338843000432E-15 ) ) ;
#2375 = LINE ( 'NONE', #12242, #3395 ) ;
#2376 = DIRECTION ( 'NONE',  ( 0.000000000000000000, -3.790571593321000372E-15, 1.000000000000000000 ) ) ;
#2377 = CARTESIAN_POINT ( 'NONE',  ( 0.2750000000000000222, 2.200000000000000178, 0.1000000000010001083 ) ) ;
#2378 = CIRCLE ( 'NONE', #8923, 0.7999999999990000665 ) ;
#2379 = VECTOR ( 'NONE', #2318, 1000.000000000000000 ) ;
#2380 = ORIENTED_EDGE ( 'NONE', *, *, #8573, .F. ) ;
#2381 = EDGE_LOOP ( 'NONE', ( #3893, #4307, #225, #12659 ) ) ;
#2382 = EDGE_CURVE ( 'NONE', #5371, #991, #4675, .T. ) ;
#2383 = CARTESIAN_POINT ( 'NONE',  ( 0.5250000000000000222, 0.6000000000000003109, 0.05000000000099998065 ) ) ;
#2384 = DIRECTION ( 'NONE',  ( 0.000000000000000000, -0.7071067811865475727, 0.7071067811865475727 ) ) ;
#2385 = ORIENTED_EDGE ( 'NONE', *, *, #4352, .F. ) ;
#2386 = CARTESIAN_POINT ( 'NONE',  ( 0.7750000000000000222, 2.200000000000000178, 0.1000000000010001083 ) ) ;
#2387 = DIRECTION ( 'NONE',  ( 0.3635424856521137782, 0.9315776194852914971, 3.252585874116018067E-15 ) ) ;
#2388 = VECTOR ( 'NONE', #8521, 1000.000000000000000 ) ;
#2389 = VECTOR ( 'NONE', #9498, 1000.000000000000000 ) ;
#2390 = CARTESIAN_POINT ( 'NONE',  ( 4.469999999998999662, -1.699999999999999956, -2.399999999999999911 ) ) ;
#2391 = VECTOR ( 'NONE', #6618, 1000.000000000000000 ) ;
#2392 = LINE ( 'NONE', #12020, #9028 ) ;
#2393 = CARTESIAN_POINT ( 'NONE',  ( 0.6334459889910000197, -0.6092501828469999436, 0.05000000000099998065 ) ) ;
#2394 = CARTESIAN_POINT ( 'NONE',  ( -0.2749999999989999888, 0.1000000000000002554, 0.1000000000010001083 ) ) ;
#2395 = EDGE_LOOP ( 'NONE', ( #4550, #5868, #6197, #10062 ) ) ;
#2396 = CARTESIAN_POINT ( 'NONE',  ( -0.6989319970239999957, -1.605400727881999723, 0.07000000000100004005 ) ) ;
#2397 = ADVANCED_FACE ( 'NONE', ( #6717 ), #11543, .F. ) ;
#2398 = EDGE_CURVE ( 'NONE', #6463, #11638, #9680, .T. ) ;
#2399 = DIRECTION ( 'NONE',  ( 0.000000000000000000, 3.491481338843000432E-15, -1.000000000000000000 ) ) ;
#2400 = DIRECTION ( 'NONE',  ( 1.000000000000000000, 0.000000000000000000, 0.000000000000000000 ) ) ;
#2401 = CARTESIAN_POINT ( 'NONE',  ( -4.087467578643999566, 1.999999999999000355, 2.859999999999999876 ) ) ;
#2402 = PLANE ( 'NONE',  #10992 ) ;
#2403 = DIRECTION ( 'NONE',  ( 0.000000000000000000, -3.491481338843000432E-15, 1.000000000000000000 ) ) ;
#2404 = VERTEX_POINT ( 'NONE', #5692 ) ;
#2405 = VERTEX_POINT ( 'NONE', #9609 ) ;
#2406 = CARTESIAN_POINT ( 'NONE',  ( -1.774999999999000044, 0.3783882181409999323, 1.000068083900629290E-12 ) ) ;
#2407 = DIRECTION ( 'NONE',  ( 1.000000000000000000, 0.000000000000000000, 0.000000000000000000 ) ) ;
#2408 = ORIENTED_EDGE ( 'NONE', *, *, #11819, .T. ) ;
#2409 = EDGE_CURVE ( 'NONE', #10755, #12514, #4800, .T. ) ;
#2410 = CARTESIAN_POINT ( 'NONE',  ( 4.169999999998999840, -2.449999999998999645, -0.5500000000000001554 ) ) ;
#2411 = ORIENTED_EDGE ( 'NONE', *, *, #1387, .T. ) ;
#2412 = VERTEX_POINT ( 'NONE', #6308 ) ;
#2413 = EDGE_CURVE ( 'NONE', #12113, #1786, #1436, .T. ) ;
#2414 = LINE ( 'NONE', #10426, #3119 ) ;
#2415 = LINE ( 'NONE', #6325, #2884 ) ;
#2416 = ORIENTED_EDGE ( 'NONE', *, *, #2125, .T. ) ;
#2417 = LINE ( 'NONE', #4591, #10634 ) ;
#2418 = VERTEX_POINT ( 'NONE', #2182 ) ;
#2419 = CARTESIAN_POINT ( 'NONE',  ( -0.6763190406260000120, -1.474917160155999829, 0.05000000000099998065 ) ) ;
#2420 = CARTESIAN_POINT ( 'NONE',  ( -3.725000000000000089, 0.9000000000000002442, -0.5499999999990000665 ) ) ;
#2421 = EDGE_LOOP ( 'NONE', ( #2593, #7223, #11450, #5325 ) ) ;
#2422 = EDGE_CURVE ( 'NONE', #1511, #12292, #1021, .T. ) ;
#2423 = EDGE_CURVE ( 'NONE', #10898, #6305, #3012, .T. ) ;
#2424 = CARTESIAN_POINT ( 'NONE',  ( -2.474999999998999556, 0.6000000000000003109, 0.05000000000099998065 ) ) ;
#2425 = CARTESIAN_POINT ( 'NONE',  ( -4.169999999998998952, -0.1387080850608031490, 1.300000000000999689 ) ) ;
#2426 = CARTESIAN_POINT ( 'NONE',  ( -0.9749999999989999999, 0.3783882181409999323, 1.000068083900629290E-12 ) ) ;
#2427 = ORIENTED_EDGE ( 'NONE', *, *, #8470, .T. ) ;
#2428 = LINE ( 'NONE', #9472, #8925 ) ;
#2429 = ORIENTED_EDGE ( 'NONE', *, *, #3667, .F. ) ;
#2430 = CARTESIAN_POINT ( 'NONE',  ( -2.474999999998999556, 0.1000000000000002554, 0.1000000000010001083 ) ) ;
#2431 = CARTESIAN_POINT ( 'NONE',  ( 0.3048780487799999661, -1.608225149542999999, 0.07000000000100004005 ) ) ;
#2432 = DIRECTION ( 'NONE',  ( 1.000000000000000000, 0.000000000000000000, 0.000000000000000000 ) ) ;
#2433 = LINE ( 'NONE', #636, #6991 ) ;
#2434 = LINE ( 'NONE', #1415, #6652 ) ;
#2435 = ADVANCED_FACE ( 'NONE', ( #3148 ), #11930, .F. ) ;
#2436 = DIRECTION ( 'NONE',  ( 0.000000000000000000, -1.000000000000000000, -3.641026466082000599E-15 ) ) ;
#2437 = CARTESIAN_POINT ( 'NONE',  ( -2.774999999999000266, 0.9000000000000002442, 0.1000000000010001083 ) ) ;
#2438 = EDGE_CURVE ( 'NONE', #8981, #8180, #456, .T. ) ;
#2439 = ORIENTED_EDGE ( 'NONE', *, *, #6317, .F. ) ;
#2440 = ORIENTED_EDGE ( 'NONE', *, *, #6557, .F. ) ;
#2441 = CARTESIAN_POINT ( 'NONE',  ( 1.695121951219000112, -1.608225149542999999, 0.07000000000100004005 ) ) ;
#2442 = LINE ( 'NONE', #6356, #638 ) ;
#2443 = VECTOR ( 'NONE', #9937, 1000.000000000000000 ) ;
#2444 = VERTEX_POINT ( 'NONE', #247 ) ;
#2445 = DIRECTION ( 'NONE',  ( 0.000000000000000000, 3.491481338843000432E-15, -1.000000000000000000 ) ) ;
#2446 = DIRECTION ( 'NONE',  ( 0.000000000000000000, 3.252606517456000542E-15, -1.000000000000000000 ) ) ;
#2447 = LINE ( 'NONE', #2390, #10308 ) ;
#2448 = CONICAL_SURFACE ( 'NONE', #10235, 0.1499999999999999944, 0.7853981633970000820 ) ;
#2449 = B_SPLINE_CURVE_WITH_KNOTS ( 'NONE', 3,
 ( #4276, #8182, #7222, #11144, #6255, #1453, #3126, #735, #8368, #4647, #2602, #12402, #8550, #4398, #9515, #5422, #3438, #2472, #5606 ),
 .UNSPECIFIED., .F., .F.,
 ( 4, 1, 1, 1, 1, 1, 1, 1, 1, 1, 1, 1, 1, 1, 1, 1, 4 ),
 ( 0.000000000000000000, 0.07430379644199999745, 0.1443936103640000024, 0.2104994961029999778, 0.2735426065029999965, 0.3338247445790000212, 0.3925296724080000188, 0.4500874545990000142, 0.5078206115550000233, 0.5654649127760000837, 0.6231487223330000047, 0.6812971927900000058, 0.7409134981559999389, 0.8018557521950000488, 0.8652412377199999449, 0.9309416570459999596, 1.000000000000000000 ),
 .UNSPECIFIED. ) ;
#2450 = FACE_OUTER_BOUND ( 'NONE', #9084, .T. ) ;
#2451 = CARTESIAN_POINT ( 'NONE',  ( -4.169999999998999840, 2.000000000000000444, 1.300000000000999911 ) ) ;
#2452 = EDGE_CURVE ( 'NONE', #12669, #2627, #2262, .T. ) ;
#2453 = VECTOR ( 'NONE', #9280, 1000.000000000000000 ) ;
#2454 = DIRECTION ( 'NONE',  ( 0.000000000000000000, 3.491481338843000432E-15, -1.000000000000000000 ) ) ;
#2455 = ORIENTED_EDGE ( 'NONE', *, *, #10427, .F. ) ;
#2456 = ORIENTED_EDGE ( 'NONE', *, *, #5157, .F. ) ;
#2457 = FACE_OUTER_BOUND ( 'NONE', #11562, .T. ) ;
#2458 = AXIS2_PLACEMENT_3D ( 'NONE', #3175, #9909, #1121 ) ;
#2459 = AXIS2_PLACEMENT_3D ( 'NONE', #2394, #12080, #11058 ) ;
#2460 = PLANE ( 'NONE',  #11393 ) ;
#2461 = AXIS2_PLACEMENT_3D ( 'NONE', #11831, #7023, #2151 ) ;
#2462 = DIRECTION ( 'NONE',  ( 1.000000000000000000, 0.000000000000000000, 0.000000000000000000 ) ) ;
#2463 = ADVANCED_FACE ( 'NONE', ( #176 ), #11470, .T. ) ;
#2464 = DIRECTION ( 'NONE',  ( 0.000000000000000000, -1.000000000000000000, -3.491481338843000432E-15 ) ) ;
#2465 = ORIENTED_EDGE ( 'NONE', *, *, #10886, .T. ) ;
#2466 = VECTOR ( 'NONE', #8950, 1000.000000000000000 ) ;
#2467 = ORIENTED_EDGE ( 'NONE', *, *, #7117, .F. ) ;
#2468 = DIRECTION ( 'NONE',  ( 0.000000000000000000, -1.000000000000000000, -4.336808689942015369E-15 ) ) ;
#2469 = VECTOR ( 'NONE', #9765, 1000.000000000000000 ) ;
#2470 = ORIENTED_EDGE ( 'NONE', *, *, #7520, .T. ) ;
#2471 = AXIS2_PLACEMENT_3D ( 'NONE', #2695, #10583, #5582 ) ;
#2472 = CARTESIAN_POINT ( 'NONE',  ( 0.6007484225470000050, -1.498176057812999895, 0.07000000000100004005 ) ) ;
#2473 = VERTEX_POINT ( 'NONE', #959 ) ;
#2474 = ORIENTED_EDGE ( 'NONE', *, *, #10946, .T. ) ;
#2475 = VECTOR ( 'NONE', #4126, 1000.000000000000000 ) ;
#2476 = LINE ( 'NONE', #427, #8835 ) ;
#2477 = AXIS2_PLACEMENT_3D ( 'NONE', #2018, #1060, #2982 ) ;
#2478 = EDGE_CURVE ( 'NONE', #6517, #6353, #9877, .T. ) ;
#2479 = LINE ( 'NONE', #1461, #5345 ) ;
#2480 = EDGE_CURVE ( 'NONE', #2310, #751, #4722, .T. ) ;
#2481 = ORIENTED_EDGE ( 'NONE', *, *, #4548, .T. ) ;
#2482 = DIRECTION ( 'NONE',  ( 0.000000000000000000, 1.000000000000000000, 3.491481338843000432E-15 ) ) ;
#2483 = EDGE_LOOP ( 'NONE', ( #6581, #7337, #2616, #7421, #7045, #7616 ) ) ;
#2484 = LINE ( 'NONE', #7419, #2565 ) ;
#2485 = CARTESIAN_POINT ( 'NONE',  ( 3.219999999998999662, 1.800000000000000044, -0.5499999999990000665 ) ) ;
#2486 = VERTEX_POINT ( 'NONE', #10774 ) ;
#2487 = VECTOR ( 'NONE', #6992, 1000.000000000000000 ) ;
#2488 = FACE_OUTER_BOUND ( 'NONE', #6837, .T. ) ;
#2489 = CARTESIAN_POINT ( 'NONE',  ( -4.168528321116269808, -0.2350560206187329026, 1.247527514762987400 ) ) ;
#2490 = CARTESIAN_POINT ( 'NONE',  ( 3.811283382821240906, 1.305094469731292728, 2.703572973177787109 ) ) ;
#2491 = ORIENTED_EDGE ( 'NONE', *, *, #10193, .F. ) ;
#2492 = VECTOR ( 'NONE', #3689, 1000.000000000000000 ) ;
#2493 = PLANE ( 'NONE',  #10370 ) ;
#2494 = ORIENTED_EDGE ( 'NONE', *, *, #9785, .F. ) ;
#2495 = CARTESIAN_POINT ( 'NONE',  ( -1.974999999999000222, 0.9000000000000002442, 0.1000000000010001083 ) ) ;
#2496 = EDGE_CURVE ( 'NONE', #4971, #602, #6781, .T. ) ;
#2497 = CARTESIAN_POINT ( 'NONE',  ( 1.634510659027999857, -1.444968384424999863, 0.07000000000100004005 ) ) ;
#2498 = DIRECTION ( 'NONE',  ( 0.000000000000000000, -1.000000000000000000, -3.523657060582293621E-15 ) ) ;
#2499 = DIRECTION ( 'NONE',  ( -5.421010862426999550E-16, -1.000000000000000000, -3.491481338843000432E-15 ) ) ;
#2500 = CARTESIAN_POINT ( 'NONE',  ( 4.469999999998999662, 0.9000000000000002442, -0.5499999999990000665 ) ) ;
#2501 = AXIS2_PLACEMENT_3D ( 'NONE', #7285, #5299, #6512 ) ;
#2502 = CARTESIAN_POINT ( 'NONE',  ( -3.500000000000000000, -4.433974596214999231, 1.279999999999999805 ) ) ;
#2503 = EDGE_CURVE ( 'NONE', #646, #1337, #4866, .T. ) ;
#2504 = ORIENTED_EDGE ( 'NONE', *, *, #7598, .T. ) ;
#2505 = ORIENTED_EDGE ( 'NONE', *, *, #1059, .F. ) ;
#2506 = CARTESIAN_POINT ( 'NONE',  ( 0.000000000000000000, -3.949999999998999645, -0.1499999999999999667 ) ) ;
#2507 = DIRECTION ( 'NONE',  ( -5.421010862426999550E-16, -1.000000000000000000, -3.491481338843000432E-15 ) ) ;
#2508 = ORIENTED_EDGE ( 'NONE', *, *, #12482, .T. ) ;
#2509 = DIRECTION ( 'NONE',  ( 0.000000000000000000, 3.491481338843000432E-15, -1.000000000000000000 ) ) ;
#2510 = AXIS2_PLACEMENT_3D ( 'NONE', #649, #1675, #9494 ) ;
#2511 = VECTOR ( 'NONE', #11275, 1000.000000000000000 ) ;
#2512 = DIRECTION ( 'NONE',  ( 0.000000000000000000, 1.000000000000000000, 3.252606517456511724E-15 ) ) ;
#2513 = EDGE_CURVE ( 'NONE', #6084, #11513, #6848, .T. ) ;
#2514 = CARTESIAN_POINT ( 'NONE',  ( -0.9107716525089999404, -1.619175670101999920, 0.05000000000099998065 ) ) ;
#2515 = DIRECTION ( 'NONE',  ( 1.000000000000000000, 0.000000000000000000, 0.000000000000000000 ) ) ;
#2516 = EDGE_CURVE ( 'NONE', #1703, #7903, #2241, .T. ) ;
#2517 = FACE_OUTER_BOUND ( 'NONE', #694, .T. ) ;
#2518 = CARTESIAN_POINT ( 'NONE',  ( 1.775000000000000133, 2.200000000000000178, 0.1000000000010001083 ) ) ;
#2519 = AXIS2_PLACEMENT_3D ( 'NONE', #3809, #5718, #11628 ) ;
#2520 = CARTESIAN_POINT ( 'NONE',  ( -0.8971036585359999371, -0.5960300275919998558, 0.05000000000099998065 ) ) ;
#2521 = CIRCLE ( 'NONE', #7224, 0.7999999999999999334 ) ;
#2522 = VECTOR ( 'NONE', #10376, 1000.000000000000000 ) ;
#2523 = ORIENTED_EDGE ( 'NONE', *, *, #12097, .F. ) ;
#2524 = ORIENTED_EDGE ( 'NONE', *, *, #10868, .T. ) ;
#2525 = CYLINDRICAL_SURFACE ( 'NONE', #7074, 0.1499999999999999667 ) ;
#2526 = ADVANCED_FACE ( 'NONE', ( #5190 ), #10070, .T. ) ;
#2527 = CIRCLE ( 'NONE', #272, 0.7999999999990000665 ) ;
#2528 = LINE ( 'NONE', #4637, #3420 ) ;
#2529 = VECTOR ( 'NONE', #5671, 1000.000000000000114 ) ;
#2530 = CYLINDRICAL_SURFACE ( 'NONE', #5035, 0.1999999999990000332 ) ;
#2531 = CARTESIAN_POINT ( 'NONE',  ( -5.500000000000000000, -1.949999999999994404, 0.1000000000000000472 ) ) ;
#2532 = ORIENTED_EDGE ( 'NONE', *, *, #628, .T. ) ;
#2533 = ORIENTED_EDGE ( 'NONE', *, *, #1762, .F. ) ;
#2534 = CARTESIAN_POINT ( 'NONE',  ( 4.469999999998999662, 1.800000000000000044, -0.5499999999990000665 ) ) ;
#2535 = ORIENTED_EDGE ( 'NONE', *, *, #5677, .F. ) ;
#2536 = LINE ( 'NONE', #10303, #3388 ) ;
#2537 = ADVANCED_FACE ( 'NONE', ( #11995 ), #3208, .T. ) ;
#2538 = VECTOR ( 'NONE', #9092, 1000.000000000000000 ) ;
#2539 = EDGE_CURVE ( 'NONE', #1334, #5892, #4752, .T. ) ;
#2540 = CARTESIAN_POINT ( 'NONE',  ( -0.6313346102870001086, -0.6548751681659998880, 0.07000000000100004005 ) ) ;
#2541 = ORIENTED_EDGE ( 'NONE', *, *, #12592, .T. ) ;
#2542 = EDGE_LOOP ( 'NONE', ( #5438, #3771, #3413, #5508 ) ) ;
#2543 = LINE ( 'NONE', #1640, #3521 ) ;
#2544 = DIRECTION ( 'NONE',  ( 0.000000000000000000, 1.000000000000000000, 4.336808689942017736E-15 ) ) ;
#2545 = ORIENTED_EDGE ( 'NONE', *, *, #972, .T. ) ;
#2546 = DIRECTION ( 'NONE',  ( -1.000000000000000000, 0.000000000000000000, 0.000000000000000000 ) ) ;
#2547 = ORIENTED_EDGE ( 'NONE', *, *, #3241, .F. ) ;
#2548 = DIRECTION ( 'NONE',  ( 1.000000000000000000, 0.000000000000000000, 0.000000000000000000 ) ) ;
#2549 = CARTESIAN_POINT ( 'NONE',  ( -4.469999999998999662, -3.891421356236999696, -0.2085786437620001377 ) ) ;
#2550 = VERTEX_POINT ( 'NONE', #12448 ) ;
#2551 = DIRECTION ( 'NONE',  ( 1.000000000000000000, 0.000000000000000000, 0.000000000000000000 ) ) ;
#2552 = EDGE_CURVE ( 'NONE', #5049, #6766, #846, .T. ) ;
#2553 = EDGE_CURVE ( 'NONE', #11389, #4961, #1622, .T. ) ;
#2554 = CARTESIAN_POINT ( 'NONE',  ( 3.893970815640978245, 1.212485918051854128, 2.630831660609409095 ) ) ;
#2555 = ORIENTED_EDGE ( 'NONE', *, *, #8538, .F. ) ;
#2556 = LINE ( 'NONE', #6466, #115 ) ;
#2557 = ORIENTED_EDGE ( 'NONE', *, *, #3706, .F. ) ;
#2558 = FACE_OUTER_BOUND ( 'NONE', #9736, .T. ) ;
#2559 = CARTESIAN_POINT ( 'NONE',  ( -2.724999999999000000, 1.800000000000000044, -0.5499999999990000665 ) ) ;
#2560 = CARTESIAN_POINT ( 'NONE',  ( -2.474999999998999556, 0.9000000000000002442, 0.1000000000010001083 ) ) ;
#2561 = PLANE ( 'NONE',  #8223 ) ;
#2562 = CARTESIAN_POINT ( 'NONE',  ( -1.134706780219999933, -0.8112163535869999498, 0.05000000000099998065 ) ) ;
#2563 = DIRECTION ( 'NONE',  ( -1.000000000000000000, 0.000000000000000000, 0.000000000000000000 ) ) ;
#2564 = ORIENTED_EDGE ( 'NONE', *, *, #7218, .F. ) ;
#2566 = ORIENTED_EDGE ( 'NONE', *, *, #10807, .F. ) ;
#2565 = VECTOR ( 'NONE', #2548, 1000.000000000000000 ) ;
#2567 = DIRECTION ( 'NONE',  ( -0.9315776194852916081, 0.3635424856521137227, 1.269301804533396670E-15 ) ) ;
#2568 = ADVANCED_FACE ( 'NONE', ( #8597 ), #12505, .T. ) ;
#2569 = VECTOR ( 'NONE', #9572, 1000.000000000000000 ) ;
#2570 = CARTESIAN_POINT ( 'NONE',  ( 0.7901423188330000125, -0.6424343329749998555, 0.05000000000099998065 ) ) ;
#2571 = EDGE_LOOP ( 'NONE', ( #12258, #4163, #9570, #7313 ) ) ;
#2572 = CARTESIAN_POINT ( 'NONE',  ( 4.169999999998999840, -0.09999999999999982514, 1.300000000000999911 ) ) ;
#2573 = DIRECTION ( 'NONE',  ( -1.000000000000000000, 1.445602896647000101E-15, 5.047295537021000026E-30 ) ) ;
#2574 = LINE ( 'NONE', #7628, #3696 ) ;
#2575 = DIRECTION ( 'NONE',  ( 1.000000000000000000, 0.000000000000000000, 0.000000000000000000 ) ) ;
#2576 = AXIS2_PLACEMENT_3D ( 'NONE', #11547, #2753, #6661 ) ;
#2577 = AXIS2_PLACEMENT_3D ( 'NONE', #2738, #8697, #2861 ) ;
#2578 = CARTESIAN_POINT ( 'NONE',  ( -1.225936129109999939, -1.187015687735999858, 0.05000000000099998065 ) ) ;
#2579 = DIRECTION ( 'NONE',  ( -1.000000000000000000, 0.000000000000000000, 0.000000000000000000 ) ) ;
#2580 = CARTESIAN_POINT ( 'NONE',  ( 3.925455437035166195, 1.203114749750177737, 2.596669356138217477 ) ) ;
#2581 = ORIENTED_EDGE ( 'NONE', *, *, #10526, .F. ) ;
#2582 = VERTEX_POINT ( 'NONE', #9438 ) ;
#2583 = EDGE_CURVE ( 'NONE', #7314, #1800, #7699, .T. ) ;
#2584 = CARTESIAN_POINT ( 'NONE',  ( 0.000000000000000000, -2.449999999998999645, 1.300000000000000044 ) ) ;
#2585 = ADVANCED_FACE ( 'NONE', ( #720 ), #4631, .T. ) ;
#2586 = PLANE ( 'NONE',  #1547 ) ;
#2587 = VECTOR ( 'NONE', #3909, 1000.000000000000000 ) ;
#2588 = VECTOR ( 'NONE', #1992, 1000.000000000000000 ) ;
#2589 = AXIS2_PLACEMENT_3D ( 'NONE', #6423, #9552, #3414 ) ;
#2590 = DIRECTION ( 'NONE',  ( 0.000000000000000000, -1.000000000000000000, -3.491481338843000432E-15 ) ) ;
#2591 = DIRECTION ( 'NONE',  ( -5.421010862426999550E-16, -1.000000000000000000, -3.491481338843000432E-15 ) ) ;
#2592 = CARTESIAN_POINT ( 'NONE',  ( -5.750624847485999780, 1.349999999999000000, 1.709999999999999964 ) ) ;
#2593 = ORIENTED_EDGE ( 'NONE', *, *, #5267, .F. ) ;
#2594 = VECTOR ( 'NONE', #5674, 1000.000000000000000 ) ;
#2595 = EDGE_LOOP ( 'NONE', ( #5539, #9095, #5330, #11441 ) ) ;
#2596 = VECTOR ( 'NONE', #10845, 1000.000000000000000 ) ;
#2597 = CARTESIAN_POINT ( 'NONE',  ( -1.021568573111999889, -0.7315890134429998692, 0.07000000000100004005 ) ) ;
#2598 = EDGE_CURVE ( 'NONE', #11211, #5730, #2826, .T. ) ;
#2599 = ORIENTED_EDGE ( 'NONE', *, *, #8383, .T. ) ;
#2600 = DIRECTION ( 'NONE',  ( 1.000000000000000000, 0.000000000000000000, 0.000000000000000000 ) ) ;
#2601 = DIRECTION ( 'NONE',  ( 0.000000000000000000, 3.252606517456000542E-15, -1.000000000000000000 ) ) ;
#2602 = CARTESIAN_POINT ( 'NONE',  ( 0.8408307916280000072, -1.425755555334000002, 0.07000000000100004005 ) ) ;
#2603 = VECTOR ( 'NONE', #11219, 1000.000000000000000 ) ;
#2604 = VERTEX_POINT ( 'NONE', #6731 ) ;
#2605 = CARTESIAN_POINT ( 'NONE',  ( 3.803095189483999938, 1.349999999999000000, 2.709999999999999520 ) ) ;
#2606 = DIRECTION ( 'NONE',  ( -1.000000000000000000, 0.000000000000000000, 0.000000000000000000 ) ) ;
#2607 = ORIENTED_EDGE ( 'NONE', *, *, #11373, .F. ) ;
#2608 = CARTESIAN_POINT ( 'NONE',  ( -2.224999999999000000, 2.200000000000000178, 1.000068083900629290E-12 ) ) ;
#2609 = ORIENTED_EDGE ( 'NONE', *, *, #1240, .T. ) ;
#2610 = DIRECTION ( 'NONE',  ( 0.000000000000000000, 1.000000000000000000, 3.523657060577889805E-15 ) ) ;
#2611 = EDGE_CURVE ( 'NONE', #5924, #7390, #5651, .T. ) ;
#2612 = DIRECTION ( 'NONE',  ( 0.000000000000000000, 3.491481338843000432E-15, -1.000000000000000000 ) ) ;
#2613 = VERTEX_POINT ( 'NONE', #10593 ) ;
#2614 = DIRECTION ( 'NONE',  ( 1.000000000000000000, 0.000000000000000000, 0.000000000000000000 ) ) ;
#2615 = FACE_OUTER_BOUND ( 'NONE', #2062, .T. ) ;
#2616 = ORIENTED_EDGE ( 'NONE', *, *, #6435, .F. ) ;
#2617 = CARTESIAN_POINT ( 'NONE',  ( 2.469999999999000106, -2.049999999999000178, 0.3499999999999998113 ) ) ;
#2618 = ORIENTED_EDGE ( 'NONE', *, *, #1344, .F. ) ;
#2619 = PLANE ( 'NONE',  #4364 ) ;
#2620 = CARTESIAN_POINT ( 'NONE',  ( 1.642339939023999884, -1.416151978810999967, 0.07000000000100004005 ) ) ;
#2621 = DIRECTION ( 'NONE',  ( -1.000000000000000000, 0.000000000000000000, 0.000000000000000000 ) ) ;
#2622 = AXIS2_PLACEMENT_3D ( 'NONE', #7987, #360, #11908 ) ;
#2623 = CARTESIAN_POINT ( 'NONE',  ( -1.224999999999000000, 2.200000000000000178, 0.1000000000010001083 ) ) ;
#2624 = DIRECTION ( 'NONE',  ( -5.421010862426999550E-16, 1.000000000000000000, 3.491481338843000432E-15 ) ) ;
#2625 = EDGE_CURVE ( 'NONE', #12419, #5704, #4709, .T. ) ;
#2626 = CARTESIAN_POINT ( 'NONE',  ( -3.219999999998999662, -2.049999999999000178, 1.300000000000000044 ) ) ;
#2627 = VERTEX_POINT ( 'NONE', #2704 ) ;
#2628 = ORIENTED_EDGE ( 'NONE', *, *, #4902, .T. ) ;
#2629 = LINE ( 'NONE', #8281, #8516 ) ;
#2630 = CARTESIAN_POINT ( 'NONE',  ( 1.109352230358000124, -1.101913784548999908, 0.05000000000099998065 ) ) ;
#2631 = ORIENTED_EDGE ( 'NONE', *, *, #11667, .F. ) ;
#2632 = CARTESIAN_POINT ( 'NONE',  ( 4.169999999998999840, -9.116756773326001095, 1.709999999998999876 ) ) ;
#2633 = DIRECTION ( 'NONE',  ( 0.000000000000000000, 0.000000000000000000, 1.000000000000000000 ) ) ;
#2634 = LINE ( 'NONE', #1732, #9671 ) ;
#2635 = CARTESIAN_POINT ( 'NONE',  ( -1.829268292681999863, -1.608225149542999999, 0.07000000000100004005 ) ) ;
#2636 = CARTESIAN_POINT ( 'NONE',  ( -0.4749999999989999999, -9.116756773326001095, 0.04999999999999991257 ) ) ;
#2637 = DIRECTION ( 'NONE',  ( 0.000000000000000000, 1.000000000000000000, 3.491481338843000432E-15 ) ) ;
#2638 = CARTESIAN_POINT ( 'NONE',  ( 2.475000000000000089, 2.200000000000000178, 1.000068083900629290E-12 ) ) ;
#2639 = EDGE_CURVE ( 'NONE', #12039, #7153, #10654, .T. ) ;
#2640 = CARTESIAN_POINT ( 'NONE',  ( -1.365853658535999937, -1.089360820273999941, 0.07000000000100004005 ) ) ;
#2641 = ORIENTED_EDGE ( 'NONE', *, *, #5627, .T. ) ;
#2642 = EDGE_LOOP ( 'NONE', ( #356, #9984, #9075, #10259 ) ) ;
#2643 = LINE ( 'NONE', #2584, #7578 ) ;
#2644 = LINE ( 'NONE', #6553, #1945 ) ;
#2645 = CARTESIAN_POINT ( 'NONE',  ( -1.256483208145999786, -1.437272816729999958, 0.07000000000100004005 ) ) ;
#2646 = DIRECTION ( 'NONE',  ( 0.000000000000000000, 3.491481338843000432E-15, -1.000000000000000000 ) ) ;
#2647 = EDGE_CURVE ( 'NONE', #6901, #3669, #2643, .T. ) ;
#2648 = ORIENTED_EDGE ( 'NONE', *, *, #12043, .F. ) ;
#2649 = ORIENTED_EDGE ( 'NONE', *, *, #856, .T. ) ;
#2650 = DIRECTION ( 'NONE',  ( 0.000000000000000000, 1.000000000000000000, 3.523657060582293621E-15 ) ) ;
#2651 = VERTEX_POINT ( 'NONE', #8539 ) ;
#2652 = DIRECTION ( 'NONE',  ( 0.000000000000000000, 1.000000000000000000, 3.523657060582293621E-15 ) ) ;
#2653 = CARTESIAN_POINT ( 'NONE',  ( -0.6219512195119999420, -0.6600544178349998514, 0.05000000000099998065 ) ) ;
#2654 = VECTOR ( 'NONE', #8513, 1000.000000000000000 ) ;
#2655 = CARTESIAN_POINT ( 'NONE',  ( 3.219999999998999662, -9.116756773326001095, 2.909999999998999609 ) ) ;
#2656 = EDGE_CURVE ( 'NONE', #8193, #12519, #6496, .T. ) ;
#2657 = ORIENTED_EDGE ( 'NONE', *, *, #4966, .T. ) ;
#2658 = CARTESIAN_POINT ( 'NONE',  ( -2.999999999998999911, -5.299999999999999822, 1.829999999998999982 ) ) ;
#2659 = EDGE_CURVE ( 'NONE', #553, #7666, #12386, .T. ) ;
#2660 = DIRECTION ( 'NONE',  ( -1.000000000000000000, 0.000000000000000000, 0.000000000000000000 ) ) ;
#2661 = AXIS2_PLACEMENT_3D ( 'NONE', #5027, #2339, #147 ) ;
#2662 = EDGE_CURVE ( 'NONE', #10965, #7734, #3553, .T. ) ;
#2663 = ORIENTED_EDGE ( 'NONE', *, *, #4714, .F. ) ;
#2664 = ORIENTED_EDGE ( 'NONE', *, *, #2478, .T. ) ;
#2665 = CARTESIAN_POINT ( 'NONE',  ( 0.5809832317070000585, -0.7179812471039999089, 0.07000000000100004005 ) ) ;
#2666 = CIRCLE ( 'NONE', #5723, 0.2000000000000000944 ) ;
#2667 = CARTESIAN_POINT ( 'NONE',  ( 3.219999999998999662, 2.000000000000000444, 1.560000000000999920 ) ) ;
#2668 = VERTEX_POINT ( 'NONE', #3671 ) ;
#2669 = AXIS2_PLACEMENT_3D ( 'NONE', #806, #5617, #4535 ) ;
#2670 = LINE ( 'NONE', #748, #3424 ) ;
#2671 = CARTESIAN_POINT ( 'NONE',  ( -1.365853658535999937, -1.089360820273999941, 0.05000000000099998065 ) ) ;
#2672 = ORIENTED_EDGE ( 'NONE', *, *, #2452, .T. ) ;
#2673 = VECTOR ( 'NONE', #11237, 1000.000000000000000 ) ;
#2674 = DIRECTION ( 'NONE',  ( -1.000000000000000000, 0.000000000000000000, 0.000000000000000000 ) ) ;
#2675 = VECTOR ( 'NONE', #3786, 1000.000000000000000 ) ;
#2676 = EDGE_CURVE ( 'NONE', #414, #10211, #7521, .T. ) ;
#2677 = ORIENTED_EDGE ( 'NONE', *, *, #8861, .T. ) ;
#2678 = CARTESIAN_POINT ( 'NONE',  ( -3.500000000000000000, -1.300000000000999911, 1.979999999999999982 ) ) ;
#2679 = CARTESIAN_POINT ( 'NONE',  ( -0.7459426937460000850, -0.6116081032859997935, 0.07000000000100004005 ) ) ;
#2680 = CARTESIAN_POINT ( 'NONE',  ( 4.169999999998999840, 1.200000000000000178, 1.300000000000999911 ) ) ;
#2681 = CARTESIAN_POINT ( 'NONE',  ( 0.7442131857660000405, -1.475289891871999881, 0.05000000000099998065 ) ) ;
#2682 = LINE ( 'NONE', #887, #527 ) ;
#2683 = VECTOR ( 'NONE', #4046, 1000.000000000000000 ) ;
#2684 = LINE ( 'NONE', #2502, #11741 ) ;
#2685 = AXIS2_PLACEMENT_3D ( 'NONE', #9993, #232, #12165 ) ;
#2686 = EDGE_LOOP ( 'NONE', ( #2663, #670, #8673, #8448 ) ) ;
#2687 = ORIENTED_EDGE ( 'NONE', *, *, #5040, .F. ) ;
#2688 = CARTESIAN_POINT ( 'NONE',  ( 0.2750000000000000222, 1.400000000000000133, 1.000068083900629290E-12 ) ) ;
#2689 = CARTESIAN_POINT ( 'NONE',  ( 1.108560574761000117, -1.064890570256999736, 0.05000000000099998065 ) ) ;
#2690 = ORIENTED_EDGE ( 'NONE', *, *, #11204, .F. ) ;
#2691 = FACE_OUTER_BOUND ( 'NONE', #9027, .T. ) ;
#2692 = CARTESIAN_POINT ( 'NONE',  ( 1.052547431779000009, -1.364330529189999863, 0.05000000000099998065 ) ) ;
#2693 = ADVANCED_FACE ( 'NONE', ( #9564 ), #780, .F. ) ;
#2694 = DIRECTION ( 'NONE',  ( 0.000000000000000000, 3.491481338843000432E-15, -1.000000000000000000 ) ) ;
#2695 = CARTESIAN_POINT ( 'NONE',  ( 3.924999999998999733, 0.9000000000000002442, -0.1767949192430001704 ) ) ;
#2696 = DIRECTION ( 'NONE',  ( 0.000000000000000000, -1.000000000000000000, -4.336808689942015369E-15 ) ) ;
#2697 = VECTOR ( 'NONE', #2842, 1000.000000000000000 ) ;
#2698 = DIRECTION ( 'NONE',  ( 0.000000000000000000, 1.000000000000000000, 4.336808689963701156E-15 ) ) ;
#2699 = CARTESIAN_POINT ( 'NONE',  ( -1.274999999999000044, 0.9000000000000002442, 0.1000000000010001083 ) ) ;
#2700 = CARTESIAN_POINT ( 'NONE',  ( -1.130828880893999910, -0.6479915330089999204, 0.07000000000100004005 ) ) ;
#2701 = VERTEX_POINT ( 'NONE', #1803 ) ;
#2702 = ORIENTED_EDGE ( 'NONE', *, *, #8845, .T. ) ;
#2703 = ORIENTED_EDGE ( 'NONE', *, *, #4932, .F. ) ;
#2704 = CARTESIAN_POINT ( 'NONE',  ( -4.469999999998999662, -3.467157287524999632, -0.5500000000000001554 ) ) ;
#2705 = VECTOR ( 'NONE', #2387, 1000.000000000000114 ) ;
#2706 = CARTESIAN_POINT ( 'NONE',  ( 2.269999999998999929, -4.349999999998999556, 1.500000000000000000 ) ) ;
#2707 = EDGE_CURVE ( 'NONE', #8621, #8724, #12484, .T. ) ;
#2708 = EDGE_CURVE ( 'NONE', #5184, #6894, #7383, .T. ) ;
#2709 = ADVANCED_FACE ( 'NONE', ( #7761 ), #5076, .T. ) ;
#2710 = CARTESIAN_POINT ( 'NONE',  ( -1.059298305749000191, -1.584916577358000067, 0.07000000000100004005 ) ) ;
#2711 = AXIS2_PLACEMENT_3D ( 'NONE', #9838, #10867, #4001 ) ;
#2712 = CARTESIAN_POINT ( 'NONE',  ( -5.750624847485999780, 1.349999999999000000, 1.859999999999999876 ) ) ;
#2713 = CIRCLE ( 'NONE', #10925, 0.7999999999999999334 ) ;
#2714 = ORIENTED_EDGE ( 'NONE', *, *, #2732, .F. ) ;
#2715 = VERTEX_POINT ( 'NONE', #3930 ) ;
#2716 = VERTEX_POINT ( 'NONE', #2132 ) ;
#2717 = CARTESIAN_POINT ( 'NONE',  ( 1.458460365852999985, -0.9984690519819999777, 0.05000000000099998065 ) ) ;
#2718 = LINE ( 'NONE', #4354, #598 ) ;
#2719 = EDGE_CURVE ( 'NONE', #4188, #6653, #1, .T. ) ;
#2720 = DIRECTION ( 'NONE',  ( 0.000000000000000000, 3.491481338843000432E-15, -1.000000000000000000 ) ) ;
#2721 = VECTOR ( 'NONE', #5007, 1000.000000000000000 ) ;
#2722 = ORIENTED_EDGE ( 'NONE', *, *, #5447, .F. ) ;
#2723 = DIRECTION ( 'NONE',  ( 1.000000000000000000, -5.421010862426999550E-16, -1.892735826383000338E-30 ) ) ;
#2724 = CARTESIAN_POINT ( 'NONE',  ( 0.9613828044840000420, -1.246504884195999807, 0.05000000000099998065 ) ) ;
#2725 = ORIENTED_EDGE ( 'NONE', *, *, #2409, .F. ) ;
#2726 = ORIENTED_EDGE ( 'NONE', *, *, #7639, .T. ) ;
#2727 = DIRECTION ( 'NONE',  ( 1.000000000000000000, 0.000000000000000000, 0.000000000000000000 ) ) ;
#2728 = DIRECTION ( 'NONE',  ( 0.000000000000000000, 1.000000000000000000, 3.491481338843000432E-15 ) ) ;
#2729 = VECTOR ( 'NONE', #11851, 1000.000000000000000 ) ;
#2730 = ORIENTED_EDGE ( 'NONE', *, *, #10349, .T. ) ;
#2731 = DIRECTION ( 'NONE',  ( -1.000000000000000000, 0.000000000000000000, 0.000000000000000000 ) ) ;
#2732 = EDGE_CURVE ( 'NONE', #7390, #11175, #132, .T. ) ;
#2733 = DIRECTION ( 'NONE',  ( 1.000000000000000000, 0.000000000000000000, 0.000000000000000000 ) ) ;
#2734 = ORIENTED_EDGE ( 'NONE', *, *, #899, .T. ) ;
#2735 = ORIENTED_EDGE ( 'NONE', *, *, #7833, .F. ) ;
#2736 = DIRECTION ( 'NONE',  ( 1.000000000000000000, 0.000000000000000000, 0.000000000000000000 ) ) ;
#2737 = CARTESIAN_POINT ( 'NONE',  ( -0.9749999999989999999, 0.9000000000000002442, 1.000068083900629290E-12 ) ) ;
#2738 = CARTESIAN_POINT ( 'NONE',  ( 2.274999999999999911, 1.400000000000000133, 0.1000000000010001083 ) ) ;
#2739 = ORIENTED_EDGE ( 'NONE', *, *, #672, .F. ) ;
#2740 = CARTESIAN_POINT ( 'NONE',  ( -1.358590348317999963, -0.9840420860349999854, 0.07000000000100004005 ) ) ;
#2741 = CARTESIAN_POINT ( 'NONE',  ( 1.525000000000000133, 0.6000000000000003109, 0.1000000000010001083 ) ) ;
#2742 = CARTESIAN_POINT ( 'NONE',  ( 0.5250000000000000222, 0.6000000000000003109, 0.3500000000010001222 ) ) ;
#2743 = EDGE_CURVE ( 'NONE', #3888, #7876, #10791, .T. ) ;
#2744 = ORIENTED_EDGE ( 'NONE', *, *, #6946, .F. ) ;
#2745 = VERTEX_POINT ( 'NONE', #10021 ) ;
#2746 = LINE ( 'NONE', #6845, #1159 ) ;
#2747 = LINE ( 'NONE', #7505, #2097 ) ;
#2748 = ORIENTED_EDGE ( 'NONE', *, *, #9557, .F. ) ;
#2749 = CARTESIAN_POINT ( 'NONE',  ( -0.2249999999989999999, 1.678388218141000365, 0.8000000000009999113 ) ) ;
#2750 = LINE ( 'NONE', #12553, #3608 ) ;
#2751 = PLANE ( 'NONE',  #2510 ) ;
#2752 = DIRECTION ( 'NONE',  ( 1.000000000000000000, -5.421010862426999550E-16, -1.892735826383000338E-30 ) ) ;
#2753 = DIRECTION ( 'NONE',  ( -1.000000000000000000, 0.000000000000000000, 0.000000000000000000 ) ) ;
#2754 = CARTESIAN_POINT ( 'NONE',  ( -1.274999999999000044, 0.6000000000000003109, 0.1000000000010001083 ) ) ;
#2755 = CARTESIAN_POINT ( 'NONE',  ( -1.231707317073000185, -1.097554417834999851, 0.05000000000099998065 ) ) ;
#2756 = CARTESIAN_POINT ( 'NONE',  ( 3.941085227241519551, 1.199999999998996536, 2.578979275276191530 ) ) ;
#2757 = EDGE_CURVE ( 'NONE', #4775, #9405, #8919, .T. ) ;
#2758 = AXIS2_PLACEMENT_3D ( 'NONE', #11323, #5662, #12335 ) ;
#2759 = VERTEX_POINT ( 'NONE', #3095 ) ;
#2760 = ORIENTED_EDGE ( 'NONE', *, *, #8918, .F. ) ;
#2761 = ORIENTED_EDGE ( 'NONE', *, *, #10161, .T. ) ;
#2762 = DIRECTION ( 'NONE',  ( 1.000000000000000000, 0.000000000000000000, 0.000000000000000000 ) ) ;
#2763 = LINE ( 'NONE', #4570, #9731 ) ;
#2764 = CARTESIAN_POINT ( 'NONE',  ( -1.330764114351999927, -1.305194529465000031, 0.07000000000100004005 ) ) ;
#2765 = AXIS2_PLACEMENT_3D ( 'NONE', #9737, #12544, #7805 ) ;
#2766 = DIRECTION ( 'NONE',  ( 1.000000000000000000, -5.421010862426999550E-16, -1.892735826383000338E-30 ) ) ;
#2767 = ORIENTED_EDGE ( 'NONE', *, *, #657, .F. ) ;
#2768 = ORIENTED_EDGE ( 'NONE', *, *, #6677, .T. ) ;
#2769 = EDGE_CURVE ( 'NONE', #916, #7606, #11812, .T. ) ;
#2770 = EDGE_CURVE ( 'NONE', #9858, #4992, #3961, .T. ) ;
#2771 = AXIS2_PLACEMENT_3D ( 'NONE', #6545, #10461, #8409 ) ;
#2772 = ORIENTED_EDGE ( 'NONE', *, *, #10349, .F. ) ;
#2773 = VECTOR ( 'NONE', #6591, 1000.000000000000000 ) ;
#2774 = CARTESIAN_POINT ( 'NONE',  ( 0.1097560975600000016, -0.7179812471039999089, 0.07000000000100004005 ) ) ;
#2775 = VECTOR ( 'NONE', #10260, 1000.000000000000000 ) ;
#2776 = DIRECTION ( 'NONE',  ( -1.000000000000000000, 0.000000000000000000, 0.000000000000000000 ) ) ;
#2777 = CARTESIAN_POINT ( 'NONE',  ( -2.274999999999000266, 0.9000000000000002442, 1.000068083900629290E-12 ) ) ;
#2778 = EDGE_LOOP ( 'NONE', ( #9101, #1063, #11354, #3252, #3821, #4322 ) ) ;
#2779 = CARTESIAN_POINT ( 'NONE',  ( 1.975000000000000089, 2.200000000000000178, 1.000068083900629290E-12 ) ) ;
#2780 = AXIS2_PLACEMENT_3D ( 'NONE', #4476, #10256, #2614 ) ;
#2781 = AXIS2_PLACEMENT_3D ( 'NONE', #3936, #8734, #12571 ) ;
#2782 = DIRECTION ( 'NONE',  ( -1.000000000000000000, 0.000000000000000000, 0.000000000000000000 ) ) ;
#2783 = VECTOR ( 'NONE', #8358, 1000.000000000000000 ) ;
#2784 = ORIENTED_EDGE ( 'NONE', *, *, #10001, .T. ) ;
#2785 = ORIENTED_EDGE ( 'NONE', *, *, #11072, .F. ) ;
#2786 = DIRECTION ( 'NONE',  ( -1.000000000000000000, 0.000000000000000000, 0.000000000000000000 ) ) ;
#2787 = ADVANCED_FACE ( 'NONE', ( #1036 ), #3862, .T. ) ;
#2788 = DIRECTION ( 'NONE',  ( 0.000000000000000000, 1.000000000000000000, 3.491481338843000432E-15 ) ) ;
#2789 = ORIENTED_EDGE ( 'NONE', *, *, #3345, .T. ) ;
#2790 = CARTESIAN_POINT ( 'NONE',  ( -4.159232800310793010, -0.3000000000000001554, 1.148868745497175992 ) ) ;
#2791 = DIRECTION ( 'NONE',  ( 0.000000000000000000, -1.000000000000000000, -3.491481338843000432E-15 ) ) ;
#2792 = VERTEX_POINT ( 'NONE', #4118 ) ;
#2793 = ORIENTED_EDGE ( 'NONE', *, *, #584, .T. ) ;
#2794 = LINE ( 'NONE', #6702, #2105 ) ;
#2795 = FACE_OUTER_BOUND ( 'NONE', #12279, .T. ) ;
#2796 = DIRECTION ( 'NONE',  ( 1.000000000000000000, 0.000000000000000000, 0.000000000000000000 ) ) ;
#2797 = EDGE_LOOP ( 'NONE', ( #9486, #3842, #10983, #592, #7882, #10437 ) ) ;
#2798 = FACE_OUTER_BOUND ( 'NONE', #5592, .T. ) ;
#2799 = ORIENTED_EDGE ( 'NONE', *, *, #6934, .F. ) ;
#2800 = CARTESIAN_POINT ( 'NONE',  ( -0.6485116090120000010, -1.462073370729999988, 0.05000000000099998065 ) ) ;
#2801 = EDGE_CURVE ( 'NONE', #991, #10590, #9895, .T. ) ;
#2802 = EDGE_CURVE ( 'NONE', #10702, #3297, #10986, .T. ) ;
#2803 = CARTESIAN_POINT ( 'NONE',  ( 0.5250000000000000222, 0.9000000000000002442, 0.1000000000010001083 ) ) ;
#2804 = VECTOR ( 'NONE', #2837, 1000.000000000000000 ) ;
#2805 = ORIENTED_EDGE ( 'NONE', *, *, #3496, .F. ) ;
#2806 = ORIENTED_EDGE ( 'NONE', *, *, #10144, .F. ) ;
#2807 = CYLINDRICAL_SURFACE ( 'NONE', #1570, 0.7999999999990000665 ) ;
#2808 = CARTESIAN_POINT ( 'NONE',  ( 0.8814046045549999153, -0.6861058462499998178, 0.05000000000099998065 ) ) ;
#2809 = ORIENTED_EDGE ( 'NONE', *, *, #6703, .T. ) ;
#2810 = DIRECTION ( 'NONE',  ( 1.000000000000000000, 0.000000000000000000, 0.000000000000000000 ) ) ;
#2811 = CARTESIAN_POINT ( 'NONE',  ( 1.628292183807000137, -1.478586556060000001, 0.05000000000099998065 ) ) ;
#2812 = VERTEX_POINT ( 'NONE', #6040 ) ;
#2813 = CIRCLE ( 'NONE', #3033, 0.1499999999989998778 ) ;
#2814 = PLANE ( 'NONE',  #9456 ) ;
#2815 = ADVANCED_FACE ( 'NONE', ( #6106 ), #7992, .T. ) ;
#2816 = DIRECTION ( 'NONE',  ( -3.822356821508764806E-32, 1.000000000000000000, 3.642919299551000653E-15 ) ) ;
#2817 = CARTESIAN_POINT ( 'NONE',  ( 0.9611809749720000573, -1.476492261943999962, 0.05000000000099998065 ) ) ;
#2818 = PLANE ( 'NONE',  #3106 ) ;
#2819 = FACE_OUTER_BOUND ( 'NONE', #3386, .T. ) ;
#2820 = EDGE_CURVE ( 'NONE', #3283, #3900, #5011, .T. ) ;
#2821 = EDGE_CURVE ( 'NONE', #4592, #2900, #6798, .T. ) ;
#2822 = CARTESIAN_POINT ( 'NONE',  ( 3.809663567453235533, 1.305335627565223477, 2.705015958225720940 ) ) ;
#2823 = ORIENTED_EDGE ( 'NONE', *, *, #2060, .T. ) ;
#2824 = ORIENTED_EDGE ( 'NONE', *, *, #4587, .F. ) ;
#2825 = ORIENTED_EDGE ( 'NONE', *, *, #5613, .F. ) ;
#2826 = LINE ( 'NONE', #5593, #207 ) ;
#2827 = DIRECTION ( 'NONE',  ( 1.000000000000000000, 0.000000000000000000, 0.000000000000000000 ) ) ;
#2828 = FACE_OUTER_BOUND ( 'NONE', #1825, .T. ) ;
#2829 = EDGE_CURVE ( 'NONE', #718, #11871, #7829, .T. ) ;
#2830 = CYLINDRICAL_SURFACE ( 'NONE', #426, 0.7999999999990000665 ) ;
#2831 = CARTESIAN_POINT ( 'NONE',  ( -3.803095189483999938, 1.349999999999000000, 2.709999999999999520 ) ) ;
#2832 = VERTEX_POINT ( 'NONE', #11747 ) ;
#2833 = DIRECTION ( 'NONE',  ( 0.000000000000000000, 3.491481338843000432E-15, -1.000000000000000000 ) ) ;
#2834 = EDGE_LOOP ( 'NONE', ( #10129, #9455, #7118, #8301 ) ) ;
#2835 = ORIENTED_EDGE ( 'NONE', *, *, #7098, .T. ) ;
#2836 = PLANE ( 'NONE',  #2711 ) ;
#2837 = DIRECTION ( 'NONE',  ( 0.000000000000000000, -3.491481338843000432E-15, 1.000000000000000000 ) ) ;
#2838 = CARTESIAN_POINT ( 'NONE',  ( 1.025000000000000133, 0.3783882181409999323, 1.000068083900629290E-12 ) ) ;
#2839 = VECTOR ( 'NONE', #1340, 1000.000000000000000 ) ;
#2840 = EDGE_CURVE ( 'NONE', #11843, #3394, #1998, .T. ) ;
#2841 = EDGE_LOOP ( 'NONE', ( #9048, #10490, #8123, #3751 ) ) ;
#2842 = DIRECTION ( 'NONE',  ( 0.000000000000000000, -1.000000000000000000, -3.491481338843000432E-15 ) ) ;
#2843 = CARTESIAN_POINT ( 'NONE',  ( 0.000000000000000000, 1.800000000000000044, 0.05000000000099998065 ) ) ;
#2844 = ORIENTED_EDGE ( 'NONE', *, *, #3465, .F. ) ;
#2845 = ORIENTED_EDGE ( 'NONE', *, *, #280, .T. ) ;
#2846 = CARTESIAN_POINT ( 'NONE',  ( 0.6682812883670000703, -0.7239881531429999129, 0.07000000000100004005 ) ) ;
#2847 = AXIS2_PLACEMENT_3D ( 'NONE', #4988, #3135, #3065 ) ;
#2848 = CARTESIAN_POINT ( 'NONE',  ( -1.974999999999000222, 0.3783882181409999323, 1.000068083900629290E-12 ) ) ;
#2849 = VERTEX_POINT ( 'NONE', #1423 ) ;
#2850 = CARTESIAN_POINT ( 'NONE',  ( -4.169999999998999840, 0.6000000000000003109, 0.05000000000099998065 ) ) ;
#2851 = PLANE ( 'NONE',  #9791 ) ;
#2852 = EDGE_LOOP ( 'NONE', ( #7256, #7034, #8024, #12662 ) ) ;
#2853 = EDGE_CURVE ( 'NONE', #11296, #744, #3692, .T. ) ;
#2854 = ADVANCED_FACE ( 'NONE', ( #3286 ), #4374, .T. ) ;
#2855 = EDGE_LOOP ( 'NONE', ( #9622, #5493, #9375, #8116 ) ) ;
#2856 = CIRCLE ( 'NONE', #2458, 0.7999999999990000665 ) ;
#2857 = VECTOR ( 'NONE', #9312, 1000.000000000000000 ) ;
#2858 = CARTESIAN_POINT ( 'NONE',  ( -1.346673798691999879, -1.255363636784999848, 0.07000000000100004005 ) ) ;
#2859 = AXIS2_PLACEMENT_3D ( 'NONE', #9230, #10330, #2621 ) ;
#2860 = CARTESIAN_POINT ( 'NONE',  ( 0.9503392029510000505, -0.9497732005079998485, 0.07000000000100004005 ) ) ;
#2861 = DIRECTION ( 'NONE',  ( -5.421010862426999550E-16, 1.000000000000000000, 0.000000000000000000 ) ) ;
#2862 = VERTEX_POINT ( 'NONE', #8092 ) ;
#2863 = DIRECTION ( 'NONE',  ( 0.000000000000000000, 1.000000000000000000, 3.252606517456513696E-15 ) ) ;
#2864 = ORIENTED_EDGE ( 'NONE', *, *, #10415, .T. ) ;
#2865 = CARTESIAN_POINT ( 'NONE',  ( -0.8914671018399999980, -0.7061172232360000134, 0.05000000000099998065 ) ) ;
#2866 = LINE ( 'NONE', #1784, #6619 ) ;
#2867 = VECTOR ( 'NONE', #8965, 1000.000000000000000 ) ;
#2868 = VECTOR ( 'NONE', #5973, 1000.000000000000000 ) ;
#2869 = VERTEX_POINT ( 'NONE', #4434 ) ;
#2870 = ORIENTED_EDGE ( 'NONE', *, *, #4672, .F. ) ;
#2871 = VECTOR ( 'NONE', #10202, 1000.000000000000000 ) ;
#2872 = LINE ( 'NONE', #10514, #336 ) ;
#2873 = CARTESIAN_POINT ( 'NONE',  ( 1.109756097560000043, -1.120801369054999830, 0.05000000000099998065 ) ) ;
#2874 = ORIENTED_EDGE ( 'NONE', *, *, #10869, .F. ) ;
#2875 = CARTESIAN_POINT ( 'NONE',  ( 3.803095189483999938, 1.849999999999000000, 2.709999999999999520 ) ) ;
#2876 = LINE ( 'NONE', #1022, #328 ) ;
#2877 = EDGE_CURVE ( 'NONE', #6613, #3816, #8282, .T. ) ;
#2878 = ORIENTED_EDGE ( 'NONE', *, *, #12510, .T. ) ;
#2879 = PLANE ( 'NONE',  #2912 ) ;
#2880 = DIRECTION ( 'NONE',  ( 0.000000000000000000, 1.000000000000000000, 2.168404344971012812E-15 ) ) ;
#2881 = CARTESIAN_POINT ( 'NONE',  ( 3.219999999998999662, 1.999999999999000355, 1.959999999999999964 ) ) ;
#2882 = VECTOR ( 'NONE', #6429, 1000.000000000000000 ) ;
#2883 = CARTESIAN_POINT ( 'NONE',  ( 0.9611809749720000573, -1.476492261943999962, 0.07000000000100004005 ) ) ;
#2884 = VECTOR ( 'NONE', #4526, 1000.000000000000000 ) ;
#2885 = CARTESIAN_POINT ( 'NONE',  ( -1.007191975557999886, -1.483514978325000122, 0.05000000000099998065 ) ) ;
#2886 = CARTESIAN_POINT ( 'NONE',  ( -1.474999999999000000, 0.9000000000000002442, 1.000068083900629290E-12 ) ) ;
#2887 = CARTESIAN_POINT ( 'NONE',  ( -4.169999999998999840, 0.9000000000000002442, -0.5499999999990000665 ) ) ;
#2888 = EDGE_LOOP ( 'NONE', ( #5775, #6793, #7845, #4705 ) ) ;
#2889 = ORIENTED_EDGE ( 'NONE', *, *, #8441, .F. ) ;
#2890 = ORIENTED_EDGE ( 'NONE', *, *, #8960, .F. ) ;
#2891 = CARTESIAN_POINT ( 'NONE',  ( -0.7812431800589999531, -0.6044916875369997777, 0.05000000000099998065 ) ) ;
#2892 = DIRECTION ( 'NONE',  ( 0.000000000000000000, -1.000000000000000000, -3.491481338843000432E-15 ) ) ;
#2893 = CARTESIAN_POINT ( 'NONE',  ( -2.274999999999000266, 0.3783882181409999323, 1.000068083900629290E-12 ) ) ;
#2894 = EDGE_CURVE ( 'NONE', #7677, #1672, #1548, .T. ) ;
#2895 = ADVANCED_FACE ( 'NONE', ( #9116 ), #6170, .T. ) ;
#2896 = VECTOR ( 'NONE', #8553, 1000.000000000000000 ) ;
#2897 = LINE ( 'NONE', #10856, #7011 ) ;
#2898 = DIRECTION ( 'NONE',  ( -1.000000000000000000, 0.000000000000000000, 0.000000000000000000 ) ) ;
#2899 = DIRECTION ( 'NONE',  ( -5.421010862426999550E-16, -1.000000000000000000, -3.491481338843000432E-15 ) ) ;
#2900 = VERTEX_POINT ( 'NONE', #3225 ) ;
#2901 = DIRECTION ( 'NONE',  ( 0.000000000000000000, 3.491481338843000432E-15, -1.000000000000000000 ) ) ;
#2902 = EDGE_LOOP ( 'NONE', ( #9090, #8241, #946, #1863 ) ) ;
#2903 = VECTOR ( 'NONE', #3864, 1000.000000000000000 ) ;
#2904 = EDGE_LOOP ( 'NONE', ( #8262, #4694, #6210, #4031 ) ) ;
#2905 = CARTESIAN_POINT ( 'NONE',  ( -0.8572789634140000059, -1.620420271493999920, 0.05000000000099998065 ) ) ;
#2906 = ADVANCED_FACE ( 'NONE', ( #4187 ), #5273, .F. ) ;
#2907 = ORIENTED_EDGE ( 'NONE', *, *, #5171, .T. ) ;
#2908 = LINE ( 'NONE', #7846, #2112 ) ;
#2909 = DIRECTION ( 'NONE',  ( 0.000000000000000000, 3.491481338843000432E-15, -1.000000000000000000 ) ) ;
#2910 = CARTESIAN_POINT ( 'NONE',  ( -0.6496072608750000921, -0.7542333276209999271, 0.05000000000099998065 ) ) ;
#2911 = EDGE_LOOP ( 'NONE', ( #7652, #11711, #858, #4814 ) ) ;
#2912 = AXIS2_PLACEMENT_3D ( 'NONE', #8778, #12677, #3915 ) ;
#2913 = PLANE ( 'NONE',  #11922 ) ;
#2914 = VECTOR ( 'NONE', #8120, 1000.000000000000000 ) ;
#2915 = CARTESIAN_POINT ( 'NONE',  ( 0.9752819755150000658, -1.133264022484999911, 0.05000000000099998065 ) ) ;
#2916 = ORIENTED_EDGE ( 'NONE', *, *, #7796, .F. ) ;
#2917 = ORIENTED_EDGE ( 'NONE', *, *, #11758, .F. ) ;
#2918 = DIRECTION ( 'NONE',  ( 1.000000000000000000, 0.000000000000000000, 0.000000000000000000 ) ) ;
#2919 = VECTOR ( 'NONE', #12643, 1000.000000000000000 ) ;
#2920 = EDGE_CURVE ( 'NONE', #7574, #7374, #6295, .T. ) ;
#2921 = CARTESIAN_POINT ( 'NONE',  ( -0.02499999999899999922, 1.800000000000000044, 0.05000000000099998065 ) ) ;
#2922 = ORIENTED_EDGE ( 'NONE', *, *, #2956, .T. ) ;
#2923 = EDGE_CURVE ( 'NONE', #2869, #9782, #9179, .T. ) ;
#2924 = VECTOR ( 'NONE', #11082, 1000.000000000000000 ) ;
#2925 = VECTOR ( 'NONE', #2220, 1000.000000000000000 ) ;
#2926 = DIRECTION ( 'NONE',  ( 0.000000000000000000, 1.000000000000000000, 3.491481338843000432E-15 ) ) ;
#2927 = CARTESIAN_POINT ( 'NONE',  ( -0.2249999999989999999, -9.116756773326001095, 0.04999999999999991257 ) ) ;
#2928 = EDGE_LOOP ( 'NONE', ( #6434, #7745, #3610, #12618 ) ) ;
#2929 = ORIENTED_EDGE ( 'NONE', *, *, #9391, .T. ) ;
#2930 = CARTESIAN_POINT ( 'NONE',  ( 0.5960508004780000757, -0.7183069560209999205, 0.07000000000100004005 ) ) ;
#2931 = CARTESIAN_POINT ( 'NONE',  ( 2.274999999999000266, 1.800000000000000044, 0.1000000000010001083 ) ) ;
#2932 = VERTEX_POINT ( 'NONE', #265 ) ;
#2933 = AXIS2_PLACEMENT_3D ( 'NONE', #1976, #12483, #11721 ) ;
#2934 = CARTESIAN_POINT ( 'NONE',  ( -1.239067176038999962, -0.7307874998169997527, 0.07000000000100004005 ) ) ;
#2935 = EDGE_LOOP ( 'NONE', ( #7863, #7333, #5702, #11225, #7088, #8788, #507, #3523 ) ) ;
#2936 = LINE ( 'NONE', #6709, #4211 ) ;
#2937 = DIRECTION ( 'NONE',  ( -5.421010862426999550E-16, -1.000000000000000000, -3.491481338843000432E-15 ) ) ;
#2938 = EDGE_CURVE ( 'NONE', #8560, #747, #392, .T. ) ;
#2939 = EDGE_CURVE ( 'NONE', #893, #10189, #10149, .T. ) ;
#2940 = ORIENTED_EDGE ( 'NONE', *, *, #5665, .F. ) ;
#2941 = VERTEX_POINT ( 'NONE', #9241 ) ;
#2942 = CARTESIAN_POINT ( 'NONE',  ( -3.219999999998999662, 0.7000000000000000666, -0.5499999999990000665 ) ) ;
#2943 = CARTESIAN_POINT ( 'NONE',  ( 2.474999999998999556, 1.678388218141000365, 1.000068083900629290E-12 ) ) ;
#2944 = EDGE_LOOP ( 'NONE', ( #12295, #7097, #5736, #6680 ) ) ;
#2945 = CIRCLE ( 'NONE', #10729, 0.1999999999990000332 ) ;
#2946 = DIRECTION ( 'NONE',  ( 0.000000000000000000, 3.641026466082000599E-15, -1.000000000000000000 ) ) ;
#2947 = CARTESIAN_POINT ( 'NONE',  ( 0.6334459889910000197, -0.6092501828469999436, 0.07000000000100004005 ) ) ;
#2948 = ORIENTED_EDGE ( 'NONE', *, *, #7874, .F. ) ;
#2949 = DIRECTION ( 'NONE',  ( 0.000000000000000000, -3.491481338843000432E-15, 1.000000000000000000 ) ) ;
#2950 = CARTESIAN_POINT ( 'NONE',  ( 0.9756097560969999583, -1.117943137347999771, 0.07000000000100004005 ) ) ;
#2951 = DIRECTION ( 'NONE',  ( 1.000000000000000000, 0.000000000000000000, 0.000000000000000000 ) ) ;
#2952 = CARTESIAN_POINT ( 'NONE',  ( -4.169999999998999840, -2.508578643761999682, -0.2085786437620001377 ) ) ;
#2953 = FACE_OUTER_BOUND ( 'NONE', #1462, .T. ) ;
#2954 = DIRECTION ( 'NONE',  ( 0.9406672605437584878, -0.3393303772742736757, -1.184765679957955006E-15 ) ) ;
#2955 = CARTESIAN_POINT ( 'NONE',  ( -1.177507697769999861, -0.8689185644689999544, 0.07000000000100004005 ) ) ;
#2956 = EDGE_CURVE ( 'NONE', #553, #6228, #12191, .T. ) ;
#2957 = EDGE_LOOP ( 'NONE', ( #9276, #4648, #10018, #6167, #7426, #8868, #9608, #6511, #8662, #559, #6014, #1930, #2108, #6639, #6506, #4000, #6811, #3537, #1587, #8969, #9167, #5467, #2533, #4568, #7274, #153, #4035, #8887, #4862, #4522, #2456, #1216, #6669, #8837, #8343, #4850, #1510, #6380, #3635, #8089, #2772, #2168, #9199, #4610, #5854, #3330, #8188, #12281, #178, #12266, #6248, #12547 ) ) ;
#2958 = ORIENTED_EDGE ( 'NONE', *, *, #4847, .T. ) ;
#2959 = ORIENTED_EDGE ( 'NONE', *, *, #7361, .F. ) ;
#2960 = CARTESIAN_POINT ( 'NONE',  ( 1.939024390243000218, -0.6082251495429997767, 0.05000000000099998065 ) ) ;
#2961 = CARTESIAN_POINT ( 'NONE',  ( 4.274096997425263389, 1.212885772333048395, 2.632780184501342990 ) ) ;
#2962 = DIRECTION ( 'NONE',  ( 0.000000000000000000, -1.000000000000000000, -3.491481338843000432E-15 ) ) ;
#2963 = PLANE ( 'NONE',  #6787 ) ;
#2964 = CARTESIAN_POINT ( 'NONE',  ( 0.5000000000000000000, -1.949999999999994404, 0.1000000000000000472 ) ) ;
#2965 = CARTESIAN_POINT ( 'NONE',  ( -3.219999999998999662, -2.049999999999000178, 1.300000000000000044 ) ) ;
#2966 = ORIENTED_EDGE ( 'NONE', *, *, #7522, .F. ) ;
#2967 = DIRECTION ( 'NONE',  ( -1.000000000000000000, 0.000000000000000000, 0.000000000000000000 ) ) ;
#2968 = VERTEX_POINT ( 'NONE', #7130 ) ;
#2969 = EDGE_CURVE ( 'NONE', #12585, #6538, #332, .T. ) ;
#2970 = EDGE_CURVE ( 'NONE', #6693, #9930, #7317, .T. ) ;
#2971 = ORIENTED_EDGE ( 'NONE', *, *, #7327, .F. ) ;
#2972 = PLANE ( 'NONE',  #2519 ) ;
#2973 = ORIENTED_EDGE ( 'NONE', *, *, #4061, .T. ) ;
#2974 = CARTESIAN_POINT ( 'NONE',  ( 1.025000000000000133, 0.3783882181409999323, 0.8000000000009999113 ) ) ;
#2975 = VECTOR ( 'NONE', #7233, 1000.000000000000000 ) ;
#2976 = VECTOR ( 'NONE', #2827, 1000.000000000000000 ) ;
#2977 = CARTESIAN_POINT ( 'NONE',  ( 1.109756097560000043, -1.120801369054999830, 0.07000000000100004005 ) ) ;
#2978 = CYLINDRICAL_SURFACE ( 'NONE', #4025, 0.2000000000000000944 ) ;
#2979 = EDGE_LOOP ( 'NONE', ( #10734, #1821, #10701, #10664, #10558, #5248 ) ) ;
#2980 = DIRECTION ( 'NONE',  ( 0.000000000000000000, -1.000000000000000000, -3.523657060582293621E-15 ) ) ;
#2981 = EDGE_CURVE ( 'NONE', #12292, #1527, #11050, .T. ) ;
#2982 = DIRECTION ( 'NONE',  ( 0.000000000000000000, 1.000000000000000000, 3.252606517456511724E-15 ) ) ;
#2983 = ORIENTED_EDGE ( 'NONE', *, *, #9643, .T. ) ;
#2984 = AXIS2_PLACEMENT_3D ( 'NONE', #8917, #1298, #264 ) ;
#2985 = VERTEX_POINT ( 'NONE', #8220 ) ;
#2986 = AXIS2_PLACEMENT_3D ( 'NONE', #4854, #6530, #7552 ) ;
#2987 = CARTESIAN_POINT ( 'NONE',  ( -3.655726300888658464, 1.992598011278387427, 2.805542055461709872 ) ) ;
#2988 = AXIS2_PLACEMENT_3D ( 'NONE', #3149, #10071, #11161 ) ;
#2989 = CARTESIAN_POINT ( 'NONE',  ( -1.364929485618000093, -1.035777557921000014, 0.05000000000099998065 ) ) ;
#2990 = ORIENTED_EDGE ( 'NONE', *, *, #1737, .F. ) ;
#2991 = DIRECTION ( 'NONE',  ( 0.000000000000000000, 3.491481338843000432E-15, -1.000000000000000000 ) ) ;
#2992 = EDGE_LOOP ( 'NONE', ( #8737, #11046, #7827, #8556, #5872, #6408 ) ) ;
#2993 = AXIS2_PLACEMENT_3D ( 'NONE', #6912, #1148, #2178 ) ;
#2994 = VECTOR ( 'NONE', #9251, 1000.000000000000000 ) ;
#2995 = ORIENTED_EDGE ( 'NONE', *, *, #1206, .T. ) ;
#2996 = VECTOR ( 'NONE', #1506, 1000.000000000000000 ) ;
#2997 = CARTESIAN_POINT ( 'NONE',  ( -1.222789633654999930, -1.474974642749999898, 0.07000000000100004005 ) ) ;
#2998 = EDGE_CURVE ( 'NONE', #10009, #10083, #1299, .T. ) ;
#2999 = CARTESIAN_POINT ( 'NONE',  ( -3.086602540378000192, -5.150000000000000355, 1.979999999998999893 ) ) ;
#3000 = FACE_OUTER_BOUND ( 'NONE', #6370, .T. ) ;
#3001 = ORIENTED_EDGE ( 'NONE', *, *, #1182, .F. ) ;
#3002 = CARTESIAN_POINT ( 'NONE',  ( -4.169999999998999840, -3.949999999998999645, 1.300000000000000044 ) ) ;
#3003 = ORIENTED_EDGE ( 'NONE', *, *, #2938, .T. ) ;
#3004 = CARTESIAN_POINT ( 'NONE',  ( 4.316585609973000004, 1.199999999999000089, 2.559999999999999609 ) ) ;
#3005 = LINE ( 'NONE', #7872, #63 ) ;
#3006 = VECTOR ( 'NONE', #4180, 1000.000000000000000 ) ;
#3007 = ORIENTED_EDGE ( 'NONE', *, *, #3991, .T. ) ;
#3008 = CARTESIAN_POINT ( 'NONE',  ( 1.329268292681999863, -0.6082251495429997767, 0.05000000000099998065 ) ) ;
#3009 = CARTESIAN_POINT ( 'NONE',  ( -1.963414634146000148, -1.608225149542999999, 0.07000000000100004005 ) ) ;
#3010 = LINE ( 'NONE', #4038, #1841 ) ;
#3011 = EDGE_LOOP ( 'NONE', ( #46, #601, #765, #13 ) ) ;
#3012 = LINE ( 'NONE', #8010, #1437 ) ;
#3013 = FACE_OUTER_BOUND ( 'NONE', #2957, .T. ) ;
#3014 = EDGE_LOOP ( 'NONE', ( #9571, #11299, #12049, #4104, #5141, #1812 ) ) ;
#3015 = CARTESIAN_POINT ( 'NONE',  ( 4.469999999999999751, -0.09999999999999982514, 1.100000000000999956 ) ) ;
#3016 = EDGE_CURVE ( 'NONE', #10668, #9397, #2442, .T. ) ;
#3017 = CARTESIAN_POINT ( 'NONE',  ( -3.219999999998999662, 1.800000000000000044, 0.1000000000010001083 ) ) ;
#3018 = CARTESIAN_POINT ( 'NONE',  ( -4.169999999998999840, -2.449999999998999645, -0.5500000000000001554 ) ) ;
#3019 = CARTESIAN_POINT ( 'NONE',  ( 0.000000000000000000, 1.400000000000000133, 0.05000000000099998065 ) ) ;
#3020 = CARTESIAN_POINT ( 'NONE',  ( -1.100656891079999866, -1.425481288292999915, 0.05000000000099998065 ) ) ;
#3021 = CARTESIAN_POINT ( 'NONE',  ( -4.465806474978577079, -0.2747959109144569867, 1.198117039995948874 ) ) ;
#3022 = CARTESIAN_POINT ( 'NONE',  ( -1.218674090743000038, -0.9732939425780000597, 0.07000000000100004005 ) ) ;
#3023 = ORIENTED_EDGE ( 'NONE', *, *, #4195, .T. ) ;
#3024 = ORIENTED_EDGE ( 'NONE', *, *, #3906, .T. ) ;
#3025 = LINE ( 'NONE', #66, #1144 ) ;
#3026 = DIRECTION ( 'NONE',  ( 0.000000000000000000, -3.491481338843000432E-15, 1.000000000000000000 ) ) ;
#3027 = CYLINDRICAL_SURFACE ( 'NONE', #3792, 0.1999999999999996503 ) ;
#3028 = FACE_OUTER_BOUND ( 'NONE', #11320, .T. ) ;
#3029 = EDGE_CURVE ( 'NONE', #8429, #10590, #1113, .T. ) ;
#3030 = LINE ( 'NONE', #12077, #874 ) ;
#3031 = DIRECTION ( 'NONE',  ( 0.000000000000000000, 3.491481338843000432E-15, -1.000000000000000000 ) ) ;
#3032 = FACE_OUTER_BOUND ( 'NONE', #11888, .T. ) ;
#3033 = AXIS2_PLACEMENT_3D ( 'NONE', #3891, #2025, #5935 ) ;
#3034 = ORIENTED_EDGE ( 'NONE', *, *, #11245, .F. ) ;
#3035 = LINE ( 'NONE', #7009, #1635 ) ;
#3036 = VERTEX_POINT ( 'NONE', #11750 ) ;
#3037 = FACE_OUTER_BOUND ( 'NONE', #2140, .T. ) ;
#3038 = VERTEX_POINT ( 'NONE', #9771 ) ;
#3039 = CARTESIAN_POINT ( 'NONE',  ( -0.8786204268289999897, -0.7057861251529998770, 0.07000000000100004005 ) ) ;
#3040 = DIRECTION ( 'NONE',  ( -9.756101012071377085E-16, 1.000000000000000000, 0.000000000000000000 ) ) ;
#3041 = DIRECTION ( 'NONE',  ( -5.421010862426999550E-16, -1.000000000000000000, -3.491481338843000432E-15 ) ) ;
#3042 = ADVANCED_FACE ( 'NONE', ( #10730 ), #7962, .F. ) ;
#3043 = EDGE_CURVE ( 'NONE', #3297, #7734, #12302, .T. ) ;
#3044 = ORIENTED_EDGE ( 'NONE', *, *, #4003, .T. ) ;
#3045 = CARTESIAN_POINT ( 'NONE',  ( -0.2249999999989999999, 1.400000000000000133, 1.000068083900629290E-12 ) ) ;
#3046 = LINE ( 'NONE', #6951, #7580 ) ;
#3047 = ORIENTED_EDGE ( 'NONE', *, *, #3299, .T. ) ;
#3048 = VERTEX_POINT ( 'NONE', #5850 ) ;
#3049 = CARTESIAN_POINT ( 'NONE',  ( 0.9616542217779999735, -0.9881819606109999432, 0.05000000000099998065 ) ) ;
#3050 = PLANE ( 'NONE',  #5387 ) ;
#3051 = ORIENTED_EDGE ( 'NONE', *, *, #4048, .F. ) ;
#3052 = EDGE_CURVE ( 'NONE', #11160, #161, #11686, .T. ) ;
#3053 = DIRECTION ( 'NONE',  ( 0.000000000000000000, 0.000000000000000000, 1.000000000000000000 ) ) ;
#3054 = FACE_OUTER_BOUND ( 'NONE', #5887, .T. ) ;
#3055 = ORIENTED_EDGE ( 'NONE', *, *, #6217, .T. ) ;
#3056 = EDGE_CURVE ( 'NONE', #1740, #8093, #9830, .T. ) ;
#3057 = ORIENTED_EDGE ( 'NONE', *, *, #263, .T. ) ;
#3058 = EDGE_CURVE ( 'NONE', #2152, #159, #10796, .T. ) ;
#3059 = VECTOR ( 'NONE', #406, 1000.000000000000000 ) ;
#3060 = CYLINDRICAL_SURFACE ( 'NONE', #5363, 0.2000000000000000944 ) ;
#3061 = DIRECTION ( 'NONE',  ( 0.000000000000000000, 1.000000000000000000, 0.000000000000000000 ) ) ;
#3062 = DIRECTION ( 'NONE',  ( 0.000000000000000000, 1.000000000000000000, 3.491481338843000432E-15 ) ) ;
#3063 = VECTOR ( 'NONE', #8830, 1000.000000000000000 ) ;
#3064 = ORIENTED_EDGE ( 'NONE', *, *, #10834, .T. ) ;
#3065 = DIRECTION ( 'NONE',  ( 0.000000000000000000, -1.000000000000000000, -2.891205793313955622E-15 ) ) ;
#3066 = VERTEX_POINT ( 'NONE', #1935 ) ;
#3067 = DIRECTION ( 'NONE',  ( -1.000000000000000000, 0.000000000000000000, 0.000000000000000000 ) ) ;
#3068 = CARTESIAN_POINT ( 'NONE',  ( 0.5809832317070000585, -0.7179812471039999089, 0.07000000000100004005 ) ) ;
#3069 = ORIENTED_EDGE ( 'NONE', *, *, #11726, .T. ) ;
#3070 = CARTESIAN_POINT ( 'NONE',  ( 3.924999999998999733, 0.7999999999999999334, -0.1767949192430001704 ) ) ;
#3071 = ADVANCED_FACE ( 'NONE', ( #978 ), #9634, .T. ) ;
#3072 = LINE ( 'NONE', #6980, #4022 ) ;
#3073 = CARTESIAN_POINT ( 'NONE',  ( 0.000000000000000000, -1.949999999999994404, 0.1000000000000000472 ) ) ;
#3074 = AXIS2_PLACEMENT_3D ( 'NONE', #3797, #10530, #5524 ) ;
#3075 = AXIS2_PLACEMENT_3D ( 'NONE', #7612, #5624, #6838 ) ;
#3076 = EDGE_LOOP ( 'NONE', ( #4887, #3390, #2917, #1518 ) ) ;
#3077 = CARTESIAN_POINT ( 'NONE',  ( 3.524138126513999936, 1.999999999999000355, 2.859999999999999876 ) ) ;
#3078 = DIRECTION ( 'NONE',  ( -5.421010862426999550E-16, 1.000000000000000000, 3.491481338843000432E-15 ) ) ;
#3079 = VECTOR ( 'NONE', #11195, 1000.000000000000000 ) ;
#3080 = ORIENTED_EDGE ( 'NONE', *, *, #151, .T. ) ;
#3081 = DIRECTION ( 'NONE',  ( 0.000000000000000000, 3.491481338843000432E-15, -1.000000000000000000 ) ) ;
#3082 = DIRECTION ( 'NONE',  ( 0.000000000000000000, -1.000000000000000000, -4.336808689942015369E-15 ) ) ;
#3083 = DIRECTION ( 'NONE',  ( 0.000000000000000000, -3.491481338843000432E-15, 1.000000000000000000 ) ) ;
#3084 = VECTOR ( 'NONE', #7355, 1000.000000000000000 ) ;
#3085 = LINE ( 'NONE', #6098, #7399 ) ;
#3086 = PLANE ( 'NONE',  #7511 ) ;
#3087 = VECTOR ( 'NONE', #2064, 1000.000000000000000 ) ;
#3088 = CARTESIAN_POINT ( 'NONE',  ( -4.467072975675827173, -0.2637738040952429253, 1.214992530604596777 ) ) ;
#3089 = VECTOR ( 'NONE', #11665, 1000.000000000000000 ) ;
#3090 = EDGE_CURVE ( 'NONE', #5971, #11712, #6564, .T. ) ;
#3091 = VERTEX_POINT ( 'NONE', #4953 ) ;
#3092 = ORIENTED_EDGE ( 'NONE', *, *, #4802, .F. ) ;
#3093 = EDGE_CURVE ( 'NONE', #1893, #4334, #8795, .T. ) ;
#3094 = CARTESIAN_POINT ( 'NONE',  ( -4.169999999998999840, 2.000000000000000444, -0.3499999999989999999 ) ) ;
#3095 = CARTESIAN_POINT ( 'NONE',  ( 1.560975609756000138, -1.608225149542999999, 0.05000000000099998065 ) ) ;
#3096 = LINE ( 'NONE', #11874, #1131 ) ;
#3097 = CARTESIAN_POINT ( 'NONE',  ( 2.524999999999999911, 0.9000000000000002442, 1.000068083900629290E-12 ) ) ;
#3098 = VECTOR ( 'NONE', #7836, 1000.000000000000000 ) ;
#3099 = CARTESIAN_POINT ( 'NONE',  ( -0.9107716525089999404, -1.619175670101999920, 0.07000000000100004005 ) ) ;
#3100 = VECTOR ( 'NONE', #11511, 1000.000000000000000 ) ;
#3101 = PLANE ( 'NONE',  #7022 ) ;
#3102 = CARTESIAN_POINT ( 'NONE',  ( -3.219999999998999662, -0.2999999999999999334, 1.300000000000999911 ) ) ;
#3103 = DIRECTION ( 'NONE',  ( 0.000000000000000000, -3.491481338843000432E-15, 1.000000000000000000 ) ) ;
#3104 = ORIENTED_EDGE ( 'NONE', *, *, #11329, .T. ) ;
#3105 = DIRECTION ( 'NONE',  ( 0.000000000000000000, 3.491481338843000432E-15, -1.000000000000000000 ) ) ;
#3106 = AXIS2_PLACEMENT_3D ( 'NONE', #6924, #10844, #5964 ) ;
#3107 = VERTEX_POINT ( 'NONE', #5712 ) ;
#3108 = CARTESIAN_POINT ( 'NONE',  ( -0.8229534399419998758, -1.620174216993999883, 0.05000000000099998065 ) ) ;
#3109 = VECTOR ( 'NONE', #1819, 1000.000000000000000 ) ;
#3110 = EDGE_CURVE ( 'NONE', #3688, #5822, #7, .T. ) ;
#3111 = EDGE_CURVE ( 'NONE', #6577, #1978, #72, .T. ) ;
#3112 = EDGE_CURVE ( 'NONE', #65, #4130, #8733, .T. ) ;
#3113 = FACE_OUTER_BOUND ( 'NONE', #10364, .T. ) ;
#3114 = CARTESIAN_POINT ( 'NONE',  ( 3.500000000000000000, -1.300000000000999911, 1.979999999999999982 ) ) ;
#3115 = CARTESIAN_POINT ( 'NONE',  ( -0.8665450062630000172, -0.7059446656999999181, 0.05000000000099998065 ) ) ;
#3116 = ORIENTED_EDGE ( 'NONE', *, *, #11960, .F. ) ;
#3117 = FACE_OUTER_BOUND ( 'NONE', #11759, .T. ) ;
#3118 = CARTESIAN_POINT ( 'NONE',  ( 2.024999999999999911, 0.3783882181409999323, 1.000068083900629290E-12 ) ) ;
#3119 = VECTOR ( 'NONE', #3632, 999.9999999999998863 ) ;
#3120 = ORIENTED_EDGE ( 'NONE', *, *, #5996, .F. ) ;
#3121 = ORIENTED_EDGE ( 'NONE', *, *, #8299, .F. ) ;
#3122 = CARTESIAN_POINT ( 'NONE',  ( 0.8961278367119999144, -0.8504447723139997306, 0.05000000000099998065 ) ) ;
#3123 = CARTESIAN_POINT ( 'NONE',  ( -0.6219512195119999420, -1.580786125152999988, 0.07000000000100004005 ) ) ;
#3124 = ORIENTED_EDGE ( 'NONE', *, *, #2223, .F. ) ;
#3125 = ADVANCED_FACE ( 'NONE', ( #12570 ), #11620, .T. ) ;
#3126 = CARTESIAN_POINT ( 'NONE',  ( 0.9345014634499999584, -1.318257970951999924, 0.07000000000100004005 ) ) ;
#3127 = ORIENTED_EDGE ( 'NONE', *, *, #11876, .F. ) ;
#3128 = AXIS2_PLACEMENT_3D ( 'NONE', #10282, #8224, #8986 ) ;
#3129 = ORIENTED_EDGE ( 'NONE', *, *, #1182, .T. ) ;
#3130 = DIRECTION ( 'NONE',  ( 0.000000000000000000, -1.000000000000000000, -4.336808689942015369E-15 ) ) ;
#3131 = ADVANCED_FACE ( 'NONE', ( #11817 ), #2830, .T. ) ;
#3132 = CIRCLE ( 'NONE', #4757, 0.9499999999990003108 ) ;
#3133 = LINE ( 'NONE', #2167, #1052 ) ;
#3134 = ORIENTED_EDGE ( 'NONE', *, *, #8459, .F. ) ;
#3135 = DIRECTION ( 'NONE',  ( 1.000000000000000000, 0.000000000000000000, 0.000000000000000000 ) ) ;
#3136 = VERTEX_POINT ( 'NONE', #10662 ) ;
#3137 = CARTESIAN_POINT ( 'NONE',  ( -3.894243062106645503, 1.215573748754906758, 2.629635375327699975 ) ) ;
#3138 = VECTOR ( 'NONE', #11462, 1000.000000000000000 ) ;
#3139 = CARTESIAN_POINT ( 'NONE',  ( -1.963414634146000148, -0.6082251495429997767, 0.05000000000099998065 ) ) ;
#3140 = VECTOR ( 'NONE', #8245, 1000.000000000000000 ) ;
#3141 = EDGE_CURVE ( 'NONE', #10961, #10688, #137, .T. ) ;
#3142 = EDGE_CURVE ( 'NONE', #3888, #8870, #12635, .T. ) ;
#3143 = ORIENTED_EDGE ( 'NONE', *, *, #12004, .T. ) ;
#3144 = LINE ( 'NONE', #7111, #8378 ) ;
#3145 = LINE ( 'NONE', #11992, #10379 ) ;
#3146 = CARTESIAN_POINT ( 'NONE',  ( -4.169999999998999840, 0.9000000000000002442, -0.3499999999989999999 ) ) ;
#3147 = ORIENTED_EDGE ( 'NONE', *, *, #12592, .F. ) ;
#3148 = FACE_OUTER_BOUND ( 'NONE', #1941, .T. ) ;
#3149 = CARTESIAN_POINT ( 'NONE',  ( 2.274999999999999911, 1.678388218141000365, 0.8000000000009999113 ) ) ;
#3150 = ORIENTED_EDGE ( 'NONE', *, *, #9233, .F. ) ;
#3151 = DIRECTION ( 'NONE',  ( 1.000000000000000000, 0.000000000000000000, 0.000000000000000000 ) ) ;
#3152 = VECTOR ( 'NONE', #7335, 1000.000000000000000 ) ;
#3153 = FACE_BOUND ( 'NONE', #2255, .T. ) ;
#3154 = DIRECTION ( 'NONE',  ( 1.000000000000000000, -5.421010862426999550E-16, -1.892735826383000338E-30 ) ) ;
#3155 = DIRECTION ( 'NONE',  ( 0.000000000000000000, 1.000000000000000000, 4.336808689942017736E-15 ) ) ;
#3156 = LINE ( 'NONE', #9172, #346 ) ;
#3157 = EDGE_CURVE ( 'NONE', #7029, #6755, #6692, .T. ) ;
#3158 = DIRECTION ( 'NONE',  ( 1.000000000000000000, 0.000000000000000000, 0.000000000000000000 ) ) ;
#3159 =( NAMED_UNIT ( * ) PLANE_ANGLE_UNIT ( ) SI_UNIT ( $, .RADIAN. ) );
#3160 = EDGE_LOOP ( 'NONE', ( #6232, #3445, #1593, #11208 ) ) ;
#3161 = ORIENTED_EDGE ( 'NONE', *, *, #9437, .F. ) ;
#3162 = DIRECTION ( 'NONE',  ( 0.000000000000000000, -3.641026466082000599E-15, 1.000000000000000000 ) ) ;
#3163 = CARTESIAN_POINT ( 'NONE',  ( 4.220166327193589417, 1.307389833495919307, 2.709778230405546218 ) ) ;
#3164 = ORIENTED_EDGE ( 'NONE', *, *, #3454, .F. ) ;
#3165 = CARTESIAN_POINT ( 'NONE',  ( 0.3048780487799999661, -0.6082251495429997767, 0.07000000000100004005 ) ) ;
#3166 = DIRECTION ( 'NONE',  ( 0.000000000000000000, 1.000000000000000000, 3.252606517456513302E-15 ) ) ;
#3167 = CARTESIAN_POINT ( 'NONE',  ( 1.975000000000000089, 2.200000000000000178, 0.1000000000010001083 ) ) ;
#3168 = CARTESIAN_POINT ( 'NONE',  ( 1.626905487803999906, -1.486273930030999946, 0.05000000000099998065 ) ) ;
#3169 = LINE ( 'NONE', #10221, #5253 ) ;
#3170 = EDGE_CURVE ( 'NONE', #12166, #4915, #5148, .T. ) ;
#3171 = CARTESIAN_POINT ( 'NONE',  ( -4.469999999998999662, -4.149999999999000266, 1.300000000000000044 ) ) ;
#3172 = ORIENTED_EDGE ( 'NONE', *, *, #3498, .T. ) ;
#3173 = FACE_OUTER_BOUND ( 'NONE', #3274, .T. ) ;
#3174 = LINE ( 'NONE', #5344, #12464 ) ;
#3175 = CARTESIAN_POINT ( 'NONE',  ( 0.7750000000000000222, 1.678388218141000365, 0.8000000000009999113 ) ) ;
#3176 = DIRECTION ( 'NONE',  ( 0.000000000000000000, 3.491481338843000432E-15, -1.000000000000000000 ) ) ;
#3177 = ORIENTED_EDGE ( 'NONE', *, *, #9624, .T. ) ;
#3178 = CARTESIAN_POINT ( 'NONE',  ( 4.469999999998999662, -3.467157287524999632, -0.5500000000000001554 ) ) ;
#3179 = EDGE_CURVE ( 'NONE', #6755, #11113, #2392, .T. ) ;
#3180 = CARTESIAN_POINT ( 'NONE',  ( -5.000000000000000000, -1.949999999999994404, 0.1000000000000000472 ) ) ;
#3181 = ORIENTED_EDGE ( 'NONE', *, *, #2769, .T. ) ;
#3182 = VERTEX_POINT ( 'NONE', #3421 ) ;
#3183 = CARTESIAN_POINT ( 'NONE',  ( 0.9503392029510000505, -0.9497732005079998485, 0.05000000000099998065 ) ) ;
#3184 = DIRECTION ( 'NONE',  ( 0.000000000000000000, 3.491481338843000432E-15, -1.000000000000000000 ) ) ;
#3185 = ORIENTED_EDGE ( 'NONE', *, *, #1566, .F. ) ;
#3186 = CIRCLE ( 'NONE', #6457, 0.9499999999990003108 ) ;
#3187 = DIRECTION ( 'NONE',  ( -1.000000000000000000, 0.000000000000000000, 0.000000000000000000 ) ) ;
#3188 = VERTEX_POINT ( 'NONE', #10220 ) ;
#3189 = ORIENTED_EDGE ( 'NONE', *, *, #6318, .F. ) ;
#3190 = LINE ( 'NONE', #7928, #7206 ) ;
#3191 = VECTOR ( 'NONE', #814, 1000.000000000000000 ) ;
#3192 = EDGE_CURVE ( 'NONE', #1748, #3845, #8164, .T. ) ;
#3193 = DIRECTION ( 'NONE',  ( 0.000000000000000000, 1.000000000000000000, 0.000000000000000000 ) ) ;
#3194 = VERTEX_POINT ( 'NONE', #468 ) ;
#3195 = DIRECTION ( 'NONE',  ( 0.000000000000000000, -1.000000000000000000, -3.491481338843000432E-15 ) ) ;
#3196 = ORIENTED_EDGE ( 'NONE', *, *, #9379, .T. ) ;
#3197 = CARTESIAN_POINT ( 'NONE',  ( 2.774999999999999911, 1.400000000000000133, 1.000068083900629290E-12 ) ) ;
#3198 = DIRECTION ( 'NONE',  ( 0.000000000000000000, 0.7071067811865474617, 0.7071067811865474617 ) ) ;
#3199 = EDGE_LOOP ( 'NONE', ( #5407, #11238, #12308, #7738 ) ) ;
#3200 = VECTOR ( 'NONE', #7384, 1000.000000000000000 ) ;
#3201 = VERTEX_POINT ( 'NONE', #9250 ) ;
#3203 = DIRECTION ( 'NONE',  ( 0.000000000000000000, -3.491481338843000432E-15, 1.000000000000000000 ) ) ;
#3202 = VECTOR ( 'NONE', #10586, 1000.000000000000000 ) ;
#3204 = DIRECTION ( 'NONE',  ( -1.000000000000000000, 0.000000000000000000, 0.000000000000000000 ) ) ;
#3205 = DIRECTION ( 'NONE',  ( 1.000000000000000000, 0.000000000000000000, 0.000000000000000000 ) ) ;
#3206 = ORIENTED_EDGE ( 'NONE', *, *, #1777, .T. ) ;
#3207 = AXIS2_PLACEMENT_3D ( 'NONE', #1090, #9103, #378 ) ;
#3208 = CYLINDRICAL_SURFACE ( 'NONE', #5323, 0.7999999999999999334 ) ;
#3209 = PLANE ( 'NONE',  #734 ) ;
#3210 = ORIENTED_EDGE ( 'NONE', *, *, #7084, .F. ) ;
#3211 = DIRECTION ( 'NONE',  ( 1.000000000000000000, 0.000000000000000000, 0.000000000000000000 ) ) ;
#3212 = EDGE_CURVE ( 'NONE', #11437, #4503, #1307, .T. ) ;
#3213 = EDGE_CURVE ( 'NONE', #1334, #8061, #11122, .T. ) ;
#3214 = CARTESIAN_POINT ( 'NONE',  ( 3.220000000000000195, -2.049999999999000178, 0.04999999999999991257 ) ) ;
#3215 = CARTESIAN_POINT ( 'NONE',  ( 0.2250000000000000056, 0.9000000000000002442, 1.000068083900629290E-12 ) ) ;
#3216 = AXIS2_PLACEMENT_3D ( 'NONE', #2506, #7503, #9487 ) ;
#3217 = AXIS2_PLACEMENT_3D ( 'NONE', #8782, #12682, #11737 ) ;
#3218 = CARTESIAN_POINT ( 'NONE',  ( -1.274999999999000044, 0.1000000000000002554, 0.05000000000099998065 ) ) ;
#3219 = FACE_OUTER_BOUND ( 'NONE', #8883, .T. ) ;
#3220 = LINE ( 'NONE', #7061, #6478 ) ;
#3221 = DIRECTION ( 'NONE',  ( -1.000000000000000000, 0.000000000000000000, 0.000000000000000000 ) ) ;
#3222 = ORIENTED_EDGE ( 'NONE', *, *, #4818, .T. ) ;
#3223 = ORIENTED_EDGE ( 'NONE', *, *, #3752, .T. ) ;
#3224 = CARTESIAN_POINT ( 'NONE',  ( -1.774999999999000044, 0.1000000000000002554, 1.000068083900629290E-12 ) ) ;
#3225 = CARTESIAN_POINT ( 'NONE',  ( 3.399999999998999822, -0.1999999999999998723, 0.05000000000099998065 ) ) ;
#3226 = ORIENTED_EDGE ( 'NONE', *, *, #10727, .T. ) ;
#3227 = VECTOR ( 'NONE', #5738, 1000.000000000000000 ) ;
#3228 = CARTESIAN_POINT ( 'NONE',  ( -2.524999999998999822, 1.400000000000000133, 0.1000000000010001083 ) ) ;
#3229 = EDGE_CURVE ( 'NONE', #7275, #2297, #9849, .T. ) ;
#3230 = CARTESIAN_POINT ( 'NONE',  ( -0.2926829268289999897, -1.498469051981999867, 0.07000000000100004005 ) ) ;
#3231 = ADVANCED_FACE ( 'NONE', ( #2206 ), #2265, .F. ) ;
#3232 = CARTESIAN_POINT ( 'NONE',  ( 4.087467578643999566, 1.999999999999000355, 2.859999999999999876 ) ) ;
#3233 = EDGE_CURVE ( 'NONE', #3491, #3845, #7137, .T. ) ;
#3234 = DIRECTION ( 'NONE',  ( 0.000000000000000000, -1.000000000000000000, -3.794707603699000462E-15 ) ) ;
#3235 = LINE ( 'NONE', #341, #4229 ) ;
#3236 = CARTESIAN_POINT ( 'NONE',  ( 1.025000000000000133, 0.9000000000000002442, 0.1000000000010001083 ) ) ;
#3237 = ORIENTED_EDGE ( 'NONE', *, *, #3840, .T. ) ;
#3238 = CARTESIAN_POINT ( 'NONE',  ( -0.7896541949739999122, -1.618133817728000023, 0.07000000000100004005 ) ) ;
#3239 = ORIENTED_EDGE ( 'NONE', *, *, #9301, .F. ) ;
#3240 = CARTESIAN_POINT ( 'NONE',  ( 0.5250000000000000222, 0.1000000000000002554, 1.000068083900629290E-12 ) ) ;
#3241 = EDGE_CURVE ( 'NONE', #3194, #890, #5212, .T. ) ;
#3242 = B_SPLINE_CURVE_WITH_KNOTS ( 'NONE', 3,
 ( #2653, #3861, #8856, #9764, #733, #4582, #2891, #9825, #1634, #606, #3929 ),
 .UNSPECIFIED., .F., .F.,
 ( 4, 1, 1, 1, 1, 1, 1, 1, 4 ),
 ( 0.000000000000000000, 0.1124483899080000043, 0.2265276752120000126, 0.3444019493259999898, 0.4658649724869999842, 0.5916594493519999887, 0.7221684870240000498, 0.8586063875539999835, 1.000000000000000000 ),
 .UNSPECIFIED. ) ;
#3243 = DIRECTION ( 'NONE',  ( 0.000000000000000000, -0.7071067811865475727, 0.7071067811865475727 ) ) ;
#3244 = CARTESIAN_POINT ( 'NONE',  ( 3.219999999998999662, 1.999999999999000355, 2.910000000000000142 ) ) ;
#3245 = AXIS2_PLACEMENT_3D ( 'NONE', #4768, #12580, #7713 ) ;
#3246 = CARTESIAN_POINT ( 'NONE',  ( -2.269999999998999929, -4.349999999998999556, 1.500000000000000000 ) ) ;
#3247 = CARTESIAN_POINT ( 'NONE',  ( 0.000000000000000000, 1.400000000000000133, 0.05000000000099998065 ) ) ;
#3248 = EDGE_LOOP ( 'NONE', ( #290, #4685, #267, #5032 ) ) ;
#3249 = ORIENTED_EDGE ( 'NONE', *, *, #6119, .T. ) ;
#3250 = CARTESIAN_POINT ( 'NONE',  ( 0.9176502025770000293, -0.8808186156719999271, 0.05000000000099998065 ) ) ;
#3251 = CARTESIAN_POINT ( 'NONE',  ( -1.334887178074000147, -0.8886342540099999576, 0.05000000000099998065 ) ) ;
#3252 = ORIENTED_EDGE ( 'NONE', *, *, #8783, .F. ) ;
#3253 = ADVANCED_FACE ( 'NONE', ( #10155 ), #5468, .T. ) ;
#3254 = PLANE ( 'NONE',  #2005 ) ;
#3255 = ORIENTED_EDGE ( 'NONE', *, *, #8872, .F. ) ;
#3256 = ORIENTED_EDGE ( 'NONE', *, *, #10321, .F. ) ;
#3257 = DIRECTION ( 'NONE',  ( 1.000000000000000000, -5.421010862426999550E-16, -1.892735826383000338E-30 ) ) ;
#3258 = CARTESIAN_POINT ( 'NONE',  ( 0.9752646400770000890, -1.102560595843999902, 0.07000000000100004005 ) ) ;
#3259 = VERTEX_POINT ( 'NONE', #10996 ) ;
#3260 = DIRECTION ( 'NONE',  ( -1.000000000000000000, 0.000000000000000000, 0.000000000000000000 ) ) ;
#3261 = VERTEX_POINT ( 'NONE', #1430 ) ;
#3262 = CARTESIAN_POINT ( 'NONE',  ( -0.8076235459280000084, -0.7094652412399999886, 0.07000000000100004005 ) ) ;
#3263 = LINE ( 'NONE', #5947, #7038 ) ;
#3264 = EDGE_LOOP ( 'NONE', ( #7999, #10625, #3309, #3410 ) ) ;
#3265 = ORIENTED_EDGE ( 'NONE', *, *, #6691, .F. ) ;
#3266 = CARTESIAN_POINT ( 'NONE',  ( -3.220000000000000195, -0.2999999999999999334, 0.3500000000010001222 ) ) ;
#3267 = DIRECTION ( 'NONE',  ( -1.000000000000000000, 0.000000000000000000, 0.000000000000000000 ) ) ;
#3268 = EDGE_CURVE ( 'NONE', #2792, #9265, #273, .T. ) ;
#3269 = ADVANCED_FACE ( 'NONE', ( #9186 ), #4318, .T. ) ;
#3270 = DIRECTION ( 'NONE',  ( -1.000000000000000000, 0.000000000000000000, 0.000000000000000000 ) ) ;
#3271 = PRODUCT_RELATED_PRODUCT_CATEGORY ( 'part', '', ( #5714 ) ) ;
#3272 = ORIENTED_EDGE ( 'NONE', *, *, #306, .F. ) ;
#3273 = CARTESIAN_POINT ( 'NONE',  ( 0.000000000000000000, 0.9000000000000002442, -0.3499999999989999999 ) ) ;
#3274 = EDGE_LOOP ( 'NONE', ( #7465, #5634, #704, #53 ) ) ;
#3275 = CARTESIAN_POINT ( 'NONE',  ( 3.219999999998999662, -1.199999999999999956, 1.300000000000999911 ) ) ;
#3276 = DIRECTION ( 'NONE',  ( -1.000000000000000000, 0.000000000000000000, 0.000000000000000000 ) ) ;
#3277 = DIRECTION ( 'NONE',  ( -1.000000000000000000, 0.000000000000000000, 0.000000000000000000 ) ) ;
#3278 = DIRECTION ( 'NONE',  ( 1.000000000000000000, 0.000000000000000000, 0.000000000000000000 ) ) ;
#3279 = LINE ( 'NONE', #11939, #2596 ) ;
#3280 = CARTESIAN_POINT ( 'NONE',  ( -4.500000000000000000, -1.949999999999994404, 0.1000000000000000472 ) ) ;
#3281 = VECTOR ( 'NONE', #10935, 1000.000000000000000 ) ;
#3282 = VERTEX_POINT ( 'NONE', #4192 ) ;
#3283 = VERTEX_POINT ( 'NONE', #5584 ) ;
#3284 = DIRECTION ( 'NONE',  ( -1.000000000000000000, 0.000000000000000000, 0.000000000000000000 ) ) ;
#3285 = EDGE_CURVE ( 'NONE', #5225, #7114, #4498, .T. ) ;
#3286 = FACE_OUTER_BOUND ( 'NONE', #289, .T. ) ;
#3287 = ORIENTED_EDGE ( 'NONE', *, *, #5173, .T. ) ;
#3288 = DIRECTION ( 'NONE',  ( 0.000000000000000000, 1.000000000000000000, 4.336808689942015369E-15 ) ) ;
#3289 = CARTESIAN_POINT ( 'NONE',  ( -3.399999999998999822, 0.000000000000000000, 0.05000000000099998065 ) ) ;
#3290 = AXIS2_PLACEMENT_3D ( 'NONE', #11965, #408, #6244 ) ;
#3291 = CARTESIAN_POINT ( 'NONE',  ( -2.024999999999999911, 1.678388218141000365, 0.8000000000009999113 ) ) ;
#3292 = CARTESIAN_POINT ( 'NONE',  ( -1.474999999999000000, 0.6000000000000003109, 0.3500000000010001222 ) ) ;
#3293 = AXIS2_PLACEMENT_3D ( 'NONE', #6312, #1509, #11317 ) ;
#3294 = PLANE ( 'NONE',  #9141 ) ;
#3295 = CARTESIAN_POINT ( 'NONE',  ( -1.230686611792000118, -1.143079244315999832, 0.07000000000100004005 ) ) ;
#3296 = VECTOR ( 'NONE', #3205, 1000.000000000000000 ) ;
#3297 = VERTEX_POINT ( 'NONE', #10523 ) ;
#3298 = CARTESIAN_POINT ( 'NONE',  ( -0.6219512195119999420, -1.580786125152999988, 0.05000000000099998065 ) ) ;
#3299 = EDGE_CURVE ( 'NONE', #2035, #11561, #10667, .T. ) ;
#3300 = ADVANCED_FACE ( 'NONE', ( #2517 ), #8410, .F. ) ;
#3301 = CARTESIAN_POINT ( 'NONE',  ( 3.219999999998999662, 1.799999999998999956, 3.209999999999999964 ) ) ;
#3302 = AXIS2_PLACEMENT_3D ( 'NONE', #11934, #1412, #6222 ) ;
#3303 = LINE ( 'NONE', #4328, #6744 ) ;
#3304 = CARTESIAN_POINT ( 'NONE',  ( -4.122778686653802538, 1.997059285085109881, 2.824856394516630065 ) ) ;
#3305 = LINE ( 'NONE', #11134, #7091 ) ;
#3306 = CARTESIAN_POINT ( 'NONE',  ( 0.5865091463410000427, -1.498469051981999867, 0.07000000000100004005 ) ) ;
#3307 = VECTOR ( 'NONE', #3935, 1000.000000000000000 ) ;
#3308 = ORIENTED_EDGE ( 'NONE', *, *, #9566, .T. ) ;
#3309 = ORIENTED_EDGE ( 'NONE', *, *, #1439, .T. ) ;
#3310 = CARTESIAN_POINT ( 'NONE',  ( -5.750624847485999780, 2.000000000000000444, 1.709999999999999964 ) ) ;
#3311 = AXIS2_PLACEMENT_3D ( 'NONE', #3820, #11766, #9848 ) ;
#3312 = EDGE_CURVE ( 'NONE', #3744, #4480, #12440, .T. ) ;
#3313 = LINE ( 'NONE', #3375, #474 ) ;
#3314 = ORIENTED_EDGE ( 'NONE', *, *, #10886, .F. ) ;
#3315 = LINE ( 'NONE', #1327, #6310 ) ;
#3316 = EDGE_LOOP ( 'NONE', ( #10881, #1008, #6080, #3164 ) ) ;
#3317 = ORIENTED_EDGE ( 'NONE', *, *, #6711, .F. ) ;
#3318 = CIRCLE ( 'NONE', #8234, 0.7999999999990000665 ) ;
#3319 = CARTESIAN_POINT ( 'NONE',  ( -3.924999999998999733, 0.9000000000000002442, -0.1767949192430001704 ) ) ;
#3320 = DIRECTION ( 'NONE',  ( 0.000000000000000000, -1.000000000000000000, -3.523657060582293621E-15 ) ) ;
#3321 = ORIENTED_EDGE ( 'NONE', *, *, #12523, .T. ) ;
#3322 = EDGE_CURVE ( 'NONE', #8462, #312, #10879, .T. ) ;
#3323 = CARTESIAN_POINT ( 'NONE',  ( -0.7092289723150000391, -0.7302961781269999841, 0.05000000000099998065 ) ) ;
#3324 = ORIENTED_EDGE ( 'NONE', *, *, #5626, .F. ) ;
#3325 = LINE ( 'NONE', #434, #1346 ) ;
#3326 = ADVANCED_FACE ( 'NONE', ( #2450 ), #5403, .T. ) ;
#3327 = LINE ( 'NONE', #3068, #9912 ) ;
#3328 = ORIENTED_EDGE ( 'NONE', *, *, #2287, .F. ) ;
#3329 = VECTOR ( 'NONE', #135, 1000.000000000000000 ) ;
#3330 = ORIENTED_EDGE ( 'NONE', *, *, #3810, .F. ) ;
#3331 = FACE_OUTER_BOUND ( 'NONE', #2852, .T. ) ;
#3332 = CARTESIAN_POINT ( 'NONE',  ( 2.725000000000000089, 0.1000000000000002554, 0.1000000000010001083 ) ) ;
#3333 = CARTESIAN_POINT ( 'NONE',  ( 4.169999999998999840, -1.199999999999999956, 1.300000000000999911 ) ) ;
#3334 = ORIENTED_EDGE ( 'NONE', *, *, #1416, .F. ) ;
#3335 = CYLINDRICAL_SURFACE ( 'NONE', #4219, 0.1999999999999999833 ) ;
#3337 = VERTEX_POINT ( 'NONE', #1496 ) ;
#3336 = VECTOR ( 'NONE', #6182, 1000.000000000000000 ) ;
#3338 = LINE ( 'NONE', #10201, #1884 ) ;
#3339 = PLANE ( 'NONE',  #209 ) ;
#3340 = LINE ( 'NONE', #9170, #5449 ) ;
#3341 = AXIS2_PLACEMENT_3D ( 'NONE', #12600, #4786, #7728 ) ;
#3342 = VECTOR ( 'NONE', #9057, 1000.000000000000000 ) ;
#3343 = FACE_OUTER_BOUND ( 'NONE', #7344, .T. ) ;
#3344 = DIRECTION ( 'NONE',  ( 0.000000000000000000, 1.000000000000000000, 2.891205793313955622E-15 ) ) ;
#3345 = EDGE_CURVE ( 'NONE', #74, #8465, #12497, .T. ) ;
#3346 = ADVANCED_FACE ( 'NONE', ( #6609 ), #3664, .F. ) ;
#3347 = LINE ( 'NONE', #8150, #1755 ) ;
#3348 = PLANE ( 'NONE',  #9696 ) ;
#3349 = EDGE_LOOP ( 'NONE', ( #9856, #8915, #8495, #6525 ) ) ;
#3350 = ORIENTED_EDGE ( 'NONE', *, *, #866, .T. ) ;
#3351 = DIRECTION ( 'NONE',  ( 0.000000000000000000, 1.000000000000000000, 3.491481338843000432E-15 ) ) ;
#3352 = CARTESIAN_POINT ( 'NONE',  ( -4.169999999998999840, 1.349999999999000000, 1.709999999999999964 ) ) ;
#3353 = ORIENTED_EDGE ( 'NONE', *, *, #5949, .T. ) ;
#3354 = MECHANICAL_DESIGN_GEOMETRIC_PRESENTATION_REPRESENTATION (  '', ( #276 ), #11959 ) ;
#3355 = LINE ( 'NONE', #3165, #1833 ) ;
#3356 = LINE ( 'NONE', #6110, #12136 ) ;
#3357 = DIRECTION ( 'NONE',  ( 0.000000000000000000, 3.252606517456000542E-15, -1.000000000000000000 ) ) ;
#3358 = DIRECTION ( 'NONE',  ( -1.000000000000000000, 0.000000000000000000, 0.000000000000000000 ) ) ;
#3359 = CARTESIAN_POINT ( 'NONE',  ( -3.219999999998999662, 1.199999999999000089, 1.959999999999999964 ) ) ;
#3360 = ADVANCED_FACE ( 'NONE', ( #528 ), #772, .F. ) ;
#3361 = DIRECTION ( 'NONE',  ( -1.000000000000000000, 0.000000000000000000, 0.000000000000000000 ) ) ;
#3362 = VECTOR ( 'NONE', #8767, 1000.000000000000000 ) ;
#3363 = ORIENTED_EDGE ( 'NONE', *, *, #10104, .T. ) ;
#3364 = CARTESIAN_POINT ( 'NONE',  ( 4.462356867305012464, -0.2999999999999989342, 1.152197510008589498 ) ) ;
#3365 = CARTESIAN_POINT ( 'NONE',  ( 2.974999999998999556, 1.678388218141000365, 1.000068083900629290E-12 ) ) ;
#3366 = FACE_OUTER_BOUND ( 'NONE', #9151, .T. ) ;
#3367 = FACE_OUTER_BOUND ( 'NONE', #5121, .T. ) ;
#3368 = DIRECTION ( 'NONE',  ( -1.000000000000000000, 0.000000000000000000, 0.000000000000000000 ) ) ;
#3369 = EDGE_CURVE ( 'NONE', #9675, #10934, #10678, .T. ) ;
#3370 = DIRECTION ( 'NONE',  ( 0.000000000000000000, 1.000000000000000000, 3.491481338843000432E-15 ) ) ;
#3371 = ADVANCED_FACE ( 'NONE', ( #12381 ), #3606, .T. ) ;
#3372 = VERTEX_POINT ( 'NONE', #1679 ) ;
#3373 = EDGE_LOOP ( 'NONE', ( #8340, #9596, #9004, #8221, #11662, #11382 ) ) ;
#3374 = DIRECTION ( 'NONE',  ( 0.000000000000000000, 3.491481338843000432E-15, -1.000000000000000000 ) ) ;
#3375 = CARTESIAN_POINT ( 'NONE',  ( 3.219999999998999662, 1.999999999999000355, 3.209999999999999964 ) ) ;
#3376 = ORIENTED_EDGE ( 'NONE', *, *, #3043, .T. ) ;
#3377 = LINE ( 'NONE', #12040, #1602 ) ;
#3378 = ORIENTED_EDGE ( 'NONE', *, *, #5550, .F. ) ;
#3379 = EDGE_CURVE ( 'NONE', #9800, #8555, #8002, .T. ) ;
#3380 = EDGE_LOOP ( 'NONE', ( #4711, #8678, #9238, #7941 ) ) ;
#3381 = CARTESIAN_POINT ( 'NONE',  ( -1.224999999999000000, 1.800000000000000044, -0.5499999999990000665 ) ) ;
#3382 = EDGE_CURVE ( 'NONE', #9324, #12274, #216, .T. ) ;
#3383 = DIRECTION ( 'NONE',  ( 0.000000000000000000, 1.000000000000000000, 0.000000000000000000 ) ) ;
#3384 = EDGE_LOOP ( 'NONE', ( #8786, #868, #532, #10943, #5423, #1982 ) ) ;
#3385 = DIRECTION ( 'NONE',  ( 0.000000000000000000, 1.000000000000000000, 0.000000000000000000 ) ) ;
#3386 = EDGE_LOOP ( 'NONE', ( #10880, #5302, #11339, #6977 ) ) ;
#3387 = CARTESIAN_POINT ( 'NONE',  ( -0.6308316051389999402, -1.451799956680999815, 0.07000000000100004005 ) ) ;
#3388 = VECTOR ( 'NONE', #7587, 1000.000000000000000 ) ;
#3389 = DIRECTION ( 'NONE',  ( -1.000000000000000000, 0.000000000000000000, 0.000000000000000000 ) ) ;
#3390 = ORIENTED_EDGE ( 'NONE', *, *, #1652, .F. ) ;
#3391 = FACE_OUTER_BOUND ( 'NONE', #109, .T. ) ;
#3392 = CARTESIAN_POINT ( 'NONE',  ( -3.219999999998999662, -1.300000000000999911, 2.810000000000000053 ) ) ;
#3393 = CARTESIAN_POINT ( 'NONE',  ( 4.469999999998999662, 1.999999999999000355, 2.709999999999999520 ) ) ;
#3394 = VERTEX_POINT ( 'NONE', #9756 ) ;
#3395 = VECTOR ( 'NONE', #10446, 1000.000000000000000 ) ;
#3396 = LINE ( 'NONE', #5440, #4234 ) ;
#3397 = EDGE_CURVE ( 'NONE', #4503, #1256, #6724, .T. ) ;
#3398 = ORIENTED_EDGE ( 'NONE', *, *, #12343, .T. ) ;
#3399 = CARTESIAN_POINT ( 'NONE',  ( 1.525000000000000133, 0.6000000000000003109, 0.3500000000010001222 ) ) ;
#3400 = FACE_OUTER_BOUND ( 'NONE', #3316, .T. ) ;
#3401 = DIRECTION ( 'NONE',  ( 1.000000000000000000, 0.000000000000000000, 0.000000000000000000 ) ) ;
#3402 = CARTESIAN_POINT ( 'NONE',  ( 0.2250000000000000056, 0.1000000000000002554, 0.05000000000099998065 ) ) ;
#3403 = CARTESIAN_POINT ( 'NONE',  ( -1.231707317073000185, -1.097554417834999851, 0.05000000000099998065 ) ) ;
#3404 = CARTESIAN_POINT ( 'NONE',  ( -0.6989319970239999957, -1.605400727881999723, 0.07000000000100004005 ) ) ;
#3405 = DIRECTION ( 'NONE',  ( 0.000000000000000000, -3.652049423112910565E-15, 1.000000000000000000 ) ) ;
#3406 = AXIS2_PLACEMENT_3D ( 'NONE', #9178, #7129, #8154 ) ;
#3407 = AXIS2_PLACEMENT_3D ( 'NONE', #1689, #4452, #7526 ) ;
#3408 = VECTOR ( 'NONE', #2436, 1000.000000000000000 ) ;
#3409 = ORIENTED_EDGE ( 'NONE', *, *, #12260, .F. ) ;
#3410 = ORIENTED_EDGE ( 'NONE', *, *, #9573, .T. ) ;
#3411 = CARTESIAN_POINT ( 'NONE',  ( -2.024999999998999822, 1.800000000000000044, -0.5499999999990000665 ) ) ;
#3412 = DIRECTION ( 'NONE',  ( 1.000000000000000000, 0.000000000000000000, 0.000000000000000000 ) ) ;
#3413 = ORIENTED_EDGE ( 'NONE', *, *, #3674, .F. ) ;
#3414 = DIRECTION ( 'NONE',  ( 0.000000000000000000, 1.000000000000000000, 5.421010862427522959E-15 ) ) ;
#3415 = EDGE_CURVE ( 'NONE', #1810, #96, #5500, .T. ) ;
#3416 = CARTESIAN_POINT ( 'NONE',  ( 1.724999999999999867, 0.1000000000000002554, 0.05000000000099998065 ) ) ;
#3417 = AXIS2_PLACEMENT_3D ( 'NONE', #7740, #7560, #1787 ) ;
#3418 = VECTOR ( 'NONE', #10464, 1000.000000000000000 ) ;
#3419 = DIRECTION ( 'NONE',  ( 0.000000000000000000, 1.000000000000000000, 2.168404344971007685E-15 ) ) ;
#3420 = VECTOR ( 'NONE', #5595, 1000.000000000000000 ) ;
#3421 = CARTESIAN_POINT ( 'NONE',  ( -0.9749999999989999999, 0.6000000000000003109, 0.1000000000010001083 ) ) ;
#3422 = DIRECTION ( 'NONE',  ( 0.000000000000000000, -0.7071067811865474617, -0.7071067811865474617 ) ) ;
#3423 = DIRECTION ( 'NONE',  ( 0.000000000000000000, 1.000000000000000000, 2.168404344971012812E-15 ) ) ;
#3424 = VECTOR ( 'NONE', #7604, 1000.000000000000000 ) ;
#3425 = ORIENTED_EDGE ( 'NONE', *, *, #11682, .T. ) ;
#3426 = ORIENTED_EDGE ( 'NONE', *, *, #6142, .F. ) ;
#3427 = CARTESIAN_POINT ( 'NONE',  ( -3.219999999998999662, 1.999999999999000355, 2.910000000000000142 ) ) ;
#3428 = EDGE_CURVE ( 'NONE', #12403, #995, #5768, .T. ) ;
#3429 = DIRECTION ( 'NONE',  ( 0.000000000000000000, -1.000000000000000000, -1.445602896656977811E-15 ) ) ;
#3430 = CARTESIAN_POINT ( 'NONE',  ( -1.474999999999000000, 0.1000000000000002554, 0.05000000000099998065 ) ) ;
#3431 = DIRECTION ( 'NONE',  ( 0.000000000000000000, -3.491481338843000432E-15, 1.000000000000000000 ) ) ;
#3432 = ORIENTED_EDGE ( 'NONE', *, *, #1777, .F. ) ;
#3433 = EDGE_CURVE ( 'NONE', #10754, #10789, #8657, .T. ) ;
#3434 = EDGE_LOOP ( 'NONE', ( #4487, #1476, #9973, #924, #12525, #5725 ) ) ;
#3435 = CARTESIAN_POINT ( 'NONE',  ( -2.269999999998999929, -1.949999999999999956, 1.629999999999999893 ) ) ;
#3436 = ORIENTED_EDGE ( 'NONE', *, *, #5267, .T. ) ;
#3437 = EDGE_CURVE ( 'NONE', #1364, #623, #4873, .T. ) ;
#3438 = CARTESIAN_POINT ( 'NONE',  ( 0.6285345980519999598, -1.497604316152999937, 0.07000000000100004005 ) ) ;
#3439 = VERTEX_POINT ( 'NONE', #3789 ) ;
#3440 = ORIENTED_EDGE ( 'NONE', *, *, #6291, .T. ) ;
#3441 = CARTESIAN_POINT ( 'NONE',  ( -4.469999999998999662, 1.199999999999000089, 2.559999999999999609 ) ) ;
#3442 = LINE ( 'NONE', #9393, #8823 ) ;
#3443 = ORIENTED_EDGE ( 'NONE', *, *, #4504, .T. ) ;
#3444 = DIRECTION ( 'NONE',  ( 1.000000000000000000, 0.000000000000000000, 0.000000000000000000 ) ) ;
#3445 = ORIENTED_EDGE ( 'NONE', *, *, #1326, .F. ) ;
#3446 = DIRECTION ( 'NONE',  ( -1.000000000000000000, 0.000000000000000000, 0.000000000000000000 ) ) ;
#3447 = LINE ( 'NONE', #6268, #4151 ) ;
#3448 = ORIENTED_EDGE ( 'NONE', *, *, #5694, .F. ) ;
#3449 = EDGE_CURVE ( 'NONE', #11152, #5760, #10783, .T. ) ;
#3450 = CARTESIAN_POINT ( 'NONE',  ( -2.269999999998999929, -2.250000000000000000, 1.629999999999998783 ) ) ;
#3451 = CARTESIAN_POINT ( 'NONE',  ( 1.626905487803999906, -1.486273930030999946, 0.05000000000099998065 ) ) ;
#3452 = EDGE_CURVE ( 'NONE', #7025, #10481, #5900, .T. ) ;
#3453 = DIRECTION ( 'NONE',  ( 0.000000000000000000, 3.491481338843000432E-15, -1.000000000000000000 ) ) ;
#3454 = EDGE_CURVE ( 'NONE', #8439, #6843, #12681, .T. ) ;
#3455 = ORIENTED_EDGE ( 'NONE', *, *, #7857, .T. ) ;
#3456 = CARTESIAN_POINT ( 'NONE',  ( 1.775000000000000133, 1.800000000000000044, 0.1000000000010001083 ) ) ;
#3457 = ORIENTED_EDGE ( 'NONE', *, *, #5395, .F. ) ;
#3458 = CARTESIAN_POINT ( 'NONE',  ( -3.219999999998999662, -1.300000000000999911, 1.959999999999999964 ) ) ;
#3459 = LINE ( 'NONE', #6410, #7197 ) ;
#3460 = DIRECTION ( 'NONE',  ( 0.000000000000000000, -1.000000000000000000, -3.491481338843000432E-15 ) ) ;
#3461 = LINE ( 'NONE', #10390, #10675 ) ;
#3462 = CARTESIAN_POINT ( 'NONE',  ( -1.194223643855999883, -0.9014319053219999045, 0.05000000000099998065 ) ) ;
#3463 = CARTESIAN_POINT ( 'NONE',  ( -4.169999999998999840, 0.6000000000000003109, 0.05000000000099998065 ) ) ;
#3464 = LINE ( 'NONE', #6533, #6015 ) ;
#3465 = EDGE_CURVE ( 'NONE', #5362, #6952, #8910, .T. ) ;
#3466 = ORIENTED_EDGE ( 'NONE', *, *, #4403, .F. ) ;
#3467 = ORIENTED_EDGE ( 'NONE', *, *, #442, .F. ) ;
#3468 = DIRECTION ( 'NONE',  ( 0.000000000000000000, 3.491481338843000432E-15, -1.000000000000000000 ) ) ;
#3469 = DIRECTION ( 'NONE',  ( 0.000000000000000000, 3.491481338843000432E-15, -1.000000000000000000 ) ) ;
#3470 = AXIS2_PLACEMENT_3D ( 'NONE', #6021, #8195, #11030 ) ;
#3471 = VERTEX_POINT ( 'NONE', #2054 ) ;
#3472 = CARTESIAN_POINT ( 'NONE',  ( 0.9960792505309999934, -1.442154107456000034, 0.05000000000099998065 ) ) ;
#3473 = DIRECTION ( 'NONE',  ( 0.000000000000000000, 1.000000000000000000, 3.491481338843000432E-15 ) ) ;
#3474 = CARTESIAN_POINT ( 'NONE',  ( -0.02499999999899999922, 1.800000000000000044, -0.5499999999990000665 ) ) ;
#3475 = DIRECTION ( 'NONE',  ( 1.000000000000000000, 0.000000000000000000, 0.000000000000000000 ) ) ;
#3476 = CARTESIAN_POINT ( 'NONE',  ( -1.071385730022999860, -1.448177140666999874, 0.05000000000099998065 ) ) ;
#3477 = DIRECTION ( 'NONE',  ( 0.000000000000000000, -1.000000000000000000, -3.491481338843000432E-15 ) ) ;
#3478 = VECTOR ( 'NONE', #9904, 1000.000000000000000 ) ;
#3479 = DIRECTION ( 'NONE',  ( 0.000000000000000000, -0.7071067811865475727, -0.7071067811865475727 ) ) ;
#3480 = EDGE_CURVE ( 'NONE', #12161, #6257, #9885, .T. ) ;
#3481 = ADVANCED_FACE ( 'NONE', ( #5004 ), #2818, .F. ) ;
#3482 = ORIENTED_EDGE ( 'NONE', *, *, #3285, .T. ) ;
#3483 = ORIENTED_EDGE ( 'NONE', *, *, #3299, .F. ) ;
#3484 = DIRECTION ( 'NONE',  ( 0.000000000000000000, -1.000000000000000000, -3.491481338843000432E-15 ) ) ;
#3485 = VECTOR ( 'NONE', #10034, 1000.000000000000000 ) ;
#3486 = VECTOR ( 'NONE', #275, 1000.000000000000000 ) ;
#3487 = CARTESIAN_POINT ( 'NONE',  ( 4.169999999998999840, -0.2999999999999999334, 1.300000000000999911 ) ) ;
#3488 = VECTOR ( 'NONE', #9041, 1000.000000000000000 ) ;
#3489 = CARTESIAN_POINT ( 'NONE',  ( 0.2750000000000000222, 2.200000000000000178, 1.000068083900629290E-12 ) ) ;
#3490 = LINE ( 'NONE', #1568, #10251 ) ;
#3491 = VERTEX_POINT ( 'NONE', #3727 ) ;
#3492 = AXIS2_PLACEMENT_3D ( 'NONE', #3641, #6403, #10500 ) ;
#3493 = VERTEX_POINT ( 'NONE', #2754 ) ;
#3494 = PLANE ( 'NONE',  #11532 ) ;
#3495 = EDGE_CURVE ( 'NONE', #475, #5103, #10585, .T. ) ;
#3496 = EDGE_CURVE ( 'NONE', #6823, #2009, #1353, .T. ) ;
#3497 = VECTOR ( 'NONE', #1932, 1000.000000000000114 ) ;
#3498 = EDGE_CURVE ( 'NONE', #3976, #7266, #10979, .T. ) ;
#3499 = ORIENTED_EDGE ( 'NONE', *, *, #8085, .F. ) ;
#3500 = CARTESIAN_POINT ( 'NONE',  ( -2.224999999999000000, 2.200000000000000178, 1.000068083900629290E-12 ) ) ;
#3501 = AXIS2_PLACEMENT_3D ( 'NONE', #1552, #4678, #8585 ) ;
#3502 = CARTESIAN_POINT ( 'NONE',  ( 1.609171484905000060, -1.420709856817999883, 0.07000000000100004005 ) ) ;
#3503 = ORIENTED_EDGE ( 'NONE', *, *, #7133, .F. ) ;
#3504 = ORIENTED_EDGE ( 'NONE', *, *, #701, .F. ) ;
#3505 = AXIS2_PLACEMENT_3D ( 'NONE', #10931, #3234, #6237 ) ;
#3506 = CARTESIAN_POINT ( 'NONE',  ( -2.724999999999000000, 1.800000000000000044, 0.05000000000099998065 ) ) ;
#3507 = AXIS2_PLACEMENT_3D ( 'NONE', #9278, #5426, #9338 ) ;
#3508 = DIRECTION ( 'NONE',  ( 0.000000000000000000, -1.000000000000000000, -3.491481338843000432E-15 ) ) ;
#3509 = ORIENTED_EDGE ( 'NONE', *, *, #10719, .F. ) ;
#3510 = CARTESIAN_POINT ( 'NONE',  ( -0.6311435496409999457, -0.7646329612180000623, 0.07000000000100004005 ) ) ;
#3511 = EDGE_LOOP ( 'NONE', ( #415, #1836, #4789, #2385, #658, #2102 ) ) ;
#3512 = CARTESIAN_POINT ( 'NONE',  ( -0.8455835410219999515, -1.510504633337000024, 0.05000000000099998065 ) ) ;
#3513 = EDGE_CURVE ( 'NONE', #8641, #7390, #7057, .T. ) ;
#3514 = CARTESIAN_POINT ( 'NONE',  ( 1.724999999999999867, 0.6000000000000003109, 0.1000000000010001083 ) ) ;
#3515 = ORIENTED_EDGE ( 'NONE', *, *, #5173, .F. ) ;
#3516 = AXIS2_PLACEMENT_3D ( 'NONE', #2623, #9231, #1662 ) ;
#3517 = CARTESIAN_POINT ( 'NONE',  ( 4.169999999998999840, 1.849999999999000000, 1.709999999999999964 ) ) ;
#3518 = DIRECTION ( 'NONE',  ( 0.000000000000000000, 3.491481338843000432E-15, -1.000000000000000000 ) ) ;
#3519 = EDGE_CURVE ( 'NONE', #906, #10754, #5131, .T. ) ;
#3520 = VERTEX_POINT ( 'NONE', #10077 ) ;
#3521 = VECTOR ( 'NONE', #1459, 1000.000000000000000 ) ;
#3522 = CARTESIAN_POINT ( 'NONE',  ( -2.224999999999000000, 1.678388218141000365, 1.000068083900629290E-12 ) ) ;
#3523 = ORIENTED_EDGE ( 'NONE', *, *, #7124, .T. ) ;
#3524 = DIRECTION ( 'NONE',  ( 1.000000000000000000, -5.421010862426999550E-16, -1.892735826383000338E-30 ) ) ;
#3525 = CARTESIAN_POINT ( 'NONE',  ( 1.607660060975000027, -1.416151978810999967, 0.07000000000100004005 ) ) ;
#3526 = CARTESIAN_POINT ( 'NONE',  ( -3.220000000000000195, -5.899999999998999378, 0.04999999999999991257 ) ) ;
#3527 = CARTESIAN_POINT ( 'NONE',  ( 0.6285345980519999598, -1.497604316152999937, 0.05000000000099998065 ) ) ;
#3528 = LINE ( 'NONE', #10205, #12417 ) ;
#3529 = ADVANCED_FACE ( 'NONE', ( #1220 ), #255, .T. ) ;
#3530 = EDGE_CURVE ( 'NONE', #11553, #12409, #8973, .T. ) ;
#3531 = VECTOR ( 'NONE', #2573, 1000.000000000000000 ) ;
#3532 = CARTESIAN_POINT ( 'NONE',  ( -0.6219512195119999420, -0.7698105153960000946, 0.07000000000100004005 ) ) ;
#3533 = VERTEX_POINT ( 'NONE', #7950 ) ;
#3534 = EDGE_LOOP ( 'NONE', ( #10408, #4431, #11828, #5802 ) ) ;
#3535 = PLANE ( 'NONE',  #8115 ) ;
#3536 = LINE ( 'NONE', #6655, #470 ) ;
#3537 = ORIENTED_EDGE ( 'NONE', *, *, #10537, .F. ) ;
#3538 = CARTESIAN_POINT ( 'NONE',  ( 0.9228928625050000223, -1.507374630228000001, 0.05000000000099998065 ) ) ;
#3539 = CIRCLE ( 'NONE', #9274, 0.1999999999990000332 ) ;
#3540 = LINE ( 'NONE', #7446, #9055 ) ;
#3541 = ADVANCED_FACE ( 'NONE', ( #11167 ), #2191, .T. ) ;
#3542 = LINE ( 'NONE', #8529, #8603 ) ;
#3543 = CARTESIAN_POINT ( 'NONE',  ( -4.169999999998999840, 1.800000000000000044, -0.3499999999989999999 ) ) ;
#3544 = CARTESIAN_POINT ( 'NONE',  ( -0.9721071442390000206, -1.495798695602999828, 0.05000000000099998065 ) ) ;
#3545 = CARTESIAN_POINT ( 'NONE',  ( 2.274999999999999911, 1.400000000000000133, 0.1000000000010001083 ) ) ;
#3546 = AXIS2_PLACEMENT_3D ( 'NONE', #1878, #11693, #985 ) ;
#3547 = ADVANCED_FACE ( 'NONE', ( #5197 ), #9171, .F. ) ;
#3548 = LINE ( 'NONE', #5586, #11671 ) ;
#3549 = VECTOR ( 'NONE', #5105, 1000.000000000000000 ) ;
#3550 = AXIS2_PLACEMENT_3D ( 'NONE', #3954, #1065, #4974 ) ;
#3551 = ORIENTED_EDGE ( 'NONE', *, *, #8811, .F. ) ;
#3552 = VERTEX_POINT ( 'NONE', #5265 ) ;
#3553 = LINE ( 'NONE', #3613, #2056 ) ;
#3554 = CARTESIAN_POINT ( 'NONE',  ( 0.3048780487799999661, -0.6082251495429997767, 0.07000000000100004005 ) ) ;
#3555 = CARTESIAN_POINT ( 'NONE',  ( -1.310504424134000034, -1.352129669047999805, 0.05000000000099998065 ) ) ;
#3556 = ADVANCED_FACE ( 'NONE', ( #3343 ), #4109, .T. ) ;
#3557 = VECTOR ( 'NONE', #10882, 1000.000000000000000 ) ;
#3558 = LINE ( 'NONE', #725, #5239 ) ;
#3559 = FACE_OUTER_BOUND ( 'NONE', #10409, .T. ) ;
#3560 = VERTEX_POINT ( 'NONE', #2122 ) ;
#3561 = ORIENTED_EDGE ( 'NONE', *, *, #2923, .T. ) ;
#3562 = CARTESIAN_POINT ( 'NONE',  ( -1.052699993788000166, -0.7466249143239999109, 0.05000000000099998065 ) ) ;
#3563 = ORIENTED_EDGE ( 'NONE', *, *, #8233, .T. ) ;
#3564 = CARTESIAN_POINT ( 'NONE',  ( 0.5250000000000000222, 0.3783882181409999323, 0.8000000000009999113 ) ) ;
#3565 = LINE ( 'NONE', #8789, #6869 ) ;
#3566 = VECTOR ( 'NONE', #10271, 1000.000000000000000 ) ;
#3567 = CARTESIAN_POINT ( 'NONE',  ( 1.607660060975000027, -1.416151978810999967, 0.07000000000100004005 ) ) ;
#3568 = ADVANCED_FACE ( 'NONE', ( #9108 ), #12065, .T. ) ;
#3569 = EDGE_LOOP ( 'NONE', ( #1329, #10987, #1650, #7919 ) ) ;
#3570 = DIRECTION ( 'NONE',  ( 1.000000000000000000, 0.000000000000000000, 0.000000000000000000 ) ) ;
#3571 = EDGE_CURVE ( 'NONE', #2668, #9281, #3085, .T. ) ;
#3572 = FACE_OUTER_BOUND ( 'NONE', #4039, .T. ) ;
#3573 = ORIENTED_EDGE ( 'NONE', *, *, #9925, .F. ) ;
#3574 = LINE ( 'NONE', #9396, #5711 ) ;
#3575 = ORIENTED_EDGE ( 'NONE', *, *, #9899, .F. ) ;
#3576 = CARTESIAN_POINT ( 'NONE',  ( -0.2249999999989999999, 1.400000000000000133, 0.05000000000099998065 ) ) ;
#3577 = FACE_OUTER_BOUND ( 'NONE', #7826, .T. ) ;
#3578 = VERTEX_POINT ( 'NONE', #384 ) ;
#3579 = PLANE ( 'NONE',  #5653 ) ;
#3580 = DIRECTION ( 'NONE',  ( 1.000000000000000000, 0.000000000000000000, 0.000000000000000000 ) ) ;
#3581 = ORIENTED_EDGE ( 'NONE', *, *, #1491, .F. ) ;
#3582 = LINE ( 'NONE', #4599, #8315 ) ;
#3583 = EDGE_CURVE ( 'NONE', #5236, #11113, #6573, .T. ) ;
#3584 = ORIENTED_EDGE ( 'NONE', *, *, #12209, .F. ) ;
#3585 = CARTESIAN_POINT ( 'NONE',  ( -0.5250000000000000222, 1.678388218141000365, 0.8000000000009999113 ) ) ;
#3586 = DIRECTION ( 'NONE',  ( 0.000000000000000000, 3.491481338843000432E-15, -1.000000000000000000 ) ) ;
#3587 = CARTESIAN_POINT ( 'NONE',  ( 3.924999999998999733, 0.9000000000000002442, -0.8662277660160003778 ) ) ;
#3588 = CARTESIAN_POINT ( 'NONE',  ( 0.6007484225470000050, -1.498176057812999895, 0.05000000000099998065 ) ) ;
#3589 = CARTESIAN_POINT ( 'NONE',  ( -1.052699993788000166, -0.7466249143239999109, 0.05000000000099998065 ) ) ;
#3590 = CARTESIAN_POINT ( 'NONE',  ( 3.086602540378000192, -5.150000000000000355, 1.979999999998999893 ) ) ;
#3591 = EDGE_LOOP ( 'NONE', ( #679, #10959, #8660, #1877, #9113, #8508 ) ) ;
#3593 = VERTEX_POINT ( 'NONE', #3218 ) ;
#3592 = VECTOR ( 'NONE', #4530, 1000.000000000000000 ) ;
#3594 = PLANE ( 'NONE',  #3216 ) ;
#3595 = VECTOR ( 'NONE', #10595, 1000.000000000000000 ) ;
#3596 = CARTESIAN_POINT ( 'NONE',  ( 1.052568252074999711, -0.8658948820479998032, 0.07000000000100004005 ) ) ;
#3597 = VERTEX_POINT ( 'NONE', #2248 ) ;
#3598 = CYLINDRICAL_SURFACE ( 'NONE', #4910, 0.1999999999999996503 ) ;
#3599 = DIRECTION ( 'NONE',  ( 0.000000000000000000, 3.491481338843000432E-15, -1.000000000000000000 ) ) ;
#3600 = EDGE_CURVE ( 'NONE', #10969, #6523, #6224, .T. ) ;
#3601 = DIRECTION ( 'NONE',  ( 0.000000000000000000, -1.000000000000000000, -3.491481338843000432E-15 ) ) ;
#3602 = LINE ( 'NONE', #3662, #428 ) ;
#3603 = DIRECTION ( 'NONE',  ( -1.000000000000000000, 0.000000000000000000, 0.000000000000000000 ) ) ;
#3604 = AXIS2_PLACEMENT_3D ( 'NONE', #4743, #2951, #2696 ) ;
#3605 = AXIS2_PLACEMENT_3D ( 'NONE', #10353, #8483, #785 ) ;
#3606 = PLANE ( 'NONE',  #837 ) ;
#3607 = LINE ( 'NONE', #9372, #11391 ) ;
#3608 = VECTOR ( 'NONE', #8842, 1000.000000000000000 ) ;
#3609 = CARTESIAN_POINT ( 'NONE',  ( -1.364929485618000093, -1.035777557921000014, 0.07000000000100004005 ) ) ;
#3610 = ORIENTED_EDGE ( 'NONE', *, *, #9074, .F. ) ;
#3611 = ORIENTED_EDGE ( 'NONE', *, *, #6275, .F. ) ;
#3612 = ADVANCED_FACE ( 'NONE', ( #9949 ), #183, .F. ) ;
#3613 = CARTESIAN_POINT ( 'NONE',  ( -3.399999999998999822, 0.2000000000000000944, -0.4999999999989999666 ) ) ;
#3614 = DIRECTION ( 'NONE',  ( -1.000000000000000000, 0.000000000000000000, 0.000000000000000000 ) ) ;
#3615 = VECTOR ( 'NONE', #1608, 1000.000000000000000 ) ;
#3616 = VECTOR ( 'NONE', #8, 1000.000000000000000 ) ;
#3617 = EDGE_CURVE ( 'NONE', #10965, #10702, #9859, .T. ) ;
#3618 = ADVANCED_FACE ( 'NONE', ( #1719 ), #7553, .T. ) ;
#3619 = CIRCLE ( 'NONE', #1162, 0.1499999999989998778 ) ;
#3620 = CARTESIAN_POINT ( 'NONE',  ( -1.365418135081000184, -1.108816331384000042, 0.07000000000100004005 ) ) ;
#3621 = CARTESIAN_POINT ( 'NONE',  ( 4.169999999998999840, 1.199999999999000089, 1.859999999999999876 ) ) ;
#3622 = ORIENTED_EDGE ( 'NONE', *, *, #12111, .F. ) ;
#3623 = VECTOR ( 'NONE', #6274, 1000.000000000000000 ) ;
#3624 = ORIENTED_EDGE ( 'NONE', *, *, #3674, .T. ) ;
#3625 = CARTESIAN_POINT ( 'NONE',  ( -1.177507697769999861, -0.8689185644689999544, 0.05000000000099998065 ) ) ;
#3626 = ORIENTED_EDGE ( 'NONE', *, *, #2328, .T. ) ;
#3627 = FACE_OUTER_BOUND ( 'NONE', #458, .T. ) ;
#3628 = EDGE_CURVE ( 'NONE', #744, #826, #2433, .T. ) ;
#3629 = DIRECTION ( 'NONE',  ( -1.000000000000000000, 0.000000000000000000, 0.000000000000000000 ) ) ;
#3630 = CARTESIAN_POINT ( 'NONE',  ( 1.612438620540999956, -1.430562291575999900, 0.05000000000099998065 ) ) ;
#3631 = ORIENTED_EDGE ( 'NONE', *, *, #5332, .F. ) ;
#3632 = DIRECTION ( 'NONE',  ( -0.3222024856060888842, 0.9466707760722616882, 3.305283348684913776E-15 ) ) ;
#3633 = LINE ( 'NONE', #6392, #10890 ) ;
#3634 = ORIENTED_EDGE ( 'NONE', *, *, #6625, .F. ) ;
#3635 = ORIENTED_EDGE ( 'NONE', *, *, #7042, .F. ) ;
#3636 = LINE ( 'NONE', #6633, #4376 ) ;
#3637 = LINE ( 'NONE', #1402, #11937 ) ;
#3638 = VERTEX_POINT ( 'NONE', #11467 ) ;
#3639 = ADVANCED_FACE ( 'NONE', ( #4424 ), #575, .T. ) ;
#3640 = DIRECTION ( 'NONE',  ( 1.000000000000000000, 0.000000000000000000, 0.000000000000000000 ) ) ;
#3641 = CARTESIAN_POINT ( 'NONE',  ( 0.000000000000000000, -1.949999999999995293, 0.3499999999999998113 ) ) ;
#3642 = EDGE_LOOP ( 'NONE', ( #7471, #4907, #6970, #10666 ) ) ;
#3643 = CARTESIAN_POINT ( 'NONE',  ( -3.220000000000000195, -5.900000000000000355, 2.909999999998999609 ) ) ;
#3644 = ORIENTED_EDGE ( 'NONE', *, *, #9690, .F. ) ;
#3645 = DIRECTION ( 'NONE',  ( 5.421010862427522170E-16, 1.000000000000000000, 3.523657060577889805E-15 ) ) ;
#3646 = CARTESIAN_POINT ( 'NONE',  ( -1.274999999999000044, 0.3783882181409999323, 1.000068083900629290E-12 ) ) ;
#3647 = LINE ( 'NONE', #1779, #8311 ) ;
#3648 = AXIS2_PLACEMENT_3D ( 'NONE', #2410, #4081, #8059 ) ;
#3649 = CARTESIAN_POINT ( 'NONE',  ( 0.8108337971760000151, -1.445337325485999802, 0.05000000000099998065 ) ) ;
#3650 = LINE ( 'NONE', #10765, #7678 ) ;
#3651 = DIRECTION ( 'NONE',  ( -1.000000000000000000, 0.000000000000000000, 0.000000000000000000 ) ) ;
#3652 = EDGE_CURVE ( 'NONE', #11454, #5450, #3461, .T. ) ;
#3653 = ADVANCED_FACE ( 'NONE', ( #12299 ), #2561, .T. ) ;
#3654 = ORIENTED_EDGE ( 'NONE', *, *, #4489, .T. ) ;
#3655 = ORIENTED_EDGE ( 'NONE', *, *, #8549, .T. ) ;
#3656 = CARTESIAN_POINT ( 'NONE',  ( -2.474999999998999556, 0.6000000000000003109, 0.3500000000010001222 ) ) ;
#3657 = CARTESIAN_POINT ( 'NONE',  ( -3.219999999998999662, 1.999999999999000355, 1.959999999999999964 ) ) ;
#3658 = ORIENTED_EDGE ( 'NONE', *, *, #4784, .F. ) ;
#3659 = DIRECTION ( 'NONE',  ( 0.000000000000000000, -1.000000000000000000, -3.610065951458000973E-15 ) ) ;
#3660 = CARTESIAN_POINT ( 'NONE',  ( 0.8386729706450000155, -1.557446610551999955, 0.07000000000100004005 ) ) ;
#3661 = LINE ( 'NONE', #7626, #5372 ) ;
#3662 = CARTESIAN_POINT ( 'NONE',  ( -2.274999999999000266, -9.116756773326001095, 0.04999999999999991257 ) ) ;
#3663 = CARTESIAN_POINT ( 'NONE',  ( 1.052547431779000009, -1.364330529189999863, 0.05000000000099998065 ) ) ;
#3664 = CYLINDRICAL_SURFACE ( 'NONE', #11691, 0.2000000000000000944 ) ;
#3665 = DIRECTION ( 'NONE',  ( -1.000000000000000000, 0.000000000000000000, 0.000000000000000000 ) ) ;
#3666 = CARTESIAN_POINT ( 'NONE',  ( 3.879972574571326938, 1.223855948380962344, 2.643704292891597252 ) ) ;
#3667 = EDGE_CURVE ( 'NONE', #8361, #5561, #471, .T. ) ;
#3668 = ORIENTED_EDGE ( 'NONE', *, *, #2553, .T. ) ;
#3669 = VERTEX_POINT ( 'NONE', #8273 ) ;
#3670 = ORIENTED_EDGE ( 'NONE', *, *, #8482, .T. ) ;
#3671 = CARTESIAN_POINT ( 'NONE',  ( -1.474999999999000000, 0.9000000000000002442, 0.1000000000010001083 ) ) ;
#3672 = LINE ( 'NONE', #12261, #11376 ) ;
#3673 = VECTOR ( 'NONE', #2144, 1000.000000000000000 ) ;
#3674 = EDGE_CURVE ( 'NONE', #3744, #8854, #7593, .T. ) ;
#3675 = CARTESIAN_POINT ( 'NONE',  ( -1.364565772781000108, -1.146892682952999953, 0.05000000000099998065 ) ) ;
#3676 = CARTESIAN_POINT ( 'NONE',  ( 0.2750000000000000222, 2.200000000000000178, 0.1000000000010001083 ) ) ;
#3677 = ORIENTED_EDGE ( 'NONE', *, *, #2647, .T. ) ;
#3678 = ORIENTED_EDGE ( 'NONE', *, *, #11664, .F. ) ;
#3679 = EDGE_CURVE ( 'NONE', #8703, #5959, #4543, .T. ) ;
#3680 = EDGE_CURVE ( 'NONE', #6339, #12024, #10281, .T. ) ;
#3681 = VERTEX_POINT ( 'NONE', #3402 ) ;
#3682 = LINE ( 'NONE', #2717, #8101 ) ;
#3683 = VECTOR ( 'NONE', #7115, 1000.000000000000000 ) ;
#3684 = VECTOR ( 'NONE', #11753, 1000.000000000000000 ) ;
#3685 = CARTESIAN_POINT ( 'NONE',  ( -2.524999999998999822, 2.200000000000000178, 1.000068083900629290E-12 ) ) ;
#3686 = CIRCLE ( 'NONE', #6747, 0.1999999999999996503 ) ;
#3687 = CARTESIAN_POINT ( 'NONE',  ( 1.620297249338000123, -1.465701080255999988, 0.07000000000100004005 ) ) ;
#3688 = VERTEX_POINT ( 'NONE', #11229 ) ;
#3689 = DIRECTION ( 'NONE',  ( 0.000000000000000000, -3.491481338843000432E-15, 1.000000000000000000 ) ) ;
#3690 = EDGE_CURVE ( 'NONE', #5020, #843, #6344, .T. ) ;
#3691 = CARTESIAN_POINT ( 'NONE',  ( 2.024999999999999911, 0.6000000000000003109, 0.1000000000010001083 ) ) ;
#3692 = CIRCLE ( 'NONE', #5133, 1.249999999998999911 ) ;
#3693 = ORIENTED_EDGE ( 'NONE', *, *, #1246, .T. ) ;
#3694 = ORIENTED_EDGE ( 'NONE', *, *, #8558, .T. ) ;
#3695 = CARTESIAN_POINT ( 'NONE',  ( -4.169999999998999840, 0.6000000000000003109, 0.1000000000010001083 ) ) ;
#3696 = VECTOR ( 'NONE', #6607, 1000.000000000000000 ) ;
#3697 = DIRECTION ( 'NONE',  ( 0.000000000000000000, -1.000000000000000000, -3.491481338843000432E-15 ) ) ;
#3698 = VERTEX_POINT ( 'NONE', #10267 ) ;
#3699 = CARTESIAN_POINT ( 'NONE',  ( -4.169999999998999840, 2.000000000000000444, 1.709999999999999964 ) ) ;
#3700 = CARTESIAN_POINT ( 'NONE',  ( -3.219999999998999662, -1.300000000000999911, 1.959999999999999964 ) ) ;
#3701 = ORIENTED_EDGE ( 'NONE', *, *, #11832, .T. ) ;
#3702 = VECTOR ( 'NONE', #9704, 1000.000000000000000 ) ;
#3703 = CIRCLE ( 'NONE', #9237, 0.7999999999990000665 ) ;
#3704 = ORIENTED_EDGE ( 'NONE', *, *, #12447, .F. ) ;
#3705 = DIRECTION ( 'NONE',  ( 0.000000000000000000, 1.000000000000000000, 3.491481338843000432E-15 ) ) ;
#3706 = EDGE_CURVE ( 'NONE', #8641, #1972, #1480, .T. ) ;
#3707 = DIRECTION ( 'NONE',  ( 0.000000000000000000, -1.000000000000000000, -3.491481338843000432E-15 ) ) ;
#3708 = CARTESIAN_POINT ( 'NONE',  ( 1.837842987804000128, -0.8887129544209999565, 0.07000000000100004005 ) ) ;
#3709 = CARTESIAN_POINT ( 'NONE',  ( -1.365853658535999937, -1.089360820273999941, 0.07000000000100004005 ) ) ;
#3710 = DIRECTION ( 'NONE',  ( 1.000000000000000000, 0.000000000000000000, 0.000000000000000000 ) ) ;
#3711 = VECTOR ( 'NONE', #9688, 1000.000000000000000 ) ;
#3712 = LINE ( 'NONE', #2742, #5806 ) ;
#3713 = VECTOR ( 'NONE', #5108, 1000.000000000000000 ) ;
#3714 = ORIENTED_EDGE ( 'NONE', *, *, #3379, .F. ) ;
#3715 = ORIENTED_EDGE ( 'NONE', *, *, #11682, .F. ) ;
#3716 = CARTESIAN_POINT ( 'NONE',  ( 0.7249999999999999778, 0.9000000000000002442, 0.1000000000010001083 ) ) ;
#3717 = CARTESIAN_POINT ( 'NONE',  ( 0.6883040495269999726, -0.6162286014549999136, 0.05000000000099998065 ) ) ;
#3718 = ORIENTED_EDGE ( 'NONE', *, *, #7084, .T. ) ;
#3719 = DIRECTION ( 'NONE',  ( -1.000000000000000000, 0.000000000000000000, 0.000000000000000000 ) ) ;
#3720 = CARTESIAN_POINT ( 'NONE',  ( 0.5959318755150000424, -0.6085714549189998879, 0.07000000000100004005 ) ) ;
#3721 = DIRECTION ( 'NONE',  ( -5.421010862426999550E-16, 1.000000000000000000, 3.491481338843000432E-15 ) ) ;
#3722 = EDGE_CURVE ( 'NONE', #7727, #906, #5388, .T. ) ;
#3723 = ADVANCED_FACE ( 'NONE', ( #6414 ), #5817, .T. ) ;
#3724 = CARTESIAN_POINT ( 'NONE',  ( -1.365418135081000184, -1.108816331384000042, 0.05000000000099998065 ) ) ;
#3725 = CARTESIAN_POINT ( 'NONE',  ( 1.109356929667000058, -1.138928335626000043, 0.05000000000099998065 ) ) ;
#3726 = VECTOR ( 'NONE', #11209, 1000.000000000000000 ) ;
#3727 = CARTESIAN_POINT ( 'NONE',  ( -4.469999999998999662, -2.049999999999000178, 1.300000000000000044 ) ) ;
#3728 = CARTESIAN_POINT ( 'NONE',  ( -1.225936129109999939, -1.187015687735999858, 0.05000000000099998065 ) ) ;
#3729 = CARTESIAN_POINT ( 'NONE',  ( -1.365541110044000028, -1.071239354577999903, 0.07000000000100004005 ) ) ;
#3730 = VERTEX_POINT ( 'NONE', #8699 ) ;
#3731 = ORIENTED_EDGE ( 'NONE', *, *, #2516, .F. ) ;
#3732 = VERTEX_POINT ( 'NONE', #6770 ) ;
#3733 = DIRECTION ( 'NONE',  ( 0.000000000000000000, 1.000000000000000000, 3.491481338843000432E-15 ) ) ;
#3734 = B_SPLINE_CURVE_WITH_KNOTS ( 'NONE', 3,
 ( #2363, #5663, #4474, #8381, #16, #8675, #9778, #3943, #6815, #9712, #2012 ),
 .UNSPECIFIED., .F., .F.,
 ( 4, 1, 1, 1, 1, 1, 1, 1, 4 ),
 ( 0.000000000000000000, 0.1252796967350000013, 0.2494199707419999801, 0.3733567994920000133, 0.4966812787820000241, 0.6202029157430000161, 0.7450863201609999598, 0.8712691950190000201, 1.000000000000000000 ),
 .UNSPECIFIED. ) ;
#3735 = VECTOR ( 'NONE', #7135, 1000.000000000000000 ) ;
#3736 = DIRECTION ( 'NONE',  ( 1.000000000000000000, 0.000000000000000000, 0.000000000000000000 ) ) ;
#3737 = CARTESIAN_POINT ( 'NONE',  ( -1.224999999999000000, 1.800000000000000044, 0.05000000000099998065 ) ) ;
#3738 = EDGE_CURVE ( 'NONE', #6577, #8497, #3987, .T. ) ;
#3739 = VECTOR ( 'NONE', #9606, 1000.000000000000000 ) ;
#3740 = DIRECTION ( 'NONE',  ( 0.000000000000000000, 1.000000000000000000, 3.610065951458000973E-15 ) ) ;
#3741 = VECTOR ( 'NONE', #448, 1000.000000000000000 ) ;
#3742 = ORIENTED_EDGE ( 'NONE', *, *, #11205, .T. ) ;
#3743 = AXIS2_PLACEMENT_3D ( 'NONE', #8286, #12379, #4560 ) ;
#3744 = VERTEX_POINT ( 'NONE', #11533 ) ;
#3745 = EDGE_LOOP ( 'NONE', ( #8700, #10335, #2730, #8906, #11531, #11588 ) ) ;
#3746 = DIRECTION ( 'NONE',  ( 0.000000000000000000, -1.000000000000000000, -3.491481338843000432E-15 ) ) ;
#3747 = CARTESIAN_POINT ( 'NONE',  ( 3.219999999998999662, 2.000000000000000444, 1.300000000000999911 ) ) ;
#3748 = CARTESIAN_POINT ( 'NONE',  ( -0.8571598582249999598, -0.5964985011389998260, 0.07000000000100004005 ) ) ;
#3749 = AXIS2_PLACEMENT_3D ( 'NONE', #1525, #1399, #4349 ) ;
#3750 = EDGE_CURVE ( 'NONE', #8136, #2932, #8764, .T. ) ;
#3751 = ORIENTED_EDGE ( 'NONE', *, *, #12368, .T. ) ;
#3752 = EDGE_CURVE ( 'NONE', #10688, #5629, #10564, .T. ) ;
#3753 = CARTESIAN_POINT ( 'NONE',  ( 0.000000000000000000, 1.400000000000000133, 0.05000000000099998065 ) ) ;
#3754 = CARTESIAN_POINT ( 'NONE',  ( 0.8108337971760000151, -1.445337325485999802, 0.05000000000099998065 ) ) ;
#3755 = ORIENTED_EDGE ( 'NONE', *, *, #3680, .T. ) ;
#3756 = EDGE_LOOP ( 'NONE', ( #11451, #10616, #6379, #11264 ) ) ;
#3757 = LINE ( 'NONE', #11639, #2529 ) ;
#3758 = FACE_OUTER_BOUND ( 'NONE', #9550, .T. ) ;
#3759 = CIRCLE ( 'NONE', #5406, 0.2000000000000000944 ) ;
#3760 = ORIENTED_EDGE ( 'NONE', *, *, #3916, .T. ) ;
#3761 = EDGE_CURVE ( 'NONE', #3831, #11419, #10828, .T. ) ;
#3762 = CARTESIAN_POINT ( 'NONE',  ( -4.168315692186786769, -0.2393301085563208364, 1.243495057410585414 ) ) ;
#3763 = DIRECTION ( 'NONE',  ( -5.421010862426999550E-16, -1.000000000000000000, -3.491481338843000432E-15 ) ) ;
#3764 = VERTEX_POINT ( 'NONE', #947 ) ;
#3765 = EDGE_CURVE ( 'NONE', #11399, #2862, #7571, .T. ) ;
#3766 = ORIENTED_EDGE ( 'NONE', *, *, #7413, .F. ) ;
#3767 = EDGE_CURVE ( 'NONE', #49, #10891, #4666, .T. ) ;
#3768 = CARTESIAN_POINT ( 'NONE',  ( -0.9107716525089999404, -1.619175670101999920, 0.07000000000100004005 ) ) ;
#3769 = CARTESIAN_POINT ( 'NONE',  ( 0.5960508004780000757, -0.7183069560209999205, 0.05000000000099998065 ) ) ;
#3770 = CARTESIAN_POINT ( 'NONE',  ( -4.469999999998999662, 0.7000000000000000666, -0.3499999999989999999 ) ) ;
#3771 = ORIENTED_EDGE ( 'NONE', *, *, #6933, .T. ) ;
#3772 = LINE ( 'NONE', #12480, #6548 ) ;
#3773 = ORIENTED_EDGE ( 'NONE', *, *, #11109, .F. ) ;
#3774 = CARTESIAN_POINT ( 'NONE',  ( -0.9166866776630000491, -0.7067672087949997684, 0.05000000000099998065 ) ) ;
#3775 = FACE_OUTER_BOUND ( 'NONE', #2130, .T. ) ;
#3776 = ORIENTED_EDGE ( 'NONE', *, *, #5127, .T. ) ;
#3777 = EDGE_LOOP ( 'NONE', ( #7854, #11011 ) ) ;
#3778 = EDGE_CURVE ( 'NONE', #5888, #9800, #4916, .T. ) ;
#3779 = CARTESIAN_POINT ( 'NONE',  ( -2.524999999998999822, 1.678388218141000365, 1.000068083900629290E-12 ) ) ;
#3780 = CARTESIAN_POINT ( 'NONE',  ( 1.052568252074999711, -0.8658948820479998032, 0.05000000000099998065 ) ) ;
#3781 = ORIENTED_EDGE ( 'NONE', *, *, #1407, .F. ) ;
#3782 = CARTESIAN_POINT ( 'NONE',  ( -2.774999999999000266, 0.6000000000000003109, 0.1000000000010001083 ) ) ;
#3783 = DIRECTION ( 'NONE',  ( 0.000000000000000000, -0.7071067811865474617, 0.7071067811865474617 ) ) ;
#3784 = VERTEX_POINT ( 'NONE', #3002 ) ;
#3785 = LINE ( 'NONE', #9880, #4160 ) ;
#3786 = DIRECTION ( 'NONE',  ( 0.000000000000000000, 1.000000000000000000, 3.491481338843000432E-15 ) ) ;
#3787 = CARTESIAN_POINT ( 'NONE',  ( 0.9228928625050000223, -1.507374630228000001, 0.05000000000099998065 ) ) ;
#3788 = VECTOR ( 'NONE', #6273, 1000.000000000000000 ) ;
#3789 = CARTESIAN_POINT ( 'NONE',  ( 2.024999999999999911, 0.9000000000000002442, 1.000068083900629290E-12 ) ) ;
#3790 = CARTESIAN_POINT ( 'NONE',  ( -1.224999999999000000, 2.200000000000000178, 1.000068083900629290E-12 ) ) ;
#3791 = CARTESIAN_POINT ( 'NONE',  ( -4.468553096628854249, -0.2429745578364642944, 1.239861607196204529 ) ) ;
#3792 = AXIS2_PLACEMENT_3D ( 'NONE', #9827, #8859, #6932 ) ;
#3793 = ORIENTED_EDGE ( 'NONE', *, *, #10823, .T. ) ;
#3794 = EDGE_LOOP ( 'NONE', ( #6449, #9851, #4261, #4710 ) ) ;
#3795 = ORIENTED_EDGE ( 'NONE', *, *, #9573, .F. ) ;
#3796 = EDGE_CURVE ( 'NONE', #2009, #11560, #4727, .T. ) ;
#3797 = CARTESIAN_POINT ( 'NONE',  ( -4.469999999998999662, 2.000000000000000444, 1.300000000000999911 ) ) ;
#3798 = CARTESIAN_POINT ( 'NONE',  ( -4.469999999998999662, 1.349999999999000000, 2.559999999999999609 ) ) ;
#3799 = CARTESIAN_POINT ( 'NONE',  ( -0.9627109506329999400, -1.612127741711000040, 0.07000000000100004005 ) ) ;
#3800 = CIRCLE ( 'NONE', #11777, 0.2000000000000000944 ) ;
#3801 = CARTESIAN_POINT ( 'NONE',  ( 0.5250000000000000222, 0.1000000000000002554, 0.1000000000010001083 ) ) ;
#3802 = CARTESIAN_POINT ( 'NONE',  ( 0.000000000000000000, 1.400000000000000133, 0.05000000000099998065 ) ) ;
#3803 = ORIENTED_EDGE ( 'NONE', *, *, #6960, .F. ) ;
#3804 = CARTESIAN_POINT ( 'NONE',  ( -3.219999999998999662, 2.000000000000000444, 0.3500000000010001222 ) ) ;
#3805 = ORIENTED_EDGE ( 'NONE', *, *, #4148, .T. ) ;
#3806 = AXIS2_PLACEMENT_3D ( 'NONE', #1495, #2515, #587 ) ;
#3807 = EDGE_LOOP ( 'NONE', ( #11114, #1875, #11128, #8076 ) ) ;
#3808 = VECTOR ( 'NONE', #11648, 1000.000000000000000 ) ;
#3809 = CARTESIAN_POINT ( 'NONE',  ( 0.5865091463410000427, -1.498469051981999867, 0.07000000000100004005 ) ) ;
#3810 = EDGE_CURVE ( 'NONE', #5629, #7559, #5748, .T. ) ;
#3811 = EDGE_CURVE ( 'NONE', #4961, #7727, #1973, .T. ) ;
#3812 = EDGE_CURVE ( 'NONE', #4791, #4185, #3772, .T. ) ;
#3813 = VECTOR ( 'NONE', #1595, 1000.000000000000000 ) ;
#3814 = CARTESIAN_POINT ( 'NONE',  ( -4.469999999998999662, 2.000000000000000444, 1.300000000000999911 ) ) ;
#3815 = DIRECTION ( 'NONE',  ( -1.000000000000000000, 0.000000000000000000, 0.000000000000000000 ) ) ;
#3816 = VERTEX_POINT ( 'NONE', #6906 ) ;
#3817 = LINE ( 'NONE', #9648, #10292 ) ;
#3818 = VECTOR ( 'NONE', #12670, 1000.000000000000000 ) ;
#3819 = VECTOR ( 'NONE', #2899, 1000.000000000000000 ) ;
#3820 = CARTESIAN_POINT ( 'NONE',  ( 1.275000000000000133, 1.678388218141000365, 0.8000000000009999113 ) ) ;
#3821 = ORIENTED_EDGE ( 'NONE', *, *, #11525, .T. ) ;
#3822 = VERTEX_POINT ( 'NONE', #7672 ) ;
#3823 = CARTESIAN_POINT ( 'NONE',  ( 0.9745940671919999243, -1.072671762462000133, 0.07000000000100004005 ) ) ;
#3824 = CARTESIAN_POINT ( 'NONE',  ( 1.474999999999999867, 2.200000000000000178, 1.000068083900629290E-12 ) ) ;
#3825 = ORIENTED_EDGE ( 'NONE', *, *, #10993, .T. ) ;
#3826 = ADVANCED_FACE ( 'NONE', ( #2798 ), #4790, .F. ) ;
#3827 = AXIS2_PLACEMENT_3D ( 'NONE', #1405, #1530, #5309 ) ;
#3828 = DIRECTION ( 'NONE',  ( 0.000000000000000000, 3.491481338843000432E-15, -1.000000000000000000 ) ) ;
#3829 = LINE ( 'NONE', #1962, #4707 ) ;
#3830 = ORIENTED_EDGE ( 'NONE', *, *, #2211, .T. ) ;
#3831 = VERTEX_POINT ( 'NONE', #11848 ) ;
#3832 = CARTESIAN_POINT ( 'NONE',  ( 0.7464006661400000020, -0.7434412424849999868, 0.07000000000100004005 ) ) ;
#3833 = CARTESIAN_POINT ( 'NONE',  ( -3.219999999998999662, 1.999999999999000355, 1.959999999999999964 ) ) ;
#3834 = ORIENTED_EDGE ( 'NONE', *, *, #5967, .T. ) ;
#3835 = CARTESIAN_POINT ( 'NONE',  ( 5.500000000000000000, -1.949999999999994404, 0.1000000000000000472 ) ) ;
#3836 = ORIENTED_EDGE ( 'NONE', *, *, #5316, .F. ) ;
#3837 = CARTESIAN_POINT ( 'NONE',  ( -3.219999999998999662, 1.800000000000000044, 0.1000000000010001083 ) ) ;
#3838 = PLANE ( 'NONE',  #9294 ) ;
#3839 = EDGE_CURVE ( 'NONE', #4334, #11843, #10238, .T. ) ;
#3840 = EDGE_CURVE ( 'NONE', #8023, #12642, #187, .T. ) ;
#3841 = ORIENTED_EDGE ( 'NONE', *, *, #6200, .F. ) ;
#3842 = ORIENTED_EDGE ( 'NONE', *, *, #5410, .T. ) ;
#3843 = CARTESIAN_POINT ( 'NONE',  ( 3.219999999998999662, 2.000000000000000444, -0.3499999999989999999 ) ) ;
#3844 = DIRECTION ( 'NONE',  ( 1.000000000000000000, 0.000000000000000000, 0.000000000000000000 ) ) ;
#3845 = VERTEX_POINT ( 'NONE', #367 ) ;
#3846 = DIRECTION ( 'NONE',  ( -1.000000000000000000, 0.000000000000000000, 0.000000000000000000 ) ) ;
#3847 = CARTESIAN_POINT ( 'NONE',  ( 2.474999999998999556, -9.116756773326001095, 0.04999999999999991257 ) ) ;
#3848 = ORIENTED_EDGE ( 'NONE', *, *, #4208, .T. ) ;
#3849 = VECTOR ( 'NONE', #2909, 1000.000000000000000 ) ;
#3850 = CARTESIAN_POINT ( 'NONE',  ( -3.220000000000000195, 1.999999999999000355, 2.910000000000000142 ) ) ;
#3851 = DIRECTION ( 'NONE',  ( -1.000000000000000000, 0.000000000000000000, 0.000000000000000000 ) ) ;
#3852 = CARTESIAN_POINT ( 'NONE',  ( 0.5865091463410000427, -1.498469051981999867, 0.05000000000099998065 ) ) ;
#3853 = CARTESIAN_POINT ( 'NONE',  ( 0.6942988665560000383, -1.600913803635999999, 0.07000000000100004005 ) ) ;
#3854 = CYLINDRICAL_SURFACE ( 'NONE', #2190, 0.7999999999990000665 ) ;
#3855 = ADVANCED_FACE ( 'NONE', ( #5111 ), #8066, .F. ) ;
#3856 = CARTESIAN_POINT ( 'NONE',  ( -4.453896267925000707, -0.2999999999999999334, 1.100000000000999956 ) ) ;
#3857 = CARTESIAN_POINT ( 'NONE',  ( 4.219999999998999662, 1.849999999999000000, 2.709999999999999520 ) ) ;
#3858 = ORIENTED_EDGE ( 'NONE', *, *, #6918, .F. ) ;
#3859 = ORIENTED_EDGE ( 'NONE', *, *, #7054, .F. ) ;
#3860 = ORIENTED_EDGE ( 'NONE', *, *, #5231, .T. ) ;
#3861 = CARTESIAN_POINT ( 'NONE',  ( -0.6313346102870001086, -0.6548751681659998880, 0.05000000000099998065 ) ) ;
#3862 = PLANE ( 'NONE',  #12291 ) ;
#3863 = CARTESIAN_POINT ( 'NONE',  ( -0.5249999999990000443, 2.200000000000000178, 1.000068083900629290E-12 ) ) ;
#3864 = DIRECTION ( 'NONE',  ( 1.000000000000000000, 0.000000000000000000, 0.000000000000000000 ) ) ;
#3865 = ADVANCED_FACE ( 'NONE', ( #2298 ), #102, .F. ) ;
#3866 = B_SPLINE_CURVE_WITH_KNOTS ( 'NONE', 3,
 ( #2154, #9919, #4973, #11903, #11013, #10813, #5870, #219, #4077, #1957, #3122, #3250, #1128, #3183, #3049, #4143, #4015, #996, #10950 ),
 .UNSPECIFIED., .F., .F.,
 ( 4, 1, 1, 1, 1, 1, 1, 1, 1, 1, 1, 1, 1, 1, 1, 1, 4 ),
 ( 0.000000000000000000, 0.07082657255500000859, 0.1381690332790000142, 0.2024753315329999859, 0.2639737544130000280, 0.3233803205979999817, 0.3817976227129999955, 0.4393900745190000290, 0.4969027245450000074, 0.5546621696089999443, 0.6127418784920000139, 0.6715388363909999825, 0.7316557220899999603, 0.7942978116129999488, 0.8594822049789999641, 0.9276813254519999941, 1.000000000000000000 ),
 .UNSPECIFIED. ) ;
#3867 = CARTESIAN_POINT ( 'NONE',  ( -4.219999999998999662, 1.349999999999000000, 2.709999999999999520 ) ) ;
#3868 = LINE ( 'NONE', #10862, #11001 ) ;
#3869 = EDGE_CURVE ( 'NONE', #5572, #11471, #5244, .T. ) ;
#3870 = EDGE_LOOP ( 'NONE', ( #4152, #5353, #4228, #5116 ) ) ;
#3871 = CARTESIAN_POINT ( 'NONE',  ( -2.024999999998999822, 2.200000000000000178, 0.1000000000010001083 ) ) ;
#3872 = ORIENTED_EDGE ( 'NONE', *, *, #9691, .T. ) ;
#3873 = ORIENTED_EDGE ( 'NONE', *, *, #11685, .T. ) ;
#3874 = CARTESIAN_POINT ( 'NONE',  ( 1.695121951219000112, -1.608225149542999999, 0.05000000000099998065 ) ) ;
#3875 = LINE ( 'NONE', #3814, #11834 ) ;
#3876 = DIRECTION ( 'NONE',  ( 0.000000000000000000, 1.000000000000000000, 0.000000000000000000 ) ) ;
#3877 = CARTESIAN_POINT ( 'NONE',  ( -3.219999999998999662, 1.800000000000000044, -0.3499999999989999999 ) ) ;
#3878 = ORIENTED_EDGE ( 'NONE', *, *, #2184, .T. ) ;
#3879 = DIRECTION ( 'NONE',  ( 0.000000000000000000, -1.000000000000000000, -3.252606517456518824E-15 ) ) ;
#3880 = ADVANCED_FACE ( 'NONE', ( #6016 ), #11984, .T. ) ;
#3881 = EDGE_CURVE ( 'NONE', #3669, #2550, #2230, .T. ) ;
#3882 = CARTESIAN_POINT ( 'NONE',  ( 0.6007484225470000050, -1.498176057812999895, 0.07000000000100004005 ) ) ;
#3883 = VERTEX_POINT ( 'NONE', #12048 ) ;
#3884 = ORIENTED_EDGE ( 'NONE', *, *, #1179, .F. ) ;
#3885 = CARTESIAN_POINT ( 'NONE',  ( -1.724999999999000000, 1.678388218141000365, 1.000068083900629290E-12 ) ) ;
#3886 = CIRCLE ( 'NONE', #6956, 0.1999999999999999833 ) ;
#3887 = LINE ( 'NONE', #10612, #5994 ) ;
#3888 = VERTEX_POINT ( 'NONE', #1077 ) ;
#3889 = B_SPLINE_CURVE_WITH_KNOTS ( 'NONE', 3,
 ( #3403, #452, #1604, #4367, #4485, #12184, #3462, #9414, #12300, #2562, #8457, #12365, #3589, #10696, #1907, #949, #3774, #2865, #7613 ),
 .UNSPECIFIED., .F., .F.,
 ( 4, 1, 1, 1, 1, 1, 1, 1, 1, 1, 1, 1, 1, 1, 1, 1, 4 ),
 ( 0.000000000000000000, 0.07377411937399999675, 0.1440791147260000182, 0.2113485183079999996, 0.2760768857389999664, 0.3385209158189999568, 0.3998851166929999756, 0.4602540674649999719, 0.5205889643909999975, 0.5802076845629999813, 0.6386329085520000559, 0.6963645494900000399, 0.7540017746600000681, 0.8128056813739999997, 0.8727544255250000438, 0.9351819969779999742, 1.000000000000000000 ),
 .UNSPECIFIED. ) ;
#3890 = CARTESIAN_POINT ( 'NONE',  ( 1.025000000000000133, 0.1000000000000002554, 0.1000000000010001083 ) ) ;
#3891 = CARTESIAN_POINT ( 'NONE',  ( 4.469999999998999662, 1.349999999999000000, 2.559999999999999609 ) ) ;
#3892 = EDGE_LOOP ( 'NONE', ( #2440, #1070, #5034, #6050 ) ) ;
#3893 = ORIENTED_EDGE ( 'NONE', *, *, #3839, .F. ) ;
#3894 = VECTOR ( 'NONE', #9820, 1000.000000000000000 ) ;
#3895 =( LENGTH_UNIT ( ) NAMED_UNIT ( * ) SI_UNIT ( .MILLI., .METRE. ) );
#3896 = VECTOR ( 'NONE', #11935, 1000.000000000000000 ) ;
#3897 = EDGE_CURVE ( 'NONE', #8757, #3259, #6205, .T. ) ;
#3898 = DIRECTION ( 'NONE',  ( 0.000000000000000000, -1.000000000000000000, -3.491481338843000432E-15 ) ) ;
#3899 = CARTESIAN_POINT ( 'NONE',  ( -2.274999999999000266, 0.6000000000000003109, 0.05000000000099998065 ) ) ;
#3900 = VERTEX_POINT ( 'NONE', #1333 ) ;
#3901 = CARTESIAN_POINT ( 'NONE',  ( 0.000000000000000000, 0.1000000000000002554, 0.05000000000099998065 ) ) ;
#3902 = VERTEX_POINT ( 'NONE', #7933 ) ;
#3903 = DIRECTION ( 'NONE',  ( 1.000000000000000000, 0.000000000000000000, 0.000000000000000000 ) ) ;
#3904 = LINE ( 'NONE', #2803, #7245 ) ;
#3905 = VECTOR ( 'NONE', #10772, 1000.000000000000000 ) ;
#3906 = EDGE_CURVE ( 'NONE', #3038, #12642, #6079, .T. ) ;
#3907 = VERTEX_POINT ( 'NONE', #6971 ) ;
#3908 = ORIENTED_EDGE ( 'NONE', *, *, #151, .F. ) ;
#3909 = DIRECTION ( 'NONE',  ( -1.000000000000000000, 0.000000000000000000, 0.000000000000000000 ) ) ;
#3910 = LINE ( 'NONE', #11791, #1651 ) ;
#3911 = ORIENTED_EDGE ( 'NONE', *, *, #10618, .T. ) ;
#3912 = DIRECTION ( 'NONE',  ( 1.000000000000000000, 0.000000000000000000, 0.000000000000000000 ) ) ;
#3913 = DIRECTION ( 'NONE',  ( 1.964084590618999943E-15, -8.462721033782000059E-14, -1.000000000000000000 ) ) ;
#3914 = VERTEX_POINT ( 'NONE', #1271 ) ;
#3915 = DIRECTION ( 'NONE',  ( -1.000000000000000000, 0.000000000000000000, 0.000000000000000000 ) ) ;
#3916 = EDGE_CURVE ( 'NONE', #970, #10898, #607, .T. ) ;
#3917 = LINE ( 'NONE', #7818, #2675 ) ;
#3918 = CARTESIAN_POINT ( 'NONE',  ( 1.101307458670999884, -1.226061370969000031, 0.05000000000099998065 ) ) ;
#3919 = EDGE_CURVE ( 'NONE', #10022, #5553, #9089, .T. ) ;
#3920 = VECTOR ( 'NONE', #1808, 1000.000000000000000 ) ;
#3921 = CARTESIAN_POINT ( 'NONE',  ( 0.9960792505309999934, -1.442154107456000034, 0.07000000000100004005 ) ) ;
#3922 = AXIS2_PLACEMENT_3D ( 'NONE', #8494, #9520, #4650 ) ;
#3923 = CARTESIAN_POINT ( 'NONE',  ( -0.9721071442390000206, -1.495798695602999828, 0.05000000000099998065 ) ) ;
#3924 = CARTESIAN_POINT ( 'NONE',  ( 3.803256491538998141, 1.327123558420624239, 2.709874594060972974 ) ) ;
#3925 = FACE_OUTER_BOUND ( 'NONE', #2888, .T. ) ;
#3926 = ORIENTED_EDGE ( 'NONE', *, *, #11926, .T. ) ;
#3927 = ORIENTED_EDGE ( 'NONE', *, *, #7795, .T. ) ;
#3928 = ORIENTED_EDGE ( 'NONE', *, *, #3571, .T. ) ;
#3929 = CARTESIAN_POINT ( 'NONE',  ( -0.8971036585359999371, -0.5960300275919998558, 0.05000000000099998065 ) ) ;
#3930 = CARTESIAN_POINT ( 'NONE',  ( 2.225000000000000089, 0.9000000000000002442, 0.1000000000010001083 ) ) ;
#3931 = DIRECTION ( 'NONE',  ( 0.000000000000000000, -3.491481338843000432E-15, 1.000000000000000000 ) ) ;
#3932 = ADVANCED_FACE ( 'NONE', ( #1203 ), #8110, .T. ) ;
#3933 = VECTOR ( 'NONE', #493, 1000.000000000000000 ) ;
#3934 = DIRECTION ( 'NONE',  ( 0.000000000000000000, 1.000000000000000000, 3.491481338843000432E-15 ) ) ;
#3935 = DIRECTION ( 'NONE',  ( 0.000000000000000000, -3.491481338843000432E-15, 1.000000000000000000 ) ) ;
#3936 = CARTESIAN_POINT ( 'NONE',  ( -0.7249999999989999999, 1.400000000000000133, 0.1000000000010001083 ) ) ;
#3937 = VERTEX_POINT ( 'NONE', #10313 ) ;
#3938 = CARTESIAN_POINT ( 'NONE',  ( -1.525000000000000133, 2.200000000000000178, 1.000068083900629290E-12 ) ) ;
#3939 = ORIENTED_EDGE ( 'NONE', *, *, #2287, .T. ) ;
#3940 = VECTOR ( 'NONE', #3721, 1000.000000000000000 ) ;
#3941 = ORIENTED_EDGE ( 'NONE', *, *, #6983, .T. ) ;
#3942 = CARTESIAN_POINT ( 'NONE',  ( 0.02500000000000000139, 0.9000000000000002442, 0.1000000000010001083 ) ) ;
#3943 = CARTESIAN_POINT ( 'NONE',  ( -0.7937037356660000542, -1.506948076293999961, 0.07000000000100004005 ) ) ;
#3944 = EDGE_CURVE ( 'NONE', #114, #11822, #683, .T. ) ;
#3945 = DIRECTION ( 'NONE',  ( 0.000000000000000000, 3.491481338843000432E-15, -1.000000000000000000 ) ) ;
#3946 = CARTESIAN_POINT ( 'NONE',  ( -4.169999999998999840, 0.6000000000000003109, 0.05000000000099998065 ) ) ;
#3947 = ORIENTED_EDGE ( 'NONE', *, *, #8741, .T. ) ;
#3948 = CARTESIAN_POINT ( 'NONE',  ( 1.224999999999999867, 0.1000000000000002554, 0.1000000000010001083 ) ) ;
#3949 = AXIS2_PLACEMENT_3D ( 'NONE', #11202, #2407, #398 ) ;
#3950 = CARTESIAN_POINT ( 'NONE',  ( 0.9696887895300000393, -1.206217909059999815, 0.05000000000099998065 ) ) ;
#3951 = VERTEX_POINT ( 'NONE', #8317 ) ;
#3952 = ORIENTED_EDGE ( 'NONE', *, *, #10978, .F. ) ;
#3953 = CARTESIAN_POINT ( 'NONE',  ( -3.704665552915183291, 1.975024148847796646, 2.777078176481373895 ) ) ;
#3954 = CARTESIAN_POINT ( 'NONE',  ( -5.500000000000000000, -1.949999999999994182, 0.000000000000000000 ) ) ;
#3955 = ORIENTED_EDGE ( 'NONE', *, *, #4207, .F. ) ;
#3956 = CIRCLE ( 'NONE', #9284, 0.9499999999990003108 ) ;
#3957 = EDGE_CURVE ( 'NONE', #12024, #5008, #5552, .T. ) ;
#3958 = DIRECTION ( 'NONE',  ( 0.000000000000000000, -1.000000000000000000, -3.491481338843000432E-15 ) ) ;
#3959 = VERTEX_POINT ( 'NONE', #558 ) ;
#3960 = ORIENTED_EDGE ( 'NONE', *, *, #4352, .T. ) ;
#3961 = B_SPLINE_CURVE_WITH_KNOTS ( 'NONE', 3,
 ( #1168, #67, #2961, #4882, #3163, #4948 ),
 .UNSPECIFIED., .F., .F.,
 ( 4, 2, 4 ),
 ( 0.000000000000000000, 0.5000000000000000000, 1.000000000000000000 ),
 .UNSPECIFIED. ) ;
#3962 = CARTESIAN_POINT ( 'NONE',  ( -1.310504424134000034, -1.352129669047999805, 0.07000000000100004005 ) ) ;
#3963 = LINE ( 'NONE', #6704, #640 ) ;
#3964 = CARTESIAN_POINT ( 'NONE',  ( 2.974999999998999556, 1.800000000000000044, 0.05000000000099998065 ) ) ;
#3965 = ORIENTED_EDGE ( 'NONE', *, *, #7060, .T. ) ;
#3966 = AXIS2_PLACEMENT_3D ( 'NONE', #9870, #8896, #1081 ) ;
#3967 = DIRECTION ( 'NONE',  ( 0.000000000000000000, 1.000000000000000000, 3.491481338843000432E-15 ) ) ;
#3968 = VERTEX_POINT ( 'NONE', #2358 ) ;
#3969 = CARTESIAN_POINT ( 'NONE',  ( -4.469999999998999662, 1.349999999999000000, 2.559999999999999609 ) ) ;
#3970 = DIRECTION ( 'NONE',  ( 1.000000000000000000, 0.000000000000000000, 0.000000000000000000 ) ) ;
#3971 = ORIENTED_EDGE ( 'NONE', *, *, #10144, .T. ) ;
#3972 = ORIENTED_EDGE ( 'NONE', *, *, #3519, .T. ) ;
#3973 = FACE_OUTER_BOUND ( 'NONE', #4868, .T. ) ;
#3974 = ADVANCED_FACE ( 'NONE', ( #8496 ), #6265, .T. ) ;
#3975 = CARTESIAN_POINT ( 'NONE',  ( 1.275000000000000133, 1.800000000000000044, 0.05000000000099998065 ) ) ;
#3976 = VERTEX_POINT ( 'NONE', #5489 ) ;
#3977 = CARTESIAN_POINT ( 'NONE',  ( -3.803095189483999938, 1.349999999999000000, 2.709999999999999520 ) ) ;
#3978 = CARTESIAN_POINT ( 'NONE',  ( 4.469999999998999662, 0.7000000000000000666, -0.3499999999989999999 ) ) ;
#3979 = ORIENTED_EDGE ( 'NONE', *, *, #1737, .T. ) ;
#3980 = PLANE ( 'NONE',  #6190 ) ;
#3981 = DIRECTION ( 'NONE',  ( 0.000000000000000000, 3.252606517456000542E-15, -1.000000000000000000 ) ) ;
#3982 = LINE ( 'NONE', #121, #3488 ) ;
#3983 = DIRECTION ( 'NONE',  ( 0.3536223923290543469, -0.9353882635801437084, -3.265890666862498411E-15 ) ) ;
#3984 = LINE ( 'NONE', #3790, #2588 ) ;
#3985 = CARTESIAN_POINT ( 'NONE',  ( -3.624999999998999467, 0.7999999999999999334, -0.1767949192430001704 ) ) ;
#3986 = DIRECTION ( 'NONE',  ( 0.000000000000000000, 3.491481338843000432E-15, -1.000000000000000000 ) ) ;
#3987 = B_SPLINE_CURVE_WITH_KNOTS ( 'NONE', 3,
 ( #9801, #5683, #7803, #10694, #1905, #11589, #9540, #12542, #5883, #2934, #6645, #7733, #10763, #9667, #9597, #2740, #11781, #1837, #3709 ),
 .UNSPECIFIED., .F., .F.,
 ( 4, 1, 1, 1, 1, 1, 1, 1, 1, 1, 1, 1, 1, 1, 1, 1, 4 ),
 ( 0.000000000000000000, 0.06783324845500000866, 0.1326555365070000159, 0.1950508840500000118, 0.2555829330680000067, 0.3147998341470000239, 0.3736004728260000074, 0.4325455953260000097, 0.4924306292830000209, 0.5526712559620000631, 0.6125130441879998999, 0.6726102503569999502, 0.7338383693129999497, 0.7965942385669999570, 0.8614497992899999845, 0.9291989423500000012, 1.000000000000000000 ),
 .UNSPECIFIED. ) ;
#3988 = EDGE_LOOP ( 'NONE', ( #345, #9, #10684, #7416, #10850, #519 ) ) ;
#3989 = VERTEX_POINT ( 'NONE', #8375 ) ;
#3990 = CARTESIAN_POINT ( 'NONE',  ( -4.469999999998999662, 1.850000000000000089, 1.560000000000999920 ) ) ;
#3991 = EDGE_CURVE ( 'NONE', #10898, #12669, #2417, .T. ) ;
#3992 = DIRECTION ( 'NONE',  ( 1.000000000000000000, 0.000000000000000000, 0.000000000000000000 ) ) ;
#3993 = DIRECTION ( 'NONE',  ( 0.000000000000000000, 1.000000000000000000, 4.336808689942025625E-15 ) ) ;
#3994 = FACE_OUTER_BOUND ( 'NONE', #7739, .T. ) ;
#3995 = CARTESIAN_POINT ( 'NONE',  ( -3.399999999998999822, 0.000000000000000000, 0.05000000000099998065 ) ) ;
#3996 = LINE ( 'NONE', #7902, #9346 ) ;
#3997 = ORIENTED_EDGE ( 'NONE', *, *, #4817, .T. ) ;
#3998 = PLANE ( 'NONE',  #7161 ) ;
#3999 = EDGE_CURVE ( 'NONE', #11703, #4539, #12271, .T. ) ;
#4000 = ORIENTED_EDGE ( 'NONE', *, *, #10989, .F. ) ;
#4001 = DIRECTION ( 'NONE',  ( 0.000000000000000000, 3.641026466082000599E-15, -1.000000000000000000 ) ) ;
#4002 = ADVANCED_FACE ( 'NONE', ( #11270 ), #6454, .T. ) ;
#4003 = EDGE_CURVE ( 'NONE', #6483, #916, #9214, .T. ) ;
#4004 = CARTESIAN_POINT ( 'NONE',  ( -0.2749999999989999888, 0.3783882181409999323, 0.8000000000009999113 ) ) ;
#4005 = LINE ( 'NONE', #17, #3849 ) ;
#4006 = EDGE_CURVE ( 'NONE', #6760, #5670, #12573, .T. ) ;
#4007 = LINE ( 'NONE', #9979, #537 ) ;
#4008 = ORIENTED_EDGE ( 'NONE', *, *, #4504, .F. ) ;
#4009 = DIRECTION ( 'NONE',  ( 0.000000000000000000, 0.000000000000000000, 1.000000000000000000 ) ) ;
#4010 = DIRECTION ( 'NONE',  ( -0.2588190451020520033, -3.372511997194675020E-15, 0.9659258262891938784 ) ) ;
#4011 = ORIENTED_EDGE ( 'NONE', *, *, #327, .F. ) ;
#4012 = VECTOR ( 'NONE', #131, 1000.000000000000000 ) ;
#4013 = ORIENTED_EDGE ( 'NONE', *, *, #8572, .F. ) ;
#4014 = VECTOR ( 'NONE', #1508, 1000.000000000000000 ) ;
#4015 = CARTESIAN_POINT ( 'NONE',  ( 0.9745940671919999243, -1.072671762462000133, 0.05000000000099998065 ) ) ;
#4016 = EDGE_CURVE ( 'NONE', #10668, #7677, #3574, .T. ) ;
#4017 = VECTOR ( 'NONE', #1917, 1000.000000000000000 ) ;
#4018 = CARTESIAN_POINT ( 'NONE',  ( -2.724999999999000000, 2.200000000000000178, 0.1000000000010001083 ) ) ;
#4019 = VERTEX_POINT ( 'NONE', #4347 ) ;
#4020 = LINE ( 'NONE', #4977, #12444 ) ;
#4021 = ORIENTED_EDGE ( 'NONE', *, *, #3811, .T. ) ;
#4022 = VECTOR ( 'NONE', #10906, 1000.000000000000000 ) ;
#4023 = VECTOR ( 'NONE', #7516, 1000.000000000000000 ) ;
#4024 = ORIENTED_EDGE ( 'NONE', *, *, #1986, .T. ) ;
#4025 = AXIS2_PLACEMENT_3D ( 'NONE', #3877, #4965, #9533 ) ;
#4026 = FACE_OUTER_BOUND ( 'NONE', #9773, .T. ) ;
#4027 = CARTESIAN_POINT ( 'NONE',  ( 0.6682812883670000703, -0.7239881531429999129, 0.07000000000100004005 ) ) ;
#4028 = FACE_OUTER_BOUND ( 'NONE', #2320, .T. ) ;
#4029 = VERTEX_POINT ( 'NONE', #8256 ) ;
#4030 = CARTESIAN_POINT ( 'NONE',  ( 2.974999999998999556, -9.116756773326001095, 0.04999999999999991257 ) ) ;
#4031 = ORIENTED_EDGE ( 'NONE', *, *, #6087, .F. ) ;
#4032 = FACE_OUTER_BOUND ( 'NONE', #10592, .T. ) ;
#4033 = EDGE_CURVE ( 'NONE', #646, #9814, #6327, .T. ) ;
#4034 = CARTESIAN_POINT ( 'NONE',  ( -0.7749999999990000443, 0.6000000000000003109, 0.1000000000010001083 ) ) ;
#4035 = ORIENTED_EDGE ( 'NONE', *, *, #1847, .F. ) ;
#4036 = LINE ( 'NONE', #3450, #1594 ) ;
#4037 = DIRECTION ( 'NONE',  ( 0.000000000000000000, 1.000000000000000000, 3.610065951458000973E-15 ) ) ;
#4038 = CARTESIAN_POINT ( 'NONE',  ( 3.219999999998999662, -1.300000000000000044, 0.4500000000009999335 ) ) ;
#4039 = EDGE_LOOP ( 'NONE', ( #6133, #12081, #5092, #2072 ) ) ;
#4040 = CARTESIAN_POINT ( 'NONE',  ( -3.893970815642595618, 1.212485918051850131, 2.630831660606995914 ) ) ;
#4041 = DIRECTION ( 'NONE',  ( 0.000000000000000000, -3.491481338843000432E-15, 1.000000000000000000 ) ) ;
#4042 = ORIENTED_EDGE ( 'NONE', *, *, #8427, .F. ) ;
#4043 = CARTESIAN_POINT ( 'NONE',  ( 1.939024390243000218, -0.6082251495429997767, 0.07000000000100004005 ) ) ;
#4044 = LINE ( 'NONE', #2950, #12487 ) ;
#4045 = DIRECTION ( 'NONE',  ( -1.000000000000000000, 0.000000000000000000, 0.000000000000000000 ) ) ;
#4046 = DIRECTION ( 'NONE',  ( 1.000000000000000000, 0.000000000000000000, 0.000000000000000000 ) ) ;
#4047 = LINE ( 'NONE', #2317, #6487 ) ;
#4048 = EDGE_CURVE ( 'NONE', #843, #3066, #7290, .T. ) ;
#4049 = EDGE_CURVE ( 'NONE', #2745, #970, #1523, .T. ) ;
#4050 = ADVANCED_FACE ( 'NONE', ( #10430 ), #1645, .T. ) ;
#4051 = CARTESIAN_POINT ( 'NONE',  ( -1.525000000000000133, -9.116756773326001095, 0.04999999999999991257 ) ) ;
#4052 = VERTEX_POINT ( 'NONE', #496 ) ;
#4053 = ORIENTED_EDGE ( 'NONE', *, *, #12301, .F. ) ;
#4054 = LINE ( 'NONE', #11872, #9543 ) ;
#4055 = DIRECTION ( 'NONE',  ( 0.000000000000000000, 1.000000000000000000, 4.336808689942015369E-15 ) ) ;
#4056 = DIRECTION ( 'NONE',  ( 1.000000000000000000, 0.000000000000000000, 0.000000000000000000 ) ) ;
#4057 = LINE ( 'NONE', #9702, #7214 ) ;
#4058 = CARTESIAN_POINT ( 'NONE',  ( 4.200066337752653922, 1.934446612977830160, 2.735909728940001617 ) ) ;
#4059 = CARTESIAN_POINT ( 'NONE',  ( 4.169999999998999840, -3.891421356236999696, -0.2085786437620001377 ) ) ;
#4060 = DIRECTION ( 'NONE',  ( -1.000000000000000000, 0.000000000000000000, 0.000000000000000000 ) ) ;
#4061 = EDGE_CURVE ( 'NONE', #8180, #6495, #12226, .T. ) ;
#4062 = AXIS2_PLACEMENT_3D ( 'NONE', #989, #7651, #1054 ) ;
#4063 = VERTEX_POINT ( 'NONE', #7965 ) ;
#4064 = CARTESIAN_POINT ( 'NONE',  ( 4.169999999998999840, -3.950000000000000178, 1.500000000000000000 ) ) ;
#4065 = ORIENTED_EDGE ( 'NONE', *, *, #11975, .T. ) ;
#4066 = DIRECTION ( 'NONE',  ( -1.000000000000000000, 0.000000000000000000, 0.000000000000000000 ) ) ;
#4067 = CARTESIAN_POINT ( 'NONE',  ( -1.082060473926000022, -0.7647572411549998783, 0.07000000000100004005 ) ) ;
#4068 = CARTESIAN_POINT ( 'NONE',  ( 3.219999999998999662, 1.999999999999000355, 2.910000000000000142 ) ) ;
#4069 = CARTESIAN_POINT ( 'NONE',  ( 2.725000000000000089, 0.3783882181409999323, 0.8000000000009999113 ) ) ;
#4070 = ORIENTED_EDGE ( 'NONE', *, *, #1120, .F. ) ;
#4071 = CARTESIAN_POINT ( 'NONE',  ( -0.2249999999989999999, 1.800000000000000044, -0.5499999999990000665 ) ) ;
#4072 = EDGE_CURVE ( 'NONE', #4981, #9324, #6051, .T. ) ;
#4073 = CARTESIAN_POINT ( 'NONE',  ( -3.924999999998999733, 0.9000000000000002442, -0.1767949192430001704 ) ) ;
#4074 = EDGE_CURVE ( 'NONE', #3669, #8752, #11261, .T. ) ;
#4075 = VERTEX_POINT ( 'NONE', #4956 ) ;
#4076 = ORIENTED_EDGE ( 'NONE', *, *, #11758, .T. ) ;
#4077 = CARTESIAN_POINT ( 'NONE',  ( 0.8443646979670000885, -0.7980282808829999297, 0.05000000000099998065 ) ) ;
#4078 = CARTESIAN_POINT ( 'NONE',  ( 2.999999999998999911, -5.299999999999999822, 1.979999999998999893 ) ) ;
#4079 = ORIENTED_EDGE ( 'NONE', *, *, #10499, .T. ) ;
#4080 = AXIS2_PLACEMENT_3D ( 'NONE', #8138, #4290, #12055 ) ;
#4081 = DIRECTION ( 'NONE',  ( 0.000000000000000000, 3.641026466082000599E-15, -1.000000000000000000 ) ) ;
#4082 = ORIENTED_EDGE ( 'NONE', *, *, #8006, .T. ) ;
#4083 = EDGE_CURVE ( 'NONE', #12586, #6201, #3886, .T. ) ;
#4084 = ORIENTED_EDGE ( 'NONE', *, *, #2707, .T. ) ;
#4085 = VECTOR ( 'NONE', #11186, 1000.000000000000000 ) ;
#4086 = FACE_OUTER_BOUND ( 'NONE', #11333, .T. ) ;
#4087 = DIRECTION ( 'NONE',  ( 1.000000000000000000, 0.000000000000000000, 0.000000000000000000 ) ) ;
#4088 = VECTOR ( 'NONE', #9341, 1000.000000000000000 ) ;
#4089 = VERTEX_POINT ( 'NONE', #11625 ) ;
#4090 = CARTESIAN_POINT ( 'NONE',  ( -0.8076235459280000084, -0.7094652412399999886, 0.05000000000099998065 ) ) ;
#4091 = ORIENTED_EDGE ( 'NONE', *, *, #8538, .T. ) ;
#4092 = PLANE ( 'NONE',  #9121 ) ;
#4093 = DIRECTION ( 'NONE',  ( -1.000000000000000000, 0.000000000000000000, 0.000000000000000000 ) ) ;
#4094 = ORIENTED_EDGE ( 'NONE', *, *, #11033, .T. ) ;
#4095 = CARTESIAN_POINT ( 'NONE',  ( 3.399999999998999822, 0.000000000000000000, -0.4999999999989999666 ) ) ;
#4096 = DIRECTION ( 'NONE',  ( 0.000000000000000000, 3.491481338843000432E-15, -1.000000000000000000 ) ) ;
#4097 = DIRECTION ( 'NONE',  ( 0.000000000000000000, 1.000000000000000000, 3.523657060577889805E-15 ) ) ;
#4098 = VECTOR ( 'NONE', #10707, 1000.000000000000000 ) ;
#4099 = AXIS2_PLACEMENT_3D ( 'NONE', #3171, #7139, #3423 ) ;
#4100 = VERTEX_POINT ( 'NONE', #3938 ) ;
#4101 = CARTESIAN_POINT ( 'NONE',  ( 3.593992487095884147, 1.998176826218557522, 2.833856325715447433 ) ) ;
#4102 = CARTESIAN_POINT ( 'NONE',  ( -0.8456521027900000265, -1.620336927057999699, 0.05000000000099998065 ) ) ;
#4103 = ADVANCED_FACE ( 'NONE', ( #75 ), #9833, .T. ) ;
#4104 = ORIENTED_EDGE ( 'NONE', *, *, #1952, .F. ) ;
#4105 = FACE_OUTER_BOUND ( 'NONE', #2935, .T. ) ;
#4106 = CARTESIAN_POINT ( 'NONE',  ( -4.169999999998999840, 0.6000000000000003109, 0.05000000000099998065 ) ) ;
#4107 = CARTESIAN_POINT ( 'NONE',  ( 2.474999999998999556, 1.400000000000000133, 0.1000000000010001083 ) ) ;
#4108 = VECTOR ( 'NONE', #5891, 1000.000000000000000 ) ;
#4109 = CYLINDRICAL_SURFACE ( 'NONE', #8016, 0.1499999999999999667 ) ;
#4110 = DIRECTION ( 'NONE',  ( 0.000000000000000000, 3.491481338843000432E-15, -1.000000000000000000 ) ) ;
#4111 = AXIS2_PLACEMENT_3D ( 'NONE', #7637, #11555, #6671 ) ;
#4112 = FACE_OUTER_BOUND ( 'NONE', #7531, .T. ) ;
#4113 = DIRECTION ( 'NONE',  ( 1.000000000000000000, 0.000000000000000000, 0.000000000000000000 ) ) ;
#4114 = VECTOR ( 'NONE', #6096, 1000.000000000000000 ) ;
#4115 = EDGE_LOOP ( 'NONE', ( #2362, #933, #10069, #11885 ) ) ;
#4116 = ORIENTED_EDGE ( 'NONE', *, *, #11876, .T. ) ;
#4117 = LINE ( 'NONE', #10985, #9754 ) ;
#4118 = CARTESIAN_POINT ( 'NONE',  ( 2.274999999999999911, 2.200000000000000178, 1.000068083900629290E-12 ) ) ;
#4119 = DIRECTION ( 'NONE',  ( -1.000000000000000000, 0.000000000000000000, 0.000000000000000000 ) ) ;
#4120 = CARTESIAN_POINT ( 'NONE',  ( 0.000000000000000000, -5.299999999998999733, 1.629999999999988125 ) ) ;
#4121 = EDGE_CURVE ( 'NONE', #9814, #447, #2073, .T. ) ;
#4122 = ADVANCED_FACE ( 'NONE', ( #7839 ), #7904, .T. ) ;
#4123 = VECTOR ( 'NONE', #1871, 1000.000000000000000 ) ;
#4124 = DIRECTION ( 'NONE',  ( 0.7071067811865475727, -0.7071067811865475727, -2.468850131083910907E-15 ) ) ;
#4125 = CARTESIAN_POINT ( 'NONE',  ( 0.5767911585359999371, -0.6082251495429997767, 0.05000000000099998065 ) ) ;
#4126 = DIRECTION ( 'NONE',  ( 1.000000000000000000, 0.000000000000000000, 0.000000000000000000 ) ) ;
#4127 = CARTESIAN_POINT ( 'NONE',  ( -2.774999999999000266, 0.9000000000000002442, 1.000068083900629290E-12 ) ) ;
#4128 = FACE_OUTER_BOUND ( 'NONE', #6181, .T. ) ;
#4129 = VECTOR ( 'NONE', #8850, 1000.000000000000000 ) ;
#4130 = VERTEX_POINT ( 'NONE', #10799 ) ;
#4131 = CARTESIAN_POINT ( 'NONE',  ( 2.475000000000000089, 2.200000000000000178, 0.1000000000010001083 ) ) ;
#4132 = AXIS2_PLACEMENT_3D ( 'NONE', #5993, #4968, #6060 ) ;
#4133 = CARTESIAN_POINT ( 'NONE',  ( 0.000000000000000000, 1.800000000000000044, 0.05000000000099998065 ) ) ;
#4134 = ADVANCED_FACE ( 'NONE', ( #6807 ), #3998, .T. ) ;
#4135 = PLANE ( 'NONE',  #3290 ) ;
#4136 = LINE ( 'NONE', #7778, #6279 ) ;
#4137 = EDGE_LOOP ( 'NONE', ( #7046, #10057, #11932, #5620 ) ) ;
#4138 = CARTESIAN_POINT ( 'NONE',  ( -4.169999999998999840, -3.467157287524999632, -0.3500000000000000333 ) ) ;
#4139 = CARTESIAN_POINT ( 'NONE',  ( 0.2750000000000000222, -9.116756773326001095, 0.04999999999999991257 ) ) ;
#4140 = VECTOR ( 'NONE', #6541, 1000.000000000000114 ) ;
#4141 = ORIENTED_EDGE ( 'NONE', *, *, #1097, .T. ) ;
#4142 = ORIENTED_EDGE ( 'NONE', *, *, #3811, .F. ) ;
#4143 = CARTESIAN_POINT ( 'NONE',  ( 0.9698564991360000276, -1.029110323831999851, 0.05000000000099998065 ) ) ;
#4144 = DIRECTION ( 'NONE',  ( 0.000000000000000000, -1.000000000000000000, -3.491481338843000432E-15 ) ) ;
#4145 = ORIENTED_EDGE ( 'NONE', *, *, #4279, .T. ) ;
#4146 = EDGE_CURVE ( 'NONE', #6483, #12396, #4888, .T. ) ;
#4147 = CARTESIAN_POINT ( 'NONE',  ( 4.169999999998999840, -1.199999999999999956, 1.300000000000999911 ) ) ;
#4148 = EDGE_CURVE ( 'NONE', #8365, #6257, #11821, .T. ) ;
#4149 = ORIENTED_EDGE ( 'NONE', *, *, #2719, .F. ) ;
#4150 = VECTOR ( 'NONE', #12569, 1000.000000000000000 ) ;
#4151 = VECTOR ( 'NONE', #8320, 1000.000000000000000 ) ;
#4152 = ORIENTED_EDGE ( 'NONE', *, *, #3433, .F. ) ;
#4153 = DIRECTION ( 'NONE',  ( -1.000000000000000000, -5.421010862426999550E-16, -1.892735826383000338E-30 ) ) ;
#4154 = VECTOR ( 'NONE', #5088, 1000.000000000000000 ) ;
#4155 = PLANE ( 'NONE',  #1666 ) ;
#4156 = ORIENTED_EDGE ( 'NONE', *, *, #5948, .F. ) ;
#4157 = CARTESIAN_POINT ( 'NONE',  ( -0.6789218193299999538, -0.7414702392339999060, 0.07000000000100004005 ) ) ;
#4158 = ORIENTED_EDGE ( 'NONE', *, *, #8374, .T. ) ;
#4159 = CARTESIAN_POINT ( 'NONE',  ( -2.469999999999000106, -4.349999999998999556, 0.3499999999999998113 ) ) ;
#4160 = VECTOR ( 'NONE', #3081, 1000.000000000000000 ) ;
#4161 = DIRECTION ( 'NONE',  ( 0.000000000000000000, -2.891205793294000202E-15, 1.000000000000000000 ) ) ;
#4162 = VECTOR ( 'NONE', #2788, 1000.000000000000000 ) ;
#4163 = ORIENTED_EDGE ( 'NONE', *, *, #11360, .T. ) ;
#4164 = EDGE_CURVE ( 'NONE', #8303, #1257, #3035, .T. ) ;
#4165 = EDGE_LOOP ( 'NONE', ( #9720, #11675, #2870, #4590 ) ) ;
#4166 = DIRECTION ( 'NONE',  ( 0.000000000000000000, -2.891205793294000202E-15, 1.000000000000000000 ) ) ;
#4167 = CARTESIAN_POINT ( 'NONE',  ( -1.963414634146000148, -0.6082251495429997767, 0.07000000000100004005 ) ) ;
#4168 = EDGE_CURVE ( 'NONE', #12403, #9956, #5021, .T. ) ;
#4169 = DIRECTION ( 'NONE',  ( 0.000000000000000000, 3.491481338843000432E-15, -1.000000000000000000 ) ) ;
#4170 = EDGE_CURVE ( 'NONE', #6894, #7679, #9971, .T. ) ;
#4171 = ORIENTED_EDGE ( 'NONE', *, *, #12678, .T. ) ;
#4172 = DIRECTION ( 'NONE',  ( 1.000000000000000000, 0.000000000000000000, 0.000000000000000000 ) ) ;
#4173 = CARTESIAN_POINT ( 'NONE',  ( 1.775000000000000133, 2.200000000000000178, 1.000068083900629290E-12 ) ) ;
#4174 = EDGE_LOOP ( 'NONE', ( #10359, #1903, #545, #425 ) ) ;
#4175 = CARTESIAN_POINT ( 'NONE',  ( -0.7749999999990000443, 0.6000000000000003109, 0.05000000000099998065 ) ) ;
#4176 = AXIS2_PLACEMENT_3D ( 'NONE', #12652, #2727, #12411 ) ;
#4177 = DIRECTION ( 'NONE',  ( 5.421010862434297499E-16, -1.000000000000000000, -3.523657060582293621E-15 ) ) ;
#4178 = FACE_OUTER_BOUND ( 'NONE', #2911, .T. ) ;
#4179 = CARTESIAN_POINT ( 'NONE',  ( -0.4268292682919999637, -1.608225149542999999, 0.07000000000100004005 ) ) ;
#4180 = DIRECTION ( 'NONE',  ( 0.000000000000000000, 3.491481338843000432E-15, -1.000000000000000000 ) ) ;
#4181 = CARTESIAN_POINT ( 'NONE',  ( -0.8456521027900000265, -1.620336927057999699, 0.07000000000100004005 ) ) ;
#4182 =( LENGTH_UNIT ( ) NAMED_UNIT ( * ) SI_UNIT ( .MILLI., .METRE. ) );
#4183 = ADVANCED_FACE ( 'NONE', ( #9774 ), #915, .T. ) ;
#4184 = ORIENTED_EDGE ( 'NONE', *, *, #5498, .T. ) ;
#4185 = VERTEX_POINT ( 'NONE', #10 ) ;
#4186 = DIRECTION ( 'NONE',  ( 0.000000000000000000, 1.000000000000000000, 3.491481338843000432E-15 ) ) ;
#4187 = FACE_OUTER_BOUND ( 'NONE', #12188, .T. ) ;
#4188 = VERTEX_POINT ( 'NONE', #12639 ) ;
#4189 = FACE_OUTER_BOUND ( 'NONE', #9893, .T. ) ;
#4190 = DIRECTION ( 'NONE',  ( 0.000000000000000000, 3.491481338845460101E-15, -1.000000000000000000 ) ) ;
#4191 = CARTESIAN_POINT ( 'NONE',  ( -4.169999999998999840, 0.6000000000000003109, 0.05000000000099998065 ) ) ;
#4192 = CARTESIAN_POINT ( 'NONE',  ( -1.974999999999000222, 0.6000000000000003109, 0.05000000000099998065 ) ) ;
#4193 = DIRECTION ( 'NONE',  ( 0.000000000000000000, 3.703032982253999642E-15, -1.000000000000000000 ) ) ;
#4194 = CARTESIAN_POINT ( 'NONE',  ( -0.9721071442390000206, -1.495798695602999828, 0.07000000000100004005 ) ) ;
#4195 = EDGE_CURVE ( 'NONE', #9602, #362, #10864, .T. ) ;
#4196 = ORIENTED_EDGE ( 'NONE', *, *, #441, .T. ) ;
#4197 = DIRECTION ( 'NONE',  ( 0.000000000000000000, 0.7071067811865474617, -0.7071067811865474617 ) ) ;
#4198 = ORIENTED_EDGE ( 'NONE', *, *, #8355, .F. ) ;
#4199 = CARTESIAN_POINT ( 'NONE',  ( 4.469999999998999662, -2.449999999998999645, -0.5500000000000001554 ) ) ;
#4200 = DIRECTION ( 'NONE',  ( 0.000000000000000000, 1.000000000000000000, 3.491481338843000432E-15 ) ) ;
#4201 = CARTESIAN_POINT ( 'NONE',  ( -4.219999999998999662, 1.849999999999000000, 2.709999999999999520 ) ) ;
#4202 = CARTESIAN_POINT ( 'NONE',  ( 4.169999999998999840, -2.449999999998999645, 1.300000000000000044 ) ) ;
#4203 = DIRECTION ( 'NONE',  ( 1.000000000000000000, 0.000000000000000000, 0.000000000000000000 ) ) ;
#4204 = ORIENTED_EDGE ( 'NONE', *, *, #5409, .F. ) ;
#4205 = ORIENTED_EDGE ( 'NONE', *, *, #10582, .F. ) ;
#4206 = DIRECTION ( 'NONE',  ( 0.000000000000000000, -1.000000000000000000, -3.491481338843000432E-15 ) ) ;
#4207 = EDGE_CURVE ( 'NONE', #6766, #3066, #8992, .T. ) ;
#4208 = EDGE_CURVE ( 'NONE', #4539, #2716, #10733, .T. ) ;
#4209 = CARTESIAN_POINT ( 'NONE',  ( 2.469999999999000106, -4.349999999998999556, 1.500000000000000000 ) ) ;
#4210 = ORIENTED_EDGE ( 'NONE', *, *, #4278, .T. ) ;
#4211 = VECTOR ( 'NONE', #11591, 1000.000000000000000 ) ;
#4212 = DIRECTION ( 'NONE',  ( 1.000000000000000000, -5.421010862426999550E-16, -1.892735826383000338E-30 ) ) ;
#4213 = VERTEX_POINT ( 'NONE', #1047 ) ;
#4214 = ORIENTED_EDGE ( 'NONE', *, *, #1669, .T. ) ;
#4215 = FACE_OUTER_BOUND ( 'NONE', #8485, .T. ) ;
#4216 = VECTOR ( 'NONE', #12197, 1000.000000000000000 ) ;
#4217 = VECTOR ( 'NONE', #1835, 1000.000000000000000 ) ;
#4218 = CARTESIAN_POINT ( 'NONE',  ( -4.169999999998999840, 1.350000000000000089, 0.3500000000010001222 ) ) ;
#4219 = AXIS2_PLACEMENT_3D ( 'NONE', #3273, #7242, #11037 ) ;
#4220 = ORIENTED_EDGE ( 'NONE', *, *, #353, .F. ) ;
#4221 = CARTESIAN_POINT ( 'NONE',  ( 3.219999999998999662, 1.199999999999000089, 1.959999999999999964 ) ) ;
#4222 = ORIENTED_EDGE ( 'NONE', *, *, #8769, .F. ) ;
#4223 = CARTESIAN_POINT ( 'NONE',  ( -3.828081709540120503, 1.274286497366966975, 2.689931236294857086 ) ) ;
#4224 = EDGE_CURVE ( 'NONE', #7609, #7876, #10029, .T. ) ;
#4225 = CARTESIAN_POINT ( 'NONE',  ( -0.2926829268289999897, -0.7179812471039999089, 0.05000000000099998065 ) ) ;
#4226 = VERTEX_POINT ( 'NONE', #4321 ) ;
#4227 = VECTOR ( 'NONE', #4490, 1000.000000000000000 ) ;
#4228 = ORIENTED_EDGE ( 'NONE', *, *, #1042, .T. ) ;
#4230 = PLANE ( 'NONE',  #4080 ) ;
#4229 = VECTOR ( 'NONE', #3103, 1000.000000000000000 ) ;
#4231 = DIRECTION ( 'NONE',  ( 1.000000000000000000, 0.000000000000000000, 0.000000000000000000 ) ) ;
#4232 = DIRECTION ( 'NONE',  ( 0.000000000000000000, 3.491481338843000432E-15, -1.000000000000000000 ) ) ;
#4233 = VERTEX_POINT ( 'NONE', #4260 ) ;
#4234 = VECTOR ( 'NONE', #2674, 1000.000000000000000 ) ;
#4235 = EDGE_CURVE ( 'NONE', #12024, #2651, #1373, .T. ) ;
#4236 = DIRECTION ( 'NONE',  ( -1.000000000000000000, 0.000000000000000000, 0.000000000000000000 ) ) ;
#4237 = ORIENTED_EDGE ( 'NONE', *, *, #8198, .T. ) ;
#4238 = DIRECTION ( 'NONE',  ( 0.000000000000000000, 3.491481338843000432E-15, -1.000000000000000000 ) ) ;
#4239 = DIRECTION ( 'NONE',  ( 0.000000000000000000, 3.491481338843000432E-15, -1.000000000000000000 ) ) ;
#4240 = DIRECTION ( 'NONE',  ( 0.000000000000000000, 3.641026466082000599E-15, -1.000000000000000000 ) ) ;
#4241 = AXIS2_PLACEMENT_3D ( 'NONE', #2123, #9950, #8084 ) ;
#4242 = DIRECTION ( 'NONE',  ( 0.000000000000000000, -1.000000000000000000, -3.491481338843000432E-15 ) ) ;
#4243 = UNCERTAINTY_MEASURE_WITH_UNIT (LENGTH_MEASURE( 1.000000000000000082E-05 ), #7155, 'distance_accuracy_value', 'NONE');
#4244 = CARTESIAN_POINT ( 'NONE',  ( 2.524999999999999911, 0.9000000000000002442, 1.000068083900629290E-12 ) ) ;
#4245 = EDGE_CURVE ( 'NONE', #2900, #5242, #10647, .T. ) ;
#4246 = EDGE_CURVE ( 'NONE', #10247, #6386, #9060, .T. ) ;
#4247 = CARTESIAN_POINT ( 'NONE',  ( -3.924999999998999733, 0.9000000000000002442, -0.8662277660160003778 ) ) ;
#4248 = FILL_AREA_STYLE ('',( #11941 ) ) ;
#4249 = ORIENTED_EDGE ( 'NONE', *, *, #1697, .F. ) ;
#4250 = ORIENTED_EDGE ( 'NONE', *, *, #6665, .F. ) ;
#4251 = CARTESIAN_POINT ( 'NONE',  ( -0.4749999999989999999, 0.9000000000000002442, 1.000068083900629290E-12 ) ) ;
#4252 = DIRECTION ( 'NONE',  ( 1.000000000000000000, 0.000000000000000000, 0.000000000000000000 ) ) ;
#4253 = VERTEX_POINT ( 'NONE', #1498 ) ;
#4254 = CARTESIAN_POINT ( 'NONE',  ( 4.469999999998999662, 1.800000000000000044, -0.3499999999989999999 ) ) ;
#4255 = DIRECTION ( 'NONE',  ( 0.000000000000000000, 3.491481338843000432E-15, -1.000000000000000000 ) ) ;
#4256 = ADVANCED_FACE ( 'NONE', ( #6239 ), #10158, .T. ) ;
#4257 = CARTESIAN_POINT ( 'NONE',  ( 4.215670869222410744, 1.895783349830505005, 2.715836338297699548 ) ) ;
#4258 = CARTESIAN_POINT ( 'NONE',  ( -4.220164188971579300, 1.307483546212768299, 2.709781081368225486 ) ) ;
#4259 = CARTESIAN_POINT ( 'NONE',  ( 1.026541192411000170, -0.8235263050239997051, 0.05000000000099998065 ) ) ;
#4260 = CARTESIAN_POINT ( 'NONE',  ( 1.458460365852999985, -0.9984690519819999777, 0.05000000000099998065 ) ) ;
#4261 = ORIENTED_EDGE ( 'NONE', *, *, #5410, .F. ) ;
#4262 = DIRECTION ( 'NONE',  ( 0.000000000000000000, 3.491481338843000432E-15, -1.000000000000000000 ) ) ;
#4263 = LINE ( 'NONE', #12084, #6336 ) ;
#4264 = CARTESIAN_POINT ( 'NONE',  ( 0.9749999999999999778, 2.200000000000000178, 0.1000000000010001083 ) ) ;
#4265 = DIRECTION ( 'NONE',  ( -1.000000000000000000, 0.000000000000000000, 0.000000000000000000 ) ) ;
#4266 = ADVANCED_FACE ( 'NONE', ( #4128 ), #7075, .F. ) ;
#4267 = AXIS2_PLACEMENT_3D ( 'NONE', #6699, #10615, #8689 ) ;
#4268 = CARTESIAN_POINT ( 'NONE',  ( -1.525000000000000133, 1.400000000000000133, 0.05000000000099998065 ) ) ;
#4269 = DIRECTION ( 'NONE',  ( 0.000000000000000000, 3.491481338843000432E-15, -1.000000000000000000 ) ) ;
#4270 = DIRECTION ( 'NONE',  ( 1.000000000000000000, 0.000000000000000000, 0.000000000000000000 ) ) ;
#4271 = ORIENTED_EDGE ( 'NONE', *, *, #9245, .F. ) ;
#4272 = ORIENTED_EDGE ( 'NONE', *, *, #5645, .F. ) ;
#4273 = DIRECTION ( 'NONE',  ( -1.000000000000000000, 0.000000000000000000, 0.000000000000000000 ) ) ;
#4274 = DIRECTION ( 'NONE',  ( 0.000000000000000000, 3.491481338843000432E-15, -1.000000000000000000 ) ) ;
#4275 = VERTEX_POINT ( 'NONE', #9188 ) ;
#4276 = CARTESIAN_POINT ( 'NONE',  ( 0.9756097560969999583, -1.117943137347999771, 0.07000000000100004005 ) ) ;
#4277 = ORIENTED_EDGE ( 'NONE', *, *, #9173, .F. ) ;
#4278 = EDGE_CURVE ( 'NONE', #2444, #2745, #7774, .T. ) ;
#4279 = EDGE_CURVE ( 'NONE', #1445, #1800, #7372, .T. ) ;
#4280 = VERTEX_POINT ( 'NONE', #4382 ) ;
#4281 = LINE ( 'NONE', #2227, #6774 ) ;
#4282 = CARTESIAN_POINT ( 'NONE',  ( 3.219999999998999662, -5.899999999998999378, 1.300000000000000044 ) ) ;
#4283 = ORIENTED_EDGE ( 'NONE', *, *, #10869, .T. ) ;
#4284 = CARTESIAN_POINT ( 'NONE',  ( -0.8076235459280000084, -0.7094652412399999886, 0.07000000000100004005 ) ) ;
#4285 = ORIENTED_EDGE ( 'NONE', *, *, #5250, .F. ) ;
#4286 = CARTESIAN_POINT ( 'NONE',  ( 2.024999999999999911, -9.116756773326001095, 0.04999999999999991257 ) ) ;
#4287 = CARTESIAN_POINT ( 'NONE',  ( 2.269999999998999929, -2.249999999998999911, 1.500000000000000000 ) ) ;
#4288 = ORIENTED_EDGE ( 'NONE', *, *, #11770, .F. ) ;
#4289 = ORIENTED_EDGE ( 'NONE', *, *, #10605, .F. ) ;
#4290 = DIRECTION ( 'NONE',  ( 0.8660254037843290176, 0.5000000000001900702, 1.745740669421663510E-15 ) ) ;
#4291 = PLANE ( 'NONE',  #8931 ) ;
#4292 = FACE_OUTER_BOUND ( 'NONE', #11743, .T. ) ;
#4293 = VECTOR ( 'NONE', #4632, 1000.000000000000114 ) ;
#4294 = ORIENTED_EDGE ( 'NONE', *, *, #10147, .T. ) ;
#4295 = DIRECTION ( 'NONE',  ( 0.000000000000000000, 0.000000000000000000, 1.000000000000000000 ) ) ;
#4296 = ADVANCED_FACE ( 'NONE', ( #472 ), #11183, .T. ) ;
#4297 = ORIENTED_EDGE ( 'NONE', *, *, #3268, .T. ) ;
#4298 = CARTESIAN_POINT ( 'NONE',  ( -0.2926829268289999897, -0.7179812471039999089, 0.07000000000100004005 ) ) ;
#4299 = DIRECTION ( 'NONE',  ( -1.000000000000000000, 0.000000000000000000, 0.000000000000000000 ) ) ;
#4300 = DIRECTION ( 'NONE',  ( -1.000000000000000000, 0.000000000000000000, 0.000000000000000000 ) ) ;
#4301 = CARTESIAN_POINT ( 'NONE',  ( 4.500000000000000000, -1.949999999999994404, 0.1000000000000000472 ) ) ;
#4302 = LINE ( 'NONE', #9044, #10548 ) ;
#4303 = CARTESIAN_POINT ( 'NONE',  ( -0.7896541949739999122, -1.618133817728000023, 0.07000000000100004005 ) ) ;
#4304 = SURFACE_STYLE_FILL_AREA ( #4248 ) ;
#4305 = AXIS2_PLACEMENT_3D ( 'NONE', #5957, #5826, #8903 ) ;
#4306 = VECTOR ( 'NONE', #511, 1000.000000000000000 ) ;
#4307 = ORIENTED_EDGE ( 'NONE', *, *, #3093, .F. ) ;
#4308 = ORIENTED_EDGE ( 'NONE', *, *, #1542, .T. ) ;
#4309 = LINE ( 'NONE', #3224, #9531 ) ;
#4310 = DIRECTION ( 'NONE',  ( 0.000000000000000000, 3.491481338843000432E-15, -1.000000000000000000 ) ) ;
#4311 = ORIENTED_EDGE ( 'NONE', *, *, #7504, .F. ) ;
#4312 = DIRECTION ( 'NONE',  ( -1.000000000000000000, 0.000000000000000000, 0.000000000000000000 ) ) ;
#4313 = EDGE_CURVE ( 'NONE', #9598, #5307, #8290, .T. ) ;
#4314 = EDGE_CURVE ( 'NONE', #1672, #9807, #12022, .T. ) ;
#4315 = DIRECTION ( 'NONE',  ( 0.000000000000000000, 1.000000000000000000, 3.491481338843000432E-15 ) ) ;
#4316 = VECTOR ( 'NONE', #10518, 1000.000000000000000 ) ;
#4317 = CARTESIAN_POINT ( 'NONE',  ( 0.000000000000000000, 1.400000000000000133, 0.05000000000099998065 ) ) ;
#4318 = PLANE ( 'NONE',  #4325 ) ;
#4319 = VECTOR ( 'NONE', #6158, 1000.000000000000000 ) ;
#4320 = CARTESIAN_POINT ( 'NONE',  ( 0.6883040495269999726, -0.6162286014549999136, 0.05000000000099998065 ) ) ;
#4321 = CARTESIAN_POINT ( 'NONE',  ( -4.169999999998999840, -4.150000000000000355, 1.500000000000000000 ) ) ;
#4322 = ORIENTED_EDGE ( 'NONE', *, *, #7117, .T. ) ;
#4323 = CARTESIAN_POINT ( 'NONE',  ( 4.466859723039307895, -0.2786903603223338521, 1.203971073308232498 ) ) ;
#4324 = EDGE_CURVE ( 'NONE', #1782, #6320, #10594, .T. ) ;
#4325 = AXIS2_PLACEMENT_3D ( 'NONE', #12139, #3358, #10026 ) ;
#4326 = FACE_OUTER_BOUND ( 'NONE', #2944, .T. ) ;
#4327 = AXIS2_PLACEMENT_3D ( 'NONE', #6030, #1989, #12621 ) ;
#4328 = CARTESIAN_POINT ( 'NONE',  ( -0.6219512195119999420, -0.6600544178349998514, 0.07000000000100004005 ) ) ;
#4329 = CARTESIAN_POINT ( 'NONE',  ( 2.269999999998999929, -2.049999999999999822, 1.500000000000000000 ) ) ;
#4330 = PLANE ( 'NONE',  #9741 ) ;
#4331 = DIRECTION ( 'NONE',  ( 0.9659258262891938784, -9.423669931445899960E-16, 0.2588190451020520033 ) ) ;
#4332 = AXIS2_PLACEMENT_3D ( 'NONE', #12183, #5567, #4484 ) ;
#4333 = ORIENTED_EDGE ( 'NONE', *, *, #7661, .F. ) ;
#4334 = VERTEX_POINT ( 'NONE', #2333 ) ;
#4335 = DIRECTION ( 'NONE',  ( 0.000000000000000000, 1.000000000000000000, 3.491481338843000432E-15 ) ) ;
#4336 = VECTOR ( 'NONE', #7551, 1000.000000000000000 ) ;
#4337 = FACE_OUTER_BOUND ( 'NONE', #2175, .T. ) ;
#4338 = EDGE_LOOP ( 'NONE', ( #1104, #1375, #11659, #7855 ) ) ;
#4339 = ADVANCED_FACE ( 'NONE', ( #10465 ), #11309, .T. ) ;
#4340 = CARTESIAN_POINT ( 'NONE',  ( -2.999999999998999911, -5.299999999998999733, 1.429999999999999938 ) ) ;
#4341 = ORIENTED_EDGE ( 'NONE', *, *, #10091, .T. ) ;
#4342 = ORIENTED_EDGE ( 'NONE', *, *, #3738, .F. ) ;
#4343 = AXIS2_PLACEMENT_3D ( 'NONE', #3246, #8942, #7086 ) ;
#4344 = PLANE ( 'NONE',  #453 ) ;
#4345 = FACE_OUTER_BOUND ( 'NONE', #9955, .T. ) ;
#4346 = ORIENTED_EDGE ( 'NONE', *, *, #6254, .T. ) ;
#4347 = CARTESIAN_POINT ( 'NONE',  ( -0.5250000000000000222, 1.800000000000000044, 0.1000000000010001083 ) ) ;
#4348 = VERTEX_POINT ( 'NONE', #6611 ) ;
#4349 = DIRECTION ( 'NONE',  ( 0.000000000000000000, 0.000000000000000000, 1.000000000000000000 ) ) ;
#4350 = DIRECTION ( 'NONE',  ( 0.000000000000000000, -1.000000000000000000, -2.891205793313955622E-15 ) ) ;
#4351 = VERTEX_POINT ( 'NONE', #8533 ) ;
#4352 = EDGE_CURVE ( 'NONE', #2715, #12563, #9434, .T. ) ;
#4353 = AXIS2_PLACEMENT_3D ( 'NONE', #1934, #7004, #7835 ) ;
#4354 = CARTESIAN_POINT ( 'NONE',  ( 0.08536585365800000713, -1.608225149542999999, 0.07000000000100004005 ) ) ;
#4355 = LINE ( 'NONE', #3451, #5043 ) ;
#4356 = CARTESIAN_POINT ( 'NONE',  ( -4.169999999998999840, 1.350000000000000089, 1.709999999999999964 ) ) ;
#4357 = ORIENTED_EDGE ( 'NONE', *, *, #10852, .F. ) ;
#4358 = CARTESIAN_POINT ( 'NONE',  ( 3.219999999998999662, -1.200000000000999822, 2.910000000000000142 ) ) ;
#4360 = ORIENTED_EDGE ( 'NONE', *, *, #6788, .T. ) ;
#4359 = VECTOR ( 'NONE', #5793, 1000.000000000000114 ) ;
#4361 = CYLINDRICAL_SURFACE ( 'NONE', #8047, 0.1999999999999996503 ) ;
#4362 = DIRECTION ( 'NONE',  ( -1.000000000000000000, 0.000000000000000000, 0.000000000000000000 ) ) ;
#4363 = DIRECTION ( 'NONE',  ( 0.000000000000000000, -3.491481338843000432E-15, 1.000000000000000000 ) ) ;
#4364 = AXIS2_PLACEMENT_3D ( 'NONE', #7430, #4419, #8566 ) ;
#4365 = AXIS2_PLACEMENT_3D ( 'NONE', #7136, #11121, #11880 ) ;
#4366 = CARTESIAN_POINT ( 'NONE',  ( 0.7077263129860000834, -1.485832445438999949, 0.05000000000099998065 ) ) ;
#4367 = CARTESIAN_POINT ( 'NONE',  ( -1.226225334985999949, -1.012700664422999663, 0.05000000000099998065 ) ) ;
#4368 = CARTESIAN_POINT ( 'NONE',  ( -1.224999999999000000, 1.400000000000000133, 0.1000000000010001083 ) ) ;
#4369 = FACE_OUTER_BOUND ( 'NONE', #10800, .T. ) ;
#4370 = EDGE_CURVE ( 'NONE', #5892, #8610, #7389, .T. ) ;
#4371 = ORIENTED_EDGE ( 'NONE', *, *, #6691, .T. ) ;
#4372 = ORIENTED_EDGE ( 'NONE', *, *, #7641, .F. ) ;
#4373 = CARTESIAN_POINT ( 'NONE',  ( -2.774999999999000266, 0.9000000000000002442, 0.1000000000010001083 ) ) ;
#4374 = PLANE ( 'NONE',  #6754 ) ;
#4375 = ORIENTED_EDGE ( 'NONE', *, *, #9643, .F. ) ;
#4376 = VECTOR ( 'NONE', #11514, 1000.000000000000000 ) ;
#4377 = CARTESIAN_POINT ( 'NONE',  ( -3.956545993131999950, 1.199999999999000089, 2.559999999999999609 ) ) ;
#4378 = LINE ( 'NONE', #8095, #8240 ) ;
#4379 = DIRECTION ( 'NONE',  ( 0.000000000000000000, 0.7071067811865474617, -0.7071067811865474617 ) ) ;
#4380 = CARTESIAN_POINT ( 'NONE',  ( 1.630850875081000240, -1.464402036403999796, 0.07000000000100004005 ) ) ;
#4381 = DIRECTION ( 'NONE',  ( -1.000000000000000000, 0.000000000000000000, 0.000000000000000000 ) ) ;
#4382 = CARTESIAN_POINT ( 'NONE',  ( -2.974999999998999556, 0.1000000000000002554, 0.05000000000099998065 ) ) ;
#4383 = VECTOR ( 'NONE', #6974, 1000.000000000000000 ) ;
#4384 = ADVANCED_FACE ( 'NONE', ( #7452 ), #7395, .T. ) ;
#4385 = ORIENTED_EDGE ( 'NONE', *, *, #9112, .T. ) ;
#4386 = DIRECTION ( 'NONE',  ( 0.000000000000000000, -1.000000000000000000, -3.491481338843000432E-15 ) ) ;
#4387 = LINE ( 'NONE', #3240, #1429 ) ;
#4388 = PLANE ( 'NONE',  #4636 ) ;
#4389 = EDGE_CURVE ( 'NONE', #2985, #2046, #3548, .T. ) ;
#4390 = CARTESIAN_POINT ( 'NONE',  ( 3.219999999998999662, -9.116756773326001095, 0.04999999999999991257 ) ) ;
#4391 = DIRECTION ( 'NONE',  ( -1.000000000000000000, 0.000000000000000000, 0.000000000000000000 ) ) ;
#4392 = ORIENTED_EDGE ( 'NONE', *, *, #10375, .F. ) ;
#4393 = ORIENTED_EDGE ( 'NONE', *, *, #2969, .F. ) ;
#4394 = CARTESIAN_POINT ( 'NONE',  ( 3.824999999998999645, 0.7999999999999999334, -0.5499999999990000665 ) ) ;
#4395 = EDGE_CURVE ( 'NONE', #3732, #5307, #11366, .T. ) ;
#4396 = APPLICATION_CONTEXT ( 'automotive_design' ) ;
#4397 = ORIENTED_EDGE ( 'NONE', *, *, #11061, .T. ) ;
#4399 = AXIS2_PLACEMENT_3D ( 'NONE', #4004, #10672, #920 ) ;
#4398 = CARTESIAN_POINT ( 'NONE',  ( 0.7442131857660000405, -1.475289891871999881, 0.07000000000100004005 ) ) ;
#4400 = ORIENTED_EDGE ( 'NONE', *, *, #10778, .F. ) ;
#4401 = ORIENTED_EDGE ( 'NONE', *, *, #11824, .F. ) ;
#4402 = DIRECTION ( 'NONE',  ( 1.000000000000000000, 0.000000000000000000, 0.000000000000000000 ) ) ;
#4403 = EDGE_CURVE ( 'NONE', #12642, #5225, #5546, .T. ) ;
#4404 = CARTESIAN_POINT ( 'NONE',  ( 3.399999999998999822, 0.000000000000000000, -0.4499999999989998112 ) ) ;
#4405 = ORIENTED_EDGE ( 'NONE', *, *, #3452, .T. ) ;
#4406 = CARTESIAN_POINT ( 'NONE',  ( -0.6311435496409999457, -0.7646329612180000623, 0.05000000000099998065 ) ) ;
#4407 = ORIENTED_EDGE ( 'NONE', *, *, #7124, .F. ) ;
#4408 = CARTESIAN_POINT ( 'NONE',  ( -0.7337397553320000876, -1.494950299159999885, 0.07000000000100004005 ) ) ;
#4409 = VECTOR ( 'NONE', #3614, 1000.000000000000000 ) ;
#4410 = PLANE ( 'NONE',  #6199 ) ;
#4411 = EDGE_LOOP ( 'NONE', ( #8637, #10812, #6433, #2916 ) ) ;
#4412 = CARTESIAN_POINT ( 'NONE',  ( 4.469999999998999662, -2.249999999998999911, 1.300000000000000044 ) ) ;
#4413 = CARTESIAN_POINT ( 'NONE',  ( -4.168459037532507239, -0.2365403644845702202, 1.246152110891390885 ) ) ;
#4414 = CARTESIAN_POINT ( 'NONE',  ( -1.525000000000000133, 1.400000000000000133, 1.000068083900629290E-12 ) ) ;
#4415 = ORIENTED_EDGE ( 'NONE', *, *, #1338, .F. ) ;
#4416 = CIRCLE ( 'NONE', #12390, 0.1499999999989998778 ) ;
#4417 = FACE_OUTER_BOUND ( 'NONE', #7802, .T. ) ;
#4418 = ORIENTED_EDGE ( 'NONE', *, *, #7099, .F. ) ;
#4419 = DIRECTION ( 'NONE',  ( 0.000000000000000000, -3.491481338843000432E-15, 1.000000000000000000 ) ) ;
#4420 = EDGE_CURVE ( 'NONE', #12044, #778, #9694, .T. ) ;
#4421 = ADVANCED_FACE ( 'NONE', ( #10648 ), #4748, .T. ) ;
#4422 = CARTESIAN_POINT ( 'NONE',  ( -0.6502374838590000428, -0.6444415515699999375, 0.07000000000100004005 ) ) ;
#4423 = DIRECTION ( 'NONE',  ( 1.000000000000000000, 0.000000000000000000, 0.000000000000000000 ) ) ;
#4424 = FACE_OUTER_BOUND ( 'NONE', #7232, .T. ) ;
#4425 = DIRECTION ( 'NONE',  ( 5.421010862427522170E-16, 1.000000000000000000, 3.523657060577889805E-15 ) ) ;
#4426 = DIRECTION ( 'NONE',  ( -5.421010862426999550E-16, -1.000000000000000000, -3.491481338843000432E-15 ) ) ;
#4427 = CYLINDRICAL_SURFACE ( 'NONE', #11542, 0.7999999999999999334 ) ;
#4428 = VECTOR ( 'NONE', #9453, 1000.000000000000000 ) ;
#4429 = VECTOR ( 'NONE', #2432, 1000.000000000000000 ) ;
#4430 = AXIS2_PLACEMENT_3D ( 'NONE', #5958, #8648, #5762 ) ;
#4431 = ORIENTED_EDGE ( 'NONE', *, *, #6679, .T. ) ;
#4432 = ORIENTED_EDGE ( 'NONE', *, *, #7947, .F. ) ;
#4433 = PLANE ( 'NONE',  #11594 ) ;
#4434 = CARTESIAN_POINT ( 'NONE',  ( 0.2750000000000000222, 1.800000000000000044, 0.1000000000010001083 ) ) ;
#4435 = ORIENTED_EDGE ( 'NONE', *, *, #11634, .T. ) ;
#4436 = CARTESIAN_POINT ( 'NONE',  ( 0.6054526567490000621, -1.607815657589999780, 0.07000000000100004005 ) ) ;
#4437 = DIRECTION ( 'NONE',  ( 0.000000000000000000, -4.336808689942000381E-15, 1.000000000000000000 ) ) ;
#4438 = AXIS2_PLACEMENT_3D ( 'NONE', #1653, #8382, #6461 ) ;
#4439 = AXIS2_PLACEMENT_3D ( 'NONE', #2965, #4759, #5912 ) ;
#4440 = ADVANCED_FACE ( 'NONE', ( #1993 ), #5968, .T. ) ;
#4441 = EDGE_CURVE ( 'NONE', #12120, #761, #11268, .T. ) ;
#4442 = CARTESIAN_POINT ( 'NONE',  ( 1.525000000000000133, 0.3783882181409999323, 1.000068083900629290E-12 ) ) ;
#4443 = EDGE_CURVE ( 'NONE', #4130, #570, #6926, .T. ) ;
#4444 = CARTESIAN_POINT ( 'NONE',  ( -0.8696850325960000516, -1.510372837847000049, 0.05000000000099998065 ) ) ;
#4445 = DIRECTION ( 'NONE',  ( 0.000000000000000000, 3.610065951458000973E-15, -1.000000000000000000 ) ) ;
#4446 = CARTESIAN_POINT ( 'NONE',  ( -1.169761209376000144, -0.6713254634039997892, 0.05000000000099998065 ) ) ;
#4447 = ORIENTED_EDGE ( 'NONE', *, *, #5378, .T. ) ;
#4448 = ORIENTED_EDGE ( 'NONE', *, *, #9910, .T. ) ;
#4449 = LINE ( 'NONE', #12450, #2157 ) ;
#4450 = CARTESIAN_POINT ( 'NONE',  ( -4.219805929102567355, 1.895952580123212217, 2.710258761193574895 ) ) ;
#4451 = EDGE_CURVE ( 'NONE', #11296, #3188, #10753, .T. ) ;
#4452 = DIRECTION ( 'NONE',  ( 3.187765602329180277E-30, 1.000000000000000000, 3.491481338843000432E-15 ) ) ;
#4453 = DIRECTION ( 'NONE',  ( 0.000000000000000000, 1.000000000000000000, 3.491481338843000432E-15 ) ) ;
#4454 = ORIENTED_EDGE ( 'NONE', *, *, #9286, .F. ) ;
#4455 = ORIENTED_EDGE ( 'NONE', *, *, #5790, .T. ) ;
#4456 = CARTESIAN_POINT ( 'NONE',  ( -1.025000000000000133, 1.800000000000000044, 0.1000000000010001083 ) ) ;
#4457 = ORIENTED_EDGE ( 'NONE', *, *, #5694, .T. ) ;
#4458 = LINE ( 'NONE', #6624, #12579 ) ;
#4459 = LINE ( 'NONE', #8432, #776 ) ;
#4460 = VECTOR ( 'NONE', #7032, 1000.000000000000000 ) ;
#4461 = VERTEX_POINT ( 'NONE', #3985 ) ;
#4462 = EDGE_CURVE ( 'NONE', #3902, #11319, #9417, .T. ) ;
#4463 = VERTEX_POINT ( 'NONE', #10847 ) ;
#4464 = EDGE_CURVE ( 'NONE', #91, #9176, #7754, .T. ) ;
#4465 = DIRECTION ( 'NONE',  ( 0.000000000000000000, 1.000000000000000000, 3.491481338843000432E-15 ) ) ;
#4466 = CARTESIAN_POINT ( 'NONE',  ( -3.803095189483999938, -9.116756773326001095, 2.709999999998999876 ) ) ;
#4467 = APPLICATION_CONTEXT ( 'automotive_design' ) ;
#4468 = ORIENTED_EDGE ( 'NONE', *, *, #1427, .T. ) ;
#4469 = CARTESIAN_POINT ( 'NONE',  ( -3.219999999998999662, -5.899999999998999378, 1.300000000000000044 ) ) ;
#4470 = ORIENTED_EDGE ( 'NONE', *, *, #10358, .F. ) ;
#4471 = CARTESIAN_POINT ( 'NONE',  ( -0.8246881367339999880, -1.510188709883000024, 0.05000000000099998065 ) ) ;
#4472 = LINE ( 'NONE', #6458, #2511 ) ;
#4473 = ORIENTED_EDGE ( 'NONE', *, *, #10700, .F. ) ;
#4474 = CARTESIAN_POINT ( 'NONE',  ( -0.6485116090120000010, -1.462073370729999988, 0.07000000000100004005 ) ) ;
#4475 = EDGE_CURVE ( 'NONE', #1955, #3597, #7888, .T. ) ;
#4476 = CARTESIAN_POINT ( 'NONE',  ( 3.219999999998999662, 1.999999999999000355, 1.959999999999999964 ) ) ;
#4477 = LINE ( 'NONE', #9404, #1038 ) ;
#4478 = VERTEX_POINT ( 'NONE', #11672 ) ;
#4479 = LINE ( 'NONE', #446, #2181 ) ;
#4480 = VERTEX_POINT ( 'NONE', #2886 ) ;
#4481 = LINE ( 'NONE', #3399, #11720 ) ;
#4482 = CARTESIAN_POINT ( 'NONE',  ( 1.626905487803999906, -1.486273930030999946, 0.07000000000100004005 ) ) ;
#4483 = LINE ( 'NONE', #9296, #7177 ) ;
#4484 = DIRECTION ( 'NONE',  ( -1.000000000000000000, 0.000000000000000000, 0.000000000000000000 ) ) ;
#4485 = CARTESIAN_POINT ( 'NONE',  ( -1.218674090743000038, -0.9732939425780000597, 0.05000000000099998065 ) ) ;
#4486 = CARTESIAN_POINT ( 'NONE',  ( 2.524999999999999911, 0.6000000000000003109, 0.05000000000099998065 ) ) ;
#4487 = ORIENTED_EDGE ( 'NONE', *, *, #5157, .T. ) ;
#4488 = ORIENTED_EDGE ( 'NONE', *, *, #11463, .F. ) ;
#4489 = EDGE_CURVE ( 'NONE', #7609, #6168, #8784, .T. ) ;
#4490 = DIRECTION ( 'NONE',  ( 0.000000000000000000, 3.491481338843000432E-15, -1.000000000000000000 ) ) ;
#4491 = CARTESIAN_POINT ( 'NONE',  ( 1.089774100045000083, -0.9596613422359998591, 0.07000000000100004005 ) ) ;
#4492 = AXIS2_PLACEMENT_3D ( 'NONE', #5308, #502, #2776 ) ;
#4493 = ORIENTED_EDGE ( 'NONE', *, *, #11032, .F. ) ;
#4494 = CARTESIAN_POINT ( 'NONE',  ( 0.9228928625050000223, -1.507374630228000001, 0.07000000000100004005 ) ) ;
#4495 = LINE ( 'NONE', #5580, #3940 ) ;
#4496 = CARTESIAN_POINT ( 'NONE',  ( -0.8753401403840000983, -1.620000046481000044, 0.05000000000099998065 ) ) ;
#4497 = FACE_OUTER_BOUND ( 'NONE', #2100, .T. ) ;
#4498 = LINE ( 'NONE', #7322, #11484 ) ;
#4499 = CARTESIAN_POINT ( 'NONE',  ( -1.474999999999000000, 0.9000000000000002442, 1.000068083900629290E-12 ) ) ;
#4500 = VECTOR ( 'NONE', #10124, 1000.000000000000000 ) ;
#4501 = CARTESIAN_POINT ( 'NONE',  ( -1.364929485618000093, -1.035777557921000014, 0.05000000000099998065 ) ) ;
#4502 = ORIENTED_EDGE ( 'NONE', *, *, #2659, .T. ) ;
#4503 = VERTEX_POINT ( 'NONE', #8852 ) ;
#4504 = EDGE_CURVE ( 'NONE', #7243, #7584, #9619, .T. ) ;
#4505 = FACE_OUTER_BOUND ( 'NONE', #11979, .T. ) ;
#4506 = VECTOR ( 'NONE', #3719, 1000.000000000000000 ) ;
#4507 = AXIS2_PLACEMENT_3D ( 'NONE', #12625, #5006, #5902 ) ;
#4508 = CARTESIAN_POINT ( 'NONE',  ( -1.365418135081000184, -1.108816331384000042, 0.05000000000099998065 ) ) ;
#4509 = CIRCLE ( 'NONE', #3293, 0.2000000000000000944 ) ;
#4510 = DIRECTION ( 'NONE',  ( -1.000000000000000000, 0.000000000000000000, 0.000000000000000000 ) ) ;
#4511 = CARTESIAN_POINT ( 'NONE',  ( 4.169999999998999840, 1.199999999999000089, 1.959999999999999964 ) ) ;
#4512 = ORIENTED_EDGE ( 'NONE', *, *, #9888, .T. ) ;
#4513 = VECTOR ( 'NONE', #6089, 1000.000000000000000 ) ;
#4514 = ORIENTED_EDGE ( 'NONE', *, *, #1805, .T. ) ;
#4515 = FACE_OUTER_BOUND ( 'NONE', #5731, .T. ) ;
#4516 = ORIENTED_EDGE ( 'NONE', *, *, #9065, .T. ) ;
#4517 = LINE ( 'NONE', #605, #5019 ) ;
#4518 = VECTOR ( 'NONE', #6544, 1000.000000000000000 ) ;
#4519 = EDGE_CURVE ( 'NONE', #11184, #6844, #8912, .T. ) ;
#4520 = LINE ( 'NONE', #1578, #6474 ) ;
#4521 = CARTESIAN_POINT ( 'NONE',  ( 1.612438620540999956, -1.430562291575999900, 0.07000000000100004005 ) ) ;
#4522 = ORIENTED_EDGE ( 'NONE', *, *, #6316, .F. ) ;
#4523 = VECTOR ( 'NONE', #6231, 1000.000000000000000 ) ;
#4524 = CARTESIAN_POINT ( 'NONE',  ( 2.024999999999999911, 0.1000000000000002554, 0.05000000000099998065 ) ) ;
#4525 = AXIS2_PLACEMENT_3D ( 'NONE', #7473, #11392, #2606 ) ;
#4526 = DIRECTION ( 'NONE',  ( -5.421010862426999550E-16, -1.000000000000000000, -3.491481338843000432E-15 ) ) ;
#4527 = VERTEX_POINT ( 'NONE', #6995 ) ;
#4528 = CARTESIAN_POINT ( 'NONE',  ( 4.169999999998999840, -3.949999999998999645, 1.300000000000000044 ) ) ;
#4529 = EDGE_LOOP ( 'NONE', ( #1629, #11724, #7474, #4333, #5676, #1638 ) ) ;
#4530 = DIRECTION ( 'NONE',  ( -1.000000000000000000, 0.000000000000000000, 0.000000000000000000 ) ) ;
#4531 = CARTESIAN_POINT ( 'NONE',  ( 3.219999999998999662, 1.999999999999000355, 1.959999999999999964 ) ) ;
#4532 = ORIENTED_EDGE ( 'NONE', *, *, #1042, .F. ) ;
#4533 = EDGE_CURVE ( 'NONE', #9602, #4233, #1163, .T. ) ;
#4534 = DIRECTION ( 'NONE',  ( 0.000000000000000000, 0.000000000000000000, 1.000000000000000000 ) ) ;
#4535 = DIRECTION ( 'NONE',  ( 0.000000000000000000, 1.000000000000000000, 0.000000000000000000 ) ) ;
#4536 = VERTEX_POINT ( 'NONE', #6035 ) ;
#4537 = VECTOR ( 'NONE', #1057, 1000.000000000000000 ) ;
#4538 = DIRECTION ( 'NONE',  ( 0.000000000000000000, -1.000000000000000000, -3.491481338843000432E-15 ) ) ;
#4539 = VERTEX_POINT ( 'NONE', #1418 ) ;
#4540 = DIRECTION ( 'NONE',  ( 0.000000000000000000, 1.000000000000000000, 3.491481338843000432E-15 ) ) ;
#4541 = CARTESIAN_POINT ( 'NONE',  ( -0.8183645892939999111, -0.5996714841510000227, 0.07000000000100004005 ) ) ;
#4542 = CARTESIAN_POINT ( 'NONE',  ( -4.169999999998999840, -2.508578643761999682, -0.2085786437620001377 ) ) ;
#4543 = LINE ( 'NONE', #9479, #5351 ) ;
#4544 = DIRECTION ( 'NONE',  ( 0.000000000000000000, -1.000000000000000000, -3.491481338843000432E-15 ) ) ;
#4545 = ADVANCED_FACE ( 'NONE', ( #11940 ), #7185, .F. ) ;
#4546 = AXIS2_PLACEMENT_3D ( 'NONE', #10580, #11797, #10640 ) ;
#4547 = CARTESIAN_POINT ( 'NONE',  ( 4.469999999998999662, 2.000000000000000444, 1.300000000000999911 ) ) ;
#4548 = EDGE_CURVE ( 'NONE', #3038, #12419, #10080, .T. ) ;
#4549 = ORIENTED_EDGE ( 'NONE', *, *, #6330, .T. ) ;
#4550 = ORIENTED_EDGE ( 'NONE', *, *, #2647, .F. ) ;
#4551 = CYLINDRICAL_SURFACE ( 'NONE', #5251, 0.2000000000000000944 ) ;
#4552 = CARTESIAN_POINT ( 'NONE',  ( 0.6334459889910000197, -0.6092501828469999436, 0.05000000000099998065 ) ) ;
#4553 = EDGE_LOOP ( 'NONE', ( #11902, #4996, #4184, #12692 ) ) ;
#4554 = CARTESIAN_POINT ( 'NONE',  ( 3.399999999998999822, 0.000000000000000000, -0.4999999999989999666 ) ) ;
#4555 = CARTESIAN_POINT ( 'NONE',  ( 1.109356929667000058, -1.138928335626000043, 0.05000000000099998065 ) ) ;
#4556 = VECTOR ( 'NONE', #5442, 1000.000000000000000 ) ;
#4557 = FACE_OUTER_BOUND ( 'NONE', #1201, .T. ) ;
#4558 = AXIS2_PLACEMENT_3D ( 'NONE', #3291, #5277, #7005 ) ;
#4559 = CARTESIAN_POINT ( 'NONE',  ( 4.169999999998999840, 2.000000000000000444, -0.3499999999989999999 ) ) ;
#4560 = DIRECTION ( 'NONE',  ( 0.000000000000000000, 1.000000000000000000, 2.891205793294678622E-15 ) ) ;
#4561 = CARTESIAN_POINT ( 'NONE',  ( 0.000000000000000000, -5.299999999998999733, 1.429999999999999938 ) ) ;
#4562 = LINE ( 'NONE', #2451, #8933 ) ;
#4563 = EDGE_CURVE ( 'NONE', #10528, #10722, #6226, .T. ) ;
#4564 = VECTOR ( 'NONE', #4066, 1000.000000000000000 ) ;
#4565 = CARTESIAN_POINT ( 'NONE',  ( -0.9980027766179999649, -0.6035428661009998308, 0.07000000000100004005 ) ) ;
#4566 = AXIS2_PLACEMENT_3D ( 'NONE', #12626, #6860, #2650 ) ;
#4567 = ORIENTED_EDGE ( 'NONE', *, *, #10179, .T. ) ;
#4568 = ORIENTED_EDGE ( 'NONE', *, *, #934, .F. ) ;
#4569 = CARTESIAN_POINT ( 'NONE',  ( -4.169999999998999840, 0.6000000000000003109, 0.1000000000010001083 ) ) ;
#4570 = CARTESIAN_POINT ( 'NONE',  ( -2.724999999999000000, 1.678388218141000365, 1.000068083900629290E-12 ) ) ;
#4571 = LINE ( 'NONE', #8602, #2391 ) ;
#4572 = VECTOR ( 'NONE', #7936, 1000.000000000000000 ) ;
#4573 = DIRECTION ( 'NONE',  ( 1.000000000000000000, 0.000000000000000000, 0.000000000000000000 ) ) ;
#4574 = EDGE_CURVE ( 'NONE', #7606, #2486, #10142, .T. ) ;
#4575 = CIRCLE ( 'NONE', #11746, 0.9499999999990000887 ) ;
#4576 = LINE ( 'NONE', #7332, #8204 ) ;
#4577 = EDGE_LOOP ( 'NONE', ( #501, #5743, #8398, #7656 ) ) ;
#4578 = ORIENTED_EDGE ( 'NONE', *, *, #3454, .T. ) ;
#4579 = CARTESIAN_POINT ( 'NONE',  ( -1.226225334985999949, -1.012700664422999663, 0.05000000000099998065 ) ) ;
#4580 = ORIENTED_EDGE ( 'NONE', *, *, #1614, .F. ) ;
#4581 = FACE_OUTER_BOUND ( 'NONE', #6337, .T. ) ;
#4582 = CARTESIAN_POINT ( 'NONE',  ( -0.7459426937460000850, -0.6116081032859997935, 0.05000000000099998065 ) ) ;
#4583 = AXIS2_PLACEMENT_3D ( 'NONE', #11398, #5306, #10433 ) ;
#4584 = CARTESIAN_POINT ( 'NONE',  ( -0.7459426937460000850, -0.6116081032859997935, 0.05000000000099998065 ) ) ;
#4585 = ORIENTED_EDGE ( 'NONE', *, *, #1342, .F. ) ;
#4586 = CARTESIAN_POINT ( 'NONE',  ( 2.474999999998999556, 1.800000000000000044, 0.05000000000099998065 ) ) ;
#4587 = EDGE_CURVE ( 'NONE', #3283, #6729, #387, .T. ) ;
#4588 = ADVANCED_FACE ( 'NONE', ( #4112 ), #1293, .F. ) ;
#4589 = FACE_OUTER_BOUND ( 'NONE', #548, .T. ) ;
#4590 = ORIENTED_EDGE ( 'NONE', *, *, #11222, .F. ) ;
#4591 = CARTESIAN_POINT ( 'NONE',  ( -4.469999999998999662, -1.699999999999999956, -2.399999999999999911 ) ) ;
#4592 = VERTEX_POINT ( 'NONE', #9046 ) ;
#4593 = DIRECTION ( 'NONE',  ( 0.000000000000000000, -3.664953686440000749E-15, 1.000000000000000000 ) ) ;
#4594 = LINE ( 'NONE', #1526, #10123 ) ;
#4595 = ORIENTED_EDGE ( 'NONE', *, *, #768, .T. ) ;
#4596 = CARTESIAN_POINT ( 'NONE',  ( 2.225000000000000089, 0.9000000000000002442, 1.000068083900629290E-12 ) ) ;
#4597 = LINE ( 'NONE', #11456, #8209 ) ;
#4598 = ORIENTED_EDGE ( 'NONE', *, *, #4451, .T. ) ;
#4599 = CARTESIAN_POINT ( 'NONE',  ( -2.774999999999000266, -9.116756773326001095, 0.04999999999999991257 ) ) ;
#4600 = VERTEX_POINT ( 'NONE', #323 ) ;
#4601 = CARTESIAN_POINT ( 'NONE',  ( 0.08536585365800000713, -1.608225149542999999, 0.05000000000099998065 ) ) ;
#4602 = EDGE_CURVE ( 'NONE', #2405, #718, #3347, .T. ) ;
#4603 = DIRECTION ( 'NONE',  ( 0.000000000000000000, 1.000000000000000000, 3.523657060582293621E-15 ) ) ;
#4604 = LINE ( 'NONE', #1717, #3808 ) ;
#4605 = DIRECTION ( 'NONE',  ( 1.000000000000000000, 0.000000000000000000, 0.000000000000000000 ) ) ;
#4606 = LINE ( 'NONE', #8336, #5026 ) ;
#4607 = LINE ( 'NONE', #11469, #9088 ) ;
#4608 = ORIENTED_EDGE ( 'NONE', *, *, #1173, .T. ) ;
#4610 = ORIENTED_EDGE ( 'NONE', *, *, #972, .F. ) ;
#4609 = VECTOR ( 'NONE', #8191, 1000.000000000000000 ) ;
#4611 = CARTESIAN_POINT ( 'NONE',  ( -4.469999999998999662, -3.949999999998999645, -0.06715728752500009502 ) ) ;
#4612 = CIRCLE ( 'NONE', #8695, 0.1499999999989998778 ) ;
#4613 = CARTESIAN_POINT ( 'NONE',  ( 0.5959318755150000424, -0.6085714549189998879, 0.05000000000099998065 ) ) ;
#4614 = EDGE_LOOP ( 'NONE', ( #9865, #4415, #2240, #10450 ) ) ;
#4615 = DIRECTION ( 'NONE',  ( 5.421010862434297499E-16, -1.000000000000000000, -3.523657060582293621E-15 ) ) ;
#4616 = CARTESIAN_POINT ( 'NONE',  ( 0.7928008365959999804, -1.575891635097000032, 0.05000000000099998065 ) ) ;
#4617 = LINE ( 'NONE', #8527, #10088 ) ;
#4618 = EDGE_CURVE ( 'NONE', #4992, #6520, #3220, .T. ) ;
#4619 = DIRECTION ( 'NONE',  ( 1.000000000000000000, 0.000000000000000000, 0.000000000000000000 ) ) ;
#4620 = CARTESIAN_POINT ( 'NONE',  ( 0.000000000000000000, -5.299999999998999733, 1.429999999999999938 ) ) ;
#4621 = ADVANCED_FACE ( 'NONE', ( #1355 ), #12185, .F. ) ;
#4622 = VECTOR ( 'NONE', #713, 1000.000000000000000 ) ;
#4623 = CIRCLE ( 'NONE', #536, 0.2000000000000000944 ) ;
#4624 = DIRECTION ( 'NONE',  ( 1.000000000000000000, 0.000000000000000000, 0.000000000000000000 ) ) ;
#4625 = DIRECTION ( 'NONE',  ( 0.000000000000000000, 1.000000000000000000, 3.491481338843000432E-15 ) ) ;
#4626 = VECTOR ( 'NONE', #11858, 1000.000000000000000 ) ;
#4627 = CARTESIAN_POINT ( 'NONE',  ( -1.316988156574000035, -0.8449890293229999072, 0.07000000000100004005 ) ) ;
#4628 = ORIENTED_EDGE ( 'NONE', *, *, #3571, .F. ) ;
#4629 = ORIENTED_EDGE ( 'NONE', *, *, #6528, .T. ) ;
#4630 = ORIENTED_EDGE ( 'NONE', *, *, #441, .F. ) ;
#4631 = PLANE ( 'NONE',  #5938 ) ;
#4632 = DIRECTION ( 'NONE',  ( -0.3363908276650962592, 0.9417224702972694095, 3.288006431411938163E-15 ) ) ;
#4633 = AXIS2_PLACEMENT_3D ( 'NONE', #9097, #4231, #6213 ) ;
#4634 = AXIS2_PLACEMENT_3D ( 'NONE', #2004, #9831, #2071 ) ;
#4635 = ADVANCED_FACE ( 'NONE', ( #7125 ), #5268, .F. ) ;
#4636 = AXIS2_PLACEMENT_3D ( 'NONE', #4329, #8172, #411 ) ;
#4637 = CARTESIAN_POINT ( 'NONE',  ( -0.7749999999990000443, 0.6000000000000003109, 0.3500000000010001222 ) ) ;
#4638 = FACE_OUTER_BOUND ( 'NONE', #11507, .T. ) ;
#4639 = ORIENTED_EDGE ( 'NONE', *, *, #11619, .T. ) ;
#4640 = VERTEX_POINT ( 'NONE', #9235 ) ;
#4641 = CIRCLE ( 'NONE', #6253, 0.7999999999999999334 ) ;
#4642 = ORIENTED_EDGE ( 'NONE', *, *, #4699, .T. ) ;
#4643 = DIRECTION ( 'NONE',  ( -1.000000000000000000, 0.000000000000000000, 0.000000000000000000 ) ) ;
#4644 = DIRECTION ( 'NONE',  ( 0.000000000000000000, -1.000000000000000000, -2.891205793313955622E-15 ) ) ;
#4645 = EDGE_CURVE ( 'NONE', #893, #10064, #12067, .T. ) ;
#4646 = EDGE_CURVE ( 'NONE', #7727, #2701, #5134, .T. ) ;
#4647 = CARTESIAN_POINT ( 'NONE',  ( 0.8687948164700000087, -1.403504788543999959, 0.07000000000100004005 ) ) ;
#4648 = ORIENTED_EDGE ( 'NONE', *, *, #2382, .F. ) ;
#4649 = DIRECTION ( 'NONE',  ( -5.421010862426999550E-16, -1.000000000000000000, -3.491481338843000432E-15 ) ) ;
#4650 = DIRECTION ( 'NONE',  ( -1.000000000000000000, 0.000000000000000000, 0.000000000000000000 ) ) ;
#4651 = ORIENTED_EDGE ( 'NONE', *, *, #5657, .T. ) ;
#4652 = ORIENTED_EDGE ( 'NONE', *, *, #6189, .F. ) ;
#4653 = CARTESIAN_POINT ( 'NONE',  ( -0.8561356707309999425, -1.510664173932999788, 0.07000000000100004005 ) ) ;
#4654 = CARTESIAN_POINT ( 'NONE',  ( -0.9980027766179999649, -0.6035428661009998308, 0.05000000000099998065 ) ) ;
#4655 = ORIENTED_EDGE ( 'NONE', *, *, #7366, .T. ) ;
#4656 = DIRECTION ( 'NONE',  ( 0.000000000000000000, 1.000000000000000000, 3.491481338843000432E-15 ) ) ;
#4657 = EDGE_CURVE ( 'NONE', #2357, #5522, #11523, .T. ) ;
#4658 = EDGE_CURVE ( 'NONE', #890, #6480, #6164, .T. ) ;
#4659 = CARTESIAN_POINT ( 'NONE',  ( -4.169999999998999840, 1.349999999999000000, 1.859999999999999876 ) ) ;
#4660 = VERTEX_POINT ( 'NONE', #516 ) ;
#4661 = ORIENTED_EDGE ( 'NONE', *, *, #2161, .F. ) ;
#4662 = CARTESIAN_POINT ( 'NONE',  ( -1.974999999999000222, 0.9000000000000002442, 1.000068083900629290E-12 ) ) ;
#4663 = CARTESIAN_POINT ( 'NONE',  ( 1.638243466998000164, -1.429249324850999869, 0.07000000000100004005 ) ) ;
#4664 = CARTESIAN_POINT ( 'NONE',  ( -0.7749999999990000443, 0.1000000000000002554, 1.000068083900629290E-12 ) ) ;
#4665 = VECTOR ( 'NONE', #2991, 1000.000000000000000 ) ;
#4666 = LINE ( 'NONE', #6707, #6340 ) ;
#4667 = PLANE ( 'NONE',  #10183 ) ;
#4668 = DIRECTION ( 'NONE',  ( -5.421010862426999550E-16, 1.000000000000000000, 0.000000000000000000 ) ) ;
#4669 = ORIENTED_EDGE ( 'NONE', *, *, #7986, .T. ) ;
#4670 = ORIENTED_EDGE ( 'NONE', *, *, #10975, .T. ) ;
#4671 = DIRECTION ( 'NONE',  ( 0.000000000000000000, 3.491481338843000432E-15, -1.000000000000000000 ) ) ;
#4672 = EDGE_CURVE ( 'NONE', #1123, #6353, #10270, .T. ) ;
#4673 = CARTESIAN_POINT ( 'NONE',  ( 0.9612785924039999319, -0.7475582226589999602, 0.07000000000100004005 ) ) ;
#4674 = ORIENTED_EDGE ( 'NONE', *, *, #6424, .F. ) ;
#4675 = LINE ( 'NONE', #12491, #4506 ) ;
#4676 = CARTESIAN_POINT ( 'NONE',  ( 1.641092033899999914, -1.420141813263999797, 0.05000000000099998065 ) ) ;
#4677 = DIRECTION ( 'NONE',  ( 0.000000000000000000, -3.491481338843000432E-15, 1.000000000000000000 ) ) ;
#4678 = DIRECTION ( 'NONE',  ( 0.000000000000000000, -1.000000000000000000, -3.491481338843000432E-15 ) ) ;
#4679 = CARTESIAN_POINT ( 'NONE',  ( 2.774999999999999911, 1.800000000000000044, 0.1000000000010001083 ) ) ;
#4680 = EDGE_CURVE ( 'NONE', #10948, #7252, #8337, .T. ) ;
#4681 = DIRECTION ( 'NONE',  ( 1.000000000000000000, 0.000000000000000000, 0.000000000000000000 ) ) ;
#4682 = CARTESIAN_POINT ( 'NONE',  ( -1.206377465836000251, -1.267651626271000032, 0.05000000000099998065 ) ) ;
#4683 = CARTESIAN_POINT ( 'NONE',  ( -1.089142849635000188, -0.6291144553100000980, 0.07000000000100004005 ) ) ;
#4684 = ORIENTED_EDGE ( 'NONE', *, *, #5889, .F. ) ;
#4685 = ORIENTED_EDGE ( 'NONE', *, *, #6873, .T. ) ;
#4686 = ORIENTED_EDGE ( 'NONE', *, *, #11072, .T. ) ;
#4687 = ADVANCED_FACE ( 'NONE', ( #5390 ), #12243, .F. ) ;
#4688 = DIRECTION ( 'NONE',  ( 1.000000000000000000, 0.000000000000000000, 0.000000000000000000 ) ) ;
#4689 = ADVANCED_FACE ( 'NONE', ( #9492 ), #9307, .T. ) ;
#4690 = PLANE ( 'NONE',  #9320 ) ;
#4691 = CARTESIAN_POINT ( 'NONE',  ( -1.330764114351999927, -1.305194529465000031, 0.05000000000099998065 ) ) ;
#4692 = VECTOR ( 'NONE', #8438, 1000.000000000000000 ) ;
#4693 = DIRECTION ( 'NONE',  ( 0.000000000000000000, 1.000000000000000000, 3.252606517472775670E-15 ) ) ;
#4694 = ORIENTED_EDGE ( 'NONE', *, *, #3465, .T. ) ;
#4695 = ORIENTED_EDGE ( 'NONE', *, *, #11585, .T. ) ;
#4696 = ADVANCED_FACE ( 'NONE', ( #10279 ), #431, .T. ) ;
#4697 = ORIENTED_EDGE ( 'NONE', *, *, #5790, .F. ) ;
#4698 = CARTESIAN_POINT ( 'NONE',  ( 4.169999999998999840, -1.300000000000000044, 1.300000000000999911 ) ) ;
#4699 = EDGE_CURVE ( 'NONE', #8596, #10820, #11583, .T. ) ;
#4700 = AXIS2_PLACEMENT_3D ( 'NONE', #210, #3243, #5989 ) ;
#4701 = EDGE_CURVE ( 'NONE', #7190, #5022, #7319, .T. ) ;
#4702 = VECTOR ( 'NONE', #10207, 1000.000000000000000 ) ;
#4703 = PLANE ( 'NONE',  #4492 ) ;
#4704 = DIRECTION ( 'NONE',  ( -0.9659258262891938784, -9.423669931445886155E-16, 0.2588190451020520033 ) ) ;
#4705 = ORIENTED_EDGE ( 'NONE', *, *, #540, .T. ) ;
#4706 = DIRECTION ( 'NONE',  ( 0.000000000000000000, -1.000000000000000000, -3.491481338843000432E-15 ) ) ;
#4707 = VECTOR ( 'NONE', #9725, 1000.000000000000000 ) ;
#4708 = CARTESIAN_POINT ( 'NONE',  ( 0.8687948164700000087, -1.403504788543999959, 0.07000000000100004005 ) ) ;
#4709 = CIRCLE ( 'NONE', #9631, 0.1499999999989998778 ) ;
#4710 = ORIENTED_EDGE ( 'NONE', *, *, #1879, .F. ) ;
#4711 = ORIENTED_EDGE ( 'NONE', *, *, #6493, .F. ) ;
#4712 = DIRECTION ( 'NONE',  ( 0.000000000000000000, -1.000000000000000000, -3.515050951288000436E-15 ) ) ;
#4713 = VECTOR ( 'NONE', #9686, 1000.000000000000000 ) ;
#4714 = EDGE_CURVE ( 'NONE', #682, #11809, #515, .T. ) ;
#4715 = CARTESIAN_POINT ( 'NONE',  ( -3.399999999998999822, 0.1499999999999999667, -0.4999999999989999666 ) ) ;
#4716 = ORIENTED_EDGE ( 'NONE', *, *, #4224, .T. ) ;
#4717 = CARTESIAN_POINT ( 'NONE',  ( -4.169999999998999840, 0.7000000000000000666, 1.100000000000999956 ) ) ;
#4718 = LINE ( 'NONE', #6522, #7182 ) ;
#4719 = ORIENTED_EDGE ( 'NONE', *, *, #10587, .F. ) ;
#4720 = AXIS2_PLACEMENT_3D ( 'NONE', #2098, #9153, #3320 ) ;
#4721 = ORIENTED_EDGE ( 'NONE', *, *, #10322, .F. ) ;
#4722 = B_SPLINE_CURVE_WITH_KNOTS ( 'NONE', 3,
 ( #3077, #8841, #4101, #7050, #1153, #6985, #10909, #2114, #9812, #6025, #7743, #10970, #6092, #10007, #9747, #1214, #11660, #8775, #2875 ),
 .UNSPECIFIED., .F., .F.,
 ( 4, 2, 2, 1, 2, 2, 2, 2, 2, 4 ),
 ( 0.000000000000000000, 0.2500000000000033307, 0.3750000000000042744, 0.4375000000000038858, 0.4687500000000031641, 0.5000000000000024425, 0.6249999999999994449, 0.6874999999999978906, 0.7499999999999964473, 1.000000000000000000 ),
 .UNSPECIFIED. ) ;
#4723 = CARTESIAN_POINT ( 'NONE',  ( 4.169999999998999840, -9.116756773326001095, 0.04999999999999991257 ) ) ;
#4724 = CARTESIAN_POINT ( 'NONE',  ( 0.8443646979670000885, -0.7980282808829999297, 0.05000000000099998065 ) ) ;
#4725 = LINE ( 'NONE', #3770, #7690 ) ;
#4726 = ORIENTED_EDGE ( 'NONE', *, *, #1669, .F. ) ;
#4727 = LINE ( 'NONE', #39, #8388 ) ;
#4728 = ORIENTED_EDGE ( 'NONE', *, *, #6088, .F. ) ;
#4729 = CARTESIAN_POINT ( 'NONE',  ( -0.7046622837769999093, -1.486057298329999776, 0.05000000000099998065 ) ) ;
#4730 = ADVANCED_FACE ( 'NONE', ( #8468 ), #6484, .T. ) ;
#4731 = AXIS2_PLACEMENT_3D ( 'NONE', #7495, #698, #4605 ) ;
#4732 = CARTESIAN_POINT ( 'NONE',  ( -1.724999999999000000, 1.400000000000000133, 0.1000000000010001083 ) ) ;
#4733 = VECTOR ( 'NONE', #1189, 1000.000000000000114 ) ;
#4734 = VERTEX_POINT ( 'NONE', #11421 ) ;
#4735 = ORIENTED_EDGE ( 'NONE', *, *, #11004, .T. ) ;
#4736 = CARTESIAN_POINT ( 'NONE',  ( -0.7249999999989999999, 1.800000000000000044, 0.05000000000099998065 ) ) ;
#4737 = CARTESIAN_POINT ( 'NONE',  ( 1.073560338185000074, -0.9113285573969996944, 0.07000000000100004005 ) ) ;
#4738 = EDGE_LOOP ( 'NONE', ( #11847, #7841, #7633, #10516 ) ) ;
#4739 = CARTESIAN_POINT ( 'NONE',  ( 4.169999999998999840, -2.449999999998999645, -0.06715728752500009502 ) ) ;
#4740 = DIRECTION ( 'NONE',  ( 0.000000000000000000, -1.000000000000000000, -3.641026466082000599E-15 ) ) ;
#4741 = LINE ( 'NONE', #6784, #2303 ) ;
#4742 = CARTESIAN_POINT ( 'NONE',  ( -0.4268292682919999637, -1.608225149542999999, 0.05000000000099998065 ) ) ;
#4743 = CARTESIAN_POINT ( 'NONE',  ( -4.169999999998999840, -3.467157287524999632, -0.3500000000000000333 ) ) ;
#4744 = CIRCLE ( 'NONE', #12513, 0.7999999999999999334 ) ;
#4745 = CARTESIAN_POINT ( 'NONE',  ( 1.089782644519000199, -1.274928128916000158, 0.07000000000100004005 ) ) ;
#4746 = CARTESIAN_POINT ( 'NONE',  ( -0.8561356707309999425, -1.510664173932999788, 0.07000000000100004005 ) ) ;
#4747 = EDGE_CURVE ( 'NONE', #11319, #8023, #9748, .T. ) ;
#4748 = PLANE ( 'NONE',  #1236 ) ;
#4749 = VERTEX_POINT ( 'NONE', #11604 ) ;
#4750 = ORIENTED_EDGE ( 'NONE', *, *, #2708, .F. ) ;
#4751 = ORIENTED_EDGE ( 'NONE', *, *, #3498, .F. ) ;
#4752 = LINE ( 'NONE', #8728, #10857 ) ;
#4753 = VECTOR ( 'NONE', #7509, 1000.000000000000000 ) ;
#4754 = CYLINDRICAL_SURFACE ( 'NONE', #8905, 0.7999999999999999334 ) ;
#4755 = EDGE_CURVE ( 'NONE', #7584, #12514, #2750, .T. ) ;
#4756 = DIRECTION ( 'NONE',  ( 5.421010862434297499E-16, -1.000000000000000000, -3.523657060582293621E-15 ) ) ;
#4757 = AXIS2_PLACEMENT_3D ( 'NONE', #2111, #11727, #174 ) ;
#4758 = DIRECTION ( 'NONE',  ( 0.000000000000000000, -1.000000000000000000, -3.491481338843000432E-15 ) ) ;
#4759 = DIRECTION ( 'NONE',  ( 0.000000000000000000, 1.000000000000000000, 3.794707603699000462E-15 ) ) ;
#4760 = ADVANCED_FACE ( 'NONE', ( #11730 ), #833, .F. ) ;
#4761 = VECTOR ( 'NONE', #1659, 1000.000000000000000 ) ;
#4762 = ORIENTED_EDGE ( 'NONE', *, *, #584, .F. ) ;
#4763 = VECTOR ( 'NONE', #12528, 1000.000000000000000 ) ;
#4764 = EDGE_LOOP ( 'NONE', ( #941, #4798, #2966, #5807 ) ) ;
#4765 = ORIENTED_EDGE ( 'NONE', *, *, #9402, .T. ) ;
#4766 = DIRECTION ( 'NONE',  ( 0.000000000000000000, 1.000000000000000000, 4.336808689942015369E-15 ) ) ;
#4767 = CARTESIAN_POINT ( 'NONE',  ( -1.774999999999000044, -9.116756773326001095, 0.04999999999999991257 ) ) ;
#4768 = CARTESIAN_POINT ( 'NONE',  ( 2.774999999999999911, 2.200000000000000178, 0.1000000000010001083 ) ) ;
#4769 = VECTOR ( 'NONE', #11739, 1000.000000000000000 ) ;
#4770 = EDGE_CURVE ( 'NONE', #5882, #10702, #6782, .T. ) ;
#4771 = ORIENTED_EDGE ( 'NONE', *, *, #6733, .T. ) ;
#4772 = DIRECTION ( 'NONE',  ( -1.000000000000000000, 0.000000000000000000, 0.000000000000000000 ) ) ;
#4773 = ADVANCED_FACE ( 'NONE', ( #7623, #6849, #3013 ), #6658, .T. ) ;
#4774 = CARTESIAN_POINT ( 'NONE',  ( -3.824999999998999645, 0.9000000000000002442, -0.5499999999990000665 ) ) ;
#4775 = VERTEX_POINT ( 'NONE', #11544 ) ;
#4776 = ORIENTED_EDGE ( 'NONE', *, *, #4849, .T. ) ;
#4777 = DIRECTION ( 'NONE',  ( 0.000000000000000000, -1.000000000000000000, -3.252606517456511724E-15 ) ) ;
#4778 = CARTESIAN_POINT ( 'NONE',  ( 0.02500000000000000139, 0.9000000000000002442, 0.1000000000010001083 ) ) ;
#4779 = AXIS2_PLACEMENT_3D ( 'NONE', #6519, #11154, #4350 ) ;
#4780 = ORIENTED_EDGE ( 'NONE', *, *, #5613, .T. ) ;
#4781 = CARTESIAN_POINT ( 'NONE',  ( 3.956545993131999950, 1.199999999999000089, 2.559999999999999609 ) ) ;
#4782 = CARTESIAN_POINT ( 'NONE',  ( 0.4749999999989999999, 1.678388218141000365, 1.000068083900629290E-12 ) ) ;
#4783 = ORIENTED_EDGE ( 'NONE', *, *, #3761, .T. ) ;
#4784 = EDGE_CURVE ( 'NONE', #3136, #2404, #9685, .T. ) ;
#4785 = ORIENTED_EDGE ( 'NONE', *, *, #10131, .T. ) ;
#4786 = DIRECTION ( 'NONE',  ( -1.000000000000000000, 0.000000000000000000, 0.000000000000000000 ) ) ;
#4787 = DIRECTION ( 'NONE',  ( -5.421010862426999550E-16, 1.000000000000000000, 3.491481338843000432E-15 ) ) ;
#4788 = DIRECTION ( 'NONE',  ( 0.000000000000000000, -1.000000000000000000, -3.491481338843000432E-15 ) ) ;
#4789 = ORIENTED_EDGE ( 'NONE', *, *, #6347, .F. ) ;
#4790 = PLANE ( 'NONE',  #11658 ) ;
#4791 = VERTEX_POINT ( 'NONE', #11795 ) ;
#4792 = CARTESIAN_POINT ( 'NONE',  ( -0.6219512195119999420, -1.446639783688999925, 0.05000000000099998065 ) ) ;
#4793 = PLANE ( 'NONE',  #6828 ) ;
#4794 = ORIENTED_EDGE ( 'NONE', *, *, #1059, .T. ) ;
#4795 = ORIENTED_EDGE ( 'NONE', *, *, #8726, .T. ) ;
#4796 = LINE ( 'NONE', #1980, #6673 ) ;
#4797 = DIRECTION ( 'NONE',  ( 0.000000000000000000, -1.000000000000000000, -3.523657060582293621E-15 ) ) ;
#4798 = ORIENTED_EDGE ( 'NONE', *, *, #2268, .T. ) ;
#4799 = EDGE_CURVE ( 'NONE', #96, #10334, #9072, .T. ) ;
#4800 = LINE ( 'NONE', #12616, #2044 ) ;
#4801 = CARTESIAN_POINT ( 'NONE',  ( 1.089774100045000083, -0.9596613422359998591, 0.07000000000100004005 ) ) ;
#4802 = EDGE_CURVE ( 'NONE', #6517, #7859, #12617, .T. ) ;
#4803 = ORIENTED_EDGE ( 'NONE', *, *, #2801, .T. ) ;
#4804 = DIRECTION ( 'NONE',  ( 0.000000000000000000, 3.491481338843000432E-15, -1.000000000000000000 ) ) ;
#4805 = CARTESIAN_POINT ( 'NONE',  ( 3.219999999998999662, -4.349999999998999556, 1.300000000000000044 ) ) ;
#4806 = CARTESIAN_POINT ( 'NONE',  ( 0.9960792505309999934, -1.442154107456000034, 0.05000000000099998065 ) ) ;
#4807 = DIRECTION ( 'NONE',  ( -5.421010862426999550E-16, -1.000000000000000000, -3.491481338843000432E-15 ) ) ;
#4808 = CARTESIAN_POINT ( 'NONE',  ( -1.230686611792000118, -1.143079244315999832, 0.07000000000100004005 ) ) ;
#4809 = CARTESIAN_POINT ( 'NONE',  ( -4.469999999998999662, -0.1386758444990145445, 1.300000000001000355 ) ) ;
#4810 = LINE ( 'NONE', #10419, #884 ) ;
#4811 = VECTOR ( 'NONE', #2065, 1000.000000000000000 ) ;
#4812 = ORIENTED_EDGE ( 'NONE', *, *, #6810, .F. ) ;
#4813 = ORIENTED_EDGE ( 'NONE', *, *, #8201, .T. ) ;
#4814 = ORIENTED_EDGE ( 'NONE', *, *, #3957, .T. ) ;
#4815 = DIRECTION ( 'NONE',  ( 0.000000000000000000, -3.491481338843000432E-15, 1.000000000000000000 ) ) ;
#4816 = DIRECTION ( 'NONE',  ( 0.000000000000000000, 1.000000000000000000, 3.523657060577889805E-15 ) ) ;
#4817 = EDGE_CURVE ( 'NONE', #3533, #2019, #2876, .T. ) ;
#4818 = EDGE_CURVE ( 'NONE', #11654, #12473, #10708, .T. ) ;
#4819 = LINE ( 'NONE', #1109, #8639 ) ;
#4820 = VECTOR ( 'NONE', #11846, 1000.000000000000000 ) ;
#4821 = CARTESIAN_POINT ( 'NONE',  ( -5.750624847485999780, 2.000000000000000444, 1.709999999999999964 ) ) ;
#4822 = DIRECTION ( 'NONE',  ( 0.000000000000000000, -3.491481338843000432E-15, 1.000000000000000000 ) ) ;
#4823 = EDGE_LOOP ( 'NONE', ( #8327, #4375, #5357, #4013 ) ) ;
#4824 = DIRECTION ( 'NONE',  ( -1.000000000000000000, 0.000000000000000000, 0.000000000000000000 ) ) ;
#4825 = EDGE_LOOP ( 'NONE', ( #1953, #9906, #2082, #10224 ) ) ;
#4826 = ORIENTED_EDGE ( 'NONE', *, *, #9624, .F. ) ;
#4827 = AXIS2_PLACEMENT_3D ( 'NONE', #11621, #2766, #5784 ) ;
#4828 = LINE ( 'NONE', #12576, #2919 ) ;
#4829 = AXIS2_PLACEMENT_3D ( 'NONE', #4069, #10941, #5619 ) ;
#4830 = FACE_OUTER_BOUND ( 'NONE', #4115, .T. ) ;
#4831 = ADVANCED_FACE ( 'NONE', ( #5827, #4867 ), #8776, .T. ) ;
#4832 = FACE_OUTER_BOUND ( 'NONE', #4529, .T. ) ;
#4833 = CARTESIAN_POINT ( 'NONE',  ( -0.8076235459280000084, -0.7094652412399999886, 0.05000000000099998065 ) ) ;
#4834 = VERTEX_POINT ( 'NONE', #6986 ) ;
#4835 = FACE_OUTER_BOUND ( 'NONE', #6741, .T. ) ;
#4836 = AXIS2_PLACEMENT_3D ( 'NONE', #5689, #4926, #7680 ) ;
#4837 = CIRCLE ( 'NONE', #12025, 0.2000000000000000111 ) ;
#4838 = DIRECTION ( 'NONE',  ( 0.000000000000000000, 0.000000000000000000, 1.000000000000000000 ) ) ;
#4839 = ADVANCED_FACE ( 'NONE', ( #12119 ), #3335, .T. ) ;
#4840 = VERTEX_POINT ( 'NONE', #8142 ) ;
#4841 = ORIENTED_EDGE ( 'NONE', *, *, #11877, .F. ) ;
#4842 = CARTESIAN_POINT ( 'NONE',  ( 0.8443646979670000885, -0.7980282808829999297, 0.07000000000100004005 ) ) ;
#4843 = DIRECTION ( 'NONE',  ( 1.000000000000000000, 0.000000000000000000, 0.000000000000000000 ) ) ;
#4844 = ORIENTED_EDGE ( 'NONE', *, *, #12380, .T. ) ;
#4845 = AXIS2_PLACEMENT_3D ( 'NONE', #8626, #11642, #11708 ) ;
#4846 = FACE_OUTER_BOUND ( 'NONE', #3745, .T. ) ;
#4847 = EDGE_CURVE ( 'NONE', #7559, #6847, #248, .T. ) ;
#4848 = LINE ( 'NONE', #11773, #4665 ) ;
#4849 = EDGE_CURVE ( 'NONE', #10334, #11416, #1215, .T. ) ;
#4850 = ORIENTED_EDGE ( 'NONE', *, *, #12521, .F. ) ;
#4851 = EDGE_LOOP ( 'NONE', ( #1115, #8060, #4780, #9546 ) ) ;
#4852 = CARTESIAN_POINT ( 'NONE',  ( -1.365418135081000184, -1.108816331384000042, 0.07000000000100004005 ) ) ;
#4853 = DIRECTION ( 'NONE',  ( 1.000000000000000000, 0.000000000000000000, 0.000000000000000000 ) ) ;
#4854 = CARTESIAN_POINT ( 'NONE',  ( 3.219999999998999662, -2.049999999999000178, 1.300000000000000044 ) ) ;
#4855 = ORIENTED_EDGE ( 'NONE', *, *, #195, .T. ) ;
#4856 = DIRECTION ( 'NONE',  ( 1.000000000000000000, 0.000000000000000000, 0.000000000000000000 ) ) ;
#4857 = ORIENTED_EDGE ( 'NONE', *, *, #10147, .F. ) ;
#4858 = CARTESIAN_POINT ( 'NONE',  ( -0.6763190406260000120, -1.474917160155999829, 0.05000000000099998065 ) ) ;
#4859 = DIRECTION ( 'NONE',  ( -1.000000000000000000, -5.421010862426999550E-16, -1.892735826383000338E-30 ) ) ;
#4860 = EDGE_CURVE ( 'NONE', #11820, #5927, #10008, .T. ) ;
#4861 = ORIENTED_EDGE ( 'NONE', *, *, #9442, .T. ) ;
#4862 = ORIENTED_EDGE ( 'NONE', *, *, #11508, .F. ) ;
#4863 = LINE ( 'NONE', #3656, #2189 ) ;
#4864 = DIRECTION ( 'NONE',  ( 0.000000000000000000, 3.491481338843000432E-15, -1.000000000000000000 ) ) ;
#4865 = ORIENTED_EDGE ( 'NONE', *, *, #6243, .T. ) ;
#4866 = LINE ( 'NONE', #11729, #12684 ) ;
#4867 = FACE_OUTER_BOUND ( 'NONE', #4896, .T. ) ;
#4868 = EDGE_LOOP ( 'NONE', ( #3859, #3181, #12069, #12212 ) ) ;
#4869 = VECTOR ( 'NONE', #9780, 1000.000000000000000 ) ;
#4870 = FACE_OUTER_BOUND ( 'NONE', #11644, .T. ) ;
#4871 = CARTESIAN_POINT ( 'NONE',  ( -4.219999999998999662, 1.349999999999000000, 2.709999999999999520 ) ) ;
#4872 = CARTESIAN_POINT ( 'NONE',  ( 1.525000000000000133, 0.9000000000000002442, 0.1000000000010001083 ) ) ;
#4873 = LINE ( 'NONE', #7886, #5963 ) ;
#4874 = CARTESIAN_POINT ( 'NONE',  ( -1.071385730022999860, -1.448177140666999874, 0.05000000000099998065 ) ) ;
#4875 = CARTESIAN_POINT ( 'NONE',  ( -4.069999999999000195, -1.300000000000999911, 1.959999999999999964 ) ) ;
#4876 = CARTESIAN_POINT ( 'NONE',  ( -1.218674090743000038, -0.9732939425780000597, 0.05000000000099998065 ) ) ;
#4877 = EDGE_CURVE ( 'NONE', #4213, #5660, #7176, .T. ) ;
#4878 = ORIENTED_EDGE ( 'NONE', *, *, #2998, .F. ) ;
#4879 = EDGE_LOOP ( 'NONE', ( #11147, #8257, #2824, #2948 ) ) ;
#4880 = ORIENTED_EDGE ( 'NONE', *, *, #4207, .T. ) ;
#4881 = CARTESIAN_POINT ( 'NONE',  ( -0.7249999999989999999, 1.800000000000000044, 0.1000000000010001083 ) ) ;
#4882 = CARTESIAN_POINT ( 'NONE',  ( 4.234323600420666800, 1.267289475323951864, 2.691369462220255304 ) ) ;
#4883 = CARTESIAN_POINT ( 'NONE',  ( -1.025000000000000133, -9.116756773326001095, 0.04999999999999991257 ) ) ;
#4884 = CARTESIAN_POINT ( 'NONE',  ( -0.9627109506329999400, -1.612127741711000040, 0.05000000000099998065 ) ) ;
#4885 = DIRECTION ( 'NONE',  ( 0.000000000000000000, 3.610065951458000973E-15, -1.000000000000000000 ) ) ;
#4886 = DIRECTION ( 'NONE',  ( 0.000000000000000000, 3.491481338843000432E-15, -1.000000000000000000 ) ) ;
#4887 = ORIENTED_EDGE ( 'NONE', *, *, #10671, .F. ) ;
#4888 = LINE ( 'NONE', #6740, #3478 ) ;
#4889 = ORIENTED_EDGE ( 'NONE', *, *, #2611, .T. ) ;
#4890 = ADVANCED_FACE ( 'NONE', ( #6026 ), #9942, .T. ) ;
#4891 = ORIENTED_EDGE ( 'NONE', *, *, #6477, .F. ) ;
#4892 = CARTESIAN_POINT ( 'NONE',  ( -1.224999999999000000, -9.116756773326001095, 0.04999999999999991257 ) ) ;
#4893 = CARTESIAN_POINT ( 'NONE',  ( -0.9885255540599999780, -0.7199641882489999922, 0.07000000000100004005 ) ) ;
#4894 = DIRECTION ( 'NONE',  ( 1.000000000000000000, 0.000000000000000000, 0.000000000000000000 ) ) ;
#4895 = CARTESIAN_POINT ( 'NONE',  ( 5.000000000000000000, -1.949999999999994404, 0.1000000000000000472 ) ) ;
#4896 = EDGE_LOOP ( 'NONE', ( #10720, #7879, #8672, #5841, #1914 ) ) ;
#4897 = LINE ( 'NONE', #1759, #9045 ) ;
#4898 = FACE_OUTER_BOUND ( 'NONE', #7997, .T. ) ;
#4899 = EDGE_LOOP ( 'NONE', ( #10952, #2427, #2470, #297, #4986, #4516, #10495, #5684 ) ) ;
#4900 = ORIENTED_EDGE ( 'NONE', *, *, #7860, .F. ) ;
#4901 = LINE ( 'NONE', #7026, #1507 ) ;
#4902 = EDGE_CURVE ( 'NONE', #4600, #5991, #6280, .T. ) ;
#4903 = VECTOR ( 'NONE', #10223, 1000.000000000000000 ) ;
#4904 = CARTESIAN_POINT ( 'NONE',  ( 0.2750000000000000222, 1.678388218141000365, 0.8000000000009999113 ) ) ;
#4905 = ORIENTED_EDGE ( 'NONE', *, *, #569, .T. ) ;
#4906 = CARTESIAN_POINT ( 'NONE',  ( -4.469999999998999662, 1.849999999999000000, 1.709999999999999964 ) ) ;
#4907 = ORIENTED_EDGE ( 'NONE', *, *, #4168, .T. ) ;
#4908 = EDGE_CURVE ( 'NONE', #4348, #6706, #11101, .T. ) ;
#4909 = ORIENTED_EDGE ( 'NONE', *, *, #11755, .T. ) ;
#4910 = AXIS2_PLACEMENT_3D ( 'NONE', #6539, #3846, #12552 ) ;
#4911 = CARTESIAN_POINT ( 'NONE',  ( -1.364565772781000108, -1.146892682952999953, 0.07000000000100004005 ) ) ;
#4912 = AXIS2_PLACEMENT_3D ( 'NONE', #9118, #10023, #7132 ) ;
#4913 = CARTESIAN_POINT ( 'NONE',  ( 0.9745940671919999243, -1.072671762462000133, 0.05000000000099998065 ) ) ;
#4914 = CARTESIAN_POINT ( 'NONE',  ( 4.469999999998999662, -2.250000000000000000, 1.500000000000000000 ) ) ;
#4915 = VERTEX_POINT ( 'NONE', #4173 ) ;
#4916 = LINE ( 'NONE', #11650, #3063 ) ;
#4917 = ORIENTED_EDGE ( 'NONE', *, *, #7483, .T. ) ;
#4918 = CARTESIAN_POINT ( 'NONE',  ( 0.000000000000000000, 0.7000000000000000666, 1.100000000000999956 ) ) ;
#4919 = EDGE_CURVE ( 'NONE', #1887, #10198, #11191, .T. ) ;
#4920 = DIRECTION ( 'NONE',  ( 0.000000000000000000, 3.491481338843000432E-15, -1.000000000000000000 ) ) ;
#4921 = AXIS2_PLACEMENT_3D ( 'NONE', #5759, #892, #4797 ) ;
#4922 = VECTOR ( 'NONE', #8669, 1000.000000000000000 ) ;
#4923 = VERTEX_POINT ( 'NONE', #1347 ) ;
#4924 = ORIENTED_EDGE ( 'NONE', *, *, #6625, .T. ) ;
#4925 = AXIS2_PLACEMENT_3D ( 'NONE', #2216, #10037, #9069 ) ;
#4926 = DIRECTION ( 'NONE',  ( 1.000000000000000000, 0.000000000000000000, 0.000000000000000000 ) ) ;
#4927 = CARTESIAN_POINT ( 'NONE',  ( -1.829268292681999863, -1.608225149542999999, 0.05000000000099998065 ) ) ;
#4928 = ORIENTED_EDGE ( 'NONE', *, *, #10038, .F. ) ;
#4929 = CARTESIAN_POINT ( 'NONE',  ( -4.169999999998999840, -9.116756773326001095, 1.709999999998999876 ) ) ;
#4930 = DIRECTION ( 'NONE',  ( 0.000000000000000000, -3.491481338843000432E-15, 1.000000000000000000 ) ) ;
#4931 = ORIENTED_EDGE ( 'NONE', *, *, #11760, .F. ) ;
#4932 = EDGE_CURVE ( 'NONE', #2486, #10211, #1564, .T. ) ;
#4933 = LINE ( 'NONE', #11606, #6604 ) ;
#4934 = EDGE_CURVE ( 'NONE', #2006, #7150, #2369, .T. ) ;
#4935 = LINE ( 'NONE', #11798, #4713 ) ;
#4936 = CARTESIAN_POINT ( 'NONE',  ( 3.000000000000000000, -1.949999999999994182, 0.000000000000000000 ) ) ;
#4937 = AXIS2_PLACEMENT_3D ( 'NONE', #11174, #1363, #10338 ) ;
#4938 = DIRECTION ( 'NONE',  ( 0.000000000000000000, 3.491481338843000432E-15, -1.000000000000000000 ) ) ;
#4939 = CIRCLE ( 'NONE', #7595, 0.7999999999990000665 ) ;
#4940 = FACE_OUTER_BOUND ( 'NONE', #492, .T. ) ;
#4941 = EDGE_CURVE ( 'NONE', #6999, #3989, #8078, .T. ) ;
#4942 = ADVANCED_FACE ( 'NONE', ( #5191 ), #8968, .T. ) ;
#4943 = DIRECTION ( 'NONE',  ( 0.000000000000000000, 3.491481338843000432E-15, -1.000000000000000000 ) ) ;
#4944 = CARTESIAN_POINT ( 'NONE',  ( -1.157521680017000065, -0.8387997128339997888, 0.07000000000100004005 ) ) ;
#4945 = ORIENTED_EDGE ( 'NONE', *, *, #10321, .T. ) ;
#4946 = ORIENTED_EDGE ( 'NONE', *, *, #5934, .F. ) ;
#4947 = CARTESIAN_POINT ( 'NONE',  ( 3.399999999998999822, 0.1499999999999999667, -0.4999999999989999666 ) ) ;
#4948 = CARTESIAN_POINT ( 'NONE',  ( 4.219999999998999662, 1.349999999999000000, 2.709999999999999520 ) ) ;
#4949 = CARTESIAN_POINT ( 'NONE',  ( -4.169999999998999840, 2.000000000000000444, 1.300000000000999911 ) ) ;
#4950 = AXIS2_PLACEMENT_3D ( 'NONE', #3948, #1701, #9715 ) ;
#4951 = CARTESIAN_POINT ( 'NONE',  ( 3.219999999998999662, -9.116756773326001095, 1.959999999998999876 ) ) ;
#4952 = ADVANCED_FACE ( 'NONE', ( #314 ), #3209, .T. ) ;
#4953 = CARTESIAN_POINT ( 'NONE',  ( 0.9749999999989999999, 1.678388218141000365, 1.000068083900629290E-12 ) ) ;
#4954 = CARTESIAN_POINT ( 'NONE',  ( -3.220000000000000195, -5.900000000000000355, 3.209999999999000320 ) ) ;
#4955 = ORIENTED_EDGE ( 'NONE', *, *, #5709, .T. ) ;
#4956 = CARTESIAN_POINT ( 'NONE',  ( 1.025000000000000133, 0.1000000000000002554, 0.05000000000099998065 ) ) ;
#4957 = ORIENTED_EDGE ( 'NONE', *, *, #11564, .F. ) ;
#4958 = VECTOR ( 'NONE', #12137, 1000.000000000000000 ) ;
#4959 = ORIENTED_EDGE ( 'NONE', *, *, #4389, .T. ) ;
#4960 = CARTESIAN_POINT ( 'NONE',  ( 3.500000000000000000, -1.300000000000000044, 1.280000000000999894 ) ) ;
#4961 = VERTEX_POINT ( 'NONE', #177 ) ;
#4962 = CARTESIAN_POINT ( 'NONE',  ( -1.194223643855999883, -0.9014319053219999045, 0.07000000000100004005 ) ) ;
#4963 = VECTOR ( 'NONE', #347, 1000.000000000000000 ) ;
#4964 = PLANE ( 'NONE',  #3245 ) ;
#4965 = DIRECTION ( 'NONE',  ( -1.000000000000000000, 0.000000000000000000, 0.000000000000000000 ) ) ;
#4966 = EDGE_CURVE ( 'NONE', #9446, #1243, #8884, .T. ) ;
#4967 = ORIENTED_EDGE ( 'NONE', *, *, #12653, .T. ) ;
#4968 = DIRECTION ( 'NONE',  ( 1.000000000000000000, 0.000000000000000000, 0.000000000000000000 ) ) ;
#4969 = CIRCLE ( 'NONE', #6800, 1.249999999999000133 ) ;
#4970 = CARTESIAN_POINT ( 'NONE',  ( -3.500000000000000000, -1.300000000000999911, 1.979999999999999982 ) ) ;
#4971 = VERTEX_POINT ( 'NONE', #2617 ) ;
#4972 = ORIENTED_EDGE ( 'NONE', *, *, #5358, .T. ) ;
#4973 = CARTESIAN_POINT ( 'NONE',  ( 0.6254447318229999775, -0.7189423515299999679, 0.05000000000099998065 ) ) ;
#4974 = DIRECTION ( 'NONE',  ( -1.000000000000000000, 0.000000000000000000, 0.000000000000000000 ) ) ;
#4975 = ORIENTED_EDGE ( 'NONE', *, *, #11745, .T. ) ;
#4976 = SHAPE_DEFINITION_REPRESENTATION ( #6264, #9630 ) ;
#4977 = CARTESIAN_POINT ( 'NONE',  ( -2.950512834068999890, -5.385714285714000127, 1.515714285714999887 ) ) ;
#4978 = VERTEX_POINT ( 'NONE', #10199 ) ;
#4979 = EDGE_CURVE ( 'NONE', #1256, #2759, #10384, .T. ) ;
#4980 = EDGE_CURVE ( 'NONE', #6192, #12669, #3396, .T. ) ;
#4981 = VERTEX_POINT ( 'NONE', #9351 ) ;
#4982 = EDGE_CURVE ( 'NONE', #3764, #11419, #1409, .T. ) ;
#4983 = CARTESIAN_POINT ( 'NONE',  ( -0.8753401403840000983, -1.620000046481000044, 0.07000000000100004005 ) ) ;
#4984 = CARTESIAN_POINT ( 'NONE',  ( 0.5809832317070000585, -0.7179812471039999089, 0.07000000000100004005 ) ) ;
#4985 = DIRECTION ( 'NONE',  ( 0.000000000000000000, 1.000000000000000000, 3.252606517456511724E-15 ) ) ;
#4986 = ORIENTED_EDGE ( 'NONE', *, *, #4932, .T. ) ;
#4987 = AXIS2_PLACEMENT_3D ( 'NONE', #12052, #6082, #12109 ) ;
#4988 = CARTESIAN_POINT ( 'NONE',  ( -4.469999999998999662, 1.349999999999000000, 1.859999999999999876 ) ) ;
#4989 = EDGE_LOOP ( 'NONE', ( #5717, #3324, #3134, #7528 ) ) ;
#4990 = CARTESIAN_POINT ( 'NONE',  ( -3.854914532962551821, 1.244137521329014673, 2.666761894598931537 ) ) ;
#4991 = PLANE ( 'NONE',  #1102 ) ;
#4992 = VERTEX_POINT ( 'NONE', #8267 ) ;
#4993 = CARTESIAN_POINT ( 'NONE',  ( -4.169999999998999840, 0.6000000000000003109, 0.1000000000010001083 ) ) ;
#4994 = DIRECTION ( 'NONE',  ( 0.000000000000000000, -1.000000000000000000, -3.491481338843000432E-15 ) ) ;
#4995 = CYLINDRICAL_SURFACE ( 'NONE', #8644, 0.7999999999999999334 ) ;
#4996 = ORIENTED_EDGE ( 'NONE', *, *, #10617, .T. ) ;
#4997 = CARTESIAN_POINT ( 'NONE',  ( -3.817066970702539308, 1.292674713707389511, 2.698956766690333797 ) ) ;
#4998 = DIRECTION ( 'NONE',  ( -1.000000000000000000, 0.000000000000000000, 0.000000000000000000 ) ) ;
#4999 = ADVANCED_FACE ( 'NONE', ( #5380 ), #12293, .T. ) ;
#5000 = ORIENTED_EDGE ( 'NONE', *, *, #3957, .F. ) ;
#5001 = DIRECTION ( 'NONE',  ( 0.000000000000000000, -1.000000000000000000, -3.252606517456513696E-15 ) ) ;
#5002 = CARTESIAN_POINT ( 'NONE',  ( 4.469999999998999662, -4.149999999999000266, 1.300000000000000044 ) ) ;
#5003 = CARTESIAN_POINT ( 'NONE',  ( -1.963414634146000148, -1.608225149542999999, 0.07000000000100004005 ) ) ;
#5004 = FACE_OUTER_BOUND ( 'NONE', #6443, .T. ) ;
#5005 = CARTESIAN_POINT ( 'NONE',  ( -1.724999999999000000, 1.800000000000000044, -0.5499999999990000665 ) ) ;
#5006 = DIRECTION ( 'NONE',  ( -1.000000000000000000, 0.000000000000000000, 0.000000000000000000 ) ) ;
#5007 = DIRECTION ( 'NONE',  ( -5.421010862426999550E-16, 1.000000000000000000, 3.491481338843000432E-15 ) ) ;
#5008 = VERTEX_POINT ( 'NONE', #4358 ) ;
#5009 = ORIENTED_EDGE ( 'NONE', *, *, #12196, .F. ) ;
#5010 = PLANE ( 'NONE',  #6063 ) ;
#5011 = LINE ( 'NONE', #8983, #3497 ) ;
#5012 = CARTESIAN_POINT ( 'NONE',  ( 4.469999999998999662, -4.149999999999000266, 1.300000000000000044 ) ) ;
#5013 = EDGE_CURVE ( 'NONE', #3560, #8306, #4479, .T. ) ;
#5014 = ADVANCED_FACE ( 'NONE', ( #4417 ), #7357, .F. ) ;
#5015 = DIRECTION ( 'NONE',  ( -1.000000000000000000, 0.000000000000000000, 0.000000000000000000 ) ) ;
#5016 = FACE_OUTER_BOUND ( 'NONE', #1646, .T. ) ;
#5017 = CARTESIAN_POINT ( 'NONE',  ( 2.725000000000000089, 0.9000000000000002442, 0.1000000000010001083 ) ) ;
#5018 = DIRECTION ( 'NONE',  ( 1.000000000000000000, 0.000000000000000000, 0.000000000000000000 ) ) ;
#5019 = VECTOR ( 'NONE', #3746, 1000.000000000000000 ) ;
#5020 = VERTEX_POINT ( 'NONE', #3522 ) ;
#5021 = LINE ( 'NONE', #5787, #3281 ) ;
#5022 = VERTEX_POINT ( 'NONE', #506 ) ;
#5023 = DIRECTION ( 'NONE',  ( -1.000000000000000000, 0.000000000000000000, 0.000000000000000000 ) ) ;
#5024 = ADVANCED_FACE ( 'NONE', ( #11283 ), #2493, .T. ) ;
#5025 = DIRECTION ( 'NONE',  ( -1.000000000000000000, 0.000000000000000000, 0.000000000000000000 ) ) ;
#5026 = VECTOR ( 'NONE', #11351, 1000.000000000000000 ) ;
#5027 = CARTESIAN_POINT ( 'NONE',  ( 3.219999999998999662, -1.300000000000999911, 2.810000000000000053 ) ) ;
#5028 = CARTESIAN_POINT ( 'NONE',  ( -0.8786204268289999897, -0.7057861251529998770, 0.05000000000099998065 ) ) ;
#5029 = VERTEX_POINT ( 'NONE', #11343 ) ;
#5030 = LINE ( 'NONE', #4071, #230 ) ;
#5031 = CARTESIAN_POINT ( 'NONE',  ( -2.524999999998999822, 2.200000000000000178, 0.1000000000010001083 ) ) ;
#5032 = ORIENTED_EDGE ( 'NONE', *, *, #8163, .T. ) ;
#5033 = VECTOR ( 'NONE', #6865, 1000.000000000000000 ) ;
#5034 = ORIENTED_EDGE ( 'NONE', *, *, #6778, .T. ) ;
#5035 = AXIS2_PLACEMENT_3D ( 'NONE', #5658, #8421, #4693 ) ;
#5036 = CARTESIAN_POINT ( 'NONE',  ( -3.803095189483999938, 1.849999999999000000, 2.709999999999999520 ) ) ;
#5037 = AXIS2_PLACEMENT_3D ( 'NONE', #568, #630, #9291 ) ;
#5038 = CARTESIAN_POINT ( 'NONE',  ( -1.365853658535999937, -1.089360820273999941, 0.05000000000099998065 ) ) ;
#5039 = ORIENTED_EDGE ( 'NONE', *, *, #9976, .F. ) ;
#5040 = EDGE_CURVE ( 'NONE', #2715, #7876, #2556, .T. ) ;
#5041 = CARTESIAN_POINT ( 'NONE',  ( 2.225000000000000089, 0.3783882181409999323, 1.000068083900629290E-12 ) ) ;
#5042 = ORIENTED_EDGE ( 'NONE', *, *, #5217, .F. ) ;
#5043 = VECTOR ( 'NONE', #625, 1000.000000000000000 ) ;
#5044 = VECTOR ( 'NONE', #6610, 1000.000000000000000 ) ;
#5045 = ORIENTED_EDGE ( 'NONE', *, *, #7779, .T. ) ;
#5046 = AXIS2_PLACEMENT_3D ( 'NONE', #5412, #3176, #7083 ) ;
#5047 = CARTESIAN_POINT ( 'NONE',  ( -4.169999999998999840, -2.932842712473999747, -0.3500000000000000333 ) ) ;
#5048 = CARTESIAN_POINT ( 'NONE',  ( -1.724999999999000000, 1.800000000000000044, 0.05000000000099998065 ) ) ;
#5049 = VERTEX_POINT ( 'NONE', #11224 ) ;
#5050 = CARTESIAN_POINT ( 'NONE',  ( -0.8786204268289999897, -0.7057861251529998770, 0.05000000000099998065 ) ) ;
#5051 = ORIENTED_EDGE ( 'NONE', *, *, #5601, .F. ) ;
#5052 = FACE_OUTER_BOUND ( 'NONE', #5415, .T. ) ;
#5053 = DIRECTION ( 'NONE',  ( 0.000000000000000000, 1.000000000000000000, 4.336808689942015369E-15 ) ) ;
#5054 = CIRCLE ( 'NONE', #3827, 0.1999999999999996503 ) ;
#5055 = EDGE_CURVE ( 'NONE', #6421, #1364, #6405, .T. ) ;
#5056 = EDGE_CURVE ( 'NONE', #3822, #2405, #6524, .T. ) ;
#5057 = ORIENTED_EDGE ( 'NONE', *, *, #9301, .T. ) ;
#5058 = LINE ( 'NONE', #8963, #10624 ) ;
#5059 = DIRECTION ( 'NONE',  ( -5.421010862426999550E-16, 1.000000000000000000, 3.491481338843000432E-15 ) ) ;
#5060 = CARTESIAN_POINT ( 'NONE',  ( -1.224999999999000000, 2.200000000000000178, 0.1000000000010001083 ) ) ;
#5061 = ORIENTED_EDGE ( 'NONE', *, *, #263, .F. ) ;
#5062 = DIRECTION ( 'NONE',  ( 1.000000000000000000, 0.000000000000000000, 0.000000000000000000 ) ) ;
#5063 = CARTESIAN_POINT ( 'NONE',  ( 2.725000000000000089, 0.6000000000000003109, 0.3500000000010001222 ) ) ;
#5064 = ORIENTED_EDGE ( 'NONE', *, *, #4074, .T. ) ;
#5065 = CARTESIAN_POINT ( 'NONE',  ( -2.474999999998999556, 0.3783882181409999323, 1.000068083900629290E-12 ) ) ;
#5066 = CARTESIAN_POINT ( 'NONE',  ( 2.999999999998999911, -5.299999999999999822, 1.829999999998999982 ) ) ;
#5067 = PLANE ( 'NONE',  #10650 ) ;
#5068 = DIRECTION ( 'NONE',  ( 0.000000000000000000, 0.000000000000000000, 1.000000000000000000 ) ) ;
#5069 = CARTESIAN_POINT ( 'NONE',  ( -2.269999999998999929, -4.349999999998999556, 0.04999999999999991257 ) ) ;
#5070 = DIRECTION ( 'NONE',  ( -1.000000000000000000, 0.000000000000000000, 0.000000000000000000 ) ) ;
#5071 =( NAMED_UNIT ( * ) SI_UNIT ( $, .STERADIAN. ) SOLID_ANGLE_UNIT ( ) );
#5072 = EDGE_CURVE ( 'NONE', #2862, #10373, #2428, .T. ) ;
#5073 = ORIENTED_EDGE ( 'NONE', *, *, #12060, .T. ) ;
#5074 = ORIENTED_EDGE ( 'NONE', *, *, #1543, .F. ) ;
#5075 = CARTESIAN_POINT ( 'NONE',  ( 3.219999999998999662, 1.999999999999000355, 2.910000000000000142 ) ) ;
#5076 = PLANE ( 'NONE',  #10258 ) ;
#5077 = CARTESIAN_POINT ( 'NONE',  ( 1.622500076064000041, -1.479153037742000132, 0.05000000000099998065 ) ) ;
#5078 = DIRECTION ( 'NONE',  ( 0.000000000000000000, -3.491481338843000432E-15, 1.000000000000000000 ) ) ;
#5079 = CARTESIAN_POINT ( 'NONE',  ( 3.220000000000000195, -4.349999999998999556, 0.04999999999999991257 ) ) ;
#5080 = CARTESIAN_POINT ( 'NONE',  ( 4.189903475331749227, 1.950857314835539036, 2.748576681369074404 ) ) ;
#5081 = DIRECTION ( 'NONE',  ( 1.000000000000000000, 0.000000000000000000, 0.000000000000000000 ) ) ;
#5082 = CARTESIAN_POINT ( 'NONE',  ( 1.525000000000000133, 0.3783882181409999323, 0.8000000000009999113 ) ) ;
#5083 = DIRECTION ( 'NONE',  ( 0.000000000000000000, 0.000000000000000000, 1.000000000000000000 ) ) ;
#5084 = EDGE_CURVE ( 'NONE', #6651, #166, #3582, .T. ) ;
#5085 = EDGE_CURVE ( 'NONE', #2016, #12113, #6338, .T. ) ;
#5086 = EDGE_CURVE ( 'NONE', #5828, #3959, #8449, .T. ) ;
#5087 = EDGE_LOOP ( 'NONE', ( #9709, #1667, #7784, #9269 ) ) ;
#5088 = DIRECTION ( 'NONE',  ( 1.000000000000000000, 0.000000000000000000, 0.000000000000000000 ) ) ;
#5089 = CARTESIAN_POINT ( 'NONE',  ( -1.829268292681999863, -0.7179812471039999089, 0.07000000000100004005 ) ) ;
#5090 = PLANE ( 'NONE',  #5930 ) ;
#5091 = DIRECTION ( 'NONE',  ( 0.000000000000000000, 3.491481338843000432E-15, -1.000000000000000000 ) ) ;
#5092 = ORIENTED_EDGE ( 'NONE', *, *, #1416, .T. ) ;
#5093 = CARTESIAN_POINT ( 'NONE',  ( -1.724999999999000000, 1.678388218141000365, 0.8000000000009999113 ) ) ;
#5094 = EDGE_CURVE ( 'NONE', #3066, #9728, #1474, .T. ) ;
#5095 = DIRECTION ( 'NONE',  ( 0.000000000000000000, -1.000000000000000000, -3.491481338843000432E-15 ) ) ;
#5096 = VERTEX_POINT ( 'NONE', #3456 ) ;
#5097 = ORIENTED_EDGE ( 'NONE', *, *, #2042, .F. ) ;
#5098 = CARTESIAN_POINT ( 'NONE',  ( -3.722266308866037932, 1.967463366954146364, 2.766436678846737163 ) ) ;
#5099 = EDGE_CURVE ( 'NONE', #12024, #3764, #4007, .T. ) ;
#5100 = PLANE ( 'NONE',  #12340 ) ;
#5101 = ORIENTED_EDGE ( 'NONE', *, *, #2252, .T. ) ;
#5102 = CARTESIAN_POINT ( 'NONE',  ( 2.274999999999999911, 2.200000000000000178, 0.1000000000010001083 ) ) ;
#5103 = VERTEX_POINT ( 'NONE', #1122 ) ;
#5104 = VERTEX_POINT ( 'NONE', #10806 ) ;
#5105 = DIRECTION ( 'NONE',  ( 0.000000000000000000, 3.491481338843000432E-15, -1.000000000000000000 ) ) ;
#5106 = ADVANCED_FACE ( 'NONE', ( #10741 ), #7018, .T. ) ;
#5107 = EDGE_CURVE ( 'NONE', #10964, #3698, #5234, .T. ) ;
#5108 = DIRECTION ( 'NONE',  ( 0.000000000000000000, -1.000000000000000000, -3.491481338843000432E-15 ) ) ;
#5109 = VECTOR ( 'NONE', #11289, 1000.000000000000000 ) ;
#5110 = VERTEX_POINT ( 'NONE', #1055 ) ;
#5111 = FACE_OUTER_BOUND ( 'NONE', #878, .T. ) ;
#5112 = ORIENTED_EDGE ( 'NONE', *, *, #7060, .F. ) ;
#5113 = DIRECTION ( 'NONE',  ( 0.000000000000000000, -1.000000000000000000, -3.491481338843000432E-15 ) ) ;
#5114 = CARTESIAN_POINT ( 'NONE',  ( -3.399999999998999822, 0.000000000000000000, -0.4999999999989999666 ) ) ;
#5115 = ORIENTED_EDGE ( 'NONE', *, *, #10210, .T. ) ;
#5116 = ORIENTED_EDGE ( 'NONE', *, *, #1326, .T. ) ;
#5117 = DIRECTION ( 'NONE',  ( 0.000000000000000000, 3.491481338843000432E-15, -1.000000000000000000 ) ) ;
#5118 = CARTESIAN_POINT ( 'NONE',  ( 0.7750000000000000222, 1.400000000000000133, 0.05000000000099998065 ) ) ;
#5119 = LINE ( 'NONE', #9289, #9015 ) ;
#5120 = VECTOR ( 'NONE', #6726, 1000.000000000000000 ) ;
#5121 = EDGE_LOOP ( 'NONE', ( #7698, #7600, #7583, #1325, #2504, #261 ) ) ;
#5122 = DIRECTION ( 'NONE',  ( 0.000000000000000000, 1.000000000000000000, 3.610065951458000973E-15 ) ) ;
#5123 = DIRECTION ( 'NONE',  ( 0.000000000000000000, -3.790571593321000372E-15, 1.000000000000000000 ) ) ;
#5124 = AXIS2_PLACEMENT_3D ( 'NONE', #6172, #10087, #334 ) ;
#5125 = ORIENTED_EDGE ( 'NONE', *, *, #4982, .F. ) ;
#5126 = DIRECTION ( 'NONE',  ( 0.000000000000000000, 0.000000000000000000, 1.000000000000000000 ) ) ;
#5127 = EDGE_CURVE ( 'NONE', #5371, #570, #9339, .T. ) ;
#5128 = DIRECTION ( 'NONE',  ( -1.000000000000000000, 0.000000000000000000, 0.000000000000000000 ) ) ;
#5129 = LINE ( 'NONE', #6990, #4319 ) ;
#5130 = AXIS2_PLACEMENT_3D ( 'NONE', #7172, #8199, #443 ) ;
#5131 = LINE ( 'NONE', #10204, #1468 ) ;
#5132 = CARTESIAN_POINT ( 'NONE',  ( -2.974999999998999556, 0.9000000000000002442, 0.1000000000010001083 ) ) ;
#5133 = AXIS2_PLACEMENT_3D ( 'NONE', #9051, #2257, #1488 ) ;
#5134 = LINE ( 'NONE', #257, #2379 ) ;
#5135 = CARTESIAN_POINT ( 'NONE',  ( -0.8786204268289999897, -0.7057861251529998770, 0.05000000000099998065 ) ) ;
#5136 = AXIS2_PLACEMENT_3D ( 'NONE', #5262, #2313, #3276 ) ;
#5137 = ORIENTED_EDGE ( 'NONE', *, *, #7431, .F. ) ;
#5138 = ORIENTED_EDGE ( 'NONE', *, *, #3583, .F. ) ;
#5139 = CARTESIAN_POINT ( 'NONE',  ( 0.02500000000000000139, 0.3783882181409999323, 0.8000000000009999113 ) ) ;
#5140 = DIRECTION ( 'NONE',  ( 0.000000000000000000, -3.491481338843000432E-15, 1.000000000000000000 ) ) ;
#5141 = ORIENTED_EDGE ( 'NONE', *, *, #10568, .T. ) ;
#5142 = CARTESIAN_POINT ( 'NONE',  ( -0.5249999999990000443, 1.800000000000000044, 0.05000000000099998065 ) ) ;
#5143 = CARTESIAN_POINT ( 'NONE',  ( 3.219999999998999662, 2.000000000000000444, 1.300000000000999911 ) ) ;
#5144 = AXIS2_PLACEMENT_3D ( 'NONE', #10186, #9086, #7229 ) ;
#5145 = ADVANCED_FACE ( 'NONE', ( #2015 ), #2978, .T. ) ;
#5146 = EDGE_CURVE ( 'NONE', #7105, #6075, #211, .T. ) ;
#5147 = CARTESIAN_POINT ( 'NONE',  ( -4.469999999998999662, 2.000000000000000444, 1.300000000000999911 ) ) ;
#5148 = LINE ( 'NONE', #8988, #1039 ) ;
#5149 = CARTESIAN_POINT ( 'NONE',  ( 1.775000000000000133, 1.800000000000000044, 0.05000000000099998065 ) ) ;
#5150 = CARTESIAN_POINT ( 'NONE',  ( -1.040294406025000118, -1.467660947978999930, 0.07000000000100004005 ) ) ;
#5151 = EDGE_LOOP ( 'NONE', ( #7920, #11247, #12470, #1076 ) ) ;
#5152 = CARTESIAN_POINT ( 'NONE',  ( -0.6718135500630000312, -1.598423149357000028, 0.07000000000100004005 ) ) ;
#5153 = CIRCLE ( 'NONE', #857, 0.2000000000000000944 ) ;
#5154 = CARTESIAN_POINT ( 'NONE',  ( -3.500000000000000000, -1.300000000000000044, 1.280000000000999894 ) ) ;
#5155 = DIRECTION ( 'NONE',  ( -1.000000000000000000, 0.000000000000000000, 0.000000000000000000 ) ) ;
#5156 = DIRECTION ( 'NONE',  ( 0.000000000000000000, -2.891205793294000202E-15, 1.000000000000000000 ) ) ;
#5157 = EDGE_CURVE ( 'NONE', #1610, #7178, #752, .T. ) ;
#5158 = PLANE ( 'NONE',  #10679 ) ;
#5159 = LINE ( 'NONE', #288, #11273 ) ;
#5160 = VECTOR ( 'NONE', #6174, 1000.000000000000000 ) ;
#5161 = EDGE_LOOP ( 'NONE', ( #4393, #2219, #3226, #7980 ) ) ;
#5162 = ORIENTED_EDGE ( 'NONE', *, *, #1724, .F. ) ;
#5163 = CARTESIAN_POINT ( 'NONE',  ( 4.169999999998999840, 1.999999999999000355, 1.959999999999999964 ) ) ;
#5164 = DIRECTION ( 'NONE',  ( 0.000000000000000000, 3.491481338843000432E-15, -1.000000000000000000 ) ) ;
#5165 = ORIENTED_EDGE ( 'NONE', *, *, #10305, .F. ) ;
#5166 = CARTESIAN_POINT ( 'NONE',  ( 2.085365853658000201, -0.6082251495429997767, 0.05000000000099998065 ) ) ;
#5167 = CARTESIAN_POINT ( 'NONE',  ( -0.02500000000000000139, 1.400000000000000133, 0.1000000000010001083 ) ) ;
#5168 = VERTEX_POINT ( 'NONE', #5923 ) ;
#5169 = VECTOR ( 'NONE', #10386, 1000.000000000000000 ) ;
#5170 = VECTOR ( 'NONE', #11816, 1000.000000000000000 ) ;
#5171 = EDGE_CURVE ( 'NONE', #7609, #10961, #4136, .T. ) ;
#5172 = ORIENTED_EDGE ( 'NONE', *, *, #5526, .T. ) ;
#5173 = EDGE_CURVE ( 'NONE', #5242, #2900, #11806, .T. ) ;
#5174 = DIRECTION ( 'NONE',  ( 0.000000000000000000, 3.491481338843000432E-15, -1.000000000000000000 ) ) ;
#5175 = DIRECTION ( 'NONE',  ( 1.000000000000000000, 0.000000000000000000, 0.000000000000000000 ) ) ;
#5176 = ORIENTED_EDGE ( 'NONE', *, *, #7458, .T. ) ;
#5177 = DIRECTION ( 'NONE',  ( -1.000000000000000000, 0.000000000000000000, 0.000000000000000000 ) ) ;
#5178 = VERTEX_POINT ( 'NONE', #1713 ) ;
#5179 = CARTESIAN_POINT ( 'NONE',  ( -3.809663567453710264, 1.305335627564452539, 2.705015958226307582 ) ) ;
#5180 = AXIS2_PLACEMENT_3D ( 'NONE', #1832, #2736, #5744 ) ;
#5181 = DIRECTION ( 'NONE',  ( 0.000000000000000000, 3.491481338843000432E-15, -1.000000000000000000 ) ) ;
#5182 = VECTOR ( 'NONE', #158, 1000.000000000000000 ) ;
#5183 = ORIENTED_EDGE ( 'NONE', *, *, #5848, .F. ) ;
#5184 = VERTEX_POINT ( 'NONE', #82 ) ;
#5185 = CARTESIAN_POINT ( 'NONE',  ( -1.724999999999000000, 2.200000000000000178, 0.1000000000010001083 ) ) ;
#5186 = EDGE_CURVE ( 'NONE', #8437, #7407, #6948, .T. ) ;
#5187 = FACE_OUTER_BOUND ( 'NONE', #8141, .T. ) ;
#5188 = CARTESIAN_POINT ( 'NONE',  ( 3.219999999998999662, -1.300000000000000044, 0.3500000000010001222 ) ) ;
#5189 = ORIENTED_EDGE ( 'NONE', *, *, #6275, .T. ) ;
#5190 = FACE_OUTER_BOUND ( 'NONE', #2928, .T. ) ;
#5191 = FACE_OUTER_BOUND ( 'NONE', #3870, .T. ) ;
#5192 = VERTEX_POINT ( 'NONE', #5862 ) ;
#5193 = DIRECTION ( 'NONE',  ( 0.000000000000000000, 3.664953686440000749E-15, -1.000000000000000000 ) ) ;
#5194 = VECTOR ( 'NONE', #4113, 1000.000000000000000 ) ;
#5195 = DIRECTION ( 'NONE',  ( 0.000000000000000000, 3.491481338843000432E-15, -1.000000000000000000 ) ) ;
#5196 = PLANE ( 'NONE',  #9225 ) ;
#5197 = FACE_OUTER_BOUND ( 'NONE', #6140, .T. ) ;
#5198 = CARTESIAN_POINT ( 'NONE',  ( -4.169999999998999840, -4.149999999999000266, 1.300000000000000044 ) ) ;
#5199 = CARTESIAN_POINT ( 'NONE',  ( -0.8572789634140000059, -1.620420271493999920, 0.07000000000100004005 ) ) ;
#5200 = CARTESIAN_POINT ( 'NONE',  ( -0.8914671018399999980, -0.7061172232360000134, 0.07000000000100004005 ) ) ;
#5201 = ADVANCED_FACE ( 'NONE', ( #148 ), #8940, .T. ) ;
#5202 = VECTOR ( 'NONE', #8394, 1000.000000000000114 ) ;
#5203 = EDGE_LOOP ( 'NONE', ( #5757, #1383, #3655, #777 ) ) ;
#5204 = ORIENTED_EDGE ( 'NONE', *, *, #12456, .T. ) ;
#5205 = ADVANCED_FACE ( 'NONE', ( #7914 ), #990, .F. ) ;
#5206 = CARTESIAN_POINT ( 'NONE',  ( -0.5250000000000000222, 1.678388218141000365, 1.000068083900629290E-12 ) ) ;
#5207 = CARTESIAN_POINT ( 'NONE',  ( -1.724999999999000000, 1.400000000000000133, 1.000068083900629290E-12 ) ) ;
#5208 = ORIENTED_EDGE ( 'NONE', *, *, #3233, .T. ) ;
#5209 = CARTESIAN_POINT ( 'NONE',  ( -0.7249999999989999999, 2.200000000000000178, 0.1000000000010001083 ) ) ;
#5210 = DIRECTION ( 'NONE',  ( 0.000000000000000000, -3.491481338843000432E-15, 1.000000000000000000 ) ) ;
#5211 = LINE ( 'NONE', #136, #12531 ) ;
#5212 = LINE ( 'NONE', #3292, #11094 ) ;
#5213 = CARTESIAN_POINT ( 'NONE',  ( 1.052568252074999711, -0.8658948820479998032, 0.05000000000099998065 ) ) ;
#5214 = CARTESIAN_POINT ( 'NONE',  ( -1.217736965079999845, -1.228514302401999991, 0.07000000000100004005 ) ) ;
#5215 = EDGE_LOOP ( 'NONE', ( #3658, #4946, #1015, #7664 ) ) ;
#5216 = CARTESIAN_POINT ( 'NONE',  ( -0.7579069178460000611, -1.615250109009999990, 0.07000000000100004005 ) ) ;
#5217 = EDGE_CURVE ( 'NONE', #2968, #10829, #11827, .T. ) ;
#5218 = EDGE_CURVE ( 'NONE', #10083, #4100, #2081, .T. ) ;
#5219 = DIRECTION ( 'NONE',  ( 0.000000000000000000, -1.000000000000000000, -2.891205793294678622E-15 ) ) ;
#5220 = FACE_OUTER_BOUND ( 'NONE', #6775, .T. ) ;
#5221 = LINE ( 'NONE', #9134, #1968 ) ;
#5222 = DIRECTION ( 'NONE',  ( 0.000000000000000000, 1.000000000000000000, 3.491481338843000432E-15 ) ) ;
#5223 = CARTESIAN_POINT ( 'NONE',  ( -3.624999999998999467, 0.9000000000000002442, -0.8662277660160003778 ) ) ;
#5224 = LINE ( 'NONE', #9916, #4733 ) ;
#5225 = VERTEX_POINT ( 'NONE', #2214 ) ;
#5226 = VERTEX_POINT ( 'NONE', #10168 ) ;
#5227 = DIRECTION ( 'NONE',  ( -1.000000000000000000, 0.000000000000000000, 0.000000000000000000 ) ) ;
#5228 = LINE ( 'NONE', #7028, #5581 ) ;
#5229 = ORIENTED_EDGE ( 'NONE', *, *, #12368, .F. ) ;
#5230 = CIRCLE ( 'NONE', #7477, 0.8499999999989999999 ) ;
#5231 = EDGE_CURVE ( 'NONE', #6876, #5792, #3619, .T. ) ;
#5232 = VECTOR ( 'NONE', #7896, 1000.000000000000000 ) ;
#5233 = CARTESIAN_POINT ( 'NONE',  ( -0.5000000000000000000, -1.949999999999994404, 0.1000000000000000472 ) ) ;
#5234 = B_SPLINE_CURVE_WITH_KNOTS ( 'NONE', 3,
 ( #5028, #3115, #7974, #4833, #11763, #9844, #8744, #8045, #2910, #7848, #12646 ),
 .UNSPECIFIED., .F., .F.,
 ( 4, 1, 1, 1, 1, 1, 1, 1, 4 ),
 ( 0.000000000000000000, 0.1352946047629999815, 0.2667656579239999770, 0.3948160188350000044, 0.5200516544339999214, 0.6421757029699999286, 0.7626518205579999599, 0.8818340043800000361, 1.000000000000000000 ),
 .UNSPECIFIED. ) ;
#5235 = ORIENTED_EDGE ( 'NONE', *, *, #11760, .T. ) ;
#5236 = VERTEX_POINT ( 'NONE', #12208 ) ;
#5237 = DIRECTION ( 'NONE',  ( -5.421010862426999550E-16, 1.000000000000000000, 0.000000000000000000 ) ) ;
#5238 = CIRCLE ( 'NONE', #11187, 0.2000000000000000944 ) ;
#5239 = VECTOR ( 'NONE', #7396, 1000.000000000000000 ) ;
#5240 = FACE_OUTER_BOUND ( 'NONE', #12369, .T. ) ;
#5241 = VECTOR ( 'NONE', #9036, 1000.000000000000000 ) ;
#5242 = VERTEX_POINT ( 'NONE', #7209 ) ;
#5243 = B_SPLINE_SURFACE_WITH_KNOTS ( 'NONE', 3, 1, ( 
 ( #6396, #12169 ),
 ( #3387, #7292 ),
 ( #12282, #11214 ),
 ( #12228, #2419 ),
 ( #9282, #498 ),
 ( #4408, #7347 ),
 ( #11272, #10315 ),
 ( #5430, #9343 ),
 ( #560, #4471 ),
 ( #8377, #3512 ),
 ( #4653, #685 ) ),
 .UNSPECIFIED., .F., .F., .F.,
 ( 4, 1, 1, 1, 1, 1, 1, 1, 4 ),
 ( 2, 2 ),
 ( 0.000000000000000000, 0.1252796967350000013, 0.2494199707419999801, 0.3733567994920000133, 0.4966812787820000241, 0.6202029157430000161, 0.7450863201609999598, 0.8712691950190000201, 1.000000000000000000 ),
 ( 0.000000000000000000, 1.000000000000000000 ),
 .UNSPECIFIED. ) ;
#5244 = LINE ( 'NONE', #8131, #5519 ) ;
#5245 = ORIENTED_EDGE ( 'NONE', *, *, #1925, .F. ) ;
#5246 = CARTESIAN_POINT ( 'NONE',  ( 0.5250000000000000222, 0.9000000000000002442, 0.1000000000010001083 ) ) ;
#5247 = CARTESIAN_POINT ( 'NONE',  ( -0.2926829268289999897, -1.059444661738000004, 0.05000000000099998065 ) ) ;
#5248 = ORIENTED_EDGE ( 'NONE', *, *, #7218, .T. ) ;
#5249 = ADVANCED_FACE ( 'NONE', ( #3367 ), #4388, .F. ) ;
#5250 = EDGE_CURVE ( 'NONE', #7838, #7666, #6245, .T. ) ;
#5251 = AXIS2_PLACEMENT_3D ( 'NONE', #7376, #5574, #5328 ) ;
#5252 = VERTEX_POINT ( 'NONE', #6122 ) ;
#5254 = DIRECTION ( 'NONE',  ( 1.000000000000000000, -5.421010862426999550E-16, -1.892735826383000338E-30 ) ) ;
#5253 = VECTOR ( 'NONE', #8927, 1000.000000000000000 ) ;
#5255 = PLANE ( 'NONE',  #10781 ) ;
#5256 = DIRECTION ( 'NONE',  ( -1.000000000000000000, 0.000000000000000000, 0.000000000000000000 ) ) ;
#5257 = VERTEX_POINT ( 'NONE', #10036 ) ;
#5258 = AXIS2_PLACEMENT_3D ( 'NONE', #8237, #5156, #5348 ) ;
#5259 = CARTESIAN_POINT ( 'NONE',  ( 3.219999999998999662, -5.900000000000000355, 1.959999999998999876 ) ) ;
#5260 = ORIENTED_EDGE ( 'NONE', *, *, #1193, .F. ) ;
#5261 = CARTESIAN_POINT ( 'NONE',  ( 1.775000000000000133, 2.200000000000000178, 0.1000000000010001083 ) ) ;
#5262 = CARTESIAN_POINT ( 'NONE',  ( -3.219999999998999662, 2.000000000000000444, 1.300000000000999911 ) ) ;
#5263 = DIRECTION ( 'NONE',  ( 1.000000000000000000, 0.000000000000000000, 0.000000000000000000 ) ) ;
#5264 = AXIS2_PLACEMENT_3D ( 'NONE', #10614, #10553, #12471 ) ;
#5265 = CARTESIAN_POINT ( 'NONE',  ( 0.02500000000000000139, 0.9000000000000002442, 1.000068083900629290E-12 ) ) ;
#5266 = DIRECTION ( 'NONE',  ( -1.000000000000000000, 0.000000000000000000, 0.000000000000000000 ) ) ;
#5267 = EDGE_CURVE ( 'NONE', #8137, #5670, #1380, .T. ) ;
#5268 = CYLINDRICAL_SURFACE ( 'NONE', #7900, 0.2000000000000000944 ) ;
#5269 = CARTESIAN_POINT ( 'NONE',  ( 2.524999999999999911, 0.9000000000000002442, 0.1000000000010001083 ) ) ;
#5270 = ORIENTED_EDGE ( 'NONE', *, *, #1599, .F. ) ;
#5271 = ORIENTED_EDGE ( 'NONE', *, *, #6981, .F. ) ;
#5272 = FACE_OUTER_BOUND ( 'NONE', #3264, .T. ) ;
#5273 = PLANE ( 'NONE',  #4937 ) ;
#5274 = ORIENTED_EDGE ( 'NONE', *, *, #3796, .T. ) ;
#5275 = FACE_BOUND ( 'NONE', #139, .T. ) ;
#5276 = FACE_OUTER_BOUND ( 'NONE', #12349, .T. ) ;
#5277 = DIRECTION ( 'NONE',  ( 1.000000000000000000, -5.421010862426999550E-16, -1.892735826383000338E-30 ) ) ;
#5278 = CARTESIAN_POINT ( 'NONE',  ( 1.628292183807000137, -1.478586556060000001, 0.05000000000099998065 ) ) ;
#5279 = CARTESIAN_POINT ( 'NONE',  ( -4.219999999998999662, 1.349999999999000000, 2.709999999999999520 ) ) ;
#5280 = ADVANCED_FACE ( 'NONE', ( #11006 ), #8328, .T. ) ;
#5281 = CARTESIAN_POINT ( 'NONE',  ( 3.399999999998999822, 0.000000000000000000, 0.05000000000099998065 ) ) ;
#5282 = ORIENTED_EDGE ( 'NONE', *, *, #7188, .T. ) ;
#5283 = CARTESIAN_POINT ( 'NONE',  ( 3.219999999998999662, -1.300000000000999911, 1.959999999999999964 ) ) ;
#5284 = LINE ( 'NONE', #5154, #3059 ) ;
#5285 = DIRECTION ( 'NONE',  ( 0.000000000000000000, 1.000000000000000000, 3.641026466082000599E-15 ) ) ;
#5286 = CARTESIAN_POINT ( 'NONE',  ( -4.203771026801178756, 1.938498361285569516, 2.732233210387217781 ) ) ;
#5287 = VECTOR ( 'NONE', #7791, 1000.000000000000000 ) ;
#5288 = PLANE ( 'NONE',  #12206 ) ;
#5289 = EDGE_CURVE ( 'NONE', #7407, #3744, #9319, .T. ) ;
#5290 = CARTESIAN_POINT ( 'NONE',  ( -0.4268292682919999637, -1.608225149542999999, 0.07000000000100004005 ) ) ;
#5291 = ORIENTED_EDGE ( 'NONE', *, *, #11373, .T. ) ;
#5292 = VERTEX_POINT ( 'NONE', #480 ) ;
#5293 = FACE_OUTER_BOUND ( 'NONE', #4825, .T. ) ;
#5294 = CARTESIAN_POINT ( 'NONE',  ( 4.169999999998999840, 1.199999999999000089, 1.859999999999999876 ) ) ;
#5295 = ORIENTED_EDGE ( 'NONE', *, *, #7844, .F. ) ;
#5296 = LINE ( 'NONE', #12160, #5896 ) ;
#5297 = EDGE_LOOP ( 'NONE', ( #11198, #8738, #6571, #12101 ) ) ;
#5298 = ORIENTED_EDGE ( 'NONE', *, *, #1876, .T. ) ;
#5299 = DIRECTION ( 'NONE',  ( -1.000000000000000000, 0.000000000000000000, 0.000000000000000000 ) ) ;
#5300 = ADVANCED_FACE ( 'NONE', ( #8294 ), #9067, .F. ) ;
#5301 = CARTESIAN_POINT ( 'NONE',  ( 1.525000000000000133, 0.9000000000000002442, 0.1000000000010001083 ) ) ;
#5302 = ORIENTED_EDGE ( 'NONE', *, *, #8170, .T. ) ;
#5303 = DIRECTION ( 'NONE',  ( 1.000000000000000000, 0.000000000000000000, 0.000000000000000000 ) ) ;
#5304 = ORIENTED_EDGE ( 'NONE', *, *, #1314, .T. ) ;
#5305 = CARTESIAN_POINT ( 'NONE',  ( 0.9749999999989999999, 1.800000000000000044, 0.1000000000010001083 ) ) ;
#5306 = DIRECTION ( 'NONE',  ( -1.000000000000000000, 0.000000000000000000, 0.000000000000000000 ) ) ;
#5307 = VERTEX_POINT ( 'NONE', #12087 ) ;
#5308 = CARTESIAN_POINT ( 'NONE',  ( -2.500000000000000000, -1.949999999999994182, 0.000000000000000000 ) ) ;
#5309 = DIRECTION ( 'NONE',  ( 0.000000000000000000, 1.000000000000000000, 3.252606517456518824E-15 ) ) ;
#5310 = LINE ( 'NONE', #8265, #1446 ) ;
#5311 = AXIS2_PLACEMENT_3D ( 'NONE', #11629, #5794, #2212 ) ;
#5312 = VERTEX_POINT ( 'NONE', #285 ) ;
#5313 = CARTESIAN_POINT ( 'NONE',  ( 1.560975609756000138, -1.608225149542999999, 0.07000000000100004005 ) ) ;
#5314 = ORIENTED_EDGE ( 'NONE', *, *, #8112, .F. ) ;
#5315 = FACE_OUTER_BOUND ( 'NONE', #2289, .T. ) ;
#5316 = EDGE_CURVE ( 'NONE', #11707, #7850, #5521, .T. ) ;
#5317 = LINE ( 'NONE', #9229, #7995 ) ;
#5318 = CARTESIAN_POINT ( 'NONE',  ( 4.469999999998999662, -2.932842712473999747, -0.3500000000000000333 ) ) ;
#5319 = DIRECTION ( 'NONE',  ( 1.000000000000000000, 0.000000000000000000, 0.000000000000000000 ) ) ;
#5320 = DIRECTION ( 'NONE',  ( -0.3779644730095159111, 0.6546536707078938200, 0.6546536707078938200 ) ) ;
#5321 = CARTESIAN_POINT ( 'NONE',  ( 3.624999999998999467, 0.9000000000000002442, -0.8662277660160003778 ) ) ;
#5322 = CARTESIAN_POINT ( 'NONE',  ( -0.8914671018399999980, -0.7061172232360000134, 0.05000000000099998065 ) ) ;
#5323 = AXIS2_PLACEMENT_3D ( 'NONE', #11036, #11616, #7576 ) ;
#5324 = VECTOR ( 'NONE', #982, 1000.000000000000000 ) ;
#5325 = ORIENTED_EDGE ( 'NONE', *, *, #4006, .T. ) ;
#5326 = ORIENTED_EDGE ( 'NONE', *, *, #1709, .F. ) ;
#5327 = AXIS2_PLACEMENT_3D ( 'NONE', #4120, #7194, #8029 ) ;
#5328 = DIRECTION ( 'NONE',  ( 0.000000000000000000, 1.000000000000000000, 4.336808689942015369E-15 ) ) ;
#5329 = DIRECTION ( 'NONE',  ( 0.000000000000000000, 3.491481338843000432E-15, -1.000000000000000000 ) ) ;
#5330 = ORIENTED_EDGE ( 'NONE', *, *, #9881, .F. ) ;
#5331 = FACE_BOUND ( 'NONE', #10768, .T. ) ;
#5332 = EDGE_CURVE ( 'NONE', #8865, #4915, #8109, .T. ) ;
#5333 = LINE ( 'NONE', #8160, #1686 ) ;
#5334 = ADVANCED_FACE ( 'NONE', ( #11250 ), #2460, .T. ) ;
#5335 = VECTOR ( 'NONE', #8479, 1000.000000000000000 ) ;
#5336 = FACE_OUTER_BOUND ( 'NONE', #6126, .T. ) ;
#5337 = CARTESIAN_POINT ( 'NONE',  ( 1.630850875081000240, -1.464402036403999796, 0.05000000000099998065 ) ) ;
#5338 = CIRCLE ( 'NONE', #10463, 0.2000000000000000944 ) ;
#5339 = CARTESIAN_POINT ( 'NONE',  ( 0.000000000000000000, -9.116756773326001095, 0.04999999999999991257 ) ) ;
#5340 = CARTESIAN_POINT ( 'NONE',  ( -0.8561356707309999425, -1.510664173932999788, 0.07000000000100004005 ) ) ;
#5341 = VERTEX_POINT ( 'NONE', #12030 ) ;
#5342 = LINE ( 'NONE', #279, #12527 ) ;
#5343 = AXIS2_PLACEMENT_3D ( 'NONE', #9058, #12078, #2138 ) ;
#5344 = CARTESIAN_POINT ( 'NONE',  ( -4.169999999998999840, 1.200000000000000178, 1.300000000000999911 ) ) ;
#5345 = VECTOR ( 'NONE', #10369, 1000.000000000000000 ) ;
#5346 = EDGE_CURVE ( 'NONE', #2812, #2254, #5859, .T. ) ;
#5347 = CARTESIAN_POINT ( 'NONE',  ( -2.974999999998999556, 0.9000000000000002442, 1.000068083900629290E-12 ) ) ;
#5348 = DIRECTION ( 'NONE',  ( 0.000000000000000000, -1.000000000000000000, -2.891205793294678622E-15 ) ) ;
#5349 = CARTESIAN_POINT ( 'NONE',  ( 4.169999999998999840, -9.116756773326001095, 1.959999999998999876 ) ) ;
#5350 = CARTESIAN_POINT ( 'NONE',  ( 1.975000000000000089, 1.800000000000000044, -0.5499999999990000665 ) ) ;
#5351 = VECTOR ( 'NONE', #8456, 1000.000000000000000 ) ;
#5352 = EDGE_LOOP ( 'NONE', ( #5631, #4652, #7127, #827 ) ) ;
#5353 = ORIENTED_EDGE ( 'NONE', *, *, #3519, .F. ) ;
#5354 = DIRECTION ( 'NONE',  ( -1.000000000000000000, 0.000000000000000000, 0.000000000000000000 ) ) ;
#5355 = VECTOR ( 'NONE', #4787, 1000.000000000000000 ) ;
#5356 = PLANE ( 'NONE',  #9467 ) ;
#5357 = ORIENTED_EDGE ( 'NONE', *, *, #10641, .T. ) ;
#5358 = EDGE_CURVE ( 'NONE', #11977, #7527, #10295, .T. ) ;
#5359 = EDGE_CURVE ( 'NONE', #8252, #6727, #5221, .T. ) ;
#5360 = CARTESIAN_POINT ( 'NONE',  ( 0.000000000000000000, 1.800000000000000044, 0.05000000000099998065 ) ) ;
#5361 = VERTEX_POINT ( 'NONE', #9567 ) ;
#5362 = VERTEX_POINT ( 'NONE', #9506 ) ;
#5363 = AXIS2_PLACEMENT_3D ( 'NONE', #5047, #11148, #3130 ) ;
#5364 = CARTESIAN_POINT ( 'NONE',  ( 0.4749999999999999778, 1.800000000000000044, 0.05000000000099998065 ) ) ;
#5365 = PLANE ( 'NONE',  #3507 ) ;
#5366 = EDGE_LOOP ( 'NONE', ( #12647, #2648, #6292, #6943, #4149, #7636, #5042, #6632, #12611, #2890, #5786, #12130, #11216, #6240, #2767, #12562, #2785, #2844, #3573, #2874, #6229, #2455, #4288, #726, #4900, #10815, #10747, #7722, #103, #6293, #12640, #12225, #3314, #11575, #6417, #3704, #1544, #12027, #8183, #11028, #4400, #2351, #3092, #3644, #8798, #4070, #10031, #12536, #2197, #8993, #1948, #6716, #9796, #1151, #7934, #1940 ) ) ;
#5367 = CARTESIAN_POINT ( 'NONE',  ( -0.6219512195119999420, -0.7698105153960000946, 0.07000000000100004005 ) ) ;
#5368 = VERTEX_POINT ( 'NONE', #9632 ) ;
#5369 = CARTESIAN_POINT ( 'NONE',  ( -0.2249999999989999999, 1.678388218141000365, 0.8000000000009999113 ) ) ;
#5370 = DIRECTION ( 'NONE',  ( -1.000000000000000000, 0.000000000000000000, 0.000000000000000000 ) ) ;
#5371 = VERTEX_POINT ( 'NONE', #9378 ) ;
#5372 = VECTOR ( 'NONE', #3473, 1000.000000000000000 ) ;
#5373 = DIRECTION ( 'NONE',  ( 0.000000000000000000, -3.790571593321000372E-15, 1.000000000000000000 ) ) ;
#5374 = CARTESIAN_POINT ( 'NONE',  ( -4.169388393190592623, -0.2052823573542323088, 1.270552982906121064 ) ) ;
#5375 = EDGE_CURVE ( 'NONE', #10173, #1502, #7459, .T. ) ;
#5376 = EDGE_CURVE ( 'NONE', #8365, #1987, #12262, .T. ) ;
#5377 = CARTESIAN_POINT ( 'NONE',  ( -1.974999999999000222, 0.9000000000000002442, 0.1000000000010001083 ) ) ;
#5378 = EDGE_CURVE ( 'NONE', #1257, #9093, #11374, .T. ) ;
#5379 = ORIENTED_EDGE ( 'NONE', *, *, #8112, .T. ) ;
#5380 = FACE_OUTER_BOUND ( 'NONE', #6218, .T. ) ;
#5382 = EDGE_LOOP ( 'NONE', ( #1658, #2564, #149, #8966 ) ) ;
#5381 = VECTOR ( 'NONE', #6942, 1000.000000000000000 ) ;
#5383 = DIRECTION ( 'NONE',  ( 5.421010862427522170E-16, 1.000000000000000000, 3.523657060577889805E-15 ) ) ;
#5384 = LINE ( 'NONE', #4106, #5 ) ;
#5385 = DIRECTION ( 'NONE',  ( 0.000000000000000000, 1.000000000000000000, 3.491481338843000432E-15 ) ) ;
#5386 = VECTOR ( 'NONE', #8510, 1000.000000000000000 ) ;
#5387 = AXIS2_PLACEMENT_3D ( 'NONE', #6957, #10884, #1260 ) ;
#5388 = LINE ( 'NONE', #9297, #4306 ) ;
#5389 = DIRECTION ( 'NONE',  ( -0.2588190451020520033, -3.746661558502750423E-15, 0.9659258262891938784 ) ) ;
#5390 = FACE_OUTER_BOUND ( 'NONE', #6078, .T. ) ;
#5391 = CARTESIAN_POINT ( 'NONE',  ( 3.219999999998999662, 2.000000000000000444, 1.560000000000999920 ) ) ;
#5392 = EDGE_LOOP ( 'NONE', ( #5763, #8190, #9223, #5451 ) ) ;
#5393 = EDGE_LOOP ( 'NONE', ( #11517, #10212, #2958, #11913, #4945, #9181 ) ) ;
#5394 = CARTESIAN_POINT ( 'NONE',  ( 3.219999999998999662, -4.349999999998999556, 0.3499999999999998113 ) ) ;
#5395 = EDGE_CURVE ( 'NONE', #9265, #1322, #850, .T. ) ;
#5396 = CARTESIAN_POINT ( 'NONE',  ( 0.000000000000000000, -3.949999999998999645, -0.1499999999999999667 ) ) ;
#5397 = VERTEX_POINT ( 'NONE', #3487 ) ;
#5398 = AXIS2_PLACEMENT_3D ( 'NONE', #603, #2346, #2468 ) ;
#5399 = CARTESIAN_POINT ( 'NONE',  ( 4.170472104584106887, -0.2050141605162647818, 1.278048933665781872 ) ) ;
#5400 = CARTESIAN_POINT ( 'NONE',  ( 4.469999999998999662, 2.000000000000000444, 1.560000000000999920 ) ) ;
#5401 = LINE ( 'NONE', #1553, #10497 ) ;
#5402 = EDGE_CURVE ( 'NONE', #445, #2582, #4571, .T. ) ;
#5403 = PLANE ( 'NONE',  #8609 ) ;
#5404 = CARTESIAN_POINT ( 'NONE',  ( -4.469999999998999662, 2.000000000000000444, 1.709999999999999964 ) ) ;
#5405 = DIRECTION ( 'NONE',  ( 0.000000000000000000, 1.000000000000000000, 3.491481338843000432E-15 ) ) ;
#5406 = AXIS2_PLACEMENT_3D ( 'NONE', #1143, #11027, #5053 ) ;
#5407 = ORIENTED_EDGE ( 'NONE', *, *, #1083, .F. ) ;
#5408 = VERTEX_POINT ( 'NONE', #3737 ) ;
#5409 = EDGE_CURVE ( 'NONE', #9010, #7325, #722, .T. ) ;
#5410 = EDGE_CURVE ( 'NONE', #12166, #12095, #1765, .T. ) ;
#5411 = CYLINDRICAL_SURFACE ( 'NONE', #7479, 0.9499999999990003108 ) ;
#5412 = CARTESIAN_POINT ( 'NONE',  ( 2.500000000000000000, -1.949999999999994404, 0.1000000000000000472 ) ) ;
#5413 = LINE ( 'NONE', #12391, #11188 ) ;
#5414 = CARTESIAN_POINT ( 'NONE',  ( 0.02500000000000000139, -9.116756773326001095, 0.04999999999999991257 ) ) ;
#5415 = EDGE_LOOP ( 'NONE', ( #1003, #11139, #10108, #7100 ) ) ;
#5416 = ORIENTED_EDGE ( 'NONE', *, *, #5421, .F. ) ;
#5417 = DIRECTION ( 'NONE',  ( -5.421010862426999550E-16, 1.000000000000000000, 3.491481338843000432E-15 ) ) ;
#5418 = EDGE_CURVE ( 'NONE', #6075, #10737, #2528, .T. ) ;
#5419 = EDGE_LOOP ( 'NONE', ( #3256, #9918, #2555, #1261 ) ) ;
#5420 = DIRECTION ( 'NONE',  ( -1.000000000000000000, -5.421010862426999550E-16, -1.892735826383000338E-30 ) ) ;
#5421 = EDGE_CURVE ( 'NONE', #9636, #11631, #597, .T. ) ;
#5422 = CARTESIAN_POINT ( 'NONE',  ( 0.6691949388869999904, -1.493150046375999906, 0.07000000000100004005 ) ) ;
#5423 = ORIENTED_EDGE ( 'NONE', *, *, #1132, .F. ) ;
#5424 = VERTEX_POINT ( 'NONE', #10532 ) ;
#5425 = CARTESIAN_POINT ( 'NONE',  ( 3.803095189483999938, -9.116756773326001095, 2.709999999998999876 ) ) ;
#5426 = DIRECTION ( 'NONE',  ( 0.000000000000000000, -1.000000000000000000, -3.491481338843000432E-15 ) ) ;
#5427 = ORIENTED_EDGE ( 'NONE', *, *, #7639, .F. ) ;
#5428 = CARTESIAN_POINT ( 'NONE',  ( -4.469999999998999662, -3.950000000000000178, 1.500000000000000000 ) ) ;
#5429 = ORIENTED_EDGE ( 'NONE', *, *, #6128, .T. ) ;
#5430 = CARTESIAN_POINT ( 'NONE',  ( -0.7937037356660000542, -1.506948076293999961, 0.07000000000100004005 ) ) ;
#5431 = ADVANCED_FACE ( 'NONE', ( #6439 ), #11559, .T. ) ;
#5432 = VECTOR ( 'NONE', #7577, 1000.000000000000000 ) ;
#5433 = LINE ( 'NONE', #12412, #864 ) ;
#5434 = ORIENTED_EDGE ( 'NONE', *, *, #9421, .F. ) ;
#5435 = CYLINDRICAL_SURFACE ( 'NONE', #9935, 0.7999999999990000665 ) ;
#5436 = FACE_OUTER_BOUND ( 'NONE', #9987, .T. ) ;
#5437 = CARTESIAN_POINT ( 'NONE',  ( -0.7249999999989999999, 1.800000000000000044, -0.5499999999990000665 ) ) ;
#5438 = ORIENTED_EDGE ( 'NONE', *, *, #2013, .F. ) ;
#5439 = AXIS2_PLACEMENT_3D ( 'NONE', #11850, #2171, #3067 ) ;
#5440 = CARTESIAN_POINT ( 'NONE',  ( 0.000000000000000000, -3.608578643761999771, -0.4914213562370001176 ) ) ;
#5441 = ORIENTED_EDGE ( 'NONE', *, *, #2478, .F. ) ;
#5442 = DIRECTION ( 'NONE',  ( 0.000000000000000000, -1.000000000000000000, -3.491481338843000432E-15 ) ) ;
#5443 = DIRECTION ( 'NONE',  ( -1.000000000000000000, 0.000000000000000000, 0.000000000000000000 ) ) ;
#5444 = CARTESIAN_POINT ( 'NONE',  ( -4.169999999998999840, -4.149999999999000266, 1.500000000000000000 ) ) ;
#5445 = DIRECTION ( 'NONE',  ( -1.000000000000000000, 0.000000000000000000, -3.140195167994999834E-14 ) ) ;
#5446 = DIRECTION ( 'NONE',  ( 1.000000000000000000, -5.421010862426999550E-16, -1.892735826383000338E-30 ) ) ;
#5447 = EDGE_CURVE ( 'NONE', #1852, #2792, #8862, .T. ) ;
#5448 = DIRECTION ( 'NONE',  ( 0.000000000000000000, 1.000000000000000000, 0.000000000000000000 ) ) ;
#5449 = VECTOR ( 'NONE', #383, 1000.000000000000000 ) ;
#5450 = VERTEX_POINT ( 'NONE', #8921 ) ;
#5451 = ORIENTED_EDGE ( 'NONE', *, *, #9483, .F. ) ;
#5452 = DIRECTION ( 'NONE',  ( -0.3363908276650963147, 0.9417224702972694095, 0.000000000000000000 ) ) ;
#5453 = DIRECTION ( 'NONE',  ( 0.000000000000000000, 1.000000000000000000, 3.491481338843000432E-15 ) ) ;
#5454 = ORIENTED_EDGE ( 'NONE', *, *, #3437, .T. ) ;
#5455 = CARTESIAN_POINT ( 'NONE',  ( 4.000000000000000000, -1.949999999999994182, 0.000000000000000000 ) ) ;
#5456 = LINE ( 'NONE', #7380, #4753 ) ;
#5457 = VECTOR ( 'NONE', #1422, 1000.000000000000000 ) ;
#5458 = VECTOR ( 'NONE', #11610, 1000.000000000000000 ) ;
#5459 = FACE_OUTER_BOUND ( 'NONE', #2992, .T. ) ;
#5460 = LINE ( 'NONE', #1428, #3200 ) ;
#5461 = CARTESIAN_POINT ( 'NONE',  ( -1.173392787690999972, -1.338400436591999920, 0.05000000000099998065 ) ) ;
#5462 = LINE ( 'NONE', #1431, #10174 ) ;
#5463 = EDGE_CURVE ( 'NONE', #9776, #11029, #1171, .T. ) ;
#5464 = CARTESIAN_POINT ( 'NONE',  ( -1.239067176038999962, -0.7307874998169997527, 0.07000000000100004005 ) ) ;
#5465 = VECTOR ( 'NONE', #1896, 1000.000000000000114 ) ;
#5466 = ORIENTED_EDGE ( 'NONE', *, *, #5358, .F. ) ;
#5467 = ORIENTED_EDGE ( 'NONE', *, *, #6933, .F. ) ;
#5468 = B_SPLINE_SURFACE_WITH_KNOTS ( 'NONE', 3, 1, ( 
 ( #7199, #8287 ),
 ( #340, #6047 ),
 ( #1371, #1237 ),
 ( #11181, #11956 ),
 ( #4380, #5337 ),
 ( #9968, #5278 ),
 ( #1174, #3168 ) ),
 .UNSPECIFIED., .F., .F., .F.,
 ( 4, 1, 1, 1, 4 ),
 ( 2, 2 ),
 ( 0.000000000000000000, 0.1744817153170000190, 0.3982857591280000165, 0.6738978473979999606, 1.000000000000000000 ),
 ( 0.000000000000000000, 1.000000000000000000 ),
 .UNSPECIFIED. ) ;
#5469 = CARTESIAN_POINT ( 'NONE',  ( 1.837842987804000128, -0.8887129544209999565, 0.07000000000100004005 ) ) ;
#5470 = CARTESIAN_POINT ( 'NONE',  ( 1.775000000000000133, 1.678388218141000365, 0.8000000000009999113 ) ) ;
#5471 = CARTESIAN_POINT ( 'NONE',  ( 2.225000000000000089, 0.1000000000000002554, 0.05000000000099998065 ) ) ;
#5472 = ADVANCED_FACE ( 'NONE', ( #8792 ), #910, .T. ) ;
#5473 = FACE_OUTER_BOUND ( 'NONE', #3807, .T. ) ;
#5474 = ORIENTED_EDGE ( 'NONE', *, *, #5560, .F. ) ;
#5475 = EDGE_LOOP ( 'NONE', ( #12285, #4716, #2687, #4271 ) ) ;
#5476 = CARTESIAN_POINT ( 'NONE',  ( 2.274999999999999911, 1.400000000000000133, 0.05000000000099998065 ) ) ;
#5477 = EDGE_LOOP ( 'NONE', ( #7910, #2768, #7378, #6326, #9640, #7189 ) ) ;
#5478 = CARTESIAN_POINT ( 'NONE',  ( 4.469999999998999662, -4.349999999998999556, 1.300000000000000044 ) ) ;
#5479 = DIRECTION ( 'NONE',  ( 0.000000000000000000, 1.000000000000000000, 2.891205793294679017E-15 ) ) ;
#5480 = CARTESIAN_POINT ( 'NONE',  ( -0.7812431800589999531, -0.6044916875369997777, 0.07000000000100004005 ) ) ;
#5481 = AXIS2_PLACEMENT_3D ( 'NONE', #5861, #10673, #1882 ) ;
#5482 = ADVANCED_FACE ( 'NONE', ( #3994 ), #9263, .T. ) ;
#5483 = VERTEX_POINT ( 'NONE', #7763 ) ;
#5484 = CYLINDRICAL_SURFACE ( 'NONE', #2501, 0.2000000000000000944 ) ;
#5485 = ADVANCED_FACE ( 'NONE', ( #2828 ), #9898, .T. ) ;
#5486 = CYLINDRICAL_SURFACE ( 'NONE', #4525, 0.9499999999990003108 ) ;
#5487 = ADVANCED_FACE ( 'NONE', ( #3028 ), #10728, .T. ) ;
#5488 = ORIENTED_EDGE ( 'NONE', *, *, #1503, .T. ) ;
#5489 = CARTESIAN_POINT ( 'NONE',  ( -1.974999999999000222, 0.6000000000000003109, 0.1000000000010001083 ) ) ;
#5490 = ORIENTED_EDGE ( 'NONE', *, *, #7798, .T. ) ;
#5491 = LINE ( 'NONE', #6329, #12587 ) ;
#5492 = DIRECTION ( 'NONE',  ( 0.000000000000000000, -3.491481338843000432E-15, 1.000000000000000000 ) ) ;
#5493 = ORIENTED_EDGE ( 'NONE', *, *, #8573, .T. ) ;
#5494 = DIRECTION ( 'NONE',  ( 0.000000000000000000, 1.000000000000000000, 0.000000000000000000 ) ) ;
#5495 = FACE_BOUND ( 'NONE', #7768, .T. ) ;
#5496 = ORIENTED_EDGE ( 'NONE', *, *, #1614, .T. ) ;
#5497 = CARTESIAN_POINT ( 'NONE',  ( -0.7249999999989999999, 1.400000000000000133, 1.000068083900629290E-12 ) ) ;
#5498 = EDGE_CURVE ( 'NONE', #8152, #3552, #2897, .T. ) ;
#5499 = ORIENTED_EDGE ( 'NONE', *, *, #6615, .F. ) ;
#5500 = B_SPLINE_CURVE_WITH_KNOTS ( 'NONE', 3,
 ( #12623, #7630, #11668, #3853, #965, #9615, #11609, #10644, #1098, #2883, #3921, #11736, #838, #10715, #4745, #1857, #1991, #7750, #8781 ),
 .UNSPECIFIED., .F., .F.,
 ( 4, 1, 1, 1, 1, 1, 1, 1, 1, 1, 1, 1, 1, 1, 1, 1, 4 ),
 ( 0.000000000000000000, 0.06863117867599999311, 0.1345664660379999877, 0.1983281540100000073, 0.2607897666399999759, 0.3219991514839999902, 0.3827217465029999488, 0.4435374740349999900, 0.5051334294839999739, 0.5662138747639999803, 0.6261058646170000186, 0.6853493221599999963, 0.7449958703469999888, 0.8054158418139999442, 0.8676362663450000179, 0.9323077823019999544, 1.000000000000000000 ),
 .UNSPECIFIED. ) ;
#5501 = LINE ( 'NONE', #4723, #873 ) ;
#5502 = CARTESIAN_POINT ( 'NONE',  ( -2.274999999999000266, 0.1000000000000002554, 1.000068083900629290E-12 ) ) ;
#5503 = CYLINDRICAL_SURFACE ( 'NONE', #12689, 0.1999999999999996503 ) ;
#5504 = CARTESIAN_POINT ( 'NONE',  ( 0.9752819755150000658, -1.133264022484999911, 0.05000000000099998065 ) ) ;
#5505 = CARTESIAN_POINT ( 'NONE',  ( 1.025000000000000133, 0.9000000000000002442, 0.1000000000010001083 ) ) ;
#5506 = DIRECTION ( 'NONE',  ( -5.421010862426999550E-16, 1.000000000000000000, 3.491481338843000432E-15 ) ) ;
#5507 = ORIENTED_EDGE ( 'NONE', *, *, #4747, .T. ) ;
#5508 = ORIENTED_EDGE ( 'NONE', *, *, #5289, .F. ) ;
#5509 = CARTESIAN_POINT ( 'NONE',  ( 3.219999999998999662, 1.999999999999000355, 2.859999999999999876 ) ) ;
#5510 = CARTESIAN_POINT ( 'NONE',  ( 1.101324796128999806, -1.010858375177999813, 0.07000000000100004005 ) ) ;
#5511 = ORIENTED_EDGE ( 'NONE', *, *, #9143, .F. ) ;
#5512 = CARTESIAN_POINT ( 'NONE',  ( 0.6414747223700000278, -1.607012758878999970, 0.07000000000100004005 ) ) ;
#5513 = ADVANCED_FACE ( 'NONE', ( #6044 ), #2963, .F. ) ;
#5514 = LINE ( 'NONE', #12376, #2094 ) ;
#5515 = PLANE ( 'NONE',  #2274 ) ;
#5516 = CYLINDRICAL_SURFACE ( 'NONE', #7487, 1.249999999999000133 ) ;
#5517 = DIRECTION ( 'NONE',  ( 0.000000000000000000, -1.000000000000000000, -3.252606517456511724E-15 ) ) ;
#5518 = LINE ( 'NONE', #1680, #2389 ) ;
#5519 = VECTOR ( 'NONE', #2034, 1000.000000000000000 ) ;
#5520 = DIRECTION ( 'NONE',  ( -0.3393303772742736757, -0.9406672605437583767, -3.284322186250651097E-15 ) ) ;
#5521 = B_SPLINE_CURVE_WITH_KNOTS ( 'NONE', 3,
 ( #2401, #6309, #3304, #1316, #10228, #538, #1440, #5286, #4450, #4201 ),
 .UNSPECIFIED., .F., .F.,
 ( 4, 2, 2, 2, 4 ),
 ( 0.000000000000000000, 0.2499999999999952260, 0.3749999999999953371, 0.4999999999999954481, 1.000000000000000000 ),
 .UNSPECIFIED. ) ;
#5522 = VERTEX_POINT ( 'NONE', #11618 ) ;
#5523 = ORIENTED_EDGE ( 'NONE', *, *, #5848, .T. ) ;
#5524 = DIRECTION ( 'NONE',  ( 0.000000000000000000, 0.000000000000000000, 1.000000000000000000 ) ) ;
#5525 = DIRECTION ( 'NONE',  ( 0.000000000000000000, -1.000000000000000000, -3.491481338843000432E-15 ) ) ;
#5526 = EDGE_CURVE ( 'NONE', #8870, #6561, #10794, .T. ) ;
#5527 = EDGE_CURVE ( 'NONE', #7131, #9923, #6735, .T. ) ;
#5528 = VECTOR ( 'NONE', #11857, 1000.000000000000000 ) ;
#5529 = EDGE_CURVE ( 'NONE', #10948, #7759, #4819, .T. ) ;
#5530 = VECTOR ( 'NONE', #185, 1000.000000000000000 ) ;
#5531 = DIRECTION ( 'NONE',  ( 0.000000000000000000, -3.491481338843000432E-15, 1.000000000000000000 ) ) ;
#5532 = CIRCLE ( 'NONE', #1441, 0.7999999999990000665 ) ;
#5533 = CARTESIAN_POINT ( 'NONE',  ( -0.6219512195119999420, -0.7698105153960000946, 0.07000000000100004005 ) ) ;
#5534 = CARTESIAN_POINT ( 'NONE',  ( 0.000000000000000000, 2.000000000000000444, 1.630000000000013882 ) ) ;
#5535 = ORIENTED_EDGE ( 'NONE', *, *, #5094, .F. ) ;
#5536 = CIRCLE ( 'NONE', #3, 0.8500000000000000888 ) ;
#5537 = VERTEX_POINT ( 'NONE', #12634 ) ;
#5538 = CARTESIAN_POINT ( 'NONE',  ( 3.399999999998999822, 0.2000000000000000944, -0.4499999999989998112 ) ) ;
#5539 = ORIENTED_EDGE ( 'NONE', *, *, #10484, .F. ) ;
#5540 = CARTESIAN_POINT ( 'NONE',  ( -1.474999999999000000, 0.6000000000000003109, 0.05000000000099998065 ) ) ;
#5541 = AXIS2_PLACEMENT_3D ( 'NONE', #1676, #2752, #11482 ) ;
#5542 = DIRECTION ( 'NONE',  ( 0.000000000000000000, 1.000000000000000000, 3.491481338843000432E-15 ) ) ;
#5543 = EDGE_CURVE ( 'NONE', #9917, #9936, #9963, .T. ) ;
#5544 = CARTESIAN_POINT ( 'NONE',  ( -0.02499999999899999922, 2.200000000000000178, 0.1000000000010001083 ) ) ;
#5545 = ORIENTED_EDGE ( 'NONE', *, *, #10868, .F. ) ;
#5546 = B_SPLINE_CURVE_WITH_KNOTS ( 'NONE', 3,
 ( #11550, #2756, #2580, #12442, #3666, #1799, #10919, #5771, #10717, #2822, #3924, #8659 ),
 .UNSPECIFIED., .F., .F.,
 ( 4, 2, 2, 2, 2, 4 ),
 ( 0.000000000000000000, 0.2500000000000034972, 0.5000000000000069944, 0.6250000000000057732, 0.7500000000000044409, 1.000000000000000000 ),
 .UNSPECIFIED. ) ;
#5547 = VECTOR ( 'NONE', #8863, 1000.000000000000000 ) ;
#5548 = DIRECTION ( 'NONE',  ( 0.000000000000000000, 1.000000000000000000, 2.168404344971007685E-15 ) ) ;
#5549 = PLANE ( 'NONE',  #1460 ) ;
#5550 = EDGE_CURVE ( 'NONE', #8724, #6155, #4057, .T. ) ;
#5551 = ORIENTED_EDGE ( 'NONE', *, *, #7555, .T. ) ;
#5552 = LINE ( 'NONE', #7417, #2045 ) ;
#5553 = VERTEX_POINT ( 'NONE', #1870 ) ;
#5554 = LINE ( 'NONE', #12467, #7634 ) ;
#5555 = CARTESIAN_POINT ( 'NONE',  ( -0.6219512195119999420, -0.7698105153960000946, 0.07000000000100004005 ) ) ;
#5556 = ORIENTED_EDGE ( 'NONE', *, *, #3767, .T. ) ;
#5557 = FACE_OUTER_BOUND ( 'NONE', #11248, .T. ) ;
#5558 = ADVANCED_FACE ( 'NONE', ( #6801 ), #9770, .T. ) ;
#5559 = CARTESIAN_POINT ( 'NONE',  ( -0.2749999999989999888, 0.6000000000000003109, 0.05000000000099998065 ) ) ;
#5560 = EDGE_CURVE ( 'NONE', #2604, #2404, #4378, .T. ) ;
#5561 = VERTEX_POINT ( 'NONE', #335 ) ;
#5562 = DIRECTION ( 'NONE',  ( -5.421010862426999550E-16, 1.000000000000000000, 3.491481338843000432E-15 ) ) ;
#5563 = ORIENTED_EDGE ( 'NONE', *, *, #779, .F. ) ;
#5564 = LINE ( 'NONE', #4601, #10096 ) ;
#5565 = PLANE ( 'NONE',  #5733 ) ;
#5566 = LINE ( 'NONE', #2680, #2773 ) ;
#5567 = DIRECTION ( 'NONE',  ( 0.000000000000000000, 3.491481338843000432E-15, -1.000000000000000000 ) ) ;
#5568 = DIRECTION ( 'NONE',  ( 1.000000000000000000, 0.000000000000000000, 0.000000000000000000 ) ) ;
#5569 = AXIS2_PLACEMENT_3D ( 'NONE', #1040, #9828, #4 ) ;
#5570 = PLANE ( 'NONE',  #489 ) ;
#5571 = EDGE_CURVE ( 'NONE', #7734, #3297, #9884, .T. ) ;
#5572 = VERTEX_POINT ( 'NONE', #7258 ) ;
#5573 = ORIENTED_EDGE ( 'NONE', *, *, #7145, .T. ) ;
#5574 = DIRECTION ( 'NONE',  ( 1.000000000000000000, 0.000000000000000000, 0.000000000000000000 ) ) ;
#5575 = CARTESIAN_POINT ( 'NONE',  ( 0.6883040495269999726, -0.6162286014549999136, 0.07000000000100004005 ) ) ;
#5576 = EDGE_LOOP ( 'NONE', ( #9996, #1576, #368, #9806 ) ) ;
#5577 = LINE ( 'NONE', #7622, #4316 ) ;
#5578 = CARTESIAN_POINT ( 'NONE',  ( 0.6942988665560000383, -1.600913803635999999, 0.07000000000100004005 ) ) ;
#5579 = STYLED_ITEM ( 'NONE', ( #1969 ), #6283 ) ;
#5580 = CARTESIAN_POINT ( 'NONE',  ( 0.2750000000000000222, 1.400000000000000133, 0.1000000000010001083 ) ) ;
#5581 = VECTOR ( 'NONE', #9146, 1000.000000000000000 ) ;
#5582 = DIRECTION ( 'NONE',  ( -9.756101012071377085E-16, 1.000000000000000000, 0.000000000000000000 ) ) ;
#5583 = DIRECTION ( 'NONE',  ( 0.000000000000000000, 3.790571593321000372E-15, -1.000000000000000000 ) ) ;
#5584 = CARTESIAN_POINT ( 'NONE',  ( 3.624999999998999467, 0.9000000000000002442, -0.1767949192430001704 ) ) ;
#5585 = CARTESIAN_POINT ( 'NONE',  ( 1.275000000000000133, 2.200000000000000178, 1.000068083900629290E-12 ) ) ;
#5586 = CARTESIAN_POINT ( 'NONE',  ( 0.2250000000000000056, 0.1000000000000002554, 0.1000000000010001083 ) ) ;
#5587 = EDGE_CURVE ( 'NONE', #8605, #10128, #11953, .T. ) ;
#5588 = ADVANCED_FACE ( 'NONE', ( #1426 ), #6298, .F. ) ;
#5589 = ORIENTED_EDGE ( 'NONE', *, *, #164, .T. ) ;
#5590 = VECTOR ( 'NONE', #6227, 1000.000000000000114 ) ;
#5591 = VERTEX_POINT ( 'NONE', #5079 ) ;
#5592 = EDGE_LOOP ( 'NONE', ( #4042, #2308, #9750, #797 ) ) ;
#5593 = CARTESIAN_POINT ( 'NONE',  ( 1.623666158535999937, -1.486273930030999946, 0.07000000000100004005 ) ) ;
#5594 = CARTESIAN_POINT ( 'NONE',  ( 0.3048780487799999661, -1.608225149542999999, 0.05000000000099998065 ) ) ;
#5595 = DIRECTION ( 'NONE',  ( 0.000000000000000000, -3.491481338843000432E-15, 1.000000000000000000 ) ) ;
#5596 = AXIS2_PLACEMENT_3D ( 'NONE', #5114, #4161, #2233 ) ;
#5597 = DIRECTION ( 'NONE',  ( 1.000000000000000000, 0.000000000000000000, 0.000000000000000000 ) ) ;
#5598 = ORIENTED_EDGE ( 'NONE', *, *, #7709, .F. ) ;
#5599 = ORIENTED_EDGE ( 'NONE', *, *, #10550, .T. ) ;
#5600 = CARTESIAN_POINT ( 'NONE',  ( -0.9885255540599999780, -0.7199641882489999922, 0.07000000000100004005 ) ) ;
#5601 = EDGE_CURVE ( 'NONE', #12370, #8546, #5333, .T. ) ;
#5602 = EDGE_CURVE ( 'NONE', #6653, #1596, #11178, .T. ) ;
#5603 = ORIENTED_EDGE ( 'NONE', *, *, #460, .F. ) ;
#5604 = FACE_OUTER_BOUND ( 'NONE', #5297, .T. ) ;
#5605 = FACE_OUTER_BOUND ( 'NONE', #8705, .T. ) ;
#5606 = CARTESIAN_POINT ( 'NONE',  ( 0.5865091463410000427, -1.498469051981999867, 0.07000000000100004005 ) ) ;
#5607 = ORIENTED_EDGE ( 'NONE', *, *, #12180, .T. ) ;
#5608 = CARTESIAN_POINT ( 'NONE',  ( -2.224999999999000000, 1.800000000000000044, 0.05000000000099998065 ) ) ;
#5609 = FACE_OUTER_BOUND ( 'NONE', #1729, .T. ) ;
#5610 = ORIENTED_EDGE ( 'NONE', *, *, #7514, .F. ) ;
#5611 = ORIENTED_EDGE ( 'NONE', *, *, #11877, .T. ) ;
#5612 = CARTESIAN_POINT ( 'NONE',  ( 0.6254447318229999775, -0.7189423515299999679, 0.07000000000100004005 ) ) ;
#5613 = EDGE_CURVE ( 'NONE', #6919, #1334, #12016, .T. ) ;
#5614 = LINE ( 'NONE', #9656, #669 ) ;
#5615 = ORIENTED_EDGE ( 'NONE', *, *, #2920, .F. ) ;
#5616 = LINE ( 'NONE', #7790, #2594 ) ;
#5617 = DIRECTION ( 'NONE',  ( 1.000000000000000000, 0.000000000000000000, 0.000000000000000000 ) ) ;
#5618 = VERTEX_POINT ( 'NONE', #396 ) ;
#5619 = DIRECTION ( 'NONE',  ( 0.000000000000000000, 1.000000000000000000, 3.523657060582293621E-15 ) ) ;
#5620 = ORIENTED_EDGE ( 'NONE', *, *, #11220, .T. ) ;
#5621 = DIRECTION ( 'NONE',  ( 0.000000000000000000, 3.491481338843000432E-15, -1.000000000000000000 ) ) ;
#5622 = CARTESIAN_POINT ( 'NONE',  ( 3.219999999998999662, -0.2999999999999999334, 1.300000000000999911 ) ) ;
#5623 = LINE ( 'NONE', #12424, #5847 ) ;
#5624 = DIRECTION ( 'NONE',  ( 0.000000000000000000, -1.000000000000000000, -3.491481338843000432E-15 ) ) ;
#5625 = CARTESIAN_POINT ( 'NONE',  ( 0.000000000000000000, -1.949999999999994182, 0.000000000000000000 ) ) ;
#5626 = EDGE_CURVE ( 'NONE', #217, #8462, #3356, .T. ) ;
#5627 = EDGE_CURVE ( 'NONE', #4280, #5572, #9056, .T. ) ;
#5628 = DIRECTION ( 'NONE',  ( -1.000000000000000000, 0.000000000000000000, 0.000000000000000000 ) ) ;
#5629 = VERTEX_POINT ( 'NONE', #3416 ) ;
#5631 = ORIENTED_EDGE ( 'NONE', *, *, #6243, .F. ) ;
#5630 = VECTOR ( 'NONE', #9599, 1000.000000000000000 ) ;
#5632 = DIRECTION ( 'NONE',  ( 0.000000000000000000, 1.000000000000000000, 3.641026466082000599E-15 ) ) ;
#5633 = CARTESIAN_POINT ( 'NONE',  ( -0.6219512195119999420, -1.580786125152999988, 0.05000000000099998065 ) ) ;
#5634 = ORIENTED_EDGE ( 'NONE', *, *, #2382, .T. ) ;
#5635 = DIRECTION ( 'NONE',  ( 1.000000000000000000, 0.000000000000000000, 0.000000000000000000 ) ) ;
#5636 = CARTESIAN_POINT ( 'NONE',  ( 0.9611809749720000573, -1.476492261943999962, 0.05000000000099998065 ) ) ;
#5637 = LINE ( 'NONE', #12493, #11312 ) ;
#5638 = ADVANCED_FACE ( 'NONE', ( #6359 ), #7320, .T. ) ;
#5639 = CARTESIAN_POINT ( 'NONE',  ( -1.365853658535999937, -1.089360820273999941, 0.05000000000099998065 ) ) ;
#5640 = CARTESIAN_POINT ( 'NONE',  ( 0.7446947095660001459, -1.590330133826999948, 0.05000000000099998065 ) ) ;
#5641 = CIRCLE ( 'NONE', #7089, 0.1499999999999999667 ) ;
#5642 = VECTOR ( 'NONE', #9476, 1000.000000000000000 ) ;
#5643 = CARTESIAN_POINT ( 'NONE',  ( 2.269999999998999929, -2.249999999998999911, 1.300000000000000044 ) ) ;
#5644 = CARTESIAN_POINT ( 'NONE',  ( -0.9721071442390000206, -1.495798695602999828, 0.07000000000100004005 ) ) ;
#5645 = EDGE_CURVE ( 'NONE', #12213, #730, #8434, .T. ) ;
#5646 = VECTOR ( 'NONE', #1656, 1000.000000000000000 ) ;
#5647 = DIRECTION ( 'NONE',  ( 0.000000000000000000, 1.000000000000000000, 3.491481338843000432E-15 ) ) ;
#5648 = ORIENTED_EDGE ( 'NONE', *, *, #4982, .T. ) ;
#5649 = EDGE_LOOP ( 'NONE', ( #10803, #10773, #6730, #10312 ) ) ;
#5650 = ORIENTED_EDGE ( 'NONE', *, *, #8289, .F. ) ;
#5651 = LINE ( 'NONE', #10468, #417 ) ;
#5652 = CARTESIAN_POINT ( 'NONE',  ( 0.4749999999989999999, -9.116756773326001095, 0.04999999999999991257 ) ) ;
#5653 = AXIS2_PLACEMENT_3D ( 'NONE', #7482, #9348, #12116 ) ;
#5654 = VECTOR ( 'NONE', #11426, 1000.000000000000114 ) ;
#5655 = VECTOR ( 'NONE', #6817, 1000.000000000000000 ) ;
#5656 = DIRECTION ( 'NONE',  ( -1.000000000000000000, 0.000000000000000000, 0.000000000000000000 ) ) ;
#5657 = EDGE_CURVE ( 'NONE', #4463, #3091, #12076, .T. ) ;
#5658 = CARTESIAN_POINT ( 'NONE',  ( 0.000000000000000000, -2.649999999998999822, -0.06715728752500009502 ) ) ;
#5659 = ORIENTED_EDGE ( 'NONE', *, *, #9749, .F. ) ;
#5660 = VERTEX_POINT ( 'NONE', #7069 ) ;
#5661 = ORIENTED_EDGE ( 'NONE', *, *, #9962, .T. ) ;
#5662 = DIRECTION ( 'NONE',  ( 0.000000000000000000, 1.000000000000000000, 3.491481338843000432E-15 ) ) ;
#5663 = CARTESIAN_POINT ( 'NONE',  ( -0.6308316051389999402, -1.451799956680999815, 0.07000000000100004005 ) ) ;
#5664 = DIRECTION ( 'NONE',  ( 1.000000000000000000, 0.000000000000000000, 0.000000000000000000 ) ) ;
#5665 = EDGE_CURVE ( 'NONE', #5936, #5424, #2204, .T. ) ;
#5666 = ORIENTED_EDGE ( 'NONE', *, *, #10119, .F. ) ;
#5667 = LINE ( 'NONE', #8680, #2896 ) ;
#5668 = CARTESIAN_POINT ( 'NONE',  ( 0.9495739938099999611, -1.283803631005000057, 0.05000000000099998065 ) ) ;
#5669 = ORIENTED_EDGE ( 'NONE', *, *, #7598, .F. ) ;
#5670 = VERTEX_POINT ( 'NONE', #1233 ) ;
#5671 = DIRECTION ( 'NONE',  ( -0.5000000000001899592, 0.8660254037843289066, 3.023711536278149615E-15 ) ) ;
#5672 = CARTESIAN_POINT ( 'NONE',  ( -1.169761209376000144, -0.6713254634039997892, 0.05000000000099998065 ) ) ;
#5673 = ORIENTED_EDGE ( 'NONE', *, *, #9354, .F. ) ;
#5674 = DIRECTION ( 'NONE',  ( 1.000000000000000000, 0.000000000000000000, 0.000000000000000000 ) ) ;
#5675 = PLANE ( 'NONE',  #8406 ) ;
#5676 = ORIENTED_EDGE ( 'NONE', *, *, #7328, .T. ) ;
#5677 = EDGE_CURVE ( 'NONE', #7190, #11389, #270, .T. ) ;
#5678 = ORIENTED_EDGE ( 'NONE', *, *, #3680, .F. ) ;
#5679 = SURFACE_SIDE_STYLE ('',( #1004 ) ) ;
#5680 = CARTESIAN_POINT ( 'NONE',  ( 0.7085981535089999062, -0.7320907476600000408, 0.05000000000099998065 ) ) ;
#5681 = DIRECTION ( 'NONE',  ( -1.000000000000000000, 0.000000000000000000, 0.000000000000000000 ) ) ;
#5682 = ORIENTED_EDGE ( 'NONE', *, *, #7860, .T. ) ;
#5683 = CARTESIAN_POINT ( 'NONE',  ( -0.9144627200880001139, -0.5964171846759999118, 0.07000000000100004005 ) ) ;
#5684 = ORIENTED_EDGE ( 'NONE', *, *, #5981, .F. ) ;
#5685 = CARTESIAN_POINT ( 'NONE',  ( -0.7633684503259999810, -1.502131465580999858, 0.05000000000099998065 ) ) ;
#5686 = DIRECTION ( 'NONE',  ( 0.000000000000000000, 3.610065951458000973E-15, -1.000000000000000000 ) ) ;
#5687 = ORIENTED_EDGE ( 'NONE', *, *, #12129, .T. ) ;
#5688 = ORIENTED_EDGE ( 'NONE', *, *, #2295, .T. ) ;
#5689 = CARTESIAN_POINT ( 'NONE',  ( 0.000000000000000000, -2.649999999998999822, -0.06715728752500009502 ) ) ;
#5690 = CARTESIAN_POINT ( 'NONE',  ( 2.269999999998999929, 2.000000000000000444, 0.3500000000010001222 ) ) ;
#5691 = ORIENTED_EDGE ( 'NONE', *, *, #8834, .T. ) ;
#5692 = CARTESIAN_POINT ( 'NONE',  ( 1.626905487803999906, -1.486273930030999946, 0.05000000000099998065 ) ) ;
#5693 = CARTESIAN_POINT ( 'NONE',  ( 1.073560338185000074, -0.9113285573969996944, 0.07000000000100004005 ) ) ;
#5694 = EDGE_CURVE ( 'NONE', #12446, #3261, #11053, .T. ) ;
#5695 = CARTESIAN_POINT ( 'NONE',  ( -4.169999999998999840, -2.649999999998999822, -0.06715728752500009502 ) ) ;
#5696 = CARTESIAN_POINT ( 'NONE',  ( -1.330764114351999927, -1.305194529465000031, 0.05000000000099998065 ) ) ;
#5697 = CARTESIAN_POINT ( 'NONE',  ( -0.9749999999989999999, 0.1000000000000002554, 0.05000000000099998065 ) ) ;
#5698 = CARTESIAN_POINT ( 'NONE',  ( -0.4749999999989999999, 0.3783882181409999323, 0.8000000000009999113 ) ) ;
#5699 = CARTESIAN_POINT ( 'NONE',  ( -0.8696850325960000516, -1.510372837847000049, 0.07000000000100004005 ) ) ;
#5700 = CARTESIAN_POINT ( 'NONE',  ( 3.219999999998999662, -1.300000000000000044, 0.4500000000009999335 ) ) ;
#5701 = ADVANCED_FACE ( 'NONE', ( #5276 ), #11120, .F. ) ;
#5702 = ORIENTED_EDGE ( 'NONE', *, *, #9887, .F. ) ;
#5703 = ORIENTED_EDGE ( 'NONE', *, *, #10736, .T. ) ;
#5704 = VERTEX_POINT ( 'NONE', #11545 ) ;
#5705 = EDGE_CURVE ( 'NONE', #86, #1501, #5514, .T. ) ;
#5706 = DIRECTION ( 'NONE',  ( 0.000000000000000000, -1.000000000000000000, -3.491481338843000432E-15 ) ) ;
#5707 = CARTESIAN_POINT ( 'NONE',  ( 0.7249999999999999778, 0.1000000000000002554, 1.000068083900629290E-12 ) ) ;
#5708 = EDGE_CURVE ( 'NONE', #7374, #1527, #3661, .T. ) ;
#5709 = EDGE_CURVE ( 'NONE', #3845, #803, #10298, .T. ) ;
#5710 = CARTESIAN_POINT ( 'NONE',  ( -1.103896141848000001, -1.564169320947999875, 0.05000000000099998065 ) ) ;
#5711 = VECTOR ( 'NONE', #10372, 1000.000000000000000 ) ;
#5712 = CARTESIAN_POINT ( 'NONE',  ( 3.725000000000000089, 0.7999999999999999334, -0.5499999999990000665 ) ) ;
#5713 = LINE ( 'NONE', #3802, #11595 ) ;
#5714 = PRODUCT ( 'USB-C-SMD_TYPE-C-24P-QT', 'USB-C-SMD_TYPE-C-24P-QT', '', ( #9012 ) ) ;
#5715 = ORIENTED_EDGE ( 'NONE', *, *, #1058, .F. ) ;
#5716 = ORIENTED_EDGE ( 'NONE', *, *, #10902, .F. ) ;
#5717 = ORIENTED_EDGE ( 'NONE', *, *, #3322, .F. ) ;
#5718 = DIRECTION ( 'NONE',  ( 0.000000000000000000, -1.000000000000000000, -3.491481338843000432E-15 ) ) ;
#5719 = EDGE_CURVE ( 'NONE', #8193, #9073, #5456, .T. ) ;
#5720 = AXIS2_PLACEMENT_3D ( 'NONE', #6602, #1730, #5635 ) ;
#5721 = AXIS2_PLACEMENT_3D ( 'NONE', #403, #5405, #7264 ) ;
#5722 = DIRECTION ( 'NONE',  ( -1.000000000000000000, 0.000000000000000000, 0.000000000000000000 ) ) ;
#5723 = AXIS2_PLACEMENT_3D ( 'NONE', #4254, #8158, #3288 ) ;
#5724 = CARTESIAN_POINT ( 'NONE',  ( -0.8836316649020000691, -0.5961880314020000515, 0.07000000000100004005 ) ) ;
#5725 = ORIENTED_EDGE ( 'NONE', *, *, #8345, .F. ) ;
#5726 = CARTESIAN_POINT ( 'NONE',  ( 4.169999999998999840, -3.949999999998999645, -0.1499999999999999667 ) ) ;
#5727 = VECTOR ( 'NONE', #3270, 1000.000000000000000 ) ;
#5728 = CARTESIAN_POINT ( 'NONE',  ( 0.7442131857660000405, -1.475289891871999881, 0.05000000000099998065 ) ) ;
#5729 = VECTOR ( 'NONE', #7957, 1000.000000000000000 ) ;
#5730 = VERTEX_POINT ( 'NONE', #11479 ) ;
#5731 = EDGE_LOOP ( 'NONE', ( #8577, #8255, #9646, #2380 ) ) ;
#5732 = CARTESIAN_POINT ( 'NONE',  ( -4.469999999999999751, -0.2999999999999999334, 1.300000000000999911 ) ) ;
#5733 = AXIS2_PLACEMENT_3D ( 'NONE', #6529, #12362, #5443 ) ;
#5734 = ADVANCED_FACE ( 'NONE', ( #11422 ), #2751, .T. ) ;
#5735 = FACE_BOUND ( 'NONE', #7350, .T. ) ;
#5736 = ORIENTED_EDGE ( 'NONE', *, *, #2354, .T. ) ;
#5737 = EDGE_CURVE ( 'NONE', #6613, #2849, #12252, .T. ) ;
#5738 = DIRECTION ( 'NONE',  ( 0.000000000000000000, -1.000000000000000000, -3.610065951458000973E-15 ) ) ;
#5739 = DIRECTION ( 'NONE',  ( -1.000000000000000000, 0.000000000000000000, 0.000000000000000000 ) ) ;
#5740 = ORIENTED_EDGE ( 'NONE', *, *, #8900, .T. ) ;
#5741 = AXIS2_PLACEMENT_3D ( 'NONE', #9497, #8718, #6789 ) ;
#5742 = AXIS2_PLACEMENT_3D ( 'NONE', #7160, #11084, #1138 ) ;
#5743 = ORIENTED_EDGE ( 'NONE', *, *, #2939, .T. ) ;
#5744 = DIRECTION ( 'NONE',  ( 0.000000000000000000, 1.000000000000000000, 3.523657060577889805E-15 ) ) ;
#5745 = CARTESIAN_POINT ( 'NONE',  ( 0.9176502025770000293, -0.8808186156719999271, 0.05000000000099998065 ) ) ;
#5746 = FACE_OUTER_BOUND ( 'NONE', #9563, .T. ) ;
#5747 = ORIENTED_EDGE ( 'NONE', *, *, #11108, .T. ) ;
#5748 = LINE ( 'NONE', #3901, #12086 ) ;
#5749 = ORIENTED_EDGE ( 'NONE', *, *, #4121, .T. ) ;
#5750 = CARTESIAN_POINT ( 'NONE',  ( -3.219999999998999662, -1.300000000000000044, 0.4500000000009999335 ) ) ;
#5751 = VECTOR ( 'NONE', #902, 1000.000000000000000 ) ;
#5752 = FACE_OUTER_BOUND ( 'NONE', #9117, .T. ) ;
#5753 = EDGE_CURVE ( 'NONE', #6919, #5361, #8405, .T. ) ;
#5754 = EDGE_CURVE ( 'NONE', #1433, #12605, #11302, .T. ) ;
#5755 = AXIS2_PLACEMENT_3D ( 'NONE', #1818, #12648, #3879 ) ;
#5756 = ORIENTED_EDGE ( 'NONE', *, *, #12510, .F. ) ;
#5757 = ORIENTED_EDGE ( 'NONE', *, *, #3449, .T. ) ;
#5758 = CARTESIAN_POINT ( 'NONE',  ( -4.169999999998999840, 2.000000000000000444, 1.709999999999999964 ) ) ;
#5759 = CARTESIAN_POINT ( 'NONE',  ( -2.974999999998999556, 0.3783882181409999323, 0.8000000000009999113 ) ) ;
#5760 = VERTEX_POINT ( 'NONE', #585 ) ;
#5761 = CARTESIAN_POINT ( 'NONE',  ( 2.774999999999999911, 1.400000000000000133, 0.05000000000099998065 ) ) ;
#5762 = DIRECTION ( 'NONE',  ( -1.000000000000000000, 0.000000000000000000, 0.000000000000000000 ) ) ;
#5763 = ORIENTED_EDGE ( 'NONE', *, *, #10946, .F. ) ;
#5764 = CARTESIAN_POINT ( 'NONE',  ( 1.525000000000000133, 0.9000000000000002442, 1.000068083900629290E-12 ) ) ;
#5765 = DIRECTION ( 'NONE',  ( -5.421010862426999550E-16, -1.000000000000000000, -3.491481338843000432E-15 ) ) ;
#5766 = DIRECTION ( 'NONE',  ( 0.000000000000000000, 1.000000000000000000, 3.523657060582293621E-15 ) ) ;
#5767 = AXIS2_PLACEMENT_3D ( 'NONE', #2327, #6235, #1366 ) ;
#5768 = LINE ( 'NONE', #7821, #7793 ) ;
#5769 = PRODUCT_DEFINITION_CONTEXT ( 'detailed design', #4396, 'design' ) ;
#5770 = DIRECTION ( 'NONE',  ( 0.000000000000000000, 1.000000000000000000, 3.523657060582293621E-15 ) ) ;
#5771 = CARTESIAN_POINT ( 'NONE',  ( 3.833426691582626056, 1.267209121162178320, 2.685459111005144894 ) ) ;
#5772 = EDGE_CURVE ( 'NONE', #1752, #5561, #2634, .T. ) ;
#5773 = EDGE_LOOP ( 'NONE', ( #994, #5821, #10922, #12219 ) ) ;
#5774 = ORIENTED_EDGE ( 'NONE', *, *, #11315, .T. ) ;
#5775 = ORIENTED_EDGE ( 'NONE', *, *, #6291, .F. ) ;
#5776 = CARTESIAN_POINT ( 'NONE',  ( 4.169999999998999840, 2.000000000000000444, 1.709999999999999964 ) ) ;
#5777 = VECTOR ( 'NONE', #2117, 1000.000000000000000 ) ;
#5778 = CONICAL_SURFACE ( 'NONE', #254, 0.8499999999989999999, 0.7853981633970000820 ) ;
#5779 = CARTESIAN_POINT ( 'NONE',  ( -3.219999999998999662, -1.199999999999999956, 1.300000000000999911 ) ) ;
#5780 = EDGE_CURVE ( 'NONE', #8439, #6386, #10341, .T. ) ;
#5781 = CARTESIAN_POINT ( 'NONE',  ( 0.000000000000000000, -2.449999999998999645, -0.06715728752500009502 ) ) ;
#5782 = VECTOR ( 'NONE', #1434, 1000.000000000000000 ) ;
#5783 = CARTESIAN_POINT ( 'NONE',  ( 2.225000000000000089, -9.116756773326001095, 0.04999999999999991257 ) ) ;
#5784 = DIRECTION ( 'NONE',  ( 5.421010862427522170E-16, 1.000000000000000000, 3.523657060577889805E-15 ) ) ;
#5785 = VECTOR ( 'NONE', #6988, 1000.000000000000000 ) ;
#5786 = ORIENTED_EDGE ( 'NONE', *, *, #4519, .F. ) ;
#5787 = CARTESIAN_POINT ( 'NONE',  ( -3.219999999998999662, 1.800000000000000044, 0.1000000000010001083 ) ) ;
#5788 = AXIS2_PLACEMENT_3D ( 'NONE', #7721, #27, #7602 ) ;
#5789 = ORIENTED_EDGE ( 'NONE', *, *, #2000, .F. ) ;
#5790 = EDGE_CURVE ( 'NONE', #3520, #145, #5637, .T. ) ;
#5791 = EDGE_CURVE ( 'NONE', #362, #1328, #10400, .T. ) ;
#5792 = VERTEX_POINT ( 'NONE', #769 ) ;
#5793 = DIRECTION ( 'NONE',  ( 0.3635424856521137782, 0.9315776194852914971, 3.252585874116018067E-15 ) ) ;
#5794 = DIRECTION ( 'NONE',  ( 0.000000000000000000, 1.000000000000000000, 3.491481338843000432E-15 ) ) ;
#5795 = CARTESIAN_POINT ( 'NONE',  ( 0.06097560975599999877, -1.169200759298999914, 0.05000000000099998065 ) ) ;
#5796 = VECTOR ( 'NONE', #1822, 1000.000000000000000 ) ;
#5797 = EDGE_LOOP ( 'NONE', ( #11849, #154, #4598, #4785 ) ) ;
#5798 = DIRECTION ( 'NONE',  ( -1.000000000000000000, 0.000000000000000000, 0.000000000000000000 ) ) ;
#5799 = EDGE_CURVE ( 'NONE', #2869, #8777, #4495, .T. ) ;
#5800 = CARTESIAN_POINT ( 'NONE',  ( 0.9159416319499998904, -1.349670499381000033, 0.07000000000100004005 ) ) ;
#5801 = ORIENTED_EDGE ( 'NONE', *, *, #2364, .F. ) ;
#5802 = ORIENTED_EDGE ( 'NONE', *, *, #8834, .F. ) ;
#5803 = PLANE ( 'NONE',  #2118 ) ;
#5804 = EDGE_CURVE ( 'NONE', #7574, #7025, #3540, .T. ) ;
#5805 = CARTESIAN_POINT ( 'NONE',  ( -0.9144627200880001139, -0.5964171846759999118, 0.05000000000099998065 ) ) ;
#5806 = VECTOR ( 'NONE', #10766, 1000.000000000000000 ) ;
#5807 = ORIENTED_EDGE ( 'NONE', *, *, #4770, .F. ) ;
#5808 = CARTESIAN_POINT ( 'NONE',  ( 2.950512834068999890, -5.385714285714000127, 1.515714285714999887 ) ) ;
#5809 = CARTESIAN_POINT ( 'NONE',  ( -0.2749999999989999888, 0.9000000000000002442, 1.000068083900629290E-12 ) ) ;
#5810 = ORIENTED_EDGE ( 'NONE', *, *, #8558, .F. ) ;
#5811 = ORIENTED_EDGE ( 'NONE', *, *, #555, .T. ) ;
#5812 = CARTESIAN_POINT ( 'NONE',  ( -4.169999999998999840, -1.200000000000999822, 1.959999999999999964 ) ) ;
#5813 = EDGE_CURVE ( 'NONE', #3578, #6760, #11361, .T. ) ;
#5814 = CARTESIAN_POINT ( 'NONE',  ( 0.9176502025770000293, -0.8808186156719999271, 0.07000000000100004005 ) ) ;
#5815 = LINE ( 'NONE', #9539, #5642 ) ;
#5816 = ORIENTED_EDGE ( 'NONE', *, *, #8995, .T. ) ;
#5817 = PLANE ( 'NONE',  #3075 ) ;
#5818 = VERTEX_POINT ( 'NONE', #1494 ) ;
#5819 = DIRECTION ( 'NONE',  ( -1.000000000000000000, 0.000000000000000000, 0.000000000000000000 ) ) ;
#5820 = FACE_OUTER_BOUND ( 'NONE', #12524, .T. ) ;
#5821 = ORIENTED_EDGE ( 'NONE', *, *, #2252, .F. ) ;
#5822 = VERTEX_POINT ( 'NONE', #5400 ) ;
#5823 = LINE ( 'NONE', #9676, #7498 ) ;
#5824 = CARTESIAN_POINT ( 'NONE',  ( 1.642339939023999884, -1.416151978810999967, 0.07000000000100004005 ) ) ;
#5825 = EDGE_LOOP ( 'NONE', ( #4697, #8308, #7076, #1979 ) ) ;
#5826 = DIRECTION ( 'NONE',  ( 0.000000000000000000, 1.000000000000000000, 3.491481338843000432E-15 ) ) ;
#5827 = FACE_BOUND ( 'NONE', #8545, .T. ) ;
#5828 = VERTEX_POINT ( 'NONE', #1612 ) ;
#5829 = DIRECTION ( 'NONE',  ( 0.000000000000000000, 3.491481338846635109E-15, -1.000000000000000000 ) ) ;
#5830 = ADVANCED_FACE ( 'NONE', ( #4557 ), #9308, .T. ) ;
#5831 = DIRECTION ( 'NONE',  ( 0.000000000000000000, 1.000000000000000000, 3.491481338843000432E-15 ) ) ;
#5832 = DIRECTION ( 'NONE',  ( 1.000000000000000000, 0.000000000000000000, 0.000000000000000000 ) ) ;
#5833 = DIRECTION ( 'NONE',  ( 0.000000000000000000, 1.000000000000000000, 3.491481338843000432E-15 ) ) ;
#5834 = CARTESIAN_POINT ( 'NONE',  ( -1.040294406025000118, -1.467660947978999930, 0.07000000000100004005 ) ) ;
#5835 = CARTESIAN_POINT ( 'NONE',  ( 2.725000000000000089, 0.1000000000000002554, 1.000068083900629290E-12 ) ) ;
#5836 = CARTESIAN_POINT ( 'NONE',  ( -1.231429497222999991, -1.082933212139999934, 0.05000000000099998065 ) ) ;
#5837 = VECTOR ( 'NONE', #10332, 1000.000000000000000 ) ;
#5838 = CIRCLE ( 'NONE', #6049, 0.1999999999990000332 ) ;
#5839 = EDGE_LOOP ( 'NONE', ( #2429, #10339, #1801, #7519 ) ) ;
#5840 = ORIENTED_EDGE ( 'NONE', *, *, #4235, .T. ) ;
#5841 = ORIENTED_EDGE ( 'NONE', *, *, #7188, .F. ) ;
#5842 = DIRECTION ( 'NONE',  ( 1.000000000000000000, 0.000000000000000000, 0.000000000000000000 ) ) ;
#5843 = CARTESIAN_POINT ( 'NONE',  ( -0.5250000000000000222, 1.400000000000000133, 1.000068083900629290E-12 ) ) ;
#5844 = DIRECTION ( 'NONE',  ( -0.3222024856060888842, 0.9466707760722616882, 3.305283348684913776E-15 ) ) ;
#5845 = DIRECTION ( 'NONE',  ( 0.000000000000000000, 1.000000000000000000, 3.491481338843000432E-15 ) ) ;
#5846 = CIRCLE ( 'NONE', #1954, 0.9499999999990000887 ) ;
#5847 = VECTOR ( 'NONE', #8761, 1000.000000000000000 ) ;
#5848 = EDGE_CURVE ( 'NONE', #3337, #4253, #4617, .T. ) ;
#5849 = AXIS2_PLACEMENT_3D ( 'NONE', #10399, #3599, #7508 ) ;
#5850 = CARTESIAN_POINT ( 'NONE',  ( -3.086602540378000192, -5.149999999999000266, 1.279999999999999805 ) ) ;
#5851 = CARTESIAN_POINT ( 'NONE',  ( 0.06097560975599999877, -1.059444661738000004, 0.07000000000100004005 ) ) ;
#5852 = ORIENTED_EDGE ( 'NONE', *, *, #9779, .T. ) ;
#5853 = DIRECTION ( 'NONE',  ( 0.000000000000000000, 0.000000000000000000, 1.000000000000000000 ) ) ;
#5854 = ORIENTED_EDGE ( 'NONE', *, *, #4847, .F. ) ;
#5855 = VECTOR ( 'NONE', #763, 1000.000000000000000 ) ;
#5856 = ORIENTED_EDGE ( 'NONE', *, *, #1358, .F. ) ;
#5857 = VECTOR ( 'NONE', #7138, 1000.000000000000000 ) ;
#5858 = CARTESIAN_POINT ( 'NONE',  ( -0.8456521027900000265, -1.620336927057999699, 0.05000000000099998065 ) ) ;
#5859 = CIRCLE ( 'NONE', #339, 0.9499999999990003108 ) ;
#5860 = DIRECTION ( 'NONE',  ( 0.000000000000000000, -1.000000000000000000, -3.491481338843000432E-15 ) ) ;
#5861 = CARTESIAN_POINT ( 'NONE',  ( 0.000000000000000000, 2.000000000000000444, 1.630000000000013882 ) ) ;
#5862 = CARTESIAN_POINT ( 'NONE',  ( 1.474999999999999867, 2.200000000000000178, 0.1000000000010001083 ) ) ;
#5863 = ADVANCED_FACE ( 'NONE', ( #8346 ), #12436, .T. ) ;
#5864 = ORIENTED_EDGE ( 'NONE', *, *, #2625, .F. ) ;
#5865 = DIRECTION ( 'NONE',  ( -1.000000000000000000, 0.000000000000000000, 0.000000000000000000 ) ) ;
#5866 = VECTOR ( 'NONE', #7059, 1000.000000000000000 ) ;
#5867 = CARTESIAN_POINT ( 'NONE',  ( 0.8108337971760000151, -1.445337325485999802, 0.07000000000100004005 ) ) ;
#5868 = ORIENTED_EDGE ( 'NONE', *, *, #9576, .F. ) ;
#5869 = ORIENTED_EDGE ( 'NONE', *, *, #4860, .T. ) ;
#5870 = CARTESIAN_POINT ( 'NONE',  ( 0.7815250531210000684, -0.7584868631939998274, 0.05000000000099998065 ) ) ;
#5871 = DIRECTION ( 'NONE',  ( 0.000000000000000000, -1.000000000000000000, -3.491481338843000432E-15 ) ) ;
#5872 = ORIENTED_EDGE ( 'NONE', *, *, #10638, .T. ) ;
#5873 = ADVANCED_FACE ( 'NONE', ( #7883 ), #7746, .F. ) ;
#5874 = LINE ( 'NONE', #9793, #2466 ) ;
#5875 = ORIENTED_EDGE ( 'NONE', *, *, #1183, .T. ) ;
#5876 = ADVANCED_FACE ( 'NONE', ( #6720 ), #3980, .F. ) ;
#5877 = VERTEX_POINT ( 'NONE', #5764 ) ;
#5878 = EDGE_CURVE ( 'NONE', #8605, #2046, #119, .T. ) ;
#5879 = DIRECTION ( 'NONE',  ( -1.000000000000000000, 0.000000000000000000, 0.000000000000000000 ) ) ;
#5880 = DIRECTION ( 'NONE',  ( 1.000000000000000000, 0.000000000000000000, 0.000000000000000000 ) ) ;
#5881 = CARTESIAN_POINT ( 'NONE',  ( -4.500000000000000000, -1.949999999999994182, 0.000000000000000000 ) ) ;
#5882 = VERTEX_POINT ( 'NONE', #9751 ) ;
#5883 = CARTESIAN_POINT ( 'NONE',  ( -1.205682198047000053, -0.6993000087839998935, 0.07000000000100004005 ) ) ;
#5884 = ORIENTED_EDGE ( 'NONE', *, *, #11291, .T. ) ;
#5885 = LINE ( 'NONE', #4918, #7890 ) ;
#5886 = DIRECTION ( 'NONE',  ( -1.000000000000000000, 0.000000000000000000, 0.000000000000000000 ) ) ;
#5887 = EDGE_LOOP ( 'NONE', ( #278, #2291, #7221, #6352, #3584, #7289, #6628, #7167, #1767, #11, #6072, #8671, #8622, #3425, #11223, #10885, #5937, #6515, #4371, #5189, #9745, #12455, #7714, #9114, #5235, #4857, #1691, #7673 ) ) ;
#5888 = VERTEX_POINT ( 'NONE', #9684 ) ;
#5889 = EDGE_CURVE ( 'NONE', #9503, #8052, #4741, .T. ) ;
#5890 = FACE_OUTER_BOUND ( 'NONE', #8202, .T. ) ;
#5891 = DIRECTION ( 'NONE',  ( 0.000000000000000000, 3.491481338843000432E-15, -1.000000000000000000 ) ) ;
#5892 = VERTEX_POINT ( 'NONE', #4043 ) ;
#5893 = CARTESIAN_POINT ( 'NONE',  ( -3.847765868373284714, 1.249943672210411805, 2.673335796665786468 ) ) ;
#5894 = CARTESIAN_POINT ( 'NONE',  ( -3.399999999998999822, -0.1499999999999999667, -0.4999999999989999666 ) ) ;
#5895 = ORIENTED_EDGE ( 'NONE', *, *, #5708, .F. ) ;
#5896 = VECTOR ( 'NONE', #3187, 1000.000000000000000 ) ;
#5897 = CARTESIAN_POINT ( 'NONE',  ( -4.169999999998999840, -0.2999999999999999334, 1.300000000000999911 ) ) ;
#5898 = DIRECTION ( 'NONE',  ( 0.000000000000000000, 1.000000000000000000, 3.491481338843000432E-15 ) ) ;
#5899 = DIRECTION ( 'NONE',  ( -1.000000000000000000, 0.000000000000000000, 0.000000000000000000 ) ) ;
#5900 = LINE ( 'NONE', #9818, #11493 ) ;
#5901 = DIRECTION ( 'NONE',  ( 0.000000000000000000, -1.000000000000000000, -3.491481338843000432E-15 ) ) ;
#5902 = DIRECTION ( 'NONE',  ( 0.000000000000000000, -1.000000000000000000, -2.891205793313955622E-15 ) ) ;
#5903 = CARTESIAN_POINT ( 'NONE',  ( -0.9535090837479999193, -0.7118147781030000898, 0.07000000000100004005 ) ) ;
#5904 = ORIENTED_EDGE ( 'NONE', *, *, #8549, .F. ) ;
#5905 = EDGE_LOOP ( 'NONE', ( #1277, #1127, #168, #2702 ) ) ;
#5906 = ADVANCED_FACE ( 'NONE', ( #1092 ), #2814, .F. ) ;
#5907 = CARTESIAN_POINT ( 'NONE',  ( 4.469999999998999662, 1.850000000000000089, 1.560000000000999920 ) ) ;
#5908 = DIRECTION ( 'NONE',  ( -5.421010862426999550E-16, 1.000000000000000000, 3.491481338843000432E-15 ) ) ;
#5909 = DIRECTION ( 'NONE',  ( -1.000000000000000000, 0.000000000000000000, 0.000000000000000000 ) ) ;
#5910 = CARTESIAN_POINT ( 'NONE',  ( -0.8572789634140000059, -1.620420271493999920, 0.05000000000099998065 ) ) ;
#5911 = CARTESIAN_POINT ( 'NONE',  ( -1.974999999999000222, 0.1000000000000002554, 1.000068083900629290E-12 ) ) ;
#5912 = DIRECTION ( 'NONE',  ( 0.000000000000000000, -3.816391647152028499E-15, 1.000000000000000000 ) ) ;
#5913 = ORIENTED_EDGE ( 'NONE', *, *, #6918, .T. ) ;
#5914 = DIRECTION ( 'NONE',  ( -1.000000000000000000, 0.000000000000000000, 0.000000000000000000 ) ) ;
#5915 = ORIENTED_EDGE ( 'NONE', *, *, #9749, .T. ) ;
#5916 = ORIENTED_EDGE ( 'NONE', *, *, #5447, .T. ) ;
#5917 = CARTESIAN_POINT ( 'NONE',  ( 4.169999999998999840, 0.9000000000000002442, -0.3499999999989999999 ) ) ;
#5918 = ADVANCED_FACE ( 'NONE', ( #4870 ), #898, .T. ) ;
#5919 = EDGE_CURVE ( 'NONE', #6949, #9397, #10777, .T. ) ;
#5920 = VECTOR ( 'NONE', #9257, 1000.000000000000000 ) ;
#5921 = DIRECTION ( 'NONE',  ( 0.000000000000000000, -1.000000000000000000, -3.491481338843000432E-15 ) ) ;
#5922 = CARTESIAN_POINT ( 'NONE',  ( -4.169999999998999840, 0.9000000000000002442, -0.5499999999990000665 ) ) ;
#5923 = CARTESIAN_POINT ( 'NONE',  ( 4.169999999998999840, 1.800000000000000044, -0.5499999999990000665 ) ) ;
#5924 = VERTEX_POINT ( 'NONE', #8844 ) ;
#5925 = DIRECTION ( 'NONE',  ( -0.3363908276650962592, 0.9417224702972694095, 3.288006431411938163E-15 ) ) ;
#5926 = CARTESIAN_POINT ( 'NONE',  ( 0.9756097560969999583, -1.117943137347999771, 0.07000000000100004005 ) ) ;
#5927 = VERTEX_POINT ( 'NONE', #12556 ) ;
#5928 = EDGE_LOOP ( 'NONE', ( #8067, #9017, #5747, #10467 ) ) ;
#5929 = CARTESIAN_POINT ( 'NONE',  ( 0.02500000000000000139, 0.6000000000000003109, 0.05000000000099998065 ) ) ;
#5930 = AXIS2_PLACEMENT_3D ( 'NONE', #1249, #284, #5155 ) ;
#5931 = VECTOR ( 'NONE', #3260, 1000.000000000000000 ) ;
#5932 = FACE_OUTER_BOUND ( 'NONE', #5825, .T. ) ;
#5933 = ORIENTED_EDGE ( 'NONE', *, *, #227, .T. ) ;
#5934 = EDGE_CURVE ( 'NONE', #1328, #3136, #3785, .T. ) ;
#5935 = DIRECTION ( 'NONE',  ( 0.000000000000000000, 1.000000000000000000, 2.891205793313955622E-15 ) ) ;
#5936 = VERTEX_POINT ( 'NONE', #6851 ) ;
#5937 = ORIENTED_EDGE ( 'NONE', *, *, #1598, .T. ) ;
#5938 = AXIS2_PLACEMENT_3D ( 'NONE', #1866, #9626, #908 ) ;
#5939 = CARTESIAN_POINT ( 'NONE',  ( -1.103896141848000001, -1.564169320947999875, 0.07000000000100004005 ) ) ;
#5940 = VECTOR ( 'NONE', #1232, 1000.000000000000000 ) ;
#5941 = DIRECTION ( 'NONE',  ( 1.000000000000000000, 0.000000000000000000, 0.000000000000000000 ) ) ;
#5942 = PLANE ( 'NONE',  #2176 ) ;
#5943 = EDGE_LOOP ( 'NONE', ( #7052, #2649, #8003, #8424, #775, #1632 ) ) ;
#5944 = CARTESIAN_POINT ( 'NONE',  ( -3.220000000000000195, 2.000000000000000444, 0.3500000000010001222 ) ) ;
#5945 = EDGE_LOOP ( 'NONE', ( #12250, #12341, #11998, #389, #3941, #2657, #7418, #3872, #9921, #6864 ) ) ;
#5946 = CARTESIAN_POINT ( 'NONE',  ( 0.5865091463410000427, -1.498469051981999867, 0.07000000000100004005 ) ) ;
#5947 = CARTESIAN_POINT ( 'NONE',  ( 2.274999999999999911, -9.116756773326001095, 0.04999999999999991257 ) ) ;
#5948 = EDGE_CURVE ( 'NONE', #4503, #8465, #1792, .T. ) ;
#5949 = EDGE_CURVE ( 'NONE', #9936, #8439, #3539, .T. ) ;
#5950 = AXIS2_PLACEMENT_3D ( 'NONE', #4821, #4885, #6871 ) ;
#5951 = VERTEX_POINT ( 'NONE', #834 ) ;
#5952 = CARTESIAN_POINT ( 'NONE',  ( 2.725000000000000089, 0.9000000000000002442, 0.1000000000010001083 ) ) ;
#5953 = CIRCLE ( 'NONE', #8411, 0.2000000000000000944 ) ;
#5954 = CARTESIAN_POINT ( 'NONE',  ( 3.219999999998999662, 2.000000000000000444, 1.300000000000999911 ) ) ;
#5955 = CARTESIAN_POINT ( 'NONE',  ( -3.220000000000000195, -4.349999999998999556, 0.04999999999999991257 ) ) ;
#5956 = ORIENTED_EDGE ( 'NONE', *, *, #10280, .F. ) ;
#5957 = CARTESIAN_POINT ( 'NONE',  ( -3.219999999998999662, -1.300000000000000044, 1.300000000000999911 ) ) ;
#5958 = CARTESIAN_POINT ( 'NONE',  ( 0.000000000000000000, -9.116756773326001095, 0.04999999999999991257 ) ) ;
#5959 = VERTEX_POINT ( 'NONE', #10711 ) ;
#5960 = CARTESIAN_POINT ( 'NONE',  ( 1.792873475609000122, -0.9984690519819999777, 0.07000000000100004005 ) ) ;
#5961 = DIRECTION ( 'NONE',  ( 0.000000000000000000, -1.000000000000000000, -3.491481338843000432E-15 ) ) ;
#5962 = CARTESIAN_POINT ( 'NONE',  ( -2.469999999999000106, -4.149999999999000266, 0.04999999999999991257 ) ) ;
#5963 = VECTOR ( 'NONE', #12559, 1000.000000000000000 ) ;
#5964 = DIRECTION ( 'NONE',  ( 0.000000000000000000, 0.000000000000000000, 1.000000000000000000 ) ) ;
#5965 = AXIS2_PLACEMENT_3D ( 'NONE', #8696, #6835, #5941 ) ;
#5966 = PLANE ( 'NONE',  #10368 ) ;
#5967 = EDGE_CURVE ( 'NONE', #2229, #9956, #4933, .T. ) ;
#5968 = PLANE ( 'NONE',  #12278 ) ;
#5969 = LINE ( 'NONE', #9448, #2721 ) ;
#5970 = ORIENTED_EDGE ( 'NONE', *, *, #986, .F. ) ;
#5971 = VERTEX_POINT ( 'NONE', #5897 ) ;
#5972 = DIRECTION ( 'NONE',  ( 1.000000000000000000, 0.000000000000000000, 0.000000000000000000 ) ) ;
#5973 = DIRECTION ( 'NONE',  ( 0.000000000000000000, -1.000000000000000000, -3.491481338843000432E-15 ) ) ;
#5974 = CARTESIAN_POINT ( 'NONE',  ( -2.269999999998999929, 2.000000000000000444, 0.3500000000010001222 ) ) ;
#5975 = AXIS2_PLACEMENT_3D ( 'NONE', #10366, #3570, #680 ) ;
#5976 = DIRECTION ( 'NONE',  ( 0.000000000000000000, 1.000000000000000000, 3.491481338843000432E-15 ) ) ;
#5977 = CARTESIAN_POINT ( 'NONE',  ( 4.169999999998999840, 0.7000000000000000666, 1.100000000000999956 ) ) ;
#5978 = ADVANCED_FACE ( 'NONE', ( #12619 ), #2879, .F. ) ;
#5979 = DIRECTION ( 'NONE',  ( 1.000000000000000000, 0.000000000000000000, 0.000000000000000000 ) ) ;
#5980 = LINE ( 'NONE', #6938, #7499 ) ;
#5981 = EDGE_CURVE ( 'NONE', #10072, #1445, #7817, .T. ) ;
#5982 = ORIENTED_EDGE ( 'NONE', *, *, #3916, .F. ) ;
#5983 = CARTESIAN_POINT ( 'NONE',  ( 4.169999999998999840, -3.467157287524999632, -0.5500000000000001554 ) ) ;
#5984 = AXIS2_PLACEMENT_3D ( 'NONE', #3289, #2446, #3166 ) ;
#5985 = ORIENTED_EDGE ( 'NONE', *, *, #4033, .T. ) ;
#5986 = CARTESIAN_POINT ( 'NONE',  ( 2.524999999999999911, 0.1000000000000002554, 0.05000000000099998065 ) ) ;
#5987 = LINE ( 'NONE', #1119, #11955 ) ;
#5988 = CIRCLE ( 'NONE', #7619, 0.2000000000000000944 ) ;
#5989 = DIRECTION ( 'NONE',  ( -1.000000000000000000, 0.000000000000000000, 0.000000000000000000 ) ) ;
#5990 = CARTESIAN_POINT ( 'NONE',  ( -1.724999999999000000, 2.200000000000000178, 1.000068083900629290E-12 ) ) ;
#5991 = VERTEX_POINT ( 'NONE', #9815 ) ;
#5992 = AXIS2_PLACEMENT_3D ( 'NONE', #9228, #1217, #5126 ) ;
#5993 = CARTESIAN_POINT ( 'NONE',  ( 3.219999999998999662, 1.999999999999000355, 2.660000000000000142 ) ) ;
#5994 = VECTOR ( 'NONE', #5871, 1000.000000000000000 ) ;
#5995 = ADVANCED_FACE ( 'NONE', ( #1024 ), #2186, .T. ) ;
#5996 = EDGE_CURVE ( 'NONE', #1501, #7283, #8650, .T. ) ;
#5997 = DIRECTION ( 'NONE',  ( 0.000000000000000000, 3.491481338843000432E-15, -1.000000000000000000 ) ) ;
#5998 = VERTEX_POINT ( 'NONE', #5065 ) ;
#5999 = ORIENTED_EDGE ( 'NONE', *, *, #12164, .T. ) ;
#6000 = CARTESIAN_POINT ( 'NONE',  ( -3.699775665169835026, 1.976868785247082760, 2.779953834496203591 ) ) ;
#6001 = B_SPLINE_CURVE_WITH_KNOTS ( 'NONE', 3,
 ( #11776, #4852, #4911, #35, #2858, #1900, #3962, #11528, #9593, #2997, #6902, #811, #5939, #9862, #1071, #9729, #3768, #4983, #12476 ),
 .UNSPECIFIED., .F., .F.,
 ( 4, 1, 1, 1, 1, 1, 1, 1, 1, 1, 1, 1, 1, 1, 1, 1, 4 ),
 ( 0.000000000000000000, 0.07064371857500000018, 0.1382567155079999777, 0.2033641242170000085, 0.2663240938029999838, 0.3279047615419999895, 0.3887377151729999869, 0.4494235281089999923, 0.5108610114589999807, 0.5720793960469999773, 0.6317344287310000528, 0.6911172105780000186, 0.7503600294900000245, 0.8100329005309999664, 0.8713624508280000125, 0.9344271412310000136, 0.9999999999990000221 ),
 .UNSPECIFIED. ) ;
#6002 = AXIS2_PLACEMENT_3D ( 'NONE', #6883, #5860, #10804 ) ;
#6003 = CARTESIAN_POINT ( 'NONE',  ( 0.4749999999999999778, 2.200000000000000178, 1.000068083900629290E-12 ) ) ;
#6004 = ORIENTED_EDGE ( 'NONE', *, *, #11400, .T. ) ;
#6005 = VECTOR ( 'NONE', #10208, 1000.000000000000000 ) ;
#6006 = APPLICATION_PROTOCOL_DEFINITION ( 'draft international standard', 'automotive_design', 1998, #4396 ) ;
#6007 = DIRECTION ( 'NONE',  ( 0.000000000000000000, 1.000000000000000000, 5.421010862427522959E-15 ) ) ;
#6008 = ORIENTED_EDGE ( 'NONE', *, *, #1937, .F. ) ;
#6009 = ORIENTED_EDGE ( 'NONE', *, *, #1583, .T. ) ;
#6010 = CARTESIAN_POINT ( 'NONE',  ( 1.474999999999000000, 1.800000000000000044, 0.05000000000099998065 ) ) ;
#6011 = EDGE_CURVE ( 'NONE', #4600, #49, #1286, .T. ) ;
#6012 = CARTESIAN_POINT ( 'NONE',  ( -2.274999999999000266, 0.9000000000000002442, 0.1000000000010001083 ) ) ;
#6013 = DIRECTION ( 'NONE',  ( 0.000000000000000000, 3.491481338843000432E-15, -1.000000000000000000 ) ) ;
#6014 = ORIENTED_EDGE ( 'NONE', *, *, #5084, .F. ) ;
#6015 = VECTOR ( 'NONE', #7368, 1000.000000000000000 ) ;
#6016 = FACE_OUTER_BOUND ( 'NONE', #484, .T. ) ;
#6017 = ORIENTED_EDGE ( 'NONE', *, *, #7042, .T. ) ;
#6018 = CARTESIAN_POINT ( 'NONE',  ( -2.269999999998999929, -2.249999999998999911, 0.3499999999999998113 ) ) ;
#6019 = LINE ( 'NONE', #3139, #7643 ) ;
#6020 = ORIENTED_EDGE ( 'NONE', *, *, #1269, .T. ) ;
#6021 = CARTESIAN_POINT ( 'NONE',  ( 0.000000000000000000, -3.950000000000000178, 1.629999999999992566 ) ) ;
#6022 = CARTESIAN_POINT ( 'NONE',  ( 2.774999999999999911, 2.200000000000000178, 0.1000000000010001083 ) ) ;
#6023 = CARTESIAN_POINT ( 'NONE',  ( 3.399999999998999822, 0.1499999999999999667, -0.4999999999989999666 ) ) ;
#6024 = ORIENTED_EDGE ( 'NONE', *, *, #7975, .F. ) ;
#6025 = CARTESIAN_POINT ( 'NONE',  ( 3.692434751857406994, 1.979471275063973801, 2.784211718011221581 ) ) ;
#6026 = FACE_OUTER_BOUND ( 'NONE', #6313, .T. ) ;
#6027 = ORIENTED_EDGE ( 'NONE', *, *, #672, .T. ) ;
#6028 = FACE_OUTER_BOUND ( 'NONE', #2282, .T. ) ;
#6029 = EDGE_CURVE ( 'NONE', #1810, #2008, #8144, .T. ) ;
#6030 = CARTESIAN_POINT ( 'NONE',  ( 3.219999999998999662, 1.199999999999000089, 1.959999999999999964 ) ) ;
#6031 = DIRECTION ( 'NONE',  ( -1.000000000000000000, 0.000000000000000000, 0.000000000000000000 ) ) ;
#6032 = EDGE_CURVE ( 'NONE', #312, #2418, #12178, .T. ) ;
#6033 = DIRECTION ( 'NONE',  ( 1.000000000000000000, 0.000000000000000000, 0.000000000000000000 ) ) ;
#6034 = LINE ( 'NONE', #184, #6055 ) ;
#6035 = CARTESIAN_POINT ( 'NONE',  ( 0.5250000000000000222, 0.1000000000000002554, 0.05000000000099998065 ) ) ;
#6036 = DIRECTION ( 'NONE',  ( -1.000000000000000000, 0.000000000000000000, 0.000000000000000000 ) ) ;
#6037 = VERTEX_POINT ( 'NONE', #10974 ) ;
#6038 = ORIENTED_EDGE ( 'NONE', *, *, #89, .T. ) ;
#6039 = LINE ( 'NONE', #4251, #1562 ) ;
#6040 = CARTESIAN_POINT ( 'NONE',  ( 3.803095189483999938, 1.999999999999000355, 2.709999999999999520 ) ) ;
#6041 = CARTESIAN_POINT ( 'NONE',  ( 1.607660060975000027, -1.416151978810999967, 0.05000000000099998065 ) ) ;
#6042 = DIRECTION ( 'NONE',  ( 5.421010862427522170E-16, 1.000000000000000000, 3.523657060577889805E-15 ) ) ;
#6043 = ADVANCED_FACE ( 'NONE', ( #5315 ), #4361, .T. ) ;
#6044 = FACE_OUTER_BOUND ( 'NONE', #1464, .T. ) ;
#6045 = ADVANCED_FACE ( 'NONE', ( #6028 ), #9946, .T. ) ;
#6046 = CARTESIAN_POINT ( 'NONE',  ( -2.274999999999000266, 0.9000000000000002442, 0.1000000000010001083 ) ) ;
#6047 = CARTESIAN_POINT ( 'NONE',  ( 1.641092033899999914, -1.420141813263999797, 0.05000000000099998065 ) ) ;
#6048 = CARTESIAN_POINT ( 'NONE',  ( 0.9226794408359999533, -0.7150326585099999743, 0.05000000000099998065 ) ) ;
#6049 = AXIS2_PLACEMENT_3D ( 'NONE', #1696, #9330, #12458 ) ;
#6050 = ORIENTED_EDGE ( 'NONE', *, *, #6542, .T. ) ;
#6051 = LINE ( 'NONE', #11886, #9409 ) ;
#6052 = ORIENTED_EDGE ( 'NONE', *, *, #5085, .F. ) ;
#6053 = DIRECTION ( 'NONE',  ( 1.000000000000000000, 0.000000000000000000, 0.000000000000000000 ) ) ;
#6054 = LINE ( 'NONE', #8742, #8575 ) ;
#6055 = VECTOR ( 'NONE', #256, 1000.000000000000000 ) ;
#6056 = ADVANCED_FACE ( 'NONE', ( #4105 ), #7179, .F. ) ;
#6057 = DIRECTION ( 'NONE',  ( 0.000000000000000000, 3.491481338843000432E-15, -1.000000000000000000 ) ) ;
#6058 = DIRECTION ( 'NONE',  ( 0.000000000000000000, -1.000000000000000000, -3.491481338843000432E-15 ) ) ;
#6059 = VERTEX_POINT ( 'NONE', #380 ) ;
#6060 = DIRECTION ( 'NONE',  ( 0.000000000000000000, 1.000000000000000000, 0.000000000000000000 ) ) ;
#6061 = CARTESIAN_POINT ( 'NONE',  ( 0.6007484225470000050, -1.498176057812999895, 0.05000000000099998065 ) ) ;
#6062 = EDGE_LOOP ( 'NONE', ( #10599, #10908, #7696, #6929, #9264, #5916 ) ) ;
#6063 = AXIS2_PLACEMENT_3D ( 'NONE', #7000, #10084, #9115 ) ;
#6064 = EDGE_LOOP ( 'NONE', ( #11856, #3440, #10635, #5811, #818 ) ) ;
#6065 = CIRCLE ( 'NONE', #326, 0.1999999999990000332 ) ;
#6066 = LINE ( 'NONE', #6954, #1904 ) ;
#6067 = VECTOR ( 'NONE', #7548, 1000.000000000000000 ) ;
#6068 = DIRECTION ( 'NONE',  ( -5.421010862426999550E-16, 1.000000000000000000, 3.491481338843000432E-15 ) ) ;
#6069 = EDGE_LOOP ( 'NONE', ( #4079, #4447, #8941, #9682 ) ) ;
#6070 = ADVANCED_FACE ( 'NONE', ( #7244 ), #8013, .T. ) ;
#6071 = CARTESIAN_POINT ( 'NONE',  ( -1.963414634146000148, -0.6082251495429997767, 0.07000000000100004005 ) ) ;
#6072 = ORIENTED_EDGE ( 'NONE', *, *, #7298, .T. ) ;
#6073 = VECTOR ( 'NONE', #6598, 1000.000000000000000 ) ;
#6074 = CIRCLE ( 'NONE', #546, 1.249999999999000133 ) ;
#6075 = VERTEX_POINT ( 'NONE', #4175 ) ;
#6076 = CARTESIAN_POINT ( 'NONE',  ( 0.4390243902429999956, -0.7179812471039999089, 0.07000000000100004005 ) ) ;
#6077 = LINE ( 'NONE', #7036, #220 ) ;
#6078 = EDGE_LOOP ( 'NONE', ( #886, #12107, #7334, #7518 ) ) ;
#6079 = LINE ( 'NONE', #9155, #5931 ) ;
#6080 = ORIENTED_EDGE ( 'NONE', *, *, #10871, .T. ) ;
#6081 = CARTESIAN_POINT ( 'NONE',  ( -1.963414634146000148, -0.6082251495429997767, 0.05000000000099998065 ) ) ;
#6082 = DIRECTION ( 'NONE',  ( -1.000000000000000000, 0.000000000000000000, 0.000000000000000000 ) ) ;
#6083 = ORIENTED_EDGE ( 'NONE', *, *, #6303, .T. ) ;
#6084 = VERTEX_POINT ( 'NONE', #6282 ) ;
#6085 = CARTESIAN_POINT ( 'NONE',  ( -3.219999999998999662, -5.900000000000000355, 1.959999999998999876 ) ) ;
#6086 = LINE ( 'NONE', #10835, #12023 ) ;
#6087 = EDGE_CURVE ( 'NONE', #11871, #3822, #317, .T. ) ;
#6088 = EDGE_CURVE ( 'NONE', #2016, #5483, #6095, .T. ) ;
#6089 = DIRECTION ( 'NONE',  ( 0.000000000000000000, 3.491481338843000432E-15, -1.000000000000000000 ) ) ;
#6090 = EDGE_CURVE ( 'NONE', #8363, #6445, #6219, .T. ) ;
#6091 = ORIENTED_EDGE ( 'NONE', *, *, #1179, .T. ) ;
#6092 = CARTESIAN_POINT ( 'NONE',  ( 3.743148208881664551, 1.955300488541414028, 2.753011395541752115 ) ) ;
#6093 = CARTESIAN_POINT ( 'NONE',  ( -0.6718135500630000312, -1.598423149357000028, 0.05000000000099998065 ) ) ;
#6094 = VERTEX_POINT ( 'NONE', #9168 ) ;
#6095 = LINE ( 'NONE', #10010, #11126 ) ;
#6096 = DIRECTION ( 'NONE',  ( 1.000000000000000000, 0.000000000000000000, 0.000000000000000000 ) ) ;
#6097 = CARTESIAN_POINT ( 'NONE',  ( 0.1097560975600000016, -0.6082251495429997767, 0.05000000000099998065 ) ) ;
#6098 = CARTESIAN_POINT ( 'NONE',  ( -1.474999999999000000, 0.9000000000000002442, 0.1000000000010001083 ) ) ;
#6099 = CARTESIAN_POINT ( 'NONE',  ( -3.219999999998999662, 1.800000000000000044, -0.5499999999990000665 ) ) ;
#6100 = DIRECTION ( 'NONE',  ( 0.000000000000000000, 3.491481338843000432E-15, -1.000000000000000000 ) ) ;
#6101 = LINE ( 'NONE', #10016, #9490 ) ;
#6102 = ORIENTED_EDGE ( 'NONE', *, *, #10945, .F. ) ;
#6103 = ORIENTED_EDGE ( 'NONE', *, *, #4451, .F. ) ;
#6104 = PLANE ( 'NONE',  #8716 ) ;
#6105 = EDGE_CURVE ( 'NONE', #8595, #12514, #3338, .T. ) ;
#6106 = FACE_OUTER_BOUND ( 'NONE', #689, .T. ) ;
#6107 = AXIS2_PLACEMENT_3D ( 'NONE', #7913, #5664, #9577 ) ;
#6108 = VERTEX_POINT ( 'NONE', #1411 ) ;
#6109 = CARTESIAN_POINT ( 'NONE',  ( 1.626905487803999906, -1.486273930030999946, 0.07000000000100004005 ) ) ;
#6110 = CARTESIAN_POINT ( 'NONE',  ( 4.169999999998999840, -2.791421356236999607, -0.4914213562370001176 ) ) ;
#6111 = CARTESIAN_POINT ( 'NONE',  ( -0.02500000000000000139, 1.400000000000000133, 0.1000000000010001083 ) ) ;
#6112 = ADVANCED_FACE ( 'NONE', ( #11933 ), #6156, .F. ) ;
#6113 = CARTESIAN_POINT ( 'NONE',  ( 2.274999999999999911, 2.200000000000000178, 1.000068083900629290E-12 ) ) ;
#6114 = CARTESIAN_POINT ( 'NONE',  ( 1.089774100045000083, -0.9596613422359998591, 0.05000000000099998065 ) ) ;
#6115 = CARTESIAN_POINT ( 'NONE',  ( -0.8696850325960000516, -1.510372837847000049, 0.07000000000100004005 ) ) ;
#6116 = ORIENTED_EDGE ( 'NONE', *, *, #9100, .T. ) ;
#6117 = CARTESIAN_POINT ( 'NONE',  ( -4.469999999998999662, -2.649999999998999822, -0.06715728752500009502 ) ) ;
#6118 = EDGE_CURVE ( 'NONE', #7527, #414, #9039, .T. ) ;
#6119 = EDGE_CURVE ( 'NONE', #3560, #1695, #2713, .T. ) ;
#6120 = LINE ( 'NONE', #3427, #10846 ) ;
#6121 = PLANE ( 'NONE',  #4700 ) ;
#6122 = CARTESIAN_POINT ( 'NONE',  ( 1.607660060975000027, -1.416151978810999967, 0.05000000000099998065 ) ) ;
#6123 = CARTESIAN_POINT ( 'NONE',  ( -4.169999999998999840, 2.000000000000000444, 1.560000000000999920 ) ) ;
#6124 = CARTESIAN_POINT ( 'NONE',  ( 2.225000000000000089, 0.6000000000000003109, 0.1000000000010001083 ) ) ;
#6125 = ORIENTED_EDGE ( 'NONE', *, *, #1254, .T. ) ;
#6126 = EDGE_LOOP ( 'NONE', ( #12353, #6595, #1403, #7915, #10274, #1078, #4145, #6806, #1929 ) ) ;
#6127 = PLANE ( 'NONE',  #6808 ) ;
#6128 = EDGE_CURVE ( 'NONE', #9776, #6847, #4481, .T. ) ;
#6129 = PLANE ( 'NONE',  #3550 ) ;
#6130 = ORIENTED_EDGE ( 'NONE', *, *, #6361, .T. ) ;
#6131 = AXIS2_PLACEMENT_3D ( 'NONE', #563, #12288, #10195 ) ;
#6132 = CARTESIAN_POINT ( 'NONE',  ( 0.08536585365800000713, -1.498469051981999867, 0.07000000000100004005 ) ) ;
#6133 = ORIENTED_EDGE ( 'NONE', *, *, #940, .F. ) ;
#6134 = ORIENTED_EDGE ( 'NONE', *, *, #10273, .T. ) ;
#6135 = DIRECTION ( 'NONE',  ( 0.000000000000000000, 3.491481338843000432E-15, -1.000000000000000000 ) ) ;
#6136 = CARTESIAN_POINT ( 'NONE',  ( 1.525000000000000133, 0.1000000000000002554, 0.05000000000099998065 ) ) ;
#6137 = AXIS2_PLACEMENT_3D ( 'NONE', #11717, #4856, #2863 ) ;
#6138 = ORIENTED_EDGE ( 'NONE', *, *, #1827, .T. ) ;
#6139 = DIRECTION ( 'NONE',  ( 0.000000000000000000, 0.000000000000000000, 1.000000000000000000 ) ) ;
#6140 = EDGE_LOOP ( 'NONE', ( #316, #4735, #1023, #9383 ) ) ;
#6141 = CARTESIAN_POINT ( 'NONE',  ( -3.879972574571123101, 1.223855948381507686, 2.643704292892723018 ) ) ;
#6142 = EDGE_CURVE ( 'NONE', #8137, #11796, #755, .T. ) ;
#6143 = LINE ( 'NONE', #1274, #8668 ) ;
#6144 = ORIENTED_EDGE ( 'NONE', *, *, #444, .T. ) ;
#6145 = EDGE_LOOP ( 'NONE', ( #2491, #7671, #5556, #8177, #4204, #10002 ) ) ;
#6146 = CARTESIAN_POINT ( 'NONE',  ( 4.169999999998999840, -1.200000000000999822, 1.959999999999999964 ) ) ;
#6147 = CARTESIAN_POINT ( 'NONE',  ( -1.525000000000000133, 1.800000000000000044, 0.1000000000010001083 ) ) ;
#6148 = DIRECTION ( 'NONE',  ( -1.000000000000000000, 0.000000000000000000, 0.000000000000000000 ) ) ;
#6149 = VECTOR ( 'NONE', #1790, 1000.000000000000000 ) ;
#6150 = VECTOR ( 'NONE', #11867, 1000.000000000000000 ) ;
#6151 = VERTEX_POINT ( 'NONE', #7550 ) ;
#6152 = CARTESIAN_POINT ( 'NONE',  ( 2.024999999999999911, 0.3783882181409999323, 1.000068083900629290E-12 ) ) ;
#6153 = CARTESIAN_POINT ( 'NONE',  ( -0.7249999999989999999, 1.400000000000000133, 0.1000000000010001083 ) ) ;
#6154 = CIRCLE ( 'NONE', #6959, 0.7999999999999999334 ) ;
#6155 = VERTEX_POINT ( 'NONE', #12422 ) ;
#6156 = PLANE ( 'NONE',  #5992 ) ;
#6157 = CARTESIAN_POINT ( 'NONE',  ( 4.169999999998999840, -2.250000000000000000, 1.500000000000000000 ) ) ;
#6158 = DIRECTION ( 'NONE',  ( 0.000000000000000000, -1.000000000000000000, -3.491481338843000432E-15 ) ) ;
#6159 = AXIS2_PLACEMENT_3D ( 'NONE', #8140, #2366, #8326 ) ;
#6160 = CARTESIAN_POINT ( 'NONE',  ( -3.219999999998999662, 1.199999999999000089, 1.959999999999999964 ) ) ;
#6161 = LINE ( 'NONE', #5069, #9767 ) ;
#6162 = ADVANCED_FACE ( 'NONE', ( #11346 ), #7305, .T. ) ;
#6163 = EDGE_CURVE ( 'NONE', #2076, #2701, #633, .T. ) ;
#6164 = LINE ( 'NONE', #3463, #942 ) ;
#6165 = CARTESIAN_POINT ( 'NONE',  ( -0.9166866776630000491, -0.7067672087949997684, 0.05000000000099998065 ) ) ;
#6166 = CIRCLE ( 'NONE', #6758, 0.1999999999999996503 ) ;
#6167 = ORIENTED_EDGE ( 'NONE', *, *, #9835, .F. ) ;
#6168 = VERTEX_POINT ( 'NONE', #9474 ) ;
#6169 = CARTESIAN_POINT ( 'NONE',  ( -0.2249999999989999999, 2.200000000000000178, 0.1000000000010001083 ) ) ;
#6170 = PLANE ( 'NONE',  #8822 ) ;
#6171 = ORIENTED_EDGE ( 'NONE', *, *, #5375, .T. ) ;
#6172 = CARTESIAN_POINT ( 'NONE',  ( 0.2750000000000000222, 2.200000000000000178, 0.1000000000010001083 ) ) ;
#6173 = VECTOR ( 'NONE', #3983, 1000.000000000000227 ) ;
#6174 = DIRECTION ( 'NONE',  ( 0.000000000000000000, 3.491481338843000432E-15, -1.000000000000000000 ) ) ;
#6175 = CIRCLE ( 'NONE', #11097, 0.9499999999990003108 ) ;
#6176 = DIRECTION ( 'NONE',  ( -1.000000000000000000, 0.000000000000000000, 0.000000000000000000 ) ) ;
#6177 = CARTESIAN_POINT ( 'NONE',  ( -4.273649292513034936, 1.213415823046048780, 2.633449956285935478 ) ) ;
#6178 = CARTESIAN_POINT ( 'NONE',  ( 0.5767911585359999371, -0.6082251495429997767, 0.05000000000099998065 ) ) ;
#6179 = EDGE_CURVE ( 'NONE', #2231, #7771, #8389, .T. ) ;
#6180 = CARTESIAN_POINT ( 'NONE',  ( -1.173392787690999972, -1.338400436591999920, 0.07000000000100004005 ) ) ;
#6181 = EDGE_LOOP ( 'NONE', ( #10591, #6719, #4642, #2983 ) ) ;
#6182 = DIRECTION ( 'NONE',  ( -1.000000000000000000, 0.000000000000000000, 0.000000000000000000 ) ) ;
#6183 = FACE_OUTER_BOUND ( 'NONE', #4764, .T. ) ;
#6184 = CARTESIAN_POINT ( 'NONE',  ( 3.219999999998999662, 2.000000000000000444, -0.5499999999990000665 ) ) ;
#6185 = CARTESIAN_POINT ( 'NONE',  ( 3.219999999998999662, 1.999999999999000355, 1.959999999999999964 ) ) ;
#6186 = CARTESIAN_POINT ( 'NONE',  ( 0.1097560975600000016, -0.7179812471039999089, 0.07000000000100004005 ) ) ;
#6187 = EDGE_CURVE ( 'NONE', #4978, #8829, #5564, .T. ) ;
#6188 = DIRECTION ( 'NONE',  ( 0.000000000000000000, 1.000000000000000000, 4.336808689963701156E-15 ) ) ;
#6189 = EDGE_CURVE ( 'NONE', #1451, #161, #11226, .T. ) ;
#6190 = AXIS2_PLACEMENT_3D ( 'NONE', #54, #8713, #6921 ) ;
#6191 = EDGE_LOOP ( 'NONE', ( #10116, #12227, #5282, #7400 ) ) ;
#6192 = VERTEX_POINT ( 'NONE', #6341 ) ;
#6193 = LINE ( 'NONE', #9142, #11133 ) ;
#6194 = LINE ( 'NONE', #3123, #44 ) ;
#6195 = VERTEX_POINT ( 'NONE', #6589 ) ;
#6196 = CARTESIAN_POINT ( 'NONE',  ( -1.963414634146000148, -1.608225149542999999, 0.05000000000099998065 ) ) ;
#6197 = ORIENTED_EDGE ( 'NONE', *, *, #10849, .F. ) ;
#6198 = AXIS2_PLACEMENT_3D ( 'NONE', #11286, #10263, #8452 ) ;
#6199 = AXIS2_PLACEMENT_3D ( 'NONE', #10316, #5492, #12284 ) ;
#6200 = EDGE_CURVE ( 'NONE', #10755, #7243, #6409, .T. ) ;
#6201 = VERTEX_POINT ( 'NONE', #1535 ) ;
#6202 = DIRECTION ( 'NONE',  ( -1.000000000000000000, 0.000000000000000000, 0.000000000000000000 ) ) ;
#6203 = CARTESIAN_POINT ( 'NONE',  ( 0.9756097560969999583, -1.117943137347999771, 0.07000000000100004005 ) ) ;
#6204 = ORIENTED_EDGE ( 'NONE', *, *, #5421, .T. ) ;
#6205 = LINE ( 'NONE', #4030, #4500 ) ;
#6206 = VERTEX_POINT ( 'NONE', #571 ) ;
#6207 = DIRECTION ( 'NONE',  ( 0.000000000000000000, 0.7071067811865475727, -0.7071067811865475727 ) ) ;
#6208 = DIRECTION ( 'NONE',  ( 0.000000000000000000, 3.491481338843000432E-15, -1.000000000000000000 ) ) ;
#6209 = CIRCLE ( 'NONE', #678, 0.7999999999990000665 ) ;
#6210 = ORIENTED_EDGE ( 'NONE', *, *, #8395, .F. ) ;
#6211 = ORIENTED_EDGE ( 'NONE', *, *, #8275, .T. ) ;
#6212 = DIRECTION ( 'NONE',  ( -4.712700745362529875E-32, -1.000000000000000000, -3.652049423109000182E-15 ) ) ;
#6213 = DIRECTION ( 'NONE',  ( 0.000000000000000000, 1.000000000000000000, 3.523657060582293621E-15 ) ) ;
#6214 = DIRECTION ( 'NONE',  ( 0.000000000000000000, 1.000000000000000000, 3.491481338843000432E-15 ) ) ;
#6215 = ORIENTED_EDGE ( 'NONE', *, *, #7351, .F. ) ;
#6216 = DIRECTION ( 'NONE',  ( 0.000000000000000000, -1.000000000000000000, 8.462721033782000059E-14 ) ) ;
#6217 = EDGE_CURVE ( 'NONE', #5362, #11871, #2521, .T. ) ;
#6218 = EDGE_LOOP ( 'NONE', ( #330, #12650, #6694, #1420 ) ) ;
#6219 = LINE ( 'NONE', #2371, #3741 ) ;
#6220 = CIRCLE ( 'NONE', #894, 1.249999999999000133 ) ;
#6221 = AXIS2_PLACEMENT_3D ( 'NONE', #1085, #7170, #8898 ) ;
#6222 = DIRECTION ( 'NONE',  ( 0.000000000000000000, 1.000000000000000000, 0.000000000000000000 ) ) ;
#6223 = FACE_OUTER_BOUND ( 'NONE', #4553, .T. ) ;
#6224 = LINE ( 'NONE', #10140, #2487 ) ;
#6225 = FACE_OUTER_BOUND ( 'NONE', #9762, .T. ) ;
#6226 = LINE ( 'NONE', #8978, #4702 ) ;
#6227 = DIRECTION ( 'NONE',  ( 0.000000000000000000, 0.7071067811865474617, 0.7071067811865474617 ) ) ;
#6228 = VERTEX_POINT ( 'NONE', #9293 ) ;
#6229 = ORIENTED_EDGE ( 'NONE', *, *, #1684, .F. ) ;
#6230 = DIRECTION ( 'NONE',  ( 0.000000000000000000, -1.000000000000000000, -3.641026466082000599E-15 ) ) ;
#6231 = DIRECTION ( 'NONE',  ( 1.000000000000000000, 0.000000000000000000, 0.000000000000000000 ) ) ;
#6232 = ORIENTED_EDGE ( 'NONE', *, *, #6563, .F. ) ;
#6233 = DIRECTION ( 'NONE',  ( 1.000000000000000000, 0.000000000000000000, 0.000000000000000000 ) ) ;
#6234 = EDGE_CURVE ( 'NONE', #5888, #11703, #10505, .T. ) ;
#6235 = DIRECTION ( 'NONE',  ( 0.000000000000000000, -3.641026466082000599E-15, 1.000000000000000000 ) ) ;
#6236 = DIRECTION ( 'NONE',  ( -1.000000000000000000, 0.000000000000000000, 0.000000000000000000 ) ) ;
#6237 = DIRECTION ( 'NONE',  ( 0.000000000000000000, -3.816391647152028499E-15, 1.000000000000000000 ) ) ;
#6238 = CARTESIAN_POINT ( 'NONE',  ( 1.101324796128999806, -1.010858375177999813, 0.05000000000099998065 ) ) ;
#6239 = FACE_OUTER_BOUND ( 'NONE', #11254, .T. ) ;
#6240 = ORIENTED_EDGE ( 'NONE', *, *, #11360, .F. ) ;
#6241 = CARTESIAN_POINT ( 'NONE',  ( 4.453896267925000707, -0.2999999999999999334, 1.100000000000999956 ) ) ;
#6242 = PLANE ( 'NONE',  #7969 ) ;
#6243 = EDGE_CURVE ( 'NONE', #161, #2582, #11407, .T. ) ;
#6244 = DIRECTION ( 'NONE',  ( -5.421010862426999550E-16, 1.000000000000000000, 0.000000000000000000 ) ) ;
#6245 = LINE ( 'NONE', #2276, #12216 ) ;
#6246 = PLANE ( 'NONE',  #10360 ) ;
#6247 = CARTESIAN_POINT ( 'NONE',  ( 0.4390243902429999956, -0.7179812471039999089, 0.07000000000100004005 ) ) ;
#6248 = ORIENTED_EDGE ( 'NONE', *, *, #3142, .F. ) ;
#6249 = EDGE_LOOP ( 'NONE', ( #2304, #7562, #6588, #7356 ) ) ;
#6250 = DIRECTION ( 'NONE',  ( 0.000000000000000000, 0.000000000000000000, 1.000000000000000000 ) ) ;
#6251 = CARTESIAN_POINT ( 'NONE',  ( -4.169999999998999840, -3.949999999998999645, -0.06715728752500009502 ) ) ;
#6252 = ORIENTED_EDGE ( 'NONE', *, *, #9693, .T. ) ;
#6253 = AXIS2_PLACEMENT_3D ( 'NONE', #6472, #5446, #4425 ) ;
#6254 = EDGE_CURVE ( 'NONE', #12245, #5591, #508, .T. ) ;
#6255 = CARTESIAN_POINT ( 'NONE',  ( 0.9613828044840000420, -1.246504884195999807, 0.07000000000100004005 ) ) ;
#6256 = ORIENTED_EDGE ( 'NONE', *, *, #12584, .F. ) ;
#6257 = VERTEX_POINT ( 'NONE', #1715 ) ;
#6258 = CARTESIAN_POINT ( 'NONE',  ( -4.169999999998999840, -2.791421356236999607, -0.4914213562370001176 ) ) ;
#6259 = VECTOR ( 'NONE', #7749, 1000.000000000000000 ) ;
#6260 = VECTOR ( 'NONE', #4573, 1000.000000000000000 ) ;
#6261 = PLANE ( 'NONE',  #9642 ) ;
#6262 = VECTOR ( 'NONE', #2115, 1000.000000000000000 ) ;
#6263 = ORIENTED_EDGE ( 'NONE', *, *, #1344, .T. ) ;
#6264 = PRODUCT_DEFINITION_SHAPE ( 'NONE', 'NONE',  #596 ) ;
#6265 = PLANE ( 'NONE',  #9607 ) ;
#6266 = VERTEX_POINT ( 'NONE', #9536 ) ;
#6267 = CARTESIAN_POINT ( 'NONE',  ( -0.5250000000000000222, -9.116756773326001095, 0.04999999999999991257 ) ) ;
#6268 = CARTESIAN_POINT ( 'NONE',  ( -0.4749999999989999999, 0.1000000000000002554, 0.1000000000010001083 ) ) ;
#6269 = ORIENTED_EDGE ( 'NONE', *, *, #281, .T. ) ;
#6270 = ADVANCED_FACE ( 'NONE', ( #9353 ), #2619, .F. ) ;
#6271 = VECTOR ( 'NONE', #7047, 1000.000000000000000 ) ;
#6273 = DIRECTION ( 'NONE',  ( 0.000000000000000000, -1.000000000000000000, -3.491481338843000432E-15 ) ) ;
#6272 = AXIS2_PLACEMENT_3D ( 'NONE', #1809, #852, #10731 ) ;
#6274 = DIRECTION ( 'NONE',  ( -1.000000000000000000, 0.000000000000000000, 0.000000000000000000 ) ) ;
#6275 = EDGE_CURVE ( 'NONE', #8093, #447, #8858, .T. ) ;
#6276 = PLANE ( 'NONE',  #6159 ) ;
#6277 = ADVANCED_FACE ( 'NONE', ( #2558 ), #6412, .T. ) ;
#6278 = ORIENTED_EDGE ( 'NONE', *, *, #2840, .T. ) ;
#6279 = VECTOR ( 'NONE', #9911, 1000.000000000000000 ) ;
#6280 = LINE ( 'NONE', #1154, #9746 ) ;
#6281 = ORIENTED_EDGE ( 'NONE', *, *, #2676, .T. ) ;
#6282 = CARTESIAN_POINT ( 'NONE',  ( 0.3048780487799999661, -1.608225149542999999, 0.07000000000100004005 ) ) ;
#6283 = MANIFOLD_SOLID_BREP ( 'NONE', #9082 ) ;
#6284 = FACE_OUTER_BOUND ( 'NONE', #4411, .T. ) ;
#6285 = FACE_OUTER_BOUND ( 'NONE', #10324, .T. ) ;
#6286 = DIRECTION ( 'NONE',  ( -1.000000000000000000, 0.000000000000000000, 0.000000000000000000 ) ) ;
#6287 = LINE ( 'NONE', #637, #1745 ) ;
#6288 = VECTOR ( 'NONE', #41, 1000.000000000000000 ) ;
#6289 = CARTESIAN_POINT ( 'NONE',  ( -2.000000000000000000, -1.949999999999994404, 0.1000000000000000472 ) ) ;
#6290 = CARTESIAN_POINT ( 'NONE',  ( 0.1097560975600000016, -0.6082251495429997767, 0.07000000000100004005 ) ) ;
#6291 = EDGE_CURVE ( 'NONE', #11416, #11945, #10560, .T. ) ;
#6292 = ORIENTED_EDGE ( 'NONE', *, *, #6703, .F. ) ;
#6293 = ORIENTED_EDGE ( 'NONE', *, *, #790, .F. ) ;
#6294 = LINE ( 'NONE', #1487, #4227 ) ;
#6295 = LINE ( 'NONE', #8155, #11292 ) ;
#6296 = ORIENTED_EDGE ( 'NONE', *, *, #9245, .T. ) ;
#6297 = DIRECTION ( 'NONE',  ( -1.000000000000000000, 0.000000000000000000, 0.000000000000000000 ) ) ;
#6298 = PLANE ( 'NONE',  #10915 ) ;
#6299 = CARTESIAN_POINT ( 'NONE',  ( 0.4390243902429999956, -1.498469051981999867, 0.07000000000100004005 ) ) ;
#6300 = DIRECTION ( 'NONE',  ( 1.000000000000000000, 0.000000000000000000, 0.000000000000000000 ) ) ;
#6301 = DIRECTION ( 'NONE',  ( 0.000000000000000000, 1.000000000000000000, 3.523657060577889805E-15 ) ) ;
#6302 = CARTESIAN_POINT ( 'NONE',  ( -3.219999999998999662, -1.200000000000999822, 2.910000000000000142 ) ) ;
#6303 = EDGE_CURVE ( 'NONE', #10481, #6613, #5501, .T. ) ;
#6304 = EDGE_CURVE ( 'NONE', #3394, #1893, #42, .T. ) ;
#6305 = VERTEX_POINT ( 'NONE', #2030 ) ;
#6306 = CARTESIAN_POINT ( 'NONE',  ( 0.000000000000000000, 0.1000000000000002554, 0.05000000000099998065 ) ) ;
#6307 = PLANE ( 'NONE',  #796 ) ;
#6308 = CARTESIAN_POINT ( 'NONE',  ( -4.169999999998999840, 0.7000000000000000666, -0.3499999999989999999 ) ) ;
#6309 = CARTESIAN_POINT ( 'NONE',  ( -4.106088641527930960, 1.999999999999001243, 2.842052035185468117 ) ) ;
#6310 = VECTOR ( 'NONE', #7096, 1000.000000000000000 ) ;
#6311 = LINE ( 'NONE', #6836, #9336 ) ;
#6312 = CARTESIAN_POINT ( 'NONE',  ( 4.469999999998999662, -3.749999999998999911, -0.06715728752500009502 ) ) ;
#6313 = EDGE_LOOP ( 'NONE', ( #10086, #11767, #4803, #87, #11552, #1545 ) ) ;
#6314 = EDGE_LOOP ( 'NONE', ( #4250, #359, #4418, #4762 ) ) ;
#6315 = LINE ( 'NONE', #3310, #1310 ) ;
#6316 = EDGE_CURVE ( 'NONE', #7178, #12274, #12537, .T. ) ;
#6317 = EDGE_CURVE ( 'NONE', #11740, #4592, #10756, .T. ) ;
#6318 = EDGE_CURVE ( 'NONE', #8497, #2357, #6001, .T. ) ;
#6319 = CARTESIAN_POINT ( 'NONE',  ( 0.000000000000000000, 1.400000000000000133, 0.05000000000099998065 ) ) ;
#6320 = VERTEX_POINT ( 'NONE', #11584 ) ;
#6321 = LINE ( 'NONE', #8122, #8156 ) ;
#6322 = EDGE_LOOP ( 'NONE', ( #3034, #11637, #7558, #4308, #8369, #4294, #808, #2744, #5466 ) ) ;
#6323 = ORIENTED_EDGE ( 'NONE', *, *, #2998, .T. ) ;
#6324 = DIRECTION ( 'NONE',  ( 0.000000000000000000, 1.000000000000000000, 3.491481338843000432E-15 ) ) ;
#6325 = CARTESIAN_POINT ( 'NONE',  ( 2.974999999998999556, 1.400000000000000133, 1.000068083900629290E-12 ) ) ;
#6326 = ORIENTED_EDGE ( 'NONE', *, *, #9779, .F. ) ;
#6327 = LINE ( 'NONE', #4528, #1019 ) ;
#6328 = ORIENTED_EDGE ( 'NONE', *, *, #4208, .F. ) ;
#6329 = CARTESIAN_POINT ( 'NONE',  ( -3.624999999998999467, 0.9000000000000002442, -0.1767949192430001704 ) ) ;
#6330 = EDGE_CURVE ( 'NONE', #11271, #9761, #2794, .T. ) ;
#6331 = DIRECTION ( 'NONE',  ( -1.000000000000000000, 0.000000000000000000, 0.000000000000000000 ) ) ;
#6332 = ORIENTED_EDGE ( 'NONE', *, *, #9899, .T. ) ;
#6333 = CARTESIAN_POINT ( 'NONE',  ( -1.974999999999000222, 0.9000000000000002442, 1.000068083900629290E-12 ) ) ;
#6334 = CARTESIAN_POINT ( 'NONE',  ( -4.169847098296897592, -0.1704497001959596192, 1.289017509068002054 ) ) ;
#6335 = FACE_OUTER_BOUND ( 'NONE', #6670, .T. ) ;
#6336 = VECTOR ( 'NONE', #7207, 1000.000000000000114 ) ;
#6337 = EDGE_LOOP ( 'NONE', ( #5749, #11838, #12053, #5985 ) ) ;
#6338 = LINE ( 'NONE', #12420, #11387 ) ;
#6339 = VERTEX_POINT ( 'NONE', #5812 ) ;
#6340 = VECTOR ( 'NONE', #10626, 1000.000000000000000 ) ;
#6341 = CARTESIAN_POINT ( 'NONE',  ( -4.169999999998999840, -3.608578643761999771, -0.4914213562370001176 ) ) ;
#6342 = CARTESIAN_POINT ( 'NONE',  ( -0.2249999999989999999, 1.678388218141000365, 1.000068083900629290E-12 ) ) ;
#6343 = CARTESIAN_POINT ( 'NONE',  ( 0.5250000000000000222, 0.3783882181409999323, 0.8000000000009999113 ) ) ;
#6344 = LINE ( 'NONE', #10331, #2654 ) ;
#6345 = FACE_OUTER_BOUND ( 'NONE', #5161, .T. ) ;
#6346 = ADVANCED_FACE ( 'NONE', ( #943 ), #10621, .T. ) ;
#6347 = EDGE_CURVE ( 'NONE', #12563, #1703, #8759, .T. ) ;
#6348 = CARTESIAN_POINT ( 'NONE',  ( -3.725000000000000089, 0.7000000000000000666, -0.5499999999990000665 ) ) ;
#6349 = CARTESIAN_POINT ( 'NONE',  ( -1.724999999999000000, 1.678388218141000365, 0.8000000000009999113 ) ) ;
#6350 = AXIS2_PLACEMENT_3D ( 'NONE', #11064, #12149, #2275 ) ;
#6351 = VECTOR ( 'NONE', #5647, 1000.000000000000000 ) ;
#6352 = ORIENTED_EDGE ( 'NONE', *, *, #6513, .T. ) ;
#6353 = VERTEX_POINT ( 'NONE', #9085 ) ;
#6354 = AXIS2_PLACEMENT_3D ( 'NONE', #5534, #413, #12153 ) ;
#6355 = CARTESIAN_POINT ( 'NONE',  ( 1.474999999999000000, 1.800000000000000044, 0.1000000000010001083 ) ) ;
#6356 = CARTESIAN_POINT ( 'NONE',  ( -1.451219512195000005, -0.7179812471039999089, 0.07000000000100004005 ) ) ;
#6357 = ORIENTED_EDGE ( 'NONE', *, *, #7857, .F. ) ;
#6358 = CARTESIAN_POINT ( 'NONE',  ( 4.169999999997999751, -0.1528783612713130180, 1.300000000000996581 ) ) ;
#6359 = FACE_OUTER_BOUND ( 'NONE', #10454, .T. ) ;
#6360 = VECTOR ( 'NONE', #10554, 1000.000000000000000 ) ;
#6361 = EDGE_CURVE ( 'NONE', #5537, #3048, #1199, .T. ) ;
#6362 = VECTOR ( 'NONE', #5706, 1000.000000000000000 ) ;
#6363 = CARTESIAN_POINT ( 'NONE',  ( 4.219999999998999662, 1.199999999999000089, 2.559999999999999609 ) ) ;
#6364 = B_SPLINE_CURVE_WITH_KNOTS ( 'NONE', 3,
 ( #7425, #8447, #1531, #2490, #10382, #691, #7605, #2554, #6462, #1592 ),
 .UNSPECIFIED., .F., .F.,
 ( 4, 2, 2, 2, 4 ),
 ( 0.000000000000000000, 0.1250000000000015821, 0.2500000000000031641, 0.5000000000000021094, 1.000000000000000000 ),
 .UNSPECIFIED. ) ;
#6365 = DIRECTION ( 'NONE',  ( 0.000000000000000000, 1.000000000000000000, 3.491481338843000432E-15 ) ) ;
#6366 = VECTOR ( 'NONE', #3707, 1000.000000000000000 ) ;
#6367 = LINE ( 'NONE', #9433, #7296 ) ;
#6368 = DIRECTION ( 'NONE',  ( 0.000000000000000000, 1.000000000000000000, 3.252606517456513696E-15 ) ) ;
#6369 = EDGE_LOOP ( 'NONE', ( #7278, #8892, #7226, #11651 ) ) ;
#6370 = EDGE_LOOP ( 'NONE', ( #11379, #7932, #8690, #5057 ) ) ;
#6371 = AXIS2_PLACEMENT_3D ( 'NONE', #3102, #4758, #7006 ) ;
#6372 = DIRECTION ( 'NONE',  ( -1.000000000000000000, 0.000000000000000000, 0.000000000000000000 ) ) ;
#6373 = AXIS2_PLACEMENT_3D ( 'NONE', #10387, #6590, #8453 ) ;
#6374 = CARTESIAN_POINT ( 'NONE',  ( 1.000000000000000000, -1.949999999999994182, 0.000000000000000000 ) ) ;
#6375 = EDGE_CURVE ( 'NONE', #12161, #10122, #1393, .T. ) ;
#6376 = CARTESIAN_POINT ( 'NONE',  ( -2.974999999998999556, 0.9000000000000002442, 0.1000000000010001083 ) ) ;
#6377 = LINE ( 'NONE', #5350, #1032 ) ;
#6378 = VECTOR ( 'NONE', #5319, 1000.000000000000000 ) ;
#6379 = ORIENTED_EDGE ( 'NONE', *, *, #8233, .F. ) ;
#6380 = ORIENTED_EDGE ( 'NONE', *, *, #6570, .F. ) ;
#6381 = CARTESIAN_POINT ( 'NONE',  ( -3.000000000000000000, -1.949999999999994182, 0.000000000000000000 ) ) ;
#6382 = VECTOR ( 'NONE', #2084, 1000.000000000000000 ) ;
#6383 = ORIENTED_EDGE ( 'NONE', *, *, #7027, .F. ) ;
#6384 = DIRECTION ( 'NONE',  ( 1.000000000000000000, 0.000000000000000000, 0.000000000000000000 ) ) ;
#6385 = CYLINDRICAL_SURFACE ( 'NONE', #12051, 0.1499999999989998778 ) ;
#6386 = VERTEX_POINT ( 'NONE', #6258 ) ;
#6387 = ADVANCED_FACE ( 'NONE', ( #6966 ), #2165, .T. ) ;
#6388 = EDGE_CURVE ( 'NONE', #602, #7275, #11914, .T. ) ;
#6389 = ORIENTED_EDGE ( 'NONE', *, *, #5948, .T. ) ;
#6390 = VECTOR ( 'NONE', #5222, 1000.000000000000000 ) ;
#6391 = CARTESIAN_POINT ( 'NONE',  ( 3.219999999998999662, 1.800000000000000044, 0.05000000000099998065 ) ) ;
#6392 = CARTESIAN_POINT ( 'NONE',  ( -2.269999999998999929, -2.049999999999000178, 0.04999999999999991257 ) ) ;
#6393 = VERTEX_POINT ( 'NONE', #8185 ) ;
#6394 = DIRECTION ( 'NONE',  ( 0.000000000000000000, 3.491481338843000432E-15, -1.000000000000000000 ) ) ;
#6395 = EDGE_LOOP ( 'NONE', ( #3206, #2793, #7964, #4455 ) ) ;
#6396 = CARTESIAN_POINT ( 'NONE',  ( -0.6219512195119999420, -1.446639783688999925, 0.07000000000100004005 ) ) ;
#6397 = FACE_OUTER_BOUND ( 'NONE', #3384, .T. ) ;
#6398 = ORIENTED_EDGE ( 'NONE', *, *, #229, .T. ) ;
#6399 = VECTOR ( 'NONE', #5210, 1000.000000000000000 ) ;
#6400 = VECTOR ( 'NONE', #622, 1000.000000000000114 ) ;
#6401 = CARTESIAN_POINT ( 'NONE',  ( 3.725000000000000089, 0.7000000000000000666, -0.5499999999990000665 ) ) ;
#6402 = FACE_OUTER_BOUND ( 'NONE', #11150, .T. ) ;
#6403 = DIRECTION ( 'NONE',  ( 0.000000000000000000, 3.491481338843000432E-15, -1.000000000000000000 ) ) ;
#6404 = EDGE_LOOP ( 'NONE', ( #1473, #927, #8132, #2739, #3143, #4285 ) ) ;
#6405 = LINE ( 'NONE', #8506, #3813 ) ;
#6406 = EDGE_CURVE ( 'NONE', #12217, #3520, #10054, .T. ) ;
#6408 = ORIENTED_EDGE ( 'NONE', *, *, #164, .F. ) ;
#6407 = VECTOR ( 'NONE', #1018, 1000.000000000000000 ) ;
#6409 = LINE ( 'NONE', #2430, #667 ) ;
#6410 = CARTESIAN_POINT ( 'NONE',  ( -1.525000000000000133, 2.200000000000000178, 0.1000000000010001083 ) ) ;
#6411 = CARTESIAN_POINT ( 'NONE',  ( -1.365853658535999937, -1.089360820273999941, 0.07000000000100004005 ) ) ;
#6412 = CONICAL_SURFACE ( 'NONE', #12329, 0.8499999999989999999, 0.7853981633970000820 ) ;
#6413 = VECTOR ( 'NONE', #6068, 1000.000000000000000 ) ;
#6414 = FACE_OUTER_BOUND ( 'NONE', #10275, .T. ) ;
#6415 = CARTESIAN_POINT ( 'NONE',  ( 1.775000000000000133, -9.116756773326001095, 0.04999999999999991257 ) ) ;
#6416 = PLANE ( 'NONE',  #1915 ) ;
#6417 = ORIENTED_EDGE ( 'NONE', *, *, #2398, .F. ) ;
#6418 = ORIENTED_EDGE ( 'NONE', *, *, #9391, .F. ) ;
#6419 = DIRECTION ( 'NONE',  ( -0.9417224702972694095, -0.3363908276650963147, -1.174502297351335647E-15 ) ) ;
#6420 = DIRECTION ( 'NONE',  ( 0.000000000000000000, 1.000000000000000000, 0.000000000000000000 ) ) ;
#6421 = VERTEX_POINT ( 'NONE', #2294 ) ;
#6422 = AXIS2_PLACEMENT_3D ( 'NONE', #8722, #1031, #3986 ) ;
#6423 = CARTESIAN_POINT ( 'NONE',  ( -4.469999999998999662, 0.5000000000000000000, 1.100000000000999956 ) ) ;
#6424 = EDGE_CURVE ( 'NONE', #7924, #4791, #2355, .T. ) ;
#6425 = ADVANCED_FACE ( 'NONE', ( #2096 ), #9019, .T. ) ;
#6426 = DIRECTION ( 'NONE',  ( -0.3390537954853609093, -0.9407669869670017837, -3.284670379197499410E-15 ) ) ;
#6427 = CARTESIAN_POINT ( 'NONE',  ( -0.8572789634140000059, -1.620420271493999920, 0.05000000000099998065 ) ) ;
#6428 = DIRECTION ( 'NONE',  ( 0.000000000000000000, 1.000000000000000000, 3.491481338843000432E-15 ) ) ;
#6429 = DIRECTION ( 'NONE',  ( -1.000000000000000000, 0.000000000000000000, 0.000000000000000000 ) ) ;
#6430 = CARTESIAN_POINT ( 'NONE',  ( 4.169999999998999840, -2.849999999999000000, -0.5500000000000001554 ) ) ;
#6431 = CARTESIAN_POINT ( 'NONE',  ( -1.044919053397999953, -0.6141753809980000645, 0.05000000000099998065 ) ) ;
#6432 = VECTOR ( 'NONE', #3198, 1000.000000000000114 ) ;
#6433 = ORIENTED_EDGE ( 'NONE', *, *, #6234, .F. ) ;
#6434 = ORIENTED_EDGE ( 'NONE', *, *, #10294, .F. ) ;
#6435 = EDGE_CURVE ( 'NONE', #5104, #5537, #1330, .T. ) ;
#6436 = CARTESIAN_POINT ( 'NONE',  ( 3.219999999998999662, 1.850000000000000089, 1.560000000000999920 ) ) ;
#6437 = ADVANCED_FACE ( 'NONE', ( #4086 ), #9992, .T. ) ;
#6438 = EDGE_CURVE ( 'NONE', #11454, #6693, #7227, .T. ) ;
#6439 = FACE_OUTER_BOUND ( 'NONE', #5151, .T. ) ;
#6440 = CARTESIAN_POINT ( 'NONE',  ( -2.724999999999000000, 2.200000000000000178, 0.1000000000010001083 ) ) ;
#6441 = DIRECTION ( 'NONE',  ( 0.000000000000000000, -4.336808689942000381E-15, 1.000000000000000000 ) ) ;
#6442 = ORIENTED_EDGE ( 'NONE', *, *, #3496, .T. ) ;
#6443 = EDGE_LOOP ( 'NONE', ( #11196, #9697, #4795, #8478 ) ) ;
#6444 = DIRECTION ( 'NONE',  ( 1.000000000000000000, 0.000000000000000000, 0.000000000000000000 ) ) ;
#6445 = VERTEX_POINT ( 'NONE', #8062 ) ;
#6446 = DIRECTION ( 'NONE',  ( 0.000000000000000000, 3.641026466082000599E-15, -1.000000000000000000 ) ) ;
#6447 = EDGE_CURVE ( 'NONE', #2849, #3638, #4281, .T. ) ;
#6448 = FACE_OUTER_BOUND ( 'NONE', #6069, .T. ) ;
#6449 = ORIENTED_EDGE ( 'NONE', *, *, #856, .F. ) ;
#6450 = ORIENTED_EDGE ( 'NONE', *, *, #7070, .T. ) ;
#6451 = DIRECTION ( 'NONE',  ( -1.000000000000000000, 0.000000000000000000, 0.000000000000000000 ) ) ;
#6452 = CARTESIAN_POINT ( 'NONE',  ( 3.219999999998999662, -1.300000000000999911, 1.959999999999999964 ) ) ;
#6453 = ORIENTED_EDGE ( 'NONE', *, *, #4908, .T. ) ;
#6454 = PLANE ( 'NONE',  #11869 ) ;
#6455 = ORIENTED_EDGE ( 'NONE', *, *, #1583, .F. ) ;
#6456 = CYLINDRICAL_SURFACE ( 'NONE', #10154, 0.7999999999999999334 ) ;
#6457 = AXIS2_PLACEMENT_3D ( 'NONE', #5779, #11680, #4056 ) ;
#6458 = CARTESIAN_POINT ( 'NONE',  ( -4.169999999998999840, 0.6000000000000003109, 0.05000000000099998065 ) ) ;
#6459 = ORIENTED_EDGE ( 'NONE', *, *, #5171, .F. ) ;
#6460 = ADVANCED_FACE ( 'NONE', ( #4026 ), #3060, .T. ) ;
#6461 = DIRECTION ( 'NONE',  ( 0.000000000000000000, 1.000000000000000000, 3.523657060577889805E-15 ) ) ;
#6462 = CARTESIAN_POINT ( 'NONE',  ( 3.925578471916040701, 1.199999999998998312, 2.598015006112975644 ) ) ;
#6463 = VERTEX_POINT ( 'NONE', #6010 ) ;
#6464 = VECTOR ( 'NONE', #1997, 1000.000000000000000 ) ;
#6465 = VECTOR ( 'NONE', #9196, 1000.000000000000000 ) ;
#6466 = CARTESIAN_POINT ( 'NONE',  ( 2.225000000000000089, 0.1000000000000002554, 0.1000000000010001083 ) ) ;
#6467 = VERTEX_POINT ( 'NONE', #12103 ) ;
#6468 = DIRECTION ( 'NONE',  ( 0.000000000000000000, 1.000000000000000000, 3.491481338843000432E-15 ) ) ;
#6469 = DIRECTION ( 'NONE',  ( 1.000000000000000000, 0.000000000000000000, 0.000000000000000000 ) ) ;
#6470 = CARTESIAN_POINT ( 'NONE',  ( 2.524999999998999822, 0.6000000000000003109, 0.1000000000010001083 ) ) ;
#6471 = CARTESIAN_POINT ( 'NONE',  ( 0.8940383648959998597, -1.378195216146000046, 0.05000000000099998065 ) ) ;
#6472 = CARTESIAN_POINT ( 'NONE',  ( -1.525000000000000133, 1.678388218141000365, 0.8000000000009999113 ) ) ;
#6473 = CARTESIAN_POINT ( 'NONE',  ( 0.7750000000000000222, 1.678388218141000365, 1.000068083900629290E-12 ) ) ;
#6474 = VECTOR ( 'NONE', #11811, 1000.000000000000000 ) ;
#6475 = VECTOR ( 'NONE', #8864, 1000.000000000000000 ) ;
#6476 = ADVANCED_FACE ( 'NONE', ( #4215 ), #11020, .F. ) ;
#6477 = EDGE_CURVE ( 'NONE', #11437, #74, #3190, .T. ) ;
#6478 = VECTOR ( 'NONE', #11231, 1000.000000000000000 ) ;
#6479 = ORIENTED_EDGE ( 'NONE', *, *, #11108, .F. ) ;
#6480 = VERTEX_POINT ( 'NONE', #8127 ) ;
#6481 = DIRECTION ( 'NONE',  ( 0.000000000000000000, 1.000000000000000000, 0.000000000000000000 ) ) ;
#6482 = CARTESIAN_POINT ( 'NONE',  ( 1.612438620540999956, -1.430562291575999900, 0.07000000000100004005 ) ) ;
#6483 = VERTEX_POINT ( 'NONE', #9927 ) ;
#6484 = PLANE ( 'NONE',  #5849 ) ;
#6485 = CARTESIAN_POINT ( 'NONE',  ( 1.695121951219000112, -1.608225149542999999, 0.07000000000100004005 ) ) ;
#6486 = VECTOR ( 'NONE', #47, 1000.000000000000000 ) ;
#6487 = VECTOR ( 'NONE', #125, 1000.000000000000000 ) ;
#6488 = LINE ( 'NONE', #9612, #10873 ) ;
#6489 = CARTESIAN_POINT ( 'NONE',  ( -1.724999999999000000, 1.800000000000000044, 0.1000000000010001083 ) ) ;
#6490 = CARTESIAN_POINT ( 'NONE',  ( -1.230686611792000118, -1.143079244315999832, 0.05000000000099998065 ) ) ;
#6491 = DIRECTION ( 'NONE',  ( 1.000000000000000000, 0.000000000000000000, 0.000000000000000000 ) ) ;
#6492 = CARTESIAN_POINT ( 'NONE',  ( -1.358590348317999963, -0.9840420860349999854, 0.05000000000099998065 ) ) ;
#6493 = EDGE_CURVE ( 'NONE', #11311, #3091, #4744, .T. ) ;
#6494 = VERTEX_POINT ( 'NONE', #9334 ) ;
#6495 = VERTEX_POINT ( 'NONE', #3441 ) ;
#6496 = LINE ( 'NONE', #5776, #1245 ) ;
#6497 = CARTESIAN_POINT ( 'NONE',  ( -3.219999999998999662, 2.000000000000000444, 1.300000000000999911 ) ) ;
#6498 = CARTESIAN_POINT ( 'NONE',  ( -1.256483208145999786, -1.437272816729999958, 0.05000000000099998065 ) ) ;
#6499 = LINE ( 'NONE', #5533, #7286 ) ;
#6500 = DIRECTION ( 'NONE',  ( -1.000000000000000000, 0.000000000000000000, 0.000000000000000000 ) ) ;
#6501 = ORIENTED_EDGE ( 'NONE', *, *, #5601, .T. ) ;
#6502 = VERTEX_POINT ( 'NONE', #2658 ) ;
#6503 = LINE ( 'NONE', #7889, #4769 ) ;
#6504 = EDGE_CURVE ( 'NONE', #1910, #11437, #2414, .T. ) ;
#6505 = ADVANCED_FACE ( 'NONE', ( #11390 ), #5484, .F. ) ;
#6506 = ORIENTED_EDGE ( 'NONE', *, *, #7010, .F. ) ;
#6507 = DIRECTION ( 'NONE',  ( 0.000000000000000000, 1.000000000000000000, 3.641026466082000599E-15 ) ) ;
#6508 = DIRECTION ( 'NONE',  ( 0.000000000000000000, 1.000000000000000000, 3.252606517456518824E-15 ) ) ;
#6509 = DIRECTION ( 'NONE',  ( 0.000000000000000000, -1.000000000000000000, -3.491481338843000432E-15 ) ) ;
#6510 = CIRCLE ( 'NONE', #10215, 0.1999999999999996503 ) ;
#6511 = ORIENTED_EDGE ( 'NONE', *, *, #3869, .F. ) ;
#6512 = DIRECTION ( 'NONE',  ( 0.000000000000000000, -1.000000000000000000, -3.252606517456511724E-15 ) ) ;
#6513 = EDGE_CURVE ( 'NONE', #6999, #5168, #1266, .T. ) ;
#6514 = LINE ( 'NONE', #10428, #11694 ) ;
#6515 = ORIENTED_EDGE ( 'NONE', *, *, #11667, .T. ) ;
#6516 = DIRECTION ( 'NONE',  ( 1.000000000000000000, 0.000000000000000000, 0.000000000000000000 ) ) ;
#6517 = VERTEX_POINT ( 'NONE', #4586 ) ;
#6518 = LINE ( 'NONE', #6267, #2975 ) ;
#6519 = CARTESIAN_POINT ( 'NONE',  ( -4.469999999998999662, 1.349999999999000000, 2.559999999999999609 ) ) ;
#6520 = VERTEX_POINT ( 'NONE', #2605 ) ;
#6521 = FACE_OUTER_BOUND ( 'NONE', #3534, .T. ) ;
#6522 = CARTESIAN_POINT ( 'NONE',  ( 4.169999999998999840, -2.449999999998999645, -0.5500000000000001554 ) ) ;
#6523 = VERTEX_POINT ( 'NONE', #3506 ) ;
#6524 = LINE ( 'NONE', #5497, #1152 ) ;
#6525 = ORIENTED_EDGE ( 'NONE', *, *, #2513, .T. ) ;
#6526 = CARTESIAN_POINT ( 'NONE',  ( 2.269999999998999929, -4.349999999998999556, 0.04999999999999991257 ) ) ;
#6527 = ADVANCED_FACE ( 'NONE', ( #7472 ), #4344, .F. ) ;
#6528 = EDGE_CURVE ( 'NONE', #11916, #2486, #2543, .T. ) ;
#6529 = CARTESIAN_POINT ( 'NONE',  ( 2.000000000000000000, -1.949999999999994404, 0.1000000000000000472 ) ) ;
#6530 = DIRECTION ( 'NONE',  ( 0.000000000000000000, -1.000000000000000000, -3.794707603699000462E-15 ) ) ;
#6531 = DIRECTION ( 'NONE',  ( 1.000000000000000000, 0.000000000000000000, 0.000000000000000000 ) ) ;
#6532 = CARTESIAN_POINT ( 'NONE',  ( 4.169999999998999840, -2.249999999998999911, 1.300000000000000044 ) ) ;
#6533 = CARTESIAN_POINT ( 'NONE',  ( 0.4749999999999999778, 2.200000000000000178, 0.1000000000010001083 ) ) ;
#6534 = ORIENTED_EDGE ( 'NONE', *, *, #1058, .T. ) ;
#6535 = ORIENTED_EDGE ( 'NONE', *, *, #6435, .T. ) ;
#6536 = DIRECTION ( 'NONE',  ( 0.000000000000000000, -3.491481338843000432E-15, 1.000000000000000000 ) ) ;
#6537 = CARTESIAN_POINT ( 'NONE',  ( 1.101324796128999806, -1.010858375177999813, 0.05000000000099998065 ) ) ;
#6538 = VERTEX_POINT ( 'NONE', #8371 ) ;
#6539 = CARTESIAN_POINT ( 'NONE',  ( 0.000000000000000000, -3.749999999998999911, -0.06715728752500009502 ) ) ;
#6540 = CARTESIAN_POINT ( 'NONE',  ( 0.6414747223700000278, -1.607012758878999970, 0.05000000000099998065 ) ) ;
#6541 = DIRECTION ( 'NONE',  ( 0.000000000000000000, -0.7071067811865474617, -0.7071067811865474617 ) ) ;
#6542 = EDGE_CURVE ( 'NONE', #6059, #2473, #1520, .T. ) ;
#6543 = ADVANCED_FACE ( 'NONE', ( #1582 ), #12342, .T. ) ;
#6544 = DIRECTION ( 'NONE',  ( 0.000000000000000000, 3.491481338843000432E-15, -1.000000000000000000 ) ) ;
#6545 = CARTESIAN_POINT ( 'NONE',  ( -0.4268292682919999637, -0.6082251495429997767, 0.07000000000100004005 ) ) ;
#6546 = DIRECTION ( 'NONE',  ( 0.000000000000000000, 3.491481338843000432E-15, -1.000000000000000000 ) ) ;
#6547 = LINE ( 'NONE', #2518, #4023 ) ;
#6548 = VECTOR ( 'NONE', #7869, 1000.000000000000000 ) ;
#6549 = CARTESIAN_POINT ( 'NONE',  ( -0.9144627200880001139, -0.5964171846759999118, 0.07000000000100004005 ) ) ;
#6550 = VERTEX_POINT ( 'NONE', #5364 ) ;
#6551 = ORIENTED_EDGE ( 'NONE', *, *, #4533, .F. ) ;
#6552 = DIRECTION ( 'NONE',  ( 0.000000000000000000, 3.491481338843000432E-15, -1.000000000000000000 ) ) ;
#6553 = CARTESIAN_POINT ( 'NONE',  ( 0.1097560975600000016, -0.7179812471039999089, 0.05000000000099998065 ) ) ;
#6554 = VECTOR ( 'NONE', #1916, 1000.000000000000000 ) ;
#6555 = CARTESIAN_POINT ( 'NONE',  ( -1.222789633654999930, -1.474974642749999898, 0.07000000000100004005 ) ) ;
#6556 = VECTOR ( 'NONE', #11378, 1000.000000000000000 ) ;
#6557 = EDGE_CURVE ( 'NONE', #1243, #2473, #9392, .T. ) ;
#6558 = PLANE ( 'NONE',  #10165 ) ;
#6559 = EDGE_LOOP ( 'NONE', ( #11380, #7237, #1726, #9342 ) ) ;
#6560 = VECTOR ( 'NONE', #6214, 1000.000000000000000 ) ;
#6561 = VERTEX_POINT ( 'NONE', #4524 ) ;
#6562 = CARTESIAN_POINT ( 'NONE',  ( -1.082060473926000022, -0.7647572411549998783, 0.05000000000099998065 ) ) ;
#6563 = EDGE_CURVE ( 'NONE', #10789, #11172, #2476, .T. ) ;
#6564 = CIRCLE ( 'NONE', #6371, 0.9499999999990003108 ) ;
#6565 = EDGE_LOOP ( 'NONE', ( #8646, #1883, #5074, #3378 ) ) ;
#6566 = CARTESIAN_POINT ( 'NONE',  ( -4.469999999998999662, 1.849999999999000000, 2.859999999999999876 ) ) ;
#6567 = CIRCLE ( 'NONE', #7588, 0.2000000000000000944 ) ;
#6568 = CARTESIAN_POINT ( 'NONE',  ( 1.939024390243000218, -0.6082251495429997767, 0.05000000000099998065 ) ) ;
#6569 = CARTESIAN_POINT ( 'NONE',  ( 1.622500076064000041, -1.479153037742000132, 0.05000000000099998065 ) ) ;
#6570 = EDGE_CURVE ( 'NONE', #2035, #4536, #8253, .T. ) ;
#6571 = ORIENTED_EDGE ( 'NONE', *, *, #10587, .T. ) ;
#6572 = EDGE_CURVE ( 'NONE', #5882, #11047, #8428, .T. ) ;
#6573 = CIRCLE ( 'NONE', #1867, 0.9499999999990003108 ) ;
#6574 = DIRECTION ( 'NONE',  ( 0.000000000000000000, 1.000000000000000000, 2.891205793294678622E-15 ) ) ;
#6575 = AXIS2_PLACEMENT_3D ( 'NONE', #4282, #10958, #4087 ) ;
#6576 = DIRECTION ( 'NONE',  ( 1.000000000000000000, 0.000000000000000000, 0.000000000000000000 ) ) ;
#6577 = VERTEX_POINT ( 'NONE', #12223 ) ;
#6578 = ORIENTED_EDGE ( 'NONE', *, *, #1528, .T. ) ;
#6579 = FACE_OUTER_BOUND ( 'NONE', #11459, .T. ) ;
#6580 = CARTESIAN_POINT ( 'NONE',  ( -0.7249999999989999999, -9.116756773326001095, 0.04999999999999991257 ) ) ;
#6581 = ORIENTED_EDGE ( 'NONE', *, *, #2639, .F. ) ;
#6582 = EDGE_CURVE ( 'NONE', #893, #5408, #10242, .T. ) ;
#6583 = LINE ( 'NONE', #10686, #7108 ) ;
#6584 = LINE ( 'NONE', #5437, #204 ) ;
#6585 = VERTEX_POINT ( 'NONE', #10488 ) ;
#6586 = CIRCLE ( 'NONE', #7607, 0.7999999999999999334 ) ;
#6587 = CARTESIAN_POINT ( 'NONE',  ( 1.525000000000000133, 0.9000000000000002442, 0.1000000000010001083 ) ) ;
#6588 = ORIENTED_EDGE ( 'NONE', *, *, #3170, .T. ) ;
#6589 = CARTESIAN_POINT ( 'NONE',  ( 0.2750000000000000222, 2.200000000000000178, 1.000068083900629290E-12 ) ) ;
#6590 = DIRECTION ( 'NONE',  ( 1.000000000000000000, 0.000000000000000000, 0.000000000000000000 ) ) ;
#6591 = DIRECTION ( 'NONE',  ( 0.000000000000000000, 3.491481338843000432E-15, -1.000000000000000000 ) ) ;
#6592 = CARTESIAN_POINT ( 'NONE',  ( 0.9746450037319999149, -1.163036901192999961, 0.05000000000099998065 ) ) ;
#6593 = CARTESIAN_POINT ( 'NONE',  ( -0.7937037356660000542, -1.506948076293999961, 0.05000000000099998065 ) ) ;
#6594 = DIRECTION ( 'NONE',  ( 1.000000000000000000, 0.000000000000000000, 0.000000000000000000 ) ) ;
#6595 = ORIENTED_EDGE ( 'NONE', *, *, #5316, .T. ) ;
#6596 = EDGE_LOOP ( 'NONE', ( #12099, #2028, #3773, #404 ) ) ;
#6597 = EDGE_CURVE ( 'NONE', #8303, #9800, #9277, .T. ) ;
#6598 = DIRECTION ( 'NONE',  ( 1.000000000000000000, 0.000000000000000000, 0.000000000000000000 ) ) ;
#6599 = VECTOR ( 'NONE', #10669, 1000.000000000000000 ) ;
#6600 = DIRECTION ( 'NONE',  ( 0.000000000000000000, -1.000000000000000000, -3.491481338843000432E-15 ) ) ;
#6601 = ORIENTED_EDGE ( 'NONE', *, *, #9259, .T. ) ;
#6602 = CARTESIAN_POINT ( 'NONE',  ( 3.219999999998999662, -1.200000000000999822, 1.959999999999999964 ) ) ;
#6603 = CARTESIAN_POINT ( 'NONE',  ( 1.089782644519000199, -1.274928128916000158, 0.07000000000100004005 ) ) ;
#6604 = VECTOR ( 'NONE', #7686, 1000.000000000000000 ) ;
#6605 = CARTESIAN_POINT ( 'NONE',  ( 4.169999999998999840, 2.000000000000000444, 1.630000000000013882 ) ) ;
#6606 = CIRCLE ( 'NONE', #10712, 0.9499999999990003108 ) ;
#6607 = DIRECTION ( 'NONE',  ( 0.000000000000000000, -1.000000000000000000, -3.491481338843000432E-15 ) ) ;
#6608 = DIRECTION ( 'NONE',  ( -4.712700745362529875E-32, 1.000000000000000000, 3.652049423109000182E-15 ) ) ;
#6609 = FACE_OUTER_BOUND ( 'NONE', #1580, .T. ) ;
#6610 = DIRECTION ( 'NONE',  ( 0.000000000000000000, -1.000000000000000000, -3.491481338843000432E-15 ) ) ;
#6611 = CARTESIAN_POINT ( 'NONE',  ( 2.269999999998999929, -2.249999999998999911, 0.04999999999999991257 ) ) ;
#6612 = ORIENTED_EDGE ( 'NONE', *, *, #5719, .T. ) ;
#6613 = VERTEX_POINT ( 'NONE', #11265 ) ;
#6614 = VERTEX_POINT ( 'NONE', #6391 ) ;
#6615 = EDGE_CURVE ( 'NONE', #5225, #2812, #10310, .T. ) ;
#6616 = CARTESIAN_POINT ( 'NONE',  ( 3.219999999998999662, 1.999999999999000355, 3.209999999999999964 ) ) ;
#6617 = LINE ( 'NONE', #3554, #9201 ) ;
#6618 = DIRECTION ( 'NONE',  ( 0.000000000000000000, 3.491481338843000432E-15, -1.000000000000000000 ) ) ;
#6619 = VECTOR ( 'NONE', #6773, 1000.000000000000000 ) ;
#6620 = LINE ( 'NONE', #1626, #10769 ) ;
#6621 = EDGE_LOOP ( 'NONE', ( #11502, #2940, #2116, #9005 ) ) ;
#6622 = ORIENTED_EDGE ( 'NONE', *, *, #6856, .T. ) ;
#6623 = EDGE_LOOP ( 'NONE', ( #11285, #6839, #1275, #4957 ) ) ;
#6624 = CARTESIAN_POINT ( 'NONE',  ( -4.469999999998999662, 1.849999999999000000, 2.709999999999999520 ) ) ;
#6625 = EDGE_CURVE ( 'NONE', #5020, #4188, #3318, .T. ) ;
#6626 = DIRECTION ( 'NONE',  ( 0.000000000000000000, 3.491481338843000432E-15, -1.000000000000000000 ) ) ;
#6627 = CARTESIAN_POINT ( 'NONE',  ( -3.219999999998999662, 2.000000000000000444, 1.300000000000999911 ) ) ;
#6628 = ORIENTED_EDGE ( 'NONE', *, *, #11137, .F. ) ;
#6629 = CARTESIAN_POINT ( 'NONE',  ( -1.974999999999000222, 0.3783882181409999323, 0.8000000000009999113 ) ) ;
#6630 = CARTESIAN_POINT ( 'NONE',  ( 0.9345014634499999584, -1.318257970951999924, 0.05000000000099998065 ) ) ;
#6631 = ORIENTED_EDGE ( 'NONE', *, *, #911, .F. ) ;
#6632 = ORIENTED_EDGE ( 'NONE', *, *, #8297, .F. ) ;
#6633 = CARTESIAN_POINT ( 'NONE',  ( -2.774999999999000266, 0.6000000000000003109, 0.3500000000010001222 ) ) ;
#6634 = PLANE ( 'NONE',  #5788 ) ;
#6635 = ORIENTED_EDGE ( 'NONE', *, *, #5375, .F. ) ;
#6636 = EDGE_CURVE ( 'NONE', #958, #6155, #11765, .T. ) ;
#6637 = CARTESIAN_POINT ( 'NONE',  ( 2.269999999998999929, -4.149999999999000266, 0.04999999999999991257 ) ) ;
#6638 = DIRECTION ( 'NONE',  ( 0.000000000000000000, 1.000000000000000000, 0.000000000000000000 ) ) ;
#6639 = ORIENTED_EDGE ( 'NONE', *, *, #8170, .F. ) ;
#6640 = EDGE_LOOP ( 'NONE', ( #11342, #7049, #2086, #8831 ) ) ;
#6641 = AXIS2_PLACEMENT_3D ( 'NONE', #9377, #534, #10350 ) ;
#6642 = DIRECTION ( 'NONE',  ( 1.000000000000000000, 0.000000000000000000, 0.000000000000000000 ) ) ;
#6643 = CARTESIAN_POINT ( 'NONE',  ( -2.269999999998999929, -4.150000000000000355, 1.629999999999992344 ) ) ;
#6644 = ORIENTED_EDGE ( 'NONE', *, *, #9943, .T. ) ;
#6645 = CARTESIAN_POINT ( 'NONE',  ( -1.268855527673999894, -0.7660176068779998015, 0.07000000000100004005 ) ) ;
#6646 = CARTESIAN_POINT ( 'NONE',  ( -0.8561356707309999425, -1.510664173932999788, 0.05000000000099998065 ) ) ;
#6647 = EDGE_CURVE ( 'NONE', #8757, #9104, #12582, .T. ) ;
#6648 = LINE ( 'NONE', #9600, #9703 ) ;
#6649 = ADVANCED_FACE ( 'NONE', ( #6888 ), #7594, .T. ) ;
#6650 = EDGE_CURVE ( 'NONE', #10722, #12095, #865, .T. ) ;
#6651 = VERTEX_POINT ( 'NONE', #11510 ) ;
#6653 = VERTEX_POINT ( 'NONE', #5608 ) ;
#6652 = VECTOR ( 'NONE', #7250, 1000.000000000000000 ) ;
#6654 = CARTESIAN_POINT ( 'NONE',  ( -1.525000000000000133, 2.200000000000000178, 0.1000000000010001083 ) ) ;
#6655 = CARTESIAN_POINT ( 'NONE',  ( 0.1097560975600000016, -0.7179812471039999089, 0.07000000000100004005 ) ) ;
#6656 = ORIENTED_EDGE ( 'NONE', *, *, #5709, .F. ) ;
#6657 = CARTESIAN_POINT ( 'NONE',  ( -4.469999999999999751, -0.09999999999999982514, 1.100000000000999956 ) ) ;
#6658 = PLANE ( 'NONE',  #4430 ) ;
#6659 = DIRECTION ( 'NONE',  ( 1.000000000000000000, 0.000000000000000000, 0.000000000000000000 ) ) ;
#6660 = CARTESIAN_POINT ( 'NONE',  ( -1.346673798691999879, -1.255363636784999848, 0.05000000000099998065 ) ) ;
#6661 = DIRECTION ( 'NONE',  ( 0.000000000000000000, 1.000000000000000000, 3.252606517472775670E-15 ) ) ;
#6662 = VECTOR ( 'NONE', #8334, 1000.000000000000000 ) ;
#6663 = DIRECTION ( 'NONE',  ( -1.000000000000000000, 0.000000000000000000, 0.000000000000000000 ) ) ;
#6664 = CARTESIAN_POINT ( 'NONE',  ( 0.4749999999989999999, 1.400000000000000133, 0.1000000000010001083 ) ) ;
#6665 = EDGE_CURVE ( 'NONE', #11780, #12177, #6586, .T. ) ;
#6666 = VECTOR ( 'NONE', #3078, 1000.000000000000000 ) ;
#6667 = CARTESIAN_POINT ( 'NONE',  ( -1.130828880893999910, -0.6479915330089999204, 0.05000000000099998065 ) ) ;
#6668 = ORIENTED_EDGE ( 'NONE', *, *, #8935, .F. ) ;
#6669 = ORIENTED_EDGE ( 'NONE', *, *, #7990, .F. ) ;
#6670 = EDGE_LOOP ( 'NONE', ( #228, #9932, #8176, #3503 ) ) ;
#6671 = DIRECTION ( 'NONE',  ( 2.015807690852004817E-15, 0.000000000000000000, 1.000000000000000000 ) ) ;
#6672 = DIRECTION ( 'NONE',  ( 0.000000000000000000, -1.000000000000000000, -3.491481338843000432E-15 ) ) ;
#6673 = VECTOR ( 'NONE', #5632, 1000.000000000000000 ) ;
#6674 = VECTOR ( 'NONE', #3740, 1000.000000000000000 ) ;
#6675 = AXIS2_PLACEMENT_3D ( 'NONE', #11966, #1947, #10503 ) ;
#6676 = CARTESIAN_POINT ( 'NONE',  ( -1.365853658535999937, -1.089360820273999941, 0.07000000000100004005 ) ) ;
#6677 = EDGE_CURVE ( 'NONE', #11160, #5292, #2085, .T. ) ;
#6678 = DIRECTION ( 'NONE',  ( 0.000000000000000000, 3.491481338843000432E-15, -1.000000000000000000 ) ) ;
#6679 = EDGE_CURVE ( 'NONE', #7859, #10198, #8809, .T. ) ;
#6680 = ORIENTED_EDGE ( 'NONE', *, *, #3016, .T. ) ;
#6681 = EDGE_LOOP ( 'NONE', ( #5304, #3308, #8564, #7544, #2878, #34, #5999, #2050 ) ) ;
#6682 = EDGE_LOOP ( 'NONE', ( #8451, #4924, #12010, #2806, #12658, #6578 ) ) ;
#6683 = DIRECTION ( 'NONE',  ( 0.000000000000000000, 1.000000000000000000, 3.252606517456518824E-15 ) ) ;
#6684 = DIRECTION ( 'NONE',  ( 1.000000000000000000, 0.000000000000000000, 0.000000000000000000 ) ) ;
#6685 = CYLINDRICAL_SURFACE ( 'NONE', #6107, 0.1499999999989998778 ) ;
#6686 = ORIENTED_EDGE ( 'NONE', *, *, #6105, .F. ) ;
#6687 = CARTESIAN_POINT ( 'NONE',  ( 2.269999999998999929, -2.249999999998999911, 0.3499999999999998113 ) ) ;
#6688 = EDGE_CURVE ( 'NONE', #623, #9956, #9517, .T. ) ;
#6689 = ADVANCED_FACE ( 'NONE', ( #4835 ), #11568, .F. ) ;
#6690 = CARTESIAN_POINT ( 'NONE',  ( 0.7785436176489999305, -1.461778965836999955, 0.05000000000099998065 ) ) ;
#6691 = EDGE_CURVE ( 'NONE', #7645, #8093, #738, .T. ) ;
#6692 = B_SPLINE_CURVE_WITH_KNOTS ( 'NONE', 3,
 ( #3867, #4258, #2331, #6177, #200, #7072 ),
 .UNSPECIFIED., .F., .F.,
 ( 4, 2, 4 ),
 ( 0.000000000000000000, 0.5000000000000000000, 1.000000000000000000 ),
 .UNSPECIFIED. ) ;
#6693 = VERTEX_POINT ( 'NONE', #2779 ) ;
#6694 = ORIENTED_EDGE ( 'NONE', *, *, #10933, .T. ) ;
#6695 = CARTESIAN_POINT ( 'NONE',  ( -4.169999999998999840, -4.149999999999000266, 1.300000000000000044 ) ) ;
#6696 = LINE ( 'NONE', #10749, #4162 ) ;
#6697 = EDGE_LOOP ( 'NONE', ( #11690, #9329, #6442, #3080 ) ) ;
#6698 = FACE_OUTER_BOUND ( 'NONE', #1995, .T. ) ;
#6699 = CARTESIAN_POINT ( 'NONE',  ( 4.169999999998999840, 2.000000000000000444, 1.300000000000999911 ) ) ;
#6700 = ORIENTED_EDGE ( 'NONE', *, *, #12456, .F. ) ;
#6701 = ORIENTED_EDGE ( 'NONE', *, *, #10222, .T. ) ;
#6702 = CARTESIAN_POINT ( 'NONE',  ( -2.974999999998999556, 0.1000000000000002554, 1.000068083900629290E-12 ) ) ;
#6703 = EDGE_CURVE ( 'NONE', #1596, #11780, #4897, .T. ) ;
#6704 = CARTESIAN_POINT ( 'NONE',  ( 0.5250000000000000222, -9.116756773326001095, 0.04999999999999991257 ) ) ;
#6705 = CARTESIAN_POINT ( 'NONE',  ( -4.469999999998999662, 1.349999999999000000, 1.709999999999999964 ) ) ;
#6706 = VERTEX_POINT ( 'NONE', #6687 ) ;
#6707 = CARTESIAN_POINT ( 'NONE',  ( 3.924999999998999733, 0.7999999999999999334, -0.8662277660160003778 ) ) ;
#6708 = ORIENTED_EDGE ( 'NONE', *, *, #1475, .F. ) ;
#6709 = CARTESIAN_POINT ( 'NONE',  ( -2.524999999998999822, 1.800000000000000044, -0.5499999999990000665 ) ) ;
#6710 = DIRECTION ( 'NONE',  ( 1.000000000000000000, 0.000000000000000000, 0.000000000000000000 ) ) ;
#6711 = EDGE_CURVE ( 'NONE', #3900, #1502, #5667, .T. ) ;
#6712 = ORIENTED_EDGE ( 'NONE', *, *, #724, .T. ) ;
#6713 = ORIENTED_EDGE ( 'NONE', *, *, #4701, .T. ) ;
#6714 = CARTESIAN_POINT ( 'NONE',  ( -1.474999999999000000, 0.3783882181409999323, 0.8000000000009999113 ) ) ;
#6715 = CARTESIAN_POINT ( 'NONE',  ( 0.8370994272960000648, -0.6620715205879997844, 0.07000000000100004005 ) ) ;
#6716 = ORIENTED_EDGE ( 'NONE', *, *, #9727, .F. ) ;
#6717 = FACE_OUTER_BOUND ( 'NONE', #2686, .T. ) ;
#6718 = CARTESIAN_POINT ( 'NONE',  ( 1.052568252074999711, -0.8658948820479998032, 0.07000000000100004005 ) ) ;
#6719 = ORIENTED_EDGE ( 'NONE', *, *, #12388, .T. ) ;
#6720 = FACE_OUTER_BOUND ( 'NONE', #7281, .T. ) ;
#6721 = EDGE_CURVE ( 'NONE', #3471, #1445, #9580, .T. ) ;
#6722 = CARTESIAN_POINT ( 'NONE',  ( 0.5250000000000000222, 0.6000000000000003109, 0.1000000000010001083 ) ) ;
#6723 = CARTESIAN_POINT ( 'NONE',  ( 2.225000000000000089, 0.3783882181409999323, 0.8000000000009999113 ) ) ;
#6724 = LINE ( 'NONE', #6854, #6173 ) ;
#6725 = CARTESIAN_POINT ( 'NONE',  ( 1.626905487803999906, -1.486273930030999946, 0.07000000000100004005 ) ) ;
#6726 = DIRECTION ( 'NONE',  ( 0.000000000000000000, 1.000000000000000000, 3.491481338843000432E-15 ) ) ;
#6727 = VERTEX_POINT ( 'NONE', #8617 ) ;
#6728 = AXIS2_PLACEMENT_3D ( 'NONE', #3747, #7589, #791 ) ;
#6729 = VERTEX_POINT ( 'NONE', #12520 ) ;
#6730 = ORIENTED_EDGE ( 'NONE', *, *, #9785, .T. ) ;
#6731 = CARTESIAN_POINT ( 'NONE',  ( 1.626905487803999906, -1.486273930030999946, 0.07000000000100004005 ) ) ;
#6732 = CARTESIAN_POINT ( 'NONE',  ( 0.7750000000000000222, 1.678388218141000365, 0.8000000000009999113 ) ) ;
#6733 = EDGE_CURVE ( 'NONE', #6585, #8560, #3817, .T. ) ;
#6734 = B_SPLINE_CURVE_WITH_KNOTS ( 'NONE', 3,
 ( #5639, #3724, #10401, #9369, #6660, #5696, #9495, #650, #835, #712, #12437, #7566, #586, #11304, #8655, #1615, #2514, #4496, #6427 ),
 .UNSPECIFIED., .F., .F.,
 ( 4, 1, 1, 1, 1, 1, 1, 1, 1, 1, 1, 1, 1, 1, 1, 1, 4 ),
 ( 0.000000000000000000, 0.07064371857500000018, 0.1382567155079999777, 0.2033641242170000085, 0.2663240938029999838, 0.3279047615419999895, 0.3887377151729999869, 0.4494235281089999923, 0.5108610114589999807, 0.5720793960469999773, 0.6317344287310000528, 0.6911172105780000186, 0.7503600294900000245, 0.8100329005309999664, 0.8713624508280000125, 0.9344271412310000136, 0.9999999999990000221 ),
 .UNSPECIFIED. ) ;
#6735 = LINE ( 'NONE', #7897, #8849 ) ;
#6736 = VECTOR ( 'NONE', #3967, 1000.000000000000000 ) ;
#6737 = DIRECTION ( 'NONE',  ( 0.000000000000000000, 1.000000000000000000, 3.523657060582293621E-15 ) ) ;
#6738 = LINE ( 'NONE', #7767, #3819 ) ;
#6739 = ORIENTED_EDGE ( 'NONE', *, *, #11414, .F. ) ;
#6740 = CARTESIAN_POINT ( 'NONE',  ( 4.169999999998999840, 2.000000000000000444, 1.300000000000999911 ) ) ;
#6741 = EDGE_LOOP ( 'NONE', ( #2599, #4861, #9177, #2541 ) ) ;
#6742 = ORIENTED_EDGE ( 'NONE', *, *, #9537, .T. ) ;
#6743 = LINE ( 'NONE', #3942, #9677 ) ;
#6744 = VECTOR ( 'NONE', #10166, 1000.000000000000000 ) ;
#6745 = VECTOR ( 'NONE', #1432, 1000.000000000000114 ) ;
#6746 = CARTESIAN_POINT ( 'NONE',  ( -1.134706780219999933, -0.8112163535869999498, 0.07000000000100004005 ) ) ;
#6747 = AXIS2_PLACEMENT_3D ( 'NONE', #5962, #7885, #11863 ) ;
#6748 = EDGE_CURVE ( 'NONE', #6151, #2297, #7715, .T. ) ;
#6749 = FACE_OUTER_BOUND ( 'NONE', #6958, .T. ) ;
#6750 = ORIENTED_EDGE ( 'NONE', *, *, #822, .F. ) ;
#6751 = FACE_OUTER_BOUND ( 'NONE', #11404, .T. ) ;
#6752 = AXIS2_PLACEMENT_3D ( 'NONE', #12355, #7485, #10436 ) ;
#6753 = CARTESIAN_POINT ( 'NONE',  ( -3.219999999998999662, -4.349999999998999556, 1.300000000000000044 ) ) ;
#6754 = AXIS2_PLACEMENT_3D ( 'NONE', #2323, #461, #6420 ) ;
#6755 = VERTEX_POINT ( 'NONE', #7781 ) ;
#6756 = ORIENTED_EDGE ( 'NONE', *, *, #8312, .T. ) ;
#6757 = CARTESIAN_POINT ( 'NONE',  ( -1.224999999999000000, 2.200000000000000178, 0.1000000000010001083 ) ) ;
#6758 = AXIS2_PLACEMENT_3D ( 'NONE', #5002, #3851, #2880 ) ;
#6759 = CARTESIAN_POINT ( 'NONE',  ( -0.8971036585359999371, -0.5960300275919998558, 0.05000000000099998065 ) ) ;
#6760 = VERTEX_POINT ( 'NONE', #11700 ) ;
#6761 = DIRECTION ( 'NONE',  ( -1.000000000000000000, 0.000000000000000000, 0.000000000000000000 ) ) ;
#6762 = ADVANCED_FACE ( 'NONE', ( #6751 ), #2913, .T. ) ;
#6763 = DIRECTION ( 'NONE',  ( 0.3779644730095159111, -0.6546536707078938200, 0.6546536707078938200 ) ) ;
#6764 = VERTEX_POINT ( 'NONE', #925 ) ;
#6765 = VECTOR ( 'NONE', #12199, 1000.000000000000000 ) ;
#6766 = VERTEX_POINT ( 'NONE', #10743 ) ;
#6767 = CARTESIAN_POINT ( 'NONE',  ( 0.7750000000000000222, 2.200000000000000178, 0.1000000000010001083 ) ) ;
#6768 = CARTESIAN_POINT ( 'NONE',  ( -1.474999999999000000, 0.9000000000000002442, 0.1000000000010001083 ) ) ;
#6769 = ORIENTED_EDGE ( 'NONE', *, *, #9255, .T. ) ;
#6770 = CARTESIAN_POINT ( 'NONE',  ( 1.025000000000000133, 0.3783882181409999323, 1.000068083900629290E-12 ) ) ;
#6771 = ORIENTED_EDGE ( 'NONE', *, *, #9255, .F. ) ;
#6772 = DIRECTION ( 'NONE',  ( 0.000000000000000000, 1.000000000000000000, 2.891205793313955622E-15 ) ) ;
#6773 = DIRECTION ( 'NONE',  ( 1.000000000000000000, 0.000000000000000000, 0.000000000000000000 ) ) ;
#6774 = VECTOR ( 'NONE', #7994, 1000.000000000000000 ) ;
#6775 = EDGE_LOOP ( 'NONE', ( #5904, #5490, #2465, #11852, #762, #9516 ) ) ;
#6776 = EDGE_LOOP ( 'NONE', ( #3927, #8576, #1190, #1712 ) ) ;
#6777 = DIRECTION ( 'NONE',  ( 1.000000000000000000, -5.421010862426999550E-16, -1.892735826383000338E-30 ) ) ;
#6778 = EDGE_CURVE ( 'NONE', #5522, #6059, #2017, .T. ) ;
#6779 = LINE ( 'NONE', #6023, #11277 ) ;
#6780 = ORIENTED_EDGE ( 'NONE', *, *, #4802, .T. ) ;
#6781 = LINE ( 'NONE', #12674, #6554 ) ;
#6782 = LINE ( 'NONE', #5894, #12599 ) ;
#6783 = ORIENTED_EDGE ( 'NONE', *, *, #9207, .F. ) ;
#6784 = CARTESIAN_POINT ( 'NONE',  ( 4.169999999998999840, -2.508578643761999682, -0.2085786437620001377 ) ) ;
#6785 = LINE ( 'NONE', #1920, #12294 ) ;
#6786 = DIRECTION ( 'NONE',  ( 0.000000000000000000, -1.000000000000000000, -3.491481338843000432E-15 ) ) ;
#6787 = AXIS2_PLACEMENT_3D ( 'NONE', #2002, #6868, #7702 ) ;
#6788 = EDGE_CURVE ( 'NONE', #7341, #9602, #2278, .T. ) ;
#6789 = DIRECTION ( 'NONE',  ( 0.000000000000000000, 1.000000000000000000, 3.252606517456518824E-15 ) ) ;
#6790 = CARTESIAN_POINT ( 'NONE',  ( -1.173392787690999972, -1.338400436591999920, 0.05000000000099998065 ) ) ;
#6791 = CARTESIAN_POINT ( 'NONE',  ( -4.461092519168215809, -0.2954184497671431542, 1.149929090292506340 ) ) ;
#6792 = DIRECTION ( 'NONE',  ( 0.000000000000000000, 1.000000000000000000, 3.491481338843000432E-15 ) ) ;
#6793 = ORIENTED_EDGE ( 'NONE', *, *, #4849, .F. ) ;
#6794 = ORIENTED_EDGE ( 'NONE', *, *, #10577, .F. ) ;
#6795 = ORIENTED_EDGE ( 'NONE', *, *, #11481, .F. ) ;
#6796 = CARTESIAN_POINT ( 'NONE',  ( -3.219999999998999662, -2.049999999999000178, 0.3500000000010001222 ) ) ;
#6797 = ADVANCED_FACE ( 'NONE', ( #11897 ), #5158, .T. ) ;
#6798 = LINE ( 'NONE', #7066, #824 ) ;
#6799 = FACE_OUTER_BOUND ( 'NONE', #3380, .T. ) ;
#6800 = AXIS2_PLACEMENT_3D ( 'NONE', #4531, #12351, #4843 ) ;
#6801 = FACE_OUTER_BOUND ( 'NONE', #6621, .T. ) ;
#6802 = VECTOR ( 'NONE', #4197, 1000.000000000000114 ) ;
#6803 = DIRECTION ( 'NONE',  ( 0.000000000000000000, 1.000000000000000000, 3.252606517456513302E-15 ) ) ;
#6804 = LINE ( 'NONE', #12636, #6674 ) ;
#6805 = AXIS2_PLACEMENT_3D ( 'NONE', #1267, #4153, #5237 ) ;
#6806 = ORIENTED_EDGE ( 'NONE', *, *, #2583, .F. ) ;
#6807 = FACE_OUTER_BOUND ( 'NONE', #5477, .T. ) ;
#6808 = AXIS2_PLACEMENT_3D ( 'NONE', #291, #2021, #1258 ) ;
#6809 = EDGE_LOOP ( 'NONE', ( #10233, #3908, #5274, #11614 ) ) ;
#6810 = EDGE_CURVE ( 'NONE', #6874, #6192, #5153, .T. ) ;
#6811 = ORIENTED_EDGE ( 'NONE', *, *, #11805, .F. ) ;
#6812 = CARTESIAN_POINT ( 'NONE',  ( -0.8456521027900000265, -1.620336927057999699, 0.07000000000100004005 ) ) ;
#6813 = EDGE_CURVE ( 'NONE', #11560, #8829, #8173, .T. ) ;
#6814 = EDGE_CURVE ( 'NONE', #9061, #10072, #9915, .T. ) ;
#6815 = CARTESIAN_POINT ( 'NONE',  ( -0.8246881367339999880, -1.510188709883000024, 0.07000000000100004005 ) ) ;
#6816 = CARTESIAN_POINT ( 'NONE',  ( -0.8971036585359999371, -0.5960300275919998558, 0.07000000000100004005 ) ) ;
#6817 = DIRECTION ( 'NONE',  ( 0.000000000000000000, -1.000000000000000000, -3.491481338843000432E-15 ) ) ;
#6818 = VECTOR ( 'NONE', #2918, 1000.000000000000000 ) ;
#6819 = EDGE_LOOP ( 'NONE', ( #3805, #9561, #5659, #4405, #6083, #11269, #2023, #10681, #5507, #9407, #11764, #10706, #5039 ) ) ;
#6820 = CLOSED_SHELL ( 'NONE', ( #9389, #5734, #11016, #421, #5863, #11303, #7570, #8936, #9952, #3653, #3932, #10362, #9368, #9961, #12449, #1094, #5431, #4384, #2001, #10597, #6270, #5995, #4942, #9054, #3880, #1417, #11439, #8632, #4183, #7259, #11576, #10405, #6841, #11842, #9098, #7469, #7834, #1072, #4831, #1223, #4696, #3568, #12075, #10337, #5918, #3253, #9367, #1950, #12018, #10620, #11062, #880, #7530, #9158, #8507, #10817, #4421, #1613, #12031, #5876, #10659, #6858, #9854, #10055, #641, #923, #10893, #7922, #3556, #9519, #233, #9193, #12305, #9408, #2164, #7650, #686, #6689, #9037, #10074, #11893, #3231, #11622, #6460, #8848, #6043, #5873, #4266, #4839, #5145, #12083, #7202, #11899, #7720, #10511, #106, #1005, #8259, #11596, #6826, #10194, #10957, #12306, #594, #3529, #11592, #6962, #7246, #1983, #8414, #999, #3346, #6505, #4635, #1013, #10162, #7168, #12232, #2341, #2397, #11597, #7608, #12042, #2895, #2146, #4760, #3723, #10030, #6056, #823, #10821, #1865, #5249, #530, #7260, #1793, #11636, #5906, #3855, #7423, #7271, #11274, #10588, #12459, #3541, #6070, #156, #12377, #9869, #322, #5588, #8181 ) ) ;
#6821 = CARTESIAN_POINT ( 'NONE',  ( -0.5000000000000000000, -1.949999999999994182, 0.000000000000000000 ) ) ;
#6822 = CARTESIAN_POINT ( 'NONE',  ( 0.9159416319499998904, -1.349670499381000033, 0.05000000000099998065 ) ) ;
#6823 = VERTEX_POINT ( 'NONE', #12253 ) ;
#6824 = ORIENTED_EDGE ( 'NONE', *, *, #8085, .T. ) ;
#6825 = DIRECTION ( 'NONE',  ( 1.000000000000000000, 0.000000000000000000, 0.000000000000000000 ) ) ;
#6826 = ADVANCED_FACE ( 'NONE', ( #287 ), #7977, .F. ) ;
#6827 = CARTESIAN_POINT ( 'NONE',  ( 1.424733231707000058, -0.8887129544209999565, 0.07000000000100004005 ) ) ;
#6828 = AXIS2_PLACEMENT_3D ( 'NONE', #9738, #888, #4920 ) ;
#6829 = ORIENTED_EDGE ( 'NONE', *, *, #7415, .F. ) ;
#6830 = CARTESIAN_POINT ( 'NONE',  ( -0.9749999999989999999, 0.6000000000000003109, 0.05000000000099998065 ) ) ;
#6831 = CARTESIAN_POINT ( 'NONE',  ( 2.469999999999000106, -4.149999999999000266, 0.04999999999999991257 ) ) ;
#6832 = ORIENTED_EDGE ( 'NONE', *, *, #9499, .T. ) ;
#6833 = ORIENTED_EDGE ( 'NONE', *, *, #621, .T. ) ;
#6834 = DIRECTION ( 'NONE',  ( 0.000000000000000000, -1.000000000000000000, -3.491481338843000432E-15 ) ) ;
#6835 = DIRECTION ( 'NONE',  ( 0.000000000000000000, -1.000000000000000000, -3.491481338843000432E-15 ) ) ;
#6836 = CARTESIAN_POINT ( 'NONE',  ( -0.4268292682919999637, -0.6082251495429997767, 0.07000000000100004005 ) ) ;
#6837 = EDGE_LOOP ( 'NONE', ( #12259, #1789, #3398, #9591 ) ) ;
#6838 = DIRECTION ( 'NONE',  ( 0.000000000000000000, 3.491481338843000432E-15, -1.000000000000000000 ) ) ;
#6839 = ORIENTED_EDGE ( 'NONE', *, *, #4061, .F. ) ;
#6840 = LINE ( 'NONE', #3837, #8914 ) ;
#6841 = ADVANCED_FACE ( 'NONE', ( #3117 ), #10944, .T. ) ;
#6842 = CARTESIAN_POINT ( 'NONE',  ( 0.4749999999989999999, 1.400000000000000133, 1.000068083900629290E-12 ) ) ;
#6843 = VERTEX_POINT ( 'NONE', #7147 ) ;
#6844 = VERTEX_POINT ( 'NONE', #4268 ) ;
#6845 = CARTESIAN_POINT ( 'NONE',  ( -4.069999999999000195, -1.300000000000000044, 1.300000000000999911 ) ) ;
#6846 = LINE ( 'NONE', #4927, #3905 ) ;
#6847 = VERTEX_POINT ( 'NONE', #10105 ) ;
#6848 = LINE ( 'NONE', #1984, #7173 ) ;
#6849 = FACE_BOUND ( 'NONE', #1034, .T. ) ;
#6850 = ORIENTED_EDGE ( 'NONE', *, *, #10193, .T. ) ;
#6851 = CARTESIAN_POINT ( 'NONE',  ( 4.069999999999000195, -1.300000000000000044, 1.300000000000999911 ) ) ;
#6852 = DIRECTION ( 'NONE',  ( 0.000000000000000000, 3.491481338843000432E-15, -1.000000000000000000 ) ) ;
#6853 = CARTESIAN_POINT ( 'NONE',  ( 3.219999999998999662, -0.2999999999999999334, 1.300000000000999911 ) ) ;
#6854 = CARTESIAN_POINT ( 'NONE',  ( 1.182926829268000191, -0.6082251495429997767, 0.07000000000100004005 ) ) ;
#6855 = CARTESIAN_POINT ( 'NONE',  ( -1.191709487912000043, -1.304374256503999963, 0.07000000000100004005 ) ) ;
#6856 = EDGE_CURVE ( 'NONE', #10373, #6151, #1318, .T. ) ;
#6857 = EDGE_CURVE ( 'NONE', #11117, #8230, #1124, .T. ) ;
#6858 = ADVANCED_FACE ( 'NONE', ( #10877 ), #11829, .F. ) ;
#6859 = DIRECTION ( 'NONE',  ( 0.000000000000000000, 1.000000000000000000, 3.523657060582293621E-15 ) ) ;
#6860 = DIRECTION ( 'NONE',  ( 1.000000000000000000, 0.000000000000000000, 0.000000000000000000 ) ) ;
#6861 = VECTOR ( 'NONE', #12350, 1000.000000000000000 ) ;
#6862 = CIRCLE ( 'NONE', #9944, 0.1999999999999996503 ) ;
#6863 = ORIENTED_EDGE ( 'NONE', *, *, #8071, .T. ) ;
#6864 = ORIENTED_EDGE ( 'NONE', *, *, #9638, .T. ) ;
#6865 = DIRECTION ( 'NONE',  ( 0.000000000000000000, 1.000000000000000000, 3.491481338843000432E-15 ) ) ;
#6866 = DIRECTION ( 'NONE',  ( 0.000000000000000000, 1.000000000000000000, 3.491481338843000432E-15 ) ) ;
#6867 = CARTESIAN_POINT ( 'NONE',  ( -3.219999999998999662, 1.800000000000000044, -0.5499999999990000665 ) ) ;
#6868 = DIRECTION ( 'NONE',  ( 0.000000000000000000, 3.491481338843000432E-15, -1.000000000000000000 ) ) ;
#6869 = VECTOR ( 'NONE', #7467, 1000.000000000000000 ) ;
#6870 = AXIS2_PLACEMENT_3D ( 'NONE', #3280, #10981, #9951 ) ;
#6871 = DIRECTION ( 'NONE',  ( -1.000000000000000000, 0.000000000000000000, 0.000000000000000000 ) ) ;
#6872 = DIRECTION ( 'NONE',  ( 0.000000000000000000, 1.000000000000000000, 3.491481338843000432E-15 ) ) ;
#6873 = EDGE_CURVE ( 'NONE', #570, #4775, #8877, .T. ) ;
#6874 = VERTEX_POINT ( 'NONE', #8048 ) ;
#6875 = DIRECTION ( 'NONE',  ( 0.000000000000000000, -3.491481338843000432E-15, 1.000000000000000000 ) ) ;
#6876 = VERTEX_POINT ( 'NONE', #6123 ) ;
#6877 = B_SPLINE_CURVE_WITH_KNOTS ( 'NONE', 3,
 ( #2620, #509, #4663, #2497, #11465, #634, #4482 ),
 .UNSPECIFIED., .F., .F.,
 ( 4, 1, 1, 1, 4 ),
 ( 0.000000000000000000, 0.1744817153170000190, 0.3982857591280000165, 0.6738978473979999606, 1.000000000000000000 ),
 .UNSPECIFIED. ) ;
#6878 = ORIENTED_EDGE ( 'NONE', *, *, #10978, .T. ) ;
#6879 = VECTOR ( 'NONE', #3422, 1000.000000000000114 ) ;
#6880 = CARTESIAN_POINT ( 'NONE',  ( -0.2926829268289999897, -1.059444661738000004, 0.07000000000100004005 ) ) ;
#6881 = ORIENTED_EDGE ( 'NONE', *, *, #6892, .T. ) ;
#6882 = VECTOR ( 'NONE', #6886, 1000.000000000000000 ) ;
#6883 = CARTESIAN_POINT ( 'NONE',  ( 3.219999999998999662, 2.000000000000000444, 1.300000000000999911 ) ) ;
#6884 = EDGE_CURVE ( 'NONE', #2234, #3261, #9981, .T. ) ;
#6885 = DIRECTION ( 'NONE',  ( 0.000000000000000000, 3.491481338843000432E-15, -1.000000000000000000 ) ) ;
#6886 = DIRECTION ( 'NONE',  ( -1.000000000000000000, 0.000000000000000000, 0.000000000000000000 ) ) ;
#6887 = ORIENTED_EDGE ( 'NONE', *, *, #2611, .F. ) ;
#6888 = FACE_OUTER_BOUND ( 'NONE', #6404, .T. ) ;
#6889 = EDGE_CURVE ( 'NONE', #5368, #2832, #5030, .T. ) ;
#6890 = VECTOR ( 'NONE', #4544, 1000.000000000000000 ) ;
#6891 = LINE ( 'NONE', #7783, #10272 ) ;
#6892 = EDGE_CURVE ( 'NONE', #10009, #831, #11702, .T. ) ;
#6893 = ORIENTED_EDGE ( 'NONE', *, *, #9184, .T. ) ;
#6894 = VERTEX_POINT ( 'NONE', #3178 ) ;
#6895 = CARTESIAN_POINT ( 'NONE',  ( -3.000000000000000000, -1.949999999999994404, 0.1000000000000000472 ) ) ;
#6896 = CARTESIAN_POINT ( 'NONE',  ( 1.623666158535999937, -1.486273930030999946, 0.07000000000100004005 ) ) ;
#6897 = ORIENTED_EDGE ( 'NONE', *, *, #1747, .T. ) ;
#6898 = CARTESIAN_POINT ( 'NONE',  ( 3.500000000000000000, -4.433974596214999231, 1.979999999998999893 ) ) ;
#6899 = ORIENTED_EDGE ( 'NONE', *, *, #899, .F. ) ;
#6900 = EDGE_CURVE ( 'NONE', #7859, #1322, #2293, .T. ) ;
#6901 = VERTEX_POINT ( 'NONE', #4202 ) ;
#6902 = CARTESIAN_POINT ( 'NONE',  ( -1.185911678932000113, -1.509148149250999937, 0.07000000000100004005 ) ) ;
#6903 = CARTESIAN_POINT ( 'NONE',  ( -1.774999999999000044, 0.1000000000000002554, 0.1000000000010001083 ) ) ;
#6904 = PLANE ( 'NONE',  #8505 ) ;
#6905 = ORIENTED_EDGE ( 'NONE', *, *, #6011, .T. ) ;
#6906 = CARTESIAN_POINT ( 'NONE',  ( 3.219999999998999662, 2.000000000000000444, 0.05000000000099998065 ) ) ;
#6907 = ORIENTED_EDGE ( 'NONE', *, *, #8383, .F. ) ;
#6908 = CARTESIAN_POINT ( 'NONE',  ( -0.8665450062630000172, -0.7059446656999999181, 0.07000000000100004005 ) ) ;
#6909 = CARTESIAN_POINT ( 'NONE',  ( 4.469999999998999662, -2.649999999998999822, -0.06715728752500009502 ) ) ;
#6910 = ORIENTED_EDGE ( 'NONE', *, *, #628, .F. ) ;
#6911 = DIRECTION ( 'NONE',  ( -5.421010862426999550E-16, -1.000000000000000000, 0.000000000000000000 ) ) ;
#6912 = CARTESIAN_POINT ( 'NONE',  ( -2.474999999998999556, 0.1000000000000002554, 0.1000000000010001083 ) ) ;
#6913 = DIRECTION ( 'NONE',  ( -1.000000000000000000, 0.000000000000000000, 0.000000000000000000 ) ) ;
#6914 = ORIENTED_EDGE ( 'NONE', *, *, #7282, .T. ) ;
#6915 = ADVANCED_FACE ( 'NONE', ( #9555 ), #12557, .F. ) ;
#6916 = DIRECTION ( 'NONE',  ( -1.000000000000000000, 0.000000000000000000, 0.000000000000000000 ) ) ;
#6917 = CARTESIAN_POINT ( 'NONE',  ( 1.108560574761000117, -1.064890570256999736, 0.07000000000100004005 ) ) ;
#6918 = EDGE_CURVE ( 'NONE', #8180, #958, #6967, .T. ) ;
#6919 = VERTEX_POINT ( 'NONE', #7512 ) ;
#6920 = AXIS2_PLACEMENT_3D ( 'NONE', #5167, #4212, #295 ) ;
#6921 = DIRECTION ( 'NONE',  ( 0.000000000000000000, 3.491481338843000432E-15, -1.000000000000000000 ) ) ;
#6922 = LINE ( 'NONE', #11607, #3089 ) ;
#6923 = CARTESIAN_POINT ( 'NONE',  ( 0.000000000000000000, 1.800000000000000044, 0.05000000000099998065 ) ) ;
#6924 = CARTESIAN_POINT ( 'NONE',  ( -3.624999999998999467, 0.9000000000000002442, -0.8662277660160003778 ) ) ;
#6925 = DIRECTION ( 'NONE',  ( 0.000000000000000000, 1.000000000000000000, 3.585759788624000327E-15 ) ) ;
#6926 = LINE ( 'NONE', #5835, #10045 ) ;
#6927 = CARTESIAN_POINT ( 'NONE',  ( -1.231707317073000185, -1.097554417834999851, 0.07000000000100004005 ) ) ;
#6928 = EDGE_LOOP ( 'NONE', ( #293, #9219, #4686, #9189, #5869, #6252 ) ) ;
#6929 = ORIENTED_EDGE ( 'NONE', *, *, #8607, .F. ) ;
#6930 = CARTESIAN_POINT ( 'NONE',  ( 3.399999999998999822, -0.1499999999999999667, -0.4999999999989999666 ) ) ;
#6931 = DIRECTION ( 'NONE',  ( 0.000000000000000000, -1.000000000000000000, -2.891205793313955622E-15 ) ) ;
#6932 = DIRECTION ( 'NONE',  ( 0.000000000000000000, 1.000000000000000000, 3.252606517456518824E-15 ) ) ;
#6933 = EDGE_CURVE ( 'NONE', #3593, #8854, #3542, .T. ) ;
#6934 = EDGE_CURVE ( 'NONE', #5792, #5341, #10521, .T. ) ;
#6935 = DIRECTION ( 'NONE',  ( -5.421010862426999550E-16, 1.000000000000000000, 0.000000000000000000 ) ) ;
#6936 = FACE_OUTER_BOUND ( 'NONE', #5649, .T. ) ;
#6937 = CARTESIAN_POINT ( 'NONE',  ( -1.974999999999000222, 0.3783882181409999323, 0.8000000000009999113 ) ) ;
#6938 = CARTESIAN_POINT ( 'NONE',  ( -0.5249999999990000443, 1.800000000000000044, -0.5499999999990000665 ) ) ;
#6939 = ORIENTED_EDGE ( 'NONE', *, *, #2662, .F. ) ;
#6940 = CARTESIAN_POINT ( 'NONE',  ( 1.458460365852999985, -0.9984690519819999777, 0.07000000000100004005 ) ) ;
#6941 = ORIENTED_EDGE ( 'NONE', *, *, #9727, .T. ) ;
#6942 = DIRECTION ( 'NONE',  ( 0.000000000000000000, 3.491481338843000432E-15, -1.000000000000000000 ) ) ;
#6943 = ORIENTED_EDGE ( 'NONE', *, *, #5602, .F. ) ;
#6944 = VECTOR ( 'NONE', #12148, 1000.000000000000000 ) ;
#6945 = DIRECTION ( 'NONE',  ( 0.000000000000000000, -0.7071067811865474617, -0.7071067811865474617 ) ) ;
#6946 = EDGE_CURVE ( 'NONE', #7527, #5828, #2574, .T. ) ;
#6947 = CARTESIAN_POINT ( 'NONE',  ( -0.7812431800589999531, -0.6044916875369997777, 0.05000000000099998065 ) ) ;
#6948 = LINE ( 'NONE', #10875, #5655 ) ;
#6949 = VERTEX_POINT ( 'NONE', #11546 ) ;
#6950 = CARTESIAN_POINT ( 'NONE',  ( -1.724999999999000000, 2.200000000000000178, 0.1000000000010001083 ) ) ;
#6951 = CARTESIAN_POINT ( 'NONE',  ( -3.500000000000000000, -5.299999999998999733, 1.279999999999999805 ) ) ;
#6952 = VERTEX_POINT ( 'NONE', #11423 ) ;
#6953 = VERTEX_POINT ( 'NONE', #4742 ) ;
#6954 = CARTESIAN_POINT ( 'NONE',  ( -2.224999999999000000, 1.800000000000000044, -0.5499999999990000665 ) ) ;
#6955 = VECTOR ( 'NONE', #4688, 1000.000000000000000 ) ;
#6956 = AXIS2_PLACEMENT_3D ( 'NONE', #1116, #203, #140 ) ;
#6957 = CARTESIAN_POINT ( 'NONE',  ( -2.224999999999000000, 1.400000000000000133, 0.1000000000010001083 ) ) ;
#6958 = EDGE_LOOP ( 'NONE', ( #9364, #1862, #300, #1714, #6501, #2258, #10291 ) ) ;
#6959 = AXIS2_PLACEMENT_3D ( 'NONE', #1425, #10988, #6042 ) ;
#6960 = EDGE_CURVE ( 'NONE', #12044, #12673, #1794, .T. ) ;
#6961 = DIRECTION ( 'NONE',  ( 0.000000000000000000, 3.491481338843000432E-15, -1.000000000000000000 ) ) ;
#6962 = ADVANCED_FACE ( 'NONE', ( #7382 ), #12494, .T. ) ;
#6963 = ORIENTED_EDGE ( 'NONE', *, *, #12535, .F. ) ;
#6964 = ORIENTED_EDGE ( 'NONE', *, *, #4314, .T. ) ;
#6965 = AXIS2_PLACEMENT_3D ( 'NONE', #2199, #9826, #6931 ) ;
#6966 = FACE_OUTER_BOUND ( 'NONE', #3248, .T. ) ;
#6967 = CIRCLE ( 'NONE', #8215, 0.9499999999990003108 ) ;
#6968 = DIRECTION ( 'NONE',  ( 0.000000000000000000, -1.000000000000000000, -3.491481338843000432E-15 ) ) ;
#6969 = CARTESIAN_POINT ( 'NONE',  ( -3.500000000000000000, -5.299999999999999822, 1.979999999998999893 ) ) ;
#6970 = ORIENTED_EDGE ( 'NONE', *, *, #5967, .F. ) ;
#6971 = CARTESIAN_POINT ( 'NONE',  ( 3.956545993131999950, 1.199999999999000089, 2.559999999999999609 ) ) ;
#6972 = ORIENTED_EDGE ( 'NONE', *, *, #9670, .F. ) ;
#6973 = CARTESIAN_POINT ( 'NONE',  ( -4.469999999998999662, -2.932842712473999747, -0.5500000000000001554 ) ) ;
#6974 = DIRECTION ( 'NONE',  ( -1.000000000000000000, 0.000000000000000000, 0.000000000000000000 ) ) ;
#6975 = EDGE_CURVE ( 'NONE', #65, #7150, #6488, .T. ) ;
#6976 = VECTOR ( 'NONE', #5329, 1000.000000000000000 ) ;
#6977 = ORIENTED_EDGE ( 'NONE', *, *, #9145, .F. ) ;
#6978 = LINE ( 'NONE', #11096, #9493 ) ;
#6979 = AXIS2_PLACEMENT_3D ( 'NONE', #8554, #10311, #10489 ) ;
#6980 = CARTESIAN_POINT ( 'NONE',  ( 2.774999999999999911, -9.116756773326001095, 0.04999999999999991257 ) ) ;
#6981 = EDGE_CURVE ( 'NONE', #11638, #5760, #9633, .T. ) ;
#6982 = CARTESIAN_POINT ( 'NONE',  ( -3.219999999998999662, 1.999999999999000355, 3.209999999999999964 ) ) ;
#6983 = EDGE_CURVE ( 'NONE', #1621, #9446, #6734, .T. ) ;
#6984 = ORIENTED_EDGE ( 'NONE', *, *, #4548, .F. ) ;
#6985 = CARTESIAN_POINT ( 'NONE',  ( 3.668509751761440452, 1.986326196645678444, 2.797488528650899031 ) ) ;
#6986 = CARTESIAN_POINT ( 'NONE',  ( -0.8786204268289999897, -0.7057861251529998770, 0.07000000000100004005 ) ) ;
#6987 = ORIENTED_EDGE ( 'NONE', *, *, #10305, .T. ) ;
#6988 = DIRECTION ( 'NONE',  ( 0.000000000000000000, -1.000000000000000000, -3.641026466082000599E-15 ) ) ;
#6989 = CARTESIAN_POINT ( 'NONE',  ( 4.453896267925000707, -0.2999999999999999334, 1.100000000000999956 ) ) ;
#6990 = CARTESIAN_POINT ( 'NONE',  ( -0.2749999999989999888, 0.1000000000000002554, 0.1000000000010001083 ) ) ;
#6991 = VECTOR ( 'NONE', #6531, 1000.000000000000000 ) ;
#6992 = DIRECTION ( 'NONE',  ( -5.421010862426999550E-16, 1.000000000000000000, 3.491481338843000432E-15 ) ) ;
#6993 = VECTOR ( 'NONE', #4010, 1000.000000000000114 ) ;
#6994 = DIRECTION ( 'NONE',  ( 0.000000000000000000, -1.000000000000000000, -3.491481338843000432E-15 ) ) ;
#6995 = CARTESIAN_POINT ( 'NONE',  ( 3.219999999998999662, 1.799999999998999956, 2.910000000000000142 ) ) ;
#6996 = LINE ( 'NONE', #388, #5590 ) ;
#6997 = ADVANCED_FACE ( 'NONE', ( #5459 ), #5515, .T. ) ;
#6998 = ORIENTED_EDGE ( 'NONE', *, *, #2364, .T. ) ;
#6999 = VERTEX_POINT ( 'NONE', #4559 ) ;
#7000 = CARTESIAN_POINT ( 'NONE',  ( 4.500000000000000000, -1.949999999999994182, 0.000000000000000000 ) ) ;
#7001 = CARTESIAN_POINT ( 'NONE',  ( 4.469999999998999662, 2.000000000000000444, 1.300000000000999911 ) ) ;
#7002 = CARTESIAN_POINT ( 'NONE',  ( 1.609171484905000060, -1.420709856817999883, 0.05000000000099998065 ) ) ;
#7003 = DIRECTION ( 'NONE',  ( 0.000000000000000000, -1.000000000000000000, -3.491481338843000432E-15 ) ) ;
#7004 = DIRECTION ( 'NONE',  ( 1.000000000000000000, 0.000000000000000000, 0.000000000000000000 ) ) ;
#7005 = DIRECTION ( 'NONE',  ( 5.421010862427522170E-16, 1.000000000000000000, 3.523657060577889805E-15 ) ) ;
#7006 = DIRECTION ( 'NONE',  ( 1.000000000000000000, 0.000000000000000000, 0.000000000000000000 ) ) ;
#7007 = CARTESIAN_POINT ( 'NONE',  ( 0.7901423188330000125, -0.6424343329749998555, 0.05000000000099998065 ) ) ;
#7008 = VERTEX_POINT ( 'NONE', #12378 ) ;
#7009 = CARTESIAN_POINT ( 'NONE',  ( -2.269999999998999929, -4.349999999998999556, 0.04999999999999991257 ) ) ;
#7010 = EDGE_CURVE ( 'NONE', #8595, #12120, #3602, .T. ) ;
#7011 = VECTOR ( 'NONE', #5845, 1000.000000000000000 ) ;
#7012 = ORIENTED_EDGE ( 'NONE', *, *, #8299, .T. ) ;
#7013 = CARTESIAN_POINT ( 'NONE',  ( -0.6989319970239999957, -1.605400727881999723, 0.05000000000099998065 ) ) ;
#7014 = ORIENTED_EDGE ( 'NONE', *, *, #9822, .T. ) ;
#7015 = CARTESIAN_POINT ( 'NONE',  ( -1.218674090743000038, -0.9732939425780000597, 0.07000000000100004005 ) ) ;
#7016 = VECTOR ( 'NONE', #4262, 1000.000000000000000 ) ;
#7017 = CARTESIAN_POINT ( 'NONE',  ( -4.469999999998999662, 0.7000000000000000666, -0.5499999999990000665 ) ) ;
#7018 = PLANE ( 'NONE',  #7693 ) ;
#7019 = ORIENTED_EDGE ( 'NONE', *, *, #10933, .F. ) ;
#7020 = VECTOR ( 'NONE', #7492, 1000.000000000000000 ) ;
#7021 = CARTESIAN_POINT ( 'NONE',  ( -0.6219512195119999420, -1.580786125152999988, 0.07000000000100004005 ) ) ;
#7022 = AXIS2_PLACEMENT_3D ( 'NONE', #8032, #6236, #2205 ) ;
#7023 = DIRECTION ( 'NONE',  ( 1.000000000000000000, 0.000000000000000000, 0.000000000000000000 ) ) ;
#7024 = ORIENTED_EDGE ( 'NONE', *, *, #4979, .T. ) ;
#7025 = VERTEX_POINT ( 'NONE', #7748 ) ;
#7026 = CARTESIAN_POINT ( 'NONE',  ( -4.169999999998999840, -2.449999999998999645, -0.5500000000000001554 ) ) ;
#7027 = EDGE_CURVE ( 'NONE', #602, #4348, #6567, .T. ) ;
#7028 = CARTESIAN_POINT ( 'NONE',  ( 2.274999999999999911, 2.200000000000000178, 0.1000000000010001083 ) ) ;
#7029 = VERTEX_POINT ( 'NONE', #4871 ) ;
#7030 = AXIS2_PLACEMENT_3D ( 'NONE', #10175, #1323, #12092 ) ;
#7031 =( NAMED_UNIT ( * ) PLANE_ANGLE_UNIT ( ) SI_UNIT ( $, .RADIAN. ) );
#7032 = DIRECTION ( 'NONE',  ( -1.000000000000000000, 0.000000000000000000, 0.000000000000000000 ) ) ;
#7033 = ORIENTED_EDGE ( 'NONE', *, *, #2279, .F. ) ;
#7034 = ORIENTED_EDGE ( 'NONE', *, *, #11177, .T. ) ;
#7035 = DIRECTION ( 'NONE',  ( -1.000000000000000000, 0.000000000000000000, 0.000000000000000000 ) ) ;
#7036 = CARTESIAN_POINT ( 'NONE',  ( 4.169999999998999840, -2.049999999999000178, 1.300000000000000044 ) ) ;
#7037 = ORIENTED_EDGE ( 'NONE', *, *, #4818, .F. ) ;
#7038 = VECTOR ( 'NONE', #8192, 1000.000000000000000 ) ;
#7039 = DIRECTION ( 'NONE',  ( -1.000000000000000000, 0.000000000000000000, 0.000000000000000000 ) ) ;
#7040 = ORIENTED_EDGE ( 'NONE', *, *, #8574, .F. ) ;
#7041 = DIRECTION ( 'NONE',  ( -1.000000000000000000, 0.000000000000000000, 0.000000000000000000 ) ) ;
#7042 = EDGE_CURVE ( 'NONE', #3372, #2035, #10642, .T. ) ;
#7043 = CARTESIAN_POINT ( 'NONE',  ( -4.469999999998999662, 0.4999999999989999666, 2.799999999999999822 ) ) ;
#7044 = VERTEX_POINT ( 'NONE', #10779 ) ;
#7045 = ORIENTED_EDGE ( 'NONE', *, *, #11257, .F. ) ;
#7046 = ORIENTED_EDGE ( 'NONE', *, *, #11819, .F. ) ;
#7047 = DIRECTION ( 'NONE',  ( -1.000000000000000000, 0.000000000000000000, 0.000000000000000000 ) ) ;
#7048 = DIRECTION ( 'NONE',  ( -1.000000000000000000, 0.000000000000000000, 0.000000000000000000 ) ) ;
#7049 = ORIENTED_EDGE ( 'NONE', *, *, #8426, .F. ) ;
#7050 = CARTESIAN_POINT ( 'NONE',  ( 3.636855263774894542, 1.992707304877228358, 2.813803550976661239 ) ) ;
#7051 = CARTESIAN_POINT ( 'NONE',  ( -0.7276656665049999750, -1.610753487273999918, 0.05000000000099998065 ) ) ;
#7052 = ORIENTED_EDGE ( 'NONE', *, *, #4563, .T. ) ;
#7053 = DIRECTION ( 'NONE',  ( 0.000000000000000000, -1.000000000000000000, -3.252606517456518824E-15 ) ) ;
#7054 = EDGE_CURVE ( 'NONE', #916, #5591, #1041, .T. ) ;
#7055 = CARTESIAN_POINT ( 'NONE',  ( -3.500000000000000000, -4.433974596214999231, 1.279999999999999805 ) ) ;
#7056 = DIRECTION ( 'NONE',  ( -5.421010862426999550E-16, -1.000000000000000000, 0.000000000000000000 ) ) ;
#7057 = LINE ( 'NONE', #10916, #9042 ) ;
#7058 = UNCERTAINTY_MEASURE_WITH_UNIT (LENGTH_MEASURE( 1.000000000000000082E-05 ), #4182, 'distance_accuracy_value', 'NONE');
#7059 = DIRECTION ( 'NONE',  ( 1.000000000000000000, 0.000000000000000000, 0.000000000000000000 ) ) ;
#7060 = EDGE_CURVE ( 'NONE', #1607, #8157, #10713, .T. ) ;
#7061 = CARTESIAN_POINT ( 'NONE',  ( 3.803095189483999938, 1.349999999999000000, 2.709999999999999520 ) ) ;
#7062 = FACE_OUTER_BOUND ( 'NONE', #2095, .T. ) ;
#7063 = ORIENTED_EDGE ( 'NONE', *, *, #12401, .F. ) ;
#7064 = ORIENTED_EDGE ( 'NONE', *, *, #92, .T. ) ;
#7065 = CARTESIAN_POINT ( 'NONE',  ( 0.3048780487799999661, -0.6082251495429997767, 0.05000000000099998065 ) ) ;
#7066 = CARTESIAN_POINT ( 'NONE',  ( 3.399999999998999822, -0.1999999999999998723, -0.4999999999989999666 ) ) ;
#7067 = ORIENTED_EDGE ( 'NONE', *, *, #1924, .T. ) ;
#7068 = FACE_BOUND ( 'NONE', #5945, .T. ) ;
#7069 = CARTESIAN_POINT ( 'NONE',  ( -0.4268292682919999637, -0.6082251495429997767, 0.07000000000100004005 ) ) ;
#7070 = EDGE_CURVE ( 'NONE', #984, #8361, #4044, .T. ) ;
#7071 = LINE ( 'NONE', #6111, #8860 ) ;
#7072 = CARTESIAN_POINT ( 'NONE',  ( -4.316585609973000004, 1.199999999999000089, 2.559999999999999609 ) ) ;
#7073 = DIRECTION ( 'NONE',  ( 0.000000000000000000, 3.491481338843000432E-15, -1.000000000000000000 ) ) ;
#7074 = AXIS2_PLACEMENT_3D ( 'NONE', #6436, #3736, #7638 ) ;
#7075 = CYLINDRICAL_SURFACE ( 'NONE', #199, 0.1999999999999999833 ) ;
#7076 = ORIENTED_EDGE ( 'NONE', *, *, #8977, .T. ) ;
#7077 = CARTESIAN_POINT ( 'NONE',  ( -4.469999999998999662, -2.249999999998999911, 1.300000000000000044 ) ) ;
#7078 = EDGE_LOOP ( 'NONE', ( #8615, #1454, #11688, #10609 ) ) ;
#7079 = DIRECTION ( 'NONE',  ( 0.000000000000000000, 1.000000000000000000, 3.491481338843000432E-15 ) ) ;
#7080 = AXIS2_PLACEMENT_3D ( 'NONE', #3969, #1273, #7871 ) ;
#7081 = CARTESIAN_POINT ( 'NONE',  ( -4.169999999998999840, 0.6000000000000003109, 0.1000000000010001083 ) ) ;
#7082 = EDGE_CURVE ( 'NONE', #11916, #12070, #6922, .T. ) ;
#7083 = DIRECTION ( 'NONE',  ( -1.000000000000000000, 0.000000000000000000, 0.000000000000000000 ) ) ;
#7084 = EDGE_CURVE ( 'NONE', #3182, #8641, #3917, .T. ) ;
#7085 = ORIENTED_EDGE ( 'NONE', *, *, #12195, .F. ) ;
#7086 = DIRECTION ( 'NONE',  ( 0.000000000000000000, 3.491481338843000432E-15, -1.000000000000000000 ) ) ;
#7087 = DIRECTION ( 'NONE',  ( 0.000000000000000000, 3.491481338843000432E-15, -1.000000000000000000 ) ) ;
#7088 = ORIENTED_EDGE ( 'NONE', *, *, #1639, .F. ) ;
#7089 = AXIS2_PLACEMENT_3D ( 'NONE', #5907, #5842, #5479 ) ;
#7090 = ORIENTED_EDGE ( 'NONE', *, *, #9769, .F. ) ;
#7091 = VECTOR ( 'NONE', #2342, 1000.000000000000000 ) ;
#7092 = FACE_OUTER_BOUND ( 'NONE', #1963, .T. ) ;
#7093 = VECTOR ( 'NONE', #4998, 1000.000000000000000 ) ;
#7094 = DIRECTION ( 'NONE',  ( 0.000000000000000000, 3.491481338843000432E-15, -1.000000000000000000 ) ) ;
#7095 = ORIENTED_EDGE ( 'NONE', *, *, #11464, .T. ) ;
#7096 = DIRECTION ( 'NONE',  ( 0.000000000000000000, 1.000000000000000000, 3.491481338843000432E-15 ) ) ;
#7097 = ORIENTED_EDGE ( 'NONE', *, *, #7282, .F. ) ;
#7098 = EDGE_CURVE ( 'NONE', #6766, #218, #9882, .T. ) ;
#7099 = EDGE_CURVE ( 'NONE', #12217, #10969, #3703, .T. ) ;
#7100 = ORIENTED_EDGE ( 'NONE', *, *, #8845, .F. ) ;
#7101 = DIRECTION ( 'NONE',  ( 0.000000000000000000, 3.491481338843000432E-15, -1.000000000000000000 ) ) ;
#7102 = CARTESIAN_POINT ( 'NONE',  ( 0.9752646400770000890, -1.102560595843999902, 0.05000000000099998065 ) ) ;
#7103 = VERTEX_POINT ( 'NONE', #6989 ) ;
#7104 = DIRECTION ( 'NONE',  ( 1.000000000000000000, 0.000000000000000000, 0.000000000000000000 ) ) ;
#7105 = VERTEX_POINT ( 'NONE', #8971 ) ;
#7106 = LINE ( 'NONE', #3197, #11814 ) ;
#7107 = CARTESIAN_POINT ( 'NONE',  ( 0.000000000000000000, -2.449999999999999734, 1.629999999999998117 ) ) ;
#7108 = VECTOR ( 'NONE', #2926, 1000.000000000000000 ) ;
#7109 = ORIENTED_EDGE ( 'NONE', *, *, #1637, .T. ) ;
#7110 = EDGE_LOOP ( 'NONE', ( #12392, #9038, #8194, #4628 ) ) ;
#7111 = CARTESIAN_POINT ( 'NONE',  ( -4.169999999998999840, -1.200000000000999822, 1.959999999999999964 ) ) ;
#7112 = CYLINDRICAL_SURFACE ( 'NONE', #11800, 1.249999999999000133 ) ;
#7113 = LINE ( 'NONE', #12174, #624 ) ;
#7114 = VERTEX_POINT ( 'NONE', #2120 ) ;
#7115 = DIRECTION ( 'NONE',  ( -1.000000000000000000, 0.000000000000000000, 0.000000000000000000 ) ) ;
#7116 = CARTESIAN_POINT ( 'NONE',  ( 2.024999999999999911, 0.1000000000000002554, 0.1000000000010001083 ) ) ;
#7117 = EDGE_CURVE ( 'NONE', #9858, #11916, #9853, .T. ) ;
#7118 = ORIENTED_EDGE ( 'NONE', *, *, #11538, .T. ) ;
#7119 = CARTESIAN_POINT ( 'NONE',  ( 0.000000000000000000, -3.749999999998999911, -0.06715728752500009502 ) ) ;
#7120 = LINE ( 'NONE', #2246, #828 ) ;
#7121 = LINE ( 'NONE', #5003, #12283 ) ;
#7122 = DIRECTION ( 'NONE',  ( 1.000000000000000000, 0.000000000000000000, 0.000000000000000000 ) ) ;
#7123 = LINE ( 'NONE', #12125, #12198 ) ;
#7124 = EDGE_CURVE ( 'NONE', #7103, #826, #11486, .T. ) ;
#7125 = FACE_OUTER_BOUND ( 'NONE', #8153, .T. ) ;
#7126 = FACE_OUTER_BOUND ( 'NONE', #754, .T. ) ;
#7127 = ORIENTED_EDGE ( 'NONE', *, *, #10945, .T. ) ;
#7128 = ORIENTED_EDGE ( 'NONE', *, *, #9625, .T. ) ;
#7129 = DIRECTION ( 'NONE',  ( 1.000000000000000000, 0.000000000000000000, 0.000000000000000000 ) ) ;
#7130 = CARTESIAN_POINT ( 'NONE',  ( -2.024999999998999822, 1.800000000000000044, 0.05000000000099998065 ) ) ;
#7131 = VERTEX_POINT ( 'NONE', #6722 ) ;
#7132 = DIRECTION ( 'NONE',  ( -1.000000000000000000, 0.000000000000000000, 0.000000000000000000 ) ) ;
#7133 = EDGE_CURVE ( 'NONE', #8777, #5257, #4935, .T. ) ;
#7134 = EDGE_CURVE ( 'NONE', #6421, #12036, #8846, .T. ) ;
#7135 = DIRECTION ( 'NONE',  ( 0.000000000000000000, 1.000000000000000000, 3.491481338843000432E-15 ) ) ;
#7136 = CARTESIAN_POINT ( 'NONE',  ( 0.000000000000000000, -1.949999999999994182, 0.000000000000000000 ) ) ;
#7137 = LINE ( 'NONE', #7262, #2475 ) ;
#7138 = DIRECTION ( 'NONE',  ( -1.000000000000000000, 0.000000000000000000, 0.000000000000000000 ) ) ;
#7139 = DIRECTION ( 'NONE',  ( -1.000000000000000000, 0.000000000000000000, 0.000000000000000000 ) ) ;
#7140 = ORIENTED_EDGE ( 'NONE', *, *, #3192, .T. ) ;
#7141 = CARTESIAN_POINT ( 'NONE',  ( -0.7579069178460000611, -1.615250109009999990, 0.05000000000099998065 ) ) ;
#7142 = EDGE_CURVE ( 'NONE', #6706, #4971, #5953, .T. ) ;
#7143 = LINE ( 'NONE', #11249, #11866 ) ;
#7144 = CYLINDRICAL_SURFACE ( 'NONE', #7370, 0.7999999999999999334 ) ;
#7145 = EDGE_CURVE ( 'NONE', #4052, #646, #6166, .T. ) ;
#7146 = DIRECTION ( 'NONE',  ( 0.000000000000000000, -1.000000000000000000, -3.491481338843000432E-15 ) ) ;
#7147 = CARTESIAN_POINT ( 'NONE',  ( -4.469999999998999662, -2.508578643761999682, -0.2085786437620001377 ) ) ;
#7148 = CARTESIAN_POINT ( 'NONE',  ( 0.5865091463410000427, -1.498469051981999867, 0.05000000000099998065 ) ) ;
#7149 = ORIENTED_EDGE ( 'NONE', *, *, #10657, .T. ) ;
#7150 = VERTEX_POINT ( 'NONE', #1157 ) ;
#7151 = DIRECTION ( 'NONE',  ( -1.000000000000000000, -5.421010862426999550E-16, -1.892735826383000338E-30 ) ) ;
#7152 = DIRECTION ( 'NONE',  ( 1.000000000000000000, 0.000000000000000000, 0.000000000000000000 ) ) ;
#7153 = VERTEX_POINT ( 'NONE', #5066 ) ;
#7154 = EDGE_CURVE ( 'NONE', #10949, #10200, #6785, .T. ) ;
#7155 =( LENGTH_UNIT ( ) NAMED_UNIT ( * ) SI_UNIT ( .MILLI., .METRE. ) );
#7156 = LINE ( 'NONE', #6132, #9180 ) ;
#7157 = EDGE_LOOP ( 'NONE', ( #2505, #6398, #10565, #4726, #11367, #8283, #12356, #9734, #11972, #2222, #12691, #5895, #5615 ) ) ;
#7158 = ORIENTED_EDGE ( 'NONE', *, *, #11257, .T. ) ;
#7159 = DIRECTION ( 'NONE',  ( 0.000000000000000000, 1.000000000000000000, 3.523657060582293621E-15 ) ) ;
#7160 = CARTESIAN_POINT ( 'NONE',  ( 1.775000000000000133, 1.400000000000000133, 0.1000000000010001083 ) ) ;
#7161 = AXIS2_PLACEMENT_3D ( 'NONE', #8866, #2967, #5853 ) ;
#7162 = ORIENTED_EDGE ( 'NONE', *, *, #3452, .F. ) ;
#7163 = CARTESIAN_POINT ( 'NONE',  ( -0.8786204268289999897, -0.7057861251529998770, 0.07000000000100004005 ) ) ;
#7164 = ORIENTED_EDGE ( 'NONE', *, *, #9126, .T. ) ;
#7165 = CARTESIAN_POINT ( 'NONE',  ( -0.7092289723150000391, -0.7302961781269999841, 0.07000000000100004005 ) ) ;
#7166 = FACE_OUTER_BOUND ( 'NONE', #6145, .T. ) ;
#7167 = ORIENTED_EDGE ( 'NONE', *, *, #3765, .T. ) ;
#7168 = ADVANCED_FACE ( 'NONE', ( #10842 ), #7948, .T. ) ;
#7169 = ORIENTED_EDGE ( 'NONE', *, *, #2539, .T. ) ;
#7170 = DIRECTION ( 'NONE',  ( 0.000000000000000000, -2.891205793294000202E-15, 1.000000000000000000 ) ) ;
#7171 = CARTESIAN_POINT ( 'NONE',  ( 1.275000000000000133, 1.400000000000000133, 0.05000000000099998065 ) ) ;
#7172 = CARTESIAN_POINT ( 'NONE',  ( -2.469999999999000106, -2.249999999998999911, 0.3499999999999998113 ) ) ;
#7173 = VECTOR ( 'NONE', #1282, 1000.000000000000000 ) ;
#7174 = VECTOR ( 'NONE', #4943, 1000.000000000000000 ) ;
#7175 = VERTEX_POINT ( 'NONE', #963 ) ;
#7176 = LINE ( 'NONE', #10971, #7093 ) ;
#7177 = VECTOR ( 'NONE', #8391, 1000.000000000000000 ) ;
#7178 = VERTEX_POINT ( 'NONE', #2052 ) ;
#7179 = PLANE ( 'NONE',  #11327 ) ;
#7180 = CARTESIAN_POINT ( 'NONE',  ( 3.219999999998999662, -1.199999999999999956, 0.3500000000010001222 ) ) ;
#7181 = LINE ( 'NONE', #7949, #9011 ) ;
#7182 = VECTOR ( 'NONE', #11403, 1000.000000000000000 ) ;
#7183 = DIRECTION ( 'NONE',  ( 0.000000000000000000, 3.491481338843000432E-15, -1.000000000000000000 ) ) ;
#7184 = CARTESIAN_POINT ( 'NONE',  ( -4.469999999998999662, 1.999999999999000355, 2.709999999999999520 ) ) ;
#7185 = PLANE ( 'NONE',  #11881 ) ;
#7186 = DIRECTION ( 'NONE',  ( 0.000000000000000000, 3.491481338843000432E-15, -1.000000000000000000 ) ) ;
#7187 = VECTOR ( 'NONE', #4239, 1000.000000000000000 ) ;
#7188 = EDGE_CURVE ( 'NONE', #6084, #1810, #181, .T. ) ;
#7189 = ORIENTED_EDGE ( 'NONE', *, *, #6189, .T. ) ;
#7190 = VERTEX_POINT ( 'NONE', #1351 ) ;
#7191 = PLANE ( 'NONE',  #7898 ) ;
#7192 = CARTESIAN_POINT ( 'NONE',  ( 0.2750000000000000222, 1.800000000000000044, -0.5499999999990000665 ) ) ;
#7193 = VERTEX_POINT ( 'NONE', #6157 ) ;
#7194 = DIRECTION ( 'NONE',  ( 0.000000000000000000, 1.000000000000000000, 3.491481338843000432E-15 ) ) ;
#7195 = VECTOR ( 'NONE', #3412, 1000.000000000000000 ) ;
#7196 = CARTESIAN_POINT ( 'NONE',  ( 0.9749999999989999999, 1.400000000000000133, 1.000068083900629290E-12 ) ) ;
#7197 = VECTOR ( 'NONE', #3586, 1000.000000000000000 ) ;
#7198 = DIRECTION ( 'NONE',  ( 0.000000000000000000, -1.000000000000000000, -3.491481338843000432E-15 ) ) ;
#7199 = CARTESIAN_POINT ( 'NONE',  ( 1.642339939023999884, -1.416151978810999967, 0.07000000000100004005 ) ) ;
#7200 = CARTESIAN_POINT ( 'NONE',  ( 0.4390243902429999956, -0.7179812471039999089, 0.07000000000100004005 ) ) ;
#7201 = CARTESIAN_POINT ( 'NONE',  ( -1.231361002593000187, -1.113000508777999720, 0.07000000000100004005 ) ) ;
#7202 = ADVANCED_FACE ( 'NONE', ( #3400 ), #9106, .F. ) ;
#7203 = EDGE_CURVE ( 'NONE', #7029, #7850, #10265, .T. ) ;
#7204 = ORIENTED_EDGE ( 'NONE', *, *, #12179, .T. ) ;
#7205 = LINE ( 'NONE', #1312, #6802 ) ;
#7206 = VECTOR ( 'NONE', #5174, 1000.000000000000000 ) ;
#7207 = DIRECTION ( 'NONE',  ( -0.7071067811865474617, 0.7071067811865474617, 2.468850131083908146E-15 ) ) ;
#7208 = DIRECTION ( 'NONE',  ( 8.659560562360701404E-17, 0.7071067811865474617, 0.7071067811865474617 ) ) ;
#7209 = CARTESIAN_POINT ( 'NONE',  ( 3.399999999998999822, 0.2000000000000000944, 0.05000000000099998065 ) ) ;
#7210 = EDGE_CURVE ( 'NONE', #8560, #10418, #10261, .T. ) ;
#7211 = EDGE_CURVE ( 'NONE', #213, #6651, #5384, .T. ) ;
#7212 = FACE_OUTER_BOUND ( 'NONE', #2421, .T. ) ;
#7213 = LINE ( 'NONE', #4073, #6993 ) ;
#7214 = VECTOR ( 'NONE', #10660, 1000.000000000000000 ) ;
#7215 = VERTEX_POINT ( 'NONE', #7055 ) ;
#7216 = ORIENTED_EDGE ( 'NONE', *, *, #2286, .F. ) ;
#7217 = DIRECTION ( 'NONE',  ( 0.000000000000000000, 1.000000000000000000, 3.491481338843000432E-15 ) ) ;
#7218 = EDGE_CURVE ( 'NONE', #10064, #747, #10138, .T. ) ;
#7219 = EDGE_CURVE ( 'NONE', #12246, #2234, #1218, .T. ) ;
#7220 = DIRECTION ( 'NONE',  ( 0.000000000000000000, -1.000000000000000000, -3.491481338843000432E-15 ) ) ;
#7221 = ORIENTED_EDGE ( 'NONE', *, *, #4941, .F. ) ;
#7222 = CARTESIAN_POINT ( 'NONE',  ( 0.9746450037319999149, -1.163036901192999961, 0.07000000000100004005 ) ) ;
#7223 = ORIENTED_EDGE ( 'NONE', *, *, #6142, .T. ) ;
#7224 = AXIS2_PLACEMENT_3D ( 'NONE', #3585, #3524, #5383 ) ;
#7225 = VECTOR ( 'NONE', #9185, 1000.000000000000000 ) ;
#7226 = ORIENTED_EDGE ( 'NONE', *, *, #6946, .T. ) ;
#7227 = LINE ( 'NONE', #363, #11110 ) ;
#7228 = EDGE_CURVE ( 'NONE', #2701, #10754, #1287, .T. ) ;
#7229 = DIRECTION ( 'NONE',  ( 0.000000000000000000, 1.000000000000000000, 4.336808689942017736E-15 ) ) ;
#7230 = ORIENTED_EDGE ( 'NONE', *, *, #7338, .F. ) ;
#7231 = CARTESIAN_POINT ( 'NONE',  ( -3.500000000000000000, -1.949999999999994404, 0.1000000000000000472 ) ) ;
#7232 = EDGE_LOOP ( 'NONE', ( #9473, #1898, #7539, #5611 ) ) ;
#7233 = DIRECTION ( 'NONE',  ( -5.421010862426999550E-16, -1.000000000000000000, -3.491481338843000432E-15 ) ) ;
#7234 = CARTESIAN_POINT ( 'NONE',  ( -2.474999999998999556, 0.6000000000000003109, 0.1000000000010001083 ) ) ;
#7235 = AXIS2_PLACEMENT_3D ( 'NONE', #6381, #8243, #4273 ) ;
#7236 = EDGE_LOOP ( 'NONE', ( #3334, #4917, #6269, #3693 ) ) ;
#7237 = ORIENTED_EDGE ( 'NONE', *, *, #11220, .F. ) ;
#7238 = DIRECTION ( 'NONE',  ( 0.000000000000000000, 3.491481338843000432E-15, -1.000000000000000000 ) ) ;
#7239 = FACE_OUTER_BOUND ( 'NONE', #5943, .T. ) ;
#7240 = DIRECTION ( 'NONE',  ( 0.000000000000000000, 3.491481338843000432E-15, -1.000000000000000000 ) ) ;
#7241 = VERTEX_POINT ( 'NONE', #11165 ) ;
#7242 = DIRECTION ( 'NONE',  ( 1.000000000000000000, 0.000000000000000000, 0.000000000000000000 ) ) ;
#7243 = VERTEX_POINT ( 'NONE', #2187 ) ;
#7244 = FACE_OUTER_BOUND ( 'NONE', #11929, .T. ) ;
#7245 = VECTOR ( 'NONE', #6710, 1000.000000000000000 ) ;
#7246 = ADVANCED_FACE ( 'NONE', ( #6284 ), #251, .F. ) ;
#7247 = CARTESIAN_POINT ( 'NONE',  ( 3.219999999998999662, -5.899999999998999378, 1.300000000000000044 ) ) ;
#7248 = CARTESIAN_POINT ( 'NONE',  ( 1.424733231707000058, -0.8887129544209999565, 0.07000000000100004005 ) ) ;
#7249 = CARTESIAN_POINT ( 'NONE',  ( -4.469999999998999662, 2.000000000000000444, 1.300000000000999911 ) ) ;
#7250 = DIRECTION ( 'NONE',  ( 0.000000000000000000, 3.703032982253999642E-15, -1.000000000000000000 ) ) ;
#7251 = DIRECTION ( 'NONE',  ( 0.000000000000000000, -1.000000000000000000, -3.491481338843000432E-15 ) ) ;
#7252 = VERTEX_POINT ( 'NONE', #8146 ) ;
#7253 = EDGE_LOOP ( 'NONE', ( #4955, #10911, #6091, #5208 ) ) ;
#7254 = CARTESIAN_POINT ( 'NONE',  ( 2.999999999998999911, -5.299999999998999733, 1.429999999999999938 ) ) ;
#7255 = DIRECTION ( 'NONE',  ( 0.000000000000000000, 3.491481338843000432E-15, -1.000000000000000000 ) ) ;
#7256 = ORIENTED_EDGE ( 'NONE', *, *, #10700, .T. ) ;
#7257 = PLANE ( 'NONE',  #812 ) ;
#7258 = CARTESIAN_POINT ( 'NONE',  ( -2.974999999998999556, 0.6000000000000003109, 0.05000000000099998065 ) ) ;
#7259 = ADVANCED_FACE ( 'NONE', ( #10075 ), #7306, .T. ) ;
#7260 = ADVANCED_FACE ( 'NONE', ( #8014 ), #8081, .T. ) ;
#7261 = LINE ( 'NONE', #6363, #4216 ) ;
#7262 = CARTESIAN_POINT ( 'NONE',  ( -4.169999999998999840, -2.049999999999000178, 1.300000000000000044 ) ) ;
#7263 = CARTESIAN_POINT ( 'NONE',  ( -0.7249999999989999999, 1.678388218141000365, 0.8000000000009999113 ) ) ;
#7264 = DIRECTION ( 'NONE',  ( -1.000000000000000000, 0.000000000000000000, 0.000000000000000000 ) ) ;
#7265 = CIRCLE ( 'NONE', #4399, 0.7999999999990000665 ) ;
#7266 = VERTEX_POINT ( 'NONE', #9169 ) ;
#7267 = CARTESIAN_POINT ( 'NONE',  ( -1.963414634146000148, -0.6082251495429997767, 0.07000000000100004005 ) ) ;
#7268 = CARTESIAN_POINT ( 'NONE',  ( -3.399999999998999822, 0.000000000000000000, -0.4999999999989999666 ) ) ;
#7269 = LINE ( 'NONE', #6184, #1642 ) ;
#7270 = DIRECTION ( 'NONE',  ( 0.000000000000000000, -3.491481338843000432E-15, 1.000000000000000000 ) ) ;
#7271 = ADVANCED_FACE ( 'NONE', ( #3153, #11040 ), #3339, .T. ) ;
#7272 = FACE_OUTER_BOUND ( 'NONE', #7462, .T. ) ;
#7273 = CARTESIAN_POINT ( 'NONE',  ( -4.169999999998999840, -1.300000000000000044, 1.300000000000999911 ) ) ;
#7274 = ORIENTED_EDGE ( 'NONE', *, *, #11146, .F. ) ;
#7275 = VERTEX_POINT ( 'NONE', #3214 ) ;
#7276 = CARTESIAN_POINT ( 'NONE',  ( -4.469999999998999662, -2.791421356236999607, -0.4914213562370001176 ) ) ;
#7277 = CYLINDRICAL_SURFACE ( 'NONE', #3949, 0.7999999999990000665 ) ;
#7278 = ORIENTED_EDGE ( 'NONE', *, *, #422, .F. ) ;
#7279 = AXIS2_PLACEMENT_3D ( 'NONE', #12050, #8000, #7041 ) ;
#7280 = DIRECTION ( 'NONE',  ( 1.000000000000000000, 0.000000000000000000, 0.000000000000000000 ) ) ;
#7281 = EDGE_LOOP ( 'NONE', ( #7708, #743, #8902, #2027 ) ) ;
#7282 = EDGE_CURVE ( 'NONE', #778, #6949, #7120, .T. ) ;
#7283 = VERTEX_POINT ( 'NONE', #7180 ) ;
#7284 = EDGE_CURVE ( 'NONE', #10128, #1610, #5317, .T. ) ;
#7285 = CARTESIAN_POINT ( 'NONE',  ( 2.269999999998999929, -2.249999999998999911, 1.300000000000000044 ) ) ;
#7286 = VECTOR ( 'NONE', #2646, 1000.000000000000000 ) ;
#7287 = FACE_OUTER_BOUND ( 'NONE', #2797, .T. ) ;
#7288 = AXIS2_PLACEMENT_3D ( 'NONE', #5259, #1283, #2242 ) ;
#7289 = ORIENTED_EDGE ( 'NONE', *, *, #987, .T. ) ;
#7290 = LINE ( 'NONE', #2608, #7973 ) ;
#7291 = ORIENTED_EDGE ( 'NONE', *, *, #866, .F. ) ;
#7292 = CARTESIAN_POINT ( 'NONE',  ( -0.6308316051389999402, -1.451799956680999815, 0.05000000000099998065 ) ) ;
#7293 = DIRECTION ( 'NONE',  ( 1.000000000000000000, 0.000000000000000000, 0.000000000000000000 ) ) ;
#7294 = ORIENTED_EDGE ( 'NONE', *, *, #4817, .F. ) ;
#7295 = CIRCLE ( 'NONE', #4633, 0.7999999999990000665 ) ;
#7297 = CARTESIAN_POINT ( 'NONE',  ( -0.4749999999989999999, 0.3783882181409999323, 0.8000000000009999113 ) ) ;
#7296 = VECTOR ( 'NONE', #4625, 1000.000000000000000 ) ;
#7298 = EDGE_CURVE ( 'NONE', #9208, #7193, #5338, .T. ) ;
#7299 = CARTESIAN_POINT ( 'NONE',  ( 3.924999999998999733, 0.7999999999999999334, 0.3500000000010001222 ) ) ;
#7300 = CARTESIAN_POINT ( 'NONE',  ( -2.224999999999000000, 2.200000000000000178, 0.1000000000010001083 ) ) ;
#7301 = ORIENTED_EDGE ( 'NONE', *, *, #12005, .F. ) ;
#7302 = VECTOR ( 'NONE', #5531, 1000.000000000000000 ) ;
#7303 = DIRECTION ( 'NONE',  ( 0.000000000000000000, -1.000000000000000000, -3.491481338843000432E-15 ) ) ;
#7304 = ORIENTED_EDGE ( 'NONE', *, *, #7142, .F. ) ;
#7305 = PLANE ( 'NONE',  #6198 ) ;
#7306 = PLANE ( 'NONE',  #10883 ) ;
#7307 = DIRECTION ( 'NONE',  ( 0.000000000000000000, 3.491481338843000432E-15, -1.000000000000000000 ) ) ;
#7308 = VECTOR ( 'NONE', #11455, 1000.000000000000000 ) ;
#7309 = CARTESIAN_POINT ( 'NONE',  ( 0.9345014634499999584, -1.318257970951999924, 0.05000000000099998065 ) ) ;
#7310 = LINE ( 'NONE', #11230, #749 ) ;
#7311 = CARTESIAN_POINT ( 'NONE',  ( -0.6718135500630000312, -1.598423149357000028, 0.07000000000100004005 ) ) ;
#7312 = DIRECTION ( 'NONE',  ( -1.000000000000000000, 0.000000000000000000, 0.000000000000000000 ) ) ;
#7313 = ORIENTED_EDGE ( 'NONE', *, *, #6733, .F. ) ;
#7314 = VERTEX_POINT ( 'NONE', #12297 ) ;
#7315 = EDGE_CURVE ( 'NONE', #10693, #9405, #12478, .T. ) ;
#7316 = DIRECTION ( 'NONE',  ( -1.000000000000000000, 0.000000000000000000, 0.000000000000000000 ) ) ;
#7317 = LINE ( 'NONE', #11298, #2066 ) ;
#7318 = ORIENTED_EDGE ( 'NONE', *, *, #11830, .T. ) ;
#7319 = LINE ( 'NONE', #8404, #10995 ) ;
#7320 = CYLINDRICAL_SURFACE ( 'NONE', #7614, 0.7999999999990000665 ) ;
#7321 = LINE ( 'NONE', #1616, #10164 ) ;
#7322 = CARTESIAN_POINT ( 'NONE',  ( -5.750624847485999780, 1.349999999999000000, 2.709999999999999520 ) ) ;
#7323 = DIRECTION ( 'NONE',  ( 0.000000000000000000, 1.000000000000000000, 3.491481338843000432E-15 ) ) ;
#7324 = CARTESIAN_POINT ( 'NONE',  ( -1.007191975557999886, -1.483514978325000122, 0.07000000000100004005 ) ) ;
#7325 = VERTEX_POINT ( 'NONE', #572 ) ;
#7326 = ORIENTED_EDGE ( 'NONE', *, *, #8976, .T. ) ;
#7327 = EDGE_CURVE ( 'NONE', #1328, #2604, #6877, .T. ) ;
#7328 = EDGE_CURVE ( 'NONE', #9281, #3493, #11287, .T. ) ;
#7329 = DIRECTION ( 'NONE',  ( -5.421010862426999550E-16, 1.000000000000000000, 3.491481338843000432E-15 ) ) ;
#7330 = CARTESIAN_POINT ( 'NONE',  ( 1.775000000000000133, 2.200000000000000178, 0.1000000000010001083 ) ) ;
#7331 = CARTESIAN_POINT ( 'NONE',  ( 0.4749999999989999999, 1.400000000000000133, 0.1000000000010001083 ) ) ;
#7332 = CARTESIAN_POINT ( 'NONE',  ( 3.500000000000000000, -5.299999999999999822, 1.979999999998999893 ) ) ;
#7333 = ORIENTED_EDGE ( 'NONE', *, *, #2853, .F. ) ;
#7334 = ORIENTED_EDGE ( 'NONE', *, *, #8100, .F. ) ;
#7335 = DIRECTION ( 'NONE',  ( 0.000000000000000000, -1.000000000000000000, -3.641026466082000599E-15 ) ) ;
#7336 = B_SPLINE_CURVE_WITH_KNOTS ( 'NONE', 3,
 ( #1471, #2425, #6334, #5374, #11340, #9288, #503, #2489, #4413, #3762, #690, #7545, #2790, #935 ),
 .UNSPECIFIED., .F., .F.,
 ( 4, 2, 2, 2, 2, 2, 4 ),
 ( 0.000000000000000000, 0.2499999999999990563, 0.3749999999999981126, 0.4374999999999974465, 0.4687499999999980016, 0.4999999999999985567, 1.000000000000000000 ),
 .UNSPECIFIED. ) ;
#7337 = ORIENTED_EDGE ( 'NONE', *, *, #12578, .T. ) ;
#7338 = EDGE_CURVE ( 'NONE', #10050, #7759, #8390, .T. ) ;
#7339 = CARTESIAN_POINT ( 'NONE',  ( 1.607660060975000027, -1.416151978810999967, 0.05000000000099998065 ) ) ;
#7340 = ORIENTED_EDGE ( 'NONE', *, *, #10641, .F. ) ;
#7341 = VERTEX_POINT ( 'NONE', #3525 ) ;
#7342 = DIRECTION ( 'NONE',  ( 0.000000000000000000, 3.491481338843000432E-15, -1.000000000000000000 ) ) ;
#7343 = FACE_OUTER_BOUND ( 'NONE', #11641, .T. ) ;
#7344 = EDGE_LOOP ( 'NONE', ( #2113, #2799, #12615, #2581 ) ) ;
#7345 = CARTESIAN_POINT ( 'NONE',  ( -5.750624847485999780, 1.199999999999000089, 2.559999999999999609 ) ) ;
#7346 = ORIENTED_EDGE ( 'NONE', *, *, #656, .F. ) ;
#7347 = CARTESIAN_POINT ( 'NONE',  ( -0.7337397553320000876, -1.494950299159999885, 0.05000000000099998065 ) ) ;
#7348 = VECTOR ( 'NONE', #3203, 1000.000000000000000 ) ;
#7349 = LINE ( 'NONE', #687, #10328 ) ;
#7350 = EDGE_LOOP ( 'NONE', ( #7455, #10491, #5260, #12628, #2971, #10300 ) ) ;
#7351 = EDGE_CURVE ( 'NONE', #10200, #6577, #10865, .T. ) ;
#7352 = ADVANCED_FACE ( 'NONE', ( #10561 ), #5565, .F. ) ;
#7353 = DIRECTION ( 'NONE',  ( 0.000000000000000000, -1.000000000000000000, -3.491481338843000432E-15 ) ) ;
#7354 = LINE ( 'NONE', #12289, #3623 ) ;
#7355 = DIRECTION ( 'NONE',  ( 1.000000000000000000, 0.000000000000000000, 0.000000000000000000 ) ) ;
#7356 = ORIENTED_EDGE ( 'NONE', *, *, #782, .T. ) ;
#7357 = PLANE ( 'NONE',  #12207 ) ;
#7358 = ORIENTED_EDGE ( 'NONE', *, *, #12521, .T. ) ;
#7359 = AXIS2_PLACEMENT_3D ( 'NONE', #12167, #3444, #3385 ) ;
#7360 = CARTESIAN_POINT ( 'NONE',  ( -3.924999999998999733, 0.9000000000000002442, -0.1767949192430001704 ) ) ;
#7361 = EDGE_CURVE ( 'NONE', #2152, #6523, #1778, .T. ) ;
#7362 = CARTESIAN_POINT ( 'NONE',  ( -1.274999999999000044, 0.1000000000000002554, 0.1000000000010001083 ) ) ;
#7363 = FACE_OUTER_BOUND ( 'NONE', #11994, .T. ) ;
#7364 = CARTESIAN_POINT ( 'NONE',  ( 0.9756097560969999583, -1.117943137347999771, 0.05000000000099998065 ) ) ;
#7365 = DIRECTION ( 'NONE',  ( 1.000000000000000000, 0.000000000000000000, 0.000000000000000000 ) ) ;
#7366 = EDGE_CURVE ( 'NONE', #9598, #7968, #756, .T. ) ;
#7367 = DIRECTION ( 'NONE',  ( -1.000000000000000000, 0.000000000000000000, 0.000000000000000000 ) ) ;
#7368 = DIRECTION ( 'NONE',  ( 0.000000000000000000, 3.491481338843000432E-15, -1.000000000000000000 ) ) ;
#7369 = ADVANCED_FACE ( 'NONE', ( #1600 ), #9475, .T. ) ;
#7370 = AXIS2_PLACEMENT_3D ( 'NONE', #11131, #9066, #8939 ) ;
#7371 = EDGE_CURVE ( 'NONE', #12073, #4734, #1858, .T. ) ;
#7372 = CIRCLE ( 'NONE', #5721, 1.249999999999000133 ) ;
#7373 = ORIENTED_EDGE ( 'NONE', *, *, #7542, .F. ) ;
#7374 = VERTEX_POINT ( 'NONE', #1716 ) ;
#7375 = AXIS2_PLACEMENT_3D ( 'NONE', #3018, #4240, #10843 ) ;
#7376 = CARTESIAN_POINT ( 'NONE',  ( 3.219999999998999662, 1.800000000000000044, -0.3499999999989999999 ) ) ;
#7377 = CARTESIAN_POINT ( 'NONE',  ( 0.000000000000000000, 2.000000000000000444, 0.05000000000099998065 ) ) ;
#7378 = ORIENTED_EDGE ( 'NONE', *, *, #11805, .T. ) ;
#7379 = CARTESIAN_POINT ( 'NONE',  ( 1.073507656070000094, -1.321028991337000136, 0.07000000000100004005 ) ) ;
#7380 = CARTESIAN_POINT ( 'NONE',  ( 4.469999999998999662, 1.349999999999000000, 1.709999999999999964 ) ) ;
#7381 = CIRCLE ( 'NONE', #2270, 0.1499999999989998778 ) ;
#7382 = FACE_OUTER_BOUND ( 'NONE', #10764, .T. ) ;
#7383 = CIRCLE ( 'NONE', #1449, 0.2000000000000000944 ) ;
#7384 = DIRECTION ( 'NONE',  ( 0.000000000000000000, 3.491481338843000432E-15, -1.000000000000000000 ) ) ;
#7385 = CARTESIAN_POINT ( 'NONE',  ( -1.100656891079999866, -1.425481288292999915, 0.05000000000099998065 ) ) ;
#7386 = VECTOR ( 'NONE', #11529, 1000.000000000000000 ) ;
#7387 = CARTESIAN_POINT ( 'NONE',  ( -0.7749999999990000443, 0.1000000000000002554, 0.1000000000010001083 ) ) ;
#7388 = EDGE_CURVE ( 'NONE', #12159, #4100, #3459, .T. ) ;
#7389 = LINE ( 'NONE', #774, #9618 ) ;
#7390 = VERTEX_POINT ( 'NONE', #2737 ) ;
#7391 = VERTEX_POINT ( 'NONE', #10329 ) ;
#7392 = LINE ( 'NONE', #5652, #10759 ) ;
#7393 = AXIS2_PLACEMENT_3D ( 'NONE', #696, #6642, #4603 ) ;
#7394 = CARTESIAN_POINT ( 'NONE',  ( 3.624999999998999467, 0.7999999999999999334, -0.8662277660160003778 ) ) ;
#7395 = B_SPLINE_SURFACE_WITH_KNOTS ( 'NONE', 3, 1, ( 
 ( #10589, #2520 ),
 ( #6549, #12320 ),
 ( #7632, #10525 ),
 ( #4565, #11427 ),
 ( #8350, #6431 ),
 ( #4683, #10406 ),
 ( #2700, #6667 ),
 ( #10346, #4446 ),
 ( #655, #1557 ),
 ( #5464, #9560 ),
 ( #7572, #8591 ),
 ( #9373, #12501 ),
 ( #4627, #12257 ),
 ( #716, #590 ),
 ( #11488, #1738 ),
 ( #8475, #6492 ),
 ( #3609, #4501 ),
 ( #3729, #7517 ),
 ( #2640, #8413 ) ),
 .UNSPECIFIED., .F., .F., .F.,
 ( 4, 1, 1, 1, 1, 1, 1, 1, 1, 1, 1, 1, 1, 1, 1, 1, 4 ),
 ( 2, 2 ),
 ( 0.000000000000000000, 0.06783324845500000866, 0.1326555365070000159, 0.1950508840500000118, 0.2555829330680000067, 0.3147998341470000239, 0.3736004728260000074, 0.4325455953260000097, 0.4924306292830000209, 0.5526712559620000631, 0.6125130441879998999, 0.6726102503569999502, 0.7338383693129999497, 0.7965942385669999570, 0.8614497992899999845, 0.9291989423500000012, 1.000000000000000000 ),
 ( 0.000000000000000000, 1.000000000000000000 ),
 .UNSPECIFIED. ) ;
#7396 = DIRECTION ( 'NONE',  ( 1.000000000000000000, 0.000000000000000000, 0.000000000000000000 ) ) ;
#7397 = EDGE_CURVE ( 'NONE', #5892, #11782, #8511, .T. ) ;
#7398 = FACE_OUTER_BOUND ( 'NONE', #12187, .T. ) ;
#7399 = VECTOR ( 'NONE', #3278, 1000.000000000000000 ) ;
#7400 = ORIENTED_EDGE ( 'NONE', *, *, #6029, .T. ) ;
#7401 = ORIENTED_EDGE ( 'NONE', *, *, #855, .F. ) ;
#7402 = FACE_OUTER_BOUND ( 'NONE', #10290, .T. ) ;
#7403 = VECTOR ( 'NONE', #10544, 1000.000000000000000 ) ;
#7404 = ORIENTED_EDGE ( 'NONE', *, *, #3530, .F. ) ;
#7405 = DIRECTION ( 'NONE',  ( 1.000000000000000000, -5.421010862426999550E-16, -1.892735826383000338E-30 ) ) ;
#7406 = CARTESIAN_POINT ( 'NONE',  ( -4.169999999998999840, -0.2999999999999999334, 0.05000000000099998065 ) ) ;
#7407 = VERTEX_POINT ( 'NONE', #3646 ) ;
#7408 = ORIENTED_EDGE ( 'NONE', *, *, #5395, .T. ) ;
#7409 = B_SPLINE_SURFACE_WITH_KNOTS ( 'NONE', 3, 1, ( 
 ( #7441, #10397 ),
 ( #830, #2630 ),
 ( #706, #2689 ),
 ( #5510, #6537 ),
 ( #4491, #8464 ),
 ( #4737, #645 ),
 ( #3596, #3780 ),
 ( #1671, #12549 ),
 ( #9549, #8402 ),
 ( #4673, #11601 ),
 ( #8579, #11475 ),
 ( #10453, #2808 ),
 ( #6715, #12489 ),
 ( #11357, #2570 ),
 ( #1609, #9423 ),
 ( #5575, #3717 ),
 ( #7620, #4552 ),
 ( #11540, #4613 ),
 ( #8522, #12432 ) ),
 .UNSPECIFIED., .F., .F., .F.,
 ( 4, 1, 1, 1, 1, 1, 1, 1, 1, 1, 1, 1, 1, 1, 1, 1, 4 ),
 ( 2, 2 ),
 ( 0.000000000000000000, 0.06806869584399999340, 0.1334274328179999858, 0.1961460338129999981, 0.2570485924490000240, 0.3168826631589999887, 0.3761872086659999725, 0.4359603353629999956, 0.4965352368620000179, 0.5574653434799999863, 0.6176868634100000088, 0.6779436406959999939, 0.7388052848060000510, 0.8009493367659999974, 0.8648146674700000203, 0.9310247810780000188, 1.000000000000000000 ),
 ( 0.000000000000000000, 1.000000000000000000 ),
 .UNSPECIFIED. ) ;
#7410 = AXIS2_PLACEMENT_3D ( 'NONE', #1551, #7565, #2512 ) ;
#7411 = DIRECTION ( 'NONE',  ( -1.000000000000000000, -5.421010862426999550E-16, -1.892735826383000338E-30 ) ) ;
#7412 = EDGE_CURVE ( 'NONE', #2019, #761, #9411, .T. ) ;
#7413 = EDGE_CURVE ( 'NONE', #11326, #5397, #439, .T. ) ;
#7414 = CARTESIAN_POINT ( 'NONE',  ( 0.000000000000000000, 0.9000000000000002442, -0.3499999999989999999 ) ) ;
#7415 = EDGE_CURVE ( 'NONE', #5236, #2716, #7930, .T. ) ;
#7416 = ORIENTED_EDGE ( 'NONE', *, *, #9452, .F. ) ;
#7417 = CARTESIAN_POINT ( 'NONE',  ( 3.219999999998999662, -1.200000000000999822, 2.910000000000000142 ) ) ;
#7418 = ORIENTED_EDGE ( 'NONE', *, *, #6557, .T. ) ;
#7419 = CARTESIAN_POINT ( 'NONE',  ( 1.275000000000000133, 2.200000000000000178, 0.1000000000010001083 ) ) ;
#7420 = LINE ( 'NONE', #11337, #2522 ) ;
#7421 = ORIENTED_EDGE ( 'NONE', *, *, #1721, .F. ) ;
#7422 = AXIS2_PLACEMENT_3D ( 'NONE', #5261, #8206, #11039 ) ;
#7423 = ADVANCED_FACE ( 'NONE', ( #1074 ), #9664, .F. ) ;
#7424 = LINE ( 'NONE', #8325, #1977 ) ;
#7425 = CARTESIAN_POINT ( 'NONE',  ( 3.803095189483999938, 1.349999999999000000, 2.709999999999999520 ) ) ;
#7426 = ORIENTED_EDGE ( 'NONE', *, *, #4148, .F. ) ;
#7427 = CARTESIAN_POINT ( 'NONE',  ( 0.2750000000000000222, 1.400000000000000133, 0.1000000000010001083 ) ) ;
#7429 = VERTEX_POINT ( 'NONE', #9798 ) ;
#7428 = AXIS2_PLACEMENT_3D ( 'NONE', #1118, #5023, #2010 ) ;
#7430 = CARTESIAN_POINT ( 'NONE',  ( 0.000000000000000000, -1.949999999999994404, 0.06999999999999996503 ) ) ;
#7431 = EDGE_CURVE ( 'NONE', #5103, #2292, #4939, .T. ) ;
#7432 = CARTESIAN_POINT ( 'NONE',  ( -0.6219512195119999420, -0.6600544178349998514, 0.07000000000100004005 ) ) ;
#7433 = CARTESIAN_POINT ( 'NONE',  ( 3.219999999998999662, 1.999999999999000355, 2.660000000000000142 ) ) ;
#7434 = VECTOR ( 'NONE', #5164, 1000.000000000000000 ) ;
#7435 = CARTESIAN_POINT ( 'NONE',  ( 0.9613828044840000420, -1.246504884195999807, 0.05000000000099998065 ) ) ;
#7436 = CARTESIAN_POINT ( 'NONE',  ( 1.458460365852999985, -0.9984690519819999777, 0.07000000000100004005 ) ) ;
#7437 = CARTESIAN_POINT ( 'NONE',  ( 1.560975609756000138, -1.608225149542999999, 0.07000000000100004005 ) ) ;
#7438 = VERTEX_POINT ( 'NONE', #2999 ) ;
#7439 = ORIENTED_EDGE ( 'NONE', *, *, #11464, .F. ) ;
#7440 = CARTESIAN_POINT ( 'NONE',  ( -1.829268292681999863, -1.608225149542999999, 0.07000000000100004005 ) ) ;
#7441 = CARTESIAN_POINT ( 'NONE',  ( 1.109756097560000043, -1.120801369054999830, 0.07000000000100004005 ) ) ;
#7442 = EDGE_LOOP ( 'NONE', ( #3926, #9418, #9657, #4865 ) ) ;
#7443 = ADVANCED_FACE ( 'NONE', ( #9732 ), #881, .T. ) ;
#7444 = VECTOR ( 'NONE', #2251, 1000.000000000000227 ) ;
#7445 = CARTESIAN_POINT ( 'NONE',  ( 1.101307458670999884, -1.226061370969000031, 0.05000000000099998065 ) ) ;
#7446 = CARTESIAN_POINT ( 'NONE',  ( -4.169999999998999840, 1.350000000000000089, 0.3500000000010001222 ) ) ;
#7447 = EDGE_CURVE ( 'NONE', #8136, #2229, #11586, .T. ) ;
#7448 = DIRECTION ( 'NONE',  ( -1.000000000000000000, 0.000000000000000000, 0.000000000000000000 ) ) ;
#7449 = LINE ( 'NONE', #8530, #8504 ) ;
#7450 = CARTESIAN_POINT ( 'NONE',  ( -3.500000000000000000, -5.299999999998999733, 1.279999999999999805 ) ) ;
#7451 = LINE ( 'NONE', #6430, #6879 ) ;
#7452 = FACE_OUTER_BOUND ( 'NONE', #12347, .T. ) ;
#7453 = AXIS2_PLACEMENT_3D ( 'NONE', #4732, #8640, #4668 ) ;
#7454 = ORIENTED_EDGE ( 'NONE', *, *, #2148, .F. ) ;
#7455 = ORIENTED_EDGE ( 'NONE', *, *, #4195, .F. ) ;
#7456 = CARTESIAN_POINT ( 'NONE',  ( -3.219999999998999662, 1.999999999999000355, 3.209999999999999964 ) ) ;
#7457 = CARTESIAN_POINT ( 'NONE',  ( 1.607660060975000027, -1.416151978810999967, 0.05000000000099998065 ) ) ;
#7458 = EDGE_CURVE ( 'NONE', #1887, #2792, #36, .T. ) ;
#7459 = LINE ( 'NONE', #10351, #11201 ) ;
#7460 = CARTESIAN_POINT ( 'NONE',  ( -4.169999999998999840, 0.6000000000000003109, 0.1000000000010001083 ) ) ;
#7461 = CARTESIAN_POINT ( 'NONE',  ( 2.085365853658000201, -0.6082251495429997767, 0.05000000000099998065 ) ) ;
#7462 = EDGE_LOOP ( 'NONE', ( #7726, #6878, #6323, #8318 ) ) ;
#7463 = ORIENTED_EDGE ( 'NONE', *, *, #10975, .F. ) ;
#7464 = DIRECTION ( 'NONE',  ( 0.000000000000000000, 3.491481338843000432E-15, -1.000000000000000000 ) ) ;
#7465 = ORIENTED_EDGE ( 'NONE', *, *, #5127, .F. ) ;
#7466 = DIRECTION ( 'NONE',  ( 1.000000000000000000, 0.000000000000000000, 0.000000000000000000 ) ) ;
#7467 = DIRECTION ( 'NONE',  ( 0.000000000000000000, 3.491481338843000432E-15, -1.000000000000000000 ) ) ;
#7468 = EDGE_CURVE ( 'NONE', #4536, #12011, #3963, .T. ) ;
#7469 = ADVANCED_FACE ( 'NONE', ( #2795 ), #2277, .T. ) ;
#7470 = LINE ( 'NONE', #2655, #10816 ) ;
#7471 = ORIENTED_EDGE ( 'NONE', *, *, #11258, .F. ) ;
#7472 = FACE_OUTER_BOUND ( 'NONE', #1209, .T. ) ;
#7473 = CARTESIAN_POINT ( 'NONE',  ( 3.219999999998999662, -1.300000000000000044, 1.300000000000999911 ) ) ;
#7474 = ORIENTED_EDGE ( 'NONE', *, *, #5186, .F. ) ;
#7475 = DIRECTION ( 'NONE',  ( -1.000000000000000000, 0.000000000000000000, 0.000000000000000000 ) ) ;
#7476 = ORIENTED_EDGE ( 'NONE', *, *, #5754, .F. ) ;
#7477 = AXIS2_PLACEMENT_3D ( 'NONE', #11168, #576, #1481 ) ;
#7478 = LINE ( 'NONE', #8319, #8097 ) ;
#7479 = AXIS2_PLACEMENT_3D ( 'NONE', #6497, #5525, #10411 ) ;
#7480 = CARTESIAN_POINT ( 'NONE',  ( -1.231707317073000185, -1.097554417834999851, 0.05000000000099998065 ) ) ;
#7481 = ORIENTED_EDGE ( 'NONE', *, *, #608, .F. ) ;
#7482 = CARTESIAN_POINT ( 'NONE',  ( 1.974999999999000222, 1.400000000000000133, 0.1000000000010001083 ) ) ;
#7483 = EDGE_CURVE ( 'NONE', #7283, #4478, #2228, .T. ) ;
#7484 = ADVANCED_FACE ( 'NONE', ( #12104 ), #6261, .T. ) ;
#7485 = DIRECTION ( 'NONE',  ( 1.000000000000000000, -5.421010862426999550E-16, -1.892735826383000338E-30 ) ) ;
#7486 = ORIENTED_EDGE ( 'NONE', *, *, #5804, .F. ) ;
#7487 = AXIS2_PLACEMENT_3D ( 'NONE', #9249, #10402, #1677 ) ;
#7488 = AXIS2_PLACEMENT_3D ( 'NONE', #6768, #10623, #7611 ) ;
#7489 = CARTESIAN_POINT ( 'NONE',  ( -4.169999999998999840, 0.6000000000000003109, 0.3500000000010001222 ) ) ;
#7490 = EDGE_LOOP ( 'NONE', ( #10477, #4141, #692, #7164 ) ) ;
#7491 = AXIS2_PLACEMENT_3D ( 'NONE', #11931, #10135, #4295 ) ;
#7492 = DIRECTION ( 'NONE',  ( 0.000000000000000000, -1.000000000000000000, -3.641026466082000599E-15 ) ) ;
#7493 = DIRECTION ( 'NONE',  ( 0.000000000000000000, 1.000000000000000000, 3.252606517456511724E-15 ) ) ;
#7494 = DIRECTION ( 'NONE',  ( 1.000000000000000000, 0.000000000000000000, 0.000000000000000000 ) ) ;
#7495 = CARTESIAN_POINT ( 'NONE',  ( -3.219999999998999662, -1.200000000000999822, 1.959999999999999964 ) ) ;
#7496 = PLANE ( 'NONE',  #98 ) ;
#7497 = CARTESIAN_POINT ( 'NONE',  ( 4.469999999999999751, -0.2999999999999999334, 1.300000000000999911 ) ) ;
#7498 = VECTOR ( 'NONE', #891, 1000.000000000000114 ) ;
#7499 = VECTOR ( 'NONE', #4822, 1000.000000000000000 ) ;
#7500 = VECTOR ( 'NONE', #9260, 1000.000000000000000 ) ;
#7501 = VERTEX_POINT ( 'NONE', #5048 ) ;
#7502 = ORIENTED_EDGE ( 'NONE', *, *, #2969, .T. ) ;
#7503 = DIRECTION ( 'NONE',  ( 0.000000000000000000, -0.7071067811865475727, -0.7071067811865475727 ) ) ;
#7504 = EDGE_CURVE ( 'NONE', #7903, #6561, #12507, .T. ) ;
#7505 = CARTESIAN_POINT ( 'NONE',  ( 0.000000000000000000, 1.800000000000000044, 0.05000000000099998065 ) ) ;
#7506 = EDGE_LOOP ( 'NONE', ( #12655, #4669, #3634, #8217 ) ) ;
#7507 = LINE ( 'NONE', #2632, #10646 ) ;
#7508 = DIRECTION ( 'NONE',  ( -1.000000000000000000, 0.000000000000000000, 0.000000000000000000 ) ) ;
#7509 = DIRECTION ( 'NONE',  ( 1.000000000000000000, 0.000000000000000000, 0.000000000000000000 ) ) ;
#7510 = VECTOR ( 'NONE', #1000, 1000.000000000000000 ) ;
#7511 = AXIS2_PLACEMENT_3D ( 'NONE', #7184, #8211, #10980 ) ;
#7512 = CARTESIAN_POINT ( 'NONE',  ( 1.695121951219000112, -1.608225149542999999, 0.07000000000100004005 ) ) ;
#7513 = CARTESIAN_POINT ( 'NONE',  ( -0.4749999999989999999, 0.6000000000000003109, 0.1000000000010001083 ) ) ;
#7514 = EDGE_CURVE ( 'NONE', #744, #11704, #8063, .T. ) ;
#7515 = CARTESIAN_POINT ( 'NONE',  ( 2.524999999999999911, 0.9000000000000002442, 0.1000000000010001083 ) ) ;
#7516 = DIRECTION ( 'NONE',  ( 1.000000000000000000, 0.000000000000000000, 0.000000000000000000 ) ) ;
#7517 = CARTESIAN_POINT ( 'NONE',  ( -1.365541110044000028, -1.071239354577999903, 0.05000000000099998065 ) ) ;
#7518 = ORIENTED_EDGE ( 'NONE', *, *, #1721, .T. ) ;
#7519 = ORIENTED_EDGE ( 'NONE', *, *, #5772, .T. ) ;
#7520 = EDGE_CURVE ( 'NONE', #3951, #7606, #10471, .T. ) ;
#7521 = LINE ( 'NONE', #6616, #11281 ) ;
#7522 = EDGE_CURVE ( 'NONE', #10702, #10965, #2078, .T. ) ;
#7523 = B_SPLINE_SURFACE_WITH_KNOTS ( 'NONE', 3, 1, ( 
 ( #10542, #9454 ),
 ( #2540, #12218 ),
 ( #10485, #7534 ),
 ( #11388, #1699 ),
 ( #11325, #10363 ),
 ( #1579, #4584 ),
 ( #5480, #6947 ),
 ( #1816, #10740 ),
 ( #3748, #11566 ),
 ( #5724, #7777 ),
 ( #6816, #2014 ) ),
 .UNSPECIFIED., .F., .F., .F.,
 ( 4, 1, 1, 1, 1, 1, 1, 1, 4 ),
 ( 2, 2 ),
 ( 0.000000000000000000, 0.1124483899080000043, 0.2265276752120000126, 0.3444019493259999898, 0.4658649724869999842, 0.5916594493519999887, 0.7221684870240000498, 0.8586063875539999835, 1.000000000000000000 ),
 ( 0.000000000000000000, 1.000000000000000000 ),
 .UNSPECIFIED. ) ;
#7524 = DIRECTION ( 'NONE',  ( 0.000000000000000000, -3.491481338843000432E-15, 1.000000000000000000 ) ) ;
#7525 = CARTESIAN_POINT ( 'NONE',  ( -1.364565772781000108, -1.146892682952999953, 0.07000000000100004005 ) ) ;
#7526 = DIRECTION ( 'NONE',  ( 1.000000000000000000, 0.000000000000000000, -9.130123557782276413E-16 ) ) ;
#7527 = VERTEX_POINT ( 'NONE', #1200 ) ;
#7528 = ORIENTED_EDGE ( 'NONE', *, *, #6032, .F. ) ;
#7529 = CARTESIAN_POINT ( 'NONE',  ( -1.157521680017000065, -0.8387997128339997888, 0.05000000000099998065 ) ) ;
#7530 = ADVANCED_FACE ( 'NONE', ( #8186 ), #299, .T. ) ;
#7531 = EDGE_LOOP ( 'NONE', ( #7955, #8745, #2225, #3455, #3436, #308 ) ) ;
#7532 = DIRECTION ( 'NONE',  ( 1.000000000000000000, 0.000000000000000000, 0.000000000000000000 ) ) ;
#7533 = CARTESIAN_POINT ( 'NONE',  ( 0.4390243902429999956, -1.498469051981999867, 0.07000000000100004005 ) ) ;
#7534 = CARTESIAN_POINT ( 'NONE',  ( -0.6502374838590000428, -0.6444415515699999375, 0.05000000000099998065 ) ) ;
#7535 = AXIS2_PLACEMENT_3D ( 'NONE', #10874, #4704, #3040 ) ;
#7536 = EDGE_LOOP ( 'NONE', ( #3499, #5434, #11598, #3515 ) ) ;
#7537 = CARTESIAN_POINT ( 'NONE',  ( -3.399999999998999822, 0.000000000000000000, -0.4999999999989999666 ) ) ;
#7538 = CARTESIAN_POINT ( 'NONE',  ( 0.06097560975599999877, -1.059444661738000004, 0.07000000000100004005 ) ) ;
#7539 = ORIENTED_EDGE ( 'NONE', *, *, #12666, .T. ) ;
#7540 = ORIENTED_EDGE ( 'NONE', *, *, #1358, .T. ) ;
#7541 = CARTESIAN_POINT ( 'NONE',  ( 3.220000000000000195, -0.2999999999999999334, 0.3500000000010001222 ) ) ;
#7542 = EDGE_CURVE ( 'NONE', #11319, #12419, #11021, .T. ) ;
#7543 = CARTESIAN_POINT ( 'NONE',  ( -0.9749999999989999999, 0.3783882181409999323, 0.8000000000009999113 ) ) ;
#7544 = ORIENTED_EDGE ( 'NONE', *, *, #7641, .T. ) ;
#7545 = CARTESIAN_POINT ( 'NONE',  ( -4.165718266485385790, -0.2809375922824265404, 1.201662129588082273 ) ) ;
#7546 = CARTESIAN_POINT ( 'NONE',  ( 3.924999999998999733, 0.9000000000000002442, 0.3500000000010001222 ) ) ;
#7547 = ORIENTED_EDGE ( 'NONE', *, *, #1206, .F. ) ;
#7548 = DIRECTION ( 'NONE',  ( 0.000000000000000000, 1.000000000000000000, 3.491481338843000432E-15 ) ) ;
#7549 = ORIENTED_EDGE ( 'NONE', *, *, #487, .T. ) ;
#7550 = CARTESIAN_POINT ( 'NONE',  ( 4.469999999998999662, -0.09999999999999982514, 1.300000000000999911 ) ) ;
#7551 = DIRECTION ( 'NONE',  ( 0.000000000000000000, -1.000000000000000000, -3.491481338843000432E-15 ) ) ;
#7552 = DIRECTION ( 'NONE',  ( 0.000000000000000000, -3.652049423112910565E-15, 1.000000000000000000 ) ) ;
#7553 = PLANE ( 'NONE',  #3516 ) ;
#7554 = CARTESIAN_POINT ( 'NONE',  ( -4.169999999998999840, 1.350000000000000089, 0.05000000000099998065 ) ) ;
#7555 = EDGE_CURVE ( 'NONE', #845, #3493, #3133, .T. ) ;
#7556 = LINE ( 'NONE', #5391, #12360 ) ;
#7557 = VECTOR ( 'NONE', #11964, 1000.000000000000000 ) ;
#7558 = ORIENTED_EDGE ( 'NONE', *, *, #8355, .T. ) ;
#7559 = VERTEX_POINT ( 'NONE', #6136 ) ;
#7560 = DIRECTION ( 'NONE',  ( 1.000000000000000000, 0.000000000000000000, 0.000000000000000000 ) ) ;
#7561 = DIRECTION ( 'NONE',  ( -1.000000000000000000, 0.000000000000000000, 0.000000000000000000 ) ) ;
#7562 = ORIENTED_EDGE ( 'NONE', *, *, #1879, .T. ) ;
#7563 = DIRECTION ( 'NONE',  ( 1.000000000000000000, 0.000000000000000000, 0.000000000000000000 ) ) ;
#7564 = CARTESIAN_POINT ( 'NONE',  ( 1.026501371439999977, -1.404599433792999896, 0.07000000000100004005 ) ) ;
#7565 = DIRECTION ( 'NONE',  ( 1.000000000000000000, 0.000000000000000000, 0.000000000000000000 ) ) ;
#7566 = CARTESIAN_POINT ( 'NONE',  ( -1.146120521755999988, -1.538968572058999840, 0.05000000000099998065 ) ) ;
#7567 = LINE ( 'NONE', #4620, #12017 ) ;
#7568 = DIRECTION ( 'NONE',  ( 0.000000000000000000, 1.000000000000000000, 3.491481338843000432E-15 ) ) ;
#7569 = PLANE ( 'NONE',  #12406 ) ;
#7570 = ADVANCED_FACE ( 'NONE', ( #4345 ), #1268, .T. ) ;
#7571 = CIRCLE ( 'NONE', #6137, 0.1999999999999999833 ) ;
#7572 = CARTESIAN_POINT ( 'NONE',  ( -1.268855527673999894, -0.7660176068779998015, 0.07000000000100004005 ) ) ;
#7573 = VERTEX_POINT ( 'NONE', #5301 ) ;
#7574 = VERTEX_POINT ( 'NONE', #4218 ) ;
#7575 = ORIENTED_EDGE ( 'NONE', *, *, #2552, .F. ) ;
#7576 = DIRECTION ( 'NONE',  ( 0.000000000000000000, 1.000000000000000000, 3.523657060577889805E-15 ) ) ;
#7577 = DIRECTION ( 'NONE',  ( -1.000000000000000000, 0.000000000000000000, 0.000000000000000000 ) ) ;
#7578 = VECTOR ( 'NONE', #1742, 1000.000000000000000 ) ;
#7579 = CARTESIAN_POINT ( 'NONE',  ( -1.222789633654999930, -1.474974642749999898, 0.05000000000099998065 ) ) ;
#7580 = VECTOR ( 'NONE', #10878, 1000.000000000000000 ) ;
#7581 = FACE_OUTER_BOUND ( 'NONE', #6565, .T. ) ;
#7582 = ADVANCED_FACE ( 'NONE', ( #9210 ), #4155, .T. ) ;
#7583 = ORIENTED_EDGE ( 'NONE', *, *, #6388, .T. ) ;
#7584 = VERTEX_POINT ( 'NONE', #6012 ) ;
#7585 = AXIS2_PLACEMENT_3D ( 'NONE', #4561, #12317, #4624 ) ;
#7586 = ORIENTED_EDGE ( 'NONE', *, *, #1723, .F. ) ;
#7587 = DIRECTION ( 'NONE',  ( -1.000000000000000000, 0.000000000000000000, 0.000000000000000000 ) ) ;
#7588 = AXIS2_PLACEMENT_3D ( 'NONE', #120, #11734, #9816 ) ;
#7589 = DIRECTION ( 'NONE',  ( 0.000000000000000000, -1.000000000000000000, -3.491481338843000432E-15 ) ) ;
#7590 = CARTESIAN_POINT ( 'NONE',  ( 1.616578761129999986, -1.446852102799000006, 0.05000000000099998065 ) ) ;
#7591 = ADVANCED_FACE ( 'NONE', ( #7287 ), #9928, .T. ) ;
#7592 = ORIENTED_EDGE ( 'NONE', *, *, #10901, .T. ) ;
#7593 = CIRCLE ( 'NONE', #10889, 0.7999999999990000665 ) ;
#7594 = PLANE ( 'NONE',  #4950 ) ;
#7595 = AXIS2_PLACEMENT_3D ( 'NONE', #10825, #12538, #11778 ) ;
#7596 = EDGE_CURVE ( 'NONE', #10334, #4640, #8954, .T. ) ;
#7597 = LINE ( 'NONE', #2843, #3100 ) ;
#7598 = EDGE_CURVE ( 'NONE', #2297, #9208, #6077, .T. ) ;
#7599 = ORIENTED_EDGE ( 'NONE', *, *, #5804, .T. ) ;
#7600 = ORIENTED_EDGE ( 'NONE', *, *, #2496, .T. ) ;
#7601 = LINE ( 'NONE', #8684, #5796 ) ;
#7602 = DIRECTION ( 'NONE',  ( -1.000000000000000000, 0.000000000000000000, 0.000000000000000000 ) ) ;
#7603 = ORIENTED_EDGE ( 'NONE', *, *, #11520, .T. ) ;
#7604 = DIRECTION ( 'NONE',  ( -1.000000000000000000, 0.000000000000000000, 0.000000000000000000 ) ) ;
#7605 = CARTESIAN_POINT ( 'NONE',  ( 3.847765868374812825, 1.249943672210422241, 2.673335796665362363 ) ) ;
#7606 = VERTEX_POINT ( 'NONE', #1331 ) ;
#7607 = AXIS2_PLACEMENT_3D ( 'NONE', #8746, #2723, #1949 ) ;
#7608 = ADVANCED_FACE ( 'NONE', ( #5240 ), #11448, .T. ) ;
#7609 = VERTEX_POINT ( 'NONE', #3691 ) ;
#7610 = CARTESIAN_POINT ( 'NONE',  ( -0.6804671483440000168, -0.6315674614579998014, 0.07000000000100004005 ) ) ;
#7611 = DIRECTION ( 'NONE',  ( 0.000000000000000000, 3.491481338843000432E-15, -1.000000000000000000 ) ) ;
#7612 = CARTESIAN_POINT ( 'NONE',  ( 0.000000000000000000, 0.7000000000000000666, 1.630000000000008997 ) ) ;
#7613 = CARTESIAN_POINT ( 'NONE',  ( -0.8786204268289999897, -0.7057861251529998770, 0.05000000000099998065 ) ) ;
#7614 = AXIS2_PLACEMENT_3D ( 'NONE', #11240, #10024, #9119 ) ;
#7615 = LINE ( 'NONE', #10831, #7849 ) ;
#7616 = ORIENTED_EDGE ( 'NONE', *, *, #8314, .T. ) ;
#7617 = EDGE_LOOP ( 'NONE', ( #11155, #11345, #9786, #10146, #11752, #5115 ) ) ;
#7618 = DIRECTION ( 'NONE',  ( 0.000000000000000000, -3.491481338843000432E-15, 1.000000000000000000 ) ) ;
#7619 = AXIS2_PLACEMENT_3D ( 'NONE', #7077, #11002, #2210 ) ;
#7620 = CARTESIAN_POINT ( 'NONE',  ( 0.6334459889910000197, -0.6092501828469999436, 0.07000000000100004005 ) ) ;
#7621 = ORIENTED_EDGE ( 'NONE', *, *, #9706, .F. ) ;
#7622 = CARTESIAN_POINT ( 'NONE',  ( 3.219999999998999662, -9.116756773326001095, 2.909999999998999609 ) ) ;
#7623 = FACE_BOUND ( 'NONE', #3777, .T. ) ;
#7624 = EDGE_CURVE ( 'NONE', #2869, #2941, #3442, .T. ) ;
#7625 = VECTOR ( 'NONE', #5879, 1000.000000000000000 ) ;
#7626 = CARTESIAN_POINT ( 'NONE',  ( -4.169999999998999840, -9.116756773326001095, 0.04999999999999991257 ) ) ;
#7627 = AXIS2_PLACEMENT_3D ( 'NONE', #9309, #3357, #11241 ) ;
#7628 = CARTESIAN_POINT ( 'NONE',  ( 3.219999999998999662, 1.999999999999000355, 2.910000000000000142 ) ) ;
#7629 = DIRECTION ( 'NONE',  ( 0.000000000000000000, 1.000000000000000000, 6.505213034913023449E-15 ) ) ;
#7630 = CARTESIAN_POINT ( 'NONE',  ( 0.6054526567490000621, -1.607815657589999780, 0.07000000000100004005 ) ) ;
#7631 = CARTESIAN_POINT ( 'NONE',  ( -1.231361002593000187, -1.113000508777999720, 0.07000000000100004005 ) ) ;
#7632 = CARTESIAN_POINT ( 'NONE',  ( -0.9484103147529999722, -0.5971743138419999264, 0.07000000000100004005 ) ) ;
#7633 = ORIENTED_EDGE ( 'NONE', *, *, #12584, .T. ) ;
#7634 = VECTOR ( 'NONE', #4593, 1000.000000000000000 ) ;
#7635 = EDGE_LOOP ( 'NONE', ( #2481, #1620, #2845, #7870, #578, #6897 ) ) ;
#7636 = ORIENTED_EDGE ( 'NONE', *, *, #7986, .F. ) ;
#7637 = CARTESIAN_POINT ( 'NONE',  ( 2.999999999998999911, -5.299999999998999733, 1.629999999999988125 ) ) ;
#7638 = DIRECTION ( 'NONE',  ( 0.000000000000000000, 1.000000000000000000, 2.891205793294679017E-15 ) ) ;
#7639 = EDGE_CURVE ( 'NONE', #10309, #4592, #11495, .T. ) ;
#7640 = ADVANCED_FACE ( 'NONE', ( #5609 ), #1521, .T. ) ;
#7641 = EDGE_CURVE ( 'NONE', #5424, #8692, #9031, .T. ) ;
#7642 = CARTESIAN_POINT ( 'NONE',  ( -1.285877509320999978, -1.396231506941999934, 0.07000000000100004005 ) ) ;
#7643 = VECTOR ( 'NONE', #9934, 1000.000000000000000 ) ;
#7644 = CYLINDRICAL_SURFACE ( 'NONE', #6272, 0.2000000000000000944 ) ;
#7645 = VERTEX_POINT ( 'NONE', #11332 ) ;
#7646 = ORIENTED_EDGE ( 'NONE', *, *, #1132, .T. ) ;
#7647 = ORIENTED_EDGE ( 'NONE', *, *, #5626, .T. ) ;
#7648 = PLANE ( 'NONE',  #8450 ) ;
#7649 = DIRECTION ( 'NONE',  ( 0.000000000000000000, 1.000000000000000000, 6.505213034913023449E-15 ) ) ;
#7650 = ADVANCED_FACE ( 'NONE', ( #7343 ), #8372, .F. ) ;
#7651 = DIRECTION ( 'NONE',  ( 1.000000000000000000, 0.000000000000000000, 0.000000000000000000 ) ) ;
#7652 = ORIENTED_EDGE ( 'NONE', *, *, #2000, .T. ) ;
#7653 = DIRECTION ( 'NONE',  ( -1.000000000000000000, 0.000000000000000000, 0.000000000000000000 ) ) ;
#7654 = CARTESIAN_POINT ( 'NONE',  ( 0.7785436176489999305, -1.461778965836999955, 0.07000000000100004005 ) ) ;
#7655 = ORIENTED_EDGE ( 'NONE', *, *, #10119, .T. ) ;
#7656 = ORIENTED_EDGE ( 'NONE', *, *, #1374, .F. ) ;
#7657 = CARTESIAN_POINT ( 'NONE',  ( 0.5960508004780000757, -0.7183069560209999205, 0.07000000000100004005 ) ) ;
#7658 = DIRECTION ( 'NONE',  ( -1.000000000000000000, -5.421010862426999550E-16, -1.892735826383000338E-30 ) ) ;
#7659 = ORIENTED_EDGE ( 'NONE', *, *, #7906, .F. ) ;
#7660 = LINE ( 'NONE', #875, #10793 ) ;
#7661 = EDGE_CURVE ( 'NONE', #9281, #8437, #11266, .T. ) ;
#7662 = CARTESIAN_POINT ( 'NONE',  ( -2.524999999998999822, 1.400000000000000133, 1.000068083900629290E-12 ) ) ;
#7663 = EDGE_CURVE ( 'NONE', #6550, #2941, #494, .T. ) ;
#7664 = ORIENTED_EDGE ( 'NONE', *, *, #5560, .T. ) ;
#7665 = AXIS2_PLACEMENT_3D ( 'NONE', #4412, #9574, #7649 ) ;
#7666 = VERTEX_POINT ( 'NONE', #12463 ) ;
#7667 = B_SPLINE_CURVE_WITH_KNOTS ( 'NONE', 3,
 ( #6759, #5805, #746, #4654, #12469, #932, #1769, #5672, #10683, #1892, #9585, #9009, #9986, #3251, #7858, #10814, #2989, #2288, #5038 ),
 .UNSPECIFIED., .F., .F.,
 ( 4, 1, 1, 1, 1, 1, 1, 1, 1, 1, 1, 1, 1, 1, 1, 1, 4 ),
 ( 0.000000000000000000, 0.06783324845500000866, 0.1326555365070000159, 0.1950508840500000118, 0.2555829330680000067, 0.3147998341470000239, 0.3736004728260000074, 0.4325455953260000097, 0.4924306292830000209, 0.5526712559620000631, 0.6125130441879998999, 0.6726102503569999502, 0.7338383693129999497, 0.7965942385669999570, 0.8614497992899999845, 0.9291989423500000012, 1.000000000000000000 ),
 .UNSPECIFIED. ) ;
#7668 = VECTOR ( 'NONE', #7700, 1000.000000000000000 ) ;
#7669 = CARTESIAN_POINT ( 'NONE',  ( 0.8717330928199999995, -0.8227033415949998041, 0.05000000000099998065 ) ) ;
#7670 = DIRECTION ( 'NONE',  ( 1.000000000000000000, 0.000000000000000000, 0.000000000000000000 ) ) ;
#7671 = ORIENTED_EDGE ( 'NONE', *, *, #11726, .F. ) ;
#7672 = CARTESIAN_POINT ( 'NONE',  ( -0.7249999999989999999, 1.678388218141000365, 1.000068083900629290E-12 ) ) ;
#7673 = ORIENTED_EDGE ( 'NONE', *, *, #9692, .T. ) ;
#7674 = DIRECTION ( 'NONE',  ( 0.000000000000000000, 1.000000000000000000, 2.891205793313955622E-15 ) ) ;
#7675 = CARTESIAN_POINT ( 'NONE',  ( -4.169999999998999840, 2.000000000000000444, 1.300000000000999911 ) ) ;
#7676 = EDGE_CURVE ( 'NONE', #5226, #475, #2415, .T. ) ;
#7677 = VERTEX_POINT ( 'NONE', #10244 ) ;
#7679 = VERTEX_POINT ( 'NONE', #8436 ) ;
#7678 = VECTOR ( 'NONE', #1783, 1000.000000000000000 ) ;
#7680 = DIRECTION ( 'NONE',  ( 0.000000000000000000, 1.000000000000000000, 3.252606517472775670E-15 ) ) ;
#7681 = CARTESIAN_POINT ( 'NONE',  ( 1.609171484905000060, -1.420709856817999883, 0.07000000000100004005 ) ) ;
#7682 = ORIENTED_EDGE ( 'NONE', *, *, #4389, .F. ) ;
#7683 = CARTESIAN_POINT ( 'NONE',  ( -1.829268292681999863, -0.7179812471039999089, 0.07000000000100004005 ) ) ;
#7684 = CARTESIAN_POINT ( 'NONE',  ( 1.638243466998000164, -1.429249324850999869, 0.05000000000099998065 ) ) ;
#7685 = ORIENTED_EDGE ( 'NONE', *, *, #1639, .T. ) ;
#7686 = DIRECTION ( 'NONE',  ( -5.421010862426999550E-16, -1.000000000000000000, -3.491481338843000432E-15 ) ) ;
#7687 = CARTESIAN_POINT ( 'NONE',  ( -2.724999999999000000, 1.678388218141000365, 0.8000000000009999113 ) ) ;
#7688 = DIRECTION ( 'NONE',  ( -3.652049423112911354E-15, 3.652049423112911354E-15, -1.000000000000000000 ) ) ;
#7689 = VECTOR ( 'NONE', #11608, 1000.000000000000000 ) ;
#7690 = VECTOR ( 'NONE', #12602, 1000.000000000000000 ) ;
#7691 = CARTESIAN_POINT ( 'NONE',  ( 1.474999999999000000, 1.400000000000000133, 1.000068083900629290E-12 ) ) ;
#7692 = CARTESIAN_POINT ( 'NONE',  ( -1.231707317073000185, -1.097554417834999851, 0.07000000000100004005 ) ) ;
#7693 = AXIS2_PLACEMENT_3D ( 'NONE', #6587, #11895, #5091 ) ;
#7694 = CARTESIAN_POINT ( 'NONE',  ( -4.468088860007259022, -0.2511423249586224871, 1.231025857211089480 ) ) ;
#7695 = EDGE_CURVE ( 'NONE', #6523, #6467, #2479, .T. ) ;
#7696 = ORIENTED_EDGE ( 'NONE', *, *, #10778, .T. ) ;
#7697 = ORIENTED_EDGE ( 'NONE', *, *, #11032, .T. ) ;
#7698 = ORIENTED_EDGE ( 'NONE', *, *, #9080, .F. ) ;
#7699 = LINE ( 'NONE', #7456, #6362 ) ;
#7700 = DIRECTION ( 'NONE',  ( 0.000000000000000000, -1.000000000000000000, -3.491481338843000432E-15 ) ) ;
#7701 = VECTOR ( 'NONE', #190, 1000.000000000000000 ) ;
#7702 = DIRECTION ( 'NONE',  ( -1.000000000000000000, 0.000000000000000000, 0.000000000000000000 ) ) ;
#7703 = DIRECTION ( 'NONE',  ( -1.000000000000000000, 0.000000000000000000, 0.000000000000000000 ) ) ;
#7704 = CARTESIAN_POINT ( 'NONE',  ( -1.365853658535999937, -1.089360820273999941, 0.07000000000100004005 ) ) ;
#7705 = ORIENTED_EDGE ( 'NONE', *, *, #5250, .T. ) ;
#7706 = DIRECTION ( 'NONE',  ( 0.000000000000000000, 1.000000000000000000, 3.491481338843000432E-15 ) ) ;
#7707 = AXIS2_PLACEMENT_3D ( 'NONE', #1067, #3053, #2158 ) ;
#7708 = ORIENTED_EDGE ( 'NONE', *, *, #9627, .T. ) ;
#7709 = EDGE_CURVE ( 'NONE', #4749, #11704, #3633, .T. ) ;
#7710 = ORIENTED_EDGE ( 'NONE', *, *, #7815, .F. ) ;
#7711 = CARTESIAN_POINT ( 'NONE',  ( 2.469999999999000106, -4.150000000000000355, 1.629999999999992344 ) ) ;
#7712 = CARTESIAN_POINT ( 'NONE',  ( -0.9166866776630000491, -0.7067672087949997684, 0.07000000000100004005 ) ) ;
#7713 = DIRECTION ( 'NONE',  ( 0.000000000000000000, 3.491481338843000432E-15, -1.000000000000000000 ) ) ;
#7714 = ORIENTED_EDGE ( 'NONE', *, *, #8811, .T. ) ;
#7715 = LINE ( 'NONE', #11632, #2697 ) ;
#7716 = DIRECTION ( 'NONE',  ( 0.000000000000000000, 1.000000000000000000, 3.491481338843000432E-15 ) ) ;
#7717 = ORIENTED_EDGE ( 'NONE', *, *, #8960, .T. ) ;
#7718 = ORIENTED_EDGE ( 'NONE', *, *, #2829, .F. ) ;
#7719 = CARTESIAN_POINT ( 'NONE',  ( -4.469999999998999662, 1.349999999999000000, 1.859999999999999876 ) ) ;
#7720 = ADVANCED_FACE ( 'NONE', ( #12345 ), #5365, .T. ) ;
#7721 = CARTESIAN_POINT ( 'NONE',  ( -1.500000000000000000, -1.949999999999994182, 0.000000000000000000 ) ) ;
#7722 = ORIENTED_EDGE ( 'NONE', *, *, #7779, .F. ) ;
#7723 = VECTOR ( 'NONE', #10953, 1000.000000000000114 ) ;
#7724 = LINE ( 'NONE', #2850, #9150 ) ;
#7725 = CARTESIAN_POINT ( 'NONE',  ( -1.451219512195000005, -0.6082251495429997767, 0.05000000000099998065 ) ) ;
#7726 = ORIENTED_EDGE ( 'NONE', *, *, #1492, .T. ) ;
#7727 = VERTEX_POINT ( 'NONE', #7538 ) ;
#7728 = DIRECTION ( 'NONE',  ( 0.000000000000000000, -1.000000000000000000, -2.891205793313955622E-15 ) ) ;
#7729 = B_SPLINE_CURVE_WITH_KNOTS ( 'NONE', 3,
 ( #6241, #3364, #4323, #8231, #9190, #11185 ),
 .UNSPECIFIED., .F., .F.,
 ( 4, 2, 4 ),
 ( 0.000000000000000000, 0.5000000000000000000, 1.000000000000000000 ),
 .UNSPECIFIED. ) ;
#7730 = CARTESIAN_POINT ( 'NONE',  ( 0.9355317127360001095, -0.9140379111630000386, 0.05000000000099998065 ) ) ;
#7731 = DIRECTION ( 'NONE',  ( 0.000000000000000000, 1.000000000000000000, 3.491481338843000432E-15 ) ) ;
#7732 = ORIENTED_EDGE ( 'NONE', *, *, #7873, .T. ) ;
#7733 = CARTESIAN_POINT ( 'NONE',  ( -1.294929607997000076, -0.8041242916949999930, 0.07000000000100004005 ) ) ;
#7734 = VERTEX_POINT ( 'NONE', #1584 ) ;
#7735 = DIRECTION ( 'NONE',  ( 1.000000000000000000, 0.000000000000000000, 0.000000000000000000 ) ) ;
#7736 = EDGE_CURVE ( 'NONE', #11910, #8981, #556, .T. ) ;
#7737 = PLANE ( 'NONE',  #8466 ) ;
#7738 = ORIENTED_EDGE ( 'NONE', *, *, #6179, .F. ) ;
#7739 = EDGE_LOOP ( 'NONE', ( #9790, #1585, #2726, #2439 ) ) ;
#7740 = CARTESIAN_POINT ( 'NONE',  ( -4.469999999998999662, 0.9000000000000002442, -0.3499999999989999999 ) ) ;
#7741 = DIRECTION ( 'NONE',  ( 0.000000000000000000, 3.491481338843000432E-15, -1.000000000000000000 ) ) ;
#7742 = ORIENTED_EDGE ( 'NONE', *, *, #2409, .T. ) ;
#7743 = CARTESIAN_POINT ( 'NONE',  ( 3.711564033564652920, 1.972724472912532390, 2.773128289300991423 ) ) ;
#7744 = CARTESIAN_POINT ( 'NONE',  ( 0.7406154072600000804, -0.6268435799119999041, 0.07000000000100004005 ) ) ;
#7745 = ORIENTED_EDGE ( 'NONE', *, *, #3810, .T. ) ;
#7746 = CYLINDRICAL_SURFACE ( 'NONE', #662, 0.1999999999999999833 ) ;
#7747 = ADVANCED_FACE ( 'NONE', ( #3572 ), #5486, .T. ) ;
#7748 = CARTESIAN_POINT ( 'NONE',  ( 4.169999999998999840, 1.350000000000000089, 0.3500000000010001222 ) ) ;
#7749 = DIRECTION ( 'NONE',  ( -1.000000000000000000, 0.000000000000000000, 0.000000000000000000 ) ) ;
#7750 = CARTESIAN_POINT ( 'NONE',  ( 1.109356929667000058, -1.138928335626000043, 0.07000000000100004005 ) ) ;
#7751 = LINE ( 'NONE', #1859, #5458 ) ;
#7752 = EDGE_CURVE ( 'NONE', #6764, #8879, #6514, .T. ) ;
#7753 = ADVANCED_FACE ( 'NONE', ( #4589 ), #5549, .F. ) ;
#7754 = LINE ( 'NONE', #7823, #3894 ) ;
#7755 = LINE ( 'NONE', #1630, #10721 ) ;
#7756 = ORIENTED_EDGE ( 'NONE', *, *, #8561, .F. ) ;
#7757 = AXIS2_PLACEMENT_3D ( 'NONE', #6085, #10003, #1210 ) ;
#7758 = ORIENTED_EDGE ( 'NONE', *, *, #7874, .T. ) ;
#7759 = VERTEX_POINT ( 'NONE', #4774 ) ;
#7760 = CARTESIAN_POINT ( 'NONE',  ( 4.169999999998999840, -5.899999999998999378, 1.300000000000000044 ) ) ;
#7761 = FACE_OUTER_BOUND ( 'NONE', #11860, .T. ) ;
#7762 = CARTESIAN_POINT ( 'NONE',  ( 0.000000000000000000, 1.400000000000000133, 0.05000000000099998065 ) ) ;
#7763 = CARTESIAN_POINT ( 'NONE',  ( -0.4749999999989999999, 0.9000000000000002442, 1.000068083900629290E-12 ) ) ;
#7764 = ADVANCED_FACE ( 'NONE', ( #4898 ), #9784, .T. ) ;
#7765 = VECTOR ( 'NONE', #1140, 1000.000000000000000 ) ;
#7766 = DIRECTION ( 'NONE',  ( 0.000000000000000000, 3.252606517456000542E-15, -1.000000000000000000 ) ) ;
#7767 = CARTESIAN_POINT ( 'NONE',  ( 2.974999999998999556, 1.400000000000000133, 0.1000000000010001083 ) ) ;
#7768 = EDGE_LOOP ( 'NONE', ( #1911, #6739, #9147, #7966 ) ) ;
#7769 = DIRECTION ( 'NONE',  ( -1.000000000000000000, 0.000000000000000000, 0.000000000000000000 ) ) ;
#7770 = ORIENTED_EDGE ( 'NONE', *, *, #6900, .T. ) ;
#7771 = VERTEX_POINT ( 'NONE', #4970 ) ;
#7772 = CARTESIAN_POINT ( 'NONE',  ( -0.8572789634140000059, -1.620420271493999920, 0.07000000000100004005 ) ) ;
#7773 = AXIS2_PLACEMENT_3D ( 'NONE', #7813, #6916, #10838 ) ;
#7774 = CIRCLE ( 'NONE', #4099, 0.1999999999999996503 ) ;
#7775 = CARTESIAN_POINT ( 'NONE',  ( -1.177507697769999861, -0.8689185644689999544, 0.07000000000100004005 ) ) ;
#7776 = VECTOR ( 'NONE', #2247, 1000.000000000000000 ) ;
#7777 = CARTESIAN_POINT ( 'NONE',  ( -0.8836316649020000691, -0.5961880314020000515, 0.05000000000099998065 ) ) ;
#7778 = CARTESIAN_POINT ( 'NONE',  ( 2.024999999999999911, 0.6000000000000003109, 0.3500000000010001222 ) ) ;
#7779 = EDGE_CURVE ( 'NONE', #995, #6550, #7597, .T. ) ;
#7780 = ORIENTED_EDGE ( 'NONE', *, *, #1045, .T. ) ;
#7781 = CARTESIAN_POINT ( 'NONE',  ( -4.316585609973000004, 1.199999999999000089, 2.559999999999999609 ) ) ;
#7782 = CIRCLE ( 'NONE', #4921, 0.7999999999990000665 ) ;
#7783 = CARTESIAN_POINT ( 'NONE',  ( 1.224999999999999867, 0.1000000000000002554, 1.000068083900629290E-12 ) ) ;
#7784 = ORIENTED_EDGE ( 'NONE', *, *, #9822, .F. ) ;
#7785 = ORIENTED_EDGE ( 'NONE', *, *, #3016, .F. ) ;
#7786 = CARTESIAN_POINT ( 'NONE',  ( 0.9503392029510000505, -0.9497732005079998485, 0.07000000000100004005 ) ) ;
#7787 = VECTOR ( 'NONE', #5765, 1000.000000000000000 ) ;
#7788 = CARTESIAN_POINT ( 'NONE',  ( -0.9749999999989999999, -9.116756773326001095, 0.04999999999999991257 ) ) ;
#7789 = EDGE_LOOP ( 'NONE', ( #5956, #10627, #9861, #6256 ) ) ;
#7790 = CARTESIAN_POINT ( 'NONE',  ( 4.469999999998999662, -3.949999999998999645, -0.06715728752500009502 ) ) ;
#7791 = DIRECTION ( 'NONE',  ( -5.421010862426999550E-16, 1.000000000000000000, 3.491481338843000432E-15 ) ) ;
#7792 = VERTEX_POINT ( 'NONE', #8813 ) ;
#7793 = VECTOR ( 'NONE', #1027, 1000.000000000000000 ) ;
#7794 = VECTOR ( 'NONE', #12224, 1000.000000000000000 ) ;
#7795 = EDGE_CURVE ( 'NONE', #1155, #4734, #6891, .T. ) ;
#7796 = EDGE_CURVE ( 'NONE', #6108, #5888, #6175, .T. ) ;
#7797 = EDGE_LOOP ( 'NONE', ( #8628, #4891, #1700, #6389 ) ) ;
#7798 = EDGE_CURVE ( 'NONE', #9879, #12332, #839, .T. ) ;
#7799 = DIRECTION ( 'NONE',  ( 0.000000000000000000, 1.000000000000000000, 3.491481338843000432E-15 ) ) ;
#7800 = CARTESIAN_POINT ( 'NONE',  ( 0.9616542217779999735, -0.9881819606109999432, 0.07000000000100004005 ) ) ;
#7801 = PLANE ( 'NONE',  #11581 ) ;
#7802 = EDGE_LOOP ( 'NONE', ( #10125, #9714, #4905, #9710, #205, #2907, #8552, #7926, #1069, #5429, #2545, #7705, #9292, #2922, #4967, #2129, #6795, #3911, #7358, #6116, #2061, #8855, #969, #10613, #4661, #9510, #11500, #1628, #11489, #4082, #9063, #5551, #6024, #10449, #9623, #4639, #4751, #5852, #10798, #424, #2725, #7204, #11076, #1208, #3255, #4695, #1644, #1227, #10984, #9279, #9583, #11295 ) ) ;
#7803 = CARTESIAN_POINT ( 'NONE',  ( -0.9484103147529999722, -0.5971743138419999264, 0.07000000000100004005 ) ) ;
#7804 = ORIENTED_EDGE ( 'NONE', *, *, #1387, .F. ) ;
#7805 = DIRECTION ( 'NONE',  ( 1.000000000000000000, 0.000000000000000000, 0.000000000000000000 ) ) ;
#7806 = LINE ( 'NONE', #10061, #8875 ) ;
#7807 = AXIS2_PLACEMENT_3D ( 'NONE', #5093, #214, #11969 ) ;
#7808 = ORIENTED_EDGE ( 'NONE', *, *, #4475, .F. ) ;
#7809 = ORIENTED_EDGE ( 'NONE', *, *, #12209, .T. ) ;
#7810 = CYLINDRICAL_SURFACE ( 'NONE', #4836, 0.1999999999990000332 ) ;
#7811 = DIRECTION ( 'NONE',  ( 1.000000000000000000, 0.000000000000000000, 0.000000000000000000 ) ) ;
#7812 = ORIENTED_EDGE ( 'NONE', *, *, #8040, .T. ) ;
#7813 = CARTESIAN_POINT ( 'NONE',  ( 3.924999999998999733, 0.9000000000000002442, -0.8662277660160003778 ) ) ;
#7814 = CARTESIAN_POINT ( 'NONE',  ( 3.219999999998999662, 0.7000000000000000666, -0.5499999999990000665 ) ) ;
#7815 = EDGE_CURVE ( 'NONE', #803, #7044, #8005, .T. ) ;
#7816 = ORIENTED_EDGE ( 'NONE', *, *, #9716, .T. ) ;
#7817 = LINE ( 'NONE', #11732, #8250 ) ;
#7818 = CARTESIAN_POINT ( 'NONE',  ( -0.9749999999989999999, 0.1000000000000002554, 0.1000000000010001083 ) ) ;
#7819 = CARTESIAN_POINT ( 'NONE',  ( 0.8818789584499999723, -1.534339918826999938, 0.05000000000099998065 ) ) ;
#7820 = VECTOR ( 'NONE', #1853, 1000.000000000000000 ) ;
#7821 = CARTESIAN_POINT ( 'NONE',  ( 0.7750000000000000222, 1.800000000000000044, -0.5499999999990000665 ) ) ;
#7822 = DIRECTION ( 'NONE',  ( 1.000000000000000000, 0.000000000000000000, 0.000000000000000000 ) ) ;
#7823 = CARTESIAN_POINT ( 'NONE',  ( 1.275000000000000133, 2.200000000000000178, 0.1000000000010001083 ) ) ;
#7824 = CARTESIAN_POINT ( 'NONE',  ( -1.231707317073000185, -1.097554417834999851, 0.05000000000099998065 ) ) ;
#7825 = EDGE_LOOP ( 'NONE', ( #12047, #4065, #8268, #7575 ) ) ;
#7826 = EDGE_LOOP ( 'NONE', ( #2345, #4372, #4053, #5801 ) ) ;
#7827 = ORIENTED_EDGE ( 'NONE', *, *, #1492, .F. ) ;
#7828 = CARTESIAN_POINT ( 'NONE',  ( 3.924999999998999733, 0.7999999999999999334, -0.1767949192430001704 ) ) ;
#7829 = LINE ( 'NONE', #5843, #2469 ) ;
#7830 = MECHANICAL_DESIGN_GEOMETRIC_PRESENTATION_REPRESENTATION (  '', ( #5579 ), #1289 ) ;
#7831 = CARTESIAN_POINT ( 'NONE',  ( 3.803095189483999938, 1.849999999999000000, 2.709999999999999520 ) ) ;
#7832 = VECTOR ( 'NONE', #7198, 1000.000000000000000 ) ;
#7833 = EDGE_CURVE ( 'NONE', #9397, #1672, #10677, .T. ) ;
#7834 = ADVANCED_FACE ( 'NONE', ( #1886 ), #11193, .T. ) ;
#7835 = DIRECTION ( 'NONE',  ( 0.000000000000000000, 1.000000000000000000, 2.891205793313955622E-15 ) ) ;
#7836 = DIRECTION ( 'NONE',  ( 0.000000000000000000, 3.491481338843000432E-15, -1.000000000000000000 ) ) ;
#7837 = LINE ( 'NONE', #4954, #6475 ) ;
#7838 = VERTEX_POINT ( 'NONE', #8050 ) ;
#7839 = FACE_OUTER_BOUND ( 'NONE', #8880, .T. ) ;
#7840 = VECTOR ( 'NONE', #11673, 1000.000000000000000 ) ;
#7841 = ORIENTED_EDGE ( 'NONE', *, *, #92, .F. ) ;
#7842 = ORIENTED_EDGE ( 'NONE', *, *, #5072, .T. ) ;
#7843 = CARTESIAN_POINT ( 'NONE',  ( -0.2926829268289999897, -0.7179812471039999089, 0.07000000000100004005 ) ) ;
#7844 = EDGE_CURVE ( 'NONE', #9837, #10247, #10283, .T. ) ;
#7845 = ORIENTED_EDGE ( 'NONE', *, *, #7596, .T. ) ;
#7846 = CARTESIAN_POINT ( 'NONE',  ( -3.219999999998999662, -1.300000000000000044, 0.3500000000010001222 ) ) ;
#7847 = CARTESIAN_POINT ( 'NONE',  ( 2.725000000000000089, 0.6000000000000003109, 0.05000000000099998065 ) ) ;
#7848 = CARTESIAN_POINT ( 'NONE',  ( -0.6311435496409999457, -0.7646329612180000623, 0.05000000000099998065 ) ) ;
#7849 = VECTOR ( 'NONE', #5886, 1000.000000000000000 ) ;
#7850 = VERTEX_POINT ( 'NONE', #2343 ) ;
#7851 = CIRCLE ( 'NONE', #2335, 0.1499999999999999944 ) ;
#7852 = DIRECTION ( 'NONE',  ( 0.000000000000000000, -0.7071067811865474617, 0.7071067811865474617 ) ) ;
#7853 = DIRECTION ( 'NONE',  ( 0.000000000000000000, -1.000000000000000000, -3.491481338843000432E-15 ) ) ;
#7854 = ORIENTED_EDGE ( 'NONE', *, *, #3043, .F. ) ;
#7855 = ORIENTED_EDGE ( 'NONE', *, *, #4170, .T. ) ;
#7856 = CARTESIAN_POINT ( 'NONE',  ( -3.731777380710906922, 1.962309001809720010, 2.760396261230887216 ) ) ;
#7857 = EDGE_CURVE ( 'NONE', #7759, #8137, #7213, .T. ) ;
#7858 = CARTESIAN_POINT ( 'NONE',  ( -1.348835811492000269, -0.9349713696030000909, 0.05000000000099998065 ) ) ;
#7859 = VERTEX_POINT ( 'NONE', #11970 ) ;
#7860 = EDGE_CURVE ( 'NONE', #8306, #9782, #7978, .T. ) ;
#7861 = CARTESIAN_POINT ( 'NONE',  ( 4.169999999998999840, 2.000000000000000444, 1.300000000000999911 ) ) ;
#7863 = ORIENTED_EDGE ( 'NONE', *, *, #3628, .F. ) ;
#7862 = B_SPLINE_CURVE_WITH_KNOTS ( 'NONE', 3,
 ( #80, #10872, #1943, #988, #7015, #1053, #4962, #7775, #8938, #6746, #8804, #4067, #11695, #11825, #4893, #2079, #7712, #9908, #3039 ),
 .UNSPECIFIED., .F., .F.,
 ( 4, 1, 1, 1, 1, 1, 1, 1, 1, 1, 1, 1, 1, 1, 1, 1, 4 ),
 ( 0.000000000000000000, 0.07377411937399999675, 0.1440791147260000182, 0.2113485183079999996, 0.2760768857389999664, 0.3385209158189999568, 0.3998851166929999756, 0.4602540674649999719, 0.5205889643909999975, 0.5802076845629999813, 0.6386329085520000559, 0.6963645494900000399, 0.7540017746600000681, 0.8128056813739999997, 0.8727544255250000438, 0.9351819969779999742, 1.000000000000000000 ),
 .UNSPECIFIED. ) ;
#7864 = EDGE_LOOP ( 'NONE', ( #7809, #2677, #2748, #6204 ) ) ;
#7865 = FILL_AREA_STYLE ('',( #12359 ) ) ;
#7866 = CARTESIAN_POINT ( 'NONE',  ( 0.5809832317070000585, -0.7179812471039999089, 0.05000000000099998065 ) ) ;
#7867 = DIRECTION ( 'NONE',  ( 0.000000000000000000, 3.491481338843000432E-15, -1.000000000000000000 ) ) ;
#7868 = ORIENTED_EDGE ( 'NONE', *, *, #7483, .F. ) ;
#7869 = DIRECTION ( 'NONE',  ( 1.000000000000000000, 0.000000000000000000, 0.000000000000000000 ) ) ;
#7870 = ORIENTED_EDGE ( 'NONE', *, *, #9144, .T. ) ;
#7871 = DIRECTION ( 'NONE',  ( 0.000000000000000000, -1.000000000000000000, -2.891205793313955622E-15 ) ) ;
#7872 = CARTESIAN_POINT ( 'NONE',  ( -4.469999999998999662, 0.7000000000000000666, 1.300000000000999911 ) ) ;
#7873 = EDGE_CURVE ( 'NONE', #5818, #7438, #5224, .T. ) ;
#7874 = EDGE_CURVE ( 'NONE', #9010, #3283, #10170, .T. ) ;
#7875 = ORIENTED_EDGE ( 'NONE', *, *, #8244, .F. ) ;
#7876 = VERTEX_POINT ( 'NONE', #6124 ) ;
#7877 = LINE ( 'NONE', #11031, #1367 ) ;
#7878 = LINE ( 'NONE', #5060, #2867 ) ;
#7879 = ORIENTED_EDGE ( 'NONE', *, *, #4799, .F. ) ;
#7880 = CARTESIAN_POINT ( 'NONE',  ( -3.832813752066270840, 1.266367305552010158, 2.686046546343527019 ) ) ;
#7881 = CARTESIAN_POINT ( 'NONE',  ( 0.9961806419720000694, -0.7838997799269999955, 0.07000000000100004005 ) ) ;
#7882 = ORIENTED_EDGE ( 'NONE', *, *, #12344, .T. ) ;
#7883 = FACE_OUTER_BOUND ( 'NONE', #5797, .T. ) ;
#7884 = CARTESIAN_POINT ( 'NONE',  ( 3.219999999998999662, -0.2999999999999999334, 1.300000000000999911 ) ) ;
#7885 = DIRECTION ( 'NONE',  ( 0.000000000000000000, 3.252606517456000542E-15, -1.000000000000000000 ) ) ;
#7886 = CARTESIAN_POINT ( 'NONE',  ( 0.000000000000000000, 1.800000000000000044, 0.05000000000099998065 ) ) ;
#7887 = CARTESIAN_POINT ( 'NONE',  ( -0.8962582733460000561, -1.509801464520999836, 0.07000000000100004005 ) ) ;
#7888 = LINE ( 'NONE', #127, #7174 ) ;
#7889 = CARTESIAN_POINT ( 'NONE',  ( 1.525000000000000133, 0.1000000000000002554, 0.1000000000010001083 ) ) ;
#7890 = VECTOR ( 'NONE', #7735, 1000.000000000000000 ) ;
#7891 = ADVANCED_FACE ( 'NONE', ( #11136 ), #10947, .F. ) ;
#7892 = ORIENTED_EDGE ( 'NONE', *, *, #9913, .F. ) ;
#7893 = VERTEX_POINT ( 'NONE', #9138 ) ;
#7894 = DIRECTION ( 'NONE',  ( 0.000000000000000000, 3.491481338843000432E-15, -1.000000000000000000 ) ) ;
#7895 = CARTESIAN_POINT ( 'NONE',  ( -3.399999999998999822, -0.1999999999999998723, -0.4999999999989999666 ) ) ;
#7896 = DIRECTION ( 'NONE',  ( 0.000000000000000000, 3.491481338843000432E-15, -1.000000000000000000 ) ) ;
#7897 = CARTESIAN_POINT ( 'NONE',  ( 0.5250000000000000222, 0.1000000000000002554, 0.1000000000010001083 ) ) ;
#7898 = AXIS2_PLACEMENT_3D ( 'NONE', #2256, #3162, #6230 ) ;
#7899 = AXIS2_PLACEMENT_3D ( 'NONE', #2712, #10414, #599 ) ;
#7900 = AXIS2_PLACEMENT_3D ( 'NONE', #11111, #2376, #2194 ) ;
#7901 = CARTESIAN_POINT ( 'NONE',  ( -0.8971036585359999371, -0.5960300275919998558, 0.07000000000100004005 ) ) ;
#7902 = CARTESIAN_POINT ( 'NONE',  ( -3.624999999998999467, 0.9000000000000002442, -0.1767949192430001704 ) ) ;
#7903 = VERTEX_POINT ( 'NONE', #3118 ) ;
#7904 = PLANE ( 'NONE',  #8998 ) ;
#7905 = EDGE_CURVE ( 'NONE', #8709, #6353, #9071, .T. ) ;
#7906 = EDGE_CURVE ( 'NONE', #7924, #1775, #1382, .T. ) ;
#7907 = VECTOR ( 'NONE', #7939, 1000.000000000000000 ) ;
#7908 = ORIENTED_EDGE ( 'NONE', *, *, #9690, .T. ) ;
#7909 = DIRECTION ( 'NONE',  ( -5.421010862426999550E-16, 1.000000000000000000, 0.000000000000000000 ) ) ;
#7910 = ORIENTED_EDGE ( 'NONE', *, *, #3052, .F. ) ;
#7911 = VECTOR ( 'NONE', #3041, 1000.000000000000000 ) ;
#7912 = LINE ( 'NONE', #10939, #3673 ) ;
#7913 = CARTESIAN_POINT ( 'NONE',  ( -5.750624847485999780, 1.349999999999000000, 1.859999999999999876 ) ) ;
#7914 = FACE_OUTER_BOUND ( 'NONE', #5475, .T. ) ;
#7915 = ORIENTED_EDGE ( 'NONE', *, *, #3157, .T. ) ;
#7916 = CARTESIAN_POINT ( 'NONE',  ( 0.08536585365800000713, -1.498469051981999867, 0.07000000000100004005 ) ) ;
#7917 = EDGE_CURVE ( 'NONE', #6823, #6953, #10107, .T. ) ;
#7918 = FACE_OUTER_BOUND ( 'NONE', #2381, .T. ) ;
#7919 = ORIENTED_EDGE ( 'NONE', *, *, #1338, .T. ) ;
#7920 = ORIENTED_EDGE ( 'NONE', *, *, #6983, .F. ) ;
#7921 = LINE ( 'NONE', #7981, #2925 ) ;
#7922 = ADVANCED_FACE ( 'NONE', ( #7918 ), #11068, .F. ) ;
#7923 = DIRECTION ( 'NONE',  ( -1.000000000000000000, 0.000000000000000000, 0.000000000000000000 ) ) ;
#7924 = VERTEX_POINT ( 'NONE', #9197 ) ;
#7925 = CARTESIAN_POINT ( 'NONE',  ( 0.5809832317070000585, -0.7179812471039999089, 0.07000000000100004005 ) ) ;
#7926 = ORIENTED_EDGE ( 'NONE', *, *, #399, .T. ) ;
#7927 = EDGE_LOOP ( 'NONE', ( #1774, #2690, #5326, #7476 ) ) ;
#7928 = CARTESIAN_POINT ( 'NONE',  ( 1.329268292681999863, -0.6082251495429997767, 0.07000000000100004005 ) ) ;
#7929 = ADVANCED_FACE ( 'NONE', ( #1125 ), #8175, .T. ) ;
#7930 = LINE ( 'NONE', #8633, #1259 ) ;
#7931 = CARTESIAN_POINT ( 'NONE',  ( -3.924999999998999733, 0.7999999999999999334, -0.8662277660160003778 ) ) ;
#7932 = ORIENTED_EDGE ( 'NONE', *, *, #5289, .T. ) ;
#7933 = CARTESIAN_POINT ( 'NONE',  ( 4.169999999998999840, 1.350000000000000089, 1.709999999999999964 ) ) ;
#7934 = ORIENTED_EDGE ( 'NONE', *, *, #12482, .F. ) ;
#7935 = CARTESIAN_POINT ( 'NONE',  ( -0.6789218193299999538, -0.7414702392339999060, 0.07000000000100004005 ) ) ;
#7936 = DIRECTION ( 'NONE',  ( 0.000000000000000000, 3.491481338843000432E-15, -1.000000000000000000 ) ) ;
#7937 = ORIENTED_EDGE ( 'NONE', *, *, #9691, .F. ) ;
#7938 = CARTESIAN_POINT ( 'NONE',  ( -1.025000000000000133, 1.400000000000000133, 0.1000000000010001083 ) ) ;
#7939 = DIRECTION ( 'NONE',  ( -1.000000000000000000, 0.000000000000000000, 0.000000000000000000 ) ) ;
#7940 = DIRECTION ( 'NONE',  ( 8.659560562360701404E-17, 0.7071067811865474617, 0.7071067811865474617 ) ) ;
#7941 = ORIENTED_EDGE ( 'NONE', *, *, #10474, .F. ) ;
#7942 = CARTESIAN_POINT ( 'NONE',  ( -3.956545993131999950, 1.199999999999000089, 2.559999999999999609 ) ) ;
#7943 = CARTESIAN_POINT ( 'NONE',  ( -0.7579069178460000611, -1.615250109009999990, 0.05000000000099998065 ) ) ;
#7944 = ORIENTED_EDGE ( 'NONE', *, *, #6572, .F. ) ;
#7945 = CIRCLE ( 'NONE', #2622, 0.7999999999990000665 ) ;
#7946 = DIRECTION ( 'NONE',  ( 0.000000000000000000, -3.491481338843000432E-15, 1.000000000000000000 ) ) ;
#7947 = EDGE_CURVE ( 'NONE', #7215, #3937, #3046, .T. ) ;
#7948 = CYLINDRICAL_SURFACE ( 'NONE', #2068, 0.2000000000000000944 ) ;
#7949 = CARTESIAN_POINT ( 'NONE',  ( 2.950512834068999890, -5.385714285714000127, 1.744285714284999900 ) ) ;
#7950 = CARTESIAN_POINT ( 'NONE',  ( -2.474999999998999556, 0.9000000000000002442, 1.000068083900629290E-12 ) ) ;
#7951 = LINE ( 'NONE', #1354, #11572 ) ;
#7952 = CARTESIAN_POINT ( 'NONE',  ( -4.464771195377884361, -0.2808990082022407853, 1.186289454589195991 ) ) ;
#7953 = FACE_OUTER_BOUND ( 'NONE', #2902, .T. ) ;
#7954 = VERTEX_POINT ( 'NONE', #5031 ) ;
#7955 = ORIENTED_EDGE ( 'NONE', *, *, #8726, .F. ) ;
#7956 = CARTESIAN_POINT ( 'NONE',  ( 3.219999999998999662, -4.349999999998999556, 1.300000000000000044 ) ) ;
#7957 = DIRECTION ( 'NONE',  ( 1.000000000000000000, 0.000000000000000000, 0.000000000000000000 ) ) ;
#7958 = CARTESIAN_POINT ( 'NONE',  ( -3.219999999998999662, 1.999999999999000355, 2.660000000000000142 ) ) ;
#7959 = DIRECTION ( 'NONE',  ( -1.000000000000000000, -5.421010862426999550E-16, -1.892735826383000338E-30 ) ) ;
#7960 = ADVANCED_FACE ( 'NONE', ( #12034 ), #8943, .T. ) ;
#7961 = CARTESIAN_POINT ( 'NONE',  ( -3.219999999998999662, 1.999999999999000355, 2.910000000000000142 ) ) ;
#7962 = PLANE ( 'NONE',  #12102 ) ;
#7963 = CARTESIAN_POINT ( 'NONE',  ( 1.073560338185000074, -0.9113285573969996944, 0.05000000000099998065 ) ) ;
#7964 = ORIENTED_EDGE ( 'NONE', *, *, #6406, .T. ) ;
#7965 = CARTESIAN_POINT ( 'NONE',  ( -1.963414634146000148, -1.608225149542999999, 0.05000000000099998065 ) ) ;
#7966 = ORIENTED_EDGE ( 'NONE', *, *, #5813, .F. ) ;
#7967 = CARTESIAN_POINT ( 'NONE',  ( -4.469999999998999662, -3.949999999998999645, -0.06715728752500009502 ) ) ;
#7968 = VERTEX_POINT ( 'NONE', #1253 ) ;
#7969 = AXIS2_PLACEMENT_3D ( 'NONE', #7268, #2399, #6372 ) ;
#7970 = CARTESIAN_POINT ( 'NONE',  ( 4.169999999998999840, -2.932842712473999747, -0.5500000000000001554 ) ) ;
#7971 = B_SPLINE_CURVE_WITH_KNOTS ( 'NONE', 3,
 ( #11666, #10780, #1795, #8780, #5640, #9556, #9613, #7819, #3787, #2817, #4806, #8586, #3663, #12680, #12495, #3918, #10643, #3725, #8656 ),
 .UNSPECIFIED., .F., .F.,
 ( 4, 1, 1, 1, 1, 1, 1, 1, 1, 1, 1, 1, 1, 1, 1, 1, 4 ),
 ( 0.000000000000000000, 0.06863117867599999311, 0.1345664660379999877, 0.1983281540100000073, 0.2607897666399999759, 0.3219991514839999902, 0.3827217465029999488, 0.4435374740349999900, 0.5051334294839999739, 0.5662138747639999803, 0.6261058646170000186, 0.6853493221599999963, 0.7449958703469999888, 0.8054158418139999442, 0.8676362663450000179, 0.9323077823019999544, 1.000000000000000000 ),
 .UNSPECIFIED. ) ;
#7972 = CARTESIAN_POINT ( 'NONE',  ( -2.724999999999000000, 1.800000000000000044, 0.1000000000010001083 ) ) ;
#7973 = VECTOR ( 'NONE', #6516, 1000.000000000000000 ) ;
#7974 = CARTESIAN_POINT ( 'NONE',  ( -0.8427354277690000117, -0.7062572662909999410, 0.05000000000099998065 ) ) ;
#7975 = EDGE_CURVE ( 'NONE', #3194, #3493, #5159, .T. ) ;
#7976 = ORIENTED_EDGE ( 'NONE', *, *, #2894, .T. ) ;
#7977 = PLANE ( 'NONE',  #4343 ) ;
#7978 = LINE ( 'NONE', #4139, #8618 ) ;
#7979 = ORIENTED_EDGE ( 'NONE', *, *, #7844, .T. ) ;
#7980 = ORIENTED_EDGE ( 'NONE', *, *, #8885, .T. ) ;
#7981 = CARTESIAN_POINT ( 'NONE',  ( -3.219999999998999662, 1.999999999999000355, 3.209999999999999964 ) ) ;
#7982 = VECTOR ( 'NONE', #9110, 1000.000000000000000 ) ;
#7983 = DIRECTION ( 'NONE',  ( 0.5000000000001899592, 0.8660254037843289066, 3.023711536278149615E-15 ) ) ;
#7984 = ORIENTED_EDGE ( 'NONE', *, *, #5645, .T. ) ;
#7985 = AXIS2_PLACEMENT_3D ( 'NONE', #9960, #11176, #6297 ) ;
#7986 = EDGE_CURVE ( 'NONE', #10829, #4188, #8113, .T. ) ;
#7987 = CARTESIAN_POINT ( 'NONE',  ( -0.9749999999989999999, 0.3783882181409999323, 0.8000000000009999113 ) ) ;
#7988 = ORIENTED_EDGE ( 'NONE', *, *, #3268, .F. ) ;
#7989 = AXIS2_PLACEMENT_3D ( 'NONE', #245, #9033, #4169 ) ;
#7990 = EDGE_CURVE ( 'NONE', #79, #10128, #9445, .T. ) ;
#7991 = EDGE_LOOP ( 'NONE', ( #6794, #684, #11476, #8353 ) ) ;
#7992 = CONICAL_SURFACE ( 'NONE', #9018, 0.8499999999989999999, 0.7853981633970000820 ) ;
#7993 = EDGE_CURVE ( 'NONE', #8157, #5971, #12264, .T. ) ;
#7994 = DIRECTION ( 'NONE',  ( 1.000000000000000000, 0.000000000000000000, 0.000000000000000000 ) ) ;
#7995 = VECTOR ( 'NONE', #4362, 1000.000000000000000 ) ;
#7996 = CARTESIAN_POINT ( 'NONE',  ( -3.220000000000000195, 2.000000000000000444, 0.05000000000099998065 ) ) ;
#7997 = EDGE_LOOP ( 'NONE', ( #10732, #12502, #1134, #12486, #707, #11602 ) ) ;
#7998 = CARTESIAN_POINT ( 'NONE',  ( -0.7736133171459999014, -0.7142934605549998706, 0.05000000000099998065 ) ) ;
#7999 = ORIENTED_EDGE ( 'NONE', *, *, #11497, .T. ) ;
#8000 = DIRECTION ( 'NONE',  ( 0.000000000000000000, 3.491481338843000432E-15, -1.000000000000000000 ) ) ;
#8001 = LINE ( 'NONE', #7043, #6432 ) ;
#8002 = CIRCLE ( 'NONE', #5741, 0.1999999999999996503 ) ;
#8003 = ORIENTED_EDGE ( 'NONE', *, *, #2970, .F. ) ;
#8004 = CARTESIAN_POINT ( 'NONE',  ( 0.000000000000000000, 0.1000000000000002554, 0.05000000000099998065 ) ) ;
#8005 = CIRCLE ( 'NONE', #2477, 0.2000000000000000944 ) ;
#8006 = EDGE_CURVE ( 'NONE', #3182, #12676, #8360, .T. ) ;
#8007 = LINE ( 'NONE', #11790, #6271 ) ;
#8008 = LINE ( 'NONE', #11855, #8810 ) ;
#8009 = VERTEX_POINT ( 'NONE', #600 ) ;
#8010 = CARTESIAN_POINT ( 'NONE',  ( -4.169999999998999840, -3.891421356236999696, -0.2085786437620001377 ) ) ;
#8011 = CARTESIAN_POINT ( 'NONE',  ( -0.7896541949739999122, -1.618133817728000023, 0.05000000000099998065 ) ) ;
#8012 = EDGE_LOOP ( 'NONE', ( #11567, #12598, #9360, #9867, #4341 ) ) ;
#8013 = CYLINDRICAL_SURFACE ( 'NONE', #8444, 1.249999999999000133 ) ;
#8014 = FACE_OUTER_BOUND ( 'NONE', #2163, .T. ) ;
#8015 = DIRECTION ( 'NONE',  ( 0.000000000000000000, 0.000000000000000000, 1.000000000000000000 ) ) ;
#8016 = AXIS2_PLACEMENT_3D ( 'NONE', #8017, #7122, #124 ) ;
#8017 = CARTESIAN_POINT ( 'NONE',  ( 3.219999999998999662, 1.850000000000000089, 1.560000000000999920 ) ) ;
#8018 = VECTOR ( 'NONE', #5997, 1000.000000000000000 ) ;
#8019 = LINE ( 'NONE', #2055, #11401 ) ;
#8020 = AXIS2_PLACEMENT_3D ( 'NONE', #7537, #8435, #6574 ) ;
#8021 = DIRECTION ( 'NONE',  ( 0.000000000000000000, 3.491481338843000432E-15, -1.000000000000000000 ) ) ;
#8022 = DIRECTION ( 'NONE',  ( 0.000000000000000000, -1.000000000000000000, -3.491481338843000432E-15 ) ) ;
#8023 = VERTEX_POINT ( 'NONE', #4511 ) ;
#8024 = ORIENTED_EDGE ( 'NONE', *, *, #12247, .T. ) ;
#8025 = ADVANCED_FACE ( 'NONE', ( #5473 ), #8422, .T. ) ;
#8026 = DIRECTION ( 'NONE',  ( 1.000000000000000000, 0.000000000000000000, 0.000000000000000000 ) ) ;
#8027 = CARTESIAN_POINT ( 'NONE',  ( 2.524999999999999911, 0.1000000000000002554, 1.000068083900629290E-12 ) ) ;
#8028 = CARTESIAN_POINT ( 'NONE',  ( 1.616578761129999986, -1.446852102799000006, 0.05000000000099998065 ) ) ;
#8029 = DIRECTION ( 'NONE',  ( 0.000000000000000000, 3.491481338843000432E-15, -1.000000000000000000 ) ) ;
#8030 = AXIS2_PLACEMENT_3D ( 'NONE', #6186, #9846, #4009 ) ;
#8031 = DIRECTION ( 'NONE',  ( 0.000000000000000000, 3.491481338843000432E-15, -1.000000000000000000 ) ) ;
#8032 = CARTESIAN_POINT ( 'NONE',  ( -0.2926829268289999897, -1.498469051981999867, 0.07000000000100004005 ) ) ;
#8033 = DIRECTION ( 'NONE',  ( 0.000000000000000000, 3.491481338843000432E-15, -1.000000000000000000 ) ) ;
#8034 = LINE ( 'NONE', #8989, #10782 ) ;
#8035 = CARTESIAN_POINT ( 'NONE',  ( 1.025000000000000133, 0.9000000000000002442, 0.1000000000010001083 ) ) ;
#8036 = AXIS2_PLACEMENT_3D ( 'NONE', #11683, #7959, #6935 ) ;
#8037 = VECTOR ( 'NONE', #7293, 1000.000000000000000 ) ;
#8038 = EDGE_LOOP ( 'NONE', ( #11207, #1559, #3127, #28 ) ) ;
#8039 = CARTESIAN_POINT ( 'NONE',  ( 2.524999999999999911, 0.3783882181409999323, 0.8000000000009999113 ) ) ;
#8040 = EDGE_CURVE ( 'NONE', #1511, #8621, #10297, .T. ) ;
#8041 = EDGE_CURVE ( 'NONE', #4275, #6266, #11252, .T. ) ;
#8042 = CARTESIAN_POINT ( 'NONE',  ( 1.275000000000000133, 1.678388218141000365, 1.000068083900629290E-12 ) ) ;
#8043 = AXIS2_PLACEMENT_3D ( 'NONE', #6117, #11418, #9363 ) ;
#8044 = CARTESIAN_POINT ( 'NONE',  ( -0.7749999999990000443, 0.9000000000000002442, 0.1000000000010001083 ) ) ;
#8045 = CARTESIAN_POINT ( 'NONE',  ( -0.6789218193299999538, -0.7414702392339999060, 0.05000000000099998065 ) ) ;
#8046 = VERTEX_POINT ( 'NONE', #483 ) ;
#8047 = AXIS2_PLACEMENT_3D ( 'NONE', #7119, #3211, #7053 ) ;
#8048 = CARTESIAN_POINT ( 'NONE',  ( -4.169999999998999840, -3.467157287524999632, -0.5500000000000001554 ) ) ;
#8049 = VECTOR ( 'NONE', #8948, 1000.000000000000000 ) ;
#8050 = CARTESIAN_POINT ( 'NONE',  ( 1.224999999999999867, 0.6000000000000003109, 0.05000000000099998065 ) ) ;
#8051 = ORIENTED_EDGE ( 'NONE', *, *, #4587, .T. ) ;
#8052 = VERTEX_POINT ( 'NONE', #9262 ) ;
#8053 = DIRECTION ( 'NONE',  ( 0.000000000000000000, 3.491481338843000432E-15, -1.000000000000000000 ) ) ;
#8054 = VECTOR ( 'NONE', #6945, 1000.000000000000114 ) ;
#8055 = CARTESIAN_POINT ( 'NONE',  ( -1.525000000000000133, 1.800000000000000044, 0.05000000000099998065 ) ) ;
#8056 = VERTEX_POINT ( 'NONE', #12328 ) ;
#8057 = ADVANCED_FACE ( 'NONE', ( #3559 ), #8298, .F. ) ;
#8058 = VECTOR ( 'NONE', #7464, 1000.000000000000000 ) ;
#8059 = DIRECTION ( 'NONE',  ( -1.000000000000000000, 0.000000000000000000, 0.000000000000000000 ) ) ;
#8060 = ORIENTED_EDGE ( 'NONE', *, *, #5753, .F. ) ;
#8061 = VERTEX_POINT ( 'NONE', #7461 ) ;
#8062 = CARTESIAN_POINT ( 'NONE',  ( -0.4268292682919999637, -0.6082251495429997767, 0.05000000000099998065 ) ) ;
#8063 = LINE ( 'NONE', #7996, #3713 ) ;
#8064 = ORIENTED_EDGE ( 'NONE', *, *, #782, .F. ) ;
#8065 = CIRCLE ( 'NONE', #2933, 0.1499999999999999667 ) ;
#8066 = PLANE ( 'NONE',  #9829 ) ;
#8067 = ORIENTED_EDGE ( 'NONE', *, *, #10222, .F. ) ;
#8068 = CARTESIAN_POINT ( 'NONE',  ( -3.956545993131999950, 1.199999999999000089, 2.559999999999999609 ) ) ;
#8069 = CARTESIAN_POINT ( 'NONE',  ( -4.469999999998999662, 0.7000000000000000666, 1.100000000000999956 ) ) ;
#8070 = ORIENTED_EDGE ( 'NONE', *, *, #3285, .F. ) ;
#8071 = EDGE_CURVE ( 'NONE', #10528, #5450, #6377, .T. ) ;
#8072 = EDGE_LOOP ( 'NONE', ( #9582, #9215 ) ) ;
#8073 = LINE ( 'NONE', #10833, #277 ) ;
#8074 = CARTESIAN_POINT ( 'NONE',  ( -1.500000000000000000, -1.949999999999994404, 0.1000000000000000472 ) ) ;
#8075 = LINE ( 'NONE', #1406, #3296 ) ;
#8076 = ORIENTED_EDGE ( 'NONE', *, *, #2802, .F. ) ;
#8077 = DIRECTION ( 'NONE',  ( 0.000000000000000000, 1.000000000000000000, 3.523657060582293621E-15 ) ) ;
#8078 = LINE ( 'NONE', #11996, #11793 ) ;
#8079 = ORIENTED_EDGE ( 'NONE', *, *, #3690, .T. ) ;
#8080 = DIRECTION ( 'NONE',  ( 0.000000000000000000, -3.491481338843000432E-15, 1.000000000000000000 ) ) ;
#8081 = PLANE ( 'NONE',  #3302 ) ;
#8082 = FACE_OUTER_BOUND ( 'NONE', #10695, .T. ) ;
#8083 = CARTESIAN_POINT ( 'NONE',  ( 3.219999999998999662, 2.000000000000000444, -0.5499999999990000665 ) ) ;
#8084 = DIRECTION ( 'NONE',  ( -1.000000000000000000, 0.000000000000000000, 0.000000000000000000 ) ) ;
#8085 = EDGE_CURVE ( 'NONE', #10309, #5242, #3490, .T. ) ;
#8086 = CARTESIAN_POINT ( 'NONE',  ( -0.8229534399419998758, -1.620174216993999883, 0.07000000000100004005 ) ) ;
#8087 = DIRECTION ( 'NONE',  ( 1.000000000000000000, 0.000000000000000000, 0.000000000000000000 ) ) ;
#8088 = ADVANCED_FACE ( 'NONE', ( #7398 ), #1627, .T. ) ;
#8089 = ORIENTED_EDGE ( 'NONE', *, *, #12653, .F. ) ;
#8090 = ORIENTED_EDGE ( 'NONE', *, *, #10427, .T. ) ;
#8091 = CARTESIAN_POINT ( 'NONE',  ( 4.469999999998999662, 1.199999999999000089, 1.959999999999999964 ) ) ;
#8092 = CARTESIAN_POINT ( 'NONE',  ( 4.169999999998999840, 0.5000000000000000000, 1.300000000000999911 ) ) ;
#8093 = VERTEX_POINT ( 'NONE', #666 ) ;
#8094 = DIRECTION ( 'NONE',  ( 1.000000000000000000, -5.421010862426999550E-16, -1.892735826383000338E-30 ) ) ;
#8095 = CARTESIAN_POINT ( 'NONE',  ( 1.626905487803999906, -1.486273930030999946, 0.07000000000100004005 ) ) ;
#8096 = LINE ( 'NONE', #10092, #1500 ) ;
#8097 = VECTOR ( 'NONE', #3446, 1000.000000000000000 ) ;
#8098 = DIRECTION ( 'NONE',  ( -5.421010862426999550E-16, 1.000000000000000000, 3.491481338843000432E-15 ) ) ;
#8099 = CARTESIAN_POINT ( 'NONE',  ( 1.109756097560000043, -1.120801369054999830, 0.05000000000099998065 ) ) ;
#8100 = EDGE_CURVE ( 'NONE', #1725, #2231, #4576, .T. ) ;
#8101 = VECTOR ( 'NONE', #7532, 1000.000000000000000 ) ;
#8102 = CARTESIAN_POINT ( 'NONE',  ( -1.152269957355999797, -1.370327147261999778, 0.07000000000100004005 ) ) ;
#8103 = ORIENTED_EDGE ( 'NONE', *, *, #478, .F. ) ;
#8104 = FACE_BOUND ( 'NONE', #3199, .T. ) ;
#8105 = EDGE_LOOP ( 'NONE', ( #8373, #11870, #8840, #8339 ) ) ;
#8106 = CARTESIAN_POINT ( 'NONE',  ( -1.774999999999000044, 0.9000000000000002442, 0.1000000000010001083 ) ) ;
#8107 = AXIS2_PLACEMENT_3D ( 'NONE', #11305, #9370, #5583 ) ;
#8108 = PLANE ( 'NONE',  #8803 ) ;
#8109 = LINE ( 'NONE', #7330, #2783 ) ;
#8110 = B_SPLINE_SURFACE_WITH_KNOTS ( 'NONE', 3, 1, ( 
 ( #7163, #5050 ),
 ( #9023, #8957 ),
 ( #11088, #167 ),
 ( #4284, #4090 ),
 ( #8189, #7998 ),
 ( #12106, #235 ),
 ( #11917, #3323 ),
 ( #4157, #1586 ),
 ( #11212, #617 ),
 ( #3510, #4406 ),
 ( #5367, #11395 ) ),
 .UNSPECIFIED., .F., .F., .F.,
 ( 4, 1, 1, 1, 1, 1, 1, 1, 4 ),
 ( 2, 2 ),
 ( 0.000000000000000000, 0.1352946047629999815, 0.2667656579239999770, 0.3948160188350000044, 0.5200516544339999214, 0.6421757029699999286, 0.7626518205579999599, 0.8818340043800000361, 1.000000000000000000 ),
 ( 0.000000000000000000, 1.000000000000000000 ),
 .UNSPECIFIED. ) ;
#8111 = DIRECTION ( 'NONE',  ( 0.000000000000000000, 1.000000000000000000, 3.491481338843000432E-15 ) ) ;
#8112 = EDGE_CURVE ( 'NONE', #1337, #1740, #4509, .T. ) ;
#8113 = LINE ( 'NONE', #3247, #9620 ) ;
#8114 = ORIENTED_EDGE ( 'NONE', *, *, #3796, .F. ) ;
#8115 = AXIS2_PLACEMENT_3D ( 'NONE', #2942, #12613, #1727 ) ;
#8116 = ORIENTED_EDGE ( 'NONE', *, *, #6597, .T. ) ;
#8117 = AXIS2_PLACEMENT_3D ( 'NONE', #10094, #10932, #1175 ) ;
#8118 = CARTESIAN_POINT ( 'NONE',  ( -3.802935611250015224, 1.865793050484336746, 2.710124065732479437 ) ) ;
#8119 = AXIS2_PLACEMENT_3D ( 'NONE', #5455, #2509, #8525 ) ;
#8120 = DIRECTION ( 'NONE',  ( 0.000000000000000000, -3.491481338843000432E-15, 1.000000000000000000 ) ) ;
#8121 = ORIENTED_EDGE ( 'NONE', *, *, #11497, .F. ) ;
#8122 = CARTESIAN_POINT ( 'NONE',  ( 0.000000000000000000, 0.1000000000000002554, 0.05000000000099998065 ) ) ;
#8123 = ORIENTED_EDGE ( 'NONE', *, *, #11372, .T. ) ;
#8124 = AXIS2_PLACEMENT_3D ( 'NONE', #2441, #2567, #11417 ) ;
#8125 = AXIS2_PLACEMENT_3D ( 'NONE', #5198, #8149, #2192 ) ;
#8126 = ORIENTED_EDGE ( 'NONE', *, *, #1246, .F. ) ;
#8127 = CARTESIAN_POINT ( 'NONE',  ( -1.774999999999000044, 0.6000000000000003109, 0.05000000000099998065 ) ) ;
#8128 = ADVANCED_FACE ( 'NONE', ( #9323 ), #541, .F. ) ;
#8129 = CARTESIAN_POINT ( 'NONE',  ( -5.750624847485999780, 1.199999999999000089, 1.859999999999999876 ) ) ;
#8130 = ORIENTED_EDGE ( 'NONE', *, *, #11975, .F. ) ;
#8131 = CARTESIAN_POINT ( 'NONE',  ( -4.169999999998999840, 0.6000000000000003109, 0.05000000000099998065 ) ) ;
#8132 = ORIENTED_EDGE ( 'NONE', *, *, #7795, .F. ) ;
#8133 = CARTESIAN_POINT ( 'NONE',  ( -0.6496072608750000921, -0.7542333276209999271, 0.07000000000100004005 ) ) ;
#8134 = LINE ( 'NONE', #9159, #2729 ) ;
#8135 =( GEOMETRIC_REPRESENTATION_CONTEXT ( 3 ) GLOBAL_UNCERTAINTY_ASSIGNED_CONTEXT ( ( #4243 ) ) GLOBAL_UNIT_ASSIGNED_CONTEXT ( ( #7155, #7031, #93 ) ) REPRESENTATION_CONTEXT ( 'NONE', 'WORKASPACE' ) );
#8136 = VERTEX_POINT ( 'NONE', #2386 ) ;
#8137 = VERTEX_POINT ( 'NONE', #12135 ) ;
#8138 = CARTESIAN_POINT ( 'NONE',  ( -2.999999999998999911, -5.299999999998999733, 1.629999999999988125 ) ) ;
#8139 = PLANE ( 'NONE',  #8730 ) ;
#8140 = CARTESIAN_POINT ( 'NONE',  ( 3.500000000000000000, -1.949999999999994404, 0.1000000000000000472 ) ) ;
#8141 = EDGE_LOOP ( 'NONE', ( #7109, #2761, #3694, #5523, #12461, #11792, #6829, #12421, #7014 ) ) ;
#8142 = CARTESIAN_POINT ( 'NONE',  ( -0.2749999999989999888, 0.6000000000000003109, 0.1000000000010001083 ) ) ;
#8143 = ORIENTED_EDGE ( 'NONE', *, *, #3397, .T. ) ;
#8144 = LINE ( 'NONE', #10912, #5777 ) ;
#8145 = ADVANCED_FACE ( 'NONE', ( #394 ), #1365, .F. ) ;
#8146 = CARTESIAN_POINT ( 'NONE',  ( -3.725000000000000089, 0.7999999999999999334, -0.5499999999990000665 ) ) ;
#8147 = DIRECTION ( 'NONE',  ( -1.000000000000000000, 0.000000000000000000, 0.000000000000000000 ) ) ;
#8148 = DIRECTION ( 'NONE',  ( 1.000000000000000000, 0.000000000000000000, 0.000000000000000000 ) ) ;
#8149 = DIRECTION ( 'NONE',  ( 1.000000000000000000, 0.000000000000000000, 0.000000000000000000 ) ) ;
#8150 = CARTESIAN_POINT ( 'NONE',  ( -0.7249999999989999999, 2.200000000000000178, 1.000068083900629290E-12 ) ) ;
#8151 = ADVANCED_FACE ( 'NONE', ( #4189 ), #7257, .T. ) ;
#8152 = VERTEX_POINT ( 'NONE', #8985 ) ;
#8153 = EDGE_LOOP ( 'NONE', ( #6383, #129, #7304, #8962 ) ) ;
#8154 = DIRECTION ( 'NONE',  ( 0.000000000000000000, 1.000000000000000000, 3.523657060577889805E-15 ) ) ;
#8155 = CARTESIAN_POINT ( 'NONE',  ( -4.169999999998999840, 1.350000000000000089, 0.3500000000010001222 ) ) ;
#8156 = VECTOR ( 'NONE', #9081, 1000.000000000000000 ) ;
#8157 = VERTEX_POINT ( 'NONE', #9243 ) ;
#8158 = DIRECTION ( 'NONE',  ( 1.000000000000000000, 0.000000000000000000, 0.000000000000000000 ) ) ;
#8159 = EDGE_CURVE ( 'NONE', #4640, #6084, #3355, .T. ) ;
#8160 = CARTESIAN_POINT ( 'NONE',  ( -4.469999999998999662, 2.000000000000000444, 1.709999999999999964 ) ) ;
#8161 = ADVANCED_FACE ( 'NONE', ( #2326 ), #11875, .T. ) ;
#8162 = DIRECTION ( 'NONE',  ( -1.000000000000000000, 0.000000000000000000, 0.000000000000000000 ) ) ;
#8163 = EDGE_CURVE ( 'NONE', #9405, #4130, #463, .T. ) ;
#8164 = LINE ( 'NONE', #401, #1856 ) ;
#8165 = DIRECTION ( 'NONE',  ( 1.000000000000000000, 0.000000000000000000, 0.000000000000000000 ) ) ;
#8166 = DIRECTION ( 'NONE',  ( 0.000000000000000000, 1.000000000000000000, 3.491481338843000432E-15 ) ) ;
#8167 = ORIENTED_EDGE ( 'NONE', *, *, #4747, .F. ) ;
#8168 = CARTESIAN_POINT ( 'NONE',  ( 1.224999999999999867, 0.9000000000000002442, 1.000068083900629290E-12 ) ) ;
#8169 = DIRECTION ( 'NONE',  ( 0.000000000000000000, -2.891205793294000202E-15, 1.000000000000000000 ) ) ;
#8170 = EDGE_CURVE ( 'NONE', #12120, #4089, #10151, .T. ) ;
#8171 = CARTESIAN_POINT ( 'NONE',  ( -0.2249999999989999999, 1.678388218141000365, 1.000068083900629290E-12 ) ) ;
#8172 = DIRECTION ( 'NONE',  ( 0.000000000000000000, 1.000000000000000000, 3.790571593321000372E-15 ) ) ;
#8173 = LINE ( 'NONE', #7916, #9871 ) ;
#8174 = CARTESIAN_POINT ( 'NONE',  ( 2.774999999999999911, 2.200000000000000178, 1.000068083900629290E-12 ) ) ;
#8175 = CYLINDRICAL_SURFACE ( 'NONE', #2461, 0.7999999999999999334 ) ;
#8176 = ORIENTED_EDGE ( 'NONE', *, *, #9379, .F. ) ;
#8177 = ORIENTED_EDGE ( 'NONE', *, *, #12523, .F. ) ;
#8178 = FACE_OUTER_BOUND ( 'NONE', #12433, .T. ) ;
#8179 = CARTESIAN_POINT ( 'NONE',  ( -4.453896267925000707, -0.2999999999999999334, 1.100000000000999956 ) ) ;
#8180 = VERTEX_POINT ( 'NONE', #4377 ) ;
#8181 = ADVANCED_FACE ( 'NONE', ( #11952, #7068, #5275, #8222, #5331, #2134 ), #10928, .T. ) ;
#8182 = CARTESIAN_POINT ( 'NONE',  ( 0.9752819755150000658, -1.133264022484999911, 0.07000000000100004005 ) ) ;
#8183 = ORIENTED_EDGE ( 'NONE', *, *, #4563, .F. ) ;
#8184 = ORIENTED_EDGE ( 'NONE', *, *, #4770, .T. ) ;
#8185 = CARTESIAN_POINT ( 'NONE',  ( -0.7749999999990000443, 0.1000000000000002554, 0.05000000000099998065 ) ) ;
#8186 = FACE_OUTER_BOUND ( 'NONE', #1766, .T. ) ;
#8187 = AXIS2_PLACEMENT_3D ( 'NONE', #1178, #7769, #5083 ) ;
#8188 = ORIENTED_EDGE ( 'NONE', *, *, #3752, .F. ) ;
#8189 = CARTESIAN_POINT ( 'NONE',  ( -0.7736133171459999014, -0.7142934605549998706, 0.07000000000100004005 ) ) ;
#8190 = ORIENTED_EDGE ( 'NONE', *, *, #2038, .F. ) ;
#8191 = DIRECTION ( 'NONE',  ( 0.000000000000000000, 1.000000000000000000, 3.491481338843000432E-15 ) ) ;
#8192 = DIRECTION ( 'NONE',  ( -5.421010862426999550E-16, 1.000000000000000000, 3.491481338843000432E-15 ) ) ;
#8193 = VERTEX_POINT ( 'NONE', #10217 ) ;
#8194 = ORIENTED_EDGE ( 'NONE', *, *, #7328, .F. ) ;
#8195 = DIRECTION ( 'NONE',  ( 0.000000000000000000, 1.000000000000000000, 3.641026466082000599E-15 ) ) ;
#8196 = CARTESIAN_POINT ( 'NONE',  ( 4.469999999998999662, 1.199999999999000089, 1.859999999999999876 ) ) ;
#8197 = EDGE_CURVE ( 'NONE', #8523, #12246, #6154, .T. ) ;
#8198 = EDGE_CURVE ( 'NONE', #4461, #3578, #12015, .T. ) ;
#8199 = DIRECTION ( 'NONE',  ( 0.000000000000000000, -3.252606517456000542E-15, 1.000000000000000000 ) ) ;
#8200 = AXIS2_PLACEMENT_3D ( 'NONE', #9102, #4172, #8077 ) ;
#8201 = EDGE_CURVE ( 'NONE', #2604, #11211, #2201, .T. ) ;
#8202 = EDGE_LOOP ( 'NONE', ( #4289, #4684, #3715, #3575 ) ) ;
#8203 = DIRECTION ( 'NONE',  ( 0.000000000000000000, 0.000000000000000000, 1.000000000000000000 ) ) ;
#8204 = VECTOR ( 'NONE', #3370, 1000.000000000000000 ) ;
#8205 = VERTEX_POINT ( 'NONE', #5142 ) ;
#8206 = DIRECTION ( 'NONE',  ( 0.000000000000000000, 1.000000000000000000, 3.491481338843000432E-15 ) ) ;
#8207 = CARTESIAN_POINT ( 'NONE',  ( -1.224999999999000000, 2.200000000000000178, 0.1000000000010001083 ) ) ;
#8208 = FACE_OUTER_BOUND ( 'NONE', #436, .T. ) ;
#8209 = VECTOR ( 'NONE', #9590, 1000.000000000000000 ) ;
#8210 = CARTESIAN_POINT ( 'NONE',  ( -4.169999999998999840, 0.6000000000000003109, 0.1000000000010001083 ) ) ;
#8211 = DIRECTION ( 'NONE',  ( 0.000000000000000000, -3.491481338843000432E-15, 1.000000000000000000 ) ) ;
#8212 = VECTOR ( 'NONE', #8033, 1000.000000000000000 ) ;
#8213 = CARTESIAN_POINT ( 'NONE',  ( -0.7276656665049999750, -1.610753487273999918, 0.07000000000100004005 ) ) ;
#8214 = PRESENTATION_STYLE_ASSIGNMENT (( #258 ) ) ;
#8215 = AXIS2_PLACEMENT_3D ( 'NONE', #11362, #8471, #4619 ) ;
#8216 = VERTEX_POINT ( 'NONE', #11052 ) ;
#8217 = ORIENTED_EDGE ( 'NONE', *, *, #10823, .F. ) ;
#8218 = CYLINDRICAL_SURFACE ( 'NONE', #2984, 0.2000000000000000944 ) ;
#8219 = ADVANCED_FACE ( 'NONE', ( #9053 ), #269, .T. ) ;
#8220 = CARTESIAN_POINT ( 'NONE',  ( 0.2250000000000000056, 0.9000000000000002442, 0.1000000000010001083 ) ) ;
#8221 = ORIENTED_EDGE ( 'NONE', *, *, #10618, .F. ) ;
#8222 = FACE_BOUND ( 'NONE', #6064, .T. ) ;
#8223 = AXIS2_PLACEMENT_3D ( 'NONE', #451, #8392, #5445 ) ;
#8224 = DIRECTION ( 'NONE',  ( -1.000000000000000000, 0.000000000000000000, 0.000000000000000000 ) ) ;
#8225 = AXIS2_PLACEMENT_3D ( 'NONE', #5622, #3898, #5880 ) ;
#8226 = CARTESIAN_POINT ( 'NONE',  ( -4.169999999998999840, 1.800000000000000044, -0.5499999999990000665 ) ) ;
#8227 = DIRECTION ( 'NONE',  ( 0.000000000000000000, -1.000000000000000000, -3.491481338843000432E-15 ) ) ;
#8228 = CYLINDRICAL_SURFACE ( 'NONE', #1965, 0.7999999999999999334 ) ;
#8229 = CARTESIAN_POINT ( 'NONE',  ( -4.169999999998999840, 0.6000000000000003109, 0.1000000000010001083 ) ) ;
#8230 = VERTEX_POINT ( 'NONE', #1303 ) ;
#8231 = CARTESIAN_POINT ( 'NONE',  ( 4.470362222485157133, -0.2048177493088947920, 1.278204672946905873 ) ) ;
#8232 = EDGE_CURVE ( 'NONE', #5927, #1164, #12074, .T. ) ;
#8233 = EDGE_CURVE ( 'NONE', #10182, #3688, #2666, .T. ) ;
#8234 = AXIS2_PLACEMENT_3D ( 'NONE', #12275, #7411, #11331 ) ;
#8235 = LINE ( 'NONE', #4133, #6944 ) ;
#8236 = FACE_OUTER_BOUND ( 'NONE', #523, .T. ) ;
#8237 = CARTESIAN_POINT ( 'NONE',  ( 3.399999999998999822, 0.000000000000000000, -0.4999999999989999666 ) ) ;
#8238 = CARTESIAN_POINT ( 'NONE',  ( -3.924999999998999733, 0.9000000000000002442, -0.8662277660160003778 ) ) ;
#8239 = CARTESIAN_POINT ( 'NONE',  ( 1.724999999999999867, 0.1000000000000002554, 1.000068083900629290E-12 ) ) ;
#8240 = VECTOR ( 'NONE', #8031, 1000.000000000000000 ) ;
#8241 = ORIENTED_EDGE ( 'NONE', *, *, #12151, .F. ) ;
#8242 = ORIENTED_EDGE ( 'NONE', *, *, #6504, .T. ) ;
#8243 = DIRECTION ( 'NONE',  ( 0.000000000000000000, 3.491481338843000432E-15, -1.000000000000000000 ) ) ;
#8244 = EDGE_CURVE ( 'NONE', #6393, #8046, #201, .T. ) ;
#8245 = DIRECTION ( 'NONE',  ( -5.421010862426999550E-16, -1.000000000000000000, -3.491481338843000432E-15 ) ) ;
#8246 = ORIENTED_EDGE ( 'NONE', *, *, #2269, .T. ) ;
#8247 = AXIS2_PLACEMENT_3D ( 'NONE', #8039, #6053, #8994 ) ;
#8248 = LINE ( 'NONE', #6196, #980 ) ;
#8249 = ORIENTED_EDGE ( 'NONE', *, *, #12416, .T. ) ;
#8250 = VECTOR ( 'NONE', #2949, 1000.000000000000000 ) ;
#8251 = VECTOR ( 'NONE', #10236, 1000.000000000000000 ) ;
#8252 = VERTEX_POINT ( 'NONE', #3215 ) ;
#8253 = LINE ( 'NONE', #12404, #3726 ) ;
#8254 = CARTESIAN_POINT ( 'NONE',  ( 0.2250000000000000056, 0.1000000000000002554, 0.1000000000010001083 ) ) ;
#8255 = ORIENTED_EDGE ( 'NONE', *, *, #222, .F. ) ;
#8256 = CARTESIAN_POINT ( 'NONE',  ( 3.500000000000000000, -1.300000000000000044, 1.280000000000999894 ) ) ;
#8257 = ORIENTED_EDGE ( 'NONE', *, *, #9481, .F. ) ;
#8258 = CARTESIAN_POINT ( 'NONE',  ( -4.469999999998999662, -2.449999999998999645, -0.06715728752500009502 ) ) ;
#8259 = ADVANCED_FACE ( 'NONE', ( #8082 ), #1288, .T. ) ;
#8260 = FACE_OUTER_BOUND ( 'NONE', #5087, .T. ) ;
#8261 = AXIS2_PLACEMENT_3D ( 'NONE', #931, #8750, #4777 ) ;
#8262 = ORIENTED_EDGE ( 'NONE', *, *, #6217, .F. ) ;
#8263 = CARTESIAN_POINT ( 'NONE',  ( -1.525000000000000133, 1.800000000000000044, -0.5499999999990000665 ) ) ;
#8264 = DIRECTION ( 'NONE',  ( 0.000000000000000000, 1.000000000000000000, 3.491481338843000432E-15 ) ) ;
#8265 = CARTESIAN_POINT ( 'NONE',  ( 0.2250000000000000056, 0.9000000000000002442, 0.1000000000010001083 ) ) ;
#8266 = ORIENTED_EDGE ( 'NONE', *, *, #711, .T. ) ;
#8267 = CARTESIAN_POINT ( 'NONE',  ( 4.219999999998999662, 1.349999999999000000, 2.709999999999999520 ) ) ;
#8268 = ORIENTED_EDGE ( 'NONE', *, *, #7098, .F. ) ;
#8269 = CARTESIAN_POINT ( 'NONE',  ( -4.469999999999999751, -0.2999999999999999334, 1.300000000000999911 ) ) ;
#8270 = VECTOR ( 'NONE', #11593, 1000.000000000000000 ) ;
#8271 = CARTESIAN_POINT ( 'NONE',  ( -1.224999999999000000, 1.678388218141000365, 0.8000000000009999113 ) ) ;
#8272 = LINE ( 'NONE', #12182, #6662 ) ;
#8273 = CARTESIAN_POINT ( 'NONE',  ( 4.469999999998999662, -2.449999999998999645, 1.300000000000000044 ) ) ;
#8274 = CYLINDRICAL_SURFACE ( 'NONE', #723, 0.1499999999989998778 ) ;
#8275 = EDGE_CURVE ( 'NONE', #10050, #7252, #11105, .T. ) ;
#8276 = EDGE_CURVE ( 'NONE', #12070, #8814, #10977, .T. ) ;
#8277 = CARTESIAN_POINT ( 'NONE',  ( -0.7579069178460000611, -1.615250109009999990, 0.07000000000100004005 ) ) ;
#8278 = FACE_OUTER_BOUND ( 'NONE', #366, .T. ) ;
#8279 = ORIENTED_EDGE ( 'NONE', *, *, #4799, .T. ) ;
#8280 = ORIENTED_EDGE ( 'NONE', *, *, #8975, .F. ) ;
#8281 = CARTESIAN_POINT ( 'NONE',  ( 0.000000000000000000, 1.400000000000000133, 0.05000000000099998065 ) ) ;
#8282 = LINE ( 'NONE', #7377, #10870 ) ;
#8283 = ORIENTED_EDGE ( 'NONE', *, *, #69, .T. ) ;
#8284 = CARTESIAN_POINT ( 'NONE',  ( 1.073507656070000094, -1.321028991337000136, 0.05000000000099998065 ) ) ;
#8285 = DIRECTION ( 'NONE',  ( -1.000000000000000000, 0.000000000000000000, 0.000000000000000000 ) ) ;
#8286 = CARTESIAN_POINT ( 'NONE',  ( -3.399999999998999822, 0.000000000000000000, -0.4999999999989999666 ) ) ;
#8287 = CARTESIAN_POINT ( 'NONE',  ( 1.642339939023999884, -1.416151978810999967, 0.05000000000099998065 ) ) ;
#8288 = CARTESIAN_POINT ( 'NONE',  ( -5.750624847485999780, 1.999999999999000355, 2.709999999999999520 ) ) ;
#8289 = EDGE_CURVE ( 'NONE', #12113, #4840, #5129, .T. ) ;
#8290 = LINE ( 'NONE', #8035, #9008 ) ;
#8291 = ORIENTED_EDGE ( 'NONE', *, *, #7447, .T. ) ;
#8292 = ORIENTED_EDGE ( 'NONE', *, *, #3428, .T. ) ;
#8293 = CARTESIAN_POINT ( 'NONE',  ( 1.724999999999999867, 0.6000000000000003109, 0.3500000000010001222 ) ) ;
#8294 = FACE_OUTER_BOUND ( 'NONE', #2299, .T. ) ;
#8295 = AXIS2_PLACEMENT_3D ( 'NONE', #1633, #7405, #8430 ) ;
#8296 = DIRECTION ( 'NONE',  ( 0.000000000000000000, -3.491481338843000432E-15, 1.000000000000000000 ) ) ;
#8297 = EDGE_CURVE ( 'NONE', #7501, #2968, #10914, .T. ) ;
#8298 = PLANE ( 'NONE',  #2059 ) ;
#8299 = EDGE_CURVE ( 'NONE', #5959, #6585, #12001, .T. ) ;
#8300 = ORIENTED_EDGE ( 'NONE', *, *, #8812, .F. ) ;
#8301 = ORIENTED_EDGE ( 'NONE', *, *, #6424, .T. ) ;
#8302 = DIRECTION ( 'NONE',  ( -5.421010862426999550E-16, 1.000000000000000000, 0.000000000000000000 ) ) ;
#8303 = VERTEX_POINT ( 'NONE', #1026 ) ;
#8304 = CIRCLE ( 'NONE', #2765, 0.9499999999990003108 ) ;
#8305 = CARTESIAN_POINT ( 'NONE',  ( 1.623666158535999937, -1.486273930030999946, 0.05000000000099998065 ) ) ;
#8306 = VERTEX_POINT ( 'NONE', #11041 ) ;
#8307 = ADVANCED_FACE ( 'NONE', ( #9883 ), #10076, .T. ) ;
#8308 = ORIENTED_EDGE ( 'NONE', *, *, #10901, .F. ) ;
#8309 = CARTESIAN_POINT ( 'NONE',  ( 4.169999999998999840, 1.800000000000000044, -0.3499999999989999999 ) ) ;
#8310 = AXIS2_PLACEMENT_3D ( 'NONE', #7533, #3629, #8727 ) ;
#8311 = VECTOR ( 'NONE', #8634, 1000.000000000000000 ) ;
#8312 = EDGE_CURVE ( 'NONE', #12311, #12044, #7121, .T. ) ;
#8313 = CARTESIAN_POINT ( 'NONE',  ( 0.4749999999999999778, 1.800000000000000044, -0.5499999999990000665 ) ) ;
#8314 = EDGE_CURVE ( 'NONE', #10547, #7153, #7181, .T. ) ;
#8315 = VECTOR ( 'NONE', #4538, 1000.000000000000000 ) ;
#8316 = ORIENTED_EDGE ( 'NONE', *, *, #6665, .T. ) ;
#8317 = CARTESIAN_POINT ( 'NONE',  ( 3.220000000000000195, -5.899999999998999378, 0.04999999999999991257 ) ) ;
#8318 = ORIENTED_EDGE ( 'NONE', *, *, #5218, .T. ) ;
#8319 = CARTESIAN_POINT ( 'NONE',  ( -4.469999999998999662, -0.2999999999999999334, 1.100000000000999956 ) ) ;
#8320 = DIRECTION ( 'NONE',  ( 0.000000000000000000, 1.000000000000000000, 3.491481338843000432E-15 ) ) ;
#8321 = B_SPLINE_CURVE_WITH_KNOTS ( 'NONE', 3,
 ( #8068, #10126, #303, #3137, #6141, #4990, #1335, #104, #4223, #5179, #11986, #169 ),
 .UNSPECIFIED., .F., .F.,
 ( 4, 2, 2, 2, 2, 4 ),
 ( 0.000000000000000000, 0.2500000000000016653, 0.5000000000000033307, 0.6250000000000023315, 0.7500000000000014433, 1.000000000000000000 ),
 .UNSPECIFIED. ) ;
#8322 = ORIENTED_EDGE ( 'NONE', *, *, #11086, .F. ) ;
#8324 = DIRECTION ( 'NONE',  ( 0.000000000000000000, -1.000000000000000000, -3.641026466082000599E-15 ) ) ;
#8323 = AXIS2_PLACEMENT_3D ( 'NONE', #5851, #979, #4886 ) ;
#8325 = CARTESIAN_POINT ( 'NONE',  ( -4.169999999998999840, 0.6000000000000003109, 0.05000000000099998065 ) ) ;
#8326 = DIRECTION ( 'NONE',  ( -1.000000000000000000, 0.000000000000000000, 0.000000000000000000 ) ) ;
#8327 = ORIENTED_EDGE ( 'NONE', *, *, #1986, .F. ) ;
#8328 = CONICAL_SURFACE ( 'NONE', #5258, 0.1499999999999999944, 0.7853981633970000820 ) ;
#8329 = CARTESIAN_POINT ( 'NONE',  ( -2.024999999999999911, 1.400000000000000133, 1.000068083900629290E-12 ) ) ;
#8330 = ADVANCED_FACE ( 'NONE', ( #6223 ), #5196, .T. ) ;
#8331 = ORIENTED_EDGE ( 'NONE', *, *, #8276, .F. ) ;
#8332 = CARTESIAN_POINT ( 'NONE',  ( 4.169999999998999840, -3.749999999998999911, -0.06715728752500009502 ) ) ;
#8333 = CARTESIAN_POINT ( 'NONE',  ( -0.8971036585359999371, -0.5960300275919998558, 0.07000000000100004005 ) ) ;
#8334 = DIRECTION ( 'NONE',  ( 0.000000000000000000, 1.000000000000000000, 3.491481338843000432E-15 ) ) ;
#8335 = CARTESIAN_POINT ( 'NONE',  ( 0.8687948164700000087, -1.403504788543999959, 0.05000000000099998065 ) ) ;
#8336 = CARTESIAN_POINT ( 'NONE',  ( -3.219999999998999662, 1.799999999998999956, 2.660000000000000142 ) ) ;
#8337 = LINE ( 'NONE', #6348, #3408 ) ;
#8338 = LINE ( 'NONE', #11353, #3566 ) ;
#8339 = ORIENTED_EDGE ( 'NONE', *, *, #8977, .F. ) ;
#8340 = ORIENTED_EDGE ( 'NONE', *, *, #477, .F. ) ;
#8341 = FACE_OUTER_BOUND ( 'NONE', #12572, .T. ) ;
#8342 = CARTESIAN_POINT ( 'NONE',  ( 1.025000000000000133, 0.6000000000000003109, 0.3500000000010001222 ) ) ;
#8343 = ORIENTED_EDGE ( 'NONE', *, *, #11400, .F. ) ;
#8344 = CARTESIAN_POINT ( 'NONE',  ( 1.109756097560000043, -1.120801369054999830, 0.05000000000099998065 ) ) ;
#8345 = EDGE_CURVE ( 'NONE', #1610, #4840, #8847, .T. ) ;
#8346 = FACE_OUTER_BOUND ( 'NONE', #11728, .T. ) ;
#8347 = CARTESIAN_POINT ( 'NONE',  ( 0.3048780487799999661, -1.608225149542999999, 0.05000000000099998065 ) ) ;
#8348 = CARTESIAN_POINT ( 'NONE',  ( -1.007191975557999886, -1.483514978325000122, 0.05000000000099998065 ) ) ;
#8349 = DIRECTION ( 'NONE',  ( 0.000000000000000000, -1.000000000000000000, -3.523657060582293621E-15 ) ) ;
#8350 = CARTESIAN_POINT ( 'NONE',  ( -1.044919053397999953, -0.6141753809980000645, 0.07000000000100004005 ) ) ;
#8351 = AXIS2_PLACEMENT_3D ( 'NONE', #6627, #6509, #1517 ) ;
#8352 = VERTEX_POINT ( 'NONE', #1219 ) ;
#8353 = ORIENTED_EDGE ( 'NONE', *, *, #9888, .F. ) ;
#8354 = CARTESIAN_POINT ( 'NONE',  ( 1.025000000000000133, 0.6000000000000003109, 0.1000000000010001083 ) ) ;
#8355 = EDGE_CURVE ( 'NONE', #751, #6520, #8909, .T. ) ;
#8356 = EDGE_CURVE ( 'NONE', #3831, #1527, #3982, .T. ) ;
#8357 = EDGE_CURVE ( 'NONE', #727, #8303, #3686, .T. ) ;
#8358 = DIRECTION ( 'NONE',  ( 0.000000000000000000, 3.491481338843000432E-15, -1.000000000000000000 ) ) ;
#8359 = CARTESIAN_POINT ( 'NONE',  ( -4.469999999998999662, 1.349999999999000000, 2.709999999999999520 ) ) ;
#8360 = LINE ( 'NONE', #10354, #3079 ) ;
#8361 = VERTEX_POINT ( 'NONE', #9948 ) ;
#8362 = ADVANCED_FACE ( 'NONE', ( #1158 ), #5067, .T. ) ;
#8363 = VERTEX_POINT ( 'NONE', #6097 ) ;
#8364 = CARTESIAN_POINT ( 'NONE',  ( -4.469999999998999662, 0.7000000000000000666, -0.3499999999989999999 ) ) ;
#8365 = VERTEX_POINT ( 'NONE', #252 ) ;
#8366 = FACE_OUTER_BOUND ( 'NONE', #7157, .T. ) ;
#8367 = ADVANCED_FACE ( 'NONE', ( #4178 ), #510, .F. ) ;
#8368 = CARTESIAN_POINT ( 'NONE',  ( 0.8940383648959998597, -1.378195216146000046, 0.07000000000100004005 ) ) ;
#8369 = ORIENTED_EDGE ( 'NONE', *, *, #8783, .T. ) ;
#8370 = ORIENTED_EDGE ( 'NONE', *, *, #9002, .F. ) ;
#8371 = CARTESIAN_POINT ( 'NONE',  ( 0.7249999999999999778, 0.9000000000000002442, 1.000068083900629290E-12 ) ) ;
#8372 = PLANE ( 'NONE',  #6979 ) ;
#8373 = ORIENTED_EDGE ( 'NONE', *, *, #52, .F. ) ;
#8374 = EDGE_CURVE ( 'NONE', #11977, #4660, #1479, .T. ) ;
#8375 = CARTESIAN_POINT ( 'NONE',  ( 4.169999999998999840, 2.000000000000000444, 1.560000000000999920 ) ) ;
#8376 = ORIENTED_EDGE ( 'NONE', *, *, #7661, .T. ) ;
#8377 = CARTESIAN_POINT ( 'NONE',  ( -0.8455835410219999515, -1.510504633337000024, 0.07000000000100004005 ) ) ;
#8378 = VECTOR ( 'NONE', #11924, 1000.000000000000000 ) ;
#8379 = LINE ( 'NONE', #1649, #8037 ) ;
#8380 = ORIENTED_EDGE ( 'NONE', *, *, #4072, .F. ) ;
#8381 = CARTESIAN_POINT ( 'NONE',  ( -0.6763190406260000120, -1.474917160155999829, 0.07000000000100004005 ) ) ;
#8382 = DIRECTION ( 'NONE',  ( 1.000000000000000000, 0.000000000000000000, 0.000000000000000000 ) ) ;
#8383 = EDGE_CURVE ( 'NONE', #2444, #4226, #1537, .T. ) ;
#8384 = PLANE ( 'NONE',  #3492 ) ;
#8385 = ORIENTED_EDGE ( 'NONE', *, *, #6889, .F. ) ;
#8386 = CARTESIAN_POINT ( 'NONE',  ( -0.6299113430219999143, -1.584017314782999897, 0.05000000000099998065 ) ) ;
#8387 = ORIENTED_EDGE ( 'NONE', *, *, #11926, .F. ) ;
#8388 = VECTOR ( 'NONE', #8569, 1000.000000000000000 ) ;
#8389 = LINE ( 'NONE', #2678, #1499 ) ;
#8390 = LINE ( 'NONE', #8567, #11284 ) ;
#8391 = DIRECTION ( 'NONE',  ( 0.000000000000000000, 3.491481338843000432E-15, -1.000000000000000000 ) ) ;
#8392 = DIRECTION ( 'NONE',  ( 3.140195167994999834E-14, 6.038327117148999429E-14, -1.000000000000000000 ) ) ;
#8393 = LINE ( 'NONE', #9480, #5837 ) ;
#8394 = DIRECTION ( 'NONE',  ( 0.2588190451020520033, -3.746661558502750423E-15, 0.9659258262891938784 ) ) ;
#8395 = EDGE_CURVE ( 'NONE', #3822, #6952, #5532, .T. ) ;
#8396 = VECTOR ( 'NONE', #5285, 1000.000000000000000 ) ;
#8397 = AXIS2_PLACEMENT_3D ( 'NONE', #904, #1926, #6859 ) ;
#8398 = ORIENTED_EDGE ( 'NONE', *, *, #12568, .F. ) ;
#8399 = ORIENTED_EDGE ( 'NONE', *, *, #2268, .F. ) ;
#8400 = VECTOR ( 'NONE', #6500, 1000.000000000000000 ) ;
#8401 = FACE_OUTER_BOUND ( 'NONE', #3349, .T. ) ;
#8402 = CARTESIAN_POINT ( 'NONE',  ( 0.9961806419720000694, -0.7838997799269999955, 0.05000000000099998065 ) ) ;
#8403 = ORIENTED_EDGE ( 'NONE', *, *, #1149, .T. ) ;
#8404 = CARTESIAN_POINT ( 'NONE',  ( -0.2926829268289999897, -1.498469051981999867, 0.07000000000100004005 ) ) ;
#8405 = LINE ( 'NONE', #6485, #863 ) ;
#8406 = AXIS2_PLACEMENT_3D ( 'NONE', #11522, #3580, #6638 ) ;
#8407 = CARTESIAN_POINT ( 'NONE',  ( -4.469999999998999662, 1.849999999999000000, 1.709999999999999964 ) ) ;
#8408 = VECTOR ( 'NONE', #9958, 1000.000000000000000 ) ;
#8409 = DIRECTION ( 'NONE',  ( 0.000000000000000000, 1.000000000000000000, 0.000000000000000000 ) ) ;
#8410 = PLANE ( 'NONE',  #7585 ) ;
#8411 = AXIS2_PLACEMENT_3D ( 'NONE', #900, #3981, #8714 ) ;
#8412 = FACE_OUTER_BOUND ( 'NONE', #11059, .T. ) ;
#8413 = CARTESIAN_POINT ( 'NONE',  ( -1.365853658535999937, -1.089360820273999941, 0.05000000000099998065 ) ) ;
#8414 = ADVANCED_FACE ( 'NONE', ( #7363 ), #5503, .F. ) ;
#8415 = ADVANCED_FACE ( 'NONE', ( #6285 ), #12240, .T. ) ;
#8416 = VERTEX_POINT ( 'NONE', #11349 ) ;
#8417 = VERTEX_POINT ( 'NONE', #10203 ) ;
#8418 = VECTOR ( 'NONE', #7568, 1000.000000000000000 ) ;
#8419 = CARTESIAN_POINT ( 'NONE',  ( 0.7249999999999999778, 0.6000000000000003109, 0.1000000000010001083 ) ) ;
#8420 = CARTESIAN_POINT ( 'NONE',  ( -1.346673798691999879, -1.255363636784999848, 0.05000000000099998065 ) ) ;
#8421 = DIRECTION ( 'NONE',  ( -1.000000000000000000, 0.000000000000000000, 0.000000000000000000 ) ) ;
#8422 = CYLINDRICAL_SURFACE ( 'NONE', #10861, 0.2000000000000000111 ) ;
#8423 = VERTEX_POINT ( 'NONE', #1601 ) ;
#8424 = ORIENTED_EDGE ( 'NONE', *, *, #6438, .F. ) ;
#8425 = CARTESIAN_POINT ( 'NONE',  ( 3.924999999998999733, 0.7999999999999999334, -0.5499999999990000665 ) ) ;
#8426 = EDGE_CURVE ( 'NONE', #2357, #9446, #4483, .T. ) ;
#8427 = EDGE_CURVE ( 'NONE', #8429, #10693, #8272, .T. ) ;
#8428 = CIRCLE ( 'NONE', #8020, 0.1499999999999999944 ) ;
#8429 = VERTEX_POINT ( 'NONE', #6470 ) ;
#8430 = DIRECTION ( 'NONE',  ( 5.421010862427522170E-16, 1.000000000000000000, 3.523657060577889805E-15 ) ) ;
#8431 = LINE ( 'NONE', #6568, #9335 ) ;
#8432 = CARTESIAN_POINT ( 'NONE',  ( -4.169999999998999840, 0.7000000000000000666, 1.300000000000999911 ) ) ;
#8433 = ORIENTED_EDGE ( 'NONE', *, *, #11004, .F. ) ;
#8434 = CIRCLE ( 'NONE', #3128, 0.2000000000000000944 ) ;
#8435 = DIRECTION ( 'NONE',  ( 0.000000000000000000, 2.891205793294000202E-15, -1.000000000000000000 ) ) ;
#8436 = CARTESIAN_POINT ( 'NONE',  ( 4.169999999998999840, -3.467157287524999632, -0.5500000000000001554 ) ) ;
#8437 = VERTEX_POINT ( 'NONE', #10388 ) ;
#8438 = DIRECTION ( 'NONE',  ( 0.000000000000000000, -1.000000000000000000, -3.491481338843000432E-15 ) ) ;
#8439 = VERTEX_POINT ( 'NONE', #4542 ) ;
#8440 = DIRECTION ( 'NONE',  ( 0.000000000000000000, 3.491481338843000432E-15, -1.000000000000000000 ) ) ;
#8441 = EDGE_CURVE ( 'NONE', #7314, #414, #9412, .T. ) ;
#8442 = CARTESIAN_POINT ( 'NONE',  ( 3.924999999998999733, 0.7999999999999999334, 0.3500000000010001222 ) ) ;
#8443 = ORIENTED_EDGE ( 'NONE', *, *, #12388, .F. ) ;
#8444 = AXIS2_PLACEMENT_3D ( 'NONE', #9105, #12121, #2245 ) ;
#8445 = AXIS2_PLACEMENT_3D ( 'NONE', #7543, #8818, #11453 ) ;
#8446 = CYLINDRICAL_SURFACE ( 'NONE', #2780, 1.249999999999000133 ) ;
#8447 = CARTESIAN_POINT ( 'NONE',  ( 3.803179799445016496, 1.338422541582579894, 2.709934219116695964 ) ) ;
#8448 = ORIENTED_EDGE ( 'NONE', *, *, #8619, .F. ) ;
#8449 = LINE ( 'NONE', #3643, #2775 ) ;
#8451 = ORIENTED_EDGE ( 'NONE', *, *, #3690, .F. ) ;
#8450 = AXIS2_PLACEMENT_3D ( 'NONE', #11563, #5420, #7909 ) ;
#8452 = DIRECTION ( 'NONE',  ( 0.000000000000000000, 0.000000000000000000, 1.000000000000000000 ) ) ;
#8453 = DIRECTION ( 'NONE',  ( 0.000000000000000000, 1.000000000000000000, 3.523657060577889805E-15 ) ) ;
#8454 = CARTESIAN_POINT ( 'NONE',  ( -0.7249999999989999999, 1.678388218141000365, 0.8000000000009999113 ) ) ;
#8455 = VECTOR ( 'NONE', #6834, 1000.000000000000000 ) ;
#8456 = DIRECTION ( 'NONE',  ( 0.000000000000000000, 3.491481338843000432E-15, -1.000000000000000000 ) ) ;
#8457 = CARTESIAN_POINT ( 'NONE',  ( -1.109376231864999784, -0.7864807014769999993, 0.05000000000099998065 ) ) ;
#8458 = ADVANCED_FACE ( 'NONE', ( #1352 ), #12363, .F. ) ;
#8459 = EDGE_CURVE ( 'NONE', #2418, #217, #6065, .T. ) ;
#8460 = DIRECTION ( 'NONE',  ( 0.000000000000000000, 0.000000000000000000, 1.000000000000000000 ) ) ;
#8461 = ORIENTED_EDGE ( 'NONE', *, *, #616, .F. ) ;
#8462 = VERTEX_POINT ( 'NONE', #9356 ) ;
#8463 = CARTESIAN_POINT ( 'NONE',  ( 1.224999999999999867, 0.1000000000000002554, 0.05000000000099998065 ) ) ;
#8464 = CARTESIAN_POINT ( 'NONE',  ( 1.089774100045000083, -0.9596613422359998591, 0.05000000000099998065 ) ) ;
#8465 = VERTEX_POINT ( 'NONE', #573 ) ;
#8466 = AXIS2_PLACEMENT_3D ( 'NONE', #8833, #950, #12607 ) ;
#8467 = LINE ( 'NONE', #1673, #1234 ) ;
#8468 = FACE_OUTER_BOUND ( 'NONE', #11551, .T. ) ;
#8469 = DIRECTION ( 'NONE',  ( 0.000000000000000000, -1.000000000000000000, -4.336808689942017736E-15 ) ) ;
#8470 = EDGE_CURVE ( 'NONE', #9093, #3951, #11228, .T. ) ;
#8471 = DIRECTION ( 'NONE',  ( 0.000000000000000000, -1.000000000000000000, -3.491481338843000432E-15 ) ) ;
#8472 = DIRECTION ( 'NONE',  ( 1.000000000000000000, 0.000000000000000000, 0.000000000000000000 ) ) ;
#8473 = DIRECTION ( 'NONE',  ( 0.000000000000000000, 1.000000000000000000, 0.000000000000000000 ) ) ;
#8474 = LINE ( 'NONE', #1556, #5654 ) ;
#8475 = CARTESIAN_POINT ( 'NONE',  ( -1.358590348317999963, -0.9840420860349999854, 0.07000000000100004005 ) ) ;
#8476 = VECTOR ( 'NONE', #1484, 1000.000000000000000 ) ;
#8477 = ORIENTED_EDGE ( 'NONE', *, *, #9718, .T. ) ;
#8478 = ORIENTED_EDGE ( 'NONE', *, *, #8758, .T. ) ;
#8479 = DIRECTION ( 'NONE',  ( 1.000000000000000000, 0.000000000000000000, 0.000000000000000000 ) ) ;
#8480 = CARTESIAN_POINT ( 'NONE',  ( 0.9749999999989999999, 1.800000000000000044, 0.05000000000099998065 ) ) ;
#8481 = CARTESIAN_POINT ( 'NONE',  ( -1.012163064413999836, -1.600753840222999935, 0.07000000000100004005 ) ) ;
#8482 = EDGE_CURVE ( 'NONE', #8854, #890, #3340, .T. ) ;
#8483 = DIRECTION ( 'NONE',  ( 1.000000000000000000, 0.000000000000000000, 0.000000000000000000 ) ) ;
#8484 = ORIENTED_EDGE ( 'NONE', *, *, #3600, .T. ) ;
#8485 = EDGE_LOOP ( 'NONE', ( #6357, #7230, #7463, #3426 ) ) ;
#8486 = CARTESIAN_POINT ( 'NONE',  ( -1.231429497222999991, -1.082933212139999934, 0.07000000000100004005 ) ) ;
#8487 = VERTEX_POINT ( 'NONE', #11288 ) ;
#8488 = DIRECTION ( 'NONE',  ( 1.000000000000000000, 0.000000000000000000, 0.000000000000000000 ) ) ;
#8489 = FACE_OUTER_BOUND ( 'NONE', #2834, .T. ) ;
#8490 = LINE ( 'NONE', #11505, #370 ) ;
#8491 = EDGE_CURVE ( 'NONE', #8056, #4536, #2378, .T. ) ;
#8492 = ORIENTED_EDGE ( 'NONE', *, *, #9313, .F. ) ;
#8493 = CARTESIAN_POINT ( 'NONE',  ( 4.000000000000000000, -1.949999999999994404, 0.1000000000000000472 ) ) ;
#8494 = CARTESIAN_POINT ( 'NONE',  ( -2.000000000000000000, -1.949999999999994182, 0.000000000000000000 ) ) ;
#8495 = ORIENTED_EDGE ( 'NONE', *, *, #8159, .T. ) ;
#8496 = FACE_OUTER_BOUND ( 'NONE', #8072, .T. ) ;
#8497 = VERTEX_POINT ( 'NONE', #6411 ) ;
#8498 = PLANE ( 'NONE',  #4176 ) ;
#8499 = CARTESIAN_POINT ( 'NONE',  ( -3.924999999998999733, 0.7999999999999999334, -0.1767949192430001704 ) ) ;
#8500 = ORIENTED_EDGE ( 'NONE', *, *, #7736, .T. ) ;
#8501 = LINE ( 'NONE', #12414, #7308 ) ;
#8502 = DIRECTION ( 'NONE',  ( 0.000000000000000000, 1.000000000000000000, 2.891205793313955622E-15 ) ) ;
#8503 = EDGE_LOOP ( 'NONE', ( #6780, #7770, #3457, #8725, #9834, #5441 ) ) ;
#8504 = VECTOR ( 'NONE', #11483, 1000.000000000000000 ) ;
#8505 = AXIS2_PLACEMENT_3D ( 'NONE', #5881, #7867, #8891 ) ;
#8506 = CARTESIAN_POINT ( 'NONE',  ( 1.275000000000000133, 1.800000000000000044, -0.5499999999990000665 ) ) ;
#8507 = ADVANCED_FACE ( 'NONE', ( #8208 ), #12123, .T. ) ;
#8508 = ORIENTED_EDGE ( 'NONE', *, *, #6597, .F. ) ;
#8509 = VECTOR ( 'NONE', #5123, 1000.000000000000000 ) ;
#8510 = DIRECTION ( 'NONE',  ( 0.000000000000000000, 3.491481338843000432E-15, -1.000000000000000000 ) ) ;
#8511 = LINE ( 'NONE', #1536, #10066 ) ;
#8512 = LINE ( 'NONE', #10444, #1563 ) ;
#8513 = DIRECTION ( 'NONE',  ( -5.421010862426999550E-16, 1.000000000000000000, 3.491481338843000432E-15 ) ) ;
#8514 = DIRECTION ( 'NONE',  ( 1.000000000000000000, 0.000000000000000000, 0.000000000000000000 ) ) ;
#8515 = LINE ( 'NONE', #6473, #1516 ) ;
#8516 = VECTOR ( 'NONE', #9240, 1000.000000000000000 ) ;
#8517 = CIRCLE ( 'NONE', #4827, 0.7999999999999999334 ) ;
#8518 = VECTOR ( 'NONE', #10475, 1000.000000000000000 ) ;
#8519 = EDGE_LOOP ( 'NONE', ( #10478, #9698, #7586, #11944 ) ) ;
#8520 = ORIENTED_EDGE ( 'NONE', *, *, #10091, .F. ) ;
#8521 = DIRECTION ( 'NONE',  ( -1.000000000000000000, 0.000000000000000000, 0.000000000000000000 ) ) ;
#8522 = CARTESIAN_POINT ( 'NONE',  ( 0.5767911585359999371, -0.6082251495429997767, 0.07000000000100004005 ) ) ;
#8523 = VERTEX_POINT ( 'NONE', #10507 ) ;
#8524 = LINE ( 'NONE', #12434, #11460 ) ;
#8525 = DIRECTION ( 'NONE',  ( -1.000000000000000000, 0.000000000000000000, 0.000000000000000000 ) ) ;
#8526 = EDGE_CURVE ( 'NONE', #8829, #5022, #5815, .T. ) ;
#8527 = CARTESIAN_POINT ( 'NONE',  ( -3.219999999998999662, 1.999999999999000355, 2.910000000000000142 ) ) ;
#8528 = VECTOR ( 'NONE', #1975, 1000.000000000000000 ) ;
#8529 = CARTESIAN_POINT ( 'NONE',  ( 0.000000000000000000, 0.1000000000000002554, 0.05000000000099998065 ) ) ;
#8530 = CARTESIAN_POINT ( 'NONE',  ( -1.774999999999000044, 0.6000000000000003109, 0.3500000000010001222 ) ) ;
#8531 = DIRECTION ( 'NONE',  ( -1.000000000000000000, 0.000000000000000000, 0.000000000000000000 ) ) ;
#8532 = DIRECTION ( 'NONE',  ( 0.000000000000000000, 1.000000000000000000, 3.610065951458000973E-15 ) ) ;
#8533 = CARTESIAN_POINT ( 'NONE',  ( 2.274999999999999911, 1.800000000000000044, 0.05000000000099998065 ) ) ;
#8534 = ORIENTED_EDGE ( 'NONE', *, *, #78, .F. ) ;
#8535 = EDGE_CURVE ( 'NONE', #7838, #12073, #4604, .T. ) ;
#8536 = ORIENTED_EDGE ( 'NONE', *, *, #8593, .T. ) ;
#8537 = ORIENTED_EDGE ( 'NONE', *, *, #10439, .F. ) ;
#8538 = EDGE_CURVE ( 'NONE', #2613, #11029, #5623, .T. ) ;
#8539 = CARTESIAN_POINT ( 'NONE',  ( -3.219999999998999662, -1.300000000000999911, 2.810000000000000053 ) ) ;
#8540 = CARTESIAN_POINT ( 'NONE',  ( 2.469999999999000106, -2.049999999999000178, 0.04999999999999991257 ) ) ;
#8541 = ADVANCED_FACE ( 'NONE', ( #882 ), #9665, .T. ) ;
#8542 = ADVANCED_FACE ( 'NONE', ( #757 ), #10692, .T. ) ;
#8543 = CARTESIAN_POINT ( 'NONE',  ( -1.346673798691999879, -1.255363636784999848, 0.07000000000100004005 ) ) ;
#8544 = LINE ( 'NONE', #9380, #11788 ) ;
#8545 = EDGE_LOOP ( 'NONE', ( #6008, #1817, #7659, #11774, #918 ) ) ;
#8546 = VERTEX_POINT ( 'NONE', #945 ) ;
#8547 = ORIENTED_EDGE ( 'NONE', *, *, #1491, .T. ) ;
#8548 = FACE_OUTER_BOUND ( 'NONE', #9637, .T. ) ;
#8549 = EDGE_CURVE ( 'NONE', #9879, #9176, #11530, .T. ) ;
#8550 = CARTESIAN_POINT ( 'NONE',  ( 0.7785436176489999305, -1.461778965836999955, 0.07000000000100004005 ) ) ;
#8551 = VECTOR ( 'NONE', #1068, 1000.000000000000000 ) ;
#8552 = ORIENTED_EDGE ( 'NONE', *, *, #3141, .T. ) ;
#8553 = DIRECTION ( 'NONE',  ( 1.000000000000000000, 0.000000000000000000, 0.000000000000000000 ) ) ;
#8554 = CARTESIAN_POINT ( 'NONE',  ( -4.469999999998999662, 1.199999999999000089, 1.709999999999999964 ) ) ;
#8555 = VERTEX_POINT ( 'NONE', #12661 ) ;
#8556 = ORIENTED_EDGE ( 'NONE', *, *, #7388, .F. ) ;
#8557 = LINE ( 'NONE', #3695, #6818 ) ;
#8558 = EDGE_CURVE ( 'NONE', #6094, #3337, #11383, .T. ) ;
#8559 = DIRECTION ( 'NONE',  ( -5.421010862426999550E-16, 1.000000000000000000, 3.491481338843000432E-15 ) ) ;
#8560 = VERTEX_POINT ( 'NONE', #1902 ) ;
#8561 = EDGE_CURVE ( 'NONE', #11175, #8046, #10562, .T. ) ;
#8562 = PLANE ( 'NONE',  #11009 ) ;
#8563 = DIRECTION ( 'NONE',  ( 1.000000000000000000, 0.000000000000000000, 0.000000000000000000 ) ) ;
#8564 = ORIENTED_EDGE ( 'NONE', *, *, #5665, .T. ) ;
#8565 = ORIENTED_EDGE ( 'NONE', *, *, #1747, .F. ) ;
#8566 = DIRECTION ( 'NONE',  ( 0.000000000000000000, -1.000000000000000000, -3.491481338843000432E-15 ) ) ;
#8567 = CARTESIAN_POINT ( 'NONE',  ( -3.824999999998999645, 0.7000000000000000666, -0.5499999999990000665 ) ) ;
#8568 = CARTESIAN_POINT ( 'NONE',  ( -0.9749999999989999999, 0.1000000000000002554, 0.1000000000010001083 ) ) ;
#8569 = DIRECTION ( 'NONE',  ( 0.000000000000000000, 1.000000000000000000, 3.491481338843000432E-15 ) ) ;
#8570 = DIRECTION ( 'NONE',  ( 0.000000000000000000, 3.491481338843000432E-15, -1.000000000000000000 ) ) ;
#8571 = LINE ( 'NONE', #6842, #12551 ) ;
#8572 = EDGE_CURVE ( 'NONE', #2412, #10178, #4725, .T. ) ;
#8573 = EDGE_CURVE ( 'NONE', #8555, #727, #9733, .T. ) ;
#8574 = EDGE_CURVE ( 'NONE', #5104, #4029, #3647, .T. ) ;
#8575 = VECTOR ( 'NONE', #9977, 1000.000000000000000 ) ;
#8576 = ORIENTED_EDGE ( 'NONE', *, *, #2042, .T. ) ;
#8577 = ORIENTED_EDGE ( 'NONE', *, *, #673, .F. ) ;
#8578 = CARTESIAN_POINT ( 'NONE',  ( 1.775000000000000133, 1.678388218141000365, 1.000068083900629290E-12 ) ) ;
#8579 = CARTESIAN_POINT ( 'NONE',  ( 0.9226794408359999533, -0.7150326585099999743, 0.07000000000100004005 ) ) ;
#8580 = VECTOR ( 'NONE', #12663, 1000.000000000000000 ) ;
#8581 = ORIENTED_EDGE ( 'NONE', *, *, #1723, .T. ) ;
#8582 = LINE ( 'NONE', #647, #11879 ) ;
#8583 = CARTESIAN_POINT ( 'NONE',  ( 1.109352230358000124, -1.101913784548999908, 0.07000000000100004005 ) ) ;
#8584 = DIRECTION ( 'NONE',  ( 0.000000000000000000, 3.491481338843000432E-15, -1.000000000000000000 ) ) ;
#8585 = DIRECTION ( 'NONE',  ( -1.000000000000000000, 0.000000000000000000, 0.000000000000000000 ) ) ;
#8586 = CARTESIAN_POINT ( 'NONE',  ( 1.026501371439999977, -1.404599433792999896, 0.05000000000099998065 ) ) ;
#8587 = CARTESIAN_POINT ( 'NONE',  ( -0.8561356707309999425, -1.510664173932999788, 0.05000000000099998065 ) ) ;
#8588 = CARTESIAN_POINT ( 'NONE',  ( -1.217736965079999845, -1.228514302401999991, 0.07000000000100004005 ) ) ;
#8589 = VECTOR ( 'NONE', #12565, 1000.000000000000000 ) ;
#8590 = VECTOR ( 'NONE', #2901, 1000.000000000000000 ) ;
#8591 = CARTESIAN_POINT ( 'NONE',  ( -1.268855527673999894, -0.7660176068779998015, 0.05000000000099998065 ) ) ;
#8592 = VECTOR ( 'NONE', #3083, 1000.000000000000000 ) ;
#8593 = EDGE_CURVE ( 'NONE', #5553, #9208, #1357, .T. ) ;
#8594 = ORIENTED_EDGE ( 'NONE', *, *, #11909, .F. ) ;
#8595 = VERTEX_POINT ( 'NONE', #3899 ) ;
#8596 = VERTEX_POINT ( 'NONE', #11466 ) ;
#8597 = FACE_OUTER_BOUND ( 'NONE', #1272, .T. ) ;
#8598 = DIRECTION ( 'NONE',  ( 0.000000000000000000, -1.000000000000000000, -3.491481338843000432E-15 ) ) ;
#8599 = AXIS2_PLACEMENT_3D ( 'NONE', #9469, #9349, #565 ) ;
#8600 = VECTOR ( 'NONE', #11947, 1000.000000000000000 ) ;
#8601 = ADVANCED_FACE ( 'NONE', ( #12479 ), #7801, .T. ) ;
#8602 = CARTESIAN_POINT ( 'NONE',  ( -1.774999999999000044, 0.9000000000000002442, 0.1000000000010001083 ) ) ;
#8603 = VECTOR ( 'NONE', #770, 1000.000000000000000 ) ;
#8604 = PLANE ( 'NONE',  #11801 ) ;
#8605 = VERTEX_POINT ( 'NONE', #11715 ) ;
#8606 = ORIENTED_EDGE ( 'NONE', *, *, #11960, .T. ) ;
#8607 = EDGE_CURVE ( 'NONE', #8709, #4351, #8512, .T. ) ;
#8608 = EDGE_CURVE ( 'NONE', #7792, #8814, #5566, .T. ) ;
#8609 = AXIS2_PLACEMENT_3D ( 'NONE', #9558, #6365, #10287 ) ;
#8610 = VERTEX_POINT ( 'NONE', #3708 ) ;
#8611 = DIRECTION ( 'NONE',  ( 0.000000000000000000, 1.000000000000000000, 3.491481338843000432E-15 ) ) ;
#8612 = AXIS2_PLACEMENT_3D ( 'NONE', #10810, #1951, #4838 ) ;
#8613 = CARTESIAN_POINT ( 'NONE',  ( -2.524999999998999822, 1.800000000000000044, 0.1000000000010001083 ) ) ;
#8614 = CARTESIAN_POINT ( 'NONE',  ( 0.7249999999999999778, 0.1000000000000002554, 0.05000000000099998065 ) ) ;
#8615 = ORIENTED_EDGE ( 'NONE', *, *, #2829, .T. ) ;
#8616 = AXIS2_PLACEMENT_3D ( 'NONE', #8083, #8148, #11864 ) ;
#8617 = CARTESIAN_POINT ( 'NONE',  ( 0.2250000000000000056, 0.3783882181409999323, 1.000068083900629290E-12 ) ) ;
#8618 = VECTOR ( 'NONE', #11010, 1000.000000000000000 ) ;
#8619 = EDGE_CURVE ( 'NONE', #11809, #7103, #12539, .T. ) ;
#8620 = CARTESIAN_POINT ( 'NONE',  ( 0.8408307916280000072, -1.425755555334000002, 0.07000000000100004005 ) ) ;
#8621 = VERTEX_POINT ( 'NONE', #6705 ) ;
#8622 = ORIENTED_EDGE ( 'NONE', *, *, #9173, .T. ) ;
#8623 = DIRECTION ( 'NONE',  ( 0.000000000000000000, 1.000000000000000000, 3.252606517456518824E-15 ) ) ;
#8624 = LINE ( 'NONE', #2667, #4763 ) ;
#8625 = ORIENTED_EDGE ( 'NONE', *, *, #9394, .T. ) ;
#8626 = CARTESIAN_POINT ( 'NONE',  ( -4.469999999998999662, -4.149999999999000266, 1.300000000000000044 ) ) ;
#8627 = DIRECTION ( 'NONE',  ( 0.000000000000000000, -1.000000000000000000, -3.491481338843000432E-15 ) ) ;
#8628 = ORIENTED_EDGE ( 'NONE', *, *, #3345, .F. ) ;
#8629 = AXIS2_PLACEMENT_3D ( 'NONE', #8309, #6451, #5548 ) ;
#8630 = ORIENTED_EDGE ( 'NONE', *, *, #10038, .T. ) ;
#8631 = DIRECTION ( 'NONE',  ( 0.000000000000000000, -0.7071067811865474617, 0.7071067811865474617 ) ) ;
#8632 = ADVANCED_FACE ( 'NONE', ( #5746 ), #6246, .T. ) ;
#8633 = CARTESIAN_POINT ( 'NONE',  ( -4.169999999998999840, 1.999999999999000355, 1.959999999999999964 ) ) ;
#8634 = DIRECTION ( 'NONE',  ( 0.000000000000000000, 1.000000000000000000, 3.491481338843000432E-15 ) ) ;
#8635 = ORIENTED_EDGE ( 'NONE', *, *, #281, .F. ) ;
#8636 = CARTESIAN_POINT ( 'NONE',  ( 0.06097560975599999877, -1.169200759298999914, 0.07000000000100004005 ) ) ;
#8637 = ORIENTED_EDGE ( 'NONE', *, *, #9286, .T. ) ;
#8638 = LINE ( 'NONE', #11719, #8528 ) ;
#8639 = VECTOR ( 'NONE', #5015, 1000.000000000000000 ) ;
#8640 = DIRECTION ( 'NONE',  ( -1.000000000000000000, -5.421010862426999550E-16, -1.892735826383000338E-30 ) ) ;
#8641 = VERTEX_POINT ( 'NONE', #352 ) ;
#8642 = ORIENTED_EDGE ( 'NONE', *, *, #9716, .F. ) ;
#8643 = CARTESIAN_POINT ( 'NONE',  ( -2.724999999999000000, 1.678388218141000365, 1.000068083900629290E-12 ) ) ;
#8644 = AXIS2_PLACEMENT_3D ( 'NONE', #10705, #3844, #4097 ) ;
#8645 = CARTESIAN_POINT ( 'NONE',  ( -0.02500000000000000139, 1.400000000000000133, 1.000068083900629290E-12 ) ) ;
#8646 = ORIENTED_EDGE ( 'NONE', *, *, #2707, .F. ) ;
#8647 = CARTESIAN_POINT ( 'NONE',  ( 1.724999999999999867, 0.9000000000000002442, 0.1000000000010001083 ) ) ;
#8648 = DIRECTION ( 'NONE',  ( 0.000000000000000000, 3.491481338843000432E-15, -1.000000000000000000 ) ) ;
#8649 = ORIENTED_EDGE ( 'NONE', *, *, #10473, .F. ) ;
#8650 = CIRCLE ( 'NONE', #11518, 0.9499999999990003108 ) ;
#8651 = DIRECTION ( 'NONE',  ( 0.9407669869670018947, -0.3390537954853609648, -1.183799999802261392E-15 ) ) ;
#8652 = VECTOR ( 'NONE', #11954, 1000.000000000000000 ) ;
#8653 = ADVANCED_FACE ( 'NONE', ( #7272 ), #6904, .T. ) ;
#8654 = ADVANCED_FACE ( 'NONE', ( #3000 ), #5942, .T. ) ;
#8655 = CARTESIAN_POINT ( 'NONE',  ( -1.012163064413999836, -1.600753840222999935, 0.05000000000099998065 ) ) ;
#8656 = CARTESIAN_POINT ( 'NONE',  ( 1.109756097560000043, -1.120801369054999830, 0.05000000000099998065 ) ) ;
#8657 = LINE ( 'NONE', #1922, #9647 ) ;
#8658 = CARTESIAN_POINT ( 'NONE',  ( -0.8962582733460000561, -1.509801464520999836, 0.05000000000099998065 ) ) ;
#8659 = CARTESIAN_POINT ( 'NONE',  ( 3.803095189483999938, 1.349999999999000000, 2.709999999999999520 ) ) ;
#8660 = ORIENTED_EDGE ( 'NONE', *, *, #134, .F. ) ;
#8661 = VECTOR ( 'NONE', #4206, 1000.000000000000000 ) ;
#8662 = ORIENTED_EDGE ( 'NONE', *, *, #5627, .F. ) ;
#8663 = VERTEX_POINT ( 'NONE', #412 ) ;
#8664 = CARTESIAN_POINT ( 'NONE',  ( -2.224999999999000000, 2.200000000000000178, 0.1000000000010001083 ) ) ;
#8665 = PLANE ( 'NONE',  #1348 ) ;
#8666 = CARTESIAN_POINT ( 'NONE',  ( -4.169999999998999840, 0.6000000000000003109, 0.1000000000010001083 ) ) ;
#8667 = EDGE_CURVE ( 'NONE', #6305, #11330, #4623, .T. ) ;
#8668 = VECTOR ( 'NONE', #304, 1000.000000000000000 ) ;
#8669 = DIRECTION ( 'NONE',  ( 0.000000000000000000, 3.491481338843000432E-15, -1.000000000000000000 ) ) ;
#8670 = DIRECTION ( 'NONE',  ( 0.000000000000000000, 1.000000000000000000, 3.641026466082000599E-15 ) ) ;
#8671 = ORIENTED_EDGE ( 'NONE', *, *, #9576, .T. ) ;
#8672 = ORIENTED_EDGE ( 'NONE', *, *, #3415, .F. ) ;
#8673 = ORIENTED_EDGE ( 'NONE', *, *, #1167, .F. ) ;
#8674 = LINE ( 'NONE', #3874, #4359 ) ;
#8675 = CARTESIAN_POINT ( 'NONE',  ( -0.7337397553320000876, -1.494950299159999885, 0.07000000000100004005 ) ) ;
#8676 = FACE_OUTER_BOUND ( 'NONE', #2595, .T. ) ;
#8677 = EDGE_CURVE ( 'NONE', #86, #8023, #100, .T. ) ;
#8678 = ORIENTED_EDGE ( 'NONE', *, *, #790, .T. ) ;
#8679 = ADVANCED_FACE ( 'NONE', ( #4028 ), #4330, .F. ) ;
#8680 = CARTESIAN_POINT ( 'NONE',  ( 3.924999999998999733, 0.9000000000000002442, -0.5499999999990000665 ) ) ;
#8681 = CARTESIAN_POINT ( 'NONE',  ( 0.7077263129860000834, -1.485832445438999949, 0.05000000000099998065 ) ) ;
#8682 = ORIENTED_EDGE ( 'NONE', *, *, #8197, .T. ) ;
#8683 = ORIENTED_EDGE ( 'NONE', *, *, #5550, .T. ) ;
#8684 = CARTESIAN_POINT ( 'NONE',  ( -3.500000000000000000, -5.150000000000000355, 1.979999999998999893 ) ) ;
#8685 = LINE ( 'NONE', #997, #11328 ) ;
#8686 = ORIENTED_EDGE ( 'NONE', *, *, #9518, .F. ) ;
#8687 = EDGE_CURVE ( 'NONE', #3968, #5226, #11779, .T. ) ;
#8688 = PLANE ( 'NONE',  #5264 ) ;
#8689 = DIRECTION ( 'NONE',  ( 0.000000000000000000, 1.000000000000000000, 0.000000000000000000 ) ) ;
#8690 = ORIENTED_EDGE ( 'NONE', *, *, #3312, .T. ) ;
#8691 = EDGE_CURVE ( 'NONE', #3816, #6614, #10895, .T. ) ;
#8692 = VERTEX_POINT ( 'NONE', #12088 ) ;
#8693 = ADVANCED_FACE ( 'NONE', ( #7212 ), #5288, .F. ) ;
#8694 = CARTESIAN_POINT ( 'NONE',  ( 0.000000000000000000, 0.1000000000000002554, 0.05000000000099998065 ) ) ;
#8695 = AXIS2_PLACEMENT_3D ( 'NONE', #3798, #10855, #10655 ) ;
#8696 = CARTESIAN_POINT ( 'NONE',  ( 3.219999999998999662, 2.000000000000000444, 1.300000000000999911 ) ) ;
#8697 = DIRECTION ( 'NONE',  ( -1.000000000000000000, -5.421010862426999550E-16, -1.892735826383000338E-30 ) ) ;
#8698 = ORIENTED_EDGE ( 'NONE', *, *, #7134, .F. ) ;
#8699 = CARTESIAN_POINT ( 'NONE',  ( 3.219999999998999662, -1.300000000000000044, 0.4500000000009999335 ) ) ;
#8700 = ORIENTED_EDGE ( 'NONE', *, *, #4395, .F. ) ;
#8701 = CARTESIAN_POINT ( 'NONE',  ( -0.8455835410219999515, -1.510504633337000024, 0.05000000000099998065 ) ) ;
#8702 = CARTESIAN_POINT ( 'NONE',  ( -3.220000000000000195, -4.349999999998999556, 0.3499999999999998113 ) ) ;
#8703 = VERTEX_POINT ( 'NONE', #11194 ) ;
#8705 = EDGE_LOOP ( 'NONE', ( #9140, #12546, #8291, #12428 ) ) ;
#8704 = VECTOR ( 'NONE', #3062, 1000.000000000000000 ) ;
#8706 = ADVANCED_FACE ( 'NONE', ( #2099 ), #2402, .F. ) ;
#8707 = PLANE ( 'NONE',  #12608 ) ;
#8708 = FACE_OUTER_BOUND ( 'NONE', #1668, .T. ) ;
#8709 = VERTEX_POINT ( 'NONE', #2931 ) ;
#8710 = DIRECTION ( 'NONE',  ( 1.000000000000000000, 0.000000000000000000, 0.000000000000000000 ) ) ;
#8711 = CARTESIAN_POINT ( 'NONE',  ( 0.9612785924039999319, -0.7475582226589999602, 0.07000000000100004005 ) ) ;
#8712 = ORIENTED_EDGE ( 'NONE', *, *, #2802, .T. ) ;
#8713 = DIRECTION ( 'NONE',  ( 0.000000000000000000, -1.000000000000000000, -3.491481338843000432E-15 ) ) ;
#8714 = DIRECTION ( 'NONE',  ( 0.000000000000000000, 1.000000000000000000, 3.252606517456511724E-15 ) ) ;
#8715 = CARTESIAN_POINT ( 'NONE',  ( -4.087467578643999566, 1.999999999999000355, 2.859999999999999876 ) ) ;
#8716 = AXIS2_PLACEMENT_3D ( 'NONE', #391, #3351, #12071 ) ;
#8717 = CIRCLE ( 'NONE', #3407, 0.9499999999990003108 ) ;
#8718 = DIRECTION ( 'NONE',  ( 0.000000000000000000, -3.252606517456000542E-15, 1.000000000000000000 ) ) ;
#8719 = CARTESIAN_POINT ( 'NONE',  ( -1.100656891079999866, -1.425481288292999915, 0.07000000000100004005 ) ) ;
#8720 = AXIS2_PLACEMENT_3D ( 'NONE', #7814, #10839, #4740 ) ;
#8721 = DIRECTION ( 'NONE',  ( 0.000000000000000000, -1.000000000000000000, -3.491481338843000432E-15 ) ) ;
#8722 = CARTESIAN_POINT ( 'NONE',  ( 0.5767911585359999371, -0.6082251495429997767, 0.07000000000100004005 ) ) ;
#8723 = ORIENTED_EDGE ( 'NONE', *, *, #1149, .F. ) ;
#8724 = VERTEX_POINT ( 'NONE', #9929 ) ;
#8725 = ORIENTED_EDGE ( 'NONE', *, *, #11480, .F. ) ;
#8726 = EDGE_CURVE ( 'NONE', #7241, #5312, #1319, .T. ) ;
#8727 = DIRECTION ( 'NONE',  ( 0.000000000000000000, 0.000000000000000000, 1.000000000000000000 ) ) ;
#8728 = CARTESIAN_POINT ( 'NONE',  ( 2.085365853658000201, -0.6082251495429997767, 0.07000000000100004005 ) ) ;
#8729 = LINE ( 'NONE', #1999, #5232 ) ;
#8730 = AXIS2_PLACEMENT_3D ( 'NONE', #12056, #9032, #10067 ) ;
#8731 = AXIS2_PLACEMENT_3D ( 'NONE', #3359, #202, #402 ) ;
#8732 = DIRECTION ( 'NONE',  ( 0.000000000000000000, 3.491481338843000432E-15, -1.000000000000000000 ) ) ;
#8733 = LINE ( 'NONE', #5017, #4922 ) ;
#8734 = DIRECTION ( 'NONE',  ( -1.000000000000000000, -5.421010862426999550E-16, -1.892735826383000338E-30 ) ) ;
#8735 = ORIENTED_EDGE ( 'NONE', *, *, #10536, .F. ) ;
#8736 = DIRECTION ( 'NONE',  ( -1.000000000000000000, 0.000000000000000000, 0.000000000000000000 ) ) ;
#8737 = ORIENTED_EDGE ( 'NONE', *, *, #4519, .T. ) ;
#8738 = ORIENTED_EDGE ( 'NONE', *, *, #4979, .F. ) ;
#8739 = LINE ( 'NONE', #4960, #12336 ) ;
#8740 = EDGE_CURVE ( 'NONE', #5660, #6445, #6311, .T. ) ;
#8741 = EDGE_CURVE ( 'NONE', #831, #7501, #1971, .T. ) ;
#8742 = CARTESIAN_POINT ( 'NONE',  ( 1.607660060975000027, -1.416151978810999967, 0.07000000000100004005 ) ) ;
#8743 = PLANE ( 'NONE',  #10407 ) ;
#8744 = CARTESIAN_POINT ( 'NONE',  ( -0.7092289723150000391, -0.7302961781269999841, 0.05000000000099998065 ) ) ;
#8745 = ORIENTED_EDGE ( 'NONE', *, *, #9881, .T. ) ;
#8746 = CARTESIAN_POINT ( 'NONE',  ( -2.524999999998999822, 1.678388218141000365, 0.8000000000009999113 ) ) ;
#8747 = CARTESIAN_POINT ( 'NONE',  ( 0.6285345980519999598, -1.497604316152999937, 0.07000000000100004005 ) ) ;
#8748 = ORIENTED_EDGE ( 'NONE', *, *, #5754, .T. ) ;
#8749 = ORIENTED_EDGE ( 'NONE', *, *, #11440, .T. ) ;
#8750 = DIRECTION ( 'NONE',  ( 1.000000000000000000, 0.000000000000000000, 0.000000000000000000 ) ) ;
#8751 = DIRECTION ( 'NONE',  ( 0.000000000000000000, -3.491481338843000432E-15, 1.000000000000000000 ) ) ;
#8752 = VERTEX_POINT ( 'NONE', #4914 ) ;
#8753 = EDGE_CURVE ( 'NONE', #4052, #5029, #8828, .T. ) ;
#8754 = CARTESIAN_POINT ( 'NONE',  ( 0.5000000000000000000, -1.949999999999994182, 0.000000000000000000 ) ) ;
#8755 = DIRECTION ( 'NONE',  ( 0.000000000000000000, -3.252606517456000542E-15, 1.000000000000000000 ) ) ;
#8756 = ORIENTED_EDGE ( 'NONE', *, *, #10536, .T. ) ;
#8757 = VERTEX_POINT ( 'NONE', #3964 ) ;
#8758 = EDGE_CURVE ( 'NONE', #5312, #3578, #3305, .T. ) ;
#8759 = LINE ( 'NONE', #11713, #8455 ) ;
#8760 = CARTESIAN_POINT ( 'NONE',  ( 0.7464006661400000020, -0.7434412424849999868, 0.05000000000099998065 ) ) ;
#8761 = DIRECTION ( 'NONE',  ( 0.000000000000000000, -1.000000000000000000, -3.491481338843000432E-15 ) ) ;
#8762 = ORIENTED_EDGE ( 'NONE', *, *, #11481, .T. ) ;
#8763 = B_SPLINE_CURVE_WITH_KNOTS ( 'NONE', 3,
 ( #2665, #7657, #5612, #2846, #9584, #11705, #12588, #9721, #4842, #10492, #10549, #799, #1705, #7786, #9525, #1889, #3823, #745, #1647 ),
 .UNSPECIFIED., .F., .F.,
 ( 4, 1, 1, 1, 1, 1, 1, 1, 1, 1, 1, 1, 1, 1, 1, 1, 4 ),
 ( 0.000000000000000000, 0.07082657255500000859, 0.1381690332790000142, 0.2024753315329999859, 0.2639737544130000280, 0.3233803205979999817, 0.3817976227129999955, 0.4393900745190000290, 0.4969027245450000074, 0.5546621696089999443, 0.6127418784920000139, 0.6715388363909999825, 0.7316557220899999603, 0.7942978116129999488, 0.8594822049789999641, 0.9276813254519999941, 1.000000000000000000 ),
 .UNSPECIFIED. ) ;
#8764 = LINE ( 'NONE', #9735, #410 ) ;
#8765 = ORIENTED_EDGE ( 'NONE', *, *, #11428, .T. ) ;
#8766 = CARTESIAN_POINT ( 'NONE',  ( -0.7337397553320000876, -1.494950299159999885, 0.05000000000099998065 ) ) ;
#8767 = DIRECTION ( 'NONE',  ( -1.000000000000000000, 0.000000000000000000, 0.000000000000000000 ) ) ;
#8768 = ADVANCED_FACE ( 'NONE', ( #4638 ), #6558, .T. ) ;
#8769 = EDGE_CURVE ( 'NONE', #5307, #1155, #8544, .T. ) ;
#8770 = ORIENTED_EDGE ( 'NONE', *, *, #10849, .T. ) ;
#8771 = ORIENTED_EDGE ( 'NONE', *, *, #9328, .T. ) ;
#8772 = CARTESIAN_POINT ( 'NONE',  ( -0.4268292682919999637, -0.6082251495429997767, 0.07000000000100004005 ) ) ;
#8773 = DIRECTION ( 'NONE',  ( 0.000000000000000000, 3.491481338843000432E-15, -1.000000000000000000 ) ) ;
#8774 = EDGE_LOOP ( 'NONE', ( #2735, #7785, #9083, #7976 ) ) ;
#8775 = CARTESIAN_POINT ( 'NONE',  ( 3.802771726172684996, 1.881739096085629503, 2.710251479866105484 ) ) ;
#8776 = PLANE ( 'NONE',  #12400 ) ;
#8777 = VERTEX_POINT ( 'NONE', #3676 ) ;
#8778 = CARTESIAN_POINT ( 'NONE',  ( -1.000000000000000000, -1.949999999999994404, 0.1000000000000000472 ) ) ;
#8779 = CARTESIAN_POINT ( 'NONE',  ( -4.069999999999000195, -1.300000000000000044, 1.300000000000999911 ) ) ;
#8780 = CARTESIAN_POINT ( 'NONE',  ( 0.6942988665560000383, -1.600913803635999999, 0.05000000000099998065 ) ) ;
#8781 = CARTESIAN_POINT ( 'NONE',  ( 1.109756097560000043, -1.120801369054999830, 0.07000000000100004005 ) ) ;
#8782 = CARTESIAN_POINT ( 'NONE',  ( -1.774999999999000044, 0.3783882181409999323, 0.8000000000009999113 ) ) ;
#8783 = EDGE_CURVE ( 'NONE', #3907, #7792, #8717, .T. ) ;
#8784 = LINE ( 'NONE', #12687, #1643 ) ;
#8785 = CARTESIAN_POINT ( 'NONE',  ( -1.194223643855999883, -0.9014319053219999045, 0.05000000000099998065 ) ) ;
#8786 = ORIENTED_EDGE ( 'NONE', *, *, #4016, .F. ) ;
#8787 = ORIENTED_EDGE ( 'NONE', *, *, #7133, .T. ) ;
#8788 = ORIENTED_EDGE ( 'NONE', *, *, #11634, .F. ) ;
#8789 = CARTESIAN_POINT ( 'NONE',  ( -1.474999999999000000, 0.9000000000000002442, 0.1000000000010001083 ) ) ;
#8790 = CARTESIAN_POINT ( 'NONE',  ( 2.974999999998999556, 1.400000000000000133, 0.1000000000010001083 ) ) ;
#8791 = LINE ( 'NONE', #11813, #10157 ) ;
#8792 = FACE_OUTER_BOUND ( 'NONE', #6623, .T. ) ;
#8793 = AXIS2_PLACEMENT_3D ( 'NONE', #10897, #2169, #2101 ) ;
#8794 = EDGE_CURVE ( 'NONE', #6195, #11234, #9322, .T. ) ;
#8795 = LINE ( 'NONE', #912, #5547 ) ;
#8796 = CARTESIAN_POINT ( 'NONE',  ( -4.469999999998999662, -4.349999999998999556, 1.300000000000000044 ) ) ;
#8797 = ADVANCED_FACE ( 'NONE', ( #7581 ), #1746, .T. ) ;
#8798 = ORIENTED_EDGE ( 'NONE', *, *, #12415, .F. ) ;
#8799 = CARTESIAN_POINT ( 'NONE',  ( 4.469999999998999662, -2.249999999998999911, 1.300000000000000044 ) ) ;
#8800 = EDGE_LOOP ( 'NONE', ( #9679, #3055, #7718, #3161, #4116, #9522 ) ) ;
#8801 = VERTEX_POINT ( 'NONE', #6440 ) ;
#8802 = DIRECTION ( 'NONE',  ( -5.421010862426999550E-16, 1.000000000000000000, 3.491481338843000432E-15 ) ) ;
#8803 = AXIS2_PLACEMENT_3D ( 'NONE', #12029, #1185, #11005 ) ;
#8804 = CARTESIAN_POINT ( 'NONE',  ( -1.109376231864999784, -0.7864807014769999993, 0.07000000000100004005 ) ) ;
#8805 = VECTOR ( 'NONE', #5078, 1000.000000000000000 ) ;
#8806 = CARTESIAN_POINT ( 'NONE',  ( 4.469999999998999662, 0.7000000000000000666, 1.300000000000999911 ) ) ;
#8807 = DIRECTION ( 'NONE',  ( -1.000000000000000000, 0.000000000000000000, 0.000000000000000000 ) ) ;
#8808 = ORIENTED_EDGE ( 'NONE', *, *, #3058, .F. ) ;
#8809 = LINE ( 'NONE', #3753, #10903 ) ;
#8810 = VECTOR ( 'NONE', #6913, 1000.000000000000000 ) ;
#8811 = EDGE_CURVE ( 'NONE', #5029, #6483, #9131, .T. ) ;
#8812 = EDGE_CURVE ( 'NONE', #3976, #1451, #6620, .T. ) ;
#8813 = CARTESIAN_POINT ( 'NONE',  ( 4.169999999998999840, 1.199999999999000089, 1.959999999999999964 ) ) ;
#8814 = VERTEX_POINT ( 'NONE', #3621 ) ;
#8815 = ORIENTED_EDGE ( 'NONE', *, *, #8956, .T. ) ;
#8816 = CARTESIAN_POINT ( 'NONE',  ( -4.169999999998999840, 0.6000000000000003109, 0.3500000000010001222 ) ) ;
#8817 = VECTOR ( 'NONE', #5961, 1000.000000000000000 ) ;
#8818 = DIRECTION ( 'NONE',  ( 1.000000000000000000, 0.000000000000000000, 0.000000000000000000 ) ) ;
#8819 = ORIENTED_EDGE ( 'NONE', *, *, #11222, .T. ) ;
#8820 = DIRECTION ( 'NONE',  ( 0.000000000000000000, 1.000000000000000000, 3.252606517456518824E-15 ) ) ;
#8821 = ORIENTED_EDGE ( 'NONE', *, *, #19, .F. ) ;
#8822 = AXIS2_PLACEMENT_3D ( 'NONE', #5396, #12072, #2384 ) ;
#8823 = VECTOR ( 'NONE', #11210, 1000.000000000000000 ) ;
#8824 = ORIENTED_EDGE ( 'NONE', *, *, #10210, .F. ) ;
#8825 = CARTESIAN_POINT ( 'NONE',  ( 0.5767911585359999371, -0.6082251495429997767, 0.05000000000099998065 ) ) ;
#8826 = EDGE_CURVE ( 'NONE', #2932, #4463, #3558, .T. ) ;
#8827 = CARTESIAN_POINT ( 'NONE',  ( 0.9355317127360001095, -0.9140379111630000386, 0.07000000000100004005 ) ) ;
#8828 = LINE ( 'NONE', #37, #930 ) ;
#8829 = VERTEX_POINT ( 'NONE', #9507 ) ;
#8830 = DIRECTION ( 'NONE',  ( 1.000000000000000000, 0.000000000000000000, 0.000000000000000000 ) ) ;
#8831 = ORIENTED_EDGE ( 'NONE', *, *, #11189, .T. ) ;
#8832 = CARTESIAN_POINT ( 'NONE',  ( -4.169999999998999840, 0.6000000000000003109, 0.05000000000099998065 ) ) ;
#8833 = CARTESIAN_POINT ( 'NONE',  ( -3.219999999998999662, 1.999999999999000355, 2.660000000000000142 ) ) ;
#8834 = EDGE_CURVE ( 'NONE', #1322, #1887, #12453, .T. ) ;
#8835 = VECTOR ( 'NONE', #4402, 1000.000000000000000 ) ;
#8836 = VERTEX_POINT ( 'NONE', #8359 ) ;
#8837 = ORIENTED_EDGE ( 'NONE', *, *, #70, .F. ) ;
#8838 = DIRECTION ( 'NONE',  ( 0.000000000000000000, 3.491481338843000432E-15, -1.000000000000000000 ) ) ;
#8839 = FACE_OUTER_BOUND ( 'NONE', #3794, .T. ) ;
#8840 = ORIENTED_EDGE ( 'NONE', *, *, #8900, .F. ) ;
#8841 = CARTESIAN_POINT ( 'NONE',  ( 3.561273495334125627, 1.999999999999000799, 2.847450798331806698 ) ) ;
#8842 = DIRECTION ( 'NONE',  ( 0.000000000000000000, -1.000000000000000000, -3.491481338843000432E-15 ) ) ;
#8843 = ORIENTED_EDGE ( 'NONE', *, *, #12220, .F. ) ;
#8844 = CARTESIAN_POINT ( 'NONE',  ( -0.9749999999989999999, 0.3783882181409999323, 1.000068083900629290E-12 ) ) ;
#8845 = EDGE_CURVE ( 'NONE', #7153, #6502, #10533, .T. ) ;
#8846 = LINE ( 'NONE', #3017, #9432 ) ;
#8847 = LINE ( 'NONE', #8972, #8592 ) ;
#8848 = ADVANCED_FACE ( 'NONE', ( #12326 ), #2530, .T. ) ;
#8849 = VECTOR ( 'NONE', #5976, 1000.000000000000000 ) ;
#8850 = DIRECTION ( 'NONE',  ( -1.000000000000000000, 0.000000000000000000, 0.000000000000000000 ) ) ;
#8851 = CARTESIAN_POINT ( 'NONE',  ( -1.173392787690999972, -1.338400436591999920, 0.07000000000100004005 ) ) ;
#8852 = CARTESIAN_POINT ( 'NONE',  ( 1.182926829268000191, -0.6082251495429997767, 0.07000000000100004005 ) ) ;
#8853 = CARTESIAN_POINT ( 'NONE',  ( 1.025000000000000133, -9.116756773326001095, 0.04999999999999991257 ) ) ;
#8854 = VERTEX_POINT ( 'NONE', #3430 ) ;
#8855 = ORIENTED_EDGE ( 'NONE', *, *, #5587, .T. ) ;
#8856 = CARTESIAN_POINT ( 'NONE',  ( -0.6502374838590000428, -0.6444415515699999375, 0.05000000000099998065 ) ) ;
#8857 = DIRECTION ( 'NONE',  ( -5.421010862426999550E-16, -1.000000000000000000, 0.000000000000000000 ) ) ;
#8858 = CIRCLE ( 'NONE', #9683, 0.2000000000000000944 ) ;
#8859 = DIRECTION ( 'NONE',  ( -1.000000000000000000, 0.000000000000000000, 0.000000000000000000 ) ) ;
#8860 = VECTOR ( 'NONE', #2263, 1000.000000000000000 ) ;
#8861 = EDGE_CURVE ( 'NONE', #5168, #10182, #665, .T. ) ;
#8862 = LINE ( 'NONE', #10929, #1493 ) ;
#8863 = DIRECTION ( 'NONE',  ( -1.000000000000000000, 0.000000000000000000, 0.000000000000000000 ) ) ;
#8864 = DIRECTION ( 'NONE',  ( -1.000000000000000000, 0.000000000000000000, 0.000000000000000000 ) ) ;
#8865 = VERTEX_POINT ( 'NONE', #1567 ) ;
#8866 = CARTESIAN_POINT ( 'NONE',  ( -1.974999999999000222, 0.1000000000000002554, 0.1000000000010001083 ) ) ;
#8867 = PRESENTATION_LAYER_ASSIGNMENT (  '', '', ( #276 ) ) ;
#8868 = ORIENTED_EDGE ( 'NONE', *, *, #5376, .T. ) ;
#8869 = DIRECTION ( 'NONE',  ( 0.000000000000000000, -3.491481338843000432E-15, 1.000000000000000000 ) ) ;
#8870 = VERTEX_POINT ( 'NONE', #5471 ) ;
#8871 = LINE ( 'NONE', #11761, #8054 ) ;
#8872 = EDGE_CURVE ( 'NONE', #6764, #2348, #11251, .T. ) ;
#8873 = LINE ( 'NONE', #11697, #4869 ) ;
#8874 = CARTESIAN_POINT ( 'NONE',  ( -0.2749999999989999888, -9.116756773326001095, 0.04999999999999991257 ) ) ;
#8875 = VECTOR ( 'NONE', #1207, 1000.000000000000000 ) ;
#8876 = EDGE_LOOP ( 'NONE', ( #4198, #10723, #10674, #998 ) ) ;
#8877 = LINE ( 'NONE', #11008, #1869 ) ;
#8878 = CARTESIAN_POINT ( 'NONE',  ( 0.9756097560969999583, -1.117943137347999771, 0.05000000000099998065 ) ) ;
#8879 = VERTEX_POINT ( 'NONE', #6376 ) ;
#8880 = EDGE_LOOP ( 'NONE', ( #8537, #10187, #4512, #8980 ) ) ;
#8881 = CARTESIAN_POINT ( 'NONE',  ( -3.779463323518219564, 1.921329233822288263, 2.727807823344446714 ) ) ;
#8882 = CARTESIAN_POINT ( 'NONE',  ( 3.219999999998999662, 1.999999999999000355, 1.959999999999999964 ) ) ;
#8883 = EDGE_LOOP ( 'NONE', ( #3836, #2990, #9205, #2149 ) ) ;
#8884 = B_SPLINE_CURVE_WITH_KNOTS ( 'NONE', 3,
 ( #8904, #4102, #117, #8011, #7943, #7051, #2183, #6093, #1533, #8386, #11405 ),
 .UNSPECIFIED., .F., .F.,
 ( 4, 1, 1, 1, 1, 1, 1, 1, 4 ),
 ( 0.000000000000000000, 0.1451868664719999924, 0.2834426109189999710, 0.4165243659280000177, 0.5431811235350000322, 0.6651530826370000149, 0.7813602063119999830, 0.8927566556410000409, 0.9999999999990000221 ),
 .UNSPECIFIED. ) ;
#8885 = EDGE_CURVE ( 'NONE', #12202, #6538, #10296, .T. ) ;
#8886 = CARTESIAN_POINT ( 'NONE',  ( 3.219999999998999662, 1.999999999999000355, 2.859999999999999876 ) ) ;
#8887 = ORIENTED_EDGE ( 'NONE', *, *, #5146, .F. ) ;
#8888 = ORIENTED_EDGE ( 'NONE', *, *, #7815, .T. ) ;
#8889 = CARTESIAN_POINT ( 'NONE',  ( -4.169999999998999840, 0.6000000000000003109, 0.3500000000010001222 ) ) ;
#8890 = CARTESIAN_POINT ( 'NONE',  ( 0.6254447318229999775, -0.7189423515299999679, 0.07000000000100004005 ) ) ;
#8891 = DIRECTION ( 'NONE',  ( -1.000000000000000000, 0.000000000000000000, 0.000000000000000000 ) ) ;
#8892 = ORIENTED_EDGE ( 'NONE', *, *, #1631, .T. ) ;
#8893 = DIRECTION ( 'NONE',  ( 0.000000000000000000, 3.491481338843000432E-15, -1.000000000000000000 ) ) ;
#8894 = ORIENTED_EDGE ( 'NONE', *, *, #1222, .F. ) ;
#8895 = CARTESIAN_POINT ( 'NONE',  ( -0.8786204268289999897, -0.7057861251529998770, 0.07000000000100004005 ) ) ;
#8896 = DIRECTION ( 'NONE',  ( 0.000000000000000000, -1.000000000000000000, -3.491481338843000432E-15 ) ) ;
#8897 = ORIENTED_EDGE ( 'NONE', *, *, #6934, .T. ) ;
#8898 = DIRECTION ( 'NONE',  ( 0.000000000000000000, 1.000000000000000000, 2.891205793294678622E-15 ) ) ;
#8899 = CARTESIAN_POINT ( 'NONE',  ( -4.469999999998999662, 2.000000000000000444, 1.709999999999999964 ) ) ;
#8900 = EDGE_CURVE ( 'NONE', #7954, #159, #5413, .T. ) ;
#8901 = PLANE ( 'NONE',  #11943 ) ;
#8902 = ORIENTED_EDGE ( 'NONE', *, *, #6118, .F. ) ;
#8903 = DIRECTION ( 'NONE',  ( -1.000000000000000000, 0.000000000000000000, 0.000000000000000000 ) ) ;
#8904 = CARTESIAN_POINT ( 'NONE',  ( -0.8572789634140000059, -1.620420271493999920, 0.05000000000099998065 ) ) ;
#8906 = ORIENTED_EDGE ( 'NONE', *, *, #2956, .F. ) ;
#8905 = AXIS2_PLACEMENT_3D ( 'NONE', #6732, #909, #4816 ) ;
#8907 = DIRECTION ( 'NONE',  ( 1.000000000000000000, 0.000000000000000000, 0.000000000000000000 ) ) ;
#8908 = DIRECTION ( 'NONE',  ( 1.000000000000000000, 0.000000000000000000, 0.000000000000000000 ) ) ;
#8909 = LINE ( 'NONE', #2053, #2049 ) ;
#8910 = LINE ( 'NONE', #3019, #4129 ) ;
#8911 = LINE ( 'NONE', #5005, #10757 ) ;
#8912 = LINE ( 'NONE', #4051, #6150 ) ;
#8913 = CARTESIAN_POINT ( 'NONE',  ( -1.052699993788000166, -0.7466249143239999109, 0.07000000000100004005 ) ) ;
#8914 = VECTOR ( 'NONE', #9803, 1000.000000000000000 ) ;
#8915 = ORIENTED_EDGE ( 'NONE', *, *, #540, .F. ) ;
#8916 = VERTEX_POINT ( 'NONE', #11435 ) ;
#8917 = CARTESIAN_POINT ( 'NONE',  ( -2.469999999999000106, -2.250000000000000000, 1.629999999999998783 ) ) ;
#8918 = EDGE_CURVE ( 'NONE', #10949, #3698, #6499, .T. ) ;
#8919 = LINE ( 'NONE', #8027, #8600 ) ;
#8920 = CARTESIAN_POINT ( 'NONE',  ( -4.469999999998999662, -2.250000000000000000, 1.500000000000000000 ) ) ;
#8921 = CARTESIAN_POINT ( 'NONE',  ( 1.975000000000000089, 1.800000000000000044, 0.1000000000010001083 ) ) ;
#8922 = VECTOR ( 'NONE', #331, 1000.000000000000000 ) ;
#8923 = AXIS2_PLACEMENT_3D ( 'NONE', #6343, #4300, #2498 ) ;
#8924 = LINE ( 'NONE', #1172, #8652 ) ;
#8925 = VECTOR ( 'NONE', #10325, 1000.000000000000000 ) ;
#8926 = CARTESIAN_POINT ( 'NONE',  ( -4.169999999998999840, 0.6000000000000003109, 0.05000000000099998065 ) ) ;
#8927 = DIRECTION ( 'NONE',  ( 0.000000000000000000, -3.491481338843000432E-15, 1.000000000000000000 ) ) ;
#8928 = ORIENTED_EDGE ( 'NONE', *, *, #9588, .F. ) ;
#8929 = CARTESIAN_POINT ( 'NONE',  ( -1.000000000000000000, -1.949999999999994182, 0.000000000000000000 ) ) ;
#8930 = ADVANCED_FACE ( 'NONE', ( #1872 ), #11558, .T. ) ;
#8931 = AXIS2_PLACEMENT_3D ( 'NONE', #11158, #10320, #4534 ) ;
#8932 = ORIENTED_EDGE ( 'NONE', *, *, #5719, .F. ) ;
#8933 = VECTOR ( 'NONE', #589, 1000.000000000000000 ) ;
#8934 = FACE_OUTER_BOUND ( 'NONE', #7927, .T. ) ;
#8935 = EDGE_CURVE ( 'NONE', #3259, #475, #8517, .T. ) ;
#8936 = ADVANCED_FACE ( 'NONE', ( #10797 ), #8604, .T. ) ;
#8937 = AXIS2_PLACEMENT_3D ( 'NONE', #5470, #10596, #4756 ) ;
#8938 = CARTESIAN_POINT ( 'NONE',  ( -1.157521680017000065, -0.8387997128339997888, 0.07000000000100004005 ) ) ;
#8939 = DIRECTION ( 'NONE',  ( 0.000000000000000000, 1.000000000000000000, 3.523657060577889805E-15 ) ) ;
#8940 = CYLINDRICAL_SURFACE ( 'NONE', #10176, 0.2000000000000000111 ) ;
#8941 = ORIENTED_EDGE ( 'NONE', *, *, #9321, .T. ) ;
#8942 = DIRECTION ( 'NONE',  ( 0.000000000000000000, -1.000000000000000000, -3.491481338843000432E-15 ) ) ;
#8943 = PLANE ( 'NONE',  #1238 ) ;
#8944 = ORIENTED_EDGE ( 'NONE', *, *, #12380, .F. ) ;
#8945 = ORIENTED_EDGE ( 'NONE', *, *, #3722, .F. ) ;
#8946 = CARTESIAN_POINT ( 'NONE',  ( -3.787991410507709489, 1.908312917374549000, 2.721520729553985163 ) ) ;
#8947 = EDGE_CURVE ( 'NONE', #4461, #7241, #3996, .T. ) ;
#8948 = DIRECTION ( 'NONE',  ( -1.000000000000000000, 0.000000000000000000, 0.000000000000000000 ) ) ;
#8949 = ORIENTED_EDGE ( 'NONE', *, *, #3192, .F. ) ;
#8950 = DIRECTION ( 'NONE',  ( 0.000000000000000000, 3.664953686440000749E-15, -1.000000000000000000 ) ) ;
#8951 = ORIENTED_EDGE ( 'NONE', *, *, #6563, .T. ) ;
#8952 = ORIENTED_EDGE ( 'NONE', *, *, #4980, .F. ) ;
#8953 = DIRECTION ( 'NONE',  ( 1.000000000000000000, 0.000000000000000000, 0.000000000000000000 ) ) ;
#8954 = LINE ( 'NONE', #165, #2285 ) ;
#8955 = ORIENTED_EDGE ( 'NONE', *, *, #7228, .F. ) ;
#8956 = EDGE_CURVE ( 'NONE', #11704, #3491, #123, .T. ) ;
#8957 = CARTESIAN_POINT ( 'NONE',  ( -0.8665450062630000172, -0.7059446656999999181, 0.05000000000099998065 ) ) ;
#8958 = ORIENTED_EDGE ( 'NONE', *, *, #6234, .T. ) ;
#8959 = CARTESIAN_POINT ( 'NONE',  ( 0.000000000000000000, -5.299999999999999822, 1.829999999998999982 ) ) ;
#8960 = EDGE_CURVE ( 'NONE', #6844, #831, #5713, .T. ) ;
#8961 = LINE ( 'NONE', #2172, #11967 ) ;
#8962 = ORIENTED_EDGE ( 'NONE', *, *, #4908, .F. ) ;
#8963 = CARTESIAN_POINT ( 'NONE',  ( -4.469999999998999662, -4.349999999998999556, 1.300000000000000044 ) ) ;
#8964 = DIRECTION ( 'NONE',  ( 0.000000000000000000, -1.000000000000000000, -3.491481338843000432E-15 ) ) ;
#8965 = DIRECTION ( 'NONE',  ( 1.000000000000000000, 0.000000000000000000, 0.000000000000000000 ) ) ;
#8966 = ORIENTED_EDGE ( 'NONE', *, *, #3679, .T. ) ;
#8967 = CARTESIAN_POINT ( 'NONE',  ( -0.2749999999989999888, 0.9000000000000002442, 0.1000000000010001083 ) ) ;
#8968 = PLANE ( 'NONE',  #3207 ) ;
#8969 = ORIENTED_EDGE ( 'NONE', *, *, #4658, .F. ) ;
#8970 = CARTESIAN_POINT ( 'NONE',  ( 4.169999999998999840, -2.932842712473999747, -0.5500000000000001554 ) ) ;
#8971 = CARTESIAN_POINT ( 'NONE',  ( -0.4749999999989999999, 0.6000000000000003109, 0.05000000000099998065 ) ) ;
#8972 = CARTESIAN_POINT ( 'NONE',  ( -0.2749999999989999888, 0.6000000000000003109, 0.3500000000010001222 ) ) ;
#8973 = LINE ( 'NONE', #11042, #6378 ) ;
#8974 = LINE ( 'NONE', #6099, #9524 ) ;
#8975 = EDGE_CURVE ( 'NONE', #9073, #6494, #6804, .T. ) ;
#8976 = EDGE_CURVE ( 'NONE', #8205, #4019, #5980, .T. ) ;
#8977 = EDGE_CURVE ( 'NONE', #8801, #7954, #3868, .T. ) ;
#8978 = CARTESIAN_POINT ( 'NONE',  ( 1.974999999999000222, -9.116756773326001095, 0.04999999999999991257 ) ) ;
#8979 = CARTESIAN_POINT ( 'NONE',  ( -1.224999999999000000, 1.400000000000000133, 0.05000000000099998065 ) ) ;
#8980 = ORIENTED_EDGE ( 'NONE', *, *, #1952, .T. ) ;
#8981 = VERTEX_POINT ( 'NONE', #2831 ) ;
#8982 = LINE ( 'NONE', #7065, #7701 ) ;
#8983 = CARTESIAN_POINT ( 'NONE',  ( 3.624999999998999467, 0.9000000000000002442, -0.1767949192430001704 ) ) ;
#8984 = LINE ( 'NONE', #1169, #10972 ) ;
#8985 = CARTESIAN_POINT ( 'NONE',  ( 0.02500000000000000139, 0.3783882181409999323, 1.000068083900629290E-12 ) ) ;
#8986 = DIRECTION ( 'NONE',  ( 0.000000000000000000, 1.000000000000000000, 2.168404344971007685E-15 ) ) ;
#8987 = CARTESIAN_POINT ( 'NONE',  ( 4.219902345524296550, 1.872949910635710591, 2.710130205964604855 ) ) ;
#8988 = CARTESIAN_POINT ( 'NONE',  ( 1.775000000000000133, 1.400000000000000133, 1.000068083900629290E-12 ) ) ;
#8989 = CARTESIAN_POINT ( 'NONE',  ( -3.220000000000000195, -2.049999999999000178, 0.3499999999999998113 ) ) ;
#8990 = ADVANCED_FACE ( 'NONE', ( #9772 ), #10598, .T. ) ;
#8991 = CIRCLE ( 'NONE', #7757, 0.9499999999990003108 ) ;
#8992 = LINE ( 'NONE', #3871, #8590 ) ;
#8993 = ORIENTED_EDGE ( 'NONE', *, *, #2877, .F. ) ;
#8994 = DIRECTION ( 'NONE',  ( 0.000000000000000000, 1.000000000000000000, 3.523657060582293621E-15 ) ) ;
#8995 = EDGE_CURVE ( 'NONE', #8497, #1621, #11818, .T. ) ;
#8996 = PLANE ( 'NONE',  #400 ) ;
#8997 = LINE ( 'NONE', #10102, #9840 ) ;
#8998 = AXIS2_PLACEMENT_3D ( 'NONE', #9708, #7706, #3105 ) ;
#8999 = DIRECTION ( 'NONE',  ( 0.000000000000000000, 3.491481338843000432E-15, -1.000000000000000000 ) ) ;
#9000 = ORIENTED_EDGE ( 'NONE', *, *, #1108, .T. ) ;
#9001 = CARTESIAN_POINT ( 'NONE',  ( 1.607660060975000027, -1.416151978810999967, 0.07000000000100004005 ) ) ;
#9002 = EDGE_CURVE ( 'NONE', #8487, #9104, #6738, .T. ) ;
#9003 = DIRECTION ( 'NONE',  ( 0.000000000000000000, 3.491481338843000432E-15, -1.000000000000000000 ) ) ;
#9004 = ORIENTED_EDGE ( 'NONE', *, *, #7468, .T. ) ;
#9005 = ORIENTED_EDGE ( 'NONE', *, *, #5705, .F. ) ;
#9006 = CARTESIAN_POINT ( 'NONE',  ( -3.598939872914178384, 1.999999999999000355, 2.834722152209802726 ) ) ;
#9007 = VECTOR ( 'NONE', #6885, 1000.000000000000000 ) ;
#9008 = VECTOR ( 'NONE', #12201, 1000.000000000000000 ) ;
#9009 = CARTESIAN_POINT ( 'NONE',  ( -1.294929607997000076, -0.8041242916949999930, 0.05000000000099998065 ) ) ;
#9010 = VERTEX_POINT ( 'NONE', #9705 ) ;
#9011 = VECTOR ( 'NONE', #2314, 1000.000000000000114 ) ;
#9012 = PRODUCT_CONTEXT ( 'NONE', #4467, 'mechanical' ) ;
#9013 = PLANE ( 'NONE',  #3648 ) ;
#9014 = ORIENTED_EDGE ( 'NONE', *, *, #3312, .F. ) ;
#9015 = VECTOR ( 'NONE', #10197, 1000.000000000000000 ) ;
#9016 = ADVANCED_FACE ( 'NONE', ( #11751 ), #913, .T. ) ;
#9017 = ORIENTED_EDGE ( 'NONE', *, *, #12222, .F. ) ;
#9018 = AXIS2_PLACEMENT_3D ( 'NONE', #1106, #6866, #191 ) ;
#9019 = CYLINDRICAL_SURFACE ( 'NONE', #12339, 0.7999999999990000665 ) ;
#9020 = VECTOR ( 'NONE', #7448, 1000.000000000000000 ) ;
#9021 = DIRECTION ( 'NONE',  ( 0.000000000000000000, 3.491481338843790082E-15, -1.000000000000000000 ) ) ;
#9022 = ORIENTED_EDGE ( 'NONE', *, *, #3397, .F. ) ;
#9023 = CARTESIAN_POINT ( 'NONE',  ( -0.8665450062630000172, -0.7059446656999999181, 0.07000000000100004005 ) ) ;
#9024 = ORIENTED_EDGE ( 'NONE', *, *, #294, .F. ) ;
#9025 = LINE ( 'NONE', #8832, #6288 ) ;
#9026 = FACE_OUTER_BOUND ( 'NONE', #6559, .T. ) ;
#9027 = EDGE_LOOP ( 'NONE', ( #3611, #11431, #5314, #2370 ) ) ;
#9028 = VECTOR ( 'NONE', #6300, 1000.000000000000000 ) ;
#9029 = EDGE_LOOP ( 'NONE', ( #4909, #377, #1928, #2209 ) ) ;
#9030 = CARTESIAN_POINT ( 'NONE',  ( 1.109756097560000043, -1.120801369054999830, 0.07000000000100004005 ) ) ;
#9031 = CIRCLE ( 'NONE', #9441, 0.8500000000000000888 ) ;
#9032 = DIRECTION ( 'NONE',  ( 0.000000000000000000, -3.491481338843000432E-15, 1.000000000000000000 ) ) ;
#9033 = DIRECTION ( 'NONE',  ( 0.000000000000000000, 1.000000000000000000, 3.491481338843000432E-15 ) ) ;
#9034 = VERTEX_POINT ( 'NONE', #10663 ) ;
#9035 = CARTESIAN_POINT ( 'NONE',  ( -3.925578471917361867, 1.199999999998996092, 2.598015006110327985 ) ) ;
#9036 = DIRECTION ( 'NONE',  ( 0.000000000000000000, 3.491481338843000432E-15, -1.000000000000000000 ) ) ;
#9037 = ADVANCED_FACE ( 'NONE', ( #1114 ), #7644, .F. ) ;
#9038 = ORIENTED_EDGE ( 'NONE', *, *, #7975, .T. ) ;
#9039 = LINE ( 'NONE', #250, #12144 ) ;
#9040 = CARTESIAN_POINT ( 'NONE',  ( -4.169999999998999840, -2.849999999999000000, -0.5500000000000001554 ) ) ;
#9041 = DIRECTION ( 'NONE',  ( -1.000000000000000000, 0.000000000000000000, 0.000000000000000000 ) ) ;
#9042 = VECTOR ( 'NONE', #10013, 1000.000000000000000 ) ;
#9043 = CARTESIAN_POINT ( 'NONE',  ( 0.3048780487799999661, -1.608225149542999999, 0.07000000000100004005 ) ) ;
#9044 = CARTESIAN_POINT ( 'NONE',  ( -2.974999999998999556, 0.3783882181409999323, 1.000068083900629290E-12 ) ) ;
#9045 = VECTOR ( 'NONE', #4649, 1000.000000000000000 ) ;
#9046 = CARTESIAN_POINT ( 'NONE',  ( 3.399999999998999822, -0.1999999999999998723, -0.4499999999989998112 ) ) ;
#9047 = CARTESIAN_POINT ( 'NONE',  ( -4.000000000000000000, -1.949999999999994182, 0.000000000000000000 ) ) ;
#9048 = ORIENTED_EDGE ( 'NONE', *, *, #4314, .F. ) ;
#9049 = ORIENTED_EDGE ( 'NONE', *, *, #32, .T. ) ;
#9050 = DIRECTION ( 'NONE',  ( 0.000000000000000000, 3.491481338843000432E-15, -1.000000000000000000 ) ) ;
#9051 = CARTESIAN_POINT ( 'NONE',  ( -3.219999999998999662, -0.2999999999999999334, 1.300000000000999911 ) ) ;
#9052 = ORIENTED_EDGE ( 'NONE', *, *, #12578, .F. ) ;
#9053 = FACE_OUTER_BOUND ( 'NONE', #615, .T. ) ;
#9054 = ADVANCED_FACE ( 'NONE', ( #3032 ), #1936, .T. ) ;
#9055 = VECTOR ( 'NONE', #6659, 1000.000000000000000 ) ;
#9056 = LINE ( 'NONE', #12194, #9661 ) ;
#9057 = DIRECTION ( 'NONE',  ( 0.000000000000000000, -1.000000000000000000, -3.491481338843000432E-15 ) ) ;
#9058 = CARTESIAN_POINT ( 'NONE',  ( -2.469999999999000106, -4.150000000000000355, 1.629999999999992344 ) ) ;
#9059 = LINE ( 'NONE', #274, #9755 ) ;
#9060 = LINE ( 'NONE', #12142, #3486 ) ;
#9061 = VERTEX_POINT ( 'NONE', #8796 ) ;
#9062 = LINE ( 'NONE', #6306, #5782 ) ;
#9063 = ORIENTED_EDGE ( 'NONE', *, *, #934, .T. ) ;
#9064 = DIRECTION ( 'NONE',  ( 0.000000000000000000, 3.491481338843000432E-15, -1.000000000000000000 ) ) ;
#9065 = EDGE_CURVE ( 'NONE', #10211, #1800, #7837, .T. ) ;
#9066 = DIRECTION ( 'NONE',  ( 1.000000000000000000, 0.000000000000000000, 0.000000000000000000 ) ) ;
#9067 = PLANE ( 'NONE',  #5046 ) ;
#9068 = AXIS2_PLACEMENT_3D ( 'NONE', #97, #6135, #7035 ) ;
#9069 = DIRECTION ( 'NONE',  ( 5.421010862427522170E-16, 1.000000000000000000, 3.523657060577889805E-15 ) ) ;
#9070 = VECTOR ( 'NONE', #10494, 1000.000000000000000 ) ;
#9071 = LINE ( 'NONE', #1320, #849 ) ;
#9072 = B_SPLINE_CURVE_WITH_KNOTS ( 'NONE', 3,
 ( #2048, #8583, #6917, #10775, #4801, #5693, #6718, #9813, #7881, #8711, #12492, #896, #9610, #9878, #7744, #10637, #2947, #3720, #9681 ),
 .UNSPECIFIED., .F., .F.,
 ( 4, 1, 1, 1, 1, 1, 1, 1, 1, 1, 1, 1, 1, 1, 1, 1, 4 ),
 ( 0.000000000000000000, 0.06806869584399999340, 0.1334274328179999858, 0.1961460338129999981, 0.2570485924490000240, 0.3168826631589999887, 0.3761872086659999725, 0.4359603353629999956, 0.4965352368620000179, 0.5574653434799999863, 0.6176868634100000088, 0.6779436406959999939, 0.7388052848060000510, 0.8009493367659999974, 0.8648146674700000203, 0.9310247810780000188, 1.000000000000000000 ),
 .UNSPECIFIED. ) ;
#9073 = VERTEX_POINT ( 'NONE', #10156 ) ;
#9074 = EDGE_CURVE ( 'NONE', #11499, #7559, #12609, .T. ) ;
#9075 = ORIENTED_EDGE ( 'NONE', *, *, #10286, .T. ) ;
#9076 = LINE ( 'NONE', #9852, #3557 ) ;
#9077 = LINE ( 'NONE', #4209, #2914 ) ;
#9078 = ORIENTED_EDGE ( 'NONE', *, *, #1684, .T. ) ;
#9079 = VECTOR ( 'NONE', #6036, 1000.000000000000000 ) ;
#9080 = EDGE_CURVE ( 'NONE', #4971, #5553, #8034, .T. ) ;
#9081 = DIRECTION ( 'NONE',  ( -1.000000000000000000, 0.000000000000000000, 0.000000000000000000 ) ) ;
#9082 = CLOSED_SHELL ( 'NONE', ( #5280, #3974, #5201, #10818, #381, #5830, #6915, #5701, #8057, #9988, #10795, #2435, #8458, #6476, #2026, #12157, #3481, #8706, #8693, #4588, #1112, #8990, #2526, #5638, #917, #6425, #180, #11049, #12286, #3131, #9337, #6387, #3371, #12431, #4890, #3826, #8161, #2585, #6543, #4952, #5205, #11974, #5106, #4050, #8307, #3612, #4689, #4256, #6649, #12567, #6527, #10457, #9614, #1575, #3125, #1456, #8330, #10243, #7582, #10117, #9471, #3639, #3326, #4296, #7764, #5300, #198, #11921, #2854, #8601, #7352, #8654, #8542, #2104, #6162, #9792, #5334, #12627, #7443, #4134, #5513, #12594, #8415, #1625, #12346, #3042, #11352, #9768, #4999, #12610, #3269, #1264, #7369, #6346, #10567, #7929, #9094, #9924, #2537, #783, #11907, #1252, #12468, #11233, #11217, #8151, #6437, #8128, #4730, #595, #397, #11246, #7891, #8653, #6797, #6997, #10699, #4621, #10392, #3618, #33, #10735, #1284, #9226, #364, #4002, #8930, #3865, #10230, #10206, #1908, #955, #10090, #141, #8219, #8768, #5024, #1455, #7640, #11859, #12270, #5487, #4545, #11055, #4122, #142, #2203, #12327, #4103, #6045, #12439, #7591, #5978, #6762, #1400, #8362, #8541, #1890, #2162, #11413, #2074, #2787, #10209, #2906, #753, #12143, #3547, #7753, #5014, #1966, #2024, #5472, #8797, #7484, #3071, #7960, #2709, #1718, #626, #10685, #2568, #2815, #5558, #4339, #10918, #2463, #2235, #4440, #6277, #1014, #842, #9016, #8367, #5485, #6112, #9318, #8088, #7747, #542, #9836, #1177, #9810, #3300, #2693, #107, #8145, #2136, #3360, #8679, #4687, #4773, #2089, #1558, #8025, #395, #2329, #5482 ) ) ;
#9083 = ORIENTED_EDGE ( 'NONE', *, *, #4016, .T. ) ;
#9084 = EDGE_LOOP ( 'NONE', ( #4841, #4728, #9726, #10606 ) ) ;
#9085 = CARTESIAN_POINT ( 'NONE',  ( 2.475000000000000089, 1.800000000000000044, 0.1000000000010001083 ) ) ;
#9086 = DIRECTION ( 'NONE',  ( 0.000000000000000000, -4.336808689942000381E-15, 1.000000000000000000 ) ) ;
#9087 = ORIENTED_EDGE ( 'NONE', *, *, #1541, .T. ) ;
#9088 = VECTOR ( 'NONE', #9300, 1000.000000000000000 ) ;
#9089 = LINE ( 'NONE', #301, #7765 ) ;
#9090 = ORIENTED_EDGE ( 'NONE', *, *, #6090, .F. ) ;
#9091 = CARTESIAN_POINT ( 'NONE',  ( -0.6219512195119999420, -0.7698105153960000946, 0.07000000000100004005 ) ) ;
#9092 = DIRECTION ( 'NONE',  ( 0.000000000000000000, 1.000000000000000000, 3.491481338843000432E-15 ) ) ;
#9093 = VERTEX_POINT ( 'NONE', #12140 ) ;
#9094 = ADVANCED_FACE ( 'NONE', ( #2207 ), #8228, .T. ) ;
#9095 = ORIENTED_EDGE ( 'NONE', *, *, #4680, .F. ) ;
#9096 = CARTESIAN_POINT ( 'NONE',  ( -3.219999999998999662, -0.2999999999999999334, 1.300000000000999911 ) ) ;
#9097 = CARTESIAN_POINT ( 'NONE',  ( 0.2250000000000000056, 0.3783882181409999323, 0.8000000000009999113 ) ) ;
#9098 = ADVANCED_FACE ( 'NONE', ( #11957 ), #3294, .T. ) ;
#9099 = CARTESIAN_POINT ( 'NONE',  ( -4.169999999998999840, 2.000000000000000444, 0.05000000000099998065 ) ) ;
#9100 = EDGE_CURVE ( 'NONE', #8352, #2046, #3235, .T. ) ;
#9101 = ORIENTED_EDGE ( 'NONE', *, *, #7082, .T. ) ;
#9102 = CARTESIAN_POINT ( 'NONE',  ( 1.525000000000000133, 0.3783882181409999323, 0.8000000000009999113 ) ) ;
#9103 = DIRECTION ( 'NONE',  ( -1.000000000000000000, 0.000000000000000000, 0.000000000000000000 ) ) ;
#9104 = VERTEX_POINT ( 'NONE', #11123 ) ;
#9105 = CARTESIAN_POINT ( 'NONE',  ( 3.219999999998999662, 2.000000000000000444, 1.300000000000999911 ) ) ;
#9106 = PLANE ( 'NONE',  #1248 ) ;
#9107 = CARTESIAN_POINT ( 'NONE',  ( -0.7749999999990000443, 0.3783882181409999323, 0.8000000000009999113 ) ) ;
#9108 = FACE_OUTER_BOUND ( 'NONE', #6191, .T. ) ;
#9109 = CARTESIAN_POINT ( 'NONE',  ( -1.451219512195000005, -0.7179812471039999089, 0.05000000000099998065 ) ) ;
#9110 = DIRECTION ( 'NONE',  ( 0.000000000000000000, -3.491481338843000432E-15, 1.000000000000000000 ) ) ;
#9111 = DIRECTION ( 'NONE',  ( 0.000000000000000000, 3.491481338843000432E-15, -1.000000000000000000 ) ) ;
#9112 = EDGE_CURVE ( 'NONE', #3471, #6755, #337, .T. ) ;
#9113 = ORIENTED_EDGE ( 'NONE', *, *, #3778, .T. ) ;
#9114 = ORIENTED_EDGE ( 'NONE', *, *, #4146, .T. ) ;
#9115 = DIRECTION ( 'NONE',  ( -1.000000000000000000, 0.000000000000000000, 0.000000000000000000 ) ) ;
#9116 = FACE_OUTER_BOUND ( 'NONE', #10347, .T. ) ;
#9117 = EDGE_LOOP ( 'NONE', ( #929, #7812, #4844, #4567 ) ) ;
#9118 = CARTESIAN_POINT ( 'NONE',  ( 5.000000000000000000, -1.949999999999994182, 0.000000000000000000 ) ) ;
#9119 = DIRECTION ( 'NONE',  ( 0.000000000000000000, 1.000000000000000000, 3.523657060582293621E-15 ) ) ;
#9120 = DIRECTION ( 'NONE',  ( 0.000000000000000000, 3.491481338843000432E-15, -1.000000000000000000 ) ) ;
#9121 = AXIS2_PLACEMENT_3D ( 'NONE', #1205, #5113, #10374 ) ;
#9122 = CARTESIAN_POINT ( 'NONE',  ( 2.085365853658000201, -0.6082251495429997767, 0.07000000000100004005 ) ) ;
#9123 = CARTESIAN_POINT ( 'NONE',  ( -4.469999999998999662, 2.000000000000000444, -0.3499999999989999999 ) ) ;
#9124 = VECTOR ( 'NONE', #11494, 1000.000000000000000 ) ;
#9125 = DIRECTION ( 'NONE',  ( 0.000000000000000000, -3.252606517456000542E-15, 1.000000000000000000 ) ) ;
#9126 = EDGE_CURVE ( 'NONE', #7391, #7029, #11182, .T. ) ;
#9127 = ORIENTED_EDGE ( 'NONE', *, *, #1827, .F. ) ;
#9128 = CARTESIAN_POINT ( 'NONE',  ( -0.6219512195119999420, -1.580786125152999988, 0.07000000000100004005 ) ) ;
#9129 = CARTESIAN_POINT ( 'NONE',  ( -3.219999999998999662, 1.800000000000000044, 0.1000000000010001083 ) ) ;
#9130 = AXIS2_PLACEMENT_3D ( 'NONE', #6723, #1855, #5766 ) ;
#9131 = CIRCLE ( 'NONE', #3605, 0.1999999999999996503 ) ;
#9132 = LINE ( 'NONE', #9978, #12277 ) ;
#9133 = AXIS2_PLACEMENT_3D ( 'NONE', #9299, #11478, #2633 ) ;
#9134 = CARTESIAN_POINT ( 'NONE',  ( 0.2250000000000000056, 0.1000000000000002554, 1.000068083900629290E-12 ) ) ;
#9135 = B_SPLINE_SURFACE_WITH_KNOTS ( 'NONE', 3, 1, ( 
 ( #6927, #7824 ),
 ( #8486, #5836 ),
 ( #9760, #11808 ),
 ( #9821, #4579 ),
 ( #3022, #4876 ),
 ( #671, #12394 ),
 ( #2058, #8785 ),
 ( #2955, #3625 ),
 ( #4944, #7529 ),
 ( #12688, #11438 ),
 ( #10787, #9890 ),
 ( #1101, #6562 ),
 ( #8913, #3562 ),
 ( #2597, #10479 ),
 ( #5600, #9511 ),
 ( #5903, #186 ),
 ( #2319, #6165 ),
 ( #5200, #5322 ),
 ( #10143, #5135 ) ),
 .UNSPECIFIED., .F., .F., .F.,
 ( 4, 1, 1, 1, 1, 1, 1, 1, 1, 1, 1, 1, 1, 1, 1, 1, 4 ),
 ( 2, 2 ),
 ( 0.000000000000000000, 0.07377411937399999675, 0.1440791147260000182, 0.2113485183079999996, 0.2760768857389999664, 0.3385209158189999568, 0.3998851166929999756, 0.4602540674649999719, 0.5205889643909999975, 0.5802076845629999813, 0.6386329085520000559, 0.6963645494900000399, 0.7540017746600000681, 0.8128056813739999997, 0.8727544255250000438, 0.9351819969779999742, 1.000000000000000000 ),
 ( 0.000000000000000000, 1.000000000000000000 ),
 .UNSPECIFIED. ) ;
#9136 = CARTESIAN_POINT ( 'NONE',  ( 4.469999999998999662, 2.000000000000000444, 1.300000000000999911 ) ) ;
#9137 = DIRECTION ( 'NONE',  ( -1.000000000000000000, 0.000000000000000000, 0.000000000000000000 ) ) ;
#9138 = CARTESIAN_POINT ( 'NONE',  ( 1.424733231707000058, -0.8887129544209999565, 0.05000000000099998065 ) ) ;
#9139 = ORIENTED_EDGE ( 'NONE', *, *, #2423, .T. ) ;
#9140 = ORIENTED_EDGE ( 'NONE', *, *, #8826, .F. ) ;
#9141 = AXIS2_PLACEMENT_3D ( 'NONE', #7200, #10997, #7073 ) ;
#9142 = CARTESIAN_POINT ( 'NONE',  ( -4.469999999998999662, -2.449999999999999734, 1.500000000000000000 ) ) ;
#9143 = EDGE_CURVE ( 'NONE', #1281, #11416, #12451, .T. ) ;
#9144 = EDGE_CURVE ( 'NONE', #3638, #1522, #3169, .T. ) ;
#9145 = EDGE_CURVE ( 'NONE', #761, #5998, #12079, .T. ) ;
#9146 = DIRECTION ( 'NONE',  ( 1.000000000000000000, 0.000000000000000000, 0.000000000000000000 ) ) ;
#9147 = ORIENTED_EDGE ( 'NONE', *, *, #4006, .F. ) ;
#9148 = DIRECTION ( 'NONE',  ( 0.000000000000000000, 3.491481338843000432E-15, -1.000000000000000000 ) ) ;
#9149 = VERTEX_POINT ( 'NONE', #9123 ) ;
#9150 = VECTOR ( 'NONE', #9468, 1000.000000000000000 ) ;
#9151 = EDGE_LOOP ( 'NONE', ( #6668, #1606, #5137, #10371 ) ) ;
#9152 = DIRECTION ( 'NONE',  ( 1.000000000000000000, 0.000000000000000000, 0.000000000000000000 ) ) ;
#9153 = DIRECTION ( 'NONE',  ( -1.000000000000000000, 0.000000000000000000, 0.000000000000000000 ) ) ;
#9154 = EDGE_LOOP ( 'NONE', ( #1265, #5172, #4311, #3731 ) ) ;
#9155 = CARTESIAN_POINT ( 'NONE',  ( -5.750624847485999780, 1.199999999999000089, 2.559999999999999609 ) ) ;
#9156 = ORIENTED_EDGE ( 'NONE', *, *, #2553, .F. ) ;
#9157 = LINE ( 'NONE', #1465, #6861 ) ;
#9158 = ADVANCED_FACE ( 'NONE', ( #11884 ), #1239, .T. ) ;
#9159 = CARTESIAN_POINT ( 'NONE',  ( -2.224999999999000000, 1.678388218141000365, 1.000068083900629290E-12 ) ) ;
#9160 = VERTEX_POINT ( 'NONE', #4127 ) ;
#9161 = VERTEX_POINT ( 'NONE', #5149 ) ;
#9162 = CARTESIAN_POINT ( 'NONE',  ( 1.275000000000000133, 2.200000000000000178, 0.1000000000010001083 ) ) ;
#9163 = CARTESIAN_POINT ( 'NONE',  ( 4.469999999998999662, 0.7000000000000000666, -0.3499999999989999999 ) ) ;
#9164 = DIRECTION ( 'NONE',  ( -5.421010862426999550E-16, -1.000000000000000000, -3.491481338843000432E-15 ) ) ;
#9165 = ORIENTED_EDGE ( 'NONE', *, *, #6187, .T. ) ;
#9166 = CARTESIAN_POINT ( 'NONE',  ( 0.5767911585359999371, -0.6082251495429997767, 0.07000000000100004005 ) ) ;
#9167 = ORIENTED_EDGE ( 'NONE', *, *, #8482, .F. ) ;
#9168 = CARTESIAN_POINT ( 'NONE',  ( -3.524138126513999936, 1.999999999999000355, 2.859999999999999876 ) ) ;
#9169 = CARTESIAN_POINT ( 'NONE',  ( -1.774999999999000044, 0.6000000000000003109, 0.1000000000010001083 ) ) ;
#9170 = CARTESIAN_POINT ( 'NONE',  ( -1.474999999999000000, -9.116756773326001095, 0.04999999999999991257 ) ) ;
#9171 = PLANE ( 'NONE',  #8616 ) ;
#9172 = CARTESIAN_POINT ( 'NONE',  ( 3.924999999998999733, 0.9000000000000002442, -0.1767949192430001704 ) ) ;
#9173 = EDGE_CURVE ( 'NONE', #6901, #2271, #9059, .T. ) ;
#9174 = CARTESIAN_POINT ( 'NONE',  ( 1.458460365852999985, -0.9984690519819999777, 0.07000000000100004005 ) ) ;
#9175 = LINE ( 'NONE', #2377, #6005 ) ;
#9176 = VERTEX_POINT ( 'NONE', #5585 ) ;
#9177 = ORIENTED_EDGE ( 'NONE', *, *, #134, .T. ) ;
#9178 = CARTESIAN_POINT ( 'NONE',  ( 1.275000000000000133, 1.678388218141000365, 0.8000000000009999113 ) ) ;
#9179 = LINE ( 'NONE', #7192, #6976 ) ;
#9180 = VECTOR ( 'NONE', #224, 1000.000000000000000 ) ;
#9181 = ORIENTED_EDGE ( 'NONE', *, *, #12319, .T. ) ;
#9182 = DIRECTION ( 'NONE',  ( -1.000000000000000000, 0.000000000000000000, 0.000000000000000000 ) ) ;
#9183 = CARTESIAN_POINT ( 'NONE',  ( 4.069999999999000195, -1.300000000000999911, 1.959999999999999964 ) ) ;
#9184 = EDGE_CURVE ( 'NONE', #2812, #1522, #11308, .T. ) ;
#9185 = DIRECTION ( 'NONE',  ( 0.000000000000000000, 1.000000000000000000, 3.491481338843000432E-15 ) ) ;
#9186 = FACE_OUTER_BOUND ( 'NONE', #379, .T. ) ;
#9187 = DIRECTION ( 'NONE',  ( -1.000000000000000000, 0.000000000000000000, 0.000000000000000000 ) ) ;
#9188 = CARTESIAN_POINT ( 'NONE',  ( 1.724999999999999867, 0.9000000000000002442, 1.000068083900629290E-12 ) ) ;
#9189 = ORIENTED_EDGE ( 'NONE', *, *, #1541, .F. ) ;
#9190 = CARTESIAN_POINT ( 'NONE',  ( 4.469999999998000462, -0.1529579471547513059, 1.300000000000997691 ) ) ;
#9191 = LINE ( 'NONE', #8293, #9601 ) ;
#9192 = CARTESIAN_POINT ( 'NONE',  ( -3.399999999998999822, 0.1499999999999999667, -0.4999999999989999666 ) ) ;
#9193 = ADVANCED_FACE ( 'NONE', ( #8412 ), #7569, .F. ) ;
#9194 = DIRECTION ( 'NONE',  ( -1.000000000000000000, 0.000000000000000000, 0.000000000000000000 ) ) ;
#9195 = EDGE_CURVE ( 'NONE', #8709, #1852, #11243, .T. ) ;
#9196 = DIRECTION ( 'NONE',  ( 1.000000000000000000, 0.000000000000000000, 0.000000000000000000 ) ) ;
#9197 = CARTESIAN_POINT ( 'NONE',  ( 0.4390243902429999956, -0.7179812471039999089, 0.06999999999999996503 ) ) ;
#9198 = ORIENTED_EDGE ( 'NONE', *, *, #2676, .F. ) ;
#9199 = ORIENTED_EDGE ( 'NONE', *, *, #8535, .F. ) ;
#9200 = PLANE ( 'NONE',  #481 ) ;
#9201 = VECTOR ( 'NONE', #721, 1000.000000000000000 ) ;
#9202 = LINE ( 'NONE', #418, #10097 ) ;
#9203 = VERTEX_POINT ( 'NONE', #529 ) ;
#9204 = LINE ( 'NONE', #4147, #7723 ) ;
#9205 = ORIENTED_EDGE ( 'NONE', *, *, #10161, .F. ) ;
#9206 = EDGE_CURVE ( 'NONE', #9923, #12585, #5518, .T. ) ;
#9207 = EDGE_CURVE ( 'NONE', #3698, #5951, #6367, .T. ) ;
#9208 = VERTEX_POINT ( 'NONE', #12441 ) ;
#9209 = DIRECTION ( 'NONE',  ( -1.000000000000000000, 0.000000000000000000, 0.000000000000000000 ) ) ;
#9210 = FACE_OUTER_BOUND ( 'NONE', #11163, .T. ) ;
#9211 = VECTOR ( 'NONE', #5122, 1000.000000000000000 ) ;
#9212 = AXIS2_PLACEMENT_3D ( 'NONE', #4469, #10188, #2546 ) ;
#9213 = ORIENTED_EDGE ( 'NONE', *, *, #11520, .F. ) ;
#9214 = LINE ( 'NONE', #1397, #11065 ) ;
#9215 = ORIENTED_EDGE ( 'NONE', *, *, #32, .F. ) ;
#9216 = FACE_OUTER_BOUND ( 'NONE', #11613, .T. ) ;
#9217 = AXIS2_PLACEMENT_3D ( 'NONE', #2531, #9381, #9182 ) ;
#9218 = CARTESIAN_POINT ( 'NONE',  ( 2.024999999999999911, 0.6000000000000003109, 0.05000000000099998065 ) ) ;
#9219 = ORIENTED_EDGE ( 'NONE', *, *, #8395, .T. ) ;
#9220 = LINE ( 'NONE', #8263, #9399 ) ;
#9221 = DIRECTION ( 'NONE',  ( -1.000000000000000000, 0.000000000000000000, 0.000000000000000000 ) ) ;
#9222 = CARTESIAN_POINT ( 'NONE',  ( 0.000000000000000000, 1.800000000000000044, 0.05000000000099998065 ) ) ;
#9223 = ORIENTED_EDGE ( 'NONE', *, *, #2260, .T. ) ;
#9224 = CARTESIAN_POINT ( 'NONE',  ( -3.219999999998999662, -9.116756773326001095, 2.909999999998999609 ) ) ;
#9225 = AXIS2_PLACEMENT_3D ( 'NONE', #4936, #2188, #6031 ) ;
#9226 = ADVANCED_FACE ( 'NONE', ( #11487 ), #1497, .T. ) ;
#9227 = ORIENTED_EDGE ( 'NONE', *, *, #7624, .F. ) ;
#9228 = CARTESIAN_POINT ( 'NONE',  ( 4.169999999998999840, -9.116756773326001095, 1.629999999999975024 ) ) ;
#9229 = CARTESIAN_POINT ( 'NONE',  ( -4.169999999998999840, 0.6000000000000003109, 0.05000000000099998065 ) ) ;
#9230 = CARTESIAN_POINT ( 'NONE',  ( 0.000000000000000000, -9.116756773326001095, 2.909999999998999609 ) ) ;
#9231 = DIRECTION ( 'NONE',  ( 0.000000000000000000, 1.000000000000000000, 3.491481338843000432E-15 ) ) ;
#9232 = DIRECTION ( 'NONE',  ( 0.000000000000000000, 3.491481338843000432E-15, -1.000000000000000000 ) ) ;
#9233 = EDGE_CURVE ( 'NONE', #12202, #618, #3607, .T. ) ;
#9234 = VECTOR ( 'NONE', #4310, 1000.000000000000000 ) ;
#9235 = CARTESIAN_POINT ( 'NONE',  ( 0.3048780487799999661, -0.6082251495429997767, 0.07000000000100004005 ) ) ;
#9236 = LINE ( 'NONE', #9359, #1317 ) ;
#9237 = AXIS2_PLACEMENT_3D ( 'NONE', #7687, #1854, #10913 ) ;
#9238 = ORIENTED_EDGE ( 'NONE', *, *, #2211, .F. ) ;
#9239 = ORIENTED_EDGE ( 'NONE', *, *, #12343, .F. ) ;
#9240 = DIRECTION ( 'NONE',  ( -1.000000000000000000, 0.000000000000000000, 0.000000000000000000 ) ) ;
#9241 = CARTESIAN_POINT ( 'NONE',  ( 0.4749999999989999999, 1.800000000000000044, 0.1000000000010001083 ) ) ;
#9242 = ORIENTED_EDGE ( 'NONE', *, *, #9421, .T. ) ;
#9243 = CARTESIAN_POINT ( 'NONE',  ( -4.169999999998999840, -1.199999999999999956, 1.300000000000999911 ) ) ;
#9244 = EDGE_CURVE ( 'NONE', #8865, #11454, #6547, .T. ) ;
#9245 = EDGE_CURVE ( 'NONE', #6168, #2715, #11365, .T. ) ;
#9246 = AXIS2_PLACEMENT_3D ( 'NONE', #4301, #12124, #6286 ) ;
#9247 = CARTESIAN_POINT ( 'NONE',  ( 0.000000000000000000, 1.800000000000000044, 0.05000000000099998065 ) ) ;
#9248 = VECTOR ( 'NONE', #12407, 1000.000000000000000 ) ;
#9249 = CARTESIAN_POINT ( 'NONE',  ( -3.219999999998999662, 1.999999999999000355, 1.959999999999999964 ) ) ;
#9250 = CARTESIAN_POINT ( 'NONE',  ( 0.4390243902429999956, -1.498469051981999867, 0.05000000000099998065 ) ) ;
#9251 = DIRECTION ( 'NONE',  ( -5.421010862426999550E-16, 1.000000000000000000, 3.491481338843000432E-15 ) ) ;
#9252 = CARTESIAN_POINT ( 'NONE',  ( -0.9350797510570000304, -1.504191634836000047, 0.07000000000100004005 ) ) ;
#9253 = ORIENTED_EDGE ( 'NONE', *, *, #12247, .F. ) ;
#9254 = LINE ( 'NONE', #2143, #7016 ) ;
#9255 = EDGE_CURVE ( 'NONE', #6192, #6305, #8474, .T. ) ;
#9256 = AXIS2_PLACEMENT_3D ( 'NONE', #3319, #11981, #10956 ) ;
#9257 = DIRECTION ( 'NONE',  ( 0.000000000000000000, -1.000000000000000000, -3.641026466082000599E-15 ) ) ;
#9258 = EDGE_CURVE ( 'NONE', #9503, #8462, #7451, .T. ) ;
#9259 = EDGE_CURVE ( 'NONE', #11843, #5341, #5462, .T. ) ;
#9260 = DIRECTION ( 'NONE',  ( 1.000000000000000000, 0.000000000000000000, 0.000000000000000000 ) ) ;
#9261 = DIRECTION ( 'NONE',  ( 0.000000000000000000, 3.491481338843000432E-15, -1.000000000000000000 ) ) ;
#9262 = CARTESIAN_POINT ( 'NONE',  ( 4.469999999998999662, -2.508578643761999682, -0.2085786437620001377 ) ) ;
#9263 = CONICAL_SURFACE ( 'NONE', #5569, 0.1499999999999999944, 0.7853981633970000820 ) ;
#9264 = ORIENTED_EDGE ( 'NONE', *, *, #9195, .T. ) ;
#9265 = VERTEX_POINT ( 'NONE', #2638 ) ;
#9266 = LINE ( 'NONE', #8425, #10106 ) ;
#9267 = CARTESIAN_POINT ( 'NONE',  ( -1.963414634146000148, -1.608225149542999999, 0.07000000000100004005 ) ) ;
#9268 = B_SPLINE_CURVE_WITH_KNOTS ( 'NONE', 3,
 ( #11950, #5077, #10926, #8028, #2133, #7002, #6041 ),
 .UNSPECIFIED., .F., .F.,
 ( 4, 1, 1, 1, 4 ),
 ( 0.000000000000000000, 0.3005411131580000283, 0.5677471464829999537, 0.8000336137360000155, 1.000000000000000000 ),
 .UNSPECIFIED. ) ;
#9269 = ORIENTED_EDGE ( 'NONE', *, *, #3179, .F. ) ;
#9270 = EDGE_CURVE ( 'NONE', #4775, #991, #1761, .T. ) ;
#9271 = CIRCLE ( 'NONE', #259, 1.249999999999000133 ) ;
#9272 = CARTESIAN_POINT ( 'NONE',  ( -0.8971036585359999371, -0.5960300275919998558, 0.05000000000099998065 ) ) ;
#9273 = ORIENTED_EDGE ( 'NONE', *, *, #11804, .F. ) ;
#9274 = AXIS2_PLACEMENT_3D ( 'NONE', #5695, #9611, #1919 ) ;
#9275 = CIRCLE ( 'NONE', #3743, 0.1499999999999999944 ) ;
#9276 = ORIENTED_EDGE ( 'NONE', *, *, #2801, .F. ) ;
#9277 = LINE ( 'NONE', #12163, #3933 ) ;
#9278 = CARTESIAN_POINT ( 'NONE',  ( 0.000000000000000000, 0.7000000000000000666, 1.630000000000008997 ) ) ;
#9279 = ORIENTED_EDGE ( 'NONE', *, *, #3480, .T. ) ;
#9280 = DIRECTION ( 'NONE',  ( 0.000000000000000000, 3.641026466082000599E-15, -1.000000000000000000 ) ) ;
#9281 = VERTEX_POINT ( 'NONE', #2699 ) ;
#9282 = CARTESIAN_POINT ( 'NONE',  ( -0.7046622837769999093, -1.486057298329999776, 0.07000000000100004005 ) ) ;
#9283 = LINE ( 'NONE', #2485, #2107 ) ;
#9284 = AXIS2_PLACEMENT_3D ( 'NONE', #10234, #1448, #5354 ) ;
#9285 = EDGE_LOOP ( 'NONE', ( #862, #6332, #4277, #3677 ) ) ;
#9286 = EDGE_CURVE ( 'NONE', #6108, #4539, #4562, .T. ) ;
#9287 = LINE ( 'NONE', #4767, #977 ) ;
#9288 = CARTESIAN_POINT ( 'NONE',  ( -4.168853237233238751, -0.2267811861817885521, 1.254763387338829972 ) ) ;
#9289 = CARTESIAN_POINT ( 'NONE',  ( 2.774999999999999911, 2.200000000000000178, 0.1000000000010001083 ) ) ;
#9290 = ORIENTED_EDGE ( 'NONE', *, *, #11709, .F. ) ;
#9291 = DIRECTION ( 'NONE',  ( 0.000000000000000000, 3.491481338843000432E-15, -1.000000000000000000 ) ) ;
#9292 = ORIENTED_EDGE ( 'NONE', *, *, #2659, .F. ) ;
#9293 = CARTESIAN_POINT ( 'NONE',  ( 1.025000000000000133, 0.6000000000000003109, 0.05000000000099998065 ) ) ;
#9294 = AXIS2_PLACEMENT_3D ( 'NONE', #1909, #4859, #12667 ) ;
#9295 = DIRECTION ( 'NONE',  ( 0.000000000000000000, 3.491481338843000432E-15, -1.000000000000000000 ) ) ;
#9296 = CARTESIAN_POINT ( 'NONE',  ( -0.8572789634140000059, -1.620420271493999920, 0.07000000000100004005 ) ) ;
#9297 = CARTESIAN_POINT ( 'NONE',  ( 0.06097560975599999877, -1.059444661738000004, 0.07000000000100004005 ) ) ;
#9298 = CARTESIAN_POINT ( 'NONE',  ( -0.4268292682919999637, -0.6082251495429997767, 0.05000000000099998065 ) ) ;
#9299 = CARTESIAN_POINT ( 'NONE',  ( 3.500000000000000000, -5.299999999998999733, 1.279999999999999805 ) ) ;
#9300 = DIRECTION ( 'NONE',  ( 0.000000000000000000, -1.000000000000000000, -3.491481338843000432E-15 ) ) ;
#9301 = EDGE_CURVE ( 'NONE', #4480, #8437, #12256, .T. ) ;
#9302 = EDGE_LOOP ( 'NONE', ( #8126, #9419, #4214, #1191, #12014, #3766 ) ) ;
#9303 = ORIENTED_EDGE ( 'NONE', *, *, #1763, .F. ) ;
#9304 = CARTESIAN_POINT ( 'NONE',  ( 0.1097560975600000016, -0.6082251495429997767, 0.07000000000100004005 ) ) ;
#9305 = DIRECTION ( 'NONE',  ( -1.000000000000000000, 0.000000000000000000, 0.000000000000000000 ) ) ;
#9306 = ORIENTED_EDGE ( 'NONE', *, *, #69, .F. ) ;
#9307 = PLANE ( 'NONE',  #8119 ) ;
#9308 = CYLINDRICAL_SURFACE ( 'NONE', #1276, 0.2000000000000000111 ) ;
#9309 = CARTESIAN_POINT ( 'NONE',  ( -2.469999999999000106, -2.249999999998999911, 0.04999999999999991257 ) ) ;
#9310 = CARTESIAN_POINT ( 'NONE',  ( 1.329268292681999863, -0.6082251495429997767, 0.05000000000099998065 ) ) ;
#9311 = DIRECTION ( 'NONE',  ( -1.000000000000000000, 0.000000000000000000, 0.000000000000000000 ) ) ;
#9312 = DIRECTION ( 'NONE',  ( -1.000000000000000000, 0.000000000000000000, 0.000000000000000000 ) ) ;
#9313 = EDGE_CURVE ( 'NONE', #1972, #10737, #10404, .T. ) ;
#9314 = ORIENTED_EDGE ( 'NONE', *, *, #4245, .T. ) ;
#9315 = ORIENTED_EDGE ( 'NONE', *, *, #9313, .T. ) ;
#9316 = PLANE ( 'NONE',  #6641 ) ;
#9317 = AXIS2_PLACEMENT_3D ( 'NONE', #12114, #7238, #5722 ) ;
#9318 = ADVANCED_FACE ( 'NONE', ( #1618 ), #654, .T. ) ;
#9319 = LINE ( 'NONE', #12150, #2996 ) ;
#9320 = AXIS2_PLACEMENT_3D ( 'NONE', #11313, #8598, #11433 ) ;
#9321 = EDGE_CURVE ( 'NONE', #9093, #10072, #6074, .T. ) ;
#9322 = LINE ( 'NONE', #3489, #12009 ) ;
#9323 = FACE_OUTER_BOUND ( 'NONE', #8105, .T. ) ;
#9324 = VERTEX_POINT ( 'NONE', #840 ) ;
#9325 = ORIENTED_EDGE ( 'NONE', *, *, #460, .T. ) ;
#9326 = LINE ( 'NONE', #728, #8058 ) ;
#9327 = EDGE_CURVE ( 'NONE', #747, #5959, #3984, .T. ) ;
#9328 = EDGE_CURVE ( 'NONE', #64, #3201, #7751, .T. ) ;
#9329 = ORIENTED_EDGE ( 'NONE', *, *, #7917, .F. ) ;
#9330 = DIRECTION ( 'NONE',  ( -1.000000000000000000, 0.000000000000000000, 0.000000000000000000 ) ) ;
#9331 = CARTESIAN_POINT ( 'NONE',  ( 1.620297249338000123, -1.465701080255999988, 0.05000000000099998065 ) ) ;
#9332 = ORIENTED_EDGE ( 'NONE', *, *, #6892, .F. ) ;
#9333 = ORIENTED_EDGE ( 'NONE', *, *, #11256, .T. ) ;
#9334 = CARTESIAN_POINT ( 'NONE',  ( 4.469999999998999662, 1.849999999999000000, 1.709999999999999964 ) ) ;
#9335 = VECTOR ( 'NONE', #676, 1000.000000000000114 ) ;
#9336 = VECTOR ( 'NONE', #9261, 1000.000000000000000 ) ;
#9337 = ADVANCED_FACE ( 'NONE', ( #2819 ), #3854, .T. ) ;
#9338 = DIRECTION ( 'NONE',  ( 0.000000000000000000, 3.491481338843000432E-15, -1.000000000000000000 ) ) ;
#9339 = CIRCLE ( 'NONE', #4829, 0.7999999999990000665 ) ;
#9340 = EDGE_LOOP ( 'NONE', ( #5840, #5756, #3272, #5000 ) ) ;
#9341 = DIRECTION ( 'NONE',  ( -1.000000000000000000, 0.000000000000000000, 0.000000000000000000 ) ) ;
#9342 = ORIENTED_EDGE ( 'NONE', *, *, #11091, .T. ) ;
#9343 = CARTESIAN_POINT ( 'NONE',  ( -0.7937037356660000542, -1.506948076293999961, 0.05000000000099998065 ) ) ;
#9344 = DIRECTION ( 'NONE',  ( 0.000000000000000000, 1.000000000000000000, 3.641026466082000599E-15 ) ) ;
#9345 = ORIENTED_EDGE ( 'NONE', *, *, #12004, .F. ) ;
#9347 = CARTESIAN_POINT ( 'NONE',  ( -4.169999999998999840, 0.6000000000000003109, 0.3500000000010001222 ) ) ;
#9346 = VECTOR ( 'NONE', #8670, 1000.000000000000000 ) ;
#9348 = DIRECTION ( 'NONE',  ( 1.000000000000000000, -5.421010862426999550E-16, -1.892735826383000338E-30 ) ) ;
#9349 = DIRECTION ( 'NONE',  ( 0.000000000000000000, -1.000000000000000000, -3.491481338843000432E-15 ) ) ;
#9350 = ORIENTED_EDGE ( 'NONE', *, *, #10526, .T. ) ;
#9351 = CARTESIAN_POINT ( 'NONE',  ( -0.2749999999989999888, 0.3783882181409999323, 1.000068083900629290E-12 ) ) ;
#9352 = ORIENTED_EDGE ( 'NONE', *, *, #2125, .F. ) ;
#9353 = FACE_OUTER_BOUND ( 'NONE', #10888, .T. ) ;
#9354 = EDGE_CURVE ( 'NONE', #4923, #10249, #1572, .T. ) ;
#9355 = CARTESIAN_POINT ( 'NONE',  ( 2.524999999999999911, 0.9000000000000002442, 0.1000000000010001083 ) ) ;
#9356 = CARTESIAN_POINT ( 'NONE',  ( 4.169999999998999840, -2.791421356236999607, -0.4914213562370001176 ) ) ;
#9357 = CARTESIAN_POINT ( 'NONE',  ( 0.8408307916280000072, -1.425755555334000002, 0.05000000000099998065 ) ) ;
#9358 = CARTESIAN_POINT ( 'NONE',  ( 0.5250000000000000222, 0.9000000000000002442, 0.1000000000010001083 ) ) ;
#9359 = CARTESIAN_POINT ( 'NONE',  ( -3.219999999998999662, 1.800000000000000044, 0.1000000000010001083 ) ) ;
#9360 = ORIENTED_EDGE ( 'NONE', *, *, #10184, .T. ) ;
#9361 = ORIENTED_EDGE ( 'NONE', *, *, #157, .F. ) ;
#9362 = LINE ( 'NONE', #3411, #938 ) ;
#9363 = DIRECTION ( 'NONE',  ( 0.000000000000000000, 1.000000000000000000, 3.252606517472775670E-15 ) ) ;
#9364 = ORIENTED_EDGE ( 'NONE', *, *, #3761, .F. ) ;
#9365 = CARTESIAN_POINT ( 'NONE',  ( 0.6054526567490000621, -1.607815657589999780, 0.05000000000099998065 ) ) ;
#9366 = DIRECTION ( 'NONE',  ( 0.000000000000000000, 3.491481338843000432E-15, -1.000000000000000000 ) ) ;
#9367 = ADVANCED_FACE ( 'NONE', ( #2953 ), #10784, .T. ) ;
#9368 = ADVANCED_FACE ( 'NONE', ( #4940 ), #11087, .T. ) ;
#9369 = CARTESIAN_POINT ( 'NONE',  ( -1.357790657095000020, -1.202569641329999994, 0.05000000000099998065 ) ) ;
#9370 = DIRECTION ( 'NONE',  ( 0.000000000000000000, 1.000000000000000000, 3.790571593321000372E-15 ) ) ;
#9371 = CARTESIAN_POINT ( 'NONE',  ( -1.217736965079999845, -1.228514302401999991, 0.05000000000099998065 ) ) ;
#9372 = CARTESIAN_POINT ( 'NONE',  ( 0.7249999999999999778, 0.1000000000000002554, 0.1000000000010001083 ) ) ;
#9373 = CARTESIAN_POINT ( 'NONE',  ( -1.294929607997000076, -0.8041242916949999930, 0.07000000000100004005 ) ) ;
#9374 = VECTOR ( 'NONE', #3815, 1000.000000000000000 ) ;
#9375 = ORIENTED_EDGE ( 'NONE', *, *, #8357, .T. ) ;
#9376 = ORIENTED_EDGE ( 'NONE', *, *, #4370, .F. ) ;
#9377 = CARTESIAN_POINT ( 'NONE',  ( -2.224999999999000000, 2.200000000000000178, 0.1000000000010001083 ) ) ;
#9378 = CARTESIAN_POINT ( 'NONE',  ( 2.725000000000000089, 0.1000000000000002554, 0.05000000000099998065 ) ) ;
#9379 = EDGE_CURVE ( 'NONE', #5257, #2941, #1923, .T. ) ;
#9380 = CARTESIAN_POINT ( 'NONE',  ( 1.025000000000000133, 0.9000000000000002442, 1.000068083900629290E-12 ) ) ;
#9381 = DIRECTION ( 'NONE',  ( 0.000000000000000000, 3.491481338843000432E-15, -1.000000000000000000 ) ) ;
#9382 = ORIENTED_EDGE ( 'NONE', *, *, #8297, .T. ) ;
#9383 = ORIENTED_EDGE ( 'NONE', *, *, #2184, .F. ) ;
#9384 = CARTESIAN_POINT ( 'NONE',  ( -0.6219512195119999420, -0.6600544178349998514, 0.07000000000100004005 ) ) ;
#9385 = ORIENTED_EDGE ( 'NONE', *, *, #7366, .F. ) ;
#9386 = CYLINDRICAL_SURFACE ( 'NONE', #10101, 0.7999999999990000665 ) ;
#9387 = LINE ( 'NONE', #7828, #10367 ) ;
#9388 = DIRECTION ( 'NONE',  ( 1.000000000000000000, 0.000000000000000000, 0.000000000000000000 ) ) ;
#9389 = ADVANCED_FACE ( 'NONE', ( #9757 ), #5966, .T. ) ;
#9390 = ORIENTED_EDGE ( 'NONE', *, *, #12683, .T. ) ;
#9391 = EDGE_CURVE ( 'NONE', #1502, #4600, #3156, .T. ) ;
#9392 = LINE ( 'NONE', #611, #1678 ) ;
#9393 = CARTESIAN_POINT ( 'NONE',  ( -3.219999999998999662, 1.800000000000000044, 0.1000000000010001083 ) ) ;
#9394 = EDGE_CURVE ( 'NONE', #1782, #9675, #8019, .T. ) ;
#9395 = ORIENTED_EDGE ( 'NONE', *, *, #8677, .T. ) ;
#9396 = CARTESIAN_POINT ( 'NONE',  ( -1.451219512195000005, -0.7179812471039999089, 0.07000000000100004005 ) ) ;
#9397 = VERTEX_POINT ( 'NONE', #9109 ) ;
#9398 = DIRECTION ( 'NONE',  ( -0.2588190451020520033, 3.372511997194675020E-15, -0.9659258262891938784 ) ) ;
#9399 = VECTOR ( 'NONE', #12172, 1000.000000000000000 ) ;
#9400 = PLANE ( 'NONE',  #4583 ) ;
#9401 = ORIENTED_EDGE ( 'NONE', *, *, #8753, .F. ) ;
#9402 = EDGE_CURVE ( 'NONE', #6206, #2076, #1292, .T. ) ;
#9403 = CARTESIAN_POINT ( 'NONE',  ( -0.2249999999989999999, 2.200000000000000178, 0.1000000000010001083 ) ) ;
#9404 = CARTESIAN_POINT ( 'NONE',  ( 0.02500000000000000139, 0.9000000000000002442, 1.000068083900629290E-12 ) ) ;
#9405 = VERTEX_POINT ( 'NONE', #4244 ) ;
#9406 = DIRECTION ( 'NONE',  ( 1.000000000000000000, 0.000000000000000000, 0.000000000000000000 ) ) ;
#9407 = ORIENTED_EDGE ( 'NONE', *, *, #8677, .F. ) ;
#9408 = ADVANCED_FACE ( 'NONE', ( #9886 ), #3086, .F. ) ;
#9409 = VECTOR ( 'NONE', #5914, 1000.000000000000000 ) ;
#9410 = CARTESIAN_POINT ( 'NONE',  ( -3.219999999998999662, 2.000000000000000444, 0.3500000000010001222 ) ) ;
#9411 = LINE ( 'NONE', #5502, #4336 ) ;
#9412 = LINE ( 'NONE', #635, #1956 ) ;
#9413 = CARTESIAN_POINT ( 'NONE',  ( 0.9696887895300000393, -1.206217909059999815, 0.05000000000099998065 ) ) ;
#9414 = CARTESIAN_POINT ( 'NONE',  ( -1.177507697769999861, -0.8689185644689999544, 0.05000000000099998065 ) ) ;
#9415 = LINE ( 'NONE', #7437, #8476 ) ;
#9416 = AXIS2_PLACEMENT_3D ( 'NONE', #2047, #5062, #11794 ) ;
#9417 = CIRCLE ( 'NONE', #4507, 0.1499999999989998778 ) ;
#9418 = ORIENTED_EDGE ( 'NONE', *, *, #2286, .T. ) ;
#9419 = ORIENTED_EDGE ( 'NONE', *, *, #3090, .F. ) ;
#9420 = VECTOR ( 'NONE', #4453, 1000.000000000000000 ) ;
#9421 = EDGE_CURVE ( 'NONE', #4592, #10309, #4837, .T. ) ;
#9422 = LINE ( 'NONE', #4611, #2388 ) ;
#9423 = CARTESIAN_POINT ( 'NONE',  ( 0.7406154072600000804, -0.6268435799119999041, 0.05000000000099998065 ) ) ;
#9424 = ORIENTED_EDGE ( 'NONE', *, *, #9354, .T. ) ;
#9425 = CYLINDRICAL_SURFACE ( 'NONE', #9617, 0.2000000000000000111 ) ;
#9426 = CARTESIAN_POINT ( 'NONE',  ( 0.7446947095660001459, -1.590330133826999948, 0.05000000000099998065 ) ) ;
#9427 = DIRECTION ( 'NONE',  ( 1.000000000000000000, 0.000000000000000000, 0.000000000000000000 ) ) ;
#9428 = VECTOR ( 'NONE', #504, 1000.000000000000000 ) ;
#9429 = DIRECTION ( 'NONE',  ( -5.421010862426999550E-16, -1.000000000000000000, 0.000000000000000000 ) ) ;
#9430 = FACE_OUTER_BOUND ( 'NONE', #8519, .T. ) ;
#9431 = CARTESIAN_POINT ( 'NONE',  ( -1.152269957355999797, -1.370327147261999778, 0.05000000000099998065 ) ) ;
#9432 = VECTOR ( 'NONE', #56, 1000.000000000000000 ) ;
#9433 = CARTESIAN_POINT ( 'NONE',  ( -0.6219512195119999420, -0.7698105153960000946, 0.05000000000099998065 ) ) ;
#9434 = LINE ( 'NONE', #531, #2264 ) ;
#9435 = ORIENTED_EDGE ( 'NONE', *, *, #12641, .F. ) ;
#9436 = ORIENTED_EDGE ( 'NONE', *, *, #7514, .T. ) ;
#9437 = EDGE_CURVE ( 'NONE', #1164, #718, #4047, .T. ) ;
#9438 = CARTESIAN_POINT ( 'NONE',  ( -1.774999999999000044, 0.9000000000000002442, 1.000068083900629290E-12 ) ) ;
#9439 = VECTOR ( 'NONE', #11116, 1000.000000000000000 ) ;
#9440 = FACE_OUTER_BOUND ( 'NONE', #7236, .T. ) ;
#9441 = AXIS2_PLACEMENT_3D ( 'NONE', #6452, #1702, #6576 ) ;
#9442 = EDGE_CURVE ( 'NONE', #4226, #6108, #952, .T. ) ;
#9443 = CARTESIAN_POINT ( 'NONE',  ( -1.059298305749000191, -1.584916577358000067, 0.05000000000099998065 ) ) ;
#9444 = DIRECTION ( 'NONE',  ( 0.000000000000000000, 1.000000000000000000, 3.491481338843000432E-15 ) ) ;
#9445 = LINE ( 'NONE', #5414, #9420 ) ;
#9446 = VERTEX_POINT ( 'NONE', #10917 ) ;
#9447 = ORIENTED_EDGE ( 'NONE', *, *, #4646, .T. ) ;
#9448 = CARTESIAN_POINT ( 'NONE',  ( 0.7750000000000000222, 1.400000000000000133, 1.000068083900629290E-12 ) ) ;
#9449 = VECTOR ( 'NONE', #4706, 1000.000000000000000 ) ;
#9450 = ORIENTED_EDGE ( 'NONE', *, *, #12344, .F. ) ;
#9451 = CARTESIAN_POINT ( 'NONE',  ( 0.000000000000000000, -3.950000000000000178, 1.629999999999992566 ) ) ;
#9452 = EDGE_CURVE ( 'NONE', #8487, #5226, #3279, .T. ) ;
#9453 = DIRECTION ( 'NONE',  ( -5.421010862426999550E-16, -1.000000000000000000, -3.491481338843000432E-15 ) ) ;
#9454 = CARTESIAN_POINT ( 'NONE',  ( -0.6219512195119999420, -0.6600544178349998514, 0.05000000000099998065 ) ) ;
#9455 = ORIENTED_EDGE ( 'NONE', *, *, #9328, .F. ) ;
#9456 = AXIS2_PLACEMENT_3D ( 'NONE', #3850, #7946, #962 ) ;
#9457 = DIRECTION ( 'NONE',  ( 0.000000000000000000, 3.491481338843000432E-15, -1.000000000000000000 ) ) ;
#9458 = CARTESIAN_POINT ( 'NONE',  ( -4.169999999998999840, 1.350000000000000089, 0.3500000000010001222 ) ) ;
#9459 = ORIENTED_EDGE ( 'NONE', *, *, #1807, .T. ) ;
#9460 = DIRECTION ( 'NONE',  ( 1.000000000000000000, 0.000000000000000000, 0.000000000000000000 ) ) ;
#9461 = ORIENTED_EDGE ( 'NONE', *, *, #5055, .T. ) ;
#9462 = FACE_OUTER_BOUND ( 'NONE', #4879, .T. ) ;
#9463 = CARTESIAN_POINT ( 'NONE',  ( -2.724999999999000000, 1.400000000000000133, 0.05000000000099998065 ) ) ;
#9464 = ORIENTED_EDGE ( 'NONE', *, *, #4049, .T. ) ;
#9465 = EDGE_CURVE ( 'NONE', #727, #5618, #6161, .T. ) ;
#9466 = VECTOR ( 'NONE', #10824, 1000.000000000000000 ) ;
#9467 = AXIS2_PLACEMENT_3D ( 'NONE', #9267, #358, #4274 ) ;
#9468 = DIRECTION ( 'NONE',  ( -1.000000000000000000, 0.000000000000000000, 0.000000000000000000 ) ) ;
#9469 = CARTESIAN_POINT ( 'NONE',  ( 2.085365853658000201, -0.6082251495429997767, 0.07000000000100004005 ) ) ;
#9470 = ORIENTED_EDGE ( 'NONE', *, *, #11109, .T. ) ;
#9471 = ADVANCED_FACE ( 'NONE', ( #6225 ), #386, .F. ) ;
#9472 = CARTESIAN_POINT ( 'NONE',  ( -4.469999999999999751, 0.5000000000000000000, 1.300000000000999911 ) ) ;
#9473 = ORIENTED_EDGE ( 'NONE', *, *, #212, .T. ) ;
#9474 = CARTESIAN_POINT ( 'NONE',  ( 2.024999999999999911, 0.9000000000000002442, 0.1000000000010001083 ) ) ;
#9475 = CYLINDRICAL_SURFACE ( 'NONE', #6373, 0.7999999999999999334 ) ;
#9476 = DIRECTION ( 'NONE',  ( -1.000000000000000000, 0.000000000000000000, 0.000000000000000000 ) ) ;
#9477 = EDGE_CURVE ( 'NONE', #11553, #7501, #8911, .T. ) ;
#9478 = VECTOR ( 'NONE', #7217, 1000.000000000000000 ) ;
#9479 = CARTESIAN_POINT ( 'NONE',  ( -1.024999999999000044, 2.200000000000000178, 0.1000000000010001083 ) ) ;
#9480 = CARTESIAN_POINT ( 'NONE',  ( 4.469999999998999662, 0.7000000000000000666, -0.5499999999990000665 ) ) ;
#9481 = EDGE_CURVE ( 'NONE', #6729, #7325, #7951, .T. ) ;
#9482 = FACE_OUTER_BOUND ( 'NONE', #12358, .T. ) ;
#9483 = EDGE_CURVE ( 'NONE', #11615, #8216, #8974, .T. ) ;
#9484 = EDGE_CURVE ( 'NONE', #5368, #12446, #7123, .T. ) ;
#9485 = ORIENTED_EDGE ( 'NONE', *, *, #7298, .F. ) ;
#9486 = ORIENTED_EDGE ( 'NONE', *, *, #3170, .F. ) ;
#9487 = DIRECTION ( 'NONE',  ( 0.000000000000000000, -0.7071067811865475727, 0.7071067811865475727 ) ) ;
#9488 = CARTESIAN_POINT ( 'NONE',  ( 1.616578761129999986, -1.446852102799000006, 0.07000000000100004005 ) ) ;
#9489 = ORIENTED_EDGE ( 'NONE', *, *, #4533, .T. ) ;
#9490 = VECTOR ( 'NONE', #324, 1000.000000000000000 ) ;
#9491 = DIRECTION ( 'NONE',  ( -1.000000000000000000, 0.000000000000000000, 0.000000000000000000 ) ) ;
#9492 = FACE_OUTER_BOUND ( 'NONE', #6776, .T. ) ;
#9493 = VECTOR ( 'NONE', #10905, 1000.000000000000000 ) ;
#9494 = DIRECTION ( 'NONE',  ( -1.000000000000000000, 0.000000000000000000, 0.000000000000000000 ) ) ;
#9495 = CARTESIAN_POINT ( 'NONE',  ( -1.310504424134000034, -1.352129669047999805, 0.05000000000099998065 ) ) ;
#9496 = CYLINDRICAL_SURFACE ( 'NONE', #3806, 0.1999999999999999833 ) ;
#9497 = CARTESIAN_POINT ( 'NONE',  ( -2.469999999999000106, -4.149999999999000266, 0.3499999999999998113 ) ) ;
#9498 = DIRECTION ( 'NONE',  ( 0.000000000000000000, 3.491481338843000432E-15, -1.000000000000000000 ) ) ;
#9499 = EDGE_CURVE ( 'NONE', #12322, #995, #6034, .T. ) ;
#9500 = CARTESIAN_POINT ( 'NONE',  ( 1.025000000000000133, 0.1000000000000002554, 1.000068083900629290E-12 ) ) ;
#9501 = ORIENTED_EDGE ( 'NONE', *, *, #8526, .T. ) ;
#9502 = ORIENTED_EDGE ( 'NONE', *, *, #3369, .F. ) ;
#9503 = VERTEX_POINT ( 'NONE', #10014 ) ;
#9504 = CARTESIAN_POINT ( 'NONE',  ( 4.469999999998999662, 1.349999999999000000, 1.859999999999999876 ) ) ;
#9505 = DIRECTION ( 'NONE',  ( 0.000000000000000000, 3.491481338843000432E-15, -1.000000000000000000 ) ) ;
#9506 = CARTESIAN_POINT ( 'NONE',  ( -0.5250000000000000222, 1.400000000000000133, 0.05000000000099998065 ) ) ;
#9507 = CARTESIAN_POINT ( 'NONE',  ( 0.08536585365800000713, -1.498469051981999867, 0.05000000000099998065 ) ) ;
#9508 = EDGE_CURVE ( 'NONE', #8879, #9761, #1221, .T. ) ;
#9509 = ORIENTED_EDGE ( 'NONE', *, *, #3233, .F. ) ;
#9510 = ORIENTED_EDGE ( 'NONE', *, *, #10284, .T. ) ;
#9511 = CARTESIAN_POINT ( 'NONE',  ( -0.9885255540599999780, -0.7199641882489999922, 0.05000000000099998065 ) ) ;
#9512 = ORIENTED_EDGE ( 'NONE', *, *, #157, .T. ) ;
#9513 = CARTESIAN_POINT ( 'NONE',  ( -4.169999999998999840, 0.6000000000000003109, 0.05000000000099998065 ) ) ;
#9514 = PLANE ( 'NONE',  #1356 ) ;
#9515 = CARTESIAN_POINT ( 'NONE',  ( 0.7077263129860000834, -1.485832445438999949, 0.07000000000100004005 ) ) ;
#9516 = ORIENTED_EDGE ( 'NONE', *, *, #4464, .T. ) ;
#9517 = LINE ( 'NONE', #992, #7403 ) ;
#9518 = EDGE_CURVE ( 'NONE', #11918, #11271, #4302, .T. ) ;
#9519 = ADVANCED_FACE ( 'NONE', ( #3219 ), #8274, .T. ) ;
#9520 = DIRECTION ( 'NONE',  ( 0.000000000000000000, 3.491481338843000432E-15, -1.000000000000000000 ) ) ;
#9521 = EDGE_CURVE ( 'NONE', #8546, #11910, #7310, .T. ) ;
#9522 = ORIENTED_EDGE ( 'NONE', *, *, #8976, .F. ) ;
#9523 = ORIENTED_EDGE ( 'NONE', *, *, #11091, .F. ) ;
#9524 = VECTOR ( 'NONE', #5266, 1000.000000000000000 ) ;
#9525 = CARTESIAN_POINT ( 'NONE',  ( 0.9616542217779999735, -0.9881819606109999432, 0.07000000000100004005 ) ) ;
#9526 = CARTESIAN_POINT ( 'NONE',  ( -3.219999999998999662, -1.300000000000000044, 0.4500000000009999335 ) ) ;
#9527 = ORIENTED_EDGE ( 'NONE', *, *, #10727, .F. ) ;
#9528 = CARTESIAN_POINT ( 'NONE',  ( -1.025000000000000133, 1.400000000000000133, 0.1000000000010001083 ) ) ;
#9529 = PLANE ( 'NONE',  #2669 ) ;
#9530 = ORIENTED_EDGE ( 'NONE', *, *, #7873, .F. ) ;
#9531 = VECTOR ( 'NONE', #2063, 1000.000000000000000 ) ;
#9532 = AXIS2_PLACEMENT_3D ( 'NONE', #3833, #7731, #7670 ) ;
#9533 = DIRECTION ( 'NONE',  ( 0.000000000000000000, 1.000000000000000000, 4.336808689942015369E-15 ) ) ;
#9534 = ORIENTED_EDGE ( 'NONE', *, *, #5378, .F. ) ;
#9535 = VECTOR ( 'NONE', #4426, 1000.000000000000000 ) ;
#9536 = CARTESIAN_POINT ( 'NONE',  ( 1.724999999999999867, 0.3783882181409999323, 1.000068083900629290E-12 ) ) ;
#9537 = EDGE_CURVE ( 'NONE', #3784, #11330, #2434, .T. ) ;
#9538 = CARTESIAN_POINT ( 'NONE',  ( -0.7812431800589999531, -0.6044916875369997777, 0.07000000000100004005 ) ) ;
#9539 = CARTESIAN_POINT ( 'NONE',  ( 0.08536585365800000713, -1.498469051981999867, 0.05000000000099998065 ) ) ;
#9540 = CARTESIAN_POINT ( 'NONE',  ( -1.130828880893999910, -0.6479915330089999204, 0.07000000000100004005 ) ) ;
#9541 = LINE ( 'NONE', #5750, #11375 ) ;
#9542 = CARTESIAN_POINT ( 'NONE',  ( 1.724999999999999867, 0.6000000000000003109, 0.05000000000099998065 ) ) ;
#9543 = VECTOR ( 'NONE', #1166, 1000.000000000000000 ) ;
#9544 = AXIS2_PLACEMENT_3D ( 'NONE', #715, #12318, #9311 ) ;
#9545 = VECTOR ( 'NONE', #2590, 1000.000000000000000 ) ;
#9546 = ORIENTED_EDGE ( 'NONE', *, *, #3213, .T. ) ;
#9547 = ORIENTED_EDGE ( 'NONE', *, *, #1709, .T. ) ;
#9548 = FACE_OUTER_BOUND ( 'NONE', #12590, .T. ) ;
#9549 = CARTESIAN_POINT ( 'NONE',  ( 0.9961806419720000694, -0.7838997799269999955, 0.07000000000100004005 ) ) ;
#9550 = EDGE_LOOP ( 'NONE', ( #7875, #5298, #5245, #11985 ) ) ;
#9551 = CARTESIAN_POINT ( 'NONE',  ( 4.469999999998999662, -2.049999999999000178, 1.300000000000000044 ) ) ;
#9552 = DIRECTION ( 'NONE',  ( -1.000000000000000000, 0.000000000000000000, 0.000000000000000000 ) ) ;
#9553 = CARTESIAN_POINT ( 'NONE',  ( 2.269999999998999929, -4.150000000000000355, 1.629999999999992344 ) ) ;
#9554 = EDGE_CURVE ( 'NONE', #12095, #9161, #1663, .T. ) ;
#9555 = FACE_OUTER_BOUND ( 'NONE', #10573, .T. ) ;
#9556 = CARTESIAN_POINT ( 'NONE',  ( 0.7928008365959999804, -1.575891635097000032, 0.05000000000099998065 ) ) ;
#9557 = EDGE_CURVE ( 'NONE', #9636, #10182, #8393, .T. ) ;
#9558 = CARTESIAN_POINT ( 'NONE',  ( -0.4749999999989999999, 0.9000000000000002442, 0.1000000000010001083 ) ) ;
#9559 = CARTESIAN_POINT ( 'NONE',  ( -1.191709487912000043, -1.304374256503999963, 0.05000000000099998065 ) ) ;
#9560 = CARTESIAN_POINT ( 'NONE',  ( -1.239067176038999962, -0.7307874998169997527, 0.05000000000099998065 ) ) ;
#9561 = ORIENTED_EDGE ( 'NONE', *, *, #3480, .F. ) ;
#9562 = ORIENTED_EDGE ( 'NONE', *, *, #11245, .T. ) ;
#9563 = EDGE_LOOP ( 'NONE', ( #10171, #249, #9983, #6713 ) ) ;
#9564 = FACE_OUTER_BOUND ( 'NONE', #2483, .T. ) ;
#9565 = DIRECTION ( 'NONE',  ( -5.421010862426999550E-16, -1.000000000000000000, -3.491481338843000432E-15 ) ) ;
#9566 = EDGE_CURVE ( 'NONE', #3730, #5936, #5230, .T. ) ;
#9567 = CARTESIAN_POINT ( 'NONE',  ( 1.695121951219000112, -1.608225149542999999, 0.05000000000099998065 ) ) ;
#9568 = DIRECTION ( 'NONE',  ( -5.421010862426999550E-16, -1.000000000000000000, 0.000000000000000000 ) ) ;
#9569 = ORIENTED_EDGE ( 'NONE', *, *, #7752, .T. ) ;
#9570 = ORIENTED_EDGE ( 'NONE', *, *, #7210, .F. ) ;
#9571 = ORIENTED_EDGE ( 'NONE', *, *, #2398, .T. ) ;
#9572 = DIRECTION ( 'NONE',  ( 0.000000000000000000, -1.000000000000000000, -3.491481338843000432E-15 ) ) ;
#9573 = EDGE_CURVE ( 'NONE', #1421, #4749, #2375, .T. ) ;
#9574 = DIRECTION ( 'NONE',  ( -1.000000000000000000, 0.000000000000000000, 0.000000000000000000 ) ) ;
#9575 = B_SPLINE_CURVE_WITH_KNOTS ( 'NONE', 3,
 ( #10575, #10633, #12372, #9488, #6482, #7681, #581 ),
 .UNSPECIFIED., .F., .F.,
 ( 4, 1, 1, 1, 4 ),
 ( 0.000000000000000000, 0.3005411131580000283, 0.5677471464829999537, 0.8000336137360000155, 1.000000000000000000 ),
 .UNSPECIFIED. ) ;
#9576 = EDGE_CURVE ( 'NONE', #7193, #6901, #3800, .T. ) ;
#9577 = DIRECTION ( 'NONE',  ( 0.000000000000000000, 1.000000000000000000, 2.891205793313955622E-15 ) ) ;
#9578 = CIRCLE ( 'NONE', #4062, 0.7999999999990000665 ) ;
#9579 = EDGE_LOOP ( 'NONE', ( #3701, #6009, #1398, #3321 ) ) ;
#9580 = LINE ( 'NONE', #794, #9449 ) ;
#9581 = CARTESIAN_POINT ( 'NONE',  ( 0.8940383648959998597, -1.378195216146000046, 0.07000000000100004005 ) ) ;
#9582 = ORIENTED_EDGE ( 'NONE', *, *, #6, .F. ) ;
#9583 = ORIENTED_EDGE ( 'NONE', *, *, #9835, .T. ) ;
#9584 = CARTESIAN_POINT ( 'NONE',  ( 0.7085981535089999062, -0.7320907476600000408, 0.07000000000100004005 ) ) ;
#9585 = CARTESIAN_POINT ( 'NONE',  ( -1.268855527673999894, -0.7660176068779998015, 0.05000000000099998065 ) ) ;
#9586 = ORIENTED_EDGE ( 'NONE', *, *, #1724, .T. ) ;
#9587 = CARTESIAN_POINT ( 'NONE',  ( -4.469999999998999662, -3.608578643761999771, -0.4914213562370001176 ) ) ;
#9588 = EDGE_CURVE ( 'NONE', #6844, #1145, #4641, .T. ) ;
#9589 = EDGE_CURVE ( 'NONE', #3107, #9010, #6287, .T. ) ;
#9590 = DIRECTION ( 'NONE',  ( 1.000000000000000000, 0.000000000000000000, 0.000000000000000000 ) ) ;
#9591 = ORIENTED_EDGE ( 'NONE', *, *, #9670, .T. ) ;
#9592 = ORIENTED_EDGE ( 'NONE', *, *, #6542, .F. ) ;
#9593 = CARTESIAN_POINT ( 'NONE',  ( -1.256483208145999786, -1.437272816729999958, 0.07000000000100004005 ) ) ;
#9594 = CARTESIAN_POINT ( 'NONE',  ( 0.8142546660489999866, -0.7765424616709999395, 0.05000000000099998065 ) ) ;
#9595 = DIRECTION ( 'NONE',  ( 0.000000000000000000, 0.000000000000000000, 1.000000000000000000 ) ) ;
#9596 = ORIENTED_EDGE ( 'NONE', *, *, #8491, .T. ) ;
#9597 = CARTESIAN_POINT ( 'NONE',  ( -1.348835811492000269, -0.9349713696030000909, 0.07000000000100004005 ) ) ;
#9598 = VERTEX_POINT ( 'NONE', #5505 ) ;
#9599 = DIRECTION ( 'NONE',  ( 0.000000000000000000, -1.000000000000000000, -3.491481338843000432E-15 ) ) ;
#9600 = CARTESIAN_POINT ( 'NONE',  ( -1.525000000000000133, 1.400000000000000133, 0.1000000000010001083 ) ) ;
#9601 = VECTOR ( 'NONE', #11063, 1000.000000000000000 ) ;
#9602 = VERTEX_POINT ( 'NONE', #7436 ) ;
#9603 = ORIENTED_EDGE ( 'NONE', *, *, #8561, .T. ) ;
#9604 = LINE ( 'NONE', #2688, #3818 ) ;
#9605 = EDGE_CURVE ( 'NONE', #6502, #7438, #3528, .T. ) ;
#9606 = DIRECTION ( 'NONE',  ( -5.421010862426999550E-16, -1.000000000000000000, -3.491481338843000432E-15 ) ) ;
#9607 = AXIS2_PLACEMENT_3D ( 'NONE', #1463, #6394, #12280 ) ;
#9608 = ORIENTED_EDGE ( 'NONE', *, *, #10472, .T. ) ;
#9609 = CARTESIAN_POINT ( 'NONE',  ( -0.7249999999989999999, 2.200000000000000178, 1.000068083900629290E-12 ) ) ;
#9610 = CARTESIAN_POINT ( 'NONE',  ( 0.8370994272960000648, -0.6620715205879997844, 0.07000000000100004005 ) ) ;
#9611 = DIRECTION ( 'NONE',  ( -1.000000000000000000, 0.000000000000000000, 0.000000000000000000 ) ) ;
#9612 = CARTESIAN_POINT ( 'NONE',  ( 2.725000000000000089, 0.1000000000000002554, 0.1000000000010001083 ) ) ;
#9613 = CARTESIAN_POINT ( 'NONE',  ( 0.8386729706450000155, -1.557446610551999955, 0.05000000000099998065 ) ) ;
#9614 = ADVANCED_FACE ( 'NONE', ( #6345 ), #7496, .T. ) ;
#9615 = CARTESIAN_POINT ( 'NONE',  ( 0.7928008365959999804, -1.575891635097000032, 0.07000000000100004005 ) ) ;
#9616 = DIRECTION ( 'NONE',  ( -1.000000000000000000, 0.000000000000000000, 0.000000000000000000 ) ) ;
#9617 = AXIS2_PLACEMENT_3D ( 'NONE', #4554, #766, #11420 ) ;
#9618 = VECTOR ( 'NONE', #5520, 1000.000000000000114 ) ;
#9619 = LINE ( 'NONE', #2057, #11074 ) ;
#9620 = VECTOR ( 'NONE', #4391, 1000.000000000000000 ) ;
#9621 = ORIENTED_EDGE ( 'NONE', *, *, #12366, .T. ) ;
#9622 = ORIENTED_EDGE ( 'NONE', *, *, #3379, .T. ) ;
#9623 = ORIENTED_EDGE ( 'NONE', *, *, #4658, .T. ) ;
#9624 = EDGE_CURVE ( 'NONE', #6445, #6953, #11290, .T. ) ;
#9625 = EDGE_CURVE ( 'NONE', #8216, #9149, #9954, .T. ) ;
#9626 = DIRECTION ( 'NONE',  ( 0.000000000000000000, 1.000000000000000000, 3.491481338843000432E-15 ) ) ;
#9627 = EDGE_CURVE ( 'NONE', #4253, #7314, #4606, .T. ) ;
#9628 = CARTESIAN_POINT ( 'NONE',  ( -4.469999999998999662, 0.9000000000000002442, -0.5499999999990000665 ) ) ;
#9629 = AXIS2_PLACEMENT_3D ( 'NONE', #12057, #11099, #1343 ) ;
#9630 = ADVANCED_BREP_SHAPE_REPRESENTATION ( 'USB-C-SMD_TYPE-C-24P-QT', ( #6283, #10378, #7707 ), #8135 ) ;
#9631 = AXIS2_PLACEMENT_3D ( 'NONE', #9504, #2762, #1685 ) ;
#9632 = CARTESIAN_POINT ( 'NONE',  ( -0.2249999999989999999, 1.800000000000000044, 0.1000000000010001083 ) ) ;
#9633 = CIRCLE ( 'NONE', #5541, 0.7999999999999999334 ) ;
#9634 = PLANE ( 'NONE',  #5950 ) ;
#9635 = DIRECTION ( 'NONE',  ( -1.000000000000000000, 0.000000000000000000, 0.000000000000000000 ) ) ;
#9636 = VERTEX_POINT ( 'NONE', #2500 ) ;
#9637 = EDGE_LOOP ( 'NONE', ( #1424, #246, #9078, #8385, #10709, #4457 ) ) ;
#9638 = EDGE_CURVE ( 'NONE', #10934, #10964, #3889, .T. ) ;
#9639 = VECTOR ( 'NONE', #1043, 1000.000000000000000 ) ;
#9640 = ORIENTED_EDGE ( 'NONE', *, *, #8812, .T. ) ;
#9641 = FACE_OUTER_BOUND ( 'NONE', #9302, .T. ) ;
#9642 = AXIS2_PLACEMENT_3D ( 'NONE', #11149, #10121, #3193 ) ;
#9643 = EDGE_CURVE ( 'NONE', #10820, #12586, #5885, .T. ) ;
#9644 = PLANE ( 'NONE',  #1394 ) ;
#9645 = CARTESIAN_POINT ( 'NONE',  ( 0.5870807926820000855, -1.608225149542999999, 0.05000000000099998065 ) ) ;
#9646 = ORIENTED_EDGE ( 'NONE', *, *, #9465, .F. ) ;
#9647 = VECTOR ( 'NONE', #5833, 1000.000000000000000 ) ;
#9648 = CARTESIAN_POINT ( 'NONE',  ( -1.224999999999000000, 1.678388218141000365, 1.000068083900629290E-12 ) ) ;
#9649 = VECTOR ( 'NONE', #2217, 1000.000000000000000 ) ;
#9650 = CARTESIAN_POINT ( 'NONE',  ( 0.7077263129860000834, -1.485832445438999949, 0.07000000000100004005 ) ) ;
#9651 = VECTOR ( 'NONE', #351, 1000.000000000000000 ) ;
#9652 = ORIENTED_EDGE ( 'NONE', *, *, #7219, .F. ) ;
#9653 = EDGE_LOOP ( 'NONE', ( #2609, #3504, #5810, #3979 ) ) ;
#9654 = FACE_OUTER_BOUND ( 'NONE', #1263, .T. ) ;
#9655 = EDGE_CURVE ( 'NONE', #9073, #12070, #1377, .T. ) ;
#9656 = CARTESIAN_POINT ( 'NONE',  ( -4.169999999998999840, -2.449999999999999734, 1.500000000000000000 ) ) ;
#9657 = ORIENTED_EDGE ( 'NONE', *, *, #3052, .T. ) ;
#9658 = DIRECTION ( 'NONE',  ( -5.421010862426999550E-16, -1.000000000000000000, -3.491481338843000432E-15 ) ) ;
#9659 = CARTESIAN_POINT ( 'NONE',  ( 0.5865091463410000427, -1.498469051981999867, 0.07000000000100004005 ) ) ;
#9660 = ORIENTED_EDGE ( 'NONE', *, *, #6889, .T. ) ;
#9661 = VECTOR ( 'NONE', #4315, 1000.000000000000000 ) ;
#9662 = ORIENTED_EDGE ( 'NONE', *, *, #10424, .T. ) ;
#9663 =( NAMED_UNIT ( * ) SI_UNIT ( $, .STERADIAN. ) SOLID_ANGLE_UNIT ( ) );
#9664 = CYLINDRICAL_SURFACE ( 'NONE', #5965, 0.9499999999990003108 ) ;
#9665 = PLANE ( 'NONE',  #2577 ) ;
#9666 = ORIENTED_EDGE ( 'NONE', *, *, #6975, .T. ) ;
#9667 = CARTESIAN_POINT ( 'NONE',  ( -1.334887178074000147, -0.8886342540099999576, 0.07000000000100004005 ) ) ;
#9668 = ORIENTED_EDGE ( 'NONE', *, *, #8374, .F. ) ;
#9669 = CARTESIAN_POINT ( 'NONE',  ( 4.469999999998999662, 1.349999999999000000, 1.859999999999999876 ) ) ;
#9670 = EDGE_CURVE ( 'NONE', #3036, #12396, #8304, .T. ) ;
#9671 = VECTOR ( 'NONE', #8584, 1000.000000000000000 ) ;
#9672 = VECTOR ( 'NONE', #5370, 1000.000000000000000 ) ;
#9673 = PLANE ( 'NONE',  #7453 ) ;
#9674 = EDGE_LOOP ( 'NONE', ( #6631, #11536, #4435, #10041, #8536 ) ) ;
#9675 = VERTEX_POINT ( 'NONE', #6646 ) ;
#9676 = CARTESIAN_POINT ( 'NONE',  ( 4.169999999998999840, -1.200000000000999822, 1.959999999999999964 ) ) ;
#9677 = VECTOR ( 'NONE', #10602, 1000.000000000000000 ) ;
#9678 = CARTESIAN_POINT ( 'NONE',  ( 2.085365853658000201, -0.6082251495429997767, 0.07000000000100004005 ) ) ;
#9679 = ORIENTED_EDGE ( 'NONE', *, *, #9925, .T. ) ;
#9680 = LINE ( 'NONE', #895, #6149 ) ;
#9681 = CARTESIAN_POINT ( 'NONE',  ( 0.5767911585359999371, -0.6082251495429997767, 0.07000000000100004005 ) ) ;
#9682 = ORIENTED_EDGE ( 'NONE', *, *, #6814, .F. ) ;
#9683 = AXIS2_PLACEMENT_3D ( 'NONE', #8332, #12296, #12238 ) ;
#9684 = CARTESIAN_POINT ( 'NONE',  ( -3.219999999998999662, -4.349999999998999556, 0.3499999999999998113 ) ) ;
#9685 = B_SPLINE_CURVE_WITH_KNOTS ( 'NONE', 3,
 ( #10579, #4676, #7684, #1791, #960, #2811, #1851 ),
 .UNSPECIFIED., .F., .F.,
 ( 4, 1, 1, 1, 4 ),
 ( 0.000000000000000000, 0.1744817153170000190, 0.3982857591280000165, 0.6738978473979999606, 1.000000000000000000 ),
 .UNSPECIFIED. ) ;
#9686 = DIRECTION ( 'NONE',  ( 1.000000000000000000, 0.000000000000000000, 0.000000000000000000 ) ) ;
#9687 = CARTESIAN_POINT ( 'NONE',  ( -3.219999999998999662, -5.899999999998999378, 0.3499999999999998113 ) ) ;
#9688 = DIRECTION ( 'NONE',  ( -1.000000000000000000, 0.000000000000000000, 0.000000000000000000 ) ) ;
#9689 = CARTESIAN_POINT ( 'NONE',  ( -0.8696850325960000516, -1.510372837847000049, 0.05000000000099998065 ) ) ;
#9690 = EDGE_CURVE ( 'NONE', #9034, #6517, #2682, .T. ) ;
#9691 = EDGE_CURVE ( 'NONE', #2473, #9675, #1750, .T. ) ;
#9692 = EDGE_CURVE ( 'NONE', #8814, #8193, #4416, .T. ) ;
#9693 = EDGE_CURVE ( 'NONE', #5927, #2405, #8638, .T. ) ;
#9694 = LINE ( 'NONE', #9759, #5120 ) ;
#9695 = ORIENTED_EDGE ( 'NONE', *, *, #2202, .T. ) ;
#9696 = AXIS2_PLACEMENT_3D ( 'NONE', #6290, #8022, #7186 ) ;
#9697 = ORIENTED_EDGE ( 'NONE', *, *, #8947, .T. ) ;
#9698 = ORIENTED_EDGE ( 'NONE', *, *, #11256, .F. ) ;
#9699 = AXIS2_PLACEMENT_3D ( 'NONE', #7938, #5254, #6911 ) ;
#9700 = DIRECTION ( 'NONE',  ( 0.000000000000000000, 1.000000000000000000, 3.610065951458000973E-15 ) ) ;
#9701 = CARTESIAN_POINT ( 'NONE',  ( -3.220000000000000195, -0.2999999999999999334, 0.05000000000099998065 ) ) ;
#9702 = CARTESIAN_POINT ( 'NONE',  ( -5.750624847485999780, 1.199999999999000089, 1.859999999999999876 ) ) ;
#9703 = VECTOR ( 'NONE', #10569, 1000.000000000000000 ) ;
#9704 = DIRECTION ( 'NONE',  ( 0.000000000000000000, -1.000000000000000000, -3.491481338843000432E-15 ) ) ;
#9705 = CARTESIAN_POINT ( 'NONE',  ( 3.624999999998999467, 0.7999999999999999334, -0.1767949192430001704 ) ) ;
#9706 = EDGE_CURVE ( 'NONE', #1596, #159, #2936, .T. ) ;
#9707 = ORIENTED_EDGE ( 'NONE', *, *, #4245, .F. ) ;
#9708 = CARTESIAN_POINT ( 'NONE',  ( 1.275000000000000133, 2.200000000000000178, 0.1000000000010001083 ) ) ;
#9709 = ORIENTED_EDGE ( 'NONE', *, *, #3157, .F. ) ;
#9710 = ORIENTED_EDGE ( 'NONE', *, *, #2743, .T. ) ;
#9711 = CARTESIAN_POINT ( 'NONE',  ( 0.7750000000000000222, 1.800000000000000044, 0.05000000000099998065 ) ) ;
#9712 = CARTESIAN_POINT ( 'NONE',  ( -0.8455835410219999515, -1.510504633337000024, 0.07000000000100004005 ) ) ;
#9713 = LINE ( 'NONE', #5922, #2215 ) ;
#9714 = ORIENTED_EDGE ( 'NONE', *, *, #3029, .T. ) ;
#9715 = DIRECTION ( 'NONE',  ( 0.000000000000000000, 1.000000000000000000, 0.000000000000000000 ) ) ;
#9716 = EDGE_CURVE ( 'NONE', #5368, #8230, #6840, .T. ) ;
#9717 = CARTESIAN_POINT ( 'NONE',  ( 0.9613828044840000420, -1.246504884195999807, 0.07000000000100004005 ) ) ;
#9718 = EDGE_CURVE ( 'NONE', #6320, #10934, #3650, .T. ) ;
#9719 = ORIENTED_EDGE ( 'NONE', *, *, #10474, .T. ) ;
#9720 = ORIENTED_EDGE ( 'NONE', *, *, #9195, .F. ) ;
#9721 = CARTESIAN_POINT ( 'NONE',  ( 0.8142546660489999866, -0.7765424616709999395, 0.07000000000100004005 ) ) ;
#9722 = DIRECTION ( 'NONE',  ( 0.000000000000000000, 3.491481338843000432E-15, -1.000000000000000000 ) ) ;
#9723 = EDGE_LOOP ( 'NONE', ( #3678, #12221, #907, #2416 ) ) ;
#9724 = CARTESIAN_POINT ( 'NONE',  ( 0.5250000000000000222, 0.9000000000000002442, 1.000068083900629290E-12 ) ) ;
#9725 = DIRECTION ( 'NONE',  ( -1.000000000000000000, 0.000000000000000000, 0.000000000000000000 ) ) ;
#9726 = ORIENTED_EDGE ( 'NONE', *, *, #5085, .T. ) ;
#9727 = EDGE_CURVE ( 'NONE', #7374, #10481, #1011, .T. ) ;
#9728 = VERTEX_POINT ( 'NONE', #10628 ) ;
#9729 = CARTESIAN_POINT ( 'NONE',  ( -0.9627109506329999400, -1.612127741711000040, 0.07000000000100004005 ) ) ;
#9730 = AXIS2_PLACEMENT_3D ( 'NONE', #10391, #5568, #10268 ) ;
#9731 = VECTOR ( 'NONE', #11371, 1000.000000000000000 ) ;
#9732 = FACE_OUTER_BOUND ( 'NONE', #1844, .T. ) ;
#9733 = LINE ( 'NONE', #6643, #3191 ) ;
#9734 = ORIENTED_EDGE ( 'NONE', *, *, #6636, .T. ) ;
#9735 = CARTESIAN_POINT ( 'NONE',  ( 0.7750000000000000222, 2.200000000000000178, 0.1000000000010001083 ) ) ;
#9736 = EDGE_LOOP ( 'NONE', ( #897, #5678, #11035, #3185 ) ) ;
#9737 = CARTESIAN_POINT ( 'NONE',  ( 3.219999999998999662, -5.899999999998999378, 1.300000000000000044 ) ) ;
#9738 = CARTESIAN_POINT ( 'NONE',  ( 1.458460365852999985, -0.9984690519819999777, 0.07000000000100004005 ) ) ;
#9739 = VECTOR ( 'NONE', #6428, 1000.000000000000000 ) ;
#9740 = ORIENTED_EDGE ( 'NONE', *, *, #9483, .T. ) ;
#9742 = ORIENTED_EDGE ( 'NONE', *, *, #2295, .F. ) ;
#9741 = AXIS2_PLACEMENT_3D ( 'NONE', #6969, #482, #1381 ) ;
#9743 = LINE ( 'NONE', #9808, #6073 ) ;
#9744 = CARTESIAN_POINT ( 'NONE',  ( -4.000000000000000000, -1.949999999999994404, 0.1000000000000000472 ) ) ;
#9745 = ORIENTED_EDGE ( 'NONE', *, *, #4121, .F. ) ;
#9746 = VECTOR ( 'NONE', #12059, 1000.000000000000000 ) ;
#9747 = CARTESIAN_POINT ( 'NONE',  ( 3.759173794854654194, 1.943028297137182170, 2.742196491015261195 ) ) ;
#9748 = LINE ( 'NONE', #1985, #9758 ) ;
#9749 = EDGE_CURVE ( 'NONE', #7025, #12161, #11468, .T. ) ;
#9750 = ORIENTED_EDGE ( 'NONE', *, *, #6975, .F. ) ;
#9751 = CARTESIAN_POINT ( 'NONE',  ( -3.399999999998999822, -0.1499999999999999667, -0.4999999999989999666 ) ) ;
#9752 = DIRECTION ( 'NONE',  ( -1.000000000000000000, 0.000000000000000000, 0.000000000000000000 ) ) ;
#9753 = FACE_OUTER_BOUND ( 'NONE', #6322, .T. ) ;
#9754 = VECTOR ( 'NONE', #2198, 1000.000000000000000 ) ;
#9755 = VECTOR ( 'NONE', #4193, 1000.000000000000000 ) ;
#9756 = CARTESIAN_POINT ( 'NONE',  ( -4.169999999998999840, 1.349999999999000000, 1.709999999999999964 ) ) ;
#9757 = FACE_OUTER_BOUND ( 'NONE', #8012, .T. ) ;
#9758 = VECTOR ( 'NONE', #4930, 1000.000000000000000 ) ;
#9759 = CARTESIAN_POINT ( 'NONE',  ( -1.829268292681999863, -1.608225149542999999, 0.07000000000100004005 ) ) ;
#9760 = CARTESIAN_POINT ( 'NONE',  ( -1.230886921609000151, -1.054378342346000030, 0.07000000000100004005 ) ) ;
#9761 = VERTEX_POINT ( 'NONE', #1720 ) ;
#9762 = EDGE_LOOP ( 'NONE', ( #361, #11445, #7682, #12443 ) ) ;
#9763 = ORIENTED_EDGE ( 'NONE', *, *, #4420, .T. ) ;
#9764 = CARTESIAN_POINT ( 'NONE',  ( -0.6804671483440000168, -0.6315674614579998014, 0.05000000000099998065 ) ) ;
#9765 = DIRECTION ( 'NONE',  ( -5.421010862426999550E-16, -1.000000000000000000, -3.491481338843000432E-15 ) ) ;
#9766 = LINE ( 'NONE', #7958, #4811 ) ;
#9767 = VECTOR ( 'NONE', #6925, 1000.000000000000000 ) ;
#9768 = ADVANCED_FACE ( 'NONE', ( #11652 ), #4667, .T. ) ;
#9769 = EDGE_CURVE ( 'NONE', #11145, #4478, #9541, .T. ) ;
#9770 = PLANE ( 'NONE',  #11509 ) ;
#9771 = CARTESIAN_POINT ( 'NONE',  ( 4.469999999998999662, 1.199999999999000089, 2.559999999999999609 ) ) ;
#9772 = FACE_OUTER_BOUND ( 'NONE', #9154, .T. ) ;
#9773 = EDGE_LOOP ( 'NONE', ( #2734, #12334, #7979, #2218 ) ) ;
#9774 = FACE_OUTER_BOUND ( 'NONE', #6809, .T. ) ;
#9775 = ORIENTED_EDGE ( 'NONE', *, *, #7099, .T. ) ;
#9776 = VERTEX_POINT ( 'NONE', #2741 ) ;
#9777 = LINE ( 'NONE', #1813, #4564 ) ;
#9778 = CARTESIAN_POINT ( 'NONE',  ( -0.7633684503259999810, -1.502131465580999858, 0.07000000000100004005 ) ) ;
#9779 = EDGE_CURVE ( 'NONE', #3976, #3282, #12481, .T. ) ;
#9780 = DIRECTION ( 'NONE',  ( 0.000000000000000000, -3.491481338843000432E-15, 1.000000000000000000 ) ) ;
#9781 = DIRECTION ( 'NONE',  ( 0.000000000000000000, -4.336808689942000381E-15, 1.000000000000000000 ) ) ;
#9782 = VERTEX_POINT ( 'NONE', #11783 ) ;
#9783 = CARTESIAN_POINT ( 'NONE',  ( 2.974999999998999556, 1.800000000000000044, -0.5499999999990000665 ) ) ;
#9784 = PLANE ( 'NONE',  #8612 ) ;
#9785 = EDGE_CURVE ( 'NONE', #5103, #3968, #7106, .T. ) ;
#9786 = ORIENTED_EDGE ( 'NONE', *, *, #2193, .T. ) ;
#9787 = ORIENTED_EDGE ( 'NONE', *, *, #9508, .T. ) ;
#9788 = CARTESIAN_POINT ( 'NONE',  ( -1.724999999999000000, 2.200000000000000178, 1.000068083900629290E-12 ) ) ;
#9789 = CYLINDRICAL_SURFACE ( 'NONE', #8445, 0.7999999999990000665 ) ;
#9790 = ORIENTED_EDGE ( 'NONE', *, *, #6, .T. ) ;
#9791 = AXIS2_PLACEMENT_3D ( 'NONE', #29, #936, #3958 ) ;
#9792 = ADVANCED_FACE ( 'NONE', ( #9933 ), #2103, .F. ) ;
#9793 = CARTESIAN_POINT ( 'NONE',  ( -4.169999999998999840, -0.2999999999999999334, 1.630000000000007221 ) ) ;
#9794 = EDGE_CURVE ( 'NONE', #1752, #64, #10830, .T. ) ;
#9795 = ORIENTED_EDGE ( 'NONE', *, *, #2124, .F. ) ;
#9796 = ORIENTED_EDGE ( 'NONE', *, *, #5708, .T. ) ;
#9797 = CARTESIAN_POINT ( 'NONE',  ( 3.399999999998999822, -0.1499999999999999667, -0.4999999999989999666 ) ) ;
#9798 = CARTESIAN_POINT ( 'NONE',  ( -3.803095189483999938, 1.849999999999000000, 2.709999999999999520 ) ) ;
#9799 = CARTESIAN_POINT ( 'NONE',  ( -1.724999999999000000, -9.116756773326001095, 0.04999999999999991257 ) ) ;
#9800 = VERTEX_POINT ( 'NONE', #4159 ) ;
#9801 = CARTESIAN_POINT ( 'NONE',  ( -0.8971036585359999371, -0.5960300275919998558, 0.07000000000100004005 ) ) ;
#9802 = VERTEX_POINT ( 'NONE', #6018 ) ;
#9803 = DIRECTION ( 'NONE',  ( 1.000000000000000000, 0.000000000000000000, 0.000000000000000000 ) ) ;
#9804 = CARTESIAN_POINT ( 'NONE',  ( -1.451219512195000005, -0.7179812471039999089, 0.07000000000100004005 ) ) ;
#9805 = EDGE_CURVE ( 'NONE', #4834, #10949, #816, .T. ) ;
#9806 = ORIENTED_EDGE ( 'NONE', *, *, #7338, .T. ) ;
#9807 = VERTEX_POINT ( 'NONE', #6081 ) ;
#9808 = CARTESIAN_POINT ( 'NONE',  ( -0.2249999999989999999, 2.200000000000000178, 1.000068083900629290E-12 ) ) ;
#9809 = LINE ( 'NONE', #48, #6407 ) ;
#9810 = ADVANCED_FACE ( 'NONE', ( #5052 ), #1079, .F. ) ;
#9811 = ORIENTED_EDGE ( 'NONE', *, *, #6615, .T. ) ;
#9812 = CARTESIAN_POINT ( 'NONE',  ( 3.691032563371093200, 1.979916601323808090, 2.785007863971842745 ) ) ;
#9813 = CARTESIAN_POINT ( 'NONE',  ( 1.026541192411000170, -0.8235263050239997051, 0.07000000000100004005 ) ) ;
#9814 = VERTEX_POINT ( 'NONE', #237 ) ;
#9815 = CARTESIAN_POINT ( 'NONE',  ( 3.924999999998999733, 0.9000000000000002442, 0.3500000000010001222 ) ) ;
#9816 = DIRECTION ( 'NONE',  ( 0.000000000000000000, 1.000000000000000000, 3.252606517456511724E-15 ) ) ;
#9817 = LINE ( 'NONE', #4872, #535 ) ;
#9818 = CARTESIAN_POINT ( 'NONE',  ( 4.169999999998999840, 1.350000000000000089, 0.3500000000010001222 ) ) ;
#9819 = CARTESIAN_POINT ( 'NONE',  ( -0.9350797510570000304, -1.504191634836000047, 0.05000000000099998065 ) ) ;
#9820 = DIRECTION ( 'NONE',  ( 0.000000000000000000, 3.491481338843000432E-15, -1.000000000000000000 ) ) ;
#9821 = CARTESIAN_POINT ( 'NONE',  ( -1.226225334985999949, -1.012700664422999663, 0.07000000000100004005 ) ) ;
#9822 = EDGE_CURVE ( 'NONE', #11113, #7391, #8321, .T. ) ;
#9823 = ORIENTED_EDGE ( 'NONE', *, *, #9589, .T. ) ;
#9824 = EDGE_LOOP ( 'NONE', ( #9290, #2142, #2196, #8771 ) ) ;
#9825 = CARTESIAN_POINT ( 'NONE',  ( -0.8183645892939999111, -0.5996714841510000227, 0.05000000000099998065 ) ) ;
#9826 = DIRECTION ( 'NONE',  ( -1.000000000000000000, 0.000000000000000000, 0.000000000000000000 ) ) ;
#9827 = CARTESIAN_POINT ( 'NONE',  ( 0.000000000000000000, -4.149999999999000266, 1.300000000000000044 ) ) ;
#9828 = DIRECTION ( 'NONE',  ( 0.000000000000000000, -2.891205793294000202E-15, 1.000000000000000000 ) ) ;
#9829 = AXIS2_PLACEMENT_3D ( 'NONE', #5944, #9995, #10960 ) ;
#9830 = LINE ( 'NONE', #4059, #3920 ) ;
#9831 = DIRECTION ( 'NONE',  ( 1.000000000000000000, 0.000000000000000000, 0.000000000000000000 ) ) ;
#9832 = EDGE_LOOP ( 'NONE', ( #659, #9350, #12595, #4493 ) ) ;
#9833 = PLANE ( 'NONE',  #12672 ) ;
#9834 = ORIENTED_EDGE ( 'NONE', *, *, #4672, .T. ) ;
#9835 = EDGE_CURVE ( 'NONE', #6257, #2006, #9025, .T. ) ;
#9836 = ADVANCED_FACE ( 'NONE', ( #4032 ), #11025, .T. ) ;
#9837 = VERTEX_POINT ( 'NONE', #6973 ) ;
#9838 = CARTESIAN_POINT ( 'NONE',  ( 0.000000000000000000, -2.449999999999999734, 1.629999999999998117 ) ) ;
#9839 = ORIENTED_EDGE ( 'NONE', *, *, #1503, .F. ) ;
#9840 = VECTOR ( 'NONE', #4200, 1000.000000000000000 ) ;
#9841 = DIRECTION ( 'NONE',  ( 0.000000000000000000, 1.000000000000000000, 3.610065951458000973E-15 ) ) ;
#9842 = VECTOR ( 'NONE', #8147, 1000.000000000000000 ) ;
#9843 = FACE_OUTER_BOUND ( 'NONE', #1590, .T. ) ;
#9844 = CARTESIAN_POINT ( 'NONE',  ( -0.7408525662920000254, -0.7214001752769998443, 0.05000000000099998065 ) ) ;
#9845 = ORIENTED_EDGE ( 'NONE', *, *, #6960, .T. ) ;
#9846 = DIRECTION ( 'NONE',  ( -1.000000000000000000, 0.000000000000000000, 0.000000000000000000 ) ) ;
#9847 = CIRCLE ( 'NONE', #11681, 0.2000000000000000944 ) ;
#9848 = DIRECTION ( 'NONE',  ( 5.421010862434297499E-16, -1.000000000000000000, -3.523657060582293621E-15 ) ) ;
#9849 = CIRCLE ( 'NONE', #3505, 1.249999999999000133 ) ;
#9850 = ORIENTED_EDGE ( 'NONE', *, *, #8163, .F. ) ;
#9851 = ORIENTED_EDGE ( 'NONE', *, *, #6650, .T. ) ;
#9852 = CARTESIAN_POINT ( 'NONE',  ( -4.169999999998999840, -0.09999999999999982514, 1.300000000000999911 ) ) ;
#9853 = CIRCLE ( 'NONE', #4327, 1.249999999999000133 ) ;
#9854 = ADVANCED_FACE ( 'NONE', ( #10060 ), #9997, .F. ) ;
#9855 = CARTESIAN_POINT ( 'NONE',  ( -0.4268292682919999637, -1.608225149542999999, 0.05000000000099998065 ) ) ;
#9856 = ORIENTED_EDGE ( 'NONE', *, *, #11987, .F. ) ;
#9857 = CARTESIAN_POINT ( 'NONE',  ( -4.169999999998999840, -0.09999999999999982514, 1.300000000000999911 ) ) ;
#9858 = VERTEX_POINT ( 'NONE', #3004 ) ;
#9859 = CIRCLE ( 'NONE', #1049, 0.2000000000000000111 ) ;
#9860 = AXIS2_PLACEMENT_3D ( 'NONE', #4404, #681, #2544 ) ;
#9861 = ORIENTED_EDGE ( 'NONE', *, *, #10638, .F. ) ;
#9862 = CARTESIAN_POINT ( 'NONE',  ( -1.059298305749000191, -1.584916577358000067, 0.07000000000100004005 ) ) ;
#9863 = CARTESIAN_POINT ( 'NONE',  ( 2.274999999999999911, 1.400000000000000133, 1.000068083900629290E-12 ) ) ;
#9864 = CARTESIAN_POINT ( 'NONE',  ( 1.500000000000000000, -1.949999999999994182, 0.000000000000000000 ) ) ;
#9865 = ORIENTED_EDGE ( 'NONE', *, *, #5107, .F. ) ;
#9866 = CARTESIAN_POINT ( 'NONE',  ( 0.06097560975599999877, -1.169200759298999914, 0.07000000000100004005 ) ) ;
#9867 = ORIENTED_EDGE ( 'NONE', *, *, #3812, .T. ) ;
#9868 = DIRECTION ( 'NONE',  ( -1.000000000000000000, 0.000000000000000000, 0.000000000000000000 ) ) ;
#9869 = ADVANCED_FACE ( 'NONE', ( #10899 ), #4092, .F. ) ;
#9870 = CARTESIAN_POINT ( 'NONE',  ( 1.837842987804000128, -0.8887129544209999565, 0.07000000000100004005 ) ) ;
#9871 = VECTOR ( 'NONE', #1251, 1000.000000000000000 ) ;
#9872 = ORIENTED_EDGE ( 'NONE', *, *, #3617, .T. ) ;
#9873 = LINE ( 'NONE', #4993, #2443 ) ;
#9874 = CARTESIAN_POINT ( 'NONE',  ( -4.169999999998999840, -2.932842712473999747, -0.5500000000000001554 ) ) ;
#9875 = FACE_OUTER_BOUND ( 'NONE', #11524, .T. ) ;
#9876 = ORIENTED_EDGE ( 'NONE', *, *, #12685, .T. ) ;
#9877 = LINE ( 'NONE', #50, #5528 ) ;
#9878 = CARTESIAN_POINT ( 'NONE',  ( 0.7901423188330000125, -0.6424343329749998555, 0.07000000000100004005 ) ) ;
#9879 = VERTEX_POINT ( 'NONE', #12108 ) ;
#9880 = CARTESIAN_POINT ( 'NONE',  ( 1.642339939023999884, -1.416151978810999967, 0.07000000000100004005 ) ) ;
#9881 = EDGE_CURVE ( 'NONE', #7241, #10948, #5491, .T. ) ;
#9882 = LINE ( 'NONE', #9947, #7787 ) ;
#9883 = FACE_OUTER_BOUND ( 'NONE', #5393, .T. ) ;
#9884 = CIRCLE ( 'NONE', #5984, 0.2000000000000000111 ) ;
#9885 = LINE ( 'NONE', #11548, #11301 ) ;
#9886 = FACE_OUTER_BOUND ( 'NONE', #7490, .T. ) ;
#9887 = EDGE_CURVE ( 'NONE', #9203, #11296, #7478, .T. ) ;
#9888 = EDGE_CURVE ( 'NONE', #91, #5192, #2484, .T. ) ;
#9889 = CARTESIAN_POINT ( 'NONE',  ( -4.457876285151663787, -0.2999999999999999334, 1.124554642012350669 ) ) ;
#9890 = CARTESIAN_POINT ( 'NONE',  ( -1.109376231864999784, -0.7864807014769999993, 0.05000000000099998065 ) ) ;
#9891 = AXIS2_PLACEMENT_3D ( 'NONE', #5917, #1942, #4766 ) ;
#9892 = ORIENTED_EDGE ( 'NONE', *, *, #514, .F. ) ;
#9893 = EDGE_LOOP ( 'NONE', ( #2809, #8316, #3432, #3622, #5740, #7621 ) ) ;
#9894 = DIRECTION ( 'NONE',  ( -1.000000000000000000, 0.000000000000000000, 0.000000000000000000 ) ) ;
#9895 = LINE ( 'NONE', #10924, #3087 ) ;
#9896 = LINE ( 'NONE', #4883, #3595 ) ;
#9897 = VECTOR ( 'NONE', #7983, 1000.000000000000114 ) ;
#9898 = CYLINDRICAL_SURFACE ( 'NONE', #31, 0.9499999999990003108 ) ;
#9899 = EDGE_CURVE ( 'NONE', #2550, #2271, #1588, .T. ) ;
#9900 = CARTESIAN_POINT ( 'NONE',  ( 0.2250000000000000056, -9.116756773326001095, 0.04999999999999991257 ) ) ;
#9901 = CARTESIAN_POINT ( 'NONE',  ( 4.469999999998999662, 2.000000000000000444, 1.300000000000999911 ) ) ;
#9902 = CARTESIAN_POINT ( 'NONE',  ( -1.451219512195000005, -0.6082251495429997767, 0.07000000000100004005 ) ) ;
#9903 = ORIENTED_EDGE ( 'NONE', *, *, #825, .T. ) ;
#9904 = DIRECTION ( 'NONE',  ( 0.000000000000000000, -1.000000000000000000, -3.491481338843000432E-15 ) ) ;
#9905 = VECTOR ( 'NONE', #8087, 1000.000000000000000 ) ;
#9906 = ORIENTED_EDGE ( 'NONE', *, *, #7219, .T. ) ;
#9907 = CYLINDRICAL_SURFACE ( 'NONE', #7428, 0.1999999999999996503 ) ;
#9908 = CARTESIAN_POINT ( 'NONE',  ( -0.8914671018399999980, -0.7061172232360000134, 0.07000000000100004005 ) ) ;
#9909 = DIRECTION ( 'NONE',  ( -1.000000000000000000, -5.421010862426999550E-16, -1.892735826383000338E-30 ) ) ;
#9910 = EDGE_CURVE ( 'NONE', #5096, #9161, #9157, .T. ) ;
#9911 = DIRECTION ( 'NONE',  ( 0.000000000000000000, 3.491481338843000432E-15, -1.000000000000000000 ) ) ;
#9912 = VECTOR ( 'NONE', #5181, 1000.000000000000000 ) ;
#9913 = EDGE_CURVE ( 'NONE', #4961, #2076, #3325, .T. ) ;
#9914 = VERTEX_POINT ( 'NONE', #3576 ) ;
#9915 = LINE ( 'NONE', #2150, #10079 ) ;
#9916 = CARTESIAN_POINT ( 'NONE',  ( -2.999999999998999911, -5.299999999999999822, 1.979999999998999893 ) ) ;
#9917 = VERTEX_POINT ( 'NONE', #8258 ) ;
#9918 = ORIENTED_EDGE ( 'NONE', *, *, #5463, .T. ) ;
#9919 = CARTESIAN_POINT ( 'NONE',  ( 0.5960508004780000757, -0.7183069560209999205, 0.05000000000099998065 ) ) ;
#9920 = LINE ( 'NONE', #4078, #9897 ) ;
#9921 = ORIENTED_EDGE ( 'NONE', *, *, #3369, .T. ) ;
#9922 = PLANE ( 'NONE',  #4267 ) ;
#9923 = VERTEX_POINT ( 'NONE', #5246 ) ;
#9924 = ADVANCED_FACE ( 'NONE', ( #11153 ), #6456, .T. ) ;
#9925 = EDGE_CURVE ( 'NONE', #8205, #5362, #6518, .T. ) ;
#9926 = VERTEX_POINT ( 'NONE', #10250 ) ;
#9927 = CARTESIAN_POINT ( 'NONE',  ( 4.169999999998999840, -4.349999999998999556, 1.300000000000000044 ) ) ;
#9928 = PLANE ( 'NONE',  #5742 ) ;
#9929 = CARTESIAN_POINT ( 'NONE',  ( -4.469999999998999662, 1.199999999999000089, 1.859999999999999876 ) ) ;
#9930 = VERTEX_POINT ( 'NONE', #10432 ) ;
#9931 = DIRECTION ( 'NONE',  ( 0.000000000000000000, 3.641026466082000599E-15, -1.000000000000000000 ) ) ;
#9932 = ORIENTED_EDGE ( 'NONE', *, *, #7624, .T. ) ;
#9933 = FACE_OUTER_BOUND ( 'NONE', #7110, .T. ) ;
#9934 = DIRECTION ( 'NONE',  ( 0.000000000000000000, -1.000000000000000000, -3.491481338843000432E-15 ) ) ;
#9935 = AXIS2_PLACEMENT_3D ( 'NONE', #7297, #6684, #11218 ) ;
#9936 = VERTEX_POINT ( 'NONE', #369 ) ;
#9937 = DIRECTION ( 'NONE',  ( 1.000000000000000000, 0.000000000000000000, 0.000000000000000000 ) ) ;
#9938 = CARTESIAN_POINT ( 'NONE',  ( 2.725000000000000089, -9.116756773326001095, 0.04999999999999991257 ) ) ;
#9939 = LINE ( 'NONE', #1913, #10051 ) ;
#9940 = ORIENTED_EDGE ( 'NONE', *, *, #5346, .F. ) ;
#9941 = CARTESIAN_POINT ( 'NONE',  ( -3.804844181592559771, 1.327125943846041212, 2.708648174042310508 ) ) ;
#9942 = PLANE ( 'NONE',  #7491 ) ;
#9943 = EDGE_CURVE ( 'NONE', #6561, #10961, #10190, .T. ) ;
#9945 = ORIENTED_EDGE ( 'NONE', *, *, #12129, .F. ) ;
#9944 = AXIS2_PLACEMENT_3D ( 'NONE', #5012, #5909, #3993 ) ;
#9946 = PLANE ( 'NONE',  #7422 ) ;
#9947 = CARTESIAN_POINT ( 'NONE',  ( -2.024999999999999911, 1.400000000000000133, 0.1000000000010001083 ) ) ;
#9948 = CARTESIAN_POINT ( 'NONE',  ( 0.9756097560969999583, -1.117943137347999771, 0.05000000000099998065 ) ) ;
#9949 = FACE_OUTER_BOUND ( 'NONE', #5419, .T. ) ;
#9950 = DIRECTION ( 'NONE',  ( 0.000000000000000000, 3.491481338843000432E-15, -1.000000000000000000 ) ) ;
#9951 = DIRECTION ( 'NONE',  ( -1.000000000000000000, 0.000000000000000000, 0.000000000000000000 ) ) ;
#9952 = ADVANCED_FACE ( 'NONE', ( #11336 ), #2360, .T. ) ;
#9953 = LINE ( 'NONE', #12007, #5194 ) ;
#9954 = CIRCLE ( 'NONE', #9730, 0.2000000000000000944 ) ;
#9955 = EDGE_LOOP ( 'NONE', ( #4357, #5229, #7646, #2823 ) ) ;
#9956 = VERTEX_POINT ( 'NONE', #5305 ) ;
#9957 = FACE_OUTER_BOUND ( 'NONE', #5392, .T. ) ;
#9958 = DIRECTION ( 'NONE',  ( 0.000000000000000000, -3.491481338843000432E-15, 1.000000000000000000 ) ) ;
#9959 = CARTESIAN_POINT ( 'NONE',  ( -4.169999999998999840, -2.250000000000000000, 1.500000000000000000 ) ) ;
#9960 = CARTESIAN_POINT ( 'NONE',  ( -3.220000000000000195, 2.000000000000000444, 0.05000000000099998065 ) ) ;
#9961 = ADVANCED_FACE ( 'NONE', ( #9216 ), #5243, .T. ) ;
#9962 = EDGE_CURVE ( 'NONE', #7438, #10547, #7601, .T. ) ;
#9963 = LINE ( 'NONE', #5781, #3329 ) ;
#9964 = AXIS2_PLACEMENT_3D ( 'NONE', #7956, #4186, #5972 ) ;
#9965 = VECTOR ( 'NONE', #2796, 1000.000000000000000 ) ;
#9966 = LINE ( 'NONE', #9900, #7832 ) ;
#9967 = VECTOR ( 'NONE', #12236, 1000.000000000000000 ) ;
#9968 = CARTESIAN_POINT ( 'NONE',  ( 1.628292183807000137, -1.478586556060000001, 0.07000000000100004005 ) ) ;
#9969 = CARTESIAN_POINT ( 'NONE',  ( -2.474999999998999556, 0.3783882181409999323, 1.000068083900629290E-12 ) ) ;
#9970 = ORIENTED_EDGE ( 'NONE', *, *, #657, .T. ) ;
#9971 = LINE ( 'NONE', #5983, #12475 ) ;
#9972 = VECTOR ( 'NONE', #8264, 1000.000000000000000 ) ;
#9973 = ORIENTED_EDGE ( 'NONE', *, *, #212, .F. ) ;
#9974 = VECTOR ( 'NONE', #12382, 1000.000000000000000 ) ;
#9975 = CARTESIAN_POINT ( 'NONE',  ( -0.6461398537289999577, -1.590604825071000095, 0.05000000000099998065 ) ) ;
#9976 = EDGE_CURVE ( 'NONE', #8365, #5397, #5554, .T. ) ;
#9977 = DIRECTION ( 'NONE',  ( 0.000000000000000000, 3.491481338843000432E-15, -1.000000000000000000 ) ) ;
#9978 = CARTESIAN_POINT ( 'NONE',  ( 4.469999999998999662, 1.999999999999000355, 2.709999999999999520 ) ) ;
#9979 = CARTESIAN_POINT ( 'NONE',  ( -3.219999999998999662, -9.116756773326001095, 2.909999999998999609 ) ) ;
#9980 = ORIENTED_EDGE ( 'NONE', *, *, #10001, .F. ) ;
#9981 = LINE ( 'NONE', #3045, #11306 ) ;
#9982 = CARTESIAN_POINT ( 'NONE',  ( -5.750624847485999780, 1.199999999999000089, 1.709999999999999964 ) ) ;
#9983 = ORIENTED_EDGE ( 'NONE', *, *, #1796, .T. ) ;
#9984 = ORIENTED_EDGE ( 'NONE', *, *, #11369, .T. ) ;
#9985 = CARTESIAN_POINT ( 'NONE',  ( -3.800052453061812496, 1.880660522957139813, 2.712389526464962231 ) ) ;
#9986 = CARTESIAN_POINT ( 'NONE',  ( -1.316988156574000035, -0.8449890293229999072, 0.05000000000099998065 ) ) ;
#9987 = EDGE_LOOP ( 'NONE', ( #7401, #5291, #4094, #5774, #6281, #2703, #1231, #2467, #12612 ) ) ;
#9988 = ADVANCED_FACE ( 'NONE', ( #9462 ), #8498, .F. ) ;
#9989 = FACE_OUTER_BOUND ( 'NONE', #4338, .T. ) ;
#9990 = ORIENTED_EDGE ( 'NONE', *, *, #6447, .T. ) ;
#9991 = EDGE_LOOP ( 'NONE', ( #2508, #4783, #5125, #582 ) ) ;
#9992 = PLANE ( 'NONE',  #6805 ) ;
#9993 = CARTESIAN_POINT ( 'NONE',  ( -1.963414634146000148, -0.6082251495429997767, 0.07000000000100004005 ) ) ;
#9994 = ORIENTED_EDGE ( 'NONE', *, *, #987, .F. ) ;
#9995 = DIRECTION ( 'NONE',  ( 0.000000000000000000, 3.491481338843000432E-15, -1.000000000000000000 ) ) ;
#9996 = ORIENTED_EDGE ( 'NONE', *, *, #5529, .F. ) ;
#9997 = CYLINDRICAL_SURFACE ( 'NONE', #7080, 0.1499999999989998778 ) ;
#9998 = AXIS2_PLACEMENT_3D ( 'NONE', #1828, #5739, #6007 ) ;
#9999 = LINE ( 'NONE', #170, #2538 ) ;
#10000 = ORIENTED_EDGE ( 'NONE', *, *, #801, .T. ) ;
#10001 = EDGE_CURVE ( 'NONE', #3048, #7215, #3757, .T. ) ;
#10002 = ORIENTED_EDGE ( 'NONE', *, *, #9589, .F. ) ;
#10003 = DIRECTION ( 'NONE',  ( 0.000000000000000000, 1.000000000000000000, 3.491481338843000432E-15 ) ) ;
#10004 = FACE_OUTER_BOUND ( 'NONE', #7991, .T. ) ;
#10005 = CARTESIAN_POINT ( 'NONE',  ( 0.5250000000000000222, 0.3783882181409999323, 1.000068083900629290E-12 ) ) ;
#10006 = ORIENTED_EDGE ( 'NONE', *, *, #10736, .F. ) ;
#10007 = CARTESIAN_POINT ( 'NONE',  ( 3.748746947509065119, 1.951373523909513574, 2.749282203723375950 ) ) ;
#10008 = LINE ( 'NONE', #6153, #6666 ) ;
#10009 = VERTEX_POINT ( 'NONE', #3885 ) ;
#10010 = CARTESIAN_POINT ( 'NONE',  ( -0.4749999999989999999, 0.9000000000000002442, 0.1000000000010001083 ) ) ;
#10011 = DIRECTION ( 'NONE',  ( -1.000000000000000000, -5.421010862426999550E-16, -1.892735826383000338E-30 ) ) ;
#10012 = DIRECTION ( 'NONE',  ( 0.000000000000000000, 1.000000000000000000, 3.523657060582293621E-15 ) ) ;
#10013 = DIRECTION ( 'NONE',  ( 0.000000000000000000, 3.491481338843000432E-15, -1.000000000000000000 ) ) ;
#10014 = CARTESIAN_POINT ( 'NONE',  ( 4.169999999998999840, -2.508578643761999682, -0.2085786437620001377 ) ) ;
#10015 = DIRECTION ( 'NONE',  ( -5.421010862426999550E-16, 1.000000000000000000, 3.491481338843000432E-15 ) ) ;
#10016 = CARTESIAN_POINT ( 'NONE',  ( -4.169999999998999840, -9.116756773326001095, 0.04999999999999991257 ) ) ;
#10017 = EDGE_CURVE ( 'NONE', #6651, #2348, #3636, .T. ) ;
#10018 = ORIENTED_EDGE ( 'NONE', *, *, #12361, .F. ) ;
#10019 = ORIENTED_EDGE ( 'NONE', *, *, #724, .F. ) ;
#10020 = CARTESIAN_POINT ( 'NONE',  ( -3.803095189483999938, 1.999999999999000355, 2.709999999999999520 ) ) ;
#10021 = CARTESIAN_POINT ( 'NONE',  ( -4.469999999998999662, -3.949999999998999645, 1.300000000000000044 ) ) ;
#10022 = VERTEX_POINT ( 'NONE', #7541 ) ;
#10023 = DIRECTION ( 'NONE',  ( 0.000000000000000000, 3.491481338843000432E-15, -1.000000000000000000 ) ) ;
#10024 = DIRECTION ( 'NONE',  ( 1.000000000000000000, 0.000000000000000000, 0.000000000000000000 ) ) ;
#10025 = CARTESIAN_POINT ( 'NONE',  ( 4.124688240907797621, 1.999999999999000799, 2.824124758032334093 ) ) ;
#10026 = DIRECTION ( 'NONE',  ( 0.000000000000000000, 0.000000000000000000, 1.000000000000000000 ) ) ;
#10027 = CARTESIAN_POINT ( 'NONE',  ( 1.108560574761000117, -1.064890570256999736, 0.05000000000099998065 ) ) ;
#10028 = VECTOR ( 'NONE', #5117, 1000.000000000000000 ) ;
#10029 = LINE ( 'NONE', #8229, #4903 ) ;
#10030 = ADVANCED_FACE ( 'NONE', ( #6579 ), #5803, .F. ) ;
#10031 = ORIENTED_EDGE ( 'NONE', *, *, #3897, .F. ) ;
#10032 = CARTESIAN_POINT ( 'NONE',  ( -0.7896541949739999122, -1.618133817728000023, 0.05000000000099998065 ) ) ;
#10033 = DIRECTION ( 'NONE',  ( 1.000000000000000000, -5.421010862426999550E-16, -1.892735826383000338E-30 ) ) ;
#10034 = DIRECTION ( 'NONE',  ( 1.000000000000000000, 0.000000000000000000, 0.000000000000000000 ) ) ;
#10035 = VECTOR ( 'NONE', #9931, 1000.000000000000000 ) ;
#10036 = CARTESIAN_POINT ( 'NONE',  ( 0.4749999999999999778, 2.200000000000000178, 0.1000000000010001083 ) ) ;
#10037 = DIRECTION ( 'NONE',  ( 1.000000000000000000, -5.421010862426999550E-16, -1.892735826383000338E-30 ) ) ;
#10038 = EDGE_CURVE ( 'NONE', #3784, #4226, #1302, .T. ) ;
#10039 = DIRECTION ( 'NONE',  ( -1.000000000000000000, 0.000000000000000000, 0.000000000000000000 ) ) ;
#10040 = ORIENTED_EDGE ( 'NONE', *, *, #6748, .F. ) ;
#10041 = ORIENTED_EDGE ( 'NONE', *, *, #3919, .T. ) ;
#10042 = DIRECTION ( 'NONE',  ( 0.000000000000000000, 3.491481338843000432E-15, -1.000000000000000000 ) ) ;
#10043 = EDGE_CURVE ( 'NONE', #1775, #984, #8763, .T. ) ;
#10044 = EDGE_CURVE ( 'NONE', #8429, #7150, #8557, .T. ) ;
#10045 = VECTOR ( 'NONE', #8721, 1000.000000000000000 ) ;
#10046 = CARTESIAN_POINT ( 'NONE',  ( -2.974999999998999556, 0.3783882181409999323, 1.000068083900629290E-12 ) ) ;
#10047 = ORIENTED_EDGE ( 'NONE', *, *, #11770, .T. ) ;
#10048 = VECTOR ( 'NONE', #4312, 1000.000000000000000 ) ;
#10049 = DIRECTION ( 'NONE',  ( -1.000000000000000000, 0.000000000000000000, 0.000000000000000000 ) ) ;
#10050 = VERTEX_POINT ( 'NONE', #1768 ) ;
#10051 = VECTOR ( 'NONE', #7741, 1000.000000000000000 ) ;
#10052 = ORIENTED_EDGE ( 'NONE', *, *, #342, .T. ) ;
#10053 = VECTOR ( 'NONE', #11370, 1000.000000000000000 ) ;
#10054 = LINE ( 'NONE', #10892, #2924 ) ;
#10055 = ADVANCED_FACE ( 'NONE', ( #12526 ), #11573, .F. ) ;
#10056 = DIRECTION ( 'NONE',  ( -1.000000000000000000, 0.000000000000000000, 0.000000000000000000 ) ) ;
#10057 = ORIENTED_EDGE ( 'NONE', *, *, #7397, .F. ) ;
#10058 = CARTESIAN_POINT ( 'NONE',  ( 4.469999999998999662, -2.449999999999999734, 1.500000000000000000 ) ) ;
#10059 = ORIENTED_EDGE ( 'NONE', *, *, #8572, .T. ) ;
#10060 = FACE_OUTER_BOUND ( 'NONE', #1046, .T. ) ;
#10061 = CARTESIAN_POINT ( 'NONE',  ( -3.500000000000000000, -5.299999999999999822, 1.979999999998999893 ) ) ;
#10062 = ORIENTED_EDGE ( 'NONE', *, *, #4074, .F. ) ;
#10063 = AXIS2_PLACEMENT_3D ( 'NONE', #5698, #6663, #11802 ) ;
#10064 = VERTEX_POINT ( 'NONE', #6757 ) ;
#10065 = ORIENTED_EDGE ( 'NONE', *, *, #5780, .F. ) ;
#10066 = VECTOR ( 'NONE', #12423, 1000.000000000000000 ) ;
#10067 = DIRECTION ( 'NONE',  ( 0.000000000000000000, -1.000000000000000000, -3.491481338843000432E-15 ) ) ;
#10068 = CARTESIAN_POINT ( 'NONE',  ( -2.469999999999000106, -2.049999999999000178, 0.3499999999999998113 ) ) ;
#10069 = ORIENTED_EDGE ( 'NONE', *, *, #8232, .T. ) ;
#10070 = CYLINDRICAL_SURFACE ( 'NONE', #8200, 0.7999999999990000665 ) ;
#10071 = DIRECTION ( 'NONE',  ( -1.000000000000000000, -5.421010862426999550E-16, -1.892735826383000338E-30 ) ) ;
#10072 = VERTEX_POINT ( 'NONE', #10682 ) ;
#10073 = DIRECTION ( 'NONE',  ( 0.000000000000000000, 1.000000000000000000, 3.491481338843000432E-15 ) ) ;
#10074 = ADVANCED_FACE ( 'NONE', ( #9654 ), #870, .F. ) ;
#10075 = FACE_OUTER_BOUND ( 'NONE', #6697, .T. ) ;
#10076 = PLANE ( 'NONE',  #11473 ) ;
#10077 = CARTESIAN_POINT ( 'NONE',  ( -2.724999999999000000, 2.200000000000000178, 1.000068083900629290E-12 ) ) ;
#10078 = DIRECTION ( 'NONE',  ( -5.421010862426999550E-16, 1.000000000000000000, 3.491481338843000432E-15 ) ) ;
#10079 = VECTOR ( 'NONE', #10809, 1000.000000000000000 ) ;
#10080 = LINE ( 'NONE', #454, #10246 ) ;
#10081 = DIRECTION ( 'NONE',  ( 0.000000000000000000, 3.491481338843000432E-15, -1.000000000000000000 ) ) ;
#10082 = ORIENTED_EDGE ( 'NONE', *, *, #10550, .F. ) ;
#10083 = VERTEX_POINT ( 'NONE', #9788 ) ;
#10084 = DIRECTION ( 'NONE',  ( 0.000000000000000000, 3.491481338843000432E-15, -1.000000000000000000 ) ) ;
#10085 = CARTESIAN_POINT ( 'NONE',  ( -4.169999999998999840, 2.000000000000000444, 1.630000000000013882 ) ) ;
#10086 = ORIENTED_EDGE ( 'NONE', *, *, #2757, .F. ) ;
#10087 = DIRECTION ( 'NONE',  ( 0.000000000000000000, 1.000000000000000000, 3.491481338843000432E-15 ) ) ;
#10088 = VECTOR ( 'NONE', #3601, 1000.000000000000000 ) ;
#10089 = CARTESIAN_POINT ( 'NONE',  ( 0.02500000000000000139, 0.6000000000000003109, 0.3500000000010001222 ) ) ;
#10090 = ADVANCED_FACE ( 'NONE', ( #1064 ), #11769, .F. ) ;
#10091 = EDGE_CURVE ( 'NONE', #4185, #8361, #3866, .T. ) ;
#10092 = CARTESIAN_POINT ( 'NONE',  ( 2.475000000000000089, 2.200000000000000178, 0.1000000000010001083 ) ) ;
#10093 = CARTESIAN_POINT ( 'NONE',  ( 1.329268292681999863, -0.6082251495429997767, 0.07000000000100004005 ) ) ;
#10094 = CARTESIAN_POINT ( 'NONE',  ( 1.329268292681999863, -0.6082251495429997767, 0.07000000000100004005 ) ) ;
#10095 = CARTESIAN_POINT ( 'NONE',  ( -1.191709487912000043, -1.304374256503999963, 0.07000000000100004005 ) ) ;
#10096 = VECTOR ( 'NONE', #4540, 1000.000000000000000 ) ;
#10097 = VECTOR ( 'NONE', #2347, 1000.000000000000000 ) ;
#10098 = ORIENTED_EDGE ( 'NONE', *, *, #5981, .T. ) ;
#10099 = CARTESIAN_POINT ( 'NONE',  ( -1.525000000000000133, 1.678388218141000365, 1.000068083900629290E-12 ) ) ;
#10100 = CARTESIAN_POINT ( 'NONE',  ( 3.220000000000000195, 2.000000000000000444, 0.05000000000099998065 ) ) ;
#10101 = AXIS2_PLACEMENT_3D ( 'NONE', #3564, #2600, #2652 ) ;
#10102 = CARTESIAN_POINT ( 'NONE',  ( -2.474999999998999556, -9.116756773326001095, 0.04999999999999991257 ) ) ;
#10103 = DIRECTION ( 'NONE',  ( 1.000000000000000000, 0.000000000000000000, 0.000000000000000000 ) ) ;
#10104 = EDGE_CURVE ( 'NONE', #1332, #7314, #7921, .T. ) ;
#10105 = CARTESIAN_POINT ( 'NONE',  ( 1.525000000000000133, 0.6000000000000003109, 0.05000000000099998065 ) ) ;
#10106 = VECTOR ( 'NONE', #11255, 1000.000000000000000 ) ;
#10107 = LINE ( 'NONE', #5290, #8018 ) ;
#10108 = ORIENTED_EDGE ( 'NONE', *, *, #9605, .F. ) ;
#10109 = ORIENTED_EDGE ( 'NONE', *, *, #1439, .F. ) ;
#10110 = CARTESIAN_POINT ( 'NONE',  ( 0.4390243902429999956, -1.498469051981999867, 0.05000000000099998065 ) ) ;
#10111 = LINE ( 'NONE', #9855, #11722 ) ;
#10112 = ORIENTED_EDGE ( 'NONE', *, *, #11440, .F. ) ;
#10113 = AXIS2_PLACEMENT_3D ( 'NONE', #43, #5686, #5628 ) ;
#10114 = CARTESIAN_POINT ( 'NONE',  ( -0.7749999999990000443, -9.116756773326001095, 0.04999999999999991257 ) ) ;
#10115 = CIRCLE ( 'NONE', #6221, 0.1499999999999999944 ) ;
#10116 = ORIENTED_EDGE ( 'NONE', *, *, #555, .F. ) ;
#10117 = ADVANCED_FACE ( 'NONE', ( #7092 ), #6127, .T. ) ;
#10118 = ORIENTED_EDGE ( 'NONE', *, *, #2920, .T. ) ;
#10119 = EDGE_CURVE ( 'NONE', #8417, #6874, #4901, .T. ) ;
#10120 = CARTESIAN_POINT ( 'NONE',  ( 2.999999999998999911, -5.299999999998999733, 1.279999999999999805 ) ) ;
#10121 = DIRECTION ( 'NONE',  ( 1.000000000000000000, 0.000000000000000000, 0.000000000000000000 ) ) ;
#10122 = VERTEX_POINT ( 'NONE', #8816 ) ;
#10123 = VECTOR ( 'NONE', #9344, 1000.000000000000000 ) ;
#10124 = DIRECTION ( 'NONE',  ( -5.421010862426999550E-16, -1.000000000000000000, -3.491481338843000432E-15 ) ) ;
#10125 = ORIENTED_EDGE ( 'NONE', *, *, #10044, .F. ) ;
#10126 = CARTESIAN_POINT ( 'NONE',  ( -3.941085227241987621, 1.199999999998998756, 2.578979275276610750 ) ) ;
#10127 = CARTESIAN_POINT ( 'NONE',  ( 2.024999999999999911, 0.9000000000000002442, 0.1000000000010001083 ) ) ;
#10128 = VERTEX_POINT ( 'NONE', #5929 ) ;
#10129 = ORIENTED_EDGE ( 'NONE', *, *, #10184, .F. ) ;
#10130 = LINE ( 'NONE', #8004, #2839 ) ;
#10131 = EDGE_CURVE ( 'NONE', #3188, #1748, #9076, .T. ) ;
#10132 = CARTESIAN_POINT ( 'NONE',  ( -3.219999999998999662, 1.999999999999000355, 1.959999999999999964 ) ) ;
#10133 = CARTESIAN_POINT ( 'NONE',  ( 0.9749999999999999778, 2.200000000000000178, 0.1000000000010001083 ) ) ;
#10134 = ORIENTED_EDGE ( 'NONE', *, *, #1173, .F. ) ;
#10135 = DIRECTION ( 'NONE',  ( -1.000000000000000000, 0.000000000000000000, 0.000000000000000000 ) ) ;
#10136 = ORIENTED_EDGE ( 'NONE', *, *, #487, .F. ) ;
#10137 = CARTESIAN_POINT ( 'NONE',  ( 3.924999999998999733, 0.9000000000000002442, -0.1767949192430001704 ) ) ;
#10138 = LINE ( 'NONE', #8207, #7187 ) ;
#10139 = DIRECTION ( 'NONE',  ( 0.000000000000000000, 1.000000000000000000, 3.252606517456518824E-15 ) ) ;
#10140 = CARTESIAN_POINT ( 'NONE',  ( -2.724999999999000000, -9.116756773326001095, 0.04999999999999991257 ) ) ;
#10141 = DIRECTION ( 'NONE',  ( 0.000000000000000000, 3.491481338843000432E-15, -1.000000000000000000 ) ) ;
#10142 = LINE ( 'NONE', #11169, #7982 ) ;
#10143 = CARTESIAN_POINT ( 'NONE',  ( -0.8786204268289999897, -0.7057861251529998770, 0.07000000000100004005 ) ) ;
#10144 = EDGE_CURVE ( 'NONE', #10808, #6653, #6066, .T. ) ;
#10145 = ORIENTED_EDGE ( 'NONE', *, *, #2598, .T. ) ;
#10146 = ORIENTED_EDGE ( 'NONE', *, *, #12179, .F. ) ;
#10147 = EDGE_CURVE ( 'NONE', #7792, #6037, #12037, .T. ) ;
#10148 = FACE_OUTER_BOUND ( 'NONE', #1560, .T. ) ;
#10149 = LINE ( 'NONE', #12013, #4523 ) ;
#10150 = ORIENTED_EDGE ( 'NONE', *, *, #4980, .T. ) ;
#10151 = LINE ( 'NONE', #193, #10048 ) ;
#10152 = DIRECTION ( 'NONE',  ( 0.000000000000000000, -3.491481338843000432E-15, 1.000000000000000000 ) ) ;
#10153 = LINE ( 'NONE', #6046, #1692 ) ;
#10154 = AXIS2_PLACEMENT_3D ( 'NONE', #5369, #11397, #2610 ) ;
#10155 = FACE_OUTER_BOUND ( 'NONE', #5215, .T. ) ;
#10156 = CARTESIAN_POINT ( 'NONE',  ( 4.469999999998999662, 1.350000000000000089, 1.709999999999999964 ) ) ;
#10157 = VECTOR ( 'NONE', #5844, 999.9999999999998863 ) ;
#10158 = PLANE ( 'NONE',  #12686 ) ;
#10159 = EDGE_LOOP ( 'NONE', ( #5427, #6824, #9707, #12307 ) ) ;
#10160 = PLANE ( 'NONE',  #12141 ) ;
#10161 = EDGE_CURVE ( 'NONE', #7429, #6094, #2349, .T. ) ;
#10162 = ADVANCED_FACE ( 'NONE', ( #7402 ), #11321, .T. ) ;
#10163 = LINE ( 'NONE', #9129, #2029 ) ;
#10164 = VECTOR ( 'NONE', #2575, 1000.000000000000000 ) ;
#10165 = AXIS2_PLACEMENT_3D ( 'NONE', #7331, #10476, #9568 ) ;
#10166 = DIRECTION ( 'NONE',  ( 0.000000000000000000, 3.491481338843000432E-15, -1.000000000000000000 ) ) ;
#10167 = VECTOR ( 'NONE', #1224, 1000.000000000000000 ) ;
#10168 = CARTESIAN_POINT ( 'NONE',  ( 2.975000000000000089, 2.200000000000000178, 1.000068083900629290E-12 ) ) ;
#10169 = CARTESIAN_POINT ( 'NONE',  ( -4.169999999998999840, -3.749999999998999911, -0.06715728752500009502 ) ) ;
#10170 = LINE ( 'NONE', #152, #6382 ) ;
#10171 = ORIENTED_EDGE ( 'NONE', *, *, #8526, .F. ) ;
#10172 = VECTOR ( 'NONE', #2041, 1000.000000000000000 ) ;
#10173 = VERTEX_POINT ( 'NONE', #4394 ) ;
#10174 = VECTOR ( 'NONE', #8532, 1000.000000000000000 ) ;
#10175 = CARTESIAN_POINT ( 'NONE',  ( -0.2249999999989999999, 2.200000000000000178, 0.1000000000010001083 ) ) ;
#10176 = AXIS2_PLACEMENT_3D ( 'NONE', #2147, #9781, #1186 ) ;
#10177 = LINE ( 'NONE', #1388, #3140 ) ;
#10178 = VERTEX_POINT ( 'NONE', #8364 ) ;
#10179 = EDGE_CURVE ( 'NONE', #12370, #12292, #6315, .T. ) ;
#10180 = CARTESIAN_POINT ( 'NONE',  ( 0.02500000000000000139, 0.9000000000000002442, 0.1000000000010001083 ) ) ;
#10181 = ORIENTED_EDGE ( 'NONE', *, *, #2352, .F. ) ;
#10182 = VERTEX_POINT ( 'NONE', #2534 ) ;
#10183 = AXIS2_PLACEMENT_3D ( 'NONE', #5625, #8570, #1839 ) ;
#10184 = EDGE_CURVE ( 'NONE', #3201, #4791, #12333, .T. ) ;
#10185 = CARTESIAN_POINT ( 'NONE',  ( 0.9749999999989999999, 1.678388218141000365, 0.8000000000009999113 ) ) ;
#10186 = CARTESIAN_POINT ( 'NONE',  ( -3.399999999998999822, 0.000000000000000000, -0.4499999999989998112 ) ) ;
#10187 = ORIENTED_EDGE ( 'NONE', *, *, #4464, .F. ) ;
#10188 = DIRECTION ( 'NONE',  ( 0.000000000000000000, 1.000000000000000000, 3.491481338843000432E-15 ) ) ;
#10189 = VERTEX_POINT ( 'NONE', #4456 ) ;
#10190 = LINE ( 'NONE', #4286, #4609 ) ;
#10191 = FACE_OUTER_BOUND ( 'NONE', #12543, .T. ) ;
#10192 = ORIENTED_EDGE ( 'NONE', *, *, #11942, .T. ) ;
#10193 = EDGE_CURVE ( 'NONE', #10173, #3107, #9266, .T. ) ;
#10194 = ADVANCED_FACE ( 'NONE', ( #4515 ), #10357, .T. ) ;
#10195 = DIRECTION ( 'NONE',  ( -5.421010862426999550E-16, -1.000000000000000000, 0.000000000000000000 ) ) ;
#10196 = CARTESIAN_POINT ( 'NONE',  ( -2.274999999999000266, 0.6000000000000003109, 0.1000000000010001083 ) ) ;
#10197 = DIRECTION ( 'NONE',  ( 0.000000000000000000, 3.491481338843000432E-15, -1.000000000000000000 ) ) ;
#10198 = VERTEX_POINT ( 'NONE', #5476 ) ;
#10199 = CARTESIAN_POINT ( 'NONE',  ( 0.08536585365800000713, -1.608225149542999999, 0.05000000000099998065 ) ) ;
#10200 = VERTEX_POINT ( 'NONE', #9384 ) ;
#10201 = CARTESIAN_POINT ( 'NONE',  ( -2.274999999999000266, 0.6000000000000003109, 0.3500000000010001222 ) ) ;
#10202 = DIRECTION ( 'NONE',  ( -1.000000000000000000, 0.000000000000000000, 0.000000000000000000 ) ) ;
#10203 = CARTESIAN_POINT ( 'NONE',  ( -4.169999999998999840, -2.932842712473999747, -0.5500000000000001554 ) ) ;
#10204 = CARTESIAN_POINT ( 'NONE',  ( -0.2926829268289999897, -1.059444661738000004, 0.07000000000100004005 ) ) ;
#10205 = CARTESIAN_POINT ( 'NONE',  ( -2.950512834068999890, -5.385714285714000127, 1.744285714284999900 ) ) ;
#10206 = ADVANCED_FACE ( 'NONE', ( #11140 ), #11200, .T. ) ;
#10207 = DIRECTION ( 'NONE',  ( -5.421010862426999550E-16, -1.000000000000000000, -3.491481338843000432E-15 ) ) ;
#10208 = DIRECTION ( 'NONE',  ( 0.000000000000000000, 3.491481338843000432E-15, -1.000000000000000000 ) ) ;
#10209 = ADVANCED_FACE ( 'NONE', ( #12267 ), #3494, .T. ) ;
#10210 = EDGE_CURVE ( 'NONE', #7243, #3533, #11071, .T. ) ;
#10211 = VERTEX_POINT ( 'NONE', #2284 ) ;
#10212 = ORIENTED_EDGE ( 'NONE', *, *, #9074, .T. ) ;
#10213 = CARTESIAN_POINT ( 'NONE',  ( 0.3048780487799999661, -0.6082251495429997767, 0.07000000000100004005 ) ) ;
#10214 = CARTESIAN_POINT ( 'NONE',  ( -1.451219512195000005, -0.6082251495429997767, 0.07000000000100004005 ) ) ;
#10215 = AXIS2_PLACEMENT_3D ( 'NONE', #6831, #8755, #8820 ) ;
#10216 = ORIENTED_EDGE ( 'NONE', *, *, #9769, .T. ) ;
#10217 = CARTESIAN_POINT ( 'NONE',  ( 4.169999999998999840, 1.349999999999000000, 1.709999999999999964 ) ) ;
#10218 = CARTESIAN_POINT ( 'NONE',  ( 4.069999999999000195, -1.300000000000999911, 1.959999999999999964 ) ) ;
#10219 = PLANE ( 'NONE',  #2771 ) ;
#10220 = CARTESIAN_POINT ( 'NONE',  ( -4.469999999998999662, -0.09999999999999982514, 1.300000000000999911 ) ) ;
#10221 = CARTESIAN_POINT ( 'NONE',  ( 4.469999999998999662, 2.000000000000000444, 1.709999999999999964 ) ) ;
#10222 = EDGE_CURVE ( 'NONE', #12213, #9917, #6193, .T. ) ;
#10223 = DIRECTION ( 'NONE',  ( 1.000000000000000000, 0.000000000000000000, 0.000000000000000000 ) ) ;
#10224 = ORIENTED_EDGE ( 'NONE', *, *, #12195, .T. ) ;
#10225 = LINE ( 'NONE', #405, #4154 ) ;
#10226 = LINE ( 'NONE', #10100, #4085 ) ;
#10227 = LINE ( 'NONE', #7683, #12093 ) ;
#10228 = CARTESIAN_POINT ( 'NONE',  ( -4.152280740173923235, 1.984561246701073367, 2.792738838938971568 ) ) ;
#10229 = DIRECTION ( 'NONE',  ( 0.000000000000000000, 3.491481338843000432E-15, -1.000000000000000000 ) ) ;
#10230 = ADVANCED_FACE ( 'NONE', ( #5293 ), #357, .T. ) ;
#10231 = CARTESIAN_POINT ( 'NONE',  ( -3.399999999998999822, 0.000000000000000000, -0.4999999999989999666 ) ) ;
#10232 = ORIENTED_EDGE ( 'NONE', *, *, #12447, .T. ) ;
#10233 = ORIENTED_EDGE ( 'NONE', *, *, #6187, .F. ) ;
#10234 = CARTESIAN_POINT ( 'NONE',  ( 3.219999999998999662, -5.900000000000000355, 1.959999999998999876 ) ) ;
#10235 = AXIS2_PLACEMENT_3D ( 'NONE', #11003, #8169, #5219 ) ;
#10236 = DIRECTION ( 'NONE',  ( -1.000000000000000000, 0.000000000000000000, 0.000000000000000000 ) ) ;
#10237 = ORIENTED_EDGE ( 'NONE', *, *, #6179, .T. ) ;
#10238 = CIRCLE ( 'NONE', #2847, 0.1499999999989998778 ) ;
#10239 = FACE_OUTER_BOUND ( 'NONE', #12474, .T. ) ;
#10240 = ORIENTED_EDGE ( 'NONE', *, *, #10871, .F. ) ;
#10241 = ORIENTED_EDGE ( 'NONE', *, *, #6406, .F. ) ;
#10242 = LINE ( 'NONE', #3381, #11501 ) ;
#10243 = ADVANCED_FACE ( 'NONE', ( #8178 ), #9200, .T. ) ;
#10244 = CARTESIAN_POINT ( 'NONE',  ( -1.451219512195000005, -0.6082251495429997767, 0.07000000000100004005 ) ) ;
#10245 = VECTOR ( 'NONE', #7563, 1000.000000000000000 ) ;
#10246 = VECTOR ( 'NONE', #12127, 1000.000000000000000 ) ;
#10247 = VERTEX_POINT ( 'NONE', #7276 ) ;
#10248 = CARTESIAN_POINT ( 'NONE',  ( -3.924999999998999733, 0.9000000000000002442, 0.3500000000010001222 ) ) ;
#10249 = VERTEX_POINT ( 'NONE', #2406 ) ;
#10250 = CARTESIAN_POINT ( 'NONE',  ( -1.724999999999000000, 2.200000000000000178, 0.1000000000010001083 ) ) ;
#10251 = VECTOR ( 'NONE', #2403, 1000.000000000000000 ) ;
#10252 = LINE ( 'NONE', #1466, #9672 ) ;
#10253 = ORIENTED_EDGE ( 'NONE', *, *, #3738, .T. ) ;
#10254 = VECTOR ( 'NONE', #10752, 1000.000000000000000 ) ;
#10255 = CARTESIAN_POINT ( 'NONE',  ( 4.469999999998999662, -2.791421356236999607, -0.4914213562370001176 ) ) ;
#10256 = DIRECTION ( 'NONE',  ( 0.000000000000000000, -1.000000000000000000, -3.491481338843000432E-15 ) ) ;
#10257 = CARTESIAN_POINT ( 'NONE',  ( -2.500000000000000000, -1.949999999999994404, 0.1000000000000000472 ) ) ;
#10258 = AXIS2_PLACEMENT_3D ( 'NONE', #11679, #1230, #2892 ) ;
#10259 = ORIENTED_EDGE ( 'NONE', *, *, #10649, .T. ) ;
#10260 = DIRECTION ( 'NONE',  ( -1.000000000000000000, 0.000000000000000000, 0.000000000000000000 ) ) ;
#10261 = CIRCLE ( 'NONE', #11892, 0.7999999999990000665 ) ;
#10262 = EDGE_LOOP ( 'NONE', ( #3210, #11961, #8492, #2557 ) ) ;
#10263 = DIRECTION ( 'NONE',  ( -1.000000000000000000, 0.000000000000000000, 0.000000000000000000 ) ) ;
#10264 = EDGE_CURVE ( 'NONE', #6037, #5828, #3956, .T. ) ;
#10265 = LINE ( 'NONE', #1478, #11083 ) ;
#10266 = DIRECTION ( 'NONE',  ( 5.421010862434297499E-16, -1.000000000000000000, -3.523657060582293621E-15 ) ) ;
#10267 = CARTESIAN_POINT ( 'NONE',  ( -0.6219512195119999420, -0.7698105153960000946, 0.05000000000099998065 ) ) ;
#10268 = DIRECTION ( 'NONE',  ( 0.000000000000000000, 1.000000000000000000, 4.336808689942015369E-15 ) ) ;
#10269 = AXIS2_PLACEMENT_3D ( 'NONE', #588, #11242, #11307 ) ;
#10270 = LINE ( 'NONE', #1483, #9535 ) ;
#10271 = DIRECTION ( 'NONE',  ( -5.421010862426999550E-16, -1.000000000000000000, -3.491481338843000432E-15 ) ) ;
#10272 = VECTOR ( 'NONE', #7853, 1000.000000000000000 ) ;
#10273 = EDGE_CURVE ( 'NONE', #9837, #2627, #486, .T. ) ;
#10274 = ORIENTED_EDGE ( 'NONE', *, *, #9112, .F. ) ;
#10275 = EDGE_LOOP ( 'NONE', ( #1549, #3222, #9795, #9333 ) ) ;
#10276 = CARTESIAN_POINT ( 'NONE',  ( 4.469999999998999662, 1.199999999999000089, 1.859999999999999876 ) ) ;
#10277 = DIRECTION ( 'NONE',  ( 0.000000000000000000, 3.491481338843000432E-15, -1.000000000000000000 ) ) ;
#10278 = ORIENTED_EDGE ( 'NONE', *, *, #2853, .T. ) ;
#10279 = FACE_OUTER_BOUND ( 'NONE', #9723, .T. ) ;
#10280 = EDGE_CURVE ( 'NONE', #11553, #9926, #10301, .T. ) ;
#10281 = CIRCLE ( 'NONE', #4731, 0.9499999999990003108 ) ;
#10282 = CARTESIAN_POINT ( 'NONE',  ( -4.469999999998999662, -2.249999999998999911, 1.300000000000000044 ) ) ;
#10283 = CIRCLE ( 'NONE', #1470, 0.1999999999990000332 ) ;
#10284 = EDGE_CURVE ( 'NONE', #11579, #7105, #9326, .T. ) ;
#10285 = LINE ( 'NONE', #12254, #2174 ) ;
#10286 = EDGE_CURVE ( 'NONE', #11499, #5877, #4810, .T. ) ;
#10287 = DIRECTION ( 'NONE',  ( 0.000000000000000000, 3.491481338843000432E-15, -1.000000000000000000 ) ) ;
#10288 = CARTESIAN_POINT ( 'NONE',  ( 2.024999999999999911, 0.9000000000000002442, 0.1000000000010001083 ) ) ;
#10289 = CARTESIAN_POINT ( 'NONE',  ( -1.071385730022999860, -1.448177140666999874, 0.07000000000100004005 ) ) ;
#10290 = EDGE_LOOP ( 'NONE', ( #4750, #9742, #2631, #1519 ) ) ;
#10291 = ORIENTED_EDGE ( 'NONE', *, *, #1254, .F. ) ;
#10292 = VECTOR ( 'NONE', #1885, 1000.000000000000000 ) ;
#10293 = DIRECTION ( 'NONE',  ( -5.421010862426999550E-16, -1.000000000000000000, 0.000000000000000000 ) ) ;
#10294 = EDGE_CURVE ( 'NONE', #5629, #6266, #12352, .T. ) ;
#10295 = LINE ( 'NONE', #3244, #1370 ) ;
#10296 = LINE ( 'NONE', #11377, #4014 ) ;
#10297 = LINE ( 'NONE', #2592, #8400 ) ;
#10298 = CIRCLE ( 'NONE', #7410, 0.2000000000000000944 ) ;
#10299 = ORIENTED_EDGE ( 'NONE', *, *, #5889, .T. ) ;
#10300 = ORIENTED_EDGE ( 'NONE', *, *, #5791, .F. ) ;
#10301 = LINE ( 'NONE', #1512, #10317 ) ;
#10302 = EDGE_LOOP ( 'NONE', ( #2714, #557, #1534, #9695 ) ) ;
#10303 = CARTESIAN_POINT ( 'NONE',  ( 1.837842987804000128, -0.8887129544209999565, 0.05000000000099998065 ) ) ;
#10304 = VECTOR ( 'NONE', #8611, 1000.000000000000000 ) ;
#10305 = EDGE_CURVE ( 'NONE', #7903, #3439, #7755, .T. ) ;
#10306 = CARTESIAN_POINT ( 'NONE',  ( 1.616578761129999986, -1.446852102799000006, 0.07000000000100004005 ) ) ;
#10307 = EDGE_LOOP ( 'NONE', ( #1048, #9534, #11772, #372, #12651, #8121, #11963, #5610, #854, #786, #1820, #12664, #8461, #9547, #4346, #6144 ) ) ;
#10308 = VECTOR ( 'NONE', #4379, 1000.000000000000114 ) ;
#10309 = VERTEX_POINT ( 'NONE', #5538 ) ;
#10310 = LINE ( 'NONE', #5425, #23 ) ;
#10311 = DIRECTION ( 'NONE',  ( 0.000000000000000000, -1.000000000000000000, -3.491481338843000432E-15 ) ) ;
#10312 = ORIENTED_EDGE ( 'NONE', *, *, #8687, .T. ) ;
#10313 = CARTESIAN_POINT ( 'NONE',  ( -3.500000000000000000, -1.300000000000000044, 1.280000000000999894 ) ) ;
#10314 = ORIENTED_EDGE ( 'NONE', *, *, #9402, .F. ) ;
#10315 = CARTESIAN_POINT ( 'NONE',  ( -0.7633684503259999810, -1.502131465580999858, 0.05000000000099998065 ) ) ;
#10316 = CARTESIAN_POINT ( 'NONE',  ( 0.000000000000000000, -1.949999999999994404, 0.06999999999999996503 ) ) ;
#10317 = VECTOR ( 'NONE', #5417, 1000.000000000000000 ) ;
#10318 = ORIENTED_EDGE ( 'NONE', *, *, #8826, .T. ) ;
#10319 = FACE_OUTER_BOUND ( 'NONE', #10365, .T. ) ;
#10320 = DIRECTION ( 'NONE',  ( -1.000000000000000000, 0.000000000000000000, 0.000000000000000000 ) ) ;
#10321 = EDGE_CURVE ( 'NONE', #9776, #7573, #6503, .T. ) ;
#10322 = EDGE_CURVE ( 'NONE', #166, #11918, #6209, .T. ) ;
#10323 = FACE_OUTER_BOUND ( 'NONE', #12457, .T. ) ;
#10324 = EDGE_LOOP ( 'NONE', ( #7294, #8824, #3443, #8749 ) ) ;
#10325 = DIRECTION ( 'NONE',  ( 1.000000000000000000, 0.000000000000000000, 0.000000000000000000 ) ) ;
#10326 = VERTEX_POINT ( 'NONE', #3857 ) ;
#10327 = DIRECTION ( 'NONE',  ( 0.000000000000000000, 1.000000000000000000, 3.491481338843000432E-15 ) ) ;
#10328 = VECTOR ( 'NONE', #2612, 1000.000000000000000 ) ;
#10329 = CARTESIAN_POINT ( 'NONE',  ( -3.803095189483999938, 1.349999999999000000, 2.709999999999999520 ) ) ;
#10330 = DIRECTION ( 'NONE',  ( 0.000000000000000000, 3.491481338843000432E-15, -1.000000000000000000 ) ) ;
#10331 = CARTESIAN_POINT ( 'NONE',  ( -2.224999999999000000, 1.400000000000000133, 1.000068083900629290E-12 ) ) ;
#10332 = DIRECTION ( 'NONE',  ( 0.000000000000000000, 1.000000000000000000, 3.641026466082000599E-15 ) ) ;
#10333 = FACE_OUTER_BOUND ( 'NONE', #11430, .T. ) ;
#10334 = VERTEX_POINT ( 'NONE', #11381 ) ;
#10335 = ORIENTED_EDGE ( 'NONE', *, *, #307, .T. ) ;
#10336 = CARTESIAN_POINT ( 'NONE',  ( -3.219999999998999662, -1.200000000000999822, 2.910000000000000142 ) ) ;
#10337 = ADVANCED_FACE ( 'NONE', ( #3925 ), #968, .T. ) ;
#10338 = DIRECTION ( 'NONE',  ( -1.000000000000000000, 0.000000000000000000, 0.000000000000000000 ) ) ;
#10339 = ORIENTED_EDGE ( 'NONE', *, *, #7070, .F. ) ;
#10340 = CARTESIAN_POINT ( 'NONE',  ( 4.165858254560943941, -0.2786989507338639704, 1.203920693255334795 ) ) ;
#10341 = LINE ( 'NONE', #12313, #4140 ) ;
#10342 = CARTESIAN_POINT ( 'NONE',  ( -1.525000000000000133, 1.400000000000000133, 0.1000000000010001083 ) ) ;
#10343 = FACE_OUTER_BOUND ( 'NONE', #1187, .T. ) ;
#10344 = CARTESIAN_POINT ( 'NONE',  ( -0.9350797510570000304, -1.504191634836000047, 0.05000000000099998065 ) ) ;
#10345 = CARTESIAN_POINT ( 'NONE',  ( 2.524999999999999911, 0.3783882181409999323, 0.8000000000009999113 ) ) ;
#10346 = CARTESIAN_POINT ( 'NONE',  ( -1.169761209376000144, -0.6713254634039997892, 0.07000000000100004005 ) ) ;
#10347 = EDGE_LOOP ( 'NONE', ( #9213, #1741, #3265, #5688 ) ) ;
#10348 = ORIENTED_EDGE ( 'NONE', *, *, #9244, .T. ) ;
#10349 = EDGE_CURVE ( 'NONE', #4075, #6228, #10848, .T. ) ;
#10350 = DIRECTION ( 'NONE',  ( 0.000000000000000000, 3.491481338843000432E-15, -1.000000000000000000 ) ) ;
#10351 = CARTESIAN_POINT ( 'NONE',  ( 3.824999999998999645, 0.7000000000000000666, -0.5499999999990000665 ) ) ;
#10352 = VECTOR ( 'NONE', #3931, 1000.000000000000000 ) ;
#10353 = CARTESIAN_POINT ( 'NONE',  ( 4.169999999998999840, -4.149999999999000266, 1.300000000000000044 ) ) ;
#10354 = CARTESIAN_POINT ( 'NONE',  ( -0.9749999999989999999, 0.6000000000000003109, 0.3500000000010001222 ) ) ;
#10355 = VERTEX_POINT ( 'NONE', #2887 ) ;
#10356 = ORIENTED_EDGE ( 'NONE', *, *, #6647, .T. ) ;
#10357 = PLANE ( 'NONE',  #12541 ) ;
#10358 = EDGE_CURVE ( 'NONE', #8663, #2932, #5969, .T. ) ;
#10359 = ORIENTED_EDGE ( 'NONE', *, *, #12366, .F. ) ;
#10360 = AXIS2_PLACEMENT_3D ( 'NONE', #10826, #2032, #10229 ) ;
#10361 = CARTESIAN_POINT ( 'NONE',  ( -1.224999999999000000, 1.800000000000000044, 0.1000000000010001083 ) ) ;
#10362 = ADVANCED_FACE ( 'NONE', ( #10718 ), #9135, .T. ) ;
#10363 = CARTESIAN_POINT ( 'NONE',  ( -0.7122760812669999275, -0.6204629528479999045, 0.05000000000099998065 ) ) ;
#10364 = EDGE_LOOP ( 'NONE', ( #11085, #4397, #11692, #5607 ) ) ;
#10365 = EDGE_LOOP ( 'NONE', ( #9603, #4468, #4889, #1960 ) ) ;
#10366 = CARTESIAN_POINT ( 'NONE',  ( 2.225000000000000089, 0.1000000000000002554, 0.1000000000010001083 ) ) ;
#10367 = VECTOR ( 'NONE', #10790, 1000.000000000000114 ) ;
#10368 = AXIS2_PLACEMENT_3D ( 'NONE', #1099, #11043, #1161 ) ;
#10369 = DIRECTION ( 'NONE',  ( -1.000000000000000000, 0.000000000000000000, 0.000000000000000000 ) ) ;
#10370 = AXIS2_PLACEMENT_3D ( 'NONE', #7427, #12176, #11458 ) ;
#10371 = ORIENTED_EDGE ( 'NONE', *, *, #3495, .F. ) ;
#10372 = DIRECTION ( 'NONE',  ( 0.000000000000000000, 1.000000000000000000, 3.491481338843000432E-15 ) ) ;
#10373 = VERTEX_POINT ( 'NONE', #11112 ) ;
#10374 = DIRECTION ( 'NONE',  ( 0.000000000000000000, 3.491481338843000432E-15, -1.000000000000000000 ) ) ;
#10375 = EDGE_CURVE ( 'NONE', #217, #8052, #6996, .T. ) ;
#10376 = DIRECTION ( 'NONE',  ( 1.000000000000000000, 0.000000000000000000, 0.000000000000000000 ) ) ;
#10377 = ORIENTED_EDGE ( 'NONE', *, *, #4902, .F. ) ;
#10378 = MANIFOLD_SOLID_BREP ( 'NONE', #6820 ) ;
#10379 = VECTOR ( 'NONE', #5059, 1000.000000000000000 ) ;
#10380 = AXIS2_PLACEMENT_3D ( 'NONE', #6725, #5901, #59 ) ;
#10381 = DIRECTION ( 'NONE',  ( -1.000000000000000000, 0.000000000000000000, 0.000000000000000000 ) ) ;
#10382 = CARTESIAN_POINT ( 'NONE',  ( 3.817066970703340445, 1.292674713706691847, 2.698956766690642883 ) ) ;
#10383 = EDGE_LOOP ( 'NONE', ( #2494, #12574, #12534, #3328, #10610, #1391 ) ) ;
#10384 = LINE ( 'NONE', #5313, #5646 ) ;
#10385 = VERTEX_POINT ( 'NONE', #12128 ) ;
#10386 = DIRECTION ( 'NONE',  ( 1.000000000000000000, 0.000000000000000000, 0.000000000000000000 ) ) ;
#10387 = CARTESIAN_POINT ( 'NONE',  ( -2.724999999999000000, 1.678388218141000365, 0.8000000000009999113 ) ) ;
#10388 = CARTESIAN_POINT ( 'NONE',  ( -1.274999999999000044, 0.9000000000000002442, 1.000068083900629290E-12 ) ) ;
#10389 = VECTOR ( 'NONE', #9658, 1000.000000000000000 ) ;
#10390 = CARTESIAN_POINT ( 'NONE',  ( 1.974999999999000222, 1.400000000000000133, 0.1000000000010001083 ) ) ;
#10391 = CARTESIAN_POINT ( 'NONE',  ( -4.469999999998999662, 1.800000000000000044, -0.3499999999989999999 ) ) ;
#10392 = ADVANCED_FACE ( 'NONE', ( #7126 ), #1294, .T. ) ;
#10393 = CARTESIAN_POINT ( 'NONE',  ( 0.000000000000000000, 0.1000000000000002554, 0.05000000000099998065 ) ) ;
#10394 = ORIENTED_EDGE ( 'NONE', *, *, #6447, .F. ) ;
#10395 = ORIENTED_EDGE ( 'NONE', *, *, #7905, .F. ) ;
#10396 = CARTESIAN_POINT ( 'NONE',  ( 1.775000000000000133, 1.400000000000000133, 0.05000000000099998065 ) ) ;
#10397 = CARTESIAN_POINT ( 'NONE',  ( 1.109756097560000043, -1.120801369054999830, 0.05000000000099998065 ) ) ;
#10398 = ORIENTED_EDGE ( 'NONE', *, *, #9913, .T. ) ;
#10399 = CARTESIAN_POINT ( 'NONE',  ( -5.000000000000000000, -1.949999999999994182, 0.000000000000000000 ) ) ;
#10400 = LINE ( 'NONE', #10458, #240 ) ;
#10401 = CARTESIAN_POINT ( 'NONE',  ( -1.364565772781000108, -1.146892682952999953, 0.05000000000099998065 ) ) ;
#10402 = DIRECTION ( 'NONE',  ( 0.000000000000000000, -1.000000000000000000, -3.491481338843000432E-15 ) ) ;
#10403 = CARTESIAN_POINT ( 'NONE',  ( -1.231361002593000187, -1.113000508777999720, 0.05000000000099998065 ) ) ;
#10404 = LINE ( 'NONE', #7387, #5044 ) ;
#10405 = ADVANCED_FACE ( 'NONE', ( #7953 ), #3348, .T. ) ;
#10406 = CARTESIAN_POINT ( 'NONE',  ( -1.089142849635000188, -0.6291144553100000980, 0.05000000000099998065 ) ) ;
#10407 = AXIS2_PLACEMENT_3D ( 'NONE', #12645, #4894, #3876 ) ;
#10408 = ORIENTED_EDGE ( 'NONE', *, *, #6900, .F. ) ;
#10409 = EDGE_LOOP ( 'NONE', ( #9823, #7758, #566, #9512 ) ) ;
#10410 = DIRECTION ( 'NONE',  ( -1.000000000000000000, 0.000000000000000000, 0.000000000000000000 ) ) ;
#10411 = DIRECTION ( 'NONE',  ( -1.000000000000000000, 0.000000000000000000, 0.000000000000000000 ) ) ;
#10412 = EDGE_CURVE ( 'NONE', #10693, #65, #11170, .T. ) ;
#10413 = CARTESIAN_POINT ( 'NONE',  ( -1.146120521755999988, -1.538968572058999840, 0.07000000000100004005 ) ) ;
#10414 = DIRECTION ( 'NONE',  ( 1.000000000000000000, 0.000000000000000000, 0.000000000000000000 ) ) ;
#10415 = EDGE_CURVE ( 'NONE', #8777, #6195, #9175, .T. ) ;
#10416 = DIRECTION ( 'NONE',  ( 0.000000000000000000, -1.000000000000000000, -3.641026466089525543E-15 ) ) ;
#10417 = ORIENTED_EDGE ( 'NONE', *, *, #552, .F. ) ;
#10418 = VERTEX_POINT ( 'NONE', #8979 ) ;
#10419 = CARTESIAN_POINT ( 'NONE',  ( 1.525000000000000133, 0.1000000000000002554, 1.000068083900629290E-12 ) ) ;
#10420 = ORIENTED_EDGE ( 'NONE', *, *, #3212, .F. ) ;
#10421 = CARTESIAN_POINT ( 'NONE',  ( 3.220000000000000195, -0.2999999999999999334, 0.05000000000099998065 ) ) ;
#10422 = CARTESIAN_POINT ( 'NONE',  ( 3.924999999998999733, 0.9000000000000002442, 0.3500000000010001222 ) ) ;
#10423 = CARTESIAN_POINT ( 'NONE',  ( 1.623666158535999937, -1.486273930030999946, 0.07000000000100004005 ) ) ;
#10424 = EDGE_CURVE ( 'NONE', #8465, #2759, #2127, .T. ) ;
#10425 = EDGE_LOOP ( 'NONE', ( #9850, #11235, #12503, #11282 ) ) ;
#10426 = CARTESIAN_POINT ( 'NONE',  ( 1.424733231707000058, -0.8887129544209999565, 0.07000000000100004005 ) ) ;
#10427 = EDGE_CURVE ( 'NONE', #8523, #9914, #1419, .T. ) ;
#10428 = CARTESIAN_POINT ( 'NONE',  ( -2.974999999998999556, 0.1000000000000002554, 0.1000000000010001083 ) ) ;
#10429 = ORIENTED_EDGE ( 'NONE', *, *, #10424, .F. ) ;
#10430 = FACE_OUTER_BOUND ( 'NONE', #2039, .T. ) ;
#10431 = ORIENTED_EDGE ( 'NONE', *, *, #7906, .T. ) ;
#10432 = CARTESIAN_POINT ( 'NONE',  ( 1.974999999999000222, 1.678388218141000365, 1.000068083900629290E-12 ) ) ;
#10433 = DIRECTION ( 'NONE',  ( 0.000000000000000000, 0.000000000000000000, 1.000000000000000000 ) ) ;
#10434 = ORIENTED_EDGE ( 'NONE', *, *, #5657, .F. ) ;
#10435 = CYLINDRICAL_SURFACE ( 'NONE', #4438, 0.7999999999999999334 ) ;
#10436 = DIRECTION ( 'NONE',  ( 5.421010862427522170E-16, 1.000000000000000000, 3.523657060577889805E-15 ) ) ;
#10437 = ORIENTED_EDGE ( 'NONE', *, *, #5332, .T. ) ;
#10438 = DIRECTION ( 'NONE',  ( 0.000000000000000000, -1.000000000000000000, -3.491481338843000432E-15 ) ) ;
#10439 = EDGE_CURVE ( 'NONE', #9176, #11152, #9953, .T. ) ;
#10440 = EDGE_LOOP ( 'NONE', ( #2825, #4719, #9022, #10420, #1581, #10417, #9376, #12265 ) ) ;
#10441 = VECTOR ( 'NONE', #6875, 1000.000000000000000 ) ;
#10442 = DIRECTION ( 'NONE',  ( -1.000000000000000000, 0.000000000000000000, 0.000000000000000000 ) ) ;
#10443 = DIRECTION ( 'NONE',  ( 0.000000000000000000, 1.000000000000000000, 3.641026466082000599E-15 ) ) ;
#10444 = CARTESIAN_POINT ( 'NONE',  ( 2.274999999999999911, 1.800000000000000044, -0.5499999999990000665 ) ) ;
#10445 = CARTESIAN_POINT ( 'NONE',  ( 0.7785436176489999305, -1.461778965836999955, 0.05000000000099998065 ) ) ;
#10446 = DIRECTION ( 'NONE',  ( 0.000000000000000000, 3.790571593321000372E-15, -1.000000000000000000 ) ) ;
#10447 = DIRECTION ( 'NONE',  ( 0.000000000000000000, -1.000000000000000000, -3.515050951288000436E-15 ) ) ;
#10448 = VECTOR ( 'NONE', #3945, 1000.000000000000000 ) ;
#10449 = ORIENTED_EDGE ( 'NONE', *, *, #3241, .T. ) ;
#10450 = ORIENTED_EDGE ( 'NONE', *, *, #8918, .T. ) ;
#10451 = AXIS2_PLACEMENT_3D ( 'NONE', #354, #10039, #12089 ) ;
#10452 = CARTESIAN_POINT ( 'NONE',  ( 1.607660060975000027, -1.416151978810999967, 0.07000000000100004005 ) ) ;
#10453 = CARTESIAN_POINT ( 'NONE',  ( 0.8814046045549999153, -0.6861058462499998178, 0.07000000000100004005 ) ) ;
#10454 = EDGE_LOOP ( 'NONE', ( #11599, #4171, #11322, #5097 ) ) ;
#10455 = CARTESIAN_POINT ( 'NONE',  ( 3.524138126513999936, 1.999999999999000355, 2.859999999999999876 ) ) ;
#10456 = CARTESIAN_POINT ( 'NONE',  ( 0.5870807926820000855, -1.608225149542999999, 0.07000000000100004005 ) ) ;
#10457 = ADVANCED_FACE ( 'NONE', ( #7062 ), #10982, .T. ) ;
#10458 = CARTESIAN_POINT ( 'NONE',  ( 1.792873475609000122, -0.9984690519819999777, 0.07000000000100004005 ) ) ;
#10459 = VECTOR ( 'NONE', #9164, 1000.000000000000000 ) ;
#10460 = DIRECTION ( 'NONE',  ( 0.000000000000000000, -1.000000000000000000, -3.491481338843000432E-15 ) ) ;
#10461 = DIRECTION ( 'NONE',  ( 1.000000000000000000, 0.000000000000000000, 0.000000000000000000 ) ) ;
#10462 = CARTESIAN_POINT ( 'NONE',  ( -0.8962582733460000561, -1.509801464520999836, 0.05000000000099998065 ) ) ;
#10463 = AXIS2_PLACEMENT_3D ( 'NONE', #11227, #12181, #7493 ) ;
#10464 = DIRECTION ( 'NONE',  ( 1.000000000000000000, 0.000000000000000000, 0.000000000000000000 ) ) ;
#10465 = FACE_OUTER_BOUND ( 'NONE', #234, .T. ) ;
#10466 = ORIENTED_EDGE ( 'NONE', *, *, #5543, .T. ) ;
#10467 = ORIENTED_EDGE ( 'NONE', *, *, #5543, .F. ) ;
#10468 = CARTESIAN_POINT ( 'NONE',  ( -0.9749999999989999999, 0.1000000000000002554, 1.000068083900629290E-12 ) ) ;
#10469 = VECTOR ( 'NONE', #851, 1000.000000000000000 ) ;
#10470 = FACE_OUTER_BOUND ( 'NONE', #3076, .T. ) ;
#10471 = CIRCLE ( 'NONE', #6575, 1.249999999999000133 ) ;
#10472 = EDGE_CURVE ( 'NONE', #1987, #11471, #6101, .T. ) ;
#10473 = EDGE_CURVE ( 'NONE', #7215, #5818, #2684, .T. ) ;
#10474 = EDGE_CURVE ( 'NONE', #3091, #8663, #8515, .T. ) ;
#10475 = DIRECTION ( 'NONE',  ( -5.421010862426999550E-16, -1.000000000000000000, -3.491481338843000432E-15 ) ) ;
#10476 = DIRECTION ( 'NONE',  ( 1.000000000000000000, -5.421010862426999550E-16, -1.892735826383000338E-30 ) ) ;
#10477 = ORIENTED_EDGE ( 'NONE', *, *, #7203, .T. ) ;
#10478 = ORIENTED_EDGE ( 'NONE', *, *, #3765, .F. ) ;
#10479 = CARTESIAN_POINT ( 'NONE',  ( -1.021568573111999889, -0.7315890134429998692, 0.05000000000099998065 ) ) ;
#10480 = VECTOR ( 'NONE', #9457, 1000.000000000000000 ) ;
#10481 = VERTEX_POINT ( 'NONE', #12186 ) ;
#10482 = LINE ( 'NONE', #9513, #1073 ) ;
#10483 = LINE ( 'NONE', #10422, #10991 ) ;
#10484 = EDGE_CURVE ( 'NONE', #7252, #4461, #12427, .T. ) ;
#10485 = CARTESIAN_POINT ( 'NONE',  ( -0.6502374838590000428, -0.6444415515699999375, 0.07000000000100004005 ) ) ;
#10486 = EDGE_LOOP ( 'NONE', ( #9253, #9470, #5682, #12268, #236, #2864 ) ) ;
#10487 = VECTOR ( 'NONE', #4255, 1000.000000000000000 ) ;
#10488 = CARTESIAN_POINT ( 'NONE',  ( -1.025000000000000133, 1.678388218141000365, 1.000068083900629290E-12 ) ) ;
#10489 = DIRECTION ( 'NONE',  ( 0.000000000000000000, 3.491481338843000432E-15, -1.000000000000000000 ) ) ;
#10490 = ORIENTED_EDGE ( 'NONE', *, *, #2894, .F. ) ;
#10491 = ORIENTED_EDGE ( 'NONE', *, *, #6788, .F. ) ;
#10492 = CARTESIAN_POINT ( 'NONE',  ( 0.8717330928199999995, -0.8227033415949998041, 0.07000000000100004005 ) ) ;
#10493 = CIRCLE ( 'NONE', #9891, 0.2000000000000000944 ) ;
#10494 = DIRECTION ( 'NONE',  ( 0.000000000000000000, 3.491481338843000432E-15, -1.000000000000000000 ) ) ;
#10495 = ORIENTED_EDGE ( 'NONE', *, *, #4279, .F. ) ;
#10496 = VECTOR ( 'NONE', #8631, 1000.000000000000114 ) ;
#10497 = VECTOR ( 'NONE', #8472, 1000.000000000000000 ) ;
#10498 = LINE ( 'NONE', #9528, #10389 ) ;
#10499 = EDGE_CURVE ( 'NONE', #9061, #1257, #6220, .T. ) ;
#10500 = DIRECTION ( 'NONE',  ( -1.000000000000000000, 0.000000000000000000, 0.000000000000000000 ) ) ;
#10501 = EDGE_CURVE ( 'NONE', #11655, #9104, #9236, .T. ) ;
#10502 = ORIENTED_EDGE ( 'NONE', *, *, #3767, .F. ) ;
#10503 = DIRECTION ( 'NONE',  ( 0.000000000000000000, 1.000000000000000000, 3.252606517456513302E-15 ) ) ;
#10504 = VERTEX_POINT ( 'NONE', #2437 ) ;
#10505 = LINE ( 'NONE', #9410, #4556 ) ;
#10506 = CARTESIAN_POINT ( 'NONE',  ( -0.8836316649020000691, -0.5961880314020000515, 0.07000000000100004005 ) ) ;
#10507 = CARTESIAN_POINT ( 'NONE',  ( -0.02500000000000000139, 1.400000000000000133, 0.05000000000099998065 ) ) ;
#10508 = CARTESIAN_POINT ( 'NONE',  ( 0.9495739938099999611, -1.283803631005000057, 0.05000000000099998065 ) ) ;
#10509 = CARTESIAN_POINT ( 'NONE',  ( 4.169999999998999840, 1.349999999999000000, 1.859999999999999876 ) ) ;
#10510 = CARTESIAN_POINT ( 'NONE',  ( -3.624999999998999467, 0.7999999999999999334, -0.1767949192430001704 ) ) ;
#10511 = ADVANCED_FACE ( 'NONE', ( #4369 ), #6416, .F. ) ;
#10512 = ORIENTED_EDGE ( 'NONE', *, *, #499, .T. ) ;
#10513 = ORIENTED_EDGE ( 'NONE', *, *, #9065, .F. ) ;
#10514 = CARTESIAN_POINT ( 'NONE',  ( -1.024999999999000044, 1.800000000000000044, -0.5499999999990000665 ) ) ;
#10515 = DIRECTION ( 'NONE',  ( 0.000000000000000000, 1.000000000000000000, 3.491481338843000432E-15 ) ) ;
#10516 = ORIENTED_EDGE ( 'NONE', *, *, #7388, .T. ) ;
#10517 = CIRCLE ( 'NONE', #4987, 0.7999999999990000665 ) ;
#10518 = DIRECTION ( 'NONE',  ( 0.000000000000000000, 1.000000000000000000, 3.491481338843000432E-15 ) ) ;
#10519 = CARTESIAN_POINT ( 'NONE',  ( 1.026501371439999977, -1.404599433792999896, 0.05000000000099998065 ) ) ;
#10520 = DIRECTION ( 'NONE',  ( 0.000000000000000000, 3.491481338843000432E-15, -1.000000000000000000 ) ) ;
#10521 = LINE ( 'NONE', #8407, #9020 ) ;
#10522 = FACE_OUTER_BOUND ( 'NONE', #11000, .T. ) ;
#10523 = CARTESIAN_POINT ( 'NONE',  ( -3.399999999998999822, -0.1999999999999998723, 0.05000000000099998065 ) ) ;
#10524 = CARTESIAN_POINT ( 'NONE',  ( -1.206377465836000251, -1.267651626271000032, 0.07000000000100004005 ) ) ;
#10525 = CARTESIAN_POINT ( 'NONE',  ( -0.9484103147529999722, -0.5971743138419999264, 0.05000000000099998065 ) ) ;
#10526 = EDGE_CURVE ( 'NONE', #5178, #6876, #7556, .T. ) ;
#10527 = ORIENTED_EDGE ( 'NONE', *, *, #6748, .T. ) ;
#10528 = VERTEX_POINT ( 'NONE', #639 ) ;
#10529 = ORIENTED_EDGE ( 'NONE', *, *, #12060, .F. ) ;
#10530 = DIRECTION ( 'NONE',  ( -1.000000000000000000, 0.000000000000000000, 0.000000000000000000 ) ) ;
#10531 = LINE ( 'NONE', #5469, #5432 ) ;
#10532 = CARTESIAN_POINT ( 'NONE',  ( 4.069999999999000195, -1.300000000000999911, 1.959999999999999964 ) ) ;
#10533 = LINE ( 'NONE', #11498, #10557 ) ;
#10534 = ORIENTED_EDGE ( 'NONE', *, *, #9184, .F. ) ;
#10535 = ORIENTED_EDGE ( 'NONE', *, *, #7415, .T. ) ;
#10536 = EDGE_CURVE ( 'NONE', #445, #7266, #4607, .T. ) ;
#10537 = EDGE_CURVE ( 'NONE', #4923, #5292, #12367, .T. ) ;
#10538 = ORIENTED_EDGE ( 'NONE', *, *, #7917, .T. ) ;
#10539 = CARTESIAN_POINT ( 'NONE',  ( 4.169999999998999840, 2.000000000000000444, 1.300000000000999911 ) ) ;
#10540 = FACE_OUTER_BOUND ( 'NONE', #2778, .T. ) ;
#10541 = AXIS2_PLACEMENT_3D ( 'NONE', #12515, #8488, #11503 ) ;
#10542 = CARTESIAN_POINT ( 'NONE',  ( -0.6219512195119999420, -0.6600544178349998514, 0.07000000000100004005 ) ) ;
#10543 = ORIENTED_EDGE ( 'NONE', *, *, #6375, .T. ) ;
#10544 = DIRECTION ( 'NONE',  ( 0.000000000000000000, -3.491481338843000432E-15, 1.000000000000000000 ) ) ;
#10545 = CARTESIAN_POINT ( 'NONE',  ( 0.9752819755150000658, -1.133264022484999911, 0.07000000000100004005 ) ) ;
#10546 = ORIENTED_EDGE ( 'NONE', *, *, #6778, .F. ) ;
#10547 = VERTEX_POINT ( 'NONE', #3590 ) ;
#10548 = VECTOR ( 'NONE', #12003, 1000.000000000000000 ) ;
#10549 = CARTESIAN_POINT ( 'NONE',  ( 0.8961278367119999144, -0.8504447723139997306, 0.07000000000100004005 ) ) ;
#10550 = EDGE_CURVE ( 'NONE', #11822, #3845, #2128, .T. ) ;
#10551 = LINE ( 'NONE', #6827, #9070 ) ;
#10552 = ORIENTED_EDGE ( 'NONE', *, *, #6810, .T. ) ;
#10553 = DIRECTION ( 'NONE',  ( 1.000000000000000000, 0.000000000000000000, 0.000000000000000000 ) ) ;
#10554 = DIRECTION ( 'NONE',  ( -1.000000000000000000, 0.000000000000000000, 0.000000000000000000 ) ) ;
#10555 = ORIENTED_EDGE ( 'NONE', *, *, #52, .T. ) ;
#10556 = CIRCLE ( 'NONE', #9964, 0.9499999999990003108 ) ;
#10557 = VECTOR ( 'NONE', #4510, 1000.000000000000000 ) ;
#10558 = ORIENTED_EDGE ( 'NONE', *, *, #4645, .T. ) ;
#10559 = AXIS2_PLACEMENT_3D ( 'NONE', #4247, #7251, #8021 ) ;
#10560 = LINE ( 'NONE', #8825, #9466 ) ;
#10561 = FACE_OUTER_BOUND ( 'NONE', #10262, .T. ) ;
#10562 = LINE ( 'NONE', #4664, #1146 ) ;
#10563 = ORIENTED_EDGE ( 'NONE', *, *, #3382, .F. ) ;
#10564 = LINE ( 'NONE', #1009, #1226 ) ;
#10565 = ORIENTED_EDGE ( 'NONE', *, *, #10472, .F. ) ;
#10566 = DIRECTION ( 'NONE',  ( -1.000000000000000000, 0.000000000000000000, 0.000000000000000000 ) ) ;
#10567 = ADVANCED_FACE ( 'NONE', ( #8278 ), #4427, .T. ) ;
#10568 = EDGE_CURVE ( 'NONE', #5192, #12036, #8338, .T. ) ;
#10569 = DIRECTION ( 'NONE',  ( -5.421010862426999550E-16, -1.000000000000000000, -3.491481338843000432E-15 ) ) ;
#10570 = AXIS2_PLACEMENT_3D ( 'NONE', #10452, #6419, #5452 ) ;
#10571 = AXIS2_PLACEMENT_3D ( 'NONE', #10345, #3665, #8349 ) ;
#10572 = ORIENTED_EDGE ( 'NONE', *, *, #8100, .T. ) ;
#10573 = EDGE_LOOP ( 'NONE', ( #2929, #6905, #3069, #6171 ) ) ;
#10574 = DIRECTION ( 'NONE',  ( -1.000000000000000000, 0.000000000000000000, 0.000000000000000000 ) ) ;
#10575 = CARTESIAN_POINT ( 'NONE',  ( 1.623666158535999937, -1.486273930030999946, 0.07000000000100004005 ) ) ;
#10576 = ORIENTED_EDGE ( 'NONE', *, *, #4646, .F. ) ;
#10577 = EDGE_CURVE ( 'NONE', #6421, #91, #1605, .T. ) ;
#10578 = DIRECTION ( 'NONE',  ( 0.000000000000000000, -1.000000000000000000, -3.252606517456513696E-15 ) ) ;
#10579 = CARTESIAN_POINT ( 'NONE',  ( 1.642339939023999884, -1.416151978810999967, 0.05000000000099998065 ) ) ;
#10580 = CARTESIAN_POINT ( 'NONE',  ( -1.829268292681999863, -1.608225149542999999, 0.07000000000100004005 ) ) ;
#10581 = PRODUCT_DEFINITION_FORMATION_WITH_SPECIFIED_SOURCE ( 'ä»', '', #5714, .NOT_KNOWN. ) ;
#10582 = EDGE_CURVE ( 'NONE', #5257, #11234, #3464, .T. ) ;
#10583 = DIRECTION ( 'NONE',  ( -0.9659258262891938784, -9.423669931445886155E-16, 0.2588190451020520033 ) ) ;
#10584 = CYLINDRICAL_SURFACE ( 'NONE', #12596, 0.9499999999990003108 ) ;
#10585 = LINE ( 'NONE', #1797, #5751 ) ;
#10586 = DIRECTION ( 'NONE',  ( -5.421010862426999550E-16, -1.000000000000000000, -3.491481338843000432E-15 ) ) ;
#10587 = EDGE_CURVE ( 'NONE', #1256, #6919, #9415, .T. ) ;
#10588 = ADVANCED_FACE ( 'NONE', ( #10333 ), #1540, .T. ) ;
#10589 = CARTESIAN_POINT ( 'NONE',  ( -0.8971036585359999371, -0.5960300275919998558, 0.07000000000100004005 ) ) ;
#10590 = VERTEX_POINT ( 'NONE', #4486 ) ;
#10591 = ORIENTED_EDGE ( 'NONE', *, *, #4083, .T. ) ;
#10592 = EDGE_LOOP ( 'NONE', ( #8635, #4595, #101, #10639 ) ) ;
#10593 = CARTESIAN_POINT ( 'NONE',  ( 1.724999999999999867, 0.9000000000000002442, 0.1000000000010001083 ) ) ;
#10594 = B_SPLINE_CURVE_WITH_KNOTS ( 'NONE', 3,
 ( #5340, #6115, #11958, #9252, #4194, #7324, #5150, #10289, #10998, #2208, #8102, #6180, #10095, #1309, #5214, #343, #3295, #7201, #11125 ),
 .UNSPECIFIED., .F., .F.,
 ( 4, 1, 1, 1, 1, 1, 1, 1, 1, 1, 1, 1, 1, 1, 1, 1, 4 ),
 ( 0.000000000000000000, 0.06460397028799999553, 0.1267024139619999934, 0.1867568140349999961, 0.2455056873650000027, 0.3036520244490000242, 0.3615030739700000328, 0.4202402229280000068, 0.4800333407759999615, 0.5406781347749999300, 0.6011918063800000267, 0.6623335024769999579, 0.7247395102970000114, 0.7894677361719999453, 0.8565048600430000825, 0.9263120958389999826, 1.000000000000000000 ),
 .UNSPECIFIED. ) ;
#10595 = DIRECTION ( 'NONE',  ( -5.421010862426999550E-16, -1.000000000000000000, -3.491481338843000432E-15 ) ) ;
#10596 = DIRECTION ( 'NONE',  ( -1.000000000000000000, -5.421010862426999550E-16, -1.892735826383000338E-30 ) ) ;
#10597 = ADVANCED_FACE ( 'NONE', ( #9482 ), #5570, .T. ) ;
#10598 = CYLINDRICAL_SURFACE ( 'NONE', #4634, 0.7999999999990000665 ) ;
#10599 = ORIENTED_EDGE ( 'NONE', *, *, #7458, .F. ) ;
#10600 = EDGE_LOOP ( 'NONE', ( #4878, #6881, #3947, #1296, #1938, #7064 ) ) ;
#10601 = ORIENTED_EDGE ( 'NONE', *, *, #7361, .T. ) ;
#10602 = DIRECTION ( 'NONE',  ( 0.000000000000000000, 3.491481338843000432E-15, -1.000000000000000000 ) ) ;
#10603 = CARTESIAN_POINT ( 'NONE',  ( -0.2749999999989999888, 0.1000000000000002554, 1.000068083900629290E-12 ) ) ;
#10604 = DIRECTION ( 'NONE',  ( 1.000000000000000000, 0.000000000000000000, 0.000000000000000000 ) ) ;
#10605 = EDGE_CURVE ( 'NONE', #8052, #2550, #2945, .T. ) ;
#10606 = ORIENTED_EDGE ( 'NONE', *, *, #2413, .T. ) ;
#10607 = DIRECTION ( 'NONE',  ( 0.000000000000000000, 3.491481338843000432E-15, -1.000000000000000000 ) ) ;
#10608 = CARTESIAN_POINT ( 'NONE',  ( 0.7442131857660000405, -1.475289891871999881, 0.07000000000100004005 ) ) ;
#10609 = ORIENTED_EDGE ( 'NONE', *, *, #4602, .T. ) ;
#10610 = ORIENTED_EDGE ( 'NONE', *, *, #478, .T. ) ;
#10611 = DIRECTION ( 'NONE',  ( 0.000000000000000000, -1.000000000000000000, -2.891205793313955622E-15 ) ) ;
#10612 = CARTESIAN_POINT ( 'NONE',  ( -2.774999999999000266, 0.1000000000000002554, 0.1000000000010001083 ) ) ;
#10613 = ORIENTED_EDGE ( 'NONE', *, *, #8345, .T. ) ;
#10614 = CARTESIAN_POINT ( 'NONE',  ( -2.774999999999000266, 0.1000000000000002554, 0.1000000000010001083 ) ) ;
#10615 = DIRECTION ( 'NONE',  ( 1.000000000000000000, 0.000000000000000000, 0.000000000000000000 ) ) ;
#10616 = ORIENTED_EDGE ( 'NONE', *, *, #12180, .F. ) ;
#10617 = EDGE_CURVE ( 'NONE', #6727, #8152, #7615, .T. ) ;
#10618 = EDGE_CURVE ( 'NONE', #7131, #12011, #3712, .T. ) ;
#10619 = ORIENTED_EDGE ( 'NONE', *, *, #7798, .F. ) ;
#10620 = ADVANCED_FACE ( 'NONE', ( #3775 ), #4793, .T. ) ;
#10621 = CYLINDRICAL_SURFACE ( 'NONE', #5180, 0.7999999999999999334 ) ;
#10622 = CARTESIAN_POINT ( 'NONE',  ( 0.8961278367119999144, -0.8504447723139997306, 0.05000000000099998065 ) ) ;
#10623 = DIRECTION ( 'NONE',  ( 0.000000000000000000, 1.000000000000000000, 3.491481338843000432E-15 ) ) ;
#10624 = VECTOR ( 'NONE', #172, 1000.000000000000000 ) ;
#10625 = ORIENTED_EDGE ( 'NONE', *, *, #222, .T. ) ;
#10626 = DIRECTION ( 'NONE',  ( 0.000000000000000000, -3.491481338843000432E-15, 1.000000000000000000 ) ) ;
#10627 = ORIENTED_EDGE ( 'NONE', *, *, #3530, .T. ) ;
#10628 = CARTESIAN_POINT ( 'NONE',  ( -2.024999999999999911, 1.678388218141000365, 1.000068083900629290E-12 ) ) ;
#10629 = FACE_OUTER_BOUND ( 'NONE', #2979, .T. ) ;
#10630 = ORIENTED_EDGE ( 'NONE', *, *, #9233, .T. ) ;
#10631 = ORIENTED_EDGE ( 'NONE', *, *, #2124, .T. ) ;
#10632 = DIRECTION ( 'NONE',  ( 1.000000000000000000, 0.000000000000000000, 0.000000000000000000 ) ) ;
#10633 = CARTESIAN_POINT ( 'NONE',  ( 1.622500076064000041, -1.479153037742000132, 0.07000000000100004005 ) ) ;
#10634 = VECTOR ( 'NONE', #11334, 1000.000000000000114 ) ;
#10635 = ORIENTED_EDGE ( 'NONE', *, *, #11987, .T. ) ;
#10636 = DIRECTION ( 'NONE',  ( -1.000000000000000000, 0.000000000000000000, 0.000000000000000000 ) ) ;
#10637 = CARTESIAN_POINT ( 'NONE',  ( 0.6883040495269999726, -0.6162286014549999136, 0.07000000000100004005 ) ) ;
#10638 = EDGE_CURVE ( 'NONE', #12159, #12409, #6648, .T. ) ;
#10639 = ORIENTED_EDGE ( 'NONE', *, *, #3090, .T. ) ;
#10640 = DIRECTION ( 'NONE',  ( 0.000000000000000000, 0.000000000000000000, 1.000000000000000000 ) ) ;
#10641 = EDGE_CURVE ( 'NONE', #10820, #10178, #3005, .T. ) ;
#10642 = LINE ( 'NONE', #12679, #8817 ) ;
#10643 = CARTESIAN_POINT ( 'NONE',  ( 1.108576406371999834, -1.174373369881999807, 0.05000000000099998065 ) ) ;
#10644 = CARTESIAN_POINT ( 'NONE',  ( 0.8818789584499999723, -1.534339918826999938, 0.07000000000100004005 ) ) ;
#10645 = CARTESIAN_POINT ( 'NONE',  ( -0.8561356707309999425, -1.510664173932999788, 0.05000000000099998065 ) ) ;
#10646 = VECTOR ( 'NONE', #3659, 1000.000000000000000 ) ;
#10647 = CIRCLE ( 'NONE', #810, 0.2000000000000000111 ) ;
#10648 = FACE_OUTER_BOUND ( 'NONE', #4137, .T. ) ;
#10649 = EDGE_CURVE ( 'NONE', #5877, #4275, #2866, .T. ) ;
#10650 = AXIS2_PLACEMENT_3D ( 'NONE', #4107, #3154, #7056 ) ;
#10651 = ORIENTED_EDGE ( 'NONE', *, *, #7054, .T. ) ;
#10652 = ORIENTED_EDGE ( 'NONE', *, *, #8491, .F. ) ;
#10653 = ORIENTED_EDGE ( 'NONE', *, *, #5099, .T. ) ;
#10654 = LINE ( 'NONE', #660, #10053 ) ;
#10655 = DIRECTION ( 'NONE',  ( 0.000000000000000000, -1.000000000000000000, -2.891205793313955622E-15 ) ) ;
#10656 = AXIS2_PLACEMENT_3D ( 'NONE', #9744, #8773, #11927 ) ;
#10657 = EDGE_CURVE ( 'NONE', #12146, #8916, #11785, .T. ) ;
#10658 = VECTOR ( 'NONE', #4252, 1000.000000000000000 ) ;
#10659 = ADVANCED_FACE ( 'NONE', ( #5820 ), #7737, .F. ) ;
#10660 = DIRECTION ( 'NONE',  ( 1.000000000000000000, 0.000000000000000000, 0.000000000000000000 ) ) ;
#10661 = VECTOR ( 'NONE', #5128, 1000.000000000000000 ) ;
#10662 = CARTESIAN_POINT ( 'NONE',  ( 1.642339939023999884, -1.416151978810999967, 0.05000000000099998065 ) ) ;
#10663 = CARTESIAN_POINT ( 'NONE',  ( 2.774999999999999911, 1.800000000000000044, 0.05000000000099998065 ) ) ;
#10664 = ORIENTED_EDGE ( 'NONE', *, *, #6582, .F. ) ;
#10665 = CARTESIAN_POINT ( 'NONE',  ( 4.169999999998999840, -9.116756773326001095, 0.04999999999999991257 ) ) ;
#10666 = ORIENTED_EDGE ( 'NONE', *, *, #7447, .F. ) ;
#10667 = CIRCLE ( 'NONE', #10269, 0.7999999999990000665 ) ;
#10668 = VERTEX_POINT ( 'NONE', #9804 ) ;
#10669 = DIRECTION ( 'NONE',  ( 0.000000000000000000, 1.000000000000000000, 3.491481338843000432E-15 ) ) ;
#10670 = VECTOR ( 'NONE', #4853, 1000.000000000000000 ) ;
#10671 = EDGE_CURVE ( 'NONE', #12519, #3989, #8065, .T. ) ;
#10672 = DIRECTION ( 'NONE',  ( 1.000000000000000000, 0.000000000000000000, 0.000000000000000000 ) ) ;
#10673 = DIRECTION ( 'NONE',  ( 0.000000000000000000, 1.000000000000000000, 3.491481338843000432E-15 ) ) ;
#10674 = ORIENTED_EDGE ( 'NONE', *, *, #855, .T. ) ;
#10675 = VECTOR ( 'NONE', #2499, 1000.000000000000000 ) ;
#10676 = DIRECTION ( 'NONE',  ( 0.000000000000000000, 3.491481338843000432E-15, -1.000000000000000000 ) ) ;
#10677 = LINE ( 'NONE', #22, #3109 ) ;
#10678 = B_SPLINE_CURVE_WITH_KNOTS ( 'NONE', 3,
 ( #8587, #4444, #10462, #10344, #3544, #8348, #12255, #3476, #7385, #1555, #9431, #5461, #11364, #1617, #9371, #2578, #6490, #10403, #653 ),
 .UNSPECIFIED., .F., .F.,
 ( 4, 1, 1, 1, 1, 1, 1, 1, 1, 1, 1, 1, 1, 1, 1, 1, 4 ),
 ( 0.000000000000000000, 0.06460397028799999553, 0.1267024139619999934, 0.1867568140349999961, 0.2455056873650000027, 0.3036520244490000242, 0.3615030739700000328, 0.4202402229280000068, 0.4800333407759999615, 0.5406781347749999300, 0.6011918063800000267, 0.6623335024769999579, 0.7247395102970000114, 0.7894677361719999453, 0.8565048600430000825, 0.9263120958389999826, 1.000000000000000000 ),
 .UNSPECIFIED. ) ;
#10679 = AXIS2_PLACEMENT_3D ( 'NONE', #6950, #8111, #12032 ) ;
#10680 = ORIENTED_EDGE ( 'NONE', *, *, #3093, .T. ) ;
#10681 = ORIENTED_EDGE ( 'NONE', *, *, #4462, .T. ) ;
#10682 = CARTESIAN_POINT ( 'NONE',  ( -4.469999999998999662, -5.899999999998999378, 1.300000000000000044 ) ) ;
#10683 = CARTESIAN_POINT ( 'NONE',  ( -1.205682198047000053, -0.6993000087839998935, 0.05000000000099998065 ) ) ;
#10684 = ORIENTED_EDGE ( 'NONE', *, *, #7676, .F. ) ;
#10685 = ADVANCED_FACE ( 'NONE', ( #5752 ), #10698, .T. ) ;
#10686 = CARTESIAN_POINT ( 'NONE',  ( -0.4749999999989999999, 0.1000000000000002554, 1.000068083900629290E-12 ) ) ;
#10687 = CARTESIAN_POINT ( 'NONE',  ( 4.469999999998999662, -3.891421356236999696, -0.2085786437620001377 ) ) ;
#10688 = VERTEX_POINT ( 'NONE', #9542 ) ;
#10689 = VECTOR ( 'NONE', #9366, 1000.000000000000000 ) ;
#10690 = ORIENTED_EDGE ( 'NONE', *, *, #6721, .F. ) ;
#10691 = CARTESIAN_POINT ( 'NONE',  ( 0.8717330928199999995, -0.8227033415949998041, 0.07000000000100004005 ) ) ;
#10692 = PLANE ( 'NONE',  #7488 ) ;
#10693 = VERTEX_POINT ( 'NONE', #760 ) ;
#10694 = CARTESIAN_POINT ( 'NONE',  ( -0.9980027766179999649, -0.6035428661009998308, 0.07000000000100004005 ) ) ;
#10695 = EDGE_LOOP ( 'NONE', ( #7655, #95, #1524, #7063 ) ) ;
#10696 = CARTESIAN_POINT ( 'NONE',  ( -1.021568573111999889, -0.7315890134429998692, 0.05000000000099998065 ) ) ;
#10697 = VECTOR ( 'NONE', #1156, 1000.000000000000000 ) ;
#10698 = PLANE ( 'NONE',  #10113 ) ;
#10699 = ADVANCED_FACE ( 'NONE', ( #820 ), #9673, .T. ) ;
#10700 = EDGE_CURVE ( 'NONE', #11234, #1695, #8571, .T. ) ;
#10701 = ORIENTED_EDGE ( 'NONE', *, *, #1029, .T. ) ;
#10702 = VERTEX_POINT ( 'NONE', #11535 ) ;
#10703 = CARTESIAN_POINT ( 'NONE',  ( 1.792873475609000122, -0.9984690519819999777, 0.05000000000099998065 ) ) ;
#10704 = AXIS2_PLACEMENT_3D ( 'NONE', #6566, #7466, #11384 ) ;
#10705 = CARTESIAN_POINT ( 'NONE',  ( 1.775000000000000133, 1.678388218141000365, 0.8000000000009999113 ) ) ;
#10706 = ORIENTED_EDGE ( 'NONE', *, *, #940, .T. ) ;
#10707 = DIRECTION ( 'NONE',  ( 0.000000000000000000, 3.491481338843000432E-15, -1.000000000000000000 ) ) ;
#10708 = LINE ( 'NONE', #3978, #4017 ) ;
#10709 = ORIENTED_EDGE ( 'NONE', *, *, #9484, .T. ) ;
#10710 = VECTOR ( 'NONE', #163, 1000.000000000000114 ) ;
#10711 = CARTESIAN_POINT ( 'NONE',  ( -1.024999999999000044, 2.200000000000000178, 1.000068083900629290E-12 ) ) ;
#10712 = AXIS2_PLACEMENT_3D ( 'NONE', #8882, #90, #7923 ) ;
#10713 = LINE ( 'NONE', #8779, #631 ) ;
#10714 = CARTESIAN_POINT ( 'NONE',  ( -3.219999999998999662, -0.2999999999999999334, 0.3500000000010001222 ) ) ;
#10715 = CARTESIAN_POINT ( 'NONE',  ( 1.073507656070000094, -1.321028991337000136, 0.07000000000100004005 ) ) ;
#10716 = CARTESIAN_POINT ( 'NONE',  ( -1.230686611792000118, -1.143079244315999832, 0.05000000000099998065 ) ) ;
#10717 = CARTESIAN_POINT ( 'NONE',  ( 3.828081709539644883, 1.274286497366582616, 2.689931236294293093 ) ) ;
#10718 = FACE_OUTER_BOUND ( 'NONE', #3569, .T. ) ;
#10719 = EDGE_CURVE ( 'NONE', #6201, #1748, #12545, .T. ) ;
#10720 = ORIENTED_EDGE ( 'NONE', *, *, #7596, .F. ) ;
#10721 = VECTOR ( 'NONE', #6792, 1000.000000000000000 ) ;
#10722 = VERTEX_POINT ( 'NONE', #11653 ) ;
#10723 = ORIENTED_EDGE ( 'NONE', *, *, #822, .T. ) ;
#10724 = LINE ( 'NONE', #1931, #4428 ) ;
#10725 = CARTESIAN_POINT ( 'NONE',  ( -0.9749999999989999999, 0.9000000000000002442, 1.000068083900629290E-12 ) ) ;
#10726 = DIRECTION ( 'NONE',  ( 0.000000000000000000, -3.491481338843000432E-15, 1.000000000000000000 ) ) ;
#10727 = EDGE_CURVE ( 'NONE', #9923, #12202, #3904, .T. ) ;
#10728 = PLANE ( 'NONE',  #8036 ) ;
#10729 = AXIS2_PLACEMENT_3D ( 'NONE', #6909, #3970, #1012 ) ;
#10730 = FACE_OUTER_BOUND ( 'NONE', #10801, .T. ) ;
#10731 = DIRECTION ( 'NONE',  ( 0.000000000000000000, -1.000000000000000000, -3.252606517456511724E-15 ) ) ;
#10732 = ORIENTED_EDGE ( 'NONE', *, *, #12666, .F. ) ;
#10733 = LINE ( 'NONE', #1939, #10441 ) ;
#10734 = ORIENTED_EDGE ( 'NONE', *, *, #2938, .F. ) ;
#10735 = ADVANCED_FACE ( 'NONE', ( #10629 ), #3838, .T. ) ;
#10736 = EDGE_CURVE ( 'NONE', #5818, #7771, #7806, .T. ) ;
#10737 = VERTEX_POINT ( 'NONE', #4034 ) ;
#10738 = LINE ( 'NONE', #4892, #11515 ) ;
#10739 = PLANE ( 'NONE',  #6002 ) ;
#10740 = CARTESIAN_POINT ( 'NONE',  ( -0.8183645892939999111, -0.5996714841510000227, 0.05000000000099998065 ) ) ;
#10741 = FACE_OUTER_BOUND ( 'NONE', #12603, .T. ) ;
#10742 = ORIENTED_EDGE ( 'NONE', *, *, #7542, .T. ) ;
#10743 = CARTESIAN_POINT ( 'NONE',  ( -2.024999999998999822, 2.200000000000000178, 0.1000000000010001083 ) ) ;
#10744 = EDGE_CURVE ( 'NONE', #5998, #4089, #10517, .T. ) ;
#10745 = DIRECTION ( 'NONE',  ( 0.000000000000000000, -1.000000000000000000, -3.491481338843000432E-15 ) ) ;
#10746 = ORIENTED_EDGE ( 'NONE', *, *, #804, .F. ) ;
#10747 = ORIENTED_EDGE ( 'NONE', *, *, #621, .F. ) ;
#10748 = CARTESIAN_POINT ( 'NONE',  ( -3.759914463046914790, 1.942946975220793515, 2.741734744318049088 ) ) ;
#10749 = CARTESIAN_POINT ( 'NONE',  ( -4.169999999998999840, -9.116756773326001095, 1.959999999998999876 ) ) ;
#10750 = ORIENTED_EDGE ( 'NONE', *, *, #8006, .F. ) ;
#10751 = LINE ( 'NONE', #5808, #5465 ) ;
#10752 = DIRECTION ( 'NONE',  ( 0.000000000000000000, 1.000000000000000000, 3.491481338843000432E-15 ) ) ;
#10753 = B_SPLINE_CURVE_WITH_KNOTS ( 'NONE', 3,
 ( #3856, #9889, #6791, #7952, #3021, #3088, #10786, #7694, #2126, #3791, #967, #1860, #11612, #4809, #1100 ),
 .UNSPECIFIED., .F., .F.,
 ( 4, 2, 2, 1, 2, 2, 2, 4 ),
 ( 0.000000000000000000, 0.2499999999999991673, 0.3749999999999978351, 0.4374999999999960587, 0.4687499999999957812, 0.4999999999999955036, 0.7499999999999976685, 1.000000000000000000 ),
 .UNSPECIFIED. ) ;
#10754 = VERTEX_POINT ( 'NONE', #5247 ) ;
#10755 = VERTEX_POINT ( 'NONE', #7234 ) ;
#10756 = LINE ( 'NONE', #9797, #10496 ) ;
#10757 = VECTOR ( 'NONE', #10141, 1000.000000000000000 ) ;
#10758 = EDGE_CURVE ( 'NONE', #6168, #3439, #238, .T. ) ;
#10759 = VECTOR ( 'NONE', #9565, 1000.000000000000000 ) ;
#10760 = CARTESIAN_POINT ( 'NONE',  ( 0.9698564991360000276, -1.029110323831999851, 0.05000000000099998065 ) ) ;
#10761 = DIRECTION ( 'NONE',  ( 0.000000000000000000, 1.000000000000000000, 0.000000000000000000 ) ) ;
#10762 = ORIENTED_EDGE ( 'NONE', *, *, #10415, .F. ) ;
#10763 = CARTESIAN_POINT ( 'NONE',  ( -1.316988156574000035, -0.8449890293229999072, 0.07000000000100004005 ) ) ;
#10764 = EDGE_LOOP ( 'NONE', ( #10278, #9436, #8815, #5061, #6103 ) ) ;
#10765 = CARTESIAN_POINT ( 'NONE',  ( -1.231707317073000185, -1.097554417834999851, 0.07000000000100004005 ) ) ;
#10766 = DIRECTION ( 'NONE',  ( 0.000000000000000000, 3.491481338843000432E-15, -1.000000000000000000 ) ) ;
#10767 = CIRCLE ( 'NONE', #12395, 0.1499999999989998778 ) ;
#10768 = EDGE_LOOP ( 'NONE', ( #9459, #7780, #9876, #2408, #9903, #12504, #2789, #9662 ) ) ;
#10770 = ORIENTED_EDGE ( 'NONE', *, *, #9477, .T. ) ;
#10769 = VECTOR ( 'NONE', #9444, 1000.000000000000000 ) ;
#10771 = LINE ( 'NONE', #3843, #2587 ) ;
#10772 = DIRECTION ( 'NONE',  ( 0.000000000000000000, 1.000000000000000000, 3.491481338843000432E-15 ) ) ;
#10773 = ORIENTED_EDGE ( 'NONE', *, *, #3495, .T. ) ;
#10774 = CARTESIAN_POINT ( 'NONE',  ( 4.469999999998999662, -5.900000000000000355, 1.959999999998999876 ) ) ;
#10775 = CARTESIAN_POINT ( 'NONE',  ( 1.101324796128999806, -1.010858375177999813, 0.07000000000100004005 ) ) ;
#10776 = ORIENTED_EDGE ( 'NONE', *, *, #9484, .F. ) ;
#10777 = LINE ( 'NONE', #1988, #473 ) ;
#10778 = EDGE_CURVE ( 'NONE', #10198, #4351, #3263, .T. ) ;
#10779 = CARTESIAN_POINT ( 'NONE',  ( -4.169999999998999840, -2.449999999998999645, 1.300000000000000044 ) ) ;
#10780 = CARTESIAN_POINT ( 'NONE',  ( 0.6054526567490000621, -1.607815657589999780, 0.05000000000099998065 ) ) ;
#10781 = AXIS2_PLACEMENT_3D ( 'NONE', #8074, #112, #3267 ) ;
#10782 = VECTOR ( 'NONE', #8165, 1000.000000000000000 ) ;
#10783 = LINE ( 'NONE', #7691, #2075 ) ;
#10784 = PLANE ( 'NONE',  #10380 ) ;
#10785 = VECTOR ( 'NONE', #1250, 1000.000000000000000 ) ;
#10786 = CARTESIAN_POINT ( 'NONE',  ( -4.467634621348504531, -0.2577973687145155290, 1.223213340133304960 ) ) ;
#10787 = CARTESIAN_POINT ( 'NONE',  ( -1.109376231864999784, -0.7864807014769999993, 0.07000000000100004005 ) ) ;
#10788 = EDGE_LOOP ( 'NONE', ( #6887, #1693, #76, #10750, #3718, #12564 ) ) ;
#10789 = VERTEX_POINT ( 'NONE', #4225 ) ;
#10790 = DIRECTION ( 'NONE',  ( -0.2588190451020520033, 2.998362435887599892E-15, -0.9659258262891938784 ) ) ;
#10791 = LINE ( 'NONE', #11873, #8408 ) ;
#10792 = DIRECTION ( 'NONE',  ( 0.000000000000000000, -1.000000000000000000, -3.491481338843000432E-15 ) ) ;
#10793 = VECTOR ( 'NONE', #3640, 1000.000000000000000 ) ;
#10794 = LINE ( 'NONE', #2067, #4150 ) ;
#10795 = ADVANCED_FACE ( 'NONE', ( #7166 ), #10900, .F. ) ;
#10796 = LINE ( 'NONE', #11882, #9639 ) ;
#10797 = FACE_OUTER_BOUND ( 'NONE', #2841, .T. ) ;
#10798 = ORIENTED_EDGE ( 'NONE', *, *, #10989, .T. ) ;
#10799 = CARTESIAN_POINT ( 'NONE',  ( 2.725000000000000089, 0.9000000000000002442, 1.000068083900629290E-12 ) ) ;
#10800 = EDGE_LOOP ( 'NONE', ( #11490, #38, #7439, #8443 ) ) ;
#10801 = EDGE_LOOP ( 'NONE', ( #3841, #7742, #11768, #4008 ) ) ;
#10802 = LINE ( 'NONE', #6880, #6599 ) ;
#10803 = ORIENTED_EDGE ( 'NONE', *, *, #7676, .T. ) ;
#10804 = DIRECTION ( 'NONE',  ( 0.000000000000000000, 3.491481338843000432E-15, -1.000000000000000000 ) ) ;
#10805 = FACE_OUTER_BOUND ( 'NONE', #282, .T. ) ;
#10806 = CARTESIAN_POINT ( 'NONE',  ( 3.500000000000000000, -4.433974596214999231, 1.279999999999999805 ) ) ;
#10807 = EDGE_CURVE ( 'NONE', #553, #9598, #9999, .T. ) ;
#10808 = VERTEX_POINT ( 'NONE', #2037 ) ;
#10809 = DIRECTION ( 'NONE',  ( 0.000000000000000000, -1.000000000000000000, -3.491481338843000432E-15 ) ) ;
#10810 = CARTESIAN_POINT ( 'NONE',  ( -0.4749999999989999999, 0.1000000000000002554, 0.1000000000010001083 ) ) ;
#10811 = ORIENTED_EDGE ( 'NONE', *, *, #12518, .F. ) ;
#10812 = ORIENTED_EDGE ( 'NONE', *, *, #3999, .F. ) ;
#10813 = CARTESIAN_POINT ( 'NONE',  ( 0.7464006661400000020, -0.7434412424849999868, 0.05000000000099998065 ) ) ;
#10814 = CARTESIAN_POINT ( 'NONE',  ( -1.358590348317999963, -0.9840420860349999854, 0.05000000000099998065 ) ) ;
#10815 = ORIENTED_EDGE ( 'NONE', *, *, #5013, .F. ) ;
#10816 = VECTOR ( 'NONE', #1636, 1000.000000000000000 ) ;
#10817 = ADVANCED_FACE ( 'NONE', ( #9026 ), #1336, .T. ) ;
#10818 = ADVANCED_FACE ( 'NONE', ( #10963 ), #11143, .T. ) ;
#10819 = LINE ( 'NONE', #8886, #1401 ) ;
#10820 = VERTEX_POINT ( 'NONE', #8069 ) ;
#10821 = ADVANCED_FACE ( 'NONE', ( #11920 ), #4991, .T. ) ;
#10822 = ORIENTED_EDGE ( 'NONE', *, *, #5084, .T. ) ;
#10823 = EDGE_CURVE ( 'NONE', #9728, #5020, #8134, .T. ) ;
#10824 = DIRECTION ( 'NONE',  ( -1.000000000000000000, 0.000000000000000000, 0.000000000000000000 ) ) ;
#10825 = CARTESIAN_POINT ( 'NONE',  ( 2.774999999999999911, 1.678388218141000365, 0.8000000000009999113 ) ) ;
#10826 = CARTESIAN_POINT ( 'NONE',  ( 0.08536585365800000713, -1.498469051981999867, 0.07000000000100004005 ) ) ;
#10827 = ORIENTED_EDGE ( 'NONE', *, *, #10264, .F. ) ;
#10828 = LINE ( 'NONE', #1781, #8580 ) ;
#10829 = VERTEX_POINT ( 'NONE', #11092 ) ;
#10830 = LINE ( 'NONE', #5946, #2368 ) ;
#10831 = CARTESIAN_POINT ( 'NONE',  ( 0.02500000000000000139, 0.3783882181409999323, 1.000068083900629290E-12 ) ) ;
#10832 = ORIENTED_EDGE ( 'NONE', *, *, #4574, .F. ) ;
#10833 = CARTESIAN_POINT ( 'NONE',  ( -2.724999999999000000, 1.400000000000000133, 0.1000000000010001083 ) ) ;
#10834 = EDGE_CURVE ( 'NONE', #1775, #4185, #3327, .T. ) ;
#10835 = CARTESIAN_POINT ( 'NONE',  ( 1.525000000000000133, 0.9000000000000002442, 0.1000000000010001083 ) ) ;
#10836 = DIRECTION ( 'NONE',  ( 0.000000000000000000, 3.491481338843000432E-15, -1.000000000000000000 ) ) ;
#10837 = ORIENTED_EDGE ( 'NONE', *, *, #1880, .T. ) ;
#10838 = DIRECTION ( 'NONE',  ( 0.000000000000000000, 0.000000000000000000, 1.000000000000000000 ) ) ;
#10839 = DIRECTION ( 'NONE',  ( 0.000000000000000000, -3.641026466082000599E-15, 1.000000000000000000 ) ) ;
#10840 = ORIENTED_EDGE ( 'NONE', *, *, #2503, .T. ) ;
#10841 = CARTESIAN_POINT ( 'NONE',  ( -4.169999999998999840, 0.6000000000000003109, 0.1000000000010001083 ) ) ;
#10842 = FACE_OUTER_BOUND ( 'NONE', #4989, .T. ) ;
#10843 = DIRECTION ( 'NONE',  ( -1.000000000000000000, 0.000000000000000000, 0.000000000000000000 ) ) ;
#10844 = DIRECTION ( 'NONE',  ( -1.000000000000000000, 0.000000000000000000, 0.000000000000000000 ) ) ;
#10845 = DIRECTION ( 'NONE',  ( 0.000000000000000000, 3.491481338843000432E-15, -1.000000000000000000 ) ) ;
#10846 = VECTOR ( 'NONE', #348, 1000.000000000000000 ) ;
#10847 = CARTESIAN_POINT ( 'NONE',  ( 0.9749999999999999778, 2.200000000000000178, 1.000068083900629290E-12 ) ) ;
#10848 = LINE ( 'NONE', #8853, #7840 ) ;
#10849 = EDGE_CURVE ( 'NONE', #8752, #7193, #2301, .T. ) ;
#10850 = ORIENTED_EDGE ( 'NONE', *, *, #9002, .T. ) ;
#10851 = EDGE_LOOP ( 'NONE', ( #9970, #11582, #3121, #40, #853, #3409 ) ) ;
#10852 = EDGE_CURVE ( 'NONE', #9807, #4063, #6019, .T. ) ;
#10853 = LINE ( 'NONE', #1229, #12205 ) ;
#10854 = CARTESIAN_POINT ( 'NONE',  ( -2.224999999999000000, -9.116756773326001095, 0.04999999999999991257 ) ) ;
#10855 = DIRECTION ( 'NONE',  ( -1.000000000000000000, 0.000000000000000000, 0.000000000000000000 ) ) ;
#10856 = CARTESIAN_POINT ( 'NONE',  ( 0.02500000000000000139, 0.1000000000000002554, 1.000068083900629290E-12 ) ) ;
#10857 = VECTOR ( 'NONE', #10410, 1000.000000000000000 ) ;
#10858 = CARTESIAN_POINT ( 'NONE',  ( -2.474999999998999556, 0.1000000000000002554, 1.000068083900629290E-12 ) ) ;
#10859 = AXIS2_PLACEMENT_3D ( 'NONE', #4221, #3195, #7104 ) ;
#10860 = DIRECTION ( 'NONE',  ( 0.000000000000000000, 0.000000000000000000, 1.000000000000000000 ) ) ;
#10861 = AXIS2_PLACEMENT_3D ( 'NONE', #10231, #6441, #1444 ) ;
#10862 = CARTESIAN_POINT ( 'NONE',  ( -2.724999999999000000, 2.200000000000000178, 0.1000000000010001083 ) ) ;
#10863 = ORIENTED_EDGE ( 'NONE', *, *, #608, .T. ) ;
#10864 = LINE ( 'NONE', #6940, #1438 ) ;
#10865 = B_SPLINE_CURVE_WITH_KNOTS ( 'NONE', 3,
 ( #7432, #11348, #4422, #7610, #1660, #2679, #9538, #4541, #11408, #10506, #8333 ),
 .UNSPECIFIED., .F., .F.,
 ( 4, 1, 1, 1, 1, 1, 1, 1, 4 ),
 ( 0.000000000000000000, 0.1124483899080000043, 0.2265276752120000126, 0.3444019493259999898, 0.4658649724869999842, 0.5916594493519999887, 0.7221684870240000498, 0.8586063875539999835, 1.000000000000000000 ),
 .UNSPECIFIED. ) ;
#10866 = EDGE_LOOP ( 'NONE', ( #12171, #3350, #11677, #1010, #5204, #10000 ) ) ;
#10867 = DIRECTION ( 'NONE',  ( 0.000000000000000000, 1.000000000000000000, 3.641026466082000599E-15 ) ) ;
#10868 = EDGE_CURVE ( 'NONE', #12473, #9636, #3759, .T. ) ;
#10869 = EDGE_CURVE ( 'NONE', #2832, #8205, #8961, .T. ) ;
#10870 = VECTOR ( 'NONE', #9305, 1000.000000000000000 ) ;
#10871 = EDGE_CURVE ( 'NONE', #10247, #6843, #8001, .T. ) ;
#10872 = CARTESIAN_POINT ( 'NONE',  ( -1.231429497222999991, -1.082933212139999934, 0.07000000000100004005 ) ) ;
#10873 = VECTOR ( 'NONE', #10460, 1000.000000000000000 ) ;
#10874 = CARTESIAN_POINT ( 'NONE',  ( -3.624999999998999467, 0.9000000000000002442, -0.1767949192430001704 ) ) ;
#10875 = CARTESIAN_POINT ( 'NONE',  ( -1.274999999999000044, 0.1000000000000002554, 1.000068083900629290E-12 ) ) ;
#10876 = ORIENTED_EDGE ( 'NONE', *, *, #10993, .F. ) ;
#10877 = FACE_OUTER_BOUND ( 'NONE', #2020, .T. ) ;
#10878 = DIRECTION ( 'NONE',  ( 0.000000000000000000, 1.000000000000000000, 3.491481338843000432E-15 ) ) ;
#10879 = CIRCLE ( 'NONE', #1458, 0.1999999999990000332 ) ;
#10880 = ORIENTED_EDGE ( 'NONE', *, *, #4441, .F. ) ;
#10881 = ORIENTED_EDGE ( 'NONE', *, *, #5780, .T. ) ;
#10882 = DIRECTION ( 'NONE',  ( 1.000000000000000000, 0.000000000000000000, 0.000000000000000000 ) ) ;
#10883 = AXIS2_PLACEMENT_3D ( 'NONE', #12063, #11104, #12122 ) ;
#10884 = DIRECTION ( 'NONE',  ( -1.000000000000000000, -5.421010862426999550E-16, -1.892735826383000338E-30 ) ) ;
#10885 = ORIENTED_EDGE ( 'NONE', *, *, #3322, .T. ) ;
#10886 = EDGE_CURVE ( 'NONE', #12332, #1364, #6143, .T. ) ;
#10887 = CARTESIAN_POINT ( 'NONE',  ( -1.274999999999000044, -9.116756773326001095, 0.04999999999999991257 ) ) ;
#10888 = EDGE_LOOP ( 'NONE', ( #12540, #6708, #4532, #8945, #4142, #9156, #2535, #11012, #8114, #2805, #8843, #520 ) ) ;
#10889 = AXIS2_PLACEMENT_3D ( 'NONE', #1603, #11410, #1538 ) ;
#10890 = VECTOR ( 'NONE', #12276, 1000.000000000000000 ) ;
#10891 = VERTEX_POINT ( 'NONE', #8442 ) ;
#10892 = CARTESIAN_POINT ( 'NONE',  ( -2.724999999999000000, 1.400000000000000133, 1.000068083900629290E-12 ) ) ;
#10893 = ADVANCED_FACE ( 'NONE', ( #8260 ), #12229, .F. ) ;
#10894 = CARTESIAN_POINT ( 'NONE',  ( 0.7815250531210000684, -0.7584868631939998274, 0.07000000000100004005 ) ) ;
#10895 = LINE ( 'NONE', #4390, #4820 ) ;
#10896 = ORIENTED_EDGE ( 'NONE', *, *, #11135, .T. ) ;
#10897 = CARTESIAN_POINT ( 'NONE',  ( -4.469999999998999662, -3.749999999998999911, -0.06715728752500009502 ) ) ;
#10898 = VERTEX_POINT ( 'NONE', #2549 ) ;
#10899 = FACE_OUTER_BOUND ( 'NONE', #9832, .T. ) ;
#10900 = PLANE ( 'NONE',  #2334 ) ;
#10901 = EDGE_CURVE ( 'NONE', #8801, #3520, #7349, .T. ) ;
#10902 = EDGE_CURVE ( 'NONE', #11579, #2016, #3447, .T. ) ;
#10903 = VECTOR ( 'NONE', #4772, 1000.000000000000000 ) ;
#10904 = ORIENTED_EDGE ( 'NONE', *, *, #1815, .T. ) ;
#10905 = DIRECTION ( 'NONE',  ( -5.421010862426999550E-16, 1.000000000000000000, 3.491481338843000432E-15 ) ) ;
#10906 = DIRECTION ( 'NONE',  ( -5.421010862426999550E-16, 1.000000000000000000, 3.491481338843000432E-15 ) ) ;
#10907 = PLANE ( 'NONE',  #10656 ) ;
#10908 = ORIENTED_EDGE ( 'NONE', *, *, #4919, .T. ) ;
#10909 = CARTESIAN_POINT ( 'NONE',  ( 3.677339376514697111, 1.984104203600763450, 2.792714065344214625 ) ) ;
#10910 = CARTESIAN_POINT ( 'NONE',  ( 1.525000000000000133, -9.116756773326001095, 0.04999999999999991257 ) ) ;
#10911 = ORIENTED_EDGE ( 'NONE', *, *, #11554, .F. ) ;
#10912 = CARTESIAN_POINT ( 'NONE',  ( 0.5870807926820000855, -1.608225149542999999, 0.07000000000100004005 ) ) ;
#10913 = DIRECTION ( 'NONE',  ( 5.421010862434297499E-16, -1.000000000000000000, -3.523657060582293621E-15 ) ) ;
#10914 = LINE ( 'NONE', #6923, #420 ) ;
#10915 = AXIS2_PLACEMENT_3D ( 'NONE', #5143, #465, #10990 ) ;
#10916 = CARTESIAN_POINT ( 'NONE',  ( -0.9749999999989999999, 0.9000000000000002442, 0.1000000000010001083 ) ) ;
#10917 = CARTESIAN_POINT ( 'NONE',  ( -0.8572789634140000059, -1.620420271493999920, 0.05000000000099998065 ) ) ;
#10918 = ADVANCED_FACE ( 'NONE', ( #3577 ), #5778, .T. ) ;
#10919 = CARTESIAN_POINT ( 'NONE',  ( 3.847245554371230281, 1.251456051022304949, 2.673544842464651961 ) ) ;
#10920 = VECTOR ( 'NONE', #12614, 1000.000000000000000 ) ;
#10921 = ORIENTED_EDGE ( 'NONE', *, *, #3213, .F. ) ;
#10922 = ORIENTED_EDGE ( 'NONE', *, *, #7351, .T. ) ;
#10923 = LINE ( 'NONE', #11946, #8922 ) ;
#10924 = CARTESIAN_POINT ( 'NONE',  ( 2.524999999999999911, -9.116756773326001095, 0.04999999999999991257 ) ) ;
#10925 = AXIS2_PLACEMENT_3D ( 'NONE', #11999, #695, #3645 ) ;
#10926 = CARTESIAN_POINT ( 'NONE',  ( 1.620297249338000123, -1.465701080255999988, 0.05000000000099998065 ) ) ;
#10927 = VECTOR ( 'NONE', #11179, 1000.000000000000000 ) ;
#10928 = PLANE ( 'NONE',  #7985 ) ;
#10929 = CARTESIAN_POINT ( 'NONE',  ( 2.274999999999999911, 2.200000000000000178, 0.1000000000010001083 ) ) ;
#10930 = PLANE ( 'NONE',  #4365 ) ;
#10931 = CARTESIAN_POINT ( 'NONE',  ( 3.219999999998999662, -2.049999999999000178, 1.300000000000000044 ) ) ;
#10932 = DIRECTION ( 'NONE',  ( 0.000000000000000000, -1.000000000000000000, -3.491481338843000432E-15 ) ) ;
#10933 = EDGE_CURVE ( 'NONE', #8879, #10504, #8379, .T. ) ;
#10934 = VERTEX_POINT ( 'NONE', #7480 ) ;
#10935 = DIRECTION ( 'NONE',  ( 1.000000000000000000, 0.000000000000000000, 0.000000000000000000 ) ) ;
#10936 = AXIS2_PLACEMENT_3D ( 'NONE', #7719, #2786, #10611 ) ;
#10937 = EDGE_LOOP ( 'NONE', ( #10512, #9306, #5112, #12529 ) ) ;
#10938 = LINE ( 'NONE', #206, #3336 ) ;
#10939 = CARTESIAN_POINT ( 'NONE',  ( -4.169999999998999840, -3.949999999998999645, 1.300000000000000044 ) ) ;
#10940 = LINE ( 'NONE', #9192, #409 ) ;
#10941 = DIRECTION ( 'NONE',  ( 1.000000000000000000, 0.000000000000000000, 0.000000000000000000 ) ) ;
#10942 = AXIS2_PLACEMENT_3D ( 'NONE', #4547, #11293, #5448 ) ;
#10943 = ORIENTED_EDGE ( 'NONE', *, *, #8312, .F. ) ;
#10944 = PLANE ( 'NONE',  #8030 ) ;
#10945 = EDGE_CURVE ( 'NONE', #1451, #445, #3637, .T. ) ;
#10946 = EDGE_CURVE ( 'NONE', #10355, #11615, #4594, .T. ) ;
#10947 = PLANE ( 'NONE',  #11912 ) ;
#10948 = VERTEX_POINT ( 'NONE', #2420 ) ;
#10949 = VERTEX_POINT ( 'NONE', #5555 ) ;
#10950 = CARTESIAN_POINT ( 'NONE',  ( 0.9756097560969999583, -1.117943137347999771, 0.05000000000099998065 ) ) ;
#10951 = LINE ( 'NONE', #11976, #5182 ) ;
#10952 = ORIENTED_EDGE ( 'NONE', *, *, #9321, .F. ) ;
#10953 = DIRECTION ( 'NONE',  ( -0.7071067811865474617, -0.7071067811865474617, -2.468850131083908146E-15 ) ) ;
#10954 = ORIENTED_EDGE ( 'NONE', *, *, #7228, .T. ) ;
#10955 = ORIENTED_EDGE ( 'NONE', *, *, #2516, .T. ) ;
#10956 = DIRECTION ( 'NONE',  ( 0.000000000000000000, -1.000000000000000000, -3.641026466089525543E-15 ) ) ;
#10957 = ADVANCED_FACE ( 'NONE', ( #10191 ), #9400, .F. ) ;
#10958 = DIRECTION ( 'NONE',  ( 0.000000000000000000, -1.000000000000000000, -3.491481338843000432E-15 ) ) ;
#10959 = ORIENTED_EDGE ( 'NONE', *, *, #10499, .F. ) ;
#10960 = DIRECTION ( 'NONE',  ( -1.000000000000000000, 0.000000000000000000, 0.000000000000000000 ) ) ;
#10961 = VERTEX_POINT ( 'NONE', #9218 ) ;
#10962 = CARTESIAN_POINT ( 'NONE',  ( -0.7736133171459999014, -0.7142934605549998706, 0.07000000000100004005 ) ) ;
#10963 = FACE_OUTER_BOUND ( 'NONE', #543, .T. ) ;
#10964 = VERTEX_POINT ( 'NONE', #561 ) ;
#10965 = VERTEX_POINT ( 'NONE', #435 ) ;
#10966 = PLANE ( 'NONE',  #9699 ) ;
#10967 = LINE ( 'NONE', #9938, #10172 ) ;
#10968 = CARTESIAN_POINT ( 'NONE',  ( 2.269999999998999929, -4.149999999999000266, 0.3499999999999998113 ) ) ;
#10969 = VERTEX_POINT ( 'NONE', #9463 ) ;
#10970 = CARTESIAN_POINT ( 'NONE',  ( 3.725155066585488672, 1.966344436174320309, 2.764688042891499720 ) ) ;
#10971 = CARTESIAN_POINT ( 'NONE',  ( 0.1097560975600000016, -0.6082251495429997767, 0.07000000000100004005 ) ) ;
#10973 = ORIENTED_EDGE ( 'NONE', *, *, #736, .T. ) ;
#10972 = VECTOR ( 'NONE', #192, 1000.000000000000000 ) ;
#10974 = CARTESIAN_POINT ( 'NONE',  ( 4.169999999998999840, -5.900000000000000355, 1.959999999998999876 ) ) ;
#10975 = EDGE_CURVE ( 'NONE', #11796, #10050, #1589, .T. ) ;
#10976 = DIRECTION ( 'NONE',  ( -1.000000000000000000, 0.000000000000000000, 0.000000000000000000 ) ) ;
#10977 = LINE ( 'NONE', #11799, #9842 ) ;
#10978 = EDGE_CURVE ( 'NONE', #1145, #10009, #5433, .T. ) ;
#10979 = LINE ( 'NONE', #8210, #2683 ) ;
#10980 = DIRECTION ( 'NONE',  ( 0.000000000000000000, -1.000000000000000000, -3.491481338843000432E-15 ) ) ;
#10981 = DIRECTION ( 'NONE',  ( 0.000000000000000000, 3.491481338843000432E-15, -1.000000000000000000 ) ) ;
#10982 = PLANE ( 'NONE',  #11347 ) ;
#10983 = ORIENTED_EDGE ( 'NONE', *, *, #9554, .T. ) ;
#10984 = ORIENTED_EDGE ( 'NONE', *, *, #6375, .F. ) ;
#10985 = CARTESIAN_POINT ( 'NONE',  ( 1.224999999999999867, 0.1000000000000002554, 0.1000000000010001083 ) ) ;
#10986 = LINE ( 'NONE', #7895, #1842 ) ;
#10987 = ORIENTED_EDGE ( 'NONE', *, *, #9718, .F. ) ;
#10988 = DIRECTION ( 'NONE',  ( 1.000000000000000000, -5.421010862426999550E-16, -1.892735826383000338E-30 ) ) ;
#10989 = EDGE_CURVE ( 'NONE', #3282, #8595, #4472, .T. ) ;
#10990 = DIRECTION ( 'NONE',  ( 0.000000000000000000, 3.491481338843000432E-15, -1.000000000000000000 ) ) ;
#10991 = VECTOR ( 'NONE', #5542, 1000.000000000000000 ) ;
#10992 = AXIS2_PLACEMENT_3D ( 'NONE', #7931, #1443, #6013 ) ;
#10993 = EDGE_CURVE ( 'NONE', #5704, #3902, #10252, .T. ) ;
#10994 = CARTESIAN_POINT ( 'NONE',  ( 4.154203787209339360, 1.988254787549667002, 2.791318318809447696 ) ) ;
#10995 = VECTOR ( 'NONE', #2445, 1000.000000000000000 ) ;
#10996 = CARTESIAN_POINT ( 'NONE',  ( 2.974999999998999556, 1.400000000000000133, 0.05000000000099998065 ) ) ;
#10997 = DIRECTION ( 'NONE',  ( 0.000000000000000000, 1.000000000000000000, 3.491481338843000432E-15 ) ) ;
#10998 = CARTESIAN_POINT ( 'NONE',  ( -1.100656891079999866, -1.425481288292999915, 0.07000000000100004005 ) ) ;
#10999 = VECTOR ( 'NONE', #10574, 1000.000000000000000 ) ;
#11000 = EDGE_LOOP ( 'NONE', ( #2672, #118, #10552, #10150 ) ) ;
#11001 = VECTOR ( 'NONE', #73, 1000.000000000000000 ) ;
#11002 = DIRECTION ( 'NONE',  ( -1.000000000000000000, 0.000000000000000000, 0.000000000000000000 ) ) ;
#11003 = CARTESIAN_POINT ( 'NONE',  ( -3.399999999998999822, 0.000000000000000000, -0.4999999999989999666 ) ) ;
#11004 = EDGE_CURVE ( 'NONE', #6614, #4527, #9283, .T. ) ;
#11005 = DIRECTION ( 'NONE',  ( 0.000000000000000000, -1.000000000000000000, -3.491481338843000432E-15 ) ) ;
#11006 = FACE_OUTER_BOUND ( 'NONE', #505, .T. ) ;
#11007 = ORIENTED_EDGE ( 'NONE', *, *, #3840, .F. ) ;
#11008 = CARTESIAN_POINT ( 'NONE',  ( 2.524999999999999911, 0.3783882181409999323, 1.000068083900629290E-12 ) ) ;
#11009 = AXIS2_PLACEMENT_3D ( 'NONE', #3890, #6761, #805 ) ;
#11010 = DIRECTION ( 'NONE',  ( -5.421010862426999550E-16, 1.000000000000000000, 3.491481338843000432E-15 ) ) ;
#11011 = ORIENTED_EDGE ( 'NONE', *, *, #5571, .F. ) ;
#11012 = ORIENTED_EDGE ( 'NONE', *, *, #1796, .F. ) ;
#11013 = CARTESIAN_POINT ( 'NONE',  ( 0.7085981535089999062, -0.7320907476600000408, 0.05000000000099998065 ) ) ;
#11014 = CARTESIAN_POINT ( 'NONE',  ( 0.7750000000000000222, 1.400000000000000133, 0.1000000000010001083 ) ) ;
#11015 = ORIENTED_EDGE ( 'NONE', *, *, #11124, .F. ) ;
#11016 = ADVANCED_FACE ( 'NONE', ( #6397 ), #4410, .F. ) ;
#11017 = CARTESIAN_POINT ( 'NONE',  ( 2.274999999999999911, 1.678388218141000365, 1.000068083900629290E-12 ) ) ;
#11018 = ORIENTED_EDGE ( 'NONE', *, *, #11385, .T. ) ;
#11019 = ORIENTED_EDGE ( 'NONE', *, *, #407, .T. ) ;
#11020 = PLANE ( 'NONE',  #9256 ) ;
#11021 = LINE ( 'NONE', #8129, #12498 ) ;
#11022 = ORIENTED_EDGE ( 'NONE', *, *, #2202, .F. ) ;
#11023 = DIRECTION ( 'NONE',  ( -1.000000000000000000, 0.000000000000000000, 0.000000000000000000 ) ) ;
#11024 = ORIENTED_EDGE ( 'NONE', *, *, #4033, .F. ) ;
#11025 = CYLINDRICAL_SURFACE ( 'NONE', #5439, 0.9499999999990003108 ) ;
#11026 = VECTOR ( 'NONE', #11978, 1000.000000000000000 ) ;
#11027 = DIRECTION ( 'NONE',  ( 1.000000000000000000, 0.000000000000000000, 0.000000000000000000 ) ) ;
#11028 = ORIENTED_EDGE ( 'NONE', *, *, #1202, .F. ) ;
#11029 = VERTEX_POINT ( 'NONE', #3514 ) ;
#11030 = DIRECTION ( 'NONE',  ( 0.000000000000000000, 3.641026466082000599E-15, -1.000000000000000000 ) ) ;
#11031 = CARTESIAN_POINT ( 'NONE',  ( -4.469999999998999662, 2.000000000000000444, 1.709999999999999964 ) ) ;
#11032 = EDGE_CURVE ( 'NONE', #9149, #11923, #7420, .T. ) ;
#11033 = EDGE_CURVE ( 'NONE', #8009, #4660, #4969, .T. ) ;
#11034 = LINE ( 'NONE', #4414, #10459 ) ;
#11035 = ORIENTED_EDGE ( 'NONE', *, *, #499, .F. ) ;
#11036 = CARTESIAN_POINT ( 'NONE',  ( 0.2750000000000000222, 1.678388218141000365, 0.8000000000009999113 ) ) ;
#11037 = DIRECTION ( 'NONE',  ( 0.000000000000000000, -1.000000000000000000, -4.336808689942017736E-15 ) ) ;
#11038 = ORIENTED_EDGE ( 'NONE', *, *, #6856, .F. ) ;
#11039 = DIRECTION ( 'NONE',  ( 0.000000000000000000, 3.491481338843000432E-15, -1.000000000000000000 ) ) ;
#11040 = FACE_OUTER_BOUND ( 'NONE', #4899, .T. ) ;
#11041 = CARTESIAN_POINT ( 'NONE',  ( 0.2750000000000000222, 1.400000000000000133, 0.05000000000099998065 ) ) ;
#11042 = CARTESIAN_POINT ( 'NONE',  ( -3.219999999998999662, 1.800000000000000044, 0.1000000000010001083 ) ) ;
#11043 = DIRECTION ( 'NONE',  ( 0.000000000000000000, 3.491481338843000432E-15, -1.000000000000000000 ) ) ;
#11044 = CARTESIAN_POINT ( 'NONE',  ( -0.6299113430219999143, -1.584017314782999897, 0.07000000000100004005 ) ) ;
#11045 = CARTESIAN_POINT ( 'NONE',  ( 1.182926829268000191, -0.6082251495429997767, 0.05000000000099998065 ) ) ;
#11046 = ORIENTED_EDGE ( 'NONE', *, *, #9588, .T. ) ;
#11047 = VERTEX_POINT ( 'NONE', #4715 ) ;
#11048 = LINE ( 'NONE', #6169, #4012 ) ;
#11049 = ADVANCED_FACE ( 'NONE', ( #3758 ), #9789, .T. ) ;
#11050 = LINE ( 'NONE', #10085, #9234 ) ;
#11051 = EDGE_LOOP ( 'NONE', ( #1830, #8683, #914, #3858, #2973 ) ) ;
#11052 = CARTESIAN_POINT ( 'NONE',  ( -4.469999999998999662, 1.800000000000000044, -0.5499999999990000665 ) ) ;
#11053 = LINE ( 'NONE', #2261, #5160 ) ;
#11054 = CARTESIAN_POINT ( 'NONE',  ( 1.329268292681999863, -0.6082251495429997767, 0.07000000000100004005 ) ) ;
#11055 = ADVANCED_FACE ( 'NONE', ( #11640 ), #6634, .T. ) ;
#11056 = DIRECTION ( 'NONE',  ( 0.000000000000000000, 3.491481338843000432E-15, -1.000000000000000000 ) ) ;
#11057 = CARTESIAN_POINT ( 'NONE',  ( 0.8814046045549999153, -0.6861058462499998178, 0.05000000000099998065 ) ) ;
#11058 = DIRECTION ( 'NONE',  ( 0.000000000000000000, 1.000000000000000000, 0.000000000000000000 ) ) ;
#11059 = EDGE_LOOP ( 'NONE', ( #1873, #11699, #11526, #6612 ) ) ;
#11060 = CARTESIAN_POINT ( 'NONE',  ( -0.7276656665049999750, -1.610753487273999918, 0.07000000000100004005 ) ) ;
#11061 = EDGE_CURVE ( 'NONE', #3989, #5822, #8624, .T. ) ;
#11062 = ADVANCED_FACE ( 'NONE', ( #5735, #802 ), #11706, .F. ) ;
#11063 = DIRECTION ( 'NONE',  ( 0.000000000000000000, -3.491481338843000432E-15, 1.000000000000000000 ) ) ;
#11064 = CARTESIAN_POINT ( 'NONE',  ( -3.219999999998999662, -1.300000000000000044, 1.300000000000999911 ) ) ;
#11065 = VECTOR ( 'NONE', #5303, 1000.000000000000000 ) ;
#11066 = DIRECTION ( 'NONE',  ( 0.000000000000000000, -1.000000000000000000, -3.491481338843000432E-15 ) ) ;
#11067 = DIRECTION ( 'NONE',  ( 0.000000000000000000, 1.000000000000000000, 6.505213034913023449E-15 ) ) ;
#11068 = CYLINDRICAL_SURFACE ( 'NONE', #10451, 0.1499999999989998778 ) ;
#11069 = ORIENTED_EDGE ( 'NONE', *, *, #12319, .F. ) ;
#11070 = ORIENTED_EDGE ( 'NONE', *, *, #12222, .T. ) ;
#11071 = LINE ( 'NONE', #1385, #11733 ) ;
#11072 = EDGE_CURVE ( 'NONE', #6952, #12273, #12654, .T. ) ;
#11073 = VECTOR ( 'NONE', #708, 1000.000000000000000 ) ;
#11074 = VECTOR ( 'NONE', #60, 1000.000000000000000 ) ;
#11075 = LINE ( 'NONE', #11905, #7434 ) ;
#11076 = ORIENTED_EDGE ( 'NONE', *, *, #7211, .T. ) ;
#11077 = VECTOR ( 'NONE', #7494, 1000.000000000000000 ) ;
#11078 = CARTESIAN_POINT ( 'NONE',  ( -4.169999999998999840, 1.199999999999000089, 1.859999999999999876 ) ) ;
#11079 = EDGE_LOOP ( 'NONE', ( #1888, #7301, #2607, #6750 ) ) ;
#11080 = VECTOR ( 'NONE', #6148, 1000.000000000000000 ) ;
#11081 = ORIENTED_EDGE ( 'NONE', *, *, #6347, .T. ) ;
#11082 = DIRECTION ( 'NONE',  ( -5.421010862426999550E-16, 1.000000000000000000, 3.491481338843000432E-15 ) ) ;
#11083 = VECTOR ( 'NONE', #382, 1000.000000000000000 ) ;
#11084 = DIRECTION ( 'NONE',  ( -1.000000000000000000, -5.421010862426999550E-16, -1.892735826383000338E-30 ) ) ;
#11085 = ORIENTED_EDGE ( 'NONE', *, *, #4941, .T. ) ;
#11086 = EDGE_CURVE ( 'NONE', #6339, #958, #6696, .T. ) ;
#11087 = B_SPLINE_SURFACE_WITH_KNOTS ( 'NONE', 3, 1, ( 
 ( #4746, #10645 ),
 ( #5699, #9689 ),
 ( #7887, #8658 ),
 ( #11669, #9819 ),
 ( #5644, #3923 ),
 ( #1736, #2885 ),
 ( #5834, #1028 ),
 ( #11803, #4874 ),
 ( #8719, #3020 ),
 ( #966, #12624 ),
 ( #12560, #773 ),
 ( #8851, #6790 ),
 ( #6855, #9559 ),
 ( #10524, #4682 ),
 ( #8588, #12499 ),
 ( #903, #3728 ),
 ( #4808, #10716 ),
 ( #7631, #11549 ),
 ( #7692, #2755 ) ),
 .UNSPECIFIED., .F., .F., .F.,
 ( 4, 1, 1, 1, 1, 1, 1, 1, 1, 1, 1, 1, 1, 1, 1, 1, 4 ),
 ( 2, 2 ),
 ( 0.000000000000000000, 0.06460397028799999553, 0.1267024139619999934, 0.1867568140349999961, 0.2455056873650000027, 0.3036520244490000242, 0.3615030739700000328, 0.4202402229280000068, 0.4800333407759999615, 0.5406781347749999300, 0.6011918063800000267, 0.6623335024769999579, 0.7247395102970000114, 0.7894677361719999453, 0.8565048600430000825, 0.9263120958389999826, 1.000000000000000000 ),
 ( 0.000000000000000000, 1.000000000000000000 ),
 .UNSPECIFIED. ) ;
#11088 = CARTESIAN_POINT ( 'NONE',  ( -0.8427354277690000117, -0.7062572662909999410, 0.07000000000100004005 ) ) ;
#11089 = ORIENTED_EDGE ( 'NONE', *, *, #11755, .F. ) ;
#11090 = CARTESIAN_POINT ( 'NONE',  ( -0.8427354277690000117, -0.7062572662909999410, 0.07000000000100004005 ) ) ;
#11091 = EDGE_CURVE ( 'NONE', #1910, #7893, #10551, .T. ) ;
#11092 = CARTESIAN_POINT ( 'NONE',  ( -2.024999999999999911, 1.400000000000000133, 0.05000000000099998065 ) ) ;
#11093 = ORIENTED_EDGE ( 'NONE', *, *, #11525, .F. ) ;
#11094 = VECTOR ( 'NONE', #11056, 1000.000000000000000 ) ;
#11095 = ORIENTED_EDGE ( 'NONE', *, *, #4443, .F. ) ;
#11096 = CARTESIAN_POINT ( 'NONE',  ( -2.224999999999000000, 1.400000000000000133, 0.1000000000010001083 ) ) ;
#11097 = AXIS2_PLACEMENT_3D ( 'NONE', #6753, #10745, #2782 ) ;
#11098 = LINE ( 'NONE', #244, #12405 ) ;
#11099 = DIRECTION ( 'NONE',  ( 0.000000000000000000, 1.000000000000000000, 3.491481338843000432E-15 ) ) ;
#11100 = ORIENTED_EDGE ( 'NONE', *, *, #6493, .T. ) ;
#11101 = LINE ( 'NONE', #2309, #8509 ) ;
#11102 = EDGE_LOOP ( 'NONE', ( #8051, #6455, #10377, #6418, #3317, #883 ) ) ;
#11103 = DIRECTION ( 'NONE',  ( 0.000000000000000000, -1.000000000000000000, -3.664953686440000749E-15 ) ) ;
#11104 = DIRECTION ( 'NONE',  ( 0.000000000000000000, 1.000000000000000000, 3.491481338843000432E-15 ) ) ;
#11105 = LINE ( 'NONE', #182, #3896 ) ;
#11106 = DIRECTION ( 'NONE',  ( 0.000000000000000000, 1.000000000000000000, 3.491481338843000432E-15 ) ) ;
#11107 = DIRECTION ( 'NONE',  ( 0.2588190451020520033, -3.372511997194675020E-15, 0.9659258262891938784 ) ) ;
#11108 = EDGE_CURVE ( 'NONE', #7044, #9936, #5614, .T. ) ;
#11109 = EDGE_CURVE ( 'NONE', #3883, #8306, #1895, .T. ) ;
#11110 = VECTOR ( 'NONE', #7101, 1000.000000000000000 ) ;
#11111 = CARTESIAN_POINT ( 'NONE',  ( 2.469999999999000106, -2.250000000000000000, 1.629999999999998783 ) ) ;
#11112 = CARTESIAN_POINT ( 'NONE',  ( 4.469999999998999662, 0.5000000000000000000, 1.300000000000999911 ) ) ;
#11113 = VERTEX_POINT ( 'NONE', #1959 ) ;
#11114 = ORIENTED_EDGE ( 'NONE', *, *, #7522, .T. ) ;
#11115 = CYLINDRICAL_SURFACE ( 'NONE', #3406, 0.7999999999999999334 ) ;
#11116 = DIRECTION ( 'NONE',  ( -5.421010862426999550E-16, 1.000000000000000000, 3.491481338843000432E-15 ) ) ;
#11117 = VERTEX_POINT ( 'NONE', #2921 ) ;
#11118 = DIRECTION ( 'NONE',  ( 1.000000000000000000, 0.000000000000000000, 0.000000000000000000 ) ) ;
#11119 = VECTOR ( 'NONE', #784, 1000.000000000000000 ) ;
#11120 = PLANE ( 'NONE',  #5767 ) ;
#11121 = DIRECTION ( 'NONE',  ( 0.000000000000000000, 3.491481338843000432E-15, -1.000000000000000000 ) ) ;
#11122 = LINE ( 'NONE', #9122, #8212 ) ;
#11123 = CARTESIAN_POINT ( 'NONE',  ( 2.975000000000000089, 1.800000000000000044, 0.1000000000010001083 ) ) ;
#11124 = EDGE_CURVE ( 'NONE', #10504, #2348, #3887, .T. ) ;
#11125 = CARTESIAN_POINT ( 'NONE',  ( -1.231707317073000185, -1.097554417834999851, 0.07000000000100004005 ) ) ;
#11126 = VECTOR ( 'NONE', #12062, 1000.000000000000000 ) ;
#11127 = VECTOR ( 'NONE', #197, 1000.000000000000000 ) ;
#11128 = ORIENTED_EDGE ( 'NONE', *, *, #5571, .T. ) ;
#11129 = CARTESIAN_POINT ( 'NONE',  ( -0.6718135500630000312, -1.598423149357000028, 0.05000000000099998065 ) ) ;
#11130 = LINE ( 'NONE', #8042, #7557 ) ;
#11131 = CARTESIAN_POINT ( 'NONE',  ( 2.774999999999999911, 1.678388218141000365, 0.8000000000009999113 ) ) ;
#11132 = DIRECTION ( 'NONE',  ( 0.000000000000000000, 3.491481338843000432E-15, -1.000000000000000000 ) ) ;
#11133 = VECTOR ( 'NONE', #547, 1000.000000000000000 ) ;
#11134 = CARTESIAN_POINT ( 'NONE',  ( -3.624999999998999467, 0.9000000000000002442, 0.3500000000010001222 ) ) ;
#11135 = EDGE_CURVE ( 'NONE', #1838, #2985, #11516, .T. ) ;
#11136 = FACE_OUTER_BOUND ( 'NONE', #7825, .T. ) ;
#11137 = EDGE_CURVE ( 'NONE', #11399, #11654, #8685, .T. ) ;
#11138 = ORIENTED_EDGE ( 'NONE', *, *, #467, .T. ) ;
#11139 = ORIENTED_EDGE ( 'NONE', *, *, #9962, .F. ) ;
#11140 = FACE_OUTER_BOUND ( 'NONE', #1739, .T. ) ;
#11141 = CARTESIAN_POINT ( 'NONE',  ( 3.219999999998999662, -0.2999999999999999334, 0.3500000000010001222 ) ) ;
#11142 = ORIENTED_EDGE ( 'NONE', *, *, #9144, .F. ) ;
#11143 = CONICAL_SURFACE ( 'NONE', #5596, 0.1499999999999999944, 0.7853981633970000820 ) ;
#11144 = CARTESIAN_POINT ( 'NONE',  ( 0.9696887895300000393, -1.206217909059999815, 0.07000000000100004005 ) ) ;
#11145 = VERTEX_POINT ( 'NONE', #9526 ) ;
#11146 = EDGE_CURVE ( 'NONE', #11627, #12676, #12589, .T. ) ;
#11147 = ORIENTED_EDGE ( 'NONE', *, *, #5409, .T. ) ;
#11148 = DIRECTION ( 'NONE',  ( 1.000000000000000000, 0.000000000000000000, 0.000000000000000000 ) ) ;
#11149 = CARTESIAN_POINT ( 'NONE',  ( 4.469999999998999662, -1.949999999999999956, 1.629999999999999893 ) ) ;
#11150 = EDGE_LOOP ( 'NONE', ( #1349, #3776, #11095, #12321, #9666, #11260 ) ) ;
#11151 = DIRECTION ( 'NONE',  ( 1.000000000000000000, -5.421010862426999550E-16, -1.892735826383000338E-30 ) ) ;
#11152 = VERTEX_POINT ( 'NONE', #3824 ) ;
#11153 = FACE_OUTER_BOUND ( 'NONE', #11368, .T. ) ;
#11154 = DIRECTION ( 'NONE',  ( -1.000000000000000000, 0.000000000000000000, 0.000000000000000000 ) ) ;
#11155 = ORIENTED_EDGE ( 'NONE', *, *, #11428, .F. ) ;
#11156 = ORIENTED_EDGE ( 'NONE', *, *, #5217, .T. ) ;
#11157 = LINE ( 'NONE', #9347, #567 ) ;
#11158 = CARTESIAN_POINT ( 'NONE',  ( -0.6219512195119999420, -1.580786125152999988, 0.07000000000100004005 ) ) ;
#11159 = PLANE ( 'NONE',  #7989 ) ;
#11160 = VERTEX_POINT ( 'NONE', #2848 ) ;
#11161 = DIRECTION ( 'NONE',  ( 5.421010862434297499E-16, -1.000000000000000000, -3.523657060582293621E-15 ) ) ;
#11162 = EDGE_CURVE ( 'NONE', #1978, #1621, #7667, .T. ) ;
#11163 = EDGE_LOOP ( 'NONE', ( #6004, #9621, #11253, #9839, #4959, #1864 ) ) ;
#11164 = CARTESIAN_POINT ( 'NONE',  ( -0.7249999999989999999, 1.678388218141000365, 1.000068083900629290E-12 ) ) ;
#11165 = CARTESIAN_POINT ( 'NONE',  ( -3.624999999998999467, 0.9000000000000002442, -0.1767949192430001704 ) ) ;
#11166 = DIRECTION ( 'NONE',  ( -0.9466707760722616882, -0.3222024856060888842, -1.124963965822309710E-15 ) ) ;
#11167 = FACE_OUTER_BOUND ( 'NONE', #1906, .T. ) ;
#11168 = CARTESIAN_POINT ( 'NONE',  ( 3.219999999998999662, -1.300000000000000044, 1.300000000000999911 ) ) ;
#11169 = CARTESIAN_POINT ( 'NONE',  ( 4.469999999998999662, -5.899999999998999378, 1.300000000000000044 ) ) ;
#11170 = LINE ( 'NONE', #5269, #9905 ) ;
#11171 = EDGE_LOOP ( 'NONE', ( #4210, #10052, #8630, #6907 ) ) ;
#11172 = VERTEX_POINT ( 'NONE', #11771 ) ;
#11173 = CARTESIAN_POINT ( 'NONE',  ( -2.274999999999000266, 0.1000000000000002554, 0.05000000000099998065 ) ) ;
#11174 = CARTESIAN_POINT ( 'NONE',  ( 0.000000000000000000, -1.949999999999994404, 0.1000000000000000472 ) ) ;
#11175 = VERTEX_POINT ( 'NONE', #2221 ) ;
#11176 = DIRECTION ( 'NONE',  ( 0.000000000000000000, 3.491481338843000432E-15, -1.000000000000000000 ) ) ;
#11177 = EDGE_CURVE ( 'NONE', #1695, #3883, #2090, .T. ) ;
#11178 = LINE ( 'NONE', #9247, #4958 ) ;
#11179 = DIRECTION ( 'NONE',  ( 0.000000000000000000, 1.000000000000000000, 3.491481338843000432E-15 ) ) ;
#11180 = VECTOR ( 'NONE', #3710, 1000.000000000000000 ) ;
#11181 = CARTESIAN_POINT ( 'NONE',  ( 1.634510659027999857, -1.444968384424999863, 0.07000000000100004005 ) ) ;
#11182 = LINE ( 'NONE', #5279, #5857 ) ;
#11183 = PLANE ( 'NONE',  #2459 ) ;
#11184 = VERTEX_POINT ( 'NONE', #8055 ) ;
#11185 = CARTESIAN_POINT ( 'NONE',  ( 4.469999999998999662, -0.09999999999999982514, 1.300000000000999911 ) ) ;
#11186 = DIRECTION ( 'NONE',  ( 0.000000000000000000, -1.000000000000000000, -3.491481338843000432E-15 ) ) ;
#11187 = AXIS2_PLACEMENT_3D ( 'NONE', #3543, #3603, #3419 ) ;
#11188 = VECTOR ( 'NONE', #2591, 1000.000000000000000 ) ;
#11189 = EDGE_CURVE ( 'NONE', #5522, #1243, #6194, .T. ) ;
#11190 = LINE ( 'NONE', #5347, #10245 ) ;
#11191 = CIRCLE ( 'NONE', #2988, 0.7999999999990000665 ) ;
#11192 = CARTESIAN_POINT ( 'NONE',  ( -3.924999999998999733, 0.9000000000000002442, -0.8662277660160003778 ) ) ;
#11193 = B_SPLINE_SURFACE_WITH_KNOTS ( 'NONE', 3, 1, ( 
 ( #5926, #8878 ),
 ( #10545, #2915 ),
 ( #1764, #11701 ),
 ( #85, #3950 ),
 ( #9717, #2724 ),
 ( #11569, #5668 ),
 ( #867, #6630 ),
 ( #5800, #6822 ),
 ( #9581, #795 ),
 ( #4708, #926 ),
 ( #8620, #12522 ),
 ( #5867, #3754 ),
 ( #7654, #6690 ),
 ( #10608, #5728 ),
 ( #9650, #8681 ),
 ( #993, #12583 ),
 ( #8747, #12649 ),
 ( #3882, #6061 ),
 ( #3306, #7148 ) ),
 .UNSPECIFIED., .F., .F., .F.,
 ( 4, 1, 1, 1, 1, 1, 1, 1, 1, 1, 1, 1, 1, 1, 1, 1, 4 ),
 ( 2, 2 ),
 ( 0.000000000000000000, 0.07430379644199999745, 0.1443936103640000024, 0.2104994961029999778, 0.2735426065029999965, 0.3338247445790000212, 0.3925296724080000188, 0.4500874545990000142, 0.5078206115550000233, 0.5654649127760000837, 0.6231487223330000047, 0.6812971927900000058, 0.7409134981559999389, 0.8018557521950000488, 0.8652412377199999449, 0.9309416570459999596, 1.000000000000000000 ),
 ( 0.000000000000000000, 1.000000000000000000 ),
 .UNSPECIFIED. ) ;
#11194 = CARTESIAN_POINT ( 'NONE',  ( -1.024999999999000044, 2.200000000000000178, 0.1000000000010001083 ) ) ;
#11195 = DIRECTION ( 'NONE',  ( 0.000000000000000000, 3.491481338843000432E-15, -1.000000000000000000 ) ) ;
#11196 = ORIENTED_EDGE ( 'NONE', *, *, #8198, .F. ) ;
#11197 = AXIS2_PLACEMENT_3D ( 'NONE', #3332, #2551, #5494 ) ;
#11198 = ORIENTED_EDGE ( 'NONE', *, *, #1807, .F. ) ;
#11199 = VECTOR ( 'NONE', #4060, 1000.000000000000000 ) ;
#11200 = PLANE ( 'NONE',  #7030 ) ;
#11201 = VECTOR ( 'NONE', #1565, 1000.000000000000000 ) ;
#11202 = CARTESIAN_POINT ( 'NONE',  ( -2.974999999998999556, 0.3783882181409999323, 0.8000000000009999113 ) ) ;
#11203 = ORIENTED_EDGE ( 'NONE', *, *, #3944, .T. ) ;
#11204 = EDGE_CURVE ( 'NONE', #12245, #8916, #9077, .T. ) ;
#11205 = EDGE_CURVE ( 'NONE', #6953, #4978, #10111, .T. ) ;
#11206 = CARTESIAN_POINT ( 'NONE',  ( 1.560975609756000138, -1.608225149542999999, 0.05000000000099998065 ) ) ;
#11207 = ORIENTED_EDGE ( 'NONE', *, *, #4860, .F. ) ;
#11208 = ORIENTED_EDGE ( 'NONE', *, *, #986, .T. ) ;
#11209 = DIRECTION ( 'NONE',  ( -1.000000000000000000, 0.000000000000000000, 0.000000000000000000 ) ) ;
#11210 = DIRECTION ( 'NONE',  ( 1.000000000000000000, 0.000000000000000000, 0.000000000000000000 ) ) ;
#11211 = VERTEX_POINT ( 'NONE', #6896 ) ;
#11212 = CARTESIAN_POINT ( 'NONE',  ( -0.6496072608750000921, -0.7542333276209999271, 0.07000000000100004005 ) ) ;
#11213 = ORIENTED_EDGE ( 'NONE', *, *, #4168, .F. ) ;
#11214 = CARTESIAN_POINT ( 'NONE',  ( -0.6485116090120000010, -1.462073370729999988, 0.05000000000099998065 ) ) ;
#11215 = DIRECTION ( 'NONE',  ( 1.000000000000000000, 0.000000000000000000, 0.000000000000000000 ) ) ;
#11216 = ORIENTED_EDGE ( 'NONE', *, *, #1029, .F. ) ;
#11217 = ADVANCED_FACE ( 'NONE', ( #5932 ), #1324, .T. ) ;
#11218 = DIRECTION ( 'NONE',  ( 0.000000000000000000, 1.000000000000000000, 3.523657060582293621E-15 ) ) ;
#11219 = DIRECTION ( 'NONE',  ( 1.000000000000000000, 1.445602896647000101E-15, 5.047295537021000026E-30 ) ) ;
#11220 = EDGE_CURVE ( 'NONE', #8610, #10385, #11075, .T. ) ;
#11221 = LINE ( 'NONE', #5188, #6560 ) ;
#11222 = EDGE_CURVE ( 'NONE', #1852, #1123, #5228, .T. ) ;
#11223 = ORIENTED_EDGE ( 'NONE', *, *, #9258, .T. ) ;
#11224 = CARTESIAN_POINT ( 'NONE',  ( -2.224999999999000000, 2.200000000000000178, 0.1000000000010001083 ) ) ;
#11225 = ORIENTED_EDGE ( 'NONE', *, *, #19, .T. ) ;
#11226 = LINE ( 'NONE', #2495, #5386 ) ;
#11227 = CARTESIAN_POINT ( 'NONE',  ( 4.169999999998999840, -2.249999999998999911, 1.300000000000000044 ) ) ;
#11228 = LINE ( 'NONE', #3526, #4429 ) ;
#11229 = CARTESIAN_POINT ( 'NONE',  ( 4.469999999998999662, 2.000000000000000444, -0.3499999999989999999 ) ) ;
#11230 = CARTESIAN_POINT ( 'NONE',  ( -5.750624847485999780, 1.999999999999000355, 2.709999999999999520 ) ) ;
#11231 = DIRECTION ( 'NONE',  ( -1.000000000000000000, 0.000000000000000000, 0.000000000000000000 ) ) ;
#11232 = DIRECTION ( 'NONE',  ( 0.000000000000000000, -1.000000000000000000, -3.491481338843000432E-15 ) ) ;
#11233 = ADVANCED_FACE ( 'NONE', ( #2022 ), #6129, .T. ) ;
#11234 = VERTEX_POINT ( 'NONE', #6003 ) ;
#11235 = ORIENTED_EDGE ( 'NONE', *, *, #7315, .F. ) ;
#11236 = DIRECTION ( 'NONE',  ( 0.000000000000000000, 0.000000000000000000, 1.000000000000000000 ) ) ;
#11237 = DIRECTION ( 'NONE',  ( -5.421010862426999550E-16, 1.000000000000000000, 3.491481338843000432E-15 ) ) ;
#11238 = ORIENTED_EDGE ( 'NONE', *, *, #1924, .F. ) ;
#11239 = CARTESIAN_POINT ( 'NONE',  ( 1.108576406371999834, -1.174373369881999807, 0.05000000000099998065 ) ) ;
#11240 = CARTESIAN_POINT ( 'NONE',  ( 1.025000000000000133, 0.3783882181409999323, 0.8000000000009999113 ) ) ;
#11241 = DIRECTION ( 'NONE',  ( 0.000000000000000000, 1.000000000000000000, 3.252606517456511724E-15 ) ) ;
#11242 = DIRECTION ( 'NONE',  ( 1.000000000000000000, 0.000000000000000000, 0.000000000000000000 ) ) ;
#11243 = LINE ( 'NONE', #3545, #2994 ) ;
#11244 = DIRECTION ( 'NONE',  ( 0.000000000000000000, 1.000000000000000000, 3.252606517456513302E-15 ) ) ;
#11245 = EDGE_CURVE ( 'NONE', #2310, #11977, #6606, .T. ) ;
#11246 = ADVANCED_FACE ( 'NONE', ( #11837 ), #3050, .T. ) ;
#11247 = ORIENTED_EDGE ( 'NONE', *, *, #8995, .F. ) ;
#11248 = EDGE_LOOP ( 'NONE', ( #12581, #1408, #8765, #3997 ) ) ;
#11249 = CARTESIAN_POINT ( 'NONE',  ( -0.2926829268289999897, -1.498469051981999867, 0.05000000000099998065 ) ) ;
#11250 = FACE_OUTER_BOUND ( 'NONE', #7442, .T. ) ;
#11251 = LINE ( 'NONE', #7460, #110 ) ;
#11252 = LINE ( 'NONE', #8239, #1648 ) ;
#11253 = ORIENTED_EDGE ( 'NONE', *, *, #5359, .F. ) ;
#11254 = EDGE_LOOP ( 'NONE', ( #4222, #1843, #4655, #6027 ) ) ;
#11255 = DIRECTION ( 'NONE',  ( -1.000000000000000000, -1.445602896647000101E-15, -5.263478406138000194E-30 ) ) ;
#11256 = EDGE_CURVE ( 'NONE', #3914, #11399, #10951, .T. ) ;
#11257 = EDGE_CURVE ( 'NONE', #10547, #1725, #9920, .T. ) ;
#11258 = EDGE_CURVE ( 'NONE', #12403, #8136, #2155, .T. ) ;
#11259 = VECTOR ( 'NONE', #7329, 1000.000000000000000 ) ;
#11260 = ORIENTED_EDGE ( 'NONE', *, *, #4934, .F. ) ;
#11261 = CIRCLE ( 'NONE', #1823, 0.2000000000000000944 ) ;
#11262 = FACE_OUTER_BOUND ( 'NONE', #2353, .T. ) ;
#11263 = ORIENTED_EDGE ( 'NONE', *, *, #5086, .F. ) ;
#11264 = ORIENTED_EDGE ( 'NONE', *, *, #8861, .F. ) ;
#11265 = CARTESIAN_POINT ( 'NONE',  ( 4.169999999998999840, 2.000000000000000444, 0.05000000000099998065 ) ) ;
#11266 = LINE ( 'NONE', #612, #9248 ) ;
#11267 = AXIS2_PLACEMENT_3D ( 'NONE', #2749, #832, #4615 ) ;
#11268 = CIRCLE ( 'NONE', #8397, 0.7999999999990000665 ) ;
#11269 = ORIENTED_EDGE ( 'NONE', *, *, #5737, .T. ) ;
#11270 = FACE_OUTER_BOUND ( 'NONE', #8800, .T. ) ;
#11271 = VERTEX_POINT ( 'NONE', #10046 ) ;
#11272 = CARTESIAN_POINT ( 'NONE',  ( -0.7633684503259999810, -1.502131465580999858, 0.07000000000100004005 ) ) ;
#11273 = VECTOR ( 'NONE', #4203, 1000.000000000000000 ) ;
#11274 = ADVANCED_FACE ( 'NONE', ( #1194 ), #5100, .F. ) ;
#11275 = DIRECTION ( 'NONE',  ( -1.000000000000000000, 0.000000000000000000, 0.000000000000000000 ) ) ;
#11276 = ORIENTED_EDGE ( 'NONE', *, *, #673, .T. ) ;
#11277 = VECTOR ( 'NONE', #7940, 1000.000000000000114 ) ;
#11278 = DIRECTION ( 'NONE',  ( 0.000000000000000000, 3.491481338843000432E-15, -1.000000000000000000 ) ) ;
#11279 = LINE ( 'NONE', #3392, #12033 ) ;
#11280 = LINE ( 'NONE', #11578, #10254 ) ;
#11281 = VECTOR ( 'NONE', #11432, 1000.000000000000000 ) ;
#11282 = ORIENTED_EDGE ( 'NONE', *, *, #3112, .T. ) ;
#11283 = FACE_OUTER_BOUND ( 'NONE', #10486, .T. ) ;
#11284 = VECTOR ( 'NONE', #10443, 1000.000000000000000 ) ;
#11285 = ORIENTED_EDGE ( 'NONE', *, *, #700, .F. ) ;
#11286 = CARTESIAN_POINT ( 'NONE',  ( -1.474999999999000000, 0.1000000000000002554, 0.1000000000010001083 ) ) ;
#11287 = LINE ( 'NONE', #7362, #6366 ) ;
#11288 = CARTESIAN_POINT ( 'NONE',  ( 2.975000000000000089, 2.200000000000000178, 0.1000000000010001083 ) ) ;
#11289 = DIRECTION ( 'NONE',  ( 1.000000000000000000, 0.000000000000000000, 0.000000000000000000 ) ) ;
#11290 = LINE ( 'NONE', #9298, #6890 ) ;
#11291 = EDGE_CURVE ( 'NONE', #11638, #12332, #12158, .T. ) ;
#11292 = VECTOR ( 'NONE', #12133, 1000.000000000000000 ) ;
#11293 = DIRECTION ( 'NONE',  ( 1.000000000000000000, 0.000000000000000000, 0.000000000000000000 ) ) ;
#11294 = AXIS2_PLACEMENT_3D ( 'NONE', #6903, #944, #3061 ) ;
#11295 = ORIENTED_EDGE ( 'NONE', *, *, #4934, .T. ) ;
#11296 = VERTEX_POINT ( 'NONE', #8179 ) ;
#11297 = CARTESIAN_POINT ( 'NONE',  ( -3.219999999998999662, 2.000000000000000444, -0.5499999999990000665 ) ) ;
#11298 = CARTESIAN_POINT ( 'NONE',  ( 1.974999999999000222, 1.400000000000000133, 1.000068083900629290E-12 ) ) ;
#11299 = ORIENTED_EDGE ( 'NONE', *, *, #6981, .T. ) ;
#11300 = CARTESIAN_POINT ( 'NONE',  ( 1.109356929667000058, -1.138928335626000043, 0.07000000000100004005 ) ) ;
#11301 = VECTOR ( 'NONE', #58, 1000.000000000000000 ) ;
#11302 = LINE ( 'NONE', #9553, #10689 ) ;
#11303 = ADVANCED_FACE ( 'NONE', ( #1450 ), #5356, .T. ) ;
#11304 = CARTESIAN_POINT ( 'NONE',  ( -1.059298305749000191, -1.584916577358000067, 0.05000000000099998065 ) ) ;
#11305 = CARTESIAN_POINT ( 'NONE',  ( -2.269999999998999929, -2.049999999999999822, 1.500000000000000000 ) ) ;
#11306 = VECTOR ( 'NONE', #150, 1000.000000000000000 ) ;
#11307 = DIRECTION ( 'NONE',  ( 0.000000000000000000, 1.000000000000000000, 3.523657060582293621E-15 ) ) ;
#11308 = LINE ( 'NONE', #8288, #9974 ) ;
#11309 = PLANE ( 'NONE',  #614 ) ;
#11310 = EDGE_LOOP ( 'NONE', ( #1532, #1704, #6964, #11756, #6138, #6263 ) ) ;
#11311 = VERTEX_POINT ( 'NONE', #12094 ) ;
#11312 = VECTOR ( 'NONE', #9427, 1000.000000000000000 ) ;
#11313 = CARTESIAN_POINT ( 'NONE',  ( -5.750624847485999780, 1.199999999999000089, 1.709999999999999964 ) ) ;
#11314 = CARTESIAN_POINT ( 'NONE',  ( -3.220000000000000195, 2.000000000000000444, 0.05000000000099998065 ) ) ;
#11315 = EDGE_CURVE ( 'NONE', #4660, #414, #3313, .T. ) ;
#11316 = DIRECTION ( 'NONE',  ( -1.000000000000000000, 0.000000000000000000, 0.000000000000000000 ) ) ;
#11317 = DIRECTION ( 'NONE',  ( 0.000000000000000000, 1.000000000000000000, 3.252606517456511724E-15 ) ) ;
#11318 = AXIS2_PLACEMENT_3D ( 'NONE', #4298, #2311, #4238 ) ;
#11319 = VERTEX_POINT ( 'NONE', #5294 ) ;
#11320 = EDGE_LOOP ( 'NONE', ( #4470, #3830, #6832, #12061, #2226, #11396 ) ) ;
#11321 = CYLINDRICAL_SURFACE ( 'NONE', #5398, 0.2000000000000000944 ) ;
#11322 = ORIENTED_EDGE ( 'NONE', *, *, #307, .F. ) ;
#11323 = CARTESIAN_POINT ( 'NONE',  ( 1.560975609756000138, -1.608225149542999999, 0.07000000000100004005 ) ) ;
#11324 = AXIS2_PLACEMENT_3D ( 'NONE', #7711, #919, #6683 ) ;
#11325 = CARTESIAN_POINT ( 'NONE',  ( -0.7122760812669999275, -0.6204629528479999045, 0.07000000000100004005 ) ) ;
#11326 = VERTEX_POINT ( 'NONE', #11141 ) ;
#11327 = AXIS2_PLACEMENT_3D ( 'NONE', #8269, #11103, #5193 ) ;
#11328 = VECTOR ( 'NONE', #9722, 1000.000000000000000 ) ;
#11329 = EDGE_CURVE ( 'NONE', #11703, #3036, #9202, .T. ) ;
#11330 = VERTEX_POINT ( 'NONE', #6251 ) ;
#11331 = DIRECTION ( 'NONE',  ( 5.421010862434297499E-16, -1.000000000000000000, -3.523657060582293621E-15 ) ) ;
#11332 = CARTESIAN_POINT ( 'NONE',  ( 4.169999999998999840, -3.608578643761999771, -0.4914213562370001176 ) ) ;
#11333 = EDGE_LOOP ( 'NONE', ( #10241, #9775, #8484, #2959, #10555, #7592 ) ) ;
#11334 = DIRECTION ( 'NONE',  ( 0.000000000000000000, 0.7071067811865474617, -0.7071067811865474617 ) ) ;
#11335 = ORIENTED_EDGE ( 'NONE', *, *, #12500, .T. ) ;
#11336 = FACE_OUTER_BOUND ( 'NONE', #8774, .T. ) ;
#11337 = CARTESIAN_POINT ( 'NONE',  ( -3.219999999998999662, 2.000000000000000444, -0.3499999999989999999 ) ) ;
#11338 = AXIS2_PLACEMENT_3D ( 'NONE', #6695, #6825, #8623 ) ;
#11339 = ORIENTED_EDGE ( 'NONE', *, *, #10744, .F. ) ;
#11340 = CARTESIAN_POINT ( 'NONE',  ( -4.169197266062966811, -0.2149014203777061538, 1.264007208729603482 ) ) ;
#11341 = CARTESIAN_POINT ( 'NONE',  ( -2.524999999998999822, 1.800000000000000044, 0.05000000000099998065 ) ) ;
#11342 = ORIENTED_EDGE ( 'NONE', *, *, #4966, .F. ) ;
#11343 = CARTESIAN_POINT ( 'NONE',  ( 4.169999999998999840, -4.150000000000000355, 1.500000000000000000 ) ) ;
#11344 = EDGE_CURVE ( 'NONE', #623, #11311, #10177, .T. ) ;
#11345 = ORIENTED_EDGE ( 'NONE', *, *, #10744, .T. ) ;
#11346 = FACE_OUTER_BOUND ( 'NONE', #11787, .T. ) ;
#11347 = AXIS2_PLACEMENT_3D ( 'NONE', #2195, #9111, #3221 ) ;
#11348 = CARTESIAN_POINT ( 'NONE',  ( -0.6313346102870001086, -0.6548751681659998880, 0.07000000000100004005 ) ) ;
#11349 = CARTESIAN_POINT ( 'NONE',  ( -1.025000000000000133, 1.400000000000000133, 0.05000000000099998065 ) ) ;
#11350 = CARTESIAN_POINT ( 'NONE',  ( 0.6691949388869999904, -1.493150046375999906, 0.05000000000099998065 ) ) ;
#11351 = DIRECTION ( 'NONE',  ( 0.000000000000000000, -3.491481338843000432E-15, 1.000000000000000000 ) ) ;
#11352 = ADVANCED_FACE ( 'NONE', ( #4337 ), #7277, .T. ) ;
#11353 = CARTESIAN_POINT ( 'NONE',  ( 1.474999999999000000, 1.400000000000000133, 0.1000000000010001083 ) ) ;
#11354 = ORIENTED_EDGE ( 'NONE', *, *, #8608, .F. ) ;
#11355 = ORIENTED_EDGE ( 'NONE', *, *, #4324, .F. ) ;
#11356 = DIRECTION ( 'NONE',  ( 1.000000000000000000, 0.000000000000000000, 0.000000000000000000 ) ) ;
#11357 = CARTESIAN_POINT ( 'NONE',  ( 0.7901423188330000125, -0.6424343329749998555, 0.07000000000100004005 ) ) ;
#11358 = EDGE_LOOP ( 'NONE', ( #9127, #12110, #6756, #9845 ) ) ;
#11359 = CARTESIAN_POINT ( 'NONE',  ( 1.109756097560000043, -1.120801369054999830, 0.07000000000100004005 ) ) ;
#11360 = EDGE_CURVE ( 'NONE', #8416, #10418, #12019, .T. ) ;
#11361 = LINE ( 'NONE', #710, #3531 ) ;
#11362 = CARTESIAN_POINT ( 'NONE',  ( -3.219999999998999662, 1.199999999999000089, 1.959999999999999964 ) ) ;
#11363 = CARTESIAN_POINT ( 'NONE',  ( 0.7249999999999999778, 0.3783882181409999323, 1.000068083900629290E-12 ) ) ;
#11364 = CARTESIAN_POINT ( 'NONE',  ( -1.191709487912000043, -1.304374256503999963, 0.05000000000099998065 ) ) ;
#11365 = LINE ( 'NONE', #10288, #1368 ) ;
#11366 = LINE ( 'NONE', #9500, #6351 ) ;
#11367 = ORIENTED_EDGE ( 'NONE', *, *, #7993, .F. ) ;
#11368 = EDGE_LOOP ( 'NONE', ( #2180, #8090, #7033, #9652 ) ) ;
#11369 = EDGE_CURVE ( 'NONE', #6266, #11499, #5211, .T. ) ;
#11370 = DIRECTION ( 'NONE',  ( 0.000000000000000000, -3.491481338843000432E-15, 1.000000000000000000 ) ) ;
#11371 = DIRECTION ( 'NONE',  ( -1.000000000000000000, 0.000000000000000000, 0.000000000000000000 ) ) ;
#11372 = EDGE_CURVE ( 'NONE', #7677, #1829, #3030, .T. ) ;
#11373 = EDGE_CURVE ( 'NONE', #10326, #8009, #1861, .T. ) ;
#11374 = LINE ( 'NONE', #11314, #9545 ) ;
#11375 = VECTOR ( 'NONE', #759, 1000.000000000000114 ) ;
#11376 = VECTOR ( 'NONE', #1623, 1000.000000000000000 ) ;
#11377 = CARTESIAN_POINT ( 'NONE',  ( 0.7249999999999999778, 0.9000000000000002442, 0.1000000000010001083 ) ) ;
#11378 = DIRECTION ( 'NONE',  ( 0.000000000000000000, 1.000000000000000000, 3.491481338843000432E-15 ) ) ;
#11379 = ORIENTED_EDGE ( 'NONE', *, *, #5186, .T. ) ;
#11380 = ORIENTED_EDGE ( 'NONE', *, *, #825, .F. ) ;
#11381 = CARTESIAN_POINT ( 'NONE',  ( 0.5767911585359999371, -0.6082251495429997767, 0.07000000000100004005 ) ) ;
#11382 = ORIENTED_EDGE ( 'NONE', *, *, #9206, .T. ) ;
#11383 = CIRCLE ( 'NONE', #9532, 0.9499999999990003108 ) ;
#11384 = DIRECTION ( 'NONE',  ( 0.000000000000000000, 1.000000000000000000, 2.891205793313955622E-15 ) ) ;
#11385 = EDGE_CURVE ( 'NONE', #10829, #9728, #12331, .T. ) ;
#11386 = CARTESIAN_POINT ( 'NONE',  ( 2.469999999999000106, -4.149999999999000266, 0.3499999999999998113 ) ) ;
#11387 = VECTOR ( 'NONE', #9406, 1000.000000000000000 ) ;
#11388 = CARTESIAN_POINT ( 'NONE',  ( -0.6804671483440000168, -0.6315674614579998014, 0.07000000000100004005 ) ) ;
#11389 = VERTEX_POINT ( 'NONE', #338 ) ;
#11390 = FACE_OUTER_BOUND ( 'NONE', #2395, .T. ) ;
#11391 = VECTOR ( 'NONE', #3477, 1000.000000000000000 ) ;
#11392 = DIRECTION ( 'NONE',  ( 0.000000000000000000, 1.000000000000000000, 3.491481338843000432E-15 ) ) ;
#11393 = AXIS2_PLACEMENT_3D ( 'NONE', #6374, #11132, #9194 ) ;
#11394 = ORIENTED_EDGE ( 'NONE', *, *, #3944, .F. ) ;
#11395 = CARTESIAN_POINT ( 'NONE',  ( -0.6219512195119999420, -0.7698105153960000946, 0.05000000000099998065 ) ) ;
#11396 = ORIENTED_EDGE ( 'NONE', *, *, #3750, .T. ) ;
#11397 = DIRECTION ( 'NONE',  ( 1.000000000000000000, 0.000000000000000000, 0.000000000000000000 ) ) ;
#11398 = CARTESIAN_POINT ( 'NONE',  ( -4.169999999998999840, 2.000000000000000444, 1.300000000000999911 ) ) ;
#11399 = VERTEX_POINT ( 'NONE', #5977 ) ;
#11400 = EDGE_CURVE ( 'NONE', #8352, #3681, #9966, .T. ) ;
#11401 = VECTOR ( 'NONE', #4110, 1000.000000000000000 ) ;
#11402 = CARTESIAN_POINT ( 'NONE',  ( 0.000000000000000000, 1.800000000000000044, 0.05000000000099998065 ) ) ;
#11403 = DIRECTION ( 'NONE',  ( 0.000000000000000000, -1.000000000000000000, -3.641026466082000599E-15 ) ) ;
#11404 = EDGE_LOOP ( 'NONE', ( #7408, #5691, #5176, #4297 ) ) ;
#11405 = CARTESIAN_POINT ( 'NONE',  ( -0.6219512195119999420, -1.580786125152999988, 0.05000000000099998065 ) ) ;
#11406 = ORIENTED_EDGE ( 'NONE', *, *, #5587, .F. ) ;
#11407 = LINE ( 'NONE', #4662, #5169 ) ;
#11408 = CARTESIAN_POINT ( 'NONE',  ( -0.8571598582249999598, -0.5964985011389998260, 0.07000000000100004005 ) ) ;
#11409 = DIRECTION ( 'NONE',  ( -1.000000000000000000, -5.421010862426999550E-16, -1.892735826383000338E-30 ) ) ;
#11410 = DIRECTION ( 'NONE',  ( -1.000000000000000000, 0.000000000000000000, 0.000000000000000000 ) ) ;
#11411 = CARTESIAN_POINT ( 'NONE',  ( -4.469999999998999662, 1.849999999999000000, 2.859999999999999876 ) ) ;
#11412 = DIRECTION ( 'NONE',  ( 0.000000000000000000, -3.515050951288000436E-15, 1.000000000000000000 ) ) ;
#11413 = ADVANCED_FACE ( 'NONE', ( #6936 ), #10930, .T. ) ;
#11414 = EDGE_CURVE ( 'NONE', #5670, #5312, #2137, .T. ) ;
#11415 = ORIENTED_EDGE ( 'NONE', *, *, #9327, .T. ) ;
#11416 = VERTEX_POINT ( 'NONE', #4125 ) ;
#11417 = DIRECTION ( 'NONE',  ( 1.362529302963184021E-15, 0.000000000000000000, 1.000000000000000000 ) ) ;
#11418 = DIRECTION ( 'NONE',  ( 1.000000000000000000, 0.000000000000000000, 0.000000000000000000 ) ) ;
#11419 = VERTEX_POINT ( 'NONE', #7961 ) ;
#11420 = DIRECTION ( 'NONE',  ( 0.000000000000000000, -1.000000000000000000, -4.336808689942017736E-15 ) ) ;
#11421 = CARTESIAN_POINT ( 'NONE',  ( 1.224999999999999867, 0.3783882181409999323, 1.000068083900629290E-12 ) ) ;
#11422 = FACE_OUTER_BOUND ( 'NONE', #10866, .T. ) ;
#11423 = CARTESIAN_POINT ( 'NONE',  ( -0.7249999999989999999, 1.400000000000000133, 0.05000000000099998065 ) ) ;
#11424 = CARTESIAN_POINT ( 'NONE',  ( 0.08536585365800000713, -1.498469051981999867, 0.07000000000100004005 ) ) ;
#11425 = CARTESIAN_POINT ( 'NONE',  ( -1.474999999999000000, 0.1000000000000002554, 1.000068083900629290E-12 ) ) ;
#11426 = DIRECTION ( 'NONE',  ( 0.000000000000000000, -0.7071067811865474617, 0.7071067811865474617 ) ) ;
#11427 = CARTESIAN_POINT ( 'NONE',  ( -0.9980027766179999649, -0.6035428661009998308, 0.05000000000099998065 ) ) ;
#11428 = EDGE_CURVE ( 'NONE', #5998, #3533, #1111, .T. ) ;
#11429 = VECTOR ( 'NONE', #423, 1000.000000000000000 ) ;
#11430 = EDGE_LOOP ( 'NONE', ( #1708, #4076, #8280, #2033, #393, #4629, #10832, #2344, #6712, #5573, #10840, #5379, #7603, #12091, #3467, #1270, #12054, #12429, #12512, #5064, #4855, #10040, #11038, #8581, #10631, #2524, #1571, #3563 ) ) ;
#11431 = ORIENTED_EDGE ( 'NONE', *, *, #3056, .F. ) ;
#11432 = DIRECTION ( 'NONE',  ( 0.000000000000000000, -1.000000000000000000, -3.491481338843000432E-15 ) ) ;
#11433 = DIRECTION ( 'NONE',  ( 0.000000000000000000, 3.491481338843000432E-15, -1.000000000000000000 ) ) ;
#11434 = CARTESIAN_POINT ( 'NONE',  ( 2.474999999998999556, 1.400000000000000133, 1.000068083900629290E-12 ) ) ;
#11435 = CARTESIAN_POINT ( 'NONE',  ( 2.469999999999000106, -4.349999999998999556, 0.3499999999999998113 ) ) ;
#11436 = ORIENTED_EDGE ( 'NONE', *, *, #10484, .T. ) ;
#11437 = VERTEX_POINT ( 'NONE', #11054 ) ;
#11438 = CARTESIAN_POINT ( 'NONE',  ( -1.134706780219999933, -0.8112163535869999498, 0.05000000000099998065 ) ) ;
#11439 = ADVANCED_FACE ( 'NONE', ( #5016 ), #3101, .T. ) ;
#11440 = EDGE_CURVE ( 'NONE', #7584, #2019, #10153, .T. ) ;
#11441 = ORIENTED_EDGE ( 'NONE', *, *, #8947, .F. ) ;
#11442 = PLANE ( 'NONE',  #2758 ) ;
#11443 = LINE ( 'NONE', #7760, #6464 ) ;
#11444 = CARTESIAN_POINT ( 'NONE',  ( 1.622500076064000041, -1.479153037742000132, 0.07000000000100004005 ) ) ;
#11445 = ORIENTED_EDGE ( 'NONE', *, *, #5878, .T. ) ;
#11446 = DIRECTION ( 'NONE',  ( 0.000000000000000000, 3.491481338843000432E-15, -1.000000000000000000 ) ) ;
#11447 = EDGE_CURVE ( 'NONE', #826, #7275, #8924, .T. ) ;
#11448 = CYLINDRICAL_SURFACE ( 'NONE', #12304, 0.1999999999999999833 ) ;
#11449 = AXIS2_PLACEMENT_3D ( 'NONE', #2706, #6672, #1687 ) ;
#11450 = ORIENTED_EDGE ( 'NONE', *, *, #78, .T. ) ;
#11451 = ORIENTED_EDGE ( 'NONE', *, *, #6513, .F. ) ;
#11452 = DIRECTION ( 'NONE',  ( 0.000000000000000000, -3.515050951288000436E-15, 1.000000000000000000 ) ) ;
#11453 = DIRECTION ( 'NONE',  ( 0.000000000000000000, 1.000000000000000000, 3.523657060582293621E-15 ) ) ;
#11454 = VERTEX_POINT ( 'NONE', #3167 ) ;
#11455 = DIRECTION ( 'NONE',  ( -1.000000000000000000, 0.000000000000000000, 0.000000000000000000 ) ) ;
#11456 = CARTESIAN_POINT ( 'NONE',  ( 2.024999999999999911, 0.9000000000000002442, 1.000068083900629290E-12 ) ) ;
#11457 = ORIENTED_EDGE ( 'NONE', *, *, #2328, .F. ) ;
#11458 = DIRECTION ( 'NONE',  ( -5.421010862426999550E-16, 1.000000000000000000, 0.000000000000000000 ) ) ;
#11459 = EDGE_LOOP ( 'NONE', ( #4249, #7842, #6622, #11335 ) ) ;
#11460 = VECTOR ( 'NONE', #8710, 1000.000000000000000 ) ;
#11461 = AXIS2_PLACEMENT_3D ( 'NONE', #7231, #8893, #7039 ) ;
#11462 = DIRECTION ( 'NONE',  ( 0.000000000000000000, 1.000000000000000000, 3.491481338843000432E-15 ) ) ;
#11463 = EDGE_CURVE ( 'NONE', #1955, #8230, #7071, .T. ) ;
#11464 = EDGE_CURVE ( 'NONE', #8596, #3188, #1235, .T. ) ;
#11465 = CARTESIAN_POINT ( 'NONE',  ( 1.630850875081000240, -1.464402036403999796, 0.07000000000100004005 ) ) ;
#11466 = CARTESIAN_POINT ( 'NONE',  ( -4.469999999998999662, 0.5000000000000000000, 1.300000000000999911 ) ) ;
#11467 = CARTESIAN_POINT ( 'NONE',  ( 4.469999999998999662, 2.000000000000000444, 1.709999999999999964 ) ) ;
#11468 = LINE ( 'NONE', #11534, #5630 ) ;
#11469 = CARTESIAN_POINT ( 'NONE',  ( -1.774999999999000044, 0.1000000000000002554, 0.1000000000010001083 ) ) ;
#11470 = CONICAL_SURFACE ( 'NONE', #4305, 0.8499999999989999999, 0.7853981633970000820 ) ;
#11471 = VERTEX_POINT ( 'NONE', #4191 ) ;
#11472 = ORIENTED_EDGE ( 'NONE', *, *, #11463, .T. ) ;
#11473 = AXIS2_PLACEMENT_3D ( 'NONE', #1096, #3277, #8015 ) ;
#11474 = CARTESIAN_POINT ( 'NONE',  ( 4.169999999998999840, 0.6000000000000003109, 0.3500000000010001222 ) ) ;
#11475 = CARTESIAN_POINT ( 'NONE',  ( 0.9226794408359999533, -0.7150326585099999743, 0.05000000000099998065 ) ) ;
#11476 = ORIENTED_EDGE ( 'NONE', *, *, #10568, .F. ) ;
#11477 = CARTESIAN_POINT ( 'NONE',  ( -0.8572789634140000059, -1.620420271493999920, 0.07000000000100004005 ) ) ;
#11478 = DIRECTION ( 'NONE',  ( -1.000000000000000000, 0.000000000000000000, 0.000000000000000000 ) ) ;
#11479 = CARTESIAN_POINT ( 'NONE',  ( 1.623666158535999937, -1.486273930030999946, 0.05000000000099998065 ) ) ;
#11480 = EDGE_CURVE ( 'NONE', #1123, #9265, #8096, .T. ) ;
#11481 = EDGE_CURVE ( 'NONE', #7131, #618, #5401, .T. ) ;
#11482 = DIRECTION ( 'NONE',  ( 5.421010862427522170E-16, 1.000000000000000000, 3.523657060577889805E-15 ) ) ;
#11483 = DIRECTION ( 'NONE',  ( 0.000000000000000000, -3.491481338843000432E-15, 1.000000000000000000 ) ) ;
#11484 = VECTOR ( 'NONE', #714, 1000.000000000000000 ) ;
#11485 = CARTESIAN_POINT ( 'NONE',  ( 4.169999999998999840, -2.932842712473999747, -0.3500000000000000333 ) ) ;
#11486 = CIRCLE ( 'NONE', #11684, 1.249999999998999911 ) ;
#11487 = FACE_OUTER_BOUND ( 'NONE', #7078, .T. ) ;
#11488 = CARTESIAN_POINT ( 'NONE',  ( -1.348835811492000269, -0.9349713696030000909, 0.07000000000100004005 ) ) ;
#11489 = ORIENTED_EDGE ( 'NONE', *, *, #128, .F. ) ;
#11490 = ORIENTED_EDGE ( 'NONE', *, *, #10719, .T. ) ;
#11491 = ORIENTED_EDGE ( 'NONE', *, *, #12151, .T. ) ;
#11492 = CARTESIAN_POINT ( 'NONE',  ( -0.2926829268289999897, -1.169200759298999914, 0.07000000000100004005 ) ) ;
#11493 = VECTOR ( 'NONE', #4938, 1000.000000000000000 ) ;
#11494 = DIRECTION ( 'NONE',  ( 1.000000000000000000, 0.000000000000000000, 0.000000000000000000 ) ) ;
#11495 = CIRCLE ( 'NONE', #9860, 0.2000000000000000111 ) ;
#11496 = CARTESIAN_POINT ( 'NONE',  ( -1.185911678932000113, -1.509148149250999937, 0.05000000000099998065 ) ) ;
#11497 = EDGE_CURVE ( 'NONE', #4749, #5618, #12145, .T. ) ;
#11498 = CARTESIAN_POINT ( 'NONE',  ( 0.000000000000000000, -5.299999999999999822, 1.829999999998999982 ) ) ;
#11499 = VERTEX_POINT ( 'NONE', #4442 ) ;
#11500 = ORIENTED_EDGE ( 'NONE', *, *, #5146, .T. ) ;
#11501 = VECTOR ( 'NONE', #7342, 1000.000000000000000 ) ;
#11502 = ORIENTED_EDGE ( 'NONE', *, *, #12301, .T. ) ;
#11503 = DIRECTION ( 'NONE',  ( 0.000000000000000000, 1.000000000000000000, 0.000000000000000000 ) ) ;
#11504 = PLANE ( 'NONE',  #6131 ) ;
#11505 = CARTESIAN_POINT ( 'NONE',  ( 1.474999999999999867, 2.200000000000000178, 0.1000000000010001083 ) ) ;
#11506 = EDGE_CURVE ( 'NONE', #11047, #5882, #9275, .T. ) ;
#11507 = EDGE_LOOP ( 'NONE', ( #6833, #3249, #4473, #4205, #3196, #462 ) ) ;
#11508 = EDGE_CURVE ( 'NONE', #12274, #7105, #526, .T. ) ;
#11509 = AXIS2_PLACEMENT_3D ( 'NONE', #10218, #4124, #4190 ) ;
#11510 = CARTESIAN_POINT ( 'NONE',  ( -2.774999999999000266, 0.6000000000000003109, 0.05000000000099998065 ) ) ;
#11511 = DIRECTION ( 'NONE',  ( -1.000000000000000000, 0.000000000000000000, 0.000000000000000000 ) ) ;
#11512 = EDGE_LOOP ( 'NONE', ( #2200, #10059, #12668, #11980 ) ) ;
#11513 = VERTEX_POINT ( 'NONE', #8347 ) ;
#11514 = DIRECTION ( 'NONE',  ( 0.000000000000000000, -3.491481338843000432E-15, 1.000000000000000000 ) ) ;
#11515 = VECTOR ( 'NONE', #8802, 1000.000000000000000 ) ;
#11516 = LINE ( 'NONE', #4778, #268 ) ;
#11517 = ORIENTED_EDGE ( 'NONE', *, *, #10286, .F. ) ;
#11518 = AXIS2_PLACEMENT_3D ( 'NONE', #3275, #10073, #3151 ) ;
#11519 = VECTOR ( 'NONE', #2728, 1000.000000000000000 ) ;
#11520 = EDGE_CURVE ( 'NONE', #1740, #5184, #2447, .T. ) ;
#11521 = LINE ( 'NONE', #5166, #7510 ) ;
#11522 = CARTESIAN_POINT ( 'NONE',  ( 0.7249999999999999778, 0.1000000000000002554, 0.1000000000010001083 ) ) ;
#11523 = B_SPLINE_CURVE_WITH_KNOTS ( 'NONE', 3,
 ( #5199, #4181, #8086, #4303, #8277, #8213, #3404, #7311, #12006, #11044, #2250 ),
 .UNSPECIFIED., .F., .F.,
 ( 4, 1, 1, 1, 1, 1, 1, 1, 4 ),
 ( 0.000000000000000000, 0.1451868664719999924, 0.2834426109189999710, 0.4165243659280000177, 0.5431811235350000322, 0.6651530826370000149, 0.7813602063119999830, 0.8927566556410000409, 0.9999999999990000221 ),
 .UNSPECIFIED. ) ;
#11524 = EDGE_LOOP ( 'NONE', ( #1197, #2336, #11015, #7019 ) ) ;
#11525 = EDGE_CURVE ( 'NONE', #3907, #9858, #7261, .T. ) ;
#11526 = ORIENTED_EDGE ( 'NONE', *, *, #2656, .F. ) ;
#11527 = EDGE_CURVE ( 'NONE', #11923, #11615, #5238, .T. ) ;
#11528 = CARTESIAN_POINT ( 'NONE',  ( -1.285877509320999978, -1.396231506941999934, 0.07000000000100004005 ) ) ;
#11529 = DIRECTION ( 'NONE',  ( 0.000000000000000000, 3.491481338843000432E-15, -1.000000000000000000 ) ) ;
#11530 = LINE ( 'NONE', #697, #4217 ) ;
#11531 = ORIENTED_EDGE ( 'NONE', *, *, #10807, .T. ) ;
#11532 = AXIS2_PLACEMENT_3D ( 'NONE', #1573, #7151, #8302 ) ;
#11533 = CARTESIAN_POINT ( 'NONE',  ( -1.474999999999000000, 0.3783882181409999323, 1.000068083900629290E-12 ) ) ;
#11534 = CARTESIAN_POINT ( 'NONE',  ( 4.169999999998999840, 0.6000000000000003109, 0.3500000000010001222 ) ) ;
#11535 = CARTESIAN_POINT ( 'NONE',  ( -3.399999999998999822, -0.1999999999999998723, -0.4499999999989998112 ) ) ;
#11536 = ORIENTED_EDGE ( 'NONE', *, *, #4714, .T. ) ;
#11537 = ORIENTED_EDGE ( 'NONE', *, *, #6477, .T. ) ;
#11538 = EDGE_CURVE ( 'NONE', #64, #7924, #12138, .T. ) ;
#11539 = CARTESIAN_POINT ( 'NONE',  ( 0.9749999999989999999, 1.400000000000000133, 0.1000000000010001083 ) ) ;
#11540 = CARTESIAN_POINT ( 'NONE',  ( 0.5959318755150000424, -0.6085714549189998879, 0.07000000000100004005 ) ) ;
#11541 = ORIENTED_EDGE ( 'NONE', *, *, #1528, .F. ) ;
#11542 = AXIS2_PLACEMENT_3D ( 'NONE', #6349, #6594, #1722 ) ;
#11543 = CYLINDRICAL_SURFACE ( 'NONE', #11670, 0.1999999999999999833 ) ;
#11544 = CARTESIAN_POINT ( 'NONE',  ( 2.524999999999999911, 0.3783882181409999323, 1.000068083900629290E-12 ) ) ;
#11545 = CARTESIAN_POINT ( 'NONE',  ( 4.469999999998999662, 1.350000000000000089, 1.709999999999999964 ) ) ;
#11546 = CARTESIAN_POINT ( 'NONE',  ( -1.829268292681999863, -0.7179812471039999089, 0.05000000000099998065 ) ) ;
#11547 = CARTESIAN_POINT ( 'NONE',  ( 4.169999999998999840, -2.649999999998999822, -0.06715728752500009502 ) ) ;
#11548 = CARTESIAN_POINT ( 'NONE',  ( 4.169999999998999840, 0.6000000000000003109, 0.3500000000010001222 ) ) ;
#11549 = CARTESIAN_POINT ( 'NONE',  ( -1.231361002593000187, -1.113000508777999720, 0.05000000000099998065 ) ) ;
#11550 = CARTESIAN_POINT ( 'NONE',  ( 3.956545993131999950, 1.199999999999000089, 2.559999999999999609 ) ) ;
#11551 = EDGE_LOOP ( 'NONE', ( #12155, #3793, #8079, #1084 ) ) ;
#11552 = ORIENTED_EDGE ( 'NONE', *, *, #8427, .T. ) ;
#11553 = VERTEX_POINT ( 'NONE', #6489 ) ;
#11554 = EDGE_CURVE ( 'NONE', #730, #803, #10285, .T. ) ;
#11555 = DIRECTION ( 'NONE',  ( -0.8660254037843290176, 0.5000000000001900702, 1.745740669421663313E-15 ) ) ;
#11556 = CARTESIAN_POINT ( 'NONE',  ( -3.219999999998999662, -1.300000000000000044, 0.3500000000010001222 ) ) ;
#11557 = CARTESIAN_POINT ( 'NONE',  ( -1.285877509320999978, -1.396231506941999934, 0.05000000000099998065 ) ) ;
#11558 = PLANE ( 'NONE',  #2781 ) ;
#11559 = B_SPLINE_SURFACE_WITH_KNOTS ( 'NONE', 3, 1, ( 
 ( #6676, #1744 ),
 ( #3620, #4508 ),
 ( #7525, #3675 ),
 ( #12389, #12452 ),
 ( #8543, #8420 ),
 ( #2764, #4691 ),
 ( #12325, #3555 ),
 ( #7642, #11557 ),
 ( #2645, #6498 ),
 ( #6555, #7579 ),
 ( #1688, #11496 ),
 ( #10413, #1806 ),
 ( #1624, #5710 ),
 ( #2710, #9443 ),
 ( #8481, #11878 ),
 ( #3799, #4884 ),
 ( #3099, #11749 ),
 ( #11815, #2135 ),
 ( #976, #5910 ) ),
 .UNSPECIFIED., .F., .F., .F.,
 ( 4, 1, 1, 1, 1, 1, 1, 1, 1, 1, 1, 1, 1, 1, 1, 1, 4 ),
 ( 2, 2 ),
 ( 0.000000000000000000, 0.07064371857500000018, 0.1382567155079999777, 0.2033641242170000085, 0.2663240938029999838, 0.3279047615419999895, 0.3887377151729999869, 0.4494235281089999923, 0.5108610114589999807, 0.5720793960469999773, 0.6317344287310000528, 0.6911172105780000186, 0.7503600294900000245, 0.8100329005309999664, 0.8713624508280000125, 0.9344271412310000136, 0.9999999999990000221 ),
 ( 0.000000000000000000, 1.000000000000000000 ),
 .UNSPECIFIED. ) ;
#11560 = VERTEX_POINT ( 'NONE', #11424 ) ;
#11561 = VERTEX_POINT ( 'NONE', #11363 ) ;
#11562 = EDGE_LOOP ( 'NONE', ( #11156, #11018, #5535, #3955, #2835, #10529 ) ) ;
#11563 = CARTESIAN_POINT ( 'NONE',  ( -0.2249999999989999999, 1.400000000000000133, 0.1000000000010001083 ) ) ;
#11564 = EDGE_CURVE ( 'NONE', #8836, #8981, #7321, .T. ) ;
#11565 = LINE ( 'NONE', #10603, #3788 ) ;
#11566 = CARTESIAN_POINT ( 'NONE',  ( -0.8571598582249999598, -0.5964985011389998260, 0.05000000000099998065 ) ) ;
#11567 = ORIENTED_EDGE ( 'NONE', *, *, #3667, .T. ) ;
#11568 = CYLINDRICAL_SURFACE ( 'NONE', #5755, 0.1999999999999996503 ) ;
#11569 = CARTESIAN_POINT ( 'NONE',  ( 0.9495739938099999611, -1.283803631005000057, 0.07000000000100004005 ) ) ;
#11570 = ORIENTED_EDGE ( 'NONE', *, *, #12005, .T. ) ;
#11571 = EDGE_LOOP ( 'NONE', ( #5511, #9352, #8279, #4776 ) ) ;
#11572 = VECTOR ( 'NONE', #6994, 1000.000000000000000 ) ;
#11573 = CYLINDRICAL_SURFACE ( 'NONE', #10936, 0.1499999999989998778 ) ;
#11574 = DIRECTION ( 'NONE',  ( 5.421010862434297499E-16, -1.000000000000000000, -3.523657060582293621E-15 ) ) ;
#11575 = ORIENTED_EDGE ( 'NONE', *, *, #11291, .F. ) ;
#11576 = ADVANCED_FACE ( 'NONE', ( #4497 ), #10219, .T. ) ;
#11577 = DIRECTION ( 'NONE',  ( 0.000000000000000000, 3.491481338843000432E-15, -1.000000000000000000 ) ) ;
#11578 = CARTESIAN_POINT ( 'NONE',  ( -3.803095189483999938, 1.999999999999000355, 2.709999999999999520 ) ) ;
#11579 = VERTEX_POINT ( 'NONE', #7513 ) ;
#11580 = CIRCLE ( 'NONE', #729, 0.1999999999999996503 ) ;
#11581 = AXIS2_PLACEMENT_3D ( 'NONE', #8568, #5681, #9595 ) ;
#11582 = ORIENTED_EDGE ( 'NONE', *, *, #1574, .T. ) ;
#11583 = CIRCLE ( 'NONE', #2589, 0.1999999999999999833 ) ;
#11584 = CARTESIAN_POINT ( 'NONE',  ( -1.231707317073000185, -1.097554417834999851, 0.07000000000100004005 ) ) ;
#11585 = EDGE_CURVE ( 'NONE', #6764, #5572, #5460, .T. ) ;
#11586 = LINE ( 'NONE', #6767, #10670 ) ;
#11587 = CARTESIAN_POINT ( 'NONE',  ( 4.469999999998999662, -0.2999999999999999334, 1.100000000000999956 ) ) ;
#11588 = ORIENTED_EDGE ( 'NONE', *, *, #4313, .T. ) ;
#11589 = CARTESIAN_POINT ( 'NONE',  ( -1.089142849635000188, -0.6291144553100000980, 0.07000000000100004005 ) ) ;
#11590 = ORIENTED_EDGE ( 'NONE', *, *, #4278, .F. ) ;
#11591 = DIRECTION ( 'NONE',  ( 0.000000000000000000, -3.491481338843000432E-15, 1.000000000000000000 ) ) ;
#11592 = ADVANCED_FACE ( 'NONE', ( #5336 ), #5516, .T. ) ;
#11593 = DIRECTION ( 'NONE',  ( 0.000000000000000000, -1.000000000000000000, -3.491481338843000432E-15 ) ) ;
#11594 = AXIS2_PLACEMENT_3D ( 'NONE', #10213, #11356, #6481 ) ;
#11595 = VECTOR ( 'NONE', #9635, 1000.000000000000000 ) ;
#11596 = ADVANCED_FACE ( 'NONE', ( #10343 ), #466, .F. ) ;
#11597 = ADVANCED_FACE ( 'NONE', ( #9430 ), #9496, .F. ) ;
#11598 = ORIENTED_EDGE ( 'NONE', *, *, #2821, .T. ) ;
#11599 = ORIENTED_EDGE ( 'NONE', *, *, #7371, .F. ) ;
#11600 = CARTESIAN_POINT ( 'NONE',  ( -0.4749999999989999999, 0.1000000000000002554, 0.05000000000099998065 ) ) ;
#11601 = CARTESIAN_POINT ( 'NONE',  ( 0.9612785924039999319, -0.7475582226589999602, 0.05000000000099998065 ) ) ;
#11602 = ORIENTED_EDGE ( 'NONE', *, *, #6088, .T. ) ;
#11603 = LINE ( 'NONE', #8647, #11073 ) ;
#11604 = CARTESIAN_POINT ( 'NONE',  ( -2.469999999999000106, -2.049999999999000178, 0.04999999999999991257 ) ) ;
#11605 = ORIENTED_EDGE ( 'NONE', *, *, #260, .F. ) ;
#11606 = CARTESIAN_POINT ( 'NONE',  ( 0.9749999999989999999, 1.400000000000000133, 0.1000000000010001083 ) ) ;
#11607 = CARTESIAN_POINT ( 'NONE',  ( 4.469999999998999662, 1.199999999999000089, 1.709999999999999964 ) ) ;
#11608 = DIRECTION ( 'NONE',  ( 0.000000000000000000, 1.000000000000000000, 3.491481338843000432E-15 ) ) ;
#11609 = CARTESIAN_POINT ( 'NONE',  ( 0.8386729706450000155, -1.557446610551999955, 0.07000000000100004005 ) ) ;
#11610 = DIRECTION ( 'NONE',  ( 0.000000000000000000, 3.491481338843000432E-15, -1.000000000000000000 ) ) ;
#11611 = EDGE_CURVE ( 'NONE', #2627, #6874, #12315, .T. ) ;
#11612 = CARTESIAN_POINT ( 'NONE',  ( -4.469884247729389415, -0.1703910547369368311, 1.289035990127422648 ) ) ;
#11613 = EDGE_LOOP ( 'NONE', ( #7937, #9592, #961, #8625 ) ) ;
#11614 = ORIENTED_EDGE ( 'NONE', *, *, #6813, .T. ) ;
#11615 = VERTEX_POINT ( 'NONE', #8226 ) ;
#11616 = DIRECTION ( 'NONE',  ( 1.000000000000000000, 0.000000000000000000, 0.000000000000000000 ) ) ;
#11617 = CARTESIAN_POINT ( 'NONE',  ( -1.224999999999000000, 2.200000000000000178, 1.000068083900629290E-12 ) ) ;
#11618 = CARTESIAN_POINT ( 'NONE',  ( -0.6219512195119999420, -1.580786125152999988, 0.07000000000100004005 ) ) ;
#11619 = EDGE_CURVE ( 'NONE', #6480, #7266, #7449, .T. ) ;
#11620 = PLANE ( 'NONE',  #12496 ) ;
#11621 = CARTESIAN_POINT ( 'NONE',  ( 2.974999999998999556, 1.678388218141000365, 0.8000000000009999113 ) ) ;
#11622 = ADVANCED_FACE ( 'NONE', ( #10522 ), #1921, .T. ) ;
#11623 = VECTOR ( 'NONE', #6961, 1000.000000000000000 ) ;
#11624 = ORIENTED_EDGE ( 'NONE', *, *, #4618, .F. ) ;
#11625 = CARTESIAN_POINT ( 'NONE',  ( -2.474999999998999556, 0.1000000000000002554, 0.05000000000099998065 ) ) ;
#11626 = ORIENTED_EDGE ( 'NONE', *, *, #2161, .T. ) ;
#11627 = VERTEX_POINT ( 'NONE', #5697 ) ;
#11628 = DIRECTION ( 'NONE',  ( 0.000000000000000000, 3.491481338843000432E-15, -1.000000000000000000 ) ) ;
#11629 = CARTESIAN_POINT ( 'NONE',  ( -0.7249999999989999999, 2.200000000000000178, 0.1000000000010001083 ) ) ;
#11630 = CARTESIAN_POINT ( 'NONE',  ( 0.08536585365800000713, -1.608225149542999999, 0.07000000000100004005 ) ) ;
#11631 = VERTEX_POINT ( 'NONE', #771 ) ;
#11632 = CARTESIAN_POINT ( 'NONE',  ( 4.469999999998999662, 2.000000000000000444, 1.300000000000999911 ) ) ;
#11633 = EDGE_CURVE ( 'NONE', #1811, #12039, #7567, .T. ) ;
#11634 = EDGE_CURVE ( 'NONE', #11809, #10022, #5846, .T. ) ;
#11635 = DIRECTION ( 'NONE',  ( 0.000000000000000000, 3.491481338843000432E-15, -1.000000000000000000 ) ) ;
#11636 = ADVANCED_FACE ( 'NONE', ( #9753 ), #10584, .F. ) ;
#11637 = ORIENTED_EDGE ( 'NONE', *, *, #2480, .T. ) ;
#11638 = VERTEX_POINT ( 'NONE', #1734 ) ;
#11639 = CARTESIAN_POINT ( 'NONE',  ( -2.999999999998999911, -5.299999999998999733, 1.279999999999999805 ) ) ;
#11640 = FACE_OUTER_BOUND ( 'NONE', #5203, .T. ) ;
#11641 = EDGE_LOOP ( 'NONE', ( #4630, #10680, #7481, #4385, #1301, #5138 ) ) ;
#11642 = DIRECTION ( 'NONE',  ( -1.000000000000000000, 0.000000000000000000, 0.000000000000000000 ) ) ;
#11643 = DIRECTION ( 'NONE',  ( -1.000000000000000000, 0.000000000000000000, 0.000000000000000000 ) ) ;
#11644 = EDGE_LOOP ( 'NONE', ( #12454, #8723, #1016, #430 ) ) ;
#11645 = ORIENTED_EDGE ( 'NONE', *, *, #7145, .F. ) ;
#11646 = EDGE_CURVE ( 'NONE', #7573, #2613, #9817, .T. ) ;
#11647 = CARTESIAN_POINT ( 'NONE',  ( 0.7085981535089999062, -0.7320907476600000408, 0.07000000000100004005 ) ) ;
#11648 = DIRECTION ( 'NONE',  ( 0.000000000000000000, -1.000000000000000000, -3.491481338843000432E-15 ) ) ;
#11649 = ORIENTED_EDGE ( 'NONE', *, *, #11646, .T. ) ;
#11650 = CARTESIAN_POINT ( 'NONE',  ( 3.220000000000000195, -4.349999999998999556, 0.3499999999999998113 ) ) ;
#11651 = ORIENTED_EDGE ( 'NONE', *, *, #5086, .T. ) ;
#11652 = FACE_OUTER_BOUND ( 'NONE', #30, .T. ) ;
#11653 = CARTESIAN_POINT ( 'NONE',  ( 1.974999999999000222, 1.400000000000000133, 0.05000000000099998065 ) ) ;
#11654 = VERTEX_POINT ( 'NONE', #12438 ) ;
#11655 = VERTEX_POINT ( 'NONE', #4679 ) ;
#11656 = LINE ( 'NONE', #8772, #5855 ) ;
#11657 = LINE ( 'NONE', #1087, #10920 ) ;
#11658 = AXIS2_PLACEMENT_3D ( 'NONE', #3835, #12604, #5177 ) ;
#11659 = ORIENTED_EDGE ( 'NONE', *, *, #442, .T. ) ;
#11660 = CARTESIAN_POINT ( 'NONE',  ( 3.791599493391070386, 1.909721137453315176, 2.719326885844952635 ) ) ;
#11661 = DIRECTION ( 'NONE',  ( -5.421010862426999550E-16, -1.000000000000000000, -3.491481338843000432E-15 ) ) ;
#11662 = ORIENTED_EDGE ( 'NONE', *, *, #5527, .T. ) ;
#11663 = CARTESIAN_POINT ( 'NONE',  ( 1.182926829268000191, -0.6082251495429997767, 0.07000000000100004005 ) ) ;
#11664 = EDGE_CURVE ( 'NONE', #2008, #1281, #7971, .T. ) ;
#11665 = DIRECTION ( 'NONE',  ( 0.000000000000000000, 3.491481338843000432E-15, -1.000000000000000000 ) ) ;
#11666 = CARTESIAN_POINT ( 'NONE',  ( 0.5870807926820000855, -1.608225149542999999, 0.05000000000099998065 ) ) ;
#11667 = EDGE_CURVE ( 'NONE', #7679, #7645, #11786, .T. ) ;
#11668 = CARTESIAN_POINT ( 'NONE',  ( 0.6414747223700000278, -1.607012758878999970, 0.07000000000100004005 ) ) ;
#11669 = CARTESIAN_POINT ( 'NONE',  ( -0.9350797510570000304, -1.504191634836000047, 0.07000000000100004005 ) ) ;
#11670 = AXIS2_PLACEMENT_3D ( 'NONE', #6657, #10636, #10578 ) ;
#11671 = VECTOR ( 'NONE', #1681, 1000.000000000000000 ) ;
#11672 = CARTESIAN_POINT ( 'NONE',  ( -3.219999999998999662, -1.199999999999999956, 0.3500000000010001222 ) ) ;
#11673 = DIRECTION ( 'NONE',  ( 0.000000000000000000, 1.000000000000000000, 3.491481338843000432E-15 ) ) ;
#11674 = VECTOR ( 'NONE', #4363, 1000.000000000000000 ) ;
#11675 = ORIENTED_EDGE ( 'NONE', *, *, #7905, .T. ) ;
#11676 = EDGE_LOOP ( 'NONE', ( #5673, #11723, #12192, #7216 ) ) ;
#11677 = ORIENTED_EDGE ( 'NONE', *, *, #1515, .T. ) ;
#11678 = CARTESIAN_POINT ( 'NONE',  ( -2.524999999998999822, 1.400000000000000133, 0.05000000000099998065 ) ) ;
#11679 = CARTESIAN_POINT ( 'NONE',  ( -5.750624847485999780, 1.999999999999000355, 2.709999999999999520 ) ) ;
#11680 = DIRECTION ( 'NONE',  ( 0.000000000000000000, 1.000000000000000000, 3.491481338843000432E-15 ) ) ;
#11681 = AXIS2_PLACEMENT_3D ( 'NONE', #3146, #7048, #1848 ) ;
#11682 = EDGE_CURVE ( 'NONE', #2271, #9503, #108, .T. ) ;
#11683 = CARTESIAN_POINT ( 'NONE',  ( 0.7750000000000000222, 1.400000000000000133, 0.1000000000010001083 ) ) ;
#11684 = AXIS2_PLACEMENT_3D ( 'NONE', #7884, #2816, #1025 ) ;
#11685 = EDGE_CURVE ( 'NONE', #8605, #1838, #12558, .T. ) ;
#11686 = LINE ( 'NONE', #5911, #10469 ) ;
#11687 = CARTESIAN_POINT ( 'NONE',  ( -3.219999999998999662, -9.116756773326001095, 1.959999999998999876 ) ) ;
#11688 = ORIENTED_EDGE ( 'NONE', *, *, #5056, .T. ) ;
#11689 = DIRECTION ( 'NONE',  ( 1.000000000000000000, 0.000000000000000000, 0.000000000000000000 ) ) ;
#11690 = ORIENTED_EDGE ( 'NONE', *, *, #11205, .F. ) ;
#11691 = AXIS2_PLACEMENT_3D ( 'NONE', #5643, #1735, #5517 ) ;
#11692 = ORIENTED_EDGE ( 'NONE', *, *, #3110, .F. ) ;
#11693 = DIRECTION ( 'NONE',  ( 0.000000000000000000, -1.000000000000000000, -3.664953686440000749E-15 ) ) ;
#11694 = VECTOR ( 'NONE', #1641, 1000.000000000000000 ) ;
#11695 = CARTESIAN_POINT ( 'NONE',  ( -1.052699993788000166, -0.7466249143239999109, 0.07000000000100004005 ) ) ;
#11696 = EDGE_CURVE ( 'NONE', #8870, #1703, #325, .T. ) ;
#11697 = CARTESIAN_POINT ( 'NONE',  ( 1.474999999999000000, 1.800000000000000044, -0.5499999999990000665 ) ) ;
#11698 = DIRECTION ( 'NONE',  ( 0.000000000000000000, 1.000000000000000000, 3.491481338843000432E-15 ) ) ;
#11699 = ORIENTED_EDGE ( 'NONE', *, *, #1652, .T. ) ;
#11700 = CARTESIAN_POINT ( 'NONE',  ( -3.924999999998999733, 0.7999999999999999334, 0.3500000000010001222 ) ) ;
#11701 = CARTESIAN_POINT ( 'NONE',  ( 0.9746450037319999149, -1.163036901192999961, 0.05000000000099998065 ) ) ;
#11702 = CIRCLE ( 'NONE', #7807, 0.7999999999990000665 ) ;
#11703 = VERTEX_POINT ( 'NONE', #9687 ) ;
#11704 = VERTEX_POINT ( 'NONE', #901 ) ;
#11705 = CARTESIAN_POINT ( 'NONE',  ( 0.7464006661400000020, -0.7434412424849999868, 0.07000000000100004005 ) ) ;
#11706 = PLANE ( 'NONE',  #1290 ) ;
#11707 = VERTEX_POINT ( 'NONE', #8715 ) ;
#11708 = DIRECTION ( 'NONE',  ( 0.000000000000000000, 1.000000000000000000, 4.336808689942025625E-15 ) ) ;
#11709 = EDGE_CURVE ( 'NONE', #5561, #3201, #12622, .T. ) ;
#11710 = DIRECTION ( 'NONE',  ( -1.000000000000000000, 0.000000000000000000, 0.000000000000000000 ) ) ;
#11711 = ORIENTED_EDGE ( 'NONE', *, *, #1342, .T. ) ;
#11712 = VERTEX_POINT ( 'NONE', #10714 ) ;
#11713 = CARTESIAN_POINT ( 'NONE',  ( 2.225000000000000089, 0.1000000000000002554, 1.000068083900629290E-12 ) ) ;
#11714 = CARTESIAN_POINT ( 'NONE',  ( 0.9698564991360000276, -1.029110323831999851, 0.07000000000100004005 ) ) ;
#11715 = CARTESIAN_POINT ( 'NONE',  ( 0.02500000000000000139, 0.6000000000000003109, 0.1000000000010001083 ) ) ;
#11716 = ORIENTED_EDGE ( 'NONE', *, *, #11633, .F. ) ;
#11717 = CARTESIAN_POINT ( 'NONE',  ( 4.169999999998999840, 0.5000000000000000000, 1.100000000000999956 ) ) ;
#11718 = ORIENTED_EDGE ( 'NONE', *, *, #2438, .T. ) ;
#11719 = CARTESIAN_POINT ( 'NONE',  ( -0.7249999999989999999, 2.200000000000000178, 0.1000000000010001083 ) ) ;
#11720 = VECTOR ( 'NONE', #5621, 1000.000000000000000 ) ;
#11721 = DIRECTION ( 'NONE',  ( 0.000000000000000000, 1.000000000000000000, 5.782411586589358033E-15 ) ) ;
#11722 = VECTOR ( 'NONE', #7152, 1000.000000000000000 ) ;
#11723 = ORIENTED_EDGE ( 'NONE', *, *, #10537, .T. ) ;
#11724 = ORIENTED_EDGE ( 'NONE', *, *, #2013, .T. ) ;
#11725 = CARTESIAN_POINT ( 'NONE',  ( -0.02500000000000000139, 1.678388218141000365, 1.000068083900629290E-12 ) ) ;
#11726 = EDGE_CURVE ( 'NONE', #49, #10173, #9387, .T. ) ;
#11727 = DIRECTION ( 'NONE',  ( 0.000000000000000000, -1.000000000000000000, -3.491481338843000432E-15 ) ) ;
#11728 = EDGE_LOOP ( 'NONE', ( #2618, #3803, #9763, #6914 ) ) ;
#11729 = CARTESIAN_POINT ( 'NONE',  ( 4.469999999998999662, -3.950000000000000178, 1.500000000000000000 ) ) ;
#11730 = FACE_OUTER_BOUND ( 'NONE', #7864, .T. ) ;
#11731 = VERTEX_POINT ( 'NONE', #4947 ) ;
#11732 = CARTESIAN_POINT ( 'NONE',  ( -4.469999999998999662, -5.899999999998999378, 1.300000000000000044 ) ) ;
#11733 = VECTOR ( 'NONE', #3374, 1000.000000000000000 ) ;
#11734 = DIRECTION ( 'NONE',  ( 0.000000000000000000, -3.252606517456000542E-15, 1.000000000000000000 ) ) ;
#11735 = CARTESIAN_POINT ( 'NONE',  ( 4.169999999998999840, -3.467157287524999632, -0.3500000000000000333 ) ) ;
#11736 = CARTESIAN_POINT ( 'NONE',  ( 1.026501371439999977, -1.404599433792999896, 0.07000000000100004005 ) ) ;
#11737 = DIRECTION ( 'NONE',  ( 0.000000000000000000, 1.000000000000000000, 3.523657060582293621E-15 ) ) ;
#11738 = DIRECTION ( 'NONE',  ( 0.000000000000000000, 1.000000000000000000, 3.491481338843000432E-15 ) ) ;
#11739 = DIRECTION ( 'NONE',  ( 0.000000000000000000, 1.000000000000000000, 3.491481338843000432E-15 ) ) ;
#11740 = VERTEX_POINT ( 'NONE', #6930 ) ;
#11741 = VECTOR ( 'NONE', #702, 1000.000000000000000 ) ;
#11742 = ORIENTED_EDGE ( 'NONE', *, *, #6011, .F. ) ;
#11743 = EDGE_LOOP ( 'NONE', ( #10314, #5856, #3668, #10398 ) ) ;
#11744 = CARTESIAN_POINT ( 'NONE',  ( -3.924999999998999733, 0.7999999999999999334, -0.1767949192430001704 ) ) ;
#11745 = EDGE_CURVE ( 'NONE', #5341, #5178, #10767, .T. ) ;
#11746 = AXIS2_PLACEMENT_3D ( 'NONE', #9096, #6212, #111 ) ;
#11747 = CARTESIAN_POINT ( 'NONE',  ( -0.2249999999989999999, 1.800000000000000044, 0.05000000000099998065 ) ) ;
#11748 = LINE ( 'NONE', #5974, #315 ) ;
#11749 = CARTESIAN_POINT ( 'NONE',  ( -0.9107716525089999404, -1.619175670101999920, 0.05000000000099998065 ) ) ;
#11750 = CARTESIAN_POINT ( 'NONE',  ( 3.219999999998999662, -5.899999999998999378, 0.3499999999999998113 ) ) ;
#11751 = FACE_OUTER_BOUND ( 'NONE', #2160, .T. ) ;
#11752 = ORIENTED_EDGE ( 'NONE', *, *, #6200, .T. ) ;
#11753 = DIRECTION ( 'NONE',  ( 0.000000000000000000, 3.703032982253999642E-15, -1.000000000000000000 ) ) ;
#11754 = ORIENTED_EDGE ( 'NONE', *, *, #11585, .F. ) ;
#11755 = EDGE_CURVE ( 'NONE', #8546, #8836, #4520, .T. ) ;
#11756 = ORIENTED_EDGE ( 'NONE', *, *, #10852, .T. ) ;
#11757 = CARTESIAN_POINT ( 'NONE',  ( -4.169999999998999840, 1.199999999999000089, 1.959999999999999964 ) ) ;
#11758 = EDGE_CURVE ( 'NONE', #5822, #6494, #5641, .T. ) ;
#11759 = EDGE_LOOP ( 'NONE', ( #6910, #5970, #5875, #11491 ) ) ;
#11760 = EDGE_CURVE ( 'NONE', #12396, #6037, #11443, .T. ) ;
#11761 = CARTESIAN_POINT ( 'NONE',  ( 3.219999999998999662, -1.200000000000999822, 2.910000000000000142 ) ) ;
#11762 = LINE ( 'NONE', #2977, #9007 ) ;
#11763 = CARTESIAN_POINT ( 'NONE',  ( -0.7736133171459999014, -0.7142934605549998706, 0.05000000000099998065 ) ) ;
#11764 = ORIENTED_EDGE ( 'NONE', *, *, #5705, .T. ) ;
#11765 = LINE ( 'NONE', #21, #12316 ) ;
#11766 = DIRECTION ( 'NONE',  ( -1.000000000000000000, -5.421010862426999550E-16, -1.892735826383000338E-30 ) ) ;
#11767 = ORIENTED_EDGE ( 'NONE', *, *, #9270, .T. ) ;
#11768 = ORIENTED_EDGE ( 'NONE', *, *, #4755, .F. ) ;
#11769 = PLANE ( 'NONE',  #2325 ) ;
#11770 = EDGE_CURVE ( 'NONE', #11117, #8523, #10724, .T. ) ;
#11771 = CARTESIAN_POINT ( 'NONE',  ( 0.1097560975600000016, -0.7179812471039999089, 0.05000000000099998065 ) ) ;
#11772 = ORIENTED_EDGE ( 'NONE', *, *, #4164, .F. ) ;
#11773 = CARTESIAN_POINT ( 'NONE',  ( 3.500000000000000000, -4.433974596214999231, 1.279999999999999805 ) ) ;
#11774 = ORIENTED_EDGE ( 'NONE', *, *, #11538, .F. ) ;
#11775 = ORIENTED_EDGE ( 'NONE', *, *, #6118, .T. ) ;
#11776 = CARTESIAN_POINT ( 'NONE',  ( -1.365853658535999937, -1.089360820273999941, 0.07000000000100004005 ) ) ;
#11777 = AXIS2_PLACEMENT_3D ( 'NONE', #6532, #1539, #512 ) ;
#11778 = DIRECTION ( 'NONE',  ( 5.421010862434297499E-16, -1.000000000000000000, -3.523657060582293621E-15 ) ) ;
#11779 = LINE ( 'NONE', #8174, #6465 ) ;
#11780 = VERTEX_POINT ( 'NONE', #11678 ) ;
#11781 = CARTESIAN_POINT ( 'NONE',  ( -1.364929485618000093, -1.035777557921000014, 0.07000000000100004005 ) ) ;
#11782 = VERTEX_POINT ( 'NONE', #2960 ) ;
#11783 = CARTESIAN_POINT ( 'NONE',  ( 0.2750000000000000222, 1.800000000000000044, 0.05000000000099998065 ) ) ;
#11784 = EDGE_CURVE ( 'NONE', #5951, #1978, #3242, .T. ) ;
#11785 = LINE ( 'NONE', #8702, #3362 ) ;
#11786 = CIRCLE ( 'NONE', #1751, 0.2000000000000000944 ) ;
#11787 = EDGE_LOOP ( 'NONE', ( #9014, #3624, #3670, #2547, #10837, #11841 ) ) ;
#11789 = ORIENTED_EDGE ( 'NONE', *, *, #1386, .F. ) ;
#11788 = VECTOR ( 'NONE', #5597, 1000.000000000000000 ) ;
#11790 = CARTESIAN_POINT ( 'NONE',  ( 4.469999999999999751, 0.5000000000000000000, 1.300000000000999911 ) ) ;
#11791 = CARTESIAN_POINT ( 'NONE',  ( -0.8786204268289999897, -0.7057861251529998770, 0.07000000000100004005 ) ) ;
#11792 = ORIENTED_EDGE ( 'NONE', *, *, #89, .F. ) ;
#11793 = VECTOR ( 'NONE', #4041, 1000.000000000000000 ) ;
#11794 = DIRECTION ( 'NONE',  ( 0.000000000000000000, 1.000000000000000000, 4.336808689942015369E-15 ) ) ;
#11795 = CARTESIAN_POINT ( 'NONE',  ( 0.4390243902429999956, -0.7179812471039999089, 0.05000000000099998065 ) ) ;
#11796 = VERTEX_POINT ( 'NONE', #11744 ) ;
#11797 = DIRECTION ( 'NONE',  ( -1.000000000000000000, 0.000000000000000000, 0.000000000000000000 ) ) ;
#11798 = CARTESIAN_POINT ( 'NONE',  ( 0.2750000000000000222, 2.200000000000000178, 0.1000000000010001083 ) ) ;
#11799 = CARTESIAN_POINT ( 'NONE',  ( 4.169999999998999840, 1.199999999999000089, 1.859999999999999876 ) ) ;
#11800 = AXIS2_PLACEMENT_3D ( 'NONE', #5954, #4994, #11925 ) ;
#11801 = AXIS2_PLACEMENT_3D ( 'NONE', #9902, #12509, #6678 ) ;
#11802 = DIRECTION ( 'NONE',  ( 0.000000000000000000, -1.000000000000000000, -3.523657060582293621E-15 ) ) ;
#11803 = CARTESIAN_POINT ( 'NONE',  ( -1.071385730022999860, -1.448177140666999874, 0.07000000000100004005 ) ) ;
#11804 = EDGE_CURVE ( 'NONE', #6502, #1811, #3025, .T. ) ;
#11805 = EDGE_CURVE ( 'NONE', #5292, #3282, #12693, .T. ) ;
#11806 = CIRCLE ( 'NONE', #6675, 0.2000000000000000111 ) ;
#11807 = CARTESIAN_POINT ( 'NONE',  ( 1.939024390243000218, -0.6082251495429997767, 0.07000000000100004005 ) ) ;
#11808 = CARTESIAN_POINT ( 'NONE',  ( -1.230886921609000151, -1.054378342346000030, 0.05000000000099998065 ) ) ;
#11809 = VERTEX_POINT ( 'NONE', #973 ) ;
#11810 = ORIENTED_EDGE ( 'NONE', *, *, #11928, .T. ) ;
#11811 = DIRECTION ( 'NONE',  ( 0.000000000000000000, -1.000000000000000000, -3.491481338843000432E-15 ) ) ;
#11812 = LINE ( 'NONE', #7001, #2868 ) ;
#11813 = CARTESIAN_POINT ( 'NONE',  ( 1.424733231707000058, -0.8887129544209999565, 0.05000000000099998065 ) ) ;
#11814 = VECTOR ( 'NONE', #2036, 1000.000000000000000 ) ;
#11815 = CARTESIAN_POINT ( 'NONE',  ( -0.8753401403840000983, -1.620000046481000044, 0.07000000000100004005 ) ) ;
#11816 = DIRECTION ( 'NONE',  ( -1.000000000000000000, 0.000000000000000000, 0.000000000000000000 ) ) ;
#11817 = FACE_OUTER_BOUND ( 'NONE', #11676, .T. ) ;
#11818 = LINE ( 'NONE', #7704, #3616 ) ;
#11819 = EDGE_CURVE ( 'NONE', #11782, #10385, #8431, .T. ) ;
#11820 = VERTEX_POINT ( 'NONE', #4881 ) ;
#11821 = LINE ( 'NONE', #10665, #5324 ) ;
#11822 = VERTEX_POINT ( 'NONE', #6796 ) ;
#11823 = LINE ( 'NONE', #2774, #5381 ) ;
#11824 = EDGE_CURVE ( 'NONE', #2668, #4480, #3565, .T. ) ;
#11825 = CARTESIAN_POINT ( 'NONE',  ( -1.021568573111999889, -0.7315890134429998692, 0.07000000000100004005 ) ) ;
#11826 = CARTESIAN_POINT ( 'NONE',  ( -0.4749999999989999999, 0.9000000000000002442, 0.1000000000010001083 ) ) ;
#11827 = LINE ( 'NONE', #18, #7911 ) ;
#11828 = ORIENTED_EDGE ( 'NONE', *, *, #4919, .F. ) ;
#11829 = PLANE ( 'NONE',  #4132 ) ;
#11830 = EDGE_CURVE ( 'NONE', #8916, #1433, #11580, .T. ) ;
#11831 = CARTESIAN_POINT ( 'NONE',  ( -1.224999999999000000, 1.678388218141000365, 0.8000000000009999113 ) ) ;
#11832 = EDGE_CURVE ( 'NONE', #10891, #5991, #10483, .T. ) ;
#11833 = ORIENTED_EDGE ( 'NONE', *, *, #7142, .T. ) ;
#11834 = VECTOR ( 'NONE', #5921, 1000.000000000000000 ) ;
#11835 = EDGE_LOOP ( 'NONE', ( #9450, #9325, #1126, #241 ) ) ;
#11836 = DIRECTION ( 'NONE',  ( 0.000000000000000000, -1.000000000000000000, -3.641026466082000599E-15 ) ) ;
#11837 = FACE_OUTER_BOUND ( 'NONE', #6682, .T. ) ;
#11838 = ORIENTED_EDGE ( 'NONE', *, *, #12554, .T. ) ;
#11839 = VECTOR ( 'NONE', #2791, 1000.000000000000000 ) ;
#11840 = CARTESIAN_POINT ( 'NONE',  ( -0.8561356707309999425, -1.510664173932999788, 0.07000000000100004005 ) ) ;
#11841 = ORIENTED_EDGE ( 'NONE', *, *, #11824, .T. ) ;
#11842 = ADVANCED_FACE ( 'NONE', ( #8489 ), #12399, .T. ) ;
#11843 = VERTEX_POINT ( 'NONE', #1698 ) ;
#11844 = CARTESIAN_POINT ( 'NONE',  ( -3.500000000000000000, -5.149999999999000266, 1.279999999999999805 ) ) ;
#11845 = CARTESIAN_POINT ( 'NONE',  ( 0.6682812883670000703, -0.7239881531429999129, 0.05000000000099998065 ) ) ;
#11846 = DIRECTION ( 'NONE',  ( 0.000000000000000000, -1.000000000000000000, -3.491481338843000432E-15 ) ) ;
#11847 = ORIENTED_EDGE ( 'NONE', *, *, #5218, .F. ) ;
#11848 = CARTESIAN_POINT ( 'NONE',  ( -3.219999999998999662, 2.000000000000000444, 0.05000000000099998065 ) ) ;
#11849 = ORIENTED_EDGE ( 'NONE', *, *, #12535, .T. ) ;
#11850 = CARTESIAN_POINT ( 'NONE',  ( -3.219999999998999662, -1.300000000000000044, 1.300000000000999911 ) ) ;
#11851 = DIRECTION ( 'NONE',  ( -1.000000000000000000, 0.000000000000000000, 0.000000000000000000 ) ) ;
#11852 = ORIENTED_EDGE ( 'NONE', *, *, #5055, .F. ) ;
#11853 = DIRECTION ( 'NONE',  ( -5.421010862426999550E-16, 1.000000000000000000, 3.491481338843000432E-15 ) ) ;
#11854 = CARTESIAN_POINT ( 'NONE',  ( 0.7750000000000000222, 1.800000000000000044, 0.1000000000010001083 ) ) ;
#11855 = CARTESIAN_POINT ( 'NONE',  ( 0.000000000000000000, 1.799999999998999956, 2.910000000000000142 ) ) ;
#11856 = ORIENTED_EDGE ( 'NONE', *, *, #9143, .T. ) ;
#11857 = DIRECTION ( 'NONE',  ( 0.000000000000000000, -3.491481338843000432E-15, 1.000000000000000000 ) ) ;
#11858 = DIRECTION ( 'NONE',  ( 0.000000000000000000, -3.491481338843000432E-15, 1.000000000000000000 ) ) ;
#11859 = ADVANCED_FACE ( 'NONE', ( #5605 ), #9514, .T. ) ;
#11860 = EDGE_LOOP ( 'NONE', ( #5499, #3482, #3124, #10534 ) ) ;
#11861 = DIRECTION ( 'NONE',  ( 1.000000000000000000, 0.000000000000000000, 0.000000000000000000 ) ) ;
#11862 = CARTESIAN_POINT ( 'NONE',  ( 4.169999999998999840, -2.932842712473999747, -0.3500000000000000333 ) ) ;
#11863 = DIRECTION ( 'NONE',  ( 0.000000000000000000, 1.000000000000000000, 3.252606517456518824E-15 ) ) ;
#11864 = DIRECTION ( 'NONE',  ( 0.000000000000000000, 1.000000000000000000, 0.000000000000000000 ) ) ;
#11865 = DIRECTION ( 'NONE',  ( 0.000000000000000000, 4.336808689942000381E-15, -1.000000000000000000 ) ) ;
#11866 = VECTOR ( 'NONE', #2273, 1000.000000000000000 ) ;
#11867 = DIRECTION ( 'NONE',  ( -5.421010862426999550E-16, -1.000000000000000000, -3.491481338843000432E-15 ) ) ;
#11868 = CARTESIAN_POINT ( 'NONE',  ( 0.000000000000000000, 1.400000000000000133, 0.05000000000099998065 ) ) ;
#11869 = AXIS2_PLACEMENT_3D ( 'NONE', #432, #11151, #12348 ) ;
#11870 = ORIENTED_EDGE ( 'NONE', *, *, #3058, .T. ) ;
#11871 = VERTEX_POINT ( 'NONE', #5206 ) ;
#11872 = CARTESIAN_POINT ( 'NONE',  ( -3.219999999998999662, 1.800000000000000044, 0.1000000000010001083 ) ) ;
#11873 = CARTESIAN_POINT ( 'NONE',  ( 2.225000000000000089, 0.6000000000000003109, 0.3500000000010001222 ) ) ;
#11874 = CARTESIAN_POINT ( 'NONE',  ( -4.469999999998999662, 2.000000000000000444, 1.300000000000999911 ) ) ;
#11875 = PLANE ( 'NONE',  #4912 ) ;
#11876 = EDGE_CURVE ( 'NONE', #1164, #4019, #10923, .T. ) ;
#11877 = EDGE_CURVE ( 'NONE', #5483, #1786, #6039, .T. ) ;
#11878 = CARTESIAN_POINT ( 'NONE',  ( -1.012163064413999836, -1.600753840222999935, 0.05000000000099998065 ) ) ;
#11879 = VECTOR ( 'NONE', #9491, 1000.000000000000000 ) ;
#11880 = DIRECTION ( 'NONE',  ( -1.000000000000000000, 0.000000000000000000, 0.000000000000000000 ) ) ;
#11881 = AXIS2_PLACEMENT_3D ( 'NONE', #6289, #6100, #5070 ) ;
#11882 = CARTESIAN_POINT ( 'NONE',  ( -3.219999999998999662, 1.800000000000000044, 0.1000000000010001083 ) ) ;
#11883 = AXIS2_PLACEMENT_3D ( 'NONE', #2560, #5385, #1413 ) ;
#11884 = FACE_OUTER_BOUND ( 'NONE', #7797, .T. ) ;
#11885 = ORIENTED_EDGE ( 'NONE', *, *, #9437, .T. ) ;
#11886 = CARTESIAN_POINT ( 'NONE',  ( -0.4749999999989999999, 0.3783882181409999323, 1.000068083900629290E-12 ) ) ;
#11887 = AXIS2_PLACEMENT_3D ( 'NONE', #10257, #4232, #5256 ) ;
#11888 = EDGE_LOOP ( 'NONE', ( #8955, #10576, #12105, #3972 ) ) ;
#11889 = CARTESIAN_POINT ( 'NONE',  ( -0.8229534399419998758, -1.620174216993999883, 0.07000000000100004005 ) ) ;
#11890 = VECTOR ( 'NONE', #5908, 1000.000000000000000 ) ;
#11891 = DIRECTION ( 'NONE',  ( 0.000000000000000000, -1.000000000000000000, -3.523657060582293621E-15 ) ) ;
#11892 = AXIS2_PLACEMENT_3D ( 'NONE', #8271, #10011, #4177 ) ;
#11893 = ADVANCED_FACE ( 'NONE', ( #5272 ), #8218, .F. ) ;
#11894 = FACE_OUTER_BOUND ( 'NONE', #1020, .T. ) ;
#11895 = DIRECTION ( 'NONE',  ( 0.000000000000000000, 1.000000000000000000, 3.491481338843000432E-15 ) ) ;
#11896 = ORIENTED_EDGE ( 'NONE', *, *, #9259, .F. ) ;
#11897 = FACE_OUTER_BOUND ( 'NONE', #4738, .T. ) ;
#11898 = DIRECTION ( 'NONE',  ( -1.000000000000000000, 0.000000000000000000, 0.000000000000000000 ) ) ;
#11899 = ADVANCED_FACE ( 'NONE', ( #9957 ), #7191, .F. ) ;
#11900 = AXIS2_PLACEMENT_3D ( 'NONE', #7450, #4681, #8473 ) ;
#11901 = ORIENTED_EDGE ( 'NONE', *, *, #6317, .T. ) ;
#11902 = ORIENTED_EDGE ( 'NONE', *, *, #5359, .T. ) ;
#11903 = CARTESIAN_POINT ( 'NONE',  ( 0.6682812883670000703, -0.7239881531429999129, 0.05000000000099998065 ) ) ;
#11904 = VECTOR ( 'NONE', #3508, 1000.000000000000000 ) ;
#11905 = CARTESIAN_POINT ( 'NONE',  ( 1.837842987804000128, -0.8887129544209999565, 0.07000000000100004005 ) ) ;
#11906 = ORIENTED_EDGE ( 'NONE', *, *, #11162, .F. ) ;
#11907 = ADVANCED_FACE ( 'NONE', ( #10148 ), #11115, .T. ) ;
#11908 = DIRECTION ( 'NONE',  ( 0.000000000000000000, -1.000000000000000000, -3.523657060582293621E-15 ) ) ;
#11909 = EDGE_CURVE ( 'NONE', #6483, #12146, #10556, .T. ) ;
#11910 = VERTEX_POINT ( 'NONE', #10020 ) ;
#11911 = AXIS2_PLACEMENT_3D ( 'NONE', #7249, #1291, #5068 ) ;
#11912 = AXIS2_PLACEMENT_3D ( 'NONE', #3180, #7087, #11898 ) ;
#11913 = ORIENTED_EDGE ( 'NONE', *, *, #6128, .F. ) ;
#11914 = LINE ( 'NONE', #12045, #266 ) ;
#11915 = DIRECTION ( 'NONE',  ( -1.000000000000000000, 0.000000000000000000, 0.000000000000000000 ) ) ;
#11916 = VERTEX_POINT ( 'NONE', #8091 ) ;
#11917 = CARTESIAN_POINT ( 'NONE',  ( -0.7092289723150000391, -0.7302961781269999841, 0.07000000000100004005 ) ) ;
#11918 = VERTEX_POINT ( 'NONE', #12012 ) ;
#11919 = DIRECTION ( 'NONE',  ( -1.000000000000000000, 0.000000000000000000, 0.000000000000000000 ) ) ;
#11920 = FACE_OUTER_BOUND ( 'NONE', #9285, .T. ) ;
#11921 = ADVANCED_FACE ( 'NONE', ( #2322 ), #6104, .T. ) ;
#11922 = AXIS2_PLACEMENT_3D ( 'NONE', #6821, #10676, #5798 ) ;
#11923 = VERTEX_POINT ( 'NONE', #3094 ) ;
#11924 = DIRECTION ( 'NONE',  ( 0.000000000000000000, -3.491481338843000432E-15, 1.000000000000000000 ) ) ;
#11925 = DIRECTION ( 'NONE',  ( 1.000000000000000000, 0.000000000000000000, 0.000000000000000000 ) ) ;
#11926 = EDGE_CURVE ( 'NONE', #2582, #10249, #4309, .T. ) ;
#11927 = DIRECTION ( 'NONE',  ( -1.000000000000000000, 0.000000000000000000, 0.000000000000000000 ) ) ;
#11928 = EDGE_CURVE ( 'NONE', #12446, #1955, #11048, .T. ) ;
#11929 = EDGE_LOOP ( 'NONE', ( #4407, #905, #10527, #45, #12393 ) ) ;
#11930 = PLANE ( 'NONE',  #7773 ) ;
#11931 = CARTESIAN_POINT ( 'NONE',  ( 2.524999999999999911, 0.1000000000000002554, 0.1000000000010001083 ) ) ;
#11932 = ORIENTED_EDGE ( 'NONE', *, *, #4370, .T. ) ;
#11933 = FACE_OUTER_BOUND ( 'NONE', #6819, .T. ) ;
#11934 = CARTESIAN_POINT ( 'NONE',  ( 2.269999999998999929, -1.949999999999999956, 1.629999999999999893 ) ) ;
#11935 = DIRECTION ( 'NONE',  ( 1.000000000000000000, -1.445602896647000101E-15, -5.263478406138000194E-30 ) ) ;
#11936 = VECTOR ( 'NONE', #4677, 1000.000000000000000 ) ;
#11937 = VECTOR ( 'NONE', #11215, 1000.000000000000000 ) ;
#11938 = DIRECTION ( 'NONE',  ( 0.000000000000000000, -4.336808689942000381E-15, 1.000000000000000000 ) ) ;
#11939 = CARTESIAN_POINT ( 'NONE',  ( 2.975000000000000089, 2.200000000000000178, 0.1000000000010001083 ) ) ;
#11940 = FACE_OUTER_BOUND ( 'NONE', #3642, .T. ) ;
#11941 = FILL_AREA_STYLE_COLOUR ( '', #55 ) ;
#11942 = EDGE_CURVE ( 'NONE', #8152, #79, #12008, .T. ) ;
#11943 = AXIS2_PLACEMENT_3D ( 'NONE', #3073, #10836, #2043 ) ;
#11944 = ORIENTED_EDGE ( 'NONE', *, *, #5072, .F. ) ;
#11945 = VERTEX_POINT ( 'NONE', #2131 ) ;
#11946 = CARTESIAN_POINT ( 'NONE',  ( -0.5250000000000000222, 1.400000000000000133, 0.1000000000010001083 ) ) ;
#11947 = DIRECTION ( 'NONE',  ( 0.000000000000000000, 1.000000000000000000, 3.491481338843000432E-15 ) ) ;
#11948 = COLOUR_RGB ( '',0.7921568627450980005, 0.8196078431372548767, 0.9333333333333333481 ) ;
#11949 = ORIENTED_EDGE ( 'NONE', *, *, #7154, .F. ) ;
#11950 = CARTESIAN_POINT ( 'NONE',  ( 1.623666158535999937, -1.486273930030999946, 0.05000000000099998065 ) ) ;
#11951 = VECTOR ( 'NONE', #8559, 1000.000000000000000 ) ;
#11952 = FACE_BOUND ( 'NONE', #11310, .T. ) ;
#11953 = LINE ( 'NONE', #10089, #10487 ) ;
#11954 = DIRECTION ( 'NONE',  ( 0.000000000000000000, -1.000000000000000000, -3.491481338843000432E-15 ) ) ;
#11955 = VECTOR ( 'NONE', #9841, 1000.000000000000000 ) ;
#11956 = CARTESIAN_POINT ( 'NONE',  ( 1.634510659027999857, -1.444968384424999863, 0.05000000000099998065 ) ) ;
#11957 = FACE_OUTER_BOUND ( 'NONE', #668, .T. ) ;
#11958 = CARTESIAN_POINT ( 'NONE',  ( -0.8962582733460000561, -1.509801464520999836, 0.07000000000100004005 ) ) ;
#11959 =( GEOMETRIC_REPRESENTATION_CONTEXT ( 3 ) GLOBAL_UNCERTAINTY_ASSIGNED_CONTEXT ( ( #7058 ) ) GLOBAL_UNIT_ASSIGNED_CONTEXT ( ( #4182, #3159, #5071 ) ) REPRESENTATION_CONTEXT ( 'NONE', 'WORKASPACE' ) );
#11960 = EDGE_CURVE ( 'NONE', #1421, #11822, #10853, .T. ) ;
#11961 = ORIENTED_EDGE ( 'NONE', *, *, #128, .T. ) ;
#11962 = DIRECTION ( 'NONE',  ( 0.000000000000000000, 3.491481338843000432E-15, -1.000000000000000000 ) ) ;
#11963 = ORIENTED_EDGE ( 'NONE', *, *, #7709, .T. ) ;
#11964 = DIRECTION ( 'NONE',  ( -1.000000000000000000, 0.000000000000000000, 0.000000000000000000 ) ) ;
#11965 = CARTESIAN_POINT ( 'NONE',  ( 1.275000000000000133, 1.400000000000000133, 0.1000000000010001083 ) ) ;
#11966 = CARTESIAN_POINT ( 'NONE',  ( 3.399999999998999822, 0.000000000000000000, 0.05000000000099998065 ) ) ;
#11967 = VECTOR ( 'NONE', #4093, 1000.000000000000000 ) ;
#11968 = ORIENTED_EDGE ( 'NONE', *, *, #9692, .F. ) ;
#11969 = DIRECTION ( 'NONE',  ( 5.421010862434297499E-16, -1.000000000000000000, -3.523657060582293621E-15 ) ) ;
#11970 = CARTESIAN_POINT ( 'NONE',  ( 2.474999999998999556, 1.400000000000000133, 0.05000000000099998065 ) ) ;
#11971 = ORIENTED_EDGE ( 'NONE', *, *, #1505, .T. ) ;
#11972 = ORIENTED_EDGE ( 'NONE', *, *, #1543, .T. ) ;
#11973 = DIRECTION ( 'NONE',  ( -1.000000000000000000, 0.000000000000000000, 0.000000000000000000 ) ) ;
#11974 = ADVANCED_FACE ( 'NONE', ( #1105 ), #5010, .T. ) ;
#11975 = EDGE_CURVE ( 'NONE', #10808, #218, #4054, .T. ) ;
#11976 = CARTESIAN_POINT ( 'NONE',  ( 0.000000000000000000, 0.7000000000000000666, 1.100000000000999956 ) ) ;
#11977 = VERTEX_POINT ( 'NONE', #5075 ) ;
#11978 = DIRECTION ( 'NONE',  ( 0.000000000000000000, -1.000000000000000000, -3.491481338843000432E-15 ) ) ;
#11979 = EDGE_LOOP ( 'NONE', ( #3051, #11541, #12466, #4880 ) ) ;
#11980 = ORIENTED_EDGE ( 'NONE', *, *, #2038, .T. ) ;
#11981 = DIRECTION ( 'NONE',  ( 0.9659258262891938784, -9.423669931445899960E-16, 0.2588190451020520033 ) ) ;
#11982 = CARTESIAN_POINT ( 'NONE',  ( 1.182926829268000191, -0.6082251495429997767, 0.07000000000100004005 ) ) ;
#11983 = EDGE_LOOP ( 'NONE', ( #12175, #642, #12511, #10112, #1311, #6686 ) ) ;
#11984 = PLANE ( 'NONE',  #800 ) ;
#11985 = ORIENTED_EDGE ( 'NONE', *, *, #1427, .F. ) ;
#11986 = CARTESIAN_POINT ( 'NONE',  ( -3.803256491539469319, 1.327123558419852856, 2.709874594061566278 ) ) ;
#11987 = EDGE_CURVE ( 'NONE', #11945, #11513, #8982, .T. ) ;
#11988 = DIRECTION ( 'NONE',  ( 0.000000000000000000, 3.641026466082000599E-15, -1.000000000000000000 ) ) ;
#11989 = ORIENTED_EDGE ( 'NONE', *, *, #4699, .F. ) ;
#11990 = ORIENTED_EDGE ( 'NONE', *, *, #9537, .F. ) ;
#11991 = PLANE ( 'NONE',  #3470 ) ;
#11992 = CARTESIAN_POINT ( 'NONE',  ( 1.775000000000000133, 1.400000000000000133, 0.1000000000010001083 ) ) ;
#11993 = PLANE ( 'NONE',  #11887 ) ;
#11994 = EDGE_LOOP ( 'NONE', ( #11645, #981, #10811, #11024 ) ) ;
#11995 = FACE_OUTER_BOUND ( 'NONE', #6596, .T. ) ;
#11996 = CARTESIAN_POINT ( 'NONE',  ( 4.169999999998999840, 2.000000000000000444, 1.300000000000999911 ) ) ;
#11998 = ORIENTED_EDGE ( 'NONE', *, *, #11784, .T. ) ;
#11997 = VECTOR ( 'NONE', #4119, 1000.000000000000000 ) ;
#11999 = CARTESIAN_POINT ( 'NONE',  ( 0.4749999999989999999, 1.678388218141000365, 0.8000000000009999113 ) ) ;
#12000 = DIRECTION ( 'NONE',  ( 0.000000000000000000, -1.000000000000000000, -3.491481338843000432E-15 ) ) ;
#12001 = LINE ( 'NONE', #12064, #7776 ) ;
#12002 = DIRECTION ( 'NONE',  ( 0.000000000000000000, -3.491481338843000432E-15, 1.000000000000000000 ) ) ;
#12003 = DIRECTION ( 'NONE',  ( -1.000000000000000000, 0.000000000000000000, 0.000000000000000000 ) ) ;
#12004 = EDGE_CURVE ( 'NONE', #7968, #7666, #4117, .T. ) ;
#12005 = EDGE_CURVE ( 'NONE', #8009, #2310, #644, .T. ) ;
#12006 = CARTESIAN_POINT ( 'NONE',  ( -0.6461398537289999577, -1.590604825071000095, 0.07000000000100004005 ) ) ;
#12007 = CARTESIAN_POINT ( 'NONE',  ( 1.275000000000000133, 2.200000000000000178, 1.000068083900629290E-12 ) ) ;
#12008 = CIRCLE ( 'NONE', #928, 0.7999999999990000665 ) ;
#12009 = VECTOR ( 'NONE', #539, 1000.000000000000000 ) ;
#12010 = ORIENTED_EDGE ( 'NONE', *, *, #2719, .T. ) ;
#12011 = VERTEX_POINT ( 'NONE', #2383 ) ;
#12012 = CARTESIAN_POINT ( 'NONE',  ( -2.774999999999000266, 0.3783882181409999323, 1.000068083900629290E-12 ) ) ;
#12013 = CARTESIAN_POINT ( 'NONE',  ( -3.219999999998999662, 1.800000000000000044, 0.1000000000010001083 ) ) ;
#12014 = ORIENTED_EDGE ( 'NONE', *, *, #9976, .T. ) ;
#12015 = LINE ( 'NONE', #1170, #8805 ) ;
#12016 = LINE ( 'NONE', #1305, #2705 ) ;
#12017 = VECTOR ( 'NONE', #1990, 1000.000000000000000 ) ;
#12018 = ADVANCED_FACE ( 'NONE', ( #8341 ), #521, .T. ) ;
#12019 = LINE ( 'NONE', #4317, #5170 ) ;
#12020 = CARTESIAN_POINT ( 'NONE',  ( -3.803095189483999938, 1.199999999999000089, 2.559999999999999609 ) ) ;
#12021 = CARTESIAN_POINT ( 'NONE',  ( 0.9612785924039999319, -0.7475582226589999602, 0.05000000000099998065 ) ) ;
#12022 = LINE ( 'NONE', #2267, #2857 ) ;
#12023 = VECTOR ( 'NONE', #4096, 1000.000000000000000 ) ;
#12024 = VERTEX_POINT ( 'NONE', #10336 ) ;
#12025 = AXIS2_PLACEMENT_3D ( 'NONE', #321, #11865, #2249 ) ;
#12026 = CARTESIAN_POINT ( 'NONE',  ( -0.6299113430219999143, -1.584017314782999897, 0.07000000000100004005 ) ) ;
#12027 = ORIENTED_EDGE ( 'NONE', *, *, #6650, .F. ) ;
#12028 = DIRECTION ( 'NONE',  ( 1.000000000000000000, 0.000000000000000000, 0.000000000000000000 ) ) ;
#12029 = CARTESIAN_POINT ( 'NONE',  ( -3.500000000000000000, -5.299999999998999733, 1.279999999999999805 ) ) ;
#12030 = CARTESIAN_POINT ( 'NONE',  ( -4.469999999998999662, 1.849999999999000000, 1.709999999999999964 ) ) ;
#12031 = ADVANCED_FACE ( 'NONE', ( #1546 ), #705, .T. ) ;
#12032 = DIRECTION ( 'NONE',  ( 0.000000000000000000, 3.491481338843000432E-15, -1.000000000000000000 ) ) ;
#12033 = VECTOR ( 'NONE', #10381, 1000.000000000000000 ) ;
#12034 = FACE_OUTER_BOUND ( 'NONE', #2324, .T. ) ;
#12035 = ORIENTED_EDGE ( 'NONE', *, *, #6711, .T. ) ;
#12036 = VERTEX_POINT ( 'NONE', #6355 ) ;
#12037 = LINE ( 'NONE', #5163, #8661 ) ;
#12038 = DIRECTION ( 'NONE',  ( 0.000000000000000000, 1.000000000000000000, 3.491481338843000432E-15 ) ) ;
#12039 = VERTEX_POINT ( 'NONE', #7254 ) ;
#12040 = CARTESIAN_POINT ( 'NONE',  ( -3.500000000000000000, -1.300000000000000044, 1.280000000000999894 ) ) ;
#12041 = EDGE_LOOP ( 'NONE', ( #9980, #9586, #9273, #1176, #9530, #8649 ) ) ;
#12042 = ADVANCED_FACE ( 'NONE', ( #459 ), #4551, .T. ) ;
#12043 = EDGE_CURVE ( 'NONE', #11780, #10969, #2629, .T. ) ;
#12044 = VERTEX_POINT ( 'NONE', #7440 ) ;
#12045 = CARTESIAN_POINT ( 'NONE',  ( 2.269999999998999929, -2.049999999999000178, 0.04999999999999991257 ) ) ;
#12046 = CARTESIAN_POINT ( 'NONE',  ( 0.9756097560969999583, -1.117943137347999771, 0.05000000000099998065 ) ) ;
#12047 = ORIENTED_EDGE ( 'NONE', *, *, #61, .F. ) ;
#12048 = CARTESIAN_POINT ( 'NONE',  ( 0.2750000000000000222, 1.678388218141000365, 1.000068083900629290E-12 ) ) ;
#12049 = ORIENTED_EDGE ( 'NONE', *, *, #3449, .F. ) ;
#12050 = CARTESIAN_POINT ( 'NONE',  ( 1.500000000000000000, -1.949999999999994404, 0.1000000000000000472 ) ) ;
#12051 = AXIS2_PLACEMENT_3D ( 'NONE', #12338, #9388, #550 ) ;
#12052 = CARTESIAN_POINT ( 'NONE',  ( -2.474999999998999556, 0.3783882181409999323, 0.8000000000009999113 ) ) ;
#12053 = ORIENTED_EDGE ( 'NONE', *, *, #2503, .F. ) ;
#12054 = ORIENTED_EDGE ( 'NONE', *, *, #10375, .T. ) ;
#12055 = DIRECTION ( 'NONE',  ( 0.000000000000000000, 3.491481338842000157E-15, -1.000000000000000000 ) ) ;
#12056 = CARTESIAN_POINT ( 'NONE',  ( -4.469999999998999662, 1.999999999999000355, 2.709999999999999520 ) ) ;
#12057 = CARTESIAN_POINT ( 'NONE',  ( 2.274999999999999911, 2.200000000000000178, 0.1000000000010001083 ) ) ;
#12058 = EDGE_LOOP ( 'NONE', ( #11968, #8331, #130, #8932 ) ) ;
#12059 = DIRECTION ( 'NONE',  ( 0.000000000000000000, -3.491481338843000432E-15, 1.000000000000000000 ) ) ;
#12060 = EDGE_CURVE ( 'NONE', #2968, #218, #9362, .T. ) ;
#12061 = ORIENTED_EDGE ( 'NONE', *, *, #3428, .F. ) ;
#12062 = DIRECTION ( 'NONE',  ( 0.000000000000000000, 3.491481338843000432E-15, -1.000000000000000000 ) ) ;
#12063 = CARTESIAN_POINT ( 'NONE',  ( -0.4268292682919999637, -1.608225149542999999, 0.07000000000100004005 ) ) ;
#12064 = CARTESIAN_POINT ( 'NONE',  ( -1.025000000000000133, 1.400000000000000133, 1.000068083900629290E-12 ) ) ;
#12065 = PLANE ( 'NONE',  #226 ) ;
#12066 = CARTESIAN_POINT ( 'NONE',  ( -0.2926829268289999897, -1.169200759298999914, 0.05000000000099998065 ) ) ;
#12067 = LINE ( 'NONE', #4368, #1958 ) ;
#12068 = DIRECTION ( 'NONE',  ( -1.000000000000000000, 0.000000000000000000, 0.000000000000000000 ) ) ;
#12069 = ORIENTED_EDGE ( 'NONE', *, *, #7520, .F. ) ;
#12070 = VERTEX_POINT ( 'NONE', #10276 ) ;
#12071 = DIRECTION ( 'NONE',  ( 0.000000000000000000, 3.491481338843000432E-15, -1.000000000000000000 ) ) ;
#12072 = DIRECTION ( 'NONE',  ( 0.000000000000000000, -0.7071067811865475727, -0.7071067811865475727 ) ) ;
#12073 = VERTEX_POINT ( 'NONE', #8463 ) ;
#12074 = LINE ( 'NONE', #5209, #12096 ) ;
#12075 = ADVANCED_FACE ( 'NONE', ( #8401 ), #4433, .T. ) ;
#12076 = LINE ( 'NONE', #7196, #464 ) ;
#12077 = CARTESIAN_POINT ( 'NONE',  ( -1.451219512195000005, -0.6082251495429997767, 0.07000000000100004005 ) ) ;
#12078 = DIRECTION ( 'NONE',  ( 0.000000000000000000, 3.491481338843000432E-15, -1.000000000000000000 ) ) ;
#12079 = LINE ( 'NONE', #9969, #11199 ) ;
#12080 = DIRECTION ( 'NONE',  ( 1.000000000000000000, 0.000000000000000000, 0.000000000000000000 ) ) ;
#12081 = ORIENTED_EDGE ( 'NONE', *, *, #5996, .T. ) ;
#12082 = CARTESIAN_POINT ( 'NONE',  ( -0.6461398537289999577, -1.590604825071000095, 0.07000000000100004005 ) ) ;
#12083 = ADVANCED_FACE ( 'NONE', ( #12371 ), #3594, .T. ) ;
#12084 = CARTESIAN_POINT ( 'NONE',  ( -4.069999999999000195, -1.300000000000999911, 1.959999999999999964 ) ) ;
#12085 = FACE_OUTER_BOUND ( 'NONE', #9340, .T. ) ;
#12086 = VECTOR ( 'NONE', #885, 1000.000000000000000 ) ;
#12087 = CARTESIAN_POINT ( 'NONE',  ( 1.025000000000000133, 0.9000000000000002442, 1.000068083900629290E-12 ) ) ;
#12088 = CARTESIAN_POINT ( 'NONE',  ( 3.219999999998999662, -1.300000000000999911, 2.810000000000000053 ) ) ;
#12089 = DIRECTION ( 'NONE',  ( 0.000000000000000000, -1.000000000000000000, -2.891205793313955622E-15 ) ) ;
#12090 = ORIENTED_EDGE ( 'NONE', *, *, #3812, .F. ) ;
#12091 = ORIENTED_EDGE ( 'NONE', *, *, #2708, .T. ) ;
#12092 = DIRECTION ( 'NONE',  ( 0.000000000000000000, 3.491481338843000432E-15, -1.000000000000000000 ) ) ;
#12093 = VECTOR ( 'NONE', #2810, 1000.000000000000000 ) ;
#12094 = CARTESIAN_POINT ( 'NONE',  ( 0.9749999999989999999, 1.400000000000000133, 0.05000000000099998065 ) ) ;
#12095 = VERTEX_POINT ( 'NONE', #10396 ) ;
#12096 = VECTOR ( 'NONE', #11118, 1000.000000000000000 ) ;
#12097 = EDGE_CURVE ( 'NONE', #10504, #9160, #12248, .T. ) ;
#12098 = LINE ( 'NONE', #11206, #11429 ) ;
#12099 = ORIENTED_EDGE ( 'NONE', *, *, #6119, .F. ) ;
#12100 = VECTOR ( 'NONE', #3453, 1000.000000000000000 ) ;
#12101 = ORIENTED_EDGE ( 'NONE', *, *, #5753, .T. ) ;
#12102 = AXIS2_PLACEMENT_3D ( 'NONE', #2964, #3031, #2898 ) ;
#12103 = CARTESIAN_POINT ( 'NONE',  ( -3.219999999998999662, 1.800000000000000044, 0.05000000000099998065 ) ) ;
#12104 = FACE_OUTER_BOUND ( 'NONE', #7635, .T. ) ;
#12105 = ORIENTED_EDGE ( 'NONE', *, *, #3722, .T. ) ;
#12106 = CARTESIAN_POINT ( 'NONE',  ( -0.7408525662920000254, -0.7214001752769998443, 0.07000000000100004005 ) ) ;
#12107 = ORIENTED_EDGE ( 'NONE', *, *, #1083, .T. ) ;
#12108 = CARTESIAN_POINT ( 'NONE',  ( 1.275000000000000133, 1.678388218141000365, 1.000068083900629290E-12 ) ) ;
#12109 = DIRECTION ( 'NONE',  ( 0.000000000000000000, -1.000000000000000000, -3.523657060582293621E-15 ) ) ;
#12110 = ORIENTED_EDGE ( 'NONE', *, *, #2060, .F. ) ;
#12111 = EDGE_CURVE ( 'NONE', #7954, #145, #6294, .T. ) ;
#12112 = VECTOR ( 'NONE', #2070, 1000.000000000000000 ) ;
#12113 = VERTEX_POINT ( 'NONE', #1670 ) ;
#12114 = CARTESIAN_POINT ( 'NONE',  ( 2.000000000000000000, -1.949999999999994182, 0.000000000000000000 ) ) ;
#12115 = VECTOR ( 'NONE', #10056, 1000.000000000000000 ) ;
#12116 = DIRECTION ( 'NONE',  ( -5.421010862426999550E-16, -1.000000000000000000, 0.000000000000000000 ) ) ;
#12117 = CARTESIAN_POINT ( 'NONE',  ( 3.824999999998999645, 0.9000000000000002442, -0.5499999999990000665 ) ) ;
#12118 = ORIENTED_EDGE ( 'NONE', *, *, #2260, .F. ) ;
#12119 = FACE_OUTER_BOUND ( 'NONE', #11512, .T. ) ;
#12120 = VERTEX_POINT ( 'NONE', #11173 ) ;
#12121 = DIRECTION ( 'NONE',  ( 0.000000000000000000, -1.000000000000000000, -3.491481338843000432E-15 ) ) ;
#12122 = DIRECTION ( 'NONE',  ( 0.000000000000000000, 3.491481338843000432E-15, -1.000000000000000000 ) ) ;
#12123 = PLANE ( 'NONE',  #1554 ) ;
#12124 = DIRECTION ( 'NONE',  ( 0.000000000000000000, 3.491481338843000432E-15, -1.000000000000000000 ) ) ;
#12125 = CARTESIAN_POINT ( 'NONE',  ( -0.2249999999989999999, 1.400000000000000133, 0.1000000000010001083 ) ) ;
#12126 = VECTOR ( 'NONE', #7653, 1000.000000000000000 ) ;
#12127 = DIRECTION ( 'NONE',  ( 0.000000000000000000, 3.491481338843000432E-15, -1.000000000000000000 ) ) ;
#12128 = CARTESIAN_POINT ( 'NONE',  ( 1.837842987804000128, -0.8887129544209999565, 0.05000000000099998065 ) ) ;
#12129 = EDGE_CURVE ( 'NONE', #11330, #970, #9422, .T. ) ;
#12130 = ORIENTED_EDGE ( 'NONE', *, *, #12683, .F. ) ;
#12131 = ORIENTED_EDGE ( 'NONE', *, *, #11124, .T. ) ;
#12132 = DIRECTION ( 'NONE',  ( 0.000000000000000000, -1.000000000000000000, -3.523657060582293621E-15 ) ) ;
#12133 = DIRECTION ( 'NONE',  ( 0.000000000000000000, 3.491481338843000432E-15, -1.000000000000000000 ) ) ;
#12134 = ORIENTED_EDGE ( 'NONE', *, *, #2452, .F. ) ;
#12135 = CARTESIAN_POINT ( 'NONE',  ( -3.924999999998999733, 0.9000000000000002442, -0.1767949192430001704 ) ) ;
#12136 = VECTOR ( 'NONE', #8285, 1000.000000000000000 ) ;
#12137 = DIRECTION ( 'NONE',  ( -1.000000000000000000, 0.000000000000000000, 0.000000000000000000 ) ) ;
#12138 = LINE ( 'NONE', #6299, #9739 ) ;
#12139 = CARTESIAN_POINT ( 'NONE',  ( -2.974999999998999556, 0.1000000000000002554, 0.1000000000010001083 ) ) ;
#12140 = CARTESIAN_POINT ( 'NONE',  ( -3.220000000000000195, -5.899999999998999378, 0.04999999999999991257 ) ) ;
#12141 = AXIS2_PLACEMENT_3D ( 'NONE', #5283, #4386, #11962 ) ;
#12142 = CARTESIAN_POINT ( 'NONE',  ( -4.169999999998999840, -2.791421356236999607, -0.4914213562370001176 ) ) ;
#12143 = ADVANCED_FACE ( 'NONE', ( #12430 ), #12189, .F. ) ;
#12144 = VECTOR ( 'NONE', #8080, 1000.000000000000000 ) ;
#12145 = CIRCLE ( 'NONE', #7627, 0.2000000000000000944 ) ;
#12146 = VERTEX_POINT ( 'NONE', #5394 ) ;
#12147 = CYLINDRICAL_SURFACE ( 'NONE', #8247, 0.7999999999990000665 ) ;
#12148 = DIRECTION ( 'NONE',  ( -1.000000000000000000, 0.000000000000000000, 0.000000000000000000 ) ) ;
#12149 = DIRECTION ( 'NONE',  ( 0.000000000000000000, -1.000000000000000000, -3.491481338843000432E-15 ) ) ;
#12150 = CARTESIAN_POINT ( 'NONE',  ( -1.474999999999000000, 0.3783882181409999323, 1.000068083900629290E-12 ) ) ;
#12151 = EDGE_CURVE ( 'NONE', #4213, #8363, #580, .T. ) ;
#12152 = DIRECTION ( 'NONE',  ( 1.000000000000000000, 0.000000000000000000, 0.000000000000000000 ) ) ;
#12153 = DIRECTION ( 'NONE',  ( 0.000000000000000000, 3.491481338843000432E-15, -1.000000000000000000 ) ) ;
#12154 = ORIENTED_EDGE ( 'NONE', *, *, #4083, .F. ) ;
#12155 = ORIENTED_EDGE ( 'NONE', *, *, #5094, .T. ) ;
#12156 = DIRECTION ( 'NONE',  ( 0.000000000000000000, 3.491481338843000432E-15, -1.000000000000000000 ) ) ;
#12157 = ADVANCED_FACE ( 'NONE', ( #12309 ), #3535, .F. ) ;
#12158 = LINE ( 'NONE', #6319, #8251 ) ;
#12159 = VERTEX_POINT ( 'NONE', #6654 ) ;
#12160 = CARTESIAN_POINT ( 'NONE',  ( 1.775000000000000133, 1.678388218141000365, 1.000068083900629290E-12 ) ) ;
#12161 = VERTEX_POINT ( 'NONE', #11474 ) ;
#12162 = ORIENTED_EDGE ( 'NONE', *, *, #5527, .F. ) ;
#12163 = CARTESIAN_POINT ( 'NONE',  ( -2.469999999999000106, -4.349999999998999556, 1.500000000000000000 ) ) ;
#12164 = EDGE_CURVE ( 'NONE', #5110, #1607, #2746, .T. ) ;
#12165 = DIRECTION ( 'NONE',  ( 0.000000000000000000, 1.000000000000000000, 0.000000000000000000 ) ) ;
#12166 = VERTEX_POINT ( 'NONE', #8578 ) ;
#12167 = CARTESIAN_POINT ( 'NONE',  ( 1.724999999999999867, 0.1000000000000002554, 0.1000000000010001083 ) ) ;
#12168 = ORIENTED_EDGE ( 'NONE', *, *, #6316, .T. ) ;
#12169 = CARTESIAN_POINT ( 'NONE',  ( -0.6219512195119999420, -1.446639783688999925, 0.05000000000099998065 ) ) ;
#12170 = DIRECTION ( 'NONE',  ( 0.000000000000000000, 1.000000000000000000, 3.491481338843000432E-15 ) ) ;
#12171 = ORIENTED_EDGE ( 'NONE', *, *, #514, .T. ) ;
#12172 = DIRECTION ( 'NONE',  ( 0.000000000000000000, -3.491481338843000432E-15, 1.000000000000000000 ) ) ;
#12173 = FACE_OUTER_BOUND ( 'NONE', #3892, .T. ) ;
#12174 = CARTESIAN_POINT ( 'NONE',  ( 1.792873475609000122, -0.9984690519819999777, 0.05000000000099998065 ) ) ;
#12175 = ORIENTED_EDGE ( 'NONE', *, *, #7010, .T. ) ;
#12176 = DIRECTION ( 'NONE',  ( -1.000000000000000000, -5.421010862426999550E-16, -1.892735826383000338E-30 ) ) ;
#12177 = VERTEX_POINT ( 'NONE', #3779 ) ;
#12178 = LINE ( 'NONE', #8970, #253 ) ;
#12179 = EDGE_CURVE ( 'NONE', #10755, #213, #4863, .T. ) ;
#12180 = EDGE_CURVE ( 'NONE', #3688, #6999, #10771, .T. ) ;
#12181 = DIRECTION ( 'NONE',  ( 1.000000000000000000, 0.000000000000000000, 0.000000000000000000 ) ) ;
#12182 = CARTESIAN_POINT ( 'NONE',  ( 2.524999999999999911, 0.1000000000000002554, 0.1000000000010001083 ) ) ;
#12183 = CARTESIAN_POINT ( 'NONE',  ( 2.500000000000000000, -1.949999999999994182, 0.000000000000000000 ) ) ;
#12184 = CARTESIAN_POINT ( 'NONE',  ( -1.208061749044999855, -0.9361929113990000717, 0.05000000000099998065 ) ) ;
#12185 = PLANE ( 'NONE',  #6870 ) ;
#12186 = CARTESIAN_POINT ( 'NONE',  ( 4.169999999998999840, 1.350000000000000089, 0.05000000000099998065 ) ) ;
#12187 = EDGE_LOOP ( 'NONE', ( #3878, #9940, #6893, #11142, #10394, #1967, #1758 ) ) ;
#12188 = EDGE_LOOP ( 'NONE', ( #8103, #20, #8370, #12638 ) ) ;
#12189 = PLANE ( 'NONE',  #1964 ) ;
#12190 = CIRCLE ( 'NONE', #8295, 0.7999999999999999334 ) ;
#12191 = LINE ( 'NONE', #8342, #2281 ) ;
#12192 = ORIENTED_EDGE ( 'NONE', *, *, #6677, .F. ) ;
#12193 = CARTESIAN_POINT ( 'NONE',  ( 1.108576406371999834, -1.174373369881999807, 0.07000000000100004005 ) ) ;
#12194 = CARTESIAN_POINT ( 'NONE',  ( -2.974999999998999556, -9.116756773326001095, 0.04999999999999991257 ) ) ;
#12195 = EDGE_CURVE ( 'NONE', #3261, #3597, #9743, .T. ) ;
#12196 = EDGE_CURVE ( 'NONE', #10178, #737, #739, .T. ) ;
#12197 = DIRECTION ( 'NONE',  ( 1.000000000000000000, 0.000000000000000000, 0.000000000000000000 ) ) ;
#12198 = VECTOR ( 'NONE', #10078, 1000.000000000000000 ) ;
#12199 = DIRECTION ( 'NONE',  ( -1.000000000000000000, 0.000000000000000000, 0.000000000000000000 ) ) ;
#12200 = CARTESIAN_POINT ( 'NONE',  ( -3.219999999998999662, -5.899999999998999378, 1.300000000000000044 ) ) ;
#12201 = DIRECTION ( 'NONE',  ( 0.000000000000000000, 3.491481338843000432E-15, -1.000000000000000000 ) ) ;
#12202 = VERTEX_POINT ( 'NONE', #3716 ) ;
#12203 = ORIENTED_EDGE ( 'NONE', *, *, #5677, .T. ) ;
#12204 = LINE ( 'NONE', #1313, #11259 ) ;
#12205 = VECTOR ( 'NONE', #9894, 1000.000000000000000 ) ;
#12206 = AXIS2_PLACEMENT_3D ( 'NONE', #8238, #12152, #10761 ) ;
#12207 = AXIS2_PLACEMENT_3D ( 'NONE', #7489, #10438, #12357 ) ;
#12208 = CARTESIAN_POINT ( 'NONE',  ( -4.169999999998999840, 1.199999999999000089, 1.959999999999999964 ) ) ;
#12209 = EDGE_CURVE ( 'NONE', #11631, #5168, #4796, .T. ) ;
#12210 = CARTESIAN_POINT ( 'NONE',  ( 2.274999999999999911, 1.678388218141000365, 1.000068083900629290E-12 ) ) ;
#12211 = CARTESIAN_POINT ( 'NONE',  ( 3.624999999998999467, 0.9000000000000002442, -0.1767949192430001704 ) ) ;
#12212 = ORIENTED_EDGE ( 'NONE', *, *, #444, .F. ) ;
#12213 = VERTEX_POINT ( 'NONE', #1017 ) ;
#12214 = AXIS2_PLACEMENT_3D ( 'NONE', #5339, #469, #4381 ) ;
#12215 = CARTESIAN_POINT ( 'NONE',  ( -4.469999999998999662, -2.449999999998999645, -0.5500000000000001554 ) ) ;
#12216 = VECTOR ( 'NONE', #7270, 1000.000000000000000 ) ;
#12217 = VERTEX_POINT ( 'NONE', #8643 ) ;
#12218 = CARTESIAN_POINT ( 'NONE',  ( -0.6313346102870001086, -0.6548751681659998880, 0.05000000000099998065 ) ) ;
#12219 = ORIENTED_EDGE ( 'NONE', *, *, #3111, .T. ) ;
#12220 = EDGE_CURVE ( 'NONE', #5660, #6823, #11656, .T. ) ;
#12221 = ORIENTED_EDGE ( 'NONE', *, *, #6029, .F. ) ;
#12222 = EDGE_CURVE ( 'NONE', #7044, #12213, #956, .T. ) ;
#12223 = CARTESIAN_POINT ( 'NONE',  ( -0.8971036585359999371, -0.5960300275919998558, 0.07000000000100004005 ) ) ;
#12224 = DIRECTION ( 'NONE',  ( 0.000000000000000000, -3.491481338843000432E-15, 1.000000000000000000 ) ) ;
#12225 = ORIENTED_EDGE ( 'NONE', *, *, #3437, .F. ) ;
#12226 = LINE ( 'NONE', #7345, #4088 ) ;
#12227 = ORIENTED_EDGE ( 'NONE', *, *, #2513, .F. ) ;
#12228 = CARTESIAN_POINT ( 'NONE',  ( -0.6763190406260000120, -1.474917160155999829, 0.07000000000100004005 ) ) ;
#12229 = CYLINDRICAL_SURFACE ( 'NONE', #4779, 0.1499999999989998778 ) ;
#12230 = VERTEX_POINT ( 'NONE', #10703 ) ;
#12231 = LINE ( 'NONE', #6401, #2244 ) ;
#12232 = ADVANCED_FACE ( 'NONE', ( #5890 ), #7810, .T. ) ;
#12233 = LINE ( 'NONE', #11402, #1760 ) ;
#12234 = LINE ( 'NONE', #7300, #12100 ) ;
#12235 = ORIENTED_EDGE ( 'NONE', *, *, #195, .F. ) ;
#12236 = DIRECTION ( 'NONE',  ( -5.421010862426999550E-16, -1.000000000000000000, -3.491481338843000432E-15 ) ) ;
#12237 = EDGE_LOOP ( 'NONE', ( #11949, #433, #9024, #11355, #604, #10546, #953, #3189, #4342, #6215 ) ) ;
#12238 = DIRECTION ( 'NONE',  ( 0.000000000000000000, 1.000000000000000000, 3.252606517456511724E-15 ) ) ;
#12239 = CARTESIAN_POINT ( 'NONE',  ( 1.025000000000000133, 0.9000000000000002442, 0.1000000000010001083 ) ) ;
#12240 = PLANE ( 'NONE',  #11883 ) ;
#12241 = CARTESIAN_POINT ( 'NONE',  ( 0.5865091463410000427, -1.498469051981999867, 0.05000000000099998065 ) ) ;
#12242 = CARTESIAN_POINT ( 'NONE',  ( -2.469999999999000106, -2.049999999999999822, 1.500000000000000000 ) ) ;
#12243 = PLANE ( 'NONE',  #9133 ) ;
#12244 = CARTESIAN_POINT ( 'NONE',  ( 1.275000000000000133, 1.400000000000000133, 0.1000000000010001083 ) ) ;
#12245 = VERTEX_POINT ( 'NONE', #12488 ) ;
#12246 = VERTEX_POINT ( 'NONE', #11725 ) ;
#12247 = EDGE_CURVE ( 'NONE', #3883, #6195, #9604, .T. ) ;
#12248 = LINE ( 'NONE', #4373, #3615 ) ;
#12249 = CARTESIAN_POINT ( 'NONE',  ( 0.5250000000000000222, 0.9000000000000002442, 1.000068083900629290E-12 ) ) ;
#12250 = ORIENTED_EDGE ( 'NONE', *, *, #5107, .T. ) ;
#12251 = CARTESIAN_POINT ( 'NONE',  ( 0.9611809749720000573, -1.476492261943999962, 0.07000000000100004005 ) ) ;
#12252 = LINE ( 'NONE', #6605, #11936 ) ;
#12253 = CARTESIAN_POINT ( 'NONE',  ( -0.4268292682919999637, -1.608225149542999999, 0.07000000000100004005 ) ) ;
#12254 = CARTESIAN_POINT ( 'NONE',  ( -2.269999999998999929, -2.249999999998999911, 1.500000000000000000 ) ) ;
#12255 = CARTESIAN_POINT ( 'NONE',  ( -1.040294406025000118, -1.467660947978999930, 0.05000000000099998065 ) ) ;
#12256 = LINE ( 'NONE', #4499, #3418 ) ;
#12257 = CARTESIAN_POINT ( 'NONE',  ( -1.316988156574000035, -0.8449890293229999072, 0.05000000000099998065 ) ) ;
#12258 = ORIENTED_EDGE ( 'NONE', *, *, #1574, .F. ) ;
#12259 = ORIENTED_EDGE ( 'NONE', *, *, #4146, .F. ) ;
#12260 = EDGE_CURVE ( 'NONE', #7008, #10189, #2872, .T. ) ;
#12261 = CARTESIAN_POINT ( 'NONE',  ( 2.269999999998999929, -4.349999999998999556, 0.04999999999999991257 ) ) ;
#12262 = LINE ( 'NONE', #664, #126 ) ;
#12263 = CARTESIAN_POINT ( 'NONE',  ( 3.219999999998999662, 1.800000000000000044, -0.5499999999990000665 ) ) ;
#12264 = LINE ( 'NONE', #7273, #6556 ) ;
#12265 = ORIENTED_EDGE ( 'NONE', *, *, #2539, .F. ) ;
#12266 = ORIENTED_EDGE ( 'NONE', *, *, #5526, .F. ) ;
#12267 = FACE_OUTER_BOUND ( 'NONE', #10383, .T. ) ;
#12268 = ORIENTED_EDGE ( 'NONE', *, *, #2923, .F. ) ;
#12269 = PLANE ( 'NONE',  #921 ) ;
#12270 = ADVANCED_FACE ( 'NONE', ( #9548 ), #8707, .T. ) ;
#12271 = CIRCLE ( 'NONE', #9212, 0.9499999999990003108 ) ;
#12272 = DIRECTION ( 'NONE',  ( 0.000000000000000000, 3.491481338843000432E-15, -1.000000000000000000 ) ) ;
#12273 = VERTEX_POINT ( 'NONE', #4736 ) ;
#12274 = VERTEX_POINT ( 'NONE', #11600 ) ;
#12275 = CARTESIAN_POINT ( 'NONE',  ( -2.224999999999000000, 1.678388218141000365, 0.8000000000009999113 ) ) ;
#12276 = DIRECTION ( 'NONE',  ( -1.000000000000000000, 0.000000000000000000, 0.000000000000000000 ) ) ;
#12277 = VECTOR ( 'NONE', #349, 1000.000000000000000 ) ;
#12278 = AXIS2_PLACEMENT_3D ( 'NONE', #4875, #1030, #12561 ) ;
#12279 = EDGE_LOOP ( 'NONE', ( #8520, #1139, #2243, #6450 ) ) ;
#12280 = DIRECTION ( 'NONE',  ( -1.000000000000000000, 0.000000000000000000, 0.000000000000000000 ) ) ;
#12281 = ORIENTED_EDGE ( 'NONE', *, *, #3141, .F. ) ;
#12282 = CARTESIAN_POINT ( 'NONE',  ( -0.6485116090120000010, -1.462073370729999988, 0.07000000000100004005 ) ) ;
#12283 = VECTOR ( 'NONE', #2121, 1000.000000000000000 ) ;
#12284 = DIRECTION ( 'NONE',  ( 0.000000000000000000, -1.000000000000000000, -3.491481338843000432E-15 ) ) ;
#12285 = ORIENTED_EDGE ( 'NONE', *, *, #4489, .F. ) ;
#12286 = ADVANCED_FACE ( 'NONE', ( #1912 ), #2807, .T. ) ;
#12287 = CIRCLE ( 'NONE', #6752, 0.7999999999999999334 ) ;
#12288 = DIRECTION ( 'NONE',  ( 1.000000000000000000, -5.421010862426999550E-16, -1.892735826383000338E-30 ) ) ;
#12289 = CARTESIAN_POINT ( 'NONE',  ( 4.169999999998999840, -0.09999999999999982514, 1.300000000000999911 ) ) ;
#12290 = DIRECTION ( 'NONE',  ( 1.000000000000000000, 0.000000000000000000, 0.000000000000000000 ) ) ;
#12291 = AXIS2_PLACEMENT_3D ( 'NONE', #8790, #12632, #8857 ) ;
#12292 = VERTEX_POINT ( 'NONE', #5758 ) ;
#12293 = PLANE ( 'NONE',  #5037 ) ;
#12294 = VECTOR ( 'NONE', #5831, 1000.000000000000000 ) ;
#12295 = ORIENTED_EDGE ( 'NONE', *, *, #5919, .F. ) ;
#12296 = DIRECTION ( 'NONE',  ( -1.000000000000000000, 0.000000000000000000, 0.000000000000000000 ) ) ;
#12297 = CARTESIAN_POINT ( 'NONE',  ( -3.219999999998999662, 1.799999999998999956, 3.209999999999999964 ) ) ;
#12298 = DIRECTION ( 'NONE',  ( 0.000000000000000000, 1.000000000000000000, 4.336808689963701156E-15 ) ) ;
#12299 = FACE_OUTER_BOUND ( 'NONE', #12237, .T. ) ;
#12300 = CARTESIAN_POINT ( 'NONE',  ( -1.157521680017000065, -0.8387997128339997888, 0.05000000000099998065 ) ) ;
#12301 = EDGE_CURVE ( 'NONE', #86, #5424, #5823, .T. ) ;
#12302 = CIRCLE ( 'NONE', #12, 0.2000000000000000111 ) ;
#12303 = CARTESIAN_POINT ( 'NONE',  ( -3.219999999998999662, -4.349999999998999556, 1.300000000000000044 ) ) ;
#12304 = AXIS2_PLACEMENT_3D ( 'NONE', #7414, #2660, #741 ) ;
#12305 = ADVANCED_FACE ( 'NONE', ( #1341 ), #8139, .F. ) ;
#12306 = ADVANCED_FACE ( 'NONE', ( #5187 ), #173, .F. ) ;
#12307 = ORIENTED_EDGE ( 'NONE', *, *, #2821, .F. ) ;
#12308 = ORIENTED_EDGE ( 'NONE', *, *, #407, .F. ) ;
#12309 = FACE_OUTER_BOUND ( 'NONE', #5576, .T. ) ;
#12310 = LINE ( 'NONE', #8645, #3739 ) ;
#12311 = VERTEX_POINT ( 'NONE', #3009 ) ;
#12312 = CARTESIAN_POINT ( 'NONE',  ( 4.148708781049999850, -0.2999999999999999334, 1.100000000000999956 ) ) ;
#12313 = CARTESIAN_POINT ( 'NONE',  ( -4.169999999998999840, -2.849999999999000000, -0.5500000000000001554 ) ) ;
#12314 = DIRECTION ( 'NONE',  ( 1.000000000000000000, -5.421010862426999550E-16, -1.892735826383000338E-30 ) ) ;
#12315 = LINE ( 'NONE', #651, #4622 ) ;
#12316 = VECTOR ( 'NONE', #10607, 1000.000000000000000 ) ;
#12317 = DIRECTION ( 'NONE',  ( -0.000000000000000000, 0.7071067811865475727, 0.7071067811865475727 ) ) ;
#12318 = DIRECTION ( 'NONE',  ( 0.000000000000000000, 3.491481338843000432E-15, -1.000000000000000000 ) ) ;
#12319 = EDGE_CURVE ( 'NONE', #7573, #5877, #6086, .T. ) ;
#12320 = CARTESIAN_POINT ( 'NONE',  ( -0.9144627200880001139, -0.5964171846759999118, 0.05000000000099998065 ) ) ;
#12321 = ORIENTED_EDGE ( 'NONE', *, *, #3112, .F. ) ;
#12322 = VERTEX_POINT ( 'NONE', #5118 ) ;
#12323 = B_SPLINE_SURFACE_WITH_KNOTS ( 'NONE', 3, 1, ( 
 ( #10423, #8305 ),
 ( #11444, #6569 ),
 ( #3687, #9331 ),
 ( #10306, #7590 ),
 ( #4521, #3630 ),
 ( #3502, #1757 ),
 ( #3567, #7339 ) ),
 .UNSPECIFIED., .F., .F., .F.,
 ( 4, 1, 1, 1, 4 ),
 ( 2, 2 ),
 ( 0.000000000000000000, 0.3005411131580000283, 0.5677471464829999537, 0.8000336137360000155, 1.000000000000000000 ),
 ( 0.000000000000000000, 1.000000000000000000 ),
 .UNSPECIFIED. ) ;
#12324 = LINE ( 'NONE', #5594, #9124 ) ;
#12325 = CARTESIAN_POINT ( 'NONE',  ( -1.310504424134000034, -1.352129669047999805, 0.07000000000100004005 ) ) ;
#12326 = FACE_OUTER_BOUND ( 'NONE', #223, .T. ) ;
#12327 = ADVANCED_FACE ( 'NONE', ( #10004 ), #5255, .F. ) ;
#12328 = CARTESIAN_POINT ( 'NONE',  ( 0.5250000000000000222, 0.3783882181409999323, 1.000068083900629290E-12 ) ) ;
#12329 = AXIS2_PLACEMENT_3D ( 'NONE', #3458, #6468, #1597 ) ;
#12330 = ORIENTED_EDGE ( 'NONE', *, *, #10501, .F. ) ;
#12331 = CIRCLE ( 'NONE', #4558, 0.7999999999999999334 ) ;
#12332 = VERTEX_POINT ( 'NONE', #7171 ) ;
#12333 = LINE ( 'NONE', #10110, #9478 ) ;
#12334 = ORIENTED_EDGE ( 'NONE', *, *, #12401, .T. ) ;
#12335 = DIRECTION ( 'NONE',  ( 0.000000000000000000, 3.491481338843000432E-15, -1.000000000000000000 ) ) ;
#12336 = VECTOR ( 'NONE', #8869, 1000.000000000000000 ) ;
#12337 = DIRECTION ( 'NONE',  ( -1.000000000000000000, 0.000000000000000000, 0.000000000000000000 ) ) ;
#12338 = CARTESIAN_POINT ( 'NONE',  ( -5.750624847485999780, 1.349999999999000000, 2.559999999999999609 ) ) ;
#12339 = AXIS2_PLACEMENT_3D ( 'NONE', #231, #8953, #7159 ) ;
#12340 = AXIS2_PLACEMENT_3D ( 'NONE', #221, #4144, #3184 ) ;
#12341 = ORIENTED_EDGE ( 'NONE', *, *, #9207, .T. ) ;
#12342 = PLANE ( 'NONE',  #5975 ) ;
#12343 = EDGE_CURVE ( 'NONE', #12146, #3036, #11098, .T. ) ;
#12344 = EDGE_CURVE ( 'NONE', #5096, #8865, #3145, .T. ) ;
#12345 = FACE_OUTER_BOUND ( 'NONE', #4823, .T. ) ;
#12346 = ADVANCED_FACE ( 'NONE', ( #1279 ), #2306, .T. ) ;
#12347 = EDGE_LOOP ( 'NONE', ( #11906, #12485, #10253, #5816 ) ) ;
#12348 = DIRECTION ( 'NONE',  ( -5.421010862426999550E-16, -1.000000000000000000, 0.000000000000000000 ) ) ;
#12349 = EDGE_LOOP ( 'NONE', ( #12035, #6635, #6850, #9361 ) ) ;
#12350 = DIRECTION ( 'NONE',  ( 0.000000000000000000, 3.491481338843000432E-15, -1.000000000000000000 ) ) ;
#12351 = DIRECTION ( 'NONE',  ( 0.000000000000000000, -1.000000000000000000, -3.491481338843000432E-15 ) ) ;
#12352 = CIRCLE ( 'NONE', #4566, 0.7999999999990000665 ) ;
#12353 = ORIENTED_EDGE ( 'NONE', *, *, #1240, .F. ) ;
#12354 = DIRECTION ( 'NONE',  ( 1.000000000000000000, 0.000000000000000000, 0.000000000000000000 ) ) ;
#12355 = CARTESIAN_POINT ( 'NONE',  ( -1.025000000000000133, 1.678388218141000365, 0.8000000000009999113 ) ) ;
#12356 = ORIENTED_EDGE ( 'NONE', *, *, #11086, .T. ) ;
#12357 = DIRECTION ( 'NONE',  ( 0.000000000000000000, 3.491481338843000432E-15, -1.000000000000000000 ) ) ;
#12358 = EDGE_LOOP ( 'NONE', ( #6783, #2760, #12555, #5101 ) ) ;
#12359 = FILL_AREA_STYLE_COLOUR ( '', #11948 ) ;
#12360 = VECTOR ( 'NONE', #577, 1000.000000000000000 ) ;
#12361 = EDGE_CURVE ( 'NONE', #2006, #5371, #10967, .T. ) ;
#12362 = DIRECTION ( 'NONE',  ( 0.000000000000000000, 3.491481338843000432E-15, -1.000000000000000000 ) ) ;
#12363 = PLANE ( 'NONE',  #731 ) ;
#12364 = CARTESIAN_POINT ( 'NONE',  ( 0.9159416319499998904, -1.349670499381000033, 0.05000000000099998065 ) ) ;
#12365 = CARTESIAN_POINT ( 'NONE',  ( -1.082060473926000022, -0.7647572411549998783, 0.05000000000099998065 ) ) ;
#12366 = EDGE_CURVE ( 'NONE', #3681, #6727, #7295, .T. ) ;
#12367 = LINE ( 'NONE', #10393, #286 ) ;
#12368 = EDGE_CURVE ( 'NONE', #1829, #9807, #1086, .T. ) ;
#12369 = EDGE_LOOP ( 'NONE', ( #9994, #5416, #5545, #7037 ) ) ;
#12370 = VERTEX_POINT ( 'NONE', #8899 ) ;
#12371 = FACE_OUTER_BOUND ( 'NONE', #12690, .T. ) ;
#12372 = CARTESIAN_POINT ( 'NONE',  ( 1.620297249338000123, -1.465701080255999988, 0.07000000000100004005 ) ) ;
#12373 = ORIENTED_EDGE ( 'NONE', *, *, #1202, .T. ) ;
#12374 = DIRECTION ( 'NONE',  ( 0.000000000000000000, 3.491481338843000432E-15, -1.000000000000000000 ) ) ;
#12375 = CARTESIAN_POINT ( 'NONE',  ( 0.9960792505309999934, -1.442154107456000034, 0.07000000000100004005 ) ) ;
#12376 = CARTESIAN_POINT ( 'NONE',  ( 4.169999999998999840, -1.199999999999999956, 1.300000000000999911 ) ) ;
#12377 = ADVANCED_FACE ( 'NONE', ( #3973 ), #7112, .T. ) ;
#12378 = CARTESIAN_POINT ( 'NONE',  ( -1.024999999999000044, 1.800000000000000044, 0.05000000000099998065 ) ) ;
#12379 = DIRECTION ( 'NONE',  ( 0.000000000000000000, 2.891205793294000202E-15, -1.000000000000000000 ) ) ;
#12380 = EDGE_CURVE ( 'NONE', #8621, #12370, #7877, .T. ) ;
#12381 = FACE_OUTER_BOUND ( 'NONE', #10425, .T. ) ;
#12382 = DIRECTION ( 'NONE',  ( 1.000000000000000000, 0.000000000000000000, 0.000000000000000000 ) ) ;
#12383 = DIRECTION ( 'NONE',  ( 0.000000000000000000, 3.491481338843000432E-15, -1.000000000000000000 ) ) ;
#12384 = ORIENTED_EDGE ( 'NONE', *, *, #4324, .T. ) ;
#12385 = ORIENTED_EDGE ( 'NONE', *, *, #6688, .T. ) ;
#12386 = LINE ( 'NONE', #4569, #5335 ) ;
#12387 = CARTESIAN_POINT ( 'NONE',  ( -4.169999999998999840, 0.6000000000000003109, 0.05000000000099998065 ) ) ;
#12388 = EDGE_CURVE ( 'NONE', #6201, #8596, #8007, .T. ) ;
#12389 = CARTESIAN_POINT ( 'NONE',  ( -1.357790657095000020, -1.202569641329999994, 0.07000000000100004005 ) ) ;
#12390 = AXIS2_PLACEMENT_3D ( 'NONE', #10509, #3903, #6772 ) ;
#12391 = CARTESIAN_POINT ( 'NONE',  ( -2.524999999998999822, 1.400000000000000133, 0.1000000000010001083 ) ) ;
#12392 = ORIENTED_EDGE ( 'NONE', *, *, #1880, .F. ) ;
#12393 = ORIENTED_EDGE ( 'NONE', *, *, #11447, .F. ) ;
#12394 = CARTESIAN_POINT ( 'NONE',  ( -1.208061749044999855, -0.9361929113990000717, 0.05000000000099998065 ) ) ;
#12395 = AXIS2_PLACEMENT_3D ( 'NONE', #3990, #12337, #4644 ) ;
#12396 = VERTEX_POINT ( 'NONE', #1211 ) ;
#12397 = VECTOR ( 'NONE', #11316, 1000.000000000000000 ) ;
#12398 = LINE ( 'NONE', #10539, #2569 ) ;
#12399 = PLANE ( 'NONE',  #8310 ) ;
#12400 = AXIS2_PLACEMENT_3D ( 'NONE', #12675, #3913, #6216 ) ;
#12401 = EDGE_CURVE ( 'NONE', #8417, #9837, #2238, .T. ) ;
#12402 = CARTESIAN_POINT ( 'NONE',  ( 0.8108337971760000151, -1.445337325485999802, 0.07000000000100004005 ) ) ;
#12403 = VERTEX_POINT ( 'NONE', #11854 ) ;
#12404 = CARTESIAN_POINT ( 'NONE',  ( 0.000000000000000000, 0.1000000000000002554, 0.05000000000099998065 ) ) ;
#12405 = VECTOR ( 'NONE', #310, 1000.000000000000000 ) ;
#12406 = AXIS2_PLACEMENT_3D ( 'NONE', #5404, #4445, #2579 ) ;
#12407 = DIRECTION ( 'NONE',  ( 0.000000000000000000, 3.491481338843000432E-15, -1.000000000000000000 ) ) ;
#12408 = VECTOR ( 'NONE', #6058, 1000.000000000000000 ) ;
#12409 = VERTEX_POINT ( 'NONE', #6147 ) ;
#12410 = EDGE_LOOP ( 'NONE', ( #1384, #1974 ) ) ;
#12411 = DIRECTION ( 'NONE',  ( 0.000000000000000000, 1.000000000000000000, 0.000000000000000000 ) ) ;
#12412 = CARTESIAN_POINT ( 'NONE',  ( -1.724999999999000000, 1.678388218141000365, 1.000068083900629290E-12 ) ) ;
#12413 = ORIENTED_EDGE ( 'NONE', *, *, #11554, .T. ) ;
#12414 = CARTESIAN_POINT ( 'NONE',  ( 0.000000000000000000, 0.1000000000000002554, 0.05000000000099998065 ) ) ;
#12415 = EDGE_CURVE ( 'NONE', #2292, #9034, #3072, .T. ) ;
#12416 = EDGE_CURVE ( 'NONE', #8423, #8487, #2110, .T. ) ;
#12417 = VECTOR ( 'NONE', #5320, 1000.000000000000114 ) ;
#12418 = LINE ( 'NONE', #7546, #6360 ) ;
#12419 = VERTEX_POINT ( 'NONE', #8196 ) ;
#12420 = CARTESIAN_POINT ( 'NONE',  ( -0.4749999999989999999, 0.9000000000000002442, 0.1000000000010001083 ) ) ;
#12421 = ORIENTED_EDGE ( 'NONE', *, *, #3583, .T. ) ;
#12422 = CARTESIAN_POINT ( 'NONE',  ( -4.169999999998999840, 1.199999999999000089, 1.859999999999999876 ) ) ;
#12423 = DIRECTION ( 'NONE',  ( 0.000000000000000000, 3.491481338843000432E-15, -1.000000000000000000 ) ) ;
#12424 = CARTESIAN_POINT ( 'NONE',  ( 1.724999999999999867, 0.1000000000000002554, 0.1000000000010001083 ) ) ;
#12425 = CARTESIAN_POINT ( 'NONE',  ( -0.9749999999989999999, 0.9000000000000002442, 0.1000000000010001083 ) ) ;
#12426 = CARTESIAN_POINT ( 'NONE',  ( -0.6308316051389999402, -1.451799956680999815, 0.05000000000099998065 ) ) ;
#12427 = LINE ( 'NONE', #10510, #5202 ) ;
#12428 = ORIENTED_EDGE ( 'NONE', *, *, #1442, .T. ) ;
#12429 = ORIENTED_EDGE ( 'NONE', *, *, #10605, .T. ) ;
#12430 = FACE_OUTER_BOUND ( 'NONE', #9991, .T. ) ;
#12431 = ADVANCED_FACE ( 'NONE', ( #6402 ), #1591, .T. ) ;
#12432 = CARTESIAN_POINT ( 'NONE',  ( 0.5767911585359999371, -0.6082251495429997767, 0.05000000000099998065 ) ) ;
#12433 = EDGE_LOOP ( 'NONE', ( #5270, #5715, #10896, #5488 ) ) ;
#12434 = CARTESIAN_POINT ( 'NONE',  ( 0.000000000000000000, -3.608578643761999771, -0.4914213562370001176 ) ) ;
#12435 = CARTESIAN_POINT ( 'NONE',  ( 0.8818789584499999723, -1.534339918826999938, 0.05000000000099998065 ) ) ;
#12436 = PLANE ( 'NONE',  #4546 ) ;
#12437 = CARTESIAN_POINT ( 'NONE',  ( -1.185911678932000113, -1.509148149250999937, 0.05000000000099998065 ) ) ;
#12438 = CARTESIAN_POINT ( 'NONE',  ( 4.169999999998999840, 0.7000000000000000666, -0.3499999999989999999 ) ) ;
#12439 = ADVANCED_FACE ( 'NONE', ( #7239 ), #3579, .T. ) ;
#12440 = LINE ( 'NONE', #11425, #8418 ) ;
#12441 = CARTESIAN_POINT ( 'NONE',  ( 4.169999999998999840, -2.049999999999000178, 1.300000000000000044 ) ) ;
#12442 = CARTESIAN_POINT ( 'NONE',  ( 3.894243062106180986, 1.215573748754903649, 2.629635375327205704 ) ) ;
#12443 = ORIENTED_EDGE ( 'NONE', *, *, #11135, .F. ) ;
#12444 = VECTOR ( 'NONE', #6763, 1000.000000000000114 ) ;
#12445 = ORIENTED_EDGE ( 'NONE', *, *, #8885, .F. ) ;
#12446 = VERTEX_POINT ( 'NONE', #9403 ) ;
#12447 = EDGE_CURVE ( 'NONE', #9161, #6463, #12233, .T. ) ;
#12448 = CARTESIAN_POINT ( 'NONE',  ( 4.469999999998999662, -2.449999999998999645, -0.06715728752500009502 ) ) ;
#12449 = ADVANCED_FACE ( 'NONE', ( #12173 ), #4291, .T. ) ;
#12450 = CARTESIAN_POINT ( 'NONE',  ( -4.469999999998999662, 1.199999999999000089, 1.709999999999999964 ) ) ;
#12451 = B_SPLINE_CURVE_WITH_KNOTS ( 'NONE', 3,
 ( #8099, #2332, #10027, #6238, #6114, #7963, #5213, #4259, #2139, #12021, #6048, #11057, #138, #7007, #2266, #4320, #2393, #1308, #6178 ),
 .UNSPECIFIED., .F., .F.,
 ( 4, 1, 1, 1, 1, 1, 1, 1, 1, 1, 1, 1, 1, 1, 1, 1, 4 ),
 ( 0.000000000000000000, 0.06806869584399999340, 0.1334274328179999858, 0.1961460338129999981, 0.2570485924490000240, 0.3168826631589999887, 0.3761872086659999725, 0.4359603353629999956, 0.4965352368620000179, 0.5574653434799999863, 0.6176868634100000088, 0.6779436406959999939, 0.7388052848060000510, 0.8009493367659999974, 0.8648146674700000203, 0.9310247810780000188, 1.000000000000000000 ),
 .UNSPECIFIED. ) ;
#12452 = CARTESIAN_POINT ( 'NONE',  ( -1.357790657095000020, -1.202569641329999994, 0.05000000000099998065 ) ) ;
#12453 = LINE ( 'NONE', #12210, #12397 ) ;
#12454 = ORIENTED_EDGE ( 'NONE', *, *, #1515, .F. ) ;
#12455 = ORIENTED_EDGE ( 'NONE', *, *, #12518, .T. ) ;
#12456 = EDGE_CURVE ( 'NONE', #2404, #5730, #4355, .T. ) ;
#12457 = EDGE_LOOP ( 'NONE', ( #6017, #3047, #333, #12445, #10630, #11605 ) ) ;
#12458 = DIRECTION ( 'NONE',  ( 0.000000000000000000, 1.000000000000000000, 4.336808689963701156E-15 ) ) ;
#12459 = ADVANCED_FACE ( 'NONE', ( #5436 ), #8446, .T. ) ;
#12460 = FACE_OUTER_BOUND ( 'NONE', #3011, .T. ) ;
#12461 = ORIENTED_EDGE ( 'NONE', *, *, #422, .T. ) ;
#12462 = CARTESIAN_POINT ( 'NONE',  ( 0.000000000000000000, 1.400000000000000133, 0.05000000000099998065 ) ) ;
#12463 = CARTESIAN_POINT ( 'NONE',  ( 1.224999999999999867, 0.6000000000000003109, 0.1000000000010001083 ) ) ;
#12464 = VECTOR ( 'NONE', #208, 1000.000000000000000 ) ;
#12465 = ORIENTED_EDGE ( 'NONE', *, *, #3906, .F. ) ;
#12466 = ORIENTED_EDGE ( 'NONE', *, *, #2552, .T. ) ;
#12467 = CARTESIAN_POINT ( 'NONE',  ( 4.169999999998999840, -0.2999999999999999334, 1.630000000000007221 ) ) ;
#12468 = ADVANCED_FACE ( 'NONE', ( #6521 ), #10435, .T. ) ;
#12469 = CARTESIAN_POINT ( 'NONE',  ( -1.044919053397999953, -0.6141753809980000645, 0.05000000000099998065 ) ) ;
#12470 = ORIENTED_EDGE ( 'NONE', *, *, #6318, .T. ) ;
#12471 = DIRECTION ( 'NONE',  ( 0.000000000000000000, 1.000000000000000000, 0.000000000000000000 ) ) ;
#12472 = FACE_BOUND ( 'NONE', #9579, .T. ) ;
#12473 = VERTEX_POINT ( 'NONE', #9163 ) ;
#12474 = EDGE_LOOP ( 'NONE', ( #10047, #8682, #8894, #7808, #11472, #643 ) ) ;
#12475 = VECTOR ( 'NONE', #8736, 1000.000000000000000 ) ;
#12476 = CARTESIAN_POINT ( 'NONE',  ( -0.8572789634140000059, -1.620420271493999920, 0.07000000000100004005 ) ) ;
#12477 = VECTOR ( 'NONE', #6233, 1000.000000000000000 ) ;
#12478 = LINE ( 'NONE', #9355, #1452 ) ;
#12479 = FACE_OUTER_BOUND ( 'NONE', #10788, .T. ) ;
#12480 = CARTESIAN_POINT ( 'NONE',  ( 0.4390243902429999956, -0.7179812471039999089, 0.05000000000099998065 ) ) ;
#12481 = LINE ( 'NONE', #819, #1944 ) ;
#12482 = EDGE_CURVE ( 'NONE', #6467, #3831, #375, .T. ) ;
#12483 = DIRECTION ( 'NONE',  ( -1.000000000000000000, 0.000000000000000000, 0.000000000000000000 ) ) ;
#12484 = CIRCLE ( 'NONE', #6965, 0.1499999999989998778 ) ;
#12485 = ORIENTED_EDGE ( 'NONE', *, *, #3111, .F. ) ;
#12486 = ORIENTED_EDGE ( 'NONE', *, *, #10284, .F. ) ;
#12487 = VECTOR ( 'NONE', #6852, 1000.000000000000000 ) ;
#12488 = CARTESIAN_POINT ( 'NONE',  ( 2.469999999999000106, -4.349999999998999556, 0.04999999999999991257 ) ) ;
#12489 = CARTESIAN_POINT ( 'NONE',  ( 0.8370994272960000648, -0.6620715205879997844, 0.05000000000099998065 ) ) ;
#12490 = ORIENTED_EDGE ( 'NONE', *, *, #6582, .T. ) ;
#12491 = CARTESIAN_POINT ( 'NONE',  ( 0.000000000000000000, 0.1000000000000002554, 0.05000000000099998065 ) ) ;
#12492 = CARTESIAN_POINT ( 'NONE',  ( 0.9226794408359999533, -0.7150326585099999743, 0.07000000000100004005 ) ) ;
#12493 = CARTESIAN_POINT ( 'NONE',  ( -2.724999999999000000, 2.200000000000000178, 1.000068083900629290E-12 ) ) ;
#12494 = CYLINDRICAL_SURFACE ( 'NONE', #3501, 1.249999999999000133 ) ;
#12495 = CARTESIAN_POINT ( 'NONE',  ( 1.089782644519000199, -1.274928128916000158, 0.05000000000099998065 ) ) ;
#12496 = AXIS2_PLACEMENT_3D ( 'NONE', #3801, #7703, #10860 ) ;
#12497 = LINE ( 'NONE', #9310, #2882 ) ;
#12498 = VECTOR ( 'NONE', #2356, 1000.000000000000000 ) ;
#12499 = CARTESIAN_POINT ( 'NONE',  ( -1.217736965079999845, -1.228514302401999991, 0.05000000000099998065 ) ) ;
#12500 = EDGE_CURVE ( 'NONE', #6151, #682, #7354, .T. ) ;
#12501 = CARTESIAN_POINT ( 'NONE',  ( -1.294929607997000076, -0.8041242916949999930, 0.05000000000099998065 ) ) ;
#12502 = ORIENTED_EDGE ( 'NONE', *, *, #3382, .T. ) ;
#12503 = ORIENTED_EDGE ( 'NONE', *, *, #10412, .T. ) ;
#12504 = ORIENTED_EDGE ( 'NONE', *, *, #656, .T. ) ;
#12505 = PLANE ( 'NONE',  #3074 ) ;
#12506 = DIRECTION ( 'NONE',  ( 0.000000000000000000, 1.000000000000000000, 3.491481338843000432E-15 ) ) ;
#12507 = CIRCLE ( 'NONE', #4720, 0.7999999999990000665 ) ;
#12508 = CARTESIAN_POINT ( 'NONE',  ( 4.169999999998999840, 0.9000000000000002442, -0.5499999999990000665 ) ) ;
#12509 = DIRECTION ( 'NONE',  ( 0.000000000000000000, -1.000000000000000000, -3.491481338843000432E-15 ) ) ;
#12510 = EDGE_CURVE ( 'NONE', #8692, #2651, #11279, .T. ) ;
#12511 = ORIENTED_EDGE ( 'NONE', *, *, #7412, .F. ) ;
#12512 = ORIENTED_EDGE ( 'NONE', *, *, #3881, .F. ) ;
#12513 = AXIS2_PLACEMENT_3D ( 'NONE', #10185, #3257, #1136 ) ;
#12514 = VERTEX_POINT ( 'NONE', #10196 ) ;
#12515 = CARTESIAN_POINT ( 'NONE',  ( -4.169999999998999840, -9.116756773326001095, 1.629999999999975024 ) ) ;
#12516 = CARTESIAN_POINT ( 'NONE',  ( -2.774999999999000266, 0.1000000000000002554, 0.05000000000099998065 ) ) ;
#12517 = LINE ( 'NONE', #2838, #9374 ) ;
#12518 = EDGE_CURVE ( 'NONE', #9814, #5029, #5054, .T. ) ;
#12519 = VERTEX_POINT ( 'NONE', #3517 ) ;
#12520 = CARTESIAN_POINT ( 'NONE',  ( 3.624999999998999467, 0.9000000000000002442, 0.3500000000010001222 ) ) ;
#12521 = EDGE_CURVE ( 'NONE', #12011, #8352, #7424, .T. ) ;
#12522 = CARTESIAN_POINT ( 'NONE',  ( 0.8408307916280000072, -1.425755555334000002, 0.05000000000099998065 ) ) ;
#12523 = EDGE_CURVE ( 'NONE', #7325, #10891, #440, .T. ) ;
#12524 = EDGE_LOOP ( 'NONE', ( #239, #3363, #1117, #5183 ) ) ;
#12525 = ORIENTED_EDGE ( 'NONE', *, *, #8289, .T. ) ;
#12526 = FACE_OUTER_BOUND ( 'NONE', #12058, .T. ) ;
#12527 = VECTOR ( 'NONE', #2337, 1000.000000000000000 ) ;
#12528 = DIRECTION ( 'NONE',  ( 1.000000000000000000, 0.000000000000000000, 0.000000000000000000 ) ) ;
#12529 = ORIENTED_EDGE ( 'NONE', *, *, #12164, .F. ) ;
#12530 = VECTOR ( 'NONE', #4804, 1000.000000000000000 ) ;
#12531 = VECTOR ( 'NONE', #6176, 1000.000000000000000 ) ;
#12532 = LINE ( 'NONE', #3699, #3227 ) ;
#12533 = CARTESIAN_POINT ( 'NONE',  ( -3.220000000000000195, 1.799999999998999956, 2.910000000000000142 ) ) ;
#12534 = ORIENTED_EDGE ( 'NONE', *, *, #12415, .T. ) ;
#12535 = EDGE_CURVE ( 'NONE', #1748, #9203, #7336, .T. ) ;
#12536 = ORIENTED_EDGE ( 'NONE', *, *, #467, .F. ) ;
#12537 = LINE ( 'NONE', #8694, #7625 ) ;
#12538 = DIRECTION ( 'NONE',  ( -1.000000000000000000, -5.421010862426999550E-16, -1.892735826383000338E-30 ) ) ;
#12539 = LINE ( 'NONE', #11587, #9965 ) ;
#12540 = ORIENTED_EDGE ( 'NONE', *, *, #1183, .F. ) ;
#12541 = AXIS2_PLACEMENT_3D ( 'NONE', #3435, #5227, #6250 ) ;
#12542 = CARTESIAN_POINT ( 'NONE',  ( -1.169761209376000144, -0.6713254634039997892, 0.07000000000100004005 ) ) ;
#12543 = EDGE_LOOP ( 'NONE', ( #10973, #3860, #717, #12630, #4196, #10535, #6328, #4454, #2093, #4928, #6742, #1088, #6771, #4812, #5666, #6899, #10065, #1396, #6479, #7710, #6656, #8949, #3509, #12154, #4024, #11789, #2474, #485 ) ) ;
#12544 = DIRECTION ( 'NONE',  ( 0.000000000000000000, -1.000000000000000000, -3.491481338843000432E-15 ) ) ;
#12545 = LINE ( 'NONE', #7675, #8270 ) ;
#12546 = ORIENTED_EDGE ( 'NONE', *, *, #3750, .F. ) ;
#12547 = ORIENTED_EDGE ( 'NONE', *, *, #569, .F. ) ;
#12548 = CARTESIAN_POINT ( 'NONE',  ( 0.000000000000000000, -2.449999999998999645, 1.300000000000000044 ) ) ;
#12549 = CARTESIAN_POINT ( 'NONE',  ( 1.026541192411000170, -0.8235263050239997051, 0.05000000000099998065 ) ) ;
#12550 = ORIENTED_EDGE ( 'NONE', *, *, #11204, .T. ) ;
#12551 = VECTOR ( 'NONE', #2937, 1000.000000000000000 ) ;
#12552 = DIRECTION ( 'NONE',  ( 0.000000000000000000, -1.000000000000000000, -3.252606517456518824E-15 ) ) ;
#12553 = CARTESIAN_POINT ( 'NONE',  ( -2.274999999999000266, 0.1000000000000002554, 0.1000000000010001083 ) ) ;
#12554 = EDGE_CURVE ( 'NONE', #447, #1337, #5616, .T. ) ;
#12555 = ORIENTED_EDGE ( 'NONE', *, *, #7154, .T. ) ;
#12556 = CARTESIAN_POINT ( 'NONE',  ( -0.7249999999989999999, 2.200000000000000178, 0.1000000000010001083 ) ) ;
#12557 = PLANE ( 'NONE',  #2471 ) ;
#12558 = LINE ( 'NONE', #836, #7689 ) ;
#12559 = DIRECTION ( 'NONE',  ( -1.000000000000000000, 0.000000000000000000, 0.000000000000000000 ) ) ;
#12560 = CARTESIAN_POINT ( 'NONE',  ( -1.152269957355999797, -1.370327147261999778, 0.07000000000100004005 ) ) ;
#12561 = DIRECTION ( 'NONE',  ( -0.7071067811865475727, 0.7071067811865475727, 0.000000000000000000 ) ) ;
#12562 = ORIENTED_EDGE ( 'NONE', *, *, #1505, .F. ) ;
#12563 = VERTEX_POINT ( 'NONE', #4596 ) ;
#12564 = ORIENTED_EDGE ( 'NONE', *, *, #3513, .T. ) ;
#12565 = DIRECTION ( 'NONE',  ( 1.000000000000000000, 0.000000000000000000, 0.000000000000000000 ) ) ;
#12566 = FACE_OUTER_BOUND ( 'NONE', #11171, .T. ) ;
#12567 = ADVANCED_FACE ( 'NONE', ( #4846 ), #8562, .T. ) ;
#12568 = EDGE_CURVE ( 'NONE', #8703, #10189, #10498, .T. ) ;
#12569 = DIRECTION ( 'NONE',  ( -1.000000000000000000, 0.000000000000000000, 0.000000000000000000 ) ) ;
#12570 = FACE_OUTER_BOUND ( 'NONE', #3373, .T. ) ;
#12571 = DIRECTION ( 'NONE',  ( -5.421010862426999550E-16, 1.000000000000000000, 0.000000000000000000 ) ) ;
#12572 = EDGE_LOOP ( 'NONE', ( #9892, #4220, #4360, #9489 ) ) ;
#12573 = LINE ( 'NONE', #10248, #2253 ) ;
#12574 = ORIENTED_EDGE ( 'NONE', *, *, #7431, .T. ) ;
#12575 = ORIENTED_EDGE ( 'NONE', *, *, #12220, .T. ) ;
#12576 = CARTESIAN_POINT ( 'NONE',  ( -4.169999999998999840, 0.6000000000000003109, 0.3500000000010001222 ) ) ;
#12577 = LINE ( 'NONE', #146, #2804 ) ;
#12578 = EDGE_CURVE ( 'NONE', #12039, #5537, #10751, .T. ) ;
#12579 = VECTOR ( 'NONE', #6384, 1000.000000000000000 ) ;
#12580 = DIRECTION ( 'NONE',  ( 0.000000000000000000, 1.000000000000000000, 3.491481338843000432E-15 ) ) ;
#12581 = ORIENTED_EDGE ( 'NONE', *, *, #7412, .T. ) ;
#12582 = LINE ( 'NONE', #9783, #2492 ) ;
#12583 = CARTESIAN_POINT ( 'NONE',  ( 0.6691949388869999904, -1.493150046375999906, 0.05000000000099998065 ) ) ;
#12584 = EDGE_CURVE ( 'NONE', #9926, #12159, #7660, .T. ) ;
#12585 = VERTEX_POINT ( 'NONE', #9724 ) ;
#12586 = VERTEX_POINT ( 'NONE', #4717 ) ;
#12587 = VECTOR ( 'NONE', #9398, 1000.000000000000114 ) ;
#12588 = CARTESIAN_POINT ( 'NONE',  ( 0.7815250531210000684, -0.7584868631939998274, 0.07000000000100004005 ) ) ;
#12589 = LINE ( 'NONE', #7788, #11519 ) ;
#12590 = EDGE_LOOP ( 'NONE', ( #1918, #11100, #10434, #419, #3834, #1050 ) ) ;
#12591 = CARTESIAN_POINT ( 'NONE',  ( -1.974999999999000222, 0.9000000000000002442, 0.1000000000010001083 ) ) ;
#12592 = EDGE_CURVE ( 'NONE', #9061, #2444, #12620, .T. ) ;
#12593 = CARTESIAN_POINT ( 'NONE',  ( -4.469999999998999662, 1.199999999999000089, 1.709999999999999964 ) ) ;
#12594 = ADVANCED_FACE ( 'NONE', ( #5557 ), #1710, .T. ) ;
#12595 = ORIENTED_EDGE ( 'NONE', *, *, #736, .F. ) ;
#12596 = AXIS2_PLACEMENT_3D ( 'NONE', #2881, #6786, #5832 ) ;
#12597 = VECTOR ( 'NONE', #1007, 1000.000000000000000 ) ;
#12598 = ORIENTED_EDGE ( 'NONE', *, *, #11709, .T. ) ;
#12599 = VECTOR ( 'NONE', #3783, 1000.000000000000114 ) ;
#12600 = CARTESIAN_POINT ( 'NONE',  ( -4.169999999998999840, 1.349999999999000000, 1.859999999999999876 ) ) ;
#12601 = CARTESIAN_POINT ( 'NONE',  ( 0.8961278367119999144, -0.8504447723139997306, 0.07000000000100004005 ) ) ;
#12602 = DIRECTION ( 'NONE',  ( -1.000000000000000000, 0.000000000000000000, 0.000000000000000000 ) ) ;
#12603 = EDGE_LOOP ( 'NONE', ( #1141, #11069, #11649, #3626 ) ) ;
#12604 = DIRECTION ( 'NONE',  ( 0.000000000000000000, 3.491481338843000432E-15, -1.000000000000000000 ) ) ;
#12605 = VERTEX_POINT ( 'NONE', #6637 ) ;
#12606 = CARTESIAN_POINT ( 'NONE',  ( -0.8246881367339999880, -1.510188709883000024, 0.05000000000099998065 ) ) ;
#12607 = DIRECTION ( 'NONE',  ( 0.000000000000000000, 0.000000000000000000, 1.000000000000000000 ) ) ;
#12608 = AXIS2_PLACEMENT_3D ( 'NONE', #11539, #6777, #829 ) ;
#12609 = CIRCLE ( 'NONE', #740, 0.7999999999990000665 ) ;
#12610 = ADVANCED_FACE ( 'NONE', ( #6698 ), #8688, .T. ) ;
#12611 = ORIENTED_EDGE ( 'NONE', *, *, #8741, .F. ) ;
#12612 = ORIENTED_EDGE ( 'NONE', *, *, #2770, .T. ) ;
#12613 = DIRECTION ( 'NONE',  ( 0.000000000000000000, -3.641026466082000599E-15, 1.000000000000000000 ) ) ;
#12614 = DIRECTION ( 'NONE',  ( 1.000000000000000000, 0.000000000000000000, 0.000000000000000000 ) ) ;
#12615 = ORIENTED_EDGE ( 'NONE', *, *, #5231, .F. ) ;
#12616 = CARTESIAN_POINT ( 'NONE',  ( -4.169999999998999840, 0.6000000000000003109, 0.1000000000010001083 ) ) ;
#12617 = LINE ( 'NONE', #3847, #1359 ) ;
#12618 = ORIENTED_EDGE ( 'NONE', *, *, #11369, .F. ) ;
#12619 = FACE_OUTER_BOUND ( 'NONE', #11835, .T. ) ;
#12620 = CIRCLE ( 'NONE', #4845, 0.1999999999999996503 ) ;
#12621 = DIRECTION ( 'NONE',  ( 1.000000000000000000, 0.000000000000000000, 1.734723475978194701E-15 ) ) ;
#12622 = LINE ( 'NONE', #3852, #6259 ) ;
#12623 = CARTESIAN_POINT ( 'NONE',  ( 0.5870807926820000855, -1.608225149542999999, 0.07000000000100004005 ) ) ;
#12624 = CARTESIAN_POINT ( 'NONE',  ( -1.127661367580000018, -1.399290251038999955, 0.05000000000099998065 ) ) ;
#12625 = CARTESIAN_POINT ( 'NONE',  ( 4.169999999998999840, 1.349999999999000000, 1.859999999999999876 ) ) ;
#12626 = CARTESIAN_POINT ( 'NONE',  ( 1.724999999999999867, 0.3783882181409999323, 0.8000000000009999113 ) ) ;
#12627 = ADVANCED_FACE ( 'NONE', ( #1826 ), #1772, .T. ) ;
#12628 = ORIENTED_EDGE ( 'NONE', *, *, #8201, .F. ) ;
#12629 = ORIENTED_EDGE ( 'NONE', *, *, #6857, .T. ) ;
#12630 = ORIENTED_EDGE ( 'NONE', *, *, #6304, .T. ) ;
#12631 = CARTESIAN_POINT ( 'NONE',  ( 0.7750000000000000222, 2.200000000000000178, 0.1000000000010001083 ) ) ;
#12632 = DIRECTION ( 'NONE',  ( 1.000000000000000000, -5.421010862426999550E-16, -1.892735826383000338E-30 ) ) ;
#12633 = LINE ( 'NONE', #7762, #11997 ) ;
#12634 = CARTESIAN_POINT ( 'NONE',  ( 3.086602540378000192, -5.149999999999000266, 1.279999999999999805 ) ) ;
#12635 = LINE ( 'NONE', #5783, #3702 ) ;
#12636 = CARTESIAN_POINT ( 'NONE',  ( 4.469999999998999662, 2.000000000000000444, 1.709999999999999964 ) ) ;
#12637 = CIRCLE ( 'NONE', #9998, 0.1999999999999999833 ) ;
#12638 = ORIENTED_EDGE ( 'NONE', *, *, #12416, .F. ) ;
#12639 = CARTESIAN_POINT ( 'NONE',  ( -2.224999999999000000, 1.400000000000000133, 0.05000000000099998065 ) ) ;
#12640 = ORIENTED_EDGE ( 'NONE', *, *, #11344, .F. ) ;
#12641 = EDGE_CURVE ( 'NONE', #5792, #3394, #12532, .T. ) ;
#12642 = VERTEX_POINT ( 'NONE', #4781 ) ;
#12643 = DIRECTION ( 'NONE',  ( 0.000000000000000000, 1.000000000000000000, 3.491481338843000432E-15 ) ) ;
#12644 = DIRECTION ( 'NONE',  ( 0.000000000000000000, 1.000000000000000000, 3.491481338843000432E-15 ) ) ;
#12645 = CARTESIAN_POINT ( 'NONE',  ( -1.274999999999000044, 0.1000000000000002554, 0.1000000000010001083 ) ) ;
#12646 = CARTESIAN_POINT ( 'NONE',  ( -0.6219512195119999420, -0.7698105153960000946, 0.05000000000099998065 ) ) ;
#12647 = ORIENTED_EDGE ( 'NONE', *, *, #3600, .F. ) ;
#12648 = DIRECTION ( 'NONE',  ( 1.000000000000000000, 0.000000000000000000, 0.000000000000000000 ) ) ;
#12649 = CARTESIAN_POINT ( 'NONE',  ( 0.6285345980519999598, -1.497604316152999937, 0.05000000000099998065 ) ) ;
#12650 = ORIENTED_EDGE ( 'NONE', *, *, #9508, .F. ) ;
#12651 = ORIENTED_EDGE ( 'NONE', *, *, #9465, .T. ) ;
#12652 = CARTESIAN_POINT ( 'NONE',  ( 3.624999999998999467, 0.9000000000000002442, -0.8662277660160003778 ) ) ;
#12653 = EDGE_CURVE ( 'NONE', #6228, #3372, #7724, .T. ) ;
#12654 = LINE ( 'NONE', #6580, #11951 ) ;
#12655 = ORIENTED_EDGE ( 'NONE', *, *, #11385, .F. ) ;
#12656 = CARTESIAN_POINT ( 'NONE',  ( -1.829268292681999863, -1.608225149542999999, 0.05000000000099998065 ) ) ;
#12657 = FACE_OUTER_BOUND ( 'NONE', #9029, .T. ) ;
#12658 = ORIENTED_EDGE ( 'NONE', *, *, #61, .T. ) ;
#12659 = ORIENTED_EDGE ( 'NONE', *, *, #2840, .F. ) ;
#12660 = CARTESIAN_POINT ( 'NONE',  ( 0.7815250531210000684, -0.7584868631939998274, 0.05000000000099998065 ) ) ;
#12661 = CARTESIAN_POINT ( 'NONE',  ( -2.269999999998999929, -4.149999999999000266, 0.3499999999999998113 ) ) ;
#12662 = ORIENTED_EDGE ( 'NONE', *, *, #8794, .T. ) ;
#12663 = DIRECTION ( 'NONE',  ( 0.000000000000000000, -3.491481338843000432E-15, 1.000000000000000000 ) ) ;
#12664 = ORIENTED_EDGE ( 'NONE', *, *, #7027, .T. ) ;
#12665 = CARTESIAN_POINT ( 'NONE',  ( -0.8561356707309999425, -1.510664173932999788, 0.05000000000099998065 ) ) ;
#12666 = EDGE_CURVE ( 'NONE', #9324, #5483, #6583, .T. ) ;
#12667 = DIRECTION ( 'NONE',  ( -5.421010862426999550E-16, 1.000000000000000000, 0.000000000000000000 ) ) ;
#12668 = ORIENTED_EDGE ( 'NONE', *, *, #12196, .T. ) ;
#12669 = VERTEX_POINT ( 'NONE', #9587 ) ;
#12670 = DIRECTION ( 'NONE',  ( -5.421010862426999550E-16, 1.000000000000000000, 3.491481338843000432E-15 ) ) ;
#12671 = CARTESIAN_POINT ( 'NONE',  ( 1.560975609756000138, -1.608225149542999999, 0.07000000000100004005 ) ) ;
#12672 = AXIS2_PLACEMENT_3D ( 'NONE', #8929, #2833, #2141 ) ;
#12673 = VERTEX_POINT ( 'NONE', #12656 ) ;
#12674 = CARTESIAN_POINT ( 'NONE',  ( 2.469999999999000106, -2.049999999999999822, 1.500000000000000000 ) ) ;
#12675 = CARTESIAN_POINT ( 'NONE',  ( 0.9576576363829999439, -1.478525849971999984, 0.07000000000100004005 ) ) ;
#12676 = VERTEX_POINT ( 'NONE', #6830 ) ;
#12677 = DIRECTION ( 'NONE',  ( 0.000000000000000000, 3.491481338843000432E-15, -1.000000000000000000 ) ) ;
#12678 = EDGE_CURVE ( 'NONE', #12073, #4075, #8501, .T. ) ;
#12679 = CARTESIAN_POINT ( 'NONE',  ( 0.7249999999999999778, -9.116756773326001095, 0.04999999999999991257 ) ) ;
#12680 = CARTESIAN_POINT ( 'NONE',  ( 1.073507656070000094, -1.321028991337000136, 0.05000000000099998065 ) ) ;
#12681 = LINE ( 'NONE', #2952, #3711 ) ;
#12682 = DIRECTION ( 'NONE',  ( 1.000000000000000000, 0.000000000000000000, 0.000000000000000000 ) ) ;
#12683 = EDGE_CURVE ( 'NONE', #5408, #11184, #2670, .T. ) ;
#12684 = VECTOR ( 'NONE', #2946, 1000.000000000000000 ) ;
#12685 = EDGE_CURVE ( 'NONE', #8061, #11782, #11521, .T. ) ;
#12686 = AXIS2_PLACEMENT_3D ( 'NONE', #3236, #8166, #2454 ) ;
#12687 = CARTESIAN_POINT ( 'NONE',  ( 2.024999999999999911, 0.1000000000000002554, 0.1000000000010001083 ) ) ;
#12688 = CARTESIAN_POINT ( 'NONE',  ( -1.134706780219999933, -0.8112163535869999498, 0.07000000000100004005 ) ) ;
#12689 = AXIS2_PLACEMENT_3D ( 'NONE', #450, #3401, #10139 ) ;
#12690 = EDGE_LOOP ( 'NONE', ( #3007, #8952, #6769, #1513 ) ) ;
#12691 = ORIENTED_EDGE ( 'NONE', *, *, #2981, .T. ) ;
#12692 = ORIENTED_EDGE ( 'NONE', *, *, #1599, .T. ) ;
#12693 = LINE ( 'NONE', #1035, #5033 ) ;
ENDSEC;
END-ISO-10303-21;
