ISO-10303-21;
HEADER;
FILE_DESCRIPTION (( 'STEP AP214' ),
    '1' );
FILE_NAME ('XH2_54-WT.STEP',
    '2026-07-25T08:01:56',
    ( '' ),
    ( '' ),
    'SwSTEP 2.0',
    'SolidWorks 2025',
    '' );
FILE_SCHEMA (( 'AUTOMOTIVE_DESIGN' ));
ENDSEC;

DATA;
#1 = VECTOR ( 'NONE', #1215, 1000.000000000000000 ) ;
#2 = LINE ( 'NONE', #3724, #325 ) ;
#3 = VECTOR ( 'NONE', #2896, 1000.000000000000000 ) ;
#4 = EDGE_LOOP ( 'NONE', ( #4061, #2799, #1070, #1123, #712, #2399, #3987, #2743, #1489, #2049, #2684, #4705 ) ) ;
#5 = VECTOR ( 'NONE', #4527, 1000.000000000000000 ) ;
#6 = LINE ( 'NONE', #634, #861 ) ;
#7 = DIRECTION ( 'NONE',  ( 0.4226182617403738684, -0.9063077870368018152, -3.164356725688798837E-15 ) ) ;
#8 = ORIENTED_EDGE ( 'NONE', *, *, #4397, .F. ) ;
#9 = LINE ( 'NONE', #3458, #84 ) ;
#10 = ORIENTED_EDGE ( 'NONE', *, *, #3532, .F. ) ;
#11 = VECTOR ( 'NONE', #1771, 1000.000000000000000 ) ;
#12 = DIRECTION ( 'NONE',  ( -1.000000000000000000, 0.000000000000000000, 0.000000000000000000 ) ) ;
#13 = VECTOR ( 'NONE', #2539, 1000.000000000000000 ) ;
#14 = PLANE ( 'NONE',  #3200 ) ;
#15 = VECTOR ( 'NONE', #2462, 1000.000000000000000 ) ;
#16 = DIRECTION ( 'NONE',  ( -0.7071067811865474617, 0.7071067811865474617, 2.468850131083908146E-15 ) ) ;
#17 = ORIENTED_EDGE ( 'NONE', *, *, #2550, .T. ) ;
#18 = VECTOR ( 'NONE', #1794, 1000.000000000000000 ) ;
#19 = DIRECTION ( 'NONE',  ( -1.000000000000000000, 0.000000000000000000, 0.000000000000000000 ) ) ;
#20 = DIRECTION ( 'NONE',  ( 1.000000000000000000, 0.000000000000000000, 0.000000000000000000 ) ) ;
#21 = VERTEX_POINT ( 'NONE', #1900 ) ;
#22 = VERTEX_POINT ( 'NONE', #1923 ) ;
#23 = ORIENTED_EDGE ( 'NONE', *, *, #2405, .F. ) ;
#24 = DIRECTION ( 'NONE',  ( 3.491481338845460101E-15, 0.000000000000000000, 1.000000000000000000 ) ) ;
#25 = DIRECTION ( 'NONE',  ( -1.000000000000000000, 0.000000000000000000, 0.000000000000000000 ) ) ;
#26 = ADVANCED_FACE ( 'NONE', ( #1546 ), #3034, .F. ) ;
#27 = EDGE_CURVE ( 'NONE', #2391, #2092, #1687, .T. ) ;
#28 = ADVANCED_FACE ( 'NONE', ( #217 ), #4618, .F. ) ;
#29 = ORIENTED_EDGE ( 'NONE', *, *, #1456, .F. ) ;
#30 = DIRECTION ( 'NONE',  ( 0.000000000000000000, -3.956139412765000600E-15, 1.000000000000000000 ) ) ;
#31 = LINE ( 'NONE', #1518, #88 ) ;
#32 = DIRECTION ( 'NONE',  ( 0.000000000000000000, 0.000000000000000000, 1.000000000000000000 ) ) ;
#33 = LINE ( 'NONE', #1933, #4474 ) ;
#34 = VERTEX_POINT ( 'NONE', #3971 ) ;
#35 = ADVANCED_FACE ( 'NONE', ( #1254 ), #197, .F. ) ;
#36 = CARTESIAN_POINT ( 'NONE',  ( 3.750000000000000000, -4.692505281165000319, 2.125642915617999673 ) ) ;
#37 = ORIENTED_EDGE ( 'NONE', *, *, #4798, .T. ) ;
#38 = LINE ( 'NONE', #802, #3755 ) ;
#39 = CARTESIAN_POINT ( 'NONE',  ( -3.725000000000000089, -4.692505281165000319, 2.635691244187000404 ) ) ;
#40 = ORIENTED_EDGE ( 'NONE', *, *, #4003, .F. ) ;
#41 = VECTOR ( 'NONE', #2489, 1000.000000000000000 ) ;
#42 = DIRECTION ( 'NONE',  ( 0.000000000000000000, -3.491481338843000432E-15, 1.000000000000000000 ) ) ;
#43 = AXIS2_PLACEMENT_3D ( 'NONE', #3824, #2240, #3738 ) ;
#44 = LINE ( 'NONE', #4157, #1086 ) ;
#45 = EDGE_CURVE ( 'NONE', #2736, #3131, #3510, .T. ) ;
#46 = ORIENTED_EDGE ( 'NONE', *, *, #195, .T. ) ;
#47 = VECTOR ( 'NONE', #1201, 1000.000000000000114 ) ;
#48 = ORIENTED_EDGE ( 'NONE', *, *, #1883, .T. ) ;
#49 = LINE ( 'NONE', #1856, #692 ) ;
#50 = CARTESIAN_POINT ( 'NONE',  ( -3.725000000000000089, -2.525891170531000096, 4.326247638743000223 ) ) ;
#51 = CARTESIAN_POINT ( 'NONE',  ( 1.111985117132999967, 5.299999999999999822, 0.6399999999999999023 ) ) ;
#52 = DIRECTION ( 'NONE',  ( 0.000000000000000000, 3.553435748699000723E-15, -1.000000000000000000 ) ) ;
#53 = DIRECTION ( 'NONE',  ( 1.000000000000000000, 0.000000000000000000, 0.000000000000000000 ) ) ;
#54 = DIRECTION ( 'NONE',  ( 0.000000000000000000, 3.491481338843000432E-15, -1.000000000000000000 ) ) ;
#55 = EDGE_CURVE ( 'NONE', #3163, #1178, #567, .T. ) ;
#56 = ORIENTED_EDGE ( 'NONE', *, *, #882, .T. ) ;
#57 = DIRECTION ( 'NONE',  ( -1.000000000000000000, 0.000000000000000000, 0.000000000000000000 ) ) ;
#58 = CARTESIAN_POINT ( 'NONE',  ( -3.725000000000000089, -2.488637864772000441, 4.209999999998999876 ) ) ;
#59 = DIRECTION ( 'NONE',  ( 0.4226182617403738684, -0.9063077870368018152, -3.164356725688798837E-15 ) ) ;
#60 = VERTEX_POINT ( 'NONE', #4246 ) ;
#61 = ORIENTED_EDGE ( 'NONE', *, *, #4249, .F. ) ;
#62 = DIRECTION ( 'NONE',  ( -1.000000000000000000, 0.000000000000000000, 0.000000000000000000 ) ) ;
#63 = PLANE ( 'NONE',  #308 ) ;
#64 = EDGE_LOOP ( 'NONE', ( #375, #4483, #4058, #4299 ) ) ;
#65 = PRODUCT_DEFINITION ( 'ๆ', '', #2783, #869 ) ;
#66 = PLANE ( 'NONE',  #3364 ) ;
#67 = VECTOR ( 'NONE', #3176, 1000.000000000000000 ) ;
#68 = CARTESIAN_POINT ( 'NONE',  ( 3.524999999999999911, 2.299999999999999822, 0.1100000000010000339 ) ) ;
#69 = VECTOR ( 'NONE', #1927, 1000.000000000000000 ) ;
#70 = FACE_OUTER_BOUND ( 'NONE', #4314, .T. ) ;
#71 = CARTESIAN_POINT ( 'NONE',  ( -0.9299999999989999599, 1.618845387034999916, 3.109999999999999876 ) ) ;
#72 = CARTESIAN_POINT ( 'NONE',  ( -5.000000000000000000, -5.299999999998999733, 0.8099999999989999644 ) ) ;
#73 = EDGE_LOOP ( 'NONE', ( #2383, #498, #3892, #4196, #4716, #2358 ) ) ;
#74 = DIRECTION ( 'NONE',  ( 0.000000000000000000, 1.000000000000000000, 3.956139412765000600E-15 ) ) ;
#75 = ORIENTED_EDGE ( 'NONE', *, *, #3943, .F. ) ;
#76 = AXIS2_PLACEMENT_3D ( 'NONE', #3421, #3042, #4199 ) ;
#77 = EDGE_CURVE ( 'NONE', #1662, #1166, #4292, .T. ) ;
#78 = DIRECTION ( 'NONE',  ( 1.000000000000000000, 0.000000000000000000, 0.000000000000000000 ) ) ;
#79 = DIRECTION ( 'NONE',  ( 0.000000000000000000, 1.000000000000000000, 4.336808689963701156E-15 ) ) ;
#80 = VECTOR ( 'NONE', #4800, 1000.000000000000000 ) ;
#81 = CARTESIAN_POINT ( 'NONE',  ( -4.150000000000000355, -3.499999999998999911, 0.000000000000000000 ) ) ;
#82 = ORIENTED_EDGE ( 'NONE', *, *, #1040, .T. ) ;
#83 = ADVANCED_FACE ( 'NONE', ( #2769 ), #4691, .F. ) ;
#84 = VECTOR ( 'NONE', #3751, 1000.000000000000000 ) ;
#85 = EDGE_CURVE ( 'NONE', #4847, #1859, #152, .T. ) ;
#86 = CARTESIAN_POINT ( 'NONE',  ( 1.570000000000000062, 0.9999999999989999111, 3.750000000000000000 ) ) ;
#87 = ADVANCED_FACE ( 'NONE', ( #247 ), #954, .F. ) ;
#88 = VECTOR ( 'NONE', #4583, 1000.000000000000000 ) ;
#89 = CARTESIAN_POINT ( 'NONE',  ( 3.024999999999999911, -2.525891170531000096, 4.326247638743000223 ) ) ;
#90 = CARTESIAN_POINT ( 'NONE',  ( 3.024999999999999911, 1.699999999998999867, 5.110000000000000320 ) ) ;
#91 = ORIENTED_EDGE ( 'NONE', *, *, #3417, .T. ) ;
#92 = CARTESIAN_POINT ( 'NONE',  ( -3.024999999999999911, -5.299999999998999733, 0.8099999999989999644 ) ) ;
#93 = VERTEX_POINT ( 'NONE', #906 ) ;
#94 = LINE ( 'NONE', #2703, #2328 ) ;
#95 = DIRECTION ( 'NONE',  ( 0.000000000000000000, -1.000000000000000000, -3.516331370223257730E-15 ) ) ;
#96 = ORIENTED_EDGE ( 'NONE', *, *, #2169, .T. ) ;
#97 = PLANE ( 'NONE',  #1015 ) ;
#98 = CARTESIAN_POINT ( 'NONE',  ( -9.840731680114000568, -2.812216340087000166, 0.1100000000000000144 ) ) ;
#99 = ORIENTED_EDGE ( 'NONE', *, *, #871, .T. ) ;
#100 = DIRECTION ( 'NONE',  ( 0.000000000000000000, -1.000000000000000000, -3.491481338843000432E-15 ) ) ;
#101 = VERTEX_POINT ( 'NONE', #2372 ) ;
#102 = DIRECTION ( 'NONE',  ( 0.000000000000000000, -3.491481338843000432E-15, 1.000000000000000000 ) ) ;
#103 = DIRECTION ( 'NONE',  ( 0.000000000000000000, -3.491481338843000432E-15, 1.000000000000000000 ) ) ;
#104 = FACE_OUTER_BOUND ( 'NONE', #4546, .T. ) ;
#105 = ORIENTED_EDGE ( 'NONE', *, *, #1671, .T. ) ;
#106 = CARTESIAN_POINT ( 'NONE',  ( 3.750000000000000000, -5.199999999999000089, 0.2999999999999999889 ) ) ;
#107 = DIRECTION ( 'NONE',  ( -1.000000000000000000, 0.000000000000000000, 0.000000000000000000 ) ) ;
#108 = PLANE ( 'NONE',  #620 ) ;
#109 = ORIENTED_EDGE ( 'NONE', *, *, #1059, .F. ) ;
#110 = ADVANCED_FACE ( 'NONE', ( #1643 ), #1297, .F. ) ;
#111 = CARTESIAN_POINT ( 'NONE',  ( -0.7499999999990000221, -5.299999999998999733, 0.1100000000000000144 ) ) ;
#112 = EDGE_CURVE ( 'NONE', #4709, #1798, #2842, .T. ) ;
#113 = ORIENTED_EDGE ( 'NONE', *, *, #940, .T. ) ;
#114 = LINE ( 'NONE', #1978, #1009 ) ;
#115 = VECTOR ( 'NONE', #307, 1000.000000000000000 ) ;
#116 = ORIENTED_EDGE ( 'NONE', *, *, #1096, .F. ) ;
#117 = CARTESIAN_POINT ( 'NONE',  ( 3.725000000000000089, -1.568312994765999946, 0.1100000000000000144 ) ) ;
#118 = ORIENTED_EDGE ( 'NONE', *, *, #1033, .F. ) ;
#119 = LINE ( 'NONE', #774, #4550 ) ;
#120 = LINE ( 'NONE', #3078, #1316 ) ;
#121 = DIRECTION ( 'NONE',  ( 0.000000000000000000, -3.491481338843000432E-15, 1.000000000000000000 ) ) ;
#122 = EDGE_CURVE ( 'NONE', #4435, #3247, #4650, .T. ) ;
#123 = ORIENTED_EDGE ( 'NONE', *, *, #3578, .F. ) ;
#124 = CARTESIAN_POINT ( 'NONE',  ( -3.024999999998999822, -2.902923579057999692, 4.709999999998999876 ) ) ;
#125 = CARTESIAN_POINT ( 'NONE',  ( -3.524999999998999822, -2.612216340086999988, 0.009999999999999972453 ) ) ;
#126 = ORIENTED_EDGE ( 'NONE', *, *, #3734, .F. ) ;
#127 = EDGE_LOOP ( 'NONE', ( #529, #556, #3911, #1986 ) ) ;
#128 = EDGE_CURVE ( 'NONE', #4205, #380, #545, .T. ) ;
#129 = FACE_OUTER_BOUND ( 'NONE', #4015, .T. ) ;
#130 = CARTESIAN_POINT ( 'NONE',  ( 3.725000000000000089, -4.692505281165000319, 2.125642915617999673 ) ) ;
#131 = CARTESIAN_POINT ( 'NONE',  ( -3.024999999998999822, 1.699999999998999867, 4.909999999999999254 ) ) ;
#132 = VERTEX_POINT ( 'NONE', #517 ) ;
#133 = CARTESIAN_POINT ( 'NONE',  ( -5.000000000000000000, -5.299999999999999822, 4.709999999998999876 ) ) ;
#134 = ADVANCED_FACE ( 'NONE', ( #2062 ), #1668, .F. ) ;
#135 = ORIENTED_EDGE ( 'NONE', *, *, #4211, .F. ) ;
#136 = CARTESIAN_POINT ( 'NONE',  ( -1.570000000000000062, 4.799999999999999822, 0.6399999999999999023 ) ) ;
#137 = ADVANCED_FACE ( 'NONE', ( #4318 ), #588, .F. ) ;
#138 = EDGE_CURVE ( 'NONE', #4587, #596, #2887, .T. ) ;
#139 = VERTEX_POINT ( 'NONE', #4098 ) ;
#140 = DIRECTION ( 'NONE',  ( 0.000000000000000000, 3.491481338843000432E-15, -1.000000000000000000 ) ) ;
#141 = ORIENTED_EDGE ( 'NONE', *, *, #1879, .T. ) ;
#142 = CARTESIAN_POINT ( 'NONE',  ( -0.9299999999989999599, 4.799999999999999822, 1.000013873792005015E-12 ) ) ;
#143 = CARTESIAN_POINT ( 'NONE',  ( -2.124999999998999911, -5.299999999999999822, 6.109999999999000231 ) ) ;
#144 = LINE ( 'NONE', #485, #2580 ) ;
#145 = VECTOR ( 'NONE', #1585, 1000.000000000000000 ) ;
#146 = CARTESIAN_POINT ( 'NONE',  ( 0.000000000000000000, 0.000000000000000000, 0.000000000000000000 ) ) ;
#147 = AXIS2_PLACEMENT_3D ( 'NONE', #1022, #2959, #1864 ) ;
#148 = PLANE ( 'NONE',  #3603 ) ;
#149 = VECTOR ( 'NONE', #2189, 1000.000000000000000 ) ;
#150 = CARTESIAN_POINT ( 'NONE',  ( -9.840731680114000568, -2.812216340087000166, 0.1100000000000000144 ) ) ;
#151 = ORIENTED_EDGE ( 'NONE', *, *, #1231, .F. ) ;
#152 = LINE ( 'NONE', #1347, #1955 ) ;
#153 = VECTOR ( 'NONE', #2146, 1000.000000000000000 ) ;
#154 = LINE ( 'NONE', #3115, #4182 ) ;
#155 = VECTOR ( 'NONE', #4653, 1000.000000000000000 ) ;
#156 = DIRECTION ( 'NONE',  ( -1.000000000000000000, 0.000000000000000000, 0.000000000000000000 ) ) ;
#157 = AXIS2_PLACEMENT_3D ( 'NONE', #1251, #2746, #4244 ) ;
#158 = FACE_OUTER_BOUND ( 'NONE', #636, .T. ) ;
#159 = ORIENTED_EDGE ( 'NONE', *, *, #1602, .F. ) ;
#160 = AXIS2_PLACEMENT_3D ( 'NONE', #433, #2312, #456 ) ;
#161 = DIRECTION ( 'NONE',  ( -2.710505431212999834E-16, 1.000000000000000000, 3.491481338843000432E-15 ) ) ;
#162 = AXIS2_PLACEMENT_3D ( 'NONE', #277, #1239, #2903 ) ;
#163 = VERTEX_POINT ( 'NONE', #2208 ) ;
#164 = FACE_OUTER_BOUND ( 'NONE', #1194, .T. ) ;
#165 = CARTESIAN_POINT ( 'NONE',  ( -3.725000000000000089, -2.688637864771999730, 4.209999999998999876 ) ) ;
#166 = ADVANCED_FACE ( 'NONE', ( #2914 ), #2592, .F. ) ;
#167 = VECTOR ( 'NONE', #1889, 1000.000000000000000 ) ;
#168 = DIRECTION ( 'NONE',  ( 0.000000000000000000, 3.491481338843000432E-15, -1.000000000000000000 ) ) ;
#169 = EDGE_CURVE ( 'NONE', #1379, #3602, #4024, .T. ) ;
#170 = DIRECTION ( 'NONE',  ( 1.000000000000000000, 0.000000000000000000, 0.000000000000000000 ) ) ;
#171 = EDGE_CURVE ( 'NONE', #3457, #4104, #661, .T. ) ;
#172 = EDGE_CURVE ( 'NONE', #422, #491, #683, .T. ) ;
#173 = VERTEX_POINT ( 'NONE', #1789 ) ;
#174 = CARTESIAN_POINT ( 'NONE',  ( -0.9299999999989999599, -3.460567877848999885, 3.749999999998999911 ) ) ;
#175 = DIRECTION ( 'NONE',  ( 1.000000000000000000, 6.395980882770000157E-16, 2.233144789578999978E-30 ) ) ;
#176 = ORIENTED_EDGE ( 'NONE', *, *, #3654, .F. ) ;
#177 = ADVANCED_FACE ( 'NONE', ( #2179 ), #4791, .T. ) ;
#178 = DIRECTION ( 'NONE',  ( 0.000000000000000000, -1.000000000000000000, -3.491481338843000432E-15 ) ) ;
#179 = DIRECTION ( 'NONE',  ( 0.000000000000000000, 0.7071067811865474617, -0.7071067811865474617 ) ) ;
#180 = DIRECTION ( 'NONE',  ( 0.3236155771183229501, 0.8891264907158876740, -0.3236155771183229501 ) ) ;
#181 = PLANE ( 'NONE',  #3672 ) ;
#182 = VERTEX_POINT ( 'NONE', #2562 ) ;
#183 = ORIENTED_EDGE ( 'NONE', *, *, #2890, .F. ) ;
#184 = CARTESIAN_POINT ( 'NONE',  ( -2.924999999999000178, -5.099999999999000444, 0.009999999999999972453 ) ) ;
#185 = ORIENTED_EDGE ( 'NONE', *, *, #2772, .F. ) ;
#186 = CARTESIAN_POINT ( 'NONE',  ( 9.840731680114000568, -4.692505281165000319, 2.635691244187000404 ) ) ;
#187 = VECTOR ( 'NONE', #3184, 1000.000000000000000 ) ;
#188 = ORIENTED_EDGE ( 'NONE', *, *, #2744, .F. ) ;
#189 = CYLINDRICAL_SURFACE ( 'NONE', #1940, 0.2999999999989998445 ) ;
#190 = VECTOR ( 'NONE', #357, 1000.000000000000000 ) ;
#191 = DIRECTION ( 'NONE',  ( 0.000000000000000000, 1.000000000000000000, 3.614007241618338910E-15 ) ) ;
#192 = ORIENTED_EDGE ( 'NONE', *, *, #1759, .T. ) ;
#193 = CARTESIAN_POINT ( 'NONE',  ( -4.150000000000000355, -3.199999999999000089, 2.125642915617999673 ) ) ;
#194 = FACE_OUTER_BOUND ( 'NONE', #1958, .T. ) ;
#195 = EDGE_CURVE ( 'NONE', #2712, #3612, #323, .T. ) ;
#196 = EDGE_LOOP ( 'NONE', ( #4216, #756, #2287, #2757 ) ) ;
#197 = PLANE ( 'NONE',  #859 ) ;
#198 = CARTESIAN_POINT ( 'NONE',  ( 2.125000000000000000, -4.159415119350000190, 5.409999999999000053 ) ) ;
#199 = DIRECTION ( 'NONE',  ( 0.000000000000000000, 1.000000000000000000, 3.501506313189000431E-15 ) ) ;
#200 = PLANE ( 'NONE',  #3288 ) ;
#201 = EDGE_LOOP ( 'NONE', ( #3828, #3617, #4775, #889 ) ) ;
#202 = EDGE_LOOP ( 'NONE', ( #135, #896, #1595, #575 ) ) ;
#203 = CARTESIAN_POINT ( 'NONE',  ( 0.9300000000000000488, 2.500000000000000000, 0.6399999999999999023 ) ) ;
#204 = ORIENTED_EDGE ( 'NONE', *, *, #2901, .F. ) ;
#205 = DIRECTION ( 'NONE',  ( 0.000000000000000000, -3.491481338843000432E-15, 1.000000000000000000 ) ) ;
#206 = ORIENTED_EDGE ( 'NONE', *, *, #463, .F. ) ;
#207 = CARTESIAN_POINT ( 'NONE',  ( -4.150000000000000355, -5.199999999999000089, 1.825642915618000073 ) ) ;
#208 = CARTESIAN_POINT ( 'NONE',  ( -1.570000000000000062, -3.460567877848999885, 0.6999999999990000887 ) ) ;
#209 = EDGE_LOOP ( 'NONE', ( #505, #427, #2531, #1795 ) ) ;
#210 = CARTESIAN_POINT ( 'NONE',  ( 2.924999999999000178, 2.299999999999999822, 0.01000000000099998676 ) ) ;
#211 = ORIENTED_EDGE ( 'NONE', *, *, #3473, .T. ) ;
#212 = DIRECTION ( 'NONE',  ( 1.000000000000000000, 0.000000000000000000, 0.000000000000000000 ) ) ;
#213 =( NAMED_UNIT ( * ) SI_UNIT ( $, .STERADIAN. ) SOLID_ANGLE_UNIT ( ) );
#214 = ORIENTED_EDGE ( 'NONE', *, *, #1731, .T. ) ;
#215 = AXIS2_PLACEMENT_3D ( 'NONE', #2132, #1768, #4766 ) ;
#216 = ORIENTED_EDGE ( 'NONE', *, *, #321, .F. ) ;
#217 = FACE_OUTER_BOUND ( 'NONE', #1667, .T. ) ;
#218 = LINE ( 'NONE', #3628, #1041 ) ;
#219 = EDGE_CURVE ( 'NONE', #1772, #2351, #1069, .T. ) ;
#220 = VECTOR ( 'NONE', #4113, 1000.000000000000114 ) ;
#221 = LINE ( 'NONE', #3147, #155 ) ;
#222 = ADVANCED_FACE ( 'NONE', ( #3729, #4047, #996 ), #266, .T. ) ;
#223 = DIRECTION ( 'NONE',  ( 0.000000000000000000, 3.491481338845460101E-15, -1.000000000000000000 ) ) ;
#224 = ORIENTED_EDGE ( 'NONE', *, *, #1918, .T. ) ;
#225 = ADVANCED_FACE ( 'NONE', ( #3679 ), #3314, .F. ) ;
#226 = VECTOR ( 'NONE', #956, 1000.000000000000000 ) ;
#227 = EDGE_CURVE ( 'NONE', #336, #139, #4444, .T. ) ;
#228 = VECTOR ( 'NONE', #1802, 1000.000000000000000 ) ;
#229 = AXIS2_PLACEMENT_3D ( 'NONE', #3523, #4278, #1698 ) ;
#230 = ORIENTED_EDGE ( 'NONE', *, *, #1773, .F. ) ;
#231 = DIRECTION ( 'NONE',  ( 0.000000000000000000, 1.000000000000000000, 4.336808689963701156E-15 ) ) ;
#232 = AXIS2_PLACEMENT_3D ( 'NONE', #2979, #1490, #4811 ) ;
#233 = LINE ( 'NONE', #3868, #2900 ) ;
#234 = ORIENTED_EDGE ( 'NONE', *, *, #3236, .T. ) ;
#235 = DIRECTION ( 'NONE',  ( 0.000000000000000000, 3.491481338843000432E-15, -1.000000000000000000 ) ) ;
#236 = VECTOR ( 'NONE', #4499, 1000.000000000000000 ) ;
#237 = AXIS2_PLACEMENT_3D ( 'NONE', #637, #3707, #2864 ) ;
#238 = ORIENTED_EDGE ( 'NONE', *, *, #1936, .T. ) ;
#239 = DIRECTION ( 'NONE',  ( -2.710505431212999834E-16, 1.000000000000000000, 3.491481338843000432E-15 ) ) ;
#240 = VECTOR ( 'NONE', #2149, 1000.000000000000000 ) ;
#241 = DIRECTION ( 'NONE',  ( 0.000000000000000000, -1.000000000000000000, -3.491481338843000432E-15 ) ) ;
#242 = CARTESIAN_POINT ( 'NONE',  ( -4.999999999998999911, -2.812216340087000166, 0.1100000000000000144 ) ) ;
#243 = AXIS2_PLACEMENT_3D ( 'NONE', #3701, #2124, #1812 ) ;
#244 = PLANE ( 'NONE',  #3378 ) ;
#245 = CARTESIAN_POINT ( 'NONE',  ( 3.024999999999999911, -2.902923579057999692, 4.509999999998999698 ) ) ;
#246 = ORIENTED_EDGE ( 'NONE', *, *, #4040, .F. ) ;
#247 = FACE_OUTER_BOUND ( 'NONE', #2375, .T. ) ;
#248 = PLANE ( 'NONE',  #4501 ) ;
#249 = CARTESIAN_POINT ( 'NONE',  ( -0.9299999999989999599, 4.799999999999999822, 1.000013873792005015E-12 ) ) ;
#250 = CARTESIAN_POINT ( 'NONE',  ( 0.000000000000000000, 2.500000000000000000, 0.01000000000099998676 ) ) ;
#251 = ORIENTED_EDGE ( 'NONE', *, *, #630, .F. ) ;
#252 = ORIENTED_EDGE ( 'NONE', *, *, #1360, .T. ) ;
#253 = LINE ( 'NONE', #3170, #839 ) ;
#254 = PLANE ( 'NONE',  #4232 ) ;
#255 = ORIENTED_EDGE ( 'NONE', *, *, #4793, .F. ) ;
#256 = CARTESIAN_POINT ( 'NONE',  ( 4.999999999998999911, -4.692505281165000319, 1.125642915617999895 ) ) ;
#257 = EDGE_LOOP ( 'NONE', ( #1656, #1443, #715, #938, #4752, #873, #4494, #2869, #4338, #1375, #4241, #2306 ) ) ;
#258 = PLANE ( 'NONE',  #3744 ) ;
#259 = EDGE_CURVE ( 'NONE', #4487, #2631, #345, .T. ) ;
#260 = LINE ( 'NONE', #705, #4778 ) ;
#261 = FACE_OUTER_BOUND ( 'NONE', #1311, .T. ) ;
#262 = ORIENTED_EDGE ( 'NONE', *, *, #2774, .F. ) ;
#263 = LINE ( 'NONE', #4441, #1412 ) ;
#264 = PLANE ( 'NONE',  #2404 ) ;
#265 = ORIENTED_EDGE ( 'NONE', *, *, #4133, .T. ) ;
#266 = PLANE ( 'NONE',  #1095 ) ;
#267 = EDGE_CURVE ( 'NONE', #1487, #3247, #1842, .T. ) ;
#268 = VECTOR ( 'NONE', #4195, 1000.000000000000000 ) ;
#269 = CARTESIAN_POINT ( 'NONE',  ( -0.9299999999989999599, 1.618845387034999916, 3.009999999999999787 ) ) ;
#270 = CARTESIAN_POINT ( 'NONE',  ( -0.9299999999989999599, 1.718784469735999965, 3.013489949669999834 ) ) ;
#271 = ORIENTED_EDGE ( 'NONE', *, *, #528, .T. ) ;
#272 = CARTESIAN_POINT ( 'NONE',  ( 3.725000000000000089, -5.299999999999999822, 6.109999999999000231 ) ) ;
#273 = CARTESIAN_POINT ( 'NONE',  ( 1.570000000000000062, 1.618845387034999916, 3.009999999999999787 ) ) ;
#274 = EDGE_LOOP ( 'NONE', ( #592, #230, #4634, #3966, #3853, #105, #3153, #4608, #4222, #583, #4689, #766, #1583, #2143, #2696, #1422, #3179, #3286, #4248, #3694 ) ) ;
#275 = ORIENTED_EDGE ( 'NONE', *, *, #914, .F. ) ;
#276 = DIRECTION ( 'NONE',  ( 0.000000000000000000, 3.491481338843000432E-15, -1.000000000000000000 ) ) ;
#277 = CARTESIAN_POINT ( 'NONE',  ( -3.725000000000000089, -2.902923579057999692, 4.509999999998999698 ) ) ;
#278 = VECTOR ( 'NONE', #57, 1000.000000000000000 ) ;
#279 = ORIENTED_EDGE ( 'NONE', *, *, #4320, .T. ) ;
#280 = DIRECTION ( 'NONE',  ( -1.000000000000000000, 0.000000000000000000, 0.000000000000000000 ) ) ;
#281 = EDGE_CURVE ( 'NONE', #182, #1252, #1102, .T. ) ;
#282 = VERTEX_POINT ( 'NONE', #1471 ) ;
#283 = CARTESIAN_POINT ( 'NONE',  ( -4.224999999999999645, -4.692505281165000319, 1.125642915617999895 ) ) ;
#284 = LINE ( 'NONE', #1383, #2649 ) ;
#285 = EDGE_CURVE ( 'NONE', #2671, #2904, #2962, .T. ) ;
#286 = VERTEX_POINT ( 'NONE', #1394 ) ;
#287 = PLANE ( 'NONE',  #2982 ) ;
#288 = EDGE_CURVE ( 'NONE', #2196, #1562, #1739, .T. ) ;
#289 = VERTEX_POINT ( 'NONE', #2342 ) ;
#290 = CARTESIAN_POINT ( 'NONE',  ( 3.024999999999999911, 1.199999999998999867, 4.309999999999999609 ) ) ;
#291 = CARTESIAN_POINT ( 'NONE',  ( 4.150000000000000355, -5.199999999999000089, 0.2999999999999999889 ) ) ;
#292 = ORIENTED_EDGE ( 'NONE', *, *, #2206, .F. ) ;
#293 = CARTESIAN_POINT ( 'NONE',  ( -9.840731680114000568, -1.568312994765999946, 2.635691244187000404 ) ) ;
#294 = EDGE_CURVE ( 'NONE', #554, #1901, #2990, .T. ) ;
#295 = DIRECTION ( 'NONE',  ( 0.000000000000000000, 1.000000000000000000, 0.000000000000000000 ) ) ;
#296 = DIRECTION ( 'NONE',  ( 1.000000000000000000, 0.000000000000000000, 0.000000000000000000 ) ) ;
#297 = CARTESIAN_POINT ( 'NONE',  ( -1.388014882866000166, 5.299999999999999822, 0.1819851171340000073 ) ) ;
#298 = CARTESIAN_POINT ( 'NONE',  ( -3.725000000000000089, -5.299999999998999733, 0.1100000000000000144 ) ) ;
#299 = EDGE_LOOP ( 'NONE', ( #216, #4790, #1495, #3320 ) ) ;
#300 = AXIS2_PLACEMENT_3D ( 'NONE', #1446, #1100, #2150 ) ;
#301 = VERTEX_POINT ( 'NONE', #1538 ) ;
#302 = CARTESIAN_POINT ( 'NONE',  ( -1.425000000000000044, -1.800000000000000044, 5.409999999999000053 ) ) ;
#303 = VECTOR ( 'NONE', #4092, 1000.000000000000000 ) ;
#304 = LINE ( 'NONE', #3717, #616 ) ;
#305 = VECTOR ( 'NONE', #3442, 1000.000000000000000 ) ;
#306 = ORIENTED_EDGE ( 'NONE', *, *, #2928, .F. ) ;
#307 = DIRECTION ( 'NONE',  ( 0.000000000000000000, -1.000000000000000000, -3.491481338843000432E-15 ) ) ;
#308 = AXIS2_PLACEMENT_3D ( 'NONE', #887, #3118, #864 ) ;
#309 = VECTOR ( 'NONE', #1202, 1000.000000000000000 ) ;
#310 = DIRECTION ( 'NONE',  ( 0.000000000000000000, -3.491481338843000432E-15, 1.000000000000000000 ) ) ;
#311 = CARTESIAN_POINT ( 'NONE',  ( 1.570000000000000062, 1.618845387034999916, 3.109999999999999876 ) ) ;
#312 = ORIENTED_EDGE ( 'NONE', *, *, #1462, .T. ) ;
#313 = CARTESIAN_POINT ( 'NONE',  ( 1.111985117132999967, -3.960567877848999885, 3.291985117133000127 ) ) ;
#314 = AXIS2_PLACEMENT_3D ( 'NONE', #2081, #4819, #1423 ) ;
#315 = VECTOR ( 'NONE', #3981, 1000.000000000000000 ) ;
#316 = ORIENTED_EDGE ( 'NONE', *, *, #381, .T. ) ;
#317 = VERTEX_POINT ( 'NONE', #801 ) ;
#318 = EDGE_CURVE ( 'NONE', #870, #1530, #1589, .T. ) ;
#319 = DIRECTION ( 'NONE',  ( 0.000000000000000000, -0.7071067811865475727, 0.7071067811865475727 ) ) ;
#320 = CARTESIAN_POINT ( 'NONE',  ( -1.891846170922000026, -4.659415119349999301, 6.109999999999000231 ) ) ;
#321 = EDGE_CURVE ( 'NONE', #1109, #3125, #33, .T. ) ;
#322 = ORIENTED_EDGE ( 'NONE', *, *, #2630, .F. ) ;
#323 = LINE ( 'NONE', #3287, #2972 ) ;
#324 = ORIENTED_EDGE ( 'NONE', *, *, #2522, .F. ) ;
#325 = VECTOR ( 'NONE', #2983, 1000.000000000000000 ) ;
#326 = CARTESIAN_POINT ( 'NONE',  ( -3.024999999998999822, 9.300164471903999086, 5.410000000000000142 ) ) ;
#327 = CARTESIAN_POINT ( 'NONE',  ( -1.749999999998999911, 2.500000000000000000, 0.8099999999999999423 ) ) ;
#328 = EDGE_CURVE ( 'NONE', #2827, #2343, #2635, .T. ) ;
#329 = DIRECTION ( 'NONE',  ( 1.000000000000000000, 0.000000000000000000, 0.000000000000000000 ) ) ;
#330 = ORIENTED_EDGE ( 'NONE', *, *, #2778, .F. ) ;
#331 = CARTESIAN_POINT ( 'NONE',  ( -0.9299999999989999599, -3.460567877848999885, 3.109999999998999787 ) ) ;
#332 = CARTESIAN_POINT ( 'NONE',  ( 2.125000000000000000, -4.159415119350000190, 6.109999999999000231 ) ) ;
#333 = ORIENTED_EDGE ( 'NONE', *, *, #4748, .F. ) ;
#334 = LINE ( 'NONE', #1832, #4743 ) ;
#335 = EDGE_CURVE ( 'NONE', #1449, #1472, #9, .T. ) ;
#336 = VERTEX_POINT ( 'NONE', #1142 ) ;
#337 = VERTEX_POINT ( 'NONE', #3079 ) ;
#338 = LINE ( 'NONE', #1437, #688 ) ;
#339 = CARTESIAN_POINT ( 'NONE',  ( -3.725000000000000089, -0.2527027027020000149, 1.143783783783000052 ) ) ;
#340 = LINE ( 'NONE', #1836, #2352 ) ;
#341 = ORIENTED_EDGE ( 'NONE', *, *, #1514, .T. ) ;
#342 = CARTESIAN_POINT ( 'NONE',  ( 4.999999999998999911, -5.299999999999999822, 6.109999999999000231 ) ) ;
#343 = PLANE ( 'NONE',  #2024 ) ;
#344 = ORIENTED_EDGE ( 'NONE', *, *, #1636, .F. ) ;
#345 = LINE ( 'NONE', #4742, #4151 ) ;
#346 = CARTESIAN_POINT ( 'NONE',  ( -0.9299999999989999599, 0.9999999999989999111, 3.750000000000000000 ) ) ;
#347 = ORIENTED_EDGE ( 'NONE', *, *, #2141, .F. ) ;
#348 = EDGE_CURVE ( 'NONE', #2804, #1820, #948, .T. ) ;
#349 = LINE ( 'NONE', #1400, #2883 ) ;
#350 = CARTESIAN_POINT ( 'NONE',  ( -5.000000000000000000, -2.688637864771999730, 4.009999999998999698 ) ) ;
#351 = VECTOR ( 'NONE', #3146, 1000.000000000000000 ) ;
#352 = VERTEX_POINT ( 'NONE', #755 ) ;
#353 = EDGE_CURVE ( 'NONE', #3498, #1827, #777, .T. ) ;
#354 = CARTESIAN_POINT ( 'NONE',  ( -3.725000000000000089, 2.500000000000000000, 0.1100000000010000339 ) ) ;
#355 = CARTESIAN_POINT ( 'NONE',  ( 1.570000000000000062, 1.399999999998999822, 3.109999999999999876 ) ) ;
#356 = ORIENTED_EDGE ( 'NONE', *, *, #4072, .F. ) ;
#357 = DIRECTION ( 'NONE',  ( 0.000000000000000000, -3.491481338843000432E-15, 1.000000000000000000 ) ) ;
#358 = EDGE_CURVE ( 'NONE', #1230, #2393, #2315, .T. ) ;
#359 = VERTEX_POINT ( 'NONE', #3006 ) ;
#360 = ORIENTED_EDGE ( 'NONE', *, *, #2832, .T. ) ;
#361 = AXIS2_PLACEMENT_3D ( 'NONE', #146, #1196, #3893 ) ;
#362 = DIRECTION ( 'NONE',  ( 0.000000000000000000, -1.000000000000000000, -3.491481338843000432E-15 ) ) ;
#363 = DIRECTION ( 'NONE',  ( 0.000000000000000000, 1.000000000000000000, 3.956139412765000600E-15 ) ) ;
#364 = DIRECTION ( 'NONE',  ( 0.3236155771183229501, 0.8891264907158876740, -0.3236155771183229501 ) ) ;
#365 = VERTEX_POINT ( 'NONE', #2276 ) ;
#366 = DIRECTION ( 'NONE',  ( 1.000000000000000000, 0.000000000000000000, 0.000000000000000000 ) ) ;
#367 = DIRECTION ( 'NONE',  ( 0.000000000000000000, -3.491481338843000432E-15, 1.000000000000000000 ) ) ;
#368 = ORIENTED_EDGE ( 'NONE', *, *, #1702, .F. ) ;
#369 = CARTESIAN_POINT ( 'NONE',  ( 4.799999999998999733, -1.768312994765999679, 0.009999999999999972453 ) ) ;
#370 = ORIENTED_EDGE ( 'NONE', *, *, #4798, .F. ) ;
#371 = LINE ( 'NONE', #3009, #278 ) ;
#372 = EDGE_LOOP ( 'NONE', ( #3359, #211, #4197, #3741 ) ) ;
#373 = CARTESIAN_POINT ( 'NONE',  ( -5.000000000000000000, -2.525891170531000096, 4.326247638743000223 ) ) ;
#374 = CARTESIAN_POINT ( 'NONE',  ( 2.125000000000000000, -2.500000000000000000, 5.409999999999000053 ) ) ;
#375 = ORIENTED_EDGE ( 'NONE', *, *, #1690, .T. ) ;
#376 = EDGE_CURVE ( 'NONE', #3509, #3163, #1172, .T. ) ;
#377 = CARTESIAN_POINT ( 'NONE',  ( -2.924999999999000178, 2.299999999999999822, 0.01000000000099998676 ) ) ;
#378 = ADVANCED_FACE ( 'NONE', ( #4562 ), #3389, .T. ) ;
#379 = LINE ( 'NONE', #4805, #4619 ) ;
#380 = VERTEX_POINT ( 'NONE', #3779 ) ;
#381 = EDGE_CURVE ( 'NONE', #4475, #2080, #3815, .T. ) ;
#382 = ORIENTED_EDGE ( 'NONE', *, *, #1848, .F. ) ;
#383 = EDGE_LOOP ( 'NONE', ( #116, #4328, #2538, #3897 ) ) ;
#384 = CARTESIAN_POINT ( 'NONE',  ( -1.111985117132999967, -3.960567877848999885, 3.291985117133000127 ) ) ;
#385 = VECTOR ( 'NONE', #2780, 1000.000000000000000 ) ;
#386 = DIRECTION ( 'NONE',  ( 1.000000000000000000, 0.000000000000000000, 0.000000000000000000 ) ) ;
#387 = CIRCLE ( 'NONE', #3121, 0.2999999999989998445 ) ;
#388 = VECTOR ( 'NONE', #2762, 1000.000000000000000 ) ;
#389 = AXIS2_PLACEMENT_3D ( 'NONE', #932, #1718, #2775 ) ;
#390 = ORIENTED_EDGE ( 'NONE', *, *, #413, .T. ) ;
#391 = LINE ( 'NONE', #2516, #3383 ) ;
#392 = AXIS2_PLACEMENT_3D ( 'NONE', #2795, #2448, #4723 ) ;
#393 = CARTESIAN_POINT ( 'NONE',  ( -5.000000000000000000, -2.902923579057999692, 4.709999999998999876 ) ) ;
#394 = FACE_OUTER_BOUND ( 'NONE', #2402, .T. ) ;
#395 = EDGE_LOOP ( 'NONE', ( #324, #4425, #1267, #214 ) ) ;
#396 = DIRECTION ( 'NONE',  ( -1.000000000000000000, 0.000000000000000000, 0.000000000000000000 ) ) ;
#397 = ORIENTED_EDGE ( 'NONE', *, *, #1334, .T. ) ;
#398 = AXIS2_PLACEMENT_3D ( 'NONE', #1214, #2295, #2685 ) ;
#399 = PLANE ( 'NONE',  #2859 ) ;
#400 = EDGE_CURVE ( 'NONE', #425, #3201, #4169, .T. ) ;
#401 = CARTESIAN_POINT ( 'NONE',  ( 3.524999999999999911, -5.099999999999000444, 0.009999999999999972453 ) ) ;
#402 = DIRECTION ( 'NONE',  ( 0.000000000000000000, -1.000000000000000000, -3.491481338843000432E-15 ) ) ;
#403 = ORIENTED_EDGE ( 'NONE', *, *, #3143, .F. ) ;
#404 = AXIS2_PLACEMENT_3D ( 'NONE', #1244, #4240, #3991 ) ;
#405 = LINE ( 'NONE', #1902, #4858 ) ;
#406 = CARTESIAN_POINT ( 'NONE',  ( 3.750000000000000000, -5.199999999999000089, 0.2999999999999999889 ) ) ;
#407 = EDGE_LOOP ( 'NONE', ( #1376, #2085, #1960, #4581 ) ) ;
#408 = ORIENTED_EDGE ( 'NONE', *, *, #1146, .F. ) ;
#409 = EDGE_LOOP ( 'NONE', ( #836, #4820, #840, #4111, #1980, #4680, #17, #4087, #1749, #1005, #1134 ) ) ;
#410 = CARTESIAN_POINT ( 'NONE',  ( 0.9300000000000000488, 2.358394599029000283, 3.035825627559000317 ) ) ;
#411 = EDGE_CURVE ( 'NONE', #1534, #4475, #2297, .T. ) ;
#412 = LINE ( 'NONE', #1908, #3594 ) ;
#413 = EDGE_CURVE ( 'NONE', #4099, #2913, #2249, .T. ) ;
#414 = PLANE ( 'NONE',  #4638 ) ;
#415 = LINE ( 'NONE', #4186, #3130 ) ;
#416 = CARTESIAN_POINT ( 'NONE',  ( 0.9300000000000000488, 2.500000000000000000, 0.6999999999999999556 ) ) ;
#417 = DIRECTION ( 'NONE',  ( -1.000000000000000000, 0.000000000000000000, 0.000000000000000000 ) ) ;
#418 = DIRECTION ( 'NONE',  ( 0.000000000000000000, -3.491481338843000432E-15, 1.000000000000000000 ) ) ;
#419 = CARTESIAN_POINT ( 'NONE',  ( 4.799999999998999733, -1.768312994765999679, 0.1100000000000000144 ) ) ;
#420 = CARTESIAN_POINT ( 'NONE',  ( -9.840731680114000568, -1.568312994765999946, 2.635691244187000404 ) ) ;
#421 = ADVANCED_FACE ( 'NONE', ( #820 ), #437, .T. ) ;
#422 = VERTEX_POINT ( 'NONE', #2709 ) ;
#423 = DIRECTION ( 'NONE',  ( 0.000000000000000000, 1.000000000000000000, 3.956139412765000600E-15 ) ) ;
#424 = PLANE ( 'NONE',  #3906 ) ;
#425 = VERTEX_POINT ( 'NONE', #4212 ) ;
#426 = VERTEX_POINT ( 'NONE', #846 ) ;
#427 = ORIENTED_EDGE ( 'NONE', *, *, #586, .F. ) ;
#428 = LINE ( 'NONE', #479, #1235 ) ;
#429 = CARTESIAN_POINT ( 'NONE',  ( 4.150000000000000355, -3.499999999998999911, 0.2999999999999999889 ) ) ;
#430 = EDGE_CURVE ( 'NONE', #2747, #3708, #1866, .T. ) ;
#431 = CARTESIAN_POINT ( 'NONE',  ( -5.000000000000000000, -5.299999999999999822, 6.109999999999000231 ) ) ;
#432 = EDGE_CURVE ( 'NONE', #3480, #2687, #876, .T. ) ;
#433 = CARTESIAN_POINT ( 'NONE',  ( 1.570000000000000062, 2.500000000000000000, 1.000013873792005015E-12 ) ) ;
#434 = CARTESIAN_POINT ( 'NONE',  ( 3.750000000000000000, -5.199999999999000089, 2.125642915617999673 ) ) ;
#435 = EDGE_CURVE ( 'NONE', #596, #4467, #1634, .T. ) ;
#436 = ORIENTED_EDGE ( 'NONE', *, *, #376, .F. ) ;
#437 = PLANE ( 'NONE',  #1644 ) ;
#438 = ADVANCED_FACE ( 'NONE', ( #2788 ), #2389, .F. ) ;
#439 = VERTEX_POINT ( 'NONE', #4261 ) ;
#440 = LINE ( 'NONE', #466, #4465 ) ;
#441 = LINE ( 'NONE', #878, #1407 ) ;
#442 = FACE_OUTER_BOUND ( 'NONE', #1205, .T. ) ;
#443 = VERTEX_POINT ( 'NONE', #3848 ) ;
#444 = CARTESIAN_POINT ( 'NONE',  ( -1.570000000000000062, 2.500000000000000000, 1.000013873792005015E-12 ) ) ;
#445 = DIRECTION ( 'NONE',  ( 0.000000000000000000, 1.000000000000000000, 3.956139412765000600E-15 ) ) ;
#446 = ORIENTED_EDGE ( 'NONE', *, *, #2309, .F. ) ;
#447 = DIRECTION ( 'NONE',  ( 0.000000000000000000, 1.000000000000000000, 4.336808689956475979E-15 ) ) ;
#448 = VECTOR ( 'NONE', #4206, 1000.000000000000114 ) ;
#449 = LINE ( 'NONE', #68, #2655 ) ;
#450 = AXIS2_PLACEMENT_3D ( 'NONE', #2078, #4648, #2420 ) ;
#451 = VECTOR ( 'NONE', #2605, 1000.000000000000000 ) ;
#452 = ORIENTED_EDGE ( 'NONE', *, *, #3654, .T. ) ;
#453 = ORIENTED_EDGE ( 'NONE', *, *, #4049, .T. ) ;
#454 = DIRECTION ( 'NONE',  ( 1.000000000000000000, -1.394593512232000093E-15, -4.869197223233000055E-30 ) ) ;
#455 = ORIENTED_EDGE ( 'NONE', *, *, #2851, .F. ) ;
#456 = DIRECTION ( 'NONE',  ( 0.000000000000000000, -1.000000000000000000, -3.956139412765000600E-15 ) ) ;
#457 = AXIS2_PLACEMENT_3D ( 'NONE', #4333, #2436, #534 ) ;
#458 = LINE ( 'NONE', #2664, #838 ) ;
#459 = DIRECTION ( 'NONE',  ( 1.000000000000000000, 0.000000000000000000, 0.000000000000000000 ) ) ;
#460 = VECTOR ( 'NONE', #180, 1000.000000000000114 ) ;
#461 = ORIENTED_EDGE ( 'NONE', *, *, #463, .T. ) ;
#462 = AXIS2_PLACEMENT_3D ( 'NONE', #186, #2730, #4706 ) ;
#463 = EDGE_CURVE ( 'NONE', #1166, #4652, #2056, .T. ) ;
#464 = VECTOR ( 'NONE', #1532, 1000.000000000000000 ) ;
#465 = EDGE_CURVE ( 'NONE', #1087, #1262, #2042, .T. ) ;
#466 = CARTESIAN_POINT ( 'NONE',  ( 3.524999999999999911, -1.768312994765999679, 0.009999999999999972453 ) ) ;
#467 = LINE ( 'NONE', #1571, #1952 ) ;
#468 = CIRCLE ( 'NONE', #157, 0.1000000000000000472 ) ;
#469 = CARTESIAN_POINT ( 'NONE',  ( -4.799999999998999733, -1.768312994765999679, 0.1100000000000000144 ) ) ;
#470 = VERTEX_POINT ( 'NONE', #4313 ) ;
#471 = DIRECTION ( 'NONE',  ( 0.000000000000000000, 1.000000000000000000, 3.501506313189000431E-15 ) ) ;
#472 = EDGE_LOOP ( 'NONE', ( #2514, #4354, #4479, #577 ) ) ;
#473 = ORIENTED_EDGE ( 'NONE', *, *, #3012, .F. ) ;
#474 = VECTOR ( 'NONE', #658, 1000.000000000000000 ) ;
#475 = EDGE_CURVE ( 'NONE', #2733, #4291, #562, .T. ) ;
#476 = LINE ( 'NONE', #1924, #309 ) ;
#477 = LINE ( 'NONE', #1229, #3985 ) ;
#478 = ORIENTED_EDGE ( 'NONE', *, *, #3088, .T. ) ;
#479 = CARTESIAN_POINT ( 'NONE',  ( -3.725000000000000089, -1.568312994765999946, 2.635691244187000404 ) ) ;
#480 = VERTEX_POINT ( 'NONE', #193 ) ;
#481 = CARTESIAN_POINT ( 'NONE',  ( 0.9300000000000000488, 5.299999999999999822, 0.1819851171340000073 ) ) ;
#482 = CARTESIAN_POINT ( 'NONE',  ( -5.000000000000000000, -2.902923579057999692, 4.709999999998999876 ) ) ;
#483 = CARTESIAN_POINT ( 'NONE',  ( 0.000000000000000000, 1.399999999998999822, 3.750000000000000000 ) ) ;
#484 = FACE_OUTER_BOUND ( 'NONE', #743, .T. ) ;
#485 = CARTESIAN_POINT ( 'NONE',  ( 3.725000000000000089, 1.699999999998999867, 6.110000000000000320 ) ) ;
#486 = ADVANCED_FACE ( 'NONE', ( #2763 ), #1658, .F. ) ;
#487 = LINE ( 'NONE', #2713, #4145 ) ;
#488 = FACE_OUTER_BOUND ( 'NONE', #2642, .T. ) ;
#489 = ORIENTED_EDGE ( 'NONE', *, *, #2586, .T. ) ;
#490 = DIRECTION ( 'NONE',  ( 1.000000000000000000, 0.000000000000000000, 0.000000000000000000 ) ) ;
#491 = VERTEX_POINT ( 'NONE', #1292 ) ;
#492 = LINE ( 'NONE', #1278, #4177 ) ;
#493 = ADVANCED_FACE ( 'NONE', ( #1683 ), #900, .F. ) ;
#494 = EDGE_LOOP ( 'NONE', ( #2116, #3680, #3350, #4604, #3584, #2948, #91, #2090 ) ) ;
#495 = LINE ( 'NONE', #2304, #1161 ) ;
#496 = EDGE_CURVE ( 'NONE', #1991, #470, #2740, .T. ) ;
#497 = PLANE ( 'NONE',  #3041 ) ;
#498 = ORIENTED_EDGE ( 'NONE', *, *, #3411, .T. ) ;
#499 = ORIENTED_EDGE ( 'NONE', *, *, #943, .T. ) ;
#500 = CARTESIAN_POINT ( 'NONE',  ( 9.840731680114000568, -4.692505281165000319, 2.635691244187000404 ) ) ;
#501 = ORIENTED_EDGE ( 'NONE', *, *, #1688, .T. ) ;
#502 = DIRECTION ( 'NONE',  ( 0.000000000000000000, 1.000000000000000000, 3.553435748699000723E-15 ) ) ;
#503 = EDGE_CURVE ( 'NONE', #2729, #4326, #144, .T. ) ;
#504 = VECTOR ( 'NONE', #1653, 1000.000000000000000 ) ;
#505 = ORIENTED_EDGE ( 'NONE', *, *, #3185, .T. ) ;
#506 = DIRECTION ( 'NONE',  ( 0.000000000000000000, -3.491481338843000432E-15, 1.000000000000000000 ) ) ;
#507 = ORIENTED_EDGE ( 'NONE', *, *, #3151, .F. ) ;
#508 = CARTESIAN_POINT ( 'NONE',  ( -0.9299999999989999599, -3.960567877848999885, 3.749999999998999911 ) ) ;
#509 = LINE ( 'NONE', #3547, #388 ) ;
#510 = DIRECTION ( 'NONE',  ( 1.000000000000000000, 0.000000000000000000, 0.000000000000000000 ) ) ;
#511 = ORIENTED_EDGE ( 'NONE', *, *, #4070, .F. ) ;
#512 = ORIENTED_EDGE ( 'NONE', *, *, #2677, .F. ) ;
#513 = SHAPE_DEFINITION_REPRESENTATION ( #2094, #2825 ) ;
#514 = CARTESIAN_POINT ( 'NONE',  ( 3.024999999999999911, 2.499999999998999911, 4.110000000000000320 ) ) ;
#515 = DIRECTION ( 'NONE',  ( 0.000000000000000000, -3.491481338843000432E-15, 1.000000000000000000 ) ) ;
#516 = ORIENTED_EDGE ( 'NONE', *, *, #2901, .T. ) ;
#517 = CARTESIAN_POINT ( 'NONE',  ( 1.750000000000000000, 1.399999999999999911, 0.1100000000010000339 ) ) ;
#518 = PLANE ( 'NONE',  #3082 ) ;
#519 = ORIENTED_EDGE ( 'NONE', *, *, #3161, .F. ) ;
#520 = ORIENTED_EDGE ( 'NONE', *, *, #348, .F. ) ;
#521 = DIRECTION ( 'NONE',  ( -1.000000000000000000, 0.000000000000000000, 0.000000000000000000 ) ) ;
#522 = CARTESIAN_POINT ( 'NONE',  ( -3.750000000000000000, -4.899999999998999378, 1.825642915618000073 ) ) ;
#523 = ORIENTED_EDGE ( 'NONE', *, *, #1542, .T. ) ;
#524 = EDGE_CURVE ( 'NONE', #726, #2687, #3841, .T. ) ;
#525 = ADVANCED_FACE ( 'NONE', ( #2812 ), #3479, .F. ) ;
#526 = VERTEX_POINT ( 'NONE', #2437 ) ;
#527 = DIRECTION ( 'NONE',  ( 0.000000000000000000, 3.491481338846605132E-15, -1.000000000000000000 ) ) ;
#528 = EDGE_CURVE ( 'NONE', #3457, #618, #1271, .T. ) ;
#529 = ORIENTED_EDGE ( 'NONE', *, *, #3816, .T. ) ;
#530 = CARTESIAN_POINT ( 'NONE',  ( -2.124999999998999911, -5.299999999999999822, 5.409999999999000053 ) ) ;
#531 = ADVANCED_FACE ( 'NONE', ( #4607 ), #920, .F. ) ;
#532 = CARTESIAN_POINT ( 'NONE',  ( 0.7500000000000000000, -5.299999999998999733, 0.1100000000000000144 ) ) ;
#533 = ADVANCED_FACE ( 'NONE', ( #4335 ), #969, .T. ) ;
#534 = DIRECTION ( 'NONE',  ( 0.000000000000000000, -1.000000000000000000, -3.407492542097299143E-15 ) ) ;
#535 = ORIENTED_EDGE ( 'NONE', *, *, #795, .T. ) ;
#536 = DIRECTION ( 'NONE',  ( 0.000000000000000000, -0.9396926207860168967, 0.3420201433253704515 ) ) ;
#537 = VECTOR ( 'NONE', #1696, 1000.000000000000000 ) ;
#538 = VERTEX_POINT ( 'NONE', #1385 ) ;
#539 = VECTOR ( 'NONE', #2537, 1000.000000000000114 ) ;
#540 = ORIENTED_EDGE ( 'NONE', *, *, #1035, .T. ) ;
#541 = CARTESIAN_POINT ( 'NONE',  ( 0.6776078293730000146, -2.767126088207000123, 2.857607829372999841 ) ) ;
#542 = VECTOR ( 'NONE', #3466, 1000.000000000000000 ) ;
#543 = LINE ( 'NONE', #2790, #610 ) ;
#544 = ORIENTED_EDGE ( 'NONE', *, *, #3956, .T. ) ;
#545 = LINE ( 'NONE', #2748, #3304 ) ;
#546 = CARTESIAN_POINT ( 'NONE',  ( 4.150000000000000355, -4.899999999998999378, 2.125642915617999673 ) ) ;
#547 = VERTEX_POINT ( 'NONE', #676 ) ;
#548 = VECTOR ( 'NONE', #590, 1000.000000000000000 ) ;
#549 = LINE ( 'NONE', #4365, #548 ) ;
#550 = CIRCLE ( 'NONE', #3835, 0.2000000000000000944 ) ;
#551 = LINE ( 'NONE', #4297, #1800 ) ;
#552 = VERTEX_POINT ( 'NONE', #313 ) ;
#553 = VECTOR ( 'NONE', #1931, 1000.000000000000000 ) ;
#554 = VERTEX_POINT ( 'NONE', #632 ) ;
#555 = CARTESIAN_POINT ( 'NONE',  ( -4.150000000000000355, -5.199999999999000089, -2.039607805436999932 ) ) ;
#556 = ORIENTED_EDGE ( 'NONE', *, *, #259, .F. ) ;
#557 = DIRECTION ( 'NONE',  ( -1.000000000000000000, 0.000000000000000000, 0.000000000000000000 ) ) ;
#558 = ADVANCED_FACE ( 'NONE', ( #4757 ), #656, .T. ) ;
#559 = CARTESIAN_POINT ( 'NONE',  ( 2.125000000000000000, -2.500000000000000000, 6.109999999999000231 ) ) ;
#560 = AXIS2_PLACEMENT_3D ( 'NONE', #4547, #3144, #2465 ) ;
#561 = DIRECTION ( 'NONE',  ( 0.000000000000000000, 1.000000000000000000, 3.491481338843000432E-15 ) ) ;
#562 = LINE ( 'NONE', #3531, #3689 ) ;
#563 = EDGE_CURVE ( 'NONE', #1827, #1379, #2168, .T. ) ;
#564 = DIRECTION ( 'NONE',  ( 0.000000000000000000, 0.03489949670200395010, -0.9993908270191130816 ) ) ;
#565 = CARTESIAN_POINT ( 'NONE',  ( -3.524999999998999822, -1.768312994765999679, 0.009999999999999972453 ) ) ;
#566 = ORIENTED_EDGE ( 'NONE', *, *, #736, .T. ) ;
#567 = LINE ( 'NONE', #2105, #3599 ) ;
#568 = LINE ( 'NONE', #907, #2446 ) ;
#569 = CARTESIAN_POINT ( 'NONE',  ( -5.000000000000000000, -2.688637864771999730, 4.209999999998999876 ) ) ;
#570 = ADVANCED_FACE ( 'NONE', ( #261 ), #3309, .F. ) ;
#571 = DIRECTION ( 'NONE',  ( -1.000000000000000000, 0.000000000000000000, 0.000000000000000000 ) ) ;
#572 = EDGE_LOOP ( 'NONE', ( #1760, #2497, #1343, #3615, #3373, #701 ) ) ;
#573 = VERTEX_POINT ( 'NONE', #3277 ) ;
#574 = DIRECTION ( 'NONE',  ( -1.000000000000000000, 0.000000000000000000, 0.000000000000000000 ) ) ;
#575 = ORIENTED_EDGE ( 'NONE', *, *, #2884, .F. ) ;
#576 = PLANE ( 'NONE',  #4503 ) ;
#577 = ORIENTED_EDGE ( 'NONE', *, *, #2061, .T. ) ;
#578 = CARTESIAN_POINT ( 'NONE',  ( -0.9299999999989999599, 1.618845387034999916, 3.750000000000000000 ) ) ;
#579 = PLANE ( 'NONE',  #844 ) ;
#580 = CARTESIAN_POINT ( 'NONE',  ( -3.750000000000000000, -4.899999999998999378, 0.2999999999999999889 ) ) ;
#581 = ADVANCED_FACE ( 'NONE', ( #3598 ), #4813, .F. ) ;
#582 = EDGE_CURVE ( 'NONE', #317, #2092, #4069, .T. ) ;
#583 = ORIENTED_EDGE ( 'NONE', *, *, #2316, .F. ) ;
#584 = EDGE_CURVE ( 'NONE', #930, #1143, #1758, .T. ) ;
#585 = LINE ( 'NONE', #1273, #2115 ) ;
#586 = EDGE_CURVE ( 'NONE', #865, #2421, #3621, .T. ) ;
#587 = EDGE_LOOP ( 'NONE', ( #4185, #2603, #3886, #2694, #109, #82, #333, #3263 ) ) ;
#588 = PLANE ( 'NONE',  #314 ) ;
#589 = DIRECTION ( 'NONE',  ( 0.000000000000000000, 4.169107696646000125E-15, -1.000000000000000000 ) ) ;
#590 = DIRECTION ( 'NONE',  ( 0.000000000000000000, 1.000000000000000000, 3.501506313189000431E-15 ) ) ;
#591 = CARTESIAN_POINT ( 'NONE',  ( -3.750000000000000000, -3.499999999998999911, 0.000000000000000000 ) ) ;
#592 = ORIENTED_EDGE ( 'NONE', *, *, #911, .T. ) ;
#593 = ORIENTED_EDGE ( 'NONE', *, *, #3166, .T. ) ;
#594 = LINE ( 'NONE', #184, #4142 ) ;
#595 = CARTESIAN_POINT ( 'NONE',  ( 3.750000000000000000, -5.199999999999000089, -2.039607805436999932 ) ) ;
#596 = VERTEX_POINT ( 'NONE', #2201 ) ;
#597 = ORIENTED_EDGE ( 'NONE', *, *, #2758, .F. ) ;
#598 = CARTESIAN_POINT ( 'NONE',  ( -3.524999999998999822, -2.612216340086999988, 0.1100000000000000144 ) ) ;
#599 = DIRECTION ( 'NONE',  ( -1.000000000000000000, 0.000000000000000000, 0.000000000000000000 ) ) ;
#600 = ORIENTED_EDGE ( 'NONE', *, *, #3072, .T. ) ;
#601 = FACE_BOUND ( 'NONE', #4080, .T. ) ;
#602 = CARTESIAN_POINT ( 'NONE',  ( -0.9299999999989999599, -3.960567877848999885, 3.109999999998999787 ) ) ;
#603 = VERTEX_POINT ( 'NONE', #3251 ) ;
#604 = DIRECTION ( 'NONE',  ( -1.000000000000000000, 0.000000000000000000, 0.000000000000000000 ) ) ;
#605 = FACE_OUTER_BOUND ( 'NONE', #1287, .T. ) ;
#606 = ORIENTED_EDGE ( 'NONE', *, *, #911, .F. ) ;
#607 = VECTOR ( 'NONE', #1608, 1000.000000000000000 ) ;
#608 = DIRECTION ( 'NONE',  ( -1.758165685110999749E-16, -1.000000000000000000, -3.491481338843000432E-15 ) ) ;
#609 = FACE_OUTER_BOUND ( 'NONE', #3780, .T. ) ;
#610 = VECTOR ( 'NONE', #1275, 1000.000000000000000 ) ;
#611 = EDGE_CURVE ( 'NONE', #2139, #1308, #3845, .T. ) ;
#612 = VERTEX_POINT ( 'NONE', #242 ) ;
#613 = VECTOR ( 'NONE', #866, 1000.000000000000000 ) ;
#614 = DIRECTION ( 'NONE',  ( 0.000000000000000000, 1.000000000000000000, 4.336808689963701156E-15 ) ) ;
#615 = LINE ( 'NONE', #3216, #11 ) ;
#616 = VECTOR ( 'NONE', #4086, 1000.000000000000000 ) ;
#617 = VECTOR ( 'NONE', #2555, 1000.000000000000000 ) ;
#618 = VERTEX_POINT ( 'NONE', #2556 ) ;
#619 = EDGE_CURVE ( 'NONE', #2336, #301, #716, .T. ) ;
#620 = AXIS2_PLACEMENT_3D ( 'NONE', #3068, #1649, #2305 ) ;
#621 = ORIENTED_EDGE ( 'NONE', *, *, #1280, .F. ) ;
#622 = CARTESIAN_POINT ( 'NONE',  ( 3.024999999999999911, -5.299999999999999822, 4.009999999998999698 ) ) ;
#623 = CARTESIAN_POINT ( 'NONE',  ( -3.750000000000000000, -4.899999999998999378, 0.000000000000000000 ) ) ;
#624 = EDGE_LOOP ( 'NONE', ( #684, #4840, #3516, #4116 ) ) ;
#625 = DIRECTION ( 'NONE',  ( 0.000000000000000000, 1.000000000000000000, 3.501506313189000431E-15 ) ) ;
#626 = VECTOR ( 'NONE', #1402, 1000.000000000000000 ) ;
#627 = ORIENTED_EDGE ( 'NONE', *, *, #2400, .T. ) ;
#628 = DIRECTION ( 'NONE',  ( 0.000000000000000000, -1.000000000000000000, -3.501506313189000431E-15 ) ) ;
#629 = VECTOR ( 'NONE', #3623, 1000.000000000000000 ) ;
#630 = EDGE_CURVE ( 'NONE', #4317, #666, #2910, .T. ) ;
#631 = DIRECTION ( 'NONE',  ( 0.000000000000000000, 3.491481338843000432E-15, -1.000000000000000000 ) ) ;
#632 = CARTESIAN_POINT ( 'NONE',  ( -1.111985117132999967, 5.299999999999999822, 0.1819851171340000073 ) ) ;
#633 = VERTEX_POINT ( 'NONE', #706 ) ;
#634 = CARTESIAN_POINT ( 'NONE',  ( 3.750000000000000000, 2.500000000000000000, 2.125642915617999673 ) ) ;
#635 = CARTESIAN_POINT ( 'NONE',  ( 1.570000000000000062, 2.358394599029000283, 3.035825627559000317 ) ) ;
#636 = EDGE_LOOP ( 'NONE', ( #4682, #2710, #1121, #452 ) ) ;
#637 = CARTESIAN_POINT ( 'NONE',  ( 1.570000000000000062, 2.500000000000000000, 0.6999999999999999556 ) ) ;
#638 = ORIENTED_EDGE ( 'NONE', *, *, #3551, .T. ) ;
#639 = CARTESIAN_POINT ( 'NONE',  ( 3.750000000000000000, -4.899999999998999378, 0.2999999999999999889 ) ) ;
#640 = LINE ( 'NONE', #1027, #3447 ) ;
#641 = ORIENTED_EDGE ( 'NONE', *, *, #4699, .F. ) ;
#642 = CARTESIAN_POINT ( 'NONE',  ( 2.125000000000000000, -5.299999999999999822, 5.409999999999000053 ) ) ;
#643 = CARTESIAN_POINT ( 'NONE',  ( -2.924999999999000178, -5.099999999999000444, 0.1100000000000000144 ) ) ;
#644 = EDGE_LOOP ( 'NONE', ( #4522, #1741, #1173, #606 ) ) ;
#645 = EDGE_CURVE ( 'NONE', #2624, #4709, #340, .T. ) ;
#646 = EDGE_CURVE ( 'NONE', #163, #1724, #4836, .T. ) ;
#647 = ORIENTED_EDGE ( 'NONE', *, *, #3711, .F. ) ;
#648 = CARTESIAN_POINT ( 'NONE',  ( 1.750000000000000000, 1.399999999999999911, 0.8099999999999999423 ) ) ;
#649 = EDGE_CURVE ( 'NONE', #2413, #4471, #4018, .T. ) ;
#650 = PLANE ( 'NONE',  #1887 ) ;
#651 = ORIENTED_EDGE ( 'NONE', *, *, #1911, .T. ) ;
#652 = CARTESIAN_POINT ( 'NONE',  ( 2.125000000000000000, -2.500000000000000000, 6.109999999999000231 ) ) ;
#653 = ORIENTED_EDGE ( 'NONE', *, *, #2772, .T. ) ;
#654 = DIRECTION ( 'NONE',  ( 0.000000000000000000, 1.000000000000000000, 3.433306879548876816E-15 ) ) ;
#655 = DIRECTION ( 'NONE',  ( -1.000000000000000000, 0.000000000000000000, 0.000000000000000000 ) ) ;
#656 = PLANE ( 'NONE',  #1654 ) ;
#657 = ORIENTED_EDGE ( 'NONE', *, *, #2981, .T. ) ;
#658 = DIRECTION ( 'NONE',  ( 0.000000000000000000, -3.491481338843000432E-15, 1.000000000000000000 ) ) ;
#659 = PLANE ( 'NONE',  #300 ) ;
#660 = ORIENTED_EDGE ( 'NONE', *, *, #45, .T. ) ;
#661 = LINE ( 'NONE', #4362, #2418 ) ;
#662 = CARTESIAN_POINT ( 'NONE',  ( -4.999999999998999911, -1.568312994765999946, 2.635691244187000404 ) ) ;
#663 = CARTESIAN_POINT ( 'NONE',  ( 1.570000000000000062, 2.500000000000000000, 0.6999999999999999556 ) ) ;
#664 = DIRECTION ( 'NONE',  ( 0.000000000000000000, 3.491481338843000432E-15, -1.000000000000000000 ) ) ;
#665 = CARTESIAN_POINT ( 'NONE',  ( -2.125000000000000000, -2.500000000000000000, 6.109999999999000231 ) ) ;
#666 = VERTEX_POINT ( 'NONE', #1366 ) ;
#667 = LINE ( 'NONE', #331, #4065 ) ;
#668 = CARTESIAN_POINT ( 'NONE',  ( 0.9300000000000000488, 2.500000000000000000, 0.6999999999999999556 ) ) ;
#669 = ORIENTED_EDGE ( 'NONE', *, *, #3709, .F. ) ;
#670 = DIRECTION ( 'NONE',  ( 0.000000000000000000, -1.000000000000000000, -3.722127203699000447E-15 ) ) ;
#671 = EDGE_CURVE ( 'NONE', #964, #2998, #2857, .T. ) ;
#672 = ADVANCED_FACE ( 'NONE', ( #990 ), #287, .T. ) ;
#673 = EDGE_CURVE ( 'NONE', #3976, #4417, #2, .T. ) ;
#674 = DIRECTION ( 'NONE',  ( 0.000000000000000000, 3.491481338843000432E-15, -1.000000000000000000 ) ) ;
#675 = CARTESIAN_POINT ( 'NONE',  ( 1.425000000000000044, -1.800000000000000044, 6.109999999999000231 ) ) ;
#676 = CARTESIAN_POINT ( 'NONE',  ( -3.024999999998999822, 1.399999999999999911, 0.8099999999999999423 ) ) ;
#677 = EDGE_CURVE ( 'NONE', #1798, #2096, #4093, .T. ) ;
#678 = EDGE_LOOP ( 'NONE', ( #316, #3571, #4411, #4623 ) ) ;
#679 = ORIENTED_EDGE ( 'NONE', *, *, #2787, .T. ) ;
#680 = LINE ( 'NONE', #1445, #708 ) ;
#681 = CARTESIAN_POINT ( 'NONE',  ( 0.9300000000000000488, -3.960567877848999885, 3.109999999998999787 ) ) ;
#682 = VERTEX_POINT ( 'NONE', #1094 ) ;
#683 = LINE ( 'NONE', #3235, #3836 ) ;
#684 = ORIENTED_EDGE ( 'NONE', *, *, #335, .F. ) ;
#685 = LINE ( 'NONE', #4795, #888 ) ;
#686 = ORIENTED_EDGE ( 'NONE', *, *, #3859, .F. ) ;
#687 = LINE ( 'NONE', #1845, #2965 ) ;
#688 = VECTOR ( 'NONE', #4460, 1000.000000000000000 ) ;
#689 = DIRECTION ( 'NONE',  ( 1.000000000000000000, 0.000000000000000000, 0.000000000000000000 ) ) ;
#690 = EDGE_LOOP ( 'NONE', ( #4667, #1016, #2852, #3805 ) ) ;
#691 = AXIS2_PLACEMENT_3D ( 'NONE', #2313, #4167, #4187 ) ;
#692 = VECTOR ( 'NONE', #4436, 1000.000000000000000 ) ;
#693 = LINE ( 'NONE', #4033, #1788 ) ;
#694 = CIRCLE ( 'NONE', #2100, 0.7000000000000000666 ) ;
#695 = DIRECTION ( 'NONE',  ( 0.000000000000000000, 0.03489949670200395010, -0.9993908270191130816 ) ) ;
#696 = ORIENTED_EDGE ( 'NONE', *, *, #1152, .F. ) ;
#697 = VECTOR ( 'NONE', #3685, 1000.000000000000000 ) ;
#698 = DIRECTION ( 'NONE',  ( 0.000000000000000000, -1.000000000000000000, -3.491481338843000432E-15 ) ) ;
#699 = VECTOR ( 'NONE', #4271, 1000.000000000000000 ) ;
#700 = VECTOR ( 'NONE', #1513, 1000.000000000000000 ) ;
#701 = ORIENTED_EDGE ( 'NONE', *, *, #4803, .T. ) ;
#702 = VECTOR ( 'NONE', #4101, 1000.000000000000114 ) ;
#703 = CARTESIAN_POINT ( 'NONE',  ( -3.725000000000000089, -4.692505281165000319, 2.125642915617999673 ) ) ;
#704 = VECTOR ( 'NONE', #3632, 1000.000000000000000 ) ;
#705 = CARTESIAN_POINT ( 'NONE',  ( 3.024999999999999911, 2.500000000000000000, 0.8099999999999999423 ) ) ;
#706 = CARTESIAN_POINT ( 'NONE',  ( -1.111985117132999967, 5.299999999999999822, 0.4580148828660000060 ) ) ;
#707 = EDGE_CURVE ( 'NONE', #538, #2229, #729, .T. ) ;
#708 = VECTOR ( 'NONE', #3703, 1000.000000000000000 ) ;
#709 = ORIENTED_EDGE ( 'NONE', *, *, #2374, .T. ) ;
#710 = PLANE ( 'NONE',  #4629 ) ;
#711 = DIRECTION ( 'NONE',  ( 1.000000000000000000, 0.000000000000000000, 0.000000000000000000 ) ) ;
#712 = ORIENTED_EDGE ( 'NONE', *, *, #3816, .F. ) ;
#713 = EDGE_CURVE ( 'NONE', #792, #101, #2224, .T. ) ;
#714 = DIRECTION ( 'NONE',  ( 1.000000000000000000, 0.000000000000000000, 0.000000000000000000 ) ) ;
#715 = ORIENTED_EDGE ( 'NONE', *, *, #318, .F. ) ;
#716 = CIRCLE ( 'NONE', #1968, 0.1999999999990000332 ) ;
#717 = DIRECTION ( 'NONE',  ( -1.975028688399000390E-30, 1.000000000000000000, 0.000000000000000000 ) ) ;
#718 = CARTESIAN_POINT ( 'NONE',  ( -3.024999999999999911, 9.300164471903999086, 0.8099999999999999423 ) ) ;
#719 = PLANE ( 'NONE',  #3524 ) ;
#720 = ORIENTED_EDGE ( 'NONE', *, *, #736, .F. ) ;
#721 = DIRECTION ( 'NONE',  ( 0.000000000000000000, -3.491481338843000432E-15, 1.000000000000000000 ) ) ;
#722 = DIRECTION ( 'NONE',  ( 1.000000000000000000, 0.000000000000000000, 0.000000000000000000 ) ) ;
#723 = ORIENTED_EDGE ( 'NONE', *, *, #4162, .F. ) ;
#724 = DIRECTION ( 'NONE',  ( -1.000000000000000000, 0.000000000000000000, 0.000000000000000000 ) ) ;
#725 = ORIENTED_EDGE ( 'NONE', *, *, #3539, .T. ) ;
#726 = VERTEX_POINT ( 'NONE', #4364 ) ;
#727 = PLANE ( 'NONE',  #768 ) ;
#728 = LINE ( 'NONE', #339, #1159 ) ;
#729 = LINE ( 'NONE', #3357, #4005 ) ;
#730 = CARTESIAN_POINT ( 'NONE',  ( 4.224999999999999645, -4.692505281165000319, 1.125642915617999895 ) ) ;
#731 = LINE ( 'NONE', #681, #4062 ) ;
#732 = ORIENTED_EDGE ( 'NONE', *, *, #1601, .T. ) ;
#733 = CARTESIAN_POINT ( 'NONE',  ( -5.000000000000000000, 0.9999999999989999111, 6.110000000000000320 ) ) ;
#734 = EDGE_CURVE ( 'NONE', #3957, #1013, #391, .T. ) ;
#735 = DIRECTION ( 'NONE',  ( -1.000000000000000000, 0.000000000000000000, 0.000000000000000000 ) ) ;
#736 = EDGE_CURVE ( 'NONE', #3400, #2066, #797, .T. ) ;
#737 = EDGE_CURVE ( 'NONE', #603, #1539, #2608, .T. ) ;
#738 = DIRECTION ( 'NONE',  ( 0.000000000000000000, -1.000000000000000000, -3.956139412765000600E-15 ) ) ;
#739 = FACE_OUTER_BOUND ( 'NONE', #257, .T. ) ;
#740 = ORIENTED_EDGE ( 'NONE', *, *, #1188, .F. ) ;
#741 = CARTESIAN_POINT ( 'NONE',  ( 2.924999999999000178, -5.099999999999000444, 0.009999999999999972453 ) ) ;
#742 = FACE_OUTER_BOUND ( 'NONE', #624, .T. ) ;
#743 = EDGE_LOOP ( 'NONE', ( #4728, #2470, #941, #3110 ) ) ;
#744 = CARTESIAN_POINT ( 'NONE',  ( -5.000000000000000000, 2.500000000000000000, 0.1100000000010000339 ) ) ;
#745 = ORIENTED_EDGE ( 'NONE', *, *, #1401, .T. ) ;
#746 = ORIENTED_EDGE ( 'NONE', *, *, #2212, .T. ) ;
#747 = VECTOR ( 'NONE', #3316, 1000.000000000000000 ) ;
#748 = LINE ( 'NONE', #3329, #1088 ) ;
#749 = DIRECTION ( 'NONE',  ( 0.000000000000000000, -3.491481338843000432E-15, 1.000000000000000000 ) ) ;
#750 = ORIENTED_EDGE ( 'NONE', *, *, #645, .T. ) ;
#751 = DIRECTION ( 'NONE',  ( 0.3236155771183229501, 0.8891264907158876740, 0.3236155771183229501 ) ) ;
#752 = DIRECTION ( 'NONE',  ( 1.000000000000000000, 0.000000000000000000, 0.000000000000000000 ) ) ;
#753 = CARTESIAN_POINT ( 'NONE',  ( 0.9300000000000000488, -3.460567877848999885, 3.749999999998999911 ) ) ;
#754 = ORIENTED_EDGE ( 'NONE', *, *, #2530, .F. ) ;
#755 = CARTESIAN_POINT ( 'NONE',  ( 4.999999999998999911, -4.692505281165000319, 2.635691244187000404 ) ) ;
#756 = ORIENTED_EDGE ( 'NONE', *, *, #1962, .T. ) ;
#757 = DIRECTION ( 'NONE',  ( -1.000000000000000000, 0.000000000000000000, 0.000000000000000000 ) ) ;
#758 = DIRECTION ( 'NONE',  ( 0.000000000000000000, -1.000000000000000000, -3.491481338843000432E-15 ) ) ;
#759 = CARTESIAN_POINT ( 'NONE',  ( -3.524999999998999822, 2.299999999999999822, 0.1100000000010000339 ) ) ;
#760 = VERTEX_POINT ( 'NONE', #3630 ) ;
#761 = VERTEX_POINT ( 'NONE', #2294 ) ;
#762 = CARTESIAN_POINT ( 'NONE',  ( 0.000000000000000000, 2.500000000000000000, 2.125642915617999673 ) ) ;
#763 = LINE ( 'NONE', #1056, #3831 ) ;
#764 = ORIENTED_EDGE ( 'NONE', *, *, #400, .T. ) ;
#765 = ADVANCED_FACE ( 'NONE', ( #3775 ), #2273, .T. ) ;
#766 = ORIENTED_EDGE ( 'NONE', *, *, #1543, .T. ) ;
#767 = PLANE ( 'NONE',  #2171 ) ;
#768 = AXIS2_PLACEMENT_3D ( 'NONE', #2222, #1512, #2658 ) ;
#769 = CARTESIAN_POINT ( 'NONE',  ( -0.9299999999989999599, 2.500000000000000000, 0.6999999999999999556 ) ) ;
#770 = AXIS2_PLACEMENT_3D ( 'NONE', #1565, #1171, #1982 ) ;
#771 = CIRCLE ( 'NONE', #4622, 0.1000000000000000472 ) ;
#772 = DIRECTION ( 'NONE',  ( 0.000000000000000000, -1.000000000000000000, -3.956139412765000600E-15 ) ) ;
#773 = ADVANCED_FACE ( 'NONE', ( #4510 ), #414, .F. ) ;
#774 = CARTESIAN_POINT ( 'NONE',  ( -2.124999999998999911, -5.299999999999999822, 5.409999999999000053 ) ) ;
#775 = VECTOR ( 'NONE', #880, 1000.000000000000000 ) ;
#776 = LINE ( 'NONE', #4512, #2723 ) ;
#777 = LINE ( 'NONE', #4143, #2667 ) ;
#778 = ORIENTED_EDGE ( 'NONE', *, *, #4008, .F. ) ;
#779 = AXIS2_PLACEMENT_3D ( 'NONE', #3004, #4511, #2633 ) ;
#780 = DIRECTION ( 'NONE',  ( 0.000000000000000000, 3.491481338843000432E-15, -1.000000000000000000 ) ) ;
#781 = LINE ( 'NONE', #3460, #1406 ) ;
#782 = AXIS2_PLACEMENT_3D ( 'NONE', #508, #3959, #2006 ) ;
#783 = LINE ( 'NONE', #3783, #4148 ) ;
#784 = ORIENTED_EDGE ( 'NONE', *, *, #3497, .F. ) ;
#785 = ORIENTED_EDGE ( 'NONE', *, *, #2834, .F. ) ;
#786 = VECTOR ( 'NONE', #296, 1000.000000000000000 ) ;
#787 = CARTESIAN_POINT ( 'NONE',  ( 0.9300000000000000488, 4.799999999999999822, 0.6399999999999999023 ) ) ;
#788 = LINE ( 'NONE', #2286, #228 ) ;
#789 = EDGE_LOOP ( 'NONE', ( #2705, #1038, #238, #1293 ) ) ;
#790 = EDGE_CURVE ( 'NONE', #4487, #3313, #3773, .T. ) ;
#791 = EDGE_CURVE ( 'NONE', #4434, #2096, #3656, .T. ) ;
#792 = VERTEX_POINT ( 'NONE', #2895 ) ;
#793 = EDGE_CURVE ( 'NONE', #1252, #3119, #4797, .T. ) ;
#794 = FACE_OUTER_BOUND ( 'NONE', #1877, .T. ) ;
#795 = EDGE_CURVE ( 'NONE', #139, #22, #3746, .T. ) ;
#796 = LINE ( 'NONE', #3743, #3036 ) ;
#797 = LINE ( 'NONE', #3262, #1261 ) ;
#798 = ADVANCED_FACE ( 'NONE', ( #1426 ), #1139, .F. ) ;
#799 = CARTESIAN_POINT ( 'NONE',  ( 1.388014882866000166, 5.299999999999999822, 0.4580148828660000060 ) ) ;
#800 = CARTESIAN_POINT ( 'NONE',  ( -3.024999999998999822, 2.499999999998999911, 4.110000000000000320 ) ) ;
#801 = CARTESIAN_POINT ( 'NONE',  ( 4.999999999998999911, -2.812216340087000166, 0.1100000000000000144 ) ) ;
#802 = CARTESIAN_POINT ( 'NONE',  ( 1.750000000000000000, 1.399999999999999911, 0.8099999999999999423 ) ) ;
#803 = DIRECTION ( 'NONE',  ( -1.000000000000000000, 0.000000000000000000, 0.000000000000000000 ) ) ;
#804 = ORIENTED_EDGE ( 'NONE', *, *, #4123, .F. ) ;
#805 = EDGE_LOOP ( 'NONE', ( #1559, #2781, #4286, #2939 ) ) ;
#806 = DIRECTION ( 'NONE',  ( -1.000000000000000000, 0.000000000000000000, 0.000000000000000000 ) ) ;
#807 = VECTOR ( 'NONE', #1484, 1000.000000000000000 ) ;
#808 = LINE ( 'NONE', #3515, #699 ) ;
#809 = ORIENTED_EDGE ( 'NONE', *, *, #1804, .F. ) ;
#810 = LINE ( 'NONE', #3048, #2803 ) ;
#811 = CARTESIAN_POINT ( 'NONE',  ( -2.124999999998999911, -5.299999999999999822, 5.409999999999000053 ) ) ;
#812 = APPLICATION_CONTEXT ( 'automotive_design' ) ;
#813 = EDGE_CURVE ( 'NONE', #2894, #760, #2719, .T. ) ;
#814 = EDGE_CURVE ( 'NONE', #3844, #2364, #1167, .T. ) ;
#815 = AXIS2_PLACEMENT_3D ( 'NONE', #639, #4420, #1322 ) ;
#816 = CARTESIAN_POINT ( 'NONE',  ( 2.125000000000000000, -5.299999999999999822, 6.109999999999000231 ) ) ;
#817 = ORIENTED_EDGE ( 'NONE', *, *, #974, .T. ) ;
#818 = DIRECTION ( 'NONE',  ( 0.000000000000000000, 1.000000000000000000, 4.336808689942015369E-15 ) ) ;
#819 = DIRECTION ( 'NONE',  ( 1.000000000000000000, 0.000000000000000000, 0.000000000000000000 ) ) ;
#820 = FACE_OUTER_BOUND ( 'NONE', #3069, .T. ) ;
#821 = EDGE_LOOP ( 'NONE', ( #4078, #3519, #40, #2079 ) ) ;
#822 = EDGE_CURVE ( 'NONE', #3313, #4407, #1930, .T. ) ;
#823 = CARTESIAN_POINT ( 'NONE',  ( 4.799999999998999733, -1.768312994765999679, 0.1100000000000000144 ) ) ;
#824 = DIRECTION ( 'NONE',  ( 0.000000000000000000, 0.03489949670200395010, -0.9993908270191130816 ) ) ;
#825 = FACE_OUTER_BOUND ( 'NONE', #3691, .T. ) ;
#826 = ORIENTED_EDGE ( 'NONE', *, *, #465, .T. ) ;
#827 = DIRECTION ( 'NONE',  ( 1.000000000000000000, 0.000000000000000000, 0.000000000000000000 ) ) ;
#828 = ORIENTED_EDGE ( 'NONE', *, *, #4646, .F. ) ;
#829 = CARTESIAN_POINT ( 'NONE',  ( -3.524999999998999822, -1.768312994765999679, 0.009999999999999972453 ) ) ;
#830 = PRODUCT_RELATED_PRODUCT_CATEGORY ( 'part', '', ( #2443 ) ) ;
#831 = DIRECTION ( 'NONE',  ( 0.000000000000000000, 1.000000000000000000, 3.614007241630396649E-15 ) ) ;
#832 = VERTEX_POINT ( 'NONE', #1372 ) ;
#833 = CARTESIAN_POINT ( 'NONE',  ( -4.224999999999999645, -4.692505281165000319, 2.125642915617999673 ) ) ;
#834 = ORIENTED_EDGE ( 'NONE', *, *, #1331, .F. ) ;
#835 = VECTOR ( 'NONE', #3426, 1000.000000000000000 ) ;
#836 = ORIENTED_EDGE ( 'NONE', *, *, #3433, .T. ) ;
#837 = DIRECTION ( 'NONE',  ( 0.000000000000000000, -1.000000000000000000, -3.491481338843000432E-15 ) ) ;
#838 = VECTOR ( 'NONE', #819, 1000.000000000000000 ) ;
#839 = VECTOR ( 'NONE', #2451, 1000.000000000000000 ) ;
#840 = ORIENTED_EDGE ( 'NONE', *, *, #1146, .T. ) ;
#841 = LINE ( 'NONE', #3812, #1393 ) ;
#842 = VERTEX_POINT ( 'NONE', #4117 ) ;
#843 = DIRECTION ( 'NONE',  ( 0.000000000000000000, 1.000000000000000000, 3.491481338843000432E-15 ) ) ;
#844 = AXIS2_PLACEMENT_3D ( 'NONE', #1633, #2072, #1704 ) ;
#845 = DIRECTION ( 'NONE',  ( 0.000000000000000000, 1.000000000000000000, 0.000000000000000000 ) ) ;
#846 = CARTESIAN_POINT ( 'NONE',  ( -2.924999999999000178, -5.099999999999000444, 0.009999999999999972453 ) ) ;
#847 = AXIS2_PLACEMENT_3D ( 'NONE', #3341, #4476, #4799 ) ;
#848 = ADVANCED_FACE ( 'NONE', ( #2866 ), #1001, .F. ) ;
#849 = ORIENTED_EDGE ( 'NONE', *, *, #619, .T. ) ;
#850 = ORIENTED_EDGE ( 'NONE', *, *, #563, .T. ) ;
#851 = AXIS2_PLACEMENT_3D ( 'NONE', #3349, #2191, #1509 ) ;
#852 = EDGE_CURVE ( 'NONE', #2351, #4099, #640, .T. ) ;
#853 = FACE_OUTER_BOUND ( 'NONE', #3332, .T. ) ;
#854 = CYLINDRICAL_SURFACE ( 'NONE', #4707, 0.1999999999990000332 ) ;
#855 = ORIENTED_EDGE ( 'NONE', *, *, #1152, .T. ) ;
#856 = VECTOR ( 'NONE', #402, 1000.000000000000000 ) ;
#857 = LINE ( 'NONE', #744, #3869 ) ;
#858 = ORIENTED_EDGE ( 'NONE', *, *, #2741, .F. ) ;
#859 = AXIS2_PLACEMENT_3D ( 'NONE', #1277, #1714, #3114 ) ;
#860 = CARTESIAN_POINT ( 'NONE',  ( -0.9299999999989999599, -3.960567877848999885, 3.749999999998999911 ) ) ;
#861 = VECTOR ( 'NONE', #4787, 1000.000000000000000 ) ;
#862 = CARTESIAN_POINT ( 'NONE',  ( -3.724999999999000000, 1.699999999998999867, 4.909999999999999254 ) ) ;
#863 = EDGE_CURVE ( 'NONE', #2192, #139, #2322, .T. ) ;
#864 = DIRECTION ( 'NONE',  ( -1.000000000000000000, 0.000000000000000000, 0.000000000000000000 ) ) ;
#865 = VERTEX_POINT ( 'NONE', #2310 ) ;
#866 = DIRECTION ( 'NONE',  ( 0.000000000000000000, 3.491481338843000432E-15, -1.000000000000000000 ) ) ;
#867 = VERTEX_POINT ( 'NONE', #4281 ) ;
#868 = CARTESIAN_POINT ( 'NONE',  ( -2.924999999999000178, -5.099999999999000444, 0.009999999999999972453 ) ) ;
#869 = PRODUCT_DEFINITION_CONTEXT ( 'detailed design', #1577, 'design' ) ;
#870 = VERTEX_POINT ( 'NONE', #4637 ) ;
#871 = EDGE_CURVE ( 'NONE', #4769, #1032, #2784, .T. ) ;
#872 = CARTESIAN_POINT ( 'NONE',  ( -3.024999999998999822, -2.688637864771999730, 4.009999999998999698 ) ) ;
#873 = ORIENTED_EDGE ( 'NONE', *, *, #465, .F. ) ;
#874 = PLANE ( 'NONE',  #782 ) ;
#875 = FACE_OUTER_BOUND ( 'NONE', #3745, .T. ) ;
#876 = LINE ( 'NONE', #3942, #3994 ) ;
#877 = CARTESIAN_POINT ( 'NONE',  ( 9.840731680114000568, -4.692505281165000319, 1.125642915617999895 ) ) ;
#878 = CARTESIAN_POINT ( 'NONE',  ( -3.524999999998999822, 2.299999999999999822, 0.01000000000099998676 ) ) ;
#879 = ORIENTED_EDGE ( 'NONE', *, *, #3885, .F. ) ;
#880 = DIRECTION ( 'NONE',  ( -1.758165685110999749E-16, 1.000000000000000000, 3.491481338843000432E-15 ) ) ;
#881 = EDGE_CURVE ( 'NONE', #439, #4471, #3867, .T. ) ;
#882 = EDGE_CURVE ( 'NONE', #4235, #2675, #4582, .T. ) ;
#883 = DIRECTION ( 'NONE',  ( 0.000000000000000000, 1.000000000000000000, 0.000000000000000000 ) ) ;
#884 = VECTOR ( 'NONE', #1425, 1000.000000000000000 ) ;
#885 = EDGE_CURVE ( 'NONE', #1766, #792, #3843, .T. ) ;
#886 = FACE_OUTER_BOUND ( 'NONE', #2130, .T. ) ;
#887 = CARTESIAN_POINT ( 'NONE',  ( 9.840731680114000568, -2.812216340087000166, 1.125642915617999895 ) ) ;
#888 = VECTOR ( 'NONE', #998, 1000.000000000000000 ) ;
#889 = ORIENTED_EDGE ( 'NONE', *, *, #649, .T. ) ;
#890 = ADVANCED_FACE ( 'NONE', ( #70 ), #1236, .T. ) ;
#891 = DIRECTION ( 'NONE',  ( 0.000000000000000000, -4.169107696646000125E-15, 1.000000000000000000 ) ) ;
#892 = ORIENTED_EDGE ( 'NONE', *, *, #3408, .F. ) ;
#893 = DIRECTION ( 'NONE',  ( 0.000000000000000000, -1.000000000000000000, -3.491481338843000432E-15 ) ) ;
#894 = AXIS2_PLACEMENT_3D ( 'NONE', #3858, #3878, #929 ) ;
#895 = CARTESIAN_POINT ( 'NONE',  ( 3.024999999999999911, 1.199999999998999867, 5.110000000000000320 ) ) ;
#896 = ORIENTED_EDGE ( 'NONE', *, *, #4677, .T. ) ;
#897 = PLANE ( 'NONE',  #2495 ) ;
#898 = CARTESIAN_POINT ( 'NONE',  ( 0.9300000000000000488, 2.500000000000000000, 0.6399999999999999023 ) ) ;
#899 = EDGE_CURVE ( 'NONE', #2393, #3087, #917, .T. ) ;
#900 = PLANE ( 'NONE',  #2195 ) ;
#901 = VERTEX_POINT ( 'NONE', #559 ) ;
#902 = LINE ( 'NONE', #877, #3049 ) ;
#903 = AXIS2_PLACEMENT_3D ( 'NONE', #3367, #2182, #780 ) ;
#904 = PRESENTATION_STYLE_ASSIGNMENT (( #2059 ) ) ;
#905 = ORIENTED_EDGE ( 'NONE', *, *, #195, .F. ) ;
#906 = CARTESIAN_POINT ( 'NONE',  ( -4.224999999999999645, -2.812216340087000166, 1.125642915617999895 ) ) ;
#907 = CARTESIAN_POINT ( 'NONE',  ( 3.750000000000000000, -3.199999999999000089, -2.039607805436999932 ) ) ;
#908 = CARTESIAN_POINT ( 'NONE',  ( 1.570000000000000062, 1.618845387034999916, 3.009999999999999787 ) ) ;
#909 = LINE ( 'NONE', #1973, #3443 ) ;
#910 = VERTEX_POINT ( 'NONE', #2052 ) ;
#911 = EDGE_CURVE ( 'NONE', #4356, #3839, #3501, .T. ) ;
#912 = VERTEX_POINT ( 'NONE', #3052 ) ;
#913 = DIRECTION ( 'NONE',  ( 1.000000000000000000, 0.000000000000000000, 0.000000000000000000 ) ) ;
#914 = EDGE_CURVE ( 'NONE', #4084, #282, #3101, .T. ) ;
#915 = VERTEX_POINT ( 'NONE', #1560 ) ;
#916 = CARTESIAN_POINT ( 'NONE',  ( 0.9300000000000000488, 1.618845387034999916, 3.750000000000000000 ) ) ;
#917 = LINE ( 'NONE', #3919, #4060 ) ;
#918 = AXIS2_PLACEMENT_3D ( 'NONE', #4754, #3592, #3568 ) ;
#919 = DIRECTION ( 'NONE',  ( -1.000000000000000000, 0.000000000000000000, 0.000000000000000000 ) ) ;
#920 = PLANE ( 'NONE',  #2504 ) ;
#921 = VECTOR ( 'NONE', #42, 1000.000000000000000 ) ;
#922 = VERTEX_POINT ( 'NONE', #2683 ) ;
#923 = VECTOR ( 'NONE', #363, 1000.000000000000000 ) ;
#924 = CARTESIAN_POINT ( 'NONE',  ( -5.000000000000000000, -5.299999999998999733, 0.1100000000000000144 ) ) ;
#925 = AXIS2_PLACEMENT_3D ( 'NONE', #3879, #2376, #3830 ) ;
#926 = CYLINDRICAL_SURFACE ( 'NONE', #450, 0.2999999999989998445 ) ;
#927 = ORIENTED_EDGE ( 'NONE', *, *, #4162, .T. ) ;
#928 = DIRECTION ( 'NONE',  ( 0.000000000000000000, 3.491481338843000432E-15, -1.000000000000000000 ) ) ;
#929 = DIRECTION ( 'NONE',  ( 0.000000000000000000, -1.000000000000000000, -3.491481338843000432E-15 ) ) ;
#930 = VERTEX_POINT ( 'NONE', #872 ) ;
#931 = AXIS2_PLACEMENT_3D ( 'NONE', #4343, #4745, #1373 ) ;
#932 = CARTESIAN_POINT ( 'NONE',  ( -0.9299999999989999599, 2.500000000000000000, 0.6999999999999999556 ) ) ;
#933 = AXIS2_PLACEMENT_3D ( 'NONE', #3624, #3210, #3181 ) ;
#934 = CARTESIAN_POINT ( 'NONE',  ( -3.524999999998999822, -2.612216340086999988, 0.009999999999999972453 ) ) ;
#935 = ORIENTED_EDGE ( 'NONE', *, *, #3473, .F. ) ;
#936 = VECTOR ( 'NONE', #1370, 1000.000000000000000 ) ;
#937 = VECTOR ( 'NONE', #2076, 1000.000000000000114 ) ;
#938 = ORIENTED_EDGE ( 'NONE', *, *, #4067, .F. ) ;
#939 = LINE ( 'NONE', #555, #537 ) ;
#940 = EDGE_CURVE ( 'NONE', #3392, #2248, #1655, .T. ) ;
#941 = ORIENTED_EDGE ( 'NONE', *, *, #3711, .T. ) ;
#942 = CARTESIAN_POINT ( 'NONE',  ( 1.570000000000000062, 0.9999999999989999111, 6.110000000000000320 ) ) ;
#943 = EDGE_CURVE ( 'NONE', #1729, #2128, #4215, .T. ) ;
#944 = EDGE_CURVE ( 'NONE', #1476, #2712, #2734, .T. ) ;
#945 = EDGE_CURVE ( 'NONE', #1166, #2796, #841, .T. ) ;
#946 = ORIENTED_EDGE ( 'NONE', *, *, #4256, .F. ) ;
#947 = CARTESIAN_POINT ( 'NONE',  ( 3.750000000000000000, -5.199999999999000089, 0.000000000000000000 ) ) ;
#948 = CIRCLE ( 'NONE', #2738, 0.1999999999990000332 ) ;
#949 = LINE ( 'NONE', #3158, #2028 ) ;
#950 = DIRECTION ( 'NONE',  ( 0.000000000000000000, -0.7071067811865475727, 0.7071067811865475727 ) ) ;
#951 = FACE_OUTER_BOUND ( 'NONE', #2604, .T. ) ;
#952 = SURFACE_SIDE_STYLE ('',( #2840 ) ) ;
#953 = VERTEX_POINT ( 'NONE', #3075 ) ;
#954 = PLANE ( 'NONE',  #4708 ) ;
#955 = CARTESIAN_POINT ( 'NONE',  ( -5.000000000000000000, 0.9999999999989999111, 3.750000000000000000 ) ) ;
#956 = DIRECTION ( 'NONE',  ( -1.000000000000000000, 0.000000000000000000, 0.000000000000000000 ) ) ;
#957 = DIRECTION ( 'NONE',  ( 1.000000000000000000, 0.000000000000000000, 0.000000000000000000 ) ) ;
#958 = ORIENTED_EDGE ( 'NONE', *, *, #353, .T. ) ;
#959 = EDGE_LOOP ( 'NONE', ( #3737, #3949, #1072, #330 ) ) ;
#960 = CARTESIAN_POINT ( 'NONE',  ( -4.224999999999999645, -2.812216340087000166, 2.125642915617999673 ) ) ;
#961 = ORIENTED_EDGE ( 'NONE', *, *, #2863, .F. ) ;
#962 = DIRECTION ( 'NONE',  ( 0.000000000000000000, 3.553435748699000723E-15, -1.000000000000000000 ) ) ;
#963 = UNCERTAINTY_MEASURE_WITH_UNIT (LENGTH_MEASURE( 1.000000000000000082E-05 ), #3946, 'distance_accuracy_value', 'NONE');
#964 = VERTEX_POINT ( 'NONE', #1268 ) ;
#965 = CARTESIAN_POINT ( 'NONE',  ( -3.024999999998999822, 0.9999999999989999111, 5.410000000000000142 ) ) ;
#966 = VERTEX_POINT ( 'NONE', #4236 ) ;
#967 = VECTOR ( 'NONE', #179, 1000.000000000000114 ) ;
#968 = CARTESIAN_POINT ( 'NONE',  ( -1.570000000000000062, 2.500000000000000000, 0.6999999999999999556 ) ) ;
#969 = CYLINDRICAL_SURFACE ( 'NONE', #404, 0.2999999999989998445 ) ;
#970 = ADVANCED_FACE ( 'NONE', ( #2759 ), #4257, .F. ) ;
#971 = CARTESIAN_POINT ( 'NONE',  ( -4.224999999999999645, -4.692505281165000319, 2.125642915617999673 ) ) ;
#972 = DIRECTION ( 'NONE',  ( 0.000000000000000000, 1.000000000000000000, 3.408444049004000278E-15 ) ) ;
#973 = ORIENTED_EDGE ( 'NONE', *, *, #2145, .F. ) ;
#974 = EDGE_CURVE ( 'NONE', #2464, #2192, #2386, .T. ) ;
#975 = EDGE_LOOP ( 'NONE', ( #1675, #4306, #2483, #3574 ) ) ;
#976 = DIRECTION ( 'NONE',  ( 0.000000000000000000, 3.408444049004000278E-15, -1.000000000000000000 ) ) ;
#977 = CARTESIAN_POINT ( 'NONE',  ( -1.570000000000000062, -3.460567877848999885, 3.749999999998999911 ) ) ;
#978 = CARTESIAN_POINT ( 'NONE',  ( -5.000000000000000000, -2.902923579057999692, 4.709999999998999876 ) ) ;
#979 = CARTESIAN_POINT ( 'NONE',  ( 4.799999999998999733, -2.612216340086999988, 0.1100000000000000144 ) ) ;
#980 = ORIENTED_EDGE ( 'NONE', *, *, #503, .T. ) ;
#981 = ADVANCED_FACE ( 'NONE', ( #4660 ), #1290, .T. ) ;
#982 = VERTEX_POINT ( 'NONE', #1979 ) ;
#983 = CARTESIAN_POINT ( 'NONE',  ( 4.150000000000000355, -3.199999999999000089, 2.125642915617999673 ) ) ;
#984 = CARTESIAN_POINT ( 'NONE',  ( -5.000000000000000000, -5.299999999999999822, 4.009999999998999698 ) ) ;
#985 = EDGE_LOOP ( 'NONE', ( #804, #1531, #1260, #3659 ) ) ;
#986 = CARTESIAN_POINT ( 'NONE',  ( 3.750000000000000000, -3.499999999998999911, 0.2999999999999999889 ) ) ;
#987 = ORIENTED_EDGE ( 'NONE', *, *, #2893, .T. ) ;
#988 = DIRECTION ( 'NONE',  ( 0.000000000000000000, -3.491481338843000432E-15, 1.000000000000000000 ) ) ;
#989 = LINE ( 'NONE', #1682, #1791 ) ;
#990 = FACE_OUTER_BOUND ( 'NONE', #395, .T. ) ;
#991 = ORIENTED_EDGE ( 'NONE', *, *, #3972, .T. ) ;
#992 = CARTESIAN_POINT ( 'NONE',  ( -4.799999999998999733, -1.768312994765999679, 0.009999999999999972453 ) ) ;
#993 = EDGE_CURVE ( 'NONE', #21, #1303, #1338, .T. ) ;
#994 = CARTESIAN_POINT ( 'NONE',  ( -5.000000000000000000, -2.488637864772000441, 4.209999999998999876 ) ) ;
#995 = ORIENTED_EDGE ( 'NONE', *, *, #3260, .T. ) ;
#996 = FACE_OUTER_BOUND ( 'NONE', #299, .T. ) ;
#997 = ADVANCED_FACE ( 'NONE', ( #3546 ), #189, .T. ) ;
#998 = DIRECTION ( 'NONE',  ( 0.000000000000000000, -3.491481338843000432E-15, 1.000000000000000000 ) ) ;
#999 = EDGE_CURVE ( 'NONE', #3907, #2467, #4408, .T. ) ;
#1000 = CIRCLE ( 'NONE', #1553, 0.2999999999989998445 ) ;
#1001 = PLANE ( 'NONE',  #4853 ) ;
#1002 = LINE ( 'NONE', #2491, #1084 ) ;
#1003 = DIRECTION ( 'NONE',  ( 1.023415682654999889E-31, 1.000000000000000000, 3.672402090974000934E-15 ) ) ;
#1004 = VECTOR ( 'NONE', #4228, 1000.000000000000000 ) ;
#1005 = ORIENTED_EDGE ( 'NONE', *, *, #348, .T. ) ;
#1006 = AXIS2_PLACEMENT_3D ( 'NONE', #4543, #2638, #2300 ) ;
#1007 = ADVANCED_FACE ( 'NONE', ( #4016 ), #4683, .F. ) ;
#1008 = AXIS2_PLACEMENT_3D ( 'NONE', #273, #571, #3975 ) ;
#1009 = VECTOR ( 'NONE', #1886, 1000.000000000000000 ) ;
#1010 = ORIENTED_EDGE ( 'NONE', *, *, #2528, .T. ) ;
#1011 = CARTESIAN_POINT ( 'NONE',  ( -3.024999999998999822, 1.199999999998999867, 5.110000000000000320 ) ) ;
#1012 = CARTESIAN_POINT ( 'NONE',  ( 3.725000000000000089, -5.299999999999999822, 6.109999999999000231 ) ) ;
#1013 = VERTEX_POINT ( 'NONE', #1680 ) ;
#1014 = LINE ( 'NONE', #2501, #1995 ) ;
#1015 = AXIS2_PLACEMENT_3D ( 'NONE', #393, #1891, #3024 ) ;
#1016 = ORIENTED_EDGE ( 'NONE', *, *, #4096, .T. ) ;
#1017 = LINE ( 'NONE', #2144, #1074 ) ;
#1018 = CARTESIAN_POINT ( 'NONE',  ( -0.9299999999989999599, 1.718784469735999965, 3.013489949669999834 ) ) ;
#1019 = DIRECTION ( 'NONE',  ( 0.000000000000000000, 1.000000000000000000, 4.336808689942015369E-15 ) ) ;
#1020 = ORIENTED_EDGE ( 'NONE', *, *, #3220, .T. ) ;
#1021 = DIRECTION ( 'NONE',  ( 0.000000000000000000, 1.000000000000000000, 0.000000000000000000 ) ) ;
#1022 = CARTESIAN_POINT ( 'NONE',  ( 1.570000000000000062, 1.618845387034999916, 3.009999999999999787 ) ) ;
#1023 = ORIENTED_EDGE ( 'NONE', *, *, #1540, .F. ) ;
#1024 = DIRECTION ( 'NONE',  ( 0.000000000000000000, -1.000000000000000000, -3.491481338843000432E-15 ) ) ;
#1025 = ORIENTED_EDGE ( 'NONE', *, *, #2461, .F. ) ;
#1026 = LINE ( 'NONE', #977, #187 ) ;
#1027 = CARTESIAN_POINT ( 'NONE',  ( -3.024999999998999822, 1.699999999998999867, 5.110000000000000320 ) ) ;
#1028 = ORIENTED_EDGE ( 'NONE', *, *, #2921, .T. ) ;
#1029 = FACE_OUTER_BOUND ( 'NONE', #678, .T. ) ;
#1030 = EDGE_CURVE ( 'NONE', #2926, #2854, #1017, .T. ) ;
#1031 = CARTESIAN_POINT ( 'NONE',  ( -3.750000000000000000, -4.899999999998999378, 2.125642915617999673 ) ) ;
#1032 = VERTEX_POINT ( 'NONE', #1312 ) ;
#1033 = EDGE_CURVE ( 'NONE', #4587, #286, #2477, .T. ) ;
#1034 = ADVANCED_FACE ( 'NONE', ( #3939 ), #2809, .F. ) ;
#1035 = EDGE_CURVE ( 'NONE', #4233, #966, #1780, .T. ) ;
#1036 = CARTESIAN_POINT ( 'NONE',  ( -1.570000000000000062, 1.618845387034999916, 3.009999999999999787 ) ) ;
#1037 = CARTESIAN_POINT ( 'NONE',  ( -5.000000000000000000, -2.525891170531000096, 4.326247638743000223 ) ) ;
#1038 = ORIENTED_EDGE ( 'NONE', *, *, #1648, .T. ) ;
#1039 = CARTESIAN_POINT ( 'NONE',  ( -1.570000000000000062, 1.718784469735999965, 3.013489949669999834 ) ) ;
#1040 = EDGE_CURVE ( 'NONE', #2449, #2964, #3618, .T. ) ;
#1041 = VECTOR ( 'NONE', #4765, 1000.000000000000000 ) ;
#1042 = CARTESIAN_POINT ( 'NONE',  ( -5.000000000000000000, 0.9999999999989999111, 3.750000000000000000 ) ) ;
#1043 = DIRECTION ( 'NONE',  ( 0.000000000000000000, 4.169107696646000125E-15, -1.000000000000000000 ) ) ;
#1044 = DIRECTION ( 'NONE',  ( 0.000000000000000000, 1.000000000000000000, 3.491481338843000432E-15 ) ) ;
#1045 = ORIENTED_EDGE ( 'NONE', *, *, #112, .T. ) ;
#1046 = DIRECTION ( 'NONE',  ( 0.000000000000000000, -1.000000000000000000, -3.491481338843000432E-15 ) ) ;
#1047 = LINE ( 'NONE', #4839, #539 ) ;
#1048 = EDGE_LOOP ( 'NONE', ( #3933, #1527, #3471, #3053 ) ) ;
#1049 = DIRECTION ( 'NONE',  ( 1.000000000000000000, 0.000000000000000000, 0.000000000000000000 ) ) ;
#1050 = CARTESIAN_POINT ( 'NONE',  ( -0.7499999999990000221, 1.399999999999999911, 0.1100000000010000339 ) ) ;
#1051 = DIRECTION ( 'NONE',  ( 0.000000000000000000, 3.553435748699000723E-15, -1.000000000000000000 ) ) ;
#1052 = CARTESIAN_POINT ( 'NONE',  ( 4.799999999998999733, -1.768312994765999679, 0.009999999999999972453 ) ) ;
#1053 = ORIENTED_EDGE ( 'NONE', *, *, #294, .T. ) ;
#1054 = VECTOR ( 'NONE', #4170, 1000.000000000000000 ) ;
#1055 = CARTESIAN_POINT ( 'NONE',  ( 0.9300000000000000488, 0.9999999999989999111, 3.750000000000000000 ) ) ;
#1056 = CARTESIAN_POINT ( 'NONE',  ( -0.9299999999989999599, 5.299999999999999822, 0.4580148828660000060 ) ) ;
#1057 = ORIENTED_EDGE ( 'NONE', *, *, #4049, .F. ) ;
#1058 = DIRECTION ( 'NONE',  ( 1.394593512232000093E-15, 1.000000000000000000, 3.491481338843000432E-15 ) ) ;
#1059 = EDGE_CURVE ( 'NONE', #2449, #352, #2503, .T. ) ;
#1060 = VERTEX_POINT ( 'NONE', #2529 ) ;
#1061 = CARTESIAN_POINT ( 'NONE',  ( 1.570000000000000062, 1.618845387034999916, 3.750000000000000000 ) ) ;
#1062 = ADVANCED_FACE ( 'NONE', ( #3963 ), #258, .F. ) ;
#1063 = LINE ( 'NONE', #4783, #3754 ) ;
#1064 = DIRECTION ( 'NONE',  ( 0.000000000000000000, 3.491481338843000432E-15, -1.000000000000000000 ) ) ;
#1065 = ORIENTED_EDGE ( 'NONE', *, *, #4733, .T. ) ;
#1066 = DIRECTION ( 'NONE',  ( -1.000000000000000000, 0.000000000000000000, 0.000000000000000000 ) ) ;
#1067 = LINE ( 'NONE', #4442, #4613 ) ;
#1068 = ORIENTED_EDGE ( 'NONE', *, *, #1910, .F. ) ;
#1069 = LINE ( 'NONE', #3626, #1564 ) ;
#1070 = ORIENTED_EDGE ( 'NONE', *, *, #2787, .F. ) ;
#1071 = LINE ( 'NONE', #4843, #3882 ) ;
#1072 = ORIENTED_EDGE ( 'NONE', *, *, #2362, .F. ) ;
#1073 = CARTESIAN_POINT ( 'NONE',  ( -4.999999999998999911, -4.692505281165000319, 2.635691244187000404 ) ) ;
#1074 = VECTOR ( 'NONE', #988, 1000.000000000000000 ) ;
#1075 = CARTESIAN_POINT ( 'NONE',  ( 1.750000000000000000, 2.500000000000000000, 0.8099999999999999423 ) ) ;
#1076 = ORIENTED_EDGE ( 'NONE', *, *, #1207, .T. ) ;
#1077 = PRESENTATION_LAYER_ASSIGNMENT (  '', '', ( #3195 ) ) ;
#1078 = VECTOR ( 'NONE', #1107, 1000.000000000000000 ) ;
#1079 = EDGE_LOOP ( 'NONE', ( #46, #3217, #2949, #4006 ) ) ;
#1080 = CARTESIAN_POINT ( 'NONE',  ( 1.570000000000000062, 2.358394599029000283, 3.035825627559000317 ) ) ;
#1081 = VECTOR ( 'NONE', #1043, 1000.000000000000000 ) ;
#1082 = LINE ( 'NONE', #4504, #1715 ) ;
#1083 = ORIENTED_EDGE ( 'NONE', *, *, #863, .T. ) ;
#1084 = VECTOR ( 'NONE', #4002, 1000.000000000000000 ) ;
#1085 = CARTESIAN_POINT ( 'NONE',  ( -0.9299999999989999599, -3.499999999998999911, 0.000000000000000000 ) ) ;
#1086 = VECTOR ( 'NONE', #3376, 1000.000000000000000 ) ;
#1087 = VERTEX_POINT ( 'NONE', #578 ) ;
#1088 = VECTOR ( 'NONE', #362, 1000.000000000000000 ) ;
#1089 = EDGE_CURVE ( 'NONE', #1430, #3392, #2122, .T. ) ;
#1090 = CARTESIAN_POINT ( 'NONE',  ( 1.249417477348000238, -4.338160184241999673, 3.430582522651000499 ) ) ;
#1091 = VECTOR ( 'NONE', #3508, 1000.000000000000000 ) ;
#1092 = DIRECTION ( 'NONE',  ( 0.000000000000000000, -0.5812381937193801251, 0.8137334712065322773 ) ) ;
#1093 = ADVANCED_FACE ( 'NONE', ( #2071 ), #4039, .F. ) ;
#1094 = CARTESIAN_POINT ( 'NONE',  ( -1.425000000000000044, -1.800000000000000044, 6.109999999999000231 ) ) ;
#1095 = AXIS2_PLACEMENT_3D ( 'NONE', #733, #3258, #1819 ) ;
#1096 = EDGE_CURVE ( 'NONE', #3138, #93, #1700, .T. ) ;
#1097 = EDGE_CURVE ( 'NONE', #4496, #1562, #3273, .T. ) ;
#1098 = AXIS2_PLACEMENT_3D ( 'NONE', #2369, #3507, #1639 ) ;
#1099 = LINE ( 'NONE', #1496, #474 ) ;
#1100 = DIRECTION ( 'NONE',  ( -1.000000000000000000, 0.000000000000000000, 0.000000000000000000 ) ) ;
#1101 = VERTEX_POINT ( 'NONE', #4710 ) ;
#1102 = LINE ( 'NONE', #4841, #936 ) ;
#1103 = LINE ( 'NONE', #2251, #3253 ) ;
#1104 = CARTESIAN_POINT ( 'NONE',  ( -4.150000000000000355, -5.199999999999000089, 2.125642915617999673 ) ) ;
#1105 = CARTESIAN_POINT ( 'NONE',  ( -4.224999999999999645, -4.692505281165000319, 1.125642915617999895 ) ) ;
#1106 = ORIENTED_EDGE ( 'NONE', *, *, #1752, .F. ) ;
#1107 = DIRECTION ( 'NONE',  ( 0.000000000000000000, 0.03489949670200395010, -0.9993908270191130816 ) ) ;
#1108 = CARTESIAN_POINT ( 'NONE',  ( -3.024999999998999822, -5.299999999999999822, 5.409999999999000053 ) ) ;
#1109 = VERTEX_POINT ( 'NONE', #965 ) ;
#1110 = DIRECTION ( 'NONE',  ( 0.3236155771183229501, 0.8891264907158876740, 0.3236155771183229501 ) ) ;
#1111 = EDGE_LOOP ( 'NONE', ( #4245, #745, #4046, #4697 ) ) ;
#1112 = EDGE_LOOP ( 'NONE', ( #4038, #2060, #3422, #56 ) ) ;
#1113 = EDGE_CURVE ( 'NONE', #3671, #2675, #2455, .T. ) ;
#1114 = FACE_OUTER_BOUND ( 'NONE', #4815, .T. ) ;
#1115 = DIRECTION ( 'NONE',  ( -1.000000000000000000, 0.000000000000000000, 0.000000000000000000 ) ) ;
#1116 = CIRCLE ( 'NONE', #2764, 0.1000000000000000472 ) ;
#1117 = DIRECTION ( 'NONE',  ( 0.000000000000000000, -1.000000000000000000, -3.672402090974000934E-15 ) ) ;
#1118 = CARTESIAN_POINT ( 'NONE',  ( -3.725000000000000089, -4.692505281165000319, 2.125642915617999673 ) ) ;
#1119 = CARTESIAN_POINT ( 'NONE',  ( -3.725000000000000089, -4.692505281165000319, 2.125642915617999673 ) ) ;
#1120 = EDGE_CURVE ( 'NONE', #4597, #3522, #1808, .T. ) ;
#1121 = ORIENTED_EDGE ( 'NONE', *, *, #1934, .T. ) ;
#1122 = CARTESIAN_POINT ( 'NONE',  ( 0.9300000000000000488, -3.960567877848999885, 3.749999999998999911 ) ) ;
#1123 = ORIENTED_EDGE ( 'NONE', *, *, #3088, .F. ) ;
#1124 = CARTESIAN_POINT ( 'NONE',  ( 2.125000000000000000, -2.500000000000000000, 5.409999999999000053 ) ) ;
#1125 = AXIS2_PLACEMENT_3D ( 'NONE', #3245, #3270, #4454 ) ;
#1126 = DIRECTION ( 'NONE',  ( -1.000000000000000000, 0.000000000000000000, 0.000000000000000000 ) ) ;
#1127 = ADVANCED_FACE ( 'NONE', ( #3665 ), #767, .F. ) ;
#1128 = CARTESIAN_POINT ( 'NONE',  ( -3.725000000000000089, -2.812216340087000166, 2.125642915617999673 ) ) ;
#1129 = ORIENTED_EDGE ( 'NONE', *, *, #3801, .T. ) ;
#1130 = EDGE_LOOP ( 'NONE', ( #4031, #2429, #4048, #1470, #4764, #4391, #4824, #980, #2385, #2197, #3474, #1818, #123, #2920 ) ) ;
#1131 = DIRECTION ( 'NONE',  ( 1.000000000000000000, 0.000000000000000000, 0.000000000000000000 ) ) ;
#1132 = DIRECTION ( 'NONE',  ( 0.000000000000000000, -3.491481338843000432E-15, 1.000000000000000000 ) ) ;
#1133 = EDGE_LOOP ( 'NONE', ( #3240, #8, #255, #1327 ) ) ;
#1134 = ORIENTED_EDGE ( 'NONE', *, *, #1604, .T. ) ;
#1135 = ORIENTED_EDGE ( 'NONE', *, *, #1816, .F. ) ;
#1136 = DIRECTION ( 'NONE',  ( -2.710505431212999834E-16, 1.000000000000000000, 0.000000000000000000 ) ) ;
#1137 = CARTESIAN_POINT ( 'NONE',  ( -5.000000000000000000, -5.299999999999999822, 4.009999999998999698 ) ) ;
#1138 = ORIENTED_EDGE ( 'NONE', *, *, #791, .F. ) ;
#1139 = PLANE ( 'NONE',  #4290 ) ;
#1140 = LINE ( 'NONE', #2339, #1257 ) ;
#1141 = FACE_OUTER_BOUND ( 'NONE', #73, .T. ) ;
#1142 = CARTESIAN_POINT ( 'NONE',  ( -3.725000000000000089, -2.740176884817000058, 4.626247638743000046 ) ) ;
#1143 = VERTEX_POINT ( 'NONE', #3355 ) ;
#1144 = LINE ( 'NONE', #1124, #4274 ) ;
#1145 = VERTEX_POINT ( 'NONE', #410 ) ;
#1146 = EDGE_CURVE ( 'NONE', #666, #1814, #4834, .T. ) ;
#1147 = LINE ( 'NONE', #3393, #3124 ) ;
#1148 = LINE ( 'NONE', #4544, #2417 ) ;
#1149 = ORIENTED_EDGE ( 'NONE', *, *, #4427, .F. ) ;
#1150 = ORIENTED_EDGE ( 'NONE', *, *, #1348, .F. ) ;
#1151 = EDGE_CURVE ( 'NONE', #2613, #2256, #3699, .T. ) ;
#1152 = EDGE_CURVE ( 'NONE', #2066, #2303, #2628, .T. ) ;
#1153 = CARTESIAN_POINT ( 'NONE',  ( 3.725000000000000089, -5.299999999999999822, 4.009999999998999698 ) ) ;
#1154 = CARTESIAN_POINT ( 'NONE',  ( 3.725000000000000089, -2.525891170531000096, 4.326247638743000223 ) ) ;
#1155 = ORIENTED_EDGE ( 'NONE', *, *, #259, .T. ) ;
#1156 = VECTOR ( 'NONE', #913, 1000.000000000000000 ) ;
#1157 = EDGE_CURVE ( 'NONE', #282, #34, #748, .T. ) ;
#1158 = VERTEX_POINT ( 'NONE', #2269 ) ;
#1159 = VECTOR ( 'NONE', #1092, 1000.000000000000114 ) ;
#1160 = LINE ( 'NONE', #2198, #451 ) ;
#1161 = VECTOR ( 'NONE', #521, 1000.000000000000000 ) ;
#1162 = DIRECTION ( 'NONE',  ( 0.000000000000000000, -1.000000000000000000, -3.491481338843000432E-15 ) ) ;
#1163 = VECTOR ( 'NONE', #2722, 1000.000000000000000 ) ;
#1164 = VECTOR ( 'NONE', #655, 1000.000000000000000 ) ;
#1165 = CIRCLE ( 'NONE', #4071, 0.2999999999989998445 ) ;
#1166 = VERTEX_POINT ( 'NONE', #2950 ) ;
#1167 = LINE ( 'NONE', #431, #4455 ) ;
#1168 = VECTOR ( 'NONE', #2967, 1000.000000000000000 ) ;
#1169 = LINE ( 'NONE', #1118, #4387 ) ;
#1170 = VECTOR ( 'NONE', #459, 1000.000000000000000 ) ;
#1171 = DIRECTION ( 'NONE',  ( 0.000000000000000000, -3.501506313189000431E-15, 1.000000000000000000 ) ) ;
#1172 = LINE ( 'NONE', #1895, #2428 ) ;
#1173 = ORIENTED_EDGE ( 'NONE', *, *, #1494, .F. ) ;
#1174 = AXIS2_PLACEMENT_3D ( 'NONE', #1344, #2839, #4337 ) ;
#1175 = FACE_OUTER_BOUND ( 'NONE', #2923, .T. ) ;
#1176 = DIRECTION ( 'NONE',  ( 0.000000000000000000, 3.646367363483000567E-15, -1.000000000000000000 ) ) ;
#1177 = LINE ( 'NONE', #1222, #3989 ) ;
#1178 = VERTEX_POINT ( 'NONE', #384 ) ;
#1179 = VECTOR ( 'NONE', #2097, 1000.000000000000114 ) ;
#1180 = ORIENTED_EDGE ( 'NONE', *, *, #3070, .F. ) ;
#1181 = VECTOR ( 'NONE', #2230, 1000.000000000000000 ) ;
#1182 = DIRECTION ( 'NONE',  ( 1.000000000000000000, 0.000000000000000000, 0.000000000000000000 ) ) ;
#1183 = ADVANCED_FACE ( 'NONE', ( #1114 ), #1464, .F. ) ;
#1184 = CARTESIAN_POINT ( 'NONE',  ( 3.024999999999999911, 1.399999999999999911, 0.8099999999999999423 ) ) ;
#1185 = VERTEX_POINT ( 'NONE', #1884 ) ;
#1186 = ADVANCED_FACE ( 'NONE', ( #4091 ), #1834, .F. ) ;
#1187 = CARTESIAN_POINT ( 'NONE',  ( -0.9299999999989999599, 2.358394599029000283, 3.035825627559000317 ) ) ;
#1188 = EDGE_CURVE ( 'NONE', #3708, #3671, #4530, .T. ) ;
#1189 = FACE_OUTER_BOUND ( 'NONE', #4630, .T. ) ;
#1190 = DIRECTION ( 'NONE',  ( -1.000000000000000000, 0.000000000000000000, 0.000000000000000000 ) ) ;
#1191 = DIRECTION ( 'NONE',  ( 0.000000000000000000, 1.000000000000000000, 3.501506313189000431E-15 ) ) ;
#1192 = FACE_OUTER_BOUND ( 'NONE', #4, .T. ) ;
#1193 = DIRECTION ( 'NONE',  ( -0.9396926207860170077, 0.3420201433253705070, 1.425918811948543947E-15 ) ) ;
#1194 = EDGE_LOOP ( 'NONE', ( #660, #2217, #4602, #3588 ) ) ;
#1195 = ORIENTED_EDGE ( 'NONE', *, *, #2302, .F. ) ;
#1196 = DIRECTION ( 'NONE',  ( 0.000000000000000000, 0.000000000000000000, 1.000000000000000000 ) ) ;
#1197 = CARTESIAN_POINT ( 'NONE',  ( 0.000000000000000000, 2.500000000000000000, 2.125642915617999673 ) ) ;
#1198 = CARTESIAN_POINT ( 'NONE',  ( -1.570000000000000062, 4.799999999999999822, 1.000013873792005015E-12 ) ) ;
#1199 = PLANE ( 'NONE',  #4030 ) ;
#1200 = EDGE_LOOP ( 'NONE', ( #1283, #192, #3377, #3051, #1524, #3677, #1629, #3804 ) ) ;
#1201 = DIRECTION ( 'NONE',  ( 0.3236155771183229501, 0.8891264907158876740, 0.3236155771183229501 ) ) ;
#1202 = DIRECTION ( 'NONE',  ( 2.710505431212999834E-16, -1.000000000000000000, -3.491481338843000432E-15 ) ) ;
#1203 = VECTOR ( 'NONE', #3984, 1000.000000000000000 ) ;
#1204 = CARTESIAN_POINT ( 'NONE',  ( 1.570000000000000062, -3.960567877848999885, 3.109999999998999787 ) ) ;
#1205 = EDGE_LOOP ( 'NONE', ( #2047, #2474, #3338, #740 ) ) ;
#1206 = DIRECTION ( 'NONE',  ( 0.9063077870368018152, -0.4226182617403738684, -1.475563774322305541E-15 ) ) ;
#1207 = EDGE_CURVE ( 'NONE', #1476, #4099, #338, .T. ) ;
#1208 = ORIENTED_EDGE ( 'NONE', *, *, #4159, .T. ) ;
#1209 = LINE ( 'NONE', #3098, #4298 ) ;
#1210 = EDGE_CURVE ( 'NONE', #3480, #1467, #3431, .T. ) ;
#1211 = ORIENTED_EDGE ( 'NONE', *, *, #1207, .F. ) ;
#1212 = DIRECTION ( 'NONE',  ( 0.000000000000000000, 1.000000000000000000, 4.336808689963701156E-15 ) ) ;
#1213 = ORIENTED_EDGE ( 'NONE', *, *, #737, .F. ) ;
#1214 = CARTESIAN_POINT ( 'NONE',  ( -0.9299999999989999599, 2.500000000000000000, 0.6999999999999999556 ) ) ;
#1215 = DIRECTION ( 'NONE',  ( 0.000000000000000000, 3.491481338843000432E-15, -1.000000000000000000 ) ) ;
#1216 = DIRECTION ( 'NONE',  ( 0.000000000000000000, 3.491481338843000432E-15, -1.000000000000000000 ) ) ;
#1217 = VERTEX_POINT ( 'NONE', #1061 ) ;
#1218 = ORIENTED_EDGE ( 'NONE', *, *, #219, .T. ) ;
#1219 = EDGE_CURVE ( 'NONE', #3125, #1792, #1160, .T. ) ;
#1220 = ORIENTED_EDGE ( 'NONE', *, *, #3348, .T. ) ;
#1221 = CARTESIAN_POINT ( 'NONE',  ( 1.570000000000000062, -3.960567877848999885, 3.749999999998999911 ) ) ;
#1222 = CARTESIAN_POINT ( 'NONE',  ( 0.7500000000000000000, 2.500000000000000000, 0.01000000000099998676 ) ) ;
#1223 = PLANE ( 'NONE',  #43 ) ;
#1224 = ORIENTED_EDGE ( 'NONE', *, *, #4360, .F. ) ;
#1225 = DIRECTION ( 'NONE',  ( 0.000000000000000000, 1.000000000000000000, 3.491481338843000432E-15 ) ) ;
#1226 = ORIENTED_EDGE ( 'NONE', *, *, #3532, .T. ) ;
#1227 = ORIENTED_EDGE ( 'NONE', *, *, #1304, .F. ) ;
#1228 = DIRECTION ( 'NONE',  ( -6.395980882770000157E-16, 1.000000000000000000, 3.491481338843000432E-15 ) ) ;
#1229 = CARTESIAN_POINT ( 'NONE',  ( -3.725000000000000089, 1.699999999998999867, 4.909999999999999254 ) ) ;
#1230 = VERTEX_POINT ( 'NONE', #2931 ) ;
#1231 = EDGE_CURVE ( 'NONE', #4467, #2908, #49, .T. ) ;
#1232 = CARTESIAN_POINT ( 'NONE',  ( 1.340048339104999986, -4.092354873723000885, 3.520048339104999702 ) ) ;
#1233 = ORIENTED_EDGE ( 'NONE', *, *, #1514, .F. ) ;
#1234 = CARTESIAN_POINT ( 'NONE',  ( 0.000000000000000000, 1.399999999999999911, 3.109999999999999876 ) ) ;
#1235 = VECTOR ( 'NONE', #4555, 1000.000000000000000 ) ;
#1236 = CYLINDRICAL_SURFACE ( 'NONE', #1701, 0.7399999999999999911 ) ;
#1237 = ORIENTED_EDGE ( 'NONE', *, *, #376, .T. ) ;
#1238 = EDGE_CURVE ( 'NONE', #2196, #2431, #3381, .T. ) ;
#1239 = DIRECTION ( 'NONE',  ( 1.000000000000000000, 0.000000000000000000, 0.000000000000000000 ) ) ;
#1240 = VECTOR ( 'NONE', #2576, 1000.000000000000000 ) ;
#1241 = AXIS2_PLACEMENT_3D ( 'NONE', #416, #1932, #4584 ) ;
#1242 = DIRECTION ( 'NONE',  ( 0.000000000000000000, 1.000000000000000000, 3.956139412765000600E-15 ) ) ;
#1243 = ADVANCED_FACE ( 'NONE', ( #2243 ), #727, .T. ) ;
#1244 = CARTESIAN_POINT ( 'NONE',  ( -0.9299999999989999599, -3.499999999998999911, 0.2999999999999999889 ) ) ;
#1245 = VECTOR ( 'NONE', #3040, 1000.000000000000000 ) ;
#1246 = ADVANCED_FACE ( 'NONE', ( #4508 ), #2554, .F. ) ;
#1247 = EDGE_LOOP ( 'NONE', ( #4375, #2214, #183, #3983 ) ) ;
#1248 = AXIS2_PLACEMENT_3D ( 'NONE', #4324, #1692, #223 ) ;
#1249 = VECTOR ( 'NONE', #557, 1000.000000000000000 ) ;
#1250 = PLANE ( 'NONE',  #1006 ) ;
#1251 = CARTESIAN_POINT ( 'NONE',  ( 0.9300000000000000488, 1.618845387034999916, 3.009999999999999787 ) ) ;
#1252 = VERTEX_POINT ( 'NONE', #92 ) ;
#1253 = VECTOR ( 'NONE', #1526, 1000.000000000000000 ) ;
#1254 = FACE_OUTER_BOUND ( 'NONE', #4207, .T. ) ;
#1255 = DIRECTION ( 'NONE',  ( 0.000000000000000000, 1.000000000000000000, 0.000000000000000000 ) ) ;
#1256 = VERTEX_POINT ( 'NONE', #2727 ) ;
#1257 = VECTOR ( 'NONE', #52, 1000.000000000000000 ) ;
#1258 = CARTESIAN_POINT ( 'NONE',  ( 3.024999999999999911, 1.000000000000000000, 0.8099999999999999423 ) ) ;
#1259 = CARTESIAN_POINT ( 'NONE',  ( 1.570000000000000062, 1.399999999998999822, 3.750000000000000000 ) ) ;
#1260 = ORIENTED_EDGE ( 'NONE', *, *, #1759, .F. ) ;
#1261 = VECTOR ( 'NONE', #751, 1000.000000000000114 ) ;
#1262 = VERTEX_POINT ( 'NONE', #1187 ) ;
#1263 = ADVANCED_FACE ( 'NONE', ( #794 ), #4231, .F. ) ;
#1264 = CARTESIAN_POINT ( 'NONE',  ( -0.9299999999989999599, 4.799999999999999822, 0.6999999999999999556 ) ) ;
#1265 = EDGE_LOOP ( 'NONE', ( #390, #3343, #1410, #1076 ) ) ;
#1266 = LINE ( 'NONE', #3198, #3203 ) ;
#1267 = ORIENTED_EDGE ( 'NONE', *, *, #2164, .T. ) ;
#1268 = CARTESIAN_POINT ( 'NONE',  ( 3.024999999999999911, 2.500000000000000000, 0.8099999999999999423 ) ) ;
#1269 = DIRECTION ( 'NONE',  ( 0.000000000000000000, 3.646367363483000567E-15, -1.000000000000000000 ) ) ;
#1270 = CARTESIAN_POINT ( 'NONE',  ( -5.000000000000000000, -5.299999999998999733, 0.1100000000000000144 ) ) ;
#1271 = LINE ( 'NONE', #4285, #4322 ) ;
#1272 = APPLICATION_PROTOCOL_DEFINITION ( 'draft international standard', 'automotive_design', 1998, #812 ) ;
#1273 = CARTESIAN_POINT ( 'NONE',  ( -3.725000000000000089, -4.692505281165000319, 1.125642915617999895 ) ) ;
#1274 = EDGE_CURVE ( 'NONE', #2439, #1991, #3123, .T. ) ;
#1275 = DIRECTION ( 'NONE',  ( -1.000000000000000000, 0.000000000000000000, 0.000000000000000000 ) ) ;
#1276 = EDGE_LOOP ( 'NONE', ( #991, #37, #855, #1335 ) ) ;
#1277 = CARTESIAN_POINT ( 'NONE',  ( -0.9299999999989999599, -3.960567877848999885, 3.109999999998999787 ) ) ;
#1278 = CARTESIAN_POINT ( 'NONE',  ( -2.124999999998999911, -4.159415119350000190, 5.409999999999000053 ) ) ;
#1279 = VERTEX_POINT ( 'NONE', #4576 ) ;
#1280 = EDGE_CURVE ( 'NONE', #2354, #3138, #3864, .T. ) ;
#1281 = DIRECTION ( 'NONE',  ( 0.000000000000000000, 0.000000000000000000, 1.000000000000000000 ) ) ;
#1282 = CARTESIAN_POINT ( 'NONE',  ( -4.150000000000000355, -4.899999999998999378, 0.000000000000000000 ) ) ;
#1283 = ORIENTED_EDGE ( 'NONE', *, *, #4575, .F. ) ;
#1284 = AXIS2_PLACEMENT_3D ( 'NONE', #1938, #2715, #4590 ) ;
#1285 = ORIENTED_EDGE ( 'NONE', *, *, #3295, .T. ) ;
#1286 = DIRECTION ( 'NONE',  ( 1.000000000000000000, 0.000000000000000000, 0.000000000000000000 ) ) ;
#1287 = EDGE_LOOP ( 'NONE', ( #2753, #2718, #3634, #75 ) ) ;
#1288 = LINE ( 'NONE', #3912, #4662 ) ;
#1289 = EDGE_CURVE ( 'NONE', #867, #1562, #1976, .T. ) ;
#1290 = CYLINDRICAL_SURFACE ( 'NONE', #1717, 0.2999999999989998445 ) ;
#1291 = FACE_OUTER_BOUND ( 'NONE', #274, .T. ) ;
#1292 = CARTESIAN_POINT ( 'NONE',  ( -1.749999999998999911, 1.399999999999999911, 0.8099999999999999423 ) ) ;
#1293 = ORIENTED_EDGE ( 'NONE', *, *, #4515, .F. ) ;
#1294 = LINE ( 'NONE', #4687, #1885 ) ;
#1295 = PLANE ( 'NONE',  #1477 ) ;
#1296 = ORIENTED_EDGE ( 'NONE', *, *, #4109, .F. ) ;
#1297 = PLANE ( 'NONE',  #2575 ) ;
#1298 = CARTESIAN_POINT ( 'NONE',  ( 0.000000000000000000, 1.399999999998999822, 3.750000000000000000 ) ) ;
#1299 = ADVANCED_FACE ( 'NONE', ( #3791 ), #66, .F. ) ;
#1300 = DIRECTION ( 'NONE',  ( 1.000000000000000000, 0.000000000000000000, 0.000000000000000000 ) ) ;
#1301 = EDGE_CURVE ( 'NONE', #4291, #922, #1000, .T. ) ;
#1302 = DIRECTION ( 'NONE',  ( 0.3236155771183229501, -0.8891264907158876740, -0.3236155771183229501 ) ) ;
#1303 = VERTEX_POINT ( 'NONE', #2307 ) ;
#1304 = EDGE_CURVE ( 'NONE', #1724, #3476, #4201, .T. ) ;
#1305 = EDGE_CURVE ( 'NONE', #4471, #2854, #3095, .T. ) ;
#1306 = EDGE_LOOP ( 'NONE', ( #322, #4453, #2001, #511 ) ) ;
#1307 = FACE_OUTER_BOUND ( 'NONE', #3222, .T. ) ;
#1308 = VERTEX_POINT ( 'NONE', #3071 ) ;
#1309 = PLANE ( 'NONE',  #1486 ) ;
#1310 = EDGE_CURVE ( 'NONE', #1256, #4388, #2382, .T. ) ;
#1311 = EDGE_LOOP ( 'NONE', ( #265, #973, #1149, #1580 ) ) ;
#1312 = CARTESIAN_POINT ( 'NONE',  ( -1.570000000000000062, 1.800426421085999928, 0.6755703523079999995 ) ) ;
#1313 = CARTESIAN_POINT ( 'NONE',  ( 3.024999999999999911, -5.299999999999999822, 5.409999999999000053 ) ) ;
#1314 = DIRECTION ( 'NONE',  ( 0.000000000000000000, 1.000000000000000000, 3.491481338843000432E-15 ) ) ;
#1315 = AXIS2_PLACEMENT_3D ( 'NONE', #4346, #2430, #574 ) ;
#1316 = VECTOR ( 'NONE', #3778, 1000.000000000000000 ) ;
#1317 = DIRECTION ( 'NONE',  ( -2.710505431212999834E-16, 1.000000000000000000, 0.000000000000000000 ) ) ;
#1318 = VECTOR ( 'NONE', #4624, 1000.000000000000000 ) ;
#1319 = FACE_OUTER_BOUND ( 'NONE', #2506, .T. ) ;
#1320 = ORIENTED_EDGE ( 'NONE', *, *, #3582, .F. ) ;
#1321 = CARTESIAN_POINT ( 'NONE',  ( -2.924999999999000178, -5.099999999999000444, 0.009999999999999972453 ) ) ;
#1322 = DIRECTION ( 'NONE',  ( 0.000000000000000000, 1.000000000000000000, 2.529805069141277654E-15 ) ) ;
#1323 = VECTOR ( 'NONE', #4351, 1000.000000000000000 ) ;
#1324 = CARTESIAN_POINT ( 'NONE',  ( -3.024999999998999822, 2.500000000000000000, -5.992663352994999748 ) ) ;
#1325 = VECTOR ( 'NONE', #2518, 1000.000000000000000 ) ;
#1326 = DIRECTION ( 'NONE',  ( 0.000000000000000000, -1.000000000000000000, -3.491481338843000432E-15 ) ) ;
#1327 = ORIENTED_EDGE ( 'NONE', *, *, #2459, .T. ) ;
#1328 = VECTOR ( 'NONE', #608, 1000.000000000000000 ) ;
#1329 = VECTOR ( 'NONE', #1525, 1000.000000000000000 ) ;
#1330 = AXIS2_PLACEMENT_3D ( 'NONE', #4664, #1342, #3891 ) ;
#1331 = EDGE_CURVE ( 'NONE', #1901, #1530, #4631, .T. ) ;
#1332 = ORIENTED_EDGE ( 'NONE', *, *, #713, .F. ) ;
#1333 = CARTESIAN_POINT ( 'NONE',  ( 3.524999999999999911, -5.099999999999000444, 0.009999999999999972453 ) ) ;
#1334 = EDGE_CURVE ( 'NONE', #2998, #1487, #3470, .T. ) ;
#1335 = ORIENTED_EDGE ( 'NONE', *, *, #2802, .T. ) ;
#1336 = CARTESIAN_POINT ( 'NONE',  ( -0.7500000000000000000, 2.500000000000000000, 0.1100000000010000339 ) ) ;
#1337 = ORIENTED_EDGE ( 'NONE', *, *, #2797, .F. ) ;
#1338 = LINE ( 'NONE', #947, #1323 ) ;
#1339 = EDGE_CURVE ( 'NONE', #2354, #842, #2329, .T. ) ;
#1340 = CARTESIAN_POINT ( 'NONE',  ( -0.9299999999989999599, 2.440036550378000157, 0.6979060301969999269 ) ) ;
#1341 = EDGE_LOOP ( 'NONE', ( #1882, #4809, #29, #1784 ) ) ;
#1342 = DIRECTION ( 'NONE',  ( -1.000000000000000000, 0.000000000000000000, 0.000000000000000000 ) ) ;
#1343 = ORIENTED_EDGE ( 'NONE', *, *, #2829, .T. ) ;
#1344 = CARTESIAN_POINT ( 'NONE',  ( 0.9300000000000000488, -3.460567877848999885, 0.6999999999990000887 ) ) ;
#1345 = CARTESIAN_POINT ( 'NONE',  ( 1.570000000000000062, -3.460567877848999885, 3.749999999998999911 ) ) ;
#1346 = EDGE_LOOP ( 'NONE', ( #436, #3730, #3073, #4023 ) ) ;
#1347 = CARTESIAN_POINT ( 'NONE',  ( 0.000000000000000000, 1.399999999999999911, 3.109999999999999876 ) ) ;
#1348 = EDGE_CURVE ( 'NONE', #4025, #2671, #428, .T. ) ;
#1349 = LINE ( 'NONE', #2822, #4676 ) ;
#1350 = ORIENTED_EDGE ( 'NONE', *, *, #1097, .F. ) ;
#1351 = CARTESIAN_POINT ( 'NONE',  ( 3.024999999999999911, 1.199999999998999867, 5.110000000000000320 ) ) ;
#1352 = DIRECTION ( 'NONE',  ( 0.000000000000000000, 3.491481338843000432E-15, -1.000000000000000000 ) ) ;
#1353 = ORIENTED_EDGE ( 'NONE', *, *, #2550, .F. ) ;
#1354 = EDGE_CURVE ( 'NONE', #4656, #4235, #2018, .T. ) ;
#1355 = ORIENTED_EDGE ( 'NONE', *, *, #1386, .T. ) ;
#1356 = LINE ( 'NONE', #960, #2178 ) ;
#1357 = DIRECTION ( 'NONE',  ( 1.000000000000000000, 0.000000000000000000, 0.000000000000000000 ) ) ;
#1358 = ORIENTED_EDGE ( 'NONE', *, *, #4577, .T. ) ;
#1359 = CARTESIAN_POINT ( 'NONE',  ( 1.570000000000000062, 2.500000000000000000, 0.6999999999999999556 ) ) ;
#1360 = EDGE_CURVE ( 'NONE', #1230, #2229, #4179, .T. ) ;
#1361 = EDGE_LOOP ( 'NONE', ( #2231, #3254, #3097, #2915, #4567, #1600, #2601, #312 ) ) ;
#1362 = VERTEX_POINT ( 'NONE', #4657 ) ;
#1363 = CARTESIAN_POINT ( 'NONE',  ( -5.000000000000000000, -5.299999999999999822, 6.109999999999000231 ) ) ;
#1364 = CARTESIAN_POINT ( 'NONE',  ( 0.7500000000000000000, 1.399999999999999911, 0.1100000000010000339 ) ) ;
#1365 = EDGE_CURVE ( 'NONE', #4107, #2886, #810, .T. ) ;
#1366 = CARTESIAN_POINT ( 'NONE',  ( 3.024999999999999911, -5.299999999999999822, 4.709999999998999876 ) ) ;
#1367 = DIRECTION ( 'NONE',  ( 1.000000000000000000, 0.000000000000000000, 0.000000000000000000 ) ) ;
#1368 =( NAMED_UNIT ( * ) PLANE_ANGLE_UNIT ( ) SI_UNIT ( $, .RADIAN. ) );
#1369 = ORIENTED_EDGE ( 'NONE', *, *, #285, .T. ) ;
#1370 = DIRECTION ( 'NONE',  ( 0.000000000000000000, -1.000000000000000000, -3.491481338843000432E-15 ) ) ;
#1371 = CARTESIAN_POINT ( 'NONE',  ( -1.570000000000000062, 4.799999999999999822, 0.6999999999999999556 ) ) ;
#1372 = CARTESIAN_POINT ( 'NONE',  ( 1.570000000000000062, 1.718784469735999965, 3.013489949669999834 ) ) ;
#1373 = DIRECTION ( 'NONE',  ( 0.000000000000000000, -1.000000000000000000, -4.336808689956475979E-15 ) ) ;
#1374 = FACE_OUTER_BOUND ( 'NONE', #3993, .T. ) ;
#1375 = ORIENTED_EDGE ( 'NONE', *, *, #4645, .T. ) ;
#1376 = ORIENTED_EDGE ( 'NONE', *, *, #4357, .T. ) ;
#1377 = LINE ( 'NONE', #203, #2257 ) ;
#1378 = DIRECTION ( 'NONE',  ( 1.000000000000000000, 0.000000000000000000, 0.000000000000000000 ) ) ;
#1379 = VERTEX_POINT ( 'NONE', #2680 ) ;
#1380 = DIRECTION ( 'NONE',  ( 1.000000000000000000, 1.758165685110999749E-16, 6.138602680161000941E-31 ) ) ;
#1381 = ORIENTED_EDGE ( 'NONE', *, *, #4109, .T. ) ;
#1382 = DIRECTION ( 'NONE',  ( 0.000000000000000000, -3.501506313189000431E-15, 1.000000000000000000 ) ) ;
#1383 = CARTESIAN_POINT ( 'NONE',  ( -3.750000000000000000, -4.899999999998999378, 2.125642915617999673 ) ) ;
#1384 = ORIENTED_EDGE ( 'NONE', *, *, #3285, .F. ) ;
#1385 = CARTESIAN_POINT ( 'NONE',  ( 3.524999999998999822, -1.768312994765999679, 0.1100000000000000144 ) ) ;
#1386 = EDGE_CURVE ( 'NONE', #1379, #60, #3809, .T. ) ;
#1387 = ORIENTED_EDGE ( 'NONE', *, *, #3943, .T. ) ;
#1388 = EDGE_CURVE ( 'NONE', #289, #1303, #4679, .T. ) ;
#1389 = DIRECTION ( 'NONE',  ( 0.000000000000000000, 3.491481338843000432E-15, -1.000000000000000000 ) ) ;
#1390 = FACE_OUTER_BOUND ( 'NONE', #805, .T. ) ;
#1391 = EDGE_CURVE ( 'NONE', #2248, #2336, #4770, .T. ) ;
#1392 = ORIENTED_EDGE ( 'NONE', *, *, #945, .F. ) ;
#1393 = VECTOR ( 'NONE', #3888, 1000.000000000000000 ) ;
#1394 = CARTESIAN_POINT ( 'NONE',  ( -4.799999999998999733, -1.768312994765999679, 0.009999999999999972453 ) ) ;
#1395 = ORIENTED_EDGE ( 'NONE', *, *, #1120, .F. ) ;
#1396 = CARTESIAN_POINT ( 'NONE',  ( 9.840731680114000568, -1.568312994765999946, 2.635691244187000404 ) ) ;
#1397 = ORIENTED_EDGE ( 'NONE', *, *, #3767, .T. ) ;
#1398 = AXIS2_PLACEMENT_3D ( 'NONE', #3636, #3613, #1725 ) ;
#1399 = CARTESIAN_POINT ( 'NONE',  ( -2.124999999998999911, -4.159415119350000190, 5.409999999999000053 ) ) ;
#1400 = CARTESIAN_POINT ( 'NONE',  ( -0.9299999999989999599, 1.399999999999999911, 3.109999999999999876 ) ) ;
#1401 = EDGE_CURVE ( 'NONE', #2768, #3388, #2117, .T. ) ;
#1402 = DIRECTION ( 'NONE',  ( 0.000000000000000000, -3.491481338843000432E-15, 1.000000000000000000 ) ) ;
#1403 = VECTOR ( 'NONE', #3763, 1000.000000000000114 ) ;
#1404 = AXIS2_PLACEMENT_3D ( 'NONE', #72, #3798, #2739 ) ;
#1405 = EDGE_LOOP ( 'NONE', ( #1868, #669, #2968, #4342 ) ) ;
#1406 = VECTOR ( 'NONE', #3083, 1000.000000000000000 ) ;
#1407 = VECTOR ( 'NONE', #103, 1000.000000000000000 ) ;
#1408 = CARTESIAN_POINT ( 'NONE',  ( 3.524999999999999911, -2.612216340086999988, 0.009999999999999972453 ) ) ;
#1409 = DIRECTION ( 'NONE',  ( 0.000000000000000000, 3.491481338843000432E-15, -1.000000000000000000 ) ) ;
#1410 = ORIENTED_EDGE ( 'NONE', *, *, #944, .F. ) ;
#1411 = CYLINDRICAL_SURFACE ( 'NONE', #1838, 0.06000000000000015737 ) ;
#1412 = VECTOR ( 'NONE', #1066, 1000.000000000000000 ) ;
#1413 = EDGE_CURVE ( 'NONE', #3392, #2804, #2639, .T. ) ;
#1414 = EDGE_LOOP ( 'NONE', ( #3834, #1703, #2974, #3429, #176, #1637 ) ) ;
#1415 = CARTESIAN_POINT ( 'NONE',  ( 3.024999999999999911, 9.300164471903999086, 4.009999999999999787 ) ) ;
#1416 = PLANE ( 'NONE',  #3276 ) ;
#1417 = CARTESIAN_POINT ( 'NONE',  ( 3.725000000000000089, -2.688637864771999730, 4.209999999998999876 ) ) ;
#1418 = VECTOR ( 'NONE', #3229, 1000.000000000000000 ) ;
#1419 = EDGE_LOOP ( 'NONE', ( #224, #2186, #1227, #4456 ) ) ;
#1420 = FACE_OUTER_BOUND ( 'NONE', #572, .T. ) ;
#1421 = LINE ( 'NONE', #320, #1551 ) ;
#1422 = ORIENTED_EDGE ( 'NONE', *, *, #411, .T. ) ;
#1423 = DIRECTION ( 'NONE',  ( -1.000000000000000000, 0.000000000000000000, -3.584139413174999637E-17 ) ) ;
#1424 = EDGE_LOOP ( 'NONE', ( #2409, #3997, #2360, #3302 ) ) ;
#1425 = DIRECTION ( 'NONE',  ( 0.000000000000000000, 3.553435748699000723E-15, -1.000000000000000000 ) ) ;
#1426 = FACE_OUTER_BOUND ( 'NONE', #3970, .T. ) ;
#1427 = EDGE_CURVE ( 'NONE', #832, #4487, #2403, .T. ) ;
#1428 = CARTESIAN_POINT ( 'NONE',  ( 1.570000000000000062, -3.460567877848999885, 3.109999999998999787 ) ) ;
#1429 = PLANE ( 'NONE',  #4308 ) ;
#1430 = VERTEX_POINT ( 'NONE', #622 ) ;
#1431 = ADVANCED_FACE ( 'NONE', ( #2088 ), #2137, .T. ) ;
#1432 = LINE ( 'NONE', #1874, #3587 ) ;
#1433 = CARTESIAN_POINT ( 'NONE',  ( -3.725000000000000089, 2.500000000000000000, 0.1100000000010000339 ) ) ;
#1434 = ORIENTED_EDGE ( 'NONE', *, *, #1386, .F. ) ;
#1435 = CARTESIAN_POINT ( 'NONE',  ( 1.570000000000000062, -3.960567877848999885, 3.109999999998999787 ) ) ;
#1436 = EDGE_LOOP ( 'NONE', ( #1552, #3825, #2027, #4277 ) ) ;
#1437 = CARTESIAN_POINT ( 'NONE',  ( -3.024999999998999822, 1.199999999998999867, 5.110000000000000320 ) ) ;
#1438 = EDGE_CURVE ( 'NONE', #760, #2467, #939, .T. ) ;
#1439 = DIRECTION ( 'NONE',  ( 0.000000000000000000, 3.491481338843000432E-15, -1.000000000000000000 ) ) ;
#1440 = ORIENTED_EDGE ( 'NONE', *, *, #4413, .T. ) ;
#1441 = CARTESIAN_POINT ( 'NONE',  ( -9.840731680114000568, -4.692505281165000319, 1.125642915617999895 ) ) ;
#1442 = EDGE_LOOP ( 'NONE', ( #234, #2159, #4842, #2937 ) ) ;
#1443 = ORIENTED_EDGE ( 'NONE', *, *, #1331, .T. ) ;
#1444 = AXIS2_PLACEMENT_3D ( 'NONE', #1620, #1225, #4671 ) ;
#1445 = CARTESIAN_POINT ( 'NONE',  ( 3.750000000000000000, -3.199999999999000089, 2.125642915617999673 ) ) ;
#1446 = CARTESIAN_POINT ( 'NONE',  ( -4.224999999999999645, -4.692505281165000319, 2.125642915617999673 ) ) ;
#1447 = ORIENTED_EDGE ( 'NONE', *, *, #4014, .F. ) ;
#1448 = CARTESIAN_POINT ( 'NONE',  ( -1.891846170922000026, -4.659415119349999301, 5.409999999999000053 ) ) ;
#1449 = VERTEX_POINT ( 'NONE', #3935 ) ;
#1450 = DIRECTION ( 'NONE',  ( 0.000000000000000000, 3.553435748699000723E-15, -1.000000000000000000 ) ) ;
#1451 = ORIENTED_EDGE ( 'NONE', *, *, #3648, .T. ) ;
#1452 = CARTESIAN_POINT ( 'NONE',  ( 1.570000000000000062, 4.799999999999999822, 1.000013873792005015E-12 ) ) ;
#1453 = DIRECTION ( 'NONE',  ( 0.000000000000000000, 1.000000000000000000, 0.000000000000000000 ) ) ;
#1454 = ORIENTED_EDGE ( 'NONE', *, *, #3091, .T. ) ;
#1455 = EDGE_CURVE ( 'NONE', #1362, #1662, #4702, .T. ) ;
#1456 = EDGE_CURVE ( 'NONE', #1997, #1230, #3219, .T. ) ;
#1457 = LINE ( 'NONE', #4105, #2961 ) ;
#1458 = EDGE_CURVE ( 'NONE', #3817, #1798, #1377, .T. ) ;
#1459 = LINE ( 'NONE', #4430, #3593 ) ;
#1460 = ORIENTED_EDGE ( 'NONE', *, *, #1096, .T. ) ;
#1461 = PLANE ( 'NONE',  #1523 ) ;
#1462 = EDGE_CURVE ( 'NONE', #4132, #1362, #4371, .T. ) ;
#1463 = ORIENTED_EDGE ( 'NONE', *, *, #1883, .F. ) ;
#1464 = PLANE ( 'NONE',  #4469 ) ;
#1465 = CARTESIAN_POINT ( 'NONE',  ( -0.9299999999989999599, 2.358394599029000283, 3.035825627559000317 ) ) ;
#1466 = DIRECTION ( 'NONE',  ( 0.000000000000000000, -3.491481338843000432E-15, 1.000000000000000000 ) ) ;
#1467 = VERTEX_POINT ( 'NONE', #2828 ) ;
#1468 = PLANE ( 'NONE',  #2040 ) ;
#1469 = DIRECTION ( 'NONE',  ( 0.000000000000000000, 1.000000000000000000, 3.501506313189000431E-15 ) ) ;
#1470 = ORIENTED_EDGE ( 'NONE', *, *, #2212, .F. ) ;
#1471 = CARTESIAN_POINT ( 'NONE',  ( 3.725000000000000089, -2.812216340087000166, 0.1100000000000000144 ) ) ;
#1472 = VERTEX_POINT ( 'NONE', #983 ) ;
#1473 = LINE ( 'NONE', #1104, #2813 ) ;
#1474 = VECTOR ( 'NONE', #4603, 1000.000000000000000 ) ;
#1475 = LINE ( 'NONE', #1797, #3046 ) ;
#1476 = VERTEX_POINT ( 'NONE', #1011 ) ;
#1477 = AXIS2_PLACEMENT_3D ( 'NONE', #3601, #3141, #4288 ) ;
#1478 = VECTOR ( 'NONE', #2902, 1000.000000000000000 ) ;
#1479 = ORIENTED_EDGE ( 'NONE', *, *, #4305, .T. ) ;
#1480 = LINE ( 'NONE', #2971, #2327 ) ;
#1481 = CARTESIAN_POINT ( 'NONE',  ( -0.9299999999989999599, 4.799999999999999822, 0.6399999999999999023 ) ) ;
#1482 = ORIENTED_EDGE ( 'NONE', *, *, #3345, .F. ) ;
#1483 = VECTOR ( 'NONE', #3011, 1000.000000000000000 ) ;
#1484 = DIRECTION ( 'NONE',  ( 5.226912349261999855E-16, -1.000000000000000000, -3.491481338843000432E-15 ) ) ;
#1485 = VECTOR ( 'NONE', #2973, 1000.000000000000114 ) ;
#1486 = AXIS2_PLACEMENT_3D ( 'NONE', #530, #2805, #4307 ) ;
#1487 = VERTEX_POINT ( 'NONE', #648 ) ;
#1488 = EDGE_CURVE ( 'NONE', #22, #443, #4295, .T. ) ;
#1489 = ORIENTED_EDGE ( 'NONE', *, *, #2522, .T. ) ;
#1490 = DIRECTION ( 'NONE',  ( 0.000000000000000000, -3.501506313189000431E-15, 1.000000000000000000 ) ) ;
#1491 = LINE ( 'NONE', #1465, #617 ) ;
#1492 = DIRECTION ( 'NONE',  ( 0.000000000000000000, -1.000000000000000000, -3.501506313189000431E-15 ) ) ;
#1493 = VECTOR ( 'NONE', #3360, 1000.000000000000000 ) ;
#1494 = EDGE_CURVE ( 'NONE', #3839, #3708, #253, .T. ) ;
#1495 = ORIENTED_EDGE ( 'NONE', *, *, #2570, .F. ) ;
#1496 = CARTESIAN_POINT ( 'NONE',  ( -1.111985117132999967, -3.960567877848999885, 3.109999999998999787 ) ) ;
#1497 = LINE ( 'NONE', #2988, #2175 ) ;
#1498 = ORIENTED_EDGE ( 'NONE', *, *, #358, .F. ) ;
#1499 = ORIENTED_EDGE ( 'NONE', *, *, #2141, .T. ) ;
#1500 = DIRECTION ( 'NONE',  ( 1.000000000000000000, 0.000000000000000000, 0.000000000000000000 ) ) ;
#1501 = ORIENTED_EDGE ( 'NONE', *, *, #1401, .F. ) ;
#1502 = VECTOR ( 'NONE', #4439, 1000.000000000000000 ) ;
#1503 = CARTESIAN_POINT ( 'NONE',  ( 0.000000000000000000, -5.299999999998999733, 3.109999999998999787 ) ) ;
#1504 = CARTESIAN_POINT ( 'NONE',  ( 9.840731680114000568, -2.812216340087000166, 1.125642915617999895 ) ) ;
#1505 = DIRECTION ( 'NONE',  ( 0.000000000000000000, 1.000000000000000000, 4.336808689963701156E-15 ) ) ;
#1506 = EDGE_CURVE ( 'NONE', #842, #93, #1356, .T. ) ;
#1507 = VERTEX_POINT ( 'NONE', #1775 ) ;
#1508 = DIRECTION ( 'NONE',  ( 0.000000000000000000, -3.491481338843000432E-15, 1.000000000000000000 ) ) ;
#1509 = DIRECTION ( 'NONE',  ( 0.000000000000000000, 1.000000000000000000, 4.336808689963701156E-15 ) ) ;
#1510 = ORIENTED_EDGE ( 'NONE', *, *, #2055, .T. ) ;
#1511 = ORIENTED_EDGE ( 'NONE', *, *, #2678, .F. ) ;
#1512 = DIRECTION ( 'NONE',  ( 0.000000000000000000, 0.3420201433253705070, -0.9396926207860170077 ) ) ;
#1513 = DIRECTION ( 'NONE',  ( 2.306458648560000148E-16, 1.000000000000000000, 3.491481338843000432E-15 ) ) ;
#1514 = EDGE_CURVE ( 'NONE', #2687, #2894, #2048, .T. ) ;
#1515 = ORIENTED_EDGE ( 'NONE', *, *, #432, .T. ) ;
#1516 = CARTESIAN_POINT ( 'NONE',  ( -3.024999999999999911, -5.299999999998999733, 0.8099999999989999644 ) ) ;
#1517 = EDGE_CURVE ( 'NONE', #573, #426, #594, .T. ) ;
#1518 = CARTESIAN_POINT ( 'NONE',  ( 4.799999999998999733, -2.612216340086999988, 0.1100000000000000144 ) ) ;
#1519 = FACE_OUTER_BOUND ( 'NONE', #4055, .T. ) ;
#1520 = ADVANCED_FACE ( 'NONE', ( #1307 ), #2849, .F. ) ;
#1521 = CARTESIAN_POINT ( 'NONE',  ( -5.000000000000000000, 2.500000000000000000, 0.1100000000010000339 ) ) ;
#1522 = PLANE ( 'NONE',  #903 ) ;
#1523 = AXIS2_PLACEMENT_3D ( 'NONE', #4776, #1380, #4376 ) ;
#1524 = ORIENTED_EDGE ( 'NONE', *, *, #4409, .T. ) ;
#1525 = DIRECTION ( 'NONE',  ( 0.000000000000000000, 1.000000000000000000, 3.491481338843000432E-15 ) ) ;
#1526 = DIRECTION ( 'NONE',  ( 0.000000000000000000, 1.000000000000000000, 3.491481338843000432E-15 ) ) ;
#1527 = ORIENTED_EDGE ( 'NONE', *, *, #1334, .F. ) ;
#1528 = CARTESIAN_POINT ( 'NONE',  ( -3.024999999998999822, -5.299999999999999822, 5.409999999999000053 ) ) ;
#1529 = CARTESIAN_POINT ( 'NONE',  ( -5.000000000000000000, 2.500000000000000000, 0.1100000000010000339 ) ) ;
#1530 = VERTEX_POINT ( 'NONE', #3563 ) ;
#1531 = ORIENTED_EDGE ( 'NONE', *, *, #4334, .F. ) ;
#1532 = DIRECTION ( 'NONE',  ( 0.000000000000000000, -4.169107696646000125E-15, 1.000000000000000000 ) ) ;
#1533 = CARTESIAN_POINT ( 'NONE',  ( -3.024999999998999822, 1.699999999998999867, 5.110000000000000320 ) ) ;
#1534 = VERTEX_POINT ( 'NONE', #354 ) ;
#1535 = DIRECTION ( 'NONE',  ( -4.603051812036011335E-16, 0.5812381937193801251, -0.8137334712065322773 ) ) ;
#1536 = DIRECTION ( 'NONE',  ( 0.000000000000000000, -3.491481338843000432E-15, 1.000000000000000000 ) ) ;
#1537 = DIRECTION ( 'NONE',  ( 0.000000000000000000, 1.000000000000000000, 3.491481338843000432E-15 ) ) ;
#1538 = CARTESIAN_POINT ( 'NONE',  ( 3.725000000000000089, -2.525891170531000096, 4.326247638743000223 ) ) ;
#1539 = VERTEX_POINT ( 'NONE', #4451 ) ;
#1540 = EDGE_CURVE ( 'NONE', #612, #3842, #1849, .T. ) ;
#1541 = PLANE ( 'NONE',  #4191 ) ;
#1542 = EDGE_CURVE ( 'NONE', #666, #526, #693, .T. ) ;
#1543 = EDGE_CURVE ( 'NONE', #2779, #612, #3347, .T. ) ;
#1544 = LINE ( 'NONE', #3031, #1567 ) ;
#1545 = DIRECTION ( 'NONE',  ( 0.000000000000000000, 1.000000000000000000, 0.000000000000000000 ) ) ;
#1546 = FACE_OUTER_BOUND ( 'NONE', #3010, .T. ) ;
#1547 = EDGE_CURVE ( 'NONE', #573, #2736, #2599, .T. ) ;
#1548 = VECTOR ( 'NONE', #3742, 1000.000000000000000 ) ;
#1549 = CARTESIAN_POINT ( 'NONE',  ( 3.024999999999999911, -5.299999999999999822, 5.409999999999000053 ) ) ;
#1550 = CARTESIAN_POINT ( 'NONE',  ( 2.924999999999000178, -5.099999999999000444, 0.009999999999999972453 ) ) ;
#1551 = VECTOR ( 'NONE', #7, 1000.000000000000114 ) ;
#1552 = ORIENTED_EDGE ( 'NONE', *, *, #4072, .T. ) ;
#1553 = AXIS2_PLACEMENT_3D ( 'NONE', #3496, #1624, #447 ) ;
#1554 = VECTOR ( 'NONE', #4640, 1000.000000000000000 ) ;
#1555 = DIRECTION ( 'NONE',  ( 0.000000000000000000, 1.000000000000000000, 3.491481338843000432E-15 ) ) ;
#1556 = DIRECTION ( 'NONE',  ( -1.000000000000000000, 0.000000000000000000, 0.000000000000000000 ) ) ;
#1557 = AXIS2_PLACEMENT_3D ( 'NONE', #3932, #4399, #3540 ) ;
#1558 = VECTOR ( 'NONE', #2940, 1000.000000000000000 ) ;
#1559 = ORIENTED_EDGE ( 'NONE', *, *, #3678, .F. ) ;
#1560 = CARTESIAN_POINT ( 'NONE',  ( 3.524999999999999911, -2.612216340086999988, 0.1100000000000000144 ) ) ;
#1561 = VECTOR ( 'NONE', #4768, 1000.000000000000000 ) ;
#1562 = VERTEX_POINT ( 'NONE', #1055 ) ;
#1563 = CARTESIAN_POINT ( 'NONE',  ( 4.999999999998999911, -4.692505281165000319, 2.635691244187000404 ) ) ;
#1564 = VECTOR ( 'NONE', #1049, 1000.000000000000000 ) ;
#1565 = CARTESIAN_POINT ( 'NONE',  ( 1.570000000000000062, -3.960567877848999885, 3.749999999998999911 ) ) ;
#1566 = DIRECTION ( 'NONE',  ( 0.3236155771183229501, -0.8891264907158876740, 0.3236155771183229501 ) ) ;
#1567 = VECTOR ( 'NONE', #4171, 1000.000000000000000 ) ;
#1568 = APPLICATION_PROTOCOL_DEFINITION ( 'draft international standard', 'automotive_design', 1998, #1577 ) ;
#1569 = AXIS2_PLACEMENT_3D ( 'NONE', #1984, #3136, #950 ) ;
#1570 = DIRECTION ( 'NONE',  ( 0.000000000000000000, 3.491481338843000432E-15, -1.000000000000000000 ) ) ;
#1571 = CARTESIAN_POINT ( 'NONE',  ( -5.000000000000000000, -5.299999999999999822, 6.109999999999000231 ) ) ;
#1572 = CARTESIAN_POINT ( 'NONE',  ( -1.750000000000000000, 2.500000000000000000, 0.1100000000010000339 ) ) ;
#1573 = ORIENTED_EDGE ( 'NONE', *, *, #2524, .F. ) ;
#1574 = AXIS2_PLACEMENT_3D ( 'NONE', #2953, #2534, #1019 ) ;
#1575 = LINE ( 'NONE', #3827, #1987 ) ;
#1576 = EDGE_CURVE ( 'NONE', #1178, #4233, #667, .T. ) ;
#1577 = APPLICATION_CONTEXT ( 'automotive_design' ) ;
#1578 = DIRECTION ( 'NONE',  ( 0.000000000000000000, 3.491481338843000432E-15, -1.000000000000000000 ) ) ;
#1579 = LINE ( 'NONE', #3862, #1163 ) ;
#1580 = ORIENTED_EDGE ( 'NONE', *, *, #4330, .T. ) ;
#1581 = EDGE_CURVE ( 'NONE', #1449, #1158, #3323, .T. ) ;
#1582 = CARTESIAN_POINT ( 'NONE',  ( 1.891846170922000026, -4.659415119349999301, 5.409999999999000053 ) ) ;
#1583 = ORIENTED_EDGE ( 'NONE', *, *, #1998, .T. ) ;
#1584 = DIRECTION ( 'NONE',  ( 0.000000000000000000, 3.408444049004000278E-15, -1.000000000000000000 ) ) ;
#1585 = DIRECTION ( 'NONE',  ( 0.000000000000000000, -3.491481338843000432E-15, 1.000000000000000000 ) ) ;
#1586 = ORIENTED_EDGE ( 'NONE', *, *, #2266, .F. ) ;
#1587 = CYLINDRICAL_SURFACE ( 'NONE', #2659, 0.2000000000000000944 ) ;
#1588 = DIRECTION ( 'NONE',  ( 0.000000000000000000, 3.491481338843000432E-15, -1.000000000000000000 ) ) ;
#1589 = LINE ( 'NONE', #4121, #2190 ) ;
#1590 = EDGE_LOOP ( 'NONE', ( #3008, #2239, #3018, #1233 ) ) ;
#1591 = LINE ( 'NONE', #401, #1483 ) ;
#1592 = CARTESIAN_POINT ( 'NONE',  ( 4.799999999998999733, -2.612216340086999988, 0.009999999999999972453 ) ) ;
#1593 = ORIENTED_EDGE ( 'NONE', *, *, #584, .T. ) ;
#1594 = PLANE ( 'NONE',  #1444 ) ;
#1595 = ORIENTED_EDGE ( 'NONE', *, *, #4360, .T. ) ;
#1596 = CARTESIAN_POINT ( 'NONE',  ( -3.725000000000000089, -2.812216340087000166, 2.125642915617999673 ) ) ;
#1597 = LINE ( 'NONE', #3092, #305 ) ;
#1598 = VECTOR ( 'NONE', #4349, 1000.000000000000000 ) ;
#1599 = FACE_OUTER_BOUND ( 'NONE', #372, .T. ) ;
#1600 = ORIENTED_EDGE ( 'NONE', *, *, #358, .T. ) ;
#1601 = EDGE_CURVE ( 'NONE', #1827, #682, #1801, .T. ) ;
#1602 = EDGE_CURVE ( 'NONE', #1109, #1735, #4480, .T. ) ;
#1603 = DIRECTION ( 'NONE',  ( -1.000000000000000000, 0.000000000000000000, 0.000000000000000000 ) ) ;
#1604 = EDGE_CURVE ( 'NONE', #1820, #2016, #2160, .T. ) ;
#1605 = EDGE_LOOP ( 'NONE', ( #647, #1607, #1358, #4258 ) ) ;
#1606 = CARTESIAN_POINT ( 'NONE',  ( 0.9300000000000000488, 1.399999999999999911, 3.109999999999999876 ) ) ;
#1607 = ORIENTED_EDGE ( 'NONE', *, *, #3914, .T. ) ;
#1608 = DIRECTION ( 'NONE',  ( -1.000000000000000000, 0.000000000000000000, 0.000000000000000000 ) ) ;
#1609 = CARTESIAN_POINT ( 'NONE',  ( 4.150000000000000355, -5.199999999999000089, 1.825642915618000073 ) ) ;
#1610 = PLANE ( 'NONE',  #1241 ) ;
#1611 = CARTESIAN_POINT ( 'NONE',  ( -0.9299999999989999599, 2.500000000000000000, 1.000013873792005015E-12 ) ) ;
#1612 = ORIENTED_EDGE ( 'NONE', *, *, #814, .T. ) ;
#1613 = EDGE_LOOP ( 'NONE', ( #817, #3363, #4302, #2611 ) ) ;
#1614 = ORIENTED_EDGE ( 'NONE', *, *, #3948, .F. ) ;
#1615 = LINE ( 'NONE', #4614, #3986 ) ;
#1616 = DIRECTION ( 'NONE',  ( 0.000000000000000000, -3.491481338843000432E-15, 1.000000000000000000 ) ) ;
#1617 = ORIENTED_EDGE ( 'NONE', *, *, #863, .F. ) ;
#1618 = ORIENTED_EDGE ( 'NONE', *, *, #2302, .T. ) ;
#1619 = EDGE_CURVE ( 'NONE', #964, #2242, #4056, .T. ) ;
#1620 = CARTESIAN_POINT ( 'NONE',  ( -3.524999999998999822, -2.612216340086999988, 0.009999999999999972453 ) ) ;
#1621 = LINE ( 'NONE', #2285, #1245 ) ;
#1622 = LINE ( 'NONE', #131, #2106 ) ;
#1623 = ORIENTED_EDGE ( 'NONE', *, *, #3395, .F. ) ;
#1624 = DIRECTION ( 'NONE',  ( -1.000000000000000000, 0.000000000000000000, 0.000000000000000000 ) ) ;
#1625 = VECTOR ( 'NONE', #4781, 1000.000000000000000 ) ;
#1626 = ORIENTED_EDGE ( 'NONE', *, *, #2293, .T. ) ;
#1627 = FACE_OUTER_BOUND ( 'NONE', #3947, .T. ) ;
#1628 = VECTOR ( 'NONE', #3194, 1000.000000000000000 ) ;
#1629 = ORIENTED_EDGE ( 'NONE', *, *, #3678, .T. ) ;
#1630 = DIRECTION ( 'NONE',  ( 1.000000000000000000, 0.000000000000000000, 0.000000000000000000 ) ) ;
#1631 = LINE ( 'NONE', #1433, #2261 ) ;
#1632 = VECTOR ( 'NONE', #3645, 1000.000000000000000 ) ;
#1633 = CARTESIAN_POINT ( 'NONE',  ( -3.524999999998999822, 2.299999999999999822, 0.01000000000099998676 ) ) ;
#1634 = LINE ( 'NONE', #2414, #3298 ) ;
#1635 = AXIS2_PLACEMENT_3D ( 'NONE', #2323, #3607, #1281 ) ;
#1636 = EDGE_CURVE ( 'NONE', #4214, #1185, #4848, .T. ) ;
#1637 = ORIENTED_EDGE ( 'NONE', *, *, #4704, .F. ) ;
#1638 = VECTOR ( 'NONE', #16, 1000.000000000000114 ) ;
#1639 = DIRECTION ( 'NONE',  ( 0.000000000000000000, -1.000000000000000000, -3.433306879548876816E-15 ) ) ;
#1640 = CYLINDRICAL_SURFACE ( 'NONE', #4625, 0.2999999999989998445 ) ;
#1641 = ORIENTED_EDGE ( 'NONE', *, *, #3295, .F. ) ;
#1642 = AXIS2_PLACEMENT_3D ( 'NONE', #1664, #3140, #1317 ) ;
#1643 = FACE_OUTER_BOUND ( 'NONE', #975, .T. ) ;
#1644 = AXIS2_PLACEMENT_3D ( 'NONE', #1957, #100, #1216 ) ;
#1645 = FACE_OUTER_BOUND ( 'NONE', #1265, .T. ) ;
#1646 = VECTOR ( 'NONE', #1409, 1000.000000000000000 ) ;
#1647 = FACE_OUTER_BOUND ( 'NONE', #1894, .T. ) ;
#1648 = EDGE_CURVE ( 'NONE', #2104, #2283, #1480, .T. ) ;
#1649 = DIRECTION ( 'NONE',  ( 0.000000000000000000, -3.722127203699000447E-15, 1.000000000000000000 ) ) ;
#1650 = ORIENTED_EDGE ( 'NONE', *, *, #1890, .T. ) ;
#1651 = DIRECTION ( 'NONE',  ( 0.000000000000000000, -3.491481338843000432E-15, 1.000000000000000000 ) ) ;
#1652 = ORIENTED_EDGE ( 'NONE', *, *, #1494, .T. ) ;
#1653 = DIRECTION ( 'NONE',  ( 0.000000000000000000, 3.491481338843000432E-15, -1.000000000000000000 ) ) ;
#1654 = AXIS2_PLACEMENT_3D ( 'NONE', #602, #3669, #1064 ) ;
#1655 = LINE ( 'NONE', #4557, #3358 ) ;
#1656 = ORIENTED_EDGE ( 'NONE', *, *, #4115, .T. ) ;
#1657 = DIRECTION ( 'NONE',  ( 0.000000000000000000, 1.000000000000000000, 3.407492542097299143E-15 ) ) ;
#1658 = PLANE ( 'NONE',  #1569 ) ;
#1659 = EDGE_CURVE ( 'NONE', #4214, #1145, #1457, .T. ) ;
#1660 = VERTEX_POINT ( 'NONE', #3716 ) ;
#1661 = EDGE_CURVE ( 'NONE', #2545, #480, #1432, .T. ) ;
#1662 = VERTEX_POINT ( 'NONE', #741 ) ;
#1663 = EDGE_CURVE ( 'NONE', #1279, #761, #2237, .T. ) ;
#1664 = CARTESIAN_POINT ( 'NONE',  ( -0.7499999999990000221, 1.699999999999999956, 0.01000000000099998676 ) ) ;
#1665 = LINE ( 'NONE', #3233, #3664 ) ;
#1666 = ADVANCED_FACE ( 'NONE', ( #4827 ), #4130, .F. ) ;
#1667 = EDGE_LOOP ( 'NONE', ( #1906, #834, #4275, #3454 ) ) ;
#1668 = PLANE ( 'NONE',  #3208 ) ;
#1669 = CARTESIAN_POINT ( 'NONE',  ( 3.725000000000000089, -5.299999999999999822, 4.009999999998999698 ) ) ;
#1670 = LINE ( 'NONE', #4673, #3675 ) ;
#1671 = EDGE_CURVE ( 'NONE', #792, #2092, #405, .T. ) ;
#1672 = LINE ( 'NONE', #2134, #704 ) ;
#1673 = EDGE_LOOP ( 'NONE', ( #1224, #1699, #1208, #2814 ) ) ;
#1674 = VECTOR ( 'NONE', #625, 1000.000000000000000 ) ;
#1675 = ORIENTED_EDGE ( 'NONE', *, *, #2678, .T. ) ;
#1676 = DIRECTION ( 'NONE',  ( -1.758165685110999749E-16, -1.000000000000000000, -3.491481338843000432E-15 ) ) ;
#1677 = ORIENTED_EDGE ( 'NONE', *, *, #3856, .T. ) ;
#1678 = CARTESIAN_POINT ( 'NONE',  ( -0.9299999999989999599, -3.460567877848999885, 3.109999999998999787 ) ) ;
#1679 = ORIENTED_EDGE ( 'NONE', *, *, #138, .T. ) ;
#1680 = CARTESIAN_POINT ( 'NONE',  ( -3.024999999998999822, 1.399999999998999822, 4.309999999999999609 ) ) ;
#1681 = ORIENTED_EDGE ( 'NONE', *, *, #2586, .F. ) ;
#1682 = CARTESIAN_POINT ( 'NONE',  ( 1.570000000000000062, 1.718784469735999965, 3.013489949669999834 ) ) ;
#1683 = FACE_OUTER_BOUND ( 'NONE', #4594, .T. ) ;
#1684 = FACE_OUTER_BOUND ( 'NONE', #1893, .T. ) ;
#1685 = DIRECTION ( 'NONE',  ( 1.000000000000000000, 0.000000000000000000, 0.000000000000000000 ) ) ;
#1686 = ORIENTED_EDGE ( 'NONE', *, *, #3734, .T. ) ;
#1687 = LINE ( 'NONE', #3576, #2816 ) ;
#1688 = EDGE_CURVE ( 'NONE', #1060, #1993, #3038, .T. ) ;
#1689 = FACE_OUTER_BOUND ( 'NONE', #2986, .T. ) ;
#1690 = EDGE_CURVE ( 'NONE', #3561, #2733, #2924, .T. ) ;
#1691 = CARTESIAN_POINT ( 'NONE',  ( -1.570000000000000062, -3.460567877848999885, 3.109999999998999787 ) ) ;
#1692 = DIRECTION ( 'NONE',  ( 0.7071067811865475727, 0.7071067811865475727, 2.468850131083910907E-15 ) ) ;
#1693 = ORIENTED_EDGE ( 'NONE', *, *, #790, .T. ) ;
#1694 = EDGE_CURVE ( 'NONE', #865, #365, #1597, .T. ) ;
#1695 = ORIENTED_EDGE ( 'NONE', *, *, #4517, .T. ) ;
#1696 = DIRECTION ( 'NONE',  ( 0.000000000000000000, -3.491481338843000432E-15, 1.000000000000000000 ) ) ;
#1697 = ORIENTED_EDGE ( 'NONE', *, *, #3143, .T. ) ;
#1698 = DIRECTION ( 'NONE',  ( 0.000000000000000000, -1.000000000000000000, -4.336808689942015369E-15 ) ) ;
#1699 = ORIENTED_EDGE ( 'NONE', *, *, #1151, .T. ) ;
#1700 = LINE ( 'NONE', #283, #2335 ) ;
#1701 = AXIS2_PLACEMENT_3D ( 'NONE', #3527, #1190, #95 ) ;
#1702 = EDGE_CURVE ( 'NONE', #2913, #1279, #2647, .T. ) ;
#1703 = ORIENTED_EDGE ( 'NONE', *, *, #27, .F. ) ;
#1704 = DIRECTION ( 'NONE',  ( 0.000000000000000000, 3.491481338843000432E-15, -1.000000000000000000 ) ) ;
#1705 = VECTOR ( 'NONE', #4264, 1000.000000000000000 ) ;
#1706 = CARTESIAN_POINT ( 'NONE',  ( 1.570000000000000062, 4.799999999999999822, 0.6399999999999999023 ) ) ;
#1707 = EDGE_LOOP ( 'NONE', ( #653, #4168, #2326, #1296 ) ) ;
#1708 = AXIS2_PLACEMENT_3D ( 'NONE', #3722, #2359, #3423 ) ;
#1709 = CIRCLE ( 'NONE', #4463, 0.06000000000000015737 ) ;
#1710 = ORIENTED_EDGE ( 'NONE', *, *, #4788, .T. ) ;
#1711 = CARTESIAN_POINT ( 'NONE',  ( 3.725000000000000089, -2.488637864772000441, 4.209999999998999876 ) ) ;
#1712 = AXIS2_PLACEMENT_3D ( 'NONE', #1921, #3061, #1570 ) ;
#1713 = VERTEX_POINT ( 'NONE', #4250 ) ;
#1714 = DIRECTION ( 'NONE',  ( 0.000000000000000000, -3.501506313189000431E-15, 1.000000000000000000 ) ) ;
#1715 = VECTOR ( 'NONE', #4131, 1000.000000000000000 ) ;
#1716 = LINE ( 'NONE', #3214, #884 ) ;
#1717 = AXIS2_PLACEMENT_3D ( 'NONE', #1951, #3453, #2337 ) ;
#1718 = DIRECTION ( 'NONE',  ( 1.000000000000000000, 0.000000000000000000, 0.000000000000000000 ) ) ;
#1719 = DIRECTION ( 'NONE',  ( 0.000000000000000000, 3.491481338843000432E-15, -1.000000000000000000 ) ) ;
#1720 = EDGE_LOOP ( 'NONE', ( #516, #3189, #1975, #3721, #3354, #3768, #2551, #3155 ) ) ;
#1721 = ADVANCED_FACE ( 'NONE', ( #886 ), #1994, .T. ) ;
#1722 = VECTOR ( 'NONE', #1748, 1000.000000000000000 ) ;
#1723 = EDGE_CURVE ( 'NONE', #4104, #1735, #2356, .T. ) ;
#1724 = VERTEX_POINT ( 'NONE', #4595 ) ;
#1725 = DIRECTION ( 'NONE',  ( -1.000000000000000000, 0.000000000000000000, 0.000000000000000000 ) ) ;
#1726 = DIRECTION ( 'NONE',  ( 0.000000000000000000, -3.491481338843000432E-15, 1.000000000000000000 ) ) ;
#1727 = ORIENTED_EDGE ( 'NONE', *, *, #1694, .T. ) ;
#1728 = LINE ( 'NONE', #4600, #2334 ) ;
#1729 = VERTEX_POINT ( 'NONE', #2750 ) ;
#1730 = CARTESIAN_POINT ( 'NONE',  ( 3.750000000000000000, -4.899999999998999378, 0.2999999999999999889 ) ) ;
#1731 = EDGE_CURVE ( 'NONE', #1217, #4282, #495, .T. ) ;
#1732 = CARTESIAN_POINT ( 'NONE',  ( -0.9299999999989999599, 2.358394599029000283, 3.035825627559000317 ) ) ;
#1733 = CARTESIAN_POINT ( 'NONE',  ( 1.388014882866000166, -3.960567877848999885, 3.109999999998999787 ) ) ;
#1734 = EDGE_LOOP ( 'NONE', ( #2563, #3609, #3109, #23 ) ) ;
#1735 = VERTEX_POINT ( 'NONE', #1528 ) ;
#1736 = CARTESIAN_POINT ( 'NONE',  ( 3.524999999999999911, -2.612216340086999988, 0.009999999999999972453 ) ) ;
#1737 = FILL_AREA_STYLE ('',( #3162 ) ) ;
#1738 = VERTEX_POINT ( 'NONE', #4570 ) ;
#1739 = LINE ( 'NONE', #1122, #3683 ) ;
#1740 = LINE ( 'NONE', #3655, #4732 ) ;
#1741 = ORIENTED_EDGE ( 'NONE', *, *, #430, .T. ) ;
#1742 = EDGE_CURVE ( 'NONE', #3020, #3635, #3489, .T. ) ;
#1743 = DIRECTION ( 'NONE',  ( 1.000000000000000000, 0.000000000000000000, 0.000000000000000000 ) ) ;
#1744 = LINE ( 'NONE', #3239, #626 ) ;
#1745 = VERTEX_POINT ( 'NONE', #2720 ) ;
#1746 = ORIENTED_EDGE ( 'NONE', *, *, #2588, .F. ) ;
#1747 = DIRECTION ( 'NONE',  ( -1.000000000000000000, 0.000000000000000000, 0.000000000000000000 ) ) ;
#1748 = DIRECTION ( 'NONE',  ( 0.000000000000000000, -1.000000000000000000, -3.491481338843000432E-15 ) ) ;
#1749 = ORIENTED_EDGE ( 'NONE', *, *, #1413, .T. ) ;
#1750 = DIRECTION ( 'NONE',  ( 0.000000000000000000, -3.491481338843000432E-15, 1.000000000000000000 ) ) ;
#1751 = EDGE_CURVE ( 'NONE', #910, #4126, #3066, .T. ) ;
#1752 = EDGE_CURVE ( 'NONE', #2080, #491, #476, .T. ) ;
#1753 = EDGE_CURVE ( 'NONE', #4282, #1145, #3440, .T. ) ;
#1754 = DIRECTION ( 'NONE',  ( 0.000000000000000000, 1.000000000000000000, 3.491481338843000432E-15 ) ) ;
#1755 = CYLINDRICAL_SURFACE ( 'NONE', #2880, 0.7399999999999999911 ) ;
#1756 = EDGE_CURVE ( 'NONE', #365, #4741, #1972, .T. ) ;
#1757 = ORIENTED_EDGE ( 'NONE', *, *, #77, .F. ) ;
#1758 = LINE ( 'NONE', #2933, #2200 ) ;
#1759 = EDGE_CURVE ( 'NONE', #1158, #21, #2728, .T. ) ;
#1760 = ORIENTED_EDGE ( 'NONE', *, *, #4433, .F. ) ;
#1761 = VERTEX_POINT ( 'NONE', #4526 ) ;
#1762 = FACE_OUTER_BOUND ( 'NONE', #409, .T. ) ;
#1763 = DIRECTION ( 'NONE',  ( -1.000000000000000000, 0.000000000000000000, 0.000000000000000000 ) ) ;
#1764 = VERTEX_POINT ( 'NONE', #3806 ) ;
#1765 = DIRECTION ( 'NONE',  ( -1.000000000000000000, 0.000000000000000000, 0.000000000000000000 ) ) ;
#1766 = VERTEX_POINT ( 'NONE', #4226 ) ;
#1767 = PLANE ( 'NONE',  #2520 ) ;
#1768 = DIRECTION ( 'NONE',  ( -1.000000000000000000, 4.781769133166810076E-31, 2.073761793001425052E-45 ) ) ;
#1769 = ORIENTED_EDGE ( 'NONE', *, *, #4273, .F. ) ;
#1770 = LINE ( 'NONE', #2211, #3 ) ;
#1771 = DIRECTION ( 'NONE',  ( 0.000000000000000000, -1.000000000000000000, -3.491481338843000432E-15 ) ) ;
#1772 = VERTEX_POINT ( 'NONE', #862 ) ;
#1773 = EDGE_CURVE ( 'NONE', #132, #3839, #1621, .T. ) ;
#1774 = ORIENTED_EDGE ( 'NONE', *, *, #2597, .F. ) ;
#1775 = CARTESIAN_POINT ( 'NONE',  ( 0.9300000000000000488, 1.718784469735999965, 3.013489949669999834 ) ) ;
#1776 = DIRECTION ( 'NONE',  ( 0.000000000000000000, -1.000000000000000000, -3.672402090974000934E-15 ) ) ;
#1777 = ORIENTED_EDGE ( 'NONE', *, *, #4014, .T. ) ;
#1778 = CARTESIAN_POINT ( 'NONE',  ( -1.570000000000000062, -3.960567877848999885, 3.749999999998999911 ) ) ;
#1779 = ORIENTED_EDGE ( 'NONE', *, *, #1751, .F. ) ;
#1780 = LINE ( 'NONE', #3226, #67 ) ;
#1781 = LINE ( 'NONE', #2877, #1632 ) ;
#1782 = DIRECTION ( 'NONE',  ( 0.000000000000000000, -3.501506313189000431E-15, 1.000000000000000000 ) ) ;
#1783 = EDGE_CURVE ( 'NONE', #4553, #2248, #3117, .T. ) ;
#1784 = ORIENTED_EDGE ( 'NONE', *, *, #2145, .T. ) ;
#1785 = DIRECTION ( 'NONE',  ( -2.891205793294000399E-16, 0.000000000000000000, 1.000000000000000000 ) ) ;
#1786 = FACE_OUTER_BOUND ( 'NONE', #4019, .T. ) ;
#1787 = ORIENTED_EDGE ( 'NONE', *, *, #881, .T. ) ;
#1788 = VECTOR ( 'NONE', #1131, 1000.000000000000000 ) ;
#1789 = CARTESIAN_POINT ( 'NONE',  ( -4.999999999998999911, -4.692505281165000319, 1.125642915617999895 ) ) ;
#1790 = LINE ( 'NONE', #955, #3788 ) ;
#1791 = VECTOR ( 'NONE', #3177, 1000.000000000000000 ) ;
#1792 = VERTEX_POINT ( 'NONE', #1258 ) ;
#1793 = VECTOR ( 'NONE', #721, 1000.000000000000000 ) ;
#1794 = DIRECTION ( 'NONE',  ( 0.000000000000000000, -3.491481338843000432E-15, 1.000000000000000000 ) ) ;
#1795 = ORIENTED_EDGE ( 'NONE', *, *, #2721, .T. ) ;
#1796 = CARTESIAN_POINT ( 'NONE',  ( -0.9299999999989999599, -3.460567877848999885, 3.109999999998999787 ) ) ;
#1797 = CARTESIAN_POINT ( 'NONE',  ( -5.000000000000000000, -5.299999999999999822, 4.009999999998999698 ) ) ;
#1798 = VERTEX_POINT ( 'NONE', #787 ) ;
#1799 = VECTOR ( 'NONE', #156, 1000.000000000000000 ) ;
#1800 = VECTOR ( 'NONE', #1003, 1000.000000000000000 ) ;
#1801 = LINE ( 'NONE', #302, #3196 ) ;
#1802 = DIRECTION ( 'NONE',  ( 0.000000000000000000, -3.491481338843000432E-15, 1.000000000000000000 ) ) ;
#1803 = EDGE_LOOP ( 'NONE', ( #1828, #206, #1757, #2970 ) ) ;
#1804 = EDGE_CURVE ( 'NONE', #2343, #3400, #3786, .T. ) ;
#1805 = DIRECTION ( 'NONE',  ( 0.000000000000000000, 4.336808689963710622E-15, -1.000000000000000000 ) ) ;
#1806 = VECTOR ( 'NONE', #3477, 1000.000000000000000 ) ;
#1807 = AXIS2_PLACEMENT_3D ( 'NONE', #4714, #510, #3159 ) ;
#1808 = LINE ( 'NONE', #703, #1950 ) ;
#1809 = DIRECTION ( 'NONE',  ( 0.000000000000000000, 1.000000000000000000, 3.491481338843000432E-15 ) ) ;
#1810 = VECTOR ( 'NONE', #1466, 1000.000000000000000 ) ;
#1811 = ORIENTED_EDGE ( 'NONE', *, *, #4796, .T. ) ;
#1812 = DIRECTION ( 'NONE',  ( 0.000000000000000000, 0.000000000000000000, 1.000000000000000000 ) ) ;
#1813 = ORIENTED_EDGE ( 'NONE', *, *, #3883, .F. ) ;
#1814 = VERTEX_POINT ( 'NONE', #1549 ) ;
#1815 = CARTESIAN_POINT ( 'NONE',  ( -3.524999999999999911, -5.099999999999000444, 0.009999999999999972453 ) ) ;
#1816 = EDGE_CURVE ( 'NONE', #2545, #4459, #1165, .T. ) ;
#1817 = LINE ( 'NONE', #2912, #4294 ) ;
#1818 = ORIENTED_EDGE ( 'NONE', *, *, #3432, .F. ) ;
#1819 = DIRECTION ( 'NONE',  ( 0.000000000000000000, 3.491481338843000432E-15, -1.000000000000000000 ) ) ;
#1820 = VERTEX_POINT ( 'NONE', #89 ) ;
#1821 = ADVANCED_FACE ( 'NONE', ( #2697 ), #4198, .F. ) ;
#1822 = FACE_OUTER_BOUND ( 'NONE', #2075, .T. ) ;
#1823 = ADVANCED_FACE ( 'NONE', ( #2468 ), #4323, .T. ) ;
#1824 = ADVANCED_FACE ( 'NONE', ( #3559 ), #3931, .T. ) ;
#1825 = CARTESIAN_POINT ( 'NONE',  ( 1.111985117132999967, 5.299999999999999822, 0.4580148828660000060 ) ) ;
#1826 = FACE_OUTER_BOUND ( 'NONE', #1247, .T. ) ;
#1827 = VERTEX_POINT ( 'NONE', #2083 ) ;
#1828 = ORIENTED_EDGE ( 'NONE', *, *, #2232, .T. ) ;
#1829 = DIRECTION ( 'NONE',  ( 0.3236155771183229501, 0.8891264907158876740, -0.3236155771183229501 ) ) ;
#1830 = CARTESIAN_POINT ( 'NONE',  ( -4.150000000000000355, -3.199999999999000089, 0.2999999999999999889 ) ) ;
#1831 = EDGE_LOOP ( 'NONE', ( #4384, #3944, #4758, #3702 ) ) ;
#1832 = CARTESIAN_POINT ( 'NONE',  ( -1.159951660893999925, -4.092354873723000885, 3.520048339104999702 ) ) ;
#1833 = ORIENTED_EDGE ( 'NONE', *, *, #1040, .F. ) ;
#1834 = PLANE ( 'NONE',  #232 ) ;
#1835 = CARTESIAN_POINT ( 'NONE',  ( -3.750000000000000000, -5.199999999999000089, 1.825642915618000073 ) ) ;
#1836 = CARTESIAN_POINT ( 'NONE',  ( 1.570000000000000062, 4.799999999999999822, 0.6399999999999999023 ) ) ;
#1837 = EDGE_LOOP ( 'NONE', ( #1218, #1028, #3627, #1777 ) ) ;
#1838 = AXIS2_PLACEMENT_3D ( 'NONE', #1359, #724, #4729 ) ;
#1839 = DIRECTION ( 'NONE',  ( 0.000000000000000000, 3.491481338843000432E-15, -1.000000000000000000 ) ) ;
#1840 = LINE ( 'NONE', #753, #2643 ) ;
#1841 = ORIENTED_EDGE ( 'NONE', *, *, #475, .F. ) ;
#1842 = LINE ( 'NONE', #4763, #4801 ) ;
#1843 = ORIENTED_EDGE ( 'NONE', *, *, #4183, .F. ) ;
#1844 = CARTESIAN_POINT ( 'NONE',  ( -1.570000000000000062, 1.399999999999999911, 3.109999999999999876 ) ) ;
#1845 = CARTESIAN_POINT ( 'NONE',  ( -3.524999999998999822, -1.768312994765999679, 0.1100000000000000144 ) ) ;
#1846 = DIRECTION ( 'NONE',  ( 1.000000000000000000, 0.000000000000000000, 0.000000000000000000 ) ) ;
#1847 = EDGE_LOOP ( 'NONE', ( #3116, #1381, #4280, #3193 ) ) ;
#1848 = EDGE_CURVE ( 'NONE', #4317, #1308, #4722, .T. ) ;
#1849 = LINE ( 'NONE', #4403, #149 ) ;
#1850 = LINE ( 'NONE', #1481, #1485 ) ;
#1851 = EDGE_LOOP ( 'NONE', ( #4051, #2571, #2509, #732 ) ) ;
#1852 = CARTESIAN_POINT ( 'NONE',  ( -1.749999999998999911, -5.299999999998999733, 0.1100000000000000144 ) ) ;
#1853 = ADVANCED_FACE ( 'NONE', ( #2425 ), #4695, .F. ) ;
#1854 = ORIENTED_EDGE ( 'NONE', *, *, #4153, .T. ) ;
#1855 = ORIENTED_EDGE ( 'NONE', *, *, #321, .T. ) ;
#1856 = CARTESIAN_POINT ( 'NONE',  ( -4.799999999998999733, -1.768312994765999679, 0.1100000000000000144 ) ) ;
#1857 = FACE_OUTER_BOUND ( 'NONE', #2454, .T. ) ;
#1858 = CARTESIAN_POINT ( 'NONE',  ( 0.9237163774940000405, 4.782735889053999045, 0.6462836225050000438 ) ) ;
#1859 = VERTEX_POINT ( 'NONE', #2108 ) ;
#1860 = ORIENTED_EDGE ( 'NONE', *, *, #3317, .T. ) ;
#1861 = ADVANCED_FACE ( 'NONE', ( #1647 ), #2823, .F. ) ;
#1862 = EDGE_LOOP ( 'NONE', ( #512, #2390, #961, #2888, #2724, #3733, #4035, #2005, #275, #4336, #1833, #4569, #1332, #2699, #4780, #3390, #3565, #4380, #3059 ) ) ;
#1863 = CARTESIAN_POINT ( 'NONE',  ( -5.000000000000000000, 1.699999999998999867, 4.909999999999999254 ) ) ;
#1864 = DIRECTION ( 'NONE',  ( 0.000000000000000000, -1.000000000000000000, -4.336808689942015369E-15 ) ) ;
#1865 = ORIENTED_EDGE ( 'NONE', *, *, #1602, .T. ) ;
#1866 = LINE ( 'NONE', #3872, #3922 ) ;
#1867 = CARTESIAN_POINT ( 'NONE',  ( 2.125000000000000000, -5.299999999999999822, 5.409999999999000053 ) ) ;
#1868 = ORIENTED_EDGE ( 'NONE', *, *, #2309, .T. ) ;
#1869 = CARTESIAN_POINT ( 'NONE',  ( 4.999999999998999911, -1.568312994765999946, 0.1100000000000000144 ) ) ;
#1870 = AXIS2_PLACEMENT_3D ( 'NONE', #2706, #454, #2363 ) ;
#1871 = DIRECTION ( 'NONE',  ( 0.000000000000000000, -0.9396926207860168967, 0.3420201433253704515 ) ) ;
#1872 = ORIENTED_EDGE ( 'NONE', *, *, #3417, .F. ) ;
#1873 = VECTOR ( 'NONE', #1747, 1000.000000000000000 ) ;
#1874 = CARTESIAN_POINT ( 'NONE',  ( -4.150000000000000355, -3.199999999999000089, -2.039607805436999932 ) ) ;
#1875 = VECTOR ( 'NONE', #919, 1000.000000000000000 ) ;
#1876 = CARTESIAN_POINT ( 'NONE',  ( 3.024999999999999911, -2.488637864772000441, 4.209999999998999876 ) ) ;
#1877 = EDGE_LOOP ( 'NONE', ( #3128, #3380, #3076, #2177, #3157, #3850 ) ) ;
#1878 = VECTOR ( 'NONE', #2595, 1000.000000000000000 ) ;
#1879 = EDGE_CURVE ( 'NONE', #1761, #832, #771, .T. ) ;
#1880 = VECTOR ( 'NONE', #2213, 1000.000000000000000 ) ;
#1881 = EDGE_CURVE ( 'NONE', #4025, #470, #2867, .T. ) ;
#1882 = ORIENTED_EDGE ( 'NONE', *, *, #707, .T. ) ;
#1883 = EDGE_CURVE ( 'NONE', #1745, #1060, #221, .T. ) ;
#1884 = CARTESIAN_POINT ( 'NONE',  ( 1.570000000000000062, 2.440036550378000157, 0.6979060301969999269 ) ) ;
#1885 = VECTOR ( 'NONE', #564, 1000.000000000000000 ) ;
#1886 = DIRECTION ( 'NONE',  ( 0.000000000000000000, 1.000000000000000000, 3.956139412765000600E-15 ) ) ;
#1887 = AXIS2_PLACEMENT_3D ( 'NONE', #3243, #4259, #2118 ) ;
#1888 = ORIENTED_EDGE ( 'NONE', *, *, #2293, .F. ) ;
#1889 = DIRECTION ( 'NONE',  ( 0.000000000000000000, -4.169107696646000125E-15, 1.000000000000000000 ) ) ;
#1890 = EDGE_CURVE ( 'NONE', #2679, #3635, #3238, .T. ) ;
#1891 = DIRECTION ( 'NONE',  ( 0.000000000000000000, -3.672402090974000934E-15, 1.000000000000000000 ) ) ;
#1892 = PLANE ( 'NONE',  #2958 ) ;
#1893 = EDGE_LOOP ( 'NONE', ( #3720, #4612, #1057, #2873, #2035, #1447, #597, #3697, #1150, #4265, #1195, #1395, #4611, #3865, #3305, #3353, #499, #360, #2241 ) ) ;
#1894 = EDGE_LOOP ( 'NONE', ( #1787, #2591, #3759, #3890 ) ) ;
#1895 = CARTESIAN_POINT ( 'NONE',  ( -1.822392170625999785, -2.767126088207000123, 2.857607829372999841 ) ) ;
#1896 = AXIS2_PLACEMENT_3D ( 'NONE', #4138, #30, #772 ) ;
#1897 = DIRECTION ( 'NONE',  ( 0.000000000000000000, -1.000000000000000000, -3.491481338843000432E-15 ) ) ;
#1898 = DIRECTION ( 'NONE',  ( 0.000000000000000000, 1.000000000000000000, 3.501506313189000431E-15 ) ) ;
#1899 = DIRECTION ( 'NONE',  ( 1.000000000000000000, 0.000000000000000000, 0.000000000000000000 ) ) ;
#1900 = CARTESIAN_POINT ( 'NONE',  ( 3.750000000000000000, -3.499999999998999911, 0.000000000000000000 ) ) ;
#1901 = VERTEX_POINT ( 'NONE', #249 ) ;
#1902 = CARTESIAN_POINT ( 'NONE',  ( -9.840731680114000568, -1.568312994765999946, 0.1100000000000000144 ) ) ;
#1903 = DIRECTION ( 'NONE',  ( 1.000000000000000000, 0.000000000000000000, 0.000000000000000000 ) ) ;
#1904 = ORIENTED_EDGE ( 'NONE', *, *, #1413, .F. ) ;
#1905 = EDGE_LOOP ( 'NONE', ( #3718, #3581, #1929, #4559, #1612, #453 ) ) ;
#1906 = ORIENTED_EDGE ( 'NONE', *, *, #2890, .T. ) ;
#1907 = DIRECTION ( 'NONE',  ( 1.000000000000000000, 2.710505431212999834E-16, 9.463679131915001692E-31 ) ) ;
#1908 = CARTESIAN_POINT ( 'NONE',  ( -0.9299999999989999599, -3.960567877848999885, 3.749999999998999911 ) ) ;
#1909 = EDGE_CURVE ( 'NONE', #2712, #2913, #3902, .T. ) ;
#1910 = EDGE_CURVE ( 'NONE', #4534, #2733, #2330, .T. ) ;
#1911 = EDGE_CURVE ( 'NONE', #4847, #2476, #549, .T. ) ;
#1912 = DIRECTION ( 'NONE',  ( 0.000000000000000000, 1.000000000000000000, 3.407492542097299143E-15 ) ) ;
#1913 = EDGE_CURVE ( 'NONE', #547, #1013, #1002, .T. ) ;
#1914 = DIRECTION ( 'NONE',  ( -1.000000000000000000, 0.000000000000000000, 0.000000000000000000 ) ) ;
#1915 = FACE_OUTER_BOUND ( 'NONE', #3379, .T. ) ;
#1916 = CARTESIAN_POINT ( 'NONE',  ( 3.024999999999999911, -2.688637864771999730, 4.209999999998999876 ) ) ;
#1917 = ORIENTED_EDGE ( 'NONE', *, *, #1773, .T. ) ;
#1918 = EDGE_CURVE ( 'NONE', #163, #2104, #2044, .T. ) ;
#1919 = PLANE ( 'NONE',  #3492 ) ;
#1920 = AXIS2_PLACEMENT_3D ( 'NONE', #4108, #4193, #3462 ) ;
#1921 = CARTESIAN_POINT ( 'NONE',  ( -4.799999999998999733, -1.768312994765999679, 0.009999999999999972453 ) ) ;
#1922 = DIRECTION ( 'NONE',  ( 1.000000000000000000, 6.776263578034000393E-16, 2.365919782978000115E-30 ) ) ;
#1923 = CARTESIAN_POINT ( 'NONE',  ( -3.024999999998999822, -2.525891170531000096, 4.326247638743000223 ) ) ;
#1924 = CARTESIAN_POINT ( 'NONE',  ( -1.749999999998999911, 1.699999999999999956, 0.8099999999999999423 ) ) ;
#1925 = PLANE ( 'NONE',  #76 ) ;
#1926 = ORIENTED_EDGE ( 'NONE', *, *, #940, .F. ) ;
#1927 = DIRECTION ( 'NONE',  ( 0.000000000000000000, -3.491481338843000432E-15, 1.000000000000000000 ) ) ;
#1928 = CARTESIAN_POINT ( 'NONE',  ( -3.725000000000000089, -4.692505281165000319, 2.125642915617999673 ) ) ;
#1929 = ORIENTED_EDGE ( 'NONE', *, *, #1723, .F. ) ;
#1930 = LINE ( 'NONE', #4165, #835 ) ;
#1931 = DIRECTION ( 'NONE',  ( -1.000000000000000000, 0.000000000000000000, 0.000000000000000000 ) ) ;
#1932 = DIRECTION ( 'NONE',  ( 1.000000000000000000, 0.000000000000000000, 0.000000000000000000 ) ) ;
#1933 = CARTESIAN_POINT ( 'NONE',  ( 3.024999999999999911, 0.9999999999989999111, 5.410000000000000142 ) ) ;
#1934 = EDGE_CURVE ( 'NONE', #3596, #1101, #1670, .T. ) ;
#1935 = CARTESIAN_POINT ( 'NONE',  ( -5.000000000000000000, -2.740176884817000058, 4.626247638743000046 ) ) ;
#1936 = EDGE_CURVE ( 'NONE', #2283, #867, #2794, .T. ) ;
#1937 = CYLINDRICAL_SURFACE ( 'NONE', #2338, 0.1999999999990000332 ) ;
#1938 = CARTESIAN_POINT ( 'NONE',  ( -0.9299999999989999599, 2.500000000000000000, 0.6999999999999999556 ) ) ;
#1939 = EDGE_LOOP ( 'NONE', ( #4431, #2406, #2930, #2765 ) ) ;
#1940 = AXIS2_PLACEMENT_3D ( 'NONE', #1730, #2435, #654 ) ;
#1941 = CARTESIAN_POINT ( 'NONE',  ( 3.024999999999999911, -5.299999999999999822, 5.409999999999000053 ) ) ;
#1942 = CARTESIAN_POINT ( 'NONE',  ( -4.999999999998999911, -1.568312994765999946, 0.1100000000000000144 ) ) ;
#1943 = ORIENTED_EDGE ( 'NONE', *, *, #3871, .T. ) ;
#1944 = VECTOR ( 'NONE', #2260, 1000.000000000000000 ) ;
#1945 = AXIS2_PLACEMENT_3D ( 'NONE', #1270, #3597, #241 ) ;
#1946 = DIRECTION ( 'NONE',  ( 0.3236155771183229501, 0.8891264907158876740, 0.3236155771183229501 ) ) ;
#1947 = AXIS2_PLACEMENT_3D ( 'NONE', #2157, #2992, #738 ) ;
#1948 = LINE ( 'NONE', #2244, #2806 ) ;
#1949 = VECTOR ( 'NONE', #749, 1000.000000000000000 ) ;
#1950 = VECTOR ( 'NONE', #4064, 1000.000000000000000 ) ;
#1951 = CARTESIAN_POINT ( 'NONE',  ( -0.9299999999989999599, -4.899999999998999378, 0.2999999999999999889 ) ) ;
#1952 = VECTOR ( 'NONE', #2010, 1000.000000000000000 ) ;
#1953 = ORIENTED_EDGE ( 'NONE', *, *, #411, .F. ) ;
#1954 = FACE_OUTER_BOUND ( 'NONE', #4850, .T. ) ;
#1955 = VECTOR ( 'NONE', #3604, 1000.000000000000000 ) ;
#1956 = FACE_OUTER_BOUND ( 'NONE', #4154, .T. ) ;
#1957 = CARTESIAN_POINT ( 'NONE',  ( -3.750000000000000000, -5.199999999999000089, -2.039607805436999932 ) ) ;
#1958 = EDGE_LOOP ( 'NONE', ( #4450, #188, #2702, #3064 ) ) ;
#1959 = VECTOR ( 'NONE', #2058, 1000.000000000000000 ) ;
#1960 = ORIENTED_EDGE ( 'NONE', *, *, #2381, .F. ) ;
#1961 = VECTOR ( 'NONE', #3924, 1000.000000000000000 ) ;
#1962 = EDGE_CURVE ( 'NONE', #4233, #3509, #4296, .T. ) ;
#1963 = FACE_OUTER_BOUND ( 'NONE', #1605, .T. ) ;
#1964 = CARTESIAN_POINT ( 'NONE',  ( -3.750000000000000000, -5.199999999999000089, 2.125642915617999673 ) ) ;
#1965 = PLANE ( 'NONE',  #1920 ) ;
#1966 = ORIENTED_EDGE ( 'NONE', *, *, #3045, .T. ) ;
#1967 = EDGE_CURVE ( 'NONE', #552, #163, #3293, .T. ) ;
#1968 = AXIS2_PLACEMENT_3D ( 'NONE', #1417, #3965, #4385 ) ;
#1969 = EDGE_CURVE ( 'NONE', #3107, #1859, #349, .T. ) ;
#1970 = CARTESIAN_POINT ( 'NONE',  ( -4.799999999998999733, -2.612216340086999988, 0.009999999999999972453 ) ) ;
#1971 = EDGE_CURVE ( 'NONE', #34, #4553, #4767, .T. ) ;
#1972 = LINE ( 'NONE', #130, #2807 ) ;
#1973 = CARTESIAN_POINT ( 'NONE',  ( 4.150000000000000355, -5.199999999999000089, 0.000000000000000000 ) ) ;
#1974 = EDGE_LOOP ( 'NONE', ( #2826, #4076, #1872, #1220 ) ) ;
#1975 = ORIENTED_EDGE ( 'NONE', *, *, #335, .T. ) ;
#1976 = LINE ( 'NONE', #1999, #69 ) ;
#1977 = EDGE_LOOP ( 'NONE', ( #1129, #3310, #2942, #99 ) ) ;
#1978 = CARTESIAN_POINT ( 'NONE',  ( -0.9299999999989999599, 2.500000000000000000, 1.000013873792005015E-12 ) ) ;
#1979 = CARTESIAN_POINT ( 'NONE',  ( 3.524999999999999911, 2.299999999999999822, 0.1100000000010000339 ) ) ;
#1980 = ORIENTED_EDGE ( 'NONE', *, *, #1219, .T. ) ;
#1981 = LINE ( 'NONE', #3777, #3760 ) ;
#1982 = DIRECTION ( 'NONE',  ( 0.000000000000000000, -1.000000000000000000, -3.501506313189000431E-15 ) ) ;
#1983 = EDGE_LOOP ( 'NONE', ( #746, #4617, #686, #3080 ) ) ;
#1984 = CARTESIAN_POINT ( 'NONE',  ( -5.000000000000000000, 1.699999999998999867, 4.909999999999999254 ) ) ;
#1985 = AXIS2_PLACEMENT_3D ( 'NONE', #860, #4592, #1992 ) ;
#1986 = ORIENTED_EDGE ( 'NONE', *, *, #3883, .T. ) ;
#1987 = VECTOR ( 'NONE', #471, 1000.000000000000000 ) ;
#1988 = DIRECTION ( 'NONE',  ( 1.000000000000000000, 0.000000000000000000, 0.000000000000000000 ) ) ;
#1989 = DIRECTION ( 'NONE',  ( 1.000000000000000000, 0.000000000000000000, 0.000000000000000000 ) ) ;
#1990 = VERTEX_POINT ( 'NONE', #1452 ) ;
#1991 = VERTEX_POINT ( 'NONE', #1073 ) ;
#1992 = DIRECTION ( 'NONE',  ( 0.000000000000000000, -1.000000000000000000, -3.501506313189000431E-15 ) ) ;
#1993 = VERTEX_POINT ( 'NONE', #4052 ) ;
#1994 = PLANE ( 'NONE',  #925 ) ;
#1995 = VECTOR ( 'NONE', #2193, 1000.000000000000000 ) ;
#1996 = LINE ( 'NONE', #4596, #4377 ) ;
#1997 = VERTEX_POINT ( 'NONE', #3631 ) ;
#1998 = EDGE_CURVE ( 'NONE', #612, #2904, #1770, .T. ) ;
#1999 = CARTESIAN_POINT ( 'NONE',  ( 0.9300000000000000488, 0.9999999999989999111, 6.110000000000000320 ) ) ;
#2000 = EDGE_CURVE ( 'NONE', #93, #3842, #4447, .T. ) ;
#2001 = ORIENTED_EDGE ( 'NONE', *, *, #1661, .T. ) ;
#2002 = PLANE ( 'NONE',  #462 ) ;
#2003 = UNCERTAINTY_MEASURE_WITH_UNIT (LENGTH_MEASURE( 1.000000000000000082E-05 ), #4446, 'distance_accuracy_value', 'NONE');
#2004 = CARTESIAN_POINT ( 'NONE',  ( -0.9299999999989999599, 1.800426421085999928, 0.6755703523079999995 ) ) ;
#2005 = ORIENTED_EDGE ( 'NONE', *, *, #1157, .F. ) ;
#2006 = DIRECTION ( 'NONE',  ( 0.000000000000000000, -1.000000000000000000, -3.501506313189000431E-15 ) ) ;
#2007 = PLANE ( 'NONE',  #3518 ) ;
#2008 = CARTESIAN_POINT ( 'NONE',  ( -4.999999999998999911, -4.692505281165000319, 2.635691244187000404 ) ) ;
#2009 = CARTESIAN_POINT ( 'NONE',  ( -3.024999999998999822, 1.699999999998999867, 4.909999999999999254 ) ) ;
#2010 = DIRECTION ( 'NONE',  ( -1.000000000000000000, 0.000000000000000000, 0.000000000000000000 ) ) ;
#2011 = ORIENTED_EDGE ( 'NONE', *, *, #1848, .T. ) ;
#2012 = DIRECTION ( 'NONE',  ( -0.9396926207860170077, -0.3420201433253705070, -1.425918811948542172E-15 ) ) ;
#2013 = PLANE ( 'NONE',  #894 ) ;
#2014 = CARTESIAN_POINT ( 'NONE',  ( 3.750000000000000000, -3.499999999998999911, 0.2999999999999999889 ) ) ;
#2015 = CARTESIAN_POINT ( 'NONE',  ( -3.024999999998999822, -5.299999999999999822, 5.409999999999000053 ) ) ;
#2016 = VERTEX_POINT ( 'NONE', #2543 ) ;
#2017 = ORIENTED_EDGE ( 'NONE', *, *, #112, .F. ) ;
#2018 = LINE ( 'NONE', #111, #3517 ) ;
#2019 = EDGE_CURVE ( 'NONE', #2908, #359, #687, .T. ) ;
#2020 = VECTOR ( 'NONE', #1946, 1000.000000000000114 ) ;
#2021 = ORIENTED_EDGE ( 'NONE', *, *, #871, .F. ) ;
#2022 = FACE_OUTER_BOUND ( 'NONE', #4761, .T. ) ;
#2023 = ADVANCED_FACE ( 'NONE', ( #1029 ), #3731, .F. ) ;
#2024 = AXIS2_PLACEMENT_3D ( 'NONE', #4789, #2228, #1763 ) ;
#2025 = ADVANCED_FACE ( 'NONE', ( #4398 ), #14, .T. ) ;
#2026 = CARTESIAN_POINT ( 'NONE',  ( 3.725000000000000089, -2.812216340087000166, 0.1100000000000000144 ) ) ;
#2027 = ORIENTED_EDGE ( 'NONE', *, *, #2236, .F. ) ;
#2028 = VECTOR ( 'NONE', #2456, 1000.000000000000000 ) ;
#2029 = DIRECTION ( 'NONE',  ( 0.000000000000000000, -1.000000000000000000, -3.491481338843000432E-15 ) ) ;
#2030 = DIRECTION ( 'NONE',  ( 2.710505431212999834E-16, -1.000000000000000000, -3.491481338843000432E-15 ) ) ;
#2031 = AXIS2_PLACEMENT_3D ( 'NONE', #2014, #806, #3514 ) ;
#2032 = ORIENTED_EDGE ( 'NONE', *, *, #2459, .F. ) ;
#2033 = CIRCLE ( 'NONE', #1008, 0.7399999999999999911 ) ;
#2034 = VECTOR ( 'NONE', #1162, 1000.000000000000000 ) ;
#2035 = ORIENTED_EDGE ( 'NONE', *, *, #3007, .F. ) ;
#2036 = VECTOR ( 'NONE', #417, 1000.000000000000000 ) ;
#2037 = LINE ( 'NONE', #541, #937 ) ;
#2038 = FACE_OUTER_BOUND ( 'NONE', #2172, .T. ) ;
#2039 = ORIENTED_EDGE ( 'NONE', *, *, #1659, .T. ) ;
#2040 = AXIS2_PLACEMENT_3D ( 'NONE', #2911, #366, #1021 ) ;
#2041 = DIRECTION ( 'NONE',  ( 0.000000000000000000, 1.000000000000000000, 3.491481338843000432E-15 ) ) ;
#2042 = CIRCLE ( 'NONE', #1330, 0.7399999999999999911 ) ;
#2043 = DIRECTION ( 'NONE',  ( 1.000000000000000000, 0.000000000000000000, 0.000000000000000000 ) ) ;
#2044 = LINE ( 'NONE', #3538, #460 ) ;
#2045 = CARTESIAN_POINT ( 'NONE',  ( 3.024999999999999911, 0.9999999999989999111, 5.410000000000000142 ) ) ;
#2046 = ORIENTED_EDGE ( 'NONE', *, *, #790, .F. ) ;
#2047 = ORIENTED_EDGE ( 'NONE', *, *, #430, .F. ) ;
#2048 = LINE ( 'NONE', #3958, #3435 ) ;
#2049 = ORIENTED_EDGE ( 'NONE', *, *, #1753, .T. ) ;
#2050 = AXIS2_PLACEMENT_3D ( 'NONE', #1706, #2367, #536 ) ;
#2051 = CARTESIAN_POINT ( 'NONE',  ( -3.024999999998999822, -2.688637864771999730, 4.209999999998999876 ) ) ;
#2052 = CARTESIAN_POINT ( 'NONE',  ( -3.524999999998999822, -1.768312994765999679, 0.009999999999999972453 ) ) ;
#2053 = ORIENTED_EDGE ( 'NONE', *, *, #795, .F. ) ;
#2054 = FACE_OUTER_BOUND ( 'NONE', #4401, .T. ) ;
#2055 = EDGE_CURVE ( 'NONE', #3555, #4368, #1473, .T. ) ;
#2056 = LINE ( 'NONE', #210, #1961 ) ;
#2057 = EDGE_CURVE ( 'NONE', #4747, #2413, #2966, .T. ) ;
#2058 = DIRECTION ( 'NONE',  ( 1.000000000000000000, 0.000000000000000000, 0.000000000000000000 ) ) ;
#2059 = SURFACE_STYLE_USAGE ( .BOTH. , #952 ) ;
#2060 = ORIENTED_EDGE ( 'NONE', *, *, #3278, .F. ) ;
#2061 = EDGE_CURVE ( 'NONE', #912, #3817, #2233, .T. ) ;
#2062 = FACE_OUTER_BOUND ( 'NONE', #3800, .T. ) ;
#2063 = DIRECTION ( 'NONE',  ( 0.000000000000000000, -3.491481338843000432E-15, 1.000000000000000000 ) ) ;
#2064 = CARTESIAN_POINT ( 'NONE',  ( 0.9300000000000000488, -3.960567877848999885, 3.109999999998999787 ) ) ;
#2065 = PLANE ( 'NONE',  #2735 ) ;
#2066 = VERTEX_POINT ( 'NONE', #297 ) ;
#2067 = ORIENTED_EDGE ( 'NONE', *, *, #4733, .F. ) ;
#2068 = CARTESIAN_POINT ( 'NONE',  ( 3.725000000000000089, -2.688637864771999730, 4.209999999998999876 ) ) ;
#2069 = ORIENTED_EDGE ( 'NONE', *, *, #435, .F. ) ;
#2070 = LINE ( 'NONE', #942, #2732 ) ;
#2071 = FACE_OUTER_BOUND ( 'NONE', #3918, .T. ) ;
#2072 = DIRECTION ( 'NONE',  ( 6.776263578034000393E-16, -1.000000000000000000, -3.491481338843000432E-15 ) ) ;
#2073 = DIRECTION ( 'NONE',  ( 0.000000000000000000, -1.000000000000000000, -3.956139412765000600E-15 ) ) ;
#2074 = AXIS2_PLACEMENT_3D ( 'NONE', #2279, #12, #2615 ) ;
#2075 = EDGE_LOOP ( 'NONE', ( #987, #3299, #1083, #535, #3406, #1479, #1593, #3340, #4572, #709, #1865 ) ) ;
#2076 = DIRECTION ( 'NONE',  ( 0.3236155771183229501, -0.8891264907158876740, 0.3236155771183229501 ) ) ;
#2077 = ADVANCED_FACE ( 'NONE', ( #3264 ), #2567, .F. ) ;
#2078 = CARTESIAN_POINT ( 'NONE',  ( 0.000000000000000000, -4.899999999998999378, 1.825642915618000073 ) ) ;
#2079 = ORIENTED_EDGE ( 'NONE', *, *, #4320, .F. ) ;
#2080 = VERTEX_POINT ( 'NONE', #327 ) ;
#2081 = CARTESIAN_POINT ( 'NONE',  ( 3.024999999999999911, 1.199999999998999867, 4.309999999999999609 ) ) ;
#2082 = CARTESIAN_POINT ( 'NONE',  ( 0.9300000000000000488, 2.440036550378000157, 0.6979060301969999269 ) ) ;
#2083 = CARTESIAN_POINT ( 'NONE',  ( -1.425000000000000044, -1.800000000000000044, 5.409999999999000053 ) ) ;
#2084 = LINE ( 'NONE', #934, #1561 ) ;
#2085 = ORIENTED_EDGE ( 'NONE', *, *, #3317, .F. ) ;
#2086 = ADVANCED_FACE ( 'NONE', ( #4498 ), #2618, .F. ) ;
#2087 = ORIENTED_EDGE ( 'NONE', *, *, #1151, .F. ) ;
#2088 = FACE_OUTER_BOUND ( 'NONE', #494, .T. ) ;
#2089 = LINE ( 'NONE', #3221, #4477 ) ;
#2090 = ORIENTED_EDGE ( 'NONE', *, *, #1517, .T. ) ;
#2091 = PLANE ( 'NONE',  #3483 ) ;
#2092 = VERTEX_POINT ( 'NONE', #1869 ) ;
#2093 = DIRECTION ( 'NONE',  ( 0.000000000000000000, 1.000000000000000000, 3.408444049004000278E-15 ) ) ;
#2094 = PRODUCT_DEFINITION_SHAPE ( 'NONE', 'NONE',  #65 ) ;
#2095 = PLANE ( 'NONE',  #1945 ) ;
#2096 = VERTEX_POINT ( 'NONE', #1825 ) ;
#2097 = DIRECTION ( 'NONE',  ( -0.7071067811865474617, -0.7071067811865474617, -2.468850131083908146E-15 ) ) ;
#2098 = AXIS2_PLACEMENT_3D ( 'NONE', #762, #2943, #3762 ) ;
#2099 = ADVANCED_FACE ( 'NONE', ( #4028 ), #3370, .F. ) ;
#2100 = AXIS2_PLACEMENT_3D ( 'NONE', #968, #3870, #1657 ) ;
#2101 = ORIENTED_EDGE ( 'NONE', *, *, #2617, .T. ) ;
#2102 = DIRECTION ( 'NONE',  ( -1.000000000000000000, 0.000000000000000000, 0.000000000000000000 ) ) ;
#2103 = VECTOR ( 'NONE', #2397, 1000.000000000000000 ) ;
#2104 = VERTEX_POINT ( 'NONE', #1428 ) ;
#2105 = CARTESIAN_POINT ( 'NONE',  ( -0.9299999999989999599, -3.960567877848999885, 3.291985117133000127 ) ) ;
#2106 = VECTOR ( 'NONE', #3149, 1000.000000000000114 ) ;
#2107 = PLANE ( 'NONE',  #4415 ) ;
#2108 = CARTESIAN_POINT ( 'NONE',  ( -0.9299999999989999599, 1.399999999998999822, 3.109999999999999876 ) ) ;
#2109 = ADVANCED_FACE ( 'NONE', ( #4422 ), #3318, .F. ) ;
#2110 = PLANE ( 'NONE',  #1557 ) ;
#2111 = ORIENTED_EDGE ( 'NONE', *, *, #4730, .F. ) ;
#2112 = AXIS2_PLACEMENT_3D ( 'NONE', #293, #1024, #2513 ) ;
#2113 = ADVANCED_FACE ( 'NONE', ( #1963 ), #2253, .T. ) ;
#2114 = EDGE_CURVE ( 'NONE', #2229, #3087, #4588, .T. ) ;
#2115 = VECTOR ( 'NONE', #2766, 1000.000000000000000 ) ;
#2116 = ORIENTED_EDGE ( 'NONE', *, *, #2461, .T. ) ;
#2117 = LINE ( 'NONE', #3979, #1628 ) ;
#2118 = DIRECTION ( 'NONE',  ( 0.000000000000000000, -1.000000000000000000, -3.491481338843000432E-15 ) ) ;
#2119 = ORIENTED_EDGE ( 'NONE', *, *, #2833, .F. ) ;
#2120 = LINE ( 'NONE', #3326, #2142 ) ;
#2121 = ORIENTED_EDGE ( 'NONE', *, *, #3395, .T. ) ;
#2122 = LINE ( 'NONE', #1415, #2254 ) ;
#2123 = LINE ( 'NONE', #2272, #2408 ) ;
#2124 = DIRECTION ( 'NONE',  ( -1.000000000000000000, 0.000000000000000000, 0.000000000000000000 ) ) ;
#2125 = ORIENTED_EDGE ( 'NONE', *, *, #1391, .T. ) ;
#2126 = DIRECTION ( 'NONE',  ( 0.000000000000000000, -3.491481338843000432E-15, 1.000000000000000000 ) ) ;
#2127 = LINE ( 'NONE', #994, #3361 ) ;
#2128 = VERTEX_POINT ( 'NONE', #58 ) ;
#2129 = DIRECTION ( 'NONE',  ( 0.000000000000000000, -3.491481338843000432E-15, 1.000000000000000000 ) ) ;
#2130 = EDGE_LOOP ( 'NONE', ( #1499, #1010, #3486, #3541, #4518, #3100, #2587, #2345 ) ) ;
#2131 = CARTESIAN_POINT ( 'NONE',  ( 2.924999999999000178, 2.299999999999999822, 0.1100000000010000339 ) ) ;
#2132 = CARTESIAN_POINT ( 'NONE',  ( -3.024999999998999822, -2.902923579057999692, 4.509999999998999698 ) ) ;
#2133 = DIRECTION ( 'NONE',  ( 1.000000000000000000, 0.000000000000000000, 0.000000000000000000 ) ) ;
#2134 = CARTESIAN_POINT ( 'NONE',  ( -1.749999999998999911, 1.399999999999999911, 0.8099999999999999423 ) ) ;
#2135 = ORIENTED_EDGE ( 'NONE', *, *, #1289, .T. ) ;
#2136 = ORIENTED_EDGE ( 'NONE', *, *, #4554, .T. ) ;
#2137 = PLANE ( 'NONE',  #1398 ) ;
#2138 = CARTESIAN_POINT ( 'NONE',  ( 0.9300000000000000488, 1.800426421085999928, 0.6755703523079999995 ) ) ;
#2139 = VERTEX_POINT ( 'NONE', #3434 ) ;
#2140 = DIRECTION ( 'NONE',  ( -0.7071067811865474617, 0.7071067811865474617, 2.468850131083908146E-15 ) ) ;
#2141 = EDGE_CURVE ( 'NONE', #480, #3555, #781, .T. ) ;
#2142 = VECTOR ( 'NONE', #1058, 1000.000000000000000 ) ;
#2143 = ORIENTED_EDGE ( 'NONE', *, *, #285, .F. ) ;
#2144 = CARTESIAN_POINT ( 'NONE',  ( 2.125000000000000000, -4.159415119350000190, 5.409999999999000053 ) ) ;
#2145 = EDGE_CURVE ( 'NONE', #1997, #538, #440, .T. ) ;
#2146 = DIRECTION ( 'NONE',  ( 0.000000000000000000, 1.000000000000000000, 3.491481338843000432E-15 ) ) ;
#2147 = CARTESIAN_POINT ( 'NONE',  ( 3.024999999999999911, 2.500000000000000000, 0.8099999999999999423 ) ) ;
#2148 = ORIENTED_EDGE ( 'NONE', *, *, #4159, .F. ) ;
#2149 = DIRECTION ( 'NONE',  ( 1.394593512232000093E-15, 1.000000000000000000, 3.491481338843000432E-15 ) ) ;
#2150 = DIRECTION ( 'NONE',  ( 0.000000000000000000, 0.000000000000000000, 1.000000000000000000 ) ) ;
#2151 = ORIENTED_EDGE ( 'NONE', *, *, #1909, .T. ) ;
#2152 = DIRECTION ( 'NONE',  ( -0.3420201433253704515, -0.9396926207860168967, -3.280919249725549977E-15 ) ) ;
#2153 = EDGE_CURVE ( 'NONE', #1362, #603, #1591, .T. ) ;
#2154 = CARTESIAN_POINT ( 'NONE',  ( -1.111985117132999967, -3.960567877848999885, 3.109999999998999787 ) ) ;
#2155 = ORIENTED_EDGE ( 'NONE', *, *, #3917, .T. ) ;
#2156 = DIRECTION ( 'NONE',  ( 1.000000000000000000, 0.000000000000000000, 0.000000000000000000 ) ) ;
#2157 = CARTESIAN_POINT ( 'NONE',  ( -0.9299999999989999599, 2.500000000000000000, 1.000013873792005015E-12 ) ) ;
#2158 = CARTESIAN_POINT ( 'NONE',  ( 4.224999999999999645, -4.692505281165000319, 1.125642915617999895 ) ) ;
#2159 = ORIENTED_EDGE ( 'NONE', *, *, #1881, .T. ) ;
#2160 = LINE ( 'NONE', #3300, #2561 ) ;
#2161 = DIRECTION ( 'NONE',  ( 0.000000000000000000, 1.000000000000000000, 0.000000000000000000 ) ) ;
#2162 = ORIENTED_EDGE ( 'NONE', *, *, #3611, .T. ) ;
#2163 = LINE ( 'NONE', #3663, #115 ) ;
#2164 = EDGE_CURVE ( 'NONE', #2945, #1217, #2691, .T. ) ;
#2165 = DIRECTION ( 'NONE',  ( 0.000000000000000000, 1.000000000000000000, 3.433306879548876816E-15 ) ) ;
#2166 = CARTESIAN_POINT ( 'NONE',  ( -0.9299999999989999599, 1.618845387034999916, 3.109999999999999876 ) ) ;
#2167 = EDGE_CURVE ( 'NONE', #953, #4054, #1615, .T. ) ;
#2168 = LINE ( 'NONE', #4042, #1179 ) ;
#2169 = EDGE_CURVE ( 'NONE', #3125, #1814, #487, .T. ) ;
#2170 = ADVANCED_FACE ( 'NONE', ( #853 ), #2347, .T. ) ;
#2171 = AXIS2_PLACEMENT_3D ( 'NONE', #3307, #2999, #24 ) ;
#2172 = EDGE_LOOP ( 'NONE', ( #2819, #4738, #1779, #3142 ) ) ;
#2173 = ORIENTED_EDGE ( 'NONE', *, *, #3148, .F. ) ;
#2174 = LINE ( 'NONE', #1815, #240 ) ;
#2175 = VECTOR ( 'NONE', #2247, 1000.000000000000114 ) ;
#2176 = FACE_OUTER_BOUND ( 'NONE', #2955, .T. ) ;
#2177 = ORIENTED_EDGE ( 'NONE', *, *, #496, .T. ) ;
#2178 = VECTOR ( 'NONE', #276, 1000.000000000000000 ) ;
#2179 = FACE_OUTER_BOUND ( 'NONE', #3014, .T. ) ;
#2180 = ORIENTED_EDGE ( 'NONE', *, *, #734, .T. ) ;
#2181 = EDGE_CURVE ( 'NONE', #3388, #3163, #1147, .T. ) ;
#2182 = DIRECTION ( 'NONE',  ( 0.000000000000000000, -1.000000000000000000, -3.491481338843000432E-15 ) ) ;
#2183 = VECTOR ( 'NONE', #2479, 1000.000000000000000 ) ;
#2184 = DIRECTION ( 'NONE',  ( -1.000000000000000000, 0.000000000000000000, 0.000000000000000000 ) ) ;
#2185 = LINE ( 'NONE', #3658, #1168 ) ;
#2186 = ORIENTED_EDGE ( 'NONE', *, *, #3914, .F. ) ;
#2187 = VECTOR ( 'NONE', #2184, 1000.000000000000000 ) ;
#2188 = VECTOR ( 'NONE', #3823, 1000.000000000000000 ) ;
#2189 = DIRECTION ( 'NONE',  ( 0.000000000000000000, -3.491481338843000432E-15, 1.000000000000000000 ) ) ;
#2190 = VECTOR ( 'NONE', #74, 1000.000000000000000 ) ;
#2191 = DIRECTION ( 'NONE',  ( 1.000000000000000000, 0.000000000000000000, 0.000000000000000000 ) ) ;
#2192 = VERTEX_POINT ( 'NONE', #124 ) ;
#2193 = DIRECTION ( 'NONE',  ( 0.000000000000000000, -3.491481338843000432E-15, 1.000000000000000000 ) ) ;
#2194 = VECTOR ( 'NONE', #1914, 1000.000000000000000 ) ;
#2195 = AXIS2_PLACEMENT_3D ( 'NONE', #1611, #3178, #3106 ) ;
#2196 = VERTEX_POINT ( 'NONE', #4564 ) ;
#2197 = ORIENTED_EDGE ( 'NONE', *, *, #3246, .T. ) ;
#2198 = CARTESIAN_POINT ( 'NONE',  ( 3.024999999999999911, 1.000000000000000000, 0.8099999999999999423 ) ) ;
#2199 = CARTESIAN_POINT ( 'NONE',  ( -1.570000000000000062, 0.9999999999989999111, 3.750000000000000000 ) ) ;
#2200 = VECTOR ( 'NONE', #3646, 1000.000000000000000 ) ;
#2201 = CARTESIAN_POINT ( 'NONE',  ( -4.799999999998999733, -2.612216340086999988, 0.1100000000000000144 ) ) ;
#2202 = ORIENTED_EDGE ( 'NONE', *, *, #713, .T. ) ;
#2203 = ADVANCED_FACE ( 'NONE', ( #3111 ), #1250, .F. ) ;
#2204 = CARTESIAN_POINT ( 'NONE',  ( 0.000000000000000000, 2.500000000000000000, 3.109999999999999876 ) ) ;
#2205 = CARTESIAN_POINT ( 'NONE',  ( -1.570000000000000062, -3.460567877848999885, 3.109999999998999787 ) ) ;
#2206 = EDGE_CURVE ( 'NONE', #1487, #132, #38, .T. ) ;
#2207 = ORIENTED_EDGE ( 'NONE', *, *, #1059, .T. ) ;
#2208 = CARTESIAN_POINT ( 'NONE',  ( 1.388014882866000166, -3.960567877848999885, 3.291985117133000127 ) ) ;
#2209 = ORIENTED_EDGE ( 'NONE', *, *, #2114, .F. ) ;
#2210 =( NAMED_UNIT ( * ) PLANE_ANGLE_UNIT ( ) SI_UNIT ( $, .RADIAN. ) );
#2211 = CARTESIAN_POINT ( 'NONE',  ( -5.000000000000000000, -5.299999999998999733, 0.1100000000000000144 ) ) ;
#2212 = EDGE_CURVE ( 'NONE', #2854, #901, #2745, .T. ) ;
#2213 = DIRECTION ( 'NONE',  ( 0.000000000000000000, 3.553435748699000723E-15, -1.000000000000000000 ) ) ;
#2214 = ORIENTED_EDGE ( 'NONE', *, *, #4096, .F. ) ;
#2215 = CARTESIAN_POINT ( 'NONE',  ( -3.024999999998999822, 9.300164471903999086, 5.410000000000000142 ) ) ;
#2216 = LINE ( 'NONE', #1154, #2333 ) ;
#2217 = ORIENTED_EDGE ( 'NONE', *, *, #2662, .F. ) ;
#2218 = LINE ( 'NONE', #1085, #1203 ) ;
#2219 = ADVANCED_FACE ( 'NONE', ( #4146 ), #2669, .T. ) ;
#2220 = ORIENTED_EDGE ( 'NONE', *, *, #1911, .F. ) ;
#2221 = ORIENTED_EDGE ( 'NONE', *, *, #673, .F. ) ;
#2222 = CARTESIAN_POINT ( 'NONE',  ( -0.9299999999989999599, 5.299999999999999822, 0.1819851171340000073 ) ) ;
#2223 = CARTESIAN_POINT ( 'NONE',  ( -1.570000000000000062, 2.500000000000000000, 0.6399999999999999023 ) ) ;
#2224 = LINE ( 'NONE', #4027, #18 ) ;
#2225 = ORIENTED_EDGE ( 'NONE', *, *, #1304, .T. ) ;
#2226 = AXIS2_PLACEMENT_3D ( 'NONE', #2051, #3544, #1805 ) ;
#2227 = CARTESIAN_POINT ( 'NONE',  ( 1.111985117132999967, -3.960567877848999885, 3.568014882866000548 ) ) ;
#2228 = DIRECTION ( 'NONE',  ( 0.000000000000000000, 3.491481338843000432E-15, -1.000000000000000000 ) ) ;
#2229 = VERTEX_POINT ( 'NONE', #419 ) ;
#2230 = DIRECTION ( 'NONE',  ( -1.000000000000000000, 0.000000000000000000, 0.000000000000000000 ) ) ;
#2231 = ORIENTED_EDGE ( 'NONE', *, *, #1455, .T. ) ;
#2232 = EDGE_CURVE ( 'NONE', #1539, #4652, #1544, .T. ) ;
#2233 = LINE ( 'NONE', #2918, #1878 ) ;
#2234 = LINE ( 'NONE', #3687, #80 ) ;
#2235 = ORIENTED_EDGE ( 'NONE', *, *, #1619, .F. ) ;
#2236 = EDGE_CURVE ( 'NONE', #2016, #2139, #3802, .T. ) ;
#2237 = LINE ( 'NONE', #2622, #1478 ) ;
#2238 = CARTESIAN_POINT ( 'NONE',  ( -0.9299999999989999599, 2.500000000000000000, 1.000013873792005015E-12 ) ) ;
#2239 = ORIENTED_EDGE ( 'NONE', *, *, #2355, .F. ) ;
#2240 = DIRECTION ( 'NONE',  ( 0.000000000000000000, -3.491481338843000432E-15, 1.000000000000000000 ) ) ;
#2241 = ORIENTED_EDGE ( 'NONE', *, *, #4008, .T. ) ;
#2242 = VERTEX_POINT ( 'NONE', #514 ) ;
#2243 = FACE_OUTER_BOUND ( 'NONE', #3529, .T. ) ;
#2244 = CARTESIAN_POINT ( 'NONE',  ( -3.750000000000000000, -3.199999999999000089, 2.125642915617999673 ) ) ;
#2245 = DIRECTION ( 'NONE',  ( -5.226912349261999855E-16, 1.000000000000000000, 0.000000000000000000 ) ) ;
#2246 = LINE ( 'NONE', #3077, #2194 ) ;
#2247 = DIRECTION ( 'NONE',  ( 0.3236155771183229501, 0.8891264907158876740, -0.3236155771183229501 ) ) ;
#2248 = VERTEX_POINT ( 'NONE', #3533 ) ;
#2249 = LINE ( 'NONE', #4188, #1170 ) ;
#2250 = ORIENTED_EDGE ( 'NONE', *, *, #219, .F. ) ;
#2251 = CARTESIAN_POINT ( 'NONE',  ( -4.799999999998999733, -1.768312994765999679, 0.009999999999999972453 ) ) ;
#2252 = EDGE_LOOP ( 'NONE', ( #1065, #2881, #1392, #461 ) ) ;
#2253 = PLANE ( 'NONE',  #3521 ) ;
#2254 = VECTOR ( 'NONE', #2093, 1000.000000000000000 ) ;
#2255 = CARTESIAN_POINT ( 'NONE',  ( -5.000000000000000000, 1.000000000000000000, 3.109999999999999876 ) ) ;
#2256 = VERTEX_POINT ( 'NONE', #174 ) ;
#2257 = VECTOR ( 'NONE', #4772, 1000.000000000000000 ) ;
#2258 = EDGE_CURVE ( 'NONE', #3138, #173, #902, .T. ) ;
#2259 = ORIENTED_EDGE ( 'NONE', *, *, #2314, .F. ) ;
#2260 = DIRECTION ( 'NONE',  ( 0.000000000000000000, -1.000000000000000000, -3.491481338843000432E-15 ) ) ;
#2261 = VECTOR ( 'NONE', #1132, 1000.000000000000000 ) ;
#2262 = AXIS2_PLACEMENT_3D ( 'NONE', #98, #3847, #1588 ) ;
#2263 = ADVANCED_FACE ( 'NONE', ( #194 ), #3925, .F. ) ;
#2264 = LINE ( 'NONE', #1529, #2810 ) ;
#2265 = ORIENTED_EDGE ( 'NONE', *, *, #1348, .T. ) ;
#2266 = EDGE_CURVE ( 'NONE', #1145, #4734, #1294, .T. ) ;
#2267 = ORIENTED_EDGE ( 'NONE', *, *, #1188, .T. ) ;
#2268 = VECTOR ( 'NONE', #714, 1000.000000000000000 ) ;
#2269 = CARTESIAN_POINT ( 'NONE',  ( 3.750000000000000000, -3.199999999999000089, 0.2999999999999999889 ) ) ;
#2270 = CIRCLE ( 'NONE', #398, 0.7000000000000000666 ) ;
#2271 = ADVANCED_FACE ( 'NONE', ( #1684 ), #2817, .F. ) ;
#2272 = CARTESIAN_POINT ( 'NONE',  ( -3.024999999998999822, 2.500000000000000000, 0.8099999999999999423 ) ) ;
#2273 = PLANE ( 'NONE',  #1896 ) ;
#2274 = DIRECTION ( 'NONE',  ( 0.000000000000000000, -3.491481338843000432E-15, 1.000000000000000000 ) ) ;
#2275 = CARTESIAN_POINT ( 'NONE',  ( -0.7499999999990000221, 1.399999999999999911, 0.8099999999999999423 ) ) ;
#2276 = CARTESIAN_POINT ( 'NONE',  ( 4.150000000000000355, -4.692505281165000319, 2.125642915617999673 ) ) ;
#2277 = ORIENTED_EDGE ( 'NONE', *, *, #611, .T. ) ;
#2278 = AXIS2_PLACEMENT_3D ( 'NONE', #663, #2156, #1912 ) ;
#2279 = CARTESIAN_POINT ( 'NONE',  ( -4.150000000000000355, -4.899999999998999378, 1.825642915618000073 ) ) ;
#2280 = EDGE_CURVE ( 'NONE', #2196, #3476, #3552, .T. ) ;
#2281 = DIRECTION ( 'NONE',  ( 0.000000000000000000, 3.491481338843000432E-15, -1.000000000000000000 ) ) ;
#2282 = CARTESIAN_POINT ( 'NONE',  ( 1.570000000000000062, 2.500000000000000000, 1.000013873792005015E-12 ) ) ;
#2283 = VERTEX_POINT ( 'NONE', #4647 ) ;
#2284 = ORIENTED_EDGE ( 'NONE', *, *, #1753, .F. ) ;
#2285 = CARTESIAN_POINT ( 'NONE',  ( 1.750000000000000000, 1.399999999999999911, 0.1100000000010000339 ) ) ;
#2286 = CARTESIAN_POINT ( 'NONE',  ( -1.570000000000000062, 0.9999999999989999111, 6.110000000000000320 ) ) ;
#2287 = ORIENTED_EDGE ( 'NONE', *, *, #4211, .T. ) ;
#2288 = ORIENTED_EDGE ( 'NONE', *, *, #2921, .F. ) ;
#2289 = ORIENTED_EDGE ( 'NONE', *, *, #4429, .T. ) ;
#2290 = DIRECTION ( 'NONE',  ( -2.891205793294000399E-16, 0.000000000000000000, 1.000000000000000000 ) ) ;
#2291 = ADVANCED_FACE ( 'NONE', ( #951 ), #244, .F. ) ;
#2292 = LINE ( 'NONE', #1928, #4700 ) ;
#2293 = EDGE_CURVE ( 'NONE', #4132, #915, #3231, .T. ) ;
#2294 = CARTESIAN_POINT ( 'NONE',  ( 3.725000000000000089, 1.699999999998999867, 4.909999999999999254 ) ) ;
#2295 = DIRECTION ( 'NONE',  ( 1.000000000000000000, 0.000000000000000000, 0.000000000000000000 ) ) ;
#2296 = DIRECTION ( 'NONE',  ( 0.000000000000000000, 1.000000000000000000, 3.491481338843000432E-15 ) ) ;
#2297 = LINE ( 'NONE', #1521, #3291 ) ;
#2298 = ORIENTED_EDGE ( 'NONE', *, *, #4517, .F. ) ;
#2299 = VECTOR ( 'NONE', #2140, 1000.000000000000114 ) ;
#2300 = DIRECTION ( 'NONE',  ( 1.270795280836009862E-15, 0.000000000000000000, 1.000000000000000000 ) ) ;
#2301 = LINE ( 'NONE', #2348, #2188 ) ;
#2302 = EDGE_CURVE ( 'NONE', #3522, #2439, #585, .T. ) ;
#2303 = VERTEX_POINT ( 'NONE', #4263 ) ;
#2304 = CARTESIAN_POINT ( 'NONE',  ( 1.570000000000000062, 1.618845387034999916, 3.750000000000000000 ) ) ;
#2305 = DIRECTION ( 'NONE',  ( 0.000000000000000000, -1.000000000000000000, -3.722127203699000447E-15 ) ) ;
#2306 = ORIENTED_EDGE ( 'NONE', *, *, #2505, .T. ) ;
#2307 = CARTESIAN_POINT ( 'NONE',  ( 3.750000000000000000, -4.899999999998999378, 0.000000000000000000 ) ) ;
#2308 = CARTESIAN_POINT ( 'NONE',  ( 4.150000000000000355, -5.199999999999000089, 2.125642915617999673 ) ) ;
#2309 = EDGE_CURVE ( 'NONE', #2283, #552, #2037, .T. ) ;
#2310 = CARTESIAN_POINT ( 'NONE',  ( 4.224999999999999645, -4.692505281165000319, 2.125642915617999673 ) ) ;
#2311 = ADVANCED_FACE ( 'NONE', ( #2419 ), #148, .F. ) ;
#2312 = DIRECTION ( 'NONE',  ( 0.000000000000000000, -3.956139412765000600E-15, 1.000000000000000000 ) ) ;
#2313 = CARTESIAN_POINT ( 'NONE',  ( 0.000000000000000000, -5.299999999998999733, 3.109999999998999787 ) ) ;
#2314 = EDGE_CURVE ( 'NONE', #3498, #2997, #4287, .T. ) ;
#2315 = LINE ( 'NONE', #369, #3929 ) ;
#2316 = EDGE_CURVE ( 'NONE', #3201, #34, #3572, .T. ) ;
#2317 = DIRECTION ( 'NONE',  ( 0.000000000000000000, -1.000000000000000000, -3.491481338843000432E-15 ) ) ;
#2318 = DIRECTION ( 'NONE',  ( 0.000000000000000000, -1.000000000000000000, -3.614007241630396649E-15 ) ) ;
#2319 = LINE ( 'NONE', #1852, #4580 ) ;
#2320 = ORIENTED_EDGE ( 'NONE', *, *, #2681, .T. ) ;
#2321 = LINE ( 'NONE', #1298, #268 ) ;
#2322 = CIRCLE ( 'NONE', #215, 0.1999999999989995891 ) ;
#2323 = CARTESIAN_POINT ( 'NONE',  ( 4.150000000000000355, -5.199999999999000089, -2.039607805436999932 ) ) ;
#2324 = LINE ( 'NONE', #2379, #1004 ) ;
#2325 = AXIS2_PLACEMENT_3D ( 'NONE', #3428, #2296, #3104 ) ;
#2326 = ORIENTED_EDGE ( 'NONE', *, *, #4525, .T. ) ;
#2327 = VECTOR ( 'NONE', #2546, 1000.000000000000000 ) ;
#2328 = VECTOR ( 'NONE', #3022, 1000.000000000000000 ) ;
#2329 = LINE ( 'NONE', #833, #3274 ) ;
#2330 = CIRCLE ( 'NONE', #931, 0.2999999999989998445 ) ;
#2331 = ORIENTED_EDGE ( 'NONE', *, *, #1879, .F. ) ;
#2332 = LINE ( 'NONE', #3382, #3668 ) ;
#2333 = VECTOR ( 'NONE', #2650, 1000.000000000000114 ) ;
#2334 = VECTOR ( 'NONE', #3887, 1000.000000000000000 ) ;
#2335 = VECTOR ( 'NONE', #3202, 1000.000000000000000 ) ;
#2336 = VERTEX_POINT ( 'NONE', #1711 ) ;
#2337 = DIRECTION ( 'NONE',  ( 0.000000000000000000, 1.000000000000000000, 3.433306879548876816E-15 ) ) ;
#2338 = AXIS2_PLACEMENT_3D ( 'NONE', #3803, #4192, #79 ) ;
#2339 = CARTESIAN_POINT ( 'NONE',  ( 1.570000000000000062, 1.399999999999999911, 3.109999999999999876 ) ) ;
#2340 = VECTOR ( 'NONE', #3058, 1000.000000000000114 ) ;
#2341 = DIRECTION ( 'NONE',  ( -1.000000000000000000, 0.000000000000000000, 0.000000000000000000 ) ) ;
#2342 = CARTESIAN_POINT ( 'NONE',  ( 4.150000000000000355, -4.899999999998999378, 0.000000000000000000 ) ) ;
#2343 = VERTEX_POINT ( 'NONE', #4739 ) ;
#2344 = AXIS2_PLACEMENT_3D ( 'NONE', #2861, #4315, #2392 ) ;
#2345 = ORIENTED_EDGE ( 'NONE', *, *, #4070, .T. ) ;
#2346 = ADVANCED_FACE ( 'NONE', ( #3209 ), #4717, .T. ) ;
#2347 = PLANE ( 'NONE',  #2485 ) ;
#2348 = CARTESIAN_POINT ( 'NONE',  ( 1.570000000000000062, 4.799999999999999822, 0.6999999999999999556 ) ) ;
#2349 = ORIENTED_EDGE ( 'NONE', *, *, #3173, .T. ) ;
#2350 = CARTESIAN_POINT ( 'NONE',  ( 1.750000000000000000, 2.500000000000000000, 0.1100000000010000339 ) ) ;
#2351 = VERTEX_POINT ( 'NONE', #2009 ) ;
#2352 = VECTOR ( 'NONE', #3331, 1000.000000000000114 ) ;
#2353 = DIRECTION ( 'NONE',  ( -1.000000000000000000, 0.000000000000000000, 0.000000000000000000 ) ) ;
#2354 = VERTEX_POINT ( 'NONE', #971 ) ;
#2355 = EDGE_CURVE ( 'NONE', #760, #726, #3968, .T. ) ;
#2356 = LINE ( 'NONE', #1941, #542 ) ;
#2357 = DIRECTION ( 'NONE',  ( 0.000000000000000000, 3.491481338843000432E-15, -1.000000000000000000 ) ) ;
#2358 = ORIENTED_EDGE ( 'NONE', *, *, #2411, .F. ) ;
#2359 = DIRECTION ( 'NONE',  ( 1.000000000000000000, 0.000000000000000000, 0.000000000000000000 ) ) ;
#2360 = ORIENTED_EDGE ( 'NONE', *, *, #3260, .F. ) ;
#2361 = FACE_OUTER_BOUND ( 'NONE', #1442, .T. ) ;
#2362 = EDGE_CURVE ( 'NONE', #3561, #289, #3920, .T. ) ;
#2363 = DIRECTION ( 'NONE',  ( -1.394593512232000093E-15, -1.000000000000000000, 0.000000000000000000 ) ) ;
#2364 = VERTEX_POINT ( 'NONE', #2558 ) ;
#2365 = DIRECTION ( 'NONE',  ( 0.000000000000000000, 1.000000000000000000, 3.614007241618338910E-15 ) ) ;
#2366 = CYLINDRICAL_SURFACE ( 'NONE', #457, 0.7000000000000000666 ) ;
#2367 = DIRECTION ( 'NONE',  ( 0.000000000000000000, -0.3420201433253705070, -0.9396926207860170077 ) ) ;
#2368 = VECTOR ( 'NONE', #589, 1000.000000000000000 ) ;
#2369 = CARTESIAN_POINT ( 'NONE',  ( 4.150000000000000355, -4.899999999998999378, 0.2999999999999999889 ) ) ;
#2370 = CARTESIAN_POINT ( 'NONE',  ( -1.570000000000000062, 2.500000000000000000, 0.6399999999999999023 ) ) ;
#2371 = ORIENTED_EDGE ( 'NONE', *, *, #3345, .T. ) ;
#2372 = CARTESIAN_POINT ( 'NONE',  ( 3.725000000000000089, -1.568312994765999946, 2.635691244187000404 ) ) ;
#2373 = PLANE ( 'NONE',  #1985 ) ;
#2374 = EDGE_CURVE ( 'NONE', #182, #1109, #4759, .T. ) ;
#2375 = EDGE_LOOP ( 'NONE', ( #2155, #4331, #1025, #4523 ) ) ;
#2376 = DIRECTION ( 'NONE',  ( 0.000000000000000000, 3.491481338843000432E-15, -1.000000000000000000 ) ) ;
#2377 = AXIS2_PLACEMENT_3D ( 'NONE', #2695, #2043, #1255 ) ;
#2378 = ADVANCED_FACE ( 'NONE', ( #1762 ), #1468, .F. ) ;
#2379 = CARTESIAN_POINT ( 'NONE',  ( 1.570000000000000062, 5.299999999999999822, 0.4580148828660000060 ) ) ;
#2380 = ORIENTED_EDGE ( 'NONE', *, *, #4133, .F. ) ;
#2381 = EDGE_CURVE ( 'NONE', #953, #4174, #2174, .T. ) ;
#2382 = LINE ( 'NONE', #133, #385 ) ;
#2383 = ORIENTED_EDGE ( 'NONE', *, *, #914, .T. ) ;
#2384 = CARTESIAN_POINT ( 'NONE',  ( -3.750000000000000000, -3.199999999999000089, 2.125642915617999673 ) ) ;
#2385 = ORIENTED_EDGE ( 'NONE', *, *, #4643, .F. ) ;
#2386 = LINE ( 'NONE', #482, #3583 ) ;
#2387 = CARTESIAN_POINT ( 'NONE',  ( 3.024999999999999911, 1.199999999998999867, 5.110000000000000320 ) ) ;
#2388 = CARTESIAN_POINT ( 'NONE',  ( 1.570000000000000062, 5.299999999999999822, 0.6399999999999999023 ) ) ;
#2389 = CYLINDRICAL_SURFACE ( 'NONE', #1807, 0.2000000000000000944 ) ;
#2390 = ORIENTED_EDGE ( 'NONE', *, *, #611, .F. ) ;
#2391 = VERTEX_POINT ( 'NONE', #2484 ) ;
#2392 = DIRECTION ( 'NONE',  ( 0.000000000000000000, 1.000000000000000000, 0.000000000000000000 ) ) ;
#2393 = VERTEX_POINT ( 'NONE', #2510 ) ;
#2394 = ADVANCED_FACE ( 'NONE', ( #2935 ), #3255, .F. ) ;
#2395 = CARTESIAN_POINT ( 'NONE',  ( -1.111985117132999967, 5.299999999999999822, 0.6399999999999999023 ) ) ;
#2396 = LINE ( 'NONE', #4651, #967 ) ;
#2397 = DIRECTION ( 'NONE',  ( 0.000000000000000000, -3.491481338843000432E-15, 1.000000000000000000 ) ) ;
#2398 = FACE_OUTER_BOUND ( 'NONE', #4419, .T. ) ;
#2399 = ORIENTED_EDGE ( 'NONE', *, *, #3405, .F. ) ;
#2400 = EDGE_CURVE ( 'NONE', #3612, #3962, #4468, .T. ) ;
#2401 = EDGE_CURVE ( 'NONE', #2256, #4233, #2882, .T. ) ;
#2402 = EDGE_LOOP ( 'NONE', ( #3818, #2450, #809, #3876, #473, #4325, #2220, #828, #48, #501, #1285, #3960 ) ) ;
#2403 = LINE ( 'NONE', #4010, #4461 ) ;
#2404 = AXIS2_PLACEMENT_3D ( 'NONE', #635, #3284, #4817 ) ;
#2405 = EDGE_CURVE ( 'NONE', #1178, #2768, #1099, .T. ) ;
#2406 = ORIENTED_EDGE ( 'NONE', *, *, #2985, .F. ) ;
#2407 = CARTESIAN_POINT ( 'NONE',  ( 3.725000000000000089, 1.699999999998999867, 4.909999999999999254 ) ) ;
#2408 = VECTOR ( 'NONE', #4163, 1000.000000000000000 ) ;
#2409 = ORIENTED_EDGE ( 'NONE', *, *, #3578, .T. ) ;
#2410 = DIRECTION ( 'NONE',  ( 0.000000000000000000, -1.000000000000000000, -3.491481338843000432E-15 ) ) ;
#2411 = EDGE_CURVE ( 'NONE', #4084, #1713, #3726, .T. ) ;
#2412 = CARTESIAN_POINT ( 'NONE',  ( 2.125000000000000000, -4.159415119350000190, 5.409999999999000053 ) ) ;
#2413 = VERTEX_POINT ( 'NONE', #4094 ) ;
#2414 = CARTESIAN_POINT ( 'NONE',  ( -4.799999999998999733, -2.612216340086999988, 0.1100000000000000144 ) ) ;
#2415 = VECTOR ( 'NONE', #423, 1000.000000000000000 ) ;
#2416 = ORIENTED_EDGE ( 'NONE', *, *, #2400, .F. ) ;
#2417 = VECTOR ( 'NONE', #824, 1000.000000000000000 ) ;
#2418 = VECTOR ( 'NONE', #2152, 1000.000000000000114 ) ;
#2419 = FACE_OUTER_BOUND ( 'NONE', #3399, .T. ) ;
#2420 = DIRECTION ( 'NONE',  ( 0.000000000000000000, -1.000000000000000000, -3.614007241630396649E-15 ) ) ;
#2421 = VERTEX_POINT ( 'NONE', #730 ) ;
#2422 = VECTOR ( 'NONE', #1776, 1000.000000000000000 ) ;
#2423 = DIRECTION ( 'NONE',  ( -1.000000000000000000, 0.000000000000000000, 0.000000000000000000 ) ) ;
#2424 = PLANE ( 'NONE',  #2377 ) ;
#2425 = FACE_OUTER_BOUND ( 'NONE', #4350, .T. ) ;
#2426 = FACE_OUTER_BOUND ( 'NONE', #3266, .T. ) ;
#2427 = ORIENTED_EDGE ( 'NONE', *, *, #3250, .F. ) ;
#2428 = VECTOR ( 'NONE', #1566, 1000.000000000000114 ) ;
#2429 = ORIENTED_EDGE ( 'NONE', *, *, #3910, .F. ) ;
#2430 = DIRECTION ( 'NONE',  ( 0.000000000000000000, 3.491481338843000432E-15, -1.000000000000000000 ) ) ;
#2431 = VERTEX_POINT ( 'NONE', #2227 ) ;
#2432 = PLANE ( 'NONE',  #3793 ) ;
#2433 = ADVANCED_FACE ( 'NONE', ( #4021 ), #3650, .F. ) ;
#2434 = ORIENTED_EDGE ( 'NONE', *, *, #138, .F. ) ;
#2435 = DIRECTION ( 'NONE',  ( 1.000000000000000000, 0.000000000000000000, 0.000000000000000000 ) ) ;
#2436 = DIRECTION ( 'NONE',  ( -1.000000000000000000, 0.000000000000000000, 0.000000000000000000 ) ) ;
#2437 = CARTESIAN_POINT ( 'NONE',  ( 3.725000000000000089, -5.299999999999999822, 4.709999999998999876 ) ) ;
#2438 = EDGE_CURVE ( 'NONE', #1660, #4741, #6, .T. ) ;
#2439 = VERTEX_POINT ( 'NONE', #4358 ) ;
#2440 = DIRECTION ( 'NONE',  ( -1.000000000000000000, 0.000000000000000000, 0.000000000000000000 ) ) ;
#2441 = CARTESIAN_POINT ( 'NONE',  ( 1.425000000000000044, -1.800000000000000044, 5.409999999999000053 ) ) ;
#2442 = ORIENTED_EDGE ( 'NONE', *, *, #1365, .T. ) ;
#2443 = PRODUCT ( 'XH2_54-WT', 'XH2_54-WT', '', ( #3139 ) ) ;
#2444 = CARTESIAN_POINT ( 'NONE',  ( 1.570000000000000062, 4.799999999999999822, 0.6399999999999999023 ) ) ;
#2445 = FACE_OUTER_BOUND ( 'NONE', #1983, .T. ) ;
#2446 = VECTOR ( 'NONE', #2063, 1000.000000000000000 ) ;
#2447 = DIRECTION ( 'NONE',  ( 0.000000000000000000, 1.000000000000000000, 3.491481338843000432E-15 ) ) ;
#2448 = DIRECTION ( 'NONE',  ( 1.000000000000000000, 0.000000000000000000, 0.000000000000000000 ) ) ;
#2449 = VERTEX_POINT ( 'NONE', #3674 ) ;
#2450 = ORIENTED_EDGE ( 'NONE', *, *, #2851, .T. ) ;
#2451 = DIRECTION ( 'NONE',  ( -6.195440985630999750E-16, -3.646367363483000567E-15, 1.000000000000000000 ) ) ;
#2452 = ORIENTED_EDGE ( 'NONE', *, *, #4677, .F. ) ;
#2453 = LINE ( 'NONE', #598, #1249 ) ;
#2454 = EDGE_LOOP ( 'NONE', ( #2284, #2960, #1966, #2039 ) ) ;
#2455 = LINE ( 'NONE', #2907, #4074 ) ;
#2456 = DIRECTION ( 'NONE',  ( 0.000000000000000000, 0.03489949670200395010, -0.9993908270191130816 ) ) ;
#2457 = EDGE_LOOP ( 'NONE', ( #3698, #4394, #1650, #2288, #3335, #1211, #3113, #2180 ) ) ;
#2458 = CARTESIAN_POINT ( 'NONE',  ( 4.224999999999999645, -4.692505281165000319, 2.125642915617999673 ) ) ;
#2459 = EDGE_CURVE ( 'NONE', #286, #4467, #4414, .T. ) ;
#2460 = EDGE_CURVE ( 'NONE', #1713, #865, #3311, .T. ) ;
#2461 = EDGE_CURVE ( 'NONE', #426, #953, #263, .T. ) ;
#2462 = DIRECTION ( 'NONE',  ( 0.000000000000000000, -3.491481338843000432E-15, 1.000000000000000000 ) ) ;
#2463 = ADVANCED_FACE ( 'NONE', ( #1420 ), #710, .F. ) ;
#2464 = VERTEX_POINT ( 'NONE', #4816 ) ;
#2465 = DIRECTION ( 'NONE',  ( 0.000000000000000000, 1.000000000000000000, 0.000000000000000000 ) ) ;
#2466 = FACE_OUTER_BOUND ( 'NONE', #2994, .T. ) ;
#2467 = VERTEX_POINT ( 'NONE', #2536 ) ;
#2468 = FACE_OUTER_BOUND ( 'NONE', #3230, .T. ) ;
#2469 = LINE ( 'NONE', #591, #4300 ) ;
#2470 = ORIENTED_EDGE ( 'NONE', *, *, #2280, .T. ) ;
#2471 = ORIENTED_EDGE ( 'NONE', *, *, #3859, .T. ) ;
#2472 = DIRECTION ( 'NONE',  ( 0.000000000000000000, -1.000000000000000000, -3.491481338843000432E-15 ) ) ;
#2473 = LINE ( 'NONE', #142, #2820 ) ;
#2474 = ORIENTED_EDGE ( 'NONE', *, *, #3969, .F. ) ;
#2475 = LINE ( 'NONE', #4753, #4424 ) ;
#2476 = VERTEX_POINT ( 'NONE', #4044 ) ;
#2477 = LINE ( 'NONE', #4735, #2478 ) ;
#2478 = VECTOR ( 'NONE', #2835, 1000.000000000000000 ) ;
#2479 = DIRECTION ( 'NONE',  ( -1.000000000000000000, 0.000000000000000000, 0.000000000000000000 ) ) ;
#2480 = CARTESIAN_POINT ( 'NONE',  ( 1.570000000000000062, -3.960567877848999885, 3.749999999998999911 ) ) ;
#2481 = VECTOR ( 'NONE', #2701, 1000.000000000000000 ) ;
#2482 = VECTOR ( 'NONE', #3330, 1000.000000000000000 ) ;
#2483 = ORIENTED_EDGE ( 'NONE', *, *, #3252, .F. ) ;
#2484 = CARTESIAN_POINT ( 'NONE',  ( 4.999999999998999911, -1.568312994765999946, 2.635691244187000404 ) ) ;
#2485 = AXIS2_PLACEMENT_3D ( 'NONE', #3851, #3756, #4520 ) ;
#2486 = FACE_OUTER_BOUND ( 'NONE', #3463, .T. ) ;
#2487 = ORIENTED_EDGE ( 'NONE', *, *, #1663, .T. ) ;
#2488 = DIRECTION ( 'NONE',  ( -0.9063077870368018152, -0.4226182617403738684, -1.475563774322305739E-15 ) ) ;
#2489 = DIRECTION ( 'NONE',  ( 0.000000000000000000, 3.491481338843000432E-15, -1.000000000000000000 ) ) ;
#2490 = CARTESIAN_POINT ( 'NONE',  ( -5.000000000000000000, -2.902923579057999692, 4.709999999998999876 ) ) ;
#2491 = CARTESIAN_POINT ( 'NONE',  ( -3.024999999998999822, 1.399999999999999911, 0.8099999999999999423 ) ) ;
#2492 = VECTOR ( 'NONE', #4389, 1000.000000000000000 ) ;
#2493 = FACE_OUTER_BOUND ( 'NONE', #1079, .T. ) ;
#2494 = ORIENTED_EDGE ( 'NONE', *, *, #3856, .F. ) ;
#2495 = AXIS2_PLACEMENT_3D ( 'NONE', #1037, #3133, #2872 ) ;
#2496 = EDGE_CURVE ( 'NONE', #1660, #1472, #680, .T. ) ;
#2497 = ORIENTED_EDGE ( 'NONE', *, *, #122, .T. ) ;
#2498 = CARTESIAN_POINT ( 'NONE',  ( 3.024999999999999911, -2.688637864771999730, 4.209999999998999876 ) ) ;
#2499 = LINE ( 'NONE', #3661, #1646 ) ;
#2500 = ORIENTED_EDGE ( 'NONE', *, *, #793, .F. ) ;
#2501 = CARTESIAN_POINT ( 'NONE',  ( 3.750000000000000000, -5.199999999999000089, -2.039607805436999932 ) ) ;
#2502 = ORIENTED_EDGE ( 'NONE', *, *, #1543, .F. ) ;
#2503 = LINE ( 'NONE', #3248, #3028 ) ;
#2504 = AXIS2_PLACEMENT_3D ( 'NONE', #3506, #3205, #2837 ) ;
#2505 = EDGE_CURVE ( 'NONE', #4769, #2827, #2270, .T. ) ;
#2506 = EDGE_LOOP ( 'NONE', ( #4262, #368, #2535, #3927, #2250, #4591, #3413, #4229 ) ) ;
#2507 = DIRECTION ( 'NONE',  ( -1.000000000000000000, 0.000000000000000000, 0.000000000000000000 ) ) ;
#2508 = CARTESIAN_POINT ( 'NONE',  ( 3.024999999999999911, 9.300164471903999086, 4.709999999999999964 ) ) ;
#2509 = ORIENTED_EDGE ( 'NONE', *, *, #563, .F. ) ;
#2510 = CARTESIAN_POINT ( 'NONE',  ( 4.799999999998999733, -2.612216340086999988, 0.009999999999999972453 ) ) ;
#2511 = PLANE ( 'NONE',  #3980 ) ;
#2512 = ORIENTED_EDGE ( 'NONE', *, *, #2770, .F. ) ;
#2513 = DIRECTION ( 'NONE',  ( 0.000000000000000000, 3.491481338843000432E-15, -1.000000000000000000 ) ) ;
#2514 = ORIENTED_EDGE ( 'NONE', *, *, #2711, .F. ) ;
#2515 = CARTESIAN_POINT ( 'NONE',  ( 0.9300000000000000488, 1.618845387034999916, 3.109999999999999876 ) ) ;
#2516 = CARTESIAN_POINT ( 'NONE',  ( -3.024999999998999822, 1.199999999998999867, 4.309999999999999609 ) ) ;
#2517 = DIRECTION ( 'NONE',  ( 0.000000000000000000, -0.9396926207860168967, 0.3420201433253704515 ) ) ;
#2518 = DIRECTION ( 'NONE',  ( 0.000000000000000000, -1.000000000000000000, -3.491481338843000432E-15 ) ) ;
#2519 = ORIENTED_EDGE ( 'NONE', *, *, #1301, .F. ) ;
#2520 = AXIS2_PLACEMENT_3D ( 'NONE', #198, #4321, #295 ) ;
#2521 = ADVANCED_FACE ( 'NONE', ( #4560 ), #1587, .F. ) ;
#2522 = EDGE_CURVE ( 'NONE', #2542, #4282, #3747, .T. ) ;
#2523 = CARTESIAN_POINT ( 'NONE',  ( 9.840731680114000568, -2.812216340087000166, 0.1100000000000000144 ) ) ;
#2524 = EDGE_CURVE ( 'NONE', #2542, #2945, #3797, .T. ) ;
#2525 = CARTESIAN_POINT ( 'NONE',  ( -9.840731680114000568, -4.692505281165000319, 1.125642915617999895 ) ) ;
#2526 = ORIENTED_EDGE ( 'NONE', *, *, #1702, .T. ) ;
#2527 = LINE ( 'NONE', #4036, #3557 ) ;
#2528 = EDGE_CURVE ( 'NONE', #3555, #2354, #2246, .T. ) ;
#2529 = CARTESIAN_POINT ( 'NONE',  ( -1.570000000000000062, 1.618845387034999916, 3.750000000000000000 ) ) ;
#2530 = EDGE_CURVE ( 'NONE', #2945, #2886, #1140, .T. ) ;
#2531 = ORIENTED_EDGE ( 'NONE', *, *, #2460, .F. ) ;
#2532 = LINE ( 'NONE', #4041, #4537 ) ;
#2533 = ORIENTED_EDGE ( 'NONE', *, *, #2355, .T. ) ;
#2534 = DIRECTION ( 'NONE',  ( 1.000000000000000000, 0.000000000000000000, 0.000000000000000000 ) ) ;
#2535 = ORIENTED_EDGE ( 'NONE', *, *, #413, .F. ) ;
#2536 = CARTESIAN_POINT ( 'NONE',  ( -4.150000000000000355, -5.199999999999000089, 1.825642915618000073 ) ) ;
#2537 = DIRECTION ( 'NONE',  ( 0.4226182617403738684, 0.9063077870368018152, 3.164356725688798837E-15 ) ) ;
#2538 = ORIENTED_EDGE ( 'NONE', *, *, #4426, .F. ) ;
#2539 = DIRECTION ( 'NONE',  ( 0.000000000000000000, -3.491481338843000432E-15, 1.000000000000000000 ) ) ;
#2540 = ORIENTED_EDGE ( 'NONE', *, *, #2280, .F. ) ;
#2541 = DIRECTION ( 'NONE',  ( 1.270795280836009862E-15, 0.000000000000000000, 1.000000000000000000 ) ) ;
#2542 = VERTEX_POINT ( 'NONE', #3455 ) ;
#2543 = CARTESIAN_POINT ( 'NONE',  ( 3.024999999999999911, -2.740176884817000058, 4.626247638743000046 ) ) ;
#2544 = CARTESIAN_POINT ( 'NONE',  ( 0.000000000000000000, -4.899999999998999378, 2.125642915617999673 ) ) ;
#2545 = VERTEX_POINT ( 'NONE', #3055 ) ;
#2546 = DIRECTION ( 'NONE',  ( -1.000000000000000000, 0.000000000000000000, 0.000000000000000000 ) ) ;
#2547 = LINE ( 'NONE', #3017, #1403 ) ;
#2548 = ORIENTED_EDGE ( 'NONE', *, *, #2153, .F. ) ;
#2549 = DIRECTION ( 'NONE',  ( 0.000000000000000000, -3.491481338843000432E-15, 1.000000000000000000 ) ) ;
#2550 = EDGE_CURVE ( 'NONE', #3119, #1430, #415, .T. ) ;
#2551 = ORIENTED_EDGE ( 'NONE', *, *, #1690, .F. ) ;
#2552 = ADVANCED_FACE ( 'NONE', ( #1954 ), #2707, .F. ) ;
#2553 = ORIENTED_EDGE ( 'NONE', *, *, #4826, .F. ) ;
#2554 = PLANE ( 'NONE',  #1708 ) ;
#2555 = DIRECTION ( 'NONE',  ( -1.000000000000000000, 0.000000000000000000, 0.000000000000000000 ) ) ;
#2556 = CARTESIAN_POINT ( 'NONE',  ( -1.891846170922000026, -4.659415119349999301, 6.109999999999000231 ) ) ;
#2557 = ADVANCED_FACE ( 'NONE', ( #4209 ), #97, .F. ) ;
#2558 = CARTESIAN_POINT ( 'NONE',  ( -3.724999999999000000, -5.299999999999999822, 6.109999999999000231 ) ) ;
#2559 = CYLINDRICAL_SURFACE ( 'NONE', #147, 0.1000000000000000472 ) ;
#2560 = ORIENTED_EDGE ( 'NONE', *, *, #4645, .F. ) ;
#2561 = VECTOR ( 'NONE', #3375, 1000.000000000000114 ) ;
#2562 = CARTESIAN_POINT ( 'NONE',  ( -3.024999999999999911, 1.000000000000000000, 0.8099999999999999423 ) ) ;
#2563 = ORIENTED_EDGE ( 'NONE', *, *, #1576, .T. ) ;
#2564 = DIRECTION ( 'NONE',  ( -1.000000000000000000, -1.975028688399000390E-30, 5.656706986880000215E-16 ) ) ;
#2565 = ORIENTED_EDGE ( 'NONE', *, *, #27, .T. ) ;
#2566 = AXIS2_PLACEMENT_3D ( 'NONE', #718, #664, #1126 ) ;
#2567 = PLANE ( 'NONE',  #1947 ) ;
#2568 = LINE ( 'NONE', #4029, #1880 ) ;
#2569 = VECTOR ( 'NONE', #25, 1000.000000000000000 ) ;
#2570 = EDGE_CURVE ( 'NONE', #1792, #182, #1981, .T. ) ;
#2571 = ORIENTED_EDGE ( 'NONE', *, *, #169, .F. ) ;
#2572 = VECTOR ( 'NONE', #674, 1000.000000000000000 ) ;
#2573 = VECTOR ( 'NONE', #3485, 1000.000000000000000 ) ;
#2574 = DIRECTION ( 'NONE',  ( -1.000000000000000000, 0.000000000000000000, 0.000000000000000000 ) ) ;
#2575 = AXIS2_PLACEMENT_3D ( 'NONE', #3536, #976, #3898 ) ;
#2576 = DIRECTION ( 'NONE',  ( 0.000000000000000000, 1.000000000000000000, 3.956139412765000600E-15 ) ) ;
#2577 = EDGE_LOOP ( 'NONE', ( #4150, #3225, #2860, #627 ) ) ;
#2578 = DIRECTION ( 'NONE',  ( 0.000000000000000000, -1.000000000000000000, -3.433306879548876816E-15 ) ) ;
#2579 = VECTOR ( 'NONE', #1839, 1000.000000000000000 ) ;
#2580 = VECTOR ( 'NONE', #1314, 1000.000000000000000 ) ;
#2581 = ORIENTED_EDGE ( 'NONE', *, *, #1723, .T. ) ;
#2582 = ORIENTED_EDGE ( 'NONE', *, *, #2614, .T. ) ;
#2583 = CARTESIAN_POINT ( 'NONE',  ( 3.024999999999999911, -5.299999999998999733, 0.8099999999989999644 ) ) ;
#2584 = LINE ( 'NONE', #2223, #923 ) ;
#2585 = DIRECTION ( 'NONE',  ( 1.000000000000000000, 0.000000000000000000, 0.000000000000000000 ) ) ;
#2586 = EDGE_CURVE ( 'NONE', #3936, #2476, #4536, .T. ) ;
#2587 = ORIENTED_EDGE ( 'NONE', *, *, #128, .F. ) ;
#2588 = EDGE_CURVE ( 'NONE', #3522, #380, #1169, .T. ) ;
#2589 = CARTESIAN_POINT ( 'NONE',  ( 3.725000000000000089, -2.812216340087000166, 2.125642915617999673 ) ) ;
#2590 = DIRECTION ( 'NONE',  ( -0.3420201433253704515, 0.9396926207860168967, 0.000000000000000000 ) ) ;
#2591 = ORIENTED_EDGE ( 'NONE', *, *, #649, .F. ) ;
#2592 = PLANE ( 'NONE',  #2112 ) ;
#2593 = DIRECTION ( 'NONE',  ( 0.000000000000000000, 3.491481338843000432E-15, -1.000000000000000000 ) ) ;
#2594 = EDGE_LOOP ( 'NONE', ( #784, #4675, #3938, #2672 ) ) ;
#2595 = DIRECTION ( 'NONE',  ( -1.000000000000000000, 0.000000000000000000, 0.000000000000000000 ) ) ;
#2596 = DIRECTION ( 'NONE',  ( 1.000000000000000000, 0.000000000000000000, 0.000000000000000000 ) ) ;
#2597 = EDGE_CURVE ( 'NONE', #3087, #915, #31, .T. ) ;
#2598 = ORIENTED_EDGE ( 'NONE', *, *, #2597, .T. ) ;
#2599 = LINE ( 'NONE', #377, #921 ) ;
#2600 = CARTESIAN_POINT ( 'NONE',  ( -3.724999999999000000, -2.812216340087000166, 0.1100000000000000144 ) ) ;
#2601 = ORIENTED_EDGE ( 'NONE', *, *, #3408, .T. ) ;
#2602 = CARTESIAN_POINT ( 'NONE',  ( 1.570000000000000062, 1.800426421085999928, 0.6755703523079999995 ) ) ;
#2603 = ORIENTED_EDGE ( 'NONE', *, *, #586, .T. ) ;
#2604 = EDGE_LOOP ( 'NONE', ( #4449, #2548, #2991, #1626 ) ) ;
#2605 = DIRECTION ( 'NONE',  ( 0.000000000000000000, 3.491481338843000432E-15, -1.000000000000000000 ) ) ;
#2606 = LINE ( 'NONE', #4114, #700 ) ;
#2607 = ORIENTED_EDGE ( 'NONE', *, *, #3497, .T. ) ;
#2608 = LINE ( 'NONE', #3407, #3054 ) ;
#2609 = LINE ( 'NONE', #4139, #1806 ) ;
#2610 = DIRECTION ( 'NONE',  ( 0.000000000000000000, 1.000000000000000000, 3.956139412765000600E-15 ) ) ;
#2611 = ORIENTED_EDGE ( 'NONE', *, *, #3769, .F. ) ;
#2612 = CARTESIAN_POINT ( 'NONE',  ( -3.725000000000000089, -5.299999999999999822, 6.109999999999000231 ) ) ;
#2613 = VERTEX_POINT ( 'NONE', #2663 ) ;
#2614 = EDGE_CURVE ( 'NONE', #352, #2391, #2987, .T. ) ;
#2615 = DIRECTION ( 'NONE',  ( 0.000000000000000000, -1.000000000000000000, -3.614007241630396649E-15 ) ) ;
#2616 = ADVANCED_FACE ( 'NONE', ( #3846 ), #4166, .F. ) ;
#2617 = EDGE_CURVE ( 'NONE', #870, #3346, #2609, .T. ) ;
#2618 = PLANE ( 'NONE',  #4698 ) ;
#2619 = LINE ( 'NONE', #2544, #3448 ) ;
#2620 = ORIENTED_EDGE ( 'NONE', *, *, #4837, .T. ) ;
#2621 = EDGE_CURVE ( 'NONE', #4104, #3844, #119, .T. ) ;
#2622 = CARTESIAN_POINT ( 'NONE',  ( -5.000000000000000000, 1.699999999998999867, 4.909999999999999254 ) ) ;
#2623 = DIRECTION ( 'NONE',  ( 0.000000000000000000, -1.000000000000000000, -3.491481338843000432E-15 ) ) ;
#2624 = VERTEX_POINT ( 'NONE', #799 ) ;
#2625 = ADVANCED_FACE ( 'NONE', ( #3427 ), #254, .F. ) ;
#2626 = ORIENTED_EDGE ( 'NONE', *, *, #2181, .F. ) ;
#2627 = ORIENTED_EDGE ( 'NONE', *, *, #122, .F. ) ;
#2628 = LINE ( 'NONE', #4488, #464 ) ;
#2629 = LINE ( 'NONE', #4136, #3590 ) ;
#2630 = EDGE_CURVE ( 'NONE', #1467, #4205, #2737, .T. ) ;
#2631 = VERTEX_POINT ( 'NONE', #2138 ) ;
#2632 = CARTESIAN_POINT ( 'NONE',  ( -4.150000000000000355, -4.899999999998999378, 0.2999999999999999889 ) ) ;
#2633 = DIRECTION ( 'NONE',  ( 0.000000000000000000, 3.491481338843000432E-15, -1.000000000000000000 ) ) ;
#2634 = CARTESIAN_POINT ( 'NONE',  ( -1.570000000000000062, 1.000000000000000000, 3.109999999999999876 ) ) ;
#2635 = LINE ( 'NONE', #4495, #2036 ) ;
#2636 = ORIENTED_EDGE ( 'NONE', *, *, #2401, .T. ) ;
#2637 = LINE ( 'NONE', #4144, #4833 ) ;
#2638 = DIRECTION ( 'NONE',  ( -0.9396926207860170077, 0.3420201433253705070, 1.194156947931292562E-15 ) ) ;
#2639 = CIRCLE ( 'NONE', #4615, 0.1999999999990000332 ) ;
#2640 = LINE ( 'NONE', #125, #4382 ) ;
#2641 = EDGE_LOOP ( 'NONE', ( #4661, #2298, #4500, #2101 ) ) ;
#2642 = EDGE_LOOP ( 'NONE', ( #520, #1451, #849, #356 ) ) ;
#2643 = VECTOR ( 'NONE', #367, 1000.000000000000000 ) ;
#2644 = AXIS2_PLACEMENT_3D ( 'NONE', #1036, #4085, #3660 ) ;
#2645 = EDGE_LOOP ( 'NONE', ( #4814, #3725, #1515, #341 ) ) ;
#2646 = EDGE_CURVE ( 'NONE', #2421, #4808, #4034, .T. ) ;
#2647 = LINE ( 'NONE', #3016, #4774 ) ;
#2648 = CIRCLE ( 'NONE', #851, 0.1999999999990000332 ) ;
#2649 = VECTOR ( 'NONE', #3308, 1000.000000000000000 ) ;
#2650 = DIRECTION ( 'NONE',  ( 0.000000000000000000, -0.5812381937193801251, 0.8137334712065322773 ) ) ;
#2651 = ORIENTED_EDGE ( 'NONE', *, *, #3352, .T. ) ;
#2652 = VECTOR ( 'NONE', #2447, 1000.000000000000000 ) ;
#2653 = EDGE_CURVE ( 'NONE', #1472, #365, #4751, .T. ) ;
#2654 = CIRCLE ( 'NONE', #392, 0.7000000000000000666 ) ;
#2655 = VECTOR ( 'NONE', #837, 1000.000000000000000 ) ;
#2656 = ORIENTED_EDGE ( 'NONE', *, *, #3794, .F. ) ;
#2657 = VECTOR ( 'NONE', #2129, 1000.000000000000000 ) ;
#2658 = DIRECTION ( 'NONE',  ( -1.000000000000000000, 0.000000000000000000, 0.000000000000000000 ) ) ;
#2659 = AXIS2_PLACEMENT_3D ( 'NONE', #4118, #3813, #818 ) ;
#2660 = DIRECTION ( 'NONE',  ( 0.000000000000000000, 1.000000000000000000, 3.501506313189000431E-15 ) ) ;
#2661 = DIRECTION ( 'NONE',  ( -1.000000000000000000, 0.000000000000000000, 0.000000000000000000 ) ) ;
#2662 = EDGE_CURVE ( 'NONE', #426, #3131, #2089, .T. ) ;
#2663 = CARTESIAN_POINT ( 'NONE',  ( -1.570000000000000062, -3.460567877848999885, 3.749999999998999911 ) ) ;
#2664 = CARTESIAN_POINT ( 'NONE',  ( -5.000000000000000000, -2.488637864772000441, 4.209999999998999876 ) ) ;
#2665 = DIRECTION ( 'NONE',  ( 1.517431105030725033E-15, 0.000000000000000000, 1.000000000000000000 ) ) ;
#2666 = ORIENTED_EDGE ( 'NONE', *, *, #85, .F. ) ;
#2667 = VECTOR ( 'NONE', #396, 1000.000000000000000 ) ;
#2668 = LINE ( 'NONE', #4540, #1054 ) ;
#2669 = PLANE ( 'NONE',  #4082 ) ;
#2670 = DIRECTION ( 'NONE',  ( 1.000000000000000000, 0.000000000000000000, 0.000000000000000000 ) ) ;
#2671 = VERTEX_POINT ( 'NONE', #4639 ) ;
#2672 = ORIENTED_EDGE ( 'NONE', *, *, #4305, .F. ) ;
#2673 = DIRECTION ( 'NONE',  ( -1.000000000000000000, 0.000000000000000000, 0.000000000000000000 ) ) ;
#2674 = CARTESIAN_POINT ( 'NONE',  ( 2.125000000000000000, -2.500000000000000000, 5.409999999999000053 ) ) ;
#2675 = VERTEX_POINT ( 'NONE', #4373 ) ;
#2676 = ADVANCED_FACE ( 'NONE', ( #3614 ), #650, .T. ) ;
#2677 = EDGE_CURVE ( 'NONE', #1308, #526, #4727, .T. ) ;
#2678 = EDGE_CURVE ( 'NONE', #425, #1143, #4347, .T. ) ;
#2679 = VERTEX_POINT ( 'NONE', #3586 ) ;
#2680 = CARTESIAN_POINT ( 'NONE',  ( -2.124999999998999911, -2.500000000000000000, 5.409999999999000053 ) ) ;
#2681 = EDGE_CURVE ( 'NONE', #3400, #1901, #2473, .T. ) ;
#2682 = DIRECTION ( 'NONE',  ( 1.000000000000000000, 0.000000000000000000, 0.000000000000000000 ) ) ;
#2683 = CARTESIAN_POINT ( 'NONE',  ( 3.750000000000000000, -4.899999999998999378, 2.125642915617999673 ) ) ;
#2684 = ORIENTED_EDGE ( 'NONE', *, *, #2266, .T. ) ;
#2685 = DIRECTION ( 'NONE',  ( 0.000000000000000000, 1.000000000000000000, 3.407492542097299143E-15 ) ) ;
#2686 = LINE ( 'NONE', #2708, #3904 ) ;
#2687 = VERTEX_POINT ( 'NONE', #623 ) ;
#2688 = DIRECTION ( 'NONE',  ( 0.000000000000000000, -3.491481338843000432E-15, 1.000000000000000000 ) ) ;
#2689 = ORIENTED_EDGE ( 'NONE', *, *, #435, .T. ) ;
#2690 = ORIENTED_EDGE ( 'NONE', *, *, #3072, .F. ) ;
#2691 = LINE ( 'NONE', #1221, #3369 ) ;
#2692 = FACE_OUTER_BOUND ( 'NONE', #2594, .T. ) ;
#2693 = DIRECTION ( 'NONE',  ( 0.000000000000000000, 3.491481338843000432E-15, -1.000000000000000000 ) ) ;
#2694 = ORIENTED_EDGE ( 'NONE', *, *, #4379, .T. ) ;
#2695 = CARTESIAN_POINT ( 'NONE',  ( -3.750000000000000000, -5.199999999999000089, -2.039607805436999932 ) ) ;
#2696 = ORIENTED_EDGE ( 'NONE', *, *, #3941, .T. ) ;
#2697 = FACE_OUTER_BOUND ( 'NONE', #1720, .T. ) ;
#2698 = DIRECTION ( 'NONE',  ( 0.000000000000000000, -1.000000000000000000, -3.491481338843000432E-15 ) ) ;
#2699 = ORIENTED_EDGE ( 'NONE', *, *, #885, .F. ) ;
#2700 =( GEOMETRIC_REPRESENTATION_CONTEXT ( 3 ) GLOBAL_UNCERTAINTY_ASSIGNED_CONTEXT ( ( #2003 ) ) GLOBAL_UNIT_ASSIGNED_CONTEXT ( ( #4446, #2210, #3873 ) ) REPRESENTATION_CONTEXT ( 'NONE', 'WORKASPACE' ) );
#2701 = DIRECTION ( 'NONE',  ( -1.000000000000000000, 0.000000000000000000, 0.000000000000000000 ) ) ;
#2702 = ORIENTED_EDGE ( 'NONE', *, *, #1113, .T. ) ;
#2703 = CARTESIAN_POINT ( 'NONE',  ( 3.024999999999999911, 1.199999999998999867, 4.309999999999999609 ) ) ;
#2704 = ADVANCED_FACE ( 'NONE', ( #4605 ), #897, .F. ) ;
#2705 = ORIENTED_EDGE ( 'NONE', *, *, #4577, .F. ) ;
#2706 = CARTESIAN_POINT ( 'NONE',  ( -3.524999999999999911, -5.099999999999000444, 0.009999999999999972453 ) ) ;
#2707 = PLANE ( 'NONE',  #160 ) ;
#2708 = CARTESIAN_POINT ( 'NONE',  ( 1.570000000000000062, 2.500000000000000000, 1.000013873792005015E-12 ) ) ;
#2709 = CARTESIAN_POINT ( 'NONE',  ( -1.749999999998999911, 1.399999999999999911, 0.1100000000010000339 ) ) ;
#2710 = ORIENTED_EDGE ( 'NONE', *, *, #3185, .F. ) ;
#2711 = EDGE_CURVE ( 'NONE', #4734, #3817, #3766, .T. ) ;
#2712 = VERTEX_POINT ( 'NONE', #2387 ) ;
#2713 = CARTESIAN_POINT ( 'NONE',  ( 3.024999999999999911, 9.300164471903999086, 5.410000000000000142 ) ) ;
#2714 = LINE ( 'NONE', #150, #2889 ) ;
#2715 = DIRECTION ( 'NONE',  ( -1.000000000000000000, 0.000000000000000000, 0.000000000000000000 ) ) ;
#2716 = ORIENTED_EDGE ( 'NONE', *, *, #1967, .F. ) ;
#2717 = DIRECTION ( 'NONE',  ( 0.000000000000000000, -3.491481338843000432E-15, 1.000000000000000000 ) ) ;
#2718 = ORIENTED_EDGE ( 'NONE', *, *, #999, .F. ) ;
#2719 = CIRCLE ( 'NONE', #4369, 0.2999999999989998445 ) ;
#2720 = CARTESIAN_POINT ( 'NONE',  ( -1.570000000000000062, 1.399999999998999822, 3.750000000000000000 ) ) ;
#2721 = EDGE_CURVE ( 'NONE', #1713, #3596, #2499, .T. ) ;
#2722 = DIRECTION ( 'NONE',  ( 0.000000000000000000, -3.491481338843000432E-15, 1.000000000000000000 ) ) ;
#2723 = VECTOR ( 'NONE', #4561, 1000.000000000000000 ) ;
#2724 = ORIENTED_EDGE ( 'NONE', *, *, #1391, .F. ) ;
#2725 = AXIS2_PLACEMENT_3D ( 'NONE', #3449, #4598, #2290 ) ;
#2726 = VECTOR ( 'NONE', #561, 1000.000000000000000 ) ;
#2727 = CARTESIAN_POINT ( 'NONE',  ( -3.725000000000000089, -5.299999999999999822, 4.709999999998999876 ) ) ;
#2728 = CIRCLE ( 'NONE', #2031, 0.2999999999989998445 ) ;
#2729 = VERTEX_POINT ( 'NONE', #1012 ) ;
#2730 = DIRECTION ( 'NONE',  ( 0.000000000000000000, -3.491481338843000432E-15, 1.000000000000000000 ) ) ;
#2731 = VECTOR ( 'NONE', #4571, 1000.000000000000000 ) ;
#2732 = VECTOR ( 'NONE', #2831, 1000.000000000000000 ) ;
#2733 = VERTEX_POINT ( 'NONE', #1609 ) ;
#2734 = LINE ( 'NONE', #895, #3977 ) ;
#2735 = AXIS2_PLACEMENT_3D ( 'NONE', #3560, #3608, #3265 ) ;
#2736 = VERTEX_POINT ( 'NONE', #2761 ) ;
#2737 = LINE ( 'NONE', #3103, #3992 ) ;
#2738 = AXIS2_PLACEMENT_3D ( 'NONE', #1916, #3026, #3430 ) ;
#2739 = DIRECTION ( 'NONE',  ( 0.000000000000000000, -1.000000000000000000, -3.491481338843000432E-15 ) ) ;
#2740 = LINE ( 'NONE', #2008, #4712 ) ;
#2741 = EDGE_CURVE ( 'NONE', #336, #2464, #4392, .T. ) ;
#2742 = AXIS2_PLACEMENT_3D ( 'NONE', #342, #2957, #1785 ) ;
#2743 = ORIENTED_EDGE ( 'NONE', *, *, #4837, .F. ) ;
#2744 = EDGE_CURVE ( 'NONE', #3671, #4656, #233, .T. ) ;
#2745 = LINE ( 'NONE', #4243, #1329 ) ;
#2746 = DIRECTION ( 'NONE',  ( -1.000000000000000000, 0.000000000000000000, 0.000000000000000000 ) ) ;
#2747 = VERTEX_POINT ( 'NONE', #4011 ) ;
#2748 = CARTESIAN_POINT ( 'NONE',  ( -3.750000000000000000, 2.500000000000000000, 2.125642915617999673 ) ) ;
#2749 = CARTESIAN_POINT ( 'NONE',  ( 3.725000000000000089, 2.500000000000000000, 3.109999999999999876 ) ) ;
#2750 = CARTESIAN_POINT ( 'NONE',  ( -3.725000000000000089, -2.688637864771999730, 4.009999999998999698 ) ) ;
#2751 = ADVANCED_FACE ( 'NONE', ( #3637 ), #874, .T. ) ;
#2752 = LINE ( 'NONE', #2015, #2731 ) ;
#2753 = ORIENTED_EDGE ( 'NONE', *, *, #4788, .F. ) ;
#2754 = CARTESIAN_POINT ( 'NONE',  ( 3.024999999999999911, 1.399999999999999911, 0.8099999999999999423 ) ) ;
#2755 = VERTEX_POINT ( 'NONE', #3504 ) ;
#2756 = DIRECTION ( 'NONE',  ( 0.000000000000000000, -3.491481338843000432E-15, 1.000000000000000000 ) ) ;
#2757 = ORIENTED_EDGE ( 'NONE', *, *, #3173, .F. ) ;
#2758 = EDGE_CURVE ( 'NONE', #1534, #3020, #1631, .T. ) ;
#2759 = FACE_OUTER_BOUND ( 'NONE', #407, .T. ) ;
#2760 = ORIENTED_EDGE ( 'NONE', *, *, #4626, .F. ) ;
#2761 = CARTESIAN_POINT ( 'NONE',  ( -2.924999999999000178, 2.299999999999999822, 0.1100000000010000339 ) ) ;
#2762 = DIRECTION ( 'NONE',  ( 0.000000000000000000, -1.000000000000000000, -3.672402090974000934E-15 ) ) ;
#2763 = FACE_OUTER_BOUND ( 'NONE', #1837, .T. ) ;
#2764 = AXIS2_PLACEMENT_3D ( 'NONE', #269, #3952, #3577 ) ;
#2765 = ORIENTED_EDGE ( 'NONE', *, *, #2153, .T. ) ;
#2766 = DIRECTION ( 'NONE',  ( 0.000000000000000000, -3.491481338843000432E-15, 1.000000000000000000 ) ) ;
#2767 = PLANE ( 'NONE',  #4457 ) ;
#2768 = VERTEX_POINT ( 'NONE', #3736 ) ;
#2769 = FACE_OUTER_BOUND ( 'NONE', #127, .T. ) ;
#2770 = EDGE_CURVE ( 'NONE', #3976, #4769, #379, .T. ) ;
#2771 = CIRCLE ( 'NONE', #2226, 0.1999999999989995891 ) ;
#2772 = EDGE_CURVE ( 'NONE', #3482, #1990, #2547, .T. ) ;
#2773 = CARTESIAN_POINT ( 'NONE',  ( 0.9300000000000000488, 4.799999999999999822, 1.000013873792005015E-12 ) ) ;
#2774 = EDGE_CURVE ( 'NONE', #1467, #2545, #3693, .T. ) ;
#2775 = DIRECTION ( 'NONE',  ( 0.000000000000000000, 1.000000000000000000, 0.000000000000000000 ) ) ;
#2776 = CARTESIAN_POINT ( 'NONE',  ( 3.725000000000000089, -4.692505281165000319, 2.125642915617999673 ) ) ;
#2777 = EDGE_LOOP ( 'NONE', ( #4158, #2349, #4252, #4137 ) ) ;
#2778 = EDGE_CURVE ( 'NONE', #4593, #3561, #3324, .T. ) ;
#2779 = VERTEX_POINT ( 'NONE', #2600 ) ;
#2780 = DIRECTION ( 'NONE',  ( 1.000000000000000000, 0.000000000000000000, 0.000000000000000000 ) ) ;
#2781 = ORIENTED_EDGE ( 'NONE', *, *, #3161, .T. ) ;
#2782 = DIRECTION ( 'NONE',  ( 6.138602680161000941E-31, 0.000000000000000000, 1.000000000000000000 ) ) ;
#2783 = PRODUCT_DEFINITION_FORMATION_WITH_SPECIFIED_SOURCE ( 'ไป', '', #2443, .NOT_KNOWN. ) ;
#2784 = LINE ( 'NONE', #2004, #607 ) ;
#2785 = ORIENTED_EDGE ( 'NONE', *, *, #2232, .F. ) ;
#2786 = LINE ( 'NONE', #2412, #2726 ) ;
#2787 = EDGE_CURVE ( 'NONE', #4407, #4505, #4828, .T. ) ;
#2788 = FACE_OUTER_BOUND ( 'NONE', #4443, .T. ) ;
#2789 = DIRECTION ( 'NONE',  ( 0.000000000000000000, 0.3420201433253705070, -0.9396926207860170077 ) ) ;
#2790 = CARTESIAN_POINT ( 'NONE',  ( 1.570000000000000062, -3.960567877848999885, 3.568014882866000548 ) ) ;
#2791 = ORIENTED_EDGE ( 'NONE', *, *, #1542, .F. ) ;
#2792 = DIRECTION ( 'NONE',  ( 0.000000000000000000, 3.491481338843000432E-15, -1.000000000000000000 ) ) ;
#2793 = DIRECTION ( 'NONE',  ( 0.000000000000000000, 3.491481338843000432E-15, -1.000000000000000000 ) ) ;
#2794 = LINE ( 'NONE', #2064, #3829 ) ;
#2795 = CARTESIAN_POINT ( 'NONE',  ( 0.9300000000000000488, 2.500000000000000000, 0.6999999999999999556 ) ) ;
#2796 = VERTEX_POINT ( 'NONE', #4106 ) ;
#2797 = EDGE_CURVE ( 'NONE', #4112, #22, #1459, .T. ) ;
#2798 = VECTOR ( 'NONE', #3771, 1000.000000000000000 ) ;
#2799 = ORIENTED_EDGE ( 'NONE', *, *, #4826, .T. ) ;
#2800 = DIRECTION ( 'NONE',  ( 0.000000000000000000, 0.03489949670200395010, -0.9993908270191130816 ) ) ;
#2801 = AXIS2_PLACEMENT_3D ( 'NONE', #4390, #3676, #4493 ) ;
#2802 = EDGE_CURVE ( 'NONE', #2303, #633, #763, .T. ) ;
#2803 = VECTOR ( 'NONE', #1286, 1000.000000000000000 ) ;
#2804 = VERTEX_POINT ( 'NONE', #1876 ) ;
#2805 = DIRECTION ( 'NONE',  ( -0.9396926207860170077, 0.3420201433253705070, 1.194156947931292562E-15 ) ) ;
#2806 = VECTOR ( 'NONE', #1115, 1000.000000000000000 ) ;
#2807 = VECTOR ( 'NONE', #107, 1000.000000000000000 ) ;
#2808 = ORIENTED_EDGE ( 'NONE', *, *, #2496, .F. ) ;
#2809 = PLANE ( 'NONE',  #4703 ) ;
#2810 = VECTOR ( 'NONE', #722, 1000.000000000000000 ) ;
#2811 = CARTESIAN_POINT ( 'NONE',  ( 1.570000000000000062, 2.500000000000000000, 0.6999999999999999556 ) ) ;
#2812 = FACE_OUTER_BOUND ( 'NONE', #3269, .T. ) ;
#2813 = VECTOR ( 'NONE', #758, 1000.000000000000000 ) ;
#2814 = ORIENTED_EDGE ( 'NONE', *, *, #4654, .T. ) ;
#2815 = ADVANCED_FACE ( 'NONE', ( #742 ), #3398, .F. ) ;
#2816 = VECTOR ( 'NONE', #2792, 1000.000000000000000 ) ;
#2817 = PLANE ( 'NONE',  #2344 ) ;
#2818 = PLANE ( 'NONE',  #933 ) ;
#2819 = ORIENTED_EDGE ( 'NONE', *, *, #2019, .T. ) ;
#2820 = VECTOR ( 'NONE', #1378, 1000.000000000000000 ) ;
#2821 = DIRECTION ( 'NONE',  ( -1.000000000000000000, 0.000000000000000000, 0.000000000000000000 ) ) ;
#2822 = CARTESIAN_POINT ( 'NONE',  ( 2.924999999999000178, 2.299999999999999822, 0.1100000000010000339 ) ) ;
#2823 = PLANE ( 'NONE',  #4304 ) ;
#2824 = CARTESIAN_POINT ( 'NONE',  ( -3.724999999999000000, 1.699999999998999867, 6.110000000000000320 ) ) ;
#2825 = ADVANCED_BREP_SHAPE_REPRESENTATION ( 'XH2_54-WT', ( #3495, #361 ), #2700 ) ;
#2826 = ORIENTED_EDGE ( 'NONE', *, *, #3148, .T. ) ;
#2827 = VERTEX_POINT ( 'NONE', #2238 ) ;
#2828 = CARTESIAN_POINT ( 'NONE',  ( -3.750000000000000000, -3.199999999999000089, 0.2999999999999999889 ) ) ;
#2829 = EDGE_CURVE ( 'NONE', #3247, #964, #44, .T. ) ;
#2830 = EDGE_LOOP ( 'NONE', ( #61, #3622, #2135, #1350 ) ) ;
#2831 = DIRECTION ( 'NONE',  ( 0.000000000000000000, -3.491481338843000432E-15, 1.000000000000000000 ) ) ;
#2832 = EDGE_CURVE ( 'NONE', #2128, #4112, #2648, .T. ) ;
#2833 = EDGE_CURVE ( 'NONE', #2242, #1764, #4849, .T. ) ;
#2834 = EDGE_CURVE ( 'NONE', #2894, #4459, #1082, .T. ) ;
#2835 = DIRECTION ( 'NONE',  ( 0.000000000000000000, 1.000000000000000000, 3.491481338843000432E-15 ) ) ;
#2836 = DIRECTION ( 'NONE',  ( 1.000000000000000000, 0.000000000000000000, 0.000000000000000000 ) ) ;
#2837 = DIRECTION ( 'NONE',  ( 0.000000000000000000, 0.000000000000000000, 1.000000000000000000 ) ) ;
#2838 = ORIENTED_EDGE ( 'NONE', *, *, #2677, .T. ) ;
#2839 = DIRECTION ( 'NONE',  ( -0.9396926207860170077, -0.3420201433253705070, -1.194156947931292167E-15 ) ) ;
#2840 = SURFACE_STYLE_FILL_AREA ( #1737 ) ;
#2841 = ORIENTED_EDGE ( 'NONE', *, *, #3885, .T. ) ;
#2842 = LINE ( 'NONE', #2444, #4386 ) ;
#2843 = DIRECTION ( 'NONE',  ( 1.000000000000000000, -6.776263578034000393E-16, -2.365919782978000115E-30 ) ) ;
#2844 = DIRECTION ( 'NONE',  ( 0.000000000000000000, -1.000000000000000000, -4.336808689942015369E-15 ) ) ;
#2845 = FACE_OUTER_BOUND ( 'NONE', #1341, .T. ) ;
#2846 = AXIS2_PLACEMENT_3D ( 'NONE', #1396, #4026, #2891 ) ;
#2847 = ORIENTED_EDGE ( 'NONE', *, *, #2000, .T. ) ;
#2848 = ORIENTED_EDGE ( 'NONE', *, *, #2570, .T. ) ;
#2849 = PLANE ( 'NONE',  #1315 ) ;
#2850 = CARTESIAN_POINT ( 'NONE',  ( 3.725000000000000089, -2.902923579057999692, 4.709999999998999876 ) ) ;
#2851 = EDGE_CURVE ( 'NONE', #4242, #3400, #304, .T. ) ;
#2852 = ORIENTED_EDGE ( 'NONE', *, *, #4020, .F. ) ;
#2853 = CARTESIAN_POINT ( 'NONE',  ( 0.9300000000000000488, 2.500000000000000000, 1.000013873792005015E-12 ) ) ;
#2854 = VERTEX_POINT ( 'NONE', #332 ) ;
#2855 = DIRECTION ( 'NONE',  ( -1.000000000000000000, 0.000000000000000000, 0.000000000000000000 ) ) ;
#2856 = FACE_OUTER_BOUND ( 'NONE', #1847, .T. ) ;
#2857 = LINE ( 'NONE', #2147, #4794 ) ;
#2858 = EDGE_CURVE ( 'NONE', #4235, #4356, #2264, .T. ) ;
#2859 = AXIS2_PLACEMENT_3D ( 'NONE', #4821, #1897, #4516 ) ;
#2860 = ORIENTED_EDGE ( 'NONE', *, *, #4102, .F. ) ;
#2861 = CARTESIAN_POINT ( 'NONE',  ( -3.725000000000000089, 2.500000000000000000, 3.109999999999999876 ) ) ;
#2862 = ORIENTED_EDGE ( 'NONE', *, *, #1427, .T. ) ;
#2863 = EDGE_CURVE ( 'NONE', #301, #2139, #2216, .T. ) ;
#2864 = DIRECTION ( 'NONE',  ( 0.000000000000000000, 1.000000000000000000, 0.000000000000000000 ) ) ;
#2865 = DIRECTION ( 'NONE',  ( 0.000000000000000000, -1.000000000000000000, -3.956139412765000600E-15 ) ) ;
#2866 = FACE_OUTER_BOUND ( 'NONE', #3978, .T. ) ;
#2867 = LINE ( 'NONE', #3167, #1799 ) ;
#2868 = CARTESIAN_POINT ( 'NONE',  ( -0.9299999999989999599, 2.358394599029000283, 3.035825627559000317 ) ) ;
#2869 = ORIENTED_EDGE ( 'NONE', *, *, #1969, .T. ) ;
#2870 = EDGE_LOOP ( 'NONE', ( #1068, #519, #2519, #1841 ) ) ;
#2871 = CARTESIAN_POINT ( 'NONE',  ( 3.524999999999999911, -1.768312994765999679, 0.009999999999999972453 ) ) ;
#2872 = DIRECTION ( 'NONE',  ( 1.000000000000000000, 0.000000000000000000, 0.000000000000000000 ) ) ;
#2873 = ORIENTED_EDGE ( 'NONE', *, *, #3246, .F. ) ;
#2874 = LINE ( 'NONE', #1435, #1598 ) ;
#2875 = DIRECTION ( 'NONE',  ( 0.000000000000000000, 3.491481338843000432E-15, -1.000000000000000000 ) ) ;
#2876 = VECTOR ( 'NONE', #140, 1000.000000000000000 ) ;
#2877 = CARTESIAN_POINT ( 'NONE',  ( -4.999999999998999911, -4.692505281165000319, 1.125642915617999895 ) ) ;
#2878 = DIRECTION ( 'NONE',  ( 0.000000000000000000, 3.491481338843000432E-15, -1.000000000000000000 ) ) ;
#2879 = VECTOR ( 'NONE', #4253, 1000.000000000000114 ) ;
#2880 = AXIS2_PLACEMENT_3D ( 'NONE', #4017, #4755, #3723 ) ;
#2881 = ORIENTED_EDGE ( 'NONE', *, *, #4330, .F. ) ;
#2882 = LINE ( 'NONE', #4073, #2579 ) ;
#2883 = VECTOR ( 'NONE', #1051, 1000.000000000000000 ) ;
#2884 = EDGE_CURVE ( 'NONE', #3662, #4001, #788, .T. ) ;
#2885 = CARTESIAN_POINT ( 'NONE',  ( 1.570000000000000062, 2.500000000000000000, 0.6399999999999999023 ) ) ;
#2886 = VERTEX_POINT ( 'NONE', #355 ) ;
#2887 = LINE ( 'NONE', #4393, #2657 ) ;
#2888 = ORIENTED_EDGE ( 'NONE', *, *, #619, .F. ) ;
#2889 = VECTOR ( 'NONE', #4521, 1000.000000000000000 ) ;
#2890 = EDGE_CURVE ( 'NONE', #633, #1530, #1850, .T. ) ;
#2891 = DIRECTION ( 'NONE',  ( 0.000000000000000000, 3.491481338843000432E-15, -1.000000000000000000 ) ) ;
#2892 = VECTOR ( 'NONE', #2688, 1000.000000000000000 ) ;
#2893 = EDGE_CURVE ( 'NONE', #1735, #4388, #4481, .T. ) ;
#2894 = VERTEX_POINT ( 'NONE', #1282 ) ;
#2895 = CARTESIAN_POINT ( 'NONE',  ( 3.725000000000000089, -1.568312994765999946, 0.1100000000000000144 ) ) ;
#2896 = DIRECTION ( 'NONE',  ( 0.000000000000000000, 1.000000000000000000, 3.491481338843000432E-15 ) ) ;
#2897 = VECTOR ( 'NONE', #2126, 1000.000000000000000 ) ;
#2898 = FACE_OUTER_BOUND ( 'NONE', #3401, .T. ) ;
#2899 = ORIENTED_EDGE ( 'NONE', *, *, #1238, .T. ) ;
#2900 = VECTOR ( 'NONE', #1269, 1000.000000000000000 ) ;
#2901 = EDGE_CURVE ( 'NONE', #289, #3543, #909, .T. ) ;
#2902 = DIRECTION ( 'NONE',  ( 1.000000000000000000, 0.000000000000000000, 0.000000000000000000 ) ) ;
#2903 = DIRECTION ( 'NONE',  ( 0.000000000000000000, 1.000000000000000000, 4.336808689942015369E-15 ) ) ;
#2904 = VERTEX_POINT ( 'NONE', #1942 ) ;
#2905 = FACE_OUTER_BOUND ( 'NONE', #985, .T. ) ;
#2906 = EDGE_LOOP ( 'NONE', ( #2202, #3575, #2565, #4202 ) ) ;
#2907 = CARTESIAN_POINT ( 'NONE',  ( -0.7499999999990000221, 1.699999999999999956, 0.8099999999999999423 ) ) ;
#2908 = VERTEX_POINT ( 'NONE', #3445 ) ;
#2909 = LINE ( 'NONE', #4438, #4068 ) ;
#2910 = LINE ( 'NONE', #2508, #4715 ) ;
#2911 = CARTESIAN_POINT ( 'NONE',  ( 3.024999999999999911, 9.300164471903999086, 0.8099999999999999423 ) ) ;
#2912 = CARTESIAN_POINT ( 'NONE',  ( -0.9299999999989999599, -3.960567877848999885, 3.109999999998999787 ) ) ;
#2913 = VERTEX_POINT ( 'NONE', #90 ) ;
#2914 = FACE_OUTER_BOUND ( 'NONE', #2906, .T. ) ;
#2915 = ORIENTED_EDGE ( 'NONE', *, *, #4427, .T. ) ;
#2916 = CARTESIAN_POINT ( 'NONE',  ( 1.570000000000000062, 4.799999999999999822, 0.6399999999999999023 ) ) ;
#2917 = DIRECTION ( 'NONE',  ( 0.000000000000000000, -3.491481338843000432E-15, 1.000000000000000000 ) ) ;
#2918 = CARTESIAN_POINT ( 'NONE',  ( 1.570000000000000062, 2.500000000000000000, 0.6399999999999999023 ) ) ;
#2919 = FACE_OUTER_BOUND ( 'NONE', #4628, .T. ) ;
#2920 = ORIENTED_EDGE ( 'NONE', *, *, #4482, .F. ) ;
#2921 = EDGE_CURVE ( 'NONE', #2351, #3635, #1622, .T. ) ;
#2922 = EDGE_CURVE ( 'NONE', #726, #3907, #1579, .T. ) ;
#2923 = EDGE_LOOP ( 'NONE', ( #1677, #3905, #1953, #3211, #4370, #4486 ) ) ;
#2924 = LINE ( 'NONE', #4428, #1793 ) ;
#2925 = DIRECTION ( 'NONE',  ( 1.000000000000000000, 0.000000000000000000, 0.000000000000000000 ) ) ;
#2926 = VERTEX_POINT ( 'NONE', #3468 ) ;
#2927 = CARTESIAN_POINT ( 'NONE',  ( 0.7500000000000000000, 2.500000000000000000, 0.1100000000010000339 ) ) ;
#2928 = EDGE_CURVE ( 'NONE', #1143, #1252, #2752, .T. ) ;
#2929 = EDGE_LOOP ( 'NONE', ( #2808, #3638, #4684, #3934, #4855, #3535, #1727, #3785 ) ) ;
#2930 = ORIENTED_EDGE ( 'NONE', *, *, #1455, .F. ) ;
#2931 = CARTESIAN_POINT ( 'NONE',  ( 4.799999999998999733, -1.768312994765999679, 0.009999999999999972453 ) ) ;
#2932 = DIRECTION ( 'NONE',  ( -1.000000000000000000, 0.000000000000000000, 0.000000000000000000 ) ) ;
#2933 = CARTESIAN_POINT ( 'NONE',  ( -3.024999999998999822, 9.300164471903999086, 4.009999999999999787 ) ) ;
#2934 = ORIENTED_EDGE ( 'NONE', *, *, #172, .T. ) ;
#2935 = FACE_OUTER_BOUND ( 'NONE', #1414, .T. ) ;
#2936 = CYLINDRICAL_SURFACE ( 'NONE', #2801, 0.7000000000000000666 ) ;
#2937 = ORIENTED_EDGE ( 'NONE', *, *, #1274, .F. ) ;
#2938 = DIRECTION ( 'NONE',  ( -0.4226182617403738684, 0.9063077870368018152, 0.000000000000000000 ) ) ;
#2939 = ORIENTED_EDGE ( 'NONE', *, *, #1756, .T. ) ;
#2940 = DIRECTION ( 'NONE',  ( 1.000000000000000000, 0.000000000000000000, 0.000000000000000000 ) ) ;
#2941 = DIRECTION ( 'NONE',  ( -1.000000000000000000, 0.000000000000000000, 0.000000000000000000 ) ) ;
#2942 = ORIENTED_EDGE ( 'NONE', *, *, #2505, .F. ) ;
#2943 = DIRECTION ( 'NONE',  ( 0.000000000000000000, 3.491481338843000432E-15, -1.000000000000000000 ) ) ;
#2944 = DIRECTION ( 'NONE',  ( 1.000000000000000000, 0.000000000000000000, 0.000000000000000000 ) ) ;
#2945 = VERTEX_POINT ( 'NONE', #1259 ) ;
#2946 = CARTESIAN_POINT ( 'NONE',  ( 3.725000000000000089, 1.699999999998999867, 6.110000000000000320 ) ) ;
#2947 = ADVANCED_FACE ( 'NONE', ( #4251 ), #63, .T. ) ;
#2948 = ORIENTED_EDGE ( 'NONE', *, *, #1751, .T. ) ;
#2949 = ORIENTED_EDGE ( 'NONE', *, *, #3494, .T. ) ;
#2950 = CARTESIAN_POINT ( 'NONE',  ( 2.924999999999000178, 2.299999999999999822, 0.01000000000099998676 ) ) ;
#2951 = ADVANCED_FACE ( 'NONE', ( #158 ), #108, .F. ) ;
#2952 = LINE ( 'NONE', #3620, #153 ) ;
#2953 = CARTESIAN_POINT ( 'NONE',  ( 3.725000000000000089, -2.902923579057999692, 4.509999999998999698 ) ) ;
#2954 = VECTOR ( 'NONE', #2410, 1000.000000000000000 ) ;
#2955 = EDGE_LOOP ( 'NONE', ( #1460, #4178, #3921, #3259 ) ) ;
#2956 = ADVANCED_FACE ( 'NONE', ( #1599 ), #497, .T. ) ;
#2957 = DIRECTION ( 'NONE',  ( -1.000000000000000000, 1.009459107404000005E-30, -2.891205793294000399E-16 ) ) ;
#2958 = AXIS2_PLACEMENT_3D ( 'NONE', #3387, #53, #845 ) ;
#2959 = DIRECTION ( 'NONE',  ( -1.000000000000000000, 0.000000000000000000, 0.000000000000000000 ) ) ;
#2960 = ORIENTED_EDGE ( 'NONE', *, *, #1731, .F. ) ;
#2961 = VECTOR ( 'NONE', #2574, 1000.000000000000000 ) ;
#2962 = LINE ( 'NONE', #4472, #1181 ) ;
#2963 = DIRECTION ( 'NONE',  ( 0.000000000000000000, -1.000000000000000000, -3.491481338843000432E-15 ) ) ;
#2964 = VERTEX_POINT ( 'NONE', #2776 ) ;
#2965 = VECTOR ( 'NONE', #4124, 1000.000000000000000 ) ;
#2966 = LINE ( 'NONE', #3657, #702 ) ;
#2967 = DIRECTION ( 'NONE',  ( 0.000000000000000000, 1.000000000000000000, 3.491481338843000432E-15 ) ) ;
#2968 = ORIENTED_EDGE ( 'NONE', *, *, #1238, .F. ) ;
#2969 = ADVANCED_FACE ( 'NONE', ( #4176 ), #1925, .F. ) ;
#2970 = ORIENTED_EDGE ( 'NONE', *, *, #2985, .T. ) ;
#2971 = CARTESIAN_POINT ( 'NONE',  ( 0.9300000000000000488, -3.460567877848999885, 3.109999999998999787 ) ) ;
#2972 = VECTOR ( 'NONE', #4418, 1000.000000000000000 ) ;
#2973 = DIRECTION ( 'NONE',  ( 0.3236155771183229501, -0.8891264907158876740, 0.3236155771183229501 ) ) ;
#2974 = ORIENTED_EDGE ( 'NONE', *, *, #2614, .F. ) ;
#2975 = CARTESIAN_POINT ( 'NONE',  ( 3.524999999999999911, -5.099999999999000444, 0.009999999999999972453 ) ) ;
#2976 = VECTOR ( 'NONE', #3180, 1000.000000000000000 ) ;
#2977 = ORIENTED_EDGE ( 'NONE', *, *, #2258, .F. ) ;
#2978 = ORIENTED_EDGE ( 'NONE', *, *, #2621, .F. ) ;
#2979 = CARTESIAN_POINT ( 'NONE',  ( -0.9299999999989999599, -3.960567877848999885, 3.109999999998999787 ) ) ;
#2980 = LINE ( 'NONE', #4489, #2183 ) ;
#2981 = EDGE_CURVE ( 'NONE', #3223, #3907, #387, .T. ) ;
#2982 = AXIS2_PLACEMENT_3D ( 'NONE', #2480, #1782, #1492 ) ;
#2983 = DIRECTION ( 'NONE',  ( -1.000000000000000000, 0.000000000000000000, 0.000000000000000000 ) ) ;
#2984 = EDGE_CURVE ( 'NONE', #2096, #2624, #2324, .T. ) ;
#2985 = EDGE_CURVE ( 'NONE', #1662, #1539, #3880, .T. ) ;
#2986 = EDGE_LOOP ( 'NONE', ( #3325, #2320, #4802, #4586 ) ) ;
#2987 = LINE ( 'NONE', #1563, #3294 ) ;
#2988 = CARTESIAN_POINT ( 'NONE',  ( -1.576283622504999871, 4.782735889053999045, 0.6462836225050000438 ) ) ;
#2989 = ORIENTED_EDGE ( 'NONE', *, *, #1936, .F. ) ;
#2990 = LINE ( 'NONE', #3365, #2340 ) ;
#2991 = ORIENTED_EDGE ( 'NONE', *, *, #1462, .F. ) ;
#2992 = DIRECTION ( 'NONE',  ( 0.000000000000000000, -3.956139412765000600E-15, 1.000000000000000000 ) ) ;
#2993 = DIRECTION ( 'NONE',  ( -0.7071067811865474617, -0.7071067811865474617, -2.468850131083908146E-15 ) ) ;
#2994 = EDGE_LOOP ( 'NONE', ( #2265, #1369, #2111, #3150 ) ) ;
#2995 = DIRECTION ( 'NONE',  ( 0.000000000000000000, -3.491481338843000432E-15, 1.000000000000000000 ) ) ;
#2996 = DIRECTION ( 'NONE',  ( 0.000000000000000000, 3.491481338843000432E-15, -1.000000000000000000 ) ) ;
#2997 = VERTEX_POINT ( 'NONE', #4552 ) ;
#2998 = VERTEX_POINT ( 'NONE', #1184 ) ;
#2999 = DIRECTION ( 'NONE',  ( -0.7071067811865475727, 0.7071067811865475727, 2.468850131083910907E-15 ) ) ;
#3000 = CARTESIAN_POINT ( 'NONE',  ( 3.524999999999999911, -2.612216340086999988, 0.009999999999999972453 ) ) ;
#3001 = VERTEX_POINT ( 'NONE', #2674 ) ;
#3002 = DIRECTION ( 'NONE',  ( -1.000000000000000000, 0.000000000000000000, 0.000000000000000000 ) ) ;
#3003 = AXIS2_PLACEMENT_3D ( 'NONE', #2749, #827, #883 ) ;
#3004 = CARTESIAN_POINT ( 'NONE',  ( 2.924999999999000178, 2.299999999999999822, 0.01000000000099998676 ) ) ;
#3005 = PLANE ( 'NONE',  #691 ) ;
#3006 = CARTESIAN_POINT ( 'NONE',  ( -3.524999999998999822, 2.299999999999999822, 0.1100000000010000339 ) ) ;
#3007 = EDGE_CURVE ( 'NONE', #1772, #3043, #477, .T. ) ;
#3008 = ORIENTED_EDGE ( 'NONE', *, *, #524, .F. ) ;
#3009 = CARTESIAN_POINT ( 'NONE',  ( 3.725000000000000089, -4.692505281165000319, 2.125642915617999673 ) ) ;
#3010 = EDGE_LOOP ( 'NONE', ( #2235, #4792, #2427, #2416, #905, #2151, #2526, #2760 ) ) ;
#3011 = DIRECTION ( 'NONE',  ( 0.000000000000000000, -3.491481338843000432E-15, 1.000000000000000000 ) ) ;
#3012 = EDGE_CURVE ( 'NONE', #4417, #1032, #808, .T. ) ;
#3013 = LINE ( 'NONE', #4448, #1325 ) ;
#3014 = EDGE_LOOP ( 'NONE', ( #1686, #2371, #10, #2656, #344, #4724, #3811, #3481, #279, #141, #2862, #1693 ) ) ;
#3015 = ORIENTED_EDGE ( 'NONE', *, *, #267, .T. ) ;
#3016 = CARTESIAN_POINT ( 'NONE',  ( 3.024999999999999911, 1.699999999998999867, 5.110000000000000320 ) ) ;
#3017 = CARTESIAN_POINT ( 'NONE',  ( 1.340048339104999986, 5.431786995873999935, 0.2299516608950000207 ) ) ;
#3018 = ORIENTED_EDGE ( 'NONE', *, *, #813, .F. ) ;
#3019 = EDGE_CURVE ( 'NONE', #3107, #1087, #1996, .T. ) ;
#3020 = VERTEX_POINT ( 'NONE', #4655 ) ;
#3021 = CARTESIAN_POINT ( 'NONE',  ( -0.9299999999989999599, -3.460567877848999885, 3.749999999998999911 ) ) ;
#3022 = DIRECTION ( 'NONE',  ( -1.000000000000000000, 1.251395587690999999E-31, -3.584139413174999637E-17 ) ) ;
#3023 = DIRECTION ( 'NONE',  ( 0.000000000000000000, -3.672402090974000934E-15, 1.000000000000000000 ) ) ;
#3024 = DIRECTION ( 'NONE',  ( 0.000000000000000000, -1.000000000000000000, -3.672402090974000934E-15 ) ) ;
#3025 = PLANE ( 'NONE',  #2262 ) ;
#3026 = DIRECTION ( 'NONE',  ( 1.000000000000000000, 0.000000000000000000, 0.000000000000000000 ) ) ;
#3027 = ORIENTED_EDGE ( 'NONE', *, *, #793, .T. ) ;
#3028 = VECTOR ( 'NONE', #3644, 1000.000000000000000 ) ;
#3029 = CARTESIAN_POINT ( 'NONE',  ( -0.9299999999989999599, 1.800426421085999928, 0.6755703523079999995 ) ) ;
#3030 = ADVANCED_FACE ( 'NONE', ( #3787 ), #424, .T. ) ;
#3031 = CARTESIAN_POINT ( 'NONE',  ( 2.924999999999000178, -5.099999999999000444, 0.1100000000000000144 ) ) ;
#3032 = VECTOR ( 'NONE', #1651, 1000.000000000000000 ) ;
#3033 = FACE_OUTER_BOUND ( 'NONE', #2870, .T. ) ;
#3034 = PLANE ( 'NONE',  #560 ) ;
#3035 = ADVANCED_FACE ( 'NONE', ( #2898 ), #181, .T. ) ;
#3036 = VECTOR ( 'NONE', #4203, 1000.000000000000000 ) ;
#3037 = ADVANCED_FACE ( 'NONE', ( #2845 ), #2110, .F. ) ;
#3038 = CIRCLE ( 'NONE', #2644, 0.7399999999999999911 ) ;
#3039 = EDGE_CURVE ( 'NONE', #4459, #3480, #2469, .T. ) ;
#3040 = DIRECTION ( 'NONE',  ( -1.000000000000000000, 0.000000000000000000, 0.000000000000000000 ) ) ;
#3041 = AXIS2_PLACEMENT_3D ( 'NONE', #1204, #2698, #2357 ) ;
#3042 = DIRECTION ( 'NONE',  ( 0.000000000000000000, -3.501506313189000431E-15, 1.000000000000000000 ) ) ;
#3043 = VERTEX_POINT ( 'NONE', #2824 ) ;
#3044 = AXIS2_PLACEMENT_3D ( 'NONE', #3420, #62, #3861 ) ;
#3045 = EDGE_CURVE ( 'NONE', #1217, #4214, #2033, .T. ) ;
#3046 = VECTOR ( 'NONE', #329, 1000.000000000000000 ) ;
#3047 = AXIS2_PLACEMENT_3D ( 'NONE', #1448, #2488, #2938 ) ;
#3048 = CARTESIAN_POINT ( 'NONE',  ( 0.000000000000000000, 1.399999999999999911, 3.109999999999999876 ) ) ;
#3049 = VECTOR ( 'NONE', #604, 1000.000000000000000 ) ;
#3050 = DIRECTION ( 'NONE',  ( 0.000000000000000000, 1.000000000000000000, 3.614007241618338910E-15 ) ) ;
#3051 = ORIENTED_EDGE ( 'NONE', *, *, #4731, .T. ) ;
#3052 = CARTESIAN_POINT ( 'NONE',  ( 1.570000000000000062, 2.500000000000000000, 0.6399999999999999023 ) ) ;
#3053 = ORIENTED_EDGE ( 'NONE', *, *, #2829, .F. ) ;
#3054 = VECTOR ( 'NONE', #3002, 1000.000000000000000 ) ;
#3055 = CARTESIAN_POINT ( 'NONE',  ( -4.150000000000000355, -3.199999999999000089, 0.2999999999999999889 ) ) ;
#3056 = CARTESIAN_POINT ( 'NONE',  ( 1.111985117132999967, -3.960567877848999885, 3.109999999998999787 ) ) ;
#3057 = ORIENTED_EDGE ( 'NONE', *, *, #899, .F. ) ;
#3058 = DIRECTION ( 'NONE',  ( 0.3236155771183229501, -0.8891264907158876740, -0.3236155771183229501 ) ) ;
#3059 = ORIENTED_EDGE ( 'NONE', *, *, #3956, .F. ) ;
#3060 = AXIS2_PLACEMENT_3D ( 'NONE', #4585, #1193, #2665 ) ;
#3061 = DIRECTION ( 'NONE',  ( 0.000000000000000000, -1.000000000000000000, -3.491481338843000432E-15 ) ) ;
#3062 = CARTESIAN_POINT ( 'NONE',  ( -5.000000000000000000, -2.688637864771999730, 4.209999999998999876 ) ) ;
#3063 = FACE_OUTER_BOUND ( 'NONE', #1939, .T. ) ;
#3064 = ORIENTED_EDGE ( 'NONE', *, *, #882, .F. ) ;
#3065 = DIRECTION ( 'NONE',  ( 0.000000000000000000, -1.000000000000000000, -3.491481338843000432E-15 ) ) ;
#3066 = LINE ( 'NONE', #829, #4225 ) ;
#3067 = EDGE_CURVE ( 'NONE', #4174, #4587, #2084, .T. ) ;
#3068 = CARTESIAN_POINT ( 'NONE',  ( -9.840731680114000568, -2.812216340087000166, 1.125642915617999895 ) ) ;
#3069 = EDGE_LOOP ( 'NONE', ( #3306, #3396, #4129, #2533 ) ) ;
#3070 = EDGE_CURVE ( 'NONE', #915, #603, #615, .T. ) ;
#3071 = CARTESIAN_POINT ( 'NONE',  ( 3.725000000000000089, -2.902923579057999692, 4.709999999998999876 ) ) ;
#3072 = EDGE_CURVE ( 'NONE', #2613, #3388, #3580, .T. ) ;
#3073 = ORIENTED_EDGE ( 'NONE', *, *, #1576, .F. ) ;
#3074 = DIRECTION ( 'NONE',  ( -1.000000000000000000, 0.000000000000000000, 0.000000000000000000 ) ) ;
#3075 = CARTESIAN_POINT ( 'NONE',  ( -3.524999999999999911, -5.099999999999000444, 0.009999999999999972453 ) ) ;
#3076 = ORIENTED_EDGE ( 'NONE', *, *, #3948, .T. ) ;
#3077 = CARTESIAN_POINT ( 'NONE',  ( -3.725000000000000089, -4.692505281165000319, 2.125642915617999673 ) ) ;
#3078 = CARTESIAN_POINT ( 'NONE',  ( 1.570000000000000062, -3.960567877848999885, 3.749999999998999911 ) ) ;
#3079 = CARTESIAN_POINT ( 'NONE',  ( -2.124999999998999911, -4.159415119350000190, 6.109999999999000231 ) ) ;
#3080 = ORIENTED_EDGE ( 'NONE', *, *, #1030, .T. ) ;
#3081 = ADVANCED_FACE ( 'NONE', ( #2493 ), #2065, .T. ) ;
#3082 = AXIS2_PLACEMENT_3D ( 'NONE', #3464, #3065, #2793 ) ;
#3083 = DIRECTION ( 'NONE',  ( 0.000000000000000000, -1.000000000000000000, -3.491481338843000432E-15 ) ) ;
#3084 = LINE ( 'NONE', #4147, #3758 ) ;
#3085 = EDGE_LOOP ( 'NONE', ( #621, #3789, #723, #1746, #1618, #4445, #1614, #2977 ) ) ;
#3086 = FACE_OUTER_BOUND ( 'NONE', #2641, .T. ) ;
#3087 = VERTEX_POINT ( 'NONE', #979 ) ;
#3088 = EDGE_CURVE ( 'NONE', #2631, #4407, #2654, .T. ) ;
#3089 = FACE_OUTER_BOUND ( 'NONE', #3439, .T. ) ;
#3090 = ORIENTED_EDGE ( 'NONE', *, *, #3648, .F. ) ;
#3091 = EDGE_CURVE ( 'NONE', #2779, #4597, #1744, .T. ) ;
#3092 = CARTESIAN_POINT ( 'NONE',  ( 3.725000000000000089, -4.692505281165000319, 2.125642915617999673 ) ) ;
#3093 = DIRECTION ( 'NONE',  ( 1.000000000000000000, 0.000000000000000000, 0.000000000000000000 ) ) ;
#3094 = ORIENTED_EDGE ( 'NONE', *, *, #1089, .F. ) ;
#3095 = LINE ( 'NONE', #3152, #2879 ) ;
#3096 = ADVANCED_FACE ( 'NONE', ( #2398 ), #4746, .F. ) ;
#3097 = ORIENTED_EDGE ( 'NONE', *, *, #945, .T. ) ;
#3098 = CARTESIAN_POINT ( 'NONE',  ( -0.9299999999989999599, 4.799999999999999822, 0.6399999999999999023 ) ) ;
#3099 = ADVANCED_FACE ( 'NONE', ( #1374 ), #200, .T. ) ;
#3100 = ORIENTED_EDGE ( 'NONE', *, *, #2588, .T. ) ;
#3101 = LINE ( 'NONE', #2026, #2876 ) ;
#3102 = ORIENTED_EDGE ( 'NONE', *, *, #3132, .T. ) ;
#3103 = CARTESIAN_POINT ( 'NONE',  ( -3.750000000000000000, -3.199999999999000089, -2.039607805436999932 ) ) ;
#3104 = DIRECTION ( 'NONE',  ( 0.000000000000000000, 3.491481338843000432E-15, -1.000000000000000000 ) ) ;
#3105 = ORIENTED_EDGE ( 'NONE', *, *, #1971, .T. ) ;
#3106 = DIRECTION ( 'NONE',  ( 0.000000000000000000, -1.000000000000000000, -3.956139412765000600E-15 ) ) ;
#3107 = VERTEX_POINT ( 'NONE', #4367 ) ;
#3108 = EDGE_CURVE ( 'NONE', #4388, #2192, #551, .T. ) ;
#3109 = ORIENTED_EDGE ( 'NONE', *, *, #4429, .F. ) ;
#3110 = ORIENTED_EDGE ( 'NONE', *, *, #1097, .T. ) ;
#3111 = FACE_OUTER_BOUND ( 'NONE', #1419, .T. ) ;
#3112 = LINE ( 'NONE', #1964, #2573 ) ;
#3113 = ORIENTED_EDGE ( 'NONE', *, *, #3494, .F. ) ;
#3114 = DIRECTION ( 'NONE',  ( 0.000000000000000000, -1.000000000000000000, -3.501506313189000431E-15 ) ) ;
#3115 = CARTESIAN_POINT ( 'NONE',  ( -5.000000000000000000, 1.000000000000000000, 3.109999999999999876 ) ) ;
#3116 = ORIENTED_EDGE ( 'NONE', *, *, #4699, .T. ) ;
#3117 = LINE ( 'NONE', #1153, #1318 ) ;
#3118 = DIRECTION ( 'NONE',  ( 0.000000000000000000, 3.722127203699000447E-15, -1.000000000000000000 ) ) ;
#3119 = VERTEX_POINT ( 'NONE', #4004 ) ;
#3120 = AXIS2_PLACEMENT_3D ( 'NONE', #2068, #4750, #231 ) ;
#3121 = AXIS2_PLACEMENT_3D ( 'NONE', #522, #3093, #831 ) ;
#3122 = AXIS2_PLACEMENT_3D ( 'NONE', #2811, #2836, #191 ) ;
#3123 = LINE ( 'NONE', #500, #3982 ) ;
#3124 = VECTOR ( 'NONE', #3484, 1000.000000000000000 ) ;
#3125 = VERTEX_POINT ( 'NONE', #2045 ) ;
#3126 = CARTESIAN_POINT ( 'NONE',  ( 3.750000000000000000, -5.199999999999000089, 1.825642915618000073 ) ) ;
#3127 = VECTOR ( 'NONE', #2993, 1000.000000000000114 ) ;
#3128 = ORIENTED_EDGE ( 'NONE', *, *, #1540, .T. ) ;
#3129 = DIRECTION ( 'NONE',  ( 1.000000000000000000, 0.000000000000000000, 0.000000000000000000 ) ) ;
#3130 = VECTOR ( 'NONE', #1536, 1000.000000000000000 ) ;
#3131 = VERTEX_POINT ( 'NONE', #643 ) ;
#3132 = EDGE_CURVE ( 'NONE', #491, #547, #1672, .T. ) ;
#3133 = DIRECTION ( 'NONE',  ( -0.000000000000000000, 0.8137334712065322773, 0.5812381937193801251 ) ) ;
#3134 = DIRECTION ( 'NONE',  ( -0.9396926207860170077, -0.3420201433253705070, -1.194156947931292167E-15 ) ) ;
#3135 = ADVANCED_FACE ( 'NONE', ( #2426 ), #3168, .F. ) ;
#3136 = DIRECTION ( 'NONE',  ( 0.000000000000000000, -0.7071067811865475727, -0.7071067811865475727 ) ) ;
#3137 = EDGE_CURVE ( 'NONE', #682, #3602, #4478, .T. ) ;
#3138 = VERTEX_POINT ( 'NONE', #1105 ) ;
#3139 = PRODUCT_CONTEXT ( 'NONE', #812, 'mechanical' ) ;
#3140 = DIRECTION ( 'NONE',  ( 1.000000000000000000, 2.710505431212999834E-16, 9.463679131915001692E-31 ) ) ;
#3141 = DIRECTION ( 'NONE',  ( -1.000000000000000000, -2.710505431212999834E-16, -9.463679131915001692E-31 ) ) ;
#3142 = ORIENTED_EDGE ( 'NONE', *, *, #4397, .T. ) ;
#3143 = EDGE_CURVE ( 'NONE', #3001, #3498, #4823, .T. ) ;
#3144 = DIRECTION ( 'NONE',  ( 1.000000000000000000, 0.000000000000000000, 0.000000000000000000 ) ) ;
#3145 = VECTOR ( 'NONE', #4464, 1000.000000000000000 ) ;
#3146 = DIRECTION ( 'NONE',  ( -1.000000000000000000, 0.000000000000000000, 0.000000000000000000 ) ) ;
#3147 = CARTESIAN_POINT ( 'NONE',  ( -1.570000000000000062, -3.960567877848999885, 3.749999999998999911 ) ) ;
#3148 = EDGE_CURVE ( 'NONE', #359, #2736, #4083, .T. ) ;
#3149 = DIRECTION ( 'NONE',  ( 0.000000000000000000, 0.7071067811865474617, -0.7071067811865474617 ) ) ;
#3150 = ORIENTED_EDGE ( 'NONE', *, *, #1881, .F. ) ;
#3151 = EDGE_CURVE ( 'NONE', #842, #4597, #4846, .T. ) ;
#3152 = CARTESIAN_POINT ( 'NONE',  ( 1.891846170922000026, -4.659415119349999301, 6.109999999999000231 ) ) ;
#3153 = ORIENTED_EDGE ( 'NONE', *, *, #582, .F. ) ;
#3154 = FACE_BOUND ( 'NONE', #3625, .T. ) ;
#3155 = ORIENTED_EDGE ( 'NONE', *, *, #2362, .T. ) ;
#3156 = DIRECTION ( 'NONE',  ( 1.000000000000000000, 0.000000000000000000, 0.000000000000000000 ) ) ;
#3157 = ORIENTED_EDGE ( 'NONE', *, *, #4730, .T. ) ;
#3158 = CARTESIAN_POINT ( 'NONE',  ( 0.9300000000000000488, 1.718784469735999965, 3.013489949669999834 ) ) ;
#3159 = DIRECTION ( 'NONE',  ( 0.000000000000000000, 1.000000000000000000, 4.336808689942015369E-15 ) ) ;
#3160 = CARTESIAN_POINT ( 'NONE',  ( 1.570000000000000062, -3.460567877848999885, 3.749999999998999911 ) ) ;
#3161 = EDGE_CURVE ( 'NONE', #922, #4534, #2619, .T. ) ;
#3162 = FILL_AREA_STYLE_COLOUR ( '', #3271 ) ;
#3163 = VERTEX_POINT ( 'NONE', #4125 ) ;
#3164 = CARTESIAN_POINT ( 'NONE',  ( -0.9299999999989999599, -3.960567877848999885, 3.568014882866000548 ) ) ;
#3165 = PLANE ( 'NONE',  #4506 ) ;
#3166 = EDGE_CURVE ( 'NONE', #1430, #4553, #1475, .T. ) ;
#3167 = CARTESIAN_POINT ( 'NONE',  ( 9.840731680114000568, -1.568312994765999946, 2.635691244187000404 ) ) ;
#3168 = CYLINDRICAL_SURFACE ( 'NONE', #3681, 0.1999999999990000332 ) ;
#3169 = ORIENTED_EDGE ( 'NONE', *, *, #45, .F. ) ;
#3170 = CARTESIAN_POINT ( 'NONE',  ( 0.7500000000000000000, 1.399999999999999911, 0.1100000000010000339 ) ) ;
#3171 = EDGE_LOOP ( 'NONE', ( #4120, #2053, #4173, #778 ) ) ;
#3172 = PLANE ( 'NONE',  #3832 ) ;
#3173 = EDGE_CURVE ( 'NONE', #966, #3662, #4103, .T. ) ;
#3174 = CIRCLE ( 'NONE', #3336, 0.1000000000000000472 ) ;
#3175 = ORIENTED_EDGE ( 'NONE', *, *, #3894, .F. ) ;
#3176 = DIRECTION ( 'NONE',  ( 0.000000000000000000, 1.000000000000000000, 3.501506313189000431E-15 ) ) ;
#3177 = DIRECTION ( 'NONE',  ( -1.000000000000000000, 0.000000000000000000, 0.000000000000000000 ) ) ;
#3178 = DIRECTION ( 'NONE',  ( 0.000000000000000000, -3.956139412765000600E-15, 1.000000000000000000 ) ) ;
#3179 = ORIENTED_EDGE ( 'NONE', *, *, #4437, .T. ) ;
#3180 = DIRECTION ( 'NONE',  ( 0.000000000000000000, -3.491481338843000432E-15, 1.000000000000000000 ) ) ;
#3181 = DIRECTION ( 'NONE',  ( 0.000000000000000000, 3.491481338843000432E-15, -1.000000000000000000 ) ) ;
#3182 = ORIENTED_EDGE ( 'NONE', *, *, #1688, .F. ) ;
#3183 = CARTESIAN_POINT ( 'NONE',  ( 2.924999999999000178, -5.099999999999000444, 0.009999999999999972453 ) ) ;
#3184 = DIRECTION ( 'NONE',  ( 0.000000000000000000, -3.491481338843000432E-15, 1.000000000000000000 ) ) ;
#3185 = EDGE_CURVE ( 'NONE', #3596, #2421, #3342, .T. ) ;
#3186 = DIRECTION ( 'NONE',  ( -1.000000000000000000, 0.000000000000000000, 0.000000000000000000 ) ) ;
#3187 = ADVANCED_FACE ( 'NONE', ( #1826 ), #1429, .F. ) ;
#3188 = DIRECTION ( 'NONE',  ( -1.000000000000000000, 0.000000000000000000, 0.000000000000000000 ) ) ;
#3189 = ORIENTED_EDGE ( 'NONE', *, *, #4123, .T. ) ;
#3190 = EDGE_CURVE ( 'NONE', #3201, #2779, #2185, .T. ) ;
#3191 = ADVANCED_FACE ( 'NONE', ( #739 ), #3296, .T. ) ;
#3192 = AXIS2_PLACEMENT_3D ( 'NONE', #4381, #1382, #628 ) ;
#3193 = ORIENTED_EDGE ( 'NONE', *, *, #2984, .T. ) ;
#3194 = DIRECTION ( 'NONE',  ( -1.000000000000000000, 0.000000000000000000, 0.000000000000000000 ) ) ;
#3195 = STYLED_ITEM ( 'NONE', ( #904 ), #3495 ) ;
#3196 = VECTOR ( 'NONE', #2995, 1000.000000000000000 ) ;
#3197 = ORIENTED_EDGE ( 'NONE', *, *, #281, .T. ) ;
#3198 = CARTESIAN_POINT ( 'NONE',  ( 2.125000000000000000, -5.299999999999999822, 5.409999999999000053 ) ) ;
#3199 = CIRCLE ( 'NONE', #3122, 0.06000000000000015737 ) ;
#3200 = AXIS2_PLACEMENT_3D ( 'NONE', #1796, #4845, #2517 ) ;
#3201 = VERTEX_POINT ( 'NONE', #298 ) ;
#3202 = DIRECTION ( 'NONE',  ( 0.000000000000000000, 1.000000000000000000, 3.491481338843000432E-15 ) ) ;
#3203 = VECTOR ( 'NONE', #205, 1000.000000000000000 ) ;
#3204 = DIRECTION ( 'NONE',  ( -0.3420201433253704515, 0.9396926207860168967, 0.000000000000000000 ) ) ;
#3205 = DIRECTION ( 'NONE',  ( -1.000000000000000000, 0.000000000000000000, 0.000000000000000000 ) ) ;
#3206 = VECTOR ( 'NONE', #310, 1000.000000000000000 ) ;
#3207 = VECTOR ( 'NONE', #1846, 1000.000000000000000 ) ;
#3208 = AXIS2_PLACEMENT_3D ( 'NONE', #3164, #4668, #2821 ) ;
#3209 = FACE_OUTER_BOUND ( 'NONE', #1405, .T. ) ;
#3210 = DIRECTION ( 'NONE',  ( 0.000000000000000000, -1.000000000000000000, -3.491481338843000432E-15 ) ) ;
#3211 = ORIENTED_EDGE ( 'NONE', *, *, #2758, .T. ) ;
#3212 = AXIS2_PLACEMENT_3D ( 'NONE', #1863, #3282, #319 ) ;
#3213 = DIRECTION ( 'NONE',  ( 1.000000000000000000, 0.000000000000000000, 0.000000000000000000 ) ) ;
#3214 = CARTESIAN_POINT ( 'NONE',  ( -1.570000000000000062, 1.399999999999999911, 3.109999999999999876 ) ) ;
#3215 = DIRECTION ( 'NONE',  ( -1.000000000000000000, 0.000000000000000000, 0.000000000000000000 ) ) ;
#3216 = CARTESIAN_POINT ( 'NONE',  ( 3.524999999999999911, -2.612216340086999988, 0.1100000000000000144 ) ) ;
#3217 = ORIENTED_EDGE ( 'NONE', *, *, #4102, .T. ) ;
#3218 = ORIENTED_EDGE ( 'NONE', *, *, #1783, .T. ) ;
#3219 = LINE ( 'NONE', #2871, #1156 ) ;
#3220 = EDGE_CURVE ( 'NONE', #4505, #1990, #2234, .T. ) ;
#3221 = CARTESIAN_POINT ( 'NONE',  ( -2.924999999999000178, -5.099999999999000444, 0.009999999999999972453 ) ) ;
#3222 = EDGE_LOOP ( 'NONE', ( #3649, #2207, #2582, #1384 ) ) ;
#3223 = VERTEX_POINT ( 'NONE', #1031 ) ;
#3224 = LINE ( 'NONE', #256, #4110 ) ;
#3225 = ORIENTED_EDGE ( 'NONE', *, *, #734, .F. ) ;
#3226 = CARTESIAN_POINT ( 'NONE',  ( -0.9299999999989999599, -3.960567877848999885, 3.109999999998999787 ) ) ;
#3227 = ADVANCED_FACE ( 'NONE', ( #2919 ), #719, .F. ) ;
#3228 = CARTESIAN_POINT ( 'NONE',  ( 3.024999999999999911, 2.500000000000000000, 0.8099999999999999423 ) ) ;
#3229 = DIRECTION ( 'NONE',  ( 0.000000000000000000, -3.491481338843000432E-15, 1.000000000000000000 ) ) ;
#3230 = EDGE_LOOP ( 'NONE', ( #2148, #2636, #540, #1854 ) ) ;
#3231 = LINE ( 'NONE', #3945, #2976 ) ;
#3232 = AXIS2_PLACEMENT_3D ( 'NONE', #2154, #3973, #2541 ) ;
#3233 = CARTESIAN_POINT ( 'NONE',  ( -3.725000000000000089, 2.499999999998999911, 4.009999999999999787 ) ) ;
#3234 = EDGE_LOOP ( 'NONE', ( #750, #1482, #185, #641 ) ) ;
#3235 = CARTESIAN_POINT ( 'NONE',  ( -1.749999999998999911, 1.399999999999999911, 0.1100000000010000339 ) ) ;
#3236 = EDGE_CURVE ( 'NONE', #2439, #4025, #3732, .T. ) ;
#3237 = DIRECTION ( 'NONE',  ( 0.000000000000000000, -0.7071067811865474617, 0.7071067811865474617 ) ) ;
#3238 = LINE ( 'NONE', #1324, #2103 ) ;
#3239 = CARTESIAN_POINT ( 'NONE',  ( -3.725000000000000089, -2.812216340087000166, 0.1100000000000000144 ) ) ;
#3240 = ORIENTED_EDGE ( 'NONE', *, *, #1231, .T. ) ;
#3241 = ORIENTED_EDGE ( 'NONE', *, *, #3012, .T. ) ;
#3242 = DIRECTION ( 'NONE',  ( 1.000000000000000000, 0.000000000000000000, 0.000000000000000000 ) ) ;
#3243 = CARTESIAN_POINT ( 'NONE',  ( -5.000000000000000000, -5.299999999998999733, 0.8099999999989999644 ) ) ;
#3244 = ORIENTED_EDGE ( 'NONE', *, *, #3250, .T. ) ;
#3245 = CARTESIAN_POINT ( 'NONE',  ( -1.570000000000000062, 2.500000000000000000, 0.6999999999999999556 ) ) ;
#3246 = EDGE_CURVE ( 'NONE', #3043, #2364, #3013, .T. ) ;
#3247 = VERTEX_POINT ( 'NONE', #1075 ) ;
#3248 = CARTESIAN_POINT ( 'NONE',  ( -9.840731680114000568, -4.692505281165000319, 2.635691244187000404 ) ) ;
#3249 = CARTESIAN_POINT ( 'NONE',  ( 3.024999999999999911, 1.399999999998999822, 4.309999999999999609 ) ) ;
#3250 = EDGE_CURVE ( 'NONE', #3962, #2998, #2568, .T. ) ;
#3251 = CARTESIAN_POINT ( 'NONE',  ( 3.524999999999999911, -5.099999999999000444, 0.1100000000000000144 ) ) ;
#3252 = EDGE_CURVE ( 'NONE', #1729, #930, #3714, .T. ) ;
#3253 = VECTOR ( 'NONE', #3339, 1000.000000000000000 ) ;
#3254 = ORIENTED_EDGE ( 'NONE', *, *, #77, .T. ) ;
#3255 = PLANE ( 'NONE',  #2742 ) ;
#3256 = DIRECTION ( 'NONE',  ( 0.000000000000000000, 1.000000000000000000, 0.000000000000000000 ) ) ;
#3257 = ORIENTED_EDGE ( 'NONE', *, *, #1388, .T. ) ;
#3258 = DIRECTION ( 'NONE',  ( 0.000000000000000000, -1.000000000000000000, -3.491481338843000432E-15 ) ) ;
#3259 = ORIENTED_EDGE ( 'NONE', *, *, #1280, .T. ) ;
#3260 = EDGE_CURVE ( 'NONE', #60, #3457, #3084, .T. ) ;
#3261 = FACE_OUTER_BOUND ( 'NONE', #1734, .T. ) ;
#3262 = CARTESIAN_POINT ( 'NONE',  ( -1.496691070772000032, 5.001414627696000537, 0.07330892922800000266 ) ) ;
#3263 = ORIENTED_EDGE ( 'NONE', *, *, #1756, .F. ) ;
#3264 = FACE_OUTER_BOUND ( 'NONE', #2645, .T. ) ;
#3265 = DIRECTION ( 'NONE',  ( 0.000000000000000000, 3.491481338843000432E-15, -1.000000000000000000 ) ) ;
#3266 = EDGE_LOOP ( 'NONE', ( #3090, #1904, #113, #2125 ) ) ;
#3267 = DIRECTION ( 'NONE',  ( 5.226912349261999855E-16, -1.000000000000000000, -3.491481338843000432E-15 ) ) ;
#3268 = DIRECTION ( 'NONE',  ( 1.000000000000000000, 0.000000000000000000, 0.000000000000000000 ) ) ;
#3269 = EDGE_LOOP ( 'NONE', ( #3684, #2017, #4832, #4636 ) ) ;
#3270 = DIRECTION ( 'NONE',  ( 1.000000000000000000, 0.000000000000000000, 0.000000000000000000 ) ) ;
#3271 = COLOUR_RGB ( '',0.7921568627450980005, 0.8196078431372548767, 0.9333333333333333481 ) ;
#3272 = ORIENTED_EDGE ( 'NONE', *, *, #2206, .T. ) ;
#3273 = LINE ( 'NONE', #1042, #1625 ) ;
#3274 = VECTOR ( 'NONE', #1555, 1000.000000000000000 ) ;
#3275 = CARTESIAN_POINT ( 'NONE',  ( -1.111985117132999967, 5.299999999999999822, 0.6399999999999999023 ) ) ;
#3276 = AXIS2_PLACEMENT_3D ( 'NONE', #3356, #1809, #631 ) ;
#3277 = CARTESIAN_POINT ( 'NONE',  ( -2.924999999999000178, 2.299999999999999822, 0.01000000000099998676 ) ) ;
#3278 = EDGE_CURVE ( 'NONE', #4356, #2747, #1177, .T. ) ;
#3279 = VECTOR ( 'NONE', #20, 1000.000000000000000 ) ;
#3280 = VECTOR ( 'NONE', #1537, 1000.000000000000000 ) ;
#3281 = ADVANCED_FACE ( 'NONE', ( #2692 ), #1937, .F. ) ;
#3282 = DIRECTION ( 'NONE',  ( 0.000000000000000000, -0.7071067811865475727, -0.7071067811865475727 ) ) ;
#3283 = AXIS2_PLACEMENT_3D ( 'NONE', #569, #1743, #614 ) ;
#3284 = DIRECTION ( 'NONE',  ( -0.000000000000000000, 0.9993908270191130816, 0.03489949670200395010 ) ) ;
#3285 = EDGE_CURVE ( 'NONE', #101, #2391, #4616, .T. ) ;
#3286 = ORIENTED_EDGE ( 'NONE', *, *, #3767, .F. ) ;
#3287 = CARTESIAN_POINT ( 'NONE',  ( 3.024999999999999911, 1.199999999998999867, 5.110000000000000320 ) ) ;
#3288 = AXIS2_PLACEMENT_3D ( 'NONE', #2868, #3903, #957 ) ;
#3289 = AXIS2_PLACEMENT_3D ( 'NONE', #1137, #1584, #3074 ) ;
#3290 = PLANE ( 'NONE',  #2846 ) ;
#3291 = VECTOR ( 'NONE', #3799, 1000.000000000000000 ) ;
#3292 = DIRECTION ( 'NONE',  ( 0.000000000000000000, -1.000000000000000000, -3.433306879548876816E-15 ) ) ;
#3293 = LINE ( 'NONE', #4822, #1558 ) ;
#3294 = VECTOR ( 'NONE', #843, 1000.000000000000000 ) ;
#3295 = EDGE_CURVE ( 'NONE', #1993, #2755, #1148, .T. ) ;
#3296 = PLANE ( 'NONE',  #3374 ) ;
#3297 = ORIENTED_EDGE ( 'NONE', *, *, #4482, .T. ) ;
#3298 = VECTOR ( 'NONE', #3570, 1000.000000000000000 ) ;
#3299 = ORIENTED_EDGE ( 'NONE', *, *, #3108, .T. ) ;
#3300 = CARTESIAN_POINT ( 'NONE',  ( 3.024999999999999911, 3.132487997265000157, -3.595483196171000539 ) ) ;
#3301 = CARTESIAN_POINT ( 'NONE',  ( 0.9300000000000000488, 2.500000000000000000, 1.000013873792005015E-12 ) ) ;
#3302 = ORIENTED_EDGE ( 'NONE', *, *, #4574, .T. ) ;
#3303 = FACE_OUTER_BOUND ( 'NONE', #1803, .T. ) ;
#3304 = VECTOR ( 'NONE', #178, 1000.000000000000000 ) ;
#3305 = ORIENTED_EDGE ( 'NONE', *, *, #400, .F. ) ;
#3306 = ORIENTED_EDGE ( 'NONE', *, *, #2922, .T. ) ;
#3307 = CARTESIAN_POINT ( 'NONE',  ( -2.125000000000000000, -2.500000000000000000, 5.409999999999000053 ) ) ;
#3308 = DIRECTION ( 'NONE',  ( 1.000000000000000000, 0.000000000000000000, 0.000000000000000000 ) ) ;
#3309 = PLANE ( 'NONE',  #243 ) ;
#3310 = ORIENTED_EDGE ( 'NONE', *, *, #328, .F. ) ;
#3311 = LINE ( 'NONE', #3995, #629 ) ;
#3312 = DIRECTION ( 'NONE',  ( 0.000000000000000000, 1.000000000000000000, 3.501506313189000431E-15 ) ) ;
#3313 = VERTEX_POINT ( 'NONE', #2282 ) ;
#3314 = PLANE ( 'NONE',  #3047 ) ;
#3315 = EDGE_LOOP ( 'NONE', ( #3487, #2978, #3764, #271 ) ) ;
#3316 = DIRECTION ( 'NONE',  ( 0.000000000000000000, 4.169107696646000125E-15, -1.000000000000000000 ) ) ;
#3317 = EDGE_CURVE ( 'NONE', #4174, #1738, #2640, .T. ) ;
#3318 = PLANE ( 'NONE',  #1712 ) ;
#3319 = DIRECTION ( 'NONE',  ( 1.000000000000000000, 0.000000000000000000, 0.000000000000000000 ) ) ;
#3320 = ORIENTED_EDGE ( 'NONE', *, *, #1219, .F. ) ;
#3321 = ADVANCED_FACE ( 'NONE', ( #4172 ), #4220, .F. ) ;
#3322 = ORIENTED_EDGE ( 'NONE', *, *, #2630, .T. ) ;
#3323 = LINE ( 'NONE', #4502, #3822 ) ;
#3324 = LINE ( 'NONE', #406, #4541 ) ;
#3325 = ORIENTED_EDGE ( 'NONE', *, *, #1804, .T. ) ;
#3326 = CARTESIAN_POINT ( 'NONE',  ( -3.524999999999999911, -5.099999999999000444, 0.1100000000000000144 ) ) ;
#3327 = ORIENTED_EDGE ( 'NONE', *, *, #3405, .T. ) ;
#3328 = ORIENTED_EDGE ( 'NONE', *, *, #2057, .T. ) ;
#3329 = CARTESIAN_POINT ( 'NONE',  ( 3.725000000000000089, -5.299999999998999733, 0.1100000000000000144 ) ) ;
#3330 = DIRECTION ( 'NONE',  ( -1.000000000000000000, 0.000000000000000000, 0.000000000000000000 ) ) ;
#3331 = DIRECTION ( 'NONE',  ( 0.3236155771183229501, -0.8891264907158876740, 0.3236155771183229501 ) ) ;
#3332 = EDGE_LOOP ( 'NONE', ( #1226, #1045, #3740, #3967 ) ) ;
#3333 = CARTESIAN_POINT ( 'NONE',  ( -3.024999999998999822, 0.9999999999989999111, 5.410000000000000142 ) ) ;
#3334 = DIRECTION ( 'NONE',  ( 1.000000000000000000, -1.877093381537000152E-30, 5.376209119761999884E-16 ) ) ;
#3335 = ORIENTED_EDGE ( 'NONE', *, *, #852, .T. ) ;
#3336 = AXIS2_PLACEMENT_3D ( 'NONE', #3753, #735, #3682 ) ;
#3337 = DIRECTION ( 'NONE',  ( -2.710505431212999834E-16, 1.000000000000000000, 3.491481338843000432E-15 ) ) ;
#3338 = ORIENTED_EDGE ( 'NONE', *, *, #1113, .F. ) ;
#3339 = DIRECTION ( 'NONE',  ( 1.000000000000000000, 0.000000000000000000, 0.000000000000000000 ) ) ;
#3340 = ORIENTED_EDGE ( 'NONE', *, *, #2928, .T. ) ;
#3341 = CARTESIAN_POINT ( 'NONE',  ( -1.749999999998999911, 1.699999999999999956, 0.01000000000099998676 ) ) ;
#3342 = LINE ( 'NONE', #2158, #856 ) ;
#3343 = ORIENTED_EDGE ( 'NONE', *, *, #1909, .F. ) ;
#3344 = ADVANCED_FACE ( 'NONE', ( #3033 ), #1640, .T. ) ;
#3345 = EDGE_CURVE ( 'NONE', #1990, #4709, #2301, .T. ) ;
#3346 = VERTEX_POINT ( 'NONE', #2370 ) ;
#3347 = LINE ( 'NONE', #2523, #4533 ) ;
#3348 = EDGE_CURVE ( 'NONE', #4126, #359, #441, .T. ) ;
#3349 = CARTESIAN_POINT ( 'NONE',  ( -3.725000000000000089, -2.688637864771999730, 4.209999999998999876 ) ) ;
#3350 = ORIENTED_EDGE ( 'NONE', *, *, #3067, .T. ) ;
#3351 = CARTESIAN_POINT ( 'NONE',  ( -2.124999999998999911, -4.159415119350000190, 6.109999999999000231 ) ) ;
#3352 = EDGE_CURVE ( 'NONE', #2729, #439, #467, .T. ) ;
#3353 = ORIENTED_EDGE ( 'NONE', *, *, #3467, .T. ) ;
#3354 = ORIENTED_EDGE ( 'NONE', *, *, #4128, .T. ) ;
#3355 = CARTESIAN_POINT ( 'NONE',  ( -3.024999999998999822, -5.299999999999999822, 4.009999999998999698 ) ) ;
#3356 = CARTESIAN_POINT ( 'NONE',  ( -3.750000000000000000, -3.199999999999000089, -2.039607805436999932 ) ) ;
#3357 = CARTESIAN_POINT ( 'NONE',  ( 3.524999999999999911, -1.768312994765999679, 0.1100000000000000144 ) ) ;
#3358 = VECTOR ( 'NONE', #1630, 1000.000000000000000 ) ;
#3359 = ORIENTED_EDGE ( 'NONE', *, *, #646, .T. ) ;
#3360 = DIRECTION ( 'NONE',  ( 0.000000000000000000, 1.000000000000000000, 3.491481338843000432E-15 ) ) ;
#3361 = VECTOR ( 'NONE', #4359, 1000.000000000000000 ) ;
#3362 = CARTESIAN_POINT ( 'NONE',  ( -4.150000000000000355, -4.692505281165000319, 2.125642915617999673 ) ) ;
#3363 = ORIENTED_EDGE ( 'NONE', *, *, #3108, .F. ) ;
#3364 = AXIS2_PLACEMENT_3D ( 'NONE', #1582, #1206, #527 ) ;
#3365 = CARTESIAN_POINT ( 'NONE',  ( -1.159951660893999925, 5.431786995873999935, 0.2299516608950000207 ) ) ;
#3366 = ORIENTED_EDGE ( 'NONE', *, *, #1438, .T. ) ;
#3367 = CARTESIAN_POINT ( 'NONE',  ( 9.840731680114000568, -4.692505281165000319, 1.125642915617999895 ) ) ;
#3368 = VECTOR ( 'NONE', #3833, 1000.000000000000000 ) ;
#3369 = VECTOR ( 'NONE', #1898, 1000.000000000000000 ) ;
#3370 = PLANE ( 'NONE',  #2566 ) ;
#3371 = DIRECTION ( 'NONE',  ( 0.000000000000000000, -0.3420201433253705070, -0.9396926207860170077 ) ) ;
#3372 = VECTOR ( 'NONE', #2596, 1000.000000000000000 ) ;
#3373 = ORIENTED_EDGE ( 'NONE', *, *, #2833, .T. ) ;
#3374 = AXIS2_PLACEMENT_3D ( 'NONE', #3757, #1899, #1453 ) ;
#3375 = DIRECTION ( 'NONE',  ( 0.000000000000000000, -0.5812381937193801251, 0.8137334712065322773 ) ) ;
#3376 = DIRECTION ( 'NONE',  ( 1.000000000000000000, 1.224646799146999945E-16, 4.275831445896000469E-31 ) ) ;
#3377 = ORIENTED_EDGE ( 'NONE', *, *, #993, .T. ) ;
#3378 = AXIS2_PLACEMENT_3D ( 'NONE', #1736, #2440, #3895 ) ;
#3379 = EDGE_LOOP ( 'NONE', ( #3688, #4725, #785, #4284, #3366, #1710, #3438, #347 ) ) ;
#3380 = ORIENTED_EDGE ( 'NONE', *, *, #4426, .T. ) ;
#3381 = LINE ( 'NONE', #1090, #220 ) ;
#3382 = CARTESIAN_POINT ( 'NONE',  ( -5.000000000000000000, -2.525891170531000096, 4.326247638743000223 ) ) ;
#3383 = VECTOR ( 'NONE', #3385, 1000.000000000000000 ) ;
#3384 = ADVANCED_FACE ( 'NONE', ( #488 ), #854, .F. ) ;
#3385 = DIRECTION ( 'NONE',  ( 0.000000000000000000, 1.000000000000000000, 3.491481338843000432E-15 ) ) ;
#3386 = DIRECTION ( 'NONE',  ( -1.000000000000000000, 0.000000000000000000, 0.000000000000000000 ) ) ;
#3387 = CARTESIAN_POINT ( 'NONE',  ( -1.570000000000000062, 2.500000000000000000, 0.6999999999999999556 ) ) ;
#3388 = VERTEX_POINT ( 'NONE', #3875 ) ;
#3389 = PLANE ( 'NONE',  #3060 ) ;
#3390 = ORIENTED_EDGE ( 'NONE', *, *, #4524, .F. ) ;
#3391 = LINE ( 'NONE', #4100, #747 ) ;
#3392 = VERTEX_POINT ( 'NONE', #3416 ) ;
#3393 = CARTESIAN_POINT ( 'NONE',  ( -1.388014882866000166, -3.960567877848999885, 3.109999999998999787 ) ) ;
#3394 = DIRECTION ( 'NONE',  ( 0.000000000000000000, 0.000000000000000000, 1.000000000000000000 ) ) ;
#3395 = EDGE_CURVE ( 'NONE', #3223, #380, #3112, .T. ) ;
#3396 = ORIENTED_EDGE ( 'NONE', *, *, #999, .T. ) ;
#3397 = DIRECTION ( 'NONE',  ( 1.000000000000000000, 0.000000000000000000, 0.000000000000000000 ) ) ;
#3398 = PLANE ( 'NONE',  #4777 ) ;
#3399 = EDGE_LOOP ( 'NONE', ( #2225, #2540, #2899, #935 ) ) ;
#3400 = VERTEX_POINT ( 'NONE', #1198 ) ;
#3401 = EDGE_LOOP ( 'NONE', ( #1454, #507, #4749, #2847, #1023, #2502 ) ) ;
#3402 = CARTESIAN_POINT ( 'NONE',  ( -3.750000000000000000, -3.499999999998999911, 0.2999999999999999889 ) ) ;
#3403 = LINE ( 'NONE', #481, #2569 ) ;
#3404 = AXIS2_PLACEMENT_3D ( 'NONE', #986, #280, #2578 ) ;
#3405 = EDGE_CURVE ( 'NONE', #4719, #1507, #468, .T. ) ;
#3406 = ORIENTED_EDGE ( 'NONE', *, *, #1488, .T. ) ;
#3407 = CARTESIAN_POINT ( 'NONE',  ( 3.524999999999999911, -5.099999999999000444, 0.1100000000000000144 ) ) ;
#3408 = EDGE_CURVE ( 'NONE', #2393, #4132, #3461, .T. ) ;
#3409 = CARTESIAN_POINT ( 'NONE',  ( 0.9300000000000000488, -3.960567877848999885, 3.749999999998999911 ) ) ;
#3410 = CARTESIAN_POINT ( 'NONE',  ( -4.150000000000000355, -5.199999999999000089, -2.039607805436999932 ) ) ;
#3411 = EDGE_CURVE ( 'NONE', #282, #317, #2714, .T. ) ;
#3412 = CARTESIAN_POINT ( 'NONE',  ( -1.750000000000000000, 2.500000000000000000, 0.01000000000099998676 ) ) ;
#3413 = ORIENTED_EDGE ( 'NONE', *, *, #4643, .T. ) ;
#3414 = DIRECTION ( 'NONE',  ( 0.000000000000000000, 3.491481338843000432E-15, -1.000000000000000000 ) ) ;
#3415 = CARTESIAN_POINT ( 'NONE',  ( 1.570000000000000062, 2.500000000000000000, 0.6999999999999999556 ) ) ;
#3416 = CARTESIAN_POINT ( 'NONE',  ( 3.024999999999999911, -2.688637864771999730, 4.009999999998999698 ) ) ;
#3417 = EDGE_CURVE ( 'NONE', #4126, #573, #783, .T. ) ;
#3418 = ORIENTED_EDGE ( 'NONE', *, *, #899, .T. ) ;
#3419 = CIRCLE ( 'NONE', #2074, 0.2999999999989998445 ) ;
#3420 = CARTESIAN_POINT ( 'NONE',  ( 0.9300000000000000488, 1.618845387034999916, 3.009999999999999787 ) ) ;
#3421 = CARTESIAN_POINT ( 'NONE',  ( 1.570000000000000062, -3.960567877848999885, 3.109999999998999787 ) ) ;
#3422 = ORIENTED_EDGE ( 'NONE', *, *, #2858, .F. ) ;
#3423 = DIRECTION ( 'NONE',  ( 0.000000000000000000, 1.000000000000000000, 0.000000000000000000 ) ) ;
#3424 = CARTESIAN_POINT ( 'NONE',  ( -0.9300000000000000488, 0.9999999999989999111, 6.110000000000000320 ) ) ;
#3425 = EDGE_LOOP ( 'NONE', ( #2848, #3197, #3027, #3860 ) ) ;
#3426 = DIRECTION ( 'NONE',  ( -1.000000000000000000, 0.000000000000000000, 0.000000000000000000 ) ) ;
#3427 = FACE_OUTER_BOUND ( 'NONE', #1200, .T. ) ;
#3428 = CARTESIAN_POINT ( 'NONE',  ( 4.799999999998999733, -2.612216340086999988, 0.009999999999999972453 ) ) ;
#3429 = ORIENTED_EDGE ( 'NONE', *, *, #4379, .F. ) ;
#3430 = DIRECTION ( 'NONE',  ( 0.000000000000000000, 1.000000000000000000, 4.336808689963701156E-15 ) ) ;
#3431 = CIRCLE ( 'NONE', #4690, 0.2999999999989998445 ) ;
#3432 = EDGE_CURVE ( 'NONE', #618, #3844, #4718, .T. ) ;
#3433 = EDGE_CURVE ( 'NONE', #2016, #4317, #550, .T. ) ;
#3434 = CARTESIAN_POINT ( 'NONE',  ( 3.725000000000000089, -2.740176884817000058, 4.626247638743000046 ) ) ;
#3435 = VECTOR ( 'NONE', #3542, 1000.000000000000000 ) ;
#3436 = CARTESIAN_POINT ( 'NONE',  ( -1.570000000000000062, 2.500000000000000000, 0.6999999999999999556 ) ) ;
#3437 = CARTESIAN_POINT ( 'NONE',  ( 1.111985117132999967, 5.299999999999999822, 0.1819851171340000073 ) ) ;
#3438 = ORIENTED_EDGE ( 'NONE', *, *, #2055, .F. ) ;
#3439 = EDGE_LOOP ( 'NONE', ( #1463, #2136, #3643, #3863 ) ) ;
#3440 = CIRCLE ( 'NONE', #3044, 0.7399999999999999911 ) ;
#3441 = ADVANCED_FACE ( 'NONE', ( #1319 ), #2818, .F. ) ;
#3442 = DIRECTION ( 'NONE',  ( -1.000000000000000000, 0.000000000000000000, 0.000000000000000000 ) ) ;
#3443 = VECTOR ( 'NONE', #445, 1000.000000000000000 ) ;
#3444 = CIRCLE ( 'NONE', #4149, 0.2999999999989998445 ) ;
#3445 = CARTESIAN_POINT ( 'NONE',  ( -3.524999999998999822, -1.768312994765999679, 0.1100000000000000144 ) ) ;
#3446 = ORIENTED_EDGE ( 'NONE', *, *, #4256, .T. ) ;
#3447 = VECTOR ( 'NONE', #2917, 1000.000000000000000 ) ;
#3448 = VECTOR ( 'NONE', #3319, 1000.000000000000000 ) ;
#3449 = CARTESIAN_POINT ( 'NONE',  ( -5.000000000000000000, -5.299999999999999822, 6.109999999999000231 ) ) ;
#3450 = VECTOR ( 'NONE', #752, 1000.000000000000000 ) ;
#3451 = LINE ( 'NONE', #3424, #1949 ) ;
#3452 = ADVANCED_FACE ( 'NONE', ( #605 ), #926, .T. ) ;
#3453 = DIRECTION ( 'NONE',  ( 1.000000000000000000, 0.000000000000000000, 0.000000000000000000 ) ) ;
#3454 = ORIENTED_EDGE ( 'NONE', *, *, #3972, .F. ) ;
#3455 = CARTESIAN_POINT ( 'NONE',  ( 0.9300000000000000488, 1.399999999998999822, 3.750000000000000000 ) ) ;
#3456 = PLANE ( 'NONE',  #1404 ) ;
#3457 = VERTEX_POINT ( 'NONE', #4316 ) ;
#3458 = CARTESIAN_POINT ( 'NONE',  ( 4.150000000000000355, -3.199999999999000089, -2.039607805436999932 ) ) ;
#3459 = ORIENTED_EDGE ( 'NONE', *, *, #1210, .T. ) ;
#3460 = CARTESIAN_POINT ( 'NONE',  ( -4.150000000000000355, -5.199999999999000089, 2.125642915617999673 ) ) ;
#3461 = LINE ( 'NONE', #1592, #1091 ) ;
#3462 = DIRECTION ( 'NONE',  ( 0.000000000000000000, -0.9396926207860168967, 0.3420201433253704515 ) ) ;
#3463 = EDGE_LOOP ( 'NONE', ( #1586, #4701, #4649, #4658 ) ) ;
#3464 = CARTESIAN_POINT ( 'NONE',  ( 0.000000000000000000, 2.500000000000000000, 3.109999999999999876 ) ) ;
#3465 = ADVANCED_FACE ( 'NONE', ( #3534 ), #1295, .F. ) ;
#3466 = DIRECTION ( 'NONE',  ( -1.000000000000000000, 0.000000000000000000, 0.000000000000000000 ) ) ;
#3467 = EDGE_CURVE ( 'NONE', #425, #1729, #1665, .T. ) ;
#3468 = CARTESIAN_POINT ( 'NONE',  ( 2.125000000000000000, -4.159415119350000190, 5.409999999999000053 ) ) ;
#3469 = ORIENTED_EDGE ( 'NONE', *, *, #822, .F. ) ;
#3470 = LINE ( 'NONE', #2754, #2481 ) ;
#3471 = ORIENTED_EDGE ( 'NONE', *, *, #671, .F. ) ;
#3472 = DIRECTION ( 'NONE',  ( 1.000000000000000000, 0.000000000000000000, 0.000000000000000000 ) ) ;
#3473 = EDGE_CURVE ( 'NONE', #1724, #2431, #543, .T. ) ;
#3474 = ORIENTED_EDGE ( 'NONE', *, *, #814, .F. ) ;
#3475 = CARTESIAN_POINT ( 'NONE',  ( -0.7500000000000000000, 2.500000000000000000, 0.01000000000099998676 ) ) ;
#3476 = VERTEX_POINT ( 'NONE', #1345 ) ;
#3477 = DIRECTION ( 'NONE',  ( -1.000000000000000000, 0.000000000000000000, 0.000000000000000000 ) ) ;
#3478 = LINE ( 'NONE', #3056, #1 ) ;
#3479 = PLANE ( 'NONE',  #2050 ) ;
#3480 = VERTEX_POINT ( 'NONE', #4688 ) ;
#3481 = ORIENTED_EDGE ( 'NONE', *, *, #2530, .T. ) ;
#3482 = VERTEX_POINT ( 'NONE', #3926 ) ;
#3483 = AXIS2_PLACEMENT_3D ( 'NONE', #3566, #3589, #235 ) ;
#3484 = DIRECTION ( 'NONE',  ( 0.000000000000000000, 3.491481338843000432E-15, -1.000000000000000000 ) ) ;
#3485 = DIRECTION ( 'NONE',  ( 0.000000000000000000, 1.000000000000000000, 3.491481338843000432E-15 ) ) ;
#3486 = ORIENTED_EDGE ( 'NONE', *, *, #1339, .T. ) ;
#3487 = ORIENTED_EDGE ( 'NONE', *, *, #3432, .T. ) ;
#3488 = LINE ( 'NONE', #4267, #47 ) ;
#3489 = LINE ( 'NONE', #4155, #3909 ) ;
#3490 = DIRECTION ( 'NONE',  ( 0.000000000000000000, 1.000000000000000000, 3.501506313189000431E-15 ) ) ;
#3491 = ORIENTED_EDGE ( 'NONE', *, *, #85, .T. ) ;
#3492 = AXIS2_PLACEMENT_3D ( 'NONE', #1503, #2963, #3414 ) ;
#3493 = ADVANCED_FACE ( 'NONE', ( #2038 ), #2767, .F. ) ;
#3494 = EDGE_CURVE ( 'NONE', #3957, #1476, #4666, .T. ) ;
#3495 = MANIFOLD_SOLID_BREP ( 'NONE', #3696 ) ;
#3496 = CARTESIAN_POINT ( 'NONE',  ( 3.750000000000000000, -4.899999999998999378, 1.825642915618000073 ) ) ;
#3497 = EDGE_CURVE ( 'NONE', #2128, #443, #2127, .T. ) ;
#3498 = VERTEX_POINT ( 'NONE', #2441 ) ;
#3499 = FACE_OUTER_BOUND ( 'NONE', #4806, .T. ) ;
#3500 = ADVANCED_FACE ( 'NONE', ( #2486 ), #264, .T. ) ;
#3501 = LINE ( 'NONE', #532, #1474 ) ;
#3502 = ADVANCED_FACE ( 'NONE', ( #4119 ), #4470, .F. ) ;
#3503 = ORIENTED_EDGE ( 'NONE', *, *, #1289, .F. ) ;
#3504 = CARTESIAN_POINT ( 'NONE',  ( -1.570000000000000062, 2.440036550378000157, 0.6979060301969999269 ) ) ;
#3505 = FACE_BOUND ( 'NONE', #4844, .T. ) ;
#3506 = CARTESIAN_POINT ( 'NONE',  ( -3.024999999998999822, 2.500000000000000000, -5.992663352994999748 ) ) ;
#3507 = DIRECTION ( 'NONE',  ( 1.000000000000000000, 0.000000000000000000, 0.000000000000000000 ) ) ;
#3508 = DIRECTION ( 'NONE',  ( -1.000000000000000000, 0.000000000000000000, 0.000000000000000000 ) ) ;
#3509 = VERTEX_POINT ( 'NONE', #2205 ) ;
#3510 = LINE ( 'NONE', #4720, #1328 ) ;
#3511 = ADVANCED_FACE ( 'NONE', ( #4760 ), #2511, .F. ) ;
#3512 = FACE_OUTER_BOUND ( 'NONE', #1862, .T. ) ;
#3513 = AXIS2_PLACEMENT_3D ( 'NONE', #165, #3129, #1212 ) ;
#3514 = DIRECTION ( 'NONE',  ( 0.000000000000000000, 1.000000000000000000, 2.529805069141277654E-15 ) ) ;
#3515 = CARTESIAN_POINT ( 'NONE',  ( -1.570000000000000062, 1.718784469735999965, 3.013489949669999834 ) ) ;
#3516 = ORIENTED_EDGE ( 'NONE', *, *, #4575, .T. ) ;
#3517 = VECTOR ( 'NONE', #161, 1000.000000000000000 ) ;
#3518 = AXIS2_PLACEMENT_3D ( 'NONE', #2388, #3889, #3964 ) ;
#3519 = ORIENTED_EDGE ( 'NONE', *, *, #3610, .T. ) ;
#3520 = CARTESIAN_POINT ( 'NONE',  ( 4.799999999998999733, -1.768312994765999679, 0.009999999999999972453 ) ) ;
#3521 = AXIS2_PLACEMENT_3D ( 'NONE', #3415, #1988, #3820 ) ;
#3522 = VERTEX_POINT ( 'NONE', #1119 ) ;
#3523 = CARTESIAN_POINT ( 'NONE',  ( -0.9299999999989999599, 1.618845387034999916, 3.009999999999999787 ) ) ;
#3524 = AXIS2_PLACEMENT_3D ( 'NONE', #1052, #2941, #3394 ) ;
#3525 = AXIS2_PLACEMENT_3D ( 'NONE', #3950, #4266, #3928 ) ;
#3526 = ADVANCED_FACE ( 'NONE', ( #1390 ), #343, .F. ) ;
#3527 = CARTESIAN_POINT ( 'NONE',  ( -0.9299999999989999599, 1.618845387034999916, 3.009999999999999787 ) ) ;
#3528 = VECTOR ( 'NONE', #78, 1000.000000000000000 ) ;
#3529 = EDGE_LOOP ( 'NONE', ( #1053, #4134, #566, #370 ) ) ;
#3530 = CARTESIAN_POINT ( 'NONE',  ( 0.000000000000000000, -5.299999999998999733, 3.109999999998999787 ) ) ;
#3531 = CARTESIAN_POINT ( 'NONE',  ( 3.750000000000000000, -5.199999999999000089, 1.825642915618000073 ) ) ;
#3532 = EDGE_CURVE ( 'NONE', #912, #4709, #4075, .T. ) ;
#3533 = CARTESIAN_POINT ( 'NONE',  ( 3.725000000000000089, -2.688637864771999730, 4.009999999998999698 ) ) ;
#3534 = FACE_OUTER_BOUND ( 'NONE', #644, .T. ) ;
#3535 = ORIENTED_EDGE ( 'NONE', *, *, #2460, .T. ) ;
#3536 = CARTESIAN_POINT ( 'NONE',  ( -5.000000000000000000, -5.299999999999999822, 4.009999999998999698 ) ) ;
#3537 = FACE_OUTER_BOUND ( 'NONE', #1112, .T. ) ;
#3538 = CARTESIAN_POINT ( 'NONE',  ( 1.570000000000000062, -3.460567877848999885, 3.109999999998999787 ) ) ;
#3539 = EDGE_CURVE ( 'NONE', #1013, #3962, #1067, .T. ) ;
#3540 = DIRECTION ( 'NONE',  ( 0.000000000000000000, 3.491481338843000432E-15, -1.000000000000000000 ) ) ;
#3541 = ORIENTED_EDGE ( 'NONE', *, *, #3151, .T. ) ;
#3542 = DIRECTION ( 'NONE',  ( -1.000000000000000000, 0.000000000000000000, 0.000000000000000000 ) ) ;
#3543 = VERTEX_POINT ( 'NONE', #3727 ) ;
#3544 = DIRECTION ( 'NONE',  ( -1.000000000000000000, 4.781769133166810076E-31, 2.073761793001425052E-45 ) ) ;
#3545 = ORIENTED_EDGE ( 'NONE', *, *, #673, .T. ) ;
#3546 = FACE_OUTER_BOUND ( 'NONE', #959, .T. ) ;
#3547 = CARTESIAN_POINT ( 'NONE',  ( -3.725000000000000089, 2.499999999998999911, 4.709999999999999964 ) ) ;
#3548 = DIRECTION ( 'NONE',  ( -1.000000000000000000, 0.000000000000000000, 0.000000000000000000 ) ) ;
#3549 = ADVANCED_FACE ( 'NONE', ( #2176 ), #659, .F. ) ;
#3550 = ADVANCED_FACE ( 'NONE', ( #1786 ), #2936, .T. ) ;
#3551 = EDGE_CURVE ( 'NONE', #2283, #2196, #1840, .T. ) ;
#3552 = LINE ( 'NONE', #3160, #1959 ) ;
#3553 = DIRECTION ( 'NONE',  ( -0.3420201433253704515, -0.9396926207860168967, -3.280919249725549977E-15 ) ) ;
#3554 = ADVANCED_FACE ( 'NONE', ( #3651 ), #2559, .F. ) ;
#3555 = VERTEX_POINT ( 'NONE', #3362 ) ;
#3556 = DIRECTION ( 'NONE',  ( -0.3420201433253704515, 0.9396926207860168967, 0.000000000000000000 ) ) ;
#3557 = VECTOR ( 'NONE', #670, 1000.000000000000000 ) ;
#3558 = PLANE ( 'NONE',  #3232 ) ;
#3559 = FACE_OUTER_BOUND ( 'NONE', #1707, .T. ) ;
#3560 = CARTESIAN_POINT ( 'NONE',  ( 0.000000000000000000, 1.199999999999999956, 3.109999999999999876 ) ) ;
#3561 = VERTEX_POINT ( 'NONE', #291 ) ;
#3562 = ORIENTED_EDGE ( 'NONE', *, *, #4003, .T. ) ;
#3563 = CARTESIAN_POINT ( 'NONE',  ( -0.9299999999989999599, 4.799999999999999822, 0.6399999999999999023 ) ) ;
#3564 = CIRCLE ( 'NONE', #815, 0.2999999999989998445 ) ;
#3565 = ORIENTED_EDGE ( 'NONE', *, *, #4301, .F. ) ;
#3566 = CARTESIAN_POINT ( 'NONE',  ( 1.425000000000000044, -1.800000000000000044, 5.409999999999000053 ) ) ;
#3567 = ORIENTED_EDGE ( 'NONE', *, *, #1210, .F. ) ;
#3568 = DIRECTION ( 'NONE',  ( 0.000000000000000000, 1.000000000000000000, 0.000000000000000000 ) ) ;
#3569 = CARTESIAN_POINT ( 'NONE',  ( -0.7499999999990000221, 1.399999999999999911, 0.1100000000010000339 ) ) ;
#3570 = DIRECTION ( 'NONE',  ( 0.000000000000000000, 1.000000000000000000, 3.491481338843000432E-15 ) ) ;
#3571 = ORIENTED_EDGE ( 'NONE', *, *, #1752, .T. ) ;
#3572 = LINE ( 'NONE', #924, #4152 ) ;
#3573 = DIRECTION ( 'NONE',  ( -6.395980882770000157E-16, 1.000000000000000000, 0.000000000000000000 ) ) ;
#3574 = ORIENTED_EDGE ( 'NONE', *, *, #3467, .F. ) ;
#3575 = ORIENTED_EDGE ( 'NONE', *, *, #3285, .T. ) ;
#3576 = CARTESIAN_POINT ( 'NONE',  ( 4.999999999998999911, -1.568312994765999946, 2.635691244187000404 ) ) ;
#3577 = DIRECTION ( 'NONE',  ( 0.000000000000000000, -1.000000000000000000, -4.336808689942015369E-15 ) ) ;
#3578 = EDGE_CURVE ( 'NONE', #337, #618, #1421, .T. ) ;
#3579 = DIRECTION ( 'NONE',  ( 0.000000000000000000, 3.491481338849885216E-15, -1.000000000000000000 ) ) ;
#3580 = LINE ( 'NONE', #4674, #4230 ) ;
#3581 = ORIENTED_EDGE ( 'NONE', *, *, #2893, .F. ) ;
#3582 = EDGE_CURVE ( 'NONE', #1859, #3936, #1817, .T. ) ;
#3583 = VECTOR ( 'NONE', #3156, 1000.000000000000000 ) ;
#3584 = ORIENTED_EDGE ( 'NONE', *, *, #4793, .T. ) ;
#3585 = CARTESIAN_POINT ( 'NONE',  ( -0.9299999999989999599, -4.899999999998999378, 0.000000000000000000 ) ) ;
#3586 = CARTESIAN_POINT ( 'NONE',  ( -3.024999999998999822, 2.500000000000000000, 0.8099999999999999423 ) ) ;
#3587 = VECTOR ( 'NONE', #1508, 1000.000000000000000 ) ;
#3588 = ORIENTED_EDGE ( 'NONE', *, *, #1547, .T. ) ;
#3589 = DIRECTION ( 'NONE',  ( 0.000000000000000000, 1.000000000000000000, 3.491481338843000432E-15 ) ) ;
#3590 = VECTOR ( 'NONE', #3840, 1000.000000000000000 ) ;
#3591 = VECTOR ( 'NONE', #2317, 1000.000000000000000 ) ;
#3592 = DIRECTION ( 'NONE',  ( 1.000000000000000000, 0.000000000000000000, 0.000000000000000000 ) ) ;
#3593 = VECTOR ( 'NONE', #1903, 1000.000000000000000 ) ;
#3594 = VECTOR ( 'NONE', #2660, 1000.000000000000000 ) ;
#3595 = EDGE_CURVE ( 'NONE', #2413, #2926, #1047, .T. ) ;
#3596 = VERTEX_POINT ( 'NONE', #4095 ) ;
#3597 = DIRECTION ( 'NONE',  ( 0.000000000000000000, -3.491481338843000432E-15, 1.000000000000000000 ) ) ;
#3598 = FACE_OUTER_BOUND ( 'NONE', #587, .T. ) ;
#3599 = VECTOR ( 'NONE', #3213, 1000.000000000000000 ) ;
#3600 = CARTESIAN_POINT ( 'NONE',  ( -3.750000000000000000, -5.199999999999000089, 0.2999999999999999889 ) ) ;
#3601 = CARTESIAN_POINT ( 'NONE',  ( 0.7500000000000000000, 1.699999999999999956, 0.01000000000099998676 ) ) ;
#3602 = VERTEX_POINT ( 'NONE', #4045 ) ;
#3603 = AXIS2_PLACEMENT_3D ( 'NONE', #4665, #2789, #2102 ) ;
#3604 = DIRECTION ( 'NONE',  ( 1.000000000000000000, 0.000000000000000000, 0.000000000000000000 ) ) ;
#3605 = LINE ( 'NONE', #662, #41 ) ;
#3606 = ORIENTED_EDGE ( 'NONE', *, *, #524, .T. ) ;
#3607 = DIRECTION ( 'NONE',  ( -1.000000000000000000, 0.000000000000000000, 0.000000000000000000 ) ) ;
#3608 = DIRECTION ( 'NONE',  ( 0.000000000000000000, 1.000000000000000000, 3.491481338843000432E-15 ) ) ;
#3609 = ORIENTED_EDGE ( 'NONE', *, *, #2401, .F. ) ;
#3610 = EDGE_CURVE ( 'NONE', #4107, #4719, #731, .T. ) ;
#3611 = EDGE_CURVE ( 'NONE', #4242, #2303, #1497, .T. ) ;
#3612 = VERTEX_POINT ( 'NONE', #3748 ) ;
#3613 = DIRECTION ( 'NONE',  ( 0.000000000000000000, 3.491481338843000432E-15, -1.000000000000000000 ) ) ;
#3614 = FACE_OUTER_BOUND ( 'NONE', #1048, .T. ) ;
#3615 = ORIENTED_EDGE ( 'NONE', *, *, #1619, .T. ) ;
#3616 = FACE_OUTER_BOUND ( 'NONE', #472, .T. ) ;
#3617 = ORIENTED_EDGE ( 'NONE', *, *, #1030, .F. ) ;
#3618 = LINE ( 'NONE', #3988, #2572 ) ;
#3619 = ADVANCED_FACE ( 'NONE', ( #875 ), #3005, .T. ) ;
#3620 = CARTESIAN_POINT ( 'NONE',  ( -3.725000000000000089, -1.568312994765999946, 0.1100000000000000144 ) ) ;
#3621 = LINE ( 'NONE', #2458, #1502 ) ;
#3622 = ORIENTED_EDGE ( 'NONE', *, *, #4515, .T. ) ;
#3623 = DIRECTION ( 'NONE',  ( 0.000000000000000000, -1.000000000000000000, -3.491481338843000432E-15 ) ) ;
#3624 = CARTESIAN_POINT ( 'NONE',  ( -5.000000000000000000, 1.699999999998999867, 6.110000000000000320 ) ) ;
#3625 = EDGE_LOOP ( 'NONE', ( #754, #1573, #2620, #2442 ) ) ;
#3626 = CARTESIAN_POINT ( 'NONE',  ( -5.000000000000000000, 1.699999999998999867, 4.909999999999999254 ) ) ;
#3627 = ORIENTED_EDGE ( 'NONE', *, *, #1742, .F. ) ;
#3628 = CARTESIAN_POINT ( 'NONE',  ( -5.000000000000000000, 1.699999999998999867, 6.110000000000000320 ) ) ;
#3629 = ORIENTED_EDGE ( 'NONE', *, *, #4646, .T. ) ;
#3630 = CARTESIAN_POINT ( 'NONE',  ( -4.150000000000000355, -5.199999999999000089, 0.2999999999999999889 ) ) ;
#3631 = CARTESIAN_POINT ( 'NONE',  ( 3.524999999999999911, -1.768312994765999679, 0.009999999999999972453 ) ) ;
#3632 = DIRECTION ( 'NONE',  ( -1.000000000000000000, 0.000000000000000000, 0.000000000000000000 ) ) ;
#3633 = CIRCLE ( 'NONE', #1125, 0.06000000000000015737 ) ;
#3634 = ORIENTED_EDGE ( 'NONE', *, *, #2981, .F. ) ;
#3635 = VERTEX_POINT ( 'NONE', #800 ) ;
#3636 = CARTESIAN_POINT ( 'NONE',  ( 0.000000000000000000, 2.500000000000000000, 0.01000000000099998676 ) ) ;
#3637 = FACE_OUTER_BOUND ( 'NONE', #1673, .T. ) ;
#3638 = ORIENTED_EDGE ( 'NONE', *, *, #2438, .T. ) ;
#3639 = LINE ( 'NONE', #4088, #190 ) ;
#3640 = ADVANCED_FACE ( 'NONE', ( #394 ), #1892, .F. ) ;
#3641 = ADVANCED_FACE ( 'NONE', ( #1915 ), #3814, .T. ) ;
#3642 = ADVANCED_FACE ( 'NONE', ( #1519 ), #4538, .F. ) ;
#3643 = ORIENTED_EDGE ( 'NONE', *, *, #3019, .T. ) ;
#3644 = DIRECTION ( 'NONE',  ( 1.000000000000000000, 0.000000000000000000, 0.000000000000000000 ) ) ;
#3645 = DIRECTION ( 'NONE',  ( 0.000000000000000000, -3.491481338843000432E-15, 1.000000000000000000 ) ) ;
#3646 = DIRECTION ( 'NONE',  ( 4.697176176030999475E-32, -1.000000000000000000, -3.408444049004000278E-15 ) ) ;
#3647 = VECTOR ( 'NONE', #757, 1000.000000000000000 ) ;
#3648 = EDGE_CURVE ( 'NONE', #2804, #2336, #458, .T. ) ;
#3649 = ORIENTED_EDGE ( 'NONE', *, *, #4311, .T. ) ;
#3650 = PLANE ( 'NONE',  #3212 ) ;
#3651 = FACE_OUTER_BOUND ( 'NONE', #3761, .T. ) ;
#3652 = ORIENTED_EDGE ( 'NONE', *, *, #1918, .F. ) ;
#3653 = DIRECTION ( 'NONE',  ( 0.000000000000000000, -3.646367363483000567E-15, 1.000000000000000000 ) ) ;
#3654 = EDGE_CURVE ( 'NONE', #1101, #4808, #776, .T. ) ;
#3655 = CARTESIAN_POINT ( 'NONE',  ( 3.024999999999999911, 1.699999999998999867, 4.909999999999999254 ) ) ;
#3656 = LINE ( 'NONE', #51, #167 ) ;
#3657 = CARTESIAN_POINT ( 'NONE',  ( 2.125000000000000000, -5.299999999999999822, 5.409999999999000053 ) ) ;
#3658 = CARTESIAN_POINT ( 'NONE',  ( -3.725000000000000089, -5.299999999998999733, 0.1100000000000000144 ) ) ;
#3659 = ORIENTED_EDGE ( 'NONE', *, *, #1581, .F. ) ;
#3660 = DIRECTION ( 'NONE',  ( 0.000000000000000000, 1.000000000000000000, 3.516331370223257730E-15 ) ) ;
#3661 = CARTESIAN_POINT ( 'NONE',  ( 4.224999999999999645, -2.812216340087000166, 2.125642915617999673 ) ) ;
#3662 = VERTEX_POINT ( 'NONE', #2634 ) ;
#3663 = CARTESIAN_POINT ( 'NONE',  ( 3.524999999999999911, 2.299999999999999822, 0.01000000000099998676 ) ) ;
#3664 = VECTOR ( 'NONE', #972, 1000.000000000000000 ) ;
#3665 = FACE_OUTER_BOUND ( 'NONE', #1851, .T. ) ;
#3666 = VECTOR ( 'NONE', #891, 1000.000000000000000 ) ;
#3667 = LINE ( 'NONE', #3275, #1081 ) ;
#3668 = VECTOR ( 'NONE', #2682, 1000.000000000000000 ) ;
#3669 = DIRECTION ( 'NONE',  ( 0.000000000000000000, -1.000000000000000000, -3.491481338843000432E-15 ) ) ;
#3670 = ADVANCED_FACE ( 'NONE', ( #1956 ), #3456, .T. ) ;
#3671 = VERTEX_POINT ( 'NONE', #2275 ) ;
#3672 = AXIS2_PLACEMENT_3D ( 'NONE', #4344, #1326, #1352 ) ;
#3673 = ORIENTED_EDGE ( 'NONE', *, *, #3894, .T. ) ;
#3674 = CARTESIAN_POINT ( 'NONE',  ( 3.725000000000000089, -4.692505281165000319, 2.635691244187000404 ) ) ;
#3675 = VECTOR ( 'NONE', #1300, 1000.000000000000000 ) ;
#3676 = DIRECTION ( 'NONE',  ( -1.000000000000000000, 0.000000000000000000, 0.000000000000000000 ) ) ;
#3677 = ORIENTED_EDGE ( 'NONE', *, *, #1301, .T. ) ;
#3678 = EDGE_CURVE ( 'NONE', #922, #4741, #4606, .T. ) ;
#3679 = FACE_OUTER_BOUND ( 'NONE', #1424, .T. ) ;
#3680 = ORIENTED_EDGE ( 'NONE', *, *, #2381, .T. ) ;
#3681 = AXIS2_PLACEMENT_3D ( 'NONE', #3954, #689, #1505 ) ;
#3682 = DIRECTION ( 'NONE',  ( 0.000000000000000000, -1.000000000000000000, -4.336808689942015369E-15 ) ) ;
#3683 = VECTOR ( 'NONE', #4513, 1000.000000000000000 ) ;
#3684 = ORIENTED_EDGE ( 'NONE', *, *, #677, .F. ) ;
#3685 = DIRECTION ( 'NONE',  ( 0.000000000000000000, -3.491481338843000432E-15, 1.000000000000000000 ) ) ;
#3686 = VECTOR ( 'NONE', #4838, 1000.000000000000000 ) ;
#3687 = CARTESIAN_POINT ( 'NONE',  ( 1.570000000000000062, 4.799999999999999822, 1.000013873792005015E-12 ) ) ;
#3688 = ORIENTED_EDGE ( 'NONE', *, *, #1661, .F. ) ;
#3689 = VECTOR ( 'NONE', #3548, 1000.000000000000000 ) ;
#3690 = ADVANCED_FACE ( 'NONE', ( #1141 ), #3025, .F. ) ;
#3691 = EDGE_LOOP ( 'NONE', ( #446, #4345, #3652, #2716 ) ) ;
#3692 = CARTESIAN_POINT ( 'NONE',  ( 3.024999999999999911, 2.500000000000000000, -5.992663352994999748 ) ) ;
#3693 = LINE ( 'NONE', #1830, #5 ) ;
#3694 = ORIENTED_EDGE ( 'NONE', *, *, #2858, .T. ) ;
#3695 = CARTESIAN_POINT ( 'NONE',  ( -3.024999999998999822, -5.299999999999999822, 4.709999999998999876 ) ) ;
#3696 = CLOSED_SHELL ( 'NONE', ( #981, #3452, #533, #2077, #1666, #421, #4549, #4007, #3641, #997, #3344, #4355, #493, #1821, #1062, #2625, #2815, #3526, #134, #3776, #4633, #2025, #1243, #4672, #28, #3187, #558, #3321, #1823, #1186, #2751, #4601, #35, #3640, #3191, #890, #3099, #4458, #765, #4532, #4669, #3739, #773, #4208, #2311, #2346, #2203, #4490, #1824, #378, #3502, #525, #2956, #3511, #2113, #2969, #3704, #672, #1007, #3712, #177, #3916, #3500, #4340, #2170, #3821, #2552, #3550, #83, #3554, #4268, #3081, #4573, #3465, #1183, #2023, #2263, #3030, #2291, #3642, #3227, #3037, #570, #2616, #4402, #4485, #1431, #4270, #3765, #3493, #2109, #1093, #4491, #970, #87, #4156, #3135, #2704, #438, #798, #2557, #2521, #2086, #3281, #110, #1861, #1299, #4609, #3096, #4279, #1127, #848, #225, #4213, #222, #4762, #2099, #2378, #4204, #3670, #531, #26, #1246, #1721, #3549, #2271, #4670, #4180, #4771, #2947, #3035, #4558, #3690, #2951, #581, #1520, #166, #2394, #486, #4825, #3619, #1034, #1263, #2433, #3795, #4852, #4466, #4519, #2676, #2463, #3441, #137, #2219, #3857, #1853, #3384 ) ) ;
#3697 = ORIENTED_EDGE ( 'NONE', *, *, #3941, .F. ) ;
#3698 = ORIENTED_EDGE ( 'NONE', *, *, #1913, .F. ) ;
#3699 = LINE ( 'NONE', #3021, #1548 ) ;
#3700 = LINE ( 'NONE', #311, #3826 ) ;
#3701 = CARTESIAN_POINT ( 'NONE',  ( 3.524999999999999911, 2.299999999999999822, 0.01000000000099998676 ) ) ;
#3702 = ORIENTED_EDGE ( 'NONE', *, *, #2314, .T. ) ;
#3703 = DIRECTION ( 'NONE',  ( 1.000000000000000000, 0.000000000000000000, 0.000000000000000000 ) ) ;
#3704 = ADVANCED_FACE ( 'NONE', ( #484 ), #4210, .T. ) ;
#3705 = CARTESIAN_POINT ( 'NONE',  ( 1.388014882866000166, 5.299999999999999822, 0.6399999999999999023 ) ) ;
#3706 = ORIENTED_EDGE ( 'NONE', *, *, #171, .T. ) ;
#3707 = DIRECTION ( 'NONE',  ( 1.000000000000000000, 0.000000000000000000, 0.000000000000000000 ) ) ;
#3708 = VERTEX_POINT ( 'NONE', #4141 ) ;
#3709 = EDGE_CURVE ( 'NONE', #2431, #552, #3478, .T. ) ;
#3710 = FACE_OUTER_BOUND ( 'NONE', #3085, .T. ) ;
#3711 = EDGE_CURVE ( 'NONE', #3476, #4496, #120, .T. ) ;
#3712 = ADVANCED_FACE ( 'NONE', ( #1192 ), #1610, .F. ) ;
#3713 = DIRECTION ( 'NONE',  ( -0.000000000000000000, 0.8137334712065322773, 0.5812381937193801251 ) ) ;
#3714 = LINE ( 'NONE', #350, #3207 ) ;
#3715 = ORIENTED_EDGE ( 'NONE', *, *, #4574, .F. ) ;
#3716 = CARTESIAN_POINT ( 'NONE',  ( 3.750000000000000000, -3.199999999999000089, 2.125642915617999673 ) ) ;
#3717 = CARTESIAN_POINT ( 'NONE',  ( -1.570000000000000062, 4.799999999999999822, 1.000013873792005015E-12 ) ) ;
#3718 = ORIENTED_EDGE ( 'NONE', *, *, #1310, .T. ) ;
#3719 = CARTESIAN_POINT ( 'NONE',  ( -4.150000000000000355, -4.899999999998999378, 2.125642915617999673 ) ) ;
#3720 = ORIENTED_EDGE ( 'NONE', *, *, #2741, .T. ) ;
#3721 = ORIENTED_EDGE ( 'NONE', *, *, #2653, .T. ) ;
#3722 = CARTESIAN_POINT ( 'NONE',  ( 4.224999999999999645, -4.692505281165000319, 2.125642915617999673 ) ) ;
#3723 = DIRECTION ( 'NONE',  ( 0.000000000000000000, -1.000000000000000000, -3.516331370223257730E-15 ) ) ;
#3724 = CARTESIAN_POINT ( 'NONE',  ( -0.9299999999989999599, 1.718784469735999965, 3.013489949669999834 ) ) ;
#3725 = ORIENTED_EDGE ( 'NONE', *, *, #3039, .T. ) ;
#3726 = LINE ( 'NONE', #2589, #2492 ) ;
#3727 = CARTESIAN_POINT ( 'NONE',  ( 4.150000000000000355, -3.499999999998999911, 0.000000000000000000 ) ) ;
#3728 = EDGE_LOOP ( 'NONE', ( #2119, #4578, #2487, #4194 ) ) ;
#3729 = FACE_BOUND ( 'NONE', #2830, .T. ) ;
#3730 = ORIENTED_EDGE ( 'NONE', *, *, #1962, .F. ) ;
#3731 = PLANE ( 'NONE',  #847 ) ;
#3732 = LINE ( 'NONE', #39, #1253 ) ;
#3733 = ORIENTED_EDGE ( 'NONE', *, *, #1783, .F. ) ;
#3734 = EDGE_CURVE ( 'NONE', #3313, #1990, #2686, .T. ) ;
#3735 = DIRECTION ( 'NONE',  ( -1.000000000000000000, 0.000000000000000000, 0.000000000000000000 ) ) ;
#3736 = CARTESIAN_POINT ( 'NONE',  ( -1.111985117132999967, -3.960567877848999885, 3.568014882866000548 ) ) ;
#3737 = ORIENTED_EDGE ( 'NONE', *, *, #4731, .F. ) ;
#3738 = DIRECTION ( 'NONE',  ( 0.000000000000000000, -1.000000000000000000, -3.491481338843000432E-15 ) ) ;
#3739 = ADVANCED_FACE ( 'NONE', ( #4239 ), #2366, .T. ) ;
#3740 = ORIENTED_EDGE ( 'NONE', *, *, #1458, .F. ) ;
#3741 = ORIENTED_EDGE ( 'NONE', *, *, #1967, .T. ) ;
#3742 = DIRECTION ( 'NONE',  ( 1.000000000000000000, 0.000000000000000000, 0.000000000000000000 ) ) ;
#3743 = CARTESIAN_POINT ( 'NONE',  ( 3.024999999999999911, 9.300164471903999086, 0.8099999999999999423 ) ) ;
#3744 = AXIS2_PLACEMENT_3D ( 'NONE', #4310, #1754, #2875 ) ;
#3745 = EDGE_LOOP ( 'NONE', ( #1511, #764, #3790, #3105, #4160, #1353, #2500, #306 ) ) ;
#3746 = LINE ( 'NONE', #3796, #4164 ) ;
#3747 = LINE ( 'NONE', #3409, #4786 ) ;
#3748 = CARTESIAN_POINT ( 'NONE',  ( 3.024999999999999911, 1.199999999998999867, 4.309999999999999609 ) ) ;
#3749 = ORIENTED_EDGE ( 'NONE', *, *, #1969, .F. ) ;
#3750 = VECTOR ( 'NONE', #3267, 1000.000000000000000 ) ;
#3751 = DIRECTION ( 'NONE',  ( 0.000000000000000000, -3.491481338843000432E-15, 1.000000000000000000 ) ) ;
#3752 = ORIENTED_EDGE ( 'NONE', *, *, #974, .F. ) ;
#3753 = CARTESIAN_POINT ( 'NONE',  ( -1.570000000000000062, 1.618845387034999916, 3.009999999999999787 ) ) ;
#3754 = VECTOR ( 'NONE', #2932, 1000.000000000000000 ) ;
#3755 = VECTOR ( 'NONE', #1176, 1000.000000000000000 ) ;
#3756 = DIRECTION ( 'NONE',  ( 0.000000000000000000, -3.956139412765000600E-15, 1.000000000000000000 ) ) ;
#3757 = CARTESIAN_POINT ( 'NONE',  ( -0.9299999999989999599, 2.500000000000000000, 0.6999999999999999556 ) ) ;
#3758 = VECTOR ( 'NONE', #59, 1000.000000000000114 ) ;
#3759 = ORIENTED_EDGE ( 'NONE', *, *, #2057, .F. ) ;
#3760 = VECTOR ( 'NONE', #4492, 1000.000000000000000 ) ;
#3761 = EDGE_LOOP ( 'NONE', ( #3327, #1813, #2331, #3562 ) ) ;
#3762 = DIRECTION ( 'NONE',  ( -1.000000000000000000, 0.000000000000000000, 0.000000000000000000 ) ) ;
#3763 = DIRECTION ( 'NONE',  ( 0.3236155771183229501, -0.8891264907158876740, -0.3236155771183229501 ) ) ;
#3764 = ORIENTED_EDGE ( 'NONE', *, *, #171, .F. ) ;
#3765 = ADVANCED_FACE ( 'NONE', ( #4283 ), #579, .F. ) ;
#3766 = CIRCLE ( 'NONE', #4632, 0.06000000000000015737 ) ;
#3767 = EDGE_CURVE ( 'NONE', #4656, #422, #3940, .T. ) ;
#3768 = ORIENTED_EDGE ( 'NONE', *, *, #1910, .T. ) ;
#3769 = EDGE_CURVE ( 'NONE', #2464, #1256, #509, .T. ) ;
#3770 = ORIENTED_EDGE ( 'NONE', *, *, #1488, .F. ) ;
#3771 = DIRECTION ( 'NONE',  ( -1.000000000000000000, 0.000000000000000000, 0.000000000000000000 ) ) ;
#3772 = CARTESIAN_POINT ( 'NONE',  ( 3.725000000000000089, -2.812216340087000166, 2.125642915617999673 ) ) ;
#3773 = CIRCLE ( 'NONE', #2278, 0.7000000000000000666 ) ;
#3774 = ORIENTED_EDGE ( 'NONE', *, *, #677, .T. ) ;
#3775 = FACE_OUTER_BOUND ( 'NONE', #690, .T. ) ;
#3776 = ADVANCED_FACE ( 'NONE', ( #2054 ), #4663, .T. ) ;
#3777 = CARTESIAN_POINT ( 'NONE',  ( -3.024999999999999911, 1.000000000000000000, 0.8099999999999999423 ) ) ;
#3778 = DIRECTION ( 'NONE',  ( 0.000000000000000000, 1.000000000000000000, 3.501506313189000431E-15 ) ) ;
#3779 = CARTESIAN_POINT ( 'NONE',  ( -3.750000000000000000, -4.692505281165000319, 2.125642915617999673 ) ) ;
#3780 = EDGE_LOOP ( 'NONE', ( #2162, #696, #720, #455 ) ) ;
#3781 = FACE_OUTER_BOUND ( 'NONE', #1905, .T. ) ;
#3782 = DIRECTION ( 'NONE',  ( -1.000000000000000000, 0.000000000000000000, 0.000000000000000000 ) ) ;
#3783 = CARTESIAN_POINT ( 'NONE',  ( -3.524999999998999822, 2.299999999999999822, 0.01000000000099998676 ) ) ;
#3784 = ORIENTED_EDGE ( 'NONE', *, *, #822, .T. ) ;
#3785 = ORIENTED_EDGE ( 'NONE', *, *, #2653, .F. ) ;
#3786 = LINE ( 'NONE', #444, #2415 ) ;
#3787 = FACE_OUTER_BOUND ( 'NONE', #1361, .T. ) ;
#3788 = VECTOR ( 'NONE', #4721, 1000.000000000000000 ) ;
#3789 = ORIENTED_EDGE ( 'NONE', *, *, #2528, .F. ) ;
#3790 = ORIENTED_EDGE ( 'NONE', *, *, #2316, .T. ) ;
#3791 = FACE_OUTER_BOUND ( 'NONE', #201, .T. ) ;
#3792 = CARTESIAN_POINT ( 'NONE',  ( -3.524999999998999822, 2.299999999999999822, 0.01000000000099998676 ) ) ;
#3793 = AXIS2_PLACEMENT_3D ( 'NONE', #1234, #502, #962 ) ;
#3794 = EDGE_CURVE ( 'NONE', #1185, #912, #3199, .T. ) ;
#3795 = ADVANCED_FACE ( 'NONE', ( #4260 ), #4713, .T. ) ;
#3796 = CARTESIAN_POINT ( 'NONE',  ( -3.024999999999999911, 0.9568123215889999811, -0.5495372502249999958 ) ) ;
#3797 = LINE ( 'NONE', #483, #3450 ) ;
#3798 = DIRECTION ( 'NONE',  ( 0.000000000000000000, -3.491481338843000432E-15, 1.000000000000000000 ) ) ;
#3799 = DIRECTION ( 'NONE',  ( 1.000000000000000000, 0.000000000000000000, 0.000000000000000000 ) ) ;
#3800 = EDGE_LOOP ( 'NONE', ( #2289, #2087, #600, #1501 ) ) ;
#3801 = EDGE_CURVE ( 'NONE', #1032, #2343, #694, .T. ) ;
#3802 = LINE ( 'NONE', #1935, #3528 ) ;
#3803 = CARTESIAN_POINT ( 'NONE',  ( -5.000000000000000000, -2.688637864771999730, 4.209999999998999876 ) ) ;
#3804 = ORIENTED_EDGE ( 'NONE', *, *, #2438, .F. ) ;
#3805 = ORIENTED_EDGE ( 'NONE', *, *, #2617, .F. ) ;
#3806 = CARTESIAN_POINT ( 'NONE',  ( 3.725000000000000089, 2.499999999998999911, 4.110000000000000320 ) ) ;
#3807 = DIRECTION ( 'NONE',  ( 0.000000000000000000, -3.491481338843000432E-15, 1.000000000000000000 ) ) ;
#3808 = VERTEX_POINT ( 'NONE', #1340 ) ;
#3809 = LINE ( 'NONE', #3837, #3750 ) ;
#3810 = LINE ( 'NONE', #2308, #2034 ) ;
#3811 = ORIENTED_EDGE ( 'NONE', *, *, #2164, .F. ) ;
#3812 = CARTESIAN_POINT ( 'NONE',  ( 2.924999999999000178, 2.299999999999999822, 0.01000000000099998676 ) ) ;
#3813 = DIRECTION ( 'NONE',  ( 1.000000000000000000, 0.000000000000000000, 0.000000000000000000 ) ) ;
#3814 = PLANE ( 'NONE',  #3819 ) ;
#3815 = LINE ( 'NONE', #3412, #2892 ) ;
#3816 = EDGE_CURVE ( 'NONE', #1507, #2631, #949, .T. ) ;
#3817 = VERTEX_POINT ( 'NONE', #898 ) ;
#3818 = ORIENTED_EDGE ( 'NONE', *, *, #4020, .T. ) ;
#3819 = AXIS2_PLACEMENT_3D ( 'NONE', #3410, #2341, #32 ) ;
#3820 = DIRECTION ( 'NONE',  ( 0.000000000000000000, 1.000000000000000000, 0.000000000000000000 ) ) ;
#3821 = ADVANCED_FACE ( 'NONE', ( #2856 ), #2007, .T. ) ;
#3822 = VECTOR ( 'NONE', #19, 1000.000000000000000 ) ;
#3823 = DIRECTION ( 'NONE',  ( 0.000000000000000000, -4.169107696646000125E-15, 1.000000000000000000 ) ) ;
#3824 = CARTESIAN_POINT ( 'NONE',  ( -5.000000000000000000, -5.299999999998999733, 0.8099999999989999644 ) ) ;
#3825 = ORIENTED_EDGE ( 'NONE', *, *, #2863, .T. ) ;
#3826 = VECTOR ( 'NONE', #2507, 1000.000000000000000 ) ;
#3827 = CARTESIAN_POINT ( 'NONE',  ( 1.570000000000000062, -3.960567877848999885, 3.109999999998999787 ) ) ;
#3828 = ORIENTED_EDGE ( 'NONE', *, *, #1305, .T. ) ;
#3829 = VECTOR ( 'NONE', #199, 1000.000000000000000 ) ;
#3830 = DIRECTION ( 'NONE',  ( -1.000000000000000000, 0.000000000000000000, 0.000000000000000000 ) ) ;
#3831 = VECTOR ( 'NONE', #2944, 1000.000000000000000 ) ;
#3832 = AXIS2_PLACEMENT_3D ( 'NONE', #4255, #2756, #893 ) ;
#3833 = DIRECTION ( 'NONE',  ( 0.000000000000000000, -3.491481338843000432E-15, 1.000000000000000000 ) ) ;
#3834 = ORIENTED_EDGE ( 'NONE', *, *, #582, .T. ) ;
#3835 = AXIS2_PLACEMENT_3D ( 'NONE', #245, #1685, #3996 ) ;
#3836 = VECTOR ( 'NONE', #3653, 1000.000000000000000 ) ;
#3837 = CARTESIAN_POINT ( 'NONE',  ( -2.124999999998999911, -4.159415119350000190, 5.409999999999000053 ) ) ;
#3838 = VECTOR ( 'NONE', #4404, 1000.000000000000000 ) ;
#3839 = VERTEX_POINT ( 'NONE', #1364 ) ;
#3840 = DIRECTION ( 'NONE',  ( 0.000000000000000000, 3.491481338843000432E-15, -1.000000000000000000 ) ) ;
#3841 = CIRCLE ( 'NONE', #4319, 0.2999999999989998445 ) ;
#3842 = VERTEX_POINT ( 'NONE', #3923 ) ;
#3843 = LINE ( 'NONE', #117, #2954 ) ;
#3844 = VERTEX_POINT ( 'NONE', #143 ) ;
#3845 = CIRCLE ( 'NONE', #1574, 0.2000000000000000944 ) ;
#3846 = FACE_OUTER_BOUND ( 'NONE', #2252, .T. ) ;
#3847 = DIRECTION ( 'NONE',  ( 0.000000000000000000, 1.000000000000000000, 3.491481338843000432E-15 ) ) ;
#3848 = CARTESIAN_POINT ( 'NONE',  ( -3.024999999998999822, -2.488637864772000441, 4.209999999998999876 ) ) ;
#3849 = ORIENTED_EDGE ( 'NONE', *, *, #2744, .T. ) ;
#3850 = ORIENTED_EDGE ( 'NONE', *, *, #1998, .F. ) ;
#3851 = CARTESIAN_POINT ( 'NONE',  ( 1.570000000000000062, 2.500000000000000000, 0.6399999999999999023 ) ) ;
#3852 = DIRECTION ( 'NONE',  ( 1.000000000000000000, 0.000000000000000000, 0.000000000000000000 ) ) ;
#3853 = ORIENTED_EDGE ( 'NONE', *, *, #885, .T. ) ;
#3854 = CARTESIAN_POINT ( 'NONE',  ( 1.891846170922000026, -4.659415119349999301, 6.109999999999000231 ) ) ;
#3855 = EDGE_LOOP ( 'NONE', ( #2989, #638, #4810, #3503 ) ) ;
#3856 = EDGE_CURVE ( 'NONE', #2679, #2080, #4736, .T. ) ;
#3857 = ADVANCED_FACE ( 'NONE', ( #601, #3505, #1291 ), #2095, .F. ) ;
#3858 = CARTESIAN_POINT ( 'NONE',  ( 3.024999999999999911, 1.199999999998999867, 5.110000000000000320 ) ) ;
#3859 = EDGE_CURVE ( 'NONE', #2926, #3001, #2786, .T. ) ;
#3860 = ORIENTED_EDGE ( 'NONE', *, *, #4063, .F. ) ;
#3861 = DIRECTION ( 'NONE',  ( 0.000000000000000000, 1.000000000000000000, 3.516331370223257730E-15 ) ) ;
#3862 = CARTESIAN_POINT ( 'NONE',  ( -3.750000000000000000, -5.199999999999000089, -2.039607805436999932 ) ) ;
#3863 = ORIENTED_EDGE ( 'NONE', *, *, #4037, .T. ) ;
#3864 = LINE ( 'NONE', #3884, #613 ) ;
#3865 = ORIENTED_EDGE ( 'NONE', *, *, #3190, .F. ) ;
#3866 = DIRECTION ( 'NONE',  ( -1.000000000000000000, 1.758165685110999749E-16, 6.138602680161000941E-31 ) ) ;
#3867 = LINE ( 'NONE', #816, #448 ) ;
#3868 = CARTESIAN_POINT ( 'NONE',  ( -0.7499999999990000221, 1.399999999999999911, 0.8099999999999999423 ) ) ;
#3869 = VECTOR ( 'NONE', #490, 1000.000000000000000 ) ;
#3870 = DIRECTION ( 'NONE',  ( 1.000000000000000000, 0.000000000000000000, 0.000000000000000000 ) ) ;
#3871 = EDGE_CURVE ( 'NONE', #1262, #3808, #4312, .T. ) ;
#3872 = CARTESIAN_POINT ( 'NONE',  ( 0.7500000000000000000, 1.699999999999999956, 0.8099999999999999423 ) ) ;
#3873 =( NAMED_UNIT ( * ) SI_UNIT ( $, .STERADIAN. ) SOLID_ANGLE_UNIT ( ) );
#3874 = CARTESIAN_POINT ( 'NONE',  ( 1.425000000000000044, -1.800000000000000044, 5.409999999999000053 ) ) ;
#3875 = CARTESIAN_POINT ( 'NONE',  ( -1.388014882866000166, -3.960567877848999885, 3.568014882866000548 ) ) ;
#3876 = ORIENTED_EDGE ( 'NONE', *, *, #3801, .F. ) ;
#3877 = DIRECTION ( 'NONE',  ( 0.000000000000000000, -3.491481338843000432E-15, 1.000000000000000000 ) ) ;
#3878 = DIRECTION ( 'NONE',  ( 0.000000000000000000, -3.491481338843000432E-15, 1.000000000000000000 ) ) ;
#3879 = CARTESIAN_POINT ( 'NONE',  ( 0.000000000000000000, 2.500000000000000000, 2.125642915617999673 ) ) ;
#3880 = LINE ( 'NONE', #1550, #3368 ) ;
#3881 = EDGE_LOOP ( 'NONE', ( #4348, #1617, #3752, #858 ) ) ;
#3882 = VECTOR ( 'NONE', #2593, 1000.000000000000000 ) ;
#3883 = EDGE_CURVE ( 'NONE', #832, #1507, #989, .T. ) ;
#3884 = CARTESIAN_POINT ( 'NONE',  ( -4.224999999999999645, -4.692505281165000319, 2.125642915617999673 ) ) ;
#3885 = EDGE_CURVE ( 'NONE', #1814, #4747, #4685, .T. ) ;
#3886 = ORIENTED_EDGE ( 'NONE', *, *, #2646, .T. ) ;
#3887 = DIRECTION ( 'NONE',  ( 0.000000000000000000, 1.000000000000000000, 3.501506313189000431E-15 ) ) ;
#3888 = DIRECTION ( 'NONE',  ( 1.000000000000000000, -6.776263578034000393E-16, -2.365919782978000115E-30 ) ) ;
#3889 = DIRECTION ( 'NONE',  ( 0.000000000000000000, 1.000000000000000000, 4.169107696646000125E-15 ) ) ;
#3890 = ORIENTED_EDGE ( 'NONE', *, *, #4183, .T. ) ;
#3891 = DIRECTION ( 'NONE',  ( 0.000000000000000000, 1.000000000000000000, 3.516331370223257730E-15 ) ) ;
#3892 = ORIENTED_EDGE ( 'NONE', *, *, #4704, .T. ) ;
#3893 = DIRECTION ( 'NONE',  ( 1.000000000000000000, 0.000000000000000000, 0.000000000000000000 ) ) ;
#3894 = EDGE_CURVE ( 'NONE', #1262, #1993, #1491, .T. ) ;
#3895 = DIRECTION ( 'NONE',  ( 0.000000000000000000, 0.000000000000000000, 1.000000000000000000 ) ) ;
#3896 = CARTESIAN_POINT ( 'NONE',  ( -2.124999999998999911, -5.299999999999999822, 6.109999999999000231 ) ) ;
#3897 = ORIENTED_EDGE ( 'NONE', *, *, #2000, .F. ) ;
#3898 = DIRECTION ( 'NONE',  ( -1.000000000000000000, 0.000000000000000000, 0.000000000000000000 ) ) ;
#3899 = CARTESIAN_POINT ( 'NONE',  ( -0.9299999999989999599, 5.299999999999999822, 0.6399999999999999023 ) ) ;
#3900 =( GEOMETRIC_REPRESENTATION_CONTEXT ( 3 ) GLOBAL_UNCERTAINTY_ASSIGNED_CONTEXT ( ( #963 ) ) GLOBAL_UNIT_ASSIGNED_CONTEXT ( ( #3946, #1368, #213 ) ) REPRESENTATION_CONTEXT ( 'NONE', 'WORKASPACE' ) );
#3901 = VECTOR ( 'NONE', #2472, 1000.000000000000000 ) ;
#3902 = LINE ( 'NONE', #1351, #2652 ) ;
#3903 = DIRECTION ( 'NONE',  ( -0.000000000000000000, 0.9993908270191130816, 0.03489949670200395010 ) ) ;
#3904 = VECTOR ( 'NONE', #1242, 1000.000000000000000 ) ;
#3905 = ORIENTED_EDGE ( 'NONE', *, *, #381, .F. ) ;
#3906 = AXIS2_PLACEMENT_3D ( 'NONE', #250, #1719, #3188 ) ;
#3907 = VERTEX_POINT ( 'NONE', #1835 ) ;
#3908 = DIRECTION ( 'NONE',  ( 0.000000000000000000, 1.000000000000000000, 4.336808689963701156E-15 ) ) ;
#3909 = VECTOR ( 'NONE', #1182, 1000.000000000000000 ) ;
#3910 = EDGE_CURVE ( 'NONE', #2997, #682, #4462, .T. ) ;
#3911 = ORIENTED_EDGE ( 'NONE', *, *, #1427, .F. ) ;
#3912 = CARTESIAN_POINT ( 'NONE',  ( 1.750000000000000000, -5.299999999998999733, 0.1100000000000000144 ) ) ;
#3913 = VECTOR ( 'NONE', #4053, 1000.000000000000000 ) ;
#3914 = EDGE_CURVE ( 'NONE', #3476, #2104, #2909, .T. ) ;
#3915 = VECTOR ( 'NONE', #3877, 1000.000000000000000 ) ;
#3916 = ADVANCED_FACE ( 'NONE', ( #1857 ), #1755, .T. ) ;
#3917 = EDGE_CURVE ( 'NONE', #3131, #4054, #1063, .T. ) ;
#3918 = EDGE_LOOP ( 'NONE', ( #2689, #2032, #118, #1679 ) ) ;
#3919 = CARTESIAN_POINT ( 'NONE',  ( 4.799999999998999733, -2.612216340086999988, 0.009999999999999972453 ) ) ;
#3920 = CIRCLE ( 'NONE', #1098, 0.2999999999989998445 ) ;
#3921 = ORIENTED_EDGE ( 'NONE', *, *, #1339, .F. ) ;
#3922 = VECTOR ( 'NONE', #2030, 1000.000000000000000 ) ;
#3923 = CARTESIAN_POINT ( 'NONE',  ( -4.999999999998999911, -2.812216340087000166, 1.125642915617999895 ) ) ;
#3924 = DIRECTION ( 'NONE',  ( 0.000000000000000000, -3.491481338843000432E-15, 1.000000000000000000 ) ) ;
#3925 = PLANE ( 'NONE',  #1642 ) ;
#3926 = CARTESIAN_POINT ( 'NONE',  ( 1.388014882866000166, 5.299999999999999822, 0.1819851171340000073 ) ) ;
#3927 = ORIENTED_EDGE ( 'NONE', *, *, #852, .F. ) ;
#3928 = DIRECTION ( 'NONE',  ( 1.000000000000000000, 0.000000000000000000, 0.000000000000000000 ) ) ;
#3929 = VECTOR ( 'NONE', #4539, 1000.000000000000000 ) ;
#3930 = DIRECTION ( 'NONE',  ( 0.000000000000000000, 4.169107696646000125E-15, -1.000000000000000000 ) ) ;
#3931 = PLANE ( 'NONE',  #4779 ) ;
#3932 = CARTESIAN_POINT ( 'NONE',  ( 3.524999999999999911, -1.768312994765999679, 0.009999999999999972453 ) ) ;
#3933 = ORIENTED_EDGE ( 'NONE', *, *, #267, .F. ) ;
#3934 = ORIENTED_EDGE ( 'NONE', *, *, #4127, .T. ) ;
#3935 = CARTESIAN_POINT ( 'NONE',  ( 4.150000000000000355, -3.199999999999000089, 0.2999999999999999889 ) ) ;
#3936 = VERTEX_POINT ( 'NONE', #2166 ) ;
#3937 = DIRECTION ( 'NONE',  ( -2.710505431212999834E-16, 1.000000000000000000, 3.491481338843000432E-15 ) ) ;
#3938 = ORIENTED_EDGE ( 'NONE', *, *, #3252, .T. ) ;
#3939 = FACE_OUTER_BOUND ( 'NONE', #1130, .T. ) ;
#3940 = LINE ( 'NONE', #3569, #1875 ) ;
#3941 = EDGE_CURVE ( 'NONE', #2671, #1534, #2952, .T. ) ;
#3942 = CARTESIAN_POINT ( 'NONE',  ( -3.750000000000000000, -5.199999999999000089, 0.000000000000000000 ) ) ;
#3943 = EDGE_CURVE ( 'NONE', #4368, #3223, #284, .T. ) ;
#3944 = ORIENTED_EDGE ( 'NONE', *, *, #1601, .F. ) ;
#3945 = CARTESIAN_POINT ( 'NONE',  ( 3.524999999999999911, -2.612216340086999988, 0.009999999999999972453 ) ) ;
#3946 =( LENGTH_UNIT ( ) NAMED_UNIT ( * ) SI_UNIT ( .MILLI., .METRE. ) );
#3947 = EDGE_LOOP ( 'NONE', ( #3102, #4678, #725, #3244, #397, #3272, #1917, #1652, #2267, #3849, #1397, #2934 ) ) ;
#3948 = EDGE_CURVE ( 'NONE', #173, #1991, #1781, .T. ) ;
#3949 = ORIENTED_EDGE ( 'NONE', *, *, #1388, .F. ) ;
#3950 = CARTESIAN_POINT ( 'NONE',  ( 1.570000000000000062, 1.718784469735999965, 3.013489949669999834 ) ) ;
#3951 = VECTOR ( 'NONE', #698, 1000.000000000000000 ) ;
#3952 = DIRECTION ( 'NONE',  ( -1.000000000000000000, 0.000000000000000000, 0.000000000000000000 ) ) ;
#3953 = CARTESIAN_POINT ( 'NONE',  ( 1.570000000000000062, 5.299999999999999822, 0.1819851171340000073 ) ) ;
#3954 = CARTESIAN_POINT ( 'NONE',  ( -5.000000000000000000, -2.688637864771999730, 4.209999999998999876 ) ) ;
#3955 = ORIENTED_EDGE ( 'NONE', *, *, #4037, .F. ) ;
#3956 = EDGE_CURVE ( 'NONE', #526, #2729, #3990, .T. ) ;
#3957 = VERTEX_POINT ( 'NONE', #4066 ) ;
#3958 = CARTESIAN_POINT ( 'NONE',  ( -4.150000000000000355, -4.899999999998999378, 0.000000000000000000 ) ) ;
#3959 = DIRECTION ( 'NONE',  ( 0.000000000000000000, -3.501506313189000431E-15, 1.000000000000000000 ) ) ;
#3960 = ORIENTED_EDGE ( 'NONE', *, *, #4366, .T. ) ;
#3961 = FACE_OUTER_BOUND ( 'NONE', #1831, .T. ) ;
#3962 = VERTEX_POINT ( 'NONE', #3249 ) ;
#3963 = FACE_OUTER_BOUND ( 'NONE', #64, .T. ) ;
#3964 = DIRECTION ( 'NONE',  ( 0.000000000000000000, 4.169107696646000125E-15, -1.000000000000000000 ) ) ;
#3965 = DIRECTION ( 'NONE',  ( 1.000000000000000000, 0.000000000000000000, 0.000000000000000000 ) ) ;
#3966 = ORIENTED_EDGE ( 'NONE', *, *, #4433, .T. ) ;
#3967 = ORIENTED_EDGE ( 'NONE', *, *, #2061, .F. ) ;
#3968 = LINE ( 'NONE', #3600, #4711 ) ;
#3969 = EDGE_CURVE ( 'NONE', #2675, #2747, #260, .T. ) ;
#3970 = EDGE_LOOP ( 'NONE', ( #2011, #2838, #2791, #251 ) ) ;
#3971 = CARTESIAN_POINT ( 'NONE',  ( 3.725000000000000089, -5.299999999998999733, 0.1100000000000000144 ) ) ;
#3972 = EDGE_CURVE ( 'NONE', #633, #554, #3667, .T. ) ;
#3973 = DIRECTION ( 'NONE',  ( -0.9396926207860170077, 0.3420201433253705070, 1.194156947931292562E-15 ) ) ;
#3974 = DIRECTION ( 'NONE',  ( 0.000000000000000000, 0.3420201433253705070, -0.9396926207860170077 ) ) ;
#3975 = DIRECTION ( 'NONE',  ( 0.000000000000000000, 1.000000000000000000, 3.516331370223257730E-15 ) ) ;
#3976 = VERTEX_POINT ( 'NONE', #1018 ) ;
#3977 = VECTOR ( 'NONE', #4184, 1000.000000000000000 ) ;
#3978 = EDGE_LOOP ( 'NONE', ( #3297, #3715, #1434, #4189 ) ) ;
#3979 = CARTESIAN_POINT ( 'NONE',  ( -0.9299999999989999599, -3.960567877848999885, 3.568014882866000548 ) ) ;
#3980 = AXIS2_PLACEMENT_3D ( 'NONE', #4416, #711, #3256 ) ;
#3981 = DIRECTION ( 'NONE',  ( 1.000000000000000000, 0.000000000000000000, 0.000000000000000000 ) ) ;
#3982 = VECTOR ( 'NONE', #1603, 1000.000000000000000 ) ;
#3983 = ORIENTED_EDGE ( 'NONE', *, *, #2802, .F. ) ;
#3984 = DIRECTION ( 'NONE',  ( 1.000000000000000000, 0.000000000000000000, 0.000000000000000000 ) ) ;
#3985 = VECTOR ( 'NONE', #3807, 1000.000000000000000 ) ;
#3986 = VECTOR ( 'NONE', #4190, 1000.000000000000000 ) ;
#3987 = ORIENTED_EDGE ( 'NONE', *, *, #3610, .F. ) ;
#3988 = CARTESIAN_POINT ( 'NONE',  ( 3.725000000000000089, -4.692505281165000319, 1.125642915617999895 ) ) ;
#3989 = VECTOR ( 'NONE', #515, 1000.000000000000000 ) ;
#3990 = LINE ( 'NONE', #4410, #303 ) ;
#3991 = DIRECTION ( 'NONE',  ( 0.000000000000000000, -1.000000000000000000, -3.433306879548876816E-15 ) ) ;
#3992 = VECTOR ( 'NONE', #1726, 1000.000000000000000 ) ;
#3993 = EDGE_LOOP ( 'NONE', ( #1641, #3175, #1943, #1695 ) ) ;
#3994 = VECTOR ( 'NONE', #2073, 1000.000000000000000 ) ;
#3995 = CARTESIAN_POINT ( 'NONE',  ( 4.224999999999999645, -4.692505281165000319, 2.125642915617999673 ) ) ;
#3996 = DIRECTION ( 'NONE',  ( 0.000000000000000000, 1.000000000000000000, 4.336808689942015369E-15 ) ) ;
#3997 = ORIENTED_EDGE ( 'NONE', *, *, #528, .F. ) ;
#3998 = CARTESIAN_POINT ( 'NONE',  ( -2.125000000000000000, -2.500000000000000000, 5.409999999999000053 ) ) ;
#3999 = CARTESIAN_POINT ( 'NONE',  ( 1.388014882866000166, 5.299999999999999822, 0.6399999999999999023 ) ) ;
#4000 = DIRECTION ( 'NONE',  ( -1.000000000000000000, -5.226912349261999855E-16, -1.824966692721000197E-30 ) ) ;
#4001 = VERTEX_POINT ( 'NONE', #2199 ) ;
#4002 = DIRECTION ( 'NONE',  ( 0.000000000000000000, -3.553435748699000723E-15, 1.000000000000000000 ) ) ;
#4003 = EDGE_CURVE ( 'NONE', #1761, #4719, #3700, .T. ) ;
#4004 = CARTESIAN_POINT ( 'NONE',  ( 3.024999999999999911, -5.299999999998999733, 0.8099999999989999644 ) ) ;
#4005 = VECTOR ( 'NONE', #2585, 1000.000000000000000 ) ;
#4006 = ORIENTED_EDGE ( 'NONE', *, *, #944, .T. ) ;
#4007 = ADVANCED_FACE ( 'NONE', ( #4835 ), #1416, .T. ) ;
#4008 = EDGE_CURVE ( 'NONE', #4112, #336, #728, .T. ) ;
#4009 = ORIENTED_EDGE ( 'NONE', *, *, #3595, .T. ) ;
#4010 = CARTESIAN_POINT ( 'NONE',  ( 1.570000000000000062, 1.718784469735999965, 3.013489949669999834 ) ) ;
#4011 = CARTESIAN_POINT ( 'NONE',  ( 0.7500000000000000000, 2.500000000000000000, 0.8099999999999999423 ) ) ;
#4012 = ORIENTED_EDGE ( 'NONE', *, *, #3433, .F. ) ;
#4013 = LINE ( 'NONE', #652, #2299 ) ;
#4014 = EDGE_CURVE ( 'NONE', #3020, #1772, #2532, .T. ) ;
#4015 = EDGE_LOOP ( 'NONE', ( #4599, #3459, #3322, #4641, #1623, #657, #4361, #3606 ) ) ;
#4016 = FACE_OUTER_BOUND ( 'NONE', #821, .T. ) ;
#4017 = CARTESIAN_POINT ( 'NONE',  ( 1.570000000000000062, 1.618845387034999916, 3.009999999999999787 ) ) ;
#4018 = LINE ( 'NONE', #4737, #1418 ) ;
#4019 = EDGE_LOOP ( 'NONE', ( #478, #3469, #2046, #1155 ) ) ;
#4020 = EDGE_CURVE ( 'NONE', #3346, #4242, #2584, .T. ) ;
#4021 = FACE_OUTER_BOUND ( 'NONE', #3728, .T. ) ;
#4022 = DIRECTION ( 'NONE',  ( -0.9396926207860170077, -0.3420201433253705070, -1.425918811948542172E-15 ) ) ;
#4023 = ORIENTED_EDGE ( 'NONE', *, *, #55, .F. ) ;
#4024 = LINE ( 'NONE', #3998, #13 ) ;
#4025 = VERTEX_POINT ( 'NONE', #4859 ) ;
#4026 = DIRECTION ( 'NONE',  ( 0.000000000000000000, 1.000000000000000000, 3.491481338843000432E-15 ) ) ;
#4027 = CARTESIAN_POINT ( 'NONE',  ( 3.725000000000000089, -1.568312994765999946, 2.635691244187000404 ) ) ;
#4028 = FACE_OUTER_BOUND ( 'NONE', #3425, .T. ) ;
#4029 = CARTESIAN_POINT ( 'NONE',  ( 3.024999999999999911, 1.399999999998999822, 4.309999999999999609 ) ) ;
#4030 = AXIS2_PLACEMENT_3D ( 'NONE', #2975, #4484, #2693 ) ;
#4031 = ORIENTED_EDGE ( 'NONE', *, *, #3137, .F. ) ;
#4032 = ORIENTED_EDGE ( 'NONE', *, *, #2832, .F. ) ;
#4033 = CARTESIAN_POINT ( 'NONE',  ( -5.000000000000000000, -5.299999999999999822, 4.709999999998999876 ) ) ;
#4034 = LINE ( 'NONE', #2525, #3838 ) ;
#4035 = ORIENTED_EDGE ( 'NONE', *, *, #1971, .F. ) ;
#4036 = CARTESIAN_POINT ( 'NONE',  ( -4.999999999998999911, -2.812216340087000166, 1.125642915617999895 ) ) ;
#4037 = EDGE_CURVE ( 'NONE', #1087, #1060, #2980, .T. ) ;
#4038 = ORIENTED_EDGE ( 'NONE', *, *, #3969, .T. ) ;
#4039 = PLANE ( 'NONE',  #918 ) ;
#4040 = EDGE_CURVE ( 'NONE', #547, #2679, #2123, .T. ) ;
#4041 = CARTESIAN_POINT ( 'NONE',  ( -3.725000000000000089, 2.499999999998999911, 4.110000000000000320 ) ) ;
#4042 = CARTESIAN_POINT ( 'NONE',  ( -2.125000000000000000, -2.500000000000000000, 5.409999999999000053 ) ) ;
#4043 = ORIENTED_EDGE ( 'NONE', *, *, #4831, .T. ) ;
#4044 = CARTESIAN_POINT ( 'NONE',  ( -1.570000000000000062, 1.618845387034999916, 3.109999999999999876 ) ) ;
#4045 = CARTESIAN_POINT ( 'NONE',  ( -2.125000000000000000, -2.500000000000000000, 6.109999999999000231 ) ) ;
#4046 = ORIENTED_EDGE ( 'NONE', *, *, #2181, .T. ) ;
#4047 = FACE_BOUND ( 'NONE', #2777, .T. ) ;
#4048 = ORIENTED_EDGE ( 'NONE', *, *, #4413, .F. ) ;
#4049 = EDGE_CURVE ( 'NONE', #2364, #1256, #2629, .T. ) ;
#4050 = CARTESIAN_POINT ( 'NONE',  ( -0.9299999999989999599, 2.500000000000000000, 1.000013873792005015E-12 ) ) ;
#4051 = ORIENTED_EDGE ( 'NONE', *, *, #3137, .T. ) ;
#4052 = CARTESIAN_POINT ( 'NONE',  ( -1.570000000000000062, 2.358394599029000283, 3.035825627559000317 ) ) ;
#4053 = DIRECTION ( 'NONE',  ( -1.000000000000000000, 0.000000000000000000, 0.000000000000000000 ) ) ;
#4054 = VERTEX_POINT ( 'NONE', #4556 ) ;
#4055 = EDGE_LOOP ( 'NONE', ( #2598, #1888, #892, #3418 ) ) ;
#4056 = LINE ( 'NONE', #3692, #4694 ) ;
#4057 = CARTESIAN_POINT ( 'NONE',  ( 3.750000000000000000, -3.199999999999000089, -2.039607805436999932 ) ) ;
#4058 = ORIENTED_EDGE ( 'NONE', *, *, #4409, .F. ) ;
#4059 = CARTESIAN_POINT ( 'NONE',  ( 3.024999999999999911, -2.902923579057999692, 4.709999999998999876 ) ) ;
#4060 = VECTOR ( 'NONE', #506, 1000.000000000000000 ) ;
#4061 = ORIENTED_EDGE ( 'NONE', *, *, #1458, .T. ) ;
#4062 = VECTOR ( 'NONE', #3312, 1000.000000000000000 ) ;
#4063 = EDGE_CURVE ( 'NONE', #1792, #3119, #796, .T. ) ;
#4064 = DIRECTION ( 'NONE',  ( 2.306458648560000148E-16, -1.000000000000000000, -3.491481338843000432E-15 ) ) ;
#4065 = VECTOR ( 'NONE', #1829, 1000.000000000000114 ) ;
#4066 = CARTESIAN_POINT ( 'NONE',  ( -3.024999999998999822, 1.199999999998999867, 4.309999999999999609 ) ) ;
#4067 = EDGE_CURVE ( 'NONE', #3808, #870, #1709, .T. ) ;
#4068 = VECTOR ( 'NONE', #1439, 1000.000000000000000 ) ;
#4069 = LINE ( 'NONE', #4784, #3145 ) ;
#4070 = EDGE_CURVE ( 'NONE', #4205, #480, #1948, .T. ) ;
#4071 = AXIS2_PLACEMENT_3D ( 'NONE', #4551, #2673, #4175 ) ;
#4072 = EDGE_CURVE ( 'NONE', #1820, #301, #2332, .T. ) ;
#4073 = CARTESIAN_POINT ( 'NONE',  ( -0.9299999999989999599, -3.460567877848999885, 0.6999999999990000887 ) ) ;
#4074 = VECTOR ( 'NONE', #239, 1000.000000000000000 ) ;
#4075 = LINE ( 'NONE', #2885, #4372 ) ;
#4076 = ORIENTED_EDGE ( 'NONE', *, *, #1547, .F. ) ;
#4077 = CARTESIAN_POINT ( 'NONE',  ( -5.000000000000000000, -2.740176884817000058, 4.626247638743000046 ) ) ;
#4078 = ORIENTED_EDGE ( 'NONE', *, *, #1365, .F. ) ;
#4079 = AXIS2_PLACEMENT_3D ( 'NONE', #3436, #3852, #1545 ) ;
#4080 = EDGE_LOOP ( 'NONE', ( #4200, #3169, #2173, #4089, #151, #2069, #946, #4097 ) ) ;
#4081 = DIRECTION ( 'NONE',  ( 1.000000000000000000, 0.000000000000000000, 0.000000000000000000 ) ) ;
#4082 = AXIS2_PLACEMENT_3D ( 'NONE', #1197, #2281, #3782 ) ;
#4083 = LINE ( 'NONE', #759, #236 ) ;
#4084 = VERTEX_POINT ( 'NONE', #3772 ) ;
#4085 = DIRECTION ( 'NONE',  ( -1.000000000000000000, 0.000000000000000000, 0.000000000000000000 ) ) ;
#4086 = DIRECTION ( 'NONE',  ( 0.000000000000000000, 4.169107696646000125E-15, -1.000000000000000000 ) ) ;
#4087 = ORIENTED_EDGE ( 'NONE', *, *, #1089, .T. ) ;
#4088 = CARTESIAN_POINT ( 'NONE',  ( 3.524999999999999911, 2.299999999999999822, 0.01000000000099998676 ) ) ;
#4089 = ORIENTED_EDGE ( 'NONE', *, *, #2019, .F. ) ;
#4090 = ORIENTED_EDGE ( 'NONE', *, *, #993, .F. ) ;
#4091 = FACE_OUTER_BOUND ( 'NONE', #196, .T. ) ;
#4092 = DIRECTION ( 'NONE',  ( 0.000000000000000000, -3.491481338843000432E-15, 1.000000000000000000 ) ) ;
#4093 = LINE ( 'NONE', #1858, #4237 ) ;
#4094 = CARTESIAN_POINT ( 'NONE',  ( 1.891846170922000026, -4.659415119349999301, 5.409999999999000053 ) ) ;
#4095 = CARTESIAN_POINT ( 'NONE',  ( 4.224999999999999645, -2.812216340087000166, 1.125642915617999895 ) ) ;
#4096 = EDGE_CURVE ( 'NONE', #1530, #4242, #1209, .T. ) ;
#4097 = ORIENTED_EDGE ( 'NONE', *, *, #4357, .F. ) ;
#4098 = CARTESIAN_POINT ( 'NONE',  ( -3.024999999998999822, -2.740176884817000058, 4.626247638743000046 ) ) ;
#4099 = VERTEX_POINT ( 'NONE', #1533 ) ;
#4100 = CARTESIAN_POINT ( 'NONE',  ( 0.9300000000000000488, 4.799999999999999822, 1.000013873792005015E-12 ) ) ;
#4101 = DIRECTION ( 'NONE',  ( -0.3420201433253704515, 0.9396926207860168967, 3.280919249725549977E-15 ) ) ;
#4102 = EDGE_CURVE ( 'NONE', #3612, #3957, #94, .T. ) ;
#4103 = LINE ( 'NONE', #2255, #3913 ) ;
#4104 = VERTEX_POINT ( 'NONE', #811 ) ;
#4105 = CARTESIAN_POINT ( 'NONE',  ( 1.570000000000000062, 2.358394599029000283, 3.035825627559000317 ) ) ;
#4106 = CARTESIAN_POINT ( 'NONE',  ( 3.524999999999999911, 2.299999999999999822, 0.01000000000099998676 ) ) ;
#4107 = VERTEX_POINT ( 'NONE', #1606 ) ;
#4108 = CARTESIAN_POINT ( 'NONE',  ( 1.570000000000000062, -3.460567877848999885, 3.109999999998999787 ) ) ;
#4109 = EDGE_CURVE ( 'NONE', #3482, #4434, #3403, .T. ) ;
#4110 = VECTOR ( 'NONE', #1750, 1000.000000000000000 ) ;
#4111 = ORIENTED_EDGE ( 'NONE', *, *, #2169, .F. ) ;
#4112 = VERTEX_POINT ( 'NONE', #50 ) ;
#4113 = DIRECTION ( 'NONE',  ( 0.3236155771183229501, -0.8891264907158876740, -0.3236155771183229501 ) ) ;
#4114 = CARTESIAN_POINT ( 'NONE',  ( 3.725000000000000089, -4.692505281165000319, 2.125642915617999673 ) ) ;
#4115 = EDGE_CURVE ( 'NONE', #2827, #1901, #114, .T. ) ;
#4116 = ORIENTED_EDGE ( 'NONE', *, *, #2496, .T. ) ;
#4117 = CARTESIAN_POINT ( 'NONE',  ( -4.224999999999999645, -2.812216340087000166, 2.125642915617999673 ) ) ;
#4118 = CARTESIAN_POINT ( 'NONE',  ( -5.000000000000000000, -2.902923579057999692, 4.509999999998999698 ) ) ;
#4119 = FACE_OUTER_BOUND ( 'NONE', #3234, .T. ) ;
#4120 = ORIENTED_EDGE ( 'NONE', *, *, #2797, .T. ) ;
#4121 = CARTESIAN_POINT ( 'NONE',  ( -0.9299999999989999599, 2.500000000000000000, 0.6399999999999999023 ) ) ;
#4122 = LINE ( 'NONE', #4473, #3647 ) ;
#4123 = EDGE_CURVE ( 'NONE', #3543, #1449, #3444, .T. ) ;
#4124 = DIRECTION ( 'NONE',  ( -6.395980882770000157E-16, 1.000000000000000000, 3.491481338843000432E-15 ) ) ;
#4125 = CARTESIAN_POINT ( 'NONE',  ( -1.388014882866000166, -3.960567877848999885, 3.291985117133000127 ) ) ;
#4126 = VERTEX_POINT ( 'NONE', #3792 ) ;
#4127 = EDGE_CURVE ( 'NONE', #2964, #4084, #2606, .T. ) ;
#4128 = EDGE_CURVE ( 'NONE', #365, #4534, #3810, .T. ) ;
#4129 = ORIENTED_EDGE ( 'NONE', *, *, #1438, .F. ) ;
#4130 = PLANE ( 'NONE',  #2098 ) ;
#4131 = DIRECTION ( 'NONE',  ( 0.000000000000000000, 1.000000000000000000, 3.956139412765000600E-15 ) ) ;
#4132 = VERTEX_POINT ( 'NONE', #3000 ) ;
#4133 = EDGE_CURVE ( 'NONE', #982, #538, #449, .T. ) ;
#4134 = ORIENTED_EDGE ( 'NONE', *, *, #2681, .F. ) ;
#4135 = CARTESIAN_POINT ( 'NONE',  ( 0.7499999999990000221, 1.399999999999999911, 0.8099999999999999423 ) ) ;
#4136 = CARTESIAN_POINT ( 'NONE',  ( -3.725000000000000089, -5.299999999999999822, 6.109999999999000231 ) ) ;
#4137 = ORIENTED_EDGE ( 'NONE', *, *, #4654, .F. ) ;
#4138 = CARTESIAN_POINT ( 'NONE',  ( -0.9299999999989999599, 2.500000000000000000, 0.6399999999999999023 ) ) ;
#4139 = CARTESIAN_POINT ( 'NONE',  ( -0.9299999999989999599, 2.500000000000000000, 0.6399999999999999023 ) ) ;
#4140 = AXIS2_PLACEMENT_3D ( 'NONE', #3705, #4022, #2590 ) ;
#4141 = CARTESIAN_POINT ( 'NONE',  ( 0.7499999999990000221, 1.399999999999999911, 0.8099999999999999423 ) ) ;
#4142 = VECTOR ( 'NONE', #1676, 1000.000000000000000 ) ;
#4143 = CARTESIAN_POINT ( 'NONE',  ( 1.425000000000000044, -1.800000000000000044, 5.409999999999000053 ) ) ;
#4144 = CARTESIAN_POINT ( 'NONE',  ( 0.9300000000000000488, 1.399999999999999911, 3.109999999999999876 ) ) ;
#4145 = VECTOR ( 'NONE', #4218, 1000.000000000000000 ) ;
#4146 = FACE_OUTER_BOUND ( 'NONE', #2929, .T. ) ;
#4147 = CARTESIAN_POINT ( 'NONE',  ( -1.891846170922000026, -4.659415119349999301, 5.409999999999000053 ) ) ;
#4148 = VECTOR ( 'NONE', #1922, 1000.000000000000000 ) ;
#4149 = AXIS2_PLACEMENT_3D ( 'NONE', #429, #3472, #4531 ) ;
#4150 = ORIENTED_EDGE ( 'NONE', *, *, #3539, .F. ) ;
#4151 = VECTOR ( 'NONE', #1765, 1000.000000000000000 ) ;
#4152 = VECTOR ( 'NONE', #212, 1000.000000000000000 ) ;
#4153 = EDGE_CURVE ( 'NONE', #966, #4818, #3451, .T. ) ;
#4154 = EDGE_LOOP ( 'NONE', ( #1106, #2494, #246, #4856 ) ) ;
#4155 = CARTESIAN_POINT ( 'NONE',  ( -5.000000000000000000, 2.499999999998999911, 4.110000000000000320 ) ) ;
#4156 = ADVANCED_FACE ( 'NONE', ( #1189 ), #4509, .F. ) ;
#4157 = CARTESIAN_POINT ( 'NONE',  ( 3.024999999999999911, 2.500000000000000000, 0.8099999999999999423 ) ) ;
#4158 = ORIENTED_EDGE ( 'NONE', *, *, #4153, .F. ) ;
#4159 = EDGE_CURVE ( 'NONE', #2256, #4818, #412, .T. ) ;
#4160 = ORIENTED_EDGE ( 'NONE', *, *, #3166, .F. ) ;
#4161 = CARTESIAN_POINT ( 'NONE',  ( 1.750000000000000000, 1.699999999999999956, 0.01000000000099998676 ) ) ;
#4162 = EDGE_CURVE ( 'NONE', #380, #3555, #2292, .T. ) ;
#4163 = DIRECTION ( 'NONE',  ( 0.000000000000000000, 1.000000000000000000, 3.491481338843000432E-15 ) ) ;
#4164 = VECTOR ( 'NONE', #1535, 1000.000000000000114 ) ;
#4165 = CARTESIAN_POINT ( 'NONE',  ( 1.570000000000000062, 2.500000000000000000, 1.000013873792005015E-12 ) ) ;
#4166 = PLANE ( 'NONE',  #779 ) ;
#4167 = DIRECTION ( 'NONE',  ( 0.000000000000000000, -1.000000000000000000, -3.491481338843000432E-15 ) ) ;
#4168 = ORIENTED_EDGE ( 'NONE', *, *, #3220, .F. ) ;
#4169 = LINE ( 'NONE', #2612, #4785 ) ;
#4170 = DIRECTION ( 'NONE',  ( -1.000000000000000000, 0.000000000000000000, 0.000000000000000000 ) ) ;
#4171 = DIRECTION ( 'NONE',  ( -1.758165685110999749E-16, 1.000000000000000000, 3.491481338843000432E-15 ) ) ;
#4172 = FACE_OUTER_BOUND ( 'NONE', #202, .T. ) ;
#4173 = ORIENTED_EDGE ( 'NONE', *, *, #227, .F. ) ;
#4174 = VERTEX_POINT ( 'NONE', #4579 ) ;
#4175 = DIRECTION ( 'NONE',  ( 0.000000000000000000, -1.000000000000000000, -3.433306879548876816E-15 ) ) ;
#4176 = FACE_OUTER_BOUND ( 'NONE', #789, .T. ) ;
#4177 = VECTOR ( 'NONE', #2717, 1000.000000000000000 ) ;
#4178 = ORIENTED_EDGE ( 'NONE', *, *, #1506, .F. ) ;
#4179 = LINE ( 'NONE', #3520, #3032 ) ;
#4180 = ADVANCED_FACE ( 'NONE', ( #2361 ), #2002, .T. ) ;
#4181 = DIRECTION ( 'NONE',  ( -1.000000000000000000, 0.000000000000000000, 0.000000000000000000 ) ) ;
#4182 = VECTOR ( 'NONE', #2353, 1000.000000000000000 ) ;
#4183 = EDGE_CURVE ( 'NONE', #4747, #439, #1266, .T. ) ;
#4184 = DIRECTION ( 'NONE',  ( 1.000000000000000000, 0.000000000000000000, 0.000000000000000000 ) ) ;
#4185 = ORIENTED_EDGE ( 'NONE', *, *, #1694, .F. ) ;
#4186 = CARTESIAN_POINT ( 'NONE',  ( 3.024999999999999911, -5.299999999998999733, 0.8099999999989999644 ) ) ;
#4187 = DIRECTION ( 'NONE',  ( 0.000000000000000000, 3.491481338843000432E-15, -1.000000000000000000 ) ) ;
#4188 = CARTESIAN_POINT ( 'NONE',  ( 3.024999999999999911, 1.699999999998999867, 5.110000000000000320 ) ) ;
#4189 = ORIENTED_EDGE ( 'NONE', *, *, #169, .T. ) ;
#4190 = DIRECTION ( 'NONE',  ( 0.000000000000000000, -3.491481338843000432E-15, 1.000000000000000000 ) ) ;
#4191 = AXIS2_PLACEMENT_3D ( 'NONE', #326, #2564, #717 ) ;
#4192 = DIRECTION ( 'NONE',  ( 1.000000000000000000, 0.000000000000000000, 0.000000000000000000 ) ) ;
#4193 = DIRECTION ( 'NONE',  ( 0.000000000000000000, -0.3420201433253705070, -0.9396926207860170077 ) ) ;
#4194 = ORIENTED_EDGE ( 'NONE', *, *, #4524, .T. ) ;
#4195 = DIRECTION ( 'NONE',  ( 1.000000000000000000, 0.000000000000000000, 0.000000000000000000 ) ) ;
#4196 = ORIENTED_EDGE ( 'NONE', *, *, #1934, .F. ) ;
#4197 = ORIENTED_EDGE ( 'NONE', *, *, #3709, .T. ) ;
#4198 = PLANE ( 'NONE',  #1635 ) ;
#4199 = DIRECTION ( 'NONE',  ( 0.000000000000000000, -1.000000000000000000, -3.501506313189000431E-15 ) ) ;
#4200 = ORIENTED_EDGE ( 'NONE', *, *, #3917, .F. ) ;
#4201 = LINE ( 'NONE', #1232, #2020 ) ;
#4202 = ORIENTED_EDGE ( 'NONE', *, *, #1671, .F. ) ;
#4203 = DIRECTION ( 'NONE',  ( 0.000000000000000000, -1.000000000000000000, -3.491481338843000432E-15 ) ) ;
#4204 = ADVANCED_FACE ( 'NONE', ( #3499 ), #3172, .F. ) ;
#4205 = VERTEX_POINT ( 'NONE', #2384 ) ;
#4206 = DIRECTION ( 'NONE',  ( -0.3420201433253704515, 0.9396926207860168967, 3.280919249725549977E-15 ) ) ;
#4207 = EDGE_LOOP ( 'NONE', ( #2666, #651, #1681, #1320 ) ) ;
#4208 = ADVANCED_FACE ( 'NONE', ( #2022 ), #4681, .F. ) ;
#4209 = FACE_OUTER_BOUND ( 'NONE', #1613, .T. ) ;
#4210 = PLANE ( 'NONE',  #770 ) ;
#4211 = EDGE_CURVE ( 'NONE', #3509, #3662, #1728, .T. ) ;
#4212 = CARTESIAN_POINT ( 'NONE',  ( -3.725000000000000089, -5.299999999999999822, 4.009999999998999698 ) ) ;
#4213 = ADVANCED_FACE ( 'NONE', ( #4234 ), #1309, .F. ) ;
#4214 = VERTEX_POINT ( 'NONE', #4659 ) ;
#4215 = CIRCLE ( 'NONE', #3513, 0.1999999999990000332 ) ;
#4216 = ORIENTED_EDGE ( 'NONE', *, *, #1035, .F. ) ;
#4217 = MECHANICAL_DESIGN_GEOMETRIC_PRESENTATION_REPRESENTATION (  '', ( #3195 ), #3900 ) ;
#4218 = DIRECTION ( 'NONE',  ( 0.000000000000000000, -1.000000000000000000, -3.491481338843000432E-15 ) ) ;
#4219 = AXIS2_PLACEMENT_3D ( 'NONE', #4276, #4726, #4327 ) ;
#4220 = PLANE ( 'NONE',  #4079 ) ;
#4221 = LINE ( 'NONE', #3351, #807 ) ;
#4222 = ORIENTED_EDGE ( 'NONE', *, *, #1157, .T. ) ;
#4223 = VECTOR ( 'NONE', #4352, 1000.000000000000000 ) ;
#4224 = FACE_OUTER_BOUND ( 'NONE', #1276, .T. ) ;
#4225 = VECTOR ( 'NONE', #1228, 1000.000000000000000 ) ;
#4226 = CARTESIAN_POINT ( 'NONE',  ( 3.725000000000000089, 2.500000000000000000, 0.1100000000010000339 ) ) ;
#4227 = VECTOR ( 'NONE', #4627, 1000.000000000000000 ) ;
#4228 = DIRECTION ( 'NONE',  ( 1.000000000000000000, 0.000000000000000000, 0.000000000000000000 ) ) ;
#4229 = ORIENTED_EDGE ( 'NONE', *, *, #4301, .T. ) ;
#4230 = VECTOR ( 'NONE', #1302, 1000.000000000000114 ) ;
#4231 = PLANE ( 'NONE',  #2725 ) ;
#4232 = AXIS2_PLACEMENT_3D ( 'NONE', #595, #1357, #2161 ) ;
#4233 = VERTEX_POINT ( 'NONE', #1678 ) ;
#4234 = FACE_OUTER_BOUND ( 'NONE', #3315, .T. ) ;
#4235 = VERTEX_POINT ( 'NONE', #1336 ) ;
#4236 = CARTESIAN_POINT ( 'NONE',  ( -0.9299999999989999599, 1.000000000000000000, 3.109999999999999876 ) ) ;
#4237 = VECTOR ( 'NONE', #364, 1000.000000000000114 ) ;
#4238 = DIRECTION ( 'NONE',  ( 0.000000000000000000, -3.491481338843000432E-15, 1.000000000000000000 ) ) ;
#4239 = FACE_OUTER_BOUND ( 'NONE', #1977, .T. ) ;
#4240 = DIRECTION ( 'NONE',  ( -1.000000000000000000, 0.000000000000000000, 0.000000000000000000 ) ) ;
#4241 = ORIENTED_EDGE ( 'NONE', *, *, #2770, .T. ) ;
#4242 = VERTEX_POINT ( 'NONE', #136 ) ;
#4243 = CARTESIAN_POINT ( 'NONE',  ( 2.125000000000000000, -4.159415119350000190, 6.109999999999000231 ) ) ;
#4244 = DIRECTION ( 'NONE',  ( 0.000000000000000000, -1.000000000000000000, -4.336808689942015369E-15 ) ) ;
#4245 = ORIENTED_EDGE ( 'NONE', *, *, #2405, .T. ) ;
#4246 = CARTESIAN_POINT ( 'NONE',  ( -2.124999999998999911, -4.159415119350000190, 5.409999999999000053 ) ) ;
#4247 = CARTESIAN_POINT ( 'NONE',  ( -0.9299999999989999599, 2.440036550378000157, 0.6979060301969999269 ) ) ;
#4248 = ORIENTED_EDGE ( 'NONE', *, *, #1354, .T. ) ;
#4249 = EDGE_CURVE ( 'NONE', #4644, #4496, #2070, .T. ) ;
#4250 = CARTESIAN_POINT ( 'NONE',  ( 4.224999999999999645, -2.812216340087000166, 2.125642915617999673 ) ) ;
#4251 = FACE_OUTER_BOUND ( 'NONE', #383, .T. ) ;
#4252 = ORIENTED_EDGE ( 'NONE', *, *, #2884, .T. ) ;
#4253 = DIRECTION ( 'NONE',  ( 0.4226182617403738684, 0.9063077870368018152, 3.164356725688798837E-15 ) ) ;
#4254 = EDGE_LOOP ( 'NONE', ( #523, #544, #2651, #1843, #879, #408 ) ) ;
#4255 = CARTESIAN_POINT ( 'NONE',  ( 3.024999999999999911, 9.300164471903999086, 5.410000000000000142 ) ) ;
#4256 = EDGE_CURVE ( 'NONE', #1738, #596, #2453, .T. ) ;
#4257 = PLANE ( 'NONE',  #1870 ) ;
#4258 = ORIENTED_EDGE ( 'NONE', *, *, #4249, .T. ) ;
#4259 = DIRECTION ( 'NONE',  ( 0.000000000000000000, -3.491481338843000432E-15, 1.000000000000000000 ) ) ;
#4260 = FACE_OUTER_BOUND ( 'NONE', #4254, .T. ) ;
#4261 = CARTESIAN_POINT ( 'NONE',  ( 2.125000000000000000, -5.299999999999999822, 6.109999999999000231 ) ) ;
#4262 = ORIENTED_EDGE ( 'NONE', *, *, #1663, .F. ) ;
#4263 = CARTESIAN_POINT ( 'NONE',  ( -1.388014882866000166, 5.299999999999999822, 0.4580148828660000060 ) ) ;
#4264 = DIRECTION ( 'NONE',  ( 0.000000000000000000, -3.491481338843000432E-15, 1.000000000000000000 ) ) ;
#4265 = ORIENTED_EDGE ( 'NONE', *, *, #3236, .F. ) ;
#4266 = DIRECTION ( 'NONE',  ( -0.000000000000000000, 0.9993908270191130816, 0.03489949670200395010 ) ) ;
#4267 = CARTESIAN_POINT ( 'NONE',  ( 1.003308929227000101, 5.001414627696000537, 0.07330892922800000266 ) ) ;
#4268 = ADVANCED_FACE ( 'NONE', ( #3154, #4329, #1627 ), #2432, .T. ) ;
#4269 = DIRECTION ( 'NONE',  ( 0.9396926207860170077, 0.3420201433253705070, 1.194156947931294337E-15 ) ) ;
#4270 = ADVANCED_FACE ( 'NONE', ( #164 ), #576, .F. ) ;
#4271 = DIRECTION ( 'NONE',  ( 0.000000000000000000, 0.03489949670200395010, -0.9993908270191130816 ) ) ;
#4272 = ORIENTED_EDGE ( 'NONE', *, *, #4554, .F. ) ;
#4273 = EDGE_CURVE ( 'NONE', #132, #4435, #1288, .T. ) ;
#4274 = VECTOR ( 'NONE', #418, 1000.000000000000000 ) ;
#4275 = ORIENTED_EDGE ( 'NONE', *, *, #294, .F. ) ;
#4276 = CARTESIAN_POINT ( 'NONE',  ( -3.024999999998999822, -2.688637864771999730, 4.209999999998999876 ) ) ;
#4277 = ORIENTED_EDGE ( 'NONE', *, *, #1604, .F. ) ;
#4278 = DIRECTION ( 'NONE',  ( -1.000000000000000000, 0.000000000000000000, 0.000000000000000000 ) ) ;
#4279 = ADVANCED_FACE ( 'NONE', ( #3961 ), #2091, .F. ) ;
#4280 = ORIENTED_EDGE ( 'NONE', *, *, #791, .T. ) ;
#4281 = CARTESIAN_POINT ( 'NONE',  ( 0.9300000000000000488, 1.000000000000000000, 3.109999999999999876 ) ) ;
#4282 = VERTEX_POINT ( 'NONE', #916 ) ;
#4283 = FACE_OUTER_BOUND ( 'NONE', #1974, .T. ) ;
#4284 = ORIENTED_EDGE ( 'NONE', *, *, #813, .T. ) ;
#4285 = CARTESIAN_POINT ( 'NONE',  ( -1.891846170922000026, -4.659415119349999301, 5.409999999999000053 ) ) ;
#4286 = ORIENTED_EDGE ( 'NONE', *, *, #4128, .F. ) ;
#4287 = LINE ( 'NONE', #3874, #15 ) ;
#4288 = DIRECTION ( 'NONE',  ( -2.710505431212999834E-16, 1.000000000000000000, 0.000000000000000000 ) ) ;
#4289 = EDGE_LOOP ( 'NONE', ( #3749, #4272, #3629, #3491 ) ) ;
#4290 = AXIS2_PLACEMENT_3D ( 'NONE', #2490, #3023, #1117 ) ;
#4291 = VERTEX_POINT ( 'NONE', #3126 ) ;
#4292 = LINE ( 'NONE', #3183, #775 ) ;
#4293 = PLANE ( 'NONE',  #3003 ) ;
#4294 = VECTOR ( 'NONE', #1469, 1000.000000000000000 ) ;
#4295 = CIRCLE ( 'NONE', #4219, 0.1999999999989995891 ) ;
#4296 = LINE ( 'NONE', #1691, #226 ) ;
#4297 = CARTESIAN_POINT ( 'NONE',  ( -3.024999999998999822, 9.300164471903999086, 4.709999999999999964 ) ) ;
#4298 = VECTOR ( 'NONE', #4181, 1000.000000000000000 ) ;
#4299 = ORIENTED_EDGE ( 'NONE', *, *, #2778, .T. ) ;
#4300 = VECTOR ( 'NONE', #4696, 1000.000000000000000 ) ;
#4301 = EDGE_CURVE ( 'NONE', #4326, #761, #4635, .T. ) ;
#4302 = ORIENTED_EDGE ( 'NONE', *, *, #1310, .F. ) ;
#4303 = DIRECTION ( 'NONE',  ( -1.000000000000000000, 0.000000000000000000, 0.000000000000000000 ) ) ;
#4304 = AXIS2_PLACEMENT_3D ( 'NONE', #642, #4269, #3579 ) ;
#4305 = EDGE_CURVE ( 'NONE', #443, #930, #2771, .T. ) ;
#4306 = ORIENTED_EDGE ( 'NONE', *, *, #584, .F. ) ;
#4307 = DIRECTION ( 'NONE',  ( 1.270795280836009862E-15, 0.000000000000000000, 1.000000000000000000 ) ) ;
#4308 = AXIS2_PLACEMENT_3D ( 'NONE', #4423, #3371, #1871 ) ;
#4309 = EDGE_LOOP ( 'NONE', ( #1135, #262, #3567, #4756 ) ) ;
#4310 = CARTESIAN_POINT ( 'NONE',  ( 3.750000000000000000, -5.199999999999000089, -2.039607805436999932 ) ) ;
#4311 = EDGE_CURVE ( 'NONE', #101, #2449, #4830, .T. ) ;
#4312 = LINE ( 'NONE', #1732, #1554 ) ;
#4313 = CARTESIAN_POINT ( 'NONE',  ( -4.999999999998999911, -1.568312994765999946, 2.635691244187000404 ) ) ;
#4314 = EDGE_LOOP ( 'NONE', ( #3182, #3955, #826, #3673 ) ) ;
#4315 = DIRECTION ( 'NONE',  ( 1.000000000000000000, 0.000000000000000000, 0.000000000000000000 ) ) ;
#4316 = CARTESIAN_POINT ( 'NONE',  ( -1.891846170922000026, -4.659415119349999301, 5.409999999999000053 ) ) ;
#4317 = VERTEX_POINT ( 'NONE', #4059 ) ;
#4318 = FACE_OUTER_BOUND ( 'NONE', #2577, .T. ) ;
#4319 = AXIS2_PLACEMENT_3D ( 'NONE', #580, #170, #4686 ) ;
#4320 = EDGE_CURVE ( 'NONE', #2886, #1761, #2874, .T. ) ;
#4321 = DIRECTION ( 'NONE',  ( 1.000000000000000000, 0.000000000000000000, 0.000000000000000000 ) ) ;
#4322 = VECTOR ( 'NONE', #121, 1000.000000000000000 ) ;
#4323 = PLANE ( 'NONE',  #389 ) ;
#4324 = CARTESIAN_POINT ( 'NONE',  ( 2.125000000000000000, -2.500000000000000000, 5.409999999999000053 ) ) ;
#4325 = ORIENTED_EDGE ( 'NONE', *, *, #4796, .F. ) ;
#4326 = VERTEX_POINT ( 'NONE', #2946 ) ;
#4327 = DIRECTION ( 'NONE',  ( 0.000000000000000000, 4.336808689963710622E-15, -1.000000000000000000 ) ) ;
#4328 = ORIENTED_EDGE ( 'NONE', *, *, #2258, .T. ) ;
#4329 = FACE_BOUND ( 'NONE', #4289, .T. ) ;
#4330 = EDGE_CURVE ( 'NONE', #2796, #982, #3639, .T. ) ;
#4331 = ORIENTED_EDGE ( 'NONE', *, *, #2167, .F. ) ;
#4332 = DIRECTION ( 'NONE',  ( 0.000000000000000000, 3.491481338843000432E-15, -1.000000000000000000 ) ) ;
#4333 = CARTESIAN_POINT ( 'NONE',  ( -0.9299999999989999599, 2.500000000000000000, 0.6999999999999999556 ) ) ;
#4334 = EDGE_CURVE ( 'NONE', #21, #3543, #2218, .T. ) ;
#4335 = FACE_OUTER_BOUND ( 'NONE', #4309, .T. ) ;
#4336 = ORIENTED_EDGE ( 'NONE', *, *, #4127, .F. ) ;
#4337 = DIRECTION ( 'NONE',  ( -0.3420201433253704515, 0.9396926207860168967, 0.000000000000000000 ) ) ;
#4338 = ORIENTED_EDGE ( 'NONE', *, *, #3582, .T. ) ;
#4339 = CARTESIAN_POINT ( 'NONE',  ( 1.750000000000000000, 2.500000000000000000, 0.01000000000099998676 ) ) ;
#4340 = ADVANCED_FACE ( 'NONE', ( #3616 ), #1411, .F. ) ;
#4341 = CARTESIAN_POINT ( 'NONE',  ( 1.570000000000000062, 1.000000000000000000, 3.109999999999999876 ) ) ;
#4342 = ORIENTED_EDGE ( 'NONE', *, *, #3551, .F. ) ;
#4343 = CARTESIAN_POINT ( 'NONE',  ( 4.150000000000000355, -4.899999999998999378, 1.825642915618000073 ) ) ;
#4344 = CARTESIAN_POINT ( 'NONE',  ( 9.840731680114000568, -2.812216340087000166, 0.1100000000000000144 ) ) ;
#4345 = ORIENTED_EDGE ( 'NONE', *, *, #1648, .F. ) ;
#4346 = CARTESIAN_POINT ( 'NONE',  ( -9.840731680114000568, -4.692505281165000319, 2.635691244187000404 ) ) ;
#4347 = LINE ( 'NONE', #984, #315 ) ;
#4348 = ORIENTED_EDGE ( 'NONE', *, *, #227, .T. ) ;
#4349 = DIRECTION ( 'NONE',  ( 0.000000000000000000, 1.000000000000000000, 3.501506313189000431E-15 ) ) ;
#4350 = EDGE_LOOP ( 'NONE', ( #4032, #2607, #3770, #1337 ) ) ;
#4351 = DIRECTION ( 'NONE',  ( 0.000000000000000000, -1.000000000000000000, -3.956139412765000600E-15 ) ) ;
#4352 = DIRECTION ( 'NONE',  ( 1.000000000000000000, 1.224646799146999945E-16, 4.275831445896000469E-31 ) ) ;
#4353 = DIRECTION ( 'NONE',  ( 0.000000000000000000, -1.000000000000000000, -3.491481338843000432E-15 ) ) ;
#4354 = ORIENTED_EDGE ( 'NONE', *, *, #4854, .F. ) ;
#4355 = ADVANCED_FACE ( 'NONE', ( #2905 ), #4406, .T. ) ;
#4356 = VERTEX_POINT ( 'NONE', #2927 ) ;
#4357 = EDGE_CURVE ( 'NONE', #4054, #1738, #2120, .T. ) ;
#4358 = CARTESIAN_POINT ( 'NONE',  ( -3.724999999999000000, -4.692505281165000319, 2.635691244187000404 ) ) ;
#4359 = DIRECTION ( 'NONE',  ( 1.000000000000000000, 0.000000000000000000, 0.000000000000000000 ) ) ;
#4360 = EDGE_CURVE ( 'NONE', #2613, #4001, #4432, .T. ) ;
#4361 = ORIENTED_EDGE ( 'NONE', *, *, #2922, .F. ) ;
#4362 = CARTESIAN_POINT ( 'NONE',  ( -2.124999999998999911, -5.299999999999999822, 5.409999999999000053 ) ) ;
#4363 = DIRECTION ( 'NONE',  ( 1.517431105030725033E-15, 0.000000000000000000, 1.000000000000000000 ) ) ;
#4364 = CARTESIAN_POINT ( 'NONE',  ( -3.750000000000000000, -5.199999999999000089, 0.2999999999999999889 ) ) ;
#4365 = CARTESIAN_POINT ( 'NONE',  ( -1.570000000000000062, -3.960567877848999885, 3.109999999998999787 ) ) ;
#4366 = EDGE_CURVE ( 'NONE', #2755, #3346, #3633, .T. ) ;
#4367 = CARTESIAN_POINT ( 'NONE',  ( -0.9299999999989999599, 1.399999999998999822, 3.750000000000000000 ) ) ;
#4368 = VERTEX_POINT ( 'NONE', #3719 ) ;
#4369 = AXIS2_PLACEMENT_3D ( 'NONE', #2632, #4535, #3292 ) ;
#4370 = ORIENTED_EDGE ( 'NONE', *, *, #1742, .T. ) ;
#4371 = LINE ( 'NONE', #1408, #3901 ) ;
#4372 = VECTOR ( 'NONE', #2610, 1000.000000000000000 ) ;
#4373 = CARTESIAN_POINT ( 'NONE',  ( -0.7500000000000000000, 2.500000000000000000, 0.8099999999999999423 ) ) ;
#4374 = VECTOR ( 'NONE', #4303, 1000.000000000000000 ) ;
#4375 = ORIENTED_EDGE ( 'NONE', *, *, #3611, .F. ) ;
#4376 = DIRECTION ( 'NONE',  ( -1.758165685110999749E-16, 1.000000000000000000, 0.000000000000000000 ) ) ;
#4377 = VECTOR ( 'NONE', #3490, 1000.000000000000000 ) ;
#4378 = AXIS2_PLACEMENT_3D ( 'NONE', #3530, #2029, #168 ) ;
#4379 = EDGE_CURVE ( 'NONE', #4808, #352, #3224, .T. ) ;
#4380 = ORIENTED_EDGE ( 'NONE', *, *, #503, .F. ) ;
#4381 = CARTESIAN_POINT ( 'NONE',  ( 1.570000000000000062, -3.960567877848999885, 3.109999999998999787 ) ) ;
#4382 = VECTOR ( 'NONE', #1616, 1000.000000000000000 ) ;
#4383 = DIRECTION ( 'NONE',  ( 1.000000000000000000, 1.224646799146999945E-16, 4.275831445896000469E-31 ) ) ;
#4384 = ORIENTED_EDGE ( 'NONE', *, *, #3910, .T. ) ;
#4385 = DIRECTION ( 'NONE',  ( 0.000000000000000000, 1.000000000000000000, 4.336808689963701156E-15 ) ) ;
#4386 = VECTOR ( 'NONE', #2423, 1000.000000000000000 ) ;
#4387 = VECTOR ( 'NONE', #3386, 1000.000000000000000 ) ;
#4388 = VERTEX_POINT ( 'NONE', #3695 ) ;
#4389 = DIRECTION ( 'NONE',  ( 1.000000000000000000, 0.000000000000000000, 0.000000000000000000 ) ) ;
#4390 = CARTESIAN_POINT ( 'NONE',  ( 1.570000000000000062, 2.500000000000000000, 0.6999999999999999556 ) ) ;
#4391 = ORIENTED_EDGE ( 'NONE', *, *, #881, .F. ) ;
#4392 = CIRCLE ( 'NONE', #162, 0.2000000000000000944 ) ;
#4393 = CARTESIAN_POINT ( 'NONE',  ( -4.799999999998999733, -2.612216340086999988, 0.009999999999999972453 ) ) ;
#4394 = ORIENTED_EDGE ( 'NONE', *, *, #4040, .T. ) ;
#4395 = DIRECTION ( 'NONE',  ( -0.9396926207860170077, 0.3420201433253705070, 1.425918811948543947E-15 ) ) ;
#4396 = DIRECTION ( 'NONE',  ( 1.000000000000000000, 0.000000000000000000, 0.000000000000000000 ) ) ;
#4397 = EDGE_CURVE ( 'NONE', #910, #2908, #2475, .T. ) ;
#4398 = FACE_OUTER_BOUND ( 'NONE', #1346, .T. ) ;
#4399 = DIRECTION ( 'NONE',  ( 0.000000000000000000, -1.000000000000000000, -3.491481338843000432E-15 ) ) ;
#4400 = AXIS2_PLACEMENT_3D ( 'NONE', #1441, #1044, #2878 ) ;
#4401 = EDGE_LOOP ( 'NONE', ( #1237, #2626, #2690, #2452 ) ) ;
#4402 = ADVANCED_FACE ( 'NONE', ( #3303 ), #1461, .F. ) ;
#4403 = CARTESIAN_POINT ( 'NONE',  ( -4.999999999998999911, -2.812216340087000166, 0.1100000000000000144 ) ) ;
#4404 = DIRECTION ( 'NONE',  ( 1.000000000000000000, 0.000000000000000000, 0.000000000000000000 ) ) ;
#4405 = ORIENTED_EDGE ( 'NONE', *, *, #4525, .F. ) ;
#4406 = CYLINDRICAL_SURFACE ( 'NONE', #3404, 0.2999999999989998445 ) ;
#4407 = VERTEX_POINT ( 'NONE', #2853 ) ;
#4408 = LINE ( 'NONE', #207, #4610 ) ;
#4409 = EDGE_CURVE ( 'NONE', #4593, #4291, #1014, .T. ) ;
#4410 = CARTESIAN_POINT ( 'NONE',  ( 3.725000000000000089, -5.299999999999999822, 6.109999999999000231 ) ) ;
#4411 = ORIENTED_EDGE ( 'NONE', *, *, #172, .F. ) ;
#4412 = DIRECTION ( 'NONE',  ( 0.000000000000000000, -1.000000000000000000, -3.672402090974000934E-15 ) ) ;
#4413 = EDGE_CURVE ( 'NONE', #901, #2997, #4013, .T. ) ;
#4414 = LINE ( 'NONE', #992, #2897 ) ;
#4415 = AXIS2_PLACEMENT_3D ( 'NONE', #4050, #4744, #2865 ) ;
#4416 = CARTESIAN_POINT ( 'NONE',  ( 0.9300000000000000488, 2.500000000000000000, 0.6999999999999999556 ) ) ;
#4417 = VERTEX_POINT ( 'NONE', #1039 ) ;
#4418 = DIRECTION ( 'NONE',  ( 0.000000000000000000, 3.491481338843000432E-15, -1.000000000000000000 ) ) ;
#4419 = EDGE_LOOP ( 'NONE', ( #1440, #2259, #403, #4043 ) ) ;
#4420 = DIRECTION ( 'NONE',  ( -1.000000000000000000, 0.000000000000000000, 0.000000000000000000 ) ) ;
#4421 = DIRECTION ( 'NONE',  ( -0.000000000000000000, 0.9993908270191130816, 0.03489949670200395010 ) ) ;
#4422 = FACE_OUTER_BOUND ( 'NONE', #1133, .T. ) ;
#4423 = CARTESIAN_POINT ( 'NONE',  ( -0.9299999999989999599, 4.799999999999999822, 0.6399999999999999023 ) ) ;
#4424 = VECTOR ( 'NONE', #2549, 1000.000000000000000 ) ;
#4425 = ORIENTED_EDGE ( 'NONE', *, *, #2524, .T. ) ;
#4426 = EDGE_CURVE ( 'NONE', #3842, #173, #2527, .T. ) ;
#4427 = EDGE_CURVE ( 'NONE', #2796, #1997, #2163, .T. ) ;
#4428 = CARTESIAN_POINT ( 'NONE',  ( 4.150000000000000355, -5.199999999999000089, -2.039607805436999932 ) ) ;
#4429 = EDGE_CURVE ( 'NONE', #2768, #2256, #334, .T. ) ;
#4430 = CARTESIAN_POINT ( 'NONE',  ( -5.000000000000000000, -2.525891170531000096, 4.326247638743000223 ) ) ;
#4431 = ORIENTED_EDGE ( 'NONE', *, *, #737, .T. ) ;
#4432 = LINE ( 'NONE', #1778, #1674 ) ;
#4433 = EDGE_CURVE ( 'NONE', #4435, #1766, #857, .T. ) ;
#4434 = VERTEX_POINT ( 'NONE', #3437 ) ;
#4435 = VERTEX_POINT ( 'NONE', #2350 ) ;
#4436 = DIRECTION ( 'NONE',  ( 1.000000000000000000, 0.000000000000000000, 0.000000000000000000 ) ) ;
#4437 = EDGE_CURVE ( 'NONE', #4475, #422, #2319, .T. ) ;
#4438 = CARTESIAN_POINT ( 'NONE',  ( 1.570000000000000062, -3.460567877848999885, 0.6999999999990000887 ) ) ;
#4439 = DIRECTION ( 'NONE',  ( 0.000000000000000000, 3.491481338843000432E-15, -1.000000000000000000 ) ) ;
#4440 = ORIENTED_EDGE ( 'NONE', *, *, #4334, .T. ) ;
#4441 = CARTESIAN_POINT ( 'NONE',  ( -2.924999999999000178, -5.099999999999000444, 0.009999999999999972453 ) ) ;
#4442 = CARTESIAN_POINT ( 'NONE',  ( -3.024999999998999822, 1.399999999998999822, 4.309999999999999609 ) ) ;
#4443 = EDGE_LOOP ( 'NONE', ( #4529, #2277, #382, #4012 ) ) ;
#4444 = LINE ( 'NONE', #4077, #2268 ) ;
#4445 = ORIENTED_EDGE ( 'NONE', *, *, #1274, .T. ) ;
#4446 =( LENGTH_UNIT ( ) NAMED_UNIT ( * ) SI_UNIT ( .MILLI., .METRE. ) );
#4447 = LINE ( 'NONE', #1504, #2187 ) ;
#4448 = CARTESIAN_POINT ( 'NONE',  ( -3.725000000000000089, 1.699999999998999867, 6.110000000000000320 ) ) ;
#4449 = ORIENTED_EDGE ( 'NONE', *, *, #3070, .T. ) ;
#4450 = ORIENTED_EDGE ( 'NONE', *, *, #1354, .F. ) ;
#4451 = CARTESIAN_POINT ( 'NONE',  ( 2.924999999999000178, -5.099999999999000444, 0.1100000000000000144 ) ) ;
#4452 = CARTESIAN_POINT ( 'NONE',  ( -5.000000000000000000, 2.499999999998999911, 4.110000000000000320 ) ) ;
#4453 = ORIENTED_EDGE ( 'NONE', *, *, #2774, .T. ) ;
#4454 = DIRECTION ( 'NONE',  ( 0.000000000000000000, 1.000000000000000000, 3.614007241618338910E-15 ) ) ;
#4455 = VECTOR ( 'NONE', #2661, 1000.000000000000000 ) ;
#4456 = ORIENTED_EDGE ( 'NONE', *, *, #646, .F. ) ;
#4457 = AXIS2_PLACEMENT_3D ( 'NONE', #565, #175, #3573 ) ;
#4458 = ADVANCED_FACE ( 'NONE', ( #3086 ), #4566, .F. ) ;
#4459 = VERTEX_POINT ( 'NONE', #81 ) ;
#4460 = DIRECTION ( 'NONE',  ( 0.000000000000000000, 1.000000000000000000, 3.491481338843000432E-15 ) ) ;
#4461 = VECTOR ( 'NONE', #2800, 1000.000000000000000 ) ;
#4462 = LINE ( 'NONE', #675, #2482 ) ;
#4463 = AXIS2_PLACEMENT_3D ( 'NONE', #769, #386, #3050 ) ;
#4464 = DIRECTION ( 'NONE',  ( 0.000000000000000000, 1.000000000000000000, 3.491481338843000432E-15 ) ) ;
#4465 = VECTOR ( 'NONE', #102, 1000.000000000000000 ) ;
#4466 = ADVANCED_FACE ( 'NONE', ( #442 ), #1223, .T. ) ;
#4467 = VERTEX_POINT ( 'NONE', #469 ) ;
#4468 = LINE ( 'NONE', #290, #1493 ) ;
#4469 = AXIS2_PLACEMENT_3D ( 'NONE', #4161, #1907, #1136 ) ;
#4470 = PLANE ( 'NONE',  #4140 ) ;
#4471 = VERTEX_POINT ( 'NONE', #3854 ) ;
#4472 = CARTESIAN_POINT ( 'NONE',  ( 9.840731680114000568, -1.568312994765999946, 0.1100000000000000144 ) ) ;
#4473 = CARTESIAN_POINT ( 'NONE',  ( -1.570000000000000062, 5.299999999999999822, 0.1819851171340000073 ) ) ;
#4474 = VECTOR ( 'NONE', #1500, 1000.000000000000000 ) ;
#4475 = VERTEX_POINT ( 'NONE', #1572 ) ;
#4476 = DIRECTION ( 'NONE',  ( -1.000000000000000000, -2.710505431212999834E-16, -9.463679131915001692E-31 ) ) ;
#4477 = VECTOR ( 'NONE', #4238, 1000.000000000000000 ) ;
#4478 = LINE ( 'NONE', #665, #3127 ) ;
#4479 = ORIENTED_EDGE ( 'NONE', *, *, #3794, .T. ) ;
#4480 = LINE ( 'NONE', #2215, #1944 ) ;
#4481 = LINE ( 'NONE', #1108, #4227 ) ;
#4482 = EDGE_CURVE ( 'NONE', #3602, #337, #4221, .T. ) ;
#4483 = ORIENTED_EDGE ( 'NONE', *, *, #475, .T. ) ;
#4484 = DIRECTION ( 'NONE',  ( 0.000000000000000000, 1.000000000000000000, 3.491481338843000432E-15 ) ) ;
#4485 = ADVANCED_FACE ( 'NONE', ( #3063 ), #1199, .F. ) ;
#4486 = ORIENTED_EDGE ( 'NONE', *, *, #1890, .F. ) ;
#4487 = VERTEX_POINT ( 'NONE', #2602 ) ;
#4488 = CARTESIAN_POINT ( 'NONE',  ( -1.388014882866000166, 5.299999999999999822, 0.6399999999999999023 ) ) ;
#4489 = CARTESIAN_POINT ( 'NONE',  ( -0.9299999999989999599, 1.618845387034999916, 3.750000000000000000 ) ) ;
#4490 = ADVANCED_FACE ( 'NONE', ( #825 ), #1965, .T. ) ;
#4491 = ADVANCED_FACE ( 'NONE', ( #104 ), #1594, .F. ) ;
#4492 = DIRECTION ( 'NONE',  ( -1.000000000000000000, 0.000000000000000000, 0.000000000000000000 ) ) ;
#4493 = DIRECTION ( 'NONE',  ( 0.000000000000000000, -1.000000000000000000, -3.407492542097299143E-15 ) ) ;
#4494 = ORIENTED_EDGE ( 'NONE', *, *, #3019, .F. ) ;
#4495 = CARTESIAN_POINT ( 'NONE',  ( -0.9299999999989999599, 2.500000000000000000, 1.000013873792005015E-12 ) ) ;
#4496 = VERTEX_POINT ( 'NONE', #86 ) ;
#4497 = CARTESIAN_POINT ( 'NONE',  ( 4.999999999998999911, -4.692505281165000319, 1.125642915617999895 ) ) ;
#4498 = FACE_OUTER_BOUND ( 'NONE', #3171, .T. ) ;
#4499 = DIRECTION ( 'NONE',  ( 1.000000000000000000, 6.776263578034000393E-16, 2.365919782978000115E-30 ) ) ;
#4500 = ORIENTED_EDGE ( 'NONE', *, *, #4067, .T. ) ;
#4501 = AXIS2_PLACEMENT_3D ( 'NONE', #1371, #4395, #4363 ) ;
#4502 = CARTESIAN_POINT ( 'NONE',  ( 3.750000000000000000, -3.199999999999000089, 0.2999999999999999889 ) ) ;
#4503 = AXIS2_PLACEMENT_3D ( 'NONE', #868, #3866, #2782 ) ;
#4504 = CARTESIAN_POINT ( 'NONE',  ( -4.150000000000000355, -5.199999999999000089, 0.000000000000000000 ) ) ;
#4505 = VERTEX_POINT ( 'NONE', #2773 ) ;
#4506 = AXIS2_PLACEMENT_3D ( 'NONE', #3899, #4568, #3930 ) ;
#4507 = ORIENTED_EDGE ( 'NONE', *, *, #3067, .F. ) ;
#4508 = FACE_OUTER_BOUND ( 'NONE', #209, .T. ) ;
#4509 = PLANE ( 'NONE',  #3289 ) ;
#4510 = FACE_OUTER_BOUND ( 'NONE', #4563, .T. ) ;
#4511 = DIRECTION ( 'NONE',  ( -6.776263578034000393E-16, -1.000000000000000000, -3.491481338843000432E-15 ) ) ;
#4512 = CARTESIAN_POINT ( 'NONE',  ( 4.999999999998999911, -2.812216340087000166, 1.125642915617999895 ) ) ;
#4513 = DIRECTION ( 'NONE',  ( 0.000000000000000000, 1.000000000000000000, 3.501506313189000431E-15 ) ) ;
#4514 = EDGE_LOOP ( 'NONE', ( #1510, #1387, #2121, #927 ) ) ;
#4515 = EDGE_CURVE ( 'NONE', #4644, #867, #154, .T. ) ;
#4516 = DIRECTION ( 'NONE',  ( 0.000000000000000000, 3.491481338843000432E-15, -1.000000000000000000 ) ) ;
#4517 = EDGE_CURVE ( 'NONE', #3808, #2755, #4621, .T. ) ;
#4518 = ORIENTED_EDGE ( 'NONE', *, *, #1120, .T. ) ;
#4519 = ADVANCED_FACE ( 'NONE', ( #3537 ), #518, .F. ) ;
#4520 = DIRECTION ( 'NONE',  ( 0.000000000000000000, -1.000000000000000000, -3.956139412765000600E-15 ) ) ;
#4521 = DIRECTION ( 'NONE',  ( 1.000000000000000000, 0.000000000000000000, 0.000000000000000000 ) ) ;
#4522 = ORIENTED_EDGE ( 'NONE', *, *, #3278, .T. ) ;
#4523 = ORIENTED_EDGE ( 'NONE', *, *, #2662, .T. ) ;
#4524 = EDGE_CURVE ( 'NONE', #761, #1764, #2396, .T. ) ;
#4525 = EDGE_CURVE ( 'NONE', #4505, #4434, #3488, .T. ) ;
#4526 = CARTESIAN_POINT ( 'NONE',  ( 1.570000000000000062, 1.618845387034999916, 3.109999999999999876 ) ) ;
#4527 = DIRECTION ( 'NONE',  ( -1.000000000000000000, 0.000000000000000000, 0.000000000000000000 ) ) ;
#4528 = ORIENTED_EDGE ( 'NONE', *, *, #707, .F. ) ;
#4529 = ORIENTED_EDGE ( 'NONE', *, *, #2236, .T. ) ;
#4530 = LINE ( 'NONE', #4135, #2798 ) ;
#4531 = DIRECTION ( 'NONE',  ( 0.000000000000000000, -1.000000000000000000, -4.336808689956475979E-15 ) ) ;
#4532 = ADVANCED_FACE ( 'NONE', ( #4224 ), #3165, .T. ) ;
#4533 = VECTOR ( 'NONE', #3735, 1000.000000000000000 ) ;
#4534 = VERTEX_POINT ( 'NONE', #546 ) ;
#4535 = DIRECTION ( 'NONE',  ( -1.000000000000000000, 0.000000000000000000, 0.000000000000000000 ) ) ;
#4536 = LINE ( 'NONE', #71, #553 ) ;
#4537 = VECTOR ( 'NONE', #4812, 1000.000000000000114 ) ;
#4538 = PLANE ( 'NONE',  #2325 ) ;
#4539 = DIRECTION ( 'NONE',  ( 0.000000000000000000, -1.000000000000000000, -3.491481338843000432E-15 ) ) ;
#4540 = CARTESIAN_POINT ( 'NONE',  ( 1.570000000000000062, 2.440036550378000157, 0.6979060301969999269 ) ) ;
#4541 = VECTOR ( 'NONE', #2925, 1000.000000000000000 ) ;
#4542 = VECTOR ( 'NONE', #2133, 1000.000000000000000 ) ;
#4543 = CARTESIAN_POINT ( 'NONE',  ( 1.388014882866000166, -3.960567877848999885, 3.109999999998999787 ) ) ;
#4544 = CARTESIAN_POINT ( 'NONE',  ( -1.570000000000000062, 2.358394599029000283, 3.035825627559000317 ) ) ;
#4545 = VECTOR ( 'NONE', #2670, 1000.000000000000000 ) ;
#4546 = EDGE_LOOP ( 'NONE', ( #3446, #2434, #4507, #1860 ) ) ;
#4547 = CARTESIAN_POINT ( 'NONE',  ( 3.024999999999999911, 2.500000000000000000, -5.992663352994999748 ) ) ;
#4548 = AXIS2_PLACEMENT_3D ( 'NONE', #2395, #2012, #3556 ) ;
#4549 = ADVANCED_FACE ( 'NONE', ( #129 ), #2424, .T. ) ;
#4550 = VECTOR ( 'NONE', #2274, 1000.000000000000000 ) ;
#4551 = CARTESIAN_POINT ( 'NONE',  ( -4.150000000000000355, -3.499999999998999911, 0.2999999999999999889 ) ) ;
#4552 = CARTESIAN_POINT ( 'NONE',  ( 1.425000000000000044, -1.800000000000000044, 6.109999999999000231 ) ) ;
#4553 = VERTEX_POINT ( 'NONE', #1669 ) ;
#4554 = EDGE_CURVE ( 'NONE', #1745, #3107, #2321, .T. ) ;
#4555 = DIRECTION ( 'NONE',  ( 0.000000000000000000, 3.491481338843000432E-15, -1.000000000000000000 ) ) ;
#4556 = CARTESIAN_POINT ( 'NONE',  ( -3.524999999999999911, -5.099999999999000444, 0.1100000000000000144 ) ) ;
#4557 = CARTESIAN_POINT ( 'NONE',  ( -5.000000000000000000, -2.688637864771999730, 4.009999999998999698 ) ) ;
#4558 = ADVANCED_FACE ( 'NONE', ( #3512 ), #4293, .T. ) ;
#4559 = ORIENTED_EDGE ( 'NONE', *, *, #2621, .T. ) ;
#4560 = FACE_OUTER_BOUND ( 'NONE', #3881, .T. ) ;
#4561 = DIRECTION ( 'NONE',  ( 0.000000000000000000, -1.000000000000000000, -3.722127203699000447E-15 ) ) ;
#4562 = FACE_OUTER_BOUND ( 'NONE', #4693, .T. ) ;
#4563 = EDGE_LOOP ( 'NONE', ( #3241, #2021, #2512, #3545 ) ) ;
#4564 = CARTESIAN_POINT ( 'NONE',  ( 0.9300000000000000488, -3.460567877848999885, 3.749999999998999911 ) ) ;
#4565 = DIRECTION ( 'NONE',  ( 0.000000000000000000, 1.000000000000000000, 4.336808689963701156E-15 ) ) ;
#4566 = CYLINDRICAL_SURFACE ( 'NONE', #1284, 0.06000000000000015737 ) ;
#4567 = ORIENTED_EDGE ( 'NONE', *, *, #1456, .T. ) ;
#4568 = DIRECTION ( 'NONE',  ( 0.000000000000000000, 1.000000000000000000, 4.169107696646000125E-15 ) ) ;
#4569 = ORIENTED_EDGE ( 'NONE', *, *, #4311, .F. ) ;
#4570 = CARTESIAN_POINT ( 'NONE',  ( -3.524999999998999822, -2.612216340086999988, 0.1100000000000000144 ) ) ;
#4571 = DIRECTION ( 'NONE',  ( -5.656706986880000215E-16, 3.491481338843000432E-15, -1.000000000000000000 ) ) ;
#4572 = ORIENTED_EDGE ( 'NONE', *, *, #281, .F. ) ;
#4573 = ADVANCED_FACE ( 'NONE', ( #1645 ), #2013, .F. ) ;
#4574 = EDGE_CURVE ( 'NONE', #60, #337, #492, .T. ) ;
#4575 = EDGE_CURVE ( 'NONE', #1158, #1660, #568, .T. ) ;
#4576 = CARTESIAN_POINT ( 'NONE',  ( 3.024999999999999911, 1.699999999998999867, 4.909999999999999254 ) ) ;
#4577 = EDGE_CURVE ( 'NONE', #2104, #4644, #1575, .T. ) ;
#4578 = ORIENTED_EDGE ( 'NONE', *, *, #4626, .T. ) ;
#4579 = CARTESIAN_POINT ( 'NONE',  ( -3.524999999998999822, -2.612216340086999988, 0.009999999999999972453 ) ) ;
#4580 = VECTOR ( 'NONE', #4851, 1000.000000000000000 ) ;
#4581 = ORIENTED_EDGE ( 'NONE', *, *, #2167, .T. ) ;
#4582 = LINE ( 'NONE', #3475, #145 ) ;
#4583 = DIRECTION ( 'NONE',  ( -1.000000000000000000, 0.000000000000000000, 0.000000000000000000 ) ) ;
#4584 = DIRECTION ( 'NONE',  ( 0.000000000000000000, 1.000000000000000000, 0.000000000000000000 ) ) ;
#4585 = CARTESIAN_POINT ( 'NONE',  ( 0.9300000000000000488, 4.799999999999999822, 0.6999999999999999556 ) ) ;
#4586 = ORIENTED_EDGE ( 'NONE', *, *, #328, .T. ) ;
#4587 = VERTEX_POINT ( 'NONE', #1970 ) ;
#4588 = LINE ( 'NONE', #823, #3591 ) ;
#4589 = CARTESIAN_POINT ( 'NONE',  ( 3.750000000000000000, -4.899999999998999378, 1.825642915618000073 ) ) ;
#4590 = DIRECTION ( 'NONE',  ( 0.000000000000000000, -1.000000000000000000, -3.614007241618338910E-15 ) ) ;
#4591 = ORIENTED_EDGE ( 'NONE', *, *, #3007, .T. ) ;
#4592 = DIRECTION ( 'NONE',  ( 0.000000000000000000, -3.501506313189000431E-15, 1.000000000000000000 ) ) ;
#4593 = VERTEX_POINT ( 'NONE', #106 ) ;
#4594 = EDGE_LOOP ( 'NONE', ( #4090, #4440, #204, #3257 ) ) ;
#4595 = CARTESIAN_POINT ( 'NONE',  ( 1.388014882866000166, -3.960567877848999885, 3.568014882866000548 ) ) ;
#4596 = CARTESIAN_POINT ( 'NONE',  ( -0.9299999999989999599, -3.960567877848999885, 3.749999999998999911 ) ) ;
#4597 = VERTEX_POINT ( 'NONE', #1596 ) ;
#4598 = DIRECTION ( 'NONE',  ( 1.000000000000000000, -1.009459107404000005E-30, 2.891205793294000399E-16 ) ) ;
#4599 = ORIENTED_EDGE ( 'NONE', *, *, #432, .F. ) ;
#4600 = CARTESIAN_POINT ( 'NONE',  ( -1.570000000000000062, -3.960567877848999885, 3.109999999998999787 ) ) ;
#4601 = ADVANCED_FACE ( 'NONE', ( #3089 ), #2373, .T. ) ;
#4602 = ORIENTED_EDGE ( 'NONE', *, *, #1517, .F. ) ;
#4603 = DIRECTION ( 'NONE',  ( 2.710505431212999834E-16, -1.000000000000000000, -3.491481338843000432E-15 ) ) ;
#4604 = ORIENTED_EDGE ( 'NONE', *, *, #1033, .T. ) ;
#4605 = FACE_OUTER_BOUND ( 'NONE', #1436, .T. ) ;
#4606 = LINE ( 'NONE', #434, #3280 ) ;
#4607 = FACE_OUTER_BOUND ( 'NONE', #2457, .T. ) ;
#4608 = ORIENTED_EDGE ( 'NONE', *, *, #3411, .F. ) ;
#4609 = ADVANCED_FACE ( 'NONE', ( #2445 ), #1767, .F. ) ;
#4610 = VECTOR ( 'NONE', #2855, 1000.000000000000000 ) ;
#4611 = ORIENTED_EDGE ( 'NONE', *, *, #3091, .F. ) ;
#4612 = ORIENTED_EDGE ( 'NONE', *, *, #3769, .T. ) ;
#4613 = VECTOR ( 'NONE', #3334, 1000.000000000000000 ) ;
#4614 = CARTESIAN_POINT ( 'NONE',  ( -3.524999999999999911, -5.099999999999000444, 0.009999999999999972453 ) ) ;
#4615 = AXIS2_PLACEMENT_3D ( 'NONE', #2498, #3242, #3908 ) ;
#4616 = LINE ( 'NONE', #420, #4545 ) ;
#4617 = ORIENTED_EDGE ( 'NONE', *, *, #4831, .F. ) ;
#4618 = PLANE ( 'NONE',  #4548 ) ;
#4619 = VECTOR ( 'NONE', #695, 1000.000000000000000 ) ;
#4620 = AXIS2_PLACEMENT_3D ( 'NONE', #208, #3134, #3204 ) ;
#4621 = LINE ( 'NONE', #4247, #351 ) ;
#4622 = AXIS2_PLACEMENT_3D ( 'NONE', #908, #3215, #2844 ) ;
#4623 = ORIENTED_EDGE ( 'NONE', *, *, #4437, .F. ) ;
#4624 = DIRECTION ( 'NONE',  ( 0.000000000000000000, 1.000000000000000000, 3.408444049004000278E-15 ) ) ;
#4625 = AXIS2_PLACEMENT_3D ( 'NONE', #4589, #803, #2318 ) ;
#4626 = EDGE_CURVE ( 'NONE', #2242, #1279, #1740, .T. ) ;
#4627 = DIRECTION ( 'NONE',  ( -5.656706986880000215E-16, 3.491481338843000432E-15, -1.000000000000000000 ) ) ;
#4628 = EDGE_LOOP ( 'NONE', ( #4829, #3057, #1498, #252 ) ) ;
#4629 = AXIS2_PLACEMENT_3D ( 'NONE', #2204, #1046, #1389 ) ;
#4630 = EDGE_LOOP ( 'NONE', ( #593, #3218, #1926, #3094 ) ) ;
#4631 = LINE ( 'NONE', #1264, #3666 ) ;
#4632 = AXIS2_PLACEMENT_3D ( 'NONE', #668, #3268, #2365 ) ;
#4633 = ADVANCED_FACE ( 'NONE', ( #3261 ), #3558, .F. ) ;
#4634 = ORIENTED_EDGE ( 'NONE', *, *, #4273, .T. ) ;
#4635 = LINE ( 'NONE', #2407, #504 ) ;
#4636 = ORIENTED_EDGE ( 'NONE', *, *, #2984, .F. ) ;
#4637 = CARTESIAN_POINT ( 'NONE',  ( -0.9299999999989999599, 2.500000000000000000, 0.6399999999999999023 ) ) ;
#4638 = AXIS2_PLACEMENT_3D ( 'NONE', #270, #4421, #4396 ) ;
#4639 = CARTESIAN_POINT ( 'NONE',  ( -3.724999999999000000, -1.568312994765999946, 0.1100000000000000144 ) ) ;
#4640 = DIRECTION ( 'NONE',  ( 0.000000000000000000, 0.03489949670200395010, -0.9993908270191130816 ) ) ;
#4641 = ORIENTED_EDGE ( 'NONE', *, *, #128, .T. ) ;
#4642 = DIRECTION ( 'NONE',  ( 0.000000000000000000, 1.000000000000000000, 3.491481338843000432E-15 ) ) ;
#4643 = EDGE_CURVE ( 'NONE', #3043, #4326, #218, .T. ) ;
#4644 = VERTEX_POINT ( 'NONE', #4341 ) ;
#4645 = EDGE_CURVE ( 'NONE', #3936, #3976, #1116, .T. ) ;
#4646 = EDGE_CURVE ( 'NONE', #1745, #4847, #1716, .T. ) ;
#4647 = CARTESIAN_POINT ( 'NONE',  ( 0.9300000000000000488, -3.460567877848999885, 3.109999999998999787 ) ) ;
#4648 = DIRECTION ( 'NONE',  ( -1.000000000000000000, 0.000000000000000000, 0.000000000000000000 ) ) ;
#4649 = ORIENTED_EDGE ( 'NONE', *, *, #1636, .T. ) ;
#4650 = LINE ( 'NONE', #4339, #3915 ) ;
#4651 = CARTESIAN_POINT ( 'NONE',  ( 3.725000000000000089, 2.499999999998999911, 4.110000000000000320 ) ) ;
#4652 = VERTEX_POINT ( 'NONE', #2131 ) ;
#4653 = DIRECTION ( 'NONE',  ( 0.000000000000000000, 1.000000000000000000, 3.501506313189000431E-15 ) ) ;
#4654 = EDGE_CURVE ( 'NONE', #4818, #4001, #1790, .T. ) ;
#4655 = CARTESIAN_POINT ( 'NONE',  ( -3.724999999999000000, 2.499999999998999911, 4.110000000000000320 ) ) ;
#4656 = VERTEX_POINT ( 'NONE', #1050 ) ;
#4657 = CARTESIAN_POINT ( 'NONE',  ( 3.524999999999999911, -5.099999999999000444, 0.009999999999999972453 ) ) ;
#4658 = ORIENTED_EDGE ( 'NONE', *, *, #4854, .T. ) ;
#4659 = CARTESIAN_POINT ( 'NONE',  ( 1.570000000000000062, 2.358394599029000283, 3.035825627559000317 ) ) ;
#4660 = FACE_OUTER_BOUND ( 'NONE', #1590, .T. ) ;
#4661 = ORIENTED_EDGE ( 'NONE', *, *, #4366, .F. ) ;
#4662 = VECTOR ( 'NONE', #3937, 1000.000000000000000 ) ;
#4663 = PLANE ( 'NONE',  #4620 ) ;
#4664 = CARTESIAN_POINT ( 'NONE',  ( -0.9299999999989999599, 1.618845387034999916, 3.009999999999999787 ) ) ;
#4665 = CARTESIAN_POINT ( 'NONE',  ( 1.570000000000000062, -3.960567877848999885, 3.568014882866000548 ) ) ;
#4666 = LINE ( 'NONE', #4740, #1705 ) ;
#4667 = ORIENTED_EDGE ( 'NONE', *, *, #318, .T. ) ;
#4668 = DIRECTION ( 'NONE',  ( 0.000000000000000000, 0.3420201433253705070, -0.9396926207860170077 ) ) ;
#4669 = ADVANCED_FACE ( 'NONE', ( #1689 ), #2107, .F. ) ;
#4670 = ADVANCED_FACE ( 'NONE', ( #2466 ), #3290, .T. ) ;
#4671 = DIRECTION ( 'NONE',  ( 0.000000000000000000, 3.491481338843000432E-15, -1.000000000000000000 ) ) ;
#4672 = ADVANCED_FACE ( 'NONE', ( #609 ), #248, .T. ) ;
#4673 = CARTESIAN_POINT ( 'NONE',  ( -9.840731680114000568, -2.812216340087000166, 1.125642915617999895 ) ) ;
#4674 = CARTESIAN_POINT ( 'NONE',  ( -1.250582522651000117, -4.338160184241999673, 3.430582522651000499 ) ) ;
#4675 = ORIENTED_EDGE ( 'NONE', *, *, #943, .F. ) ;
#4676 = VECTOR ( 'NONE', #2843, 1000.000000000000000 ) ;
#4677 = EDGE_CURVE ( 'NONE', #3509, #2613, #1026, .T. ) ;
#4678 = ORIENTED_EDGE ( 'NONE', *, *, #1913, .T. ) ;
#4679 = LINE ( 'NONE', #3585, #1873 ) ;
#4680 = ORIENTED_EDGE ( 'NONE', *, *, #4063, .T. ) ;
#4681 = CYLINDRICAL_SURFACE ( 'NONE', #229, 0.1000000000000000472 ) ;
#4682 = ORIENTED_EDGE ( 'NONE', *, *, #2646, .F. ) ;
#4683 = PLANE ( 'NONE',  #3192 ) ;
#4684 = ORIENTED_EDGE ( 'NONE', *, *, #4748, .T. ) ;
#4685 = LINE ( 'NONE', #1313, #1164 ) ;
#4686 = DIRECTION ( 'NONE',  ( 0.000000000000000000, 1.000000000000000000, 3.433306879548876816E-15 ) ) ;
#4687 = CARTESIAN_POINT ( 'NONE',  ( 0.9300000000000000488, 2.358394599029000283, 3.035825627559000317 ) ) ;
#4688 = CARTESIAN_POINT ( 'NONE',  ( -3.750000000000000000, -3.499999999998999911, 0.000000000000000000 ) ) ;
#4689 = ORIENTED_EDGE ( 'NONE', *, *, #3190, .T. ) ;
#4690 = AXIS2_PLACEMENT_3D ( 'NONE', #3402, #4857, #2165 ) ;
#4691 = PLANE ( 'NONE',  #3525 ) ;
#4692 = LINE ( 'NONE', #3999, #2368 ) ;
#4693 = EDGE_LOOP ( 'NONE', ( #3774, #1138, #4405, #2553 ) ) ;
#4694 = VECTOR ( 'NONE', #4804, 1000.000000000000000 ) ;
#4695 = CYLINDRICAL_SURFACE ( 'NONE', #3283, 0.1999999999990000332 ) ;
#4696 = DIRECTION ( 'NONE',  ( 1.000000000000000000, 0.000000000000000000, 0.000000000000000000 ) ) ;
#4697 = ORIENTED_EDGE ( 'NONE', *, *, #55, .T. ) ;
#4698 = AXIS2_PLACEMENT_3D ( 'NONE', #373, #3713, #4081 ) ;
#4699 = EDGE_CURVE ( 'NONE', #2624, #3482, #4692, .T. ) ;
#4700 = VECTOR ( 'NONE', #1556, 1000.000000000000000 ) ;
#4701 = ORIENTED_EDGE ( 'NONE', *, *, #1659, .F. ) ;
#4702 = LINE ( 'NONE', #1333, #4374 ) ;
#4703 = AXIS2_PLACEMENT_3D ( 'NONE', #1363, #4332, #599 ) ;
#4704 = EDGE_CURVE ( 'NONE', #317, #1101, #685, .T. ) ;
#4705 = ORIENTED_EDGE ( 'NONE', *, *, #2711, .T. ) ;
#4706 = DIRECTION ( 'NONE',  ( 0.000000000000000000, -1.000000000000000000, -3.491481338843000432E-15 ) ) ;
#4707 = AXIS2_PLACEMENT_3D ( 'NONE', #3062, #1989, #4565 ) ;
#4708 = AXIS2_PLACEMENT_3D ( 'NONE', #1321, #2041, #928 ) ;
#4709 = VERTEX_POINT ( 'NONE', #2916 ) ;
#4710 = CARTESIAN_POINT ( 'NONE',  ( 4.999999999998999911, -2.812216340087000166, 1.125642915617999895 ) ) ;
#4711 = VECTOR ( 'NONE', #1367, 1000.000000000000000 ) ;
#4712 = VECTOR ( 'NONE', #4642, 1000.000000000000000 ) ;
#4713 = PLANE ( 'NONE',  #4378 ) ;
#4714 = CARTESIAN_POINT ( 'NONE',  ( -5.000000000000000000, -2.902923579057999692, 4.509999999998999698 ) ) ;
#4715 = VECTOR ( 'NONE', #4412, 1000.000000000000000 ) ;
#4716 = ORIENTED_EDGE ( 'NONE', *, *, #2721, .F. ) ;
#4717 = PLANE ( 'NONE',  #1174 ) ;
#4718 = LINE ( 'NONE', #3896, #4782 ) ;
#4719 = VERTEX_POINT ( 'NONE', #2515 ) ;
#4720 = CARTESIAN_POINT ( 'NONE',  ( -2.924999999999000178, -5.099999999999000444, 0.1100000000000000144 ) ) ;
#4721 = DIRECTION ( 'NONE',  ( -1.000000000000000000, 0.000000000000000000, 0.000000000000000000 ) ) ;
#4722 = LINE ( 'NONE', #978, #4542 ) ;
#4723 = DIRECTION ( 'NONE',  ( 0.000000000000000000, 1.000000000000000000, 3.407492542097299143E-15 ) ) ;
#4724 = ORIENTED_EDGE ( 'NONE', *, *, #3045, .F. ) ;
#4725 = ORIENTED_EDGE ( 'NONE', *, *, #1816, .T. ) ;
#4726 = DIRECTION ( 'NONE',  ( -1.000000000000000000, 4.781769133166810076E-31, 2.073761793001425052E-45 ) ) ;
#4727 = LINE ( 'NONE', #2850, #2422 ) ;
#4728 = ORIENTED_EDGE ( 'NONE', *, *, #288, .F. ) ;
#4729 = DIRECTION ( 'NONE',  ( 0.000000000000000000, -1.000000000000000000, -3.614007241618338910E-15 ) ) ;
#4730 = EDGE_CURVE ( 'NONE', #470, #2904, #3605, .T. ) ;
#4731 = EDGE_CURVE ( 'NONE', #1303, #4593, #3564, .T. ) ;
#4732 = VECTOR ( 'NONE', #3237, 1000.000000000000114 ) ;
#4733 = EDGE_CURVE ( 'NONE', #4652, #982, #1349, .T. ) ;
#4734 = VERTEX_POINT ( 'NONE', #2082 ) ;
#4735 = CARTESIAN_POINT ( 'NONE',  ( -4.799999999998999733, -2.612216340086999988, 0.009999999999999972453 ) ) ;
#4736 = LINE ( 'NONE', #3228, #4223 ) ;
#4737 = CARTESIAN_POINT ( 'NONE',  ( 1.891846170922000026, -4.659415119349999301, 5.409999999999000053 ) ) ;
#4738 = ORIENTED_EDGE ( 'NONE', *, *, #3348, .F. ) ;
#4739 = CARTESIAN_POINT ( 'NONE',  ( -1.570000000000000062, 2.500000000000000000, 1.000013873792005015E-12 ) ) ;
#4740 = CARTESIAN_POINT ( 'NONE',  ( -3.024999999998999822, 1.199999999998999867, 5.110000000000000320 ) ) ;
#4741 = VERTEX_POINT ( 'NONE', #36 ) ;
#4742 = CARTESIAN_POINT ( 'NONE',  ( 1.570000000000000062, 1.800426421085999928, 0.6755703523079999995 ) ) ;
#4743 = VECTOR ( 'NONE', #1110, 1000.000000000000114 ) ;
#4744 = DIRECTION ( 'NONE',  ( 0.000000000000000000, -3.956139412765000600E-15, 1.000000000000000000 ) ) ;
#4745 = DIRECTION ( 'NONE',  ( 1.000000000000000000, 0.000000000000000000, 0.000000000000000000 ) ) ;
#4746 = PLANE ( 'NONE',  #1248 ) ;
#4747 = VERTEX_POINT ( 'NONE', #1867 ) ;
#4748 = EDGE_CURVE ( 'NONE', #4741, #2964, #371, .T. ) ;
#4749 = ORIENTED_EDGE ( 'NONE', *, *, #1506, .T. ) ;
#4750 = DIRECTION ( 'NONE',  ( 1.000000000000000000, 0.000000000000000000, 0.000000000000000000 ) ) ;
#4751 = LINE ( 'NONE', #4773, #1722 ) ;
#4752 = ORIENTED_EDGE ( 'NONE', *, *, #3871, .F. ) ;
#4753 = CARTESIAN_POINT ( 'NONE',  ( -3.524999999998999822, -1.768312994765999679, 0.009999999999999972453 ) ) ;
#4754 = CARTESIAN_POINT ( 'NONE',  ( -4.799999999998999733, -2.612216340086999988, 0.009999999999999972453 ) ) ;
#4755 = DIRECTION ( 'NONE',  ( -1.000000000000000000, 0.000000000000000000, 0.000000000000000000 ) ) ;
#4756 = ORIENTED_EDGE ( 'NONE', *, *, #3039, .F. ) ;
#4757 = FACE_OUTER_BOUND ( 'NONE', #1111, .T. ) ;
#4758 = ORIENTED_EDGE ( 'NONE', *, *, #353, .F. ) ;
#4759 = LINE ( 'NONE', #3333, #3686 ) ;
#4760 = FACE_OUTER_BOUND ( 'NONE', #3855, .T. ) ;
#4761 = EDGE_LOOP ( 'NONE', ( #1811, #2221, #2560, #489 ) ) ;
#4762 = ADVANCED_FACE ( 'NONE', ( #1822 ), #1541, .F. ) ;
#4763 = CARTESIAN_POINT ( 'NONE',  ( 1.750000000000000000, 1.699999999999999956, 0.8099999999999999423 ) ) ;
#4764 = ORIENTED_EDGE ( 'NONE', *, *, #1305, .F. ) ;
#4765 = DIRECTION ( 'NONE',  ( 1.000000000000000000, 0.000000000000000000, 0.000000000000000000 ) ) ;
#4766 = DIRECTION ( 'NONE',  ( 0.000000000000000000, 4.336808689963710622E-15, -1.000000000000000000 ) ) ;
#4767 = LINE ( 'NONE', #272, #697 ) ;
#4768 = DIRECTION ( 'NONE',  ( -1.000000000000000000, 0.000000000000000000, 0.000000000000000000 ) ) ;
#4769 = VERTEX_POINT ( 'NONE', #3029 ) ;
#4770 = CIRCLE ( 'NONE', #3120, 0.1999999999990000332 ) ;
#4771 = ADVANCED_FACE ( 'NONE', ( #3710 ), #1522, .T. ) ;
#4772 = DIRECTION ( 'NONE',  ( 0.000000000000000000, 1.000000000000000000, 3.956139412765000600E-15 ) ) ;
#4773 = CARTESIAN_POINT ( 'NONE',  ( 4.150000000000000355, -5.199999999999000089, 2.125642915617999673 ) ) ;
#4774 = VECTOR ( 'NONE', #1578, 1000.000000000000000 ) ;
#4775 = ORIENTED_EDGE ( 'NONE', *, *, #3595, .F. ) ;
#4776 = CARTESIAN_POINT ( 'NONE',  ( 2.924999999999000178, -5.099999999999000444, 0.009999999999999972453 ) ) ;
#4777 = AXIS2_PLACEMENT_3D ( 'NONE', #4057, #2623, #2996 ) ;
#4778 = VECTOR ( 'NONE', #4383, 1000.000000000000000 ) ;
#4779 = AXIS2_PLACEMENT_3D ( 'NONE', #3953, #3974, #3186 ) ;
#4780 = ORIENTED_EDGE ( 'NONE', *, *, #4803, .F. ) ;
#4781 = DIRECTION ( 'NONE',  ( -1.000000000000000000, 0.000000000000000000, 0.000000000000000000 ) ) ;
#4782 = VECTOR ( 'NONE', #3553, 1000.000000000000114 ) ;
#4783 = CARTESIAN_POINT ( 'NONE',  ( -2.924999999999000178, -5.099999999999000444, 0.1100000000000000144 ) ) ;
#4784 = CARTESIAN_POINT ( 'NONE',  ( 5.000000000000000000, -5.299999999998999733, 0.1100000000000000144 ) ) ;
#4785 = VECTOR ( 'NONE', #54, 1000.000000000000000 ) ;
#4786 = VECTOR ( 'NONE', #1191, 1000.000000000000000 ) ;
#4787 = DIRECTION ( 'NONE',  ( 0.000000000000000000, -1.000000000000000000, -3.491481338843000432E-15 ) ) ;
#4788 = EDGE_CURVE ( 'NONE', #2467, #4368, #3419, .T. ) ;
#4789 = CARTESIAN_POINT ( 'NONE',  ( 0.000000000000000000, 2.500000000000000000, 2.125642915617999673 ) ) ;
#4790 = ORIENTED_EDGE ( 'NONE', *, *, #2374, .F. ) ;
#4791 = PLANE ( 'NONE',  #237 ) ;
#4792 = ORIENTED_EDGE ( 'NONE', *, *, #671, .T. ) ;
#4793 = EDGE_CURVE ( 'NONE', #286, #910, #1103, .T. ) ;
#4794 = VECTOR ( 'NONE', #4353, 1000.000000000000000 ) ;
#4795 = CARTESIAN_POINT ( 'NONE',  ( 4.999999999998999911, -2.812216340087000166, 0.1100000000000000144 ) ) ;
#4796 = EDGE_CURVE ( 'NONE', #2476, #4417, #3174, .T. ) ;
#4797 = LINE ( 'NONE', #1516, #786 ) ;
#4798 = EDGE_CURVE ( 'NONE', #554, #2066, #4122, .T. ) ;
#4799 = DIRECTION ( 'NONE',  ( -2.710505431212999834E-16, 1.000000000000000000, 0.000000000000000000 ) ) ;
#4800 = DIRECTION ( 'NONE',  ( 1.000000000000000000, 0.000000000000000000, 0.000000000000000000 ) ) ;
#4801 = VECTOR ( 'NONE', #3337, 1000.000000000000000 ) ;
#4802 = ORIENTED_EDGE ( 'NONE', *, *, #4115, .F. ) ;
#4803 = EDGE_CURVE ( 'NONE', #1764, #1766, #1071, .T. ) ;
#4804 = DIRECTION ( 'NONE',  ( 0.000000000000000000, -3.491481338843000432E-15, 1.000000000000000000 ) ) ;
#4805 = CARTESIAN_POINT ( 'NONE',  ( -0.9299999999989999599, 1.718784469735999965, 3.013489949669999834 ) ) ;
#4806 = EDGE_LOOP ( 'NONE', ( #958, #850, #1355, #995, #3706, #2581, #159, #1855, #96, #2841, #3328, #4009, #2471, #1697 ) ) ;
#4807 = CARTESIAN_POINT ( 'NONE',  ( 3.725000000000000089, -4.692505281165000319, 2.635691244187000404 ) ) ;
#4808 = VERTEX_POINT ( 'NONE', #4497 ) ;
#4809 = ORIENTED_EDGE ( 'NONE', *, *, #1360, .F. ) ;
#4810 = ORIENTED_EDGE ( 'NONE', *, *, #288, .T. ) ;
#4811 = DIRECTION ( 'NONE',  ( 0.000000000000000000, -1.000000000000000000, -3.501506313189000431E-15 ) ) ;
#4812 = DIRECTION ( 'NONE',  ( 0.000000000000000000, -0.7071067811865474617, 0.7071067811865474617 ) ) ;
#4813 = PLANE ( 'NONE',  #4400 ) ;
#4814 = ORIENTED_EDGE ( 'NONE', *, *, #2834, .T. ) ;
#4815 = EDGE_LOOP ( 'NONE', ( #1769, #292, #3015, #2627 ) ) ;
#4816 = CARTESIAN_POINT ( 'NONE',  ( -3.725000000000000089, -2.902923579057999692, 4.709999999998999876 ) ) ;
#4817 = DIRECTION ( 'NONE',  ( 1.000000000000000000, 0.000000000000000000, 0.000000000000000000 ) ) ;
#4818 = VERTEX_POINT ( 'NONE', #346 ) ;
#4819 = DIRECTION ( 'NONE',  ( 3.584139413174999637E-17, 3.491481338843000432E-15, -1.000000000000000000 ) ) ;
#4820 = ORIENTED_EDGE ( 'NONE', *, *, #630, .T. ) ;
#4821 = CARTESIAN_POINT ( 'NONE',  ( 0.000000000000000000, 2.500000000000000000, 3.109999999999999876 ) ) ;
#4822 = CARTESIAN_POINT ( 'NONE',  ( 1.570000000000000062, -3.960567877848999885, 3.291985117133000127 ) ) ;
#4823 = LINE ( 'NONE', #374, #1638 ) ;
#4824 = ORIENTED_EDGE ( 'NONE', *, *, #3352, .F. ) ;
#4825 = ADVANCED_FACE ( 'NONE', ( #1175 ), #399, .F. ) ;
#4826 = EDGE_CURVE ( 'NONE', #1798, #4505, #3391, .T. ) ;
#4827 = FACE_OUTER_BOUND ( 'NONE', #4514, .T. ) ;
#4828 = LINE ( 'NONE', #3301, #1240 ) ;
#4829 = ORIENTED_EDGE ( 'NONE', *, *, #2114, .T. ) ;
#4830 = LINE ( 'NONE', #4807, #3951 ) ;
#4831 = EDGE_CURVE ( 'NONE', #3001, #901, #1144, .T. ) ;
#4832 = ORIENTED_EDGE ( 'NONE', *, *, #645, .F. ) ;
#4833 = VECTOR ( 'NONE', #1450, 1000.000000000000000 ) ;
#4834 = LINE ( 'NONE', #2583, #3206 ) ;
#4835 = FACE_OUTER_BOUND ( 'NONE', #1306, .T. ) ;
#4836 = LINE ( 'NONE', #1733, #1810 ) ;
#4837 = EDGE_CURVE ( 'NONE', #2542, #4107, #2637, .T. ) ;
#4838 = DIRECTION ( 'NONE',  ( 5.656706986880000215E-16, -3.491481338843000432E-15, 1.000000000000000000 ) ) ;
#4839 = CARTESIAN_POINT ( 'NONE',  ( 1.891846170922000026, -4.659415119349999301, 5.409999999999000053 ) ) ;
#4840 = ORIENTED_EDGE ( 'NONE', *, *, #1581, .T. ) ;
#4841 = CARTESIAN_POINT ( 'NONE',  ( -3.024999999999999911, 9.300164471903999086, 0.8099999999999999423 ) ) ;
#4842 = ORIENTED_EDGE ( 'NONE', *, *, #496, .F. ) ;
#4843 = CARTESIAN_POINT ( 'NONE',  ( 3.725000000000000089, 2.500000000000000000, 0.1100000000010000339 ) ) ;
#4844 = EDGE_LOOP ( 'NONE', ( #1213, #1180, #1774, #2209, #4528, #2380, #2067, #2785 ) ) ;
#4845 = DIRECTION ( 'NONE',  ( 0.000000000000000000, -0.3420201433253705070, -0.9396926207860170077 ) ) ;
#4846 = LINE ( 'NONE', #1128, #3372 ) ;
#4847 = VERTEX_POINT ( 'NONE', #1844 ) ;
#4848 = LINE ( 'NONE', #1080, #1078 ) ;
#4849 = LINE ( 'NONE', #4452, #3279 ) ;
#4850 = EDGE_LOOP ( 'NONE', ( #679, #1020, #126, #3784 ) ) ;
#4851 = DIRECTION ( 'NONE',  ( 2.710505431212999834E-16, -1.000000000000000000, -3.491481338843000432E-15 ) ) ;
#4852 = ADVANCED_FACE ( 'NONE', ( #3781 ), #1919, .T. ) ;
#4853 = AXIS2_PLACEMENT_3D ( 'NONE', #1399, #4000, #2245 ) ;
#4854 = EDGE_CURVE ( 'NONE', #1185, #4734, #2668, .T. ) ;
#4855 = ORIENTED_EDGE ( 'NONE', *, *, #2411, .T. ) ;
#4856 = ORIENTED_EDGE ( 'NONE', *, *, #3132, .F. ) ;
#4857 = DIRECTION ( 'NONE',  ( 1.000000000000000000, 0.000000000000000000, 0.000000000000000000 ) ) ;
#4858 = VECTOR ( 'NONE', #3397, 1000.000000000000000 ) ;
#4859 = CARTESIAN_POINT ( 'NONE',  ( -3.724999999999000000, -1.568312994765999946, 2.635691244187000404 ) ) ;
ENDSEC;
END-ISO-10303-21;
